target,location,truth_date,year_week,value,data_source
ARI incidence,BE,2026-08-30,2026-W35,354.6,ERVISS
ARI incidence,BE,2026-08-23,2026-W34,197.6,ERVISS
ARI incidence,BE,2026-08-16,2026-W33,235.5,ERVISS
ARI incidence,BE,2026-08-09,2026-W32,210.3,ERVISS
ARI incidence,BE,2026-08-02,2026-W31,188.4,ERVISS
ARI incidence,BE,2026-07-26,2026-W30,213.6,ERVISS
ARI incidence,BE,2026-07-19,2026-W29,250.3,ERVISS
ARI incidence,BE,2026-07-12,2026-W28,196.5,ERVISS
ARI incidence,BE,2026-07-05,2026-W27,384.5,ERVISS
ARI incidence,BE,2026-06-28,2026-W26,280.4,ERVISS
ARI incidence,BE,2026-06-21,2026-W25,425.2,ERVISS
ARI incidence,BE,2026-06-14,2026-W24,381.7,ERVISS
ARI incidence,BE,2026-06-07,2026-W23,485.1,ERVISS
ARI incidence,BE,2026-05-31,2026-W22,391.0,ERVISS
ARI incidence,BE,2026-05-24,2026-W21,506.0,ERVISS
ARI incidence,BE,2026-05-17,2026-W20,393.4,ERVISS
ARI incidence,BE,2026-05-10,2026-W19,547.0,ERVISS
ARI incidence,BE,2026-05-03,2026-W18,467.6,ERVISS
ARI incidence,BE,2026-04-26,2026-W17,525.5,ERVISS
ARI incidence,BE,2026-04-19,2026-W16,691.1,ERVISS
ARI incidence,BE,2026-04-12,2026-W15,616.6,ERVISS
ARI incidence,BE,2026-04-05,2026-W14,754.3,ERVISS
ARI incidence,BE,2026-03-29,2026-W13,757.9,ERVISS
ARI incidence,BE,2026-03-22,2026-W12,756.8,ERVISS
ARI incidence,BE,2026-03-15,2026-W11,668.1,ERVISS
ARI incidence,BE,2026-03-08,2026-W10,717.6,ERVISS
ARI incidence,BE,2026-03-01,2026-W09,646.3,ERVISS
ARI incidence,BE,2026-02-22,2026-W08,716.5,ERVISS
ARI incidence,BE,2026-02-15,2026-W07,850.2,ERVISS
ARI incidence,BE,2026-02-08,2026-W06,967.0,ERVISS
ARI incidence,BE,2026-02-01,2026-W05,1004.3,ERVISS
ARI incidence,BE,2026-01-25,2026-W04,1004.1,ERVISS
ARI incidence,BE,2026-01-18,2026-W03,1025.3,ERVISS
ARI incidence,BE,2026-01-11,2026-W02,1086.0,ERVISS
ARI incidence,BE,2026-01-04,2026-W01,876.1,ERVISS
ARI incidence,BE,2025-12-28,2025-W52,659.4,ERVISS
ARI incidence,BE,2025-12-21,2025-W51,1104.7,ERVISS
ARI incidence,BE,2025-12-14,2025-W50,1259.5,ERVISS
ARI incidence,BE,2025-12-07,2025-W49,1321.7,ERVISS
ARI incidence,BE,2025-11-30,2025-W48,1299.0,ERVISS
ARI incidence,BE,2025-11-23,2025-W47,1090.2,ERVISS
ARI incidence,BE,2025-11-16,2025-W46,843.1,ERVISS
ARI incidence,BE,2025-11-09,2025-W45,797.7,ERVISS
ARI incidence,BE,2025-11-02,2025-W44,885.5,ERVISS
ARI incidence,BE,2025-10-26,2025-W43,1070.7,ERVISS
ARI incidence,BE,2025-10-19,2025-W42,1096.2,ERVISS
ARI incidence,BE,2025-10-12,2025-W41,1216.8,ERVISS
ARI incidence,BE,2025-10-05,2025-W40,1164.8,ERVISS
ARI incidence,BE,2025-09-28,2025-W39,1166.1,ERVISS
ARI incidence,BE,2025-09-21,2025-W38,914.0,ERVISS
ARI incidence,BE,2025-09-14,2025-W37,902.1,ERVISS
ARI incidence,BE,2025-09-07,2025-W36,592.5,ERVISS
ARI incidence,BE,2025-08-31,2025-W35,565.8,ERVISS
ARI incidence,BE,2025-08-24,2025-W34,431.9,ERVISS
ARI incidence,BE,2025-08-17,2025-W33,352.6,ERVISS
ARI incidence,BE,2025-08-10,2025-W32,355.0,ERVISS
ARI incidence,BE,2025-08-03,2025-W31,289.3,ERVISS
ARI incidence,BE,2025-07-27,2025-W30,429.8,ERVISS
ARI incidence,BE,2025-07-20,2025-W29,429.8,ERVISS
ARI incidence,BE,2025-07-13,2025-W28,413.6,ERVISS
ARI incidence,BE,2025-07-06,2025-W27,440.5,ERVISS
ARI incidence,BE,2025-06-29,2025-W26,478.3,ERVISS
ARI incidence,BE,2025-06-22,2025-W25,527.0,ERVISS
ARI incidence,BE,2025-06-15,2025-W24,527.5,ERVISS
ARI incidence,BE,2025-06-08,2025-W23,660.8,ERVISS
ARI incidence,BE,2025-06-01,2025-W22,570.3,ERVISS
ARI incidence,BE,2025-05-25,2025-W21,737.6,ERVISS
ARI incidence,BE,2025-05-18,2025-W20,704.7,ERVISS
ARI incidence,BE,2025-05-11,2025-W19,713.9,ERVISS
ARI incidence,BE,2025-05-04,2025-W18,596.1,ERVISS
ARI incidence,BE,2025-04-27,2025-W17,735.4,ERVISS
ARI incidence,BE,2025-04-20,2025-W16,793.4,ERVISS
ARI incidence,BE,2025-04-13,2025-W15,858.9,ERVISS
ARI incidence,BE,2025-04-06,2025-W14,761.3,ERVISS
ARI incidence,BE,2025-03-30,2025-W13,824.9,ERVISS
ARI incidence,BE,2025-03-23,2025-W12,960.9,ERVISS
ARI incidence,BE,2025-03-16,2025-W11,775.5,ERVISS
ARI incidence,BE,2025-03-09,2025-W10,836.2,ERVISS
ARI incidence,BE,2025-03-02,2025-W09,1153.3,ERVISS
ARI incidence,BE,2025-02-23,2025-W08,1288.9,ERVISS
ARI incidence,BE,2025-02-16,2025-W07,1279.4,ERVISS
ARI incidence,BE,2025-02-09,2025-W06,1380.1,ERVISS
ARI incidence,BE,2025-02-02,2025-W05,1480.8,ERVISS
ARI incidence,BE,2025-01-26,2025-W04,1570.8,ERVISS
ARI incidence,BE,2025-01-19,2025-W03,1472.2,ERVISS
ARI incidence,BE,2025-01-12,2025-W02,1145.9,ERVISS
ARI incidence,BE,2025-01-05,2025-W01,820.3,ERVISS
ARI incidence,BE,2024-12-29,2024-W52,893.3,ERVISS
ARI incidence,BE,2024-12-22,2024-W51,1139.5,ERVISS
ARI incidence,BE,2024-12-15,2024-W50,1486.9,ERVISS
ARI incidence,BE,2024-12-08,2024-W49,1350.1,ERVISS
ARI incidence,BE,2024-12-01,2024-W48,1442.3,ERVISS
ARI incidence,BE,2024-11-24,2024-W47,1199.6,ERVISS
ARI incidence,BE,2024-11-17,2024-W46,933.6,ERVISS
ARI incidence,BE,2024-11-10,2024-W45,1175.4,ERVISS
ARI incidence,BE,2024-11-03,2024-W44,663.9,ERVISS
ARI incidence,BE,2024-10-27,2024-W43,1017.1,ERVISS
ARI incidence,BE,2024-10-20,2024-W42,1230.3,ERVISS
ARI incidence,BE,2024-10-13,2024-W41,1425.2,ERVISS
ARI incidence,BE,2024-10-06,2024-W40,1416.7,ERVISS
ARI incidence,BE,2024-09-29,2024-W39,1257.1,ERVISS
ARI incidence,BE,2024-09-22,2024-W38,1007.7,ERVISS
ARI incidence,BE,2024-09-15,2024-W37,1068.6,ERVISS
ARI incidence,BE,2024-09-08,2024-W36,747.8,ERVISS
ARI incidence,BE,2024-09-01,2024-W35,461.6,ERVISS
ARI incidence,BE,2024-08-25,2024-W34,428.0,ERVISS
ARI incidence,BE,2024-08-18,2024-W33,347.1,ERVISS
ARI incidence,BE,2024-08-11,2024-W32,446.8,ERVISS
ARI incidence,BE,2024-08-04,2024-W31,396.3,ERVISS
ARI incidence,BE,2024-07-28,2024-W30,398.1,ERVISS
ARI incidence,BE,2024-07-21,2024-W29,582.0,ERVISS
ARI incidence,BE,2024-07-14,2024-W28,658.7,ERVISS
ARI incidence,BE,2024-07-07,2024-W27,681.0,ERVISS
ARI incidence,BE,2024-06-30,2024-W26,878.7,ERVISS
ARI incidence,BE,2024-06-23,2024-W25,972.3,ERVISS
ARI incidence,BE,2024-06-16,2024-W24,851.7,ERVISS
ARI incidence,BE,2024-06-09,2024-W23,894.3,ERVISS
ARI incidence,BE,2024-06-02,2024-W22,938.7,ERVISS
ARI incidence,BE,2024-05-26,2024-W21,910.2,ERVISS
ARI incidence,BE,2024-05-19,2024-W20,831.9,ERVISS
ARI incidence,BE,2024-05-12,2024-W19,785.2,ERVISS
ARI incidence,BE,2024-05-05,2024-W18,919.8,ERVISS
ARI incidence,BE,2024-04-28,2024-W17,976.1,ERVISS
ARI incidence,BE,2024-04-21,2024-W16,875.2,ERVISS
ARI incidence,BE,2024-04-14,2024-W15,932.6,ERVISS
ARI incidence,BE,2024-04-07,2024-W14,996.2,ERVISS
ARI incidence,BE,2024-03-31,2024-W13,1220.7,ERVISS
ARI incidence,BE,2024-03-24,2024-W12,1121.6,ERVISS
ARI incidence,BE,2024-03-17,2024-W11,1076.0,ERVISS
ARI incidence,BE,2024-03-10,2024-W10,1229.9,ERVISS
ARI incidence,BE,2024-03-03,2024-W09,1184.4,ERVISS
ARI incidence,BE,2024-02-25,2024-W08,1572.9,ERVISS
ARI incidence,BE,2024-02-18,2024-W07,1394.2,ERVISS
ARI incidence,BE,2024-02-11,2024-W06,1678.6,ERVISS
ARI incidence,BE,2024-02-04,2024-W05,2074.6,ERVISS
ARI incidence,BE,2024-01-28,2024-W04,1857.8,ERVISS
ARI incidence,BE,2024-01-21,2024-W03,1484.8,ERVISS
ARI incidence,BE,2024-01-14,2024-W02,1346.7,ERVISS
ARI incidence,BE,2024-01-07,2024-W01,1239.1,ERVISS
ARI incidence,BE,2023-12-31,2023-W52,1532.6,ERVISS
ARI incidence,BE,2023-12-24,2023-W51,1817.4,ERVISS
ARI incidence,BE,2023-12-17,2023-W50,1727.7,ERVISS
ARI incidence,BE,2023-12-10,2023-W49,1760.3,ERVISS
ARI incidence,BE,2023-12-03,2023-W48,1583.7,ERVISS
ARI incidence,BE,2023-11-26,2023-W47,1373.1,ERVISS
ARI incidence,BE,2023-11-19,2023-W46,1283.4,ERVISS
ARI incidence,BE,2023-11-12,2023-W45,1597.0,ERVISS
ARI incidence,BE,2023-11-05,2023-W44,1017.1,ERVISS
ARI incidence,BE,2023-10-29,2023-W43,1153.3,ERVISS
ARI incidence,BE,2023-10-22,2023-W42,1360.1,ERVISS
ARI incidence,BE,2023-10-15,2023-W41,1218.1,ERVISS
ARI incidence,BE,2023-10-08,2023-W40,1294.0,ERVISS
ARI incidence,BE,2023-10-01,2023-W39,1271.2,ERVISS
ARI incidence,BE,2023-09-24,2023-W38,1039.5,ERVISS
ARI incidence,BE,2023-09-17,2023-W37,823.5,ERVISS
ARI incidence,BE,2023-09-10,2023-W36,844.8,ERVISS
ARI incidence,BE,2023-09-03,2023-W35,678.2,ERVISS
ARI incidence,BE,2023-08-27,2023-W34,548.7,ERVISS
ARI incidence,BE,2023-08-20,2023-W33,472.3,ERVISS
ARI incidence,BE,2023-08-13,2023-W32,518.9,ERVISS
ARI incidence,BE,2023-08-06,2023-W31,556.0,ERVISS
ARI incidence,BE,2023-07-30,2023-W30,527.0,ERVISS
ARI incidence,BE,2023-07-23,2023-W29,450.8,ERVISS
ARI incidence,BE,2023-07-16,2023-W28,571.0,ERVISS
ARI incidence,BE,2023-07-09,2023-W27,536.8,ERVISS
ARI incidence,BE,2023-07-02,2023-W26,593.5,ERVISS
ARI incidence,BE,2023-06-25,2023-W25,558.4,ERVISS
ARI incidence,BE,2023-06-18,2023-W24,641.7,ERVISS
ARI incidence,BE,2023-06-11,2023-W23,756.1,ERVISS
ARI incidence,BE,2023-06-04,2023-W22,613.7,ERVISS
ARI incidence,BE,2023-05-28,2023-W21,936.8,ERVISS
ARI incidence,BE,2023-05-21,2023-W20,721.7,ERVISS
ARI incidence,BE,2023-05-14,2023-W19,847.3,ERVISS
ARI incidence,BE,2023-05-07,2023-W18,751.7,ERVISS
ARI incidence,BE,2023-04-30,2023-W17,790.9,ERVISS
ARI incidence,BE,2023-04-23,2023-W16,1010.4,ERVISS
ARI incidence,BE,2023-04-16,2023-W15,750.7,ERVISS
ARI incidence,BE,2023-04-09,2023-W14,790.2,ERVISS
ARI incidence,BE,2023-04-02,2023-W13,1115.3,ERVISS
ARI incidence,BE,2023-03-26,2023-W12,1243.8,ERVISS
ARI incidence,BE,2023-03-19,2023-W11,1756.5,ERVISS
ARI incidence,BE,2023-03-12,2023-W10,1528.4,ERVISS
ARI incidence,BE,2023-03-05,2023-W09,1639.4,ERVISS
ARI incidence,BE,2023-02-26,2023-W08,1295.6,ERVISS
ARI incidence,BE,2023-02-19,2023-W07,1611.2,ERVISS
ARI incidence,BE,2023-02-12,2023-W06,1504.0,ERVISS
ARI incidence,BE,2023-02-05,2023-W05,1528.1,ERVISS
ARI incidence,BE,2023-01-29,2023-W04,1443.6,ERVISS
ARI incidence,BE,2023-01-22,2023-W03,1329.6,ERVISS
ARI incidence,BE,2023-01-15,2023-W02,1457.6,ERVISS
ARI incidence,BE,2023-01-08,2023-W01,1559.9,ERVISS
ARI incidence,BE,2023-01-01,2022-W52,2031.7,ERVISS
ARI incidence,BE,2022-12-25,2022-W51,2188.3,ERVISS
ARI incidence,BE,2022-12-18,2022-W50,2370.5,ERVISS
ARI incidence,BE,2022-12-11,2022-W49,2297.0,ERVISS
ARI incidence,BE,2022-12-04,2022-W48,1900.4,ERVISS
ARI incidence,BE,2022-11-27,2022-W47,1902.9,ERVISS
ARI incidence,BE,2022-11-20,2022-W46,1284.8,ERVISS
ARI incidence,BE,2022-11-13,2022-W45,1048.1,ERVISS
ARI incidence,BE,2022-11-06,2022-W44,922.4,ERVISS
ARI incidence,BE,2022-10-30,2022-W43,1088.1,ERVISS
ARI incidence,BE,2022-10-23,2022-W42,1306.5,ERVISS
ARI incidence,BE,2022-10-16,2022-W41,1332.5,ERVISS
ARI incidence,BE,2022-10-09,2022-W40,1246.7,ERVISS
ARI incidence,BE,2022-10-02,2022-W39,1271.8,ERVISS
ARI incidence,BE,2022-09-25,2022-W38,1300.4,ERVISS
ARI incidence,BE,2022-09-18,2022-W37,1006.4,ERVISS
ARI incidence,BE,2022-09-11,2022-W36,434.4,ERVISS
ARI incidence,BE,2022-09-04,2022-W35,555.3,ERVISS
ARI incidence,BE,2022-08-28,2022-W34,431.5,ERVISS
ARI incidence,BE,2022-08-21,2022-W33,375.7,ERVISS
ARI incidence,BE,2022-08-14,2022-W32,426.8,ERVISS
ARI incidence,BE,2022-08-07,2022-W31,393.5,ERVISS
ARI incidence,BE,2022-07-31,2022-W30,576.5,ERVISS
ARI incidence,BE,2022-07-24,2022-W29,489.0,ERVISS
ARI incidence,BE,2022-07-17,2022-W28,925.1,ERVISS
ARI incidence,BE,2022-07-10,2022-W27,1120.3,ERVISS
ARI incidence,BE,2022-07-03,2022-W26,890.5,ERVISS
ARI incidence,BE,2022-06-26,2022-W25,873.6,ERVISS
ARI incidence,BG,2026-08-30,2026-W35,193.4,ERVISS
ARI incidence,BG,2026-08-23,2026-W34,179.6,ERVISS
ARI incidence,BG,2026-08-16,2026-W33,178.8,ERVISS
ARI incidence,BG,2026-08-09,2026-W32,177.6,ERVISS
ARI incidence,BG,2026-08-02,2026-W31,175.6,ERVISS
ARI incidence,BG,2026-07-26,2026-W30,195.5,ERVISS
ARI incidence,BG,2026-07-19,2026-W29,199.8,ERVISS
ARI incidence,BG,2026-07-12,2026-W28,211.5,ERVISS
ARI incidence,BG,2026-07-05,2026-W27,226.8,ERVISS
ARI incidence,BG,2026-06-28,2026-W26,291.7,ERVISS
ARI incidence,BG,2026-06-21,2026-W25,269.6,ERVISS
ARI incidence,BG,2026-06-14,2026-W24,301.2,ERVISS
ARI incidence,BG,2026-06-07,2026-W23,319.6,ERVISS
ARI incidence,BG,2026-05-31,2026-W22,333.0,ERVISS
ARI incidence,BG,2026-05-24,2026-W21,418.5,ERVISS
ARI incidence,BG,2026-05-17,2026-W20,392.1,ERVISS
ARI incidence,BG,2026-05-10,2026-W19,445.2,ERVISS
ARI incidence,BG,2026-05-03,2026-W18,465.1,ERVISS
ARI incidence,BG,2026-04-26,2026-W17,472.8,ERVISS
ARI incidence,BG,2026-04-19,2026-W16,446.1,ERVISS
ARI incidence,BG,2026-04-12,2026-W15,398.1,ERVISS
ARI incidence,BG,2026-04-05,2026-W14,776.3,ERVISS
ARI incidence,BG,2026-03-29,2026-W13,865.7,ERVISS
ARI incidence,BG,2026-03-22,2026-W12,878.7,ERVISS
ARI incidence,BG,2026-03-15,2026-W11,881.3,ERVISS
ARI incidence,BG,2026-03-08,2026-W10,756.8,ERVISS
ARI incidence,BG,2026-03-01,2026-W09,986.2,ERVISS
ARI incidence,BG,2026-02-22,2026-W08,1023.8,ERVISS
ARI incidence,BG,2026-02-15,2026-W07,1063.8,ERVISS
ARI incidence,BG,2026-02-08,2026-W06,1084.5,ERVISS
ARI incidence,BG,2026-02-01,2026-W05,1473.9,ERVISS
ARI incidence,BG,2026-01-25,2026-W04,1494.6,ERVISS
ARI incidence,BG,2026-01-18,2026-W03,1452.9,ERVISS
ARI incidence,BG,2026-01-11,2026-W02,1331.7,ERVISS
ARI incidence,BG,2026-01-04,2026-W01,661.4,ERVISS
ARI incidence,BG,2025-12-28,2025-W52,594.1,ERVISS
ARI incidence,BG,2025-12-21,2025-W51,1126.6,ERVISS
ARI incidence,BG,2025-12-14,2025-W50,1027.6,ERVISS
ARI incidence,BG,2025-12-07,2025-W49,979.3,ERVISS
ARI incidence,BG,2025-11-30,2025-W48,922.0,ERVISS
ARI incidence,BG,2025-11-23,2025-W47,890.1,ERVISS
ARI incidence,BG,2025-11-16,2025-W46,796.3,ERVISS
ARI incidence,BG,2025-11-09,2025-W45,838.1,ERVISS
ARI incidence,BG,2025-11-02,2025-W44,551.6,ERVISS
ARI incidence,BG,2025-10-26,2025-W43,636.5,ERVISS
ARI incidence,BG,2025-10-19,2025-W42,647.1,ERVISS
ARI incidence,BG,2025-10-12,2025-W41,582.6,ERVISS
ARI incidence,BG,2025-10-05,2025-W40,504.1,ERVISS
ARI incidence,BG,2025-09-28,2025-W39,426.9,ERVISS
ARI incidence,BG,2025-09-21,2025-W38,330.4,ERVISS
ARI incidence,BG,2025-09-14,2025-W37,269.5,ERVISS
ARI incidence,BG,2025-09-07,2025-W36,274.7,ERVISS
ARI incidence,BG,2025-08-31,2025-W35,264.0,ERVISS
ARI incidence,BG,2025-08-24,2025-W34,269.2,ERVISS
ARI incidence,BG,2025-08-17,2025-W33,237.5,ERVISS
ARI incidence,BG,2025-08-10,2025-W32,250.1,ERVISS
ARI incidence,BG,2025-08-03,2025-W31,239.5,ERVISS
ARI incidence,BG,2025-07-27,2025-W30,264.3,ERVISS
ARI incidence,BG,2025-07-20,2025-W29,253.6,ERVISS
ARI incidence,BG,2025-07-13,2025-W28,275.3,ERVISS
ARI incidence,BG,2025-07-06,2025-W27,242.4,ERVISS
ARI incidence,BG,2025-06-29,2025-W26,322.6,ERVISS
ARI incidence,BG,2025-06-22,2025-W25,326.1,ERVISS
ARI incidence,BG,2025-06-15,2025-W24,328.0,ERVISS
ARI incidence,BG,2025-06-08,2025-W23,359.0,ERVISS
ARI incidence,BG,2025-06-01,2025-W22,382.6,ERVISS
ARI incidence,BG,2025-05-25,2025-W21,412.6,ERVISS
ARI incidence,BG,2025-05-18,2025-W20,461.7,ERVISS
ARI incidence,BG,2025-05-11,2025-W19,418.4,ERVISS
ARI incidence,BG,2025-05-04,2025-W18,452.7,ERVISS
ARI incidence,BG,2025-04-27,2025-W17,492.0,ERVISS
ARI incidence,BG,2025-04-20,2025-W16,477.0,ERVISS
ARI incidence,BG,2025-04-13,2025-W15,589.2,ERVISS
ARI incidence,BG,2025-04-06,2025-W14,556.6,ERVISS
ARI incidence,BG,2025-03-30,2025-W13,765.1,ERVISS
ARI incidence,BG,2025-03-23,2025-W12,831.7,ERVISS
ARI incidence,BG,2025-03-16,2025-W11,953.2,ERVISS
ARI incidence,BG,2025-03-09,2025-W10,874.4,ERVISS
ARI incidence,BG,2025-03-02,2025-W09,1125.9,ERVISS
ARI incidence,BG,2025-02-23,2025-W08,1167.2,ERVISS
ARI incidence,BG,2025-02-16,2025-W07,1185.6,ERVISS
ARI incidence,BG,2025-02-09,2025-W06,1339.0,ERVISS
ARI incidence,BG,2025-02-02,2025-W05,1774.8,ERVISS
ARI incidence,BG,2025-01-26,2025-W04,1910.1,ERVISS
ARI incidence,BG,2025-01-19,2025-W03,1558.5,ERVISS
ARI incidence,BG,2025-01-12,2025-W02,1187.3,ERVISS
ARI incidence,BG,2025-01-05,2025-W01,773.2,ERVISS
ARI incidence,BG,2024-12-29,2024-W52,455.4,ERVISS
ARI incidence,BG,2024-12-22,2024-W51,1036.8,ERVISS
ARI incidence,BG,2024-12-15,2024-W50,1016.6,ERVISS
ARI incidence,BG,2024-12-08,2024-W49,974.2,ERVISS
ARI incidence,BG,2024-12-01,2024-W48,962.1,ERVISS
ARI incidence,BG,2024-11-24,2024-W47,1011.8,ERVISS
ARI incidence,BG,2024-11-17,2024-W46,988.0,ERVISS
ARI incidence,BG,2024-11-10,2024-W45,956.9,ERVISS
ARI incidence,BG,2024-11-03,2024-W44,585.9,ERVISS
ARI incidence,BG,2024-10-27,2024-W43,651.7,ERVISS
ARI incidence,BG,2024-10-20,2024-W42,659.6,ERVISS
ARI incidence,BG,2024-10-13,2024-W41,656.9,ERVISS
ARI incidence,BG,2024-10-06,2024-W40,644.8,ERVISS
ARI incidence,BG,2024-09-29,2024-W39,524.3,ERVISS
ARI incidence,BG,2024-09-22,2024-W38,436.5,ERVISS
ARI incidence,BG,2024-09-15,2024-W37,389.0,ERVISS
ARI incidence,BG,2024-09-08,2024-W36,313.8,ERVISS
ARI incidence,BG,2024-09-01,2024-W35,363.7,ERVISS
ARI incidence,BG,2024-08-25,2024-W34,366.5,ERVISS
ARI incidence,BG,2024-08-18,2024-W33,334.9,ERVISS
ARI incidence,BG,2024-08-11,2024-W32,320.6,ERVISS
ARI incidence,BG,2024-08-04,2024-W31,315.4,ERVISS
ARI incidence,BG,2024-07-28,2024-W30,308.5,ERVISS
ARI incidence,BG,2024-07-21,2024-W29,317.1,ERVISS
ARI incidence,BG,2024-07-14,2024-W28,322.5,ERVISS
ARI incidence,BG,2024-07-07,2024-W27,348.1,ERVISS
ARI incidence,BG,2024-06-30,2024-W26,360.1,ERVISS
ARI incidence,BG,2024-06-23,2024-W25,368.4,ERVISS
ARI incidence,BG,2024-06-16,2024-W24,354.4,ERVISS
ARI incidence,BG,2024-06-09,2024-W23,450.2,ERVISS
ARI incidence,BG,2024-06-02,2024-W22,501.2,ERVISS
ARI incidence,BG,2024-05-19,2024-W20,566.9,ERVISS
ARI incidence,BG,2024-05-12,2024-W19,511.7,ERVISS
ARI incidence,BG,2024-05-05,2024-W18,395.3,ERVISS
ARI incidence,BG,2024-04-28,2024-W17,630.5,ERVISS
ARI incidence,BG,2024-04-21,2024-W16,586.1,ERVISS
ARI incidence,BG,2024-04-14,2024-W15,574.8,ERVISS
ARI incidence,BG,2024-03-31,2024-W13,757.2,ERVISS
ARI incidence,BG,2024-03-24,2024-W12,863.8,ERVISS
ARI incidence,BG,2024-03-17,2024-W11,906.4,ERVISS
ARI incidence,BG,2024-03-10,2024-W10,724.8,ERVISS
ARI incidence,BG,2024-03-03,2024-W09,909.7,ERVISS
ARI incidence,BG,2024-02-25,2024-W08,989.3,ERVISS
ARI incidence,BG,2024-02-18,2024-W07,1141.7,ERVISS
ARI incidence,BG,2024-02-11,2024-W06,1322.2,ERVISS
ARI incidence,BG,2024-02-04,2024-W05,1771.5,ERVISS
ARI incidence,BG,2024-01-28,2024-W04,1972.0,ERVISS
ARI incidence,BG,2024-01-21,2024-W03,1593.8,ERVISS
ARI incidence,BG,2024-01-14,2024-W02,1488.9,ERVISS
ARI incidence,BG,2024-01-07,2024-W01,1178.5,ERVISS
ARI incidence,BG,2023-12-31,2023-W52,498.2,ERVISS
ARI incidence,BG,2023-12-24,2023-W51,1033.2,ERVISS
ARI incidence,BG,2023-12-17,2023-W50,1212.9,ERVISS
ARI incidence,BG,2023-12-10,2023-W49,1030.0,ERVISS
ARI incidence,BG,2023-12-03,2023-W48,996.8,ERVISS
ARI incidence,BG,2023-11-26,2023-W47,1011.8,ERVISS
ARI incidence,BG,2023-11-19,2023-W46,874.1,ERVISS
ARI incidence,BG,2023-11-12,2023-W45,852.4,ERVISS
ARI incidence,BG,2023-11-05,2023-W44,748.1,ERVISS
ARI incidence,BG,2023-10-29,2023-W43,581.4,ERVISS
ARI incidence,BG,2023-10-22,2023-W42,625.5,ERVISS
ARI incidence,BG,2023-10-15,2023-W41,632.2,ERVISS
ARI incidence,BG,2023-10-08,2023-W40,512.9,ERVISS
ARI incidence,BG,2023-10-01,2023-W39,429.4,ERVISS
ARI incidence,BG,2023-09-24,2023-W38,310.5,ERVISS
ARI incidence,BG,2023-09-17,2023-W37,252.9,ERVISS
ARI incidence,BG,2023-09-10,2023-W36,219.9,ERVISS
ARI incidence,BG,2023-09-03,2023-W35,215.7,ERVISS
ARI incidence,BG,2023-08-27,2023-W34,210.6,ERVISS
ARI incidence,BG,2023-08-20,2023-W33,204.4,ERVISS
ARI incidence,BG,2023-08-13,2023-W32,197.2,ERVISS
ARI incidence,BG,2023-08-06,2023-W31,187.5,ERVISS
ARI incidence,BG,2023-07-30,2023-W30,169.0,ERVISS
ARI incidence,BG,2023-07-23,2023-W29,191.5,ERVISS
ARI incidence,BG,2023-07-16,2023-W28,208.2,ERVISS
ARI incidence,BG,2023-07-09,2023-W27,234.4,ERVISS
ARI incidence,BG,2023-07-02,2023-W26,274.9,ERVISS
ARI incidence,BG,2023-06-25,2023-W25,293.6,ERVISS
ARI incidence,BG,2023-06-18,2023-W24,311.6,ERVISS
ARI incidence,BG,2023-06-11,2023-W23,376.9,ERVISS
ARI incidence,BG,2023-06-04,2023-W22,349.3,ERVISS
ARI incidence,BG,2023-05-28,2023-W21,470.8,ERVISS
ARI incidence,BG,2023-05-21,2023-W20,437.9,ERVISS
ARI incidence,BG,2023-05-14,2023-W19,421.7,ERVISS
ARI incidence,BG,2023-05-07,2023-W18,461.1,ERVISS
ARI incidence,BG,2023-04-30,2023-W17,509.8,ERVISS
ARI incidence,BG,2023-04-23,2023-W16,498.3,ERVISS
ARI incidence,BG,2023-04-16,2023-W15,463.2,ERVISS
ARI incidence,BG,2023-04-09,2023-W14,552.8,ERVISS
ARI incidence,BG,2023-04-02,2023-W13,934.5,ERVISS
ARI incidence,BG,2023-03-26,2023-W12,1005.6,ERVISS
ARI incidence,BG,2023-03-19,2023-W11,1044.4,ERVISS
ARI incidence,BG,2023-03-12,2023-W10,1101.5,ERVISS
ARI incidence,BG,2023-03-05,2023-W09,969.9,ERVISS
ARI incidence,BG,2023-02-19,2023-W07,1288.1,ERVISS
ARI incidence,BG,2023-02-12,2023-W06,1309.0,ERVISS
ARI incidence,BG,2023-02-05,2023-W05,1324.0,ERVISS
ARI incidence,BG,2023-01-29,2023-W04,1634.2,ERVISS
ARI incidence,BG,2023-01-22,2023-W03,1994.5,ERVISS
ARI incidence,BG,2023-01-15,2023-W02,1870.4,ERVISS
ARI incidence,BG,2023-01-08,2023-W01,1244.4,ERVISS
ARI incidence,BG,2023-01-01,2022-W52,533.2,ERVISS
ARI incidence,BG,2022-12-25,2022-W51,954.1,ERVISS
ARI incidence,BG,2022-12-18,2022-W50,1209.3,ERVISS
ARI incidence,BG,2022-12-11,2022-W49,1171.0,ERVISS
ARI incidence,BG,2022-12-04,2022-W48,1172.6,ERVISS
ARI incidence,BG,2022-11-27,2022-W47,1187.1,ERVISS
ARI incidence,BG,2022-11-20,2022-W46,1118.2,ERVISS
ARI incidence,BG,2022-11-13,2022-W45,988.5,ERVISS
ARI incidence,BG,2022-11-06,2022-W44,794.6,ERVISS
ARI incidence,BG,2022-10-30,2022-W43,511.3,ERVISS
ARI incidence,BG,2022-10-23,2022-W42,592.4,ERVISS
ARI incidence,BG,2022-10-16,2022-W41,580.6,ERVISS
ARI incidence,BG,2022-10-09,2022-W40,540.5,ERVISS
ARI incidence,BG,2022-10-02,2022-W39,495.2,ERVISS
ARI incidence,BG,2022-09-25,2022-W38,298.8,ERVISS
ARI incidence,BG,2022-09-18,2022-W37,344.1,ERVISS
ARI incidence,BG,2022-09-11,2022-W36,268.8,ERVISS
ARI incidence,BG,2022-09-04,2022-W35,272.3,ERVISS
ARI incidence,BG,2022-08-28,2022-W34,269.7,ERVISS
ARI incidence,BG,2022-08-21,2022-W33,286.7,ERVISS
ARI incidence,BG,2022-08-14,2022-W32,298.0,ERVISS
ARI incidence,BG,2022-08-07,2022-W31,315.4,ERVISS
ARI incidence,BG,2022-07-31,2022-W30,328.6,ERVISS
ARI incidence,BG,2022-07-24,2022-W29,300.9,ERVISS
ARI incidence,BG,2022-07-17,2022-W28,296.0,ERVISS
ARI incidence,BG,2022-07-10,2022-W27,327.8,ERVISS
ARI incidence,BG,2022-07-03,2022-W26,285.7,ERVISS
ARI incidence,BG,2022-06-26,2022-W25,288.8,ERVISS
ARI incidence,CY,2026-08-30,2026-W35,4200.0,ERVISS
ARI incidence,CY,2026-08-23,2026-W34,6300.0,ERVISS
ARI incidence,CY,2026-08-16,2026-W33,5000.0,ERVISS
ARI incidence,CY,2026-08-09,2026-W32,4600.0,ERVISS
ARI incidence,CY,2026-08-02,2026-W31,8300.0,ERVISS
ARI incidence,CY,2026-07-26,2026-W30,8400.0,ERVISS
ARI incidence,CY,2026-07-19,2026-W29,3800.0,ERVISS
ARI incidence,CY,2026-07-12,2026-W28,2500.0,ERVISS
ARI incidence,CY,2026-07-05,2026-W27,3700.0,ERVISS
ARI incidence,CY,2026-06-28,2026-W26,3500.0,ERVISS
ARI incidence,CY,2026-06-21,2026-W25,3100.0,ERVISS
ARI incidence,CY,2026-06-14,2026-W24,4100.0,ERVISS
ARI incidence,CY,2026-06-07,2026-W23,4600.0,ERVISS
ARI incidence,CY,2026-05-31,2026-W22,5700.0,ERVISS
ARI incidence,CY,2026-05-24,2026-W21,5600.0,ERVISS
ARI incidence,CY,2026-05-17,2026-W20,6200.0,ERVISS
ARI incidence,CY,2026-05-10,2026-W19,5600.0,ERVISS
ARI incidence,CY,2026-05-03,2026-W18,5700.0,ERVISS
ARI incidence,CY,2026-04-26,2026-W17,9600.0,ERVISS
ARI incidence,CY,2026-04-19,2026-W16,13700.0,ERVISS
ARI incidence,CY,2026-04-12,2026-W15,17000.0,ERVISS
ARI incidence,CY,2026-04-05,2026-W14,13600.0,ERVISS
ARI incidence,CY,2026-03-29,2026-W13,10100.0,ERVISS
ARI incidence,CY,2026-03-22,2026-W12,15100.0,ERVISS
ARI incidence,CY,2026-03-15,2026-W11,14900.0,ERVISS
ARI incidence,CY,2026-03-08,2026-W10,15500.0,ERVISS
ARI incidence,CY,2026-03-01,2026-W09,17500.0,ERVISS
ARI incidence,CY,2026-02-22,2026-W08,18200.0,ERVISS
ARI incidence,CY,2026-02-15,2026-W07,19000.0,ERVISS
ARI incidence,CY,2026-02-08,2026-W06,22200.0,ERVISS
ARI incidence,CY,2026-02-01,2026-W05,27900.0,ERVISS
ARI incidence,CY,2026-01-25,2026-W04,25300.0,ERVISS
ARI incidence,CY,2026-01-18,2026-W03,20700.0,ERVISS
ARI incidence,CY,2026-01-11,2026-W02,21800.0,ERVISS
ARI incidence,CY,2026-01-04,2026-W01,28000.0,ERVISS
ARI incidence,CY,2025-12-28,2025-W52,35900.0,ERVISS
ARI incidence,CY,2025-12-21,2025-W51,18800.0,ERVISS
ARI incidence,CY,2025-12-14,2025-W50,16900.0,ERVISS
ARI incidence,CY,2025-12-07,2025-W49,13900.0,ERVISS
ARI incidence,CY,2025-11-30,2025-W48,13500.0,ERVISS
ARI incidence,CY,2025-11-23,2025-W47,11500.0,ERVISS
ARI incidence,CY,2025-11-16,2025-W46,10000.0,ERVISS
ARI incidence,CY,2025-11-09,2025-W45,8900.0,ERVISS
ARI incidence,CY,2025-11-02,2025-W44,10300.0,ERVISS
ARI incidence,CY,2025-10-26,2025-W43,9300.0,ERVISS
ARI incidence,CY,2025-10-19,2025-W42,12300.0,ERVISS
ARI incidence,CY,2025-10-12,2025-W41,12800.0,ERVISS
ARI incidence,CY,2025-10-05,2025-W40,14600.0,ERVISS
ARI incidence,CY,2025-09-28,2025-W39,16000.0,ERVISS
ARI incidence,CY,2025-09-21,2025-W38,11500.0,ERVISS
ARI incidence,CY,2025-09-14,2025-W37,9600.0,ERVISS
ARI incidence,CY,2025-09-07,2025-W36,7900.0,ERVISS
ARI incidence,CY,2025-08-31,2025-W35,7500.0,ERVISS
ARI incidence,CY,2025-08-24,2025-W34,10700.0,ERVISS
ARI incidence,CY,2025-08-17,2025-W33,18600.0,ERVISS
ARI incidence,CY,2025-08-10,2025-W32,12500.0,ERVISS
ARI incidence,CY,2025-08-03,2025-W31,12100.0,ERVISS
ARI incidence,CY,2025-07-27,2025-W30,11500.0,ERVISS
ARI incidence,CY,2025-07-20,2025-W29,12100.0,ERVISS
ARI incidence,CY,2025-07-13,2025-W28,11400.0,ERVISS
ARI incidence,CY,2025-07-06,2025-W27,10400.0,ERVISS
ARI incidence,CY,2025-06-29,2025-W26,11300.0,ERVISS
ARI incidence,CY,2025-06-22,2025-W25,9700.0,ERVISS
ARI incidence,CY,2025-06-15,2025-W24,10400.0,ERVISS
ARI incidence,CY,2025-06-08,2025-W23,11000.0,ERVISS
ARI incidence,CY,2025-06-01,2025-W22,10100.0,ERVISS
ARI incidence,CY,2025-05-25,2025-W21,10700.0,ERVISS
ARI incidence,CY,2025-05-18,2025-W20,10300.0,ERVISS
ARI incidence,CY,2025-05-11,2025-W19,9600.0,ERVISS
ARI incidence,CY,2025-05-04,2025-W18,11500.0,ERVISS
ARI incidence,CY,2025-04-27,2025-W17,13800.0,ERVISS
ARI incidence,CY,2025-04-20,2025-W16,15500.0,ERVISS
ARI incidence,CY,2025-04-13,2025-W15,13200.0,ERVISS
ARI incidence,CY,2025-04-06,2025-W14,16000.0,ERVISS
ARI incidence,CY,2025-03-30,2025-W13,20300.0,ERVISS
ARI incidence,CY,2025-03-23,2025-W12,18800.0,ERVISS
ARI incidence,CY,2025-03-16,2025-W11,20700.0,ERVISS
ARI incidence,CY,2025-03-09,2025-W10,21800.0,ERVISS
ARI incidence,CY,2025-03-02,2025-W09,25100.0,ERVISS
ARI incidence,CY,2025-02-23,2025-W08,23900.0,ERVISS
ARI incidence,CY,2025-02-16,2025-W07,20300.0,ERVISS
ARI incidence,CY,2025-02-09,2025-W06,21600.0,ERVISS
ARI incidence,CY,2025-02-02,2025-W05,21600.0,ERVISS
ARI incidence,CY,2025-01-26,2025-W04,20600.0,ERVISS
ARI incidence,CY,2025-01-19,2025-W03,21100.0,ERVISS
ARI incidence,CY,2025-01-12,2025-W02,28600.0,ERVISS
ARI incidence,CY,2025-01-05,2025-W01,31600.0,ERVISS
ARI incidence,CY,2024-12-29,2024-W52,44700.0,ERVISS
ARI incidence,CY,2024-12-22,2024-W51,26600.0,ERVISS
ARI incidence,CY,2024-12-15,2024-W50,23000.0,ERVISS
ARI incidence,CY,2024-12-08,2024-W49,10500.0,ERVISS
ARI incidence,CY,2024-12-01,2024-W48,10100.0,ERVISS
ARI incidence,CY,2024-11-24,2024-W47,15100.0,ERVISS
ARI incidence,CY,2024-11-17,2024-W46,13200.0,ERVISS
ARI incidence,CY,2024-11-10,2024-W45,14000.0,ERVISS
ARI incidence,CY,2024-11-03,2024-W44,16000.0,ERVISS
ARI incidence,CY,2024-10-27,2024-W43,12300.0,ERVISS
ARI incidence,CY,2024-10-20,2024-W42,11300.0,ERVISS
ARI incidence,CY,2024-10-13,2024-W41,12700.0,ERVISS
ARI incidence,CY,2024-10-06,2024-W40,14600.0,ERVISS
ARI incidence,CY,2024-09-29,2024-W39,14200.0,ERVISS
ARI incidence,CY,2024-09-22,2024-W38,14800.0,ERVISS
ARI incidence,CY,2024-09-15,2024-W37,10200.0,ERVISS
ARI incidence,CY,2024-09-08,2024-W36,8300.0,ERVISS
ARI incidence,CY,2024-09-01,2024-W35,8100.0,ERVISS
ARI incidence,CY,2024-08-25,2024-W34,11200.0,ERVISS
ARI incidence,CY,2024-08-18,2024-W33,20200.0,ERVISS
ARI incidence,CY,2024-08-11,2024-W32,11200.0,ERVISS
ARI incidence,CY,2024-08-04,2024-W31,13100.0,ERVISS
ARI incidence,CY,2024-07-28,2024-W30,17500.0,ERVISS
ARI incidence,CY,2024-07-21,2024-W29,14700.0,ERVISS
ARI incidence,CY,2024-07-14,2024-W28,15800.0,ERVISS
ARI incidence,CY,2024-07-07,2024-W27,13100.0,ERVISS
ARI incidence,CY,2024-06-30,2024-W26,9300.0,ERVISS
ARI incidence,CY,2024-06-23,2024-W25,11200.0,ERVISS
ARI incidence,CY,2024-06-16,2024-W24,10700.0,ERVISS
ARI incidence,CY,2024-06-09,2024-W23,10100.0,ERVISS
ARI incidence,CY,2024-06-02,2024-W22,10500.0,ERVISS
ARI incidence,CY,2024-05-26,2024-W21,9300.0,ERVISS
ARI incidence,CY,2024-05-19,2024-W20,9600.0,ERVISS
ARI incidence,CY,2024-05-12,2024-W19,11100.0,ERVISS
ARI incidence,CY,2024-05-05,2024-W18,14100.0,ERVISS
ARI incidence,CY,2024-04-28,2024-W17,13100.0,ERVISS
ARI incidence,CY,2024-04-21,2024-W16,12800.0,ERVISS
ARI incidence,CY,2024-04-14,2024-W15,12400.0,ERVISS
ARI incidence,CY,2024-04-07,2024-W14,14200.0,ERVISS
ARI incidence,CY,2024-03-31,2024-W13,16300.0,ERVISS
ARI incidence,CY,2024-03-24,2024-W12,15800.0,ERVISS
ARI incidence,CY,2024-03-17,2024-W11,15300.0,ERVISS
ARI incidence,CY,2024-03-10,2024-W10,15100.0,ERVISS
ARI incidence,CY,2024-03-03,2024-W09,16400.0,ERVISS
ARI incidence,CY,2024-02-25,2024-W08,16800.0,ERVISS
ARI incidence,CY,2024-02-18,2024-W07,17900.0,ERVISS
ARI incidence,CY,2024-02-11,2024-W06,17600.0,ERVISS
ARI incidence,CY,2024-02-04,2024-W05,18800.0,ERVISS
ARI incidence,CY,2024-01-28,2024-W04,16100.000000000002,ERVISS
ARI incidence,CY,2024-01-21,2024-W03,19500.0,ERVISS
ARI incidence,CY,2024-01-14,2024-W02,19200.0,ERVISS
ARI incidence,CY,2024-01-07,2024-W01,22500.0,ERVISS
ARI incidence,CZ,2026-05-17,2026-W20,621.2,ERVISS
ARI incidence,CZ,2026-05-10,2026-W19,660.0,ERVISS
ARI incidence,CZ,2026-05-03,2026-W18,825.3,ERVISS
ARI incidence,CZ,2026-04-26,2026-W17,835.2,ERVISS
ARI incidence,CZ,2026-04-19,2026-W16,883.8,ERVISS
ARI incidence,CZ,2026-04-12,2026-W15,671.7,ERVISS
ARI incidence,CZ,2026-04-05,2026-W14,944.3,ERVISS
ARI incidence,CZ,2026-03-29,2026-W13,958.8,ERVISS
ARI incidence,CZ,2026-03-22,2026-W12,999.0,ERVISS
ARI incidence,CZ,2026-03-15,2026-W11,990.7,ERVISS
ARI incidence,CZ,2026-03-08,2026-W10,1039.8,ERVISS
ARI incidence,CZ,2026-03-01,2026-W09,1057.9,ERVISS
ARI incidence,CZ,2026-02-22,2026-W08,1103.9,ERVISS
ARI incidence,CZ,2026-02-15,2026-W07,1163.5,ERVISS
ARI incidence,CZ,2026-02-08,2026-W06,1198.8,ERVISS
ARI incidence,CZ,2026-02-01,2026-W05,1162.6,ERVISS
ARI incidence,CZ,2026-01-25,2026-W04,1102.8,ERVISS
ARI incidence,CZ,2026-01-18,2026-W03,1005.3,ERVISS
ARI incidence,CZ,2026-01-11,2026-W02,1283.1,ERVISS
ARI incidence,CZ,2026-01-04,2026-W01,710.1,ERVISS
ARI incidence,CZ,2025-12-28,2025-W52,699.1,ERVISS
ARI incidence,CZ,2025-12-21,2025-W51,1298.7,ERVISS
ARI incidence,CZ,2025-12-14,2025-W50,1221.3,ERVISS
ARI incidence,CZ,2025-12-07,2025-W49,1021.9,ERVISS
ARI incidence,CZ,2025-11-30,2025-W48,886.4,ERVISS
ARI incidence,CZ,2025-11-23,2025-W47,702.7,ERVISS
ARI incidence,CZ,2025-11-16,2025-W46,770.2,ERVISS
ARI incidence,CZ,2025-11-09,2025-W45,777.3,ERVISS
ARI incidence,CZ,2025-11-02,2025-W44,624.6,ERVISS
ARI incidence,CZ,2025-10-26,2025-W43,883.4,ERVISS
ARI incidence,CZ,2025-10-19,2025-W42,812.6,ERVISS
ARI incidence,CZ,2025-10-12,2025-W41,902.3,ERVISS
ARI incidence,CZ,2025-10-05,2025-W40,880.0,ERVISS
ARI incidence,CZ,2025-09-28,2025-W39,805.2,ERVISS
ARI incidence,CZ,2025-09-21,2025-W38,751.1,ERVISS
ARI incidence,CZ,2025-09-14,2025-W37,555.7,ERVISS
ARI incidence,CZ,2025-09-07,2025-W36,431.9,ERVISS
ARI incidence,CZ,2025-08-31,2025-W35,396.2,ERVISS
ARI incidence,CZ,2025-08-24,2025-W34,365.7,ERVISS
ARI incidence,CZ,2025-08-17,2025-W33,351.1,ERVISS
ARI incidence,CZ,2025-08-10,2025-W32,351.9,ERVISS
ARI incidence,CZ,2025-08-03,2025-W31,397.0,ERVISS
ARI incidence,CZ,2025-07-27,2025-W30,397.6,ERVISS
ARI incidence,CZ,2025-07-20,2025-W29,291.0,ERVISS
ARI incidence,CZ,2025-07-13,2025-W28,445.5,ERVISS
ARI incidence,CZ,2025-07-06,2025-W27,494.3,ERVISS
ARI incidence,CZ,2025-06-29,2025-W26,593.1,ERVISS
ARI incidence,CZ,2025-06-22,2025-W25,621.3,ERVISS
ARI incidence,CZ,2025-06-15,2025-W24,631.9,ERVISS
ARI incidence,CZ,2025-06-08,2025-W23,670.6,ERVISS
ARI incidence,CZ,2025-06-01,2025-W22,685.3,ERVISS
ARI incidence,CZ,2025-05-25,2025-W21,673.7,ERVISS
ARI incidence,CZ,2025-05-18,2025-W20,688.2,ERVISS
ARI incidence,CZ,2025-05-11,2025-W19,600.2,ERVISS
ARI incidence,CZ,2025-05-04,2025-W18,671.4,ERVISS
ARI incidence,CZ,2025-04-27,2025-W17,535.4,ERVISS
ARI incidence,CZ,2025-04-20,2025-W16,824.6,ERVISS
ARI incidence,CZ,2025-04-13,2025-W15,1071.3,ERVISS
ARI incidence,CZ,2025-04-06,2025-W14,1149.8,ERVISS
ARI incidence,CZ,2025-03-30,2025-W13,1172.3,ERVISS
ARI incidence,CZ,2025-03-23,2025-W12,1250.9,ERVISS
ARI incidence,CZ,2025-03-16,2025-W11,1332.2,ERVISS
ARI incidence,CZ,2025-03-09,2025-W10,1269.3,ERVISS
ARI incidence,CZ,2025-03-02,2025-W09,1571.6,ERVISS
ARI incidence,CZ,2025-02-23,2025-W08,1680.3,ERVISS
ARI incidence,CZ,2025-02-16,2025-W07,1787.0,ERVISS
ARI incidence,CZ,2025-02-09,2025-W06,1809.6,ERVISS
ARI incidence,CZ,2025-02-02,2025-W05,1834.0,ERVISS
ARI incidence,CZ,2025-01-26,2025-W04,1575.6,ERVISS
ARI incidence,CZ,2025-01-19,2025-W03,1259.8,ERVISS
ARI incidence,CZ,2025-01-12,2025-W02,1180.4,ERVISS
ARI incidence,CZ,2025-01-05,2025-W01,626.9,ERVISS
ARI incidence,CZ,2024-12-29,2024-W52,404.2,ERVISS
ARI incidence,CZ,2024-12-22,2024-W51,1310.1,ERVISS
ARI incidence,CZ,2024-12-15,2024-W50,1280.0,ERVISS
ARI incidence,CZ,2024-12-08,2024-W49,1278.1,ERVISS
ARI incidence,CZ,2024-12-01,2024-W48,1244.9,ERVISS
ARI incidence,CZ,2024-11-24,2024-W47,1287.7,ERVISS
ARI incidence,CZ,2024-11-17,2024-W46,1236.8,ERVISS
ARI incidence,CZ,2024-11-10,2024-W45,1141.7,ERVISS
ARI incidence,CZ,2024-11-03,2024-W44,751.9,ERVISS
ARI incidence,CZ,2024-10-27,2024-W43,1153.8,ERVISS
ARI incidence,CZ,2024-10-20,2024-W42,1108.5,ERVISS
ARI incidence,CZ,2024-10-13,2024-W41,1086.5,ERVISS
ARI incidence,CZ,2024-10-06,2024-W40,1013.6,ERVISS
ARI incidence,CZ,2024-09-29,2024-W39,908.9,ERVISS
ARI incidence,CZ,2024-09-22,2024-W38,731.5,ERVISS
ARI incidence,CZ,2024-09-15,2024-W37,641.2,ERVISS
ARI incidence,CZ,2024-09-08,2024-W36,510.2,ERVISS
ARI incidence,CZ,2024-09-01,2024-W35,461.6,ERVISS
ARI incidence,CZ,2024-08-25,2024-W34,435.3,ERVISS
ARI incidence,CZ,2024-08-18,2024-W33,413.8,ERVISS
ARI incidence,CZ,2024-08-11,2024-W32,432.4,ERVISS
ARI incidence,CZ,2024-08-04,2024-W31,452.3,ERVISS
ARI incidence,CZ,2024-07-28,2024-W30,451.2,ERVISS
ARI incidence,CZ,2024-07-21,2024-W29,458.8,ERVISS
ARI incidence,CZ,2024-07-14,2024-W28,471.8,ERVISS
ARI incidence,CZ,2024-07-07,2024-W27,465.9,ERVISS
ARI incidence,CZ,2024-06-30,2024-W26,608.8,ERVISS
ARI incidence,CZ,2024-06-23,2024-W25,658.3,ERVISS
ARI incidence,CZ,2024-06-16,2024-W24,714.5,ERVISS
ARI incidence,CZ,2024-06-09,2024-W23,710.0,ERVISS
ARI incidence,CZ,2024-06-02,2024-W22,734.1,ERVISS
ARI incidence,CZ,2024-05-26,2024-W21,759.0,ERVISS
ARI incidence,CZ,2024-05-19,2024-W20,794.5,ERVISS
ARI incidence,CZ,2024-05-12,2024-W19,713.9,ERVISS
ARI incidence,CZ,2024-05-05,2024-W18,750.3,ERVISS
ARI incidence,CZ,2024-04-28,2024-W17,892.6,ERVISS
ARI incidence,CZ,2024-04-21,2024-W16,900.4,ERVISS
ARI incidence,CZ,2024-04-14,2024-W15,902.5,ERVISS
ARI incidence,CZ,2024-04-07,2024-W14,888.5,ERVISS
ARI incidence,CZ,2024-03-31,2024-W13,871.1,ERVISS
ARI incidence,CZ,2024-03-24,2024-W12,1031.3,ERVISS
ARI incidence,CZ,2024-03-17,2024-W11,1027.5,ERVISS
ARI incidence,CZ,2024-03-10,2024-W10,1080.0,ERVISS
ARI incidence,CZ,2024-03-03,2024-W09,1182.9,ERVISS
ARI incidence,CZ,2024-02-25,2024-W08,1251.7,ERVISS
ARI incidence,CZ,2024-02-18,2024-W07,1451.8,ERVISS
ARI incidence,CZ,2024-02-11,2024-W06,1601.4,ERVISS
ARI incidence,CZ,2024-02-04,2024-W05,1601.0,ERVISS
ARI incidence,CZ,2024-01-28,2024-W04,1419.7,ERVISS
ARI incidence,CZ,2024-01-21,2024-W03,1205.1,ERVISS
ARI incidence,CZ,2024-01-14,2024-W02,1126.7,ERVISS
ARI incidence,CZ,2024-01-07,2024-W01,1072.8,ERVISS
ARI incidence,CZ,2023-12-31,2023-W52,752.2,ERVISS
ARI incidence,CZ,2023-12-24,2023-W51,1332.3,ERVISS
ARI incidence,CZ,2023-12-17,2023-W50,1427.1,ERVISS
ARI incidence,CZ,2023-12-10,2023-W49,1316.9,ERVISS
ARI incidence,CZ,2023-12-03,2023-W48,1269.9,ERVISS
ARI incidence,CZ,2023-11-26,2023-W47,1134.7,ERVISS
ARI incidence,CZ,2023-11-19,2023-W46,978.3,ERVISS
ARI incidence,CZ,2023-11-12,2023-W45,1016.4,ERVISS
ARI incidence,CZ,2023-11-05,2023-W44,973.3,ERVISS
ARI incidence,CZ,2023-10-29,2023-W43,908.3,ERVISS
ARI incidence,CZ,2023-10-22,2023-W42,904.5,ERVISS
ARI incidence,CZ,2023-10-15,2023-W41,819.0,ERVISS
ARI incidence,CZ,2023-10-08,2023-W40,747.1,ERVISS
ARI incidence,CZ,2023-10-01,2023-W39,558.4,ERVISS
ARI incidence,CZ,2023-09-24,2023-W38,653.4,ERVISS
ARI incidence,CZ,2023-09-17,2023-W37,525.0,ERVISS
ARI incidence,CZ,2023-09-10,2023-W36,381.0,ERVISS
ARI incidence,CZ,2023-09-03,2023-W35,345.6,ERVISS
ARI incidence,CZ,2023-08-27,2023-W34,315.2,ERVISS
ARI incidence,CZ,2023-08-20,2023-W33,311.6,ERVISS
ARI incidence,CZ,2023-08-13,2023-W32,330.8,ERVISS
ARI incidence,CZ,2023-08-06,2023-W31,331.4,ERVISS
ARI incidence,CZ,2023-07-30,2023-W30,360.5,ERVISS
ARI incidence,CZ,2023-07-23,2023-W29,373.9,ERVISS
ARI incidence,CZ,2023-07-16,2023-W28,402.5,ERVISS
ARI incidence,CZ,2023-07-09,2023-W27,320.6,ERVISS
ARI incidence,CZ,2023-07-02,2023-W26,565.6,ERVISS
ARI incidence,CZ,2023-06-25,2023-W25,605.4,ERVISS
ARI incidence,CZ,2023-06-18,2023-W24,662.2,ERVISS
ARI incidence,CZ,2023-06-11,2023-W23,679.3,ERVISS
ARI incidence,CZ,2023-06-04,2023-W22,690.7,ERVISS
ARI incidence,CZ,2023-05-28,2023-W21,701.7,ERVISS
ARI incidence,CZ,2023-05-21,2023-W20,751.5,ERVISS
ARI incidence,CZ,2023-05-14,2023-W19,737.8,ERVISS
ARI incidence,CZ,2023-05-07,2023-W18,788.8,ERVISS
ARI incidence,CZ,2023-04-30,2023-W17,872.1,ERVISS
ARI incidence,CZ,2023-04-23,2023-W16,920.4,ERVISS
ARI incidence,CZ,2023-04-16,2023-W15,901.7,ERVISS
ARI incidence,CZ,2023-04-09,2023-W14,899.3,ERVISS
ARI incidence,CZ,2023-04-02,2023-W13,1064.3,ERVISS
ARI incidence,CZ,2023-03-26,2023-W12,1118.2,ERVISS
ARI incidence,CZ,2023-03-19,2023-W11,1164.0,ERVISS
ARI incidence,CZ,2023-03-12,2023-W10,1220.0,ERVISS
ARI incidence,CZ,2023-03-05,2023-W09,1195.1,ERVISS
ARI incidence,CZ,2023-02-26,2023-W08,1195.0,ERVISS
ARI incidence,CZ,2023-02-19,2023-W07,1101.2,ERVISS
ARI incidence,CZ,2023-02-12,2023-W06,1121.3,ERVISS
ARI incidence,CZ,2023-02-05,2023-W05,1145.2,ERVISS
ARI incidence,CZ,2023-01-29,2023-W04,1169.5,ERVISS
ARI incidence,CZ,2023-01-22,2023-W03,1212.4,ERVISS
ARI incidence,CZ,2023-01-15,2023-W02,1406.8,ERVISS
ARI incidence,CZ,2023-01-08,2023-W01,1682.6,ERVISS
ARI incidence,CZ,2023-01-01,2022-W52,1391.8,ERVISS
ARI incidence,CZ,2022-12-25,2022-W51,1855.9,ERVISS
ARI incidence,CZ,2022-12-18,2022-W50,1883.8,ERVISS
ARI incidence,CZ,2022-12-11,2022-W49,1403.5,ERVISS
ARI incidence,CZ,2022-12-04,2022-W48,1190.1,ERVISS
ARI incidence,CZ,2022-11-27,2022-W47,1068.9,ERVISS
ARI incidence,CZ,2022-11-20,2022-W46,854.7,ERVISS
ARI incidence,CZ,2022-11-13,2022-W45,936.2,ERVISS
ARI incidence,CZ,2022-11-06,2022-W44,911.8,ERVISS
ARI incidence,CZ,2022-10-30,2022-W43,810.9,ERVISS
ARI incidence,CZ,2022-10-23,2022-W42,959.5,ERVISS
ARI incidence,CZ,2022-10-16,2022-W41,948.0,ERVISS
ARI incidence,CZ,2022-10-09,2022-W40,922.3,ERVISS
ARI incidence,CZ,2022-10-02,2022-W39,798.6,ERVISS
ARI incidence,CZ,2022-09-25,2022-W38,868.4,ERVISS
ARI incidence,CZ,2022-09-18,2022-W37,697.8,ERVISS
ARI incidence,CZ,2022-09-11,2022-W36,503.3,ERVISS
ARI incidence,CZ,2022-09-04,2022-W35,424.1,ERVISS
ARI incidence,CZ,2022-08-28,2022-W34,350.4,ERVISS
ARI incidence,CZ,2022-08-21,2022-W33,389.4,ERVISS
ARI incidence,CZ,2022-08-14,2022-W32,407.5,ERVISS
ARI incidence,CZ,2022-08-07,2022-W31,428.1,ERVISS
ARI incidence,CZ,2022-07-31,2022-W30,447.9,ERVISS
ARI incidence,CZ,2022-07-24,2022-W29,460.2,ERVISS
ARI incidence,CZ,2022-07-17,2022-W28,484.2,ERVISS
ARI incidence,CZ,2022-07-10,2022-W27,383.4,ERVISS
ARI incidence,CZ,2022-07-03,2022-W26,539.0,ERVISS
ARI incidence,CZ,2022-06-26,2022-W25,567.6,ERVISS
ARI incidence,EE,2026-05-10,2026-W19,264.3,ERVISS
ARI incidence,EE,2026-05-03,2026-W18,146.9,ERVISS
ARI incidence,EE,2026-04-26,2026-W17,172.0,ERVISS
ARI incidence,EE,2026-04-19,2026-W16,185.3,ERVISS
ARI incidence,EE,2026-04-12,2026-W15,212.8,ERVISS
ARI incidence,EE,2026-04-05,2026-W14,171.1,ERVISS
ARI incidence,EE,2026-03-29,2026-W13,205.3,ERVISS
ARI incidence,EE,2026-03-22,2026-W12,199.1,ERVISS
ARI incidence,EE,2026-03-15,2026-W11,199.0,ERVISS
ARI incidence,EE,2026-03-08,2026-W10,243.0,ERVISS
ARI incidence,EE,2026-03-01,2026-W09,224.2,ERVISS
ARI incidence,EE,2026-02-22,2026-W08,256.5,ERVISS
ARI incidence,EE,2026-02-15,2026-W07,296.4,ERVISS
ARI incidence,EE,2026-02-08,2026-W06,315.5,ERVISS
ARI incidence,EE,2026-02-01,2026-W05,315.8,ERVISS
ARI incidence,EE,2026-01-25,2026-W04,275.7,ERVISS
ARI incidence,EE,2026-01-18,2026-W03,231.2,ERVISS
ARI incidence,EE,2026-01-11,2026-W02,244.0,ERVISS
ARI incidence,EE,2026-01-04,2026-W01,232.5,ERVISS
ARI incidence,EE,2025-12-28,2025-W52,0.0,ERVISS
ARI incidence,EE,2025-12-21,2025-W51,0.0,ERVISS
ARI incidence,EE,2025-12-14,2025-W50,321.7,ERVISS
ARI incidence,EE,2025-12-07,2025-W49,253.7,ERVISS
ARI incidence,EE,2025-11-30,2025-W48,241.1,ERVISS
ARI incidence,EE,2025-11-23,2025-W47,226.8,ERVISS
ARI incidence,EE,2025-11-16,2025-W46,218.1,ERVISS
ARI incidence,EE,2025-11-09,2025-W45,203.0,ERVISS
ARI incidence,EE,2025-11-02,2025-W44,202.2,ERVISS
ARI incidence,EE,2025-10-26,2025-W43,0.0,ERVISS
ARI incidence,EE,2025-10-19,2025-W42,213.7,ERVISS
ARI incidence,EE,2025-10-12,2025-W41,227.4,ERVISS
ARI incidence,EE,2025-10-05,2025-W40,171.5,ERVISS
ARI incidence,EE,2025-09-28,2025-W39,249.2,ERVISS
ARI incidence,EE,2025-09-21,2025-W38,264.5,ERVISS
ARI incidence,EE,2025-09-14,2025-W37,211.8,ERVISS
ARI incidence,EE,2025-09-07,2025-W36,133.0,ERVISS
ARI incidence,EE,2025-08-31,2025-W35,87.4,ERVISS
ARI incidence,EE,2025-08-24,2025-W34,87.4,ERVISS
ARI incidence,EE,2025-08-10,2025-W32,64.9,ERVISS
ARI incidence,EE,2025-08-03,2025-W31,61.8,ERVISS
ARI incidence,EE,2025-07-27,2025-W30,64.2,ERVISS
ARI incidence,EE,2025-07-20,2025-W29,73.5,ERVISS
ARI incidence,EE,2025-07-13,2025-W28,84.5,ERVISS
ARI incidence,EE,2025-07-06,2025-W27,84.9,ERVISS
ARI incidence,EE,2025-06-29,2025-W26,81.0,ERVISS
ARI incidence,EE,2025-06-22,2025-W25,154.6,ERVISS
ARI incidence,EE,2025-06-15,2025-W24,154.6,ERVISS
ARI incidence,EE,2025-06-08,2025-W23,148.3,ERVISS
ARI incidence,EE,2025-06-01,2025-W22,161.9,ERVISS
ARI incidence,EE,2025-05-25,2025-W21,170.0,ERVISS
ARI incidence,EE,2025-05-18,2025-W20,169.8,ERVISS
ARI incidence,EE,2025-05-11,2025-W19,150.7,ERVISS
ARI incidence,EE,2025-05-04,2025-W18,158.9,ERVISS
ARI incidence,EE,2025-04-27,2025-W17,182.4,ERVISS
ARI incidence,EE,2025-04-20,2025-W16,151.4,ERVISS
ARI incidence,EE,2025-04-13,2025-W15,203.3,ERVISS
ARI incidence,EE,2025-04-06,2025-W14,210.0,ERVISS
ARI incidence,EE,2025-03-30,2025-W13,229.1,ERVISS
ARI incidence,EE,2025-03-23,2025-W12,246.0,ERVISS
ARI incidence,EE,2025-03-16,2025-W11,211.0,ERVISS
ARI incidence,EE,2025-03-09,2025-W10,226.7,ERVISS
ARI incidence,EE,2025-03-02,2025-W09,235.9,ERVISS
ARI incidence,EE,2025-02-23,2025-W08,337.3,ERVISS
ARI incidence,EE,2025-02-16,2025-W07,283.3,ERVISS
ARI incidence,EE,2025-02-09,2025-W06,311.7,ERVISS
ARI incidence,EE,2025-02-02,2025-W05,271.6,ERVISS
ARI incidence,EE,2025-01-26,2025-W04,217.5,ERVISS
ARI incidence,EE,2025-01-19,2025-W03,217.9,ERVISS
ARI incidence,EE,2025-01-12,2025-W02,254.4,ERVISS
ARI incidence,EE,2025-01-05,2025-W01,167.7,ERVISS
ARI incidence,EE,2024-12-15,2024-W50,296.7,ERVISS
ARI incidence,EE,2024-12-08,2024-W49,260.1,ERVISS
ARI incidence,EE,2024-12-01,2024-W48,259.8,ERVISS
ARI incidence,EE,2024-11-24,2024-W47,245.5,ERVISS
ARI incidence,EE,2024-11-17,2024-W46,242.3,ERVISS
ARI incidence,EE,2024-11-10,2024-W45,227.1,ERVISS
ARI incidence,EE,2024-11-03,2024-W44,212.3,ERVISS
ARI incidence,EE,2024-10-27,2024-W43,414.9,ERVISS
ARI incidence,EE,2024-10-20,2024-W42,244.2,ERVISS
ARI incidence,EE,2024-10-13,2024-W41,273.5,ERVISS
ARI incidence,EE,2024-10-06,2024-W40,251.7,ERVISS
ARI incidence,EE,2024-09-29,2024-W39,293.2,ERVISS
ARI incidence,EE,2024-09-22,2024-W38,208.3,ERVISS
ARI incidence,EE,2024-09-15,2024-W37,214.0,ERVISS
ARI incidence,EE,2024-09-08,2024-W36,153.3,ERVISS
ARI incidence,EE,2024-09-01,2024-W35,161.1,ERVISS
ARI incidence,EE,2024-08-11,2024-W32,113.1,ERVISS
ARI incidence,EE,2024-08-04,2024-W31,101.4,ERVISS
ARI incidence,EE,2024-07-28,2024-W30,83.0,ERVISS
ARI incidence,EE,2024-07-21,2024-W29,89.8,ERVISS
ARI incidence,EE,2024-07-14,2024-W28,95.0,ERVISS
ARI incidence,EE,2024-06-16,2024-W24,110.7,ERVISS
ARI incidence,EE,2024-06-09,2024-W23,101.1,ERVISS
ARI incidence,EE,2024-06-02,2024-W22,132.2,ERVISS
ARI incidence,EE,2024-05-19,2024-W20,177.2,ERVISS
ARI incidence,EE,2024-05-12,2024-W19,140.6,ERVISS
ARI incidence,EE,2024-05-05,2024-W18,131.6,ERVISS
ARI incidence,EE,2024-04-28,2024-W17,159.8,ERVISS
ARI incidence,EE,2024-04-21,2024-W16,180.6,ERVISS
ARI incidence,EE,2024-04-14,2024-W15,204.6,ERVISS
ARI incidence,EE,2024-04-07,2024-W14,205.4,ERVISS
ARI incidence,EE,2024-03-31,2024-W13,178.2,ERVISS
ARI incidence,EE,2024-03-24,2024-W12,195.3,ERVISS
ARI incidence,EE,2024-03-17,2024-W11,192.8,ERVISS
ARI incidence,EE,2024-03-10,2024-W10,189.7,ERVISS
ARI incidence,EE,2024-03-03,2024-W09,214.7,ERVISS
ARI incidence,EE,2024-02-25,2024-W08,231.4,ERVISS
ARI incidence,EE,2024-02-18,2024-W07,222.3,ERVISS
ARI incidence,EE,2024-02-11,2024-W06,211.1,ERVISS
ARI incidence,EE,2024-02-04,2024-W05,208.8,ERVISS
ARI incidence,EE,2024-01-28,2024-W04,215.7,ERVISS
ARI incidence,EE,2024-01-21,2024-W03,213.3,ERVISS
ARI incidence,EE,2024-01-14,2024-W02,258.1,ERVISS
ARI incidence,EE,2024-01-07,2024-W01,238.2,ERVISS
ARI incidence,EE,2023-12-31,2023-W52,266.2,ERVISS
ARI incidence,EE,2023-12-24,2023-W51,382.8,ERVISS
ARI incidence,EE,2023-12-17,2023-W50,509.9,ERVISS
ARI incidence,EE,2023-12-10,2023-W49,457.9,ERVISS
ARI incidence,EE,2023-12-03,2023-W48,494.9,ERVISS
ARI incidence,EE,2023-11-26,2023-W47,396.5,ERVISS
ARI incidence,EE,2023-11-19,2023-W46,320.2,ERVISS
ARI incidence,EE,2023-11-12,2023-W45,412.0,ERVISS
ARI incidence,EE,2023-11-05,2023-W44,240.9,ERVISS
ARI incidence,EE,2023-10-29,2023-W43,186.4,ERVISS
ARI incidence,EE,2023-10-22,2023-W42,148.1,ERVISS
ARI incidence,EE,2023-10-15,2023-W41,165.5,ERVISS
ARI incidence,EE,2023-10-08,2023-W40,132.9,ERVISS
ARI incidence,EE,2023-10-01,2023-W39,173.0,ERVISS
ARI incidence,EE,2023-09-24,2023-W38,154.2,ERVISS
ARI incidence,EE,2023-09-17,2023-W37,117.7,ERVISS
ARI incidence,EE,2023-09-10,2023-W36,74.7,ERVISS
ARI incidence,EE,2023-09-03,2023-W35,84.7,ERVISS
ARI incidence,EE,2023-08-27,2023-W34,56.0,ERVISS
ARI incidence,EE,2023-08-20,2023-W33,50.9,ERVISS
ARI incidence,EE,2023-08-13,2023-W32,50.3,ERVISS
ARI incidence,EE,2023-08-06,2023-W31,50.3,ERVISS
ARI incidence,EE,2023-07-23,2023-W29,49.5,ERVISS
ARI incidence,EE,2023-07-16,2023-W28,61.2,ERVISS
ARI incidence,EE,2023-07-09,2023-W27,70.3,ERVISS
ARI incidence,EE,2023-07-02,2023-W26,86.7,ERVISS
ARI incidence,EE,2023-06-25,2023-W25,63.4,ERVISS
ARI incidence,EE,2023-06-18,2023-W24,113.4,ERVISS
ARI incidence,EE,2023-06-11,2023-W23,120.3,ERVISS
ARI incidence,EE,2023-06-04,2023-W22,143.7,ERVISS
ARI incidence,EE,2023-05-28,2023-W21,132.1,ERVISS
ARI incidence,EE,2023-05-21,2023-W20,142.8,ERVISS
ARI incidence,EE,2023-05-14,2023-W19,133.2,ERVISS
ARI incidence,EE,2023-05-07,2023-W18,152.1,ERVISS
ARI incidence,EE,2023-04-30,2023-W17,174.8,ERVISS
ARI incidence,EE,2023-04-23,2023-W16,209.3,ERVISS
ARI incidence,EE,2023-04-16,2023-W15,239.2,ERVISS
ARI incidence,EE,2023-04-09,2023-W14,172.6,ERVISS
ARI incidence,EE,2023-04-02,2023-W13,271.5,ERVISS
ARI incidence,EE,2023-03-26,2023-W12,232.5,ERVISS
ARI incidence,EE,2023-03-19,2023-W11,230.1,ERVISS
ARI incidence,EE,2023-03-12,2023-W10,233.4,ERVISS
ARI incidence,EE,2023-03-05,2023-W09,250.7,ERVISS
ARI incidence,EE,2023-02-26,2023-W08,25.2,ERVISS
ARI incidence,EE,2023-02-19,2023-W07,237.7,ERVISS
ARI incidence,EE,2023-02-12,2023-W06,273.6,ERVISS
ARI incidence,EE,2023-02-05,2023-W05,277.2,ERVISS
ARI incidence,EE,2023-01-29,2023-W04,277.9,ERVISS
ARI incidence,EE,2023-01-22,2023-W03,288.8,ERVISS
ARI incidence,EE,2023-01-15,2023-W02,345.0,ERVISS
ARI incidence,EE,2023-01-08,2023-W01,395.6,ERVISS
ARI incidence,EE,2023-01-01,2022-W52,518.0,ERVISS
ARI incidence,EE,2022-12-25,2022-W51,390.2,ERVISS
ARI incidence,EE,2022-12-18,2022-W50,528.8,ERVISS
ARI incidence,EE,2022-12-11,2022-W49,401.1,ERVISS
ARI incidence,EE,2022-12-04,2022-W48,388.1,ERVISS
ARI incidence,EE,2022-11-20,2022-W46,284.4,ERVISS
ARI incidence,EE,2022-11-13,2022-W45,248.3,ERVISS
ARI incidence,EE,2022-11-06,2022-W44,248.5,ERVISS
ARI incidence,EE,2022-10-30,2022-W43,297.5,ERVISS
ARI incidence,EE,2022-10-23,2022-W42,286.1,ERVISS
ARI incidence,EE,2022-10-16,2022-W41,290.8,ERVISS
ARI incidence,EE,2022-10-09,2022-W40,293.5,ERVISS
ARI incidence,EE,2022-10-02,2022-W39,346.9,ERVISS
ARI incidence,EE,2022-09-25,2022-W38,291.6,ERVISS
ARI incidence,EE,2022-09-18,2022-W37,253.9,ERVISS
ARI incidence,EE,2022-09-11,2022-W36,196.0,ERVISS
ARI incidence,EE,2022-09-04,2022-W35,169.7,ERVISS
ARI incidence,EE,2022-08-28,2022-W34,168.4,ERVISS
ARI incidence,EE,2022-08-21,2022-W33,185.8,ERVISS
ARI incidence,EE,2022-08-14,2022-W32,173.0,ERVISS
ARI incidence,EE,2022-08-07,2022-W31,214.9,ERVISS
ARI incidence,EE,2022-07-31,2022-W30,214.9,ERVISS
ARI incidence,EE,2022-07-24,2022-W29,157.4,ERVISS
ARI incidence,EE,2022-07-17,2022-W28,147.7,ERVISS
ARI incidence,EE,2022-07-10,2022-W27,138.6,ERVISS
ARI incidence,EE,2022-07-03,2022-W26,175.2,ERVISS
ARI incidence,EE,2022-06-26,2022-W25,88.9,ERVISS
ARI incidence,FI,2026-08-09,2026-W32,1648.6,ERVISS
ARI incidence,FI,2026-08-02,2026-W31,1677.0,ERVISS
ARI incidence,FI,2026-07-26,2026-W30,1760.4,ERVISS
ARI incidence,FI,2026-07-19,2026-W29,1571.8,ERVISS
ARI incidence,FI,2026-07-12,2026-W28,1689.4,ERVISS
ARI incidence,FI,2026-07-05,2026-W27,1686.1,ERVISS
ARI incidence,FI,2026-06-28,2026-W26,1766.3,ERVISS
ARI incidence,FI,2026-06-21,2026-W25,1705.0,ERVISS
ARI incidence,FI,2026-06-14,2026-W24,1687.2,ERVISS
ARI incidence,FI,2026-06-07,2026-W23,1892.5,ERVISS
ARI incidence,FI,2026-05-31,2026-W22,1958.9,ERVISS
ARI incidence,FI,2026-05-24,2026-W21,2073.7,ERVISS
ARI incidence,FI,2026-05-17,2026-W20,2235.5,ERVISS
ARI incidence,FI,2026-05-10,2026-W19,2354.7,ERVISS
ARI incidence,FI,2026-05-03,2026-W18,2185.5,ERVISS
ARI incidence,FI,2026-04-26,2026-W17,2267.7,ERVISS
ARI incidence,FI,2026-04-19,2026-W16,2318.9,ERVISS
ARI incidence,FI,2026-04-12,2026-W15,2521.2,ERVISS
ARI incidence,FI,2026-04-05,2026-W14,2470.4,ERVISS
ARI incidence,FI,2026-03-29,2026-W13,2530.1,ERVISS
ARI incidence,FI,2026-03-22,2026-W12,2619.2,ERVISS
ARI incidence,FI,2026-03-15,2026-W11,2804.2,ERVISS
ARI incidence,FI,2026-03-08,2026-W10,3134.5,ERVISS
ARI incidence,FI,2026-03-01,2026-W09,3709.8,ERVISS
ARI incidence,FI,2026-02-22,2026-W08,64078.2,ERVISS
ARI incidence,FI,2026-02-15,2026-W07,3505.6,ERVISS
ARI incidence,FI,2026-02-08,2026-W06,3015.9,ERVISS
ARI incidence,FI,2026-02-01,2026-W05,2714.7,ERVISS
ARI incidence,FI,2026-01-25,2026-W04,2557.3,ERVISS
ARI incidence,FI,2026-01-18,2026-W03,2542.4,ERVISS
ARI incidence,FI,2026-01-11,2026-W02,4176.3,ERVISS
ARI incidence,FI,2026-01-04,2026-W01,3546.8,ERVISS
ARI incidence,FI,2025-12-28,2025-W52,3082.2,ERVISS
ARI incidence,FI,2025-12-21,2025-W51,3194.3,ERVISS
ARI incidence,FI,2025-12-14,2025-W50,2917.8,ERVISS
ARI incidence,FI,2025-12-07,2025-W49,2748.2,ERVISS
ARI incidence,FI,2025-11-30,2025-W48,2712.7,ERVISS
ARI incidence,FI,2025-11-23,2025-W47,2598.0,ERVISS
ARI incidence,FI,2025-11-16,2025-W46,2382.2,ERVISS
ARI incidence,FI,2025-11-09,2025-W45,2207.3,ERVISS
ARI incidence,FI,2025-11-02,2025-W44,2127.0,ERVISS
ARI incidence,FI,2025-10-26,2025-W43,2419.2,ERVISS
ARI incidence,FI,2025-10-19,2025-W42,2426.9,ERVISS
ARI incidence,FI,2025-10-12,2025-W41,2478.9,ERVISS
ARI incidence,FI,2025-10-05,2025-W40,2573.4,ERVISS
ARI incidence,FI,2025-09-28,2025-W39,2564.4,ERVISS
ARI incidence,FI,2025-09-21,2025-W38,2514.4,ERVISS
ARI incidence,FI,2025-09-14,2025-W37,2366.4,ERVISS
ARI incidence,FI,2025-09-07,2025-W36,2603.0,ERVISS
ARI incidence,FI,2025-08-31,2025-W35,2714.5,ERVISS
ARI incidence,FI,2025-08-24,2025-W34,2269.5,ERVISS
ARI incidence,FI,2025-08-17,2025-W33,1718.3,ERVISS
ARI incidence,FI,2025-08-10,2025-W32,1501.4,ERVISS
ARI incidence,FI,2025-08-03,2025-W31,1460.1,ERVISS
ARI incidence,FI,2025-07-27,2025-W30,1575.8,ERVISS
ARI incidence,FI,2025-07-20,2025-W29,1648.6,ERVISS
ARI incidence,FI,2025-07-13,2025-W28,1799.9,ERVISS
ARI incidence,FI,2025-07-06,2025-W27,1854.2,ERVISS
ARI incidence,FI,2025-06-29,2025-W26,1971.6,ERVISS
ARI incidence,FI,2025-06-22,2025-W25,1841.8,ERVISS
ARI incidence,FI,2025-06-15,2025-W24,2098.4,ERVISS
ARI incidence,FI,2025-06-08,2025-W23,2207.6,ERVISS
ARI incidence,FI,2025-06-01,2025-W22,2275.2,ERVISS
ARI incidence,FI,2025-05-25,2025-W21,2494.8,ERVISS
ARI incidence,FI,2025-05-18,2025-W20,2425.6,ERVISS
ARI incidence,FI,2025-05-11,2025-W19,2543.2,ERVISS
ARI incidence,FI,2025-05-04,2025-W18,2450.9,ERVISS
ARI incidence,FI,2025-04-27,2025-W17,2710.2,ERVISS
ARI incidence,FI,2025-04-20,2025-W16,2804.8,ERVISS
ARI incidence,FI,2025-04-13,2025-W15,2874.0,ERVISS
ARI incidence,FI,2025-04-06,2025-W14,2868.7,ERVISS
ARI incidence,FI,2025-03-30,2025-W13,2945.8,ERVISS
ARI incidence,FI,2025-03-23,2025-W12,3061.4,ERVISS
ARI incidence,FI,2025-03-16,2025-W11,3320.0,ERVISS
ARI incidence,FI,2025-03-09,2025-W10,3021.4,ERVISS
ARI incidence,FI,2025-03-02,2025-W09,3265.7,ERVISS
ARI incidence,FI,2025-02-23,2025-W08,3112.0,ERVISS
ARI incidence,FI,2025-02-16,2025-W07,2707.7,ERVISS
ARI incidence,FI,2025-02-09,2025-W06,2539.5,ERVISS
ARI incidence,FI,2025-01-26,2025-W04,2557.3,ERVISS
ARI incidence,FI,2025-01-19,2025-W03,2266.7,ERVISS
ARI incidence,FI,2025-01-12,2025-W02,5076.4,ERVISS
ARI incidence,FI,2025-01-05,2025-W01,3147.9,ERVISS
ARI incidence,FI,2024-12-29,2024-W52,2724.9,ERVISS
ARI incidence,FI,2024-12-22,2024-W51,3357.6,ERVISS
ARI incidence,FI,2024-12-15,2024-W50,3216.8,ERVISS
ARI incidence,FI,2024-12-08,2024-W49,2915.2,ERVISS
ARI incidence,FI,2024-12-01,2024-W48,2978.1,ERVISS
ARI incidence,FI,2024-11-24,2024-W47,3060.7,ERVISS
ARI incidence,FI,2024-11-17,2024-W46,2802.6,ERVISS
ARI incidence,FI,2024-11-10,2024-W45,2634.8,ERVISS
ARI incidence,FI,2024-11-03,2024-W44,2622.2,ERVISS
ARI incidence,FI,2024-10-27,2024-W43,3199.7,ERVISS
ARI incidence,FI,2024-10-20,2024-W42,3475.8,ERVISS
ARI incidence,FI,2024-10-13,2024-W41,3388.2,ERVISS
ARI incidence,FI,2024-10-06,2024-W40,3380.8,ERVISS
ARI incidence,FI,2024-09-29,2024-W39,3347.8,ERVISS
ARI incidence,FI,2024-09-22,2024-W38,2964.8,ERVISS
ARI incidence,FI,2024-09-15,2024-W37,2871.6,ERVISS
ARI incidence,FI,2024-09-08,2024-W36,2769.4,ERVISS
ARI incidence,FI,2024-09-01,2024-W35,2835.8,ERVISS
ARI incidence,FI,2024-08-25,2024-W34,2691.2,ERVISS
ARI incidence,FI,2024-08-18,2024-W33,2269.2,ERVISS
ARI incidence,FI,2024-08-11,2024-W32,2090.5,ERVISS
ARI incidence,FI,2024-08-04,2024-W31,2039.8,ERVISS
ARI incidence,FI,2024-07-28,2024-W30,2047.2,ERVISS
ARI incidence,FI,2024-07-21,2024-W29,2019.1,ERVISS
ARI incidence,FI,2024-07-14,2024-W28,2001.9,ERVISS
ARI incidence,FI,2024-07-07,2024-W27,1950.3,ERVISS
ARI incidence,FI,2024-06-30,2024-W26,1999.6,ERVISS
ARI incidence,FI,2024-06-23,2024-W25,1822.9,ERVISS
ARI incidence,FI,2024-06-16,2024-W24,1894.1,ERVISS
ARI incidence,FI,2024-06-09,2024-W23,1681.8,ERVISS
ARI incidence,FI,2024-06-02,2024-W22,1749.3,ERVISS
ARI incidence,FI,2024-05-26,2024-W21,1741.1,ERVISS
ARI incidence,FI,2024-05-19,2024-W20,1833.9,ERVISS
ARI incidence,FI,2024-05-12,2024-W19,1975.3,ERVISS
ARI incidence,FI,2024-05-05,2024-W18,1880.6,ERVISS
ARI incidence,FI,2024-04-28,2024-W17,2069.7,ERVISS
ARI incidence,FI,2024-04-21,2024-W16,1932.7,ERVISS
ARI incidence,FI,2024-04-14,2024-W15,1947.6,ERVISS
ARI incidence,FI,2024-04-07,2024-W14,2094.1,ERVISS
ARI incidence,FI,2024-03-31,2024-W13,2015.7,ERVISS
ARI incidence,FI,2024-03-24,2024-W12,2087.7,ERVISS
ARI incidence,FI,2024-03-17,2024-W11,2099.6,ERVISS
ARI incidence,FI,2024-03-10,2024-W10,2156.5,ERVISS
ARI incidence,FI,2024-03-03,2024-W09,2284.2,ERVISS
ARI incidence,FI,2024-02-25,2024-W08,2270.4,ERVISS
ARI incidence,FI,2024-02-18,2024-W07,2274.8,ERVISS
ARI incidence,FI,2024-02-11,2024-W06,2111.8,ERVISS
ARI incidence,FI,2024-02-04,2024-W05,2447.4,ERVISS
ARI incidence,FI,2024-01-28,2024-W04,2063.5,ERVISS
ARI incidence,FI,2024-01-21,2024-W03,2130.4,ERVISS
ARI incidence,FI,2024-01-14,2024-W02,2947.9,ERVISS
ARI incidence,FI,2024-01-07,2024-W01,3798.0,ERVISS
ARI incidence,FI,2023-12-31,2023-W52,4092.2,ERVISS
ARI incidence,FI,2023-12-24,2023-W51,3961.6,ERVISS
ARI incidence,FI,2023-12-17,2023-W50,3736.8,ERVISS
ARI incidence,FI,2023-12-10,2023-W49,3440.0,ERVISS
ARI incidence,FI,2023-12-03,2023-W48,1683.8,ERVISS
ARI incidence,FI,2023-11-26,2023-W47,3326.9,ERVISS
ARI incidence,FI,2023-10-29,2023-W43,3314.8,ERVISS
ARI incidence,FI,2023-10-22,2023-W42,3330.4,ERVISS
ARI incidence,FI,2023-10-15,2023-W41,3003.8,ERVISS
ARI incidence,FI,2023-10-08,2023-W40,2722.3,ERVISS
ARI incidence,FI,2023-09-24,2023-W38,2708.5,ERVISS
ARI incidence,FI,2023-09-17,2023-W37,2698.2,ERVISS
ARI incidence,FI,2023-09-10,2023-W36,2800.7,ERVISS
ARI incidence,FI,2023-09-03,2023-W35,2540.7,ERVISS
ARI incidence,FI,2023-08-27,2023-W34,2183.9,ERVISS
ARI incidence,FI,2023-08-20,2023-W33,1758.1,ERVISS
ARI incidence,FI,2023-08-13,2023-W32,1522.5,ERVISS
ARI incidence,FI,2023-08-06,2023-W31,1556.4,ERVISS
ARI incidence,FI,2023-07-30,2023-W30,1580.7,ERVISS
ARI incidence,FI,2023-07-23,2023-W29,1590.2,ERVISS
ARI incidence,FI,2023-07-16,2023-W28,1570.9,ERVISS
ARI incidence,FI,2023-07-09,2023-W27,1461.5,ERVISS
ARI incidence,FI,2023-07-02,2023-W26,1489.9,ERVISS
ARI incidence,FI,2023-06-25,2023-W25,1506.8,ERVISS
ARI incidence,FI,2023-06-18,2023-W24,1874.7,ERVISS
ARI incidence,FI,2023-06-11,2023-W23,2149.8,ERVISS
ARI incidence,FI,2023-06-04,2023-W22,2120.6,ERVISS
ARI incidence,FI,2023-05-28,2023-W21,2181.1,ERVISS
ARI incidence,FI,2023-05-21,2023-W20,2315.7,ERVISS
ARI incidence,FI,2023-05-14,2023-W19,2466.8,ERVISS
ARI incidence,FI,2023-05-07,2023-W18,2311.2,ERVISS
ARI incidence,FI,2023-04-30,2023-W17,2195.1,ERVISS
ARI incidence,FI,2023-04-23,2023-W16,2314.2,ERVISS
ARI incidence,FI,2023-04-16,2023-W15,2504.0,ERVISS
ARI incidence,FI,2023-04-09,2023-W14,2478.3,ERVISS
ARI incidence,FI,2023-04-02,2023-W13,2566.4,ERVISS
ARI incidence,FI,2023-03-26,2023-W12,2587.6,ERVISS
ARI incidence,FI,2023-03-19,2023-W11,2534.0,ERVISS
ARI incidence,FI,2023-03-12,2023-W10,2534.3,ERVISS
ARI incidence,FI,2023-03-05,2023-W09,2629.0,ERVISS
ARI incidence,FI,2023-02-26,2023-W08,2736.5,ERVISS
ARI incidence,FI,2023-02-19,2023-W07,2651.7,ERVISS
ARI incidence,FI,2023-02-12,2023-W06,2427.3,ERVISS
ARI incidence,FI,2023-02-05,2023-W05,2483.1,ERVISS
ARI incidence,FI,2023-01-29,2023-W04,2612.3,ERVISS
ARI incidence,FI,2023-01-22,2023-W03,2689.3,ERVISS
ARI incidence,FI,2023-01-15,2023-W02,3253.1,ERVISS
ARI incidence,FI,2023-01-08,2023-W01,4457.5,ERVISS
ARI incidence,FI,2023-01-01,2022-W52,5475.2,ERVISS
ARI incidence,FI,2022-12-25,2022-W51,4762.2,ERVISS
ARI incidence,FI,2022-12-18,2022-W50,4489.0,ERVISS
ARI incidence,FI,2022-12-11,2022-W49,4030.5,ERVISS
ARI incidence,FI,2022-12-04,2022-W48,3857.4,ERVISS
ARI incidence,FI,2022-11-27,2022-W47,3427.5,ERVISS
ARI incidence,FI,2022-11-20,2022-W46,3102.6,ERVISS
ARI incidence,FI,2022-11-13,2022-W45,3123.0,ERVISS
ARI incidence,FI,2022-11-06,2022-W44,2890.6,ERVISS
ARI incidence,FI,2022-10-30,2022-W43,3337.4,ERVISS
ARI incidence,FI,2022-10-23,2022-W42,3432.2,ERVISS
ARI incidence,FI,2022-10-16,2022-W41,3392.0,ERVISS
ARI incidence,FI,2022-10-09,2022-W40,3156.6,ERVISS
ARI incidence,FI,2022-10-02,2022-W39,3092.1,ERVISS
ARI incidence,FI,2022-09-25,2022-W38,2927.3,ERVISS
ARI incidence,FI,2022-09-18,2022-W37,2999.7,ERVISS
ARI incidence,FI,2022-09-11,2022-W36,3117.8,ERVISS
ARI incidence,FI,2022-09-04,2022-W35,2780.0,ERVISS
ARI incidence,FI,2022-08-28,2022-W34,2417.9,ERVISS
ARI incidence,FI,2022-08-21,2022-W33,2363.2,ERVISS
ARI incidence,FI,2022-08-14,2022-W32,2512.4,ERVISS
ARI incidence,FI,2022-08-07,2022-W31,2672.1,ERVISS
ARI incidence,FI,2022-07-31,2022-W30,2771.5,ERVISS
ARI incidence,FI,2022-07-24,2022-W29,2852.5,ERVISS
ARI incidence,FI,2022-07-17,2022-W28,2459.0,ERVISS
ARI incidence,FI,2022-07-10,2022-W27,2060.8,ERVISS
ARI incidence,FI,2022-07-03,2022-W26,2005.0,ERVISS
ARI incidence,FI,2022-06-26,2022-W25,1932.8,ERVISS
ARI incidence,FR,2026-06-14,2026-W24,75.6,ERVISS
ARI incidence,FR,2026-06-07,2026-W23,67.1,ERVISS
ARI incidence,FR,2026-05-31,2026-W22,53.0,ERVISS
ARI incidence,FR,2026-05-24,2026-W21,68.2,ERVISS
ARI incidence,FR,2026-05-17,2026-W20,69.6,ERVISS
ARI incidence,FR,2026-05-10,2026-W19,45.3,ERVISS
ARI incidence,FR,2026-05-03,2026-W18,49.3,ERVISS
ARI incidence,FR,2026-04-26,2026-W17,61.2,ERVISS
ARI incidence,FR,2026-04-19,2026-W16,83.9,ERVISS
ARI incidence,FR,2026-04-12,2026-W15,75.8,ERVISS
ARI incidence,FR,2026-04-05,2026-W14,104.2,ERVISS
ARI incidence,FR,2026-03-29,2026-W13,126.3,ERVISS
ARI incidence,FR,2026-03-22,2026-W12,104.6,ERVISS
ARI incidence,FR,2026-03-15,2026-W11,95.6,ERVISS
ARI incidence,FR,2026-03-08,2026-W10,89.9,ERVISS
ARI incidence,FR,2026-03-01,2026-W09,110.4,ERVISS
ARI incidence,FR,2026-02-22,2026-W08,145.8,ERVISS
ARI incidence,FR,2026-02-15,2026-W07,206.0,ERVISS
ARI incidence,FR,2026-02-08,2026-W06,280.9,ERVISS
ARI incidence,FR,2026-02-01,2026-W05,307.6,ERVISS
ARI incidence,FR,2026-01-25,2026-W04,335.3,ERVISS
ARI incidence,FR,2026-01-18,2026-W03,343.1,ERVISS
ARI incidence,FR,2026-01-11,2026-W02,377.3,ERVISS
ARI incidence,FR,2026-01-04,2026-W01,397.0,ERVISS
ARI incidence,FR,2025-12-28,2025-W52,394.6,ERVISS
ARI incidence,FR,2025-12-21,2025-W51,484.2,ERVISS
ARI incidence,FR,2025-12-14,2025-W50,397.3,ERVISS
ARI incidence,FR,2025-12-07,2025-W49,318.6,ERVISS
ARI incidence,FR,2025-11-30,2025-W48,216.4,ERVISS
ARI incidence,FR,2025-11-23,2025-W47,164.0,ERVISS
ARI incidence,FR,2025-11-16,2025-W46,117.3,ERVISS
ARI incidence,FR,2025-11-09,2025-W45,137.6,ERVISS
ARI incidence,FR,2025-11-02,2025-W44,133.4,ERVISS
ARI incidence,FR,2025-10-26,2025-W43,166.4,ERVISS
ARI incidence,FR,2025-10-19,2025-W42,208.6,ERVISS
ARI incidence,FR,2025-10-12,2025-W41,240.1,ERVISS
ARI incidence,FR,2025-10-05,2025-W40,222.5,ERVISS
ARI incidence,FR,2025-09-28,2025-W39,206.9,ERVISS
ARI incidence,FR,2025-09-21,2025-W38,176.2,ERVISS
ARI incidence,FR,2025-09-14,2025-W37,134.3,ERVISS
ARI incidence,FR,2025-09-07,2025-W36,77.4,ERVISS
ARI incidence,FR,2025-08-31,2025-W35,69.9,ERVISS
ARI incidence,FR,2025-08-24,2025-W34,67.4,ERVISS
ARI incidence,FR,2025-08-17,2025-W33,55.8,ERVISS
ARI incidence,FR,2025-08-10,2025-W32,71.3,ERVISS
ARI incidence,FR,2025-08-03,2025-W31,59.2,ERVISS
ARI incidence,FR,2025-04-13,2025-W15,132.9,ERVISS
ARI incidence,FR,2025-04-06,2025-W14,113.6,ERVISS
ARI incidence,FR,2025-03-30,2025-W13,111.5,ERVISS
ARI incidence,FR,2025-03-23,2025-W12,142.5,ERVISS
ARI incidence,FR,2025-03-16,2025-W11,148.5,ERVISS
ARI incidence,FR,2025-03-09,2025-W10,145.1,ERVISS
ARI incidence,FR,2025-03-02,2025-W09,187.6,ERVISS
ARI incidence,FR,2025-02-23,2025-W08,284.0,ERVISS
ARI incidence,FR,2025-02-16,2025-W07,413.4,ERVISS
ARI incidence,FR,2025-02-09,2025-W06,527.9,ERVISS
ARI incidence,FR,2025-02-02,2025-W05,642.3,ERVISS
ARI incidence,FR,2025-01-26,2025-W04,675.0,ERVISS
ARI incidence,FR,2025-01-19,2025-W03,500.9,ERVISS
ARI incidence,FR,2025-01-12,2025-W02,517.0,ERVISS
ARI incidence,FR,2025-01-05,2025-W01,489.1,ERVISS
ARI incidence,FR,2024-12-29,2024-W52,438.3,ERVISS
ARI incidence,FR,2024-12-22,2024-W51,460.9,ERVISS
ARI incidence,FR,2024-12-15,2024-W50,341.5,ERVISS
ARI incidence,FR,2024-12-08,2024-W49,291.7,ERVISS
ARI incidence,FR,2024-12-01,2024-W48,255.2,ERVISS
ARI incidence,FR,2024-11-24,2024-W47,232.6,ERVISS
ARI incidence,FR,2024-11-17,2024-W46,168.6,ERVISS
ARI incidence,FR,2024-11-10,2024-W45,145.0,ERVISS
ARI incidence,FR,2024-11-03,2024-W44,119.4,ERVISS
ARI incidence,FR,2024-10-27,2024-W43,152.7,ERVISS
ARI incidence,FR,2024-10-20,2024-W42,201.4,ERVISS
ARI incidence,FR,2024-10-13,2024-W41,235.0,ERVISS
ARI incidence,FR,2024-10-06,2024-W40,243.3,ERVISS
ARI incidence,FR,2024-09-29,2024-W39,250.7,ERVISS
ARI incidence,FR,2024-09-22,2024-W38,262.4,ERVISS
ARI incidence,FR,2024-09-15,2024-W37,173.8,ERVISS
ARI incidence,FR,2024-09-08,2024-W36,104.9,ERVISS
ARI incidence,FR,2024-09-01,2024-W35,86.7,ERVISS
ARI incidence,FR,2024-08-25,2024-W34,83.3,ERVISS
ARI incidence,FR,2024-08-18,2024-W33,64.9,ERVISS
ARI incidence,FR,2024-08-11,2024-W32,78.0,ERVISS
ARI incidence,FR,2024-08-04,2024-W31,88.9,ERVISS
ARI incidence,FR,2024-04-21,2024-W16,125.6,ERVISS
ARI incidence,FR,2024-04-14,2024-W15,121.7,ERVISS
ARI incidence,FR,2024-04-07,2024-W14,122.8,ERVISS
ARI incidence,FR,2024-03-31,2024-W13,130.4,ERVISS
ARI incidence,FR,2024-03-24,2024-W12,133.6,ERVISS
ARI incidence,FR,2024-03-17,2024-W11,147.3,ERVISS
ARI incidence,FR,2024-03-10,2024-W10,164.7,ERVISS
ARI incidence,FR,2024-03-03,2024-W09,177.5,ERVISS
ARI incidence,FR,2024-02-25,2024-W08,241.3,ERVISS
ARI incidence,FR,2024-02-18,2024-W07,299.1,ERVISS
ARI incidence,FR,2024-02-11,2024-W06,401.7,ERVISS
ARI incidence,FR,2024-02-04,2024-W05,457.5,ERVISS
ARI incidence,FR,2024-01-28,2024-W04,474.8,ERVISS
ARI incidence,FR,2024-01-21,2024-W03,395.6,ERVISS
ARI incidence,FR,2024-01-14,2024-W02,339.0,ERVISS
ARI incidence,FR,2024-01-07,2024-W01,315.5,ERVISS
ARI incidence,FR,2023-12-31,2023-W52,312.1,ERVISS
ARI incidence,FR,2023-12-24,2023-W51,428.5,ERVISS
ARI incidence,FR,2023-12-17,2023-W50,428.4,ERVISS
ARI incidence,FR,2023-12-10,2023-W49,437.0,ERVISS
ARI incidence,FR,2023-12-03,2023-W48,376.8,ERVISS
ARI incidence,FR,2023-11-26,2023-W47,342.9,ERVISS
ARI incidence,FR,2023-11-19,2023-W46,260.0,ERVISS
ARI incidence,FR,2023-11-12,2023-W45,228.8,ERVISS
ARI incidence,FR,2023-11-05,2023-W44,165.5,ERVISS
ARI incidence,FR,2023-10-29,2023-W43,160.2,ERVISS
ARI incidence,FR,2023-10-22,2023-W42,187.6,ERVISS
ARI incidence,FR,2023-10-15,2023-W41,192.7,ERVISS
ARI incidence,FR,2023-10-08,2023-W40,221.3,ERVISS
ARI incidence,FR,2023-10-01,2023-W39,239.1,ERVISS
ARI incidence,FR,2023-09-24,2023-W38,214.5,ERVISS
ARI incidence,FR,2023-09-17,2023-W37,166.8,ERVISS
ARI incidence,FR,2023-09-10,2023-W36,138.4,ERVISS
ARI incidence,FR,2023-09-03,2023-W35,114.8,ERVISS
ARI incidence,FR,2023-08-27,2023-W34,94.9,ERVISS
ARI incidence,FR,2023-08-20,2023-W33,78.2,ERVISS
ARI incidence,FR,2023-08-13,2023-W32,67.7,ERVISS
ARI incidence,FR,2023-08-06,2023-W31,68.6,ERVISS
ARI incidence,FR,2023-04-30,2023-W17,116.0,ERVISS
ARI incidence,FR,2023-04-23,2023-W16,104.6,ERVISS
ARI incidence,FR,2023-04-16,2023-W15,126.6,ERVISS
ARI incidence,FR,2023-04-09,2023-W14,150.1,ERVISS
ARI incidence,FR,2023-04-02,2023-W13,182.4,ERVISS
ARI incidence,FR,2023-03-26,2023-W12,197.7,ERVISS
ARI incidence,FR,2023-03-19,2023-W11,197.2,ERVISS
ARI incidence,FR,2023-03-12,2023-W10,200.2,ERVISS
ARI incidence,FR,2023-03-05,2023-W09,164.1,ERVISS
ARI incidence,FR,2023-02-26,2023-W08,189.3,ERVISS
ARI incidence,FR,2023-02-19,2023-W07,217.5,ERVISS
ARI incidence,FR,2023-02-12,2023-W06,242.8,ERVISS
ARI incidence,FR,2023-02-05,2023-W05,232.9,ERVISS
ARI incidence,FR,2023-01-29,2023-W04,185.0,ERVISS
ARI incidence,FR,2023-01-22,2023-W03,175.0,ERVISS
ARI incidence,FR,2023-01-15,2023-W02,198.2,ERVISS
ARI incidence,FR,2023-01-08,2023-W01,294.4,ERVISS
ARI incidence,FR,2023-01-01,2022-W52,355.7,ERVISS
ARI incidence,FR,2022-12-25,2022-W51,570.9,ERVISS
ARI incidence,FR,2022-12-18,2022-W50,586.2,ERVISS
ARI incidence,FR,2022-12-11,2022-W49,454.0,ERVISS
ARI incidence,FR,2022-12-04,2022-W48,360.3,ERVISS
ARI incidence,FR,2022-11-27,2022-W47,305.1,ERVISS
ARI incidence,FR,2022-11-20,2022-W46,225.7,ERVISS
ARI incidence,FR,2022-11-13,2022-W45,158.3,ERVISS
ARI incidence,FR,2022-11-06,2022-W44,132.3,ERVISS
ARI incidence,FR,2022-10-30,2022-W43,178.5,ERVISS
ARI incidence,FR,2022-10-23,2022-W42,185.4,ERVISS
ARI incidence,FR,2022-10-16,2022-W41,189.4,ERVISS
ARI incidence,FR,2022-10-09,2022-W40,180.8,ERVISS
ARI incidence,FR,2022-10-02,2022-W39,177.0,ERVISS
ARI incidence,FR,2022-09-25,2022-W38,125.8,ERVISS
ARI incidence,FR,2022-09-18,2022-W37,95.8,ERVISS
ARI incidence,FR,2022-09-11,2022-W36,66.6,ERVISS
ARI incidence,FR,2022-09-04,2022-W35,51.1,ERVISS
ARI incidence,FR,2022-08-28,2022-W34,49.3,ERVISS
ARI incidence,FR,2022-08-21,2022-W33,44.8,ERVISS
ARI incidence,FR,2022-08-14,2022-W32,62.5,ERVISS
ARI incidence,FR,2022-08-07,2022-W31,65.7,ERVISS
ARI incidence,DE,2026-08-30,2026-W35,559.0,ERVISS
ARI incidence,DE,2026-08-23,2026-W34,460.0,ERVISS
ARI incidence,DE,2026-08-16,2026-W33,454.0,ERVISS
ARI incidence,DE,2026-08-09,2026-W32,406.0,ERVISS
ARI incidence,DE,2026-08-02,2026-W31,482.0,ERVISS
ARI incidence,DE,2026-07-26,2026-W30,546.9,ERVISS
ARI incidence,DE,2026-07-19,2026-W29,553.0,ERVISS
ARI incidence,DE,2026-07-12,2026-W28,611.9,ERVISS
ARI incidence,DE,2026-07-05,2026-W27,607.0,ERVISS
ARI incidence,DE,2026-06-28,2026-W26,532.9,ERVISS
ARI incidence,DE,2026-06-21,2026-W25,659.9,ERVISS
ARI incidence,DE,2026-06-14,2026-W24,701.9,ERVISS
ARI incidence,DE,2026-06-07,2026-W23,544.0,ERVISS
ARI incidence,DE,2026-05-31,2026-W22,576.0,ERVISS
ARI incidence,DE,2026-05-24,2026-W21,924.9,ERVISS
ARI incidence,DE,2026-05-17,2026-W20,627.0,ERVISS
ARI incidence,DE,2026-05-10,2026-W19,887.9,ERVISS
ARI incidence,DE,2026-05-03,2026-W18,796.9,ERVISS
ARI incidence,DE,2026-04-26,2026-W17,928.9,ERVISS
ARI incidence,DE,2026-04-19,2026-W16,1065.0,ERVISS
ARI incidence,DE,2026-04-12,2026-W15,858.0,ERVISS
ARI incidence,DE,2026-04-05,2026-W14,906.9,ERVISS
ARI incidence,DE,2026-03-29,2026-W13,1128.0,ERVISS
ARI incidence,DE,2026-03-22,2026-W12,1156.0,ERVISS
ARI incidence,DE,2026-03-15,2026-W11,1218.9,ERVISS
ARI incidence,DE,2026-03-08,2026-W10,1372.9,ERVISS
ARI incidence,DE,2026-03-01,2026-W09,1654.9,ERVISS
ARI incidence,DE,2026-02-22,2026-W08,1745.0,ERVISS
ARI incidence,DE,2026-02-15,2026-W07,1875.0,ERVISS
ARI incidence,DE,2026-02-08,2026-W06,2043.9,ERVISS
ARI incidence,DE,2026-02-01,2026-W05,1940.0,ERVISS
ARI incidence,DE,2026-01-25,2026-W04,1615.9,ERVISS
ARI incidence,DE,2026-01-18,2026-W03,1562.0,ERVISS
ARI incidence,DE,2026-01-11,2026-W02,1736.9,ERVISS
ARI incidence,DE,2026-01-04,2026-W01,833.9,ERVISS
ARI incidence,DE,2025-12-28,2025-W52,520.0,ERVISS
ARI incidence,DE,2025-12-21,2025-W51,1572.0,ERVISS
ARI incidence,DE,2025-12-14,2025-W50,1677.0,ERVISS
ARI incidence,DE,2025-12-07,2025-W49,1633.0,ERVISS
ARI incidence,DE,2025-11-30,2025-W48,1561.0,ERVISS
ARI incidence,DE,2025-11-23,2025-W47,1396.0,ERVISS
ARI incidence,DE,2025-11-16,2025-W46,1314.0,ERVISS
ARI incidence,DE,2025-11-09,2025-W45,1318.9,ERVISS
ARI incidence,DE,2025-11-02,2025-W44,1309.0,ERVISS
ARI incidence,DE,2025-10-26,2025-W43,1444.0,ERVISS
ARI incidence,DE,2025-10-19,2025-W42,1431.0,ERVISS
ARI incidence,DE,2025-10-12,2025-W41,1619.9,ERVISS
ARI incidence,DE,2025-10-05,2025-W40,1172.9,ERVISS
ARI incidence,DE,2025-09-28,2025-W39,1141.9,ERVISS
ARI incidence,DE,2025-09-21,2025-W38,987.0,ERVISS
ARI incidence,DE,2025-09-14,2025-W37,804.0,ERVISS
ARI incidence,DE,2025-09-07,2025-W36,677.0,ERVISS
ARI incidence,DE,2025-08-31,2025-W35,629.9,ERVISS
ARI incidence,DE,2025-08-24,2025-W34,543.0,ERVISS
ARI incidence,DE,2025-08-17,2025-W33,523.9,ERVISS
ARI incidence,DE,2025-08-10,2025-W32,584.0,ERVISS
ARI incidence,DE,2025-08-03,2025-W31,550.0,ERVISS
ARI incidence,DE,2025-07-27,2025-W30,572.9,ERVISS
ARI incidence,DE,2025-07-20,2025-W29,606.9,ERVISS
ARI incidence,DE,2025-07-13,2025-W28,648.0,ERVISS
ARI incidence,DE,2025-07-06,2025-W27,609.0,ERVISS
ARI incidence,DE,2025-06-29,2025-W26,624.9,ERVISS
ARI incidence,DE,2025-06-22,2025-W25,567.9,ERVISS
ARI incidence,DE,2025-06-15,2025-W24,651.0,ERVISS
ARI incidence,DE,2025-06-08,2025-W23,874.0,ERVISS
ARI incidence,DE,2025-06-01,2025-W22,645.0,ERVISS
ARI incidence,DE,2025-05-25,2025-W21,864.9,ERVISS
ARI incidence,DE,2025-05-18,2025-W20,828.0,ERVISS
ARI incidence,DE,2025-05-11,2025-W19,791.0,ERVISS
ARI incidence,DE,2025-05-04,2025-W18,634.9,ERVISS
ARI incidence,DE,2025-04-27,2025-W17,767.9,ERVISS
ARI incidence,DE,2025-04-20,2025-W16,832.0,ERVISS
ARI incidence,DE,2025-04-13,2025-W15,1190.9,ERVISS
ARI incidence,DE,2025-04-06,2025-W14,1397.9,ERVISS
ARI incidence,DE,2025-03-30,2025-W13,1375.9,ERVISS
ARI incidence,DE,2025-03-23,2025-W12,1495.9,ERVISS
ARI incidence,DE,2025-03-16,2025-W11,1842.9,ERVISS
ARI incidence,DE,2025-03-09,2025-W10,1842.0,ERVISS
ARI incidence,DE,2025-03-02,2025-W09,2306.0,ERVISS
ARI incidence,DE,2025-02-23,2025-W08,2534.0,ERVISS
ARI incidence,DE,2025-02-16,2025-W07,2647.9,ERVISS
ARI incidence,DE,2025-02-09,2025-W06,2469.9,ERVISS
ARI incidence,DE,2025-02-02,2025-W05,2637.0,ERVISS
ARI incidence,DE,2025-01-26,2025-W04,2184.9,ERVISS
ARI incidence,DE,2025-01-19,2025-W03,1689.9,ERVISS
ARI incidence,DE,2025-01-12,2025-W02,1695.9,ERVISS
ARI incidence,DE,2025-01-05,2025-W01,958.0,ERVISS
ARI incidence,DE,2024-12-29,2024-W52,519.0,ERVISS
ARI incidence,DE,2024-12-22,2024-W51,1642.0,ERVISS
ARI incidence,DE,2024-12-15,2024-W50,1707.0,ERVISS
ARI incidence,DE,2024-12-08,2024-W49,1618.0,ERVISS
ARI incidence,DE,2024-12-01,2024-W48,1583.9,ERVISS
ARI incidence,DE,2024-11-24,2024-W47,1665.0,ERVISS
ARI incidence,DE,2024-11-17,2024-W46,1617.9,ERVISS
ARI incidence,DE,2024-11-10,2024-W45,1721.0,ERVISS
ARI incidence,DE,2024-11-03,2024-W44,1294.0,ERVISS
ARI incidence,DE,2024-10-27,2024-W43,1660.0,ERVISS
ARI incidence,DE,2024-10-20,2024-W42,1702.0,ERVISS
ARI incidence,DE,2024-10-13,2024-W41,1927.0,ERVISS
ARI incidence,DE,2024-10-06,2024-W40,1358.0,ERVISS
ARI incidence,DE,2024-09-29,2024-W39,1477.9,ERVISS
ARI incidence,DE,2024-09-22,2024-W38,1517.0,ERVISS
ARI incidence,DE,2024-09-15,2024-W37,1095.9,ERVISS
ARI incidence,DE,2024-09-08,2024-W36,920.0,ERVISS
ARI incidence,DE,2024-09-01,2024-W35,847.9,ERVISS
ARI incidence,DE,2024-08-25,2024-W34,803.9,ERVISS
ARI incidence,DE,2024-08-18,2024-W33,691.9,ERVISS
ARI incidence,DE,2024-08-11,2024-W32,701.9,ERVISS
ARI incidence,DE,2024-08-04,2024-W31,691.0,ERVISS
ARI incidence,DE,2024-07-28,2024-W30,741.0,ERVISS
ARI incidence,DE,2024-07-21,2024-W29,861.0,ERVISS
ARI incidence,DE,2024-07-14,2024-W28,972.9,ERVISS
ARI incidence,DE,2024-07-07,2024-W27,1050.9,ERVISS
ARI incidence,DE,2024-06-30,2024-W26,960.9,ERVISS
ARI incidence,DE,2024-06-23,2024-W25,1016.9,ERVISS
ARI incidence,DE,2024-06-16,2024-W24,1027.9,ERVISS
ARI incidence,DE,2024-06-09,2024-W23,907.0,ERVISS
ARI incidence,DE,2024-06-02,2024-W22,763.9,ERVISS
ARI incidence,DE,2024-05-26,2024-W21,837.0,ERVISS
ARI incidence,DE,2024-05-19,2024-W20,1094.9,ERVISS
ARI incidence,DE,2024-05-12,2024-W19,829.0,ERVISS
ARI incidence,DE,2024-05-05,2024-W18,1004.9,ERVISS
ARI incidence,DE,2024-04-28,2024-W17,1282.9,ERVISS
ARI incidence,DE,2024-04-21,2024-W16,1140.0,ERVISS
ARI incidence,DE,2024-04-14,2024-W15,1168.0,ERVISS
ARI incidence,DE,2024-04-07,2024-W14,1131.0,ERVISS
ARI incidence,DE,2024-03-31,2024-W13,1020.9,ERVISS
ARI incidence,DE,2024-03-24,2024-W12,1370.9,ERVISS
ARI incidence,DE,2024-03-17,2024-W11,1433.0,ERVISS
ARI incidence,DE,2024-03-10,2024-W10,1427.0,ERVISS
ARI incidence,DE,2024-03-03,2024-W09,1537.9,ERVISS
ARI incidence,DE,2024-02-25,2024-W08,1800.9,ERVISS
ARI incidence,DE,2024-02-18,2024-W07,1768.0,ERVISS
ARI incidence,DE,2024-02-11,2024-W06,2068.0,ERVISS
ARI incidence,DE,2024-02-04,2024-W05,2168.0,ERVISS
ARI incidence,DE,2024-01-28,2024-W04,2028.9,ERVISS
ARI incidence,DE,2024-01-21,2024-W03,1768.9,ERVISS
ARI incidence,DE,2024-01-14,2024-W02,1637.0,ERVISS
ARI incidence,DE,2024-01-07,2024-W01,1646.0,ERVISS
ARI incidence,DE,2023-12-31,2023-W52,962.0,ERVISS
ARI incidence,DE,2023-12-24,2023-W51,2229.0,ERVISS
ARI incidence,DE,2023-12-17,2023-W50,2529.0,ERVISS
ARI incidence,DE,2023-12-10,2023-W49,2318.9,ERVISS
ARI incidence,DE,2023-12-03,2023-W48,2073.9,ERVISS
ARI incidence,DE,2023-11-26,2023-W47,2068.0,ERVISS
ARI incidence,DE,2023-11-19,2023-W46,1915.0,ERVISS
ARI incidence,DE,2023-11-12,2023-W45,1800.0,ERVISS
ARI incidence,DE,2023-11-05,2023-W44,1471.0,ERVISS
ARI incidence,DE,2023-10-29,2023-W43,1638.0,ERVISS
ARI incidence,DE,2023-10-22,2023-W42,1554.9,ERVISS
ARI incidence,DE,2023-10-15,2023-W41,1522.9,ERVISS
ARI incidence,DE,2023-10-08,2023-W40,1091.9,ERVISS
ARI incidence,DE,2023-10-01,2023-W39,1275.9,ERVISS
ARI incidence,DE,2023-09-24,2023-W38,1141.0,ERVISS
ARI incidence,DE,2023-09-17,2023-W37,1058.9,ERVISS
ARI incidence,DE,2023-09-10,2023-W36,943.9,ERVISS
ARI incidence,DE,2023-09-03,2023-W35,797.0,ERVISS
ARI incidence,DE,2023-08-27,2023-W34,685.0,ERVISS
ARI incidence,DE,2023-08-20,2023-W33,638.0,ERVISS
ARI incidence,DE,2023-08-13,2023-W32,584.0,ERVISS
ARI incidence,DE,2023-08-06,2023-W31,542.9,ERVISS
ARI incidence,DE,2023-07-30,2023-W30,544.0,ERVISS
ARI incidence,DE,2023-07-23,2023-W29,532.0,ERVISS
ARI incidence,DE,2023-07-16,2023-W28,527.9,ERVISS
ARI incidence,DE,2023-07-09,2023-W27,613.0,ERVISS
ARI incidence,DE,2023-07-02,2023-W26,558.9,ERVISS
ARI incidence,DE,2023-06-25,2023-W25,656.0,ERVISS
ARI incidence,DE,2023-06-18,2023-W24,765.0,ERVISS
ARI incidence,DE,2023-06-11,2023-W23,720.9,ERVISS
ARI incidence,DE,2023-06-04,2023-W22,762.9,ERVISS
ARI incidence,DE,2023-05-28,2023-W21,1052.9,ERVISS
ARI incidence,DE,2023-05-21,2023-W20,773.9,ERVISS
ARI incidence,DE,2023-05-14,2023-W19,1112.9,ERVISS
ARI incidence,DE,2023-05-07,2023-W18,975.0,ERVISS
ARI incidence,DE,2023-04-30,2023-W17,1176.9,ERVISS
ARI incidence,DE,2023-04-23,2023-W16,1284.9,ERVISS
ARI incidence,DE,2023-04-16,2023-W15,1119.9,ERVISS
ARI incidence,DE,2023-04-09,2023-W14,1123.9,ERVISS
ARI incidence,DE,2023-04-02,2023-W13,1656.0,ERVISS
ARI incidence,DE,2023-03-26,2023-W12,1787.9,ERVISS
ARI incidence,DE,2023-03-19,2023-W11,1923.0,ERVISS
ARI incidence,DE,2023-03-12,2023-W10,2017.0,ERVISS
ARI incidence,DE,2023-03-05,2023-W09,2182.9,ERVISS
ARI incidence,DE,2023-02-26,2023-W08,1943.9,ERVISS
ARI incidence,DE,2023-02-19,2023-W07,1859.9,ERVISS
ARI incidence,DE,2023-02-12,2023-W06,1853.0,ERVISS
ARI incidence,DE,2023-02-05,2023-W05,1730.0,ERVISS
ARI incidence,DE,2023-01-29,2023-W04,1531.0,ERVISS
ARI incidence,DE,2023-01-22,2023-W03,1340.0,ERVISS
ARI incidence,DE,2023-01-15,2023-W02,1537.0,ERVISS
ARI incidence,DE,2023-01-08,2023-W01,1850.9,ERVISS
ARI incidence,DE,2023-01-01,2022-W52,1312.9,ERVISS
ARI incidence,DE,2022-12-25,2022-W51,2786.0,ERVISS
ARI incidence,DE,2022-12-18,2022-W50,3251.0,ERVISS
ARI incidence,DE,2022-12-11,2022-W49,3211.0,ERVISS
ARI incidence,DE,2022-12-04,2022-W48,2715.0,ERVISS
ARI incidence,DE,2022-11-27,2022-W47,2253.9,ERVISS
ARI incidence,DE,2022-11-20,2022-W46,1826.9,ERVISS
ARI incidence,DE,2022-11-13,2022-W45,1665.9,ERVISS
ARI incidence,DE,2022-11-06,2022-W44,1298.0,ERVISS
ARI incidence,DE,2022-10-30,2022-W43,1740.9,ERVISS
ARI incidence,DE,2022-10-23,2022-W42,1816.9,ERVISS
ARI incidence,DE,2022-10-16,2022-W41,2185.9,ERVISS
ARI incidence,DE,2022-10-09,2022-W40,2081.9,ERVISS
ARI incidence,DE,2022-10-02,2022-W39,1895.0,ERVISS
ARI incidence,DE,2022-09-25,2022-W38,1603.0,ERVISS
ARI incidence,DE,2022-09-18,2022-W37,1213.0,ERVISS
ARI incidence,DE,2022-09-11,2022-W36,937.0,ERVISS
ARI incidence,DE,2022-09-04,2022-W35,843.0,ERVISS
ARI incidence,DE,2022-08-28,2022-W34,797.9,ERVISS
ARI incidence,DE,2022-08-21,2022-W33,824.0,ERVISS
ARI incidence,DE,2022-08-14,2022-W32,883.9,ERVISS
ARI incidence,DE,2022-08-07,2022-W31,897.9,ERVISS
ARI incidence,DE,2022-07-31,2022-W30,1055.9,ERVISS
ARI incidence,DE,2022-07-24,2022-W29,1297.9,ERVISS
ARI incidence,DE,2022-07-17,2022-W28,1473.9,ERVISS
ARI incidence,DE,2022-07-10,2022-W27,1516.0,ERVISS
ARI incidence,DE,2022-07-03,2022-W26,1462.0,ERVISS
ARI incidence,DE,2022-06-26,2022-W25,1464.9,ERVISS
ARI incidence,HU,2026-08-30,2026-W35,450.1,ERVISS
ARI incidence,HU,2026-08-23,2026-W34,329.6,ERVISS
ARI incidence,HU,2026-08-16,2026-W33,391.3,ERVISS
ARI incidence,HU,2026-08-09,2026-W32,403.0,ERVISS
ARI incidence,HU,2026-08-02,2026-W31,448.2,ERVISS
ARI incidence,HU,2026-07-26,2026-W30,483.1,ERVISS
ARI incidence,HU,2026-07-19,2026-W29,541.3,ERVISS
ARI incidence,HU,2026-07-12,2026-W28,594.5,ERVISS
ARI incidence,HU,2026-07-05,2026-W27,564.7,ERVISS
ARI incidence,HU,2026-06-28,2026-W26,677.3,ERVISS
ARI incidence,HU,2026-06-21,2026-W25,978.5,ERVISS
ARI incidence,HU,2026-06-14,2026-W24,1185.5,ERVISS
ARI incidence,HU,2026-06-07,2026-W23,1236.7,ERVISS
ARI incidence,HU,2026-05-31,2026-W22,1169.3,ERVISS
ARI incidence,HU,2026-05-24,2026-W21,1577.9,ERVISS
ARI incidence,HU,2026-05-17,2026-W20,1280.6,ERVISS
ARI incidence,HU,2026-05-10,2026-W19,1271.3,ERVISS
ARI incidence,HU,2026-05-03,2026-W18,1261.9,ERVISS
ARI incidence,HU,2026-04-26,2026-W17,1338.3,ERVISS
ARI incidence,HU,2026-04-19,2026-W16,1344.5,ERVISS
ARI incidence,HU,2026-04-12,2026-W15,1064.2,ERVISS
ARI incidence,HU,2026-04-05,2026-W14,1454.1,ERVISS
ARI incidence,HU,2026-03-29,2026-W13,1947.1,ERVISS
ARI incidence,HU,2026-03-22,2026-W12,2041.0,ERVISS
ARI incidence,HU,2026-03-15,2026-W11,2120.5,ERVISS
ARI incidence,HU,2026-03-08,2026-W10,2256.7,ERVISS
ARI incidence,HU,2026-03-01,2026-W09,2396.4,ERVISS
ARI incidence,HU,2026-02-22,2026-W08,2572.2,ERVISS
ARI incidence,HU,2026-02-15,2026-W07,2736.3,ERVISS
ARI incidence,HU,2026-02-08,2026-W06,2960.4,ERVISS
ARI incidence,HU,2026-02-01,2026-W05,2993.8,ERVISS
ARI incidence,HU,2026-01-25,2026-W04,2699.2,ERVISS
ARI incidence,HU,2026-01-18,2026-W03,2256.9,ERVISS
ARI incidence,HU,2026-01-11,2026-W02,2202.1,ERVISS
ARI incidence,HU,2026-01-04,2026-W01,921.1,ERVISS
ARI incidence,HU,2025-12-21,2025-W51,2613.1,ERVISS
ARI incidence,HU,2025-12-14,2025-W50,2605.3,ERVISS
ARI incidence,HU,2025-12-07,2025-W49,2249.4,ERVISS
ARI incidence,HU,2025-11-30,2025-W48,2195.0,ERVISS
ARI incidence,HU,2025-11-23,2025-W47,1939.7,ERVISS
ARI incidence,HU,2025-11-16,2025-W46,1711.3,ERVISS
ARI incidence,HU,2025-11-09,2025-W45,1590.0,ERVISS
ARI incidence,HU,2025-11-02,2025-W44,1420.6,ERVISS
ARI incidence,HU,2025-10-26,2025-W43,1570.1,ERVISS
ARI incidence,HU,2025-10-19,2025-W42,2329.6,ERVISS
ARI incidence,HU,2025-10-12,2025-W41,2267.7,ERVISS
ARI incidence,HU,2025-10-05,2025-W40,2126.3,ERVISS
ARI incidence,HU,2025-05-18,2025-W20,991.1,ERVISS
ARI incidence,HU,2025-05-11,2025-W19,852.9,ERVISS
ARI incidence,HU,2025-05-04,2025-W18,702.7,ERVISS
ARI incidence,HU,2025-04-27,2025-W17,870.5,ERVISS
ARI incidence,HU,2025-04-20,2025-W16,1226.9,ERVISS
ARI incidence,HU,2025-04-13,2025-W15,1670.8,ERVISS
ARI incidence,HU,2025-04-06,2025-W14,1765.4,ERVISS
ARI incidence,HU,2025-03-30,2025-W13,1982.4,ERVISS
ARI incidence,HU,2025-03-23,2025-W12,2254.4,ERVISS
ARI incidence,HU,2025-03-16,2025-W11,2662.5,ERVISS
ARI incidence,HU,2025-03-09,2025-W10,3035.2,ERVISS
ARI incidence,HU,2025-03-02,2025-W09,3431.4,ERVISS
ARI incidence,HU,2025-02-23,2025-W08,3431.1,ERVISS
ARI incidence,HU,2025-02-16,2025-W07,3256.3,ERVISS
ARI incidence,HU,2025-02-09,2025-W06,3203.4,ERVISS
ARI incidence,HU,2025-02-02,2025-W05,3360.4,ERVISS
ARI incidence,HU,2025-01-26,2025-W04,3078.8,ERVISS
ARI incidence,HU,2025-01-19,2025-W03,2571.8,ERVISS
ARI incidence,HU,2025-01-12,2025-W02,2321.6,ERVISS
ARI incidence,HU,2025-01-05,2025-W01,1430.1,ERVISS
ARI incidence,HU,2024-12-22,2024-W51,2445.2,ERVISS
ARI incidence,HU,2024-12-15,2024-W50,2412.7,ERVISS
ARI incidence,HU,2024-12-08,2024-W49,2237.2,ERVISS
ARI incidence,HU,2024-12-01,2024-W48,2237.2,ERVISS
ARI incidence,HU,2024-11-24,2024-W47,2092.1,ERVISS
ARI incidence,HU,2024-11-17,2024-W46,1863.5,ERVISS
ARI incidence,HU,2024-11-10,2024-W45,1666.5,ERVISS
ARI incidence,HU,2024-11-03,2024-W44,1281.9,ERVISS
ARI incidence,HU,2024-10-27,2024-W43,1794.2,ERVISS
ARI incidence,HU,2024-10-20,2024-W42,2094.0,ERVISS
ARI incidence,HU,2024-10-13,2024-W41,2191.8,ERVISS
ARI incidence,HU,2024-10-06,2024-W40,2353.2,ERVISS
ARI incidence,HU,2024-05-19,2024-W20,1183.9,ERVISS
ARI incidence,HU,2024-05-12,2024-W19,1227.2,ERVISS
ARI incidence,HU,2024-05-05,2024-W18,1264.6,ERVISS
ARI incidence,HU,2024-04-28,2024-W17,1472.8,ERVISS
ARI incidence,HU,2024-04-21,2024-W16,1370.4,ERVISS
ARI incidence,HU,2024-04-14,2024-W15,1332.3,ERVISS
ARI incidence,HU,2024-04-07,2024-W14,1247.4,ERVISS
ARI incidence,HU,2024-03-31,2024-W13,1666.7,ERVISS
ARI incidence,HU,2024-03-24,2024-W12,2145.7,ERVISS
ARI incidence,HU,2024-03-17,2024-W11,2027.8,ERVISS
ARI incidence,HU,2024-03-10,2024-W10,2402.8,ERVISS
ARI incidence,HU,2024-03-03,2024-W09,2600.4,ERVISS
ARI incidence,HU,2024-02-25,2024-W08,2952.0,ERVISS
ARI incidence,HU,2024-02-18,2024-W07,2984.0,ERVISS
ARI incidence,HU,2024-02-11,2024-W06,3026.1,ERVISS
ARI incidence,HU,2024-02-04,2024-W05,2796.8,ERVISS
ARI incidence,HU,2024-01-28,2024-W04,2408.5,ERVISS
ARI incidence,HU,2024-01-21,2024-W03,2034.8,ERVISS
ARI incidence,HU,2024-01-14,2024-W02,1821.1,ERVISS
ARI incidence,HU,2024-01-07,2024-W01,1573.1,ERVISS
ARI incidence,HU,2023-12-24,2023-W51,2516.7,ERVISS
ARI incidence,HU,2023-12-17,2023-W50,3050.9,ERVISS
ARI incidence,HU,2023-12-10,2023-W49,2710.3,ERVISS
ARI incidence,HU,2023-12-03,2023-W48,2577.5,ERVISS
ARI incidence,HU,2023-11-26,2023-W47,2337.6,ERVISS
ARI incidence,HU,2023-11-19,2023-W46,1971.4,ERVISS
ARI incidence,HU,2023-11-12,2023-W45,1808.9,ERVISS
ARI incidence,HU,2023-11-05,2023-W44,1295.8,ERVISS
ARI incidence,HU,2023-10-29,2023-W43,1746.9,ERVISS
ARI incidence,HU,2023-10-22,2023-W42,2024.8,ERVISS
ARI incidence,HU,2023-10-15,2023-W41,1964.7,ERVISS
ARI incidence,HU,2023-10-08,2023-W40,1696.2,ERVISS
ARI incidence,HU,2023-05-21,2023-W20,1201.6,ERVISS
ARI incidence,HU,2023-05-14,2023-W19,1257.3,ERVISS
ARI incidence,HU,2023-05-07,2023-W18,1234.4,ERVISS
ARI incidence,HU,2023-04-30,2023-W17,1093.2,ERVISS
ARI incidence,HU,2023-04-23,2023-W16,1528.8,ERVISS
ARI incidence,HU,2023-04-16,2023-W15,1533.8,ERVISS
ARI incidence,HU,2023-04-09,2023-W14,1589.5,ERVISS
ARI incidence,HU,2023-04-02,2023-W13,2062.3,ERVISS
ARI incidence,HU,2023-03-26,2023-W12,2216.6,ERVISS
ARI incidence,HU,2023-03-19,2023-W11,2275.9,ERVISS
ARI incidence,HU,2023-03-12,2023-W10,2833.3,ERVISS
ARI incidence,HU,2023-03-05,2023-W09,3034.8,ERVISS
ARI incidence,HU,2023-02-26,2023-W08,3038.0,ERVISS
ARI incidence,HU,2023-02-19,2023-W07,2901.2,ERVISS
ARI incidence,HU,2023-02-12,2023-W06,2718.0,ERVISS
ARI incidence,HU,2023-02-05,2023-W05,2507.8,ERVISS
ARI incidence,HU,2023-01-29,2023-W04,2172.2,ERVISS
ARI incidence,HU,2023-01-22,2023-W03,1904.9,ERVISS
ARI incidence,HU,2023-01-15,2023-W02,1753.3,ERVISS
ARI incidence,HU,2023-01-08,2023-W01,1663.5,ERVISS
ARI incidence,HU,2023-01-01,2022-W52,1376.6,ERVISS
ARI incidence,HU,2022-12-25,2022-W51,2266.6,ERVISS
ARI incidence,HU,2022-12-18,2022-W50,2770.6,ERVISS
ARI incidence,HU,2022-12-11,2022-W49,2461.1,ERVISS
ARI incidence,HU,2022-12-04,2022-W48,2392.5,ERVISS
ARI incidence,HU,2022-11-27,2022-W47,2216.8,ERVISS
ARI incidence,HU,2022-11-20,2022-W46,2081.1,ERVISS
ARI incidence,HU,2022-11-13,2022-W45,1877.3,ERVISS
ARI incidence,HU,2022-11-06,2022-W44,1515.1,ERVISS
ARI incidence,HU,2022-10-30,2022-W43,2007.4,ERVISS
ARI incidence,HU,2022-10-23,2022-W42,2115.2,ERVISS
ARI incidence,HU,2022-10-16,2022-W41,2166.0,ERVISS
ARI incidence,HU,2022-10-09,2022-W40,2130.6,ERVISS
ARI incidence,IS,2026-08-30,2026-W35,45.4,ERVISS
ARI incidence,IS,2026-08-23,2026-W34,36.0,ERVISS
ARI incidence,IS,2026-08-16,2026-W33,30.7,ERVISS
ARI incidence,IS,2026-08-09,2026-W32,29.2,ERVISS
ARI incidence,IS,2026-08-02,2026-W31,26.6,ERVISS
ARI incidence,IS,2026-07-26,2026-W30,30.2,ERVISS
ARI incidence,IS,2026-07-19,2026-W29,16.7,ERVISS
ARI incidence,IS,2026-07-12,2026-W28,34.0,ERVISS
ARI incidence,IS,2026-07-05,2026-W27,33.2,ERVISS
ARI incidence,IS,2026-06-28,2026-W26,38.0,ERVISS
ARI incidence,IS,2026-06-21,2026-W25,34.7,ERVISS
ARI incidence,IS,2026-06-14,2026-W24,35.8,ERVISS
ARI incidence,IS,2026-06-07,2026-W23,42.6,ERVISS
ARI incidence,IS,2026-05-31,2026-W22,44.6,ERVISS
ARI incidence,IS,2026-05-24,2026-W21,51.5,ERVISS
ARI incidence,IS,2026-05-17,2026-W20,48.2,ERVISS
ARI incidence,IS,2026-05-10,2026-W19,51.0,ERVISS
ARI incidence,IS,2026-05-03,2026-W18,46.7,ERVISS
ARI incidence,IS,2026-04-26,2026-W17,46.2,ERVISS
ARI incidence,IS,2026-04-19,2026-W16,41.3,ERVISS
ARI incidence,IS,2026-04-12,2026-W15,56.0,ERVISS
ARI incidence,IS,2026-04-05,2026-W14,48.7,ERVISS
ARI incidence,IS,2026-03-29,2026-W13,58.8,ERVISS
ARI incidence,IS,2026-03-22,2026-W12,67.2,ERVISS
ARI incidence,IS,2026-03-15,2026-W11,67.7,ERVISS
ARI incidence,IS,2026-03-08,2026-W10,62.4,ERVISS
ARI incidence,IS,2026-03-01,2026-W09,71.4,ERVISS
ARI incidence,IS,2026-02-22,2026-W08,75.7,ERVISS
ARI incidence,IS,2026-02-15,2026-W07,71.6,ERVISS
ARI incidence,IS,2026-02-08,2026-W06,80.6,ERVISS
ARI incidence,IS,2026-02-01,2026-W05,83.7,ERVISS
ARI incidence,IS,2026-01-25,2026-W04,75.5,ERVISS
ARI incidence,IS,2026-01-18,2026-W03,67.0,ERVISS
ARI incidence,IS,2026-01-11,2026-W02,82.9,ERVISS
ARI incidence,IS,2026-01-04,2026-W01,78.3,ERVISS
ARI incidence,IS,2025-12-28,2025-W52,76.8,ERVISS
ARI incidence,IS,2025-12-21,2025-W51,129.2,ERVISS
ARI incidence,IS,2025-12-14,2025-W50,145.3,ERVISS
ARI incidence,IS,2025-12-07,2025-W49,133.5,ERVISS
ARI incidence,IS,2025-11-30,2025-W48,109.9,ERVISS
ARI incidence,IS,2025-11-23,2025-W47,108.1,ERVISS
ARI incidence,IS,2025-11-16,2025-W46,87.0,ERVISS
ARI incidence,IS,2025-11-09,2025-W45,78.6,ERVISS
ARI incidence,IS,2025-11-02,2025-W44,67.0,ERVISS
ARI incidence,IS,2025-10-26,2025-W43,61.6,ERVISS
ARI incidence,IS,2025-10-19,2025-W42,72.9,ERVISS
ARI incidence,IS,2025-10-12,2025-W41,79.9,ERVISS
ARI incidence,IS,2025-10-05,2025-W40,66.5,ERVISS
ARI incidence,IS,2025-09-28,2025-W39,68.8,ERVISS
ARI incidence,IS,2025-09-21,2025-W38,58.3,ERVISS
ARI incidence,IS,2025-09-14,2025-W37,57.3,ERVISS
ARI incidence,IS,2025-09-07,2025-W36,63.7,ERVISS
ARI incidence,IS,2025-08-31,2025-W35,50.1,ERVISS
ARI incidence,IS,2025-08-24,2025-W34,45.4,ERVISS
ARI incidence,IS,2025-08-17,2025-W33,43.4,ERVISS
ARI incidence,IS,2025-08-10,2025-W32,37.2,ERVISS
ARI incidence,IS,2025-08-03,2025-W31,38.0,ERVISS
ARI incidence,IS,2025-07-27,2025-W30,41.3,ERVISS
ARI incidence,IS,2025-07-20,2025-W29,51.1,ERVISS
ARI incidence,IS,2025-07-13,2025-W28,43.4,ERVISS
ARI incidence,IS,2025-07-06,2025-W27,50.6,ERVISS
ARI incidence,IS,2025-06-29,2025-W26,52.6,ERVISS
ARI incidence,IS,2025-06-22,2025-W25,55.0,ERVISS
ARI incidence,IS,2025-06-15,2025-W24,62.4,ERVISS
ARI incidence,IS,2025-06-08,2025-W23,79.3,ERVISS
ARI incidence,IS,2025-06-01,2025-W22,61.6,ERVISS
ARI incidence,IE,2026-08-30,2026-W35,21.7,ERVISS
ARI incidence,IE,2026-08-23,2026-W34,15.5,ERVISS
ARI incidence,IE,2026-08-16,2026-W33,21.3,ERVISS
ARI incidence,IE,2026-08-09,2026-W32,17.8,ERVISS
ARI incidence,IE,2026-08-02,2026-W31,16.2,ERVISS
ARI incidence,IE,2026-07-26,2026-W30,20.4,ERVISS
ARI incidence,IE,2026-07-19,2026-W29,17.7,ERVISS
ARI incidence,IE,2026-07-12,2026-W28,20.6,ERVISS
ARI incidence,IE,2026-07-05,2026-W27,26.6,ERVISS
ARI incidence,IE,2026-06-28,2026-W26,25.2,ERVISS
ARI incidence,IE,2026-06-21,2026-W25,35.4,ERVISS
ARI incidence,IE,2026-06-14,2026-W24,34.8,ERVISS
ARI incidence,IE,2026-06-07,2026-W23,29.7,ERVISS
ARI incidence,IE,2026-05-31,2026-W22,39.0,ERVISS
ARI incidence,IE,2026-05-24,2026-W21,47.6,ERVISS
ARI incidence,IE,2026-05-17,2026-W20,48.7,ERVISS
ARI incidence,IE,2026-05-10,2026-W19,35.9,ERVISS
ARI incidence,IE,2026-05-03,2026-W18,41.8,ERVISS
ARI incidence,IE,2026-04-26,2026-W17,50.4,ERVISS
ARI incidence,IE,2026-04-19,2026-W16,52.4,ERVISS
ARI incidence,IE,2026-04-12,2026-W15,40.0,ERVISS
ARI incidence,IE,2026-04-05,2026-W14,59.3,ERVISS
ARI incidence,IE,2026-03-29,2026-W13,56.4,ERVISS
ARI incidence,IE,2026-03-22,2026-W12,53.3,ERVISS
ARI incidence,IE,2026-03-15,2026-W11,57.3,ERVISS
ARI incidence,IE,2026-03-08,2026-W10,61.7,ERVISS
ARI incidence,IE,2026-03-01,2026-W09,62.2,ERVISS
ARI incidence,IE,2026-02-22,2026-W08,65.7,ERVISS
ARI incidence,IE,2026-02-15,2026-W07,71.9,ERVISS
ARI incidence,IE,2026-02-08,2026-W06,63.7,ERVISS
ARI incidence,IE,2026-02-01,2026-W05,86.2,ERVISS
ARI incidence,IE,2026-01-25,2026-W04,102.0,ERVISS
ARI incidence,IE,2026-01-18,2026-W03,102.5,ERVISS
ARI incidence,IE,2026-01-11,2026-W02,137.4,ERVISS
ARI incidence,IE,2026-01-04,2026-W01,116.6,ERVISS
ARI incidence,IE,2025-12-28,2025-W52,84.3,ERVISS
ARI incidence,IE,2025-12-21,2025-W51,149.8,ERVISS
ARI incidence,IE,2025-12-14,2025-W50,152.5,ERVISS
ARI incidence,IE,2025-12-07,2025-W49,144.1,ERVISS
ARI incidence,IE,2025-11-30,2025-W48,123.2,ERVISS
ARI incidence,IE,2025-11-23,2025-W47,91.6,ERVISS
ARI incidence,IE,2025-11-16,2025-W46,63.7,ERVISS
ARI incidence,IE,2025-11-09,2025-W45,68.4,ERVISS
ARI incidence,IE,2025-11-02,2025-W44,55.5,ERVISS
ARI incidence,IE,2025-10-26,2025-W43,52.6,ERVISS
ARI incidence,IE,2025-10-19,2025-W42,53.7,ERVISS
ARI incidence,IE,2025-10-12,2025-W41,59.1,ERVISS
ARI incidence,IE,2025-10-05,2025-W40,54.0,ERVISS
ARI incidence,IE,2025-09-28,2025-W39,63.7,ERVISS
ARI incidence,IE,2025-09-21,2025-W38,43.1,ERVISS
ARI incidence,IE,2025-09-14,2025-W37,36.2,ERVISS
ARI incidence,IE,2025-09-07,2025-W36,24.5,ERVISS
ARI incidence,IE,2025-08-31,2025-W35,21.1,ERVISS
ARI incidence,IE,2025-08-24,2025-W34,18.5,ERVISS
ARI incidence,IE,2025-08-17,2025-W33,23.0,ERVISS
ARI incidence,IE,2025-08-10,2025-W32,12.9,ERVISS
ARI incidence,IE,2025-08-03,2025-W31,16.2,ERVISS
ARI incidence,IE,2025-07-27,2025-W30,17.7,ERVISS
ARI incidence,IE,2025-07-20,2025-W29,16.2,ERVISS
ARI incidence,IE,2025-07-13,2025-W28,41.1,ERVISS
ARI incidence,IE,2025-07-06,2025-W27,36.6,ERVISS
ARI incidence,IE,2025-06-29,2025-W26,26.9,ERVISS
ARI incidence,IE,2025-06-22,2025-W25,33.8,ERVISS
ARI incidence,IE,2025-06-15,2025-W24,38.1,ERVISS
ARI incidence,IE,2025-06-08,2025-W23,26.6,ERVISS
ARI incidence,IE,2025-06-01,2025-W22,31.7,ERVISS
ARI incidence,IE,2025-05-25,2025-W21,29.7,ERVISS
ARI incidence,IE,2025-05-18,2025-W20,29.1,ERVISS
ARI incidence,IE,2025-05-11,2025-W19,30.4,ERVISS
ARI incidence,IE,2025-05-04,2025-W18,41.1,ERVISS
ARI incidence,IE,2025-04-27,2025-W17,34.5,ERVISS
ARI incidence,IE,2025-04-20,2025-W16,44.2,ERVISS
ARI incidence,IE,2025-04-13,2025-W15,56.0,ERVISS
ARI incidence,IE,2025-04-06,2025-W14,56.2,ERVISS
ARI incidence,IE,2025-03-30,2025-W13,61.2,ERVISS
ARI incidence,IE,2025-03-23,2025-W12,54.3,ERVISS
ARI incidence,IE,2025-03-16,2025-W11,59.6,ERVISS
ARI incidence,IE,2025-03-09,2025-W10,62.9,ERVISS
ARI incidence,IE,2025-03-02,2025-W09,64.8,ERVISS
ARI incidence,IE,2025-02-23,2025-W08,78.0,ERVISS
ARI incidence,IE,2025-02-16,2025-W07,80.0,ERVISS
ARI incidence,IE,2025-02-09,2025-W06,65.9,ERVISS
ARI incidence,IE,2025-02-02,2025-W05,79.4,ERVISS
ARI incidence,IE,2025-01-26,2025-W04,67.7,ERVISS
ARI incidence,IE,2025-01-19,2025-W03,82.9,ERVISS
ARI incidence,IE,2025-01-12,2025-W02,122.0,ERVISS
ARI incidence,IE,2025-01-05,2025-W01,129.5,ERVISS
ARI incidence,IE,2024-12-29,2024-W52,110.4,ERVISS
ARI incidence,IE,2024-12-22,2024-W51,128.4,ERVISS
ARI incidence,IE,2024-12-15,2024-W50,114.7,ERVISS
ARI incidence,IE,2024-12-08,2024-W49,95.4,ERVISS
ARI incidence,IE,2024-12-01,2024-W48,81.0,ERVISS
ARI incidence,IE,2024-11-24,2024-W47,76.5,ERVISS
ARI incidence,IE,2024-11-17,2024-W46,65.2,ERVISS
ARI incidence,IE,2024-11-10,2024-W45,61.3,ERVISS
ARI incidence,IE,2024-11-03,2024-W44,39.8,ERVISS
ARI incidence,IE,2024-10-27,2024-W43,60.6,ERVISS
ARI incidence,IE,2024-10-20,2024-W42,62.3,ERVISS
ARI incidence,IE,2024-10-13,2024-W41,57.2,ERVISS
ARI incidence,IE,2024-10-06,2024-W40,54.0,ERVISS
ARI incidence,IT,2026-03-01,2026-W09,787.4,ERVISS
ARI incidence,IT,2026-02-22,2026-W08,841.9,ERVISS
ARI incidence,IT,2026-02-15,2026-W07,947.6,ERVISS
ARI incidence,IT,2026-02-08,2026-W06,1052.5,ERVISS
ARI incidence,IT,2026-02-01,2026-W05,1149.1,ERVISS
ARI incidence,IT,2026-01-25,2026-W04,1256.4,ERVISS
ARI incidence,IT,2026-01-18,2026-W03,1393.5,ERVISS
ARI incidence,IT,2026-01-11,2026-W02,1522.8,ERVISS
ARI incidence,IT,2026-01-04,2026-W01,1616.8,ERVISS
ARI incidence,IT,2025-12-28,2025-W52,1610.6,ERVISS
ARI incidence,IT,2025-12-21,2025-W51,1860.0,ERVISS
ARI incidence,IT,2025-12-14,2025-W50,1597.3,ERVISS
ARI incidence,IT,2025-12-07,2025-W49,1401.3,ERVISS
ARI incidence,IT,2025-11-30,2025-W48,1160.6,ERVISS
ARI incidence,IT,2025-11-23,2025-W47,1014.7,ERVISS
ARI incidence,IT,2025-11-16,2025-W46,917.7,ERVISS
ARI incidence,IT,2025-11-09,2025-W45,850.4,ERVISS
ARI incidence,IT,2025-11-02,2025-W44,796.2,ERVISS
ARI incidence,IT,2025-10-26,2025-W43,777.1,ERVISS
ARI incidence,IT,2025-10-19,2025-W42,763.0,ERVISS
ARI incidence,LV,2026-05-17,2026-W20,842.5,ERVISS
ARI incidence,LV,2026-05-10,2026-W19,759.2,ERVISS
ARI incidence,LV,2026-05-03,2026-W18,996.1,ERVISS
ARI incidence,LV,2026-04-26,2026-W17,953.5,ERVISS
ARI incidence,LV,2026-04-19,2026-W16,940.5,ERVISS
ARI incidence,LV,2026-04-12,2026-W15,983.7,ERVISS
ARI incidence,LV,2026-04-05,2026-W14,878.6,ERVISS
ARI incidence,LV,2026-03-29,2026-W13,1043.4,ERVISS
ARI incidence,LV,2026-03-22,2026-W12,1113.3,ERVISS
ARI incidence,LV,2026-03-15,2026-W11,1293.3,ERVISS
ARI incidence,LV,2026-03-08,2026-W10,1371.9,ERVISS
ARI incidence,LV,2026-03-01,2026-W09,1469.7,ERVISS
ARI incidence,LV,2026-02-22,2026-W08,1611.6,ERVISS
ARI incidence,LV,2026-02-15,2026-W07,1607.6,ERVISS
ARI incidence,LV,2026-02-08,2026-W06,1446.0,ERVISS
ARI incidence,LV,2026-02-01,2026-W05,1880.8,ERVISS
ARI incidence,LV,2026-01-25,2026-W04,1587.1,ERVISS
ARI incidence,LV,2026-01-18,2026-W03,1343.7,ERVISS
ARI incidence,LV,2026-01-11,2026-W02,1389.6,ERVISS
ARI incidence,LV,2026-01-04,2026-W01,631.3,ERVISS
ARI incidence,LV,2025-12-28,2025-W52,746.2,ERVISS
ARI incidence,LV,2025-12-21,2025-W51,1693.9,ERVISS
ARI incidence,LV,2025-12-14,2025-W50,1489.2,ERVISS
ARI incidence,LV,2025-12-07,2025-W49,1446.0,ERVISS
ARI incidence,LV,2025-11-30,2025-W48,1653.4,ERVISS
ARI incidence,LV,2025-11-23,2025-W47,943.3,ERVISS
ARI incidence,LV,2025-11-16,2025-W46,1181.6,ERVISS
ARI incidence,LV,2025-11-09,2025-W45,1195.4,ERVISS
ARI incidence,LV,2025-11-02,2025-W44,1075.6,ERVISS
ARI incidence,LV,2025-10-26,2025-W43,1103.6,ERVISS
ARI incidence,LV,2025-10-19,2025-W42,1283.2,ERVISS
ARI incidence,LV,2025-10-12,2025-W41,1366.7,ERVISS
ARI incidence,LV,2025-10-05,2025-W40,1206.1,ERVISS
ARI incidence,LV,2025-05-18,2025-W20,906.4,ERVISS
ARI incidence,LV,2025-05-11,2025-W19,947.9,ERVISS
ARI incidence,LV,2025-05-04,2025-W18,733.5,ERVISS
ARI incidence,LV,2025-04-27,2025-W17,874.0,ERVISS
ARI incidence,LV,2025-04-20,2025-W16,975.2,ERVISS
ARI incidence,LV,2025-04-13,2025-W15,1345.2,ERVISS
ARI incidence,LV,2025-04-06,2025-W14,1376.7,ERVISS
ARI incidence,LV,2025-03-30,2025-W13,1247.7,ERVISS
ARI incidence,LV,2025-03-23,2025-W12,1485.7,ERVISS
ARI incidence,LV,2025-03-16,2025-W11,1601.9,ERVISS
ARI incidence,LV,2025-03-09,2025-W10,2025.3,ERVISS
ARI incidence,LV,2025-03-02,2025-W09,2003.2,ERVISS
ARI incidence,LV,2025-02-23,2025-W08,1612.9,ERVISS
ARI incidence,LV,2025-02-16,2025-W07,1677.9,ERVISS
ARI incidence,LV,2025-02-09,2025-W06,1722.4,ERVISS
ARI incidence,LV,2025-02-02,2025-W05,1590.4,ERVISS
ARI incidence,LV,2025-01-26,2025-W04,1497.2,ERVISS
ARI incidence,LV,2025-01-19,2025-W03,1485.7,ERVISS
ARI incidence,LV,2025-01-12,2025-W02,1372.7,ERVISS
ARI incidence,LV,2025-01-05,2025-W01,668.4,ERVISS
ARI incidence,LV,2024-12-29,2024-W52,600.1,ERVISS
ARI incidence,LV,2024-12-22,2024-W51,1365.3,ERVISS
ARI incidence,LV,2024-12-15,2024-W50,1441.3,ERVISS
ARI incidence,LV,2024-12-08,2024-W49,1428.4,ERVISS
ARI incidence,LV,2024-12-01,2024-W48,1441.8,ERVISS
ARI incidence,LV,2024-11-24,2024-W47,1433.0,ERVISS
ARI incidence,LV,2024-11-17,2024-W46,1417.0,ERVISS
ARI incidence,LV,2024-11-10,2024-W45,1297.9,ERVISS
ARI incidence,LV,2024-11-03,2024-W44,1434.1,ERVISS
ARI incidence,LV,2024-10-27,2024-W43,1312.2,ERVISS
ARI incidence,LV,2024-10-20,2024-W42,1448.4,ERVISS
ARI incidence,LV,2024-10-13,2024-W41,1557.9,ERVISS
ARI incidence,LV,2024-10-06,2024-W40,1435.6,ERVISS
ARI incidence,LV,2024-05-19,2024-W20,885.4,ERVISS
ARI incidence,LV,2024-05-12,2024-W19,868.4,ERVISS
ARI incidence,LV,2024-05-05,2024-W18,962.1,ERVISS
ARI incidence,LV,2024-04-28,2024-W17,1091.3,ERVISS
ARI incidence,LV,2024-04-21,2024-W16,1141.0,ERVISS
ARI incidence,LV,2024-04-14,2024-W15,1003.8,ERVISS
ARI incidence,LV,2024-04-07,2024-W14,932.7,ERVISS
ARI incidence,LV,2024-03-31,2024-W13,899.2,ERVISS
ARI incidence,LV,2024-03-17,2024-W11,1097.0,ERVISS
ARI incidence,LV,2024-03-10,2024-W10,1297.6,ERVISS
ARI incidence,LV,2024-03-03,2024-W09,1340.1,ERVISS
ARI incidence,LV,2024-02-25,2024-W08,1419.6,ERVISS
ARI incidence,LV,2024-02-18,2024-W07,1413.3,ERVISS
ARI incidence,LV,2024-02-11,2024-W06,1412.7,ERVISS
ARI incidence,LV,2024-02-04,2024-W05,1419.3,ERVISS
ARI incidence,LV,2024-01-28,2024-W04,767.9,ERVISS
ARI incidence,LV,2024-01-21,2024-W03,1246.3,ERVISS
ARI incidence,LV,2024-01-14,2024-W02,1128.5,ERVISS
ARI incidence,LV,2024-01-07,2024-W01,1016.2,ERVISS
ARI incidence,LV,2023-12-31,2023-W52,1100.7,ERVISS
ARI incidence,LV,2023-12-24,2023-W51,1357.7,ERVISS
ARI incidence,LV,2023-12-17,2023-W50,1519.0,ERVISS
ARI incidence,LV,2023-12-10,2023-W49,1514.7,ERVISS
ARI incidence,LV,2023-12-03,2023-W48,1205.3,ERVISS
ARI incidence,LV,2023-11-26,2023-W47,1205.5,ERVISS
ARI incidence,LV,2023-11-19,2023-W46,1179.2,ERVISS
ARI incidence,LV,2023-11-12,2023-W45,1032.3,ERVISS
ARI incidence,LV,2023-11-05,2023-W44,1079.3,ERVISS
ARI incidence,LV,2023-10-29,2023-W43,1153.6,ERVISS
ARI incidence,LV,2023-10-22,2023-W42,1249.6,ERVISS
ARI incidence,LV,2023-10-15,2023-W41,1100.5,ERVISS
ARI incidence,LV,2023-10-08,2023-W40,1041.1,ERVISS
ARI incidence,LV,2023-05-21,2023-W20,634.7,ERVISS
ARI incidence,LV,2023-05-07,2023-W18,1504.0,ERVISS
ARI incidence,LV,2023-04-30,2023-W17,1848.0,ERVISS
ARI incidence,LV,2023-04-23,2023-W16,1649.2,ERVISS
ARI incidence,LV,2023-04-16,2023-W15,1617.5,ERVISS
ARI incidence,LV,2023-04-09,2023-W14,1740.8,ERVISS
ARI incidence,LV,2023-04-02,2023-W13,1960.3,ERVISS
ARI incidence,LV,2023-03-26,2023-W12,1830.6,ERVISS
ARI incidence,LV,2023-03-19,2023-W11,1880.0,ERVISS
ARI incidence,LV,2023-03-12,2023-W10,1973.8,ERVISS
ARI incidence,LV,2023-03-05,2023-W09,2083.4,ERVISS
ARI incidence,LV,2023-02-26,2023-W08,1965.7,ERVISS
ARI incidence,LV,2023-02-19,2023-W07,1942.7,ERVISS
ARI incidence,LV,2023-02-12,2023-W06,1898.1,ERVISS
ARI incidence,LV,2023-02-05,2023-W05,2046.1,ERVISS
ARI incidence,LV,2023-01-29,2023-W04,2007.7,ERVISS
ARI incidence,LV,2023-01-22,2023-W03,2199.3,ERVISS
ARI incidence,LV,2023-01-15,2023-W02,2232.0,ERVISS
ARI incidence,LV,2023-01-08,2023-W01,2573.5,ERVISS
ARI incidence,LV,2023-01-01,2022-W52,2540.4,ERVISS
ARI incidence,LV,2022-12-25,2022-W51,2505.1,ERVISS
ARI incidence,LV,2022-12-18,2022-W50,2555.0,ERVISS
ARI incidence,LV,2022-12-11,2022-W49,2901.2,ERVISS
ARI incidence,LV,2022-12-04,2022-W48,2492.7,ERVISS
ARI incidence,LV,2022-11-27,2022-W47,2443.6,ERVISS
ARI incidence,LV,2022-11-20,2022-W46,1936.2,ERVISS
ARI incidence,LV,2022-11-13,2022-W45,1834.5,ERVISS
ARI incidence,LV,2022-11-06,2022-W44,1948.0,ERVISS
ARI incidence,LV,2022-10-30,2022-W43,1916.2,ERVISS
ARI incidence,LV,2022-10-23,2022-W42,2018.2,ERVISS
ARI incidence,LV,2022-10-16,2022-W41,2003.3,ERVISS
ARI incidence,LV,2022-10-09,2022-W40,1873.9,ERVISS
ARI incidence,LT,2026-08-30,2026-W35,204.0,ERVISS
ARI incidence,LT,2026-08-23,2026-W34,193.9,ERVISS
ARI incidence,LT,2026-08-16,2026-W33,191.3,ERVISS
ARI incidence,LT,2026-08-09,2026-W32,186.0,ERVISS
ARI incidence,LT,2026-08-02,2026-W31,202.8,ERVISS
ARI incidence,LT,2026-07-26,2026-W30,176.2,ERVISS
ARI incidence,LT,2026-07-19,2026-W29,161.4,ERVISS
ARI incidence,LT,2026-07-12,2026-W28,149.3,ERVISS
ARI incidence,LT,2026-07-05,2026-W27,172.5,ERVISS
ARI incidence,LT,2026-06-28,2026-W26,169.0,ERVISS
ARI incidence,LT,2026-06-21,2026-W25,232.4,ERVISS
ARI incidence,LT,2026-06-14,2026-W24,285.5,ERVISS
ARI incidence,LT,2026-06-07,2026-W23,399.5,ERVISS
ARI incidence,LT,2026-05-31,2026-W22,454.8,ERVISS
ARI incidence,LT,2026-05-24,2026-W21,513.2,ERVISS
ARI incidence,LT,2026-05-17,2026-W20,541.4,ERVISS
ARI incidence,LT,2026-05-10,2026-W19,571.0,ERVISS
ARI incidence,LT,2026-05-03,2026-W18,537.4,ERVISS
ARI incidence,LT,2026-04-26,2026-W17,632.9,ERVISS
ARI incidence,LT,2026-04-19,2026-W16,623.6,ERVISS
ARI incidence,LT,2026-04-12,2026-W15,487.3,ERVISS
ARI incidence,LT,2026-04-05,2026-W14,676.9,ERVISS
ARI incidence,LT,2026-03-29,2026-W13,844.7,ERVISS
ARI incidence,LT,2026-03-22,2026-W12,716.9,ERVISS
ARI incidence,LT,2026-03-15,2026-W11,600.9,ERVISS
ARI incidence,LT,2026-03-08,2026-W10,678.3,ERVISS
ARI incidence,LT,2026-03-01,2026-W09,724.1,ERVISS
ARI incidence,LT,2026-02-22,2026-W08,617.9,ERVISS
ARI incidence,LT,2026-02-15,2026-W07,1167.4,ERVISS
ARI incidence,LT,2026-02-08,2026-W06,947.1,ERVISS
ARI incidence,LT,2026-02-01,2026-W05,965.7,ERVISS
ARI incidence,LT,2026-01-25,2026-W04,841.6,ERVISS
ARI incidence,LT,2026-01-18,2026-W03,696.8,ERVISS
ARI incidence,LT,2026-01-11,2026-W02,676.7,ERVISS
ARI incidence,LT,2026-01-04,2026-W01,526.1,ERVISS
ARI incidence,LT,2025-12-28,2025-W52,390.0,ERVISS
ARI incidence,LT,2025-12-21,2025-W51,810.0,ERVISS
ARI incidence,LT,2025-12-14,2025-W50,797.7,ERVISS
ARI incidence,LT,2025-12-07,2025-W49,697.7,ERVISS
ARI incidence,LT,2025-11-30,2025-W48,632.8,ERVISS
ARI incidence,LT,2025-11-23,2025-W47,552.7,ERVISS
ARI incidence,LT,2025-11-16,2025-W46,517.8,ERVISS
ARI incidence,LT,2025-11-09,2025-W45,775.7,ERVISS
ARI incidence,LT,2025-11-02,2025-W44,907.1,ERVISS
ARI incidence,LT,2025-10-26,2025-W43,990.1,ERVISS
ARI incidence,LT,2025-10-19,2025-W42,992.6,ERVISS
ARI incidence,LT,2025-10-12,2025-W41,1046.0,ERVISS
ARI incidence,LT,2025-10-05,2025-W40,1067.0,ERVISS
ARI incidence,LT,2025-09-28,2025-W39,1018.4,ERVISS
ARI incidence,LT,2025-09-21,2025-W38,1002.8,ERVISS
ARI incidence,LT,2025-09-14,2025-W37,707.7,ERVISS
ARI incidence,LT,2025-09-07,2025-W36,449.7,ERVISS
ARI incidence,LT,2025-08-31,2025-W35,434.6,ERVISS
ARI incidence,LT,2025-08-24,2025-W34,390.1,ERVISS
ARI incidence,LT,2025-08-17,2025-W33,297.9,ERVISS
ARI incidence,LT,2025-08-10,2025-W32,325.4,ERVISS
ARI incidence,LT,2025-08-03,2025-W31,325.1,ERVISS
ARI incidence,LT,2025-07-27,2025-W30,320.5,ERVISS
ARI incidence,LT,2025-07-20,2025-W29,356.6,ERVISS
ARI incidence,LT,2025-07-13,2025-W28,387.4,ERVISS
ARI incidence,LT,2025-07-06,2025-W27,444.4,ERVISS
ARI incidence,LT,2025-06-29,2025-W26,435.7,ERVISS
ARI incidence,LT,2025-06-22,2025-W25,601.1,ERVISS
ARI incidence,LT,2025-06-15,2025-W24,657.8,ERVISS
ARI incidence,LT,2025-06-08,2025-W23,718.8,ERVISS
ARI incidence,LT,2025-06-01,2025-W22,792.0,ERVISS
ARI incidence,LT,2025-05-25,2025-W21,834.4,ERVISS
ARI incidence,LT,2025-05-18,2025-W20,786.1,ERVISS
ARI incidence,LT,2025-05-11,2025-W19,708.7,ERVISS
ARI incidence,LT,2025-05-04,2025-W18,654.8,ERVISS
ARI incidence,LT,2025-04-27,2025-W17,657.6,ERVISS
ARI incidence,LT,2025-04-20,2025-W16,1052.0,ERVISS
ARI incidence,LT,2025-04-13,2025-W15,1172.5,ERVISS
ARI incidence,LT,2025-04-06,2025-W14,1235.3,ERVISS
ARI incidence,LT,2025-03-30,2025-W13,1364.1,ERVISS
ARI incidence,LT,2025-03-23,2025-W12,1358.9,ERVISS
ARI incidence,LT,2025-03-16,2025-W11,1195.3,ERVISS
ARI incidence,LT,2025-03-09,2025-W10,1477.7,ERVISS
ARI incidence,LT,2025-03-02,2025-W09,1529.6,ERVISS
ARI incidence,LT,2025-02-23,2025-W08,1427.7,ERVISS
ARI incidence,LT,2025-02-16,2025-W07,1562.5,ERVISS
ARI incidence,LT,2025-02-09,2025-W06,1502.0,ERVISS
ARI incidence,LT,2025-02-02,2025-W05,1527.2,ERVISS
ARI incidence,LT,2025-01-26,2025-W04,1463.1,ERVISS
ARI incidence,LT,2025-01-19,2025-W03,1302.3,ERVISS
ARI incidence,LT,2025-01-12,2025-W02,1235.2,ERVISS
ARI incidence,LT,2025-01-05,2025-W01,974.4,ERVISS
ARI incidence,LT,2024-12-29,2024-W52,678.4,ERVISS
ARI incidence,LT,2024-12-22,2024-W51,1383.3,ERVISS
ARI incidence,LT,2024-12-15,2024-W50,1330.7,ERVISS
ARI incidence,LT,2024-12-08,2024-W49,1271.4,ERVISS
ARI incidence,LT,2024-12-01,2024-W48,1262.3,ERVISS
ARI incidence,LT,2024-11-24,2024-W47,1164.8,ERVISS
ARI incidence,LT,2024-11-17,2024-W46,1052.2,ERVISS
ARI incidence,LT,2024-11-10,2024-W45,1006.4,ERVISS
ARI incidence,LT,2024-11-03,2024-W44,842.9,ERVISS
ARI incidence,LT,2024-10-27,2024-W43,1204.6,ERVISS
ARI incidence,LT,2024-10-20,2024-W42,1190.5,ERVISS
ARI incidence,LT,2024-10-13,2024-W41,1137.3,ERVISS
ARI incidence,LT,2024-10-06,2024-W40,1094.5,ERVISS
ARI incidence,LT,2024-09-29,2024-W39,1078.5,ERVISS
ARI incidence,LT,2024-09-22,2024-W38,953.2,ERVISS
ARI incidence,LT,2024-09-15,2024-W37,761.2,ERVISS
ARI incidence,LT,2024-09-08,2024-W36,518.6,ERVISS
ARI incidence,LT,2024-09-01,2024-W35,474.3,ERVISS
ARI incidence,LT,2024-08-25,2024-W34,436.8,ERVISS
ARI incidence,LT,2024-08-18,2024-W33,375.0,ERVISS
ARI incidence,LT,2024-08-11,2024-W32,416.8,ERVISS
ARI incidence,LT,2024-08-04,2024-W31,411.4,ERVISS
ARI incidence,LT,2024-07-28,2024-W30,405.1,ERVISS
ARI incidence,LT,2024-07-21,2024-W29,418.1,ERVISS
ARI incidence,LT,2024-07-14,2024-W28,449.9,ERVISS
ARI incidence,LT,2024-07-07,2024-W27,470.3,ERVISS
ARI incidence,LT,2024-06-30,2024-W26,455.2,ERVISS
ARI incidence,LT,2024-06-23,2024-W25,608.2,ERVISS
ARI incidence,LT,2024-06-16,2024-W24,662.7,ERVISS
ARI incidence,LT,2024-06-09,2024-W23,662.2,ERVISS
ARI incidence,LT,2024-06-02,2024-W22,753.7,ERVISS
ARI incidence,LT,2024-05-26,2024-W21,845.3,ERVISS
ARI incidence,LT,2024-05-19,2024-W20,928.2,ERVISS
ARI incidence,LT,2024-05-12,2024-W19,911.4,ERVISS
ARI incidence,LT,2024-05-05,2024-W18,841.3,ERVISS
ARI incidence,LT,2024-04-28,2024-W17,1018.6,ERVISS
ARI incidence,LT,2024-04-21,2024-W16,927.1,ERVISS
ARI incidence,LT,2024-04-14,2024-W15,919.5,ERVISS
ARI incidence,LT,2024-04-07,2024-W14,799.6,ERVISS
ARI incidence,LT,2024-03-31,2024-W13,1191.3,ERVISS
ARI incidence,LT,2024-03-24,2024-W12,1201.2,ERVISS
ARI incidence,LT,2024-03-17,2024-W11,985.6,ERVISS
ARI incidence,LT,2024-03-10,2024-W10,1064.3,ERVISS
ARI incidence,LT,2024-03-03,2024-W09,1128.0,ERVISS
ARI incidence,LT,2024-02-25,2024-W08,1224.6,ERVISS
ARI incidence,LT,2024-02-18,2024-W07,1251.9,ERVISS
ARI incidence,LT,2024-02-11,2024-W06,1578.4,ERVISS
ARI incidence,LT,2024-02-04,2024-W05,1541.0,ERVISS
ARI incidence,LT,2024-01-28,2024-W04,1403.6,ERVISS
ARI incidence,LT,2024-01-21,2024-W03,1167.7,ERVISS
ARI incidence,LT,2024-01-14,2024-W02,1088.6,ERVISS
ARI incidence,LT,2024-01-07,2024-W01,947.9,ERVISS
ARI incidence,LT,2023-12-31,2023-W52,749.7,ERVISS
ARI incidence,LT,2023-12-24,2023-W51,1348.9,ERVISS
ARI incidence,LT,2023-12-17,2023-W50,1473.6,ERVISS
ARI incidence,LT,2023-12-10,2023-W49,1431.6,ERVISS
ARI incidence,LT,2023-12-03,2023-W48,1358.5,ERVISS
ARI incidence,LT,2023-11-26,2023-W47,1205.0,ERVISS
ARI incidence,LT,2023-11-19,2023-W46,1034.0,ERVISS
ARI incidence,LT,2023-11-12,2023-W45,927.0,ERVISS
ARI incidence,LT,2023-11-05,2023-W44,648.8,ERVISS
ARI incidence,LT,2023-10-29,2023-W43,1097.8,ERVISS
ARI incidence,LT,2023-10-22,2023-W42,1084.0,ERVISS
ARI incidence,LT,2023-10-15,2023-W41,1021.1,ERVISS
ARI incidence,LT,2023-10-08,2023-W40,916.1,ERVISS
ARI incidence,LT,2023-10-01,2023-W39,1015.7,ERVISS
ARI incidence,LT,2023-09-24,2023-W38,1175.9,ERVISS
ARI incidence,LT,2023-09-17,2023-W37,892.1,ERVISS
ARI incidence,LT,2023-09-10,2023-W36,464.3,ERVISS
ARI incidence,LT,2023-09-03,2023-W35,346.3,ERVISS
ARI incidence,LT,2023-08-27,2023-W34,321.3,ERVISS
ARI incidence,LT,2023-08-20,2023-W33,274.3,ERVISS
ARI incidence,LT,2023-08-13,2023-W32,312.1,ERVISS
ARI incidence,LT,2023-08-06,2023-W31,316.3,ERVISS
ARI incidence,LT,2023-07-30,2023-W30,331.2,ERVISS
ARI incidence,LT,2023-07-16,2023-W28,356.6,ERVISS
ARI incidence,LT,2023-07-09,2023-W27,342.8,ERVISS
ARI incidence,LT,2023-07-02,2023-W26,491.1,ERVISS
ARI incidence,LT,2023-06-25,2023-W25,559.8,ERVISS
ARI incidence,LT,2023-06-18,2023-W24,694.5,ERVISS
ARI incidence,LT,2023-06-11,2023-W23,733.3,ERVISS
ARI incidence,LT,2023-06-04,2023-W22,810.3,ERVISS
ARI incidence,LT,2023-05-28,2023-W21,513.6,ERVISS
ARI incidence,LT,2023-05-21,2023-W20,539.8,ERVISS
ARI incidence,LT,2023-05-14,2023-W19,541.4,ERVISS
ARI incidence,LT,2023-05-07,2023-W18,459.6,ERVISS
ARI incidence,LT,2023-04-30,2023-W17,494.9,ERVISS
ARI incidence,LT,2023-04-23,2023-W16,553.3,ERVISS
ARI incidence,LT,2023-04-16,2023-W15,513.2,ERVISS
ARI incidence,LT,2023-04-09,2023-W14,701.2,ERVISS
ARI incidence,LT,2023-04-02,2023-W13,800.9,ERVISS
ARI incidence,LT,2023-03-26,2023-W12,830.4,ERVISS
ARI incidence,LT,2023-03-19,2023-W11,857.0,ERVISS
ARI incidence,LT,2023-03-12,2023-W10,778.0,ERVISS
ARI incidence,LT,2023-03-05,2023-W09,685.0,ERVISS
ARI incidence,LT,2023-02-26,2023-W08,671.5,ERVISS
ARI incidence,LT,2023-02-19,2023-W07,597.5,ERVISS
ARI incidence,LT,2023-02-12,2023-W06,759.2,ERVISS
ARI incidence,LT,2023-02-05,2023-W05,656.2,ERVISS
ARI incidence,LT,2023-01-29,2023-W04,654.7,ERVISS
ARI incidence,LT,2023-01-22,2023-W03,652.3,ERVISS
ARI incidence,LT,2023-01-15,2023-W02,732.5,ERVISS
ARI incidence,LT,2023-01-08,2023-W01,1047.8,ERVISS
ARI incidence,LT,2023-01-01,2022-W52,994.4,ERVISS
ARI incidence,LT,2022-12-25,2022-W51,1356.6,ERVISS
ARI incidence,LT,2022-12-18,2022-W50,1504.6,ERVISS
ARI incidence,LT,2022-12-11,2022-W49,1349.4,ERVISS
ARI incidence,LT,2022-12-04,2022-W48,1039.4,ERVISS
ARI incidence,LT,2022-11-27,2022-W47,827.0,ERVISS
ARI incidence,LT,2022-11-20,2022-W46,649.3,ERVISS
ARI incidence,LT,2022-11-13,2022-W45,611.3,ERVISS
ARI incidence,LT,2022-11-06,2022-W44,438.1,ERVISS
ARI incidence,LT,2022-10-30,2022-W43,620.6,ERVISS
ARI incidence,LT,2022-10-23,2022-W42,694.9,ERVISS
ARI incidence,LT,2022-10-16,2022-W41,667.5,ERVISS
ARI incidence,LT,2022-10-09,2022-W40,682.1,ERVISS
ARI incidence,LT,2022-10-02,2022-W39,643.6,ERVISS
ARI incidence,LT,2022-09-25,2022-W38,656.1,ERVISS
ARI incidence,LT,2022-09-18,2022-W37,558.8,ERVISS
ARI incidence,LT,2022-09-11,2022-W36,350.6,ERVISS
ARI incidence,LT,2022-09-04,2022-W35,241.8,ERVISS
ARI incidence,LT,2022-08-28,2022-W34,230.6,ERVISS
ARI incidence,LT,2022-08-21,2022-W33,230.0,ERVISS
ARI incidence,LT,2022-08-14,2022-W32,283.9,ERVISS
ARI incidence,LT,2022-08-07,2022-W31,291.9,ERVISS
ARI incidence,LT,2022-07-31,2022-W30,296.7,ERVISS
ARI incidence,LT,2022-07-24,2022-W29,294.7,ERVISS
ARI incidence,LT,2022-07-17,2022-W28,287.6,ERVISS
ARI incidence,LT,2022-07-10,2022-W27,247.4,ERVISS
ARI incidence,LT,2022-07-03,2022-W26,317.5,ERVISS
ARI incidence,LT,2022-06-26,2022-W25,283.2,ERVISS
ARI incidence,LU,2026-08-30,2026-W35,3300.0,ERVISS
ARI incidence,LU,2026-08-23,2026-W34,2200.0,ERVISS
ARI incidence,LU,2026-08-16,2026-W33,5200.0,ERVISS
ARI incidence,LU,2026-08-09,2026-W32,8800.0,ERVISS
ARI incidence,LU,2026-08-02,2026-W31,4000.0,ERVISS
ARI incidence,LU,2026-07-26,2026-W30,2100.0,ERVISS
ARI incidence,LU,2026-07-19,2026-W29,2200.0,ERVISS
ARI incidence,LU,2026-07-12,2026-W28,6700.0,ERVISS
ARI incidence,LU,2026-07-05,2026-W27,11300.0,ERVISS
ARI incidence,LU,2026-06-28,2026-W26,5000.0,ERVISS
ARI incidence,LU,2026-06-21,2026-W25,10300.0,ERVISS
ARI incidence,LU,2026-06-14,2026-W24,6500.0,ERVISS
ARI incidence,LU,2026-06-07,2026-W23,7800.0,ERVISS
ARI incidence,LU,2026-05-24,2026-W21,9500.0,ERVISS
ARI incidence,LU,2026-05-17,2026-W20,5600.0,ERVISS
ARI incidence,LU,2026-05-10,2026-W19,4500.0,ERVISS
ARI incidence,LU,2026-05-03,2026-W18,9500.0,ERVISS
ARI incidence,LU,2026-04-26,2026-W17,9200.0,ERVISS
ARI incidence,LU,2026-04-19,2026-W16,12300.0,ERVISS
ARI incidence,LU,2026-04-12,2026-W15,10700.0,ERVISS
ARI incidence,LU,2026-04-05,2026-W14,18400.0,ERVISS
ARI incidence,LU,2026-03-29,2026-W13,10600.0,ERVISS
ARI incidence,LU,2026-03-22,2026-W12,9800.0,ERVISS
ARI incidence,LU,2026-03-15,2026-W11,9000.0,ERVISS
ARI incidence,LU,2026-03-08,2026-W10,9700.0,ERVISS
ARI incidence,LU,2026-03-01,2026-W09,13000.0,ERVISS
ARI incidence,LU,2026-02-22,2026-W08,16200.0,ERVISS
ARI incidence,LU,2026-02-15,2026-W07,15700.0,ERVISS
ARI incidence,LU,2026-02-08,2026-W06,12800.0,ERVISS
ARI incidence,LU,2026-02-01,2026-W05,12900.0,ERVISS
ARI incidence,LU,2026-01-25,2026-W04,10300.0,ERVISS
ARI incidence,LU,2026-01-18,2026-W03,11800.0,ERVISS
ARI incidence,LU,2026-01-11,2026-W02,21300.0,ERVISS
ARI incidence,LU,2026-01-04,2026-W01,19000.0,ERVISS
ARI incidence,LU,2025-12-28,2025-W52,14200.0,ERVISS
ARI incidence,LU,2025-12-21,2025-W51,18900.0,ERVISS
ARI incidence,LU,2025-12-14,2025-W50,13800.0,ERVISS
ARI incidence,LU,2025-12-07,2025-W49,17300.0,ERVISS
ARI incidence,LU,2025-11-30,2025-W48,15900.0,ERVISS
ARI incidence,LU,2025-11-23,2025-W47,16500.0,ERVISS
ARI incidence,LU,2025-11-16,2025-W46,13500.0,ERVISS
ARI incidence,LU,2025-11-09,2025-W45,10300.0,ERVISS
ARI incidence,LU,2025-11-02,2025-W44,11900.0,ERVISS
ARI incidence,LU,2025-10-26,2025-W43,14600.0,ERVISS
ARI incidence,LU,2025-10-19,2025-W42,16200.0,ERVISS
ARI incidence,LU,2025-10-12,2025-W41,15800.0,ERVISS
ARI incidence,LU,2025-10-05,2025-W40,14600.0,ERVISS
ARI incidence,LU,2025-09-28,2025-W39,10200.0,ERVISS
ARI incidence,LU,2025-09-21,2025-W38,8900.0,ERVISS
ARI incidence,LU,2025-09-14,2025-W37,9900.0,ERVISS
ARI incidence,LU,2025-09-07,2025-W36,3600.0,ERVISS
ARI incidence,LU,2025-08-31,2025-W35,7000.0,ERVISS
ARI incidence,LU,2025-08-24,2025-W34,5300.0,ERVISS
ARI incidence,LU,2025-08-17,2025-W33,3700.0,ERVISS
ARI incidence,LU,2025-08-10,2025-W32,4200.0,ERVISS
ARI incidence,LU,2025-08-03,2025-W31,8900.0,ERVISS
ARI incidence,LU,2025-07-27,2025-W30,4800.0,ERVISS
ARI incidence,LU,2025-07-20,2025-W29,6100.0,ERVISS
ARI incidence,LU,2025-07-13,2025-W28,5900.0,ERVISS
ARI incidence,LU,2025-07-06,2025-W27,7400.0,ERVISS
ARI incidence,LU,2025-06-29,2025-W26,5000.0,ERVISS
ARI incidence,LU,2025-06-22,2025-W25,8900.0,ERVISS
ARI incidence,LU,2025-06-15,2025-W24,14800.0,ERVISS
ARI incidence,LU,2025-06-08,2025-W23,10400.0,ERVISS
ARI incidence,LU,2025-06-01,2025-W22,20700.0,ERVISS
ARI incidence,LU,2025-05-25,2025-W21,9700.0,ERVISS
ARI incidence,LU,2025-05-18,2025-W20,13100.0,ERVISS
ARI incidence,LU,2025-05-11,2025-W19,11400.0,ERVISS
ARI incidence,LU,2025-05-04,2025-W18,11000.0,ERVISS
ARI incidence,LU,2025-04-27,2025-W17,11200.0,ERVISS
ARI incidence,LU,2025-04-20,2025-W16,17600.0,ERVISS
ARI incidence,LU,2025-04-13,2025-W15,15900.0,ERVISS
ARI incidence,LU,2025-04-06,2025-W14,15000.0,ERVISS
ARI incidence,LU,2025-03-30,2025-W13,15500.0,ERVISS
ARI incidence,LU,2025-03-23,2025-W12,16300.0,ERVISS
ARI incidence,LU,2025-03-16,2025-W11,11300.0,ERVISS
ARI incidence,LU,2025-03-09,2025-W10,16700.0,ERVISS
ARI incidence,LU,2025-03-02,2025-W09,11000.0,ERVISS
ARI incidence,LU,2025-02-23,2025-W08,19900.0,ERVISS
ARI incidence,LU,2025-02-16,2025-W07,18600.0,ERVISS
ARI incidence,LU,2025-02-09,2025-W06,15400.0,ERVISS
ARI incidence,LU,2025-02-02,2025-W05,15600.0,ERVISS
ARI incidence,LU,2025-01-26,2025-W04,16000.0,ERVISS
ARI incidence,LU,2025-01-19,2025-W03,12500.0,ERVISS
ARI incidence,LU,2025-01-12,2025-W02,10700.0,ERVISS
ARI incidence,LU,2025-01-05,2025-W01,24700.0,ERVISS
ARI incidence,LU,2024-12-29,2024-W52,20100.0,ERVISS
ARI incidence,LU,2024-12-22,2024-W51,23700.0,ERVISS
ARI incidence,LU,2024-12-15,2024-W50,19000.0,ERVISS
ARI incidence,LU,2024-12-08,2024-W49,18400.0,ERVISS
ARI incidence,LU,2024-12-01,2024-W48,14500.0,ERVISS
ARI incidence,LU,2024-11-24,2024-W47,17600.0,ERVISS
ARI incidence,LU,2024-11-17,2024-W46,13100.0,ERVISS
ARI incidence,LU,2024-11-10,2024-W45,9600.0,ERVISS
ARI incidence,LU,2024-11-03,2024-W44,17000.0,ERVISS
ARI incidence,LU,2024-10-27,2024-W43,14400.0,ERVISS
ARI incidence,LU,2024-10-20,2024-W42,20800.0,ERVISS
ARI incidence,LU,2024-10-13,2024-W41,22400.0,ERVISS
ARI incidence,LU,2024-10-06,2024-W40,17100.0,ERVISS
ARI incidence,LU,2024-09-29,2024-W39,15700.0,ERVISS
ARI incidence,LU,2024-09-22,2024-W38,11300.0,ERVISS
ARI incidence,LU,2024-09-15,2024-W37,17100.0,ERVISS
ARI incidence,LU,2024-09-08,2024-W36,13900.0,ERVISS
ARI incidence,LU,2024-09-01,2024-W35,8800.0,ERVISS
ARI incidence,LU,2024-08-25,2024-W34,6400.0,ERVISS
ARI incidence,LU,2024-08-18,2024-W33,9300.0,ERVISS
ARI incidence,LU,2024-08-11,2024-W32,7400.0,ERVISS
ARI incidence,LU,2024-08-04,2024-W31,12900.0,ERVISS
ARI incidence,LU,2024-07-28,2024-W30,8900.0,ERVISS
ARI incidence,LU,2024-07-21,2024-W29,11400.0,ERVISS
ARI incidence,LU,2024-07-14,2024-W28,12100.0,ERVISS
ARI incidence,LU,2024-07-07,2024-W27,10700.0,ERVISS
ARI incidence,LU,2024-06-30,2024-W26,8300.0,ERVISS
ARI incidence,LU,2024-06-23,2024-W25,12600.0,ERVISS
ARI incidence,LU,2024-06-16,2024-W24,18000.0,ERVISS
ARI incidence,LU,2024-06-09,2024-W23,14700.0,ERVISS
ARI incidence,LU,2024-06-02,2024-W22,15100.0,ERVISS
ARI incidence,LU,2024-05-26,2024-W21,10500.0,ERVISS
ARI incidence,LU,2024-05-19,2024-W20,13500.0,ERVISS
ARI incidence,LU,2024-05-12,2024-W19,14900.0,ERVISS
ARI incidence,LU,2024-05-05,2024-W18,11800.0,ERVISS
ARI incidence,LU,2024-04-28,2024-W17,14400.0,ERVISS
ARI incidence,LU,2024-04-21,2024-W16,13000.0,ERVISS
ARI incidence,LU,2024-04-14,2024-W15,23100.0,ERVISS
ARI incidence,LU,2024-04-07,2024-W14,20500.0,ERVISS
ARI incidence,LU,2024-03-31,2024-W13,17200.0,ERVISS
ARI incidence,LU,2024-03-24,2024-W12,19700.0,ERVISS
ARI incidence,LU,2024-03-17,2024-W11,16400.0,ERVISS
ARI incidence,LU,2024-03-10,2024-W10,20100.0,ERVISS
ARI incidence,LU,2024-03-03,2024-W09,15400.0,ERVISS
ARI incidence,LU,2024-02-25,2024-W08,20200.0,ERVISS
ARI incidence,LU,2024-02-18,2024-W07,37800.0,ERVISS
ARI incidence,LU,2024-02-11,2024-W06,16900.0,ERVISS
ARI incidence,LU,2024-02-04,2024-W05,15000.0,ERVISS
ARI incidence,LU,2024-01-28,2024-W04,18800.0,ERVISS
ARI incidence,LU,2024-01-21,2024-W03,18600.0,ERVISS
ARI incidence,LU,2024-01-14,2024-W02,13800.0,ERVISS
ARI incidence,LU,2024-01-07,2024-W01,23800.0,ERVISS
ARI incidence,LU,2023-12-31,2023-W52,34100.0,ERVISS
ARI incidence,LU,2023-12-24,2023-W51,29000.0,ERVISS
ARI incidence,LU,2023-12-17,2023-W50,21300.0,ERVISS
ARI incidence,LU,2023-12-10,2023-W49,27500.0,ERVISS
ARI incidence,LU,2023-12-03,2023-W48,25200.0,ERVISS
ARI incidence,LU,2023-11-26,2023-W47,15500.0,ERVISS
ARI incidence,LU,2023-11-19,2023-W46,19400.0,ERVISS
ARI incidence,LU,2023-11-12,2023-W45,18100.0,ERVISS
ARI incidence,LU,2023-11-05,2023-W44,19900.0,ERVISS
ARI incidence,LU,2023-10-29,2023-W43,18100.0,ERVISS
ARI incidence,LU,2023-10-22,2023-W42,17800.0,ERVISS
ARI incidence,LU,2023-10-15,2023-W41,18700.0,ERVISS
ARI incidence,LU,2023-10-08,2023-W40,15800.0,ERVISS
ARI incidence,LU,2023-10-01,2023-W39,18200.0,ERVISS
ARI incidence,LU,2023-09-24,2023-W38,11800.0,ERVISS
ARI incidence,LU,2023-09-17,2023-W37,6500.0,ERVISS
ARI incidence,LU,2023-09-10,2023-W36,6300.0,ERVISS
ARI incidence,LU,2023-09-03,2023-W35,8800.0,ERVISS
ARI incidence,LU,2023-08-27,2023-W34,13000.0,ERVISS
ARI incidence,LU,2023-08-20,2023-W33,9900.0,ERVISS
ARI incidence,LU,2023-08-13,2023-W32,13100.0,ERVISS
ARI incidence,LU,2023-08-06,2023-W31,6500.0,ERVISS
ARI incidence,LU,2023-07-30,2023-W30,10700.0,ERVISS
ARI incidence,LU,2023-07-23,2023-W29,15800.0,ERVISS
ARI incidence,LU,2023-07-16,2023-W28,11900.0,ERVISS
ARI incidence,LU,2023-07-09,2023-W27,8100.0,ERVISS
ARI incidence,LU,2023-07-02,2023-W26,6500.0,ERVISS
ARI incidence,LU,2023-06-25,2023-W25,8600.0,ERVISS
ARI incidence,LU,2023-06-18,2023-W24,10300.0,ERVISS
ARI incidence,LU,2023-06-11,2023-W23,10100.0,ERVISS
ARI incidence,LU,2023-06-04,2023-W22,13000.0,ERVISS
ARI incidence,LU,2023-05-28,2023-W21,11200.0,ERVISS
ARI incidence,LU,2023-05-21,2023-W20,17100.0,ERVISS
ARI incidence,LU,2023-05-14,2023-W19,13800.0,ERVISS
ARI incidence,LU,2023-05-07,2023-W18,15600.0,ERVISS
ARI incidence,LU,2023-04-30,2023-W17,12600.0,ERVISS
ARI incidence,LU,2023-04-23,2023-W16,11300.0,ERVISS
ARI incidence,LU,2023-04-16,2023-W15,7500.0,ERVISS
ARI incidence,LU,2023-04-09,2023-W14,21900.0,ERVISS
ARI incidence,LU,2023-04-02,2023-W13,15100.0,ERVISS
ARI incidence,LU,2023-03-26,2023-W12,18900.0,ERVISS
ARI incidence,LU,2023-03-19,2023-W11,18100.0,ERVISS
ARI incidence,LU,2023-03-12,2023-W10,16700.0,ERVISS
ARI incidence,LU,2023-03-05,2023-W09,24300.0,ERVISS
ARI incidence,LU,2023-02-26,2023-W08,19100.0,ERVISS
ARI incidence,LU,2023-02-19,2023-W07,20300.0,ERVISS
ARI incidence,LU,2023-02-12,2023-W06,15600.0,ERVISS
ARI incidence,LU,2023-02-05,2023-W05,14700.0,ERVISS
ARI incidence,LU,2023-01-29,2023-W04,14100.0,ERVISS
ARI incidence,LU,2023-01-22,2023-W03,12000.0,ERVISS
ARI incidence,LU,2023-01-15,2023-W02,13100.0,ERVISS
ARI incidence,LU,2023-01-08,2023-W01,18600.0,ERVISS
ARI incidence,LU,2023-01-01,2022-W52,28200.0,ERVISS
ARI incidence,LU,2022-12-25,2022-W51,22900.0,ERVISS
ARI incidence,LU,2022-12-18,2022-W50,17200.0,ERVISS
ARI incidence,LU,2022-12-11,2022-W49,19600.0,ERVISS
ARI incidence,LU,2022-12-04,2022-W48,20700.0,ERVISS
ARI incidence,LU,2022-11-27,2022-W47,18600.0,ERVISS
ARI incidence,LU,2022-11-20,2022-W46,15600.0,ERVISS
ARI incidence,LU,2022-11-13,2022-W45,22300.0,ERVISS
ARI incidence,LU,2022-11-06,2022-W44,16500.0,ERVISS
ARI incidence,LU,2022-10-30,2022-W43,25400.0,ERVISS
ARI incidence,LU,2022-10-23,2022-W42,15400.0,ERVISS
ARI incidence,LU,2022-10-16,2022-W41,15800.0,ERVISS
ARI incidence,LU,2022-10-09,2022-W40,25000.0,ERVISS
ARI incidence,LU,2022-10-02,2022-W39,15300.0,ERVISS
ARI incidence,LU,2022-09-25,2022-W38,11200.0,ERVISS
ARI incidence,LU,2022-09-18,2022-W37,11900.0,ERVISS
ARI incidence,LU,2022-09-11,2022-W36,6800.0,ERVISS
ARI incidence,LU,2022-09-04,2022-W35,7000.0,ERVISS
ARI incidence,LU,2022-08-28,2022-W34,3700.0,ERVISS
ARI incidence,LU,2022-08-21,2022-W33,9100.0,ERVISS
ARI incidence,LU,2022-08-14,2022-W32,5600.0,ERVISS
ARI incidence,LU,2022-08-07,2022-W31,9400.0,ERVISS
ARI incidence,LU,2022-07-31,2022-W30,14900.0,ERVISS
ARI incidence,LU,2022-07-24,2022-W29,11900.0,ERVISS
ARI incidence,LU,2022-07-17,2022-W28,11600.0,ERVISS
ARI incidence,LU,2022-07-10,2022-W27,15300.0,ERVISS
ARI incidence,LU,2022-07-03,2022-W26,17000.0,ERVISS
ARI incidence,LU,2022-06-26,2022-W25,14200.0,ERVISS
ARI incidence,NL,2026-08-30,2026-W35,78.9,ERVISS
ARI incidence,NL,2026-08-23,2026-W34,76.9,ERVISS
ARI incidence,NL,2026-08-16,2026-W33,73.8,ERVISS
ARI incidence,NL,2026-08-09,2026-W32,73.4,ERVISS
ARI incidence,NL,2026-08-02,2026-W31,73.5,ERVISS
ARI incidence,NL,2026-07-26,2026-W30,81.6,ERVISS
ARI incidence,NL,2026-07-19,2026-W29,85.4,ERVISS
ARI incidence,NL,2026-07-12,2026-W28,91.8,ERVISS
ARI incidence,NL,2026-07-05,2026-W27,94.8,ERVISS
ARI incidence,NL,2026-06-28,2026-W26,92.2,ERVISS
ARI incidence,NL,2026-06-21,2026-W25,102.6,ERVISS
ARI incidence,NL,2026-06-14,2026-W24,100.7,ERVISS
ARI incidence,NL,2026-06-07,2026-W23,104.0,ERVISS
ARI incidence,NL,2026-05-31,2026-W22,93.0,ERVISS
ARI incidence,NL,2026-05-24,2026-W21,110.8,ERVISS
ARI incidence,NL,2026-05-17,2026-W20,91.0,ERVISS
ARI incidence,NL,2026-05-10,2026-W19,119.6,ERVISS
ARI incidence,NL,2026-05-03,2026-W18,103.8,ERVISS
ARI incidence,NL,2026-04-26,2026-W17,125.7,ERVISS
ARI incidence,NL,2026-04-19,2026-W16,147.2,ERVISS
ARI incidence,NL,2026-04-12,2026-W15,124.3,ERVISS
ARI incidence,NL,2026-04-05,2026-W14,141.0,ERVISS
ARI incidence,NL,2026-03-29,2026-W13,151.3,ERVISS
ARI incidence,NL,2026-03-22,2026-W12,150.0,ERVISS
ARI incidence,NL,2026-03-15,2026-W11,162.2,ERVISS
ARI incidence,NL,2026-03-08,2026-W10,204.6,ERVISS
ARI incidence,NL,2026-03-01,2026-W09,241.3,ERVISS
ARI incidence,NL,2026-02-22,2026-W08,225.9,ERVISS
ARI incidence,NL,2026-02-15,2026-W07,264.9,ERVISS
ARI incidence,NL,2026-02-08,2026-W06,266.5,ERVISS
ARI incidence,NL,2026-02-01,2026-W05,234.9,ERVISS
ARI incidence,NL,2026-01-25,2026-W04,206.5,ERVISS
ARI incidence,NL,2026-01-18,2026-W03,215.4,ERVISS
ARI incidence,NL,2026-01-11,2026-W02,243.3,ERVISS
ARI incidence,NL,2026-01-04,2026-W01,187.1,ERVISS
ARI incidence,NL,2025-12-28,2025-W52,132.0,ERVISS
ARI incidence,NL,2025-12-21,2025-W51,203.1,ERVISS
ARI incidence,NL,2025-12-14,2025-W50,191.0,ERVISS
ARI incidence,NL,2025-12-07,2025-W49,176.8,ERVISS
ARI incidence,NL,2025-11-30,2025-W48,165.9,ERVISS
ARI incidence,NL,2025-11-23,2025-W47,146.7,ERVISS
ARI incidence,NL,2025-11-16,2025-W46,145.1,ERVISS
ARI incidence,NL,2025-11-09,2025-W45,142.0,ERVISS
ARI incidence,NL,2025-11-02,2025-W44,142.4,ERVISS
ARI incidence,NL,2025-10-26,2025-W43,135.9,ERVISS
ARI incidence,NL,2025-10-19,2025-W42,147.0,ERVISS
ARI incidence,NL,2025-10-12,2025-W41,147.1,ERVISS
ARI incidence,NL,2025-10-05,2025-W40,139.9,ERVISS
ARI incidence,NL,2022-10-02,2022-W39,189.4,ERVISS
ARI incidence,NL,2022-09-25,2022-W38,168.5,ERVISS
ARI incidence,NL,2022-09-18,2022-W37,147.3,ERVISS
ARI incidence,NL,2022-09-11,2022-W36,131.5,ERVISS
ARI incidence,NL,2022-09-04,2022-W35,124.9,ERVISS
ARI incidence,NL,2022-08-28,2022-W34,102.8,ERVISS
ARI incidence,NL,2022-08-21,2022-W33,108.9,ERVISS
ARI incidence,NL,2022-08-14,2022-W32,107.2,ERVISS
ARI incidence,NL,2022-08-07,2022-W31,120.0,ERVISS
ARI incidence,NL,2022-07-31,2022-W30,145.5,ERVISS
ARI incidence,NL,2022-07-24,2022-W29,157.9,ERVISS
ARI incidence,NL,2022-07-17,2022-W28,185.7,ERVISS
ARI incidence,NL,2022-07-10,2022-W27,201.3,ERVISS
ARI incidence,NL,2022-07-03,2022-W26,197.3,ERVISS
ARI incidence,NL,2022-06-26,2022-W25,220.9,ERVISS
ARI incidence,PT,2023-03-05,2023-W09,61.6,ERVISS
ARI incidence,PT,2023-02-26,2023-W08,103.4,ERVISS
ARI incidence,PT,2023-02-19,2023-W07,33.2,ERVISS
ARI incidence,PT,2023-02-05,2023-W05,32.7,ERVISS
ARI incidence,PT,2023-01-29,2023-W04,54.7,ERVISS
ARI incidence,PT,2023-01-22,2023-W03,45.8,ERVISS
ARI incidence,PT,2023-01-15,2023-W02,74.4,ERVISS
ARI incidence,PT,2023-01-08,2023-W01,64.4,ERVISS
ARI incidence,PT,2023-01-01,2022-W52,64.5,ERVISS
ARI incidence,PT,2022-12-25,2022-W51,44.1,ERVISS
ARI incidence,PT,2022-12-18,2022-W50,28.0,ERVISS
ARI incidence,PT,2022-12-11,2022-W49,70.6,ERVISS
ARI incidence,PT,2022-12-04,2022-W48,75.1,ERVISS
ARI incidence,PT,2022-11-27,2022-W47,52.0,ERVISS
ARI incidence,PT,2022-11-20,2022-W46,61.7,ERVISS
ARI incidence,PT,2022-11-13,2022-W45,48.9,ERVISS
ARI incidence,PT,2022-11-06,2022-W44,51.3,ERVISS
ARI incidence,PT,2022-10-30,2022-W43,24.3,ERVISS
ARI incidence,PT,2022-10-23,2022-W42,65.1,ERVISS
ARI incidence,PT,2022-10-16,2022-W41,39.2,ERVISS
ARI incidence,PT,2022-10-09,2022-W40,36.6,ERVISS
ARI incidence,PT,2022-10-02,2022-W39,38.8,ERVISS
ARI incidence,PT,2022-09-25,2022-W38,34.9,ERVISS
ARI incidence,PT,2022-09-18,2022-W37,16.8,ERVISS
ARI incidence,PT,2022-09-11,2022-W36,29.0,ERVISS
ARI incidence,PT,2022-09-04,2022-W35,0.0,ERVISS
ARI incidence,PT,2022-08-28,2022-W34,22.2,ERVISS
ARI incidence,PT,2022-08-21,2022-W33,19.0,ERVISS
ARI incidence,PT,2022-08-14,2022-W32,12.3,ERVISS
ARI incidence,PT,2022-08-07,2022-W31,7.4,ERVISS
ARI incidence,PT,2022-07-31,2022-W30,0.0,ERVISS
ARI incidence,PT,2022-07-24,2022-W29,41.9,ERVISS
ARI incidence,PT,2022-07-17,2022-W28,0.0,ERVISS
ARI incidence,PT,2022-07-10,2022-W27,16.5,ERVISS
ARI incidence,PT,2022-07-03,2022-W26,54.7,ERVISS
ARI incidence,PT,2022-06-26,2022-W25,0.0,ERVISS
ARI incidence,RO,2026-08-30,2026-W35,374.9,ERVISS
ARI incidence,RO,2026-06-07,2026-W23,539.6,ERVISS
ARI incidence,RO,2026-05-31,2026-W22,575.1,ERVISS
ARI incidence,RO,2026-05-24,2026-W21,649.1,ERVISS
ARI incidence,RO,2026-05-03,2026-W18,694.8,ERVISS
ARI incidence,RO,2026-04-26,2026-W17,685.1,ERVISS
ARI incidence,RO,2026-04-19,2026-W16,590.6,ERVISS
ARI incidence,RO,2026-04-12,2026-W15,541.1,ERVISS
ARI incidence,RO,2026-04-05,2026-W14,745.3,ERVISS
ARI incidence,RO,2026-03-29,2026-W13,840.4,ERVISS
ARI incidence,RO,2026-03-22,2026-W12,839.9,ERVISS
ARI incidence,RO,2026-03-15,2026-W11,822.6,ERVISS
ARI incidence,RO,2026-03-08,2026-W10,793.9,ERVISS
ARI incidence,RO,2026-03-01,2026-W09,792.5,ERVISS
ARI incidence,RO,2026-02-22,2026-W08,788.6,ERVISS
ARI incidence,RO,2026-02-15,2026-W07,910.9,ERVISS
ARI incidence,RO,2026-02-08,2026-W06,986.4,ERVISS
ARI incidence,RO,2026-02-01,2026-W05,980.0,ERVISS
ARI incidence,RO,2026-01-25,2026-W04,966.6,ERVISS
ARI incidence,RO,2026-01-18,2026-W03,908.7,ERVISS
ARI incidence,RO,2026-01-11,2026-W02,687.2,ERVISS
ARI incidence,RO,2026-01-04,2026-W01,473.2,ERVISS
ARI incidence,RO,2025-12-28,2025-W52,523.8,ERVISS
ARI incidence,RO,2025-12-21,2025-W51,1010.6,ERVISS
ARI incidence,RO,2025-12-14,2025-W50,934.1,ERVISS
ARI incidence,RO,2025-12-07,2025-W49,765.0,ERVISS
ARI incidence,RO,2025-11-30,2025-W48,800.9,ERVISS
ARI incidence,RO,2025-11-23,2025-W47,830.8,ERVISS
ARI incidence,RO,2025-11-16,2025-W46,686.7,ERVISS
ARI incidence,RO,2025-11-09,2025-W45,651.1,ERVISS
ARI incidence,RO,2025-11-02,2025-W44,656.5,ERVISS
ARI incidence,RO,2025-10-26,2025-W43,810.1,ERVISS
ARI incidence,RO,2025-10-19,2025-W42,831.3,ERVISS
ARI incidence,RO,2025-10-12,2025-W41,895.4,ERVISS
ARI incidence,RO,2025-10-05,2025-W40,997.8,ERVISS
ARI incidence,RO,2025-09-28,2025-W39,928.2,ERVISS
ARI incidence,RO,2025-09-21,2025-W38,730.2,ERVISS
ARI incidence,RO,2025-09-14,2025-W37,540.8,ERVISS
ARI incidence,RO,2025-09-07,2025-W36,512.1,ERVISS
ARI incidence,RO,2025-08-31,2025-W35,539.2,ERVISS
ARI incidence,RO,2025-08-24,2025-W34,504.1,ERVISS
ARI incidence,RO,2025-08-17,2025-W33,349.2,ERVISS
ARI incidence,RO,2025-08-10,2025-W32,437.7,ERVISS
ARI incidence,RO,2025-08-03,2025-W31,396.3,ERVISS
ARI incidence,RO,2025-07-27,2025-W30,418.4,ERVISS
ARI incidence,RO,2025-07-20,2025-W29,379.8,ERVISS
ARI incidence,RO,2025-07-13,2025-W28,402.3,ERVISS
ARI incidence,RO,2025-07-06,2025-W27,468.4,ERVISS
ARI incidence,RO,2025-06-29,2025-W26,532.8,ERVISS
ARI incidence,RO,2025-06-22,2025-W25,563.3,ERVISS
ARI incidence,RO,2025-06-15,2025-W24,502.4,ERVISS
ARI incidence,RO,2025-06-08,2025-W23,571.6,ERVISS
ARI incidence,RO,2025-06-01,2025-W22,642.0,ERVISS
ARI incidence,RO,2025-05-25,2025-W21,679.9,ERVISS
ARI incidence,RO,2025-05-18,2025-W20,645.3,ERVISS
ARI incidence,RO,2025-05-11,2025-W19,624.9,ERVISS
ARI incidence,RO,2025-05-04,2025-W18,479.6,ERVISS
ARI incidence,RO,2025-04-27,2025-W17,443.6,ERVISS
ARI incidence,RO,2025-04-20,2025-W16,659.8,ERVISS
ARI incidence,RO,2025-04-13,2025-W15,896.9,ERVISS
ARI incidence,RO,2025-04-06,2025-W14,835.0,ERVISS
ARI incidence,RO,2025-03-30,2025-W13,905.2,ERVISS
ARI incidence,RO,2025-03-23,2025-W12,968.9,ERVISS
ARI incidence,RO,2025-03-16,2025-W11,990.6,ERVISS
ARI incidence,RO,2025-03-09,2025-W10,921.1,ERVISS
ARI incidence,RO,2025-03-02,2025-W09,1057.9,ERVISS
ARI incidence,RO,2025-02-23,2025-W08,1224.5,ERVISS
ARI incidence,RO,2025-02-16,2025-W07,1371.0,ERVISS
ARI incidence,RO,2025-02-09,2025-W06,1424.8,ERVISS
ARI incidence,RO,2025-02-02,2025-W05,1459.3,ERVISS
ARI incidence,RO,2025-01-26,2025-W04,1160.7,ERVISS
ARI incidence,RO,2025-01-19,2025-W03,1176.3,ERVISS
ARI incidence,RO,2025-01-12,2025-W02,834.3,ERVISS
ARI incidence,RO,2025-01-05,2025-W01,389.8,ERVISS
ARI incidence,RO,2024-12-29,2024-W52,419.3,ERVISS
ARI incidence,RO,2024-12-22,2024-W51,1049.2,ERVISS
ARI incidence,RO,2024-12-01,2024-W48,1022.7,ERVISS
ARI incidence,RO,2024-11-24,2024-W47,1048.8,ERVISS
ARI incidence,RO,2024-11-17,2024-W46,956.8,ERVISS
ARI incidence,RO,2024-11-10,2024-W45,886.9,ERVISS
ARI incidence,RO,2024-11-03,2024-W44,783.2,ERVISS
ARI incidence,RO,2024-10-27,2024-W43,1020.5,ERVISS
ARI incidence,RO,2024-10-20,2024-W42,981.3,ERVISS
ARI incidence,RO,2024-10-13,2024-W41,917.3,ERVISS
ARI incidence,RO,2024-10-06,2024-W40,916.4,ERVISS
ARI incidence,RO,2024-09-29,2024-W39,1019.4,ERVISS
ARI incidence,RO,2024-09-22,2024-W38,778.7,ERVISS
ARI incidence,RO,2024-09-15,2024-W37,549.3,ERVISS
ARI incidence,RO,2024-09-08,2024-W36,526.7,ERVISS
ARI incidence,RO,2024-09-01,2024-W35,532.3,ERVISS
ARI incidence,RO,2024-08-25,2024-W34,561.7,ERVISS
ARI incidence,RO,2024-08-18,2024-W33,410.1,ERVISS
ARI incidence,RO,2024-08-11,2024-W32,553.0,ERVISS
ARI incidence,RO,2024-08-04,2024-W31,586.7,ERVISS
ARI incidence,RO,2024-07-28,2024-W30,525.4,ERVISS
ARI incidence,RO,2024-07-21,2024-W29,496.6,ERVISS
ARI incidence,RO,2024-07-14,2024-W28,517.1,ERVISS
ARI incidence,RO,2024-07-07,2024-W27,565.7,ERVISS
ARI incidence,RO,2024-06-30,2024-W26,526.3,ERVISS
ARI incidence,RO,2024-06-23,2024-W25,600.7,ERVISS
ARI incidence,RO,2024-06-16,2024-W24,659.3,ERVISS
ARI incidence,RO,2024-06-09,2024-W23,735.9,ERVISS
ARI incidence,RO,2024-06-02,2024-W22,686.4,ERVISS
ARI incidence,RO,2024-05-26,2024-W21,702.3,ERVISS
ARI incidence,RO,2024-05-19,2024-W20,735.7,ERVISS
ARI incidence,RO,2024-05-12,2024-W19,561.9,ERVISS
ARI incidence,RO,2024-05-05,2024-W18,346.7,ERVISS
ARI incidence,RO,2024-04-28,2024-W17,722.6,ERVISS
ARI incidence,RO,2024-04-14,2024-W15,826.9,ERVISS
ARI incidence,RO,2024-04-07,2024-W14,880.9,ERVISS
ARI incidence,RO,2024-03-31,2024-W13,877.7,ERVISS
ARI incidence,RO,2024-03-24,2024-W12,947.3,ERVISS
ARI incidence,RO,2024-03-17,2024-W11,855.1,ERVISS
ARI incidence,RO,2024-03-10,2024-W10,716.9,ERVISS
ARI incidence,RO,2024-03-03,2024-W09,746.2,ERVISS
ARI incidence,RO,2024-02-25,2024-W08,871.5,ERVISS
ARI incidence,RO,2024-02-18,2024-W07,964.3,ERVISS
ARI incidence,RO,2024-02-11,2024-W06,1083.1,ERVISS
ARI incidence,RO,2024-02-04,2024-W05,1194.2,ERVISS
ARI incidence,RO,2024-01-28,2024-W04,1100.4,ERVISS
ARI incidence,RO,2024-01-21,2024-W03,1130.0,ERVISS
ARI incidence,RO,2024-01-14,2024-W02,959.6,ERVISS
ARI incidence,RO,2024-01-07,2024-W01,663.4,ERVISS
ARI incidence,RO,2023-12-31,2023-W52,523.6,ERVISS
ARI incidence,RO,2023-12-24,2023-W51,864.0,ERVISS
ARI incidence,RO,2023-12-17,2023-W50,944.9,ERVISS
ARI incidence,RO,2023-12-10,2023-W49,851.4,ERVISS
ARI incidence,RO,2023-12-03,2023-W48,572.9,ERVISS
ARI incidence,RO,2023-11-26,2023-W47,820.4,ERVISS
ARI incidence,RO,2023-11-19,2023-W46,774.5,ERVISS
ARI incidence,RO,2023-11-12,2023-W45,658.3,ERVISS
ARI incidence,RO,2023-11-05,2023-W44,683.5,ERVISS
ARI incidence,RO,2023-10-29,2023-W43,882.0,ERVISS
ARI incidence,RO,2023-10-22,2023-W42,888.1,ERVISS
ARI incidence,RO,2023-10-15,2023-W41,796.5,ERVISS
ARI incidence,RO,2023-10-08,2023-W40,860.2,ERVISS
ARI incidence,RO,2023-10-01,2023-W39,952.0,ERVISS
ARI incidence,RO,2023-09-24,2023-W38,842.2,ERVISS
ARI incidence,RO,2023-09-17,2023-W37,547.5,ERVISS
ARI incidence,RO,2023-09-03,2023-W35,388.8,ERVISS
ARI incidence,RO,2023-08-13,2023-W32,365.0,ERVISS
ARI incidence,RO,2023-08-06,2023-W31,336.7,ERVISS
ARI incidence,RO,2023-07-30,2023-W30,350.1,ERVISS
ARI incidence,RO,2023-07-23,2023-W29,355.9,ERVISS
ARI incidence,RO,2023-07-16,2023-W28,331.4,ERVISS
ARI incidence,RO,2023-07-09,2023-W27,520.6,ERVISS
ARI incidence,RO,2023-06-25,2023-W25,423.2,ERVISS
ARI incidence,RO,2023-06-18,2023-W24,462.3,ERVISS
ARI incidence,RO,2023-06-04,2023-W22,394.0,ERVISS
ARI incidence,RO,2023-05-28,2023-W21,627.2,ERVISS
ARI incidence,RO,2023-05-21,2023-W20,657.4,ERVISS
ARI incidence,RO,2023-05-14,2023-W19,807.9,ERVISS
ARI incidence,RO,2023-05-07,2023-W18,647.0,ERVISS
ARI incidence,RO,2023-04-30,2023-W17,642.1,ERVISS
ARI incidence,RO,2023-04-23,2023-W16,564.6,ERVISS
ARI incidence,RO,2023-04-16,2023-W15,533.1,ERVISS
ARI incidence,RO,2023-04-09,2023-W14,797.0,ERVISS
ARI incidence,RO,2023-04-02,2023-W13,874.2,ERVISS
ARI incidence,RO,2023-03-26,2023-W12,920.7,ERVISS
ARI incidence,RO,2023-03-19,2023-W11,978.8,ERVISS
ARI incidence,RO,2023-03-12,2023-W10,922.4,ERVISS
ARI incidence,RO,2023-03-05,2023-W09,780.8,ERVISS
ARI incidence,RO,2023-02-26,2023-W08,899.8,ERVISS
ARI incidence,RO,2023-02-19,2023-W07,986.6,ERVISS
ARI incidence,RO,2023-02-12,2023-W06,1031.1,ERVISS
ARI incidence,RO,2023-02-05,2023-W05,937.6,ERVISS
ARI incidence,RO,2023-01-29,2023-W04,795.7,ERVISS
ARI incidence,RO,2023-01-22,2023-W03,1023.3,ERVISS
ARI incidence,RO,2023-01-15,2023-W02,1170.0,ERVISS
ARI incidence,RO,2023-01-08,2023-W01,970.8,ERVISS
ARI incidence,RO,2023-01-01,2022-W52,743.8,ERVISS
ARI incidence,RO,2022-12-25,2022-W51,949.7,ERVISS
ARI incidence,RO,2022-12-18,2022-W50,931.2,ERVISS
ARI incidence,RO,2022-12-11,2022-W49,969.5,ERVISS
ARI incidence,RO,2022-12-04,2022-W48,600.0,ERVISS
ARI incidence,RO,2022-11-27,2022-W47,1070.5,ERVISS
ARI incidence,RO,2022-11-20,2022-W46,970.3,ERVISS
ARI incidence,RO,2022-11-13,2022-W45,833.6,ERVISS
ARI incidence,RO,2022-11-06,2022-W44,648.2,ERVISS
ARI incidence,RO,2022-10-30,2022-W43,755.8,ERVISS
ARI incidence,RO,2022-10-23,2022-W42,788.9,ERVISS
ARI incidence,RO,2022-10-16,2022-W41,909.4,ERVISS
ARI incidence,RO,2022-10-09,2022-W40,1080.7,ERVISS
ARI incidence,RO,2022-10-02,2022-W39,943.2,ERVISS
ARI incidence,RO,2022-09-25,2022-W38,969.5,ERVISS
ARI incidence,RO,2022-09-18,2022-W37,788.9,ERVISS
ARI incidence,RO,2022-09-11,2022-W36,407.2,ERVISS
ARI incidence,RO,2022-09-04,2022-W35,397.1,ERVISS
ARI incidence,RO,2022-08-28,2022-W34,362.0,ERVISS
ARI incidence,RO,2022-08-21,2022-W33,264.3,ERVISS
ARI incidence,RO,2022-08-14,2022-W32,328.5,ERVISS
ARI incidence,RO,2022-08-07,2022-W31,408.0,ERVISS
ARI incidence,RO,2022-07-31,2022-W30,434.0,ERVISS
ARI incidence,RO,2022-07-24,2022-W29,401.1,ERVISS
ARI incidence,RO,2022-07-17,2022-W28,394.3,ERVISS
ARI incidence,RO,2022-07-10,2022-W27,368.4,ERVISS
ARI incidence,RO,2022-07-03,2022-W26,406.0,ERVISS
ARI incidence,RO,2022-06-26,2022-W25,427.3,ERVISS
ARI incidence,SK,2026-05-24,2026-W21,1160.2,ERVISS
ARI incidence,SK,2026-05-17,2026-W20,1265.0,ERVISS
ARI incidence,SK,2026-05-10,2026-W19,1211.6,ERVISS
ARI incidence,SK,2026-05-03,2026-W18,1241.3,ERVISS
ARI incidence,SK,2026-04-26,2026-W17,1418.0,ERVISS
ARI incidence,SK,2026-04-19,2026-W16,1401.8,ERVISS
ARI incidence,SK,2026-04-12,2026-W15,1400.3,ERVISS
ARI incidence,SK,2026-04-05,2026-W14,1267.6,ERVISS
ARI incidence,SK,2026-03-29,2026-W13,1587.9,ERVISS
ARI incidence,SK,2026-03-22,2026-W12,1505.0,ERVISS
ARI incidence,SK,2026-03-15,2026-W11,1464.9,ERVISS
ARI incidence,SK,2026-03-08,2026-W10,1435.7,ERVISS
ARI incidence,SK,2026-03-01,2026-W09,1697.0,ERVISS
ARI incidence,SK,2026-02-22,2026-W08,1847.1,ERVISS
ARI incidence,SK,2026-02-15,2026-W07,1957.9,ERVISS
ARI incidence,SK,2026-02-08,2026-W06,1927.2,ERVISS
ARI incidence,SK,2026-02-01,2026-W05,1951.1,ERVISS
ARI incidence,SK,2026-01-25,2026-W04,1792.2,ERVISS
ARI incidence,SK,2026-01-18,2026-W03,1693.2,ERVISS
ARI incidence,SK,2026-01-11,2026-W02,1523.5,ERVISS
ARI incidence,SK,2026-01-04,2026-W01,1131.9,ERVISS
ARI incidence,SK,2025-12-28,2025-W52,910.6,ERVISS
ARI incidence,SK,2025-12-21,2025-W51,2081.6,ERVISS
ARI incidence,SK,2025-12-14,2025-W50,1892.1,ERVISS
ARI incidence,SK,2025-12-07,2025-W49,1677.0,ERVISS
ARI incidence,SK,2025-11-30,2025-W48,1629.0,ERVISS
ARI incidence,SK,2025-11-23,2025-W47,1560.5,ERVISS
ARI incidence,SK,2025-11-16,2025-W46,1478.1,ERVISS
ARI incidence,SK,2025-11-09,2025-W45,1516.6,ERVISS
ARI incidence,SK,2025-11-02,2025-W44,1494.8,ERVISS
ARI incidence,SK,2025-10-26,2025-W43,1658.3,ERVISS
ARI incidence,SK,2025-10-19,2025-W42,1672.1,ERVISS
ARI incidence,SK,2025-10-12,2025-W41,1771.2,ERVISS
ARI incidence,SK,2025-10-05,2025-W40,1737.1,ERVISS
ARI incidence,SK,2025-09-28,2025-W39,1583.9,ERVISS
ARI incidence,SK,2025-09-21,2025-W38,1293.6,ERVISS
ARI incidence,SK,2025-09-14,2025-W37,1032.9,ERVISS
ARI incidence,SK,2025-09-07,2025-W36,770.8,ERVISS
ARI incidence,SK,2025-08-31,2025-W35,624.0,ERVISS
ARI incidence,SK,2025-08-24,2025-W34,598.5,ERVISS
ARI incidence,SK,2025-08-17,2025-W33,581.2,ERVISS
ARI incidence,SK,2025-08-10,2025-W32,614.4,ERVISS
ARI incidence,SK,2025-08-03,2025-W31,632.4,ERVISS
ARI incidence,SK,2025-07-27,2025-W30,673.2,ERVISS
ARI incidence,SK,2025-07-20,2025-W29,665.4,ERVISS
ARI incidence,SK,2025-07-13,2025-W28,740.5,ERVISS
ARI incidence,SK,2025-07-06,2025-W27,830.4,ERVISS
ARI incidence,SK,2025-06-29,2025-W26,896.4,ERVISS
ARI incidence,SK,2025-06-22,2025-W25,1045.0,ERVISS
ARI incidence,SK,2025-06-15,2025-W24,1024.1,ERVISS
ARI incidence,SK,2025-06-08,2025-W23,1091.5,ERVISS
ARI incidence,SK,2025-06-01,2025-W22,1190.6,ERVISS
ARI incidence,SK,2025-05-25,2025-W21,1212.0,ERVISS
ARI incidence,SK,2025-05-18,2025-W20,1224.3,ERVISS
ARI incidence,SK,2025-05-11,2025-W19,1108.9,ERVISS
ARI incidence,SK,2025-05-04,2025-W18,1096.7,ERVISS
ARI incidence,SK,2025-04-27,2025-W17,1216.4,ERVISS
ARI incidence,SK,2025-04-20,2025-W16,1285.3,ERVISS
ARI incidence,SK,2025-04-13,2025-W15,1633.6,ERVISS
ARI incidence,SK,2025-04-06,2025-W14,1711.4,ERVISS
ARI incidence,SK,2025-03-30,2025-W13,1818.4,ERVISS
ARI incidence,SK,2025-03-23,2025-W12,1908.8,ERVISS
ARI incidence,SK,2025-03-16,2025-W11,2097.9,ERVISS
ARI incidence,SK,2025-03-09,2025-W10,2209.4,ERVISS
ARI incidence,SK,2025-03-02,2025-W09,2443.2,ERVISS
ARI incidence,SK,2025-02-23,2025-W08,2420.0,ERVISS
ARI incidence,SK,2025-02-16,2025-W07,2720.9,ERVISS
ARI incidence,SK,2025-02-09,2025-W06,2770.3,ERVISS
ARI incidence,SK,2025-02-02,2025-W05,2910.9,ERVISS
ARI incidence,SK,2025-01-26,2025-W04,2516.5,ERVISS
ARI incidence,SK,2025-01-19,2025-W03,2111.9,ERVISS
ARI incidence,SK,2025-01-12,2025-W02,1879.2,ERVISS
ARI incidence,SK,2025-01-05,2025-W01,1377.0,ERVISS
ARI incidence,SK,2024-12-29,2024-W52,916.3,ERVISS
ARI incidence,SK,2024-12-22,2024-W51,2241.9,ERVISS
ARI incidence,SK,2024-12-15,2024-W50,2069.2,ERVISS
ARI incidence,SK,2024-12-08,2024-W49,1977.6,ERVISS
ARI incidence,SK,2024-12-01,2024-W48,2112.4,ERVISS
ARI incidence,SK,2024-11-24,2024-W47,1914.1,ERVISS
ARI incidence,SK,2024-11-17,2024-W46,1851.1,ERVISS
ARI incidence,SK,2024-11-10,2024-W45,1799.9,ERVISS
ARI incidence,SK,2024-11-03,2024-W44,1632.3,ERVISS
ARI incidence,SK,2024-10-27,2024-W43,1895.3,ERVISS
ARI incidence,SK,2024-10-20,2024-W42,1945.5,ERVISS
ARI incidence,SK,2024-10-13,2024-W41,1979.9,ERVISS
ARI incidence,SK,2024-10-06,2024-W40,1981.7,ERVISS
ARI incidence,SK,2024-09-29,2024-W39,1940.9,ERVISS
ARI incidence,SK,2024-09-22,2024-W38,1650.4,ERVISS
ARI incidence,SK,2024-09-15,2024-W37,1359.1,ERVISS
ARI incidence,SK,2024-09-08,2024-W36,1017.6,ERVISS
ARI incidence,SK,2024-09-01,2024-W35,788.9,ERVISS
ARI incidence,SK,2024-08-25,2024-W34,822.1,ERVISS
ARI incidence,SK,2024-08-18,2024-W33,736.0,ERVISS
ARI incidence,SK,2024-08-11,2024-W32,784.5,ERVISS
ARI incidence,SK,2024-08-04,2024-W31,777.2,ERVISS
ARI incidence,SK,2024-07-28,2024-W30,759.1,ERVISS
ARI incidence,SK,2024-07-21,2024-W29,745.1,ERVISS
ARI incidence,SK,2024-07-14,2024-W28,817.6,ERVISS
ARI incidence,SK,2024-07-07,2024-W27,839.6,ERVISS
ARI incidence,SK,2024-06-30,2024-W26,1061.0,ERVISS
ARI incidence,SK,2024-06-23,2024-W25,1165.4,ERVISS
ARI incidence,SK,2024-06-16,2024-W24,1204.7,ERVISS
ARI incidence,SK,2024-06-09,2024-W23,1225.0,ERVISS
ARI incidence,SK,2024-06-02,2024-W22,1282.5,ERVISS
ARI incidence,SK,2024-05-26,2024-W21,1307.1,ERVISS
ARI incidence,SK,2024-05-19,2024-W20,1414.1,ERVISS
ARI incidence,SK,2024-05-12,2024-W19,1311.2,ERVISS
ARI incidence,SK,2024-05-05,2024-W18,1406.8,ERVISS
ARI incidence,SK,2024-04-28,2024-W17,1599.5,ERVISS
ARI incidence,SK,2024-04-21,2024-W16,1518.2,ERVISS
ARI incidence,SK,2024-04-14,2024-W15,1474.4,ERVISS
ARI incidence,SK,2024-04-07,2024-W14,1448.1,ERVISS
ARI incidence,SK,2024-03-31,2024-W13,1472.6,ERVISS
ARI incidence,SK,2024-03-24,2024-W12,1778.2,ERVISS
ARI incidence,SK,2024-03-17,2024-W11,1660.8,ERVISS
ARI incidence,SK,2024-03-10,2024-W10,1626.5,ERVISS
ARI incidence,SK,2024-03-03,2024-W09,1640.1,ERVISS
ARI incidence,SK,2024-02-25,2024-W08,2036.2,ERVISS
ARI incidence,SK,2024-02-18,2024-W07,2378.3,ERVISS
ARI incidence,SK,2024-02-11,2024-W06,2757.2,ERVISS
ARI incidence,SK,2024-02-04,2024-W05,2821.9,ERVISS
ARI incidence,SK,2024-01-28,2024-W04,2589.4,ERVISS
ARI incidence,SK,2024-01-21,2024-W03,2104.4,ERVISS
ARI incidence,SK,2024-01-14,2024-W02,1862.0,ERVISS
ARI incidence,SK,2024-01-07,2024-W01,1736.2,ERVISS
ARI incidence,SK,2023-12-31,2023-W52,1552.1,ERVISS
ARI incidence,SK,2023-12-24,2023-W51,2374.8,ERVISS
ARI incidence,SK,2023-12-17,2023-W50,2493.2,ERVISS
ARI incidence,SK,2023-12-10,2023-W49,2208.3,ERVISS
ARI incidence,SK,2023-12-03,2023-W48,2067.4,ERVISS
ARI incidence,SK,2023-11-26,2023-W47,1870.1,ERVISS
ARI incidence,SK,2023-11-19,2023-W46,1634.7,ERVISS
ARI incidence,SK,2023-11-12,2023-W45,1756.3,ERVISS
ARI incidence,SK,2023-11-05,2023-W44,1612.9,ERVISS
ARI incidence,SK,2023-10-29,2023-W43,1842.7,ERVISS
ARI incidence,SK,2023-10-22,2023-W42,1817.8,ERVISS
ARI incidence,SK,2023-10-15,2023-W41,1649.0,ERVISS
ARI incidence,SK,2023-10-08,2023-W40,1623.9,ERVISS
ARI incidence,SK,2023-10-01,2023-W39,1468.6,ERVISS
ARI incidence,SK,2023-09-24,2023-W38,1337.5,ERVISS
ARI incidence,SK,2023-09-17,2023-W37,970.7,ERVISS
ARI incidence,SK,2023-09-10,2023-W36,803.4,ERVISS
ARI incidence,SK,2023-09-03,2023-W35,552.9,ERVISS
ARI incidence,SK,2023-08-27,2023-W34,596.8,ERVISS
ARI incidence,SK,2023-08-20,2023-W33,601.8,ERVISS
ARI incidence,SK,2023-08-13,2023-W32,644.0,ERVISS
ARI incidence,SK,2023-08-06,2023-W31,627.3,ERVISS
ARI incidence,SK,2023-07-30,2023-W30,690.5,ERVISS
ARI incidence,SK,2023-07-23,2023-W29,711.8,ERVISS
ARI incidence,SK,2023-07-16,2023-W28,782.8,ERVISS
ARI incidence,SK,2023-07-09,2023-W27,814.3,ERVISS
ARI incidence,SK,2023-07-02,2023-W26,1005.7,ERVISS
ARI incidence,SK,2023-06-25,2023-W25,1161.5,ERVISS
ARI incidence,SK,2023-06-18,2023-W24,1230.7,ERVISS
ARI incidence,SK,2023-06-11,2023-W23,1258.4,ERVISS
ARI incidence,SK,2023-06-04,2023-W22,1284.0,ERVISS
ARI incidence,SK,2023-05-28,2023-W21,1372.3,ERVISS
ARI incidence,SK,2023-05-21,2023-W20,1377.9,ERVISS
ARI incidence,SK,2023-05-14,2023-W19,1338.5,ERVISS
ARI incidence,SK,2023-05-07,2023-W18,1323.2,ERVISS
ARI incidence,SK,2023-04-30,2023-W17,1437.7,ERVISS
ARI incidence,SK,2023-04-23,2023-W16,1587.2,ERVISS
ARI incidence,SK,2023-04-16,2023-W15,1476.4,ERVISS
ARI incidence,SK,2023-04-09,2023-W14,1494.5,ERVISS
ARI incidence,SK,2023-04-02,2023-W13,1905.6,ERVISS
ARI incidence,SK,2023-03-26,2023-W12,1867.2,ERVISS
ARI incidence,SK,2023-03-19,2023-W11,1923.4,ERVISS
ARI incidence,SK,2023-03-12,2023-W10,1830.9,ERVISS
ARI incidence,SK,2023-03-05,2023-W09,2033.3,ERVISS
ARI incidence,SK,2023-02-26,2023-W08,2137.8,ERVISS
ARI incidence,SK,2023-02-19,2023-W07,2132.5,ERVISS
ARI incidence,SK,2023-02-12,2023-W06,2085.2,ERVISS
ARI incidence,SK,2023-02-05,2023-W05,1882.6,ERVISS
ARI incidence,SK,2023-01-29,2023-W04,1816.7,ERVISS
ARI incidence,SK,2023-01-22,2023-W03,1724.2,ERVISS
ARI incidence,SK,2023-01-15,2023-W02,1945.2,ERVISS
ARI incidence,SK,2023-01-08,2023-W01,2121.5,ERVISS
ARI incidence,SK,2023-01-01,2022-W52,2197.8,ERVISS
ARI incidence,SK,2022-12-25,2022-W51,3500.3,ERVISS
ARI incidence,SK,2022-12-18,2022-W50,3510.7,ERVISS
ARI incidence,SK,2022-12-11,2022-W49,2816.8,ERVISS
ARI incidence,SK,2022-12-04,2022-W48,2029.4,ERVISS
ARI incidence,SK,2022-11-27,2022-W47,1731.7,ERVISS
ARI incidence,SK,2022-11-20,2022-W46,1366.6,ERVISS
ARI incidence,SK,2022-11-13,2022-W45,1615.8,ERVISS
ARI incidence,SK,2022-11-06,2022-W44,1421.9,ERVISS
ARI incidence,SK,2022-10-30,2022-W43,1638.2,ERVISS
ARI incidence,SK,2022-10-23,2022-W42,1755.6,ERVISS
ARI incidence,SK,2022-10-16,2022-W41,1810.1,ERVISS
ARI incidence,SK,2022-10-09,2022-W40,1865.8,ERVISS
ARI incidence,SK,2022-10-02,2022-W39,1842.7,ERVISS
ARI incidence,SK,2022-09-25,2022-W38,1578.2,ERVISS
ARI incidence,SK,2022-09-18,2022-W37,928.1,ERVISS
ARI incidence,SK,2022-09-11,2022-W36,770.3,ERVISS
ARI incidence,SK,2022-09-04,2022-W35,562.9,ERVISS
ARI incidence,SK,2022-08-28,2022-W34,711.0,ERVISS
ARI incidence,SK,2022-08-21,2022-W33,713.1,ERVISS
ARI incidence,SK,2022-08-14,2022-W32,822.9,ERVISS
ARI incidence,SK,2022-08-07,2022-W31,805.6,ERVISS
ARI incidence,SK,2022-07-31,2022-W30,871.0,ERVISS
ARI incidence,SK,2022-07-24,2022-W29,888.1,ERVISS
ARI incidence,SK,2022-07-17,2022-W28,923.9,ERVISS
ARI incidence,SK,2022-07-10,2022-W27,825.6,ERVISS
ARI incidence,SK,2022-07-03,2022-W26,923.4,ERVISS
ARI incidence,SK,2022-06-26,2022-W25,1446.2,ERVISS
ARI incidence,SI,2026-08-30,2026-W35,296.2,ERVISS
ARI incidence,SI,2026-08-23,2026-W34,256.5,ERVISS
ARI incidence,SI,2026-08-16,2026-W33,276.4,ERVISS
ARI incidence,SI,2026-08-09,2026-W32,259.8,ERVISS
ARI incidence,SI,2026-08-02,2026-W31,296.3,ERVISS
ARI incidence,SI,2026-07-26,2026-W30,296.9,ERVISS
ARI incidence,SI,2026-07-19,2026-W29,331.4,ERVISS
ARI incidence,SI,2026-07-12,2026-W28,428.8,ERVISS
ARI incidence,SI,2026-07-05,2026-W27,394.6,ERVISS
ARI incidence,SI,2026-06-28,2026-W26,383.0,ERVISS
ARI incidence,SI,2026-06-21,2026-W25,420.6,ERVISS
ARI incidence,SI,2026-06-14,2026-W24,391.3,ERVISS
ARI incidence,SI,2026-06-07,2026-W23,442.8,ERVISS
ARI incidence,SI,2026-05-31,2026-W22,487.6,ERVISS
ARI incidence,SI,2026-05-24,2026-W21,505.8,ERVISS
ARI incidence,SI,2026-05-17,2026-W20,817.9,ERVISS
ARI incidence,SI,2026-05-10,2026-W19,849.2,ERVISS
ARI incidence,SI,2026-05-03,2026-W18,666.7,ERVISS
ARI incidence,SI,2026-04-26,2026-W17,1072.6,ERVISS
ARI incidence,SI,2026-04-19,2026-W16,1180.2,ERVISS
ARI incidence,SI,2026-04-12,2026-W15,1003.3,ERVISS
ARI incidence,SI,2026-04-05,2026-W14,1367.0,ERVISS
ARI incidence,SI,2026-03-29,2026-W13,1250.7,ERVISS
ARI incidence,SI,2026-03-22,2026-W12,1166.1,ERVISS
ARI incidence,SI,2026-03-15,2026-W11,1104.8,ERVISS
ARI incidence,SI,2026-03-08,2026-W10,1345.3,ERVISS
ARI incidence,SI,2026-03-01,2026-W09,1519.1,ERVISS
ARI incidence,SI,2026-02-22,2026-W08,1800.3,ERVISS
ARI incidence,SI,2026-02-15,2026-W07,1632.5,ERVISS
ARI incidence,SI,2026-02-08,2026-W06,1809.6,ERVISS
ARI incidence,SI,2026-02-01,2026-W05,1610.6,ERVISS
ARI incidence,SI,2026-01-25,2026-W04,1472.2,ERVISS
ARI incidence,SI,2026-01-18,2026-W03,1234.5,ERVISS
ARI incidence,SI,2026-01-11,2026-W02,1138.2,ERVISS
ARI incidence,SI,2026-01-04,2026-W01,721.0,ERVISS
ARI incidence,SI,2025-12-28,2025-W52,1853.2,ERVISS
ARI incidence,SI,2025-12-21,2025-W51,2593.3,ERVISS
ARI incidence,SI,2025-12-14,2025-W50,2801.9,ERVISS
ARI incidence,SI,2025-12-07,2025-W49,2470.8,ERVISS
ARI incidence,SI,2025-11-30,2025-W48,1794.6,ERVISS
ARI incidence,SI,2025-11-23,2025-W47,1373.6,ERVISS
ARI incidence,SI,2025-11-16,2025-W46,1074.4,ERVISS
ARI incidence,SI,2025-11-09,2025-W45,922.4,ERVISS
ARI incidence,SI,2025-11-02,2025-W44,950.9,ERVISS
ARI incidence,SI,2025-10-26,2025-W43,1218.2,ERVISS
ARI incidence,SI,2025-10-19,2025-W42,1275.4,ERVISS
ARI incidence,SI,2025-10-12,2025-W41,1440.7,ERVISS
ARI incidence,SI,2025-10-05,2025-W40,1272.1,ERVISS
ARI incidence,SI,2025-09-28,2025-W39,1200.6,ERVISS
ARI incidence,SI,2025-09-21,2025-W38,1124.2,ERVISS
ARI incidence,SI,2025-09-14,2025-W37,1052.0,ERVISS
ARI incidence,SI,2025-09-07,2025-W36,608.5,ERVISS
ARI incidence,SI,2025-08-31,2025-W35,684.8,ERVISS
ARI incidence,SI,2025-08-24,2025-W34,612.9,ERVISS
ARI incidence,SI,2025-08-17,2025-W33,422.0,ERVISS
ARI incidence,SI,2025-08-10,2025-W32,541.2,ERVISS
ARI incidence,SI,2025-08-03,2025-W31,533.8,ERVISS
ARI incidence,SI,2025-07-27,2025-W30,534.9,ERVISS
ARI incidence,SI,2025-07-20,2025-W29,527.8,ERVISS
ARI incidence,SI,2025-07-13,2025-W28,667.2,ERVISS
ARI incidence,SI,2025-07-06,2025-W27,698.0,ERVISS
ARI incidence,SI,2025-06-29,2025-W26,682.9,ERVISS
ARI incidence,SI,2025-06-22,2025-W25,711.0,ERVISS
ARI incidence,SI,2025-06-15,2025-W24,724.3,ERVISS
ARI incidence,SI,2025-06-08,2025-W23,852.0,ERVISS
ARI incidence,SI,2025-06-01,2025-W22,1171.7,ERVISS
ARI incidence,SI,2025-05-25,2025-W21,945.7,ERVISS
ARI incidence,SI,2025-05-18,2025-W20,905.0,ERVISS
ARI incidence,SI,2025-05-11,2025-W19,939.3,ERVISS
ARI incidence,SI,2025-05-04,2025-W18,605.7,ERVISS
ARI incidence,SI,2025-04-27,2025-W17,918.6,ERVISS
ARI incidence,SI,2025-04-20,2025-W16,1266.9,ERVISS
ARI incidence,SI,2025-04-13,2025-W15,1379.3,ERVISS
ARI incidence,SI,2025-04-06,2025-W14,1461.0,ERVISS
ARI incidence,SI,2025-03-30,2025-W13,1635.5,ERVISS
ARI incidence,SI,2025-03-23,2025-W12,1749.4,ERVISS
ARI incidence,SI,2025-03-16,2025-W11,1716.1,ERVISS
ARI incidence,SI,2025-03-09,2025-W10,1701.4,ERVISS
ARI incidence,SI,2025-03-02,2025-W09,2139.6,ERVISS
ARI incidence,SI,2025-02-23,2025-W08,2495.1,ERVISS
ARI incidence,SI,2025-02-16,2025-W07,2326.8,ERVISS
ARI incidence,SI,2025-02-09,2025-W06,2287.5,ERVISS
ARI incidence,SI,2025-02-02,2025-W05,3065.0,ERVISS
ARI incidence,SI,2025-01-26,2025-W04,2281.8,ERVISS
ARI incidence,SI,2025-01-19,2025-W03,1857.1,ERVISS
ARI incidence,SI,2025-01-12,2025-W02,1625.8,ERVISS
ARI incidence,SI,2025-01-05,2025-W01,953.4,ERVISS
ARI incidence,SI,2024-12-29,2024-W52,1087.5,ERVISS
ARI incidence,SI,2024-12-22,2024-W51,1656.2,ERVISS
ARI incidence,SI,2024-12-15,2024-W50,1746.3,ERVISS
ARI incidence,SI,2024-12-08,2024-W49,1454.5,ERVISS
ARI incidence,SI,2024-12-01,2024-W48,1675.7,ERVISS
ARI incidence,SI,2024-11-24,2024-W47,1669.5,ERVISS
ARI incidence,SI,2024-11-17,2024-W46,1426.5,ERVISS
ARI incidence,SI,2024-11-10,2024-W45,1300.0,ERVISS
ARI incidence,SI,2024-11-03,2024-W44,892.4,ERVISS
ARI incidence,SI,2024-10-27,2024-W43,1508.1,ERVISS
ARI incidence,SI,2024-10-20,2024-W42,1422.1,ERVISS
ARI incidence,SI,2024-10-13,2024-W41,1748.7,ERVISS
ARI incidence,SI,2024-10-06,2024-W40,1623.8,ERVISS
ARI incidence,SI,2024-09-29,2024-W39,1817.1,ERVISS
ARI incidence,SI,2024-09-22,2024-W38,1539.9,ERVISS
ARI incidence,SI,2024-09-15,2024-W37,1429.0,ERVISS
ARI incidence,SI,2024-09-08,2024-W36,976.3,ERVISS
ARI incidence,SI,2024-09-01,2024-W35,1097.1,ERVISS
ARI incidence,SI,2024-08-25,2024-W34,729.9,ERVISS
ARI incidence,SI,2024-08-18,2024-W33,684.7,ERVISS
ARI incidence,SI,2024-08-11,2024-W32,589.1,ERVISS
ARI incidence,SI,2024-08-04,2024-W31,815.5,ERVISS
ARI incidence,SI,2024-07-28,2024-W30,814.4,ERVISS
ARI incidence,SI,2024-07-21,2024-W29,1114.8,ERVISS
ARI incidence,SI,2024-07-14,2024-W28,1152.1,ERVISS
ARI incidence,SI,2024-07-07,2024-W27,989.7,ERVISS
ARI incidence,SI,2024-06-30,2024-W26,926.6,ERVISS
ARI incidence,SI,2024-06-23,2024-W25,892.4,ERVISS
ARI incidence,SI,2024-06-16,2024-W24,953.8,ERVISS
ARI incidence,SI,2024-06-09,2024-W23,1039.9,ERVISS
ARI incidence,SI,2024-06-02,2024-W22,1057.0,ERVISS
ARI incidence,SI,2024-05-26,2024-W21,946.2,ERVISS
ARI incidence,SI,2024-05-19,2024-W20,1005.8,ERVISS
ARI incidence,SI,2024-05-12,2024-W19,1102.7,ERVISS
ARI incidence,SI,2024-05-05,2024-W18,630.1,ERVISS
ARI incidence,SI,2024-04-28,2024-W17,1295.3,ERVISS
ARI incidence,SI,2024-04-21,2024-W16,1290.8,ERVISS
ARI incidence,SI,2024-04-14,2024-W15,1283.9,ERVISS
ARI incidence,SI,2024-04-07,2024-W14,1165.9,ERVISS
ARI incidence,SI,2024-03-31,2024-W13,1387.2,ERVISS
ARI incidence,SI,2024-03-24,2024-W12,1474.6,ERVISS
ARI incidence,SI,2024-03-17,2024-W11,1516.0,ERVISS
ARI incidence,SI,2024-03-10,2024-W10,1434.9,ERVISS
ARI incidence,SI,2024-03-03,2024-W09,1656.2,ERVISS
ARI incidence,SI,2024-02-25,2024-W08,1863.5,ERVISS
ARI incidence,SI,2024-02-18,2024-W07,2174.5,ERVISS
ARI incidence,SI,2024-02-11,2024-W06,2291.3,ERVISS
ARI incidence,SI,2024-02-04,2024-W05,2932.0,ERVISS
ARI incidence,SI,2024-01-28,2024-W04,2904.8,ERVISS
ARI incidence,SI,2024-01-21,2024-W03,2692.7,ERVISS
ARI incidence,SI,2024-01-14,2024-W02,2194.4,ERVISS
ARI incidence,SI,2024-01-07,2024-W01,1636.4,ERVISS
ARI incidence,SI,2023-12-31,2023-W52,1492.9,ERVISS
ARI incidence,SI,2023-12-24,2023-W51,2485.4,ERVISS
ARI incidence,SI,2023-12-17,2023-W50,2299.6,ERVISS
ARI incidence,SI,2023-12-10,2023-W49,2286.2,ERVISS
ARI incidence,SI,2023-12-03,2023-W48,2135.4,ERVISS
ARI incidence,SI,2023-11-26,2023-W47,1870.1,ERVISS
ARI incidence,SI,2023-11-19,2023-W46,1592.2,ERVISS
ARI incidence,SI,2023-11-12,2023-W45,1254.6,ERVISS
ARI incidence,SI,2023-11-05,2023-W44,812.1,ERVISS
ARI incidence,SI,2023-10-29,2023-W43,1481.5,ERVISS
ARI incidence,SI,2023-10-22,2023-W42,1440.4,ERVISS
ARI incidence,SI,2023-10-15,2023-W41,1247.1,ERVISS
ARI incidence,SI,2023-10-08,2023-W40,1214.6,ERVISS
ARI incidence,SI,2023-10-01,2023-W39,1214.1,ERVISS
ARI incidence,SI,2023-09-24,2023-W38,1328.4,ERVISS
ARI incidence,SI,2023-09-17,2023-W37,1250.4,ERVISS
ARI incidence,SI,2023-09-10,2023-W36,785.9,ERVISS
ARI incidence,SI,2023-09-03,2023-W35,732.0,ERVISS
ARI incidence,SI,2023-08-27,2023-W34,638.7,ERVISS
ARI incidence,SI,2023-08-20,2023-W33,433.3,ERVISS
ARI incidence,SI,2023-08-13,2023-W32,498.9,ERVISS
ARI incidence,SI,2023-08-06,2023-W31,540.6,ERVISS
ARI incidence,SI,2023-07-30,2023-W30,613.2,ERVISS
ARI incidence,SI,2023-07-23,2023-W29,721.9,ERVISS
ARI incidence,SI,2023-07-16,2023-W28,757.1,ERVISS
ARI incidence,SI,2023-07-09,2023-W27,810.7,ERVISS
ARI incidence,SI,2023-07-02,2023-W26,838.2,ERVISS
ARI incidence,SI,2023-06-25,2023-W25,890.0,ERVISS
ARI incidence,SI,2023-06-18,2023-W24,951.1,ERVISS
ARI incidence,SI,2023-06-11,2023-W23,1008.0,ERVISS
ARI incidence,SI,2023-06-04,2023-W22,1043.4,ERVISS
ARI incidence,SI,2023-05-28,2023-W21,1215.8,ERVISS
ARI incidence,SI,2023-05-21,2023-W20,1094.2,ERVISS
ARI incidence,SI,2023-05-14,2023-W19,950.0,ERVISS
ARI incidence,SI,2023-05-07,2023-W18,747.2,ERVISS
ARI incidence,SI,2023-04-30,2023-W17,1054.6,ERVISS
ARI incidence,SI,2023-04-23,2023-W16,1250.9,ERVISS
ARI incidence,SI,2023-04-16,2023-W15,1370.2,ERVISS
ARI incidence,SI,2023-04-09,2023-W14,1445.9,ERVISS
ARI incidence,SI,2023-04-02,2023-W13,1489.9,ERVISS
ARI incidence,SI,2023-03-26,2023-W12,1611.9,ERVISS
ARI incidence,SI,2023-03-19,2023-W11,1886.2,ERVISS
ARI incidence,SI,2023-03-12,2023-W10,2024.2,ERVISS
ARI incidence,SI,2023-03-05,2023-W09,1894.1,ERVISS
ARI incidence,SI,2023-02-26,2023-W08,1759.3,ERVISS
ARI incidence,SI,2023-02-19,2023-W07,1755.0,ERVISS
ARI incidence,SI,2023-02-12,2023-W06,1230.7,ERVISS
ARI incidence,SI,2023-02-05,2023-W05,1920.3,ERVISS
ARI incidence,SI,2023-01-29,2023-W04,1757.6,ERVISS
ARI incidence,SI,2023-01-22,2023-W03,1843.1,ERVISS
ARI incidence,SI,2023-01-15,2023-W02,2050.2,ERVISS
ARI incidence,SI,2023-01-08,2023-W01,2293.1,ERVISS
ARI incidence,SI,2023-01-01,2022-W52,2741.6,ERVISS
ARI incidence,SI,2022-12-25,2022-W51,3299.9,ERVISS
ARI incidence,SI,2022-12-18,2022-W50,2869.8,ERVISS
ARI incidence,SI,2022-12-11,2022-W49,2716.7,ERVISS
ARI incidence,SI,2022-12-04,2022-W48,2511.0,ERVISS
ARI incidence,SI,2022-11-27,2022-W47,1995.9,ERVISS
ARI incidence,SI,2022-11-20,2022-W46,1505.2,ERVISS
ARI incidence,SI,2022-11-13,2022-W45,1382.5,ERVISS
ARI incidence,SI,2022-11-06,2022-W44,1002.3,ERVISS
ARI incidence,SI,2022-10-30,2022-W43,1946.1,ERVISS
ARI incidence,SI,2022-10-23,2022-W42,1904.9,ERVISS
ARI incidence,SI,2022-10-16,2022-W41,2030.3,ERVISS
ARI incidence,SI,2022-10-09,2022-W40,2299.5,ERVISS
ARI incidence,SI,2022-10-02,2022-W39,2276.9,ERVISS
ARI incidence,SI,2022-09-25,2022-W38,2556.4,ERVISS
ARI incidence,SI,2022-09-18,2022-W37,2107.9,ERVISS
ARI incidence,SI,2022-09-11,2022-W36,1294.4,ERVISS
ARI incidence,SI,2022-09-04,2022-W35,913.7,ERVISS
ARI incidence,SI,2022-08-28,2022-W34,999.7,ERVISS
ARI incidence,SI,2022-08-21,2022-W33,943.2,ERVISS
ARI incidence,SI,2022-08-14,2022-W32,1010.7,ERVISS
ARI incidence,SI,2022-08-07,2022-W31,949.1,ERVISS
ARI incidence,SI,2022-07-31,2022-W30,1221.6,ERVISS
ARI incidence,SI,2022-07-24,2022-W29,1439.1,ERVISS
ARI incidence,SI,2022-07-17,2022-W28,1595.7,ERVISS
ARI incidence,SI,2022-07-10,2022-W27,1678.0,ERVISS
ARI incidence,SI,2022-07-03,2022-W26,1376.9,ERVISS
ARI incidence,SI,2022-06-26,2022-W25,1341.9,ERVISS
ARI incidence,ES,2026-08-30,2026-W35,220.1,ERVISS
ARI incidence,ES,2026-08-23,2026-W34,235.5,ERVISS
ARI incidence,ES,2026-08-16,2026-W33,215.6,ERVISS
ARI incidence,ES,2026-08-09,2026-W32,211.7,ERVISS
ARI incidence,ES,2026-08-02,2026-W31,211.6,ERVISS
ARI incidence,ES,2026-07-26,2026-W30,197.6,ERVISS
ARI incidence,ES,2026-07-19,2026-W29,182.3,ERVISS
ARI incidence,ES,2026-07-12,2026-W28,187.3,ERVISS
ARI incidence,ES,2026-07-05,2026-W27,196.6,ERVISS
ARI incidence,ES,2026-06-28,2026-W26,201.6,ERVISS
ARI incidence,ES,2026-06-21,2026-W25,224.7,ERVISS
ARI incidence,ES,2026-06-14,2026-W24,243.8,ERVISS
ARI incidence,ES,2026-06-07,2026-W23,272.2,ERVISS
ARI incidence,ES,2026-05-31,2026-W22,303.7,ERVISS
ARI incidence,ES,2026-05-24,2026-W21,350.1,ERVISS
ARI incidence,ES,2026-05-17,2026-W20,367.3,ERVISS
ARI incidence,ES,2026-05-10,2026-W19,366.6,ERVISS
ARI incidence,ES,2026-05-03,2026-W18,306.5,ERVISS
ARI incidence,ES,2026-04-26,2026-W17,341.0,ERVISS
ARI incidence,ES,2026-04-19,2026-W16,368.9,ERVISS
ARI incidence,ES,2026-04-12,2026-W15,391.4,ERVISS
ARI incidence,ES,2026-04-05,2026-W14,351.4,ERVISS
ARI incidence,ES,2026-03-29,2026-W13,472.9,ERVISS
ARI incidence,ES,2026-03-22,2026-W12,428.6,ERVISS
ARI incidence,ES,2026-03-15,2026-W11,464.4,ERVISS
ARI incidence,ES,2026-03-08,2026-W10,453.6,ERVISS
ARI incidence,ES,2026-03-01,2026-W09,444.9,ERVISS
ARI incidence,ES,2026-02-22,2026-W08,424.7,ERVISS
ARI incidence,ES,2026-02-15,2026-W07,466.8,ERVISS
ARI incidence,ES,2026-02-08,2026-W06,504.8,ERVISS
ARI incidence,ES,2026-02-01,2026-W05,522.8,ERVISS
ARI incidence,ES,2026-01-25,2026-W04,552.8,ERVISS
ARI incidence,ES,2026-01-18,2026-W03,591.0,ERVISS
ARI incidence,ES,2026-01-11,2026-W02,589.0,ERVISS
ARI incidence,ES,2026-01-04,2026-W01,571.4,ERVISS
ARI incidence,ES,2025-12-28,2025-W52,580.8,ERVISS
ARI incidence,ES,2025-12-21,2025-W51,853.8,ERVISS
ARI incidence,ES,2025-12-14,2025-W50,778.9,ERVISS
ARI incidence,ES,2025-12-07,2025-W49,822.5,ERVISS
ARI incidence,ES,2025-11-30,2025-W48,630.0,ERVISS
ARI incidence,ES,2025-11-23,2025-W47,522.5,ERVISS
ARI incidence,ES,2025-11-16,2025-W46,484.5,ERVISS
ARI incidence,ES,2025-11-09,2025-W45,450.9,ERVISS
ARI incidence,ES,2025-11-02,2025-W44,402.0,ERVISS
ARI incidence,ES,2025-10-26,2025-W43,422.2,ERVISS
ARI incidence,ES,2025-10-19,2025-W42,429.6,ERVISS
ARI incidence,ES,2025-10-12,2025-W41,457.2,ERVISS
ARI incidence,ES,2025-10-05,2025-W40,459.0,ERVISS
ARI incidence,ES,2025-09-28,2025-W39,436.6,ERVISS
ARI incidence,ES,2025-09-21,2025-W38,346.7,ERVISS
ARI incidence,ES,2025-09-14,2025-W37,256.1,ERVISS
ARI incidence,ES,2025-09-07,2025-W36,259.4,ERVISS
ARI incidence,ES,2025-08-31,2025-W35,247.2,ERVISS
ARI incidence,ES,2025-08-24,2025-W34,249.4,ERVISS
ARI incidence,ES,2025-08-17,2025-W33,213.0,ERVISS
ARI incidence,ES,2025-08-10,2025-W32,251.9,ERVISS
ARI incidence,ES,2025-08-03,2025-W31,263.3,ERVISS
ARI incidence,ES,2025-07-27,2025-W30,261.4,ERVISS
ARI incidence,ES,2025-07-20,2025-W29,260.3,ERVISS
ARI incidence,ES,2025-07-13,2025-W28,266.2,ERVISS
ARI incidence,ES,2025-07-06,2025-W27,258.9,ERVISS
ARI incidence,ES,2025-06-29,2025-W26,266.4,ERVISS
ARI incidence,ES,2025-06-22,2025-W25,286.8,ERVISS
ARI incidence,ES,2025-06-15,2025-W24,302.5,ERVISS
ARI incidence,ES,2025-06-08,2025-W23,354.2,ERVISS
ARI incidence,ES,2025-06-01,2025-W22,378.7,ERVISS
ARI incidence,ES,2025-05-25,2025-W21,408.4,ERVISS
ARI incidence,ES,2025-05-18,2025-W20,393.7,ERVISS
ARI incidence,ES,2025-05-11,2025-W19,376.8,ERVISS
ARI incidence,ES,2025-05-04,2025-W18,295.7,ERVISS
ARI incidence,ES,2025-04-27,2025-W17,392.4,ERVISS
ARI incidence,ES,2025-04-20,2025-W16,340.3,ERVISS
ARI incidence,ES,2025-04-13,2025-W15,477.2,ERVISS
ARI incidence,ES,2025-04-06,2025-W14,511.2,ERVISS
ARI incidence,ES,2025-03-30,2025-W13,507.0,ERVISS
ARI incidence,ES,2025-03-23,2025-W12,483.4,ERVISS
ARI incidence,ES,2025-03-16,2025-W11,499.0,ERVISS
ARI incidence,ES,2025-03-09,2025-W10,492.4,ERVISS
ARI incidence,ES,2025-03-02,2025-W09,512.3,ERVISS
ARI incidence,ES,2025-02-23,2025-W08,603.7,ERVISS
ARI incidence,ES,2025-02-16,2025-W07,657.4,ERVISS
ARI incidence,ES,2025-02-09,2025-W06,698.2,ERVISS
ARI incidence,ES,2025-02-02,2025-W05,746.5,ERVISS
ARI incidence,ES,2025-01-26,2025-W04,837.7,ERVISS
ARI incidence,ES,2025-01-19,2025-W03,813.4,ERVISS
ARI incidence,ES,2025-01-12,2025-W02,808.0,ERVISS
ARI incidence,ES,2025-01-05,2025-W01,657.3,ERVISS
ARI incidence,ES,2024-12-29,2024-W52,570.0,ERVISS
ARI incidence,ES,2024-12-22,2024-W51,651.9,ERVISS
ARI incidence,ES,2024-12-15,2024-W50,584.2,ERVISS
ARI incidence,ES,2024-12-08,2024-W49,482.6,ERVISS
ARI incidence,ES,2024-12-01,2024-W48,512.7,ERVISS
ARI incidence,ES,2024-11-24,2024-W47,499.3,ERVISS
ARI incidence,ES,2024-11-17,2024-W46,472.6,ERVISS
ARI incidence,ES,2024-11-10,2024-W45,468.8,ERVISS
ARI incidence,ES,2024-11-03,2024-W44,384.4,ERVISS
ARI incidence,ES,2024-10-27,2024-W43,460.4,ERVISS
ARI incidence,ES,2024-10-20,2024-W42,465.0,ERVISS
ARI incidence,ES,2024-10-13,2024-W41,464.1,ERVISS
ARI incidence,ES,2024-10-06,2024-W40,501.6,ERVISS
ARI incidence,ES,2024-09-29,2024-W39,496.7,ERVISS
ARI incidence,ES,2024-09-22,2024-W38,426.3,ERVISS
ARI incidence,ES,2024-09-15,2024-W37,298.9,ERVISS
ARI incidence,ES,2024-09-08,2024-W36,263.4,ERVISS
ARI incidence,ES,2024-09-01,2024-W35,244.2,ERVISS
ARI incidence,ES,2024-08-25,2024-W34,233.2,ERVISS
ARI incidence,ES,2024-08-18,2024-W33,201.9,ERVISS
ARI incidence,ES,2024-08-11,2024-W32,233.2,ERVISS
ARI incidence,ES,2024-08-04,2024-W31,248.0,ERVISS
ARI incidence,ES,2024-07-28,2024-W30,268.1,ERVISS
ARI incidence,ES,2024-07-21,2024-W29,295.7,ERVISS
ARI incidence,ES,2024-07-14,2024-W28,325.7,ERVISS
ARI incidence,ES,2024-07-07,2024-W27,366.4,ERVISS
ARI incidence,ES,2024-06-30,2024-W26,380.4,ERVISS
ARI incidence,ES,2024-06-23,2024-W25,407.1,ERVISS
ARI incidence,ES,2024-06-16,2024-W24,407.9,ERVISS
ARI incidence,ES,2024-06-09,2024-W23,424.2,ERVISS
ARI incidence,ES,2024-06-02,2024-W22,419.0,ERVISS
ARI incidence,ES,2024-05-26,2024-W21,444.9,ERVISS
ARI incidence,ES,2024-05-19,2024-W20,461.6,ERVISS
ARI incidence,ES,2024-05-12,2024-W19,488.5,ERVISS
ARI incidence,ES,2024-05-05,2024-W18,431.3,ERVISS
ARI incidence,ES,2024-04-28,2024-W17,485.2,ERVISS
ARI incidence,ES,2024-04-21,2024-W16,467.0,ERVISS
ARI incidence,ES,2024-04-14,2024-W15,466.6,ERVISS
ARI incidence,ES,2024-04-07,2024-W14,494.4,ERVISS
ARI incidence,ES,2024-03-31,2024-W13,422.3,ERVISS
ARI incidence,ES,2024-03-24,2024-W12,540.6,ERVISS
ARI incidence,ES,2024-03-17,2024-W11,586.9,ERVISS
ARI incidence,ES,2024-03-10,2024-W10,583.5,ERVISS
ARI incidence,ES,2024-03-03,2024-W09,562.3,ERVISS
ARI incidence,ES,2024-02-25,2024-W08,580.7,ERVISS
ARI incidence,ES,2024-02-18,2024-W07,561.6,ERVISS
ARI incidence,ES,2024-02-11,2024-W06,573.4,ERVISS
ARI incidence,ES,2024-02-04,2024-W05,564.0,ERVISS
ARI incidence,ES,2024-01-28,2024-W04,603.7,ERVISS
ARI incidence,ES,2024-01-21,2024-W03,727.7,ERVISS
ARI incidence,ES,2024-01-14,2024-W02,941.8,ERVISS
ARI incidence,ES,2024-01-07,2024-W01,916.1,ERVISS
ARI incidence,ES,2023-12-31,2023-W52,958.4,ERVISS
ARI incidence,ES,2023-12-24,2023-W51,915.4,ERVISS
ARI incidence,ES,2023-12-17,2023-W50,809.7,ERVISS
ARI incidence,ES,2023-12-10,2023-W49,544.0,ERVISS
ARI incidence,ES,2023-12-03,2023-W48,680.7,ERVISS
ARI incidence,ES,2023-11-26,2023-W47,614.4,ERVISS
ARI incidence,ES,2023-11-19,2023-W46,572.0,ERVISS
ARI incidence,ES,2023-11-12,2023-W45,558.1,ERVISS
ARI incidence,ES,2023-11-05,2023-W44,434.4,ERVISS
ARI incidence,ES,2023-10-29,2023-W43,472.2,ERVISS
ARI incidence,ES,2023-10-22,2023-W42,457.5,ERVISS
ARI incidence,ES,2023-10-15,2023-W41,397.7,ERVISS
ARI incidence,ES,2023-10-08,2023-W40,502.1,ERVISS
ARI incidence,ES,2023-10-01,2023-W39,668.7,ERVISS
ARI incidence,ES,2023-09-24,2023-W38,581.9,ERVISS
ARI incidence,ES,2023-09-17,2023-W37,424.4,ERVISS
ARI incidence,ES,2023-09-10,2023-W36,407.2,ERVISS
ARI incidence,ES,2023-09-03,2023-W35,427.1,ERVISS
ARI incidence,ES,2023-08-27,2023-W34,355.9,ERVISS
ARI incidence,ES,2023-08-20,2023-W33,352.8,ERVISS
ARI incidence,ES,2023-08-13,2023-W32,360.4,ERVISS
ARI incidence,ES,2023-08-06,2023-W31,379.9,ERVISS
ARI incidence,ES,2023-07-30,2023-W30,359.2,ERVISS
ARI incidence,ES,2023-07-23,2023-W29,331.2,ERVISS
ARI incidence,ES,2023-07-16,2023-W28,309.6,ERVISS
ARI incidence,ES,2023-07-09,2023-W27,311.4,ERVISS
ARI incidence,ES,2023-07-02,2023-W26,322.7,ERVISS
ARI incidence,ES,2023-06-25,2023-W25,350.1,ERVISS
ARI incidence,ES,2023-06-18,2023-W24,382.6,ERVISS
ARI incidence,ES,2023-06-11,2023-W23,426.9,ERVISS
ARI incidence,ES,2023-06-04,2023-W22,491.2,ERVISS
ARI incidence,ES,2023-05-28,2023-W21,538.7,ERVISS
ARI incidence,ES,2023-05-21,2023-W20,535.6,ERVISS
ARI incidence,ES,2023-05-14,2023-W19,523.8,ERVISS
ARI incidence,ES,2023-05-07,2023-W18,480.4,ERVISS
ARI incidence,ES,2023-04-30,2023-W17,525.0,ERVISS
ARI incidence,ES,2023-04-23,2023-W16,558.7,ERVISS
ARI incidence,ES,2023-04-16,2023-W15,564.8,ERVISS
ARI incidence,ES,2023-04-09,2023-W14,488.1,ERVISS
ARI incidence,ES,2023-04-02,2023-W13,661.2,ERVISS
ARI incidence,ES,2023-03-26,2023-W12,730.1,ERVISS
ARI incidence,ES,2023-03-19,2023-W11,804.2,ERVISS
ARI incidence,ES,2023-03-12,2023-W10,960.1,ERVISS
ARI incidence,ES,2023-03-05,2023-W09,953.4,ERVISS
ARI incidence,ES,2023-02-26,2023-W08,1031.0,ERVISS
ARI incidence,ES,2023-02-19,2023-W07,1035.3,ERVISS
ARI incidence,ES,2023-02-12,2023-W06,1079.8,ERVISS
ARI incidence,ES,2023-02-05,2023-W05,1007.2,ERVISS
ARI incidence,ES,2023-01-29,2023-W04,868.5,ERVISS
ARI incidence,ES,2023-01-22,2023-W03,858.0,ERVISS
ARI incidence,ES,2023-01-15,2023-W02,959.0,ERVISS
ARI incidence,ES,2023-01-08,2023-W01,844.1,ERVISS
ARI incidence,ES,2023-01-01,2022-W52,946.6,ERVISS
ARI incidence,ES,2022-12-25,2022-W51,1075.7,ERVISS
ARI incidence,ES,2022-12-18,2022-W50,1163.4,ERVISS
ARI incidence,ES,2022-12-11,2022-W49,918.7,ERVISS
ARI incidence,ES,2022-12-04,2022-W48,1164.6,ERVISS
ARI incidence,ES,2022-11-27,2022-W47,1113.3,ERVISS
ARI incidence,ES,2022-11-20,2022-W46,1038.8,ERVISS
ARI incidence,ES,2022-11-13,2022-W45,928.4,ERVISS
ARI incidence,ES,2022-11-06,2022-W44,752.0,ERVISS
ARI incidence,ES,2022-10-30,2022-W43,791.9,ERVISS
ARI incidence,ES,2022-10-23,2022-W42,813.5,ERVISS
ARI incidence,ES,2022-10-16,2022-W41,738.7,ERVISS
ARI incidence,ES,2022-10-09,2022-W40,831.8,ERVISS
ARI incidence,ES,2022-10-02,2022-W39,600.6,ERVISS
ARI incidence,ES,2022-09-25,2022-W38,490.4,ERVISS
ARI incidence,ES,2022-09-18,2022-W37,346.9,ERVISS
ARI incidence,ES,2022-09-11,2022-W36,287.2,ERVISS
ARI incidence,ES,2022-09-04,2022-W35,299.8,ERVISS
ARI incidence,ES,2022-08-28,2022-W34,304.1,ERVISS
ARI incidence,ES,2022-08-21,2022-W33,273.1,ERVISS
ARI incidence,ES,2022-08-14,2022-W32,307.6,ERVISS
ARI incidence,ES,2022-08-07,2022-W31,334.0,ERVISS
ARI incidence,ES,2022-07-31,2022-W30,381.1,ERVISS
ARI incidence,ES,2022-07-24,2022-W29,474.3,ERVISS
ARI incidence,ES,2022-07-17,2022-W28,621.8,ERVISS
ARI incidence,ES,2022-07-10,2022-W27,804.2,ERVISS
ARI incidence,ES,2022-07-03,2022-W26,855.6,ERVISS
ARI incidence,ES,2022-06-26,2022-W25,684.4,ERVISS
ARI incidence,GB-ENG,2023-10-08,2023-W40,305.7211213772348,FluID
ARI incidence,GB-ENG,2023-10-15,2023-W41,305.06528994635335,FluID
ARI incidence,GB-ENG,2023-10-22,2023-W42,329.6817124437322,FluID
ARI incidence,GB-ENG,2023-11-05,2023-W44,343.6493184919642,FluID
ARI incidence,GB-ENG,2023-11-19,2023-W46,369.8249810419511,FluID
ARI incidence,GB-ENG,2023-11-26,2023-W47,348.3286531163553,FluID
ARI incidence,GB-ENG,2023-12-03,2023-W48,353.18376053316297,FluID
ARI incidence,GB-ENG,2023-12-31,2023-W52,276.73267273669865,FluID
ARI incidence,GB-ENG,2024-02-04,2024-W05,373.9777706521029,FluID
ARI incidence,GB-ENG,2024-02-18,2024-W07,332.4955133595391,FluID
ARI incidence,GB-ENG,2024-02-25,2024-W08,319.68336734139035,FluID
ARI incidence,GB-ENG,2024-03-10,2024-W10,332.3231112557003,FluID
ARI incidence,GB-ENG,2024-03-17,2024-W11,345.2769419353829,FluID
ARI incidence,GB-ENG,2024-03-24,2024-W12,346.7795944726546,FluID
ARI incidence,GB-ENG,2024-04-07,2024-W14,270.06609966038917,FluID
ARI incidence,GB-ENG,2024-04-14,2024-W15,279.05528534158395,FluID
ARI incidence,GB-ENG,2024-05-05,2024-W18,268.71490335485447,FluID
ARI incidence,GB-ENG,2024-05-12,2024-W19,239.06910435175163,FluID
ARI incidence,GB-ENG,2024-05-19,2024-W20,256.30195342005476,FluID
ARI incidence,GB-ENG,2024-10-06,2024-W40,245.1880387452078,FluID
ARI incidence,GB-ENG,2024-10-13,2024-W41,256.1684965949618,FluID
ARI incidence,GB-ENG,2024-10-20,2024-W42,269.63339329464276,FluID
ARI incidence,GB-ENG,2024-10-27,2024-W43,264.9365792155607,FluID
ARI incidence,GB-ENG,2024-11-03,2024-W44,253.27957294565277,FluID
ARI incidence,GB-ENG,2024-11-10,2024-W45,280.5805143936238,FluID
ARI incidence,GB-ENG,2024-12-01,2024-W48,347.49551569641864,FluID
ARI incidence,GB-ENG,2024-12-15,2024-W50,376.80742131714646,FluID
ARI incidence,GB-ENG,2024-12-22,2024-W51,414.7772428834349,FluID
ARI incidence,GB-ENG,2024-12-29,2024-W52,273.30494422659064,FluID
ARI incidence,GB-ENG,2025-01-12,2025-W02,359.5123362191557,FluID
ARI incidence,GB-ENG,2025-01-19,2025-W03,304.92520971439785,FluID
ARI incidence,GB-ENG,2025-02-02,2025-W05,312.99382314533983,FluID
ARI incidence,GB-ENG,2025-02-09,2025-W06,310.88666866305505,FluID
ARI incidence,GB-ENG,2025-02-16,2025-W07,302.1072589311713,FluID
ARI incidence,GB-ENG,2025-02-23,2025-W08,287.83748186556136,FluID
ARI incidence,GB-ENG,2025-03-02,2025-W09,280.7879321869801,FluID
ARI incidence,GB-ENG,2025-03-09,2025-W10,265.0740856513552,FluID
ARI incidence,GB-ENG,2025-03-16,2025-W11,265.0486644918835,FluID
ARI incidence,GB-ENG,2025-03-23,2025-W12,264.1471145928353,FluID
ARI incidence,GB-ENG,2025-03-30,2025-W13,259.8947161811232,FluID
ARI incidence,GB-ENG,2025-04-20,2025-W16,174.49954631560897,FluID
ARI incidence,GB-ENG,2025-04-27,2025-W17,175.58193912526966,FluID
ARI incidence,GB-ENG,2025-05-04,2025-W18,179.88721328125317,FluID
ARI incidence,GB-ENG,2025-05-11,2025-W19,159.80306256857597,FluID
ARI incidence,GB-ENG,2025-05-18,2025-W20,184.52526198497756,FluID
ARI incidence,GB-ENG,2025-10-05,2025-W40,243.9052131469313,FluID
ARI incidence,GB-ENG,2025-10-26,2025-W43,273.7878147676666,FluID
ARI incidence,GB-ENG,2025-11-02,2025-W44,266.5231354702803,FluID
ARI incidence,GB-ENG,2025-11-16,2025-W46,269.0473102704753,FluID
ARI incidence,GB-ENG,2025-11-23,2025-W47,309.42654428349726,FluID
ARI incidence,GB-ENG,2025-11-30,2025-W48,369.4440398944022,FluID
ARI incidence,GB-ENG,2026-01-11,2026-W02,360.48798308818965,FluID
ARI incidence,GB-ENG,2026-01-18,2026-W03,324.1397583849542,FluID
ARI incidence,GB-ENG,2026-02-01,2026-W05,323.93855772951923,FluID
ARI incidence,GB-ENG,2026-02-08,2026-W06,326.22030980397835,FluID
ARI incidence,GB-ENG,2026-02-15,2026-W07,316.66011893396023,FluID
ARI incidence,GB-ENG,2026-02-22,2026-W08,290.87633796049533,FluID
ARI incidence,GB-ENG,2026-03-01,2026-W09,290.43281705202355,FluID
ARI incidence,GB-ENG,2026-03-22,2026-W12,292.2516665320666,FluID
ARI incidence,GB-ENG,2026-03-29,2026-W13,301.73351485106656,FluID
ARI incidence,GB-ENG,2026-04-19,2026-W16,237.014426469454,FluID
ARI incidence,GB-ENG,2026-05-03,2026-W18,220.39938390529028,FluID
ARI incidence,GB-ENG,2026-05-10,2026-W19,199.14695187788013,FluID
ARI incidence,GB-ENG,2026-05-31,2026-W22,158.06721896063118,FluID
ARI incidence,GB-ENG,2026-06-07,2026-W23,200.97285635365066,FluID
ARI incidence,GB-ENG,2026-06-14,2026-W24,191.87597987473558,FluID
ARI incidence,GB-ENG,2026-07-05,2026-W27,197.45438617517746,FluID
ARI incidence,GB-ENG,2026-07-12,2026-W28,167.21340783821,FluID
ARI incidence,GB-ENG,2026-07-19,2026-W29,168.04450685841778,FluID
ARI incidence,GB-ENG,2026-07-26,2026-W30,165.5936306596835,FluID
ARI incidence,GB-ENG,2026-08-09,2026-W32,152.42939628623213,FluID
ARI incidence,GB-WLS,2023-07-30,2023-W30,131.34431384579986,FluID
ARI incidence,GB-WLS,2023-08-13,2023-W32,100.64143759624595,FluID
ARI incidence,GB-WLS,2023-08-20,2023-W33,100.16553672912076,FluID
ARI incidence,GB-WLS,2023-09-24,2023-W38,113.42519305683648,FluID
ARI incidence,GB-WLS,2023-10-01,2023-W39,148.192285268865,FluID
ARI incidence,GB-WLS,2023-10-08,2023-W40,187.49121507172075,FluID
ARI incidence,GB-WLS,2023-10-15,2023-W41,182.01180217890047,FluID
ARI incidence,GB-WLS,2023-10-22,2023-W42,169.64859206378003,FluID
ARI incidence,GB-WLS,2023-10-29,2023-W43,208.3517091276643,FluID
ARI incidence,GB-WLS,2023-11-05,2023-W44,218.7225501948232,FluID
ARI incidence,GB-WLS,2023-11-19,2023-W46,227.0968905002391,FluID
ARI incidence,GB-WLS,2023-12-03,2023-W48,242.91806819346672,FluID
ARI incidence,GB-WLS,2023-12-17,2023-W50,289.8207096949946,FluID
ARI incidence,GB-WLS,2023-12-24,2023-W51,257.9857760534626,FluID
ARI incidence,GB-WLS,2023-12-31,2023-W52,198.69866021040724,FluID
ARI incidence,GB-WLS,2024-01-07,2024-W01,130.71311818995815,FluID
ARI incidence,GB-WLS,2024-01-14,2024-W02,243.23992061772987,FluID
ARI incidence,GB-WLS,2024-01-21,2024-W03,251.56639016389576,FluID
ARI incidence,GB-WLS,2024-01-28,2024-W04,285.2516090232201,FluID
ARI incidence,GB-WLS,2024-02-11,2024-W06,293.8180390039151,FluID
ARI incidence,GB-WLS,2024-02-25,2024-W08,207.96895708089087,FluID
ARI incidence,GB-WLS,2024-03-03,2024-W09,244.25066962442034,FluID
ARI incidence,GB-WLS,2024-03-10,2024-W10,252.74634508961756,FluID
ARI incidence,GB-WLS,2024-03-17,2024-W11,274.45751572289936,FluID
ARI incidence,GB-WLS,2024-03-31,2024-W13,171.1220397747141,FluID
ARI incidence,GB-WLS,2024-04-07,2024-W14,195.90370307505162,FluID
ARI incidence,GB-WLS,2024-04-28,2024-W17,201.9149675050851,FluID
ARI incidence,GB-WLS,2024-05-19,2024-W20,176.25898319931417,FluID
ARI incidence,GB-WLS,2024-06-09,2024-W23,150.68054483304743,FluID
ARI incidence,GB-WLS,2024-06-23,2024-W25,133.72076764872622,FluID
ARI incidence,GB-WLS,2024-07-07,2024-W27,148.30043924279542,FluID
ARI incidence,GB-WLS,2024-07-14,2024-W28,156.44443595212562,FluID
ARI incidence,GB-WLS,2024-07-21,2024-W29,140.8949485240179,FluID
ARI incidence,GB-WLS,2024-07-28,2024-W30,123.925448801156,FluID
ARI incidence,GB-WLS,2024-08-04,2024-W31,108.52207686504471,FluID
ARI incidence,GB-WLS,2024-08-11,2024-W32,94.43173300721922,FluID
ARI incidence,GB-WLS,2024-08-25,2024-W34,70.85678763246136,FluID
ARI incidence,GB-WLS,2024-09-01,2024-W35,67.64670730249792,FluID
ARI incidence,GB-WLS,2024-09-08,2024-W36,92.32829404094866,FluID
ARI incidence,GB-WLS,2024-11-03,2024-W44,106.90287110568111,FluID
ARI incidence,GB-WLS,2024-11-10,2024-W45,175.3527642280361,FluID
ARI incidence,GB-WLS,2024-11-17,2024-W46,187.90913937614167,FluID
ARI incidence,GB-WLS,2024-12-01,2024-W48,138.3516248125701,FluID
ARI incidence,GB-WLS,2024-12-08,2024-W49,132.4677520880112,FluID
ARI incidence,GB-WLS,2024-12-15,2024-W50,271.13888534625687,FluID
ARI incidence,GB-WLS,2024-12-22,2024-W51,310.76694456765256,FluID
ARI incidence,GB-WLS,2025-01-05,2025-W01,292.1719050312237,FluID
ARI incidence,GB-WLS,2025-01-12,2025-W02,267.0615485345643,FluID
ARI incidence,GB-WLS,2025-01-19,2025-W03,235.6149338565049,FluID
ARI incidence,GB-WLS,2025-01-26,2025-W04,202.1472530434392,FluID
ARI incidence,GB-WLS,2025-02-09,2025-W06,205.57637655208993,FluID
ARI incidence,GB-WLS,2025-03-02,2025-W09,159.10786950338633,FluID
ARI incidence,GB-WLS,2025-03-16,2025-W11,161.21992086847553,FluID
ARI incidence,GB-WLS,2025-03-30,2025-W13,136.57932160910156,FluID
ARI incidence,GB-WLS,2025-04-06,2025-W14,174.02970679933347,FluID
ARI incidence,GB-WLS,2025-05-04,2025-W18,90.06072062648488,FluID
ARI incidence,GB-WLS,2025-05-11,2025-W19,64.66337010270065,FluID
ARI incidence,GB-WLS,2025-05-18,2025-W20,55.29729324435781,FluID
ARI incidence,GB-WLS,2025-05-25,2025-W21,40.06710654569993,FluID
ARI incidence,GB-WLS,2025-06-08,2025-W23,40.06710654569993,FluID
ARI incidence,GB-WLS,2025-06-22,2025-W25,39.36779665929225,FluID
ARI incidence,GB-WLS,2025-07-06,2025-W27,26.24278323461048,FluID
ARI incidence,GB-WLS,2025-07-13,2025-W28,91.38112019194722,FluID
ARI incidence,GB-WLS,2025-07-20,2025-W29,89.74094623978405,FluID
ARI incidence,GB-WLS,2025-08-03,2025-W31,78.96266026842619,FluID
ARI incidence,GB-WLS,2025-10-19,2025-W42,157.50477489436986,FluID
ARI incidence,GB-WLS,2025-10-26,2025-W43,179.72401994245376,FluID
ARI incidence,GB-WLS,2025-11-02,2025-W44,161.45414408754925,FluID
ARI incidence,GB-WLS,2025-11-09,2025-W45,197.85341129348345,FluID
ARI incidence,GB-WLS,2025-11-16,2025-W46,171.07126002831524,FluID
ARI incidence,GB-WLS,2025-12-07,2025-W49,271.59139682388286,FluID
ARI incidence,GB-WLS,2025-12-14,2025-W50,247.1203480921778,FluID
ARI incidence,GB-WLS,2025-12-21,2025-W51,222.0122408301477,FluID
ARI incidence,GB-WLS,2025-12-28,2025-W52,133.28345526209523,FluID
ARI incidence,GB-WLS,2026-01-04,2026-W01,247.73457881599307,FluID
ARI incidence,GB-WLS,2026-01-18,2026-W03,54.531152730659535,FluID
ARI incidence,GB-WLS,2026-02-22,2026-W08,114.6543330087634,FluID
ARI incidence,GB-WLS,2026-03-15,2026-W11,118.75686213000515,FluID
ARI incidence,GB-WLS,2026-03-29,2026-W13,201.36780150276078,FluID
ARI incidence,GB-WLS,2026-04-12,2026-W15,151.90021324453014,FluID
ARI incidence,GB-WLS,2026-04-26,2026-W17,133.25693960142175,FluID
ARI incidence,GB-WLS,2026-05-03,2026-W18,145.6744012836872,FluID
ARI incidence,GB-WLS,2026-05-17,2026-W20,133.54544923813415,FluID
ARI incidence,GB-WLS,2026-06-07,2026-W23,100.42521505692396,FluID
ARI incidence,GB-WLS,2026-06-14,2026-W24,118.81983727807027,FluID
ARI incidence,GB-WLS,2026-06-21,2026-W25,118.86304909560724,FluID
ARI incidence,GB-WLS,2026-06-28,2026-W26,125.94979594581315,FluID
ARI incidence,GB-WLS,2026-07-19,2026-W29,97.53705749150505,FluID
ARI incidence,GB-WLS,2026-08-02,2026-W31,93.8937211331967,FluID
ARI incidence,GB-WLS,2026-08-16,2026-W33,61.38980529948742,FluID
ARI incidence,GB-NIR,2023-08-06,2023-W31,50.71564775886232,FluID
ARI incidence,GB-NIR,2023-08-13,2023-W32,49.83228395043677,FluID
ARI incidence,GB-NIR,2023-08-20,2023-W33,51.14536336808948,FluID
ARI incidence,GB-NIR,2023-08-27,2023-W34,56.2174542627789,FluID
ARI incidence,GB-NIR,2023-09-03,2023-W35,43.545953629281186,FluID
ARI incidence,GB-NIR,2023-09-10,2023-W36,50.842205649200814,FluID
ARI incidence,GB-NIR,2023-09-17,2023-W37,60.593344605693666,FluID
ARI incidence,GB-NIR,2023-09-24,2023-W38,71.65132338708547,FluID
ARI incidence,GB-NIR,2023-10-08,2023-W40,147.56319201326656,FluID
ARI incidence,GB-NIR,2023-10-15,2023-W41,145.7147541017842,FluID
ARI incidence,GB-NIR,2023-10-22,2023-W42,160.56261473406687,FluID
ARI incidence,GB-NIR,2023-10-29,2023-W43,179.54053101691653,FluID
ARI incidence,GB-NIR,2023-11-19,2023-W46,175.74710127973879,FluID
ARI incidence,GB-NIR,2023-11-26,2023-W47,178.01366006904166,FluID
ARI incidence,GB-NIR,2023-12-03,2023-W48,181.34323310215302,FluID
ARI incidence,GB-NIR,2023-12-10,2023-W49,200.56314829936576,FluID
ARI incidence,GB-NIR,2023-12-17,2023-W50,208.81457988259442,FluID
ARI incidence,GB-NIR,2023-12-24,2023-W51,245.68309603273528,FluID
ARI incidence,GB-NIR,2023-12-31,2023-W52,150.7527239457706,FluID
ARI incidence,GB-NIR,2024-01-07,2024-W01,199.0925498201633,FluID
ARI incidence,GB-NIR,2024-01-14,2024-W02,202.12989285791363,FluID
ARI incidence,GB-NIR,2024-01-21,2024-W03,185.52821102840892,FluID
ARI incidence,GB-NIR,2024-02-04,2024-W05,188.519555639385,FluID
ARI incidence,GB-NIR,2024-02-11,2024-W06,186.07476066085553,FluID
ARI incidence,GB-NIR,2024-02-18,2024-W07,176.12826276035483,FluID
ARI incidence,GB-NIR,2024-02-25,2024-W08,180.03323169803147,FluID
ARI incidence,GB-NIR,2024-03-03,2024-W09,155.25015720770122,FluID
ARI incidence,GB-NIR,2024-03-10,2024-W10,173.8439522168366,FluID
ARI incidence,GB-NIR,2024-03-17,2024-W11,181.13227972468667,FluID
ARI incidence,GB-NIR,2024-04-14,2024-W15,157.9637735768898,FluID
ARI incidence,GB-NIR,2024-04-21,2024-W16,143.10836974147887,FluID
ARI incidence,GB-NIR,2024-04-28,2024-W17,154.44785734318845,FluID
ARI incidence,GB-NIR,2024-05-12,2024-W19,119.03806092960264,FluID
ARI incidence,GB-NIR,2024-05-26,2024-W21,111.9879495198697,FluID
ARI incidence,GB-NIR,2024-06-02,2024-W22,93.69878100288447,FluID
ARI incidence,GB-NIR,2024-06-09,2024-W23,91.48897831701603,FluID
ARI incidence,GB-NIR,2024-06-30,2024-W26,113.61125106121058,FluID
ARI incidence,GB-NIR,2024-07-07,2024-W27,107.14013498218885,FluID
ARI incidence,GB-NIR,2024-07-21,2024-W29,73.78789993137343,FluID
ARI incidence,GB-NIR,2024-08-04,2024-W31,67.9785296764738,FluID
ARI incidence,GB-NIR,2024-08-11,2024-W32,65.05469227267756,FluID
ARI incidence,GB-NIR,2024-08-18,2024-W33,64.46585029023959,FluID
ARI incidence,GB-NIR,2024-09-08,2024-W36,82.05986462505027,FluID
ARI incidence,GB-NIR,2024-09-15,2024-W37,92.42104551069535,FluID
ARI incidence,GB-NIR,2024-09-22,2024-W38,106.48962845311434,FluID
ARI incidence,GB-NIR,2024-09-29,2024-W39,111.4766151490101,FluID
ARI incidence,GB-NIR,2024-10-20,2024-W42,127.68955293979512,FluID
ARI incidence,GB-NIR,2024-10-27,2024-W43,129.01638025282668,FluID
ARI incidence,GB-NIR,2024-11-03,2024-W44,120.87918324262664,FluID
ARI incidence,GB-NIR,2024-11-10,2024-W45,128.7408361393446,FluID
ARI incidence,GB-NIR,2024-11-24,2024-W47,161.06690871614498,FluID
ARI incidence,GB-NIR,2024-12-01,2024-W48,186.310216435567,FluID
ARI incidence,GB-NIR,2024-12-22,2024-W51,233.47988055660846,FluID
ARI incidence,GB-NIR,2024-12-29,2024-W52,152.1698743357636,FluID
ARI incidence,GB-NIR,2025-01-05,2025-W01,178.22160367297232,FluID
ARI incidence,GB-NIR,2025-01-19,2025-W03,137.2821443423689,FluID
ARI incidence,GB-NIR,2025-01-26,2025-W04,110.38685489137573,FluID
ARI incidence,GB-NIR,2025-02-02,2025-W05,128.74147530644015,FluID
ARI incidence,GB-NIR,2025-02-16,2025-W07,121.72363292018936,FluID
ARI incidence,GB-NIR,2025-03-02,2025-W09,126.85460695420376,FluID
ARI incidence,GB-NIR,2025-03-16,2025-W11,116.9631510902768,FluID
ARI incidence,GB-NIR,2025-03-30,2025-W13,116.82782358048084,FluID
ARI incidence,GB-NIR,2025-04-20,2025-W16,108.31214681425065,FluID
ARI incidence,GB-NIR,2025-04-27,2025-W17,76.2493258587604,FluID
ARI incidence,GB-NIR,2025-05-18,2025-W20,89.09633488147452,FluID
ARI incidence,GB-NIR,2025-05-25,2025-W21,92.20575986507302,FluID
ARI incidence,GB-NIR,2025-06-08,2025-W23,52.87000157996883,FluID
ARI incidence,GB-NIR,2025-06-15,2025-W24,98.45675635913706,FluID
ARI incidence,GB-NIR,2025-06-29,2025-W26,137.63148507023786,FluID
ARI incidence,GB-NIR,2025-07-06,2025-W27,132.06345410300756,FluID
ARI incidence,GB-NIR,2025-07-13,2025-W28,116.64500058081498,FluID
ARI incidence,GB-NIR,2025-07-27,2025-W30,101.9934022415412,FluID
ARI incidence,GB-NIR,2025-08-10,2025-W32,93.61432728012076,FluID
ARI incidence,GB-NIR,2025-08-17,2025-W33,96.11409972163044,FluID
ARI incidence,GB-NIR,2025-08-24,2025-W34,95.31713054497413,FluID
ARI incidence,GB-NIR,2025-08-31,2025-W35,85.59618925958092,FluID
ARI incidence,GB-NIR,2025-09-07,2025-W36,111.0983227379789,FluID
ARI incidence,GB-NIR,2025-09-14,2025-W37,132.70531042738236,FluID
ARI incidence,GB-NIR,2025-09-21,2025-W38,154.62706570591203,FluID
ARI incidence,GB-NIR,2025-09-28,2025-W39,157.9391753659173,FluID
ARI incidence,GB-NIR,2025-10-05,2025-W40,158.51117905746258,FluID
ARI incidence,GB-NIR,2025-10-12,2025-W41,136.57026195784084,FluID
ARI incidence,GB-NIR,2025-10-19,2025-W42,168.65151466291115,FluID
ARI incidence,GB-NIR,2025-10-26,2025-W43,173.2146355056794,FluID
ARI incidence,GB-NIR,2025-11-02,2025-W44,172.96250505917735,FluID
ARI incidence,GB-NIR,2025-11-09,2025-W45,182.51046439843,FluID
ARI incidence,GB-NIR,2025-11-23,2025-W47,215.23881167012814,FluID
ARI incidence,GB-NIR,2025-12-07,2025-W49,277.6365980236544,FluID
ARI incidence,GB-NIR,2025-12-21,2025-W51,281.14803395891335,FluID
ARI incidence,GB-NIR,2026-01-04,2026-W01,236.91305367849822,FluID
ARI incidence,GB-NIR,2026-01-25,2026-W04,216.2412096434255,FluID
ARI incidence,GB-NIR,2026-02-01,2026-W05,210.93316061479086,FluID
ARI incidence,GB-NIR,2026-02-08,2026-W06,214.90260439087388,FluID
ARI incidence,GB-NIR,2026-03-01,2026-W09,199.59657952470553,FluID
ARI incidence,GB-NIR,2026-03-15,2026-W11,205.1738190138305,FluID
ARI incidence,GB-NIR,2026-03-22,2026-W12,188.34571282993514,FluID
ARI incidence,GB-NIR,2026-03-29,2026-W13,211.6499670617338,FluID
ARI incidence,GB-NIR,2026-04-12,2026-W15,141.15576747865254,FluID
ARI incidence,GB-NIR,2026-04-19,2026-W16,190.0007826668581,FluID
ARI incidence,GB-NIR,2026-04-26,2026-W17,171.91716370201343,FluID
ARI incidence,GB-NIR,2026-05-03,2026-W18,164.41344244305415,FluID
ARI incidence,GB-NIR,2026-05-10,2026-W19,143.3005894286891,FluID
ARI incidence,GB-NIR,2026-05-17,2026-W20,173.446551921902,FluID
ARI incidence,GB-NIR,2026-05-24,2026-W21,167.23346895959668,FluID
ARI incidence,GB-NIR,2026-05-31,2026-W22,132.88861160435764,FluID
ARI incidence,GB-NIR,2026-06-07,2026-W23,150.06029765398216,FluID
ARI incidence,GB-NIR,2026-06-14,2026-W24,141.02369092443692,FluID
ARI incidence,GB-NIR,2026-07-05,2026-W27,145.98140824550214,FluID
ARI incidence,GB-NIR,2026-07-19,2026-W29,88.58424524879409,FluID
ARI incidence,GB-NIR,2026-07-26,2026-W30,111.83144013083943,FluID
ARI incidence,GB-NIR,2026-08-02,2026-W31,105.90573142824526,FluID
ARI incidence,GB-NIR,2026-08-09,2026-W32,106.98813299713517,FluID
ARI incidence,GB-NIR,2026-08-23,2026-W34,124.83945617171466,FluID
ARI incidence,GB-SCT,2023-07-30,2023-W30,102.27629845894748,FluID
ARI incidence,GB-SCT,2023-08-06,2023-W31,105.65929278444125,FluID
ARI incidence,GB-SCT,2023-08-13,2023-W32,121.72695766584478,FluID
ARI incidence,GB-SCT,2023-08-20,2023-W33,121.14699072728465,FluID
ARI incidence,GB-SCT,2023-08-27,2023-W34,125.30908986958741,FluID
ARI incidence,GB-SCT,2023-10-08,2023-W40,159.28600569479434,FluID
ARI incidence,GB-SCT,2023-10-15,2023-W41,166.07161594610375,FluID
ARI incidence,GB-SCT,2023-10-22,2023-W42,165.56635458383667,FluID
ARI incidence,GB-SCT,2023-11-12,2023-W45,242.74182511499288,FluID
ARI incidence,GB-SCT,2023-11-26,2023-W47,223.25949158044142,FluID
ARI incidence,GB-SCT,2023-12-03,2023-W48,224.75968976387486,FluID
ARI incidence,GB-SCT,2023-12-17,2023-W50,263.1096150538734,FluID
ARI incidence,GB-SCT,2023-12-24,2023-W51,289.7502673536641,FluID
ARI incidence,GB-SCT,2023-12-31,2023-W52,204.03047132836724,FluID
ARI incidence,GB-SCT,2024-01-14,2024-W02,260.15076106050304,FluID
ARI incidence,GB-SCT,2024-02-04,2024-W05,256.6029945840917,FluID
ARI incidence,GB-SCT,2024-02-25,2024-W08,242.59457002377698,FluID
ARI incidence,GB-SCT,2024-03-10,2024-W10,277.65500288479234,FluID
ARI incidence,GB-SCT,2024-03-17,2024-W11,270.3769158873817,FluID
ARI incidence,GB-SCT,2024-03-24,2024-W12,251.3133672117882,FluID
ARI incidence,GB-SCT,2024-03-31,2024-W13,232.59663534142598,FluID
ARI incidence,GB-SCT,2024-04-14,2024-W15,219.12103561941947,FluID
ARI incidence,GB-SCT,2024-04-21,2024-W16,206.96884296121974,FluID
ARI incidence,GB-SCT,2024-04-28,2024-W17,181.940280641174,FluID
ARI incidence,GB-SCT,2024-05-12,2024-W19,166.35893310908392,FluID
ARI incidence,GB-SCT,2024-05-19,2024-W20,177.72494078334955,FluID
ARI incidence,GB-SCT,2024-06-16,2024-W24,174.52483751466104,FluID
ARI incidence,GB-SCT,2024-06-23,2024-W25,165.04689504588555,FluID
ARI incidence,GB-SCT,2024-06-30,2024-W26,160.86366804133496,FluID
ARI incidence,GB-SCT,2024-07-07,2024-W27,146.18185603414278,FluID
ARI incidence,GB-SCT,2024-07-14,2024-W28,129.0024510465699,FluID
ARI incidence,GB-SCT,2024-07-21,2024-W29,124.14878924101595,FluID
ARI incidence,GB-SCT,2024-08-04,2024-W31,94.59292942447047,FluID
ARI incidence,GB-SCT,2024-08-11,2024-W32,84.42654347808292,FluID
ARI incidence,GB-SCT,2024-08-18,2024-W33,87.40261447240513,FluID
ARI incidence,GB-SCT,2024-09-01,2024-W35,117.83585595342065,FluID
ARI incidence,GB-SCT,2024-09-08,2024-W36,124.81079480775085,FluID
ARI incidence,GB-SCT,2024-09-15,2024-W37,139.8426645075519,FluID
ARI incidence,GB-SCT,2024-09-29,2024-W39,161.0049528221911,FluID
ARI incidence,GB-SCT,2024-10-20,2024-W42,141.79634622298394,FluID
ARI incidence,GB-SCT,2024-11-03,2024-W44,150.15399004088133,FluID
ARI incidence,GB-SCT,2024-11-24,2024-W47,188.42791114701697,FluID
ARI incidence,GB-SCT,2024-12-01,2024-W48,223.68958339557997,FluID
ARI incidence,GB-SCT,2024-12-08,2024-W49,211.12777335827462,FluID
ARI incidence,GB-SCT,2024-12-15,2024-W50,240.49885917420644,FluID
ARI incidence,GB-SCT,2024-12-22,2024-W51,306.98735497759606,FluID
ARI incidence,GB-SCT,2025-01-05,2025-W01,228.52691573371024,FluID
ARI incidence,GB-SCT,2025-01-12,2025-W02,261.7457729064582,FluID
ARI incidence,GB-SCT,2025-01-19,2025-W03,203.05558684010046,FluID
ARI incidence,GB-SCT,2025-01-26,2025-W04,163.00431658338664,FluID
ARI incidence,GB-SCT,2025-02-09,2025-W06,156.98654710896216,FluID
ARI incidence,GB-SCT,2025-03-02,2025-W09,164.61003842008935,FluID
ARI incidence,GB-SCT,2025-03-23,2025-W12,150.48711874690215,FluID
ARI incidence,GB-SCT,2025-03-30,2025-W13,177.789074378185,FluID
ARI incidence,GB-SCT,2025-04-20,2025-W16,120.47059666533805,FluID
ARI incidence,GB-SCT,2025-05-04,2025-W18,118.91599314482319,FluID
ARI incidence,GB-SCT,2025-05-11,2025-W19,106.71739262372974,FluID
ARI incidence,GB-SCT,2025-05-18,2025-W20,120.86652974210772,FluID
ARI incidence,GB-SCT,2025-06-01,2025-W22,102.24601967896604,FluID
ARI incidence,GB-SCT,2025-06-08,2025-W23,124.36255263648778,FluID
ARI incidence,GB-SCT,2025-06-22,2025-W25,109.30124472045702,FluID
ARI incidence,GB-SCT,2025-06-29,2025-W26,109.12699895273283,FluID
ARI incidence,GB-SCT,2025-07-27,2025-W30,64.18705828852332,FluID
ARI incidence,GB-SCT,2025-08-24,2025-W34,83.41287454984742,FluID
ARI incidence,GB-SCT,2025-08-31,2025-W35,97.23787745972302,FluID
ARI incidence,GB-SCT,2025-09-21,2025-W38,121.13960520989595,FluID
ARI incidence,GB-SCT,2025-09-28,2025-W39,114.90457658974695,FluID
ARI incidence,GB-SCT,2025-10-26,2025-W43,130.13702129609285,FluID
ARI incidence,GB-SCT,2025-11-02,2025-W44,140.95750038888812,FluID
ARI incidence,GB-SCT,2025-11-09,2025-W45,142.4395671183357,FluID
ARI incidence,GB-SCT,2025-11-30,2025-W48,216.65108931070654,FluID
ARI incidence,GB-SCT,2025-12-07,2025-W49,274.9673341248135,FluID
ARI incidence,GB-SCT,2025-12-21,2025-W51,264.38188979105814,FluID
ARI incidence,GB-SCT,2025-12-28,2025-W52,158.08170866884572,FluID
ARI incidence,GB-SCT,2026-01-04,2026-W01,137.9278072905828,FluID
ARI incidence,GB-SCT,2026-01-11,2026-W02,214.1788402378095,FluID
ARI incidence,GB-SCT,2026-01-25,2026-W04,178.04353224630407,FluID
ARI incidence,GB-SCT,2026-02-01,2026-W05,170.82311538203678,FluID
ARI incidence,GB-SCT,2026-02-08,2026-W06,170.6709438386184,FluID
ARI incidence,GB-SCT,2026-02-15,2026-W07,174.96343795238678,FluID
ARI incidence,GB-SCT,2026-02-22,2026-W08,153.89822515307029,FluID
ARI incidence,GB-SCT,2026-03-01,2026-W09,170.10380757165095,FluID
ARI incidence,GB-SCT,2026-03-08,2026-W10,157.25355151326787,FluID
ARI incidence,GB-SCT,2026-03-15,2026-W11,168.0886310737008,FluID
ARI incidence,GB-SCT,2026-03-22,2026-W12,168.28961932122027,FluID
ARI incidence,GB-SCT,2026-03-29,2026-W13,152.38375267084533,FluID
ARI incidence,GB-SCT,2026-04-05,2026-W14,140.96868726201905,FluID
ARI incidence,GB-SCT,2026-04-12,2026-W15,138.24066244687953,FluID
ARI incidence,GB-SCT,2026-04-19,2026-W16,140.10777216951507,FluID
ARI incidence,GB-SCT,2026-05-03,2026-W18,116.9426065680537,FluID
ARI incidence,GB-SCT,2026-05-10,2026-W19,103.67256206172956,FluID
