origin_date,target,target_end_date,horizon,location,output_type,output_type_id,value
2026-08-26,ARI incidence,2026-08-23,1,BE,quantile,0.01,7.38397216796875
2026-08-26,ARI incidence,2026-08-23,1,BE,quantile,0.025,46.76185989379883
2026-08-26,ARI incidence,2026-08-23,1,BE,quantile,0.05,112.39166259765625
2026-08-26,ARI incidence,2026-08-23,1,BE,quantile,0.1,149.2921142578125
2026-08-26,ARI incidence,2026-08-23,1,BE,quantile,0.15,168.92822265625
2026-08-26,ARI incidence,2026-08-23,1,BE,quantile,0.2,182.71575927734375
2026-08-26,ARI incidence,2026-08-23,1,BE,quantile,0.25,192.72076416015625
2026-08-26,ARI incidence,2026-08-23,1,BE,quantile,0.3,204.33642578125
2026-08-26,ARI incidence,2026-08-23,1,BE,quantile,0.35,211.62762451171875
2026-08-26,ARI incidence,2026-08-23,1,BE,quantile,0.4,218.338623046875
2026-08-26,ARI incidence,2026-08-23,1,BE,quantile,0.45,230.15863037109375
2026-08-26,ARI incidence,2026-08-23,1,BE,quantile,0.5,238.612548828125
2026-08-26,ARI incidence,2026-08-23,1,BE,quantile,0.55,243.35723876953125
2026-08-26,ARI incidence,2026-08-23,1,BE,quantile,0.6,249.77630615234375
2026-08-26,ARI incidence,2026-08-23,1,BE,quantile,0.65,262.36334228515625
2026-08-26,ARI incidence,2026-08-23,1,BE,quantile,0.7,276.392333984375
2026-08-26,ARI incidence,2026-08-23,1,BE,quantile,0.75,286.4798583984375
2026-08-26,ARI incidence,2026-08-23,1,BE,quantile,0.8,304.1005859375
2026-08-26,ARI incidence,2026-08-23,1,BE,quantile,0.85,324.181396484375
2026-08-26,ARI incidence,2026-08-23,1,BE,quantile,0.9,349.1776123046875
2026-08-26,ARI incidence,2026-08-23,1,BE,quantile,0.95,388.873046875
2026-08-26,ARI incidence,2026-08-23,1,BE,quantile,0.975,475.0118103027344
2026-08-26,ARI incidence,2026-08-23,1,BE,quantile,0.99,526.6949462890625
2026-08-26,ARI incidence,2026-08-30,2,BE,quantile,0.01,54.12127685546875
2026-08-26,ARI incidence,2026-08-30,2,BE,quantile,0.025,96.736328125
2026-08-26,ARI incidence,2026-08-30,2,BE,quantile,0.05,167.76141357421875
2026-08-26,ARI incidence,2026-08-30,2,BE,quantile,0.1,200.52569580078125
2026-08-26,ARI incidence,2026-08-30,2,BE,quantile,0.15,222.3828125
2026-08-26,ARI incidence,2026-08-30,2,BE,quantile,0.2,239.88909912109375
2026-08-26,ARI incidence,2026-08-30,2,BE,quantile,0.25,251.79296875
2026-08-26,ARI incidence,2026-08-30,2,BE,quantile,0.3,263.76116943359375
2026-08-26,ARI incidence,2026-08-30,2,BE,quantile,0.35,277.4598388671875
2026-08-26,ARI incidence,2026-08-30,2,BE,quantile,0.4,286.3961181640625
2026-08-26,ARI incidence,2026-08-30,2,BE,quantile,0.45,295.7589111328125
2026-08-26,ARI incidence,2026-08-30,2,BE,quantile,0.5,308.51763916015625
2026-08-26,ARI incidence,2026-08-30,2,BE,quantile,0.55,317.13104248046875
2026-08-26,ARI incidence,2026-08-30,2,BE,quantile,0.6,329.904541015625
2026-08-26,ARI incidence,2026-08-30,2,BE,quantile,0.65,342.90069580078125
2026-08-26,ARI incidence,2026-08-30,2,BE,quantile,0.7,354.04144287109375
2026-08-26,ARI incidence,2026-08-30,2,BE,quantile,0.75,368.08184814453125
2026-08-26,ARI incidence,2026-08-30,2,BE,quantile,0.8,380.5537109375
2026-08-26,ARI incidence,2026-08-30,2,BE,quantile,0.85,401.7889404296875
2026-08-26,ARI incidence,2026-08-30,2,BE,quantile,0.9,432.000732421875
2026-08-26,ARI incidence,2026-08-30,2,BE,quantile,0.95,485.41021728515625
2026-08-26,ARI incidence,2026-08-30,2,BE,quantile,0.975,605.44287109375
2026-08-26,ARI incidence,2026-08-30,2,BE,quantile,0.99,677.4622802734375
2026-08-26,ARI incidence,2026-09-06,3,BE,quantile,0.01,105.79473876953125
2026-08-26,ARI incidence,2026-09-06,3,BE,quantile,0.025,152.8072509765625
2026-08-26,ARI incidence,2026-09-06,3,BE,quantile,0.05,231.16143798828125
2026-08-26,ARI incidence,2026-09-06,3,BE,quantile,0.1,276.5631103515625
2026-08-26,ARI incidence,2026-09-06,3,BE,quantile,0.15,303.96905517578125
2026-08-26,ARI incidence,2026-09-06,3,BE,quantile,0.2,322.0477294921875
2026-08-26,ARI incidence,2026-09-06,3,BE,quantile,0.25,338.03961181640625
2026-08-26,ARI incidence,2026-09-06,3,BE,quantile,0.3,352.8441162109375
2026-08-26,ARI incidence,2026-09-06,3,BE,quantile,0.35,365.51727294921875
2026-08-26,ARI incidence,2026-09-06,3,BE,quantile,0.4,377.07830810546875
2026-08-26,ARI incidence,2026-09-06,3,BE,quantile,0.45,387.59600830078125
2026-08-26,ARI incidence,2026-09-06,3,BE,quantile,0.5,401.150634765625
2026-08-26,ARI incidence,2026-09-06,3,BE,quantile,0.55,413.00982666015625
2026-08-26,ARI incidence,2026-09-06,3,BE,quantile,0.6,423.58990478515625
2026-08-26,ARI incidence,2026-09-06,3,BE,quantile,0.65,436.070556640625
2026-08-26,ARI incidence,2026-09-06,3,BE,quantile,0.7,452.4715881347656
2026-08-26,ARI incidence,2026-09-06,3,BE,quantile,0.75,468.9781799316406
2026-08-26,ARI incidence,2026-09-06,3,BE,quantile,0.8,490.34332275390625
2026-08-26,ARI incidence,2026-09-06,3,BE,quantile,0.85,518.59228515625
2026-08-26,ARI incidence,2026-09-06,3,BE,quantile,0.9,560.117919921875
2026-08-26,ARI incidence,2026-09-06,3,BE,quantile,0.95,626.2388916015625
2026-08-26,ARI incidence,2026-09-06,3,BE,quantile,0.975,748.4945068359375
2026-08-26,ARI incidence,2026-09-06,3,BE,quantile,0.99,821.8477172851562
2026-08-26,ARI incidence,2026-09-13,4,BE,quantile,0.01,163.25433349609375
2026-08-26,ARI incidence,2026-09-13,4,BE,quantile,0.025,220.65066528320312
2026-08-26,ARI incidence,2026-09-13,4,BE,quantile,0.05,316.31121826171875
2026-08-26,ARI incidence,2026-09-13,4,BE,quantile,0.1,383.687255859375
2026-08-26,ARI incidence,2026-09-13,4,BE,quantile,0.15,420.691162109375
2026-08-26,ARI incidence,2026-09-13,4,BE,quantile,0.2,445.6741943359375
2026-08-26,ARI incidence,2026-09-13,4,BE,quantile,0.25,467.50555419921875
2026-08-26,ARI incidence,2026-09-13,4,BE,quantile,0.3,484.2253723144531
2026-08-26,ARI incidence,2026-09-13,4,BE,quantile,0.35,499.94024658203125
2026-08-26,ARI incidence,2026-09-13,4,BE,quantile,0.4,515.3240966796875
2026-08-26,ARI incidence,2026-09-13,4,BE,quantile,0.45,528.220947265625
2026-08-26,ARI incidence,2026-09-13,4,BE,quantile,0.5,545.0716552734375
2026-08-26,ARI incidence,2026-09-13,4,BE,quantile,0.55,559.0360107421875
2026-08-26,ARI incidence,2026-09-13,4,BE,quantile,0.6,575.9461669921875
2026-08-26,ARI incidence,2026-09-13,4,BE,quantile,0.65,594.6925659179688
2026-08-26,ARI incidence,2026-09-13,4,BE,quantile,0.7,614.3446044921875
2026-08-26,ARI incidence,2026-09-13,4,BE,quantile,0.75,635.9829711914062
2026-08-26,ARI incidence,2026-09-13,4,BE,quantile,0.8,660.8143310546875
2026-08-26,ARI incidence,2026-09-13,4,BE,quantile,0.85,691.3519287109375
2026-08-26,ARI incidence,2026-09-13,4,BE,quantile,0.9,732.5468139648438
2026-08-26,ARI incidence,2026-09-13,4,BE,quantile,0.95,806.3036499023438
2026-08-26,ARI incidence,2026-09-13,4,BE,quantile,0.975,929.9732666015625
2026-08-26,ARI incidence,2026-09-13,4,BE,quantile,0.99,1004.1748657226562
2026-08-26,ARI incidence,2026-08-23,1,BG,quantile,0.01,130.85516357421875
2026-08-26,ARI incidence,2026-08-23,1,BG,quantile,0.025,140.97439575195312
2026-08-26,ARI incidence,2026-08-23,1,BG,quantile,0.05,157.83978271484375
2026-08-26,ARI incidence,2026-08-23,1,BG,quantile,0.1,167.92221069335938
2026-08-26,ARI incidence,2026-08-23,1,BG,quantile,0.15,174.83694458007812
2026-08-26,ARI incidence,2026-08-23,1,BG,quantile,0.2,181.54531860351562
2026-08-26,ARI incidence,2026-08-23,1,BG,quantile,0.25,185.9027099609375
2026-08-26,ARI incidence,2026-08-23,1,BG,quantile,0.3,188.6397705078125
2026-08-26,ARI incidence,2026-08-23,1,BG,quantile,0.35,191.28793334960938
2026-08-26,ARI incidence,2026-08-23,1,BG,quantile,0.4,193.36520385742188
2026-08-26,ARI incidence,2026-08-23,1,BG,quantile,0.45,196.96270751953125
2026-08-26,ARI incidence,2026-08-23,1,BG,quantile,0.5,200.750732421875
2026-08-26,ARI incidence,2026-08-23,1,BG,quantile,0.55,201.07485961914062
2026-08-26,ARI incidence,2026-08-23,1,BG,quantile,0.6,202.08056640625
2026-08-26,ARI incidence,2026-08-23,1,BG,quantile,0.65,205.65017700195312
2026-08-26,ARI incidence,2026-08-23,1,BG,quantile,0.7,212.56243896484375
2026-08-26,ARI incidence,2026-08-23,1,BG,quantile,0.75,215.97760009765625
2026-08-26,ARI incidence,2026-08-23,1,BG,quantile,0.8,222.13543701171875
2026-08-26,ARI incidence,2026-08-23,1,BG,quantile,0.85,230.31777954101562
2026-08-26,ARI incidence,2026-08-23,1,BG,quantile,0.9,238.5096435546875
2026-08-26,ARI incidence,2026-08-23,1,BG,quantile,0.95,245.26376342773438
2026-08-26,ARI incidence,2026-08-23,1,BG,quantile,0.975,245.38873291015625
2026-08-26,ARI incidence,2026-08-23,1,BG,quantile,0.99,245.59701538085938
2026-08-26,ARI incidence,2026-08-30,2,BG,quantile,0.01,121.8555908203125
2026-08-26,ARI incidence,2026-08-30,2,BG,quantile,0.025,135.78814697265625
2026-08-26,ARI incidence,2026-08-30,2,BG,quantile,0.05,159.00906372070312
2026-08-26,ARI incidence,2026-08-30,2,BG,quantile,0.1,168.25418090820312
2026-08-26,ARI incidence,2026-08-30,2,BG,quantile,0.15,176.108642578125
2026-08-26,ARI incidence,2026-08-30,2,BG,quantile,0.2,183.6632080078125
2026-08-26,ARI incidence,2026-08-30,2,BG,quantile,0.25,189.69229125976562
2026-08-26,ARI incidence,2026-08-30,2,BG,quantile,0.3,193.14266967773438
2026-08-26,ARI incidence,2026-08-30,2,BG,quantile,0.35,199.5616455078125
2026-08-26,ARI incidence,2026-08-30,2,BG,quantile,0.4,202.19320678710938
2026-08-26,ARI incidence,2026-08-30,2,BG,quantile,0.45,204.59219360351562
2026-08-26,ARI incidence,2026-08-30,2,BG,quantile,0.5,208.64614868164062
2026-08-26,ARI incidence,2026-08-30,2,BG,quantile,0.55,210.82159423828125
2026-08-26,ARI incidence,2026-08-30,2,BG,quantile,0.6,216.43820190429688
2026-08-26,ARI incidence,2026-08-30,2,BG,quantile,0.65,221.60699462890625
2026-08-26,ARI incidence,2026-08-30,2,BG,quantile,0.7,223.93206787109375
2026-08-26,ARI incidence,2026-08-30,2,BG,quantile,0.75,229.45791625976562
2026-08-26,ARI incidence,2026-08-30,2,BG,quantile,0.8,232.62380981445312
2026-08-26,ARI incidence,2026-08-30,2,BG,quantile,0.85,240.12576293945312
2026-08-26,ARI incidence,2026-08-30,2,BG,quantile,0.9,249.317138671875
2026-08-26,ARI incidence,2026-08-30,2,BG,quantile,0.95,262.2170715332031
2026-08-26,ARI incidence,2026-08-30,2,BG,quantile,0.975,295.9797668457031
2026-08-26,ARI incidence,2026-08-30,2,BG,quantile,0.99,316.2373352050781
2026-08-26,ARI incidence,2026-09-06,3,BG,quantile,0.01,113.84765625
2026-08-26,ARI incidence,2026-09-06,3,BG,quantile,0.025,128.38662719726562
2026-08-26,ARI incidence,2026-09-06,3,BG,quantile,0.05,152.61822509765625
2026-08-26,ARI incidence,2026-09-06,3,BG,quantile,0.1,169.79498291015625
2026-08-26,ARI incidence,2026-09-06,3,BG,quantile,0.15,179.2947998046875
2026-08-26,ARI incidence,2026-09-06,3,BG,quantile,0.2,187.20587158203125
2026-08-26,ARI incidence,2026-09-06,3,BG,quantile,0.25,194.33132934570312
2026-08-26,ARI incidence,2026-09-06,3,BG,quantile,0.3,202.39035034179688
2026-08-26,ARI incidence,2026-09-06,3,BG,quantile,0.35,206.1724853515625
2026-08-26,ARI incidence,2026-09-06,3,BG,quantile,0.4,212.13674926757812
2026-08-26,ARI incidence,2026-09-06,3,BG,quantile,0.45,213.53463745117188
2026-08-26,ARI incidence,2026-09-06,3,BG,quantile,0.5,218.10330200195312
2026-08-26,ARI incidence,2026-09-06,3,BG,quantile,0.55,221.1937255859375
2026-08-26,ARI incidence,2026-09-06,3,BG,quantile,0.6,223.1580810546875
2026-08-26,ARI incidence,2026-09-06,3,BG,quantile,0.65,225.83062744140625
2026-08-26,ARI incidence,2026-09-06,3,BG,quantile,0.7,231.43325805664062
2026-08-26,ARI incidence,2026-09-06,3,BG,quantile,0.75,235.93878173828125
2026-08-26,ARI incidence,2026-09-06,3,BG,quantile,0.8,240.73748779296875
2026-08-26,ARI incidence,2026-09-06,3,BG,quantile,0.85,248.98138427734375
2026-08-26,ARI incidence,2026-09-06,3,BG,quantile,0.9,259.8973693847656
2026-08-26,ARI incidence,2026-09-06,3,BG,quantile,0.95,273.17364501953125
2026-08-26,ARI incidence,2026-09-06,3,BG,quantile,0.975,317.7042541503906
2026-08-26,ARI incidence,2026-09-06,3,BG,quantile,0.99,344.42254638671875
2026-08-26,ARI incidence,2026-09-13,4,BG,quantile,0.01,105.0010986328125
2026-08-26,ARI incidence,2026-09-13,4,BG,quantile,0.025,122.0881576538086
2026-08-26,ARI incidence,2026-09-13,4,BG,quantile,0.05,150.56658935546875
2026-08-26,ARI incidence,2026-09-13,4,BG,quantile,0.1,174.1624755859375
2026-08-26,ARI incidence,2026-09-13,4,BG,quantile,0.15,186.19961547851562
2026-08-26,ARI incidence,2026-09-13,4,BG,quantile,0.2,193.640869140625
2026-08-26,ARI incidence,2026-09-13,4,BG,quantile,0.25,200.47122192382812
2026-08-26,ARI incidence,2026-09-13,4,BG,quantile,0.3,203.250732421875
2026-08-26,ARI incidence,2026-09-13,4,BG,quantile,0.35,209.14120483398438
2026-08-26,ARI incidence,2026-09-13,4,BG,quantile,0.4,213.23040771484375
2026-08-26,ARI incidence,2026-09-13,4,BG,quantile,0.45,215.530029296875
2026-08-26,ARI incidence,2026-09-13,4,BG,quantile,0.5,222.7860107421875
2026-08-26,ARI incidence,2026-09-13,4,BG,quantile,0.55,226.11666870117188
2026-08-26,ARI incidence,2026-09-13,4,BG,quantile,0.6,233.47137451171875
2026-08-26,ARI incidence,2026-09-13,4,BG,quantile,0.65,238.23565673828125
2026-08-26,ARI incidence,2026-09-13,4,BG,quantile,0.7,242.78445434570312
2026-08-26,ARI incidence,2026-09-13,4,BG,quantile,0.75,248.71829223632812
2026-08-26,ARI incidence,2026-09-13,4,BG,quantile,0.8,254.15878295898438
2026-08-26,ARI incidence,2026-09-13,4,BG,quantile,0.85,261.3729553222656
2026-08-26,ARI incidence,2026-09-13,4,BG,quantile,0.9,275.4949645996094
2026-08-26,ARI incidence,2026-09-13,4,BG,quantile,0.95,305.3943786621094
2026-08-26,ARI incidence,2026-09-13,4,BG,quantile,0.975,361.4376220703125
2026-08-26,ARI incidence,2026-09-13,4,BG,quantile,0.99,395.0634765625
2026-08-26,ARI incidence,2026-08-23,1,DE,quantile,0.01,253.397216796875
2026-08-26,ARI incidence,2026-08-23,1,DE,quantile,0.025,295.8802490234375
2026-08-26,ARI incidence,2026-08-23,1,DE,quantile,0.05,366.685302734375
2026-08-26,ARI incidence,2026-08-23,1,DE,quantile,0.1,405.6397705078125
2026-08-26,ARI incidence,2026-08-23,1,DE,quantile,0.15,426.85784912109375
2026-08-26,ARI incidence,2026-08-23,1,DE,quantile,0.2,441.14007568359375
2026-08-26,ARI incidence,2026-08-23,1,DE,quantile,0.25,451.06915283203125
2026-08-26,ARI incidence,2026-08-23,1,DE,quantile,0.3,461.04620361328125
2026-08-26,ARI incidence,2026-08-23,1,DE,quantile,0.35,467.5789794921875
2026-08-26,ARI incidence,2026-08-23,1,DE,quantile,0.4,473.54010009765625
2026-08-26,ARI incidence,2026-08-23,1,DE,quantile,0.45,483.1837158203125
2026-08-26,ARI incidence,2026-08-23,1,DE,quantile,0.5,492.1231689453125
2026-08-26,ARI incidence,2026-08-23,1,DE,quantile,0.55,495.2047119140625
2026-08-26,ARI incidence,2026-08-23,1,DE,quantile,0.6,499.46405029296875
2026-08-26,ARI incidence,2026-08-23,1,DE,quantile,0.65,510.2471923828125
2026-08-26,ARI incidence,2026-08-23,1,DE,quantile,0.7,524.1278076171875
2026-08-26,ARI incidence,2026-08-23,1,DE,quantile,0.75,533.2239990234375
2026-08-26,ARI incidence,2026-08-23,1,DE,quantile,0.8,550.4658813476562
2026-08-26,ARI incidence,2026-08-23,1,DE,quantile,0.85,571.2385864257812
2026-08-26,ARI incidence,2026-08-23,1,DE,quantile,0.9,597.572509765625
2026-08-26,ARI incidence,2026-08-23,1,DE,quantile,0.95,642.4993896484375
2026-08-26,ARI incidence,2026-08-23,1,DE,quantile,0.975,742.4029541015625
2026-08-26,ARI incidence,2026-08-23,1,DE,quantile,0.99,802.344970703125
2026-08-26,ARI incidence,2026-08-30,2,DE,quantile,0.01,280.56927490234375
2026-08-26,ARI incidence,2026-08-30,2,DE,quantile,0.025,328.01141357421875
2026-08-26,ARI incidence,2026-08-30,2,DE,quantile,0.05,407.08160400390625
2026-08-26,ARI incidence,2026-08-30,2,DE,quantile,0.1,437.13739013671875
2026-08-26,ARI incidence,2026-08-30,2,DE,quantile,0.15,460.37933349609375
2026-08-26,ARI incidence,2026-08-30,2,DE,quantile,0.2,478.64947509765625
2026-08-26,ARI incidence,2026-08-30,2,DE,quantile,0.25,491.54296875
2026-08-26,ARI incidence,2026-08-30,2,DE,quantile,0.3,501.94183349609375
2026-08-26,ARI incidence,2026-08-30,2,DE,quantile,0.35,516.4003295898438
2026-08-26,ARI incidence,2026-08-30,2,DE,quantile,0.4,525.5450439453125
2026-08-26,ARI incidence,2026-08-30,2,DE,quantile,0.45,534.4027709960938
2026-08-26,ARI incidence,2026-08-30,2,DE,quantile,0.5,546.3629760742188
2026-08-26,ARI incidence,2026-08-30,2,DE,quantile,0.55,554.7249755859375
2026-08-26,ARI incidence,2026-08-30,2,DE,quantile,0.6,567.7847900390625
2026-08-26,ARI incidence,2026-08-30,2,DE,quantile,0.65,580.8841552734375
2026-08-26,ARI incidence,2026-08-30,2,DE,quantile,0.7,590.3656005859375
2026-08-26,ARI incidence,2026-08-30,2,DE,quantile,0.75,604.018798828125
2026-08-26,ARI incidence,2026-08-30,2,DE,quantile,0.8,614.6744384765625
2026-08-26,ARI incidence,2026-08-30,2,DE,quantile,0.85,636.8897705078125
2026-08-26,ARI incidence,2026-08-30,2,DE,quantile,0.9,669.199951171875
2026-08-26,ARI incidence,2026-08-30,2,DE,quantile,0.95,731.1475830078125
2026-08-26,ARI incidence,2026-08-30,2,DE,quantile,0.975,882.06103515625
2026-08-26,ARI incidence,2026-08-30,2,DE,quantile,0.99,972.60888671875
2026-08-26,ARI incidence,2026-09-06,3,DE,quantile,0.01,322.25616455078125
2026-08-26,ARI incidence,2026-09-06,3,DE,quantile,0.025,373.36309814453125
2026-08-26,ARI incidence,2026-09-06,3,DE,quantile,0.05,458.54132080078125
2026-08-26,ARI incidence,2026-09-06,3,DE,quantile,0.1,505.48004150390625
2026-08-26,ARI incidence,2026-09-06,3,DE,quantile,0.15,531.6325073242188
2026-08-26,ARI incidence,2026-09-06,3,DE,quantile,0.2,551.3866577148438
2026-08-26,ARI incidence,2026-09-06,3,DE,quantile,0.25,568.4312744140625
2026-08-26,ARI incidence,2026-09-06,3,DE,quantile,0.3,585.1211547851562
2026-08-26,ARI incidence,2026-09-06,3,DE,quantile,0.35,597.9823608398438
2026-08-26,ARI incidence,2026-09-06,3,DE,quantile,0.4,610.0560302734375
2026-08-26,ARI incidence,2026-09-06,3,DE,quantile,0.45,618.4906005859375
2026-08-26,ARI incidence,2026-09-06,3,DE,quantile,0.5,631.6129760742188
2026-08-26,ARI incidence,2026-09-06,3,DE,quantile,0.55,642.9219970703125
2026-08-26,ARI incidence,2026-09-06,3,DE,quantile,0.6,652.6800537109375
2026-08-26,ARI incidence,2026-09-06,3,DE,quantile,0.65,663.7899169921875
2026-08-26,ARI incidence,2026-09-06,3,DE,quantile,0.7,679.8390502929688
2026-08-26,ARI incidence,2026-09-06,3,DE,quantile,0.75,696.9603881835938
2026-08-26,ARI incidence,2026-09-06,3,DE,quantile,0.8,718.0462646484375
2026-08-26,ARI incidence,2026-09-06,3,DE,quantile,0.85,749.6830444335938
2026-08-26,ARI incidence,2026-09-06,3,DE,quantile,0.9,795.46728515625
2026-08-26,ARI incidence,2026-09-06,3,DE,quantile,0.95,873.6009521484375
2026-08-26,ARI incidence,2026-09-06,3,DE,quantile,0.975,1031.553955078125
2026-08-26,ARI incidence,2026-09-06,3,DE,quantile,0.99,1126.325439453125
2026-08-26,ARI incidence,2026-09-13,4,DE,quantile,0.01,349.86334228515625
2026-08-26,ARI incidence,2026-09-13,4,DE,quantile,0.025,411.4861145019531
2026-08-26,ARI incidence,2026-09-13,4,DE,quantile,0.05,514.1907348632812
2026-08-26,ARI incidence,2026-09-13,4,DE,quantile,0.1,583.6356201171875
2026-08-26,ARI incidence,2026-09-13,4,DE,quantile,0.15,621.4257202148438
2026-08-26,ARI incidence,2026-09-13,4,DE,quantile,0.2,645.7366943359375
2026-08-26,ARI incidence,2026-09-13,4,DE,quantile,0.25,667.4530639648438
2026-08-26,ARI incidence,2026-09-13,4,DE,quantile,0.3,683.428955078125
2026-08-26,ARI incidence,2026-09-13,4,DE,quantile,0.35,700.3068237304688
2026-08-26,ARI incidence,2026-09-13,4,DE,quantile,0.4,716.1663818359375
2026-08-26,ARI incidence,2026-09-13,4,DE,quantile,0.45,728.78515625
2026-08-26,ARI incidence,2026-09-13,4,DE,quantile,0.5,747.3145141601562
2026-08-26,ARI incidence,2026-09-13,4,DE,quantile,0.55,760.9688110351562
2026-08-26,ARI incidence,2026-09-13,4,DE,quantile,0.6,779.417724609375
2026-08-26,ARI incidence,2026-09-13,4,DE,quantile,0.65,800.124755859375
2026-08-26,ARI incidence,2026-09-13,4,DE,quantile,0.7,820.4783935546875
2026-08-26,ARI incidence,2026-09-13,4,DE,quantile,0.75,844.4898681640625
2026-08-26,ARI incidence,2026-09-13,4,DE,quantile,0.8,872.0501708984375
2026-08-26,ARI incidence,2026-09-13,4,DE,quantile,0.85,908.2800903320312
2026-08-26,ARI incidence,2026-09-13,4,DE,quantile,0.9,960.7410888671875
2026-08-26,ARI incidence,2026-09-13,4,DE,quantile,0.95,1056.8948974609375
2026-08-26,ARI incidence,2026-09-13,4,DE,quantile,0.975,1218.893310546875
2026-08-26,ARI incidence,2026-09-13,4,DE,quantile,0.99,1316.092041015625
2026-08-26,ARI incidence,2026-08-23,1,EE,quantile,0.01,35.5467529296875
2026-08-26,ARI incidence,2026-08-23,1,EE,quantile,0.025,48.606807708740234
2026-08-26,ARI incidence,2026-08-23,1,EE,quantile,0.05,70.37356567382812
2026-08-26,ARI incidence,2026-08-23,1,EE,quantile,0.1,82.42811584472656
2026-08-26,ARI incidence,2026-08-23,1,EE,quantile,0.15,89.07869720458984
2026-08-26,ARI incidence,2026-08-23,1,EE,quantile,0.2,94.27987670898438
2026-08-26,ARI incidence,2026-08-23,1,EE,quantile,0.25,98.2596435546875
2026-08-26,ARI incidence,2026-08-23,1,EE,quantile,0.3,101.73853302001953
2026-08-26,ARI incidence,2026-08-23,1,EE,quantile,0.35,104.7403793334961
2026-08-26,ARI incidence,2026-08-23,1,EE,quantile,0.4,107.56637573242188
2026-08-26,ARI incidence,2026-08-23,1,EE,quantile,0.45,110.60176849365234
2026-08-26,ARI incidence,2026-08-23,1,EE,quantile,0.5,113.75598907470703
2026-08-26,ARI incidence,2026-08-23,1,EE,quantile,0.55,116.44964599609375
2026-08-26,ARI incidence,2026-08-23,1,EE,quantile,0.6,119.48684692382812
2026-08-26,ARI incidence,2026-08-23,1,EE,quantile,0.65,123.47634887695312
2026-08-26,ARI incidence,2026-08-23,1,EE,quantile,0.7,127.96102142333984
2026-08-26,ARI incidence,2026-08-23,1,EE,quantile,0.75,132.54397583007812
2026-08-26,ARI incidence,2026-08-23,1,EE,quantile,0.8,138.72219848632812
2026-08-26,ARI incidence,2026-08-23,1,EE,quantile,0.85,146.37628173828125
2026-08-26,ARI incidence,2026-08-23,1,EE,quantile,0.9,156.2410888671875
2026-08-26,ARI incidence,2026-08-23,1,EE,quantile,0.95,171.85369873046875
2026-08-26,ARI incidence,2026-08-23,1,EE,quantile,0.975,198.2160186767578
2026-08-26,ARI incidence,2026-08-23,1,EE,quantile,0.99,214.0333709716797
2026-08-26,ARI incidence,2026-08-30,2,EE,quantile,0.01,44.50965881347656
2026-08-26,ARI incidence,2026-08-30,2,EE,quantile,0.025,57.734954833984375
2026-08-26,ARI incidence,2026-08-30,2,EE,quantile,0.05,79.77711486816406
2026-08-26,ARI incidence,2026-08-30,2,EE,quantile,0.1,90.54610443115234
2026-08-26,ARI incidence,2026-08-30,2,EE,quantile,0.15,97.69640350341797
2026-08-26,ARI incidence,2026-08-30,2,EE,quantile,0.2,103.6712646484375
2026-08-26,ARI incidence,2026-08-30,2,EE,quantile,0.25,108.37467193603516
2026-08-26,ARI incidence,2026-08-30,2,EE,quantile,0.3,112.5447769165039
2026-08-26,ARI incidence,2026-08-30,2,EE,quantile,0.35,117.3079605102539
2026-08-26,ARI incidence,2026-08-30,2,EE,quantile,0.4,121.57796478271484
2026-08-26,ARI incidence,2026-08-30,2,EE,quantile,0.45,125.48750305175781
2026-08-26,ARI incidence,2026-08-30,2,EE,quantile,0.5,129.67991638183594
2026-08-26,ARI incidence,2026-08-30,2,EE,quantile,0.55,134.03500366210938
2026-08-26,ARI incidence,2026-08-30,2,EE,quantile,0.6,139.0777587890625
2026-08-26,ARI incidence,2026-08-30,2,EE,quantile,0.65,144.29742431640625
2026-08-26,ARI incidence,2026-08-30,2,EE,quantile,0.7,149.61509704589844
2026-08-26,ARI incidence,2026-08-30,2,EE,quantile,0.75,155.8903045654297
2026-08-26,ARI incidence,2026-08-30,2,EE,quantile,0.8,162.48870849609375
2026-08-26,ARI incidence,2026-08-30,2,EE,quantile,0.85,171.2645263671875
2026-08-26,ARI incidence,2026-08-30,2,EE,quantile,0.9,182.79029846191406
2026-08-26,ARI incidence,2026-08-30,2,EE,quantile,0.95,202.1754913330078
2026-08-26,ARI incidence,2026-08-30,2,EE,quantile,0.975,236.28646850585938
2026-08-26,ARI incidence,2026-08-30,2,EE,quantile,0.99,256.7530212402344
2026-08-26,ARI incidence,2026-09-06,3,EE,quantile,0.01,53.5126953125
2026-08-26,ARI incidence,2026-09-06,3,EE,quantile,0.025,68.889404296875
2026-08-26,ARI incidence,2026-09-06,3,EE,quantile,0.05,94.51725769042969
2026-08-26,ARI incidence,2026-09-06,3,EE,quantile,0.1,109.6151351928711
2026-08-26,ARI incidence,2026-09-06,3,EE,quantile,0.15,118.02156829833984
2026-08-26,ARI incidence,2026-09-06,3,EE,quantile,0.2,125.06502532958984
2026-08-26,ARI incidence,2026-09-06,3,EE,quantile,0.25,130.8896484375
2026-08-26,ARI incidence,2026-09-06,3,EE,quantile,0.3,136.77845764160156
2026-08-26,ARI incidence,2026-09-06,3,EE,quantile,0.35,141.8958740234375
2026-08-26,ARI incidence,2026-09-06,3,EE,quantile,0.4,146.41632080078125
2026-08-26,ARI incidence,2026-09-06,3,EE,quantile,0.45,150.6682891845703
2026-08-26,ARI incidence,2026-09-06,3,EE,quantile,0.5,155.97830200195312
2026-08-26,ARI incidence,2026-09-06,3,EE,quantile,0.55,161.09461975097656
2026-08-26,ARI incidence,2026-09-06,3,EE,quantile,0.6,166.0455322265625
2026-08-26,ARI incidence,2026-09-06,3,EE,quantile,0.65,171.31178283691406
2026-08-26,ARI incidence,2026-09-06,3,EE,quantile,0.7,177.98057556152344
2026-08-26,ARI incidence,2026-09-06,3,EE,quantile,0.75,185.217529296875
2026-08-26,ARI incidence,2026-09-06,3,EE,quantile,0.8,193.67361450195312
2026-08-26,ARI incidence,2026-09-06,3,EE,quantile,0.85,204.3786163330078
2026-08-26,ARI incidence,2026-09-06,3,EE,quantile,0.9,218.67274475097656
2026-08-26,ARI incidence,2026-09-06,3,EE,quantile,0.95,242.01092529296875
2026-08-26,ARI incidence,2026-09-06,3,EE,quantile,0.975,283.58038330078125
2026-08-26,ARI incidence,2026-09-06,3,EE,quantile,0.99,308.5220031738281
2026-08-26,ARI incidence,2026-09-13,4,EE,quantile,0.01,76.1041259765625
2026-08-26,ARI incidence,2026-09-13,4,EE,quantile,0.025,93.74259185791016
2026-08-26,ARI incidence,2026-09-13,4,EE,quantile,0.05,123.14002990722656
2026-08-26,ARI incidence,2026-09-13,4,EE,quantile,0.1,143.28713989257812
2026-08-26,ARI incidence,2026-09-13,4,EE,quantile,0.15,155.35726928710938
2026-08-26,ARI incidence,2026-09-13,4,EE,quantile,0.2,163.93829345703125
2026-08-26,ARI incidence,2026-09-13,4,EE,quantile,0.25,171.62644958496094
2026-08-26,ARI incidence,2026-09-13,4,EE,quantile,0.3,178.71578979492188
2026-08-26,ARI incidence,2026-09-13,4,EE,quantile,0.35,184.6051788330078
2026-08-26,ARI incidence,2026-09-13,4,EE,quantile,0.4,190.82997131347656
2026-08-26,ARI incidence,2026-09-13,4,EE,quantile,0.45,196.08929443359375
2026-08-26,ARI incidence,2026-09-13,4,EE,quantile,0.5,202.5891876220703
2026-08-26,ARI incidence,2026-09-13,4,EE,quantile,0.55,209.04783630371094
2026-08-26,ARI incidence,2026-09-13,4,EE,quantile,0.6,215.37994384765625
2026-08-26,ARI incidence,2026-09-13,4,EE,quantile,0.65,222.43118286132812
2026-08-26,ARI incidence,2026-09-13,4,EE,quantile,0.7,230.10585021972656
2026-08-26,ARI incidence,2026-09-13,4,EE,quantile,0.75,238.5294952392578
2026-08-26,ARI incidence,2026-09-13,4,EE,quantile,0.8,248.45880126953125
2026-08-26,ARI incidence,2026-09-13,4,EE,quantile,0.85,260.9246826171875
2026-08-26,ARI incidence,2026-09-13,4,EE,quantile,0.9,278.45672607421875
2026-08-26,ARI incidence,2026-09-13,4,EE,quantile,0.95,311.2509765625
2026-08-26,ARI incidence,2026-09-13,4,EE,quantile,0.975,370.45513916015625
2026-08-26,ARI incidence,2026-09-13,4,EE,quantile,0.99,405.9775390625
2026-08-26,ARI incidence,2026-08-23,1,ES,quantile,0.01,162.95361328125
2026-08-26,ARI incidence,2026-08-23,1,ES,quantile,0.025,172.8142852783203
2026-08-26,ARI incidence,2026-08-23,1,ES,quantile,0.05,189.24871826171875
2026-08-26,ARI incidence,2026-08-23,1,ES,quantile,0.1,200.0052490234375
2026-08-26,ARI incidence,2026-08-23,1,ES,quantile,0.15,206.075927734375
2026-08-26,ARI incidence,2026-08-23,1,ES,quantile,0.2,210.55233764648438
2026-08-26,ARI incidence,2026-08-23,1,ES,quantile,0.25,213.57940673828125
2026-08-26,ARI incidence,2026-08-23,1,ES,quantile,0.3,216.73745727539062
2026-08-26,ARI incidence,2026-08-23,1,ES,quantile,0.35,219.132568359375
2026-08-26,ARI incidence,2026-08-23,1,ES,quantile,0.4,221.1964111328125
2026-08-26,ARI incidence,2026-08-23,1,ES,quantile,0.45,224.20901489257812
2026-08-26,ARI incidence,2026-08-23,1,ES,quantile,0.5,227.361083984375
2026-08-26,ARI incidence,2026-08-23,1,ES,quantile,0.55,228.55877685546875
2026-08-26,ARI incidence,2026-08-23,1,ES,quantile,0.6,230.13662719726562
2026-08-26,ARI incidence,2026-08-23,1,ES,quantile,0.65,233.8253173828125
2026-08-26,ARI incidence,2026-08-23,1,ES,quantile,0.7,238.7919921875
2026-08-26,ARI incidence,2026-08-23,1,ES,quantile,0.75,242.010009765625
2026-08-26,ARI incidence,2026-08-23,1,ES,quantile,0.8,247.561767578125
2026-08-26,ARI incidence,2026-08-23,1,ES,quantile,0.85,253.95712280273438
2026-08-26,ARI incidence,2026-08-23,1,ES,quantile,0.9,262.13275146484375
2026-08-26,ARI incidence,2026-08-23,1,ES,quantile,0.95,275.2139892578125
2026-08-26,ARI incidence,2026-08-23,1,ES,quantile,0.975,305.2517395019531
2026-08-26,ARI incidence,2026-08-23,1,ES,quantile,0.99,323.27435302734375
2026-08-26,ARI incidence,2026-08-30,2,ES,quantile,0.01,164.46762084960938
2026-08-26,ARI incidence,2026-08-30,2,ES,quantile,0.025,175.2016143798828
2026-08-26,ARI incidence,2026-08-30,2,ES,quantile,0.05,193.09158325195312
2026-08-26,ARI incidence,2026-08-30,2,ES,quantile,0.1,202.85736083984375
2026-08-26,ARI incidence,2026-08-30,2,ES,quantile,0.15,209.7861328125
2026-08-26,ARI incidence,2026-08-30,2,ES,quantile,0.2,215.2359619140625
2026-08-26,ARI incidence,2026-08-30,2,ES,quantile,0.25,219.39694213867188
2026-08-26,ARI incidence,2026-08-30,2,ES,quantile,0.3,223.02243041992188
2026-08-26,ARI incidence,2026-08-30,2,ES,quantile,0.35,227.34490966796875
2026-08-26,ARI incidence,2026-08-30,2,ES,quantile,0.4,229.75384521484375
2026-08-26,ARI incidence,2026-08-30,2,ES,quantile,0.45,232.14419555664062
2026-08-26,ARI incidence,2026-08-30,2,ES,quantile,0.5,236.58428955078125
2026-08-26,ARI incidence,2026-08-30,2,ES,quantile,0.55,238.9627685546875
2026-08-26,ARI incidence,2026-08-30,2,ES,quantile,0.6,243.28964233398438
2026-08-26,ARI incidence,2026-08-30,2,ES,quantile,0.65,247.38052368164062
2026-08-26,ARI incidence,2026-08-30,2,ES,quantile,0.7,250.41201782226562
2026-08-26,ARI incidence,2026-08-30,2,ES,quantile,0.75,254.81248474121094
2026-08-26,ARI incidence,2026-08-30,2,ES,quantile,0.8,258.3712158203125
2026-08-26,ARI incidence,2026-08-30,2,ES,quantile,0.85,265.3975830078125
2026-08-26,ARI incidence,2026-08-30,2,ES,quantile,0.9,275.4761962890625
2026-08-26,ARI incidence,2026-08-30,2,ES,quantile,0.95,292.7742004394531
2026-08-26,ARI incidence,2026-08-30,2,ES,quantile,0.975,339.3624267578125
2026-08-26,ARI incidence,2026-08-30,2,ES,quantile,0.99,367.3153076171875
2026-08-26,ARI incidence,2026-09-06,3,ES,quantile,0.01,162.870361328125
2026-08-26,ARI incidence,2026-09-06,3,ES,quantile,0.025,175.0880584716797
2026-08-26,ARI incidence,2026-09-06,3,ES,quantile,0.05,195.45089721679688
2026-08-26,ARI incidence,2026-09-06,3,ES,quantile,0.1,208.41793823242188
2026-08-26,ARI incidence,2026-09-06,3,ES,quantile,0.15,216.68988037109375
2026-08-26,ARI incidence,2026-09-06,3,ES,quantile,0.2,222.432861328125
2026-08-26,ARI incidence,2026-09-06,3,ES,quantile,0.25,227.49420166015625
2026-08-26,ARI incidence,2026-09-06,3,ES,quantile,0.3,232.21499633789062
2026-08-26,ARI incidence,2026-09-06,3,ES,quantile,0.35,235.66873168945312
2026-08-26,ARI incidence,2026-09-06,3,ES,quantile,0.4,239.40057373046875
2026-08-26,ARI incidence,2026-09-06,3,ES,quantile,0.45,242.22268676757812
2026-08-26,ARI incidence,2026-09-06,3,ES,quantile,0.5,246.01412963867188
2026-08-26,ARI incidence,2026-09-06,3,ES,quantile,0.55,249.05224609375
2026-08-26,ARI incidence,2026-09-06,3,ES,quantile,0.6,251.94390869140625
2026-08-26,ARI incidence,2026-09-06,3,ES,quantile,0.65,255.30772399902344
2026-08-26,ARI incidence,2026-09-06,3,ES,quantile,0.7,259.59576416015625
2026-08-26,ARI incidence,2026-09-06,3,ES,quantile,0.75,264.27093505859375
2026-08-26,ARI incidence,2026-09-06,3,ES,quantile,0.8,270.0892333984375
2026-08-26,ARI incidence,2026-09-06,3,ES,quantile,0.85,278.95654296875
2026-08-26,ARI incidence,2026-09-06,3,ES,quantile,0.9,293.8800964355469
2026-08-26,ARI incidence,2026-09-06,3,ES,quantile,0.95,316.6712341308594
2026-08-26,ARI incidence,2026-09-06,3,ES,quantile,0.975,372.27825927734375
2026-08-26,ARI incidence,2026-09-06,3,ES,quantile,0.99,405.64239501953125
2026-08-26,ARI incidence,2026-09-13,4,ES,quantile,0.01,167.66482543945312
2026-08-26,ARI incidence,2026-09-13,4,ES,quantile,0.025,181.1190643310547
2026-08-26,ARI incidence,2026-09-13,4,ES,quantile,0.05,203.54278564453125
2026-08-26,ARI incidence,2026-09-13,4,ES,quantile,0.1,219.51193237304688
2026-08-26,ARI incidence,2026-09-13,4,ES,quantile,0.15,227.93869018554688
2026-08-26,ARI incidence,2026-09-13,4,ES,quantile,0.2,234.31390380859375
2026-08-26,ARI incidence,2026-09-13,4,ES,quantile,0.25,239.69656372070312
2026-08-26,ARI incidence,2026-09-13,4,ES,quantile,0.3,243.26312255859375
2026-08-26,ARI incidence,2026-09-13,4,ES,quantile,0.35,247.46328735351562
2026-08-26,ARI incidence,2026-09-13,4,ES,quantile,0.4,252.0166015625
2026-08-26,ARI incidence,2026-09-13,4,ES,quantile,0.45,255.52890014648438
2026-08-26,ARI incidence,2026-09-13,4,ES,quantile,0.5,260.720947265625
2026-08-26,ARI incidence,2026-09-13,4,ES,quantile,0.55,264.26885986328125
2026-08-26,ARI incidence,2026-09-13,4,ES,quantile,0.6,269.975830078125
2026-08-26,ARI incidence,2026-09-13,4,ES,quantile,0.65,275.44439697265625
2026-08-26,ARI incidence,2026-09-13,4,ES,quantile,0.7,280.9007568359375
2026-08-26,ARI incidence,2026-09-13,4,ES,quantile,0.75,288.1788330078125
2026-08-26,ARI incidence,2026-09-13,4,ES,quantile,0.8,296.35797119140625
2026-08-26,ARI incidence,2026-09-13,4,ES,quantile,0.85,307.6838684082031
2026-08-26,ARI incidence,2026-09-13,4,ES,quantile,0.9,324.1363525390625
2026-08-26,ARI incidence,2026-09-13,4,ES,quantile,0.95,355.54156494140625
2026-08-26,ARI incidence,2026-09-13,4,ES,quantile,0.975,414.0166015625
2026-08-26,ARI incidence,2026-09-13,4,ES,quantile,0.99,449.1015625
2026-08-26,ARI incidence,2026-08-23,1,LT,quantile,0.01,93.06524658203125
2026-08-26,ARI incidence,2026-08-23,1,LT,quantile,0.025,112.04680633544922
2026-08-26,ARI incidence,2026-08-23,1,LT,quantile,0.05,143.6827392578125
2026-08-26,ARI incidence,2026-08-23,1,LT,quantile,0.1,165.59112548828125
2026-08-26,ARI incidence,2026-08-23,1,LT,quantile,0.15,177.2322998046875
2026-08-26,ARI incidence,2026-08-23,1,LT,quantile,0.2,184.74560546875
2026-08-26,ARI incidence,2026-08-23,1,LT,quantile,0.25,190.74761962890625
2026-08-26,ARI incidence,2026-08-23,1,LT,quantile,0.3,198.3392333984375
2026-08-26,ARI incidence,2026-08-23,1,LT,quantile,0.35,202.777587890625
2026-08-26,ARI incidence,2026-08-23,1,LT,quantile,0.4,206.689453125
2026-08-26,ARI incidence,2026-08-23,1,LT,quantile,0.45,213.5933837890625
2026-08-26,ARI incidence,2026-08-23,1,LT,quantile,0.5,218.94195556640625
2026-08-26,ARI incidence,2026-08-23,1,LT,quantile,0.55,221.186279296875
2026-08-26,ARI incidence,2026-08-23,1,LT,quantile,0.6,224.20263671875
2026-08-26,ARI incidence,2026-08-23,1,LT,quantile,0.65,232.0721435546875
2026-08-26,ARI incidence,2026-08-23,1,LT,quantile,0.7,241.45892333984375
2026-08-26,ARI incidence,2026-08-23,1,LT,quantile,0.75,248.06005859375
2026-08-26,ARI incidence,2026-08-23,1,LT,quantile,0.8,259.4627990722656
2026-08-26,ARI incidence,2026-08-23,1,LT,quantile,0.85,273.2957763671875
2026-08-26,ARI incidence,2026-08-23,1,LT,quantile,0.9,290.50054931640625
2026-08-26,ARI incidence,2026-08-23,1,LT,quantile,0.95,321.68853759765625
2026-08-26,ARI incidence,2026-08-23,1,LT,quantile,0.975,389.5157165527344
2026-08-26,ARI incidence,2026-08-23,1,LT,quantile,0.99,430.2119445800781
2026-08-26,ARI incidence,2026-08-30,2,LT,quantile,0.01,100.2943115234375
2026-08-26,ARI incidence,2026-08-30,2,LT,quantile,0.025,122.32368469238281
2026-08-26,ARI incidence,2026-08-30,2,LT,quantile,0.05,159.039306640625
2026-08-26,ARI incidence,2026-08-30,2,LT,quantile,0.1,177.76171875
2026-08-26,ARI incidence,2026-08-30,2,LT,quantile,0.15,190.6455078125
2026-08-26,ARI incidence,2026-08-30,2,LT,quantile,0.2,201.6173095703125
2026-08-26,ARI incidence,2026-08-30,2,LT,quantile,0.25,208.09954833984375
2026-08-26,ARI incidence,2026-08-30,2,LT,quantile,0.3,214.6976318359375
2026-08-26,ARI incidence,2026-08-30,2,LT,quantile,0.35,223.22491455078125
2026-08-26,ARI incidence,2026-08-30,2,LT,quantile,0.4,227.74102783203125
2026-08-26,ARI incidence,2026-08-30,2,LT,quantile,0.45,232.5362548828125
2026-08-26,ARI incidence,2026-08-30,2,LT,quantile,0.5,240.85565185546875
2026-08-26,ARI incidence,2026-08-30,2,LT,quantile,0.55,245.82830810546875
2026-08-26,ARI incidence,2026-08-30,2,LT,quantile,0.6,254.26303100585938
2026-08-26,ARI incidence,2026-08-30,2,LT,quantile,0.65,263.0580749511719
2026-08-26,ARI incidence,2026-08-30,2,LT,quantile,0.7,270.4750061035156
2026-08-26,ARI incidence,2026-08-30,2,LT,quantile,0.75,279.6656494140625
2026-08-26,ARI incidence,2026-08-30,2,LT,quantile,0.8,286.9117431640625
2026-08-26,ARI incidence,2026-08-30,2,LT,quantile,0.85,301.1898498535156
2026-08-26,ARI incidence,2026-08-30,2,LT,quantile,0.9,322.9560241699219
2026-08-26,ARI incidence,2026-08-30,2,LT,quantile,0.95,365.6018371582031
2026-08-26,ARI incidence,2026-08-30,2,LT,quantile,0.975,463.8568420410156
2026-08-26,ARI incidence,2026-08-30,2,LT,quantile,0.99,522.8096923828125
2026-08-26,ARI incidence,2026-09-06,3,LT,quantile,0.01,97.3218994140625
2026-08-26,ARI incidence,2026-09-06,3,LT,quantile,0.025,124.81459045410156
2026-08-26,ARI incidence,2026-09-06,3,LT,quantile,0.05,170.6357421875
2026-08-26,ARI incidence,2026-09-06,3,LT,quantile,0.1,197.30029296875
2026-08-26,ARI incidence,2026-09-06,3,LT,quantile,0.15,213.56488037109375
2026-08-26,ARI incidence,2026-09-06,3,LT,quantile,0.2,224.80810546875
2026-08-26,ARI incidence,2026-09-06,3,LT,quantile,0.25,234.3714599609375
2026-08-26,ARI incidence,2026-09-06,3,LT,quantile,0.3,242.51080322265625
2026-08-26,ARI incidence,2026-09-06,3,LT,quantile,0.35,250.06716918945312
2026-08-26,ARI incidence,2026-09-06,3,LT,quantile,0.4,256.0711975097656
2026-08-26,ARI incidence,2026-09-06,3,LT,quantile,0.45,262.70794677734375
2026-08-26,ARI incidence,2026-09-06,3,LT,quantile,0.5,270.62579345703125
2026-08-26,ARI incidence,2026-09-06,3,LT,quantile,0.55,277.56072998046875
2026-08-26,ARI incidence,2026-09-06,3,LT,quantile,0.6,282.8683166503906
2026-08-26,ARI incidence,2026-09-06,3,LT,quantile,0.65,289.3340759277344
2026-08-26,ARI incidence,2026-09-06,3,LT,quantile,0.7,298.4780578613281
2026-08-26,ARI incidence,2026-09-06,3,LT,quantile,0.75,307.8175964355469
2026-08-26,ARI incidence,2026-09-06,3,LT,quantile,0.8,319.78839111328125
2026-08-26,ARI incidence,2026-09-06,3,LT,quantile,0.85,338.845458984375
2026-08-26,ARI incidence,2026-09-06,3,LT,quantile,0.9,370.18865966796875
2026-08-26,ARI incidence,2026-09-06,3,LT,quantile,0.95,426.8545227050781
2026-08-26,ARI incidence,2026-09-06,3,LT,quantile,0.975,540.2432861328125
2026-08-26,ARI incidence,2026-09-06,3,LT,quantile,0.99,608.2763671875
2026-08-26,ARI incidence,2026-09-13,4,LT,quantile,0.01,157.19232177734375
2026-08-26,ARI incidence,2026-09-13,4,LT,quantile,0.025,191.2051239013672
2026-08-26,ARI incidence,2026-09-13,4,LT,quantile,0.05,247.89312744140625
2026-08-26,ARI incidence,2026-09-13,4,LT,quantile,0.1,289.9992980957031
2026-08-26,ARI incidence,2026-09-13,4,LT,quantile,0.15,313.823974609375
2026-08-26,ARI incidence,2026-09-13,4,LT,quantile,0.2,330.7406311035156
2026-08-26,ARI incidence,2026-09-13,4,LT,quantile,0.25,345.48919677734375
2026-08-26,ARI incidence,2026-09-13,4,LT,quantile,0.3,357.4621887207031
2026-08-26,ARI incidence,2026-09-13,4,LT,quantile,0.35,368.84130859375
2026-08-26,ARI incidence,2026-09-13,4,LT,quantile,0.4,380.8719787597656
2026-08-26,ARI incidence,2026-09-13,4,LT,quantile,0.45,391.6595458984375
2026-08-26,ARI incidence,2026-09-13,4,LT,quantile,0.5,405.3813171386719
2026-08-26,ARI incidence,2026-09-13,4,LT,quantile,0.55,416.2770080566406
2026-08-26,ARI incidence,2026-09-13,4,LT,quantile,0.6,430.5726013183594
2026-08-26,ARI incidence,2026-09-13,4,LT,quantile,0.65,446.3808288574219
2026-08-26,ARI incidence,2026-09-13,4,LT,quantile,0.7,463.1410827636719
2026-08-26,ARI incidence,2026-09-13,4,LT,quantile,0.75,482.67474365234375
2026-08-26,ARI incidence,2026-09-13,4,LT,quantile,0.8,505.07244873046875
2026-08-26,ARI incidence,2026-09-13,4,LT,quantile,0.85,533.3543701171875
2026-08-26,ARI incidence,2026-09-13,4,LT,quantile,0.9,571.2658081054688
2026-08-26,ARI incidence,2026-09-13,4,LT,quantile,0.95,638.9542236328125
2026-08-26,ARI incidence,2026-09-13,4,LT,quantile,0.975,746.785400390625
2026-08-26,ARI incidence,2026-09-13,4,LT,quantile,0.99,811.4840087890625
2026-08-26,ARI incidence,2026-08-23,1,LU,quantile,0.01,0.0
2026-08-26,ARI incidence,2026-08-23,1,LU,quantile,0.025,0.0
2026-08-26,ARI incidence,2026-08-23,1,LU,quantile,0.05,1099.548828125
2026-08-26,ARI incidence,2026-08-23,1,LU,quantile,0.1,2022.81640625
2026-08-26,ARI incidence,2026-08-23,1,LU,quantile,0.15,2560.7353515625
2026-08-26,ARI incidence,2026-08-23,1,LU,quantile,0.2,2967.90234375
2026-08-26,ARI incidence,2026-08-23,1,LU,quantile,0.25,3258.1552734375
2026-08-26,ARI incidence,2026-08-23,1,LU,quantile,0.3,3552.3173828125
2026-08-26,ARI incidence,2026-08-23,1,LU,quantile,0.35,3776.1123046875
2026-08-26,ARI incidence,2026-08-23,1,LU,quantile,0.4,3962.87109375
2026-08-26,ARI incidence,2026-08-23,1,LU,quantile,0.45,4241.9580078125
2026-08-26,ARI incidence,2026-08-23,1,LU,quantile,0.5,4478.0654296875
2026-08-26,ARI incidence,2026-08-23,1,LU,quantile,0.55,4698.5068359375
2026-08-26,ARI incidence,2026-08-23,1,LU,quantile,0.6,4949.09765625
2026-08-26,ARI incidence,2026-08-23,1,LU,quantile,0.65,5276.693359375
2026-08-26,ARI incidence,2026-08-23,1,LU,quantile,0.7,5681.06640625
2026-08-26,ARI incidence,2026-08-23,1,LU,quantile,0.75,6062.06884765625
2026-08-26,ARI incidence,2026-08-23,1,LU,quantile,0.8,6582.8720703125
2026-08-26,ARI incidence,2026-08-23,1,LU,quantile,0.85,7236.5556640625
2026-08-26,ARI incidence,2026-08-23,1,LU,quantile,0.9,8073.46533203125
2026-08-26,ARI incidence,2026-08-23,1,LU,quantile,0.95,9597.4990234375
2026-08-26,ARI incidence,2026-08-23,1,LU,quantile,0.975,11809.072265625
2026-08-26,ARI incidence,2026-08-23,1,LU,quantile,0.99,13136.013671875
2026-08-26,ARI incidence,2026-08-30,2,LU,quantile,0.01,0.0
2026-08-26,ARI incidence,2026-08-30,2,LU,quantile,0.025,0.0
2026-08-26,ARI incidence,2026-08-30,2,LU,quantile,0.05,1083.20703125
2026-08-26,ARI incidence,2026-08-30,2,LU,quantile,0.1,1875.78125
2026-08-26,ARI incidence,2026-08-30,2,LU,quantile,0.15,2474.7529296875
2026-08-26,ARI incidence,2026-08-30,2,LU,quantile,0.2,2935.3125
2026-08-26,ARI incidence,2026-08-30,2,LU,quantile,0.25,3287.466796875
2026-08-26,ARI incidence,2026-08-30,2,LU,quantile,0.3,3621.3134765625
2026-08-26,ARI incidence,2026-08-30,2,LU,quantile,0.35,3923.3662109375
2026-08-26,ARI incidence,2026-08-30,2,LU,quantile,0.4,4140.1298828125
2026-08-26,ARI incidence,2026-08-30,2,LU,quantile,0.45,4415.6806640625
2026-08-26,ARI incidence,2026-08-30,2,LU,quantile,0.5,4694.4208984375
2026-08-26,ARI incidence,2026-08-30,2,LU,quantile,0.55,4963.462890625
2026-08-26,ARI incidence,2026-08-30,2,LU,quantile,0.6,5310.8193359375
2026-08-26,ARI incidence,2026-08-30,2,LU,quantile,0.65,5660.3740234375
2026-08-26,ARI incidence,2026-08-30,2,LU,quantile,0.7,6018.06005859375
2026-08-26,ARI incidence,2026-08-30,2,LU,quantile,0.75,6440.75830078125
2026-08-26,ARI incidence,2026-08-30,2,LU,quantile,0.8,6875.744140625
2026-08-26,ARI incidence,2026-08-30,2,LU,quantile,0.85,7499.13525390625
2026-08-26,ARI incidence,2026-08-30,2,LU,quantile,0.9,8384.546875
2026-08-26,ARI incidence,2026-08-30,2,LU,quantile,0.95,9977.65234375
2026-08-26,ARI incidence,2026-08-30,2,LU,quantile,0.975,12571.626953125
2026-08-26,ARI incidence,2026-08-30,2,LU,quantile,0.99,14128.0087890625
2026-08-26,ARI incidence,2026-09-06,3,LU,quantile,0.01,0.0
2026-08-26,ARI incidence,2026-09-06,3,LU,quantile,0.025,0.0
2026-08-26,ARI incidence,2026-09-06,3,LU,quantile,0.05,845.3544921875
2026-08-26,ARI incidence,2026-09-06,3,LU,quantile,0.1,1904.2666015625
2026-08-26,ARI incidence,2026-09-06,3,LU,quantile,0.15,2557.73828125
2026-08-26,ARI incidence,2026-09-06,3,LU,quantile,0.2,3055.984375
2026-08-26,ARI incidence,2026-09-06,3,LU,quantile,0.25,3452.3837890625
2026-08-26,ARI incidence,2026-09-06,3,LU,quantile,0.3,3789.4384765625
2026-08-26,ARI incidence,2026-09-06,3,LU,quantile,0.35,4058.1884765625
2026-08-26,ARI incidence,2026-09-06,3,LU,quantile,0.4,4326.0498046875
2026-08-26,ARI incidence,2026-09-06,3,LU,quantile,0.45,4599.1064453125
2026-08-26,ARI incidence,2026-09-06,3,LU,quantile,0.5,4885.7900390625
2026-08-26,ARI incidence,2026-09-06,3,LU,quantile,0.55,5170.265625
2026-08-26,ARI incidence,2026-09-06,3,LU,quantile,0.6,5428.43359375
2026-08-26,ARI incidence,2026-09-06,3,LU,quantile,0.65,5714.1572265625
2026-08-26,ARI incidence,2026-09-06,3,LU,quantile,0.7,6096.5791015625
2026-08-26,ARI incidence,2026-09-06,3,LU,quantile,0.75,6477.05859375
2026-08-26,ARI incidence,2026-09-06,3,LU,quantile,0.8,6926.173828125
2026-08-26,ARI incidence,2026-09-06,3,LU,quantile,0.85,7586.3271484375
2026-08-26,ARI incidence,2026-09-06,3,LU,quantile,0.9,8530.3681640625
2026-08-26,ARI incidence,2026-09-06,3,LU,quantile,0.95,10237.1123046875
2026-08-26,ARI incidence,2026-09-06,3,LU,quantile,0.975,13028.3828125
2026-08-26,ARI incidence,2026-09-06,3,LU,quantile,0.99,14703.140625
2026-08-26,ARI incidence,2026-09-13,4,LU,quantile,0.01,0.0
2026-08-26,ARI incidence,2026-09-13,4,LU,quantile,0.025,0.0
2026-08-26,ARI incidence,2026-09-13,4,LU,quantile,0.05,1020.046875
2026-08-26,ARI incidence,2026-09-13,4,LU,quantile,0.1,2225.72265625
2026-08-26,ARI incidence,2026-09-13,4,LU,quantile,0.15,2868.701171875
2026-08-26,ARI incidence,2026-09-13,4,LU,quantile,0.2,3418.5986328125
2026-08-26,ARI incidence,2026-09-13,4,LU,quantile,0.25,3852.1484375
2026-08-26,ARI incidence,2026-09-13,4,LU,quantile,0.3,4212.224609375
2026-08-26,ARI incidence,2026-09-13,4,LU,quantile,0.35,4581.21875
2026-08-26,ARI incidence,2026-09-13,4,LU,quantile,0.4,4918.1630859375
2026-08-26,ARI incidence,2026-09-13,4,LU,quantile,0.45,5233.234375
2026-08-26,ARI incidence,2026-09-13,4,LU,quantile,0.5,5601.3447265625
2026-08-26,ARI incidence,2026-09-13,4,LU,quantile,0.55,5928.68701171875
2026-08-26,ARI incidence,2026-09-13,4,LU,quantile,0.6,6380.06005859375
2026-08-26,ARI incidence,2026-09-13,4,LU,quantile,0.65,6806.76513671875
2026-08-26,ARI incidence,2026-09-13,4,LU,quantile,0.7,7315.14892578125
2026-08-26,ARI incidence,2026-09-13,4,LU,quantile,0.75,7923.58349609375
2026-08-26,ARI incidence,2026-09-13,4,LU,quantile,0.8,8582.203125
2026-08-26,ARI incidence,2026-09-13,4,LU,quantile,0.85,9412.4423828125
2026-08-26,ARI incidence,2026-09-13,4,LU,quantile,0.9,10522.615234375
2026-08-26,ARI incidence,2026-09-13,4,LU,quantile,0.95,12406.703125
2026-08-26,ARI incidence,2026-09-13,4,LU,quantile,0.975,15139.7412109375
2026-08-26,ARI incidence,2026-09-13,4,LU,quantile,0.99,16779.560546875
2026-08-26,ARI incidence,2026-08-23,1,SI,quantile,0.01,41.084228515625
2026-08-26,ARI incidence,2026-08-23,1,SI,quantile,0.025,82.70126342773438
2026-08-26,ARI incidence,2026-08-23,1,SI,quantile,0.05,152.06298828125
2026-08-26,ARI incidence,2026-08-23,1,SI,quantile,0.1,190.692626953125
2026-08-26,ARI incidence,2026-08-23,1,SI,quantile,0.15,217.0565185546875
2026-08-26,ARI incidence,2026-08-23,1,SI,quantile,0.2,233.9852294921875
2026-08-26,ARI incidence,2026-08-23,1,SI,quantile,0.25,245.8843994140625
2026-08-26,ARI incidence,2026-08-23,1,SI,quantile,0.3,262.78369140625
2026-08-26,ARI incidence,2026-08-23,1,SI,quantile,0.35,272.4410400390625
2026-08-26,ARI incidence,2026-08-23,1,SI,quantile,0.4,278.20703125
2026-08-26,ARI incidence,2026-08-23,1,SI,quantile,0.45,293.5360107421875
2026-08-26,ARI incidence,2026-08-23,1,SI,quantile,0.5,302.69091796875
2026-08-26,ARI incidence,2026-08-23,1,SI,quantile,0.55,306.254150390625
2026-08-26,ARI incidence,2026-08-23,1,SI,quantile,0.6,312.379150390625
2026-08-26,ARI incidence,2026-08-23,1,SI,quantile,0.65,326.50213623046875
2026-08-26,ARI incidence,2026-08-23,1,SI,quantile,0.7,342.49578857421875
2026-08-26,ARI incidence,2026-08-23,1,SI,quantile,0.75,353.1512451171875
2026-08-26,ARI incidence,2026-08-23,1,SI,quantile,0.8,374.69122314453125
2026-08-26,ARI incidence,2026-08-23,1,SI,quantile,0.85,400.78485107421875
2026-08-26,ARI incidence,2026-08-23,1,SI,quantile,0.9,436.1400146484375
2026-08-26,ARI incidence,2026-08-23,1,SI,quantile,0.95,494.96783447265625
2026-08-26,ARI incidence,2026-08-23,1,SI,quantile,0.975,611.8515014648438
2026-08-26,ARI incidence,2026-08-23,1,SI,quantile,0.99,681.9815673828125
2026-08-26,ARI incidence,2026-08-30,2,SI,quantile,0.01,65.4635009765625
2026-08-26,ARI incidence,2026-08-30,2,SI,quantile,0.025,114.55805969238281
2026-08-26,ARI incidence,2026-08-30,2,SI,quantile,0.05,196.38232421875
2026-08-26,ARI incidence,2026-08-30,2,SI,quantile,0.1,239.9449462890625
2026-08-26,ARI incidence,2026-08-30,2,SI,quantile,0.15,266.9365234375
2026-08-26,ARI incidence,2026-08-30,2,SI,quantile,0.2,287.093505859375
2026-08-26,ARI incidence,2026-08-30,2,SI,quantile,0.25,299.4520263671875
2026-08-26,ARI incidence,2026-08-30,2,SI,quantile,0.3,315.5113525390625
2026-08-26,ARI incidence,2026-08-30,2,SI,quantile,0.35,331.49102783203125
2026-08-26,ARI incidence,2026-08-30,2,SI,quantile,0.4,338.92822265625
2026-08-26,ARI incidence,2026-08-30,2,SI,quantile,0.45,350.8624267578125
2026-08-26,ARI incidence,2026-08-30,2,SI,quantile,0.5,366.6942138671875
2026-08-26,ARI incidence,2026-08-30,2,SI,quantile,0.55,374.246337890625
2026-08-26,ARI incidence,2026-08-30,2,SI,quantile,0.6,387.71380615234375
2026-08-26,ARI incidence,2026-08-30,2,SI,quantile,0.65,401.51141357421875
2026-08-26,ARI incidence,2026-08-30,2,SI,quantile,0.7,413.468505859375
2026-08-26,ARI incidence,2026-08-30,2,SI,quantile,0.75,430.33892822265625
2026-08-26,ARI incidence,2026-08-30,2,SI,quantile,0.8,444.7947998046875
2026-08-26,ARI incidence,2026-08-30,2,SI,quantile,0.85,470.826904296875
2026-08-26,ARI incidence,2026-08-30,2,SI,quantile,0.9,514.617919921875
2026-08-26,ARI incidence,2026-08-30,2,SI,quantile,0.95,590.7615356445312
2026-08-26,ARI incidence,2026-08-30,2,SI,quantile,0.975,759.0687866210938
2026-08-26,ARI incidence,2026-08-30,2,SI,quantile,0.99,860.0529174804688
2026-08-26,ARI incidence,2026-09-06,3,SI,quantile,0.01,68.73388671875
2026-08-26,ARI incidence,2026-09-06,3,SI,quantile,0.025,123.92695617675781
2026-08-26,ARI incidence,2026-09-06,3,SI,quantile,0.05,215.9154052734375
2026-08-26,ARI incidence,2026-09-06,3,SI,quantile,0.1,269.4527587890625
2026-08-26,ARI incidence,2026-09-06,3,SI,quantile,0.15,304.0313720703125
2026-08-26,ARI incidence,2026-09-06,3,SI,quantile,0.2,325.0789794921875
2026-08-26,ARI incidence,2026-09-06,3,SI,quantile,0.25,343.130126953125
2026-08-26,ARI incidence,2026-09-06,3,SI,quantile,0.3,358.53631591796875
2026-08-26,ARI incidence,2026-09-06,3,SI,quantile,0.35,372.0650634765625
2026-08-26,ARI incidence,2026-09-06,3,SI,quantile,0.4,385.5587158203125
2026-08-26,ARI incidence,2026-09-06,3,SI,quantile,0.45,399.7120361328125
2026-08-26,ARI incidence,2026-09-06,3,SI,quantile,0.5,413.38665771484375
2026-08-26,ARI incidence,2026-09-06,3,SI,quantile,0.55,425.7451171875
2026-08-26,ARI incidence,2026-09-06,3,SI,quantile,0.6,436.0006103515625
2026-08-26,ARI incidence,2026-09-06,3,SI,quantile,0.65,450.3721923828125
2026-08-26,ARI incidence,2026-09-06,3,SI,quantile,0.7,472.1749267578125
2026-08-26,ARI incidence,2026-09-06,3,SI,quantile,0.75,494.04742431640625
2026-08-26,ARI incidence,2026-09-06,3,SI,quantile,0.8,520.6591186523438
2026-08-26,ARI incidence,2026-09-06,3,SI,quantile,0.85,560.509765625
2026-08-26,ARI incidence,2026-09-06,3,SI,quantile,0.9,623.7200927734375
2026-08-26,ARI incidence,2026-09-06,3,SI,quantile,0.95,718.9547119140625
2026-08-26,ARI incidence,2026-09-06,3,SI,quantile,0.975,906.0689697265625
2026-08-26,ARI incidence,2026-09-06,3,SI,quantile,0.99,1018.3372802734375
2026-08-26,ARI incidence,2026-09-13,4,SI,quantile,0.01,143.8121337890625
2026-08-26,ARI incidence,2026-09-13,4,SI,quantile,0.025,212.34228515625
2026-08-26,ARI incidence,2026-09-13,4,SI,quantile,0.05,326.5592041015625
2026-08-26,ARI incidence,2026-09-13,4,SI,quantile,0.1,407.91693115234375
2026-08-26,ARI incidence,2026-09-13,4,SI,quantile,0.15,453.55718994140625
2026-08-26,ARI incidence,2026-09-13,4,SI,quantile,0.2,487.8433837890625
2026-08-26,ARI incidence,2026-09-13,4,SI,quantile,0.25,513.6320190429688
2026-08-26,ARI incidence,2026-09-13,4,SI,quantile,0.3,531.808349609375
2026-08-26,ARI incidence,2026-09-13,4,SI,quantile,0.35,550.5671997070312
2026-08-26,ARI incidence,2026-09-13,4,SI,quantile,0.4,570.0077514648438
2026-08-26,ARI incidence,2026-09-13,4,SI,quantile,0.45,587.4009399414062
2026-08-26,ARI incidence,2026-09-13,4,SI,quantile,0.5,607.02880859375
2026-08-26,ARI incidence,2026-09-13,4,SI,quantile,0.55,624.2171020507812
2026-08-26,ARI incidence,2026-09-13,4,SI,quantile,0.6,648.8119506835938
2026-08-26,ARI incidence,2026-09-13,4,SI,quantile,0.65,671.2401733398438
2026-08-26,ARI incidence,2026-09-13,4,SI,quantile,0.7,697.2119750976562
2026-08-26,ARI incidence,2026-09-13,4,SI,quantile,0.75,730.1566772460938
2026-08-26,ARI incidence,2026-09-13,4,SI,quantile,0.8,767.283447265625
2026-08-26,ARI incidence,2026-09-13,4,SI,quantile,0.85,812.5604858398438
2026-08-26,ARI incidence,2026-09-13,4,SI,quantile,0.9,877.40966796875
2026-08-26,ARI incidence,2026-09-13,4,SI,quantile,0.95,990.878662109375
2026-08-26,ARI incidence,2026-09-13,4,SI,quantile,0.975,1175.578857421875
2026-08-26,ARI incidence,2026-09-13,4,SI,quantile,0.99,1286.398681640625
2026-08-26,ILI incidence,2026-08-23,1,BE,quantile,0.01,5.075714111328125
2026-08-26,ILI incidence,2026-08-23,1,BE,quantile,0.025,10.066402435302734
2026-08-26,ILI incidence,2026-08-23,1,BE,quantile,0.05,18.38421630859375
2026-08-26,ILI incidence,2026-08-23,1,BE,quantile,0.1,23.679153442382812
2026-08-26,ILI incidence,2026-08-23,1,BE,quantile,0.15,27.315948486328125
2026-08-26,ILI incidence,2026-08-23,1,BE,quantile,0.2,30.037811279296875
2026-08-26,ILI incidence,2026-08-23,1,BE,quantile,0.25,32.96697998046875
2026-08-26,ILI incidence,2026-08-23,1,BE,quantile,0.3,35.13775634765625
2026-08-26,ILI incidence,2026-08-23,1,BE,quantile,0.35,37.484283447265625
2026-08-26,ILI incidence,2026-08-23,1,BE,quantile,0.4,40.0528564453125
2026-08-26,ILI incidence,2026-08-23,1,BE,quantile,0.45,42.05665588378906
2026-08-26,ILI incidence,2026-08-23,1,BE,quantile,0.5,44.346771240234375
2026-08-26,ILI incidence,2026-08-23,1,BE,quantile,0.55,45.578948974609375
2026-08-26,ILI incidence,2026-08-23,1,BE,quantile,0.6,47.19389343261719
2026-08-26,ILI incidence,2026-08-23,1,BE,quantile,0.65,49.80751037597656
2026-08-26,ILI incidence,2026-08-23,1,BE,quantile,0.7,52.77873229980469
2026-08-26,ILI incidence,2026-08-23,1,BE,quantile,0.75,55.14106750488281
2026-08-26,ILI incidence,2026-08-23,1,BE,quantile,0.8,58.564910888671875
2026-08-26,ILI incidence,2026-08-23,1,BE,quantile,0.85,63.02381896972656
2026-08-26,ILI incidence,2026-08-23,1,BE,quantile,0.9,69.7900390625
2026-08-26,ILI incidence,2026-08-23,1,BE,quantile,0.95,81.94451904296875
2026-08-26,ILI incidence,2026-08-23,1,BE,quantile,0.975,108.70067596435547
2026-08-26,ILI incidence,2026-08-23,1,BE,quantile,0.99,124.75433349609375
2026-08-26,ILI incidence,2026-08-30,2,BE,quantile,0.01,5.910858154296875
2026-08-26,ILI incidence,2026-08-30,2,BE,quantile,0.025,11.228326797485352
2026-08-26,ILI incidence,2026-08-30,2,BE,quantile,0.05,20.090774536132812
2026-08-26,ILI incidence,2026-08-30,2,BE,quantile,0.1,25.376785278320312
2026-08-26,ILI incidence,2026-08-30,2,BE,quantile,0.15,28.969345092773438
2026-08-26,ILI incidence,2026-08-30,2,BE,quantile,0.2,31.900970458984375
2026-08-26,ILI incidence,2026-08-30,2,BE,quantile,0.25,34.464019775390625
2026-08-26,ILI incidence,2026-08-30,2,BE,quantile,0.3,36.39595031738281
2026-08-26,ILI incidence,2026-08-30,2,BE,quantile,0.35,39.232635498046875
2026-08-26,ILI incidence,2026-08-30,2,BE,quantile,0.4,41.4261474609375
2026-08-26,ILI incidence,2026-08-30,2,BE,quantile,0.45,43.1600341796875
2026-08-26,ILI incidence,2026-08-30,2,BE,quantile,0.5,46.01385498046875
2026-08-26,ILI incidence,2026-08-30,2,BE,quantile,0.55,48.246429443359375
2026-08-26,ILI incidence,2026-08-30,2,BE,quantile,0.6,51.498016357421875
2026-08-26,ILI incidence,2026-08-30,2,BE,quantile,0.65,54.60298156738281
2026-08-26,ILI incidence,2026-08-30,2,BE,quantile,0.7,57.343963623046875
2026-08-26,ILI incidence,2026-08-30,2,BE,quantile,0.75,61.19618225097656
2026-08-26,ILI incidence,2026-08-30,2,BE,quantile,0.8,65.61882019042969
2026-08-26,ILI incidence,2026-08-30,2,BE,quantile,0.85,72.22569274902344
2026-08-26,ILI incidence,2026-08-30,2,BE,quantile,0.9,81.67256164550781
2026-08-26,ILI incidence,2026-08-30,2,BE,quantile,0.95,97.22672271728516
2026-08-26,ILI incidence,2026-08-30,2,BE,quantile,0.975,130.93490600585938
2026-08-26,ILI incidence,2026-08-30,2,BE,quantile,0.99,151.15977478027344
2026-08-26,ILI incidence,2026-09-06,3,BE,quantile,0.01,10.585739135742188
2026-08-26,ILI incidence,2026-09-06,3,BE,quantile,0.025,16.646587371826172
2026-08-26,ILI incidence,2026-09-06,3,BE,quantile,0.05,26.748001098632812
2026-08-26,ILI incidence,2026-09-06,3,BE,quantile,0.1,33.581298828125
2026-08-26,ILI incidence,2026-09-06,3,BE,quantile,0.15,37.811859130859375
2026-08-26,ILI incidence,2026-09-06,3,BE,quantile,0.2,41.30609130859375
2026-08-26,ILI incidence,2026-09-06,3,BE,quantile,0.25,44.50743103027344
2026-08-26,ILI incidence,2026-09-06,3,BE,quantile,0.3,47.86405944824219
2026-08-26,ILI incidence,2026-09-06,3,BE,quantile,0.35,50.49946594238281
2026-08-26,ILI incidence,2026-09-06,3,BE,quantile,0.4,53.284576416015625
2026-08-26,ILI incidence,2026-09-06,3,BE,quantile,0.45,55.63465881347656
2026-08-26,ILI incidence,2026-09-06,3,BE,quantile,0.5,59.17767333984375
2026-08-26,ILI incidence,2026-09-06,3,BE,quantile,0.55,61.63066101074219
2026-08-26,ILI incidence,2026-09-06,3,BE,quantile,0.6,64.74432373046875
2026-08-26,ILI incidence,2026-09-06,3,BE,quantile,0.65,67.90669250488281
2026-08-26,ILI incidence,2026-09-06,3,BE,quantile,0.7,71.45541381835938
2026-08-26,ILI incidence,2026-09-06,3,BE,quantile,0.75,76.18048095703125
2026-08-26,ILI incidence,2026-09-06,3,BE,quantile,0.8,82.2025375366211
2026-08-26,ILI incidence,2026-09-06,3,BE,quantile,0.85,89.93306732177734
2026-08-26,ILI incidence,2026-09-06,3,BE,quantile,0.9,102.51348876953125
2026-08-26,ILI incidence,2026-09-06,3,BE,quantile,0.95,122.30785369873047
2026-08-26,ILI incidence,2026-09-06,3,BE,quantile,0.975,161.97821044921875
2026-08-26,ILI incidence,2026-09-06,3,BE,quantile,0.99,185.78036499023438
2026-08-26,ILI incidence,2026-09-13,4,BE,quantile,0.01,15.021591186523438
2026-08-26,ILI incidence,2026-09-13,4,BE,quantile,0.025,22.52132225036621
2026-08-26,ILI incidence,2026-09-13,4,BE,quantile,0.05,35.0208740234375
2026-08-26,ILI incidence,2026-09-13,4,BE,quantile,0.1,44.46630859375
2026-08-26,ILI incidence,2026-09-13,4,BE,quantile,0.15,51.35548400878906
2026-08-26,ILI incidence,2026-09-13,4,BE,quantile,0.2,55.92716979980469
2026-08-26,ILI incidence,2026-09-13,4,BE,quantile,0.25,60.36077880859375
2026-08-26,ILI incidence,2026-09-13,4,BE,quantile,0.3,64.23114013671875
2026-08-26,ILI incidence,2026-09-13,4,BE,quantile,0.35,67.70602416992188
2026-08-26,ILI incidence,2026-09-13,4,BE,quantile,0.4,71.74899291992188
2026-08-26,ILI incidence,2026-09-13,4,BE,quantile,0.45,74.87686157226562
2026-08-26,ILI incidence,2026-09-13,4,BE,quantile,0.5,79.17603302001953
2026-08-26,ILI incidence,2026-09-13,4,BE,quantile,0.55,82.74759674072266
2026-08-26,ILI incidence,2026-09-13,4,BE,quantile,0.6,86.67378234863281
2026-08-26,ILI incidence,2026-09-13,4,BE,quantile,0.65,91.45946502685547
2026-08-26,ILI incidence,2026-09-13,4,BE,quantile,0.7,96.70783996582031
2026-08-26,ILI incidence,2026-09-13,4,BE,quantile,0.75,103.07979583740234
2026-08-26,ILI incidence,2026-09-13,4,BE,quantile,0.8,110.8512191772461
2026-08-26,ILI incidence,2026-09-13,4,BE,quantile,0.85,121.15428161621094
2026-08-26,ILI incidence,2026-09-13,4,BE,quantile,0.9,134.74026489257812
2026-08-26,ILI incidence,2026-09-13,4,BE,quantile,0.95,159.48741149902344
2026-08-26,ILI incidence,2026-09-13,4,BE,quantile,0.975,204.34384155273438
2026-08-26,ILI incidence,2026-09-13,4,BE,quantile,0.99,231.25762939453125
2026-08-26,ILI incidence,2026-08-23,1,DK,quantile,0.01,31.522598266601562
2026-08-26,ILI incidence,2026-08-23,1,DK,quantile,0.025,35.994075775146484
2026-08-26,ILI incidence,2026-08-23,1,DK,quantile,0.05,43.446533203125
2026-08-26,ILI incidence,2026-08-23,1,DK,quantile,0.1,48.4033203125
2026-08-26,ILI incidence,2026-08-23,1,DK,quantile,0.15,51.68635559082031
2026-08-26,ILI incidence,2026-08-23,1,DK,quantile,0.2,54.318382263183594
2026-08-26,ILI incidence,2026-08-23,1,DK,quantile,0.25,56.279991149902344
2026-08-26,ILI incidence,2026-08-23,1,DK,quantile,0.3,58.09107208251953
2026-08-26,ILI incidence,2026-08-23,1,DK,quantile,0.35,59.74107360839844
2026-08-26,ILI incidence,2026-08-23,1,DK,quantile,0.4,61.17453384399414
2026-08-26,ILI incidence,2026-08-23,1,DK,quantile,0.45,62.88912582397461
2026-08-26,ILI incidence,2026-08-23,1,DK,quantile,0.5,64.64839172363281
2026-08-26,ILI incidence,2026-08-23,1,DK,quantile,0.55,66.21870422363281
2026-08-26,ILI incidence,2026-08-23,1,DK,quantile,0.6,67.99127197265625
2026-08-26,ILI incidence,2026-08-23,1,DK,quantile,0.65,70.22029876708984
2026-08-26,ILI incidence,2026-08-23,1,DK,quantile,0.7,72.95672607421875
2026-08-26,ILI incidence,2026-08-23,1,DK,quantile,0.75,75.638671875
2026-08-26,ILI incidence,2026-08-23,1,DK,quantile,0.8,79.17915344238281
2026-08-26,ILI incidence,2026-08-23,1,DK,quantile,0.85,83.61158752441406
2026-08-26,ILI incidence,2026-08-23,1,DK,quantile,0.9,89.17694091796875
2026-08-26,ILI incidence,2026-08-23,1,DK,quantile,0.95,98.71317291259766
2026-08-26,ILI incidence,2026-08-23,1,DK,quantile,0.975,113.19931030273438
2026-08-26,ILI incidence,2026-08-23,1,DK,quantile,0.99,121.8909683227539
2026-08-26,ILI incidence,2026-08-30,2,DK,quantile,0.01,31.276580810546875
2026-08-26,ILI incidence,2026-08-30,2,DK,quantile,0.025,36.1677360534668
2026-08-26,ILI incidence,2026-08-30,2,DK,quantile,0.05,44.319664001464844
2026-08-26,ILI incidence,2026-08-30,2,DK,quantile,0.1,48.86689758300781
2026-08-26,ILI incidence,2026-08-30,2,DK,quantile,0.15,52.272071838378906
2026-08-26,ILI incidence,2026-08-30,2,DK,quantile,0.2,55.06621551513672
2026-08-26,ILI incidence,2026-08-30,2,DK,quantile,0.25,57.50555419921875
2026-08-26,ILI incidence,2026-08-30,2,DK,quantile,0.3,59.71683120727539
2026-08-26,ILI incidence,2026-08-30,2,DK,quantile,0.35,61.96962356567383
2026-08-26,ILI incidence,2026-08-30,2,DK,quantile,0.4,63.82917785644531
2026-08-26,ILI incidence,2026-08-30,2,DK,quantile,0.45,65.81889343261719
2026-08-26,ILI incidence,2026-08-30,2,DK,quantile,0.5,67.85287475585938
2026-08-26,ILI incidence,2026-08-30,2,DK,quantile,0.55,69.7649917602539
2026-08-26,ILI incidence,2026-08-30,2,DK,quantile,0.6,72.11906433105469
2026-08-26,ILI incidence,2026-08-30,2,DK,quantile,0.65,74.49584197998047
2026-08-26,ILI incidence,2026-08-30,2,DK,quantile,0.7,77.05009460449219
2026-08-26,ILI incidence,2026-08-30,2,DK,quantile,0.75,80.14530944824219
2026-08-26,ILI incidence,2026-08-30,2,DK,quantile,0.8,83.56314086914062
2026-08-26,ILI incidence,2026-08-30,2,DK,quantile,0.85,88.1197509765625
2026-08-26,ILI incidence,2026-08-30,2,DK,quantile,0.9,94.1104736328125
2026-08-26,ILI incidence,2026-08-30,2,DK,quantile,0.95,103.84573364257812
2026-08-26,ILI incidence,2026-08-30,2,DK,quantile,0.975,120.217041015625
2026-08-26,ILI incidence,2026-08-30,2,DK,quantile,0.99,130.03981018066406
2026-08-26,ILI incidence,2026-09-06,3,DK,quantile,0.01,29.937210083007812
2026-08-26,ILI incidence,2026-09-06,3,DK,quantile,0.025,35.22764587402344
2026-08-26,ILI incidence,2026-09-06,3,DK,quantile,0.05,44.04503631591797
2026-08-26,ILI incidence,2026-09-06,3,DK,quantile,0.1,49.672142028808594
2026-08-26,ILI incidence,2026-09-06,3,DK,quantile,0.15,52.902915954589844
2026-08-26,ILI incidence,2026-09-06,3,DK,quantile,0.2,55.82525634765625
2026-08-26,ILI incidence,2026-09-06,3,DK,quantile,0.25,58.363487243652344
2026-08-26,ILI incidence,2026-09-06,3,DK,quantile,0.3,60.78953552246094
2026-08-26,ILI incidence,2026-09-06,3,DK,quantile,0.35,62.75482940673828
2026-08-26,ILI incidence,2026-09-06,3,DK,quantile,0.4,64.97777557373047
2026-08-26,ILI incidence,2026-09-06,3,DK,quantile,0.45,66.87985229492188
2026-08-26,ILI incidence,2026-09-06,3,DK,quantile,0.5,69.01908874511719
2026-08-26,ILI incidence,2026-09-06,3,DK,quantile,0.55,70.99465942382812
2026-08-26,ILI incidence,2026-09-06,3,DK,quantile,0.6,72.91786193847656
2026-08-26,ILI incidence,2026-09-06,3,DK,quantile,0.65,75.01617431640625
2026-08-26,ILI incidence,2026-09-06,3,DK,quantile,0.7,77.82844543457031
2026-08-26,ILI incidence,2026-09-06,3,DK,quantile,0.75,80.81138610839844
2026-08-26,ILI incidence,2026-09-06,3,DK,quantile,0.8,84.37380981445312
2026-08-26,ILI incidence,2026-09-06,3,DK,quantile,0.85,89.24652862548828
2026-08-26,ILI incidence,2026-09-06,3,DK,quantile,0.9,95.71533203125
2026-08-26,ILI incidence,2026-09-06,3,DK,quantile,0.95,105.90570068359375
2026-08-26,ILI incidence,2026-09-06,3,DK,quantile,0.975,123.46678924560547
2026-08-26,ILI incidence,2026-09-06,3,DK,quantile,0.99,134.00341796875
2026-08-26,ILI incidence,2026-09-13,4,DK,quantile,0.01,26.712242126464844
2026-08-26,ILI incidence,2026-09-13,4,DK,quantile,0.025,32.361167907714844
2026-08-26,ILI incidence,2026-09-13,4,DK,quantile,0.05,41.776039123535156
2026-08-26,ILI incidence,2026-09-13,4,DK,quantile,0.1,48.41197204589844
2026-08-26,ILI incidence,2026-09-13,4,DK,quantile,0.15,51.97246551513672
2026-08-26,ILI incidence,2026-09-13,4,DK,quantile,0.2,55.088645935058594
2026-08-26,ILI incidence,2026-09-13,4,DK,quantile,0.25,57.54029083251953
2026-08-26,ILI incidence,2026-09-13,4,DK,quantile,0.3,59.633209228515625
2026-08-26,ILI incidence,2026-09-13,4,DK,quantile,0.35,61.863895416259766
2026-08-26,ILI incidence,2026-09-13,4,DK,quantile,0.4,63.97297286987305
2026-08-26,ILI incidence,2026-09-13,4,DK,quantile,0.45,65.82064819335938
2026-08-26,ILI incidence,2026-09-13,4,DK,quantile,0.5,68.01995849609375
2026-08-26,ILI incidence,2026-09-13,4,DK,quantile,0.55,70.08617401123047
2026-08-26,ILI incidence,2026-09-13,4,DK,quantile,0.6,72.66387939453125
2026-08-26,ILI incidence,2026-09-13,4,DK,quantile,0.65,75.04081726074219
2026-08-26,ILI incidence,2026-09-13,4,DK,quantile,0.7,77.79910278320312
2026-08-26,ILI incidence,2026-09-13,4,DK,quantile,0.75,81.21136474609375
2026-08-26,ILI incidence,2026-09-13,4,DK,quantile,0.8,84.82687377929688
2026-08-26,ILI incidence,2026-09-13,4,DK,quantile,0.85,89.50888061523438
2026-08-26,ILI incidence,2026-09-13,4,DK,quantile,0.9,96.10063171386719
2026-08-26,ILI incidence,2026-09-13,4,DK,quantile,0.95,107.69662475585938
2026-08-26,ILI incidence,2026-09-13,4,DK,quantile,0.975,126.44828033447266
2026-08-26,ILI incidence,2026-09-13,4,DK,quantile,0.99,137.69924926757812
2026-08-26,ILI incidence,2026-08-23,1,EE,quantile,0.01,0.0
2026-08-26,ILI incidence,2026-08-23,1,EE,quantile,0.025,0.0
2026-08-26,ILI incidence,2026-08-23,1,EE,quantile,0.05,0.0
2026-08-26,ILI incidence,2026-08-23,1,EE,quantile,0.1,7.5919036865234375
2026-08-26,ILI incidence,2026-08-23,1,EE,quantile,0.15,20.535491943359375
2026-08-26,ILI incidence,2026-08-23,1,EE,quantile,0.2,29.003585815429688
2026-08-26,ILI incidence,2026-08-23,1,EE,quantile,0.25,34.74810791015625
2026-08-26,ILI incidence,2026-08-23,1,EE,quantile,0.3,39.67816162109375
2026-08-26,ILI incidence,2026-08-23,1,EE,quantile,0.35,44.070098876953125
2026-08-26,ILI incidence,2026-08-23,1,EE,quantile,0.4,47.61956787109375
2026-08-26,ILI incidence,2026-08-23,1,EE,quantile,0.45,52.061553955078125
2026-08-26,ILI incidence,2026-08-23,1,EE,quantile,0.5,56.538787841796875
2026-08-26,ILI incidence,2026-08-23,1,EE,quantile,0.55,60.09678649902344
2026-08-26,ILI incidence,2026-08-23,1,EE,quantile,0.6,64.541259765625
2026-08-26,ILI incidence,2026-08-23,1,EE,quantile,0.65,70.94259643554688
2026-08-26,ILI incidence,2026-08-23,1,EE,quantile,0.7,78.29501342773438
2026-08-26,ILI incidence,2026-08-23,1,EE,quantile,0.75,85.81025695800781
2026-08-26,ILI incidence,2026-08-23,1,EE,quantile,0.8,96.3853530883789
2026-08-26,ILI incidence,2026-08-23,1,EE,quantile,0.85,110.66358184814453
2026-08-26,ILI incidence,2026-08-23,1,EE,quantile,0.9,131.51022338867188
2026-08-26,ILI incidence,2026-08-23,1,EE,quantile,0.95,175.18536376953125
2026-08-26,ILI incidence,2026-08-23,1,EE,quantile,0.975,236.23196411132812
2026-08-26,ILI incidence,2026-08-23,1,EE,quantile,0.99,272.8598327636719
2026-08-26,ILI incidence,2026-08-30,2,EE,quantile,0.01,0.0
2026-08-26,ILI incidence,2026-08-30,2,EE,quantile,0.025,0.0
2026-08-26,ILI incidence,2026-08-30,2,EE,quantile,0.05,0.0
2026-08-26,ILI incidence,2026-08-30,2,EE,quantile,0.1,18.243255615234375
2026-08-26,ILI incidence,2026-08-30,2,EE,quantile,0.15,32.52781677246094
2026-08-26,ILI incidence,2026-08-30,2,EE,quantile,0.2,42.24609375
2026-08-26,ILI incidence,2026-08-30,2,EE,quantile,0.25,49.9444580078125
2026-08-26,ILI incidence,2026-08-30,2,EE,quantile,0.3,56.66302490234375
2026-08-26,ILI incidence,2026-08-30,2,EE,quantile,0.35,63.19953918457031
2026-08-26,ILI incidence,2026-08-30,2,EE,quantile,0.4,69.01048278808594
2026-08-26,ILI incidence,2026-08-30,2,EE,quantile,0.45,75.16349792480469
2026-08-26,ILI incidence,2026-08-30,2,EE,quantile,0.5,81.04745483398438
2026-08-26,ILI incidence,2026-08-30,2,EE,quantile,0.55,86.77976989746094
2026-08-26,ILI incidence,2026-08-30,2,EE,quantile,0.6,94.14042663574219
2026-08-26,ILI incidence,2026-08-30,2,EE,quantile,0.65,101.72818756103516
2026-08-26,ILI incidence,2026-08-30,2,EE,quantile,0.7,110.21404266357422
2026-08-26,ILI incidence,2026-08-30,2,EE,quantile,0.75,120.9590835571289
2026-08-26,ILI incidence,2026-08-30,2,EE,quantile,0.8,132.9039764404297
2026-08-26,ILI incidence,2026-08-30,2,EE,quantile,0.85,149.6636505126953
2026-08-26,ILI incidence,2026-08-30,2,EE,quantile,0.9,173.9541473388672
2026-08-26,ILI incidence,2026-08-30,2,EE,quantile,0.95,220.50267028808594
2026-08-26,ILI incidence,2026-08-30,2,EE,quantile,0.975,295.2012634277344
2026-08-26,ILI incidence,2026-08-30,2,EE,quantile,0.99,340.02032470703125
2026-08-26,ILI incidence,2026-09-06,3,EE,quantile,0.01,0.0
2026-08-26,ILI incidence,2026-09-06,3,EE,quantile,0.025,0.0
2026-08-26,ILI incidence,2026-09-06,3,EE,quantile,0.05,5.8763427734375
2026-08-26,ILI incidence,2026-09-06,3,EE,quantile,0.1,32.29255676269531
2026-08-26,ILI incidence,2026-09-06,3,EE,quantile,0.15,46.60191345214844
2026-08-26,ILI incidence,2026-09-06,3,EE,quantile,0.2,57.182464599609375
2026-08-26,ILI incidence,2026-09-06,3,EE,quantile,0.25,65.84465026855469
2026-08-26,ILI incidence,2026-09-06,3,EE,quantile,0.3,73.641357421875
2026-08-26,ILI incidence,2026-09-06,3,EE,quantile,0.35,80.58056640625
2026-08-26,ILI incidence,2026-09-06,3,EE,quantile,0.4,87.38729858398438
2026-08-26,ILI incidence,2026-09-06,3,EE,quantile,0.45,93.99748229980469
2026-08-26,ILI incidence,2026-09-06,3,EE,quantile,0.5,101.4426498413086
2026-08-26,ILI incidence,2026-09-06,3,EE,quantile,0.55,108.85670471191406
2026-08-26,ILI incidence,2026-09-06,3,EE,quantile,0.6,116.2641372680664
2026-08-26,ILI incidence,2026-09-06,3,EE,quantile,0.65,124.36022186279297
2026-08-26,ILI incidence,2026-09-06,3,EE,quantile,0.7,134.64077758789062
2026-08-26,ILI incidence,2026-09-06,3,EE,quantile,0.75,146.54931640625
2026-08-26,ILI incidence,2026-09-06,3,EE,quantile,0.8,161.0416259765625
2026-08-26,ILI incidence,2026-09-06,3,EE,quantile,0.85,180.16184997558594
2026-08-26,ILI incidence,2026-09-06,3,EE,quantile,0.9,207.4803009033203
2026-08-26,ILI incidence,2026-09-06,3,EE,quantile,0.95,258.88079833984375
2026-08-26,ILI incidence,2026-09-06,3,EE,quantile,0.975,352.46258544921875
2026-08-26,ILI incidence,2026-09-06,3,EE,quantile,0.99,408.61151123046875
2026-08-26,ILI incidence,2026-09-13,4,EE,quantile,0.01,0.0
2026-08-26,ILI incidence,2026-09-13,4,EE,quantile,0.025,0.0
2026-08-26,ILI incidence,2026-09-13,4,EE,quantile,0.05,9.015701293945312
2026-08-26,ILI incidence,2026-09-13,4,EE,quantile,0.1,39.5198974609375
2026-08-26,ILI incidence,2026-09-13,4,EE,quantile,0.15,56.05419921875
2026-08-26,ILI incidence,2026-09-13,4,EE,quantile,0.2,68.23367309570312
2026-08-26,ILI incidence,2026-09-13,4,EE,quantile,0.25,78.15556335449219
2026-08-26,ILI incidence,2026-09-13,4,EE,quantile,0.3,87.523681640625
2026-08-26,ILI incidence,2026-09-13,4,EE,quantile,0.35,95.70277404785156
2026-08-26,ILI incidence,2026-09-13,4,EE,quantile,0.4,104.27955627441406
2026-08-26,ILI incidence,2026-09-13,4,EE,quantile,0.45,111.64801788330078
2026-08-26,ILI incidence,2026-09-13,4,EE,quantile,0.5,120.31195831298828
2026-08-26,ILI incidence,2026-09-13,4,EE,quantile,0.55,129.00509643554688
2026-08-26,ILI incidence,2026-09-13,4,EE,quantile,0.6,138.07998657226562
2026-08-26,ILI incidence,2026-09-13,4,EE,quantile,0.65,148.19261169433594
2026-08-26,ILI incidence,2026-09-13,4,EE,quantile,0.7,159.57363891601562
2026-08-26,ILI incidence,2026-09-13,4,EE,quantile,0.75,173.36024475097656
2026-08-26,ILI incidence,2026-09-13,4,EE,quantile,0.8,189.30410766601562
2026-08-26,ILI incidence,2026-09-13,4,EE,quantile,0.85,209.5446319580078
2026-08-26,ILI incidence,2026-09-13,4,EE,quantile,0.9,238.2044219970703
2026-08-26,ILI incidence,2026-09-13,4,EE,quantile,0.95,298.71234130859375
2026-08-26,ILI incidence,2026-09-13,4,EE,quantile,0.975,420.7157897949219
2026-08-26,ILI incidence,2026-09-13,4,EE,quantile,0.99,493.9176940917969
2026-08-26,ILI incidence,2026-08-23,1,GR,quantile,0.01,182.8670654296875
2026-08-26,ILI incidence,2026-08-23,1,GR,quantile,0.025,200.59010314941406
2026-08-26,ILI incidence,2026-08-23,1,GR,quantile,0.05,230.12850952148438
2026-08-26,ILI incidence,2026-08-23,1,GR,quantile,0.1,251.19476318359375
2026-08-26,ILI incidence,2026-08-23,1,GR,quantile,0.15,264.6874084472656
2026-08-26,ILI incidence,2026-08-23,1,GR,quantile,0.2,275.7945556640625
2026-08-26,ILI incidence,2026-08-23,1,GR,quantile,0.25,284.78167724609375
2026-08-26,ILI incidence,2026-08-23,1,GR,quantile,0.3,291.46820068359375
2026-08-26,ILI incidence,2026-08-23,1,GR,quantile,0.35,297.8231506347656
2026-08-26,ILI incidence,2026-08-23,1,GR,quantile,0.4,304.36895751953125
2026-08-26,ILI incidence,2026-08-23,1,GR,quantile,0.45,310.5780029296875
2026-08-26,ILI incidence,2026-08-23,1,GR,quantile,0.5,317.73822021484375
2026-08-26,ILI incidence,2026-08-23,1,GR,quantile,0.55,322.7118835449219
2026-08-26,ILI incidence,2026-08-23,1,GR,quantile,0.6,327.75201416015625
2026-08-26,ILI incidence,2026-08-23,1,GR,quantile,0.65,335.1867370605469
2026-08-26,ILI incidence,2026-08-23,1,GR,quantile,0.7,344.86334228515625
2026-08-26,ILI incidence,2026-08-23,1,GR,quantile,0.75,352.51031494140625
2026-08-26,ILI incidence,2026-08-23,1,GR,quantile,0.8,363.53955078125
2026-08-26,ILI incidence,2026-08-23,1,GR,quantile,0.85,377.7531433105469
2026-08-26,ILI incidence,2026-08-23,1,GR,quantile,0.9,395.8694152832031
2026-08-26,ILI incidence,2026-08-23,1,GR,quantile,0.95,426.77545166015625
2026-08-26,ILI incidence,2026-08-23,1,GR,quantile,0.975,476.4885559082031
2026-08-26,ILI incidence,2026-08-23,1,GR,quantile,0.99,506.31634521484375
2026-08-26,ILI incidence,2026-08-30,2,GR,quantile,0.01,131.71142578125
2026-08-26,ILI incidence,2026-08-30,2,GR,quantile,0.025,153.2538604736328
2026-08-26,ILI incidence,2026-08-30,2,GR,quantile,0.05,189.15792846679688
2026-08-26,ILI incidence,2026-08-30,2,GR,quantile,0.1,210.36880493164062
2026-08-26,ILI incidence,2026-08-30,2,GR,quantile,0.15,225.36044311523438
2026-08-26,ILI incidence,2026-08-30,2,GR,quantile,0.2,238.22885131835938
2026-08-26,ILI incidence,2026-08-30,2,GR,quantile,0.25,248.50625610351562
2026-08-26,ILI incidence,2026-08-30,2,GR,quantile,0.3,256.192626953125
2026-08-26,ILI incidence,2026-08-30,2,GR,quantile,0.35,265.27117919921875
2026-08-26,ILI incidence,2026-08-30,2,GR,quantile,0.4,271.57867431640625
2026-08-26,ILI incidence,2026-08-30,2,GR,quantile,0.45,277.6689453125
2026-08-26,ILI incidence,2026-08-30,2,GR,quantile,0.5,285.92584228515625
2026-08-26,ILI incidence,2026-08-30,2,GR,quantile,0.55,292.6687316894531
2026-08-26,ILI incidence,2026-08-30,2,GR,quantile,0.6,301.60089111328125
2026-08-26,ILI incidence,2026-08-30,2,GR,quantile,0.65,310.6412658691406
2026-08-26,ILI incidence,2026-08-30,2,GR,quantile,0.7,318.0587158203125
2026-08-26,ILI incidence,2026-08-30,2,GR,quantile,0.75,327.6199645996094
2026-08-26,ILI incidence,2026-08-30,2,GR,quantile,0.8,337.8275146484375
2026-08-26,ILI incidence,2026-08-30,2,GR,quantile,0.85,353.2064514160156
2026-08-26,ILI incidence,2026-08-30,2,GR,quantile,0.9,373.9250793457031
2026-08-26,ILI incidence,2026-08-30,2,GR,quantile,0.95,408.80926513671875
2026-08-26,ILI incidence,2026-08-30,2,GR,quantile,0.975,478.3891296386719
2026-08-26,ILI incidence,2026-08-30,2,GR,quantile,0.99,520.136962890625
2026-08-26,ILI incidence,2026-09-06,3,GR,quantile,0.01,106.98046875
2026-08-26,ILI incidence,2026-09-06,3,GR,quantile,0.025,129.28445434570312
2026-08-26,ILI incidence,2026-09-06,3,GR,quantile,0.05,166.457763671875
2026-08-26,ILI incidence,2026-09-06,3,GR,quantile,0.1,192.98382568359375
2026-08-26,ILI incidence,2026-09-06,3,GR,quantile,0.15,209.01449584960938
2026-08-26,ILI incidence,2026-09-06,3,GR,quantile,0.2,222.83377075195312
2026-08-26,ILI incidence,2026-09-06,3,GR,quantile,0.25,233.99649047851562
2026-08-26,ILI incidence,2026-09-06,3,GR,quantile,0.3,244.541259765625
2026-08-26,ILI incidence,2026-09-06,3,GR,quantile,0.35,251.144287109375
2026-08-26,ILI incidence,2026-09-06,3,GR,quantile,0.4,259.59783935546875
2026-08-26,ILI incidence,2026-09-06,3,GR,quantile,0.45,265.5169677734375
2026-08-26,ILI incidence,2026-09-06,3,GR,quantile,0.5,273.6000061035156
2026-08-26,ILI incidence,2026-09-06,3,GR,quantile,0.55,279.7825622558594
2026-08-26,ILI incidence,2026-09-06,3,GR,quantile,0.6,286.8042297363281
2026-08-26,ILI incidence,2026-09-06,3,GR,quantile,0.65,294.13885498046875
2026-08-26,ILI incidence,2026-09-06,3,GR,quantile,0.7,303.6398010253906
2026-08-26,ILI incidence,2026-09-06,3,GR,quantile,0.75,313.43731689453125
2026-08-26,ILI incidence,2026-09-06,3,GR,quantile,0.8,324.6817321777344
2026-08-26,ILI incidence,2026-09-06,3,GR,quantile,0.85,341.95867919921875
2026-08-26,ILI incidence,2026-09-06,3,GR,quantile,0.9,366.80401611328125
2026-08-26,ILI incidence,2026-09-06,3,GR,quantile,0.95,407.050537109375
2026-08-26,ILI incidence,2026-09-06,3,GR,quantile,0.975,492.06689453125
2026-08-26,ILI incidence,2026-09-06,3,GR,quantile,0.99,543.0765991210938
2026-08-26,ILI incidence,2026-09-13,4,GR,quantile,0.01,98.99481201171875
2026-08-26,ILI incidence,2026-09-13,4,GR,quantile,0.025,123.3304672241211
2026-08-26,ILI incidence,2026-09-13,4,GR,quantile,0.05,163.889892578125
2026-08-26,ILI incidence,2026-09-13,4,GR,quantile,0.1,193.91940307617188
2026-08-26,ILI incidence,2026-09-13,4,GR,quantile,0.15,212.03860473632812
2026-08-26,ILI incidence,2026-09-13,4,GR,quantile,0.2,226.03482055664062
2026-08-26,ILI incidence,2026-09-13,4,GR,quantile,0.25,238.03231811523438
2026-08-26,ILI incidence,2026-09-13,4,GR,quantile,0.3,247.02810668945312
2026-08-26,ILI incidence,2026-09-13,4,GR,quantile,0.35,257.00347900390625
2026-08-26,ILI incidence,2026-09-13,4,GR,quantile,0.4,266.32598876953125
2026-08-26,ILI incidence,2026-09-13,4,GR,quantile,0.45,274.05572509765625
2026-08-26,ILI incidence,2026-09-13,4,GR,quantile,0.5,284.8520202636719
2026-08-26,ILI incidence,2026-09-13,4,GR,quantile,0.55,292.0082092285156
2026-08-26,ILI incidence,2026-09-13,4,GR,quantile,0.6,302.7957763671875
2026-08-26,ILI incidence,2026-09-13,4,GR,quantile,0.65,313.0547180175781
2026-08-26,ILI incidence,2026-09-13,4,GR,quantile,0.7,324.276123046875
2026-08-26,ILI incidence,2026-09-13,4,GR,quantile,0.75,338.1512451171875
2026-08-26,ILI incidence,2026-09-13,4,GR,quantile,0.8,352.87750244140625
2026-08-26,ILI incidence,2026-09-13,4,GR,quantile,0.85,373.46136474609375
2026-08-26,ILI incidence,2026-09-13,4,GR,quantile,0.9,402.92620849609375
2026-08-26,ILI incidence,2026-09-13,4,GR,quantile,0.95,456.1533203125
2026-08-26,ILI incidence,2026-09-13,4,GR,quantile,0.975,548.4747314453125
2026-08-26,ILI incidence,2026-09-13,4,GR,quantile,0.99,603.867431640625
2026-08-26,ILI incidence,2026-08-23,1,IE,quantile,0.01,0.0
2026-08-26,ILI incidence,2026-08-23,1,IE,quantile,0.025,0.0
2026-08-26,ILI incidence,2026-08-23,1,IE,quantile,0.05,0.2975168228149414
2026-08-26,ILI incidence,2026-08-23,1,IE,quantile,0.1,0.5095119476318359
2026-08-26,ILI incidence,2026-08-23,1,IE,quantile,0.15,0.6622409820556641
2026-08-26,ILI incidence,2026-08-23,1,IE,quantile,0.2,0.7841911315917969
2026-08-26,ILI incidence,2026-08-23,1,IE,quantile,0.25,0.9205131530761719
2026-08-26,ILI incidence,2026-08-23,1,IE,quantile,0.3,1.013636589050293
2026-08-26,ILI incidence,2026-08-23,1,IE,quantile,0.35,1.1008987426757812
2026-08-26,ILI incidence,2026-08-23,1,IE,quantile,0.4,1.1984834671020508
2026-08-26,ILI incidence,2026-08-23,1,IE,quantile,0.45,1.2696733474731445
2026-08-26,ILI incidence,2026-08-23,1,IE,quantile,0.5,1.3762178421020508
2026-08-26,ILI incidence,2026-08-23,1,IE,quantile,0.55,1.4318723678588867
2026-08-26,ILI incidence,2026-08-23,1,IE,quantile,0.6,1.4922847747802734
2026-08-26,ILI incidence,2026-08-23,1,IE,quantile,0.65,1.629593849182129
2026-08-26,ILI incidence,2026-08-23,1,IE,quantile,0.7,1.8305768966674805
2026-08-26,ILI incidence,2026-08-23,1,IE,quantile,0.75,1.9644622802734375
2026-08-26,ILI incidence,2026-08-23,1,IE,quantile,0.8,2.135326385498047
2026-08-26,ILI incidence,2026-08-23,1,IE,quantile,0.85,2.350142478942871
2026-08-26,ILI incidence,2026-08-23,1,IE,quantile,0.9,2.643526077270508
2026-08-26,ILI incidence,2026-08-23,1,IE,quantile,0.95,3.071126937866211
2026-08-26,ILI incidence,2026-08-23,1,IE,quantile,0.975,3.9995064735412598
2026-08-26,ILI incidence,2026-08-23,1,IE,quantile,0.99,4.556532859802246
2026-08-26,ILI incidence,2026-08-30,2,IE,quantile,0.01,0.0
2026-08-26,ILI incidence,2026-08-30,2,IE,quantile,0.025,0.0
2026-08-26,ILI incidence,2026-08-30,2,IE,quantile,0.05,0.3085165023803711
2026-08-26,ILI incidence,2026-08-30,2,IE,quantile,0.1,0.5418233871459961
2026-08-26,ILI incidence,2026-08-30,2,IE,quantile,0.15,0.6766242980957031
2026-08-26,ILI incidence,2026-08-30,2,IE,quantile,0.2,0.8102512359619141
2026-08-26,ILI incidence,2026-08-30,2,IE,quantile,0.25,0.9149932861328125
2026-08-26,ILI incidence,2026-08-30,2,IE,quantile,0.3,1.0253229141235352
2026-08-26,ILI incidence,2026-08-30,2,IE,quantile,0.35,1.1625185012817383
2026-08-26,ILI incidence,2026-08-30,2,IE,quantile,0.4,1.2505369186401367
2026-08-26,ILI incidence,2026-08-30,2,IE,quantile,0.45,1.3071460723876953
2026-08-26,ILI incidence,2026-08-30,2,IE,quantile,0.5,1.4306650161743164
2026-08-26,ILI incidence,2026-08-30,2,IE,quantile,0.55,1.5041494369506836
2026-08-26,ILI incidence,2026-08-30,2,IE,quantile,0.6,1.6411523818969727
2026-08-26,ILI incidence,2026-08-30,2,IE,quantile,0.65,1.7743682861328125
2026-08-26,ILI incidence,2026-08-30,2,IE,quantile,0.7,1.8582191467285156
2026-08-26,ILI incidence,2026-08-30,2,IE,quantile,0.75,1.9970483779907227
2026-08-26,ILI incidence,2026-08-30,2,IE,quantile,0.8,2.146127700805664
2026-08-26,ILI incidence,2026-08-30,2,IE,quantile,0.85,2.383164405822754
2026-08-26,ILI incidence,2026-08-30,2,IE,quantile,0.9,2.6886062622070312
2026-08-26,ILI incidence,2026-08-30,2,IE,quantile,0.95,3.141657829284668
2026-08-26,ILI incidence,2026-08-30,2,IE,quantile,0.975,4.5943193435668945
2026-08-26,ILI incidence,2026-08-30,2,IE,quantile,0.99,5.465914726257324
2026-08-26,ILI incidence,2026-09-06,3,IE,quantile,0.01,0.0
2026-08-26,ILI incidence,2026-09-06,3,IE,quantile,0.025,0.0
2026-08-26,ILI incidence,2026-09-06,3,IE,quantile,0.05,0.3945484161376953
2026-08-26,ILI incidence,2026-09-06,3,IE,quantile,0.1,0.6646947860717773
2026-08-26,ILI incidence,2026-09-06,3,IE,quantile,0.15,0.8253412246704102
2026-08-26,ILI incidence,2026-09-06,3,IE,quantile,0.2,0.9573202133178711
2026-08-26,ILI incidence,2026-09-06,3,IE,quantile,0.25,1.072340965270996
2026-08-26,ILI incidence,2026-09-06,3,IE,quantile,0.3,1.2299470901489258
2026-08-26,ILI incidence,2026-09-06,3,IE,quantile,0.35,1.2876214981079102
2026-08-26,ILI incidence,2026-09-06,3,IE,quantile,0.4,1.4032678604125977
2026-08-26,ILI incidence,2026-09-06,3,IE,quantile,0.45,1.4644365310668945
2026-08-26,ILI incidence,2026-09-06,3,IE,quantile,0.5,1.575413703918457
2026-08-26,ILI incidence,2026-09-06,3,IE,quantile,0.55,1.629068374633789
2026-08-26,ILI incidence,2026-09-06,3,IE,quantile,0.6,1.717463493347168
2026-08-26,ILI incidence,2026-09-06,3,IE,quantile,0.65,1.8255119323730469
2026-08-26,ILI incidence,2026-09-06,3,IE,quantile,0.7,1.9313116073608398
2026-08-26,ILI incidence,2026-09-06,3,IE,quantile,0.75,2.084256172180176
2026-08-26,ILI incidence,2026-09-06,3,IE,quantile,0.8,2.2594594955444336
2026-08-26,ILI incidence,2026-09-06,3,IE,quantile,0.85,2.499561309814453
2026-08-26,ILI incidence,2026-09-06,3,IE,quantile,0.9,2.957716941833496
2026-08-26,ILI incidence,2026-09-06,3,IE,quantile,0.95,3.501858711242676
2026-08-26,ILI incidence,2026-09-06,3,IE,quantile,0.975,5.487998008728027
2026-08-26,ILI incidence,2026-09-06,3,IE,quantile,0.99,6.679678916931152
2026-08-26,ILI incidence,2026-09-13,4,IE,quantile,0.01,0.0
2026-08-26,ILI incidence,2026-09-13,4,IE,quantile,0.025,0.15687623620033264
2026-08-26,ILI incidence,2026-09-13,4,IE,quantile,0.05,0.6050071716308594
2026-08-26,ILI incidence,2026-09-13,4,IE,quantile,0.1,0.866180419921875
2026-08-26,ILI incidence,2026-09-13,4,IE,quantile,0.15,1.0723848342895508
2026-08-26,ILI incidence,2026-09-13,4,IE,quantile,0.2,1.1834135055541992
2026-08-26,ILI incidence,2026-09-13,4,IE,quantile,0.25,1.2798595428466797
2026-08-26,ILI incidence,2026-09-13,4,IE,quantile,0.3,1.3372774124145508
2026-08-26,ILI incidence,2026-09-13,4,IE,quantile,0.35,1.443324089050293
2026-08-26,ILI incidence,2026-09-13,4,IE,quantile,0.4,1.5607519149780273
2026-08-26,ILI incidence,2026-09-13,4,IE,quantile,0.45,1.6268386840820312
2026-08-26,ILI incidence,2026-09-13,4,IE,quantile,0.5,1.769627571105957
2026-08-26,ILI incidence,2026-09-13,4,IE,quantile,0.55,1.8555479049682617
2026-08-26,ILI incidence,2026-09-13,4,IE,quantile,0.6,2.0032196044921875
2026-08-26,ILI incidence,2026-09-13,4,IE,quantile,0.65,2.121288299560547
2026-08-26,ILI incidence,2026-09-13,4,IE,quantile,0.7,2.221245765686035
2026-08-26,ILI incidence,2026-09-13,4,IE,quantile,0.75,2.3875913619995117
2026-08-26,ILI incidence,2026-09-13,4,IE,quantile,0.8,2.5881032943725586
2026-08-26,ILI incidence,2026-09-13,4,IE,quantile,0.85,2.8776979446411133
2026-08-26,ILI incidence,2026-09-13,4,IE,quantile,0.9,3.3049306869506836
2026-08-26,ILI incidence,2026-09-13,4,IE,quantile,0.95,4.341255187988281
2026-08-26,ILI incidence,2026-09-13,4,IE,quantile,0.975,7.032227516174316
2026-08-26,ILI incidence,2026-09-13,4,IE,quantile,0.99,8.646807670593262
2026-08-26,ILI incidence,2026-08-23,1,IS,quantile,0.01,0.0
2026-08-26,ILI incidence,2026-08-23,1,IS,quantile,0.025,0.0
2026-08-26,ILI incidence,2026-08-23,1,IS,quantile,0.05,0.0
2026-08-26,ILI incidence,2026-08-23,1,IS,quantile,0.1,0.04401206970214844
2026-08-26,ILI incidence,2026-08-23,1,IS,quantile,0.15,0.11023235321044922
2026-08-26,ILI incidence,2026-08-23,1,IS,quantile,0.2,0.16745615005493164
2026-08-26,ILI incidence,2026-08-23,1,IS,quantile,0.25,0.21792316436767578
2026-08-26,ILI incidence,2026-08-23,1,IS,quantile,0.3,0.24103260040283203
2026-08-26,ILI incidence,2026-08-23,1,IS,quantile,0.35,0.26883363723754883
2026-08-26,ILI incidence,2026-08-23,1,IS,quantile,0.4,0.30834245681762695
2026-08-26,ILI incidence,2026-08-23,1,IS,quantile,0.45,0.3258180618286133
2026-08-26,ILI incidence,2026-08-23,1,IS,quantile,0.5,0.3703932762145996
2026-08-26,ILI incidence,2026-08-23,1,IS,quantile,0.55,0.3929867744445801
2026-08-26,ILI incidence,2026-08-23,1,IS,quantile,0.6,0.4143400192260742
2026-08-26,ILI incidence,2026-08-23,1,IS,quantile,0.65,0.47291994094848633
2026-08-26,ILI incidence,2026-08-23,1,IS,quantile,0.7,0.549443244934082
2026-08-26,ILI incidence,2026-08-23,1,IS,quantile,0.75,0.6061272621154785
2026-08-26,ILI incidence,2026-08-23,1,IS,quantile,0.8,0.6779899597167969
2026-08-26,ILI incidence,2026-08-23,1,IS,quantile,0.85,0.7745938301086426
2026-08-26,ILI incidence,2026-08-23,1,IS,quantile,0.9,0.9076926708221436
2026-08-26,ILI incidence,2026-08-23,1,IS,quantile,0.95,1.1337718963623047
2026-08-26,ILI incidence,2026-08-23,1,IS,quantile,0.975,1.7069270610809326
2026-08-26,ILI incidence,2026-08-23,1,IS,quantile,0.99,2.0508193969726562
2026-08-26,ILI incidence,2026-08-30,2,IS,quantile,0.01,0.0
2026-08-26,ILI incidence,2026-08-30,2,IS,quantile,0.025,0.0
2026-08-26,ILI incidence,2026-08-30,2,IS,quantile,0.05,0.0
2026-08-26,ILI incidence,2026-08-30,2,IS,quantile,0.1,0.051175594329833984
2026-08-26,ILI incidence,2026-08-30,2,IS,quantile,0.15,0.11690807342529297
2026-08-26,ILI incidence,2026-08-30,2,IS,quantile,0.2,0.17255735397338867
2026-08-26,ILI incidence,2026-08-30,2,IS,quantile,0.25,0.21683216094970703
2026-08-26,ILI incidence,2026-08-30,2,IS,quantile,0.3,0.2520895004272461
2026-08-26,ILI incidence,2026-08-30,2,IS,quantile,0.35,0.30608081817626953
2026-08-26,ILI incidence,2026-08-30,2,IS,quantile,0.4,0.336550235748291
2026-08-26,ILI incidence,2026-08-30,2,IS,quantile,0.45,0.3539896011352539
2026-08-26,ILI incidence,2026-08-30,2,IS,quantile,0.5,0.40119504928588867
2026-08-26,ILI incidence,2026-08-30,2,IS,quantile,0.55,0.4264698028564453
2026-08-26,ILI incidence,2026-08-30,2,IS,quantile,0.6,0.48355722427368164
2026-08-26,ILI incidence,2026-08-30,2,IS,quantile,0.65,0.5341677665710449
2026-08-26,ILI incidence,2026-08-30,2,IS,quantile,0.7,0.5619091987609863
2026-08-26,ILI incidence,2026-08-30,2,IS,quantile,0.75,0.6254372596740723
2026-08-26,ILI incidence,2026-08-30,2,IS,quantile,0.8,0.6919493675231934
2026-08-26,ILI incidence,2026-08-30,2,IS,quantile,0.85,0.8033983707427979
2026-08-26,ILI incidence,2026-08-30,2,IS,quantile,0.9,0.9552798271179199
2026-08-26,ILI incidence,2026-08-30,2,IS,quantile,0.95,1.2203388214111328
2026-08-26,ILI incidence,2026-08-30,2,IS,quantile,0.975,2.038116216659546
2026-08-26,ILI incidence,2026-08-30,2,IS,quantile,0.99,2.5287816524505615
2026-08-26,ILI incidence,2026-09-06,3,IS,quantile,0.01,0.0
2026-08-26,ILI incidence,2026-09-06,3,IS,quantile,0.025,0.0
2026-08-26,ILI incidence,2026-09-06,3,IS,quantile,0.05,0.0
2026-08-26,ILI incidence,2026-09-06,3,IS,quantile,0.1,0.03364753723144531
2026-08-26,ILI incidence,2026-09-06,3,IS,quantile,0.15,0.10131454467773438
2026-08-26,ILI incidence,2026-09-06,3,IS,quantile,0.2,0.15884685516357422
2026-08-26,ILI incidence,2026-09-06,3,IS,quantile,0.25,0.2077960968017578
2026-08-26,ILI incidence,2026-09-06,3,IS,quantile,0.3,0.2716183662414551
2026-08-26,ILI incidence,2026-09-06,3,IS,quantile,0.35,0.2907872200012207
2026-08-26,ILI incidence,2026-09-06,3,IS,quantile,0.4,0.3330960273742676
2026-08-26,ILI incidence,2026-09-06,3,IS,quantile,0.45,0.34657764434814453
2026-08-26,ILI incidence,2026-09-06,3,IS,quantile,0.5,0.3959522247314453
2026-08-26,ILI incidence,2026-09-06,3,IS,quantile,0.55,0.41978025436401367
2026-08-26,ILI incidence,2026-09-06,3,IS,quantile,0.6,0.4578418731689453
2026-08-26,ILI incidence,2026-09-06,3,IS,quantile,0.65,0.5015745162963867
2026-08-26,ILI incidence,2026-09-06,3,IS,quantile,0.7,0.5499053001403809
2026-08-26,ILI incidence,2026-09-06,3,IS,quantile,0.75,0.6190352439880371
2026-08-26,ILI incidence,2026-09-06,3,IS,quantile,0.8,0.6966915130615234
2026-08-26,ILI incidence,2026-09-06,3,IS,quantile,0.85,0.815464973449707
2026-08-26,ILI incidence,2026-09-06,3,IS,quantile,0.9,1.034874677658081
2026-08-26,ILI incidence,2026-09-06,3,IS,quantile,0.95,1.3134660720825195
2026-08-26,ILI incidence,2026-09-06,3,IS,quantile,0.975,2.346590995788574
2026-08-26,ILI incidence,2026-09-06,3,IS,quantile,0.99,2.9664645195007324
2026-08-26,ILI incidence,2026-09-13,4,IS,quantile,0.01,0.0
2026-08-26,ILI incidence,2026-09-13,4,IS,quantile,0.025,0.0
2026-08-26,ILI incidence,2026-09-13,4,IS,quantile,0.05,0.0
2026-08-26,ILI incidence,2026-09-13,4,IS,quantile,0.1,0.055391788482666016
2026-08-26,ILI incidence,2026-09-13,4,IS,quantile,0.15,0.1455979347229004
2026-08-26,ILI incidence,2026-09-13,4,IS,quantile,0.2,0.20229530334472656
2026-08-26,ILI incidence,2026-09-13,4,IS,quantile,0.25,0.2453022003173828
2026-08-26,ILI incidence,2026-09-13,4,IS,quantile,0.3,0.27618932723999023
2026-08-26,ILI incidence,2026-09-13,4,IS,quantile,0.35,0.31679821014404297
2026-08-26,ILI incidence,2026-09-13,4,IS,quantile,0.4,0.3616509437561035
2026-08-26,ILI incidence,2026-09-13,4,IS,quantile,0.45,0.38127613067626953
2026-08-26,ILI incidence,2026-09-13,4,IS,quantile,0.5,0.44458961486816406
2026-08-26,ILI incidence,2026-09-13,4,IS,quantile,0.55,0.4938478469848633
2026-08-26,ILI incidence,2026-09-13,4,IS,quantile,0.6,0.5572323799133301
2026-08-26,ILI incidence,2026-09-13,4,IS,quantile,0.65,0.6131014823913574
2026-08-26,ILI incidence,2026-09-13,4,IS,quantile,0.7,0.6572747230529785
2026-08-26,ILI incidence,2026-09-13,4,IS,quantile,0.75,0.7386393547058105
2026-08-26,ILI incidence,2026-09-13,4,IS,quantile,0.8,0.8262996673583984
2026-08-26,ILI incidence,2026-09-13,4,IS,quantile,0.85,0.9470374584197998
2026-08-26,ILI incidence,2026-09-13,4,IS,quantile,0.9,1.1350553035736084
2026-08-26,ILI incidence,2026-09-13,4,IS,quantile,0.95,1.5898668766021729
2026-08-26,ILI incidence,2026-09-13,4,IS,quantile,0.975,2.7608323097229004
2026-08-26,ILI incidence,2026-09-13,4,IS,quantile,0.99,3.4634101390838623
2026-08-26,ILI incidence,2026-08-23,1,LT,quantile,0.01,0.0
2026-08-26,ILI incidence,2026-08-23,1,LT,quantile,0.025,0.0
2026-08-26,ILI incidence,2026-08-23,1,LT,quantile,0.05,0.5299072265625
2026-08-26,ILI incidence,2026-08-23,1,LT,quantile,0.1,0.8180427551269531
2026-08-26,ILI incidence,2026-08-23,1,LT,quantile,0.15,1.0762710571289062
2026-08-26,ILI incidence,2026-08-23,1,LT,quantile,0.2,1.208984375
2026-08-26,ILI incidence,2026-08-23,1,LT,quantile,0.25,1.5770263671875
2026-08-26,ILI incidence,2026-08-23,1,LT,quantile,0.3,1.745880126953125
2026-08-26,ILI incidence,2026-08-23,1,LT,quantile,0.35,1.9377937316894531
2026-08-26,ILI incidence,2026-08-23,1,LT,quantile,0.4,2.1638641357421875
2026-08-26,ILI incidence,2026-08-23,1,LT,quantile,0.45,2.3044395446777344
2026-08-26,ILI incidence,2026-08-23,1,LT,quantile,0.5,2.461956024169922
2026-08-26,ILI incidence,2026-08-23,1,LT,quantile,0.55,2.5656394958496094
2026-08-26,ILI incidence,2026-08-23,1,LT,quantile,0.6,2.6102066040039062
2026-08-26,ILI incidence,2026-08-23,1,LT,quantile,0.65,2.9206275939941406
2026-08-26,ILI incidence,2026-08-23,1,LT,quantile,0.7,3.4517745971679688
2026-08-26,ILI incidence,2026-08-23,1,LT,quantile,0.75,3.7237701416015625
2026-08-26,ILI incidence,2026-08-23,1,LT,quantile,0.8,4.011646270751953
2026-08-26,ILI incidence,2026-08-23,1,LT,quantile,0.85,4.418201446533203
2026-08-26,ILI incidence,2026-08-23,1,LT,quantile,0.9,4.504425048828125
2026-08-26,ILI incidence,2026-08-23,1,LT,quantile,0.95,4.99246883392334
2026-08-26,ILI incidence,2026-08-23,1,LT,quantile,0.975,5.079029083251953
2026-08-26,ILI incidence,2026-08-23,1,LT,quantile,0.99,5.805877685546875
2026-08-26,ILI incidence,2026-08-30,2,LT,quantile,0.01,0.0
2026-08-26,ILI incidence,2026-08-30,2,LT,quantile,0.025,0.0
2026-08-26,ILI incidence,2026-08-30,2,LT,quantile,0.05,0.0
2026-08-26,ILI incidence,2026-08-30,2,LT,quantile,0.1,0.46208953857421875
2026-08-26,ILI incidence,2026-08-30,2,LT,quantile,0.15,0.6088829040527344
2026-08-26,ILI incidence,2026-08-30,2,LT,quantile,0.2,0.8488044738769531
2026-08-26,ILI incidence,2026-08-30,2,LT,quantile,0.25,0.880401611328125
2026-08-26,ILI incidence,2026-08-30,2,LT,quantile,0.3,1.1162490844726562
2026-08-26,ILI incidence,2026-08-30,2,LT,quantile,0.35,1.4158096313476562
2026-08-26,ILI incidence,2026-08-30,2,LT,quantile,0.4,1.6352386474609375
2026-08-26,ILI incidence,2026-08-30,2,LT,quantile,0.45,1.6459426879882812
2026-08-26,ILI incidence,2026-08-30,2,LT,quantile,0.5,1.8239784240722656
2026-08-26,ILI incidence,2026-08-30,2,LT,quantile,0.55,1.9113655090332031
2026-08-26,ILI incidence,2026-08-30,2,LT,quantile,0.6,2.267742156982422
2026-08-26,ILI incidence,2026-08-30,2,LT,quantile,0.65,2.5402069091796875
2026-08-26,ILI incidence,2026-08-30,2,LT,quantile,0.7,2.81695556640625
2026-08-26,ILI incidence,2026-08-30,2,LT,quantile,0.75,3.175731658935547
2026-08-26,ILI incidence,2026-08-30,2,LT,quantile,0.8,3.675609588623047
2026-08-26,ILI incidence,2026-08-30,2,LT,quantile,0.85,4.376018524169922
2026-08-26,ILI incidence,2026-08-30,2,LT,quantile,0.9,5.268367767333984
2026-08-26,ILI incidence,2026-08-30,2,LT,quantile,0.95,6.1004180908203125
2026-08-26,ILI incidence,2026-08-30,2,LT,quantile,0.975,7.3004608154296875
2026-08-26,ILI incidence,2026-08-30,2,LT,quantile,0.99,8.020484924316406
2026-08-26,ILI incidence,2026-09-06,3,LT,quantile,0.01,0.0
2026-08-26,ILI incidence,2026-09-06,3,LT,quantile,0.025,0.0
2026-08-26,ILI incidence,2026-09-06,3,LT,quantile,0.05,0.0
2026-08-26,ILI incidence,2026-09-06,3,LT,quantile,0.1,0.32617950439453125
2026-08-26,ILI incidence,2026-09-06,3,LT,quantile,0.15,0.6302223205566406
2026-08-26,ILI incidence,2026-09-06,3,LT,quantile,0.2,0.8947410583496094
2026-08-26,ILI incidence,2026-09-06,3,LT,quantile,0.25,1.0725250244140625
2026-08-26,ILI incidence,2026-09-06,3,LT,quantile,0.3,1.3479232788085938
2026-08-26,ILI incidence,2026-09-06,3,LT,quantile,0.35,1.422119140625
2026-08-26,ILI incidence,2026-09-06,3,LT,quantile,0.4,1.4664154052734375
2026-08-26,ILI incidence,2026-09-06,3,LT,quantile,0.45,1.5007247924804688
2026-08-26,ILI incidence,2026-09-06,3,LT,quantile,0.5,1.7288551330566406
2026-08-26,ILI incidence,2026-09-06,3,LT,quantile,0.55,1.7412948608398438
2026-08-26,ILI incidence,2026-09-06,3,LT,quantile,0.6,1.9142532348632812
2026-08-26,ILI incidence,2026-09-06,3,LT,quantile,0.65,2.18145751953125
2026-08-26,ILI incidence,2026-09-06,3,LT,quantile,0.7,2.3584442138671875
2026-08-26,ILI incidence,2026-09-06,3,LT,quantile,0.75,2.736888885498047
2026-08-26,ILI incidence,2026-09-06,3,LT,quantile,0.8,3.14630126953125
2026-08-26,ILI incidence,2026-09-06,3,LT,quantile,0.85,3.63909912109375
2026-08-26,ILI incidence,2026-09-06,3,LT,quantile,0.9,4.818885803222656
2026-08-26,ILI incidence,2026-09-06,3,LT,quantile,0.95,5.597118377685547
2026-08-26,ILI incidence,2026-09-06,3,LT,quantile,0.975,8.337757110595703
2026-08-26,ILI incidence,2026-09-06,3,LT,quantile,0.99,9.982135772705078
2026-08-26,ILI incidence,2026-09-13,4,LT,quantile,0.01,0.0
2026-08-26,ILI incidence,2026-09-13,4,LT,quantile,0.025,0.0
2026-08-26,ILI incidence,2026-09-13,4,LT,quantile,0.05,0.9429244995117188
2026-08-26,ILI incidence,2026-09-13,4,LT,quantile,0.1,1.1989059448242188
2026-08-26,ILI incidence,2026-09-13,4,LT,quantile,0.15,1.5767707824707031
2026-08-26,ILI incidence,2026-09-13,4,LT,quantile,0.2,1.6454925537109375
2026-08-26,ILI incidence,2026-09-13,4,LT,quantile,0.25,1.6668968200683594
2026-08-26,ILI incidence,2026-09-13,4,LT,quantile,0.3,1.7070274353027344
2026-08-26,ILI incidence,2026-09-13,4,LT,quantile,0.35,1.7234725952148438
2026-08-26,ILI incidence,2026-09-13,4,LT,quantile,0.4,1.8097648620605469
2026-08-26,ILI incidence,2026-09-13,4,LT,quantile,0.45,1.8231735229492188
2026-08-26,ILI incidence,2026-09-13,4,LT,quantile,0.5,2.0936241149902344
2026-08-26,ILI incidence,2026-09-13,4,LT,quantile,0.55,2.2040557861328125
2026-08-26,ILI incidence,2026-09-13,4,LT,quantile,0.6,2.4894180297851562
2026-08-26,ILI incidence,2026-09-13,4,LT,quantile,0.65,2.6618576049804688
2026-08-26,ILI incidence,2026-09-13,4,LT,quantile,0.7,2.9165878295898438
2026-08-26,ILI incidence,2026-09-13,4,LT,quantile,0.75,3.219970703125
2026-08-26,ILI incidence,2026-09-13,4,LT,quantile,0.8,3.8411178588867188
2026-08-26,ILI incidence,2026-09-13,4,LT,quantile,0.85,4.517204284667969
2026-08-26,ILI incidence,2026-09-13,4,LT,quantile,0.9,5.138710021972656
2026-08-26,ILI incidence,2026-09-13,4,LT,quantile,0.95,7.166172027587891
2026-08-26,ILI incidence,2026-09-13,4,LT,quantile,0.975,11.919475555419922
2026-08-26,ILI incidence,2026-09-13,4,LT,quantile,0.99,14.77145004272461
2026-08-26,ILI incidence,2026-08-23,1,LU,quantile,0.01,0.0
2026-08-26,ILI incidence,2026-08-23,1,LU,quantile,0.025,0.0
2026-08-26,ILI incidence,2026-08-23,1,LU,quantile,0.05,0.0
2026-08-26,ILI incidence,2026-08-23,1,LU,quantile,0.1,0.0
2026-08-26,ILI incidence,2026-08-23,1,LU,quantile,0.15,0.0
2026-08-26,ILI incidence,2026-08-23,1,LU,quantile,0.2,79.52783203125
2026-08-26,ILI incidence,2026-08-23,1,LU,quantile,0.25,148.70166015625
2026-08-26,ILI incidence,2026-08-23,1,LU,quantile,0.3,200.513916015625
2026-08-26,ILI incidence,2026-08-23,1,LU,quantile,0.35,260.90380859375
2026-08-26,ILI incidence,2026-08-23,1,LU,quantile,0.4,317.57568359375
2026-08-26,ILI incidence,2026-08-23,1,LU,quantile,0.45,369.7412109375
2026-08-26,ILI incidence,2026-08-23,1,LU,quantile,0.5,439.08544921875
2026-08-26,ILI incidence,2026-08-23,1,LU,quantile,0.55,479.785400390625
2026-08-26,ILI incidence,2026-08-23,1,LU,quantile,0.6,533.376708984375
2026-08-26,ILI incidence,2026-08-23,1,LU,quantile,0.65,609.3876953125
2026-08-26,ILI incidence,2026-08-23,1,LU,quantile,0.7,699.6943359375
2026-08-26,ILI incidence,2026-08-23,1,LU,quantile,0.75,776.09423828125
2026-08-26,ILI incidence,2026-08-23,1,LU,quantile,0.8,882.60986328125
2026-08-26,ILI incidence,2026-08-23,1,LU,quantile,0.85,1032.6220703125
2026-08-26,ILI incidence,2026-08-23,1,LU,quantile,0.9,1244.6171875
2026-08-26,ILI incidence,2026-08-23,1,LU,quantile,0.95,1655.9404296875
2026-08-26,ILI incidence,2026-08-23,1,LU,quantile,0.975,2465.291748046875
2026-08-26,ILI incidence,2026-08-23,1,LU,quantile,0.99,2950.9013671875
2026-08-26,ILI incidence,2026-08-30,2,LU,quantile,0.01,0.0
2026-08-26,ILI incidence,2026-08-30,2,LU,quantile,0.025,0.0
2026-08-26,ILI incidence,2026-08-30,2,LU,quantile,0.05,0.0
2026-08-26,ILI incidence,2026-08-30,2,LU,quantile,0.1,0.0
2026-08-26,ILI incidence,2026-08-30,2,LU,quantile,0.15,12.3828125
2026-08-26,ILI incidence,2026-08-30,2,LU,quantile,0.2,93.70263671875
2026-08-26,ILI incidence,2026-08-30,2,LU,quantile,0.25,163.57373046875
2026-08-26,ILI incidence,2026-08-30,2,LU,quantile,0.3,227.387451171875
2026-08-26,ILI incidence,2026-08-30,2,LU,quantile,0.35,301.923095703125
2026-08-26,ILI incidence,2026-08-30,2,LU,quantile,0.4,361.797119140625
2026-08-26,ILI incidence,2026-08-30,2,LU,quantile,0.45,414.827392578125
2026-08-26,ILI incidence,2026-08-30,2,LU,quantile,0.5,501.755615234375
2026-08-26,ILI incidence,2026-08-30,2,LU,quantile,0.55,556.39306640625
2026-08-26,ILI incidence,2026-08-30,2,LU,quantile,0.6,650.898681640625
2026-08-26,ILI incidence,2026-08-30,2,LU,quantile,0.65,735.69482421875
2026-08-26,ILI incidence,2026-08-30,2,LU,quantile,0.7,819.10302734375
2026-08-26,ILI incidence,2026-08-30,2,LU,quantile,0.75,931.38720703125
2026-08-26,ILI incidence,2026-08-30,2,LU,quantile,0.8,1056.313232421875
2026-08-26,ILI incidence,2026-08-30,2,LU,quantile,0.85,1246.987060546875
2026-08-26,ILI incidence,2026-08-30,2,LU,quantile,0.9,1517.2578125
2026-08-26,ILI incidence,2026-08-30,2,LU,quantile,0.95,1973.64501953125
2026-08-26,ILI incidence,2026-08-30,2,LU,quantile,0.975,2894.541259765625
2026-08-26,ILI incidence,2026-08-30,2,LU,quantile,0.99,3447.07763671875
2026-08-26,ILI incidence,2026-09-06,3,LU,quantile,0.01,0.0
2026-08-26,ILI incidence,2026-09-06,3,LU,quantile,0.025,0.0
2026-08-26,ILI incidence,2026-09-06,3,LU,quantile,0.05,0.0
2026-08-26,ILI incidence,2026-09-06,3,LU,quantile,0.1,0.0
2026-08-26,ILI incidence,2026-09-06,3,LU,quantile,0.15,44.86376953125
2026-08-26,ILI incidence,2026-09-06,3,LU,quantile,0.2,139.37841796875
2026-08-26,ILI incidence,2026-09-06,3,LU,quantile,0.25,221.631591796875
2026-08-26,ILI incidence,2026-09-06,3,LU,quantile,0.3,303.13623046875
2026-08-26,ILI incidence,2026-09-06,3,LU,quantile,0.35,374.64013671875
2026-08-26,ILI incidence,2026-09-06,3,LU,quantile,0.4,452.848388671875
2026-08-26,ILI incidence,2026-09-06,3,LU,quantile,0.45,516.143798828125
2026-08-26,ILI incidence,2026-09-06,3,LU,quantile,0.5,600.777587890625
2026-08-26,ILI incidence,2026-09-06,3,LU,quantile,0.55,665.355712890625
2026-08-26,ILI incidence,2026-09-06,3,LU,quantile,0.6,751.091796875
2026-08-26,ILI incidence,2026-09-06,3,LU,quantile,0.65,837.718505859375
2026-08-26,ILI incidence,2026-09-06,3,LU,quantile,0.7,938.287109375
2026-08-26,ILI incidence,2026-09-06,3,LU,quantile,0.75,1066.76953125
2026-08-26,ILI incidence,2026-09-06,3,LU,quantile,0.8,1226.99365234375
2026-08-26,ILI incidence,2026-09-06,3,LU,quantile,0.85,1444.149658203125
2026-08-26,ILI incidence,2026-09-06,3,LU,quantile,0.9,1784.176025390625
2026-08-26,ILI incidence,2026-09-06,3,LU,quantile,0.95,2308.531982421875
2026-08-26,ILI incidence,2026-09-06,3,LU,quantile,0.975,3330.284423828125
2026-08-26,ILI incidence,2026-09-06,3,LU,quantile,0.99,3943.33447265625
2026-08-26,ILI incidence,2026-09-13,4,LU,quantile,0.01,0.0
2026-08-26,ILI incidence,2026-09-13,4,LU,quantile,0.025,0.0
2026-08-26,ILI incidence,2026-09-13,4,LU,quantile,0.05,0.0
2026-08-26,ILI incidence,2026-09-13,4,LU,quantile,0.1,0.0
2026-08-26,ILI incidence,2026-09-13,4,LU,quantile,0.15,90.53466796875
2026-08-26,ILI incidence,2026-09-13,4,LU,quantile,0.2,189.664306640625
2026-08-26,ILI incidence,2026-09-13,4,LU,quantile,0.25,269.6044921875
2026-08-26,ILI incidence,2026-09-13,4,LU,quantile,0.3,343.94921875
2026-08-26,ILI incidence,2026-09-13,4,LU,quantile,0.35,420.27734375
2026-08-26,ILI incidence,2026-09-13,4,LU,quantile,0.4,507.27001953125
2026-08-26,ILI incidence,2026-09-13,4,LU,quantile,0.45,577.027099609375
2026-08-26,ILI incidence,2026-09-13,4,LU,quantile,0.5,669.21044921875
2026-08-26,ILI incidence,2026-09-13,4,LU,quantile,0.55,747.67431640625
2026-08-26,ILI incidence,2026-09-13,4,LU,quantile,0.6,851.73193359375
2026-08-26,ILI incidence,2026-09-13,4,LU,quantile,0.65,965.898681640625
2026-08-26,ILI incidence,2026-09-13,4,LU,quantile,0.7,1088.369873046875
2026-08-26,ILI incidence,2026-09-13,4,LU,quantile,0.75,1249.787109375
2026-08-26,ILI incidence,2026-09-13,4,LU,quantile,0.8,1439.15087890625
2026-08-26,ILI incidence,2026-09-13,4,LU,quantile,0.85,1691.9365234375
2026-08-26,ILI incidence,2026-09-13,4,LU,quantile,0.9,2039.24951171875
2026-08-26,ILI incidence,2026-09-13,4,LU,quantile,0.95,2674.583251953125
2026-08-26,ILI incidence,2026-09-13,4,LU,quantile,0.975,3792.043212890625
2026-08-26,ILI incidence,2026-09-13,4,LU,quantile,0.99,4462.517578125
2026-08-26,ILI incidence,2026-08-23,1,MT,quantile,0.01,1316.78515625
2026-08-26,ILI incidence,2026-08-23,1,MT,quantile,0.025,1703.515380859375
2026-08-26,ILI incidence,2026-08-23,1,MT,quantile,0.05,2348.065673828125
2026-08-26,ILI incidence,2026-08-23,1,MT,quantile,0.1,2814.981201171875
2026-08-26,ILI incidence,2026-08-23,1,MT,quantile,0.15,3114.654052734375
2026-08-26,ILI incidence,2026-08-23,1,MT,quantile,0.2,3347.108642578125
2026-08-26,ILI incidence,2026-08-23,1,MT,quantile,0.25,3537.791015625
2026-08-26,ILI incidence,2026-08-23,1,MT,quantile,0.3,3704.6826171875
2026-08-26,ILI incidence,2026-08-23,1,MT,quantile,0.35,3870.441650390625
2026-08-26,ILI incidence,2026-08-23,1,MT,quantile,0.4,4027.2548828125
2026-08-26,ILI incidence,2026-08-23,1,MT,quantile,0.45,4177.19287109375
2026-08-26,ILI incidence,2026-08-23,1,MT,quantile,0.5,4339.888671875
2026-08-26,ILI incidence,2026-08-23,1,MT,quantile,0.55,4505.1982421875
2026-08-26,ILI incidence,2026-08-23,1,MT,quantile,0.6,4679.3974609375
2026-08-26,ILI incidence,2026-08-23,1,MT,quantile,0.65,4873.8330078125
2026-08-26,ILI incidence,2026-08-23,1,MT,quantile,0.7,5096.52587890625
2026-08-26,ILI incidence,2026-08-23,1,MT,quantile,0.75,5352.54736328125
2026-08-26,ILI incidence,2026-08-23,1,MT,quantile,0.8,5660.9619140625
2026-08-26,ILI incidence,2026-08-23,1,MT,quantile,0.85,6042.11572265625
2026-08-26,ILI incidence,2026-08-23,1,MT,quantile,0.9,6523.7509765625
2026-08-26,ILI incidence,2026-08-23,1,MT,quantile,0.95,7318.0302734375
2026-08-26,ILI incidence,2026-08-23,1,MT,quantile,0.975,8502.3818359375
2026-08-26,ILI incidence,2026-08-23,1,MT,quantile,0.99,9212.9912109375
2026-08-26,ILI incidence,2026-08-30,2,MT,quantile,0.01,1200.56103515625
2026-08-26,ILI incidence,2026-08-30,2,MT,quantile,0.025,1622.847900390625
2026-08-26,ILI incidence,2026-08-30,2,MT,quantile,0.05,2326.659423828125
2026-08-26,ILI incidence,2026-08-30,2,MT,quantile,0.1,2790.07373046875
2026-08-26,ILI incidence,2026-08-30,2,MT,quantile,0.15,3116.44140625
2026-08-26,ILI incidence,2026-08-30,2,MT,quantile,0.2,3370.77880859375
2026-08-26,ILI incidence,2026-08-30,2,MT,quantile,0.25,3595.0634765625
2026-08-26,ILI incidence,2026-08-30,2,MT,quantile,0.3,3791.90234375
2026-08-26,ILI incidence,2026-08-30,2,MT,quantile,0.35,3985.62841796875
2026-08-26,ILI incidence,2026-08-30,2,MT,quantile,0.4,4171.5068359375
2026-08-26,ILI incidence,2026-08-30,2,MT,quantile,0.45,4356.13671875
2026-08-26,ILI incidence,2026-08-30,2,MT,quantile,0.5,4539.56103515625
2026-08-26,ILI incidence,2026-08-30,2,MT,quantile,0.55,4738.53076171875
2026-08-26,ILI incidence,2026-08-30,2,MT,quantile,0.6,4944.23388671875
2026-08-26,ILI incidence,2026-08-30,2,MT,quantile,0.65,5156.033203125
2026-08-26,ILI incidence,2026-08-30,2,MT,quantile,0.7,5395.58984375
2026-08-26,ILI incidence,2026-08-30,2,MT,quantile,0.75,5674.984375
2026-08-26,ILI incidence,2026-08-30,2,MT,quantile,0.8,6004.16943359375
2026-08-26,ILI incidence,2026-08-30,2,MT,quantile,0.85,6427.2626953125
2026-08-26,ILI incidence,2026-08-30,2,MT,quantile,0.9,6989.06591796875
2026-08-26,ILI incidence,2026-08-30,2,MT,quantile,0.95,7961.2119140625
2026-08-26,ILI incidence,2026-08-30,2,MT,quantile,0.975,9563.4638671875
2026-08-26,ILI incidence,2026-08-30,2,MT,quantile,0.99,10524.8134765625
2026-08-26,ILI incidence,2026-09-06,3,MT,quantile,0.01,1039.828125
2026-08-26,ILI incidence,2026-09-06,3,MT,quantile,0.025,1513.48779296875
2026-08-26,ILI incidence,2026-09-06,3,MT,quantile,0.05,2302.92041015625
2026-08-26,ILI incidence,2026-09-06,3,MT,quantile,0.1,2842.307373046875
2026-08-26,ILI incidence,2026-09-06,3,MT,quantile,0.15,3162.202880859375
2026-08-26,ILI incidence,2026-09-06,3,MT,quantile,0.2,3446.453857421875
2026-08-26,ILI incidence,2026-09-06,3,MT,quantile,0.25,3686.79150390625
2026-08-26,ILI incidence,2026-09-06,3,MT,quantile,0.3,3907.79345703125
2026-08-26,ILI incidence,2026-09-06,3,MT,quantile,0.35,4107.9228515625
2026-08-26,ILI incidence,2026-09-06,3,MT,quantile,0.4,4300.49267578125
2026-08-26,ILI incidence,2026-09-06,3,MT,quantile,0.45,4484.74462890625
2026-08-26,ILI incidence,2026-09-06,3,MT,quantile,0.5,4689.65673828125
2026-08-26,ILI incidence,2026-09-06,3,MT,quantile,0.55,4900.72900390625
2026-08-26,ILI incidence,2026-09-06,3,MT,quantile,0.6,5113.8154296875
2026-08-26,ILI incidence,2026-09-06,3,MT,quantile,0.65,5334.86669921875
2026-08-26,ILI incidence,2026-09-06,3,MT,quantile,0.7,5601.04736328125
2026-08-26,ILI incidence,2026-09-06,3,MT,quantile,0.75,5905.6943359375
2026-08-26,ILI incidence,2026-09-06,3,MT,quantile,0.8,6262.28662109375
2026-08-26,ILI incidence,2026-09-06,3,MT,quantile,0.85,6726.42578125
2026-08-26,ILI incidence,2026-09-06,3,MT,quantile,0.9,7351.8125
2026-08-26,ILI incidence,2026-09-06,3,MT,quantile,0.95,8426.34765625
2026-08-26,ILI incidence,2026-09-06,3,MT,quantile,0.975,10307.58203125
2026-08-26,ILI incidence,2026-09-06,3,MT,quantile,0.99,11436.3203125
2026-08-26,ILI incidence,2026-09-13,4,MT,quantile,0.01,1115.9130859375
2026-08-26,ILI incidence,2026-09-13,4,MT,quantile,0.025,1567.1475830078125
2026-08-26,ILI incidence,2026-09-13,4,MT,quantile,0.05,2319.205078125
2026-08-26,ILI incidence,2026-09-13,4,MT,quantile,0.1,2860.530029296875
2026-08-26,ILI incidence,2026-09-13,4,MT,quantile,0.15,3202.25732421875
2026-08-26,ILI incidence,2026-09-13,4,MT,quantile,0.2,3482.8388671875
2026-08-26,ILI incidence,2026-09-13,4,MT,quantile,0.25,3718.42822265625
2026-08-26,ILI incidence,2026-09-13,4,MT,quantile,0.3,3957.299072265625
2026-08-26,ILI incidence,2026-09-13,4,MT,quantile,0.35,4158.13037109375
2026-08-26,ILI incidence,2026-09-13,4,MT,quantile,0.4,4366.7666015625
2026-08-26,ILI incidence,2026-09-13,4,MT,quantile,0.45,4550.14794921875
2026-08-26,ILI incidence,2026-09-13,4,MT,quantile,0.5,4767.4189453125
2026-08-26,ILI incidence,2026-09-13,4,MT,quantile,0.55,4993.4912109375
2026-08-26,ILI incidence,2026-09-13,4,MT,quantile,0.6,5223.255859375
2026-08-26,ILI incidence,2026-09-13,4,MT,quantile,0.65,5468.5283203125
2026-08-26,ILI incidence,2026-09-13,4,MT,quantile,0.7,5748.33935546875
2026-08-26,ILI incidence,2026-09-13,4,MT,quantile,0.75,6079.494140625
2026-08-26,ILI incidence,2026-09-13,4,MT,quantile,0.8,6457.1728515625
2026-08-26,ILI incidence,2026-09-13,4,MT,quantile,0.85,6945.94140625
2026-08-26,ILI incidence,2026-09-13,4,MT,quantile,0.9,7617.42529296875
2026-08-26,ILI incidence,2026-09-13,4,MT,quantile,0.95,8887.134765625
2026-08-26,ILI incidence,2026-09-13,4,MT,quantile,0.975,11035.521484375
2026-08-26,ILI incidence,2026-09-13,4,MT,quantile,0.99,12324.5498046875
2026-08-26,ILI incidence,2026-08-23,1,NO,quantile,0.01,6.3205413818359375
2026-08-26,ILI incidence,2026-08-23,1,NO,quantile,0.025,6.987016677856445
2026-08-26,ILI incidence,2026-08-23,1,NO,quantile,0.05,8.097808837890625
2026-08-26,ILI incidence,2026-08-23,1,NO,quantile,0.1,8.666645050048828
2026-08-26,ILI incidence,2026-08-23,1,NO,quantile,0.15,9.081731796264648
2026-08-26,ILI incidence,2026-08-23,1,NO,quantile,0.2,9.397451400756836
2026-08-26,ILI incidence,2026-08-23,1,NO,quantile,0.25,9.69095230102539
2026-08-26,ILI incidence,2026-08-23,1,NO,quantile,0.3,9.825420379638672
2026-08-26,ILI incidence,2026-08-23,1,NO,quantile,0.35,10.033639907836914
2026-08-26,ILI incidence,2026-08-23,1,NO,quantile,0.4,10.264537811279297
2026-08-26,ILI incidence,2026-08-23,1,NO,quantile,0.45,10.381948471069336
2026-08-26,ILI incidence,2026-08-23,1,NO,quantile,0.5,10.673421859741211
2026-08-26,ILI incidence,2026-08-23,1,NO,quantile,0.55,10.74464225769043
2026-08-26,ILI incidence,2026-08-23,1,NO,quantile,0.6,10.841426849365234
2026-08-26,ILI incidence,2026-08-23,1,NO,quantile,0.65,11.168638229370117
2026-08-26,ILI incidence,2026-08-23,1,NO,quantile,0.7,11.59915542602539
2026-08-26,ILI incidence,2026-08-23,1,NO,quantile,0.75,11.846166610717773
2026-08-26,ILI incidence,2026-08-23,1,NO,quantile,0.8,12.176721572875977
2026-08-26,ILI incidence,2026-08-23,1,NO,quantile,0.85,12.557056427001953
2026-08-26,ILI incidence,2026-08-23,1,NO,quantile,0.9,13.087303161621094
2026-08-26,ILI incidence,2026-08-23,1,NO,quantile,0.95,13.523996353149414
2026-08-26,ILI incidence,2026-08-23,1,NO,quantile,0.975,13.964856147766113
2026-08-26,ILI incidence,2026-08-23,1,NO,quantile,0.99,14.229372024536133
2026-08-26,ILI incidence,2026-08-30,2,NO,quantile,0.01,6.771278381347656
2026-08-26,ILI incidence,2026-08-30,2,NO,quantile,0.025,7.444087982177734
2026-08-26,ILI incidence,2026-08-30,2,NO,quantile,0.05,8.565437316894531
2026-08-26,ILI incidence,2026-08-30,2,NO,quantile,0.1,9.331192016601562
2026-08-26,ILI incidence,2026-08-30,2,NO,quantile,0.15,9.745597839355469
2026-08-26,ILI incidence,2026-08-30,2,NO,quantile,0.2,10.134832382202148
2026-08-26,ILI incidence,2026-08-30,2,NO,quantile,0.25,10.399194717407227
2026-08-26,ILI incidence,2026-08-30,2,NO,quantile,0.3,10.596403121948242
2026-08-26,ILI incidence,2026-08-30,2,NO,quantile,0.35,10.936901092529297
2026-08-26,ILI incidence,2026-08-30,2,NO,quantile,0.4,11.15717887878418
2026-08-26,ILI incidence,2026-08-30,2,NO,quantile,0.45,11.227149963378906
2026-08-26,ILI incidence,2026-08-30,2,NO,quantile,0.5,11.567428588867188
2026-08-26,ILI incidence,2026-08-30,2,NO,quantile,0.55,11.654472351074219
2026-08-26,ILI incidence,2026-08-30,2,NO,quantile,0.6,12.001953125
2026-08-26,ILI incidence,2026-08-30,2,NO,quantile,0.65,12.290878295898438
2026-08-26,ILI incidence,2026-08-30,2,NO,quantile,0.7,12.491106033325195
2026-08-26,ILI incidence,2026-08-30,2,NO,quantile,0.75,12.854021072387695
2026-08-26,ILI incidence,2026-08-30,2,NO,quantile,0.8,13.242488861083984
2026-08-26,ILI incidence,2026-08-30,2,NO,quantile,0.85,13.90894889831543
2026-08-26,ILI incidence,2026-08-30,2,NO,quantile,0.9,14.758125305175781
2026-08-26,ILI incidence,2026-08-30,2,NO,quantile,0.95,15.803016662597656
2026-08-26,ILI incidence,2026-08-30,2,NO,quantile,0.975,18.400400161743164
2026-08-26,ILI incidence,2026-08-30,2,NO,quantile,0.99,19.95882797241211
2026-08-26,ILI incidence,2026-09-06,3,NO,quantile,0.01,7.157405853271484
2026-08-26,ILI incidence,2026-09-06,3,NO,quantile,0.025,7.919924259185791
2026-08-26,ILI incidence,2026-09-06,3,NO,quantile,0.05,9.190788269042969
2026-08-26,ILI incidence,2026-09-06,3,NO,quantile,0.1,10.053813934326172
2026-08-26,ILI incidence,2026-09-06,3,NO,quantile,0.15,10.516120910644531
2026-08-26,ILI incidence,2026-09-06,3,NO,quantile,0.2,10.889972686767578
2026-08-26,ILI incidence,2026-09-06,3,NO,quantile,0.25,11.208663940429688
2026-08-26,ILI incidence,2026-09-06,3,NO,quantile,0.3,11.5869140625
2026-08-26,ILI incidence,2026-09-06,3,NO,quantile,0.35,11.798370361328125
2026-08-26,ILI incidence,2026-09-06,3,NO,quantile,0.4,12.101150512695312
2026-08-26,ILI incidence,2026-09-06,3,NO,quantile,0.45,12.221900939941406
2026-08-26,ILI incidence,2026-09-06,3,NO,quantile,0.5,12.56753158569336
2026-08-26,ILI incidence,2026-09-06,3,NO,quantile,0.55,12.68809700012207
2026-08-26,ILI incidence,2026-09-06,3,NO,quantile,0.6,12.972343444824219
2026-08-26,ILI incidence,2026-09-06,3,NO,quantile,0.65,13.257543563842773
2026-08-26,ILI incidence,2026-09-06,3,NO,quantile,0.7,13.538223266601562
2026-08-26,ILI incidence,2026-09-06,3,NO,quantile,0.75,13.945161819458008
2026-08-26,ILI incidence,2026-09-06,3,NO,quantile,0.8,14.445758819580078
2026-08-26,ILI incidence,2026-09-06,3,NO,quantile,0.85,15.102832794189453
2026-08-26,ILI incidence,2026-09-06,3,NO,quantile,0.9,16.352190017700195
2026-08-26,ILI incidence,2026-09-06,3,NO,quantile,0.95,17.658315658569336
2026-08-26,ILI incidence,2026-09-06,3,NO,quantile,0.975,21.418087005615234
2026-08-26,ILI incidence,2026-09-06,3,NO,quantile,0.99,23.6739444732666
2026-08-26,ILI incidence,2026-09-13,4,NO,quantile,0.01,7.356380462646484
2026-08-26,ILI incidence,2026-09-13,4,NO,quantile,0.025,8.183738708496094
2026-08-26,ILI incidence,2026-09-13,4,NO,quantile,0.05,9.562667846679688
2026-08-26,ILI incidence,2026-09-13,4,NO,quantile,0.1,10.406274795532227
2026-08-26,ILI incidence,2026-09-13,4,NO,quantile,0.15,10.951311111450195
2026-08-26,ILI incidence,2026-09-13,4,NO,quantile,0.2,11.27006721496582
2026-08-26,ILI incidence,2026-09-13,4,NO,quantile,0.25,11.519729614257812
2026-08-26,ILI incidence,2026-09-13,4,NO,quantile,0.3,11.708114624023438
2026-08-26,ILI incidence,2026-09-13,4,NO,quantile,0.35,11.982902526855469
2026-08-26,ILI incidence,2026-09-13,4,NO,quantile,0.4,12.301298141479492
2026-08-26,ILI incidence,2026-09-13,4,NO,quantile,0.45,12.48077392578125
2026-08-26,ILI incidence,2026-09-13,4,NO,quantile,0.5,12.904731750488281
2026-08-26,ILI incidence,2026-09-13,4,NO,quantile,0.55,13.139839172363281
2026-08-26,ILI incidence,2026-09-13,4,NO,quantile,0.6,13.502716064453125
2026-08-26,ILI incidence,2026-09-13,4,NO,quantile,0.65,13.910057067871094
2026-08-26,ILI incidence,2026-09-13,4,NO,quantile,0.7,14.286188125610352
2026-08-26,ILI incidence,2026-09-13,4,NO,quantile,0.75,14.820585250854492
2026-08-26,ILI incidence,2026-09-13,4,NO,quantile,0.8,15.441476821899414
2026-08-26,ILI incidence,2026-09-13,4,NO,quantile,0.85,16.24968147277832
2026-08-26,ILI incidence,2026-09-13,4,NO,quantile,0.9,17.350690841674805
2026-08-26,ILI incidence,2026-09-13,4,NO,quantile,0.95,19.561254501342773
2026-08-26,ILI incidence,2026-09-13,4,NO,quantile,0.975,24.183334350585938
2026-08-26,ILI incidence,2026-09-13,4,NO,quantile,0.99,26.95657730102539
2026-08-26,ILI incidence,2026-08-23,1,SI,quantile,0.01,0.0
2026-08-26,ILI incidence,2026-08-23,1,SI,quantile,0.025,0.0
2026-08-26,ILI incidence,2026-08-23,1,SI,quantile,0.05,0.0
2026-08-26,ILI incidence,2026-08-23,1,SI,quantile,0.1,0.0
2026-08-26,ILI incidence,2026-08-23,1,SI,quantile,0.15,0.0
2026-08-26,ILI incidence,2026-08-23,1,SI,quantile,0.2,0.0
2026-08-26,ILI incidence,2026-08-23,1,SI,quantile,0.25,0.0
2026-08-26,ILI incidence,2026-08-23,1,SI,quantile,0.3,0.018075942993164062
2026-08-26,ILI incidence,2026-08-23,1,SI,quantile,0.35,0.0791168212890625
2026-08-26,ILI incidence,2026-08-23,1,SI,quantile,0.4,0.2011566162109375
2026-08-26,ILI incidence,2026-08-23,1,SI,quantile,0.45,0.23091888427734375
2026-08-26,ILI incidence,2026-08-23,1,SI,quantile,0.5,0.32816505432128906
2026-08-26,ILI incidence,2026-08-23,1,SI,quantile,0.55,0.36916542053222656
2026-08-26,ILI incidence,2026-08-23,1,SI,quantile,0.6,0.4419097900390625
2026-08-26,ILI incidence,2026-08-23,1,SI,quantile,0.65,0.6078891754150391
2026-08-26,ILI incidence,2026-08-23,1,SI,quantile,0.7,0.9116859436035156
2026-08-26,ILI incidence,2026-08-23,1,SI,quantile,0.75,1.2009239196777344
2026-08-26,ILI incidence,2026-08-23,1,SI,quantile,0.8,1.4835166931152344
2026-08-26,ILI incidence,2026-08-23,1,SI,quantile,0.85,1.708627700805664
2026-08-26,ILI incidence,2026-08-23,1,SI,quantile,0.9,2.2569198608398438
2026-08-26,ILI incidence,2026-08-23,1,SI,quantile,0.95,2.785808563232422
2026-08-26,ILI incidence,2026-08-23,1,SI,quantile,0.975,6.273630142211914
2026-08-26,ILI incidence,2026-08-23,1,SI,quantile,0.99,8.366317749023438
2026-08-26,ILI incidence,2026-08-30,2,SI,quantile,0.01,0.0
2026-08-26,ILI incidence,2026-08-30,2,SI,quantile,0.025,0.0
2026-08-26,ILI incidence,2026-08-30,2,SI,quantile,0.05,0.0
2026-08-26,ILI incidence,2026-08-30,2,SI,quantile,0.1,0.0
2026-08-26,ILI incidence,2026-08-30,2,SI,quantile,0.15,0.0
2026-08-26,ILI incidence,2026-08-30,2,SI,quantile,0.2,0.0
2026-08-26,ILI incidence,2026-08-30,2,SI,quantile,0.25,0.0
2026-08-26,ILI incidence,2026-08-30,2,SI,quantile,0.3,0.0
2026-08-26,ILI incidence,2026-08-30,2,SI,quantile,0.35,0.0
2026-08-26,ILI incidence,2026-08-30,2,SI,quantile,0.4,0.0
2026-08-26,ILI incidence,2026-08-30,2,SI,quantile,0.45,0.00434112548828125
2026-08-26,ILI incidence,2026-08-30,2,SI,quantile,0.5,0.05884361267089844
2026-08-26,ILI incidence,2026-08-30,2,SI,quantile,0.55,0.2131977081298828
2026-08-26,ILI incidence,2026-08-30,2,SI,quantile,0.6,0.25398826599121094
2026-08-26,ILI incidence,2026-08-30,2,SI,quantile,0.65,0.4147815704345703
2026-08-26,ILI incidence,2026-08-30,2,SI,quantile,0.7,0.6460094451904297
2026-08-26,ILI incidence,2026-08-30,2,SI,quantile,0.75,0.8744144439697266
2026-08-26,ILI incidence,2026-08-30,2,SI,quantile,0.8,1.157388687133789
2026-08-26,ILI incidence,2026-08-30,2,SI,quantile,0.85,1.6234512329101562
2026-08-26,ILI incidence,2026-08-30,2,SI,quantile,0.9,2.1734771728515625
2026-08-26,ILI incidence,2026-08-30,2,SI,quantile,0.95,2.852506637573242
2026-08-26,ILI incidence,2026-08-30,2,SI,quantile,0.975,7.969400405883789
2026-08-26,ILI incidence,2026-08-30,2,SI,quantile,0.99,11.039529800415039
2026-08-26,ILI incidence,2026-09-06,3,SI,quantile,0.01,0.0
2026-08-26,ILI incidence,2026-09-06,3,SI,quantile,0.025,0.0
2026-08-26,ILI incidence,2026-09-06,3,SI,quantile,0.05,0.0
2026-08-26,ILI incidence,2026-09-06,3,SI,quantile,0.1,0.0
2026-08-26,ILI incidence,2026-09-06,3,SI,quantile,0.15,0.0
2026-08-26,ILI incidence,2026-09-06,3,SI,quantile,0.2,0.0
2026-08-26,ILI incidence,2026-09-06,3,SI,quantile,0.25,0.0
2026-08-26,ILI incidence,2026-09-06,3,SI,quantile,0.3,0.0
2026-08-26,ILI incidence,2026-09-06,3,SI,quantile,0.35,0.03143310546875
2026-08-26,ILI incidence,2026-09-06,3,SI,quantile,0.4,0.05797767639160156
2026-08-26,ILI incidence,2026-09-06,3,SI,quantile,0.45,0.12367057800292969
2026-08-26,ILI incidence,2026-09-06,3,SI,quantile,0.5,0.17691612243652344
2026-08-26,ILI incidence,2026-09-06,3,SI,quantile,0.55,0.2875022888183594
2026-08-26,ILI incidence,2026-09-06,3,SI,quantile,0.6,0.32579803466796875
2026-08-26,ILI incidence,2026-09-06,3,SI,quantile,0.65,0.47580528259277344
2026-08-26,ILI incidence,2026-09-06,3,SI,quantile,0.7,0.6602535247802734
2026-08-26,ILI incidence,2026-09-06,3,SI,quantile,0.75,0.8956279754638672
2026-08-26,ILI incidence,2026-09-06,3,SI,quantile,0.8,1.169424057006836
2026-08-26,ILI incidence,2026-09-06,3,SI,quantile,0.85,1.4224891662597656
2026-08-26,ILI incidence,2026-09-06,3,SI,quantile,0.9,2.1838321685791016
2026-08-26,ILI incidence,2026-09-06,3,SI,quantile,0.95,2.9149951934814453
2026-08-26,ILI incidence,2026-09-06,3,SI,quantile,0.975,9.149653434753418
2026-08-26,ILI incidence,2026-09-06,3,SI,quantile,0.99,12.890439987182617
2026-08-26,ILI incidence,2026-09-13,4,SI,quantile,0.01,0.0
2026-08-26,ILI incidence,2026-09-13,4,SI,quantile,0.025,0.0
2026-08-26,ILI incidence,2026-09-13,4,SI,quantile,0.05,0.0
2026-08-26,ILI incidence,2026-09-13,4,SI,quantile,0.1,0.018598556518554688
2026-08-26,ILI incidence,2026-09-13,4,SI,quantile,0.15,0.2508525848388672
2026-08-26,ILI incidence,2026-09-13,4,SI,quantile,0.2,0.2591133117675781
2026-08-26,ILI incidence,2026-09-13,4,SI,quantile,0.25,0.29531097412109375
2026-08-26,ILI incidence,2026-09-13,4,SI,quantile,0.3,0.30634498596191406
2026-08-26,ILI incidence,2026-09-13,4,SI,quantile,0.35,0.3314800262451172
2026-08-26,ILI incidence,2026-09-13,4,SI,quantile,0.4,0.40641212463378906
2026-08-26,ILI incidence,2026-09-13,4,SI,quantile,0.45,0.41400909423828125
2026-08-26,ILI incidence,2026-09-13,4,SI,quantile,0.5,0.41553688049316406
2026-08-26,ILI incidence,2026-09-13,4,SI,quantile,0.55,0.5605678558349609
2026-08-26,ILI incidence,2026-09-13,4,SI,quantile,0.6,0.6917972564697266
2026-08-26,ILI incidence,2026-09-13,4,SI,quantile,0.65,0.7857799530029297
2026-08-26,ILI incidence,2026-09-13,4,SI,quantile,0.7,0.9252147674560547
2026-08-26,ILI incidence,2026-09-13,4,SI,quantile,0.75,1.0919456481933594
2026-08-26,ILI incidence,2026-09-13,4,SI,quantile,0.8,1.5376720428466797
2026-08-26,ILI incidence,2026-09-13,4,SI,quantile,0.85,2.010915756225586
2026-08-26,ILI incidence,2026-09-13,4,SI,quantile,0.9,2.5741539001464844
2026-08-26,ILI incidence,2026-09-13,4,SI,quantile,0.95,4.234357833862305
2026-08-26,ILI incidence,2026-09-13,4,SI,quantile,0.975,12.066873550415039
2026-08-26,ILI incidence,2026-09-13,4,SI,quantile,0.99,16.766372680664062
