origin_date,target,horizon,target_end_date,location,output_type,output_type_id,value
2026-09-16,ILI incidence,1,2026-09-13,BE,quantile,0.010,0.0
2026-09-16,ILI incidence,1,2026-09-13,BE,quantile,0.025,0.0
2026-09-16,ILI incidence,1,2026-09-13,BE,quantile,0.050,0.0
2026-09-16,ILI incidence,1,2026-09-13,BE,quantile,0.100,0.0
2026-09-16,ILI incidence,1,2026-09-13,BE,quantile,0.150,0.0
2026-09-16,ILI incidence,1,2026-09-13,BE,quantile,0.200,6.600000000000001
2026-09-16,ILI incidence,1,2026-09-13,BE,quantile,0.250,18.174999999999997
2026-09-16,ILI incidence,1,2026-09-13,BE,quantile,0.300,24.500000000000014
2026-09-16,ILI incidence,1,2026-09-13,BE,quantile,0.350,29.700000000000003
2026-09-16,ILI incidence,1,2026-09-13,BE,quantile,0.400,35.300000000000004
2026-09-16,ILI incidence,1,2026-09-13,BE,quantile,0.450,41.7
2026-09-16,ILI incidence,1,2026-09-13,BE,quantile,0.500,48.2
2026-09-16,ILI incidence,1,2026-09-13,BE,quantile,0.550,52.60000000000004
2026-09-16,ILI incidence,1,2026-09-13,BE,quantile,0.600,60.900000000000006
2026-09-16,ILI incidence,1,2026-09-13,BE,quantile,0.650,66.80000000000001
2026-09-16,ILI incidence,1,2026-09-13,BE,quantile,0.700,72.6
2026-09-16,ILI incidence,1,2026-09-13,BE,quantile,0.750,79.10000000000001
2026-09-16,ILI incidence,1,2026-09-13,BE,quantile,0.800,90.09999999999998
2026-09-16,ILI incidence,1,2026-09-13,BE,quantile,0.850,107.60000000000001
2026-09-16,ILI incidence,1,2026-09-13,BE,quantile,0.900,132.3
2026-09-16,ILI incidence,1,2026-09-13,BE,quantile,0.950,184.2
2026-09-16,ILI incidence,1,2026-09-13,BE,quantile,0.975,313.0
2026-09-16,ILI incidence,1,2026-09-13,BE,quantile,0.990,428.09999999999997
2026-09-16,ILI incidence,1,2026-09-13,BE,median,,48.2
2026-09-16,ILI incidence,2,2026-09-20,BE,quantile,0.010,0.0
2026-09-16,ILI incidence,2,2026-09-20,BE,quantile,0.025,0.0
2026-09-16,ILI incidence,2,2026-09-20,BE,quantile,0.050,0.0
2026-09-16,ILI incidence,2,2026-09-20,BE,quantile,0.100,0.0
2026-09-16,ILI incidence,2,2026-09-20,BE,quantile,0.150,0.0
2026-09-16,ILI incidence,2,2026-09-20,BE,quantile,0.200,0.0
2026-09-16,ILI incidence,2,2026-09-20,BE,quantile,0.250,0.0
2026-09-16,ILI incidence,2,2026-09-20,BE,quantile,0.300,6.769999999999978
2026-09-16,ILI incidence,2,2026-09-20,BE,quantile,0.350,19.06499999999995
2026-09-16,ILI incidence,2,2026-09-20,BE,quantile,0.400,29.400000000000038
2026-09-16,ILI incidence,2,2026-09-20,BE,quantile,0.450,40.100000000000016
2026-09-16,ILI incidence,2,2026-09-20,BE,quantile,0.500,48.900000000000006
2026-09-16,ILI incidence,2,2026-09-20,BE,quantile,0.550,59.30000000000002
2026-09-16,ILI incidence,2,2026-09-20,BE,quantile,0.600,70.13999999999997
2026-09-16,ILI incidence,2,2026-09-20,BE,quantile,0.650,81.0
2026-09-16,ILI incidence,2,2026-09-20,BE,quantile,0.700,91.89999999999999
2026-09-16,ILI incidence,2,2026-09-20,BE,quantile,0.750,106.125
2026-09-16,ILI incidence,2,2026-09-20,BE,quantile,0.800,125.12000000000008
2026-09-16,ILI incidence,2,2026-09-20,BE,quantile,0.850,151.59999999999997
2026-09-16,ILI incidence,2,2026-09-20,BE,quantile,0.900,196.5
2026-09-16,ILI incidence,2,2026-09-20,BE,quantile,0.950,302.164999999999
2026-09-16,ILI incidence,2,2026-09-20,BE,quantile,0.975,403.3999999999999
2026-09-16,ILI incidence,2,2026-09-20,BE,quantile,0.990,506.50700000000006
2026-09-16,ILI incidence,2,2026-09-20,BE,median,,48.900000000000006
2026-09-16,ILI incidence,3,2026-09-27,BE,quantile,0.010,0.0
2026-09-16,ILI incidence,3,2026-09-27,BE,quantile,0.025,0.0
2026-09-16,ILI incidence,3,2026-09-27,BE,quantile,0.050,0.0
2026-09-16,ILI incidence,3,2026-09-27,BE,quantile,0.100,0.0
2026-09-16,ILI incidence,3,2026-09-27,BE,quantile,0.150,0.0
2026-09-16,ILI incidence,3,2026-09-27,BE,quantile,0.200,0.0
2026-09-16,ILI incidence,3,2026-09-27,BE,quantile,0.250,0.0
2026-09-16,ILI incidence,3,2026-09-27,BE,quantile,0.300,0.0
2026-09-16,ILI incidence,3,2026-09-27,BE,quantile,0.350,7.864999999999965
2026-09-16,ILI incidence,3,2026-09-27,BE,quantile,0.400,23.400000000000006
2026-09-16,ILI incidence,3,2026-09-27,BE,quantile,0.450,36.900000000000006
2026-09-16,ILI incidence,3,2026-09-27,BE,quantile,0.500,50.900000000000006
2026-09-16,ILI incidence,3,2026-09-27,BE,quantile,0.550,64.54500000000007
2026-09-16,ILI incidence,3,2026-09-27,BE,quantile,0.600,79.27999999999996
2026-09-16,ILI incidence,3,2026-09-27,BE,quantile,0.650,94.93500000000004
2026-09-16,ILI incidence,3,2026-09-27,BE,quantile,0.700,111.1
2026-09-16,ILI incidence,3,2026-09-27,BE,quantile,0.750,132.425
2026-09-16,ILI incidence,3,2026-09-27,BE,quantile,0.800,159.29999999999998
2026-09-16,ILI incidence,3,2026-09-27,BE,quantile,0.850,196.61499999999998
2026-09-16,ILI incidence,3,2026-09-27,BE,quantile,0.900,256.34000000000015
2026-09-16,ILI incidence,3,2026-09-27,BE,quantile,0.950,361.20499999999987
2026-09-16,ILI incidence,3,2026-09-27,BE,quantile,0.975,467.5099999999998
2026-09-16,ILI incidence,3,2026-09-27,BE,quantile,0.990,584.8050000000001
2026-09-16,ILI incidence,3,2026-09-27,BE,median,,50.900000000000006
2026-09-16,ILI incidence,4,2026-10-04,BE,quantile,0.010,0.0
2026-09-16,ILI incidence,4,2026-10-04,BE,quantile,0.025,0.0
2026-09-16,ILI incidence,4,2026-10-04,BE,quantile,0.050,0.0
2026-09-16,ILI incidence,4,2026-10-04,BE,quantile,0.100,0.0
2026-09-16,ILI incidence,4,2026-10-04,BE,quantile,0.150,0.0
2026-09-16,ILI incidence,4,2026-10-04,BE,quantile,0.200,0.0
2026-09-16,ILI incidence,4,2026-10-04,BE,quantile,0.250,0.0
2026-09-16,ILI incidence,4,2026-10-04,BE,quantile,0.300,0.0
2026-09-16,ILI incidence,4,2026-10-04,BE,quantile,0.350,0.0
2026-09-16,ILI incidence,4,2026-10-04,BE,quantile,0.400,16.860000000000003
2026-09-16,ILI incidence,4,2026-10-04,BE,quantile,0.450,34.59999999999999
2026-09-16,ILI incidence,4,2026-10-04,BE,quantile,0.500,51.400000000000006
2026-09-16,ILI incidence,4,2026-10-04,BE,quantile,0.550,68.70000000000002
2026-09-16,ILI incidence,4,2026-10-04,BE,quantile,0.600,85.8
2026-09-16,ILI incidence,4,2026-10-04,BE,quantile,0.650,105.0
2026-09-16,ILI incidence,4,2026-10-04,BE,quantile,0.700,127.92999999999992
2026-09-16,ILI incidence,4,2026-10-04,BE,quantile,0.750,153.7
2026-09-16,ILI incidence,4,2026-10-04,BE,quantile,0.800,185.7
2026-09-16,ILI incidence,4,2026-10-04,BE,quantile,0.850,230.0
2026-09-16,ILI incidence,4,2026-10-04,BE,quantile,0.900,296.0200000000001
2026-09-16,ILI incidence,4,2026-10-04,BE,quantile,0.950,409.6149999999997
2026-09-16,ILI incidence,4,2026-10-04,BE,quantile,0.975,522.2174999999996
2026-09-16,ILI incidence,4,2026-10-04,BE,quantile,0.990,633.3009999999999
2026-09-16,ILI incidence,4,2026-10-04,BE,median,,51.400000000000006
2026-09-16,ILI incidence,1,2026-09-13,HR,quantile,0.010,0.0
2026-09-16,ILI incidence,1,2026-09-13,HR,quantile,0.025,0.0
2026-09-16,ILI incidence,1,2026-09-13,HR,quantile,0.050,0.0
2026-09-16,ILI incidence,1,2026-09-13,HR,quantile,0.100,0.0
2026-09-16,ILI incidence,1,2026-09-13,HR,quantile,0.150,0.0
2026-09-16,ILI incidence,1,2026-09-13,HR,quantile,0.200,0.0
2026-09-16,ILI incidence,1,2026-09-13,HR,quantile,0.250,0.0
2026-09-16,ILI incidence,1,2026-09-13,HR,quantile,0.300,0.0
2026-09-16,ILI incidence,1,2026-09-13,HR,quantile,0.350,0.1999999999999999
2026-09-16,ILI incidence,1,2026-09-13,HR,quantile,0.400,0.30000000000000004
2026-09-16,ILI incidence,1,2026-09-13,HR,quantile,0.450,0.4
2026-09-16,ILI incidence,1,2026-09-13,HR,quantile,0.500,0.5
2026-09-16,ILI incidence,1,2026-09-13,HR,quantile,0.550,0.6
2026-09-16,ILI incidence,1,2026-09-13,HR,quantile,0.600,0.7
2026-09-16,ILI incidence,1,2026-09-13,HR,quantile,0.650,0.9
2026-09-16,ILI incidence,1,2026-09-13,HR,quantile,0.700,1.5000000000000002
2026-09-16,ILI incidence,1,2026-09-13,HR,quantile,0.750,3.199999999999998
2026-09-16,ILI incidence,1,2026-09-13,HR,quantile,0.800,6.6
2026-09-16,ILI incidence,1,2026-09-13,HR,quantile,0.850,11.314999999999964
2026-09-16,ILI incidence,1,2026-09-13,HR,quantile,0.900,22.60000000000001
2026-09-16,ILI incidence,1,2026-09-13,HR,quantile,0.950,39.9
2026-09-16,ILI incidence,1,2026-09-13,HR,quantile,0.975,77.79999999999998
2026-09-16,ILI incidence,1,2026-09-13,HR,quantile,0.990,97.69999999999999
2026-09-16,ILI incidence,1,2026-09-13,HR,median,,0.5
2026-09-16,ILI incidence,2,2026-09-20,HR,quantile,0.010,0.0
2026-09-16,ILI incidence,2,2026-09-20,HR,quantile,0.025,0.0
2026-09-16,ILI incidence,2,2026-09-20,HR,quantile,0.050,0.0
2026-09-16,ILI incidence,2,2026-09-20,HR,quantile,0.100,0.0
2026-09-16,ILI incidence,2,2026-09-20,HR,quantile,0.150,0.0
2026-09-16,ILI incidence,2,2026-09-20,HR,quantile,0.200,0.0
2026-09-16,ILI incidence,2,2026-09-20,HR,quantile,0.250,0.0
2026-09-16,ILI incidence,2,2026-09-20,HR,quantile,0.300,0.0
2026-09-16,ILI incidence,2,2026-09-20,HR,quantile,0.350,0.0
2026-09-16,ILI incidence,2,2026-09-20,HR,quantile,0.400,0.0
2026-09-16,ILI incidence,2,2026-09-20,HR,quantile,0.450,0.30000000000000004
2026-09-16,ILI incidence,2,2026-09-20,HR,quantile,0.500,0.5
2026-09-16,ILI incidence,2,2026-09-20,HR,quantile,0.550,0.7
2026-09-16,ILI incidence,2,2026-09-20,HR,quantile,0.600,1.0000000000000004
2026-09-16,ILI incidence,2,2026-09-20,HR,quantile,0.650,1.9
2026-09-16,ILI incidence,2,2026-09-20,HR,quantile,0.700,3.9000000000000004
2026-09-16,ILI incidence,2,2026-09-20,HR,quantile,0.750,7.5
2026-09-16,ILI incidence,2,2026-09-20,HR,quantile,0.800,11.600000000000014
2026-09-16,ILI incidence,2,2026-09-20,HR,quantile,0.850,19.599999999999998
2026-09-16,ILI incidence,2,2026-09-20,HR,quantile,0.900,31.020000000000067
2026-09-16,ILI incidence,2,2026-09-20,HR,quantile,0.950,54.20000000000001
2026-09-16,ILI incidence,2,2026-09-20,HR,quantile,0.975,83.20249999999996
2026-09-16,ILI incidence,2,2026-09-20,HR,quantile,0.990,116.30100000000003
2026-09-16,ILI incidence,2,2026-09-20,HR,median,,0.5
2026-09-16,ILI incidence,3,2026-09-27,HR,quantile,0.010,0.0
2026-09-16,ILI incidence,3,2026-09-27,HR,quantile,0.025,0.0
2026-09-16,ILI incidence,3,2026-09-27,HR,quantile,0.050,0.0
2026-09-16,ILI incidence,3,2026-09-27,HR,quantile,0.100,0.0
2026-09-16,ILI incidence,3,2026-09-27,HR,quantile,0.150,0.0
2026-09-16,ILI incidence,3,2026-09-27,HR,quantile,0.200,0.0
2026-09-16,ILI incidence,3,2026-09-27,HR,quantile,0.250,0.0
2026-09-16,ILI incidence,3,2026-09-27,HR,quantile,0.300,0.0
2026-09-16,ILI incidence,3,2026-09-27,HR,quantile,0.350,0.0
2026-09-16,ILI incidence,3,2026-09-27,HR,quantile,0.400,0.0
2026-09-16,ILI incidence,3,2026-09-27,HR,quantile,0.450,0.10000000000000003
2026-09-16,ILI incidence,3,2026-09-27,HR,quantile,0.500,0.5
2026-09-16,ILI incidence,3,2026-09-27,HR,quantile,0.550,0.9
2026-09-16,ILI incidence,3,2026-09-27,HR,quantile,0.600,1.8000000000000003
2026-09-16,ILI incidence,3,2026-09-27,HR,quantile,0.650,3.8000000000000003
2026-09-16,ILI incidence,3,2026-09-27,HR,quantile,0.700,7.200000000000005
2026-09-16,ILI incidence,3,2026-09-27,HR,quantile,0.750,11.300000000000004
2026-09-16,ILI incidence,3,2026-09-27,HR,quantile,0.800,18.000000000000004
2026-09-16,ILI incidence,3,2026-09-27,HR,quantile,0.850,26.4
2026-09-16,ILI incidence,3,2026-09-27,HR,quantile,0.900,39.0
2026-09-16,ILI incidence,3,2026-09-27,HR,quantile,0.950,74.19999999999999
2026-09-16,ILI incidence,3,2026-09-27,HR,quantile,0.975,97.3
2026-09-16,ILI incidence,3,2026-09-27,HR,quantile,0.990,133.60900000000018
2026-09-16,ILI incidence,3,2026-09-27,HR,median,,0.5
2026-09-16,ILI incidence,4,2026-10-04,HR,quantile,0.010,0.0
2026-09-16,ILI incidence,4,2026-10-04,HR,quantile,0.025,0.0
2026-09-16,ILI incidence,4,2026-10-04,HR,quantile,0.050,0.0
2026-09-16,ILI incidence,4,2026-10-04,HR,quantile,0.100,0.0
2026-09-16,ILI incidence,4,2026-10-04,HR,quantile,0.150,0.0
2026-09-16,ILI incidence,4,2026-10-04,HR,quantile,0.200,0.0
2026-09-16,ILI incidence,4,2026-10-04,HR,quantile,0.250,0.0
2026-09-16,ILI incidence,4,2026-10-04,HR,quantile,0.300,0.0
2026-09-16,ILI incidence,4,2026-10-04,HR,quantile,0.350,0.0
2026-09-16,ILI incidence,4,2026-10-04,HR,quantile,0.400,0.0
2026-09-16,ILI incidence,4,2026-10-04,HR,quantile,0.450,0.0
2026-09-16,ILI incidence,4,2026-10-04,HR,quantile,0.500,0.5
2026-09-16,ILI incidence,4,2026-10-04,HR,quantile,0.550,1.2000000000000002
2026-09-16,ILI incidence,4,2026-10-04,HR,quantile,0.600,2.8000000000000007
2026-09-16,ILI incidence,4,2026-10-04,HR,quantile,0.650,5.6999999999999975
2026-09-16,ILI incidence,4,2026-10-04,HR,quantile,0.700,9.6
2026-09-16,ILI incidence,4,2026-10-04,HR,quantile,0.750,14.799999999999997
2026-09-16,ILI incidence,4,2026-10-04,HR,quantile,0.800,22.400000000000013
2026-09-16,ILI incidence,4,2026-10-04,HR,quantile,0.850,32.114999999999974
2026-09-16,ILI incidence,4,2026-10-04,HR,quantile,0.900,45.51000000000004
2026-09-16,ILI incidence,4,2026-10-04,HR,quantile,0.950,78.49999999999997
2026-09-16,ILI incidence,4,2026-10-04,HR,quantile,0.975,102.79999999999998
2026-09-16,ILI incidence,4,2026-10-04,HR,quantile,0.990,138.99999999999997
2026-09-16,ILI incidence,4,2026-10-04,HR,median,,0.5
2026-09-16,ILI incidence,1,2026-09-13,CZ,quantile,0.010,0.0
2026-09-16,ILI incidence,1,2026-09-13,CZ,quantile,0.025,0.0
2026-09-16,ILI incidence,1,2026-09-13,CZ,quantile,0.050,0.0
2026-09-16,ILI incidence,1,2026-09-13,CZ,quantile,0.100,0.0
2026-09-16,ILI incidence,1,2026-09-13,CZ,quantile,0.150,0.0
2026-09-16,ILI incidence,1,2026-09-13,CZ,quantile,0.200,1.299999999999999
2026-09-16,ILI incidence,1,2026-09-13,CZ,quantile,0.250,2.0999999999999996
2026-09-16,ILI incidence,1,2026-09-13,CZ,quantile,0.300,3.0999999999999996
2026-09-16,ILI incidence,1,2026-09-13,CZ,quantile,0.350,3.799999999999999
2026-09-16,ILI incidence,1,2026-09-13,CZ,quantile,0.400,4.299999999999999
2026-09-16,ILI incidence,1,2026-09-13,CZ,quantile,0.450,4.6
2026-09-16,ILI incidence,1,2026-09-13,CZ,quantile,0.500,5.0
2026-09-16,ILI incidence,1,2026-09-13,CZ,quantile,0.550,5.5
2026-09-16,ILI incidence,1,2026-09-13,CZ,quantile,0.600,5.799999999999999
2026-09-16,ILI incidence,1,2026-09-13,CZ,quantile,0.650,6.2
2026-09-16,ILI incidence,1,2026-09-13,CZ,quantile,0.700,6.999999999999998
2026-09-16,ILI incidence,1,2026-09-13,CZ,quantile,0.750,7.999999999999998
2026-09-16,ILI incidence,1,2026-09-13,CZ,quantile,0.800,8.6
2026-09-16,ILI incidence,1,2026-09-13,CZ,quantile,0.850,10.4
2026-09-16,ILI incidence,1,2026-09-13,CZ,quantile,0.900,16.099999999999994
2026-09-16,ILI incidence,1,2026-09-13,CZ,quantile,0.950,34.5
2026-09-16,ILI incidence,1,2026-09-13,CZ,quantile,0.975,45.49999999999999
2026-09-16,ILI incidence,1,2026-09-13,CZ,quantile,0.990,53.899999999999984
2026-09-16,ILI incidence,1,2026-09-13,CZ,median,,5.0
2026-09-16,ILI incidence,2,2026-09-20,CZ,quantile,0.010,0.0
2026-09-16,ILI incidence,2,2026-09-20,CZ,quantile,0.025,0.0
2026-09-16,ILI incidence,2,2026-09-20,CZ,quantile,0.050,0.0
2026-09-16,ILI incidence,2,2026-09-20,CZ,quantile,0.100,0.0
2026-09-16,ILI incidence,2,2026-09-20,CZ,quantile,0.150,0.0
2026-09-16,ILI incidence,2,2026-09-20,CZ,quantile,0.200,0.0
2026-09-16,ILI incidence,2,2026-09-20,CZ,quantile,0.250,0.0
2026-09-16,ILI incidence,2,2026-09-20,CZ,quantile,0.300,0.7000000000000011
2026-09-16,ILI incidence,2,2026-09-20,CZ,quantile,0.350,2.0999999999999996
2026-09-16,ILI incidence,2,2026-09-20,CZ,quantile,0.400,3.1000000000000014
2026-09-16,ILI incidence,2,2026-09-20,CZ,quantile,0.450,4.100000000000001
2026-09-16,ILI incidence,2,2026-09-20,CZ,quantile,0.500,5.000000000000001
2026-09-16,ILI incidence,2,2026-09-20,CZ,quantile,0.550,5.899999999999999
2026-09-16,ILI incidence,2,2026-09-20,CZ,quantile,0.600,6.799999999999999
2026-09-16,ILI incidence,2,2026-09-20,CZ,quantile,0.650,7.899999999999999
2026-09-16,ILI incidence,2,2026-09-20,CZ,quantile,0.700,9.199999999999998
2026-09-16,ILI incidence,2,2026-09-20,CZ,quantile,0.750,10.899999999999999
2026-09-16,ILI incidence,2,2026-09-20,CZ,quantile,0.800,14.199999999999998
2026-09-16,ILI incidence,2,2026-09-20,CZ,quantile,0.850,18.6
2026-09-16,ILI incidence,2,2026-09-20,CZ,quantile,0.900,29.500000000000007
2026-09-16,ILI incidence,2,2026-09-20,CZ,quantile,0.950,43.70999999999986
2026-09-16,ILI incidence,2,2026-09-20,CZ,quantile,0.975,54.00249999999996
2026-09-16,ILI incidence,2,2026-09-20,CZ,quantile,0.990,68.70200000000004
2026-09-16,ILI incidence,2,2026-09-20,CZ,median,,5.000000000000001
2026-09-16,ILI incidence,3,2026-09-27,CZ,quantile,0.010,0.0
2026-09-16,ILI incidence,3,2026-09-27,CZ,quantile,0.025,0.0
2026-09-16,ILI incidence,3,2026-09-27,CZ,quantile,0.050,0.0
2026-09-16,ILI incidence,3,2026-09-27,CZ,quantile,0.100,0.0
2026-09-16,ILI incidence,3,2026-09-27,CZ,quantile,0.150,0.0
2026-09-16,ILI incidence,3,2026-09-27,CZ,quantile,0.200,0.0
2026-09-16,ILI incidence,3,2026-09-27,CZ,quantile,0.250,0.0
2026-09-16,ILI incidence,3,2026-09-27,CZ,quantile,0.300,0.0
2026-09-16,ILI incidence,3,2026-09-27,CZ,quantile,0.350,0.40000000000000036
2026-09-16,ILI incidence,3,2026-09-27,CZ,quantile,0.400,2.1999999999999975
2026-09-16,ILI incidence,3,2026-09-27,CZ,quantile,0.450,3.5999999999999996
2026-09-16,ILI incidence,3,2026-09-27,CZ,quantile,0.500,5.000000000000001
2026-09-16,ILI incidence,3,2026-09-27,CZ,quantile,0.550,6.399999999999999
2026-09-16,ILI incidence,3,2026-09-27,CZ,quantile,0.600,8.099999999999998
2026-09-16,ILI incidence,3,2026-09-27,CZ,quantile,0.650,9.8
2026-09-16,ILI incidence,3,2026-09-27,CZ,quantile,0.700,12.10000000000001
2026-09-16,ILI incidence,3,2026-09-27,CZ,quantile,0.750,15.099999999999998
2026-09-16,ILI incidence,3,2026-09-27,CZ,quantile,0.800,19.699999999999996
2026-09-16,ILI incidence,3,2026-09-27,CZ,quantile,0.850,27.300000000000004
2026-09-16,ILI incidence,3,2026-09-27,CZ,quantile,0.900,37.5
2026-09-16,ILI incidence,3,2026-09-27,CZ,quantile,0.950,51.00000000000001
2026-09-16,ILI incidence,3,2026-09-27,CZ,quantile,0.975,63.60249999999994
2026-09-16,ILI incidence,3,2026-09-27,CZ,quantile,0.990,76.20100000000002
2026-09-16,ILI incidence,3,2026-09-27,CZ,median,,5.000000000000001
2026-09-16,ILI incidence,4,2026-10-04,CZ,quantile,0.010,0.0
2026-09-16,ILI incidence,4,2026-10-04,CZ,quantile,0.025,0.0
2026-09-16,ILI incidence,4,2026-10-04,CZ,quantile,0.050,0.0
2026-09-16,ILI incidence,4,2026-10-04,CZ,quantile,0.100,0.0
2026-09-16,ILI incidence,4,2026-10-04,CZ,quantile,0.150,0.0
2026-09-16,ILI incidence,4,2026-10-04,CZ,quantile,0.200,0.0
2026-09-16,ILI incidence,4,2026-10-04,CZ,quantile,0.250,0.0
2026-09-16,ILI incidence,4,2026-10-04,CZ,quantile,0.300,0.0
2026-09-16,ILI incidence,4,2026-10-04,CZ,quantile,0.350,0.0
2026-09-16,ILI incidence,4,2026-10-04,CZ,quantile,0.400,0.9000000000000021
2026-09-16,ILI incidence,4,2026-10-04,CZ,quantile,0.450,3.0
2026-09-16,ILI incidence,4,2026-10-04,CZ,quantile,0.500,4.899999999999999
2026-09-16,ILI incidence,4,2026-10-04,CZ,quantile,0.550,6.9
2026-09-16,ILI incidence,4,2026-10-04,CZ,quantile,0.600,9.039999999999964
2026-09-16,ILI incidence,4,2026-10-04,CZ,quantile,0.650,11.500000000000002
2026-09-16,ILI incidence,4,2026-10-04,CZ,quantile,0.700,14.400000000000004
2026-09-16,ILI incidence,4,2026-10-04,CZ,quantile,0.750,18.425000000000004
2026-09-16,ILI incidence,4,2026-10-04,CZ,quantile,0.800,24.39999999999999
2026-09-16,ILI incidence,4,2026-10-04,CZ,quantile,0.850,32.5
2026-09-16,ILI incidence,4,2026-10-04,CZ,quantile,0.900,42.899999999999984
2026-09-16,ILI incidence,4,2026-10-04,CZ,quantile,0.950,57.29999999999998
2026-09-16,ILI incidence,4,2026-10-04,CZ,quantile,0.975,70.19999999999997
2026-09-16,ILI incidence,4,2026-10-04,CZ,quantile,0.990,83.00100000000003
2026-09-16,ILI incidence,4,2026-10-04,CZ,median,,4.899999999999999
2026-09-16,ILI incidence,1,2026-09-13,DK,quantile,0.010,6.300000000000011
2026-09-16,ILI incidence,1,2026-09-13,DK,quantile,0.025,21.999999999999986
2026-09-16,ILI incidence,1,2026-09-13,DK,quantile,0.050,41.42000000000007
2026-09-16,ILI incidence,1,2026-09-13,DK,quantile,0.100,53.8
2026-09-16,ILI incidence,1,2026-09-13,DK,quantile,0.150,57.2
2026-09-16,ILI incidence,1,2026-09-13,DK,quantile,0.200,64.1
2026-09-16,ILI incidence,1,2026-09-13,DK,quantile,0.250,68.70000000000002
2026-09-16,ILI incidence,1,2026-09-13,DK,quantile,0.300,71.8
2026-09-16,ILI incidence,1,2026-09-13,DK,quantile,0.350,75.69999999999999
2026-09-16,ILI incidence,1,2026-09-13,DK,quantile,0.400,79.0
2026-09-16,ILI incidence,1,2026-09-13,DK,quantile,0.450,82.4
2026-09-16,ILI incidence,1,2026-09-13,DK,quantile,0.500,86.49999999999999
2026-09-16,ILI incidence,1,2026-09-13,DK,quantile,0.550,89.99999999999999
2026-09-16,ILI incidence,1,2026-09-13,DK,quantile,0.600,93.8
2026-09-16,ILI incidence,1,2026-09-13,DK,quantile,0.650,96.69999999999999
2026-09-16,ILI incidence,1,2026-09-13,DK,quantile,0.700,100.39999999999999
2026-09-16,ILI incidence,1,2026-09-13,DK,quantile,0.750,103.49999999999997
2026-09-16,ILI incidence,1,2026-09-13,DK,quantile,0.800,108.3
2026-09-16,ILI incidence,1,2026-09-13,DK,quantile,0.850,115.29999999999998
2026-09-16,ILI incidence,1,2026-09-13,DK,quantile,0.900,118.8
2026-09-16,ILI incidence,1,2026-09-13,DK,quantile,0.950,132.3
2026-09-16,ILI incidence,1,2026-09-13,DK,quantile,0.975,154.6
2026-09-16,ILI incidence,1,2026-09-13,DK,quantile,0.990,165.89999999999998
2026-09-16,ILI incidence,1,2026-09-13,DK,median,,86.49999999999999
2026-09-16,ILI incidence,2,2026-09-20,DK,quantile,0.010,0.0
2026-09-16,ILI incidence,2,2026-09-20,DK,quantile,0.025,0.6999999999999886
2026-09-16,ILI incidence,2,2026-09-20,DK,quantile,0.050,17.394999999999996
2026-09-16,ILI incidence,2,2026-09-20,DK,quantile,0.100,35.2
2026-09-16,ILI incidence,2,2026-09-20,DK,quantile,0.150,45.50000000000002
2026-09-16,ILI incidence,2,2026-09-20,DK,quantile,0.200,53.900000000000006
2026-09-16,ILI incidence,2,2026-09-20,DK,quantile,0.250,60.99999999999999
2026-09-16,ILI incidence,2,2026-09-20,DK,quantile,0.300,67.39999999999999
2026-09-16,ILI incidence,2,2026-09-20,DK,quantile,0.350,72.69999999999999
2026-09-16,ILI incidence,2,2026-09-20,DK,quantile,0.400,77.69999999999997
2026-09-16,ILI incidence,2,2026-09-20,DK,quantile,0.450,82.7
2026-09-16,ILI incidence,2,2026-09-20,DK,quantile,0.500,87.1
2026-09-16,ILI incidence,2,2026-09-20,DK,quantile,0.550,91.5
2026-09-16,ILI incidence,2,2026-09-20,DK,quantile,0.600,96.4
2026-09-16,ILI incidence,2,2026-09-20,DK,quantile,0.650,101.69999999999999
2026-09-16,ILI incidence,2,2026-09-20,DK,quantile,0.700,106.69999999999997
2026-09-16,ILI incidence,2,2026-09-20,DK,quantile,0.750,112.6
2026-09-16,ILI incidence,2,2026-09-20,DK,quantile,0.800,119.49999999999997
2026-09-16,ILI incidence,2,2026-09-20,DK,quantile,0.850,127.49999999999999
2026-09-16,ILI incidence,2,2026-09-20,DK,quantile,0.900,138.59999999999997
2026-09-16,ILI incidence,2,2026-09-20,DK,quantile,0.950,154.60499999999993
2026-09-16,ILI incidence,2,2026-09-20,DK,quantile,0.975,172.20249999999996
2026-09-16,ILI incidence,2,2026-09-20,DK,quantile,0.990,191.39999999999998
2026-09-16,ILI incidence,2,2026-09-20,DK,median,,87.1
2026-09-16,ILI incidence,3,2026-09-27,DK,quantile,0.010,0.0
2026-09-16,ILI incidence,3,2026-09-27,DK,quantile,0.025,0.0
2026-09-16,ILI incidence,3,2026-09-27,DK,quantile,0.050,3.1949999999999936
2026-09-16,ILI incidence,3,2026-09-27,DK,quantile,0.100,23.989999999999984
2026-09-16,ILI incidence,3,2026-09-27,DK,quantile,0.150,37.18499999999997
2026-09-16,ILI incidence,3,2026-09-27,DK,quantile,0.200,46.89999999999999
2026-09-16,ILI incidence,3,2026-09-27,DK,quantile,0.250,55.19999999999999
2026-09-16,ILI incidence,3,2026-09-27,DK,quantile,0.300,62.49999999999998
2026-09-16,ILI incidence,3,2026-09-27,DK,quantile,0.350,68.80000000000003
2026-09-16,ILI incidence,3,2026-09-27,DK,quantile,0.400,75.4
2026-09-16,ILI incidence,3,2026-09-27,DK,quantile,0.450,81.3
2026-09-16,ILI incidence,3,2026-09-27,DK,quantile,0.500,87.44999999999999
2026-09-16,ILI incidence,3,2026-09-27,DK,quantile,0.550,93.19999999999997
2026-09-16,ILI incidence,3,2026-09-27,DK,quantile,0.600,99.23999999999997
2026-09-16,ILI incidence,3,2026-09-27,DK,quantile,0.650,105.10000000000001
2026-09-16,ILI incidence,3,2026-09-27,DK,quantile,0.700,111.99999999999999
2026-09-16,ILI incidence,3,2026-09-27,DK,quantile,0.750,119.4
2026-09-16,ILI incidence,3,2026-09-27,DK,quantile,0.800,128.2
2026-09-16,ILI incidence,3,2026-09-27,DK,quantile,0.850,137.7
2026-09-16,ILI incidence,3,2026-09-27,DK,quantile,0.900,150.4
2026-09-16,ILI incidence,3,2026-09-27,DK,quantile,0.950,170.89999999999998
2026-09-16,ILI incidence,3,2026-09-27,DK,quantile,0.975,189.7
2026-09-16,ILI incidence,3,2026-09-27,DK,quantile,0.990,213.802
2026-09-16,ILI incidence,3,2026-09-27,DK,median,,87.44999999999999
2026-09-16,ILI incidence,4,2026-10-04,DK,quantile,0.010,0.0
2026-09-16,ILI incidence,4,2026-10-04,DK,quantile,0.025,0.0
2026-09-16,ILI incidence,4,2026-10-04,DK,quantile,0.050,0.0
2026-09-16,ILI incidence,4,2026-10-04,DK,quantile,0.100,14.399999999999975
2026-09-16,ILI incidence,4,2026-10-04,DK,quantile,0.150,28.884999999999973
2026-09-16,ILI incidence,4,2026-10-04,DK,quantile,0.200,39.699999999999974
2026-09-16,ILI incidence,4,2026-10-04,DK,quantile,0.250,49.400000000000006
2026-09-16,ILI incidence,4,2026-10-04,DK,quantile,0.300,57.600000000000016
2026-09-16,ILI incidence,4,2026-10-04,DK,quantile,0.350,65.7
2026-09-16,ILI incidence,4,2026-10-04,DK,quantile,0.400,72.8
2026-09-16,ILI incidence,4,2026-10-04,DK,quantile,0.450,80.7
2026-09-16,ILI incidence,4,2026-10-04,DK,quantile,0.500,88.0
2026-09-16,ILI incidence,4,2026-10-04,DK,quantile,0.550,95.29999999999998
2026-09-16,ILI incidence,4,2026-10-04,DK,quantile,0.600,101.99999999999999
2026-09-16,ILI incidence,4,2026-10-04,DK,quantile,0.650,109.3
2026-09-16,ILI incidence,4,2026-10-04,DK,quantile,0.700,116.72999999999993
2026-09-16,ILI incidence,4,2026-10-04,DK,quantile,0.750,125.525
2026-09-16,ILI incidence,4,2026-10-04,DK,quantile,0.800,135.6
2026-09-16,ILI incidence,4,2026-10-04,DK,quantile,0.850,146.7
2026-09-16,ILI incidence,4,2026-10-04,DK,quantile,0.900,160.89999999999998
2026-09-16,ILI incidence,4,2026-10-04,DK,quantile,0.950,184.30499999999992
2026-09-16,ILI incidence,4,2026-10-04,DK,quantile,0.975,207.70000000000002
2026-09-16,ILI incidence,4,2026-10-04,DK,quantile,0.990,230.89999999999998
2026-09-16,ILI incidence,4,2026-10-04,DK,median,,88.0
2026-09-16,ILI incidence,1,2026-09-13,EE,quantile,0.010,0.0
2026-09-16,ILI incidence,1,2026-09-13,EE,quantile,0.025,0.0
2026-09-16,ILI incidence,1,2026-09-13,EE,quantile,0.050,0.0
2026-09-16,ILI incidence,1,2026-09-13,EE,quantile,0.100,20.60000000000001
2026-09-16,ILI incidence,1,2026-09-13,EE,quantile,0.150,30.499999999999986
2026-09-16,ILI incidence,1,2026-09-13,EE,quantile,0.200,38.599999999999994
2026-09-16,ILI incidence,1,2026-09-13,EE,quantile,0.250,47.499999999999986
2026-09-16,ILI incidence,1,2026-09-13,EE,quantile,0.300,54.699999999999974
2026-09-16,ILI incidence,1,2026-09-13,EE,quantile,0.350,59.2
2026-09-16,ILI incidence,1,2026-09-13,EE,quantile,0.400,67.2
2026-09-16,ILI incidence,1,2026-09-13,EE,quantile,0.450,70.99999999999999
2026-09-16,ILI incidence,1,2026-09-13,EE,quantile,0.500,75.3
2026-09-16,ILI incidence,1,2026-09-13,EE,quantile,0.550,79.60000000000001
2026-09-16,ILI incidence,1,2026-09-13,EE,quantile,0.600,83.15999999999984
2026-09-16,ILI incidence,1,2026-09-13,EE,quantile,0.650,91.39999999999999
2026-09-16,ILI incidence,1,2026-09-13,EE,quantile,0.700,95.89999999999999
2026-09-16,ILI incidence,1,2026-09-13,EE,quantile,0.750,102.20000000000003
2026-09-16,ILI incidence,1,2026-09-13,EE,quantile,0.800,112.0
2026-09-16,ILI incidence,1,2026-09-13,EE,quantile,0.850,120.10000000000001
2026-09-16,ILI incidence,1,2026-09-13,EE,quantile,0.900,131.10000000000002
2026-09-16,ILI incidence,1,2026-09-13,EE,quantile,0.950,157.7
2026-09-16,ILI incidence,1,2026-09-13,EE,quantile,0.975,239.3
2026-09-16,ILI incidence,1,2026-09-13,EE,quantile,0.990,362.00000000000006
2026-09-16,ILI incidence,1,2026-09-13,EE,median,,75.3
2026-09-16,ILI incidence,2,2026-09-20,EE,quantile,0.010,0.0
2026-09-16,ILI incidence,2,2026-09-20,EE,quantile,0.025,0.0
2026-09-16,ILI incidence,2,2026-09-20,EE,quantile,0.050,0.0
2026-09-16,ILI incidence,2,2026-09-20,EE,quantile,0.100,0.0
2026-09-16,ILI incidence,2,2026-09-20,EE,quantile,0.150,7.984999999999938
2026-09-16,ILI incidence,2,2026-09-20,EE,quantile,0.200,22.379999999999995
2026-09-16,ILI incidence,2,2026-09-20,EE,quantile,0.250,32.599999999999994
2026-09-16,ILI incidence,2,2026-09-20,EE,quantile,0.300,43.10000000000002
2026-09-16,ILI incidence,2,2026-09-20,EE,quantile,0.350,52.66499999999993
2026-09-16,ILI incidence,2,2026-09-20,EE,quantile,0.400,60.89999999999996
2026-09-16,ILI incidence,2,2026-09-20,EE,quantile,0.450,67.8
2026-09-16,ILI incidence,2,2026-09-20,EE,quantile,0.500,75.6
2026-09-16,ILI incidence,2,2026-09-20,EE,quantile,0.550,83.39999999999999
2026-09-16,ILI incidence,2,2026-09-20,EE,quantile,0.600,91.39999999999998
2026-09-16,ILI incidence,2,2026-09-20,EE,quantile,0.650,99.50000000000001
2026-09-16,ILI incidence,2,2026-09-20,EE,quantile,0.700,108.5
2026-09-16,ILI incidence,2,2026-09-20,EE,quantile,0.750,119.3
2026-09-16,ILI incidence,2,2026-09-20,EE,quantile,0.800,131.39999999999998
2026-09-16,ILI incidence,2,2026-09-20,EE,quantile,0.850,146.89999999999998
2026-09-16,ILI incidence,2,2026-09-20,EE,quantile,0.900,168.81000000000003
2026-09-16,ILI incidence,2,2026-09-20,EE,quantile,0.950,236.59999999999997
2026-09-16,ILI incidence,2,2026-09-20,EE,quantile,0.975,309.1249999999996
2026-09-16,ILI incidence,2,2026-09-20,EE,quantile,0.990,379.4140000000003
2026-09-16,ILI incidence,2,2026-09-20,EE,median,,75.6
2026-09-16,ILI incidence,3,2026-09-27,EE,quantile,0.010,0.0
2026-09-16,ILI incidence,3,2026-09-27,EE,quantile,0.025,0.0
2026-09-16,ILI incidence,3,2026-09-27,EE,quantile,0.050,0.0
2026-09-16,ILI incidence,3,2026-09-27,EE,quantile,0.100,0.0
2026-09-16,ILI incidence,3,2026-09-27,EE,quantile,0.150,0.0
2026-09-16,ILI incidence,3,2026-09-27,EE,quantile,0.200,2.5000000000000084
2026-09-16,ILI incidence,3,2026-09-27,EE,quantile,0.250,18.30000000000004
2026-09-16,ILI incidence,3,2026-09-27,EE,quantile,0.300,31.900000000000002
2026-09-16,ILI incidence,3,2026-09-27,EE,quantile,0.350,43.999999999999986
2026-09-16,ILI incidence,3,2026-09-27,EE,quantile,0.400,54.9
2026-09-16,ILI incidence,3,2026-09-27,EE,quantile,0.450,65.50000000000003
2026-09-16,ILI incidence,3,2026-09-27,EE,quantile,0.500,74.94999999999999
2026-09-16,ILI incidence,3,2026-09-27,EE,quantile,0.550,85.64500000000007
2026-09-16,ILI incidence,3,2026-09-27,EE,quantile,0.600,95.93999999999997
2026-09-16,ILI incidence,3,2026-09-27,EE,quantile,0.650,106.43500000000006
2026-09-16,ILI incidence,3,2026-09-27,EE,quantile,0.700,119.55999999999986
2026-09-16,ILI incidence,3,2026-09-27,EE,quantile,0.750,131.79999999999998
2026-09-16,ILI incidence,3,2026-09-27,EE,quantile,0.800,148.59999999999997
2026-09-16,ILI incidence,3,2026-09-27,EE,quantile,0.850,170.39999999999998
2026-09-16,ILI incidence,3,2026-09-27,EE,quantile,0.900,204.31000000000003
2026-09-16,ILI incidence,3,2026-09-27,EE,quantile,0.950,282.90999999999985
2026-09-16,ILI incidence,3,2026-09-27,EE,quantile,0.975,346.70249999999993
2026-09-16,ILI incidence,3,2026-09-27,EE,quantile,0.990,411.6040000000001
2026-09-16,ILI incidence,3,2026-09-27,EE,median,,74.94999999999999
2026-09-16,ILI incidence,4,2026-10-04,EE,quantile,0.010,0.0
2026-09-16,ILI incidence,4,2026-10-04,EE,quantile,0.025,0.0
2026-09-16,ILI incidence,4,2026-10-04,EE,quantile,0.050,0.0
2026-09-16,ILI incidence,4,2026-10-04,EE,quantile,0.100,0.0
2026-09-16,ILI incidence,4,2026-10-04,EE,quantile,0.150,0.0
2026-09-16,ILI incidence,4,2026-10-04,EE,quantile,0.200,0.0
2026-09-16,ILI incidence,4,2026-10-04,EE,quantile,0.250,5.699999999999989
2026-09-16,ILI incidence,4,2026-10-04,EE,quantile,0.300,22.10000000000002
2026-09-16,ILI incidence,4,2026-10-04,EE,quantile,0.350,36.79999999999999
2026-09-16,ILI incidence,4,2026-10-04,EE,quantile,0.400,51.099999999999994
2026-09-16,ILI incidence,4,2026-10-04,EE,quantile,0.450,64.19999999999999
2026-09-16,ILI incidence,4,2026-10-04,EE,quantile,0.500,76.09999999999995
2026-09-16,ILI incidence,4,2026-10-04,EE,quantile,0.550,88.44500000000005
2026-09-16,ILI incidence,4,2026-10-04,EE,quantile,0.600,101.23999999999997
2026-09-16,ILI incidence,4,2026-10-04,EE,quantile,0.650,116.23500000000003
2026-09-16,ILI incidence,4,2026-10-04,EE,quantile,0.700,131.0
2026-09-16,ILI incidence,4,2026-10-04,EE,quantile,0.750,147.525
2026-09-16,ILI incidence,4,2026-10-04,EE,quantile,0.800,167.7
2026-09-16,ILI incidence,4,2026-10-04,EE,quantile,0.850,194.61499999999992
2026-09-16,ILI incidence,4,2026-10-04,EE,quantile,0.900,235.7
2026-09-16,ILI incidence,4,2026-10-04,EE,quantile,0.950,317.0049999999999
2026-09-16,ILI incidence,4,2026-10-04,EE,quantile,0.975,379.70250000000004
2026-09-16,ILI incidence,4,2026-10-04,EE,quantile,0.990,438.90100000000007
2026-09-16,ILI incidence,4,2026-10-04,EE,median,,76.09999999999995
2026-09-16,ILI incidence,1,2026-09-13,FI,quantile,0.010,0.0
2026-09-16,ILI incidence,1,2026-09-13,FI,quantile,0.025,0.0
2026-09-16,ILI incidence,1,2026-09-13,FI,quantile,0.050,0.0
2026-09-16,ILI incidence,1,2026-09-13,FI,quantile,0.100,0.0
2026-09-16,ILI incidence,1,2026-09-13,FI,quantile,0.150,0.0
2026-09-16,ILI incidence,1,2026-09-13,FI,quantile,0.200,0.0
2026-09-16,ILI incidence,1,2026-09-13,FI,quantile,0.250,0.0
2026-09-16,ILI incidence,1,2026-09-13,FI,quantile,0.300,0.0
2026-09-16,ILI incidence,1,2026-09-13,FI,quantile,0.350,2.4999999999999987
2026-09-16,ILI incidence,1,2026-09-13,FI,quantile,0.400,6.4000000000000155
2026-09-16,ILI incidence,1,2026-09-13,FI,quantile,0.450,9.6
2026-09-16,ILI incidence,1,2026-09-13,FI,quantile,0.500,12.2
2026-09-16,ILI incidence,1,2026-09-13,FI,quantile,0.550,14.899999999999999
2026-09-16,ILI incidence,1,2026-09-13,FI,quantile,0.600,18.000000000000004
2026-09-16,ILI incidence,1,2026-09-13,FI,quantile,0.650,22.299999999999986
2026-09-16,ILI incidence,1,2026-09-13,FI,quantile,0.700,27.1
2026-09-16,ILI incidence,1,2026-09-13,FI,quantile,0.750,32.7
2026-09-16,ILI incidence,1,2026-09-13,FI,quantile,0.800,39.50000000000001
2026-09-16,ILI incidence,1,2026-09-13,FI,quantile,0.850,47.900000000000006
2026-09-16,ILI incidence,1,2026-09-13,FI,quantile,0.900,62.5
2026-09-16,ILI incidence,1,2026-09-13,FI,quantile,0.950,93.4149999999998
2026-09-16,ILI incidence,1,2026-09-13,FI,quantile,0.975,2580.4050000000007
2026-09-16,ILI incidence,1,2026-09-13,FI,quantile,0.990,2611.3050000000003
2026-09-16,ILI incidence,1,2026-09-13,FI,median,,12.2
2026-09-16,ILI incidence,2,2026-09-20,FI,quantile,0.010,0.0
2026-09-16,ILI incidence,2,2026-09-20,FI,quantile,0.025,0.0
2026-09-16,ILI incidence,2,2026-09-20,FI,quantile,0.050,0.0
2026-09-16,ILI incidence,2,2026-09-20,FI,quantile,0.100,0.0
2026-09-16,ILI incidence,2,2026-09-20,FI,quantile,0.150,0.0
2026-09-16,ILI incidence,2,2026-09-20,FI,quantile,0.200,0.0
2026-09-16,ILI incidence,2,2026-09-20,FI,quantile,0.250,0.0
2026-09-16,ILI incidence,2,2026-09-20,FI,quantile,0.300,0.0
2026-09-16,ILI incidence,2,2026-09-20,FI,quantile,0.350,0.4999999999999994
2026-09-16,ILI incidence,2,2026-09-20,FI,quantile,0.400,5.099999999999999
2026-09-16,ILI incidence,2,2026-09-20,FI,quantile,0.450,8.9
2026-09-16,ILI incidence,2,2026-09-20,FI,quantile,0.500,12.099999999999998
2026-09-16,ILI incidence,2,2026-09-20,FI,quantile,0.550,15.545000000000075
2026-09-16,ILI incidence,2,2026-09-20,FI,quantile,0.600,19.600000000000005
2026-09-16,ILI incidence,2,2026-09-20,FI,quantile,0.650,24.135000000000147
2026-09-16,ILI incidence,2,2026-09-20,FI,quantile,0.700,29.600000000000005
2026-09-16,ILI incidence,2,2026-09-20,FI,quantile,0.750,36.0
2026-09-16,ILI incidence,2,2026-09-20,FI,quantile,0.800,43.599999999999994
2026-09-16,ILI incidence,2,2026-09-20,FI,quantile,0.850,53.29999999999998
2026-09-16,ILI incidence,2,2026-09-20,FI,quantile,0.900,68.61000000000004
2026-09-16,ILI incidence,2,2026-09-20,FI,quantile,0.950,109.01999999999971
2026-09-16,ILI incidence,2,2026-09-20,FI,quantile,0.975,2586.3
2026-09-16,ILI incidence,2,2026-09-20,FI,quantile,0.990,2620.0060000000008
2026-09-16,ILI incidence,2,2026-09-20,FI,median,,12.099999999999998
2026-09-16,ILI incidence,3,2026-09-27,FI,quantile,0.010,0.0
2026-09-16,ILI incidence,3,2026-09-27,FI,quantile,0.025,0.0
2026-09-16,ILI incidence,3,2026-09-27,FI,quantile,0.050,0.0
2026-09-16,ILI incidence,3,2026-09-27,FI,quantile,0.100,0.0
2026-09-16,ILI incidence,3,2026-09-27,FI,quantile,0.150,0.0
2026-09-16,ILI incidence,3,2026-09-27,FI,quantile,0.200,0.0
2026-09-16,ILI incidence,3,2026-09-27,FI,quantile,0.250,0.0
2026-09-16,ILI incidence,3,2026-09-27,FI,quantile,0.300,0.0
2026-09-16,ILI incidence,3,2026-09-27,FI,quantile,0.350,0.0
2026-09-16,ILI incidence,3,2026-09-27,FI,quantile,0.400,3.5
2026-09-16,ILI incidence,3,2026-09-27,FI,quantile,0.450,7.800000000000004
2026-09-16,ILI incidence,3,2026-09-27,FI,quantile,0.500,11.899999999999991
2026-09-16,ILI incidence,3,2026-09-27,FI,quantile,0.550,16.0
2026-09-16,ILI incidence,3,2026-09-27,FI,quantile,0.600,20.700000000000003
2026-09-16,ILI incidence,3,2026-09-27,FI,quantile,0.650,25.89999999999999
2026-09-16,ILI incidence,3,2026-09-27,FI,quantile,0.700,31.799999999999994
2026-09-16,ILI incidence,3,2026-09-27,FI,quantile,0.750,38.599999999999994
2026-09-16,ILI incidence,3,2026-09-27,FI,quantile,0.800,46.7
2026-09-16,ILI incidence,3,2026-09-27,FI,quantile,0.850,57.60000000000001
2026-09-16,ILI incidence,3,2026-09-27,FI,quantile,0.900,73.99999999999999
2026-09-16,ILI incidence,3,2026-09-27,FI,quantile,0.950,133.64499999999933
2026-09-16,ILI incidence,3,2026-09-27,FI,quantile,0.975,2592.2025000000003
2026-09-16,ILI incidence,3,2026-09-27,FI,quantile,0.990,2628.802
2026-09-16,ILI incidence,3,2026-09-27,FI,median,,11.899999999999991
2026-09-16,ILI incidence,4,2026-10-04,FI,quantile,0.010,0.0
2026-09-16,ILI incidence,4,2026-10-04,FI,quantile,0.025,0.0
2026-09-16,ILI incidence,4,2026-10-04,FI,quantile,0.050,0.0
2026-09-16,ILI incidence,4,2026-10-04,FI,quantile,0.100,0.0
2026-09-16,ILI incidence,4,2026-10-04,FI,quantile,0.150,0.0
2026-09-16,ILI incidence,4,2026-10-04,FI,quantile,0.200,0.0
2026-09-16,ILI incidence,4,2026-10-04,FI,quantile,0.250,0.0
2026-09-16,ILI incidence,4,2026-10-04,FI,quantile,0.300,0.0
2026-09-16,ILI incidence,4,2026-10-04,FI,quantile,0.350,0.0
2026-09-16,ILI incidence,4,2026-10-04,FI,quantile,0.400,2.3000000000000016
2026-09-16,ILI incidence,4,2026-10-04,FI,quantile,0.450,7.300000000000008
2026-09-16,ILI incidence,4,2026-10-04,FI,quantile,0.500,11.800000000000004
2026-09-16,ILI incidence,4,2026-10-04,FI,quantile,0.550,16.7
2026-09-16,ILI incidence,4,2026-10-04,FI,quantile,0.600,21.8
2026-09-16,ILI incidence,4,2026-10-04,FI,quantile,0.650,27.5
2026-09-16,ILI incidence,4,2026-10-04,FI,quantile,0.700,33.729999999999926
2026-09-16,ILI incidence,4,2026-10-04,FI,quantile,0.750,41.1
2026-09-16,ILI incidence,4,2026-10-04,FI,quantile,0.800,49.5
2026-09-16,ILI incidence,4,2026-10-04,FI,quantile,0.850,62.599999999999994
2026-09-16,ILI incidence,4,2026-10-04,FI,quantile,0.900,81.7
2026-09-16,ILI incidence,4,2026-10-04,FI,quantile,0.950,2530.7349999999997
2026-09-16,ILI incidence,4,2026-10-04,FI,quantile,0.975,2598.9050000000007
2026-09-16,ILI incidence,4,2026-10-04,FI,quantile,0.990,2633.7030000000004
2026-09-16,ILI incidence,4,2026-10-04,FI,median,,11.800000000000004
2026-09-16,ILI incidence,1,2026-09-13,GR,quantile,0.010,0.0
2026-09-16,ILI incidence,1,2026-09-13,GR,quantile,0.025,0.0
2026-09-16,ILI incidence,1,2026-09-13,GR,quantile,0.050,6.199999999999989
2026-09-16,ILI incidence,1,2026-09-13,GR,quantile,0.100,55.99999999999994
2026-09-16,ILI incidence,1,2026-09-13,GR,quantile,0.150,104.49999999999994
2026-09-16,ILI incidence,1,2026-09-13,GR,quantile,0.200,140.99999999999994
2026-09-16,ILI incidence,1,2026-09-13,GR,quantile,0.250,159.80000000000035
2026-09-16,ILI incidence,1,2026-09-13,GR,quantile,0.300,180.10000000000002
2026-09-16,ILI incidence,1,2026-09-13,GR,quantile,0.350,196.09999999999997
2026-09-16,ILI incidence,1,2026-09-13,GR,quantile,0.400,209.6
2026-09-16,ILI incidence,1,2026-09-13,GR,quantile,0.450,218.59999999999997
2026-09-16,ILI incidence,1,2026-09-13,GR,quantile,0.500,227.40000000000003
2026-09-16,ILI incidence,1,2026-09-13,GR,quantile,0.550,236.89999999999992
2026-09-16,ILI incidence,1,2026-09-13,GR,quantile,0.600,247.0
2026-09-16,ILI incidence,1,2026-09-13,GR,quantile,0.650,258.2
2026-09-16,ILI incidence,1,2026-09-13,GR,quantile,0.700,272.6
2026-09-16,ILI incidence,1,2026-09-13,GR,quantile,0.750,293.6
2026-09-16,ILI incidence,1,2026-09-13,GR,quantile,0.800,315.59999999999997
2026-09-16,ILI incidence,1,2026-09-13,GR,quantile,0.850,349.2
2026-09-16,ILI incidence,1,2026-09-13,GR,quantile,0.900,396.40000000000003
2026-09-16,ILI incidence,1,2026-09-13,GR,quantile,0.950,446.2
2026-09-16,ILI incidence,1,2026-09-13,GR,quantile,0.975,552.6000000000001
2026-09-16,ILI incidence,1,2026-09-13,GR,quantile,0.990,612.4000000000001
2026-09-16,ILI incidence,1,2026-09-13,GR,median,,227.40000000000003
2026-09-16,ILI incidence,2,2026-09-20,GR,quantile,0.010,0.0
2026-09-16,ILI incidence,2,2026-09-20,GR,quantile,0.025,0.0
2026-09-16,ILI incidence,2,2026-09-20,GR,quantile,0.050,0.0
2026-09-16,ILI incidence,2,2026-09-20,GR,quantile,0.100,0.0
2026-09-16,ILI incidence,2,2026-09-20,GR,quantile,0.150,40.48499999999994
2026-09-16,ILI incidence,2,2026-09-20,GR,quantile,0.200,79.99999999999994
2026-09-16,ILI incidence,2,2026-09-20,GR,quantile,0.250,112.30000000000003
2026-09-16,ILI incidence,2,2026-09-20,GR,quantile,0.300,139.79999999999987
2026-09-16,ILI incidence,2,2026-09-20,GR,quantile,0.350,166.09999999999994
2026-09-16,ILI incidence,2,2026-09-20,GR,quantile,0.400,186.56
2026-09-16,ILI incidence,2,2026-09-20,GR,quantile,0.450,206.2
2026-09-16,ILI incidence,2,2026-09-20,GR,quantile,0.500,226.2
2026-09-16,ILI incidence,2,2026-09-20,GR,quantile,0.550,243.49999999999997
2026-09-16,ILI incidence,2,2026-09-20,GR,quantile,0.600,263.59999999999997
2026-09-16,ILI incidence,2,2026-09-20,GR,quantile,0.650,286.23500000000007
2026-09-16,ILI incidence,2,2026-09-20,GR,quantile,0.700,311.85999999999984
2026-09-16,ILI incidence,2,2026-09-20,GR,quantile,0.750,341.70000000000005
2026-09-16,ILI incidence,2,2026-09-20,GR,quantile,0.800,373.29999999999995
2026-09-16,ILI incidence,2,2026-09-20,GR,quantile,0.850,413.7999999999999
2026-09-16,ILI incidence,2,2026-09-20,GR,quantile,0.900,470.31
2026-09-16,ILI incidence,2,2026-09-20,GR,quantile,0.950,570.364999999999
2026-09-16,ILI incidence,2,2026-09-20,GR,quantile,0.975,663.5349999999995
2026-09-16,ILI incidence,2,2026-09-20,GR,quantile,0.990,1196.1030000000003
2026-09-16,ILI incidence,2,2026-09-20,GR,median,,226.2
2026-09-16,ILI incidence,3,2026-09-27,GR,quantile,0.010,0.0
2026-09-16,ILI incidence,3,2026-09-27,GR,quantile,0.025,0.0
2026-09-16,ILI incidence,3,2026-09-27,GR,quantile,0.050,0.0
2026-09-16,ILI incidence,3,2026-09-27,GR,quantile,0.100,0.0
2026-09-16,ILI incidence,3,2026-09-27,GR,quantile,0.150,0.0
2026-09-16,ILI incidence,3,2026-09-27,GR,quantile,0.200,34.10000000000001
2026-09-16,ILI incidence,3,2026-09-27,GR,quantile,0.250,76.47500000000004
2026-09-16,ILI incidence,3,2026-09-27,GR,quantile,0.300,109.39999999999996
2026-09-16,ILI incidence,3,2026-09-27,GR,quantile,0.350,139.26499999999996
2026-09-16,ILI incidence,3,2026-09-27,GR,quantile,0.400,169.55999999999997
2026-09-16,ILI incidence,3,2026-09-27,GR,quantile,0.450,199.7999999999999
2026-09-16,ILI incidence,3,2026-09-27,GR,quantile,0.500,227.10000000000008
2026-09-16,ILI incidence,3,2026-09-27,GR,quantile,0.550,254.39999999999998
2026-09-16,ILI incidence,3,2026-09-27,GR,quantile,0.600,281.24
2026-09-16,ILI incidence,3,2026-09-27,GR,quantile,0.650,310.635
2026-09-16,ILI incidence,3,2026-09-27,GR,quantile,0.700,342.7299999999999
2026-09-16,ILI incidence,3,2026-09-27,GR,quantile,0.750,378.625
2026-09-16,ILI incidence,3,2026-09-27,GR,quantile,0.800,418.06000000000034
2026-09-16,ILI incidence,3,2026-09-27,GR,quantile,0.850,467.93
2026-09-16,ILI incidence,3,2026-09-27,GR,quantile,0.900,539.5999999999999
2026-09-16,ILI incidence,3,2026-09-27,GR,quantile,0.950,652.064999999999
2026-09-16,ILI incidence,3,2026-09-27,GR,quantile,0.975,871.1949999999986
2026-09-16,ILI incidence,3,2026-09-27,GR,quantile,0.990,1289.441000000001
2026-09-16,ILI incidence,3,2026-09-27,GR,median,,227.10000000000008
2026-09-16,ILI incidence,4,2026-10-04,GR,quantile,0.010,0.0
2026-09-16,ILI incidence,4,2026-10-04,GR,quantile,0.025,0.0
2026-09-16,ILI incidence,4,2026-10-04,GR,quantile,0.050,0.0
2026-09-16,ILI incidence,4,2026-10-04,GR,quantile,0.100,0.0
2026-09-16,ILI incidence,4,2026-10-04,GR,quantile,0.150,0.0
2026-09-16,ILI incidence,4,2026-10-04,GR,quantile,0.200,2.800000000000108
2026-09-16,ILI incidence,4,2026-10-04,GR,quantile,0.250,50.12500000000002
2026-09-16,ILI incidence,4,2026-10-04,GR,quantile,0.300,91.09999999999991
2026-09-16,ILI incidence,4,2026-10-04,GR,quantile,0.350,125.69999999999999
2026-09-16,ILI incidence,4,2026-10-04,GR,quantile,0.400,159.29999999999998
2026-09-16,ILI incidence,4,2026-10-04,GR,quantile,0.450,191.3000000000001
2026-09-16,ILI incidence,4,2026-10-04,GR,quantile,0.500,225.0000000000001
2026-09-16,ILI incidence,4,2026-10-04,GR,quantile,0.550,259.40000000000003
2026-09-16,ILI incidence,4,2026-10-04,GR,quantile,0.600,293.41999999999985
2026-09-16,ILI incidence,4,2026-10-04,GR,quantile,0.650,326.87000000000006
2026-09-16,ILI incidence,4,2026-10-04,GR,quantile,0.700,365.0999999999999
2026-09-16,ILI incidence,4,2026-10-04,GR,quantile,0.750,403.9499999999998
2026-09-16,ILI incidence,4,2026-10-04,GR,quantile,0.800,453.2600000000003
2026-09-16,ILI incidence,4,2026-10-04,GR,quantile,0.850,516.4749999999997
2026-09-16,ILI incidence,4,2026-10-04,GR,quantile,0.900,595.91
2026-09-16,ILI incidence,4,2026-10-04,GR,quantile,0.950,748.2149999999996
2026-09-16,ILI incidence,4,2026-10-04,GR,quantile,0.975,1039.992499999999
2026-09-16,ILI incidence,4,2026-10-04,GR,quantile,0.990,1395.902
2026-09-16,ILI incidence,4,2026-10-04,GR,median,,225.0000000000001
2026-09-16,ILI incidence,1,2026-09-13,HU,quantile,0.010,0.0
2026-09-16,ILI incidence,1,2026-09-13,HU,quantile,0.025,0.0
2026-09-16,ILI incidence,1,2026-09-13,HU,quantile,0.050,0.0
2026-09-16,ILI incidence,1,2026-09-13,HU,quantile,0.100,0.0
2026-09-16,ILI incidence,1,2026-09-13,HU,quantile,0.150,0.0
2026-09-16,ILI incidence,1,2026-09-13,HU,quantile,0.200,0.0
2026-09-16,ILI incidence,1,2026-09-13,HU,quantile,0.250,0.0
2026-09-16,ILI incidence,1,2026-09-13,HU,quantile,0.300,4.70000000000001
2026-09-16,ILI incidence,1,2026-09-13,HU,quantile,0.350,15.899999999999999
2026-09-16,ILI incidence,1,2026-09-13,HU,quantile,0.400,22.699999999999996
2026-09-16,ILI incidence,1,2026-09-13,HU,quantile,0.450,25.499999999999993
2026-09-16,ILI incidence,1,2026-09-13,HU,quantile,0.500,30.999999999999993
2026-09-16,ILI incidence,1,2026-09-13,HU,quantile,0.550,37.49999999999999
2026-09-16,ILI incidence,1,2026-09-13,HU,quantile,0.600,41.1
2026-09-16,ILI incidence,1,2026-09-13,HU,quantile,0.650,47.600000000000044
2026-09-16,ILI incidence,1,2026-09-13,HU,quantile,0.700,57.6
2026-09-16,ILI incidence,1,2026-09-13,HU,quantile,0.750,65.70000000000002
2026-09-16,ILI incidence,1,2026-09-13,HU,quantile,0.800,74.70000000000002
2026-09-16,ILI incidence,1,2026-09-13,HU,quantile,0.850,99.99999999999997
2026-09-16,ILI incidence,1,2026-09-13,HU,quantile,0.900,135.6
2026-09-16,ILI incidence,1,2026-09-13,HU,quantile,0.950,157.9
2026-09-16,ILI incidence,1,2026-09-13,HU,quantile,0.975,210.49999999999991
2026-09-16,ILI incidence,1,2026-09-13,HU,quantile,0.990,276.2
2026-09-16,ILI incidence,1,2026-09-13,HU,median,,30.999999999999993
2026-09-16,ILI incidence,2,2026-09-20,HU,quantile,0.010,0.0
2026-09-16,ILI incidence,2,2026-09-20,HU,quantile,0.025,0.0
2026-09-16,ILI incidence,2,2026-09-20,HU,quantile,0.050,0.0
2026-09-16,ILI incidence,2,2026-09-20,HU,quantile,0.100,0.0
2026-09-16,ILI incidence,2,2026-09-20,HU,quantile,0.150,0.0
2026-09-16,ILI incidence,2,2026-09-20,HU,quantile,0.200,0.0
2026-09-16,ILI incidence,2,2026-09-20,HU,quantile,0.250,0.0
2026-09-16,ILI incidence,2,2026-09-20,HU,quantile,0.300,0.0
2026-09-16,ILI incidence,2,2026-09-20,HU,quantile,0.350,0.0
2026-09-16,ILI incidence,2,2026-09-20,HU,quantile,0.400,11.660000000000014
2026-09-16,ILI incidence,2,2026-09-20,HU,quantile,0.450,22.25500000000002
2026-09-16,ILI incidence,2,2026-09-20,HU,quantile,0.500,31.9
2026-09-16,ILI incidence,2,2026-09-20,HU,quantile,0.550,41.100000000000044
2026-09-16,ILI incidence,2,2026-09-20,HU,quantile,0.600,51.80000000000004
2026-09-16,ILI incidence,2,2026-09-20,HU,quantile,0.650,63.79999999999999
2026-09-16,ILI incidence,2,2026-09-20,HU,quantile,0.700,77.4
2026-09-16,ILI incidence,2,2026-09-20,HU,quantile,0.750,96.00000000000003
2026-09-16,ILI incidence,2,2026-09-20,HU,quantile,0.800,117.34000000000019
2026-09-16,ILI incidence,2,2026-09-20,HU,quantile,0.850,142.1
2026-09-16,ILI incidence,2,2026-09-20,HU,quantile,0.900,171.1
2026-09-16,ILI incidence,2,2026-09-20,HU,quantile,0.950,226.49999999999991
2026-09-16,ILI incidence,2,2026-09-20,HU,quantile,0.975,275.1049999999999
2026-09-16,ILI incidence,2,2026-09-20,HU,quantile,0.990,328.5999999999999
2026-09-16,ILI incidence,2,2026-09-20,HU,median,,31.9
2026-09-16,ILI incidence,3,2026-09-27,HU,quantile,0.010,0.0
2026-09-16,ILI incidence,3,2026-09-27,HU,quantile,0.025,0.0
2026-09-16,ILI incidence,3,2026-09-27,HU,quantile,0.050,0.0
2026-09-16,ILI incidence,3,2026-09-27,HU,quantile,0.100,0.0
2026-09-16,ILI incidence,3,2026-09-27,HU,quantile,0.150,0.0
2026-09-16,ILI incidence,3,2026-09-27,HU,quantile,0.200,0.0
2026-09-16,ILI incidence,3,2026-09-27,HU,quantile,0.250,0.0
2026-09-16,ILI incidence,3,2026-09-27,HU,quantile,0.300,0.0
2026-09-16,ILI incidence,3,2026-09-27,HU,quantile,0.350,0.0
2026-09-16,ILI incidence,3,2026-09-27,HU,quantile,0.400,2.5999999999999615
2026-09-16,ILI incidence,3,2026-09-27,HU,quantile,0.450,18.15500000000001
2026-09-16,ILI incidence,3,2026-09-27,HU,quantile,0.500,32.499999999999986
2026-09-16,ILI incidence,3,2026-09-27,HU,quantile,0.550,46.800000000000054
2026-09-16,ILI incidence,3,2026-09-27,HU,quantile,0.600,61.89999999999996
2026-09-16,ILI incidence,3,2026-09-27,HU,quantile,0.650,79.19999999999997
2026-09-16,ILI incidence,3,2026-09-27,HU,quantile,0.700,96.65999999999987
2026-09-16,ILI incidence,3,2026-09-27,HU,quantile,0.750,118.79999999999998
2026-09-16,ILI incidence,3,2026-09-27,HU,quantile,0.800,142.59999999999997
2026-09-16,ILI incidence,3,2026-09-27,HU,quantile,0.850,172.01499999999993
2026-09-16,ILI incidence,3,2026-09-27,HU,quantile,0.900,207.5100000000001
2026-09-16,ILI incidence,3,2026-09-27,HU,quantile,0.950,265.50499999999994
2026-09-16,ILI incidence,3,2026-09-27,HU,quantile,0.975,320.60999999999984
2026-09-16,ILI incidence,3,2026-09-27,HU,quantile,0.990,378.7060000000001
2026-09-16,ILI incidence,3,2026-09-27,HU,median,,32.499999999999986
2026-09-16,ILI incidence,4,2026-10-04,HU,quantile,0.010,0.0
2026-09-16,ILI incidence,4,2026-10-04,HU,quantile,0.025,0.0
2026-09-16,ILI incidence,4,2026-10-04,HU,quantile,0.050,0.0
2026-09-16,ILI incidence,4,2026-10-04,HU,quantile,0.100,0.0
2026-09-16,ILI incidence,4,2026-10-04,HU,quantile,0.150,0.0
2026-09-16,ILI incidence,4,2026-10-04,HU,quantile,0.200,0.0
2026-09-16,ILI incidence,4,2026-10-04,HU,quantile,0.250,0.0
2026-09-16,ILI incidence,4,2026-10-04,HU,quantile,0.300,0.0
2026-09-16,ILI incidence,4,2026-10-04,HU,quantile,0.350,0.0
2026-09-16,ILI incidence,4,2026-10-04,HU,quantile,0.400,0.0
2026-09-16,ILI incidence,4,2026-10-04,HU,quantile,0.450,14.154999999999962
2026-09-16,ILI incidence,4,2026-10-04,HU,quantile,0.500,33.60000000000001
2026-09-16,ILI incidence,4,2026-10-04,HU,quantile,0.550,51.845000000000105
2026-09-16,ILI incidence,4,2026-10-04,HU,quantile,0.600,70.60000000000002
2026-09-16,ILI incidence,4,2026-10-04,HU,quantile,0.650,90.03500000000005
2026-09-16,ILI incidence,4,2026-10-04,HU,quantile,0.700,112.3
2026-09-16,ILI incidence,4,2026-10-04,HU,quantile,0.750,136.52500000000003
2026-09-16,ILI incidence,4,2026-10-04,HU,quantile,0.800,162.82000000000014
2026-09-16,ILI incidence,4,2026-10-04,HU,quantile,0.850,195.71499999999992
2026-09-16,ILI incidence,4,2026-10-04,HU,quantile,0.900,234.9
2026-09-16,ILI incidence,4,2026-10-04,HU,quantile,0.950,296.0149999999997
2026-09-16,ILI incidence,4,2026-10-04,HU,quantile,0.975,351.2224999999996
2026-09-16,ILI incidence,4,2026-10-04,HU,quantile,0.990,412.30500000000006
2026-09-16,ILI incidence,4,2026-10-04,HU,median,,33.60000000000001
2026-09-16,ILI incidence,1,2026-09-13,IS,quantile,0.010,0.0
2026-09-16,ILI incidence,1,2026-09-13,IS,quantile,0.025,0.0
2026-09-16,ILI incidence,1,2026-09-13,IS,quantile,0.050,0.0
2026-09-16,ILI incidence,1,2026-09-13,IS,quantile,0.100,0.0
2026-09-16,ILI incidence,1,2026-09-13,IS,quantile,0.150,0.0
2026-09-16,ILI incidence,1,2026-09-13,IS,quantile,0.200,0.0
2026-09-16,ILI incidence,1,2026-09-13,IS,quantile,0.250,0.0
2026-09-16,ILI incidence,1,2026-09-13,IS,quantile,0.300,0.0
2026-09-16,ILI incidence,1,2026-09-13,IS,quantile,0.350,0.0
2026-09-16,ILI incidence,1,2026-09-13,IS,quantile,0.400,0.3
2026-09-16,ILI incidence,1,2026-09-13,IS,quantile,0.450,0.5
2026-09-16,ILI incidence,1,2026-09-13,IS,quantile,0.500,0.5
2026-09-16,ILI incidence,1,2026-09-13,IS,quantile,0.550,0.7
2026-09-16,ILI incidence,1,2026-09-13,IS,quantile,0.600,0.8
2026-09-16,ILI incidence,1,2026-09-13,IS,quantile,0.650,1.0
2026-09-16,ILI incidence,1,2026-09-13,IS,quantile,0.700,1.2
2026-09-16,ILI incidence,1,2026-09-13,IS,quantile,0.750,1.3000000000000003
2026-09-16,ILI incidence,1,2026-09-13,IS,quantile,0.800,1.7
2026-09-16,ILI incidence,1,2026-09-13,IS,quantile,0.850,2.3
2026-09-16,ILI incidence,1,2026-09-13,IS,quantile,0.900,2.8000000000000007
2026-09-16,ILI incidence,1,2026-09-13,IS,quantile,0.950,4.699999999999999
2026-09-16,ILI incidence,1,2026-09-13,IS,quantile,0.975,6.200000000000001
2026-09-16,ILI incidence,1,2026-09-13,IS,quantile,0.990,12.7
2026-09-16,ILI incidence,1,2026-09-13,IS,median,,0.5
2026-09-16,ILI incidence,2,2026-09-20,IS,quantile,0.010,0.0
2026-09-16,ILI incidence,2,2026-09-20,IS,quantile,0.025,0.0
2026-09-16,ILI incidence,2,2026-09-20,IS,quantile,0.050,0.0
2026-09-16,ILI incidence,2,2026-09-20,IS,quantile,0.100,0.0
2026-09-16,ILI incidence,2,2026-09-20,IS,quantile,0.150,0.0
2026-09-16,ILI incidence,2,2026-09-20,IS,quantile,0.200,0.0
2026-09-16,ILI incidence,2,2026-09-20,IS,quantile,0.250,0.0
2026-09-16,ILI incidence,2,2026-09-20,IS,quantile,0.300,0.0
2026-09-16,ILI incidence,2,2026-09-20,IS,quantile,0.350,0.0
2026-09-16,ILI incidence,2,2026-09-20,IS,quantile,0.400,0.0
2026-09-16,ILI incidence,2,2026-09-20,IS,quantile,0.450,0.3
2026-09-16,ILI incidence,2,2026-09-20,IS,quantile,0.500,0.5
2026-09-16,ILI incidence,2,2026-09-20,IS,quantile,0.550,0.8
2026-09-16,ILI incidence,2,2026-09-20,IS,quantile,0.600,1.0000000000000007
2026-09-16,ILI incidence,2,2026-09-20,IS,quantile,0.650,1.3350000000000366
2026-09-16,ILI incidence,2,2026-09-20,IS,quantile,0.700,1.7999999999999996
2026-09-16,ILI incidence,2,2026-09-20,IS,quantile,0.750,2.1999999999999997
2026-09-16,ILI incidence,2,2026-09-20,IS,quantile,0.800,2.6000000000000005
2026-09-16,ILI incidence,2,2026-09-20,IS,quantile,0.850,3.3000000000000003
2026-09-16,ILI incidence,2,2026-09-20,IS,quantile,0.900,4.6
2026-09-16,ILI incidence,2,2026-09-20,IS,quantile,0.950,7.699999999999999
2026-09-16,ILI incidence,2,2026-09-20,IS,quantile,0.975,11.702499999999967
2026-09-16,ILI incidence,2,2026-09-20,IS,quantile,0.990,19.40100000000002
2026-09-16,ILI incidence,2,2026-09-20,IS,median,,0.5
2026-09-16,ILI incidence,3,2026-09-27,IS,quantile,0.010,0.0
2026-09-16,ILI incidence,3,2026-09-27,IS,quantile,0.025,0.0
2026-09-16,ILI incidence,3,2026-09-27,IS,quantile,0.050,0.0
2026-09-16,ILI incidence,3,2026-09-27,IS,quantile,0.100,0.0
2026-09-16,ILI incidence,3,2026-09-27,IS,quantile,0.150,0.0
2026-09-16,ILI incidence,3,2026-09-27,IS,quantile,0.200,0.0
2026-09-16,ILI incidence,3,2026-09-27,IS,quantile,0.250,0.0
2026-09-16,ILI incidence,3,2026-09-27,IS,quantile,0.300,0.0
2026-09-16,ILI incidence,3,2026-09-27,IS,quantile,0.350,0.0
2026-09-16,ILI incidence,3,2026-09-27,IS,quantile,0.400,0.0
2026-09-16,ILI incidence,3,2026-09-27,IS,quantile,0.450,0.10000000000000152
2026-09-16,ILI incidence,3,2026-09-27,IS,quantile,0.500,0.5
2026-09-16,ILI incidence,3,2026-09-27,IS,quantile,0.550,0.8999999999999994
2026-09-16,ILI incidence,3,2026-09-27,IS,quantile,0.600,1.2999999999999998
2026-09-16,ILI incidence,3,2026-09-27,IS,quantile,0.650,1.7000000000000002
2026-09-16,ILI incidence,3,2026-09-27,IS,quantile,0.700,2.200000000000001
2026-09-16,ILI incidence,3,2026-09-27,IS,quantile,0.750,2.8
2026-09-16,ILI incidence,3,2026-09-27,IS,quantile,0.800,3.5000000000000004
2026-09-16,ILI incidence,3,2026-09-27,IS,quantile,0.850,4.6
2026-09-16,ILI incidence,3,2026-09-27,IS,quantile,0.900,6.2
2026-09-16,ILI incidence,3,2026-09-27,IS,quantile,0.950,10.100000000000001
2026-09-16,ILI incidence,3,2026-09-27,IS,quantile,0.975,14.5
2026-09-16,ILI incidence,3,2026-09-27,IS,quantile,0.990,20.8
2026-09-16,ILI incidence,3,2026-09-27,IS,median,,0.5
2026-09-16,ILI incidence,4,2026-10-04,IS,quantile,0.010,0.0
2026-09-16,ILI incidence,4,2026-10-04,IS,quantile,0.025,0.0
2026-09-16,ILI incidence,4,2026-10-04,IS,quantile,0.050,0.0
2026-09-16,ILI incidence,4,2026-10-04,IS,quantile,0.100,0.0
2026-09-16,ILI incidence,4,2026-10-04,IS,quantile,0.150,0.0
2026-09-16,ILI incidence,4,2026-10-04,IS,quantile,0.200,0.0
2026-09-16,ILI incidence,4,2026-10-04,IS,quantile,0.250,0.0
2026-09-16,ILI incidence,4,2026-10-04,IS,quantile,0.300,0.0
2026-09-16,ILI incidence,4,2026-10-04,IS,quantile,0.350,0.0
2026-09-16,ILI incidence,4,2026-10-04,IS,quantile,0.400,0.0
2026-09-16,ILI incidence,4,2026-10-04,IS,quantile,0.450,0.0
2026-09-16,ILI incidence,4,2026-10-04,IS,quantile,0.500,0.5
2026-09-16,ILI incidence,4,2026-10-04,IS,quantile,0.550,1.0
2026-09-16,ILI incidence,4,2026-10-04,IS,quantile,0.600,1.5
2026-09-16,ILI incidence,4,2026-10-04,IS,quantile,0.650,2.0999999999999996
2026-09-16,ILI incidence,4,2026-10-04,IS,quantile,0.700,2.7
2026-09-16,ILI incidence,4,2026-10-04,IS,quantile,0.750,3.3999999999999995
2026-09-16,ILI incidence,4,2026-10-04,IS,quantile,0.800,4.3
2026-09-16,ILI incidence,4,2026-10-04,IS,quantile,0.850,5.5
2026-09-16,ILI incidence,4,2026-10-04,IS,quantile,0.900,7.610000000000039
2026-09-16,ILI incidence,4,2026-10-04,IS,quantile,0.950,12.1
2026-09-16,ILI incidence,4,2026-10-04,IS,quantile,0.975,17.6
2026-09-16,ILI incidence,4,2026-10-04,IS,quantile,0.990,21.6
2026-09-16,ILI incidence,4,2026-10-04,IS,median,,0.5
2026-09-16,ILI incidence,1,2026-09-13,IE,quantile,0.010,0.0
2026-09-16,ILI incidence,1,2026-09-13,IE,quantile,0.025,0.0
2026-09-16,ILI incidence,1,2026-09-13,IE,quantile,0.050,0.0
2026-09-16,ILI incidence,1,2026-09-13,IE,quantile,0.100,0.0
2026-09-16,ILI incidence,1,2026-09-13,IE,quantile,0.150,0.0
2026-09-16,ILI incidence,1,2026-09-13,IE,quantile,0.200,0.0
2026-09-16,ILI incidence,1,2026-09-13,IE,quantile,0.250,0.0
2026-09-16,ILI incidence,1,2026-09-13,IE,quantile,0.300,0.3999999999999999
2026-09-16,ILI incidence,1,2026-09-13,IE,quantile,0.350,0.7
2026-09-16,ILI incidence,1,2026-09-13,IE,quantile,0.400,0.8999999999999999
2026-09-16,ILI incidence,1,2026-09-13,IE,quantile,0.450,1.2999999999999998
2026-09-16,ILI incidence,1,2026-09-13,IE,quantile,0.500,1.5
2026-09-16,ILI incidence,1,2026-09-13,IE,quantile,0.550,1.7000000000000002
2026-09-16,ILI incidence,1,2026-09-13,IE,quantile,0.600,2.0999999999999996
2026-09-16,ILI incidence,1,2026-09-13,IE,quantile,0.650,2.3
2026-09-16,ILI incidence,1,2026-09-13,IE,quantile,0.700,2.5999999999999996
2026-09-16,ILI incidence,1,2026-09-13,IE,quantile,0.750,3.0
2026-09-16,ILI incidence,1,2026-09-13,IE,quantile,0.800,3.3000000000000007
2026-09-16,ILI incidence,1,2026-09-13,IE,quantile,0.850,4.0
2026-09-16,ILI incidence,1,2026-09-13,IE,quantile,0.900,5.5
2026-09-16,ILI incidence,1,2026-09-13,IE,quantile,0.950,10.399999999999999
2026-09-16,ILI incidence,1,2026-09-13,IE,quantile,0.975,24.200000000000003
2026-09-16,ILI incidence,1,2026-09-13,IE,quantile,0.990,36.099999999999994
2026-09-16,ILI incidence,1,2026-09-13,IE,median,,1.5
2026-09-16,ILI incidence,2,2026-09-20,IE,quantile,0.010,0.0
2026-09-16,ILI incidence,2,2026-09-20,IE,quantile,0.025,0.0
2026-09-16,ILI incidence,2,2026-09-20,IE,quantile,0.050,0.0
2026-09-16,ILI incidence,2,2026-09-20,IE,quantile,0.100,0.0
2026-09-16,ILI incidence,2,2026-09-20,IE,quantile,0.150,0.0
2026-09-16,ILI incidence,2,2026-09-20,IE,quantile,0.200,0.0
2026-09-16,ILI incidence,2,2026-09-20,IE,quantile,0.250,0.0
2026-09-16,ILI incidence,2,2026-09-20,IE,quantile,0.300,0.0
2026-09-16,ILI incidence,2,2026-09-20,IE,quantile,0.350,0.10000000000000009
2026-09-16,ILI incidence,2,2026-09-20,IE,quantile,0.400,0.6000000000000002
2026-09-16,ILI incidence,2,2026-09-20,IE,quantile,0.450,1.0999999999999996
2026-09-16,ILI incidence,2,2026-09-20,IE,quantile,0.500,1.5
2026-09-16,ILI incidence,2,2026-09-20,IE,quantile,0.550,2.0
2026-09-16,ILI incidence,2,2026-09-20,IE,quantile,0.600,2.4000000000000004
2026-09-16,ILI incidence,2,2026-09-20,IE,quantile,0.650,2.9000000000000017
2026-09-16,ILI incidence,2,2026-09-20,IE,quantile,0.700,3.5000000000000004
2026-09-16,ILI incidence,2,2026-09-20,IE,quantile,0.750,4.2
2026-09-16,ILI incidence,2,2026-09-20,IE,quantile,0.800,5.100000000000001
2026-09-16,ILI incidence,2,2026-09-20,IE,quantile,0.850,6.8
2026-09-16,ILI incidence,2,2026-09-20,IE,quantile,0.900,10.2
2026-09-16,ILI incidence,2,2026-09-20,IE,quantile,0.950,23.699999999999996
2026-09-16,ILI incidence,2,2026-09-20,IE,quantile,0.975,32.4
2026-09-16,ILI incidence,2,2026-09-20,IE,quantile,0.990,39.3
2026-09-16,ILI incidence,2,2026-09-20,IE,median,,1.5
2026-09-16,ILI incidence,3,2026-09-27,IE,quantile,0.010,0.0
2026-09-16,ILI incidence,3,2026-09-27,IE,quantile,0.025,0.0
2026-09-16,ILI incidence,3,2026-09-27,IE,quantile,0.050,0.0
2026-09-16,ILI incidence,3,2026-09-27,IE,quantile,0.100,0.0
2026-09-16,ILI incidence,3,2026-09-27,IE,quantile,0.150,0.0
2026-09-16,ILI incidence,3,2026-09-27,IE,quantile,0.200,0.0
2026-09-16,ILI incidence,3,2026-09-27,IE,quantile,0.250,0.0
2026-09-16,ILI incidence,3,2026-09-27,IE,quantile,0.300,0.0
2026-09-16,ILI incidence,3,2026-09-27,IE,quantile,0.350,0.0
2026-09-16,ILI incidence,3,2026-09-27,IE,quantile,0.400,0.2600000000000321
2026-09-16,ILI incidence,3,2026-09-27,IE,quantile,0.450,0.8999999999999997
2026-09-16,ILI incidence,3,2026-09-27,IE,quantile,0.500,1.5999999999999996
2026-09-16,ILI incidence,3,2026-09-27,IE,quantile,0.550,2.1999999999999993
2026-09-16,ILI incidence,3,2026-09-27,IE,quantile,0.600,2.8999999999999986
2026-09-16,ILI incidence,3,2026-09-27,IE,quantile,0.650,3.6
2026-09-16,ILI incidence,3,2026-09-27,IE,quantile,0.700,4.499999999999999
2026-09-16,ILI incidence,3,2026-09-27,IE,quantile,0.750,5.6999999999999975
2026-09-16,ILI incidence,3,2026-09-27,IE,quantile,0.800,7.199999999999997
2026-09-16,ILI incidence,3,2026-09-27,IE,quantile,0.850,9.8
2026-09-16,ILI incidence,3,2026-09-27,IE,quantile,0.900,15.5
2026-09-16,ILI incidence,3,2026-09-27,IE,quantile,0.950,28.199999999999996
2026-09-16,ILI incidence,3,2026-09-27,IE,quantile,0.975,36.2
2026-09-16,ILI incidence,3,2026-09-27,IE,quantile,0.990,53.20500000000011
2026-09-16,ILI incidence,3,2026-09-27,IE,median,,1.5999999999999996
2026-09-16,ILI incidence,4,2026-10-04,IE,quantile,0.010,0.0
2026-09-16,ILI incidence,4,2026-10-04,IE,quantile,0.025,0.0
2026-09-16,ILI incidence,4,2026-10-04,IE,quantile,0.050,0.0
2026-09-16,ILI incidence,4,2026-10-04,IE,quantile,0.100,0.0
2026-09-16,ILI incidence,4,2026-10-04,IE,quantile,0.150,0.0
2026-09-16,ILI incidence,4,2026-10-04,IE,quantile,0.200,0.0
2026-09-16,ILI incidence,4,2026-10-04,IE,quantile,0.250,0.0
2026-09-16,ILI incidence,4,2026-10-04,IE,quantile,0.300,0.0
2026-09-16,ILI incidence,4,2026-10-04,IE,quantile,0.350,0.0
2026-09-16,ILI incidence,4,2026-10-04,IE,quantile,0.400,0.0
2026-09-16,ILI incidence,4,2026-10-04,IE,quantile,0.450,0.7000000000000002
2026-09-16,ILI incidence,4,2026-10-04,IE,quantile,0.500,1.5999999999999996
2026-09-16,ILI incidence,4,2026-10-04,IE,quantile,0.550,2.4000000000000004
2026-09-16,ILI incidence,4,2026-10-04,IE,quantile,0.600,3.239999999999964
2026-09-16,ILI incidence,4,2026-10-04,IE,quantile,0.650,4.300000000000001
2026-09-16,ILI incidence,4,2026-10-04,IE,quantile,0.700,5.5
2026-09-16,ILI incidence,4,2026-10-04,IE,quantile,0.750,7.0
2026-09-16,ILI incidence,4,2026-10-04,IE,quantile,0.800,9.020000000000072
2026-09-16,ILI incidence,4,2026-10-04,IE,quantile,0.850,12.8
2026-09-16,ILI incidence,4,2026-10-04,IE,quantile,0.900,21.110000000000042
2026-09-16,ILI incidence,4,2026-10-04,IE,quantile,0.950,31.700000000000003
2026-09-16,ILI incidence,4,2026-10-04,IE,quantile,0.975,38.69999999999999
2026-09-16,ILI incidence,4,2026-10-04,IE,quantile,0.990,55.7040000000001
2026-09-16,ILI incidence,4,2026-10-04,IE,median,,1.5999999999999996
2026-09-16,ILI incidence,1,2026-09-13,LT,quantile,0.010,0.0
2026-09-16,ILI incidence,1,2026-09-13,LT,quantile,0.025,0.0
2026-09-16,ILI incidence,1,2026-09-13,LT,quantile,0.050,0.0
2026-09-16,ILI incidence,1,2026-09-13,LT,quantile,0.100,0.0
2026-09-16,ILI incidence,1,2026-09-13,LT,quantile,0.150,0.0
2026-09-16,ILI incidence,1,2026-09-13,LT,quantile,0.200,0.0
2026-09-16,ILI incidence,1,2026-09-13,LT,quantile,0.250,0.0
2026-09-16,ILI incidence,1,2026-09-13,LT,quantile,0.300,0.8
2026-09-16,ILI incidence,1,2026-09-13,LT,quantile,0.350,1.3
2026-09-16,ILI incidence,1,2026-09-13,LT,quantile,0.400,1.5
2026-09-16,ILI incidence,1,2026-09-13,LT,quantile,0.450,1.6
2026-09-16,ILI incidence,1,2026-09-13,LT,quantile,0.500,1.8
2026-09-16,ILI incidence,1,2026-09-13,LT,quantile,0.550,1.9000000000000001
2026-09-16,ILI incidence,1,2026-09-13,LT,quantile,0.600,2.1
2026-09-16,ILI incidence,1,2026-09-13,LT,quantile,0.650,2.3
2026-09-16,ILI incidence,1,2026-09-13,LT,quantile,0.700,2.7
2026-09-16,ILI incidence,1,2026-09-13,LT,quantile,0.750,3.7
2026-09-16,ILI incidence,1,2026-09-13,LT,quantile,0.800,5.400000000000001
2026-09-16,ILI incidence,1,2026-09-13,LT,quantile,0.850,13.0
2026-09-16,ILI incidence,1,2026-09-13,LT,quantile,0.900,30.699999999999992
2026-09-16,ILI incidence,1,2026-09-13,LT,quantile,0.950,55.699999999999974
2026-09-16,ILI incidence,1,2026-09-13,LT,quantile,0.975,93.69999999999997
2026-09-16,ILI incidence,1,2026-09-13,LT,quantile,0.990,141.2
2026-09-16,ILI incidence,1,2026-09-13,LT,median,,1.8
2026-09-16,ILI incidence,2,2026-09-20,LT,quantile,0.010,0.0
2026-09-16,ILI incidence,2,2026-09-20,LT,quantile,0.025,0.0
2026-09-16,ILI incidence,2,2026-09-20,LT,quantile,0.050,0.0
2026-09-16,ILI incidence,2,2026-09-20,LT,quantile,0.100,0.0
2026-09-16,ILI incidence,2,2026-09-20,LT,quantile,0.150,0.0
2026-09-16,ILI incidence,2,2026-09-20,LT,quantile,0.200,0.0
2026-09-16,ILI incidence,2,2026-09-20,LT,quantile,0.250,0.0
2026-09-16,ILI incidence,2,2026-09-20,LT,quantile,0.300,0.0
2026-09-16,ILI incidence,2,2026-09-20,LT,quantile,0.350,0.0
2026-09-16,ILI incidence,2,2026-09-20,LT,quantile,0.400,0.5000000000000002
2026-09-16,ILI incidence,2,2026-09-20,LT,quantile,0.450,1.2999999999999992
2026-09-16,ILI incidence,2,2026-09-20,LT,quantile,0.500,1.7999999999999998
2026-09-16,ILI incidence,2,2026-09-20,LT,quantile,0.550,2.299999999999999
2026-09-16,ILI incidence,2,2026-09-20,LT,quantile,0.600,2.939999999999976
2026-09-16,ILI incidence,2,2026-09-20,LT,quantile,0.650,4.199999999999998
2026-09-16,ILI incidence,2,2026-09-20,LT,quantile,0.700,6.829999999999926
2026-09-16,ILI incidence,2,2026-09-20,LT,quantile,0.750,13.100000000000001
2026-09-16,ILI incidence,2,2026-09-20,LT,quantile,0.800,21.8
2026-09-16,ILI incidence,2,2026-09-20,LT,quantile,0.850,38.114999999999974
2026-09-16,ILI incidence,2,2026-09-20,LT,quantile,0.900,55.51000000000005
2026-09-16,ILI incidence,2,2026-09-20,LT,quantile,0.950,93.10499999999993
2026-09-16,ILI incidence,2,2026-09-20,LT,quantile,0.975,139.2
2026-09-16,ILI incidence,2,2026-09-20,LT,quantile,0.990,170.901
2026-09-16,ILI incidence,2,2026-09-20,LT,median,,1.7999999999999998
2026-09-16,ILI incidence,3,2026-09-27,LT,quantile,0.010,0.0
2026-09-16,ILI incidence,3,2026-09-27,LT,quantile,0.025,0.0
2026-09-16,ILI incidence,3,2026-09-27,LT,quantile,0.050,0.0
2026-09-16,ILI incidence,3,2026-09-27,LT,quantile,0.100,0.0
2026-09-16,ILI incidence,3,2026-09-27,LT,quantile,0.150,0.0
2026-09-16,ILI incidence,3,2026-09-27,LT,quantile,0.200,0.0
2026-09-16,ILI incidence,3,2026-09-27,LT,quantile,0.250,0.0
2026-09-16,ILI incidence,3,2026-09-27,LT,quantile,0.300,0.0
2026-09-16,ILI incidence,3,2026-09-27,LT,quantile,0.350,0.0
2026-09-16,ILI incidence,3,2026-09-27,LT,quantile,0.400,0.0
2026-09-16,ILI incidence,3,2026-09-27,LT,quantile,0.450,0.7000000000000002
2026-09-16,ILI incidence,3,2026-09-27,LT,quantile,0.500,1.8
2026-09-16,ILI incidence,3,2026-09-27,LT,quantile,0.550,2.9000000000000004
2026-09-16,ILI incidence,3,2026-09-27,LT,quantile,0.600,4.7
2026-09-16,ILI incidence,3,2026-09-27,LT,quantile,0.650,9.000000000000004
2026-09-16,ILI incidence,3,2026-09-27,LT,quantile,0.700,15.299999999999985
2026-09-16,ILI incidence,3,2026-09-27,LT,quantile,0.750,24.6
2026-09-16,ILI incidence,3,2026-09-27,LT,quantile,0.800,37.8
2026-09-16,ILI incidence,3,2026-09-27,LT,quantile,0.850,51.31499999999999
2026-09-16,ILI incidence,3,2026-09-27,LT,quantile,0.900,75.92000000000006
2026-09-16,ILI incidence,3,2026-09-27,LT,quantile,0.950,114.6049999999999
2026-09-16,ILI incidence,3,2026-09-27,LT,quantile,0.975,156.40749999999986
2026-09-16,ILI incidence,3,2026-09-27,LT,quantile,0.990,211.70600000000013
2026-09-16,ILI incidence,3,2026-09-27,LT,median,,1.8
2026-09-16,ILI incidence,4,2026-10-04,LT,quantile,0.010,0.0
2026-09-16,ILI incidence,4,2026-10-04,LT,quantile,0.025,0.0
2026-09-16,ILI incidence,4,2026-10-04,LT,quantile,0.050,0.0
2026-09-16,ILI incidence,4,2026-10-04,LT,quantile,0.100,0.0
2026-09-16,ILI incidence,4,2026-10-04,LT,quantile,0.150,0.0
2026-09-16,ILI incidence,4,2026-10-04,LT,quantile,0.200,0.0
2026-09-16,ILI incidence,4,2026-10-04,LT,quantile,0.250,0.0
2026-09-16,ILI incidence,4,2026-10-04,LT,quantile,0.300,0.0
2026-09-16,ILI incidence,4,2026-10-04,LT,quantile,0.350,0.0
2026-09-16,ILI incidence,4,2026-10-04,LT,quantile,0.400,0.0
2026-09-16,ILI incidence,4,2026-10-04,LT,quantile,0.450,0.0
2026-09-16,ILI incidence,4,2026-10-04,LT,quantile,0.500,1.6999999999999993
2026-09-16,ILI incidence,4,2026-10-04,LT,quantile,0.550,3.7
2026-09-16,ILI incidence,4,2026-10-04,LT,quantile,0.600,7.599999999999967
2026-09-16,ILI incidence,4,2026-10-04,LT,quantile,0.650,13.700000000000003
2026-09-16,ILI incidence,4,2026-10-04,LT,quantile,0.700,22.3
2026-09-16,ILI incidence,4,2026-10-04,LT,quantile,0.750,34.02499999999999
2026-09-16,ILI incidence,4,2026-10-04,LT,quantile,0.800,47.52000000000009
2026-09-16,ILI incidence,4,2026-10-04,LT,quantile,0.850,65.21499999999996
2026-09-16,ILI incidence,4,2026-10-04,LT,quantile,0.900,90.5
2026-09-16,ILI incidence,4,2026-10-04,LT,quantile,0.950,137.50999999999985
2026-09-16,ILI incidence,4,2026-10-04,LT,quantile,0.975,176.01499999999973
2026-09-16,ILI incidence,4,2026-10-04,LT,quantile,0.990,225.79999999999998
2026-09-16,ILI incidence,4,2026-10-04,LT,median,,1.6999999999999993
2026-09-16,ILI incidence,1,2026-09-13,LU,quantile,0.010,0.0
2026-09-16,ILI incidence,1,2026-09-13,LU,quantile,0.025,0.0
2026-09-16,ILI incidence,1,2026-09-13,LU,quantile,0.050,0.0
2026-09-16,ILI incidence,1,2026-09-13,LU,quantile,0.100,0.0
2026-09-16,ILI incidence,1,2026-09-13,LU,quantile,0.150,0.0
2026-09-16,ILI incidence,1,2026-09-13,LU,quantile,0.200,0.0
2026-09-16,ILI incidence,1,2026-09-13,LU,quantile,0.250,0.0
2026-09-16,ILI incidence,1,2026-09-13,LU,quantile,0.300,0.0
2026-09-16,ILI incidence,1,2026-09-13,LU,quantile,0.350,0.0
2026-09-16,ILI incidence,1,2026-09-13,LU,quantile,0.400,0.0
2026-09-16,ILI incidence,1,2026-09-13,LU,quantile,0.450,0.0
2026-09-16,ILI incidence,1,2026-09-13,LU,quantile,0.500,0.0
2026-09-16,ILI incidence,1,2026-09-13,LU,quantile,0.550,200.0
2026-09-16,ILI incidence,1,2026-09-13,LU,quantile,0.600,400.0
2026-09-16,ILI incidence,1,2026-09-13,LU,quantile,0.650,500.0
2026-09-16,ILI incidence,1,2026-09-13,LU,quantile,0.700,800.0
2026-09-16,ILI incidence,1,2026-09-13,LU,quantile,0.750,1000.0
2026-09-16,ILI incidence,1,2026-09-13,LU,quantile,0.800,1500.0
2026-09-16,ILI incidence,1,2026-09-13,LU,quantile,0.850,2000.0
2026-09-16,ILI incidence,1,2026-09-13,LU,quantile,0.900,2400.0
2026-09-16,ILI incidence,1,2026-09-13,LU,quantile,0.950,3700.0
2026-09-16,ILI incidence,1,2026-09-13,LU,quantile,0.975,5300.0
2026-09-16,ILI incidence,1,2026-09-13,LU,quantile,0.990,7800.0
2026-09-16,ILI incidence,1,2026-09-13,LU,median,,0.0
2026-09-16,ILI incidence,2,2026-09-20,LU,quantile,0.010,0.0
2026-09-16,ILI incidence,2,2026-09-20,LU,quantile,0.025,0.0
2026-09-16,ILI incidence,2,2026-09-20,LU,quantile,0.050,0.0
2026-09-16,ILI incidence,2,2026-09-20,LU,quantile,0.100,0.0
2026-09-16,ILI incidence,2,2026-09-20,LU,quantile,0.150,0.0
2026-09-16,ILI incidence,2,2026-09-20,LU,quantile,0.200,0.0
2026-09-16,ILI incidence,2,2026-09-20,LU,quantile,0.250,0.0
2026-09-16,ILI incidence,2,2026-09-20,LU,quantile,0.300,0.0
2026-09-16,ILI incidence,2,2026-09-20,LU,quantile,0.350,0.0
2026-09-16,ILI incidence,2,2026-09-20,LU,quantile,0.400,0.0
2026-09-16,ILI incidence,2,2026-09-20,LU,quantile,0.450,0.0
2026-09-16,ILI incidence,2,2026-09-20,LU,quantile,0.500,0.0
2026-09-16,ILI incidence,2,2026-09-20,LU,quantile,0.550,300.0
2026-09-16,ILI incidence,2,2026-09-20,LU,quantile,0.600,700.0
2026-09-16,ILI incidence,2,2026-09-20,LU,quantile,0.650,1000.0
2026-09-16,ILI incidence,2,2026-09-20,LU,quantile,0.700,1400.0
2026-09-16,ILI incidence,2,2026-09-20,LU,quantile,0.750,1800.0
2026-09-16,ILI incidence,2,2026-09-20,LU,quantile,0.800,2400.0
2026-09-16,ILI incidence,2,2026-09-20,LU,quantile,0.850,3000.0
2026-09-16,ILI incidence,2,2026-09-20,LU,quantile,0.900,4000.0
2026-09-16,ILI incidence,2,2026-09-20,LU,quantile,0.950,5700.0
2026-09-16,ILI incidence,2,2026-09-20,LU,quantile,0.975,7800.0
2026-09-16,ILI incidence,2,2026-09-20,LU,quantile,0.990,11100.0
2026-09-16,ILI incidence,2,2026-09-20,LU,median,,0.0
2026-09-16,ILI incidence,3,2026-09-27,LU,quantile,0.010,0.0
2026-09-16,ILI incidence,3,2026-09-27,LU,quantile,0.025,0.0
2026-09-16,ILI incidence,3,2026-09-27,LU,quantile,0.050,0.0
2026-09-16,ILI incidence,3,2026-09-27,LU,quantile,0.100,0.0
2026-09-16,ILI incidence,3,2026-09-27,LU,quantile,0.150,0.0
2026-09-16,ILI incidence,3,2026-09-27,LU,quantile,0.200,0.0
2026-09-16,ILI incidence,3,2026-09-27,LU,quantile,0.250,0.0
2026-09-16,ILI incidence,3,2026-09-27,LU,quantile,0.300,0.0
2026-09-16,ILI incidence,3,2026-09-27,LU,quantile,0.350,0.0
2026-09-16,ILI incidence,3,2026-09-27,LU,quantile,0.400,0.0
2026-09-16,ILI incidence,3,2026-09-27,LU,quantile,0.450,0.0
2026-09-16,ILI incidence,3,2026-09-27,LU,quantile,0.500,0.0
2026-09-16,ILI incidence,3,2026-09-27,LU,quantile,0.550,400.0
2026-09-16,ILI incidence,3,2026-09-27,LU,quantile,0.600,900.0
2026-09-16,ILI incidence,3,2026-09-27,LU,quantile,0.650,1400.0
2026-09-16,ILI incidence,3,2026-09-27,LU,quantile,0.700,1900.0
2026-09-16,ILI incidence,3,2026-09-27,LU,quantile,0.750,2500.0
2026-09-16,ILI incidence,3,2026-09-27,LU,quantile,0.800,3100.0
2026-09-16,ILI incidence,3,2026-09-27,LU,quantile,0.850,3900.0
2026-09-16,ILI incidence,3,2026-09-27,LU,quantile,0.900,5100.0
2026-09-16,ILI incidence,3,2026-09-27,LU,quantile,0.950,7000.0
2026-09-16,ILI incidence,3,2026-09-27,LU,quantile,0.975,9400.0
2026-09-16,ILI incidence,3,2026-09-27,LU,quantile,0.990,12300.0
2026-09-16,ILI incidence,3,2026-09-27,LU,median,,0.0
2026-09-16,ILI incidence,4,2026-10-04,LU,quantile,0.010,0.0
2026-09-16,ILI incidence,4,2026-10-04,LU,quantile,0.025,0.0
2026-09-16,ILI incidence,4,2026-10-04,LU,quantile,0.050,0.0
2026-09-16,ILI incidence,4,2026-10-04,LU,quantile,0.100,0.0
2026-09-16,ILI incidence,4,2026-10-04,LU,quantile,0.150,0.0
2026-09-16,ILI incidence,4,2026-10-04,LU,quantile,0.200,0.0
2026-09-16,ILI incidence,4,2026-10-04,LU,quantile,0.250,0.0
2026-09-16,ILI incidence,4,2026-10-04,LU,quantile,0.300,0.0
2026-09-16,ILI incidence,4,2026-10-04,LU,quantile,0.350,0.0
2026-09-16,ILI incidence,4,2026-10-04,LU,quantile,0.400,0.0
2026-09-16,ILI incidence,4,2026-10-04,LU,quantile,0.450,0.0
2026-09-16,ILI incidence,4,2026-10-04,LU,quantile,0.500,0.0
2026-09-16,ILI incidence,4,2026-10-04,LU,quantile,0.550,600.0
2026-09-16,ILI incidence,4,2026-10-04,LU,quantile,0.600,1100.0
2026-09-16,ILI incidence,4,2026-10-04,LU,quantile,0.650,1700.0
2026-09-16,ILI incidence,4,2026-10-04,LU,quantile,0.700,2200.0
2026-09-16,ILI incidence,4,2026-10-04,LU,quantile,0.750,3000.0
2026-09-16,ILI incidence,4,2026-10-04,LU,quantile,0.800,3800.0
2026-09-16,ILI incidence,4,2026-10-04,LU,quantile,0.850,4700.0
2026-09-16,ILI incidence,4,2026-10-04,LU,quantile,0.900,6100.0
2026-09-16,ILI incidence,4,2026-10-04,LU,quantile,0.950,8400.0
2026-09-16,ILI incidence,4,2026-10-04,LU,quantile,0.975,10900.0
2026-09-16,ILI incidence,4,2026-10-04,LU,quantile,0.990,13800.0
2026-09-16,ILI incidence,4,2026-10-04,LU,median,,0.0
2026-09-16,ILI incidence,1,2026-09-13,MT,quantile,0.010,0.0
2026-09-16,ILI incidence,1,2026-09-13,MT,quantile,0.025,1900.0
2026-09-16,ILI incidence,1,2026-09-13,MT,quantile,0.050,2900.0
2026-09-16,ILI incidence,1,2026-09-13,MT,quantile,0.100,3600.0
2026-09-16,ILI incidence,1,2026-09-13,MT,quantile,0.150,4100.0
2026-09-16,ILI incidence,1,2026-09-13,MT,quantile,0.200,4400.0
2026-09-16,ILI incidence,1,2026-09-13,MT,quantile,0.250,4800.0
2026-09-16,ILI incidence,1,2026-09-13,MT,quantile,0.300,5100.0
2026-09-16,ILI incidence,1,2026-09-13,MT,quantile,0.350,5300.0
2026-09-16,ILI incidence,1,2026-09-13,MT,quantile,0.400,5500.0
2026-09-16,ILI incidence,1,2026-09-13,MT,quantile,0.450,5700.0
2026-09-16,ILI incidence,1,2026-09-13,MT,quantile,0.500,5800.0
2026-09-16,ILI incidence,1,2026-09-13,MT,quantile,0.550,6100.0
2026-09-16,ILI incidence,1,2026-09-13,MT,quantile,0.600,6300.0
2026-09-16,ILI incidence,1,2026-09-13,MT,quantile,0.650,6500.0
2026-09-16,ILI incidence,1,2026-09-13,MT,quantile,0.700,6700.0
2026-09-16,ILI incidence,1,2026-09-13,MT,quantile,0.750,7000.0
2026-09-16,ILI incidence,1,2026-09-13,MT,quantile,0.800,7300.0
2026-09-16,ILI incidence,1,2026-09-13,MT,quantile,0.850,7700.0
2026-09-16,ILI incidence,1,2026-09-13,MT,quantile,0.900,8200.0
2026-09-16,ILI incidence,1,2026-09-13,MT,quantile,0.950,8900.0
2026-09-16,ILI incidence,1,2026-09-13,MT,quantile,0.975,10100.0
2026-09-16,ILI incidence,1,2026-09-13,MT,quantile,0.990,12500.0
2026-09-16,ILI incidence,1,2026-09-13,MT,median,,5800.0
2026-09-16,ILI incidence,2,2026-09-20,MT,quantile,0.010,0.0
2026-09-16,ILI incidence,2,2026-09-20,MT,quantile,0.025,0.0
2026-09-16,ILI incidence,2,2026-09-20,MT,quantile,0.050,1200.0
2026-09-16,ILI incidence,2,2026-09-20,MT,quantile,0.100,2500.0
2026-09-16,ILI incidence,2,2026-09-20,MT,quantile,0.150,3200.0
2026-09-16,ILI incidence,2,2026-09-20,MT,quantile,0.200,3700.0
2026-09-16,ILI incidence,2,2026-09-20,MT,quantile,0.250,4200.0
2026-09-16,ILI incidence,2,2026-09-20,MT,quantile,0.300,4600.0
2026-09-16,ILI incidence,2,2026-09-20,MT,quantile,0.350,4900.0
2026-09-16,ILI incidence,2,2026-09-20,MT,quantile,0.400,5200.0
2026-09-16,ILI incidence,2,2026-09-20,MT,quantile,0.450,5600.0
2026-09-16,ILI incidence,2,2026-09-20,MT,quantile,0.500,5900.0
2026-09-16,ILI incidence,2,2026-09-20,MT,quantile,0.550,6200.0
2026-09-16,ILI incidence,2,2026-09-20,MT,quantile,0.600,6500.0
2026-09-16,ILI incidence,2,2026-09-20,MT,quantile,0.650,6900.0
2026-09-16,ILI incidence,2,2026-09-20,MT,quantile,0.700,7200.0
2026-09-16,ILI incidence,2,2026-09-20,MT,quantile,0.750,7600.0
2026-09-16,ILI incidence,2,2026-09-20,MT,quantile,0.800,8020.000000000073
2026-09-16,ILI incidence,2,2026-09-20,MT,quantile,0.850,8600.0
2026-09-16,ILI incidence,2,2026-09-20,MT,quantile,0.900,9300.0
2026-09-16,ILI incidence,2,2026-09-20,MT,quantile,0.950,10500.0
2026-09-16,ILI incidence,2,2026-09-20,MT,quantile,0.975,11700.0
2026-09-16,ILI incidence,2,2026-09-20,MT,quantile,0.990,13500.0
2026-09-16,ILI incidence,2,2026-09-20,MT,median,,5900.0
2026-09-16,ILI incidence,3,2026-09-27,MT,quantile,0.010,0.0
2026-09-16,ILI incidence,3,2026-09-27,MT,quantile,0.025,0.0
2026-09-16,ILI incidence,3,2026-09-27,MT,quantile,0.050,0.0
2026-09-16,ILI incidence,3,2026-09-27,MT,quantile,0.100,1500.0
2026-09-16,ILI incidence,3,2026-09-27,MT,quantile,0.150,2400.0
2026-09-16,ILI incidence,3,2026-09-27,MT,quantile,0.200,3200.0
2026-09-16,ILI incidence,3,2026-09-27,MT,quantile,0.250,3700.0
2026-09-16,ILI incidence,3,2026-09-27,MT,quantile,0.300,4200.0
2026-09-16,ILI incidence,3,2026-09-27,MT,quantile,0.350,4700.0
2026-09-16,ILI incidence,3,2026-09-27,MT,quantile,0.400,5100.0
2026-09-16,ILI incidence,3,2026-09-27,MT,quantile,0.450,5500.0
2026-09-16,ILI incidence,3,2026-09-27,MT,quantile,0.500,5900.0
2026-09-16,ILI incidence,3,2026-09-27,MT,quantile,0.550,6300.0
2026-09-16,ILI incidence,3,2026-09-27,MT,quantile,0.600,6700.0
2026-09-16,ILI incidence,3,2026-09-27,MT,quantile,0.650,7100.0
2026-09-16,ILI incidence,3,2026-09-27,MT,quantile,0.700,7600.0
2026-09-16,ILI incidence,3,2026-09-27,MT,quantile,0.750,8100.0
2026-09-16,ILI incidence,3,2026-09-27,MT,quantile,0.800,8600.0
2026-09-16,ILI incidence,3,2026-09-27,MT,quantile,0.850,9300.0
2026-09-16,ILI incidence,3,2026-09-27,MT,quantile,0.900,10200.0
2026-09-16,ILI incidence,3,2026-09-27,MT,quantile,0.950,11600.0
2026-09-16,ILI incidence,3,2026-09-27,MT,quantile,0.975,13000.0
2026-09-16,ILI incidence,3,2026-09-27,MT,quantile,0.990,14800.0
2026-09-16,ILI incidence,3,2026-09-27,MT,median,,5900.0
2026-09-16,ILI incidence,4,2026-10-04,MT,quantile,0.010,0.0
2026-09-16,ILI incidence,4,2026-10-04,MT,quantile,0.025,0.0
2026-09-16,ILI incidence,4,2026-10-04,MT,quantile,0.050,0.0
2026-09-16,ILI incidence,4,2026-10-04,MT,quantile,0.100,800.0
2026-09-16,ILI incidence,4,2026-10-04,MT,quantile,0.150,1900.0
2026-09-16,ILI incidence,4,2026-10-04,MT,quantile,0.200,2700.0
2026-09-16,ILI incidence,4,2026-10-04,MT,quantile,0.250,3400.0
2026-09-16,ILI incidence,4,2026-10-04,MT,quantile,0.300,4000.0
2026-09-16,ILI incidence,4,2026-10-04,MT,quantile,0.350,4500.0
2026-09-16,ILI incidence,4,2026-10-04,MT,quantile,0.400,5000.0
2026-09-16,ILI incidence,4,2026-10-04,MT,quantile,0.450,5500.0
2026-09-16,ILI incidence,4,2026-10-04,MT,quantile,0.500,6000.0
2026-09-16,ILI incidence,4,2026-10-04,MT,quantile,0.550,6400.0
2026-09-16,ILI incidence,4,2026-10-04,MT,quantile,0.600,6900.0
2026-09-16,ILI incidence,4,2026-10-04,MT,quantile,0.650,7400.0
2026-09-16,ILI incidence,4,2026-10-04,MT,quantile,0.700,7900.0
2026-09-16,ILI incidence,4,2026-10-04,MT,quantile,0.750,8400.0
2026-09-16,ILI incidence,4,2026-10-04,MT,quantile,0.800,9100.0
2026-09-16,ILI incidence,4,2026-10-04,MT,quantile,0.850,9900.0
2026-09-16,ILI incidence,4,2026-10-04,MT,quantile,0.900,10900.0
2026-09-16,ILI incidence,4,2026-10-04,MT,quantile,0.950,12700.0
2026-09-16,ILI incidence,4,2026-10-04,MT,quantile,0.975,14400.0
2026-09-16,ILI incidence,4,2026-10-04,MT,quantile,0.990,15900.0
2026-09-16,ILI incidence,4,2026-10-04,MT,median,,6000.0
2026-09-16,ILI incidence,1,2026-09-13,NO,quantile,0.010,0.0
2026-09-16,ILI incidence,1,2026-09-13,NO,quantile,0.025,0.0
2026-09-16,ILI incidence,1,2026-09-13,NO,quantile,0.050,0.0
2026-09-16,ILI incidence,1,2026-09-13,NO,quantile,0.100,0.0
2026-09-16,ILI incidence,1,2026-09-13,NO,quantile,0.150,0.0
2026-09-16,ILI incidence,1,2026-09-13,NO,quantile,0.200,4.5
2026-09-16,ILI incidence,1,2026-09-13,NO,quantile,0.250,6.300000000000001
2026-09-16,ILI incidence,1,2026-09-13,NO,quantile,0.300,6.600000000000001
2026-09-16,ILI incidence,1,2026-09-13,NO,quantile,0.350,7.299999999999999
2026-09-16,ILI incidence,1,2026-09-13,NO,quantile,0.400,7.799999999999994
2026-09-16,ILI incidence,1,2026-09-13,NO,quantile,0.450,8.299999999999999
2026-09-16,ILI incidence,1,2026-09-13,NO,quantile,0.500,8.7
2026-09-16,ILI incidence,1,2026-09-13,NO,quantile,0.550,9.2
2026-09-16,ILI incidence,1,2026-09-13,NO,quantile,0.600,9.600000000000005
2026-09-16,ILI incidence,1,2026-09-13,NO,quantile,0.650,10.1
2026-09-16,ILI incidence,1,2026-09-13,NO,quantile,0.700,10.799999999999997
2026-09-16,ILI incidence,1,2026-09-13,NO,quantile,0.750,11.0
2026-09-16,ILI incidence,1,2026-09-13,NO,quantile,0.800,13.0
2026-09-16,ILI incidence,1,2026-09-13,NO,quantile,0.850,17.999999999999996
2026-09-16,ILI incidence,1,2026-09-13,NO,quantile,0.900,28.100000000000005
2026-09-16,ILI incidence,1,2026-09-13,NO,quantile,0.950,36.000000000000014
2026-09-16,ILI incidence,1,2026-09-13,NO,quantile,0.975,48.80000000000001
2026-09-16,ILI incidence,1,2026-09-13,NO,quantile,0.990,68.1
2026-09-16,ILI incidence,1,2026-09-13,NO,median,,8.7
2026-09-16,ILI incidence,2,2026-09-20,NO,quantile,0.010,0.0
2026-09-16,ILI incidence,2,2026-09-20,NO,quantile,0.025,0.0
2026-09-16,ILI incidence,2,2026-09-20,NO,quantile,0.050,0.0
2026-09-16,ILI incidence,2,2026-09-20,NO,quantile,0.100,0.0
2026-09-16,ILI incidence,2,2026-09-20,NO,quantile,0.150,0.0
2026-09-16,ILI incidence,2,2026-09-20,NO,quantile,0.200,0.0
2026-09-16,ILI incidence,2,2026-09-20,NO,quantile,0.250,0.0
2026-09-16,ILI incidence,2,2026-09-20,NO,quantile,0.300,3.3999999999999964
2026-09-16,ILI incidence,2,2026-09-20,NO,quantile,0.350,5.4999999999999964
2026-09-16,ILI incidence,2,2026-09-20,NO,quantile,0.400,6.699999999999999
2026-09-16,ILI incidence,2,2026-09-20,NO,quantile,0.450,7.8
2026-09-16,ILI incidence,2,2026-09-20,NO,quantile,0.500,8.7
2026-09-16,ILI incidence,2,2026-09-20,NO,quantile,0.550,9.600000000000007
2026-09-16,ILI incidence,2,2026-09-20,NO,quantile,0.600,10.7
2026-09-16,ILI incidence,2,2026-09-20,NO,quantile,0.650,11.900000000000002
2026-09-16,ILI incidence,2,2026-09-20,NO,quantile,0.700,13.999999999999996
2026-09-16,ILI incidence,2,2026-09-20,NO,quantile,0.750,17.799999999999997
2026-09-16,ILI incidence,2,2026-09-20,NO,quantile,0.800,22.82000000000008
2026-09-16,ILI incidence,2,2026-09-20,NO,quantile,0.850,30.400000000000002
2026-09-16,ILI incidence,2,2026-09-20,NO,quantile,0.900,36.7
2026-09-16,ILI incidence,2,2026-09-20,NO,quantile,0.950,49.499999999999986
2026-09-16,ILI incidence,2,2026-09-20,NO,quantile,0.975,60.60249999999997
2026-09-16,ILI incidence,2,2026-09-20,NO,quantile,0.990,86.30600000000013
2026-09-16,ILI incidence,2,2026-09-20,NO,median,,8.7
2026-09-16,ILI incidence,3,2026-09-27,NO,quantile,0.010,0.0
2026-09-16,ILI incidence,3,2026-09-27,NO,quantile,0.025,0.0
2026-09-16,ILI incidence,3,2026-09-27,NO,quantile,0.050,0.0
2026-09-16,ILI incidence,3,2026-09-27,NO,quantile,0.100,0.0
2026-09-16,ILI incidence,3,2026-09-27,NO,quantile,0.150,0.0
2026-09-16,ILI incidence,3,2026-09-27,NO,quantile,0.200,0.0
2026-09-16,ILI incidence,3,2026-09-27,NO,quantile,0.250,0.0
2026-09-16,ILI incidence,3,2026-09-27,NO,quantile,0.300,0.0
2026-09-16,ILI incidence,3,2026-09-27,NO,quantile,0.350,2.6000000000000116
2026-09-16,ILI incidence,3,2026-09-27,NO,quantile,0.400,5.260000000000041
2026-09-16,ILI incidence,3,2026-09-27,NO,quantile,0.450,7.100000000000004
2026-09-16,ILI incidence,3,2026-09-27,NO,quantile,0.500,8.700000000000003
2026-09-16,ILI incidence,3,2026-09-27,NO,quantile,0.550,10.4
2026-09-16,ILI incidence,3,2026-09-27,NO,quantile,0.600,12.299999999999999
2026-09-16,ILI incidence,3,2026-09-27,NO,quantile,0.650,14.899999999999999
2026-09-16,ILI incidence,3,2026-09-27,NO,quantile,0.700,18.999999999999996
2026-09-16,ILI incidence,3,2026-09-27,NO,quantile,0.750,23.8
2026-09-16,ILI incidence,3,2026-09-27,NO,quantile,0.800,29.700000000000006
2026-09-16,ILI incidence,3,2026-09-27,NO,quantile,0.850,35.31499999999997
2026-09-16,ILI incidence,3,2026-09-27,NO,quantile,0.900,43.51000000000003
2026-09-16,ILI incidence,3,2026-09-27,NO,quantile,0.950,57.70499999999993
2026-09-16,ILI incidence,3,2026-09-27,NO,quantile,0.975,73.9074999999999
2026-09-16,ILI incidence,3,2026-09-27,NO,quantile,0.990,111.00100000000002
2026-09-16,ILI incidence,3,2026-09-27,NO,median,,8.700000000000003
2026-09-16,ILI incidence,4,2026-10-04,NO,quantile,0.010,0.0
2026-09-16,ILI incidence,4,2026-10-04,NO,quantile,0.025,0.0
2026-09-16,ILI incidence,4,2026-10-04,NO,quantile,0.050,0.0
2026-09-16,ILI incidence,4,2026-10-04,NO,quantile,0.100,0.0
2026-09-16,ILI incidence,4,2026-10-04,NO,quantile,0.150,0.0
2026-09-16,ILI incidence,4,2026-10-04,NO,quantile,0.200,0.0
2026-09-16,ILI incidence,4,2026-10-04,NO,quantile,0.250,0.0
2026-09-16,ILI incidence,4,2026-10-04,NO,quantile,0.300,0.0
2026-09-16,ILI incidence,4,2026-10-04,NO,quantile,0.350,0.0
2026-09-16,ILI incidence,4,2026-10-04,NO,quantile,0.400,3.399999999999994
2026-09-16,ILI incidence,4,2026-10-04,NO,quantile,0.450,6.2
2026-09-16,ILI incidence,4,2026-10-04,NO,quantile,0.500,8.7
2026-09-16,ILI incidence,4,2026-10-04,NO,quantile,0.550,11.145000000000074
2026-09-16,ILI incidence,4,2026-10-04,NO,quantile,0.600,13.999999999999998
2026-09-16,ILI incidence,4,2026-10-04,NO,quantile,0.650,17.899999999999995
2026-09-16,ILI incidence,4,2026-10-04,NO,quantile,0.700,22.699999999999996
2026-09-16,ILI incidence,4,2026-10-04,NO,quantile,0.750,28.5
2026-09-16,ILI incidence,4,2026-10-04,NO,quantile,0.800,34.39999999999999
2026-09-16,ILI incidence,4,2026-10-04,NO,quantile,0.850,40.7
2026-09-16,ILI incidence,4,2026-10-04,NO,quantile,0.900,50.3
2026-09-16,ILI incidence,4,2026-10-04,NO,quantile,0.950,66.6
2026-09-16,ILI incidence,4,2026-10-04,NO,quantile,0.975,83.50499999999992
2026-09-16,ILI incidence,4,2026-10-04,NO,quantile,0.990,114.7
2026-09-16,ILI incidence,4,2026-10-04,NO,median,,8.7
2026-09-16,ILI incidence,1,2026-09-13,RO,quantile,0.010,0.0
2026-09-16,ILI incidence,1,2026-09-13,RO,quantile,0.025,0.0
2026-09-16,ILI incidence,1,2026-09-13,RO,quantile,0.050,0.0
2026-09-16,ILI incidence,1,2026-09-13,RO,quantile,0.100,0.0
2026-09-16,ILI incidence,1,2026-09-13,RO,quantile,0.150,0.0
2026-09-16,ILI incidence,1,2026-09-13,RO,quantile,0.200,0.0
2026-09-16,ILI incidence,1,2026-09-13,RO,quantile,0.250,0.0
2026-09-16,ILI incidence,1,2026-09-13,RO,quantile,0.300,0.0
2026-09-16,ILI incidence,1,2026-09-13,RO,quantile,0.350,0.0
2026-09-16,ILI incidence,1,2026-09-13,RO,quantile,0.400,0.0
2026-09-16,ILI incidence,1,2026-09-13,RO,quantile,0.450,0.0
2026-09-16,ILI incidence,1,2026-09-13,RO,quantile,0.500,0.0
2026-09-16,ILI incidence,1,2026-09-13,RO,quantile,0.550,0.2
2026-09-16,ILI incidence,1,2026-09-13,RO,quantile,0.600,0.7000000000000002
2026-09-16,ILI incidence,1,2026-09-13,RO,quantile,0.650,1.3
2026-09-16,ILI incidence,1,2026-09-13,RO,quantile,0.700,1.8999999999999995
2026-09-16,ILI incidence,1,2026-09-13,RO,quantile,0.750,2.799999999999998
2026-09-16,ILI incidence,1,2026-09-13,RO,quantile,0.800,4.099999999999995
2026-09-16,ILI incidence,1,2026-09-13,RO,quantile,0.850,6.199999999999998
2026-09-16,ILI incidence,1,2026-09-13,RO,quantile,0.900,8.399999999999999
2026-09-16,ILI incidence,1,2026-09-13,RO,quantile,0.950,11.899999999999999
2026-09-16,ILI incidence,1,2026-09-13,RO,quantile,0.975,16.2
2026-09-16,ILI incidence,1,2026-09-13,RO,quantile,0.990,23.0
2026-09-16,ILI incidence,1,2026-09-13,RO,median,,0.0
2026-09-16,ILI incidence,2,2026-09-20,RO,quantile,0.010,0.0
2026-09-16,ILI incidence,2,2026-09-20,RO,quantile,0.025,0.0
2026-09-16,ILI incidence,2,2026-09-20,RO,quantile,0.050,0.0
2026-09-16,ILI incidence,2,2026-09-20,RO,quantile,0.100,0.0
2026-09-16,ILI incidence,2,2026-09-20,RO,quantile,0.150,0.0
2026-09-16,ILI incidence,2,2026-09-20,RO,quantile,0.200,0.0
2026-09-16,ILI incidence,2,2026-09-20,RO,quantile,0.250,0.0
2026-09-16,ILI incidence,2,2026-09-20,RO,quantile,0.300,0.0
2026-09-16,ILI incidence,2,2026-09-20,RO,quantile,0.350,0.0
2026-09-16,ILI incidence,2,2026-09-20,RO,quantile,0.400,0.0
2026-09-16,ILI incidence,2,2026-09-20,RO,quantile,0.450,0.0
2026-09-16,ILI incidence,2,2026-09-20,RO,quantile,0.500,0.0
2026-09-16,ILI incidence,2,2026-09-20,RO,quantile,0.550,0.6999999999999993
2026-09-16,ILI incidence,2,2026-09-20,RO,quantile,0.600,1.3
2026-09-16,ILI incidence,2,2026-09-20,RO,quantile,0.650,2.000000000000001
2026-09-16,ILI incidence,2,2026-09-20,RO,quantile,0.700,3.1000000000000005
2026-09-16,ILI incidence,2,2026-09-20,RO,quantile,0.750,4.3999999999999995
2026-09-16,ILI incidence,2,2026-09-20,RO,quantile,0.800,6.1
2026-09-16,ILI incidence,2,2026-09-20,RO,quantile,0.850,8.2
2026-09-16,ILI incidence,2,2026-09-20,RO,quantile,0.900,10.6
2026-09-16,ILI incidence,2,2026-09-20,RO,quantile,0.950,15.3
2026-09-16,ILI incidence,2,2026-09-20,RO,quantile,0.975,20.1
2026-09-16,ILI incidence,2,2026-09-20,RO,quantile,0.990,25.4
2026-09-16,ILI incidence,2,2026-09-20,RO,median,,0.0
2026-09-16,ILI incidence,3,2026-09-27,RO,quantile,0.010,0.0
2026-09-16,ILI incidence,3,2026-09-27,RO,quantile,0.025,0.0
2026-09-16,ILI incidence,3,2026-09-27,RO,quantile,0.050,0.0
2026-09-16,ILI incidence,3,2026-09-27,RO,quantile,0.100,0.0
2026-09-16,ILI incidence,3,2026-09-27,RO,quantile,0.150,0.0
2026-09-16,ILI incidence,3,2026-09-27,RO,quantile,0.200,0.0
2026-09-16,ILI incidence,3,2026-09-27,RO,quantile,0.250,0.0
2026-09-16,ILI incidence,3,2026-09-27,RO,quantile,0.300,0.0
2026-09-16,ILI incidence,3,2026-09-27,RO,quantile,0.350,0.0
2026-09-16,ILI incidence,3,2026-09-27,RO,quantile,0.400,0.0
2026-09-16,ILI incidence,3,2026-09-27,RO,quantile,0.450,0.0
2026-09-16,ILI incidence,3,2026-09-27,RO,quantile,0.500,0.0
2026-09-16,ILI incidence,3,2026-09-27,RO,quantile,0.550,0.8999999999999985
2026-09-16,ILI incidence,3,2026-09-27,RO,quantile,0.600,1.7999999999999956
2026-09-16,ILI incidence,3,2026-09-27,RO,quantile,0.650,2.8
2026-09-16,ILI incidence,3,2026-09-27,RO,quantile,0.700,4.1
2026-09-16,ILI incidence,3,2026-09-27,RO,quantile,0.750,5.699999999999998
2026-09-16,ILI incidence,3,2026-09-27,RO,quantile,0.800,7.4999999999999964
2026-09-16,ILI incidence,3,2026-09-27,RO,quantile,0.850,9.400000000000002
2026-09-16,ILI incidence,3,2026-09-27,RO,quantile,0.900,12.400000000000004
2026-09-16,ILI incidence,3,2026-09-27,RO,quantile,0.950,17.4
2026-09-16,ILI incidence,3,2026-09-27,RO,quantile,0.975,22.599999999999998
2026-09-16,ILI incidence,3,2026-09-27,RO,quantile,0.990,27.001000000000023
2026-09-16,ILI incidence,3,2026-09-27,RO,median,,0.0
2026-09-16,ILI incidence,4,2026-10-04,RO,quantile,0.010,0.0
2026-09-16,ILI incidence,4,2026-10-04,RO,quantile,0.025,0.0
2026-09-16,ILI incidence,4,2026-10-04,RO,quantile,0.050,0.0
2026-09-16,ILI incidence,4,2026-10-04,RO,quantile,0.100,0.0
2026-09-16,ILI incidence,4,2026-10-04,RO,quantile,0.150,0.0
2026-09-16,ILI incidence,4,2026-10-04,RO,quantile,0.200,0.0
2026-09-16,ILI incidence,4,2026-10-04,RO,quantile,0.250,0.0
2026-09-16,ILI incidence,4,2026-10-04,RO,quantile,0.300,0.0
2026-09-16,ILI incidence,4,2026-10-04,RO,quantile,0.350,0.0
2026-09-16,ILI incidence,4,2026-10-04,RO,quantile,0.400,0.0
2026-09-16,ILI incidence,4,2026-10-04,RO,quantile,0.450,0.0
2026-09-16,ILI incidence,4,2026-10-04,RO,quantile,0.500,0.0
2026-09-16,ILI incidence,4,2026-10-04,RO,quantile,0.550,1.0
2026-09-16,ILI incidence,4,2026-10-04,RO,quantile,0.600,2.1000000000000005
2026-09-16,ILI incidence,4,2026-10-04,RO,quantile,0.650,3.4000000000000012
2026-09-16,ILI incidence,4,2026-10-04,RO,quantile,0.700,4.899999999999999
2026-09-16,ILI incidence,4,2026-10-04,RO,quantile,0.750,6.499999999999999
2026-09-16,ILI incidence,4,2026-10-04,RO,quantile,0.800,8.3
2026-09-16,ILI incidence,4,2026-10-04,RO,quantile,0.850,10.7
2026-09-16,ILI incidence,4,2026-10-04,RO,quantile,0.900,14.299999999999999
2026-09-16,ILI incidence,4,2026-10-04,RO,quantile,0.950,19.599999999999998
2026-09-16,ILI incidence,4,2026-10-04,RO,quantile,0.975,24.5
2026-09-16,ILI incidence,4,2026-10-04,RO,quantile,0.990,30.299999999999997
2026-09-16,ILI incidence,4,2026-10-04,RO,median,,0.0
2026-09-16,ILI incidence,1,2026-09-13,SI,quantile,0.010,0.0
2026-09-16,ILI incidence,1,2026-09-13,SI,quantile,0.025,0.0
2026-09-16,ILI incidence,1,2026-09-13,SI,quantile,0.050,0.0
2026-09-16,ILI incidence,1,2026-09-13,SI,quantile,0.100,0.0
2026-09-16,ILI incidence,1,2026-09-13,SI,quantile,0.150,0.0
2026-09-16,ILI incidence,1,2026-09-13,SI,quantile,0.200,0.0
2026-09-16,ILI incidence,1,2026-09-13,SI,quantile,0.250,0.0
2026-09-16,ILI incidence,1,2026-09-13,SI,quantile,0.300,0.0
2026-09-16,ILI incidence,1,2026-09-13,SI,quantile,0.350,0.0
2026-09-16,ILI incidence,1,2026-09-13,SI,quantile,0.400,0.0
2026-09-16,ILI incidence,1,2026-09-13,SI,quantile,0.450,0.0
2026-09-16,ILI incidence,1,2026-09-13,SI,quantile,0.500,0.0
2026-09-16,ILI incidence,1,2026-09-13,SI,quantile,0.550,0.0
2026-09-16,ILI incidence,1,2026-09-13,SI,quantile,0.600,0.0
2026-09-16,ILI incidence,1,2026-09-13,SI,quantile,0.650,0.6
2026-09-16,ILI incidence,1,2026-09-13,SI,quantile,0.700,1.3000000000000003
2026-09-16,ILI incidence,1,2026-09-13,SI,quantile,0.750,2.2
2026-09-16,ILI incidence,1,2026-09-13,SI,quantile,0.800,3.5
2026-09-16,ILI incidence,1,2026-09-13,SI,quantile,0.850,5.94499999999989
2026-09-16,ILI incidence,1,2026-09-13,SI,quantile,0.900,18.200000000000017
2026-09-16,ILI incidence,1,2026-09-13,SI,quantile,0.950,46.2
2026-09-16,ILI incidence,1,2026-09-13,SI,quantile,0.975,65.90000000000003
2026-09-16,ILI incidence,1,2026-09-13,SI,quantile,0.990,109.6
2026-09-16,ILI incidence,1,2026-09-13,SI,median,,0.0
2026-09-16,ILI incidence,2,2026-09-20,SI,quantile,0.010,0.0
2026-09-16,ILI incidence,2,2026-09-20,SI,quantile,0.025,0.0
2026-09-16,ILI incidence,2,2026-09-20,SI,quantile,0.050,0.0
2026-09-16,ILI incidence,2,2026-09-20,SI,quantile,0.100,0.0
2026-09-16,ILI incidence,2,2026-09-20,SI,quantile,0.150,0.0
2026-09-16,ILI incidence,2,2026-09-20,SI,quantile,0.200,0.0
2026-09-16,ILI incidence,2,2026-09-20,SI,quantile,0.250,0.0
2026-09-16,ILI incidence,2,2026-09-20,SI,quantile,0.300,0.0
2026-09-16,ILI incidence,2,2026-09-20,SI,quantile,0.350,0.0
2026-09-16,ILI incidence,2,2026-09-20,SI,quantile,0.400,0.0
2026-09-16,ILI incidence,2,2026-09-20,SI,quantile,0.450,0.0
2026-09-16,ILI incidence,2,2026-09-20,SI,quantile,0.500,0.0
2026-09-16,ILI incidence,2,2026-09-20,SI,quantile,0.550,0.30000000000000004
2026-09-16,ILI incidence,2,2026-09-20,SI,quantile,0.600,1.3000000000000003
2026-09-16,ILI incidence,2,2026-09-20,SI,quantile,0.650,2.4000000000000004
2026-09-16,ILI incidence,2,2026-09-20,SI,quantile,0.700,4.0
2026-09-16,ILI incidence,2,2026-09-20,SI,quantile,0.750,6.7
2026-09-16,ILI incidence,2,2026-09-20,SI,quantile,0.800,14.0
2026-09-16,ILI incidence,2,2026-09-20,SI,quantile,0.850,26.2
2026-09-16,ILI incidence,2,2026-09-20,SI,quantile,0.900,46.2
2026-09-16,ILI incidence,2,2026-09-20,SI,quantile,0.950,67.30000000000004
2026-09-16,ILI incidence,2,2026-09-20,SI,quantile,0.975,108.42249999999966
2026-09-16,ILI incidence,2,2026-09-20,SI,quantile,0.990,153.79999999999995
2026-09-16,ILI incidence,2,2026-09-20,SI,median,,0.0
2026-09-16,ILI incidence,3,2026-09-27,SI,quantile,0.010,0.0
2026-09-16,ILI incidence,3,2026-09-27,SI,quantile,0.025,0.0
2026-09-16,ILI incidence,3,2026-09-27,SI,quantile,0.050,0.0
2026-09-16,ILI incidence,3,2026-09-27,SI,quantile,0.100,0.0
2026-09-16,ILI incidence,3,2026-09-27,SI,quantile,0.150,0.0
2026-09-16,ILI incidence,3,2026-09-27,SI,quantile,0.200,0.0
2026-09-16,ILI incidence,3,2026-09-27,SI,quantile,0.250,0.0
2026-09-16,ILI incidence,3,2026-09-27,SI,quantile,0.300,0.0
2026-09-16,ILI incidence,3,2026-09-27,SI,quantile,0.350,0.0
2026-09-16,ILI incidence,3,2026-09-27,SI,quantile,0.400,0.0
2026-09-16,ILI incidence,3,2026-09-27,SI,quantile,0.450,0.0
2026-09-16,ILI incidence,3,2026-09-27,SI,quantile,0.500,0.0
2026-09-16,ILI incidence,3,2026-09-27,SI,quantile,0.550,1.2000000000000002
2026-09-16,ILI incidence,3,2026-09-27,SI,quantile,0.600,2.900000000000001
2026-09-16,ILI incidence,3,2026-09-27,SI,quantile,0.650,5.0
2026-09-16,ILI incidence,3,2026-09-27,SI,quantile,0.700,8.4
2026-09-16,ILI incidence,3,2026-09-27,SI,quantile,0.750,16.399999999999995
2026-09-16,ILI incidence,3,2026-09-27,SI,quantile,0.800,27.32000000000007
2026-09-16,ILI incidence,3,2026-09-27,SI,quantile,0.850,41.0
2026-09-16,ILI incidence,3,2026-09-27,SI,quantile,0.900,59.9
2026-09-16,ILI incidence,3,2026-09-27,SI,quantile,0.950,87.40499999999997
2026-09-16,ILI incidence,3,2026-09-27,SI,quantile,0.975,127.49999999999999
2026-09-16,ILI incidence,3,2026-09-27,SI,quantile,0.990,248.27700000000166
2026-09-16,ILI incidence,3,2026-09-27,SI,median,,0.0
2026-09-16,ILI incidence,4,2026-10-04,SI,quantile,0.010,0.0
2026-09-16,ILI incidence,4,2026-10-04,SI,quantile,0.025,0.0
2026-09-16,ILI incidence,4,2026-10-04,SI,quantile,0.050,0.0
2026-09-16,ILI incidence,4,2026-10-04,SI,quantile,0.100,0.0
2026-09-16,ILI incidence,4,2026-10-04,SI,quantile,0.150,0.0
2026-09-16,ILI incidence,4,2026-10-04,SI,quantile,0.200,0.0
2026-09-16,ILI incidence,4,2026-10-04,SI,quantile,0.250,0.0
2026-09-16,ILI incidence,4,2026-10-04,SI,quantile,0.300,0.0
2026-09-16,ILI incidence,4,2026-10-04,SI,quantile,0.350,0.0
2026-09-16,ILI incidence,4,2026-10-04,SI,quantile,0.400,0.0
2026-09-16,ILI incidence,4,2026-10-04,SI,quantile,0.450,0.0
2026-09-16,ILI incidence,4,2026-10-04,SI,quantile,0.500,0.0
2026-09-16,ILI incidence,4,2026-10-04,SI,quantile,0.550,1.9999999999999996
2026-09-16,ILI incidence,4,2026-10-04,SI,quantile,0.600,4.699999999999999
2026-09-16,ILI incidence,4,2026-10-04,SI,quantile,0.650,8.235000000000037
2026-09-16,ILI incidence,4,2026-10-04,SI,quantile,0.700,15.42999999999993
2026-09-16,ILI incidence,4,2026-10-04,SI,quantile,0.750,25.599999999999994
2026-09-16,ILI incidence,4,2026-10-04,SI,quantile,0.800,38.69999999999998
2026-09-16,ILI incidence,4,2026-10-04,SI,quantile,0.850,53.7
2026-09-16,ILI incidence,4,2026-10-04,SI,quantile,0.900,68.31000000000004
2026-09-16,ILI incidence,4,2026-10-04,SI,quantile,0.950,112.40499999999993
2026-09-16,ILI incidence,4,2026-10-04,SI,quantile,0.975,155.80249999999992
2026-09-16,ILI incidence,4,2026-10-04,SI,quantile,0.990,325.5070000000002
2026-09-16,ILI incidence,4,2026-10-04,SI,median,,0.0
2026-09-16,ILI incidence,1,2026-09-13,ES,quantile,0.010,0.0
2026-09-16,ILI incidence,1,2026-09-13,ES,quantile,0.025,0.0
2026-09-16,ILI incidence,1,2026-09-13,ES,quantile,0.050,0.0
2026-09-16,ILI incidence,1,2026-09-13,ES,quantile,0.100,4.199999999999999
2026-09-16,ILI incidence,1,2026-09-13,ES,quantile,0.150,7.9849999999999905
2026-09-16,ILI incidence,1,2026-09-13,ES,quantile,0.200,9.6
2026-09-16,ILI incidence,1,2026-09-13,ES,quantile,0.250,10.2
2026-09-16,ILI incidence,1,2026-09-13,ES,quantile,0.300,10.7
2026-09-16,ILI incidence,1,2026-09-13,ES,quantile,0.350,11.0
2026-09-16,ILI incidence,1,2026-09-13,ES,quantile,0.400,11.2
2026-09-16,ILI incidence,1,2026-09-13,ES,quantile,0.450,11.399999999999999
2026-09-16,ILI incidence,1,2026-09-13,ES,quantile,0.500,11.7
2026-09-16,ILI incidence,1,2026-09-13,ES,quantile,0.550,11.8
2026-09-16,ILI incidence,1,2026-09-13,ES,quantile,0.600,12.1
2026-09-16,ILI incidence,1,2026-09-13,ES,quantile,0.650,12.200000000000001
2026-09-16,ILI incidence,1,2026-09-13,ES,quantile,0.700,12.5
2026-09-16,ILI incidence,1,2026-09-13,ES,quantile,0.750,13.1
2026-09-16,ILI incidence,1,2026-09-13,ES,quantile,0.800,13.799999999999999
2026-09-16,ILI incidence,1,2026-09-13,ES,quantile,0.850,15.4
2026-09-16,ILI incidence,1,2026-09-13,ES,quantile,0.900,20.199999999999996
2026-09-16,ILI incidence,1,2026-09-13,ES,quantile,0.950,31.300000000000004
2026-09-16,ILI incidence,1,2026-09-13,ES,quantile,0.975,46.399999999999984
2026-09-16,ILI incidence,1,2026-09-13,ES,quantile,0.990,59.49999999999999
2026-09-16,ILI incidence,1,2026-09-13,ES,median,,11.7
2026-09-16,ILI incidence,2,2026-09-20,ES,quantile,0.010,0.0
2026-09-16,ILI incidence,2,2026-09-20,ES,quantile,0.025,0.0
2026-09-16,ILI incidence,2,2026-09-20,ES,quantile,0.050,0.0
2026-09-16,ILI incidence,2,2026-09-20,ES,quantile,0.100,0.0
2026-09-16,ILI incidence,2,2026-09-20,ES,quantile,0.150,1.5000000000000016
2026-09-16,ILI incidence,2,2026-09-20,ES,quantile,0.200,5.700000000000002
2026-09-16,ILI incidence,2,2026-09-20,ES,quantile,0.250,8.1
2026-09-16,ILI incidence,2,2026-09-20,ES,quantile,0.300,9.399999999999999
2026-09-16,ILI incidence,2,2026-09-20,ES,quantile,0.350,10.2
2026-09-16,ILI incidence,2,2026-09-20,ES,quantile,0.400,10.799999999999999
2026-09-16,ILI incidence,2,2026-09-20,ES,quantile,0.450,11.200000000000001
2026-09-16,ILI incidence,2,2026-09-20,ES,quantile,0.500,11.6
2026-09-16,ILI incidence,2,2026-09-20,ES,quantile,0.550,12.1
2026-09-16,ILI incidence,2,2026-09-20,ES,quantile,0.600,12.6
2026-09-16,ILI incidence,2,2026-09-20,ES,quantile,0.650,13.100000000000001
2026-09-16,ILI incidence,2,2026-09-20,ES,quantile,0.700,13.9
2026-09-16,ILI incidence,2,2026-09-20,ES,quantile,0.750,15.4
2026-09-16,ILI incidence,2,2026-09-20,ES,quantile,0.800,17.7
2026-09-16,ILI incidence,2,2026-09-20,ES,quantile,0.850,22.699999999999996
2026-09-16,ILI incidence,2,2026-09-20,ES,quantile,0.900,30.70000000000001
2026-09-16,ILI incidence,2,2026-09-20,ES,quantile,0.950,42.20499999999993
2026-09-16,ILI incidence,2,2026-09-20,ES,quantile,0.975,57.50249999999996
2026-09-16,ILI incidence,2,2026-09-20,ES,quantile,0.990,91.0
2026-09-16,ILI incidence,2,2026-09-20,ES,median,,11.6
2026-09-16,ILI incidence,3,2026-09-27,ES,quantile,0.010,0.0
2026-09-16,ILI incidence,3,2026-09-27,ES,quantile,0.025,0.0
2026-09-16,ILI incidence,3,2026-09-27,ES,quantile,0.050,0.0
2026-09-16,ILI incidence,3,2026-09-27,ES,quantile,0.100,0.0
2026-09-16,ILI incidence,3,2026-09-27,ES,quantile,0.150,0.0
2026-09-16,ILI incidence,3,2026-09-27,ES,quantile,0.200,0.4000000000000082
2026-09-16,ILI incidence,3,2026-09-27,ES,quantile,0.250,4.700000000000001
2026-09-16,ILI incidence,3,2026-09-27,ES,quantile,0.300,7.4
2026-09-16,ILI incidence,3,2026-09-27,ES,quantile,0.350,8.900000000000004
2026-09-16,ILI incidence,3,2026-09-27,ES,quantile,0.400,10.0
2026-09-16,ILI incidence,3,2026-09-27,ES,quantile,0.450,10.899999999999999
2026-09-16,ILI incidence,3,2026-09-27,ES,quantile,0.500,11.649999999999999
2026-09-16,ILI incidence,3,2026-09-27,ES,quantile,0.550,12.4
2026-09-16,ILI incidence,3,2026-09-27,ES,quantile,0.600,13.200000000000003
2026-09-16,ILI incidence,3,2026-09-27,ES,quantile,0.650,14.299999999999999
2026-09-16,ILI incidence,3,2026-09-27,ES,quantile,0.700,15.899999999999997
2026-09-16,ILI incidence,3,2026-09-27,ES,quantile,0.750,18.299999999999997
2026-09-16,ILI incidence,3,2026-09-27,ES,quantile,0.800,22.799999999999997
2026-09-16,ILI incidence,3,2026-09-27,ES,quantile,0.850,29.300000000000004
2026-09-16,ILI incidence,3,2026-09-27,ES,quantile,0.900,36.0
2026-09-16,ILI incidence,3,2026-09-27,ES,quantile,0.950,51.199999999999996
2026-09-16,ILI incidence,3,2026-09-27,ES,quantile,0.975,64.90249999999996
2026-09-16,ILI incidence,3,2026-09-27,ES,quantile,0.990,95.50100000000002
2026-09-16,ILI incidence,3,2026-09-27,ES,median,,11.649999999999999
2026-09-16,ILI incidence,4,2026-10-04,ES,quantile,0.010,0.0
2026-09-16,ILI incidence,4,2026-10-04,ES,quantile,0.025,0.0
2026-09-16,ILI incidence,4,2026-10-04,ES,quantile,0.050,0.0
2026-09-16,ILI incidence,4,2026-10-04,ES,quantile,0.100,0.0
2026-09-16,ILI incidence,4,2026-10-04,ES,quantile,0.150,0.0
2026-09-16,ILI incidence,4,2026-10-04,ES,quantile,0.200,0.0
2026-09-16,ILI incidence,4,2026-10-04,ES,quantile,0.250,0.9999999999999982
2026-09-16,ILI incidence,4,2026-10-04,ES,quantile,0.300,4.9999999999999964
2026-09-16,ILI incidence,4,2026-10-04,ES,quantile,0.350,7.499999999999995
2026-09-16,ILI incidence,4,2026-10-04,ES,quantile,0.400,9.099999999999998
2026-09-16,ILI incidence,4,2026-10-04,ES,quantile,0.450,10.5
2026-09-16,ILI incidence,4,2026-10-04,ES,quantile,0.500,11.7
2026-09-16,ILI incidence,4,2026-10-04,ES,quantile,0.550,12.899999999999991
2026-09-16,ILI incidence,4,2026-10-04,ES,quantile,0.600,14.199999999999998
2026-09-16,ILI incidence,4,2026-10-04,ES,quantile,0.650,15.9
2026-09-16,ILI incidence,4,2026-10-04,ES,quantile,0.700,18.4
2026-09-16,ILI incidence,4,2026-10-04,ES,quantile,0.750,22.2
2026-09-16,ILI incidence,4,2026-10-04,ES,quantile,0.800,27.62000000000008
2026-09-16,ILI incidence,4,2026-10-04,ES,quantile,0.850,32.99999999999999
2026-09-16,ILI incidence,4,2026-10-04,ES,quantile,0.900,41.5
2026-09-16,ILI incidence,4,2026-10-04,ES,quantile,0.950,57.6
2026-09-16,ILI incidence,4,2026-10-04,ES,quantile,0.975,80.4074999999999
2026-09-16,ILI incidence,4,2026-10-04,ES,quantile,0.990,98.00100000000003
2026-09-16,ILI incidence,4,2026-10-04,ES,median,,11.7
2026-09-16,ILI incidence,1,2026-09-13,CH,quantile,0.010,0.0
2026-09-16,ILI incidence,1,2026-09-13,CH,quantile,0.025,0.0
2026-09-16,ILI incidence,1,2026-09-13,CH,quantile,0.050,0.0
2026-09-16,ILI incidence,1,2026-09-13,CH,quantile,0.100,0.0
2026-09-16,ILI incidence,1,2026-09-13,CH,quantile,0.150,0.0
2026-09-16,ILI incidence,1,2026-09-13,CH,quantile,0.200,0.0
2026-09-16,ILI incidence,1,2026-09-13,CH,quantile,0.250,0.0
2026-09-16,ILI incidence,1,2026-09-13,CH,quantile,0.300,3.4554471234629904
2026-09-16,ILI incidence,1,2026-09-13,CH,quantile,0.350,7.528648117668071
2026-09-16,ILI incidence,1,2026-09-13,CH,quantile,0.400,10.709860994461646
2026-09-16,ILI incidence,1,2026-09-13,CH,quantile,0.450,13.611359304428376
2026-09-16,ILI incidence,1,2026-09-13,CH,quantile,0.500,15.99330923110864
2026-09-16,ILI incidence,1,2026-09-13,CH,quantile,0.550,18.025792391883556
2026-09-16,ILI incidence,1,2026-09-13,CH,quantile,0.600,21.118001953137572
2026-09-16,ILI incidence,1,2026-09-13,CH,quantile,0.650,24.002030691152527
2026-09-16,ILI incidence,1,2026-09-13,CH,quantile,0.700,27.566421088155728
2026-09-16,ILI incidence,1,2026-09-13,CH,quantile,0.750,31.60379496405317
2026-09-16,ILI incidence,1,2026-09-13,CH,quantile,0.800,38.46971617416787
2026-09-16,ILI incidence,1,2026-09-13,CH,quantile,0.850,48.732866304819176
2026-09-16,ILI incidence,1,2026-09-13,CH,quantile,0.900,65.70570858444607
2026-09-16,ILI incidence,1,2026-09-13,CH,quantile,0.950,96.45009519983248
2026-09-16,ILI incidence,1,2026-09-13,CH,quantile,0.975,125.09373861393428
2026-09-16,ILI incidence,1,2026-09-13,CH,quantile,0.990,175.34864791099588
2026-09-16,ILI incidence,1,2026-09-13,CH,median,,15.99330923110864
2026-09-16,ILI incidence,2,2026-09-20,CH,quantile,0.010,0.0
2026-09-16,ILI incidence,2,2026-09-20,CH,quantile,0.025,0.0
2026-09-16,ILI incidence,2,2026-09-20,CH,quantile,0.050,0.0
2026-09-16,ILI incidence,2,2026-09-20,CH,quantile,0.100,0.0
2026-09-16,ILI incidence,2,2026-09-20,CH,quantile,0.150,0.0
2026-09-16,ILI incidence,2,2026-09-20,CH,quantile,0.200,0.0
2026-09-16,ILI incidence,2,2026-09-20,CH,quantile,0.250,0.0
2026-09-16,ILI incidence,2,2026-09-20,CH,quantile,0.300,0.0
2026-09-16,ILI incidence,2,2026-09-20,CH,quantile,0.350,2.721801254970688
2026-09-16,ILI incidence,2,2026-09-20,CH,quantile,0.400,7.73618365495277
2026-09-16,ILI incidence,2,2026-09-20,CH,quantile,0.450,11.780534775885071
2026-09-16,ILI incidence,2,2026-09-20,CH,quantile,0.500,15.784879483723198
2026-09-16,ILI incidence,2,2026-09-20,CH,quantile,0.550,19.779035692736095
2026-09-16,ILI incidence,2,2026-09-20,CH,quantile,0.600,23.600240194699012
2026-09-16,ILI incidence,2,2026-09-20,CH,quantile,0.650,28.146361660913037
2026-09-16,ILI incidence,2,2026-09-20,CH,quantile,0.700,33.50316879892385
2026-09-16,ILI incidence,2,2026-09-20,CH,quantile,0.750,40.27264423572873
2026-09-16,ILI incidence,2,2026-09-20,CH,quantile,0.800,49.35477411366467
2026-09-16,ILI incidence,2,2026-09-20,CH,quantile,0.850,63.809483374795256
2026-09-16,ILI incidence,2,2026-09-20,CH,quantile,0.900,84.23785078928321
2026-09-16,ILI incidence,2,2026-09-20,CH,quantile,0.950,117.17798949315114
2026-09-16,ILI incidence,2,2026-09-20,CH,quantile,0.975,149.58137588738612
2026-09-16,ILI incidence,2,2026-09-20,CH,quantile,0.990,191.95090976098285
2026-09-16,ILI incidence,2,2026-09-20,CH,median,,15.784879483723198
2026-09-16,ILI incidence,3,2026-09-27,CH,quantile,0.010,0.0
2026-09-16,ILI incidence,3,2026-09-27,CH,quantile,0.025,0.0
2026-09-16,ILI incidence,3,2026-09-27,CH,quantile,0.050,0.0
2026-09-16,ILI incidence,3,2026-09-27,CH,quantile,0.100,0.0
2026-09-16,ILI incidence,3,2026-09-27,CH,quantile,0.150,0.0
2026-09-16,ILI incidence,3,2026-09-27,CH,quantile,0.200,0.0
2026-09-16,ILI incidence,3,2026-09-27,CH,quantile,0.250,0.0
2026-09-16,ILI incidence,3,2026-09-27,CH,quantile,0.300,0.0
2026-09-16,ILI incidence,3,2026-09-27,CH,quantile,0.350,0.0
2026-09-16,ILI incidence,3,2026-09-27,CH,quantile,0.400,4.813582654165247
2026-09-16,ILI incidence,3,2026-09-27,CH,quantile,0.450,10.700374110810523
2026-09-16,ILI incidence,3,2026-09-27,CH,quantile,0.500,15.983341993832969
2026-09-16,ILI incidence,3,2026-09-27,CH,quantile,0.550,21.284746926534332
2026-09-16,ILI incidence,3,2026-09-27,CH,quantile,0.600,26.876865115959536
2026-09-16,ILI incidence,3,2026-09-27,CH,quantile,0.650,32.523779805674366
2026-09-16,ILI incidence,3,2026-09-27,CH,quantile,0.700,39.807503866155145
2026-09-16,ILI incidence,3,2026-09-27,CH,quantile,0.750,48.69664861272169
2026-09-16,ILI incidence,3,2026-09-27,CH,quantile,0.800,60.77982004371682
2026-09-16,ILI incidence,3,2026-09-27,CH,quantile,0.850,76.90884381368883
2026-09-16,ILI incidence,3,2026-09-27,CH,quantile,0.900,98.21765931467506
2026-09-16,ILI incidence,3,2026-09-27,CH,quantile,0.950,133.53737690682945
2026-09-16,ILI incidence,3,2026-09-27,CH,quantile,0.975,173.6838658322817
2026-09-16,ILI incidence,3,2026-09-27,CH,quantile,0.990,205.16564590983828
2026-09-16,ILI incidence,3,2026-09-27,CH,median,,15.983341993832969
2026-09-16,ILI incidence,4,2026-10-04,CH,quantile,0.010,0.0
2026-09-16,ILI incidence,4,2026-10-04,CH,quantile,0.025,0.0
2026-09-16,ILI incidence,4,2026-10-04,CH,quantile,0.050,0.0
2026-09-16,ILI incidence,4,2026-10-04,CH,quantile,0.100,0.0
2026-09-16,ILI incidence,4,2026-10-04,CH,quantile,0.150,0.0
2026-09-16,ILI incidence,4,2026-10-04,CH,quantile,0.200,0.0
2026-09-16,ILI incidence,4,2026-10-04,CH,quantile,0.250,0.0
2026-09-16,ILI incidence,4,2026-10-04,CH,quantile,0.300,0.0
2026-09-16,ILI incidence,4,2026-10-04,CH,quantile,0.350,0.0
2026-09-16,ILI incidence,4,2026-10-04,CH,quantile,0.400,3.1162901258704157
2026-09-16,ILI incidence,4,2026-10-04,CH,quantile,0.450,9.78434745520314
2026-09-16,ILI incidence,4,2026-10-04,CH,quantile,0.500,16.597786812931922
2026-09-16,ILI incidence,4,2026-10-04,CH,quantile,0.550,22.746389570800847
2026-09-16,ILI incidence,4,2026-10-04,CH,quantile,0.600,29.208902379622515
2026-09-16,ILI incidence,4,2026-10-04,CH,quantile,0.650,36.58448549778102
2026-09-16,ILI incidence,4,2026-10-04,CH,quantile,0.700,45.4450545796858
2026-09-16,ILI incidence,4,2026-10-04,CH,quantile,0.750,56.24678520045971
2026-09-16,ILI incidence,4,2026-10-04,CH,quantile,0.800,69.25692661610547
2026-09-16,ILI incidence,4,2026-10-04,CH,quantile,0.850,87.01454288306743
2026-09-16,ILI incidence,4,2026-10-04,CH,quantile,0.900,111.27093994911034
2026-09-16,ILI incidence,4,2026-10-04,CH,quantile,0.950,148.61770430570877
2026-09-16,ILI incidence,4,2026-10-04,CH,quantile,0.975,185.89511242454927
2026-09-16,ILI incidence,4,2026-10-04,CH,quantile,0.990,224.729333492998
2026-09-16,ILI incidence,4,2026-10-04,CH,median,,16.597786812931922
2026-09-16,ILI incidence,1,2026-09-13,GB-ENG,quantile,0.010,0.0
2026-09-16,ILI incidence,1,2026-09-13,GB-ENG,quantile,0.025,0.0
2026-09-16,ILI incidence,1,2026-09-13,GB-ENG,quantile,0.050,0.0
2026-09-16,ILI incidence,1,2026-09-13,GB-ENG,quantile,0.100,0.0
2026-09-16,ILI incidence,1,2026-09-13,GB-ENG,quantile,0.150,0.0
2026-09-16,ILI incidence,1,2026-09-13,GB-ENG,quantile,0.200,0.0
2026-09-16,ILI incidence,1,2026-09-13,GB-ENG,quantile,0.250,0.0
2026-09-16,ILI incidence,1,2026-09-13,GB-ENG,quantile,0.300,0.0
2026-09-16,ILI incidence,1,2026-09-13,GB-ENG,quantile,0.350,0.0
2026-09-16,ILI incidence,1,2026-09-13,GB-ENG,quantile,0.400,0.0
2026-09-16,ILI incidence,1,2026-09-13,GB-ENG,quantile,0.450,0.46009567344803814
2026-09-16,ILI incidence,1,2026-09-13,GB-ENG,quantile,0.500,0.9259550664422169
2026-09-16,ILI incidence,1,2026-09-13,GB-ENG,quantile,0.550,1.3793295929661247
2026-09-16,ILI incidence,1,2026-09-13,GB-ENG,quantile,0.600,1.8739975864298635
2026-09-16,ILI incidence,1,2026-09-13,GB-ENG,quantile,0.650,2.419344957982087
2026-09-16,ILI incidence,1,2026-09-13,GB-ENG,quantile,0.700,3.0442590099145805
2026-09-16,ILI incidence,1,2026-09-13,GB-ENG,quantile,0.750,3.72411426948569
2026-09-16,ILI incidence,1,2026-09-13,GB-ENG,quantile,0.800,4.63876636709094
2026-09-16,ILI incidence,1,2026-09-13,GB-ENG,quantile,0.850,5.733492011738344
2026-09-16,ILI incidence,1,2026-09-13,GB-ENG,quantile,0.900,7.037993483821074
2026-09-16,ILI incidence,1,2026-09-13,GB-ENG,quantile,0.950,9.292663888077453
2026-09-16,ILI incidence,1,2026-09-13,GB-ENG,quantile,0.975,11.04261759953381
2026-09-16,ILI incidence,1,2026-09-13,GB-ENG,quantile,0.990,13.070047510997208
2026-09-16,ILI incidence,1,2026-09-13,GB-ENG,median,,0.9259550664422169
2026-09-16,ILI incidence,2,2026-09-20,GB-ENG,quantile,0.010,0.0
2026-09-16,ILI incidence,2,2026-09-20,GB-ENG,quantile,0.025,0.0
2026-09-16,ILI incidence,2,2026-09-20,GB-ENG,quantile,0.050,0.0
2026-09-16,ILI incidence,2,2026-09-20,GB-ENG,quantile,0.100,0.0
2026-09-16,ILI incidence,2,2026-09-20,GB-ENG,quantile,0.150,0.0
2026-09-16,ILI incidence,2,2026-09-20,GB-ENG,quantile,0.200,0.0
2026-09-16,ILI incidence,2,2026-09-20,GB-ENG,quantile,0.250,0.0
2026-09-16,ILI incidence,2,2026-09-20,GB-ENG,quantile,0.300,0.0
2026-09-16,ILI incidence,2,2026-09-20,GB-ENG,quantile,0.350,0.0
2026-09-16,ILI incidence,2,2026-09-20,GB-ENG,quantile,0.400,0.0
2026-09-16,ILI incidence,2,2026-09-20,GB-ENG,quantile,0.450,0.3670270284421602
2026-09-16,ILI incidence,2,2026-09-20,GB-ENG,quantile,0.500,0.9542921868425227
2026-09-16,ILI incidence,2,2026-09-20,GB-ENG,quantile,0.550,1.4981036567267854
2026-09-16,ILI incidence,2,2026-09-20,GB-ENG,quantile,0.600,2.0765102712146737
2026-09-16,ILI incidence,2,2026-09-20,GB-ENG,quantile,0.650,2.6309911710315963
2026-09-16,ILI incidence,2,2026-09-20,GB-ENG,quantile,0.700,3.348892974962582
2026-09-16,ILI incidence,2,2026-09-20,GB-ENG,quantile,0.750,4.170567293700574
2026-09-16,ILI incidence,2,2026-09-20,GB-ENG,quantile,0.800,5.1056089227013945
2026-09-16,ILI incidence,2,2026-09-20,GB-ENG,quantile,0.850,6.272951605606105
2026-09-16,ILI incidence,2,2026-09-20,GB-ENG,quantile,0.900,7.632468463230247
2026-09-16,ILI incidence,2,2026-09-20,GB-ENG,quantile,0.950,10.094403886523605
2026-09-16,ILI incidence,2,2026-09-20,GB-ENG,quantile,0.975,12.002661854662994
2026-09-16,ILI incidence,2,2026-09-20,GB-ENG,quantile,0.990,14.59212240434552
2026-09-16,ILI incidence,2,2026-09-20,GB-ENG,median,,0.9542921868425227
2026-09-16,ILI incidence,3,2026-09-27,GB-ENG,quantile,0.010,0.0
2026-09-16,ILI incidence,3,2026-09-27,GB-ENG,quantile,0.025,0.0
2026-09-16,ILI incidence,3,2026-09-27,GB-ENG,quantile,0.050,0.0
2026-09-16,ILI incidence,3,2026-09-27,GB-ENG,quantile,0.100,0.0
2026-09-16,ILI incidence,3,2026-09-27,GB-ENG,quantile,0.150,0.0
2026-09-16,ILI incidence,3,2026-09-27,GB-ENG,quantile,0.200,0.0
2026-09-16,ILI incidence,3,2026-09-27,GB-ENG,quantile,0.250,0.0
2026-09-16,ILI incidence,3,2026-09-27,GB-ENG,quantile,0.300,0.0
2026-09-16,ILI incidence,3,2026-09-27,GB-ENG,quantile,0.350,0.0
2026-09-16,ILI incidence,3,2026-09-27,GB-ENG,quantile,0.400,0.0
2026-09-16,ILI incidence,3,2026-09-27,GB-ENG,quantile,0.450,0.27815647948017347
2026-09-16,ILI incidence,3,2026-09-27,GB-ENG,quantile,0.500,0.9379011435863696
2026-09-16,ILI incidence,3,2026-09-27,GB-ENG,quantile,0.550,1.5462023775395686
2026-09-16,ILI incidence,3,2026-09-27,GB-ENG,quantile,0.600,2.178919931756432
2026-09-16,ILI incidence,3,2026-09-27,GB-ENG,quantile,0.650,2.882138230692096
2026-09-16,ILI incidence,3,2026-09-27,GB-ENG,quantile,0.700,3.656036999609072
2026-09-16,ILI incidence,3,2026-09-27,GB-ENG,quantile,0.750,4.494459253257759
2026-09-16,ILI incidence,3,2026-09-27,GB-ENG,quantile,0.800,5.443648276146313
2026-09-16,ILI incidence,3,2026-09-27,GB-ENG,quantile,0.850,6.676469894244689
2026-09-16,ILI incidence,3,2026-09-27,GB-ENG,quantile,0.900,8.21470010277508
2026-09-16,ILI incidence,3,2026-09-27,GB-ENG,quantile,0.950,10.664886106393054
2026-09-16,ILI incidence,3,2026-09-27,GB-ENG,quantile,0.975,12.693807036489654
2026-09-16,ILI incidence,3,2026-09-27,GB-ENG,quantile,0.990,15.551974800912646
2026-09-16,ILI incidence,3,2026-09-27,GB-ENG,median,,0.9379011435863696
2026-09-16,ILI incidence,4,2026-10-04,GB-ENG,quantile,0.010,0.0
2026-09-16,ILI incidence,4,2026-10-04,GB-ENG,quantile,0.025,0.0
2026-09-16,ILI incidence,4,2026-10-04,GB-ENG,quantile,0.050,0.0
2026-09-16,ILI incidence,4,2026-10-04,GB-ENG,quantile,0.100,0.0
2026-09-16,ILI incidence,4,2026-10-04,GB-ENG,quantile,0.150,0.0
2026-09-16,ILI incidence,4,2026-10-04,GB-ENG,quantile,0.200,0.0
2026-09-16,ILI incidence,4,2026-10-04,GB-ENG,quantile,0.250,0.0
2026-09-16,ILI incidence,4,2026-10-04,GB-ENG,quantile,0.300,0.0
2026-09-16,ILI incidence,4,2026-10-04,GB-ENG,quantile,0.350,0.0
2026-09-16,ILI incidence,4,2026-10-04,GB-ENG,quantile,0.400,0.0
2026-09-16,ILI incidence,4,2026-10-04,GB-ENG,quantile,0.450,0.1653404830486468
2026-09-16,ILI incidence,4,2026-10-04,GB-ENG,quantile,0.500,0.907681879870849
2026-09-16,ILI incidence,4,2026-10-04,GB-ENG,quantile,0.550,1.5763895292329275
2026-09-16,ILI incidence,4,2026-10-04,GB-ENG,quantile,0.600,2.292905265488817
2026-09-16,ILI incidence,4,2026-10-04,GB-ENG,quantile,0.650,3.013339188764862
2026-09-16,ILI incidence,4,2026-10-04,GB-ENG,quantile,0.700,3.8211905165449433
2026-09-16,ILI incidence,4,2026-10-04,GB-ENG,quantile,0.750,4.77505471546116
2026-09-16,ILI incidence,4,2026-10-04,GB-ENG,quantile,0.800,5.780421934765357
2026-09-16,ILI incidence,4,2026-10-04,GB-ENG,quantile,0.850,7.119612274908824
2026-09-16,ILI incidence,4,2026-10-04,GB-ENG,quantile,0.900,8.782890015738541
2026-09-16,ILI incidence,4,2026-10-04,GB-ENG,quantile,0.950,11.086170941335075
2026-09-16,ILI incidence,4,2026-10-04,GB-ENG,quantile,0.975,13.578732311979133
2026-09-16,ILI incidence,4,2026-10-04,GB-ENG,quantile,0.990,16.2145246112938
2026-09-16,ILI incidence,4,2026-10-04,GB-ENG,median,,0.907681879870849
2026-09-16,ILI incidence,1,2026-09-13,GB-WLS,quantile,0.010,0.0
2026-09-16,ILI incidence,1,2026-09-13,GB-WLS,quantile,0.025,0.0
2026-09-16,ILI incidence,1,2026-09-13,GB-WLS,quantile,0.050,0.0
2026-09-16,ILI incidence,1,2026-09-13,GB-WLS,quantile,0.100,0.0
2026-09-16,ILI incidence,1,2026-09-13,GB-WLS,quantile,0.150,0.0
2026-09-16,ILI incidence,1,2026-09-13,GB-WLS,quantile,0.200,0.0
2026-09-16,ILI incidence,1,2026-09-13,GB-WLS,quantile,0.250,0.0
2026-09-16,ILI incidence,1,2026-09-13,GB-WLS,quantile,0.300,0.046254753015581684
2026-09-16,ILI incidence,1,2026-09-13,GB-WLS,quantile,0.350,0.31957864853308715
2026-09-16,ILI incidence,1,2026-09-13,GB-WLS,quantile,0.400,0.5377307135105425
2026-09-16,ILI incidence,1,2026-09-13,GB-WLS,quantile,0.450,0.7721857622411789
2026-09-16,ILI incidence,1,2026-09-13,GB-WLS,quantile,0.500,1.0288641034902262
2026-09-16,ILI incidence,1,2026-09-13,GB-WLS,quantile,0.550,1.281717029271736
2026-09-16,ILI incidence,1,2026-09-13,GB-WLS,quantile,0.600,1.5327047475901576
2026-09-16,ILI incidence,1,2026-09-13,GB-WLS,quantile,0.650,1.7445512106127552
2026-09-16,ILI incidence,1,2026-09-13,GB-WLS,quantile,0.700,2.004524899253984
2026-09-16,ILI incidence,1,2026-09-13,GB-WLS,quantile,0.750,2.3493988588197476
2026-09-16,ILI incidence,1,2026-09-13,GB-WLS,quantile,0.800,2.6767522073428074
2026-09-16,ILI incidence,1,2026-09-13,GB-WLS,quantile,0.850,3.004531708602275
2026-09-16,ILI incidence,1,2026-09-13,GB-WLS,quantile,0.900,3.665167246093218
2026-09-16,ILI incidence,1,2026-09-13,GB-WLS,quantile,0.950,9.333246633690809
2026-09-16,ILI incidence,1,2026-09-13,GB-WLS,quantile,0.975,11.953005730004273
2026-09-16,ILI incidence,1,2026-09-13,GB-WLS,quantile,0.990,13.79510361661901
2026-09-16,ILI incidence,1,2026-09-13,GB-WLS,median,,1.0288641034902262
2026-09-16,ILI incidence,2,2026-09-20,GB-WLS,quantile,0.010,0.0
2026-09-16,ILI incidence,2,2026-09-20,GB-WLS,quantile,0.025,0.0
2026-09-16,ILI incidence,2,2026-09-20,GB-WLS,quantile,0.050,0.0
2026-09-16,ILI incidence,2,2026-09-20,GB-WLS,quantile,0.100,0.0
2026-09-16,ILI incidence,2,2026-09-20,GB-WLS,quantile,0.150,0.0
2026-09-16,ILI incidence,2,2026-09-20,GB-WLS,quantile,0.200,0.0
2026-09-16,ILI incidence,2,2026-09-20,GB-WLS,quantile,0.250,0.0
2026-09-16,ILI incidence,2,2026-09-20,GB-WLS,quantile,0.300,0.0
2026-09-16,ILI incidence,2,2026-09-20,GB-WLS,quantile,0.350,0.0
2026-09-16,ILI incidence,2,2026-09-20,GB-WLS,quantile,0.400,0.2553581084250535
2026-09-16,ILI incidence,2,2026-09-20,GB-WLS,quantile,0.450,0.6338832801771902
2026-09-16,ILI incidence,2,2026-09-20,GB-WLS,quantile,0.500,1.036578255179652
2026-09-16,ILI incidence,2,2026-09-20,GB-WLS,quantile,0.550,1.3911384768134154
2026-09-16,ILI incidence,2,2026-09-20,GB-WLS,quantile,0.600,1.7915281062628203
2026-09-16,ILI incidence,2,2026-09-20,GB-WLS,quantile,0.650,2.2018677427940885
2026-09-16,ILI incidence,2,2026-09-20,GB-WLS,quantile,0.700,2.6313813511734923
2026-09-16,ILI incidence,2,2026-09-20,GB-WLS,quantile,0.750,3.1471823830525967
2026-09-16,ILI incidence,2,2026-09-20,GB-WLS,quantile,0.800,3.8458006742607145
2026-09-16,ILI incidence,2,2026-09-20,GB-WLS,quantile,0.850,4.942580435538005
2026-09-16,ILI incidence,2,2026-09-20,GB-WLS,quantile,0.900,8.015892081452106
2026-09-16,ILI incidence,2,2026-09-20,GB-WLS,quantile,0.950,11.710283581505395
2026-09-16,ILI incidence,2,2026-09-20,GB-WLS,quantile,0.975,14.012380878466217
2026-09-16,ILI incidence,2,2026-09-20,GB-WLS,quantile,0.990,20.346055786084627
2026-09-16,ILI incidence,2,2026-09-20,GB-WLS,median,,1.036578255179652
2026-09-16,ILI incidence,3,2026-09-27,GB-WLS,quantile,0.010,0.0
2026-09-16,ILI incidence,3,2026-09-27,GB-WLS,quantile,0.025,0.0
2026-09-16,ILI incidence,3,2026-09-27,GB-WLS,quantile,0.050,0.0
2026-09-16,ILI incidence,3,2026-09-27,GB-WLS,quantile,0.100,0.0
2026-09-16,ILI incidence,3,2026-09-27,GB-WLS,quantile,0.150,0.0
2026-09-16,ILI incidence,3,2026-09-27,GB-WLS,quantile,0.200,0.0
2026-09-16,ILI incidence,3,2026-09-27,GB-WLS,quantile,0.250,0.0
2026-09-16,ILI incidence,3,2026-09-27,GB-WLS,quantile,0.300,0.0
2026-09-16,ILI incidence,3,2026-09-27,GB-WLS,quantile,0.350,0.0
2026-09-16,ILI incidence,3,2026-09-27,GB-WLS,quantile,0.400,0.0
2026-09-16,ILI incidence,3,2026-09-27,GB-WLS,quantile,0.450,0.5376913281359144
2026-09-16,ILI incidence,3,2026-09-27,GB-WLS,quantile,0.500,1.064416031013292
2026-09-16,ILI incidence,3,2026-09-27,GB-WLS,quantile,0.550,1.6008622133252168
2026-09-16,ILI incidence,3,2026-09-27,GB-WLS,quantile,0.600,2.152179555996615
2026-09-16,ILI incidence,3,2026-09-27,GB-WLS,quantile,0.650,2.7492303789944113
2026-09-16,ILI incidence,3,2026-09-27,GB-WLS,quantile,0.700,3.357385913815853
2026-09-16,ILI incidence,3,2026-09-27,GB-WLS,quantile,0.750,4.113225614139541
2026-09-16,ILI incidence,3,2026-09-27,GB-WLS,quantile,0.800,5.309001886369149
2026-09-16,ILI incidence,3,2026-09-27,GB-WLS,quantile,0.850,7.410964333452952
2026-09-16,ILI incidence,3,2026-09-27,GB-WLS,quantile,0.900,10.296583802690709
2026-09-16,ILI incidence,3,2026-09-27,GB-WLS,quantile,0.950,13.60254840424057
2026-09-16,ILI incidence,3,2026-09-27,GB-WLS,quantile,0.975,16.8192210812242
2026-09-16,ILI incidence,3,2026-09-27,GB-WLS,quantile,0.990,22.364834488744677
2026-09-16,ILI incidence,3,2026-09-27,GB-WLS,median,,1.064416031013292
2026-09-16,ILI incidence,4,2026-10-04,GB-WLS,quantile,0.010,0.0
2026-09-16,ILI incidence,4,2026-10-04,GB-WLS,quantile,0.025,0.0
2026-09-16,ILI incidence,4,2026-10-04,GB-WLS,quantile,0.050,0.0
2026-09-16,ILI incidence,4,2026-10-04,GB-WLS,quantile,0.100,0.0
2026-09-16,ILI incidence,4,2026-10-04,GB-WLS,quantile,0.150,0.0
2026-09-16,ILI incidence,4,2026-10-04,GB-WLS,quantile,0.200,0.0
2026-09-16,ILI incidence,4,2026-10-04,GB-WLS,quantile,0.250,0.0
2026-09-16,ILI incidence,4,2026-10-04,GB-WLS,quantile,0.300,0.0
2026-09-16,ILI incidence,4,2026-10-04,GB-WLS,quantile,0.350,0.0
2026-09-16,ILI incidence,4,2026-10-04,GB-WLS,quantile,0.400,0.0
2026-09-16,ILI incidence,4,2026-10-04,GB-WLS,quantile,0.450,0.38831522562921017
2026-09-16,ILI incidence,4,2026-10-04,GB-WLS,quantile,0.500,1.105046673609965
2026-09-16,ILI incidence,4,2026-10-04,GB-WLS,quantile,0.550,1.8279772902230274
2026-09-16,ILI incidence,4,2026-10-04,GB-WLS,quantile,0.600,2.4993414073348643
2026-09-16,ILI incidence,4,2026-10-04,GB-WLS,quantile,0.650,3.297481841009643
2026-09-16,ILI incidence,4,2026-10-04,GB-WLS,quantile,0.700,4.20566086087454
2026-09-16,ILI incidence,4,2026-10-04,GB-WLS,quantile,0.750,5.365121804220757
2026-09-16,ILI incidence,4,2026-10-04,GB-WLS,quantile,0.800,7.020123877451593
2026-09-16,ILI incidence,4,2026-10-04,GB-WLS,quantile,0.850,9.1743760917017
2026-09-16,ILI incidence,4,2026-10-04,GB-WLS,quantile,0.900,11.806151450975015
2026-09-16,ILI incidence,4,2026-10-04,GB-WLS,quantile,0.950,15.575817847534617
2026-09-16,ILI incidence,4,2026-10-04,GB-WLS,quantile,0.975,19.618434391567558
2026-09-16,ILI incidence,4,2026-10-04,GB-WLS,quantile,0.990,24.139772438693306
2026-09-16,ILI incidence,4,2026-10-04,GB-WLS,median,,1.105046673609965
2026-09-16,ILI incidence,1,2026-09-13,GB-NIR,quantile,0.010,0.0
2026-09-16,ILI incidence,1,2026-09-13,GB-NIR,quantile,0.025,0.0
2026-09-16,ILI incidence,1,2026-09-13,GB-NIR,quantile,0.050,0.0
2026-09-16,ILI incidence,1,2026-09-13,GB-NIR,quantile,0.100,0.0
2026-09-16,ILI incidence,1,2026-09-13,GB-NIR,quantile,0.150,0.0
2026-09-16,ILI incidence,1,2026-09-13,GB-NIR,quantile,0.200,0.0
2026-09-16,ILI incidence,1,2026-09-13,GB-NIR,quantile,0.250,0.0
2026-09-16,ILI incidence,1,2026-09-13,GB-NIR,quantile,0.300,0.0
2026-09-16,ILI incidence,1,2026-09-13,GB-NIR,quantile,0.350,0.4896923710217171
2026-09-16,ILI incidence,1,2026-09-13,GB-NIR,quantile,0.400,0.957731402604087
2026-09-16,ILI incidence,1,2026-09-13,GB-NIR,quantile,0.450,1.3810720346804504
2026-09-16,ILI incidence,1,2026-09-13,GB-NIR,quantile,0.500,1.7275880462300268
2026-09-16,ILI incidence,1,2026-09-13,GB-NIR,quantile,0.550,2.069183129709644
2026-09-16,ILI incidence,1,2026-09-13,GB-NIR,quantile,0.600,2.484735514333023
2026-09-16,ILI incidence,1,2026-09-13,GB-NIR,quantile,0.650,2.9009554943731604
2026-09-16,ILI incidence,1,2026-09-13,GB-NIR,quantile,0.700,3.4267040556414616
2026-09-16,ILI incidence,1,2026-09-13,GB-NIR,quantile,0.750,4.091739842306687
2026-09-16,ILI incidence,1,2026-09-13,GB-NIR,quantile,0.800,5.036893335874302
2026-09-16,ILI incidence,1,2026-09-13,GB-NIR,quantile,0.850,6.827098018027907
2026-09-16,ILI incidence,1,2026-09-13,GB-NIR,quantile,0.900,11.709411402981296
2026-09-16,ILI incidence,1,2026-09-13,GB-NIR,quantile,0.950,19.179923532358277
2026-09-16,ILI incidence,1,2026-09-13,GB-NIR,quantile,0.975,28.411018419768816
2026-09-16,ILI incidence,1,2026-09-13,GB-NIR,quantile,0.990,32.97944001760599
2026-09-16,ILI incidence,1,2026-09-13,GB-NIR,median,,1.7275880462300268
2026-09-16,ILI incidence,2,2026-09-20,GB-NIR,quantile,0.010,0.0
2026-09-16,ILI incidence,2,2026-09-20,GB-NIR,quantile,0.025,0.0
2026-09-16,ILI incidence,2,2026-09-20,GB-NIR,quantile,0.050,0.0
2026-09-16,ILI incidence,2,2026-09-20,GB-NIR,quantile,0.100,0.0
2026-09-16,ILI incidence,2,2026-09-20,GB-NIR,quantile,0.150,0.0
2026-09-16,ILI incidence,2,2026-09-20,GB-NIR,quantile,0.200,0.0
2026-09-16,ILI incidence,2,2026-09-20,GB-NIR,quantile,0.250,0.0
2026-09-16,ILI incidence,2,2026-09-20,GB-NIR,quantile,0.300,0.0
2026-09-16,ILI incidence,2,2026-09-20,GB-NIR,quantile,0.350,0.14833213366471473
2026-09-16,ILI incidence,2,2026-09-20,GB-NIR,quantile,0.400,0.7296685682885083
2026-09-16,ILI incidence,2,2026-09-20,GB-NIR,quantile,0.450,1.269992777107396
2026-09-16,ILI incidence,2,2026-09-20,GB-NIR,quantile,0.500,1.7477681401822962
2026-09-16,ILI incidence,2,2026-09-20,GB-NIR,quantile,0.550,2.2270982885437327
2026-09-16,ILI incidence,2,2026-09-20,GB-NIR,quantile,0.600,2.780090653438128
2026-09-16,ILI incidence,2,2026-09-20,GB-NIR,quantile,0.650,3.3885156531903737
2026-09-16,ILI incidence,2,2026-09-20,GB-NIR,quantile,0.700,4.072478231420458
2026-09-16,ILI incidence,2,2026-09-20,GB-NIR,quantile,0.750,5.000765714178876
2026-09-16,ILI incidence,2,2026-09-20,GB-NIR,quantile,0.800,6.417258915446611
2026-09-16,ILI incidence,2,2026-09-20,GB-NIR,quantile,0.850,9.32407998663813
2026-09-16,ILI incidence,2,2026-09-20,GB-NIR,quantile,0.900,14.360879724412538
2026-09-16,ILI incidence,2,2026-09-20,GB-NIR,quantile,0.950,22.573774494973158
2026-09-16,ILI incidence,2,2026-09-20,GB-NIR,quantile,0.975,30.291518731174044
2026-09-16,ILI incidence,2,2026-09-20,GB-NIR,quantile,0.990,34.69448352778169
2026-09-16,ILI incidence,2,2026-09-20,GB-NIR,median,,1.7477681401822962
2026-09-16,ILI incidence,3,2026-09-27,GB-NIR,quantile,0.010,0.0
2026-09-16,ILI incidence,3,2026-09-27,GB-NIR,quantile,0.025,0.0
2026-09-16,ILI incidence,3,2026-09-27,GB-NIR,quantile,0.050,0.0
2026-09-16,ILI incidence,3,2026-09-27,GB-NIR,quantile,0.100,0.0
2026-09-16,ILI incidence,3,2026-09-27,GB-NIR,quantile,0.150,0.0
2026-09-16,ILI incidence,3,2026-09-27,GB-NIR,quantile,0.200,0.0
2026-09-16,ILI incidence,3,2026-09-27,GB-NIR,quantile,0.250,0.0
2026-09-16,ILI incidence,3,2026-09-27,GB-NIR,quantile,0.300,0.0
2026-09-16,ILI incidence,3,2026-09-27,GB-NIR,quantile,0.350,0.0
2026-09-16,ILI incidence,3,2026-09-27,GB-NIR,quantile,0.400,0.4970361607904642
2026-09-16,ILI incidence,3,2026-09-27,GB-NIR,quantile,0.450,1.163618140316327
2026-09-16,ILI incidence,3,2026-09-27,GB-NIR,quantile,0.500,1.783143918337873
2026-09-16,ILI incidence,3,2026-09-27,GB-NIR,quantile,0.550,2.4505504476586486
2026-09-16,ILI incidence,3,2026-09-27,GB-NIR,quantile,0.600,3.1570849599835626
2026-09-16,ILI incidence,3,2026-09-27,GB-NIR,quantile,0.650,3.8942514100674797
2026-09-16,ILI incidence,3,2026-09-27,GB-NIR,quantile,0.700,4.70324487239668
2026-09-16,ILI incidence,3,2026-09-27,GB-NIR,quantile,0.750,5.828857400923607
2026-09-16,ILI incidence,3,2026-09-27,GB-NIR,quantile,0.800,7.973012313864922
2026-09-16,ILI incidence,3,2026-09-27,GB-NIR,quantile,0.850,11.62704427894736
2026-09-16,ILI incidence,3,2026-09-27,GB-NIR,quantile,0.900,16.30190595266588
2026-09-16,ILI incidence,3,2026-09-27,GB-NIR,quantile,0.950,25.58339968216098
2026-09-16,ILI incidence,3,2026-09-27,GB-NIR,quantile,0.975,31.761140015382757
2026-09-16,ILI incidence,3,2026-09-27,GB-NIR,quantile,0.990,36.62810416290696
2026-09-16,ILI incidence,3,2026-09-27,GB-NIR,median,,1.783143918337873
2026-09-16,ILI incidence,4,2026-10-04,GB-NIR,quantile,0.010,0.0
2026-09-16,ILI incidence,4,2026-10-04,GB-NIR,quantile,0.025,0.0
2026-09-16,ILI incidence,4,2026-10-04,GB-NIR,quantile,0.050,0.0
2026-09-16,ILI incidence,4,2026-10-04,GB-NIR,quantile,0.100,0.0
2026-09-16,ILI incidence,4,2026-10-04,GB-NIR,quantile,0.150,0.0
2026-09-16,ILI incidence,4,2026-10-04,GB-NIR,quantile,0.200,0.0
2026-09-16,ILI incidence,4,2026-10-04,GB-NIR,quantile,0.250,0.0
2026-09-16,ILI incidence,4,2026-10-04,GB-NIR,quantile,0.300,0.0
2026-09-16,ILI incidence,4,2026-10-04,GB-NIR,quantile,0.350,0.0
2026-09-16,ILI incidence,4,2026-10-04,GB-NIR,quantile,0.400,0.22299204950157825
2026-09-16,ILI incidence,4,2026-10-04,GB-NIR,quantile,0.450,0.9582152862543998
2026-09-16,ILI incidence,4,2026-10-04,GB-NIR,quantile,0.500,1.7428466697656264
2026-09-16,ILI incidence,4,2026-10-04,GB-NIR,quantile,0.550,2.509739581602324
2026-09-16,ILI incidence,4,2026-10-04,GB-NIR,quantile,0.600,3.35767668859553
2026-09-16,ILI incidence,4,2026-10-04,GB-NIR,quantile,0.650,4.227446862274393
2026-09-16,ILI incidence,4,2026-10-04,GB-NIR,quantile,0.700,5.355951816246443
2026-09-16,ILI incidence,4,2026-10-04,GB-NIR,quantile,0.750,6.956504684052012
2026-09-16,ILI incidence,4,2026-10-04,GB-NIR,quantile,0.800,9.643036726874314
2026-09-16,ILI incidence,4,2026-10-04,GB-NIR,quantile,0.850,13.332921737808954
2026-09-16,ILI incidence,4,2026-10-04,GB-NIR,quantile,0.900,18.485653312813096
2026-09-16,ILI incidence,4,2026-10-04,GB-NIR,quantile,0.950,27.76122706533301
2026-09-16,ILI incidence,4,2026-10-04,GB-NIR,quantile,0.975,33.479237310720244
2026-09-16,ILI incidence,4,2026-10-04,GB-NIR,quantile,0.990,40.21104775647172
2026-09-16,ILI incidence,4,2026-10-04,GB-NIR,median,,1.7428466697656264
2026-09-16,ARI incidence,1,2026-09-13,BE,quantile,0.010,3.0
2026-09-16,ARI incidence,1,2026-09-13,BE,quantile,0.025,45.799999999999955
2026-09-16,ARI incidence,1,2026-09-13,BE,quantile,0.050,105.5
2026-09-16,ARI incidence,1,2026-09-13,BE,quantile,0.100,188.39999999999986
2026-09-16,ARI incidence,1,2026-09-13,BE,quantile,0.150,239.6
2026-09-16,ARI incidence,1,2026-09-13,BE,quantile,0.200,265.1
2026-09-16,ARI incidence,1,2026-09-13,BE,quantile,0.250,298.3000000000002
2026-09-16,ARI incidence,1,2026-09-13,BE,quantile,0.300,319.67
2026-09-16,ARI incidence,1,2026-09-13,BE,quantile,0.350,341.0
2026-09-16,ARI incidence,1,2026-09-13,BE,quantile,0.400,357.0
2026-09-16,ARI incidence,1,2026-09-13,BE,quantile,0.450,376.29999999999995
2026-09-16,ARI incidence,1,2026-09-13,BE,quantile,0.500,398.80000000000007
2026-09-16,ARI incidence,1,2026-09-13,BE,quantile,0.550,420.19999999999993
2026-09-16,ARI incidence,1,2026-09-13,BE,quantile,0.600,436.8
2026-09-16,ARI incidence,1,2026-09-13,BE,quantile,0.650,455.30000000000007
2026-09-16,ARI incidence,1,2026-09-13,BE,quantile,0.700,473.5
2026-09-16,ARI incidence,1,2026-09-13,BE,quantile,0.750,496.85
2026-09-16,ARI incidence,1,2026-09-13,BE,quantile,0.800,532.3
2026-09-16,ARI incidence,1,2026-09-13,BE,quantile,0.850,558.4
2026-09-16,ARI incidence,1,2026-09-13,BE,quantile,0.900,608.9
2026-09-16,ARI incidence,1,2026-09-13,BE,quantile,0.950,683.8000000000002
2026-09-16,ARI incidence,1,2026-09-13,BE,quantile,0.975,725.3
2026-09-16,ARI incidence,1,2026-09-13,BE,quantile,0.990,795.0
2026-09-16,ARI incidence,1,2026-09-13,BE,median,,398.80000000000007
2026-09-16,ARI incidence,2,2026-09-20,BE,quantile,0.010,0.0
2026-09-16,ARI incidence,2,2026-09-20,BE,quantile,0.025,0.0
2026-09-16,ARI incidence,2,2026-09-20,BE,quantile,0.050,3.485000000000016
2026-09-16,ARI incidence,2,2026-09-20,BE,quantile,0.100,100.10000000000001
2026-09-16,ARI incidence,2,2026-09-20,BE,quantile,0.150,159.88500000000008
2026-09-16,ARI incidence,2,2026-09-20,BE,quantile,0.200,207.10000000000008
2026-09-16,ARI incidence,2,2026-09-20,BE,quantile,0.250,246.27499999999995
2026-09-16,ARI incidence,2,2026-09-20,BE,quantile,0.300,281.5099999999999
2026-09-16,ARI incidence,2,2026-09-20,BE,quantile,0.350,312.59999999999997
2026-09-16,ARI incidence,2,2026-09-20,BE,quantile,0.400,345.06
2026-09-16,ARI incidence,2,2026-09-20,BE,quantile,0.450,373.00000000000006
2026-09-16,ARI incidence,2,2026-09-20,BE,quantile,0.500,400.0999999999999
2026-09-16,ARI incidence,2,2026-09-20,BE,quantile,0.550,428.29999999999995
2026-09-16,ARI incidence,2,2026-09-20,BE,quantile,0.600,457.59999999999997
2026-09-16,ARI incidence,2,2026-09-20,BE,quantile,0.650,487.9
2026-09-16,ARI incidence,2,2026-09-20,BE,quantile,0.700,517.93
2026-09-16,ARI incidence,2,2026-09-20,BE,quantile,0.750,555.375
2026-09-16,ARI incidence,2,2026-09-20,BE,quantile,0.800,594.82
2026-09-16,ARI incidence,2,2026-09-20,BE,quantile,0.850,641.5000000000001
2026-09-16,ARI incidence,2,2026-09-20,BE,quantile,0.900,702.7300000000001
2026-09-16,ARI incidence,2,2026-09-20,BE,quantile,0.950,793.7099999999999
2026-09-16,ARI incidence,2,2026-09-20,BE,quantile,0.975,878.1999999999999
2026-09-16,ARI incidence,2,2026-09-20,BE,quantile,0.990,978.902
2026-09-16,ARI incidence,2,2026-09-20,BE,median,,400.0999999999999
2026-09-16,ARI incidence,3,2026-09-27,BE,quantile,0.010,0.0
2026-09-16,ARI incidence,3,2026-09-27,BE,quantile,0.025,0.0
2026-09-16,ARI incidence,3,2026-09-27,BE,quantile,0.050,0.0
2026-09-16,ARI incidence,3,2026-09-27,BE,quantile,0.100,33.40000000000013
2026-09-16,ARI incidence,3,2026-09-27,BE,quantile,0.150,101.30000000000001
2026-09-16,ARI incidence,3,2026-09-27,BE,quantile,0.200,155.57999999999996
2026-09-16,ARI incidence,3,2026-09-27,BE,quantile,0.250,204.40000000000006
2026-09-16,ARI incidence,3,2026-09-27,BE,quantile,0.300,246.26999999999995
2026-09-16,ARI incidence,3,2026-09-27,BE,quantile,0.350,285.76500000000004
2026-09-16,ARI incidence,3,2026-09-27,BE,quantile,0.400,325.40000000000003
2026-09-16,ARI incidence,3,2026-09-27,BE,quantile,0.450,358.6999999999999
2026-09-16,ARI incidence,3,2026-09-27,BE,quantile,0.500,393.80000000000007
2026-09-16,ARI incidence,3,2026-09-27,BE,quantile,0.550,430.7
2026-09-16,ARI incidence,3,2026-09-27,BE,quantile,0.600,467.44
2026-09-16,ARI incidence,3,2026-09-27,BE,quantile,0.650,505.6000000000001
2026-09-16,ARI incidence,3,2026-09-27,BE,quantile,0.700,546.9599999999998
2026-09-16,ARI incidence,3,2026-09-27,BE,quantile,0.750,592.225
2026-09-16,ARI incidence,3,2026-09-27,BE,quantile,0.800,639.12
2026-09-16,ARI incidence,3,2026-09-27,BE,quantile,0.850,698.7299999999998
2026-09-16,ARI incidence,3,2026-09-27,BE,quantile,0.900,774.91
2026-09-16,ARI incidence,3,2026-09-27,BE,quantile,0.950,890.5049999999998
2026-09-16,ARI incidence,3,2026-09-27,BE,quantile,0.975,1001.4999999999999
2026-09-16,ARI incidence,3,2026-09-27,BE,quantile,0.990,1107.9340000000009
2026-09-16,ARI incidence,3,2026-09-27,BE,median,,393.80000000000007
2026-09-16,ARI incidence,4,2026-10-04,BE,quantile,0.010,0.0
2026-09-16,ARI incidence,4,2026-10-04,BE,quantile,0.025,0.0
2026-09-16,ARI incidence,4,2026-10-04,BE,quantile,0.050,0.0
2026-09-16,ARI incidence,4,2026-10-04,BE,quantile,0.100,0.0
2026-09-16,ARI incidence,4,2026-10-04,BE,quantile,0.150,51.569999999999965
2026-09-16,ARI incidence,4,2026-10-04,BE,quantile,0.200,115.9800000000001
2026-09-16,ARI incidence,4,2026-10-04,BE,quantile,0.250,172.90000000000003
2026-09-16,ARI incidence,4,2026-10-04,BE,quantile,0.300,223.10000000000008
2026-09-16,ARI incidence,4,2026-10-04,BE,quantile,0.350,269.20000000000005
2026-09-16,ARI incidence,4,2026-10-04,BE,quantile,0.400,314.7600000000001
2026-09-16,ARI incidence,4,2026-10-04,BE,quantile,0.450,358.9000000000001
2026-09-16,ARI incidence,4,2026-10-04,BE,quantile,0.500,399.5
2026-09-16,ARI incidence,4,2026-10-04,BE,quantile,0.550,438.845
2026-09-16,ARI incidence,4,2026-10-04,BE,quantile,0.600,479.9
2026-09-16,ARI incidence,4,2026-10-04,BE,quantile,0.650,520.8999999999999
2026-09-16,ARI incidence,4,2026-10-04,BE,quantile,0.700,570.7299999999999
2026-09-16,ARI incidence,4,2026-10-04,BE,quantile,0.750,619.625
2026-09-16,ARI incidence,4,2026-10-04,BE,quantile,0.800,680.9200000000001
2026-09-16,ARI incidence,4,2026-10-04,BE,quantile,0.850,748.2149999999999
2026-09-16,ARI incidence,4,2026-10-04,BE,quantile,0.900,838.5400000000001
2026-09-16,ARI incidence,4,2026-10-04,BE,quantile,0.950,967.3049999999997
2026-09-16,ARI incidence,4,2026-10-04,BE,quantile,0.975,1075.7050000000002
2026-09-16,ARI incidence,4,2026-10-04,BE,quantile,0.990,1217.3090000000004
2026-09-16,ARI incidence,4,2026-10-04,BE,median,,399.5
2026-09-16,ARI incidence,1,2026-09-13,BG,quantile,0.010,0.0
2026-09-16,ARI incidence,1,2026-09-13,BG,quantile,0.025,0.0
2026-09-16,ARI incidence,1,2026-09-13,BG,quantile,0.050,0.0
2026-09-16,ARI incidence,1,2026-09-13,BG,quantile,0.100,40.499999999999915
2026-09-16,ARI incidence,1,2026-09-13,BG,quantile,0.150,99.09999999999994
2026-09-16,ARI incidence,1,2026-09-13,BG,quantile,0.200,128.4
2026-09-16,ARI incidence,1,2026-09-13,BG,quantile,0.250,149.6
2026-09-16,ARI incidence,1,2026-09-13,BG,quantile,0.300,161.29999999999998
2026-09-16,ARI incidence,1,2026-09-13,BG,quantile,0.350,172.19999999999996
2026-09-16,ARI incidence,1,2026-09-13,BG,quantile,0.400,179.9
2026-09-16,ARI incidence,1,2026-09-13,BG,quantile,0.450,186.00000000000003
2026-09-16,ARI incidence,1,2026-09-13,BG,quantile,0.500,193.7
2026-09-16,ARI incidence,1,2026-09-13,BG,quantile,0.550,200.6
2026-09-16,ARI incidence,1,2026-09-13,BG,quantile,0.600,205.9
2026-09-16,ARI incidence,1,2026-09-13,BG,quantile,0.650,214.60000000000005
2026-09-16,ARI incidence,1,2026-09-13,BG,quantile,0.700,224.79999999999998
2026-09-16,ARI incidence,1,2026-09-13,BG,quantile,0.750,237.00000000000003
2026-09-16,ARI incidence,1,2026-09-13,BG,quantile,0.800,258.6
2026-09-16,ARI incidence,1,2026-09-13,BG,quantile,0.850,288.70000000000005
2026-09-16,ARI incidence,1,2026-09-13,BG,quantile,0.900,346.30000000000007
2026-09-16,ARI incidence,1,2026-09-13,BG,quantile,0.950,510.70000000000005
2026-09-16,ARI incidence,1,2026-09-13,BG,quantile,0.975,606.9999999999999
2026-09-16,ARI incidence,1,2026-09-13,BG,quantile,0.990,774.3
2026-09-16,ARI incidence,1,2026-09-13,BG,median,,193.7
2026-09-16,ARI incidence,2,2026-09-20,BG,quantile,0.010,0.0
2026-09-16,ARI incidence,2,2026-09-20,BG,quantile,0.025,0.0
2026-09-16,ARI incidence,2,2026-09-20,BG,quantile,0.050,0.0
2026-09-16,ARI incidence,2,2026-09-20,BG,quantile,0.100,0.0
2026-09-16,ARI incidence,2,2026-09-20,BG,quantile,0.150,14.100000000000033
2026-09-16,ARI incidence,2,2026-09-20,BG,quantile,0.200,66.40000000000008
2026-09-16,ARI incidence,2,2026-09-20,BG,quantile,0.250,102.7
2026-09-16,ARI incidence,2,2026-09-20,BG,quantile,0.300,129.09999999999994
2026-09-16,ARI incidence,2,2026-09-20,BG,quantile,0.350,149.1
2026-09-16,ARI incidence,2,2026-09-20,BG,quantile,0.400,166.09999999999994
2026-09-16,ARI incidence,2,2026-09-20,BG,quantile,0.450,180.55499999999995
2026-09-16,ARI incidence,2,2026-09-20,BG,quantile,0.500,192.9
2026-09-16,ARI incidence,2,2026-09-20,BG,quantile,0.550,207.34500000000008
2026-09-16,ARI incidence,2,2026-09-20,BG,quantile,0.600,223.33999999999995
2026-09-16,ARI incidence,2,2026-09-20,BG,quantile,0.650,241.0999999999999
2026-09-16,ARI incidence,2,2026-09-20,BG,quantile,0.700,262.62999999999994
2026-09-16,ARI incidence,2,2026-09-20,BG,quantile,0.750,290.20000000000005
2026-09-16,ARI incidence,2,2026-09-20,BG,quantile,0.800,328.70000000000005
2026-09-16,ARI incidence,2,2026-09-20,BG,quantile,0.850,391.3150000000001
2026-09-16,ARI incidence,2,2026-09-20,BG,quantile,0.900,494.81
2026-09-16,ARI incidence,2,2026-09-20,BG,quantile,0.950,628.6149999999998
2026-09-16,ARI incidence,2,2026-09-20,BG,quantile,0.975,755.9224999999998
2026-09-16,ARI incidence,2,2026-09-20,BG,quantile,0.990,865.5200000000003
2026-09-16,ARI incidence,2,2026-09-20,BG,median,,192.9
2026-09-16,ARI incidence,3,2026-09-27,BG,quantile,0.010,0.0
2026-09-16,ARI incidence,3,2026-09-27,BG,quantile,0.025,0.0
2026-09-16,ARI incidence,3,2026-09-27,BG,quantile,0.050,0.0
2026-09-16,ARI incidence,3,2026-09-27,BG,quantile,0.100,0.0
2026-09-16,ARI incidence,3,2026-09-27,BG,quantile,0.150,0.0
2026-09-16,ARI incidence,3,2026-09-27,BG,quantile,0.200,4.0999999999999375
2026-09-16,ARI incidence,3,2026-09-27,BG,quantile,0.250,55.09999999999999
2026-09-16,ARI incidence,3,2026-09-27,BG,quantile,0.300,93.9
2026-09-16,ARI incidence,3,2026-09-27,BG,quantile,0.350,124.96499999999993
2026-09-16,ARI incidence,3,2026-09-27,BG,quantile,0.400,150.16000000000003
2026-09-16,ARI incidence,3,2026-09-27,BG,quantile,0.450,173.49999999999994
2026-09-16,ARI incidence,3,2026-09-27,BG,quantile,0.500,196.10000000000005
2026-09-16,ARI incidence,3,2026-09-27,BG,quantile,0.550,216.7
2026-09-16,ARI incidence,3,2026-09-27,BG,quantile,0.600,239.63999999999996
2026-09-16,ARI incidence,3,2026-09-27,BG,quantile,0.650,266.535
2026-09-16,ARI incidence,3,2026-09-27,BG,quantile,0.700,299.82999999999987
2026-09-16,ARI incidence,3,2026-09-27,BG,quantile,0.750,340.5
2026-09-16,ARI incidence,3,2026-09-27,BG,quantile,0.800,397.80000000000007
2026-09-16,ARI incidence,3,2026-09-27,BG,quantile,0.850,470.9749999999999
2026-09-16,ARI incidence,3,2026-09-27,BG,quantile,0.900,568.8000000000001
2026-09-16,ARI incidence,3,2026-09-27,BG,quantile,0.950,715.8349999999995
2026-09-16,ARI incidence,3,2026-09-27,BG,quantile,0.975,836.91
2026-09-16,ARI incidence,3,2026-09-27,BG,quantile,0.990,953.1020000000001
2026-09-16,ARI incidence,3,2026-09-27,BG,median,,196.10000000000005
2026-09-16,ARI incidence,4,2026-10-04,BG,quantile,0.010,0.0
2026-09-16,ARI incidence,4,2026-10-04,BG,quantile,0.025,0.0
2026-09-16,ARI incidence,4,2026-10-04,BG,quantile,0.050,0.0
2026-09-16,ARI incidence,4,2026-10-04,BG,quantile,0.100,0.0
2026-09-16,ARI incidence,4,2026-10-04,BG,quantile,0.150,0.0
2026-09-16,ARI incidence,4,2026-10-04,BG,quantile,0.200,0.0
2026-09-16,ARI incidence,4,2026-10-04,BG,quantile,0.250,17.575000000000017
2026-09-16,ARI incidence,4,2026-10-04,BG,quantile,0.300,61.94000000000002
2026-09-16,ARI incidence,4,2026-10-04,BG,quantile,0.350,104.465
2026-09-16,ARI incidence,4,2026-10-04,BG,quantile,0.400,138.35999999999993
2026-09-16,ARI incidence,4,2026-10-04,BG,quantile,0.450,171.29999999999998
2026-09-16,ARI incidence,4,2026-10-04,BG,quantile,0.500,198.74999999999994
2026-09-16,ARI incidence,4,2026-10-04,BG,quantile,0.550,229.89999999999992
2026-09-16,ARI incidence,4,2026-10-04,BG,quantile,0.600,259.97999999999996
2026-09-16,ARI incidence,4,2026-10-04,BG,quantile,0.650,293.57000000000016
2026-09-16,ARI incidence,4,2026-10-04,BG,quantile,0.700,336.5000000000001
2026-09-16,ARI incidence,4,2026-10-04,BG,quantile,0.750,385.825
2026-09-16,ARI incidence,4,2026-10-04,BG,quantile,0.800,449.3200000000002
2026-09-16,ARI incidence,4,2026-10-04,BG,quantile,0.850,524.515
2026-09-16,ARI incidence,4,2026-10-04,BG,quantile,0.900,633.03
2026-09-16,ARI incidence,4,2026-10-04,BG,quantile,0.950,788.6699999999992
2026-09-16,ARI incidence,4,2026-10-04,BG,quantile,0.975,917.5099999999999
2026-09-16,ARI incidence,4,2026-10-04,BG,quantile,0.990,1081.1070000000002
2026-09-16,ARI incidence,4,2026-10-04,BG,median,,198.74999999999994
2026-09-16,ARI incidence,1,2026-09-13,CY,quantile,0.010,0.0
2026-09-16,ARI incidence,1,2026-09-13,CY,quantile,0.025,0.0
2026-09-16,ARI incidence,1,2026-09-13,CY,quantile,0.050,0.0
2026-09-16,ARI incidence,1,2026-09-13,CY,quantile,0.100,800.0
2026-09-16,ARI incidence,1,2026-09-13,CY,quantile,0.150,1400.0
2026-09-16,ARI incidence,1,2026-09-13,CY,quantile,0.200,2300.0
2026-09-16,ARI incidence,1,2026-09-13,CY,quantile,0.250,2700.0
2026-09-16,ARI incidence,1,2026-09-13,CY,quantile,0.300,3100.0
2026-09-16,ARI incidence,1,2026-09-13,CY,quantile,0.350,3500.0
2026-09-16,ARI incidence,1,2026-09-13,CY,quantile,0.400,3700.0
2026-09-16,ARI incidence,1,2026-09-13,CY,quantile,0.450,3800.0
2026-09-16,ARI incidence,1,2026-09-13,CY,quantile,0.500,4200.0
2026-09-16,ARI incidence,1,2026-09-13,CY,quantile,0.550,4600.0
2026-09-16,ARI incidence,1,2026-09-13,CY,quantile,0.600,4700.0
2026-09-16,ARI incidence,1,2026-09-13,CY,quantile,0.650,4900.0
2026-09-16,ARI incidence,1,2026-09-13,CY,quantile,0.700,5300.0
2026-09-16,ARI incidence,1,2026-09-13,CY,quantile,0.750,5600.0
2026-09-16,ARI incidence,1,2026-09-13,CY,quantile,0.800,6100.0
2026-09-16,ARI incidence,1,2026-09-13,CY,quantile,0.850,7000.0
2026-09-16,ARI incidence,1,2026-09-13,CY,quantile,0.900,7700.0
2026-09-16,ARI incidence,1,2026-09-13,CY,quantile,0.950,9200.0
2026-09-16,ARI incidence,1,2026-09-13,CY,quantile,0.975,12100.0
2026-09-16,ARI incidence,1,2026-09-13,CY,quantile,0.990,17300.0
2026-09-16,ARI incidence,1,2026-09-13,CY,median,,4200.0
2026-09-16,ARI incidence,2,2026-09-20,CY,quantile,0.010,0.0
2026-09-16,ARI incidence,2,2026-09-20,CY,quantile,0.025,0.0
2026-09-16,ARI incidence,2,2026-09-20,CY,quantile,0.050,0.0
2026-09-16,ARI incidence,2,2026-09-20,CY,quantile,0.100,0.0
2026-09-16,ARI incidence,2,2026-09-20,CY,quantile,0.150,100.00000000000182
2026-09-16,ARI incidence,2,2026-09-20,CY,quantile,0.200,1000.0
2026-09-16,ARI incidence,2,2026-09-20,CY,quantile,0.250,1700.0
2026-09-16,ARI incidence,2,2026-09-20,CY,quantile,0.300,2300.0
2026-09-16,ARI incidence,2,2026-09-20,CY,quantile,0.350,2800.0
2026-09-16,ARI incidence,2,2026-09-20,CY,quantile,0.400,3200.0
2026-09-16,ARI incidence,2,2026-09-20,CY,quantile,0.450,3700.0
2026-09-16,ARI incidence,2,2026-09-20,CY,quantile,0.500,4200.0
2026-09-16,ARI incidence,2,2026-09-20,CY,quantile,0.550,4600.0
2026-09-16,ARI incidence,2,2026-09-20,CY,quantile,0.600,5000.0
2026-09-16,ARI incidence,2,2026-09-20,CY,quantile,0.650,5500.0
2026-09-16,ARI incidence,2,2026-09-20,CY,quantile,0.700,6000.0
2026-09-16,ARI incidence,2,2026-09-20,CY,quantile,0.750,6700.0
2026-09-16,ARI incidence,2,2026-09-20,CY,quantile,0.800,7400.0
2026-09-16,ARI incidence,2,2026-09-20,CY,quantile,0.850,8300.0
2026-09-16,ARI incidence,2,2026-09-20,CY,quantile,0.900,9700.0
2026-09-16,ARI incidence,2,2026-09-20,CY,quantile,0.950,12300.0
2026-09-16,ARI incidence,2,2026-09-20,CY,quantile,0.975,15900.0
2026-09-16,ARI incidence,2,2026-09-20,CY,quantile,0.990,20501.000000000022
2026-09-16,ARI incidence,2,2026-09-20,CY,median,,4200.0
2026-09-16,ARI incidence,3,2026-09-27,CY,quantile,0.010,0.0
2026-09-16,ARI incidence,3,2026-09-27,CY,quantile,0.025,0.0
2026-09-16,ARI incidence,3,2026-09-27,CY,quantile,0.050,0.0
2026-09-16,ARI incidence,3,2026-09-27,CY,quantile,0.100,0.0
2026-09-16,ARI incidence,3,2026-09-27,CY,quantile,0.150,0.0
2026-09-16,ARI incidence,3,2026-09-27,CY,quantile,0.200,0.0
2026-09-16,ARI incidence,3,2026-09-27,CY,quantile,0.250,900.0
2026-09-16,ARI incidence,3,2026-09-27,CY,quantile,0.300,1700.0
2026-09-16,ARI incidence,3,2026-09-27,CY,quantile,0.350,2400.0
2026-09-16,ARI incidence,3,2026-09-27,CY,quantile,0.400,3000.0
2026-09-16,ARI incidence,3,2026-09-27,CY,quantile,0.450,3600.0
2026-09-16,ARI incidence,3,2026-09-27,CY,quantile,0.500,4200.0
2026-09-16,ARI incidence,3,2026-09-27,CY,quantile,0.550,4800.0
2026-09-16,ARI incidence,3,2026-09-27,CY,quantile,0.600,5400.0
2026-09-16,ARI incidence,3,2026-09-27,CY,quantile,0.650,6000.0
2026-09-16,ARI incidence,3,2026-09-27,CY,quantile,0.700,6700.0
2026-09-16,ARI incidence,3,2026-09-27,CY,quantile,0.750,7500.0
2026-09-16,ARI incidence,3,2026-09-27,CY,quantile,0.800,8400.0
2026-09-16,ARI incidence,3,2026-09-27,CY,quantile,0.850,9500.0
2026-09-16,ARI incidence,3,2026-09-27,CY,quantile,0.900,11300.0
2026-09-16,ARI incidence,3,2026-09-27,CY,quantile,0.950,14700.0
2026-09-16,ARI incidence,3,2026-09-27,CY,quantile,0.975,18500.0
2026-09-16,ARI incidence,3,2026-09-27,CY,quantile,0.990,22400.0
2026-09-16,ARI incidence,3,2026-09-27,CY,median,,4200.0
2026-09-16,ARI incidence,4,2026-10-04,CY,quantile,0.010,0.0
2026-09-16,ARI incidence,4,2026-10-04,CY,quantile,0.025,0.0
2026-09-16,ARI incidence,4,2026-10-04,CY,quantile,0.050,0.0
2026-09-16,ARI incidence,4,2026-10-04,CY,quantile,0.100,0.0
2026-09-16,ARI incidence,4,2026-10-04,CY,quantile,0.150,0.0
2026-09-16,ARI incidence,4,2026-10-04,CY,quantile,0.200,0.0
2026-09-16,ARI incidence,4,2026-10-04,CY,quantile,0.250,200.0
2026-09-16,ARI incidence,4,2026-10-04,CY,quantile,0.300,1200.0
2026-09-16,ARI incidence,4,2026-10-04,CY,quantile,0.350,2000.0
2026-09-16,ARI incidence,4,2026-10-04,CY,quantile,0.400,2700.0
2026-09-16,ARI incidence,4,2026-10-04,CY,quantile,0.450,3500.0
2026-09-16,ARI incidence,4,2026-10-04,CY,quantile,0.500,4200.0
2026-09-16,ARI incidence,4,2026-10-04,CY,quantile,0.550,4900.0
2026-09-16,ARI incidence,4,2026-10-04,CY,quantile,0.600,5700.0
2026-09-16,ARI incidence,4,2026-10-04,CY,quantile,0.650,6400.0
2026-09-16,ARI incidence,4,2026-10-04,CY,quantile,0.700,7200.0
2026-09-16,ARI incidence,4,2026-10-04,CY,quantile,0.750,8100.0
2026-09-16,ARI incidence,4,2026-10-04,CY,quantile,0.800,9200.0
2026-09-16,ARI incidence,4,2026-10-04,CY,quantile,0.850,10699.999999999998
2026-09-16,ARI incidence,4,2026-10-04,CY,quantile,0.900,12700.0
2026-09-16,ARI incidence,4,2026-10-04,CY,quantile,0.950,16500.0
2026-09-16,ARI incidence,4,2026-10-04,CY,quantile,0.975,20202.499999999964
2026-09-16,ARI incidence,4,2026-10-04,CY,quantile,0.990,24100.0
2026-09-16,ARI incidence,4,2026-10-04,CY,median,,4200.0
2026-09-16,ARI incidence,1,2026-09-13,CZ,quantile,0.010,0.0
2026-09-16,ARI incidence,1,2026-09-13,CZ,quantile,0.025,84.80000000000007
2026-09-16,ARI incidence,1,2026-09-13,CZ,quantile,0.050,146.60000000000002
2026-09-16,ARI incidence,1,2026-09-13,CZ,quantile,0.100,244.6900000000005
2026-09-16,ARI incidence,1,2026-09-13,CZ,quantile,0.150,298.69999999999993
2026-09-16,ARI incidence,1,2026-09-13,CZ,quantile,0.200,326.79999999999984
2026-09-16,ARI incidence,1,2026-09-13,CZ,quantile,0.250,345.80000000000007
2026-09-16,ARI incidence,1,2026-09-13,CZ,quantile,0.300,360.1
2026-09-16,ARI incidence,1,2026-09-13,CZ,quantile,0.350,372.20000000000016
2026-09-16,ARI incidence,1,2026-09-13,CZ,quantile,0.400,385.49999999999994
2026-09-16,ARI incidence,1,2026-09-13,CZ,quantile,0.450,395.4999999999999
2026-09-16,ARI incidence,1,2026-09-13,CZ,quantile,0.500,404.9999999999999
2026-09-16,ARI incidence,1,2026-09-13,CZ,quantile,0.550,413.19999999999993
2026-09-16,ARI incidence,1,2026-09-13,CZ,quantile,0.600,423.99999999999994
2026-09-16,ARI incidence,1,2026-09-13,CZ,quantile,0.650,435.9
2026-09-16,ARI incidence,1,2026-09-13,CZ,quantile,0.700,450.5
2026-09-16,ARI incidence,1,2026-09-13,CZ,quantile,0.750,461.6
2026-09-16,ARI incidence,1,2026-09-13,CZ,quantile,0.800,484.0000000000001
2026-09-16,ARI incidence,1,2026-09-13,CZ,quantile,0.850,512.0
2026-09-16,ARI incidence,1,2026-09-13,CZ,quantile,0.900,565.5999999999999
2026-09-16,ARI incidence,1,2026-09-13,CZ,quantile,0.950,664.1999999999999
2026-09-16,ARI incidence,1,2026-09-13,CZ,quantile,0.975,725.9999999999999
2026-09-16,ARI incidence,1,2026-09-13,CZ,quantile,0.990,985.4999999999999
2026-09-16,ARI incidence,1,2026-09-13,CZ,median,,404.9999999999999
2026-09-16,ARI incidence,2,2026-09-20,CZ,quantile,0.010,0.0
2026-09-16,ARI incidence,2,2026-09-20,CZ,quantile,0.025,0.0
2026-09-16,ARI incidence,2,2026-09-20,CZ,quantile,0.050,13.595000000000129
2026-09-16,ARI incidence,2,2026-09-20,CZ,quantile,0.100,144.6900000000001
2026-09-16,ARI incidence,2,2026-09-20,CZ,quantile,0.150,211.08499999999998
2026-09-16,ARI incidence,2,2026-09-20,CZ,quantile,0.200,255.57999999999996
2026-09-16,ARI incidence,2,2026-09-20,CZ,quantile,0.250,293.075
2026-09-16,ARI incidence,2,2026-09-20,CZ,quantile,0.300,324.50000000000006
2026-09-16,ARI incidence,2,2026-09-20,CZ,quantile,0.350,348.69999999999993
2026-09-16,ARI incidence,2,2026-09-20,CZ,quantile,0.400,370.1000000000001
2026-09-16,ARI incidence,2,2026-09-20,CZ,quantile,0.450,388.85499999999996
2026-09-16,ARI incidence,2,2026-09-20,CZ,quantile,0.500,405.64999999999986
2026-09-16,ARI incidence,2,2026-09-20,CZ,quantile,0.550,424.19999999999993
2026-09-16,ARI incidence,2,2026-09-20,CZ,quantile,0.600,444.13999999999993
2026-09-16,ARI incidence,2,2026-09-20,CZ,quantile,0.650,465.23500000000007
2026-09-16,ARI incidence,2,2026-09-20,CZ,quantile,0.700,490.5999999999999
2026-09-16,ARI incidence,2,2026-09-20,CZ,quantile,0.750,517.825
2026-09-16,ARI incidence,2,2026-09-20,CZ,quantile,0.800,554.8
2026-09-16,ARI incidence,2,2026-09-20,CZ,quantile,0.850,601.1999999999999
2026-09-16,ARI incidence,2,2026-09-20,CZ,quantile,0.900,670.02
2026-09-16,ARI incidence,2,2026-09-20,CZ,quantile,0.950,804.6
2026-09-16,ARI incidence,2,2026-09-20,CZ,quantile,0.975,965.6324999999994
2026-09-16,ARI incidence,2,2026-09-20,CZ,quantile,0.990,1103.841000000001
2026-09-16,ARI incidence,2,2026-09-20,CZ,median,,405.64999999999986
2026-09-16,ARI incidence,3,2026-09-27,CZ,quantile,0.010,0.0
2026-09-16,ARI incidence,3,2026-09-27,CZ,quantile,0.025,0.0
2026-09-16,ARI incidence,3,2026-09-27,CZ,quantile,0.050,0.0
2026-09-16,ARI incidence,3,2026-09-27,CZ,quantile,0.100,71.49999999999989
2026-09-16,ARI incidence,3,2026-09-27,CZ,quantile,0.150,151.7399999999999
2026-09-16,ARI incidence,3,2026-09-27,CZ,quantile,0.200,211.1000000000002
2026-09-16,ARI incidence,3,2026-09-27,CZ,quantile,0.250,256.0000000000001
2026-09-16,ARI incidence,3,2026-09-27,CZ,quantile,0.300,294.1999999999999
2026-09-16,ARI incidence,3,2026-09-27,CZ,quantile,0.350,327.5649999999999
2026-09-16,ARI incidence,3,2026-09-27,CZ,quantile,0.400,355.1599999999999
2026-09-16,ARI incidence,3,2026-09-27,CZ,quantile,0.450,382.6550000000001
2026-09-16,ARI incidence,3,2026-09-27,CZ,quantile,0.500,406.8499999999999
2026-09-16,ARI incidence,3,2026-09-27,CZ,quantile,0.550,433.6
2026-09-16,ARI incidence,3,2026-09-27,CZ,quantile,0.600,460.2399999999997
2026-09-16,ARI incidence,3,2026-09-27,CZ,quantile,0.650,490.0999999999999
2026-09-16,ARI incidence,3,2026-09-27,CZ,quantile,0.700,523.0999999999999
2026-09-16,ARI incidence,3,2026-09-27,CZ,quantile,0.750,558.2249999999999
2026-09-16,ARI incidence,3,2026-09-27,CZ,quantile,0.800,607.2200000000004
2026-09-16,ARI incidence,3,2026-09-27,CZ,quantile,0.850,663.6149999999999
2026-09-16,ARI incidence,3,2026-09-27,CZ,quantile,0.900,743.0300000000001
2026-09-16,ARI incidence,3,2026-09-27,CZ,quantile,0.950,912.4149999999995
2026-09-16,ARI incidence,3,2026-09-27,CZ,quantile,0.975,1052.0075
2026-09-16,ARI incidence,3,2026-09-27,CZ,quantile,0.990,1254.904
2026-09-16,ARI incidence,3,2026-09-27,CZ,median,,406.8499999999999
2026-09-16,ARI incidence,4,2026-10-04,CZ,quantile,0.010,0.0
2026-09-16,ARI incidence,4,2026-10-04,CZ,quantile,0.025,0.0
2026-09-16,ARI incidence,4,2026-10-04,CZ,quantile,0.050,0.0
2026-09-16,ARI incidence,4,2026-10-04,CZ,quantile,0.100,0.0
2026-09-16,ARI incidence,4,2026-10-04,CZ,quantile,0.150,98.3
2026-09-16,ARI incidence,4,2026-10-04,CZ,quantile,0.200,164.09999999999997
2026-09-16,ARI incidence,4,2026-10-04,CZ,quantile,0.250,218.27499999999975
2026-09-16,ARI incidence,4,2026-10-04,CZ,quantile,0.300,260.4000000000001
2026-09-16,ARI incidence,4,2026-10-04,CZ,quantile,0.350,300.50000000000006
2026-09-16,ARI incidence,4,2026-10-04,CZ,quantile,0.400,340.16
2026-09-16,ARI incidence,4,2026-10-04,CZ,quantile,0.450,376.15500000000014
2026-09-16,ARI incidence,4,2026-10-04,CZ,quantile,0.500,409.4499999999998
2026-09-16,ARI incidence,4,2026-10-04,CZ,quantile,0.550,442.49999999999994
2026-09-16,ARI incidence,4,2026-10-04,CZ,quantile,0.600,474.9999999999999
2026-09-16,ARI incidence,4,2026-10-04,CZ,quantile,0.650,508.99999999999994
2026-09-16,ARI incidence,4,2026-10-04,CZ,quantile,0.700,549.23
2026-09-16,ARI incidence,4,2026-10-04,CZ,quantile,0.750,595.325
2026-09-16,ARI incidence,4,2026-10-04,CZ,quantile,0.800,649.6200000000001
2026-09-16,ARI incidence,4,2026-10-04,CZ,quantile,0.850,716.6999999999999
2026-09-16,ARI incidence,4,2026-10-04,CZ,quantile,0.900,812.5700000000004
2026-09-16,ARI incidence,4,2026-10-04,CZ,quantile,0.950,987.9149999999997
2026-09-16,ARI incidence,4,2026-10-04,CZ,quantile,0.975,1138.8274999999996
2026-09-16,ARI incidence,4,2026-10-04,CZ,quantile,0.990,1371.8150000000005
2026-09-16,ARI incidence,4,2026-10-04,CZ,median,,409.4499999999998
2026-09-16,ARI incidence,1,2026-09-13,EE,quantile,0.010,0.0
2026-09-16,ARI incidence,1,2026-09-13,EE,quantile,0.025,7.000000000000028
2026-09-16,ARI incidence,1,2026-09-13,EE,quantile,0.050,47.39999999999998
2026-09-16,ARI incidence,1,2026-09-13,EE,quantile,0.100,84.79999999999998
2026-09-16,ARI incidence,1,2026-09-13,EE,quantile,0.150,97.43999999999997
2026-09-16,ARI incidence,1,2026-09-13,EE,quantile,0.200,105.89999999999998
2026-09-16,ARI incidence,1,2026-09-13,EE,quantile,0.250,114.19999999999996
2026-09-16,ARI incidence,1,2026-09-13,EE,quantile,0.300,118.79999999999998
2026-09-16,ARI incidence,1,2026-09-13,EE,quantile,0.350,124.89999999999998
2026-09-16,ARI incidence,1,2026-09-13,EE,quantile,0.400,128.89999999999998
2026-09-16,ARI incidence,1,2026-09-13,EE,quantile,0.450,131.8
2026-09-16,ARI incidence,1,2026-09-13,EE,quantile,0.500,134.20000000000002
2026-09-16,ARI incidence,1,2026-09-13,EE,quantile,0.550,137.2
2026-09-16,ARI incidence,1,2026-09-13,EE,quantile,0.600,140.89999999999998
2026-09-16,ARI incidence,1,2026-09-13,EE,quantile,0.650,144.49999999999997
2026-09-16,ARI incidence,1,2026-09-13,EE,quantile,0.700,150.8
2026-09-16,ARI incidence,1,2026-09-13,EE,quantile,0.750,156.1
2026-09-16,ARI incidence,1,2026-09-13,EE,quantile,0.800,163.79999999999998
2026-09-16,ARI incidence,1,2026-09-13,EE,quantile,0.850,174.19999999999996
2026-09-16,ARI incidence,1,2026-09-13,EE,quantile,0.900,186.0
2026-09-16,ARI incidence,1,2026-09-13,EE,quantile,0.950,218.99999999999997
2026-09-16,ARI incidence,1,2026-09-13,EE,quantile,0.975,256.1
2026-09-16,ARI incidence,1,2026-09-13,EE,quantile,0.990,305.2
2026-09-16,ARI incidence,1,2026-09-13,EE,median,,134.20000000000002
2026-09-16,ARI incidence,2,2026-09-20,EE,quantile,0.010,0.0
2026-09-16,ARI incidence,2,2026-09-20,EE,quantile,0.025,0.0
2026-09-16,ARI incidence,2,2026-09-20,EE,quantile,0.050,5.19999999999996
2026-09-16,ARI incidence,2,2026-09-20,EE,quantile,0.100,47.39999999999999
2026-09-16,ARI incidence,2,2026-09-20,EE,quantile,0.150,71.39999999999998
2026-09-16,ARI incidence,2,2026-09-20,EE,quantile,0.200,86.28000000000002
2026-09-16,ARI incidence,2,2026-09-20,EE,quantile,0.250,97.0
2026-09-16,ARI incidence,2,2026-09-20,EE,quantile,0.300,107.36999999999996
2026-09-16,ARI incidence,2,2026-09-20,EE,quantile,0.350,114.69999999999999
2026-09-16,ARI incidence,2,2026-09-20,EE,quantile,0.400,121.7
2026-09-16,ARI incidence,2,2026-09-20,EE,quantile,0.450,128.555
2026-09-16,ARI incidence,2,2026-09-20,EE,quantile,0.500,134.5
2026-09-16,ARI incidence,2,2026-09-20,EE,quantile,0.550,141.39999999999998
2026-09-16,ARI incidence,2,2026-09-20,EE,quantile,0.600,147.8
2026-09-16,ARI incidence,2,2026-09-20,EE,quantile,0.650,154.9
2026-09-16,ARI incidence,2,2026-09-20,EE,quantile,0.700,162.29999999999998
2026-09-16,ARI incidence,2,2026-09-20,EE,quantile,0.750,171.6
2026-09-16,ARI incidence,2,2026-09-20,EE,quantile,0.800,182.32000000000008
2026-09-16,ARI incidence,2,2026-09-20,EE,quantile,0.850,197.19999999999996
2026-09-16,ARI incidence,2,2026-09-20,EE,quantile,0.900,221.01000000000005
2026-09-16,ARI incidence,2,2026-09-20,EE,quantile,0.950,262.705
2026-09-16,ARI incidence,2,2026-09-20,EE,quantile,0.975,304.0
2026-09-16,ARI incidence,2,2026-09-20,EE,quantile,0.990,342.0150000000003
2026-09-16,ARI incidence,2,2026-09-20,EE,median,,134.5
2026-09-16,ARI incidence,3,2026-09-27,EE,quantile,0.010,0.0
2026-09-16,ARI incidence,3,2026-09-27,EE,quantile,0.025,0.0
2026-09-16,ARI incidence,3,2026-09-27,EE,quantile,0.050,0.0
2026-09-16,ARI incidence,3,2026-09-27,EE,quantile,0.100,22.79999999999998
2026-09-16,ARI incidence,3,2026-09-27,EE,quantile,0.150,49.400000000000006
2026-09-16,ARI incidence,3,2026-09-27,EE,quantile,0.200,69.19999999999997
2026-09-16,ARI incidence,3,2026-09-27,EE,quantile,0.250,84.50000000000003
2026-09-16,ARI incidence,3,2026-09-27,EE,quantile,0.300,96.70000000000002
2026-09-16,ARI incidence,3,2026-09-27,EE,quantile,0.350,107.0
2026-09-16,ARI incidence,3,2026-09-27,EE,quantile,0.400,116.8
2026-09-16,ARI incidence,3,2026-09-27,EE,quantile,0.450,125.89999999999996
2026-09-16,ARI incidence,3,2026-09-27,EE,quantile,0.500,134.7
2026-09-16,ARI incidence,3,2026-09-27,EE,quantile,0.550,142.79999999999998
2026-09-16,ARI incidence,3,2026-09-27,EE,quantile,0.600,152.43999999999994
2026-09-16,ARI incidence,3,2026-09-27,EE,quantile,0.650,162.3
2026-09-16,ARI incidence,3,2026-09-27,EE,quantile,0.700,172.52999999999994
2026-09-16,ARI incidence,3,2026-09-27,EE,quantile,0.750,185.09999999999997
2026-09-16,ARI incidence,3,2026-09-27,EE,quantile,0.800,199.39999999999998
2026-09-16,ARI incidence,3,2026-09-27,EE,quantile,0.850,217.115
2026-09-16,ARI incidence,3,2026-09-27,EE,quantile,0.900,243.81000000000003
2026-09-16,ARI incidence,3,2026-09-27,EE,quantile,0.950,292.40999999999985
2026-09-16,ARI incidence,3,2026-09-27,EE,quantile,0.975,329.7025
2026-09-16,ARI incidence,3,2026-09-27,EE,quantile,0.990,380.8020000000001
2026-09-16,ARI incidence,3,2026-09-27,EE,median,,134.7
2026-09-16,ARI incidence,4,2026-10-04,EE,quantile,0.010,0.0
2026-09-16,ARI incidence,4,2026-10-04,EE,quantile,0.025,0.0
2026-09-16,ARI incidence,4,2026-10-04,EE,quantile,0.050,0.0
2026-09-16,ARI incidence,4,2026-10-04,EE,quantile,0.100,3.800000000000034
2026-09-16,ARI incidence,4,2026-10-04,EE,quantile,0.150,33.699999999999974
2026-09-16,ARI incidence,4,2026-10-04,EE,quantile,0.200,55.50000000000004
2026-09-16,ARI incidence,4,2026-10-04,EE,quantile,0.250,73.1
2026-09-16,ARI incidence,4,2026-10-04,EE,quantile,0.300,87.6
2026-09-16,ARI incidence,4,2026-10-04,EE,quantile,0.350,99.6
2026-09-16,ARI incidence,4,2026-10-04,EE,quantile,0.400,111.10000000000001
2026-09-16,ARI incidence,4,2026-10-04,EE,quantile,0.450,122.20000000000002
2026-09-16,ARI incidence,4,2026-10-04,EE,quantile,0.500,133.74999999999997
2026-09-16,ARI incidence,4,2026-10-04,EE,quantile,0.550,144.70000000000002
2026-09-16,ARI incidence,4,2026-10-04,EE,quantile,0.600,156.69999999999996
2026-09-16,ARI incidence,4,2026-10-04,EE,quantile,0.650,168.7
2026-09-16,ARI incidence,4,2026-10-04,EE,quantile,0.700,181.39999999999998
2026-09-16,ARI incidence,4,2026-10-04,EE,quantile,0.750,195.29999999999995
2026-09-16,ARI incidence,4,2026-10-04,EE,quantile,0.800,213.09999999999997
2026-09-16,ARI incidence,4,2026-10-04,EE,quantile,0.850,234.21499999999997
2026-09-16,ARI incidence,4,2026-10-04,EE,quantile,0.900,262.5300000000001
2026-09-16,ARI incidence,4,2026-10-04,EE,quantile,0.950,315.30499999999995
2026-09-16,ARI incidence,4,2026-10-04,EE,quantile,0.975,355.60249999999996
2026-09-16,ARI incidence,4,2026-10-04,EE,quantile,0.990,404.5
2026-09-16,ARI incidence,4,2026-10-04,EE,median,,133.74999999999997
2026-09-16,ARI incidence,1,2026-09-13,FI,quantile,0.010,0.0
2026-09-16,ARI incidence,1,2026-09-13,FI,quantile,0.025,0.0
2026-09-16,ARI incidence,1,2026-09-13,FI,quantile,0.050,0.0
2026-09-16,ARI incidence,1,2026-09-13,FI,quantile,0.100,284.87999999999977
2026-09-16,ARI incidence,1,2026-09-13,FI,quantile,0.150,845.3849999999996
2026-09-16,ARI incidence,1,2026-09-13,FI,quantile,0.200,1066.0000000000002
2026-09-16,ARI incidence,1,2026-09-13,FI,quantile,0.250,1218.5750000000003
2026-09-16,ARI incidence,1,2026-09-13,FI,quantile,0.300,1323.9000000000003
2026-09-16,ARI incidence,1,2026-09-13,FI,quantile,0.350,1420.5999999999997
2026-09-16,ARI incidence,1,2026-09-13,FI,quantile,0.400,1502.72
2026-09-16,ARI incidence,1,2026-09-13,FI,quantile,0.450,1584.8550000000002
2026-09-16,ARI incidence,1,2026-09-13,FI,quantile,0.500,1662.1999999999998
2026-09-16,ARI incidence,1,2026-09-13,FI,quantile,0.550,1735.49
2026-09-16,ARI incidence,1,2026-09-13,FI,quantile,0.600,1816.8999999999999
2026-09-16,ARI incidence,1,2026-09-13,FI,quantile,0.650,1904.2799999999997
2026-09-16,ARI incidence,1,2026-09-13,FI,quantile,0.700,1993.2599999999998
2026-09-16,ARI incidence,1,2026-09-13,FI,quantile,0.750,2111.5
2026-09-16,ARI incidence,1,2026-09-13,FI,quantile,0.800,2251.7200000000003
2026-09-16,ARI incidence,1,2026-09-13,FI,quantile,0.850,2475.83
2026-09-16,ARI incidence,1,2026-09-13,FI,quantile,0.900,3074.8199999999993
2026-09-16,ARI incidence,1,2026-09-13,FI,quantile,0.950,4306.064999999999
2026-09-16,ARI incidence,1,2026-09-13,FI,quantile,0.975,61866.73499999999
2026-09-16,ARI incidence,1,2026-09-13,FI,quantile,0.990,62432.733
2026-09-16,ARI incidence,1,2026-09-13,FI,median,,1662.1999999999998
2026-09-16,ARI incidence,2,2026-09-20,FI,quantile,0.010,0.0
2026-09-16,ARI incidence,2,2026-09-20,FI,quantile,0.025,0.0
2026-09-16,ARI incidence,2,2026-09-20,FI,quantile,0.050,0.0
2026-09-16,ARI incidence,2,2026-09-20,FI,quantile,0.100,41.150000000000226
2026-09-16,ARI incidence,2,2026-09-20,FI,quantile,0.150,670.6000000000001
2026-09-16,ARI incidence,2,2026-09-20,FI,quantile,0.200,951.7999999999997
2026-09-16,ARI incidence,2,2026-09-20,FI,quantile,0.250,1134.5749999999996
2026-09-16,ARI incidence,2,2026-09-20,FI,quantile,0.300,1279.0399999999995
2026-09-16,ARI incidence,2,2026-09-20,FI,quantile,0.350,1374.8299999999992
2026-09-16,ARI incidence,2,2026-09-20,FI,quantile,0.400,1480.3800000000008
2026-09-16,ARI incidence,2,2026-09-20,FI,quantile,0.450,1567.6
2026-09-16,ARI incidence,2,2026-09-20,FI,quantile,0.500,1653.3500000000001
2026-09-16,ARI incidence,2,2026-09-20,FI,quantile,0.550,1742.1
2026-09-16,ARI incidence,2,2026-09-20,FI,quantile,0.600,1829.2000000000005
2026-09-16,ARI incidence,2,2026-09-20,FI,quantile,0.650,1933.4450000000004
2026-09-16,ARI incidence,2,2026-09-20,FI,quantile,0.700,2046.5299999999997
2026-09-16,ARI incidence,2,2026-09-20,FI,quantile,0.750,2195.9749999999995
2026-09-16,ARI incidence,2,2026-09-20,FI,quantile,0.800,2372.440000000001
2026-09-16,ARI incidence,2,2026-09-20,FI,quantile,0.850,2683.2149999999997
2026-09-16,ARI incidence,2,2026-09-20,FI,quantile,0.900,3371.96
2026-09-16,ARI incidence,2,2026-09-20,FI,quantile,0.950,4852.169999999994
2026-09-16,ARI incidence,2,2026-09-20,FI,quantile,0.975,62024.222499999996
2026-09-16,ARI incidence,2,2026-09-20,FI,quantile,0.990,62550.329
2026-09-16,ARI incidence,2,2026-09-20,FI,median,,1653.3500000000001
2026-09-16,ARI incidence,3,2026-09-27,FI,quantile,0.010,0.0
2026-09-16,ARI incidence,3,2026-09-27,FI,quantile,0.025,0.0
2026-09-16,ARI incidence,3,2026-09-27,FI,quantile,0.050,0.0
2026-09-16,ARI incidence,3,2026-09-27,FI,quantile,0.100,0.0
2026-09-16,ARI incidence,3,2026-09-27,FI,quantile,0.150,473.65000000000026
2026-09-16,ARI incidence,3,2026-09-27,FI,quantile,0.200,836.3400000000005
2026-09-16,ARI incidence,3,2026-09-27,FI,quantile,0.250,1055.5999999999995
2026-09-16,ARI incidence,3,2026-09-27,FI,quantile,0.300,1213.97
2026-09-16,ARI incidence,3,2026-09-27,FI,quantile,0.350,1341.9950000000001
2026-09-16,ARI incidence,3,2026-09-27,FI,quantile,0.400,1452.3600000000004
2026-09-16,ARI incidence,3,2026-09-27,FI,quantile,0.450,1560.6750000000004
2026-09-16,ARI incidence,3,2026-09-27,FI,quantile,0.500,1666.4
2026-09-16,ARI incidence,3,2026-09-27,FI,quantile,0.550,1768.1899999999998
2026-09-16,ARI incidence,3,2026-09-27,FI,quantile,0.600,1874.3999999999996
2026-09-16,ARI incidence,3,2026-09-27,FI,quantile,0.650,1992.9749999999997
2026-09-16,ARI incidence,3,2026-09-27,FI,quantile,0.700,2129.23
2026-09-16,ARI incidence,3,2026-09-27,FI,quantile,0.750,2287.425
2026-09-16,ARI incidence,3,2026-09-27,FI,quantile,0.800,2516.0600000000004
2026-09-16,ARI incidence,3,2026-09-27,FI,quantile,0.850,2927.895
2026-09-16,ARI incidence,3,2026-09-27,FI,quantile,0.900,3588.51
2026-09-16,ARI incidence,3,2026-09-27,FI,quantile,0.950,7736.179999999561
2026-09-16,ARI incidence,3,2026-09-27,FI,quantile,0.975,62137.4025
2026-09-16,ARI incidence,3,2026-09-27,FI,quantile,0.990,62786.613
2026-09-16,ARI incidence,3,2026-09-27,FI,median,,1666.4
2026-09-16,ARI incidence,4,2026-10-04,FI,quantile,0.010,0.0
2026-09-16,ARI incidence,4,2026-10-04,FI,quantile,0.025,0.0
2026-09-16,ARI incidence,4,2026-10-04,FI,quantile,0.050,0.0
2026-09-16,ARI incidence,4,2026-10-04,FI,quantile,0.100,0.0
2026-09-16,ARI incidence,4,2026-10-04,FI,quantile,0.150,296.9950000000002
2026-09-16,ARI incidence,4,2026-10-04,FI,quantile,0.200,699.4800000000001
2026-09-16,ARI incidence,4,2026-10-04,FI,quantile,0.250,954.3000000000002
2026-09-16,ARI incidence,4,2026-10-04,FI,quantile,0.300,1149.4699999999998
2026-09-16,ARI incidence,4,2026-10-04,FI,quantile,0.350,1304.0600000000002
2026-09-16,ARI incidence,4,2026-10-04,FI,quantile,0.400,1430.6599999999999
2026-09-16,ARI incidence,4,2026-10-04,FI,quantile,0.450,1551.3100000000009
2026-09-16,ARI incidence,4,2026-10-04,FI,quantile,0.500,1663.0999999999995
2026-09-16,ARI incidence,4,2026-10-04,FI,quantile,0.550,1778.2999999999997
2026-09-16,ARI incidence,4,2026-10-04,FI,quantile,0.600,1896.299999999999
2026-09-16,ARI incidence,4,2026-10-04,FI,quantile,0.650,2028.705
2026-09-16,ARI incidence,4,2026-10-04,FI,quantile,0.700,2184.140000000001
2026-09-16,ARI incidence,4,2026-10-04,FI,quantile,0.750,2363.9500000000003
2026-09-16,ARI incidence,4,2026-10-04,FI,quantile,0.800,2630.3600000000006
2026-09-16,ARI incidence,4,2026-10-04,FI,quantile,0.850,3107.7499999999986
2026-09-16,ARI incidence,4,2026-10-04,FI,quantile,0.900,3813.850000000001
2026-09-16,ARI incidence,4,2026-10-04,FI,quantile,0.950,61081.594999999994
2026-09-16,ARI incidence,4,2026-10-04,FI,quantile,0.975,62196.432499999995
2026-09-16,ARI incidence,4,2026-10-04,FI,quantile,0.990,62978.284999999996
2026-09-16,ARI incidence,4,2026-10-04,FI,median,,1663.0999999999995
2026-09-16,ARI incidence,1,2026-09-13,DE,quantile,0.010,0.0
2026-09-16,ARI incidence,1,2026-09-13,DE,quantile,0.025,149.0
2026-09-16,ARI incidence,1,2026-09-13,DE,quantile,0.050,254.0999999999999
2026-09-16,ARI incidence,1,2026-09-13,DE,quantile,0.100,352.1
2026-09-16,ARI incidence,1,2026-09-13,DE,quantile,0.150,435.0
2026-09-16,ARI incidence,1,2026-09-13,DE,quantile,0.200,476.9
2026-09-16,ARI incidence,1,2026-09-13,DE,quantile,0.250,500.525
2026-09-16,ARI incidence,1,2026-09-13,DE,quantile,0.300,529.9000000000001
2026-09-16,ARI incidence,1,2026-09-13,DE,quantile,0.350,554.1
2026-09-16,ARI incidence,1,2026-09-13,DE,quantile,0.400,573.9000000000001
2026-09-16,ARI incidence,1,2026-09-13,DE,quantile,0.450,593.9
2026-09-16,ARI incidence,1,2026-09-13,DE,quantile,0.500,613.9000000000001
2026-09-16,ARI incidence,1,2026-09-13,DE,quantile,0.550,628.9
2026-09-16,ARI incidence,1,2026-09-13,DE,quantile,0.600,652.0
2026-09-16,ARI incidence,1,2026-09-13,DE,quantile,0.650,670.0
2026-09-16,ARI incidence,1,2026-09-13,DE,quantile,0.700,694.0999999999999
2026-09-16,ARI incidence,1,2026-09-13,DE,quantile,0.750,724.9
2026-09-16,ARI incidence,1,2026-09-13,DE,quantile,0.800,745.2000000000007
2026-09-16,ARI incidence,1,2026-09-13,DE,quantile,0.850,788.9
2026-09-16,ARI incidence,1,2026-09-13,DE,quantile,0.900,873.0
2026-09-16,ARI incidence,1,2026-09-13,DE,quantile,0.950,971.9000000000001
2026-09-16,ARI incidence,1,2026-09-13,DE,quantile,0.975,1108.0
2026-09-16,ARI incidence,1,2026-09-13,DE,quantile,0.990,1516.0
2026-09-16,ARI incidence,1,2026-09-13,DE,median,,613.9000000000001
2026-09-16,ARI incidence,2,2026-09-20,DE,quantile,0.010,0.0
2026-09-16,ARI incidence,2,2026-09-20,DE,quantile,0.025,0.0
2026-09-16,ARI incidence,2,2026-09-20,DE,quantile,0.050,11.049999999999955
2026-09-16,ARI incidence,2,2026-09-20,DE,quantile,0.100,213.82000000000005
2026-09-16,ARI incidence,2,2026-09-20,DE,quantile,0.150,312.6800000000001
2026-09-16,ARI incidence,2,2026-09-20,DE,quantile,0.200,379.0799999999999
2026-09-16,ARI incidence,2,2026-09-20,DE,quantile,0.250,429.07500000000005
2026-09-16,ARI incidence,2,2026-09-20,DE,quantile,0.300,469.65999999999985
2026-09-16,ARI incidence,2,2026-09-20,DE,quantile,0.350,508.9
2026-09-16,ARI incidence,2,2026-09-20,DE,quantile,0.400,543.0
2026-09-16,ARI incidence,2,2026-09-20,DE,quantile,0.450,576.0999999999999
2026-09-16,ARI incidence,2,2026-09-20,DE,quantile,0.500,608.9000000000001
2026-09-16,ARI incidence,2,2026-09-20,DE,quantile,0.550,638.4700000000005
2026-09-16,ARI incidence,2,2026-09-20,DE,quantile,0.600,673.0
2026-09-16,ARI incidence,2,2026-09-20,DE,quantile,0.650,708.0
2026-09-16,ARI incidence,2,2026-09-20,DE,quantile,0.700,749.9000000000001
2026-09-16,ARI incidence,2,2026-09-20,DE,quantile,0.750,794.3499999999999
2026-09-16,ARI incidence,2,2026-09-20,DE,quantile,0.800,845.0
2026-09-16,ARI incidence,2,2026-09-20,DE,quantile,0.850,914.0
2026-09-16,ARI incidence,2,2026-09-20,DE,quantile,0.900,1011.91
2026-09-16,ARI incidence,2,2026-09-20,DE,quantile,0.950,1195.1449999999993
2026-09-16,ARI incidence,2,2026-09-20,DE,quantile,0.975,1453.1424999999992
2026-09-16,ARI incidence,2,2026-09-20,DE,quantile,0.990,1746.1080000000002
2026-09-16,ARI incidence,2,2026-09-20,DE,median,,608.9000000000001
2026-09-16,ARI incidence,3,2026-09-27,DE,quantile,0.010,0.0
2026-09-16,ARI incidence,3,2026-09-27,DE,quantile,0.025,0.0
2026-09-16,ARI incidence,3,2026-09-27,DE,quantile,0.050,0.0
2026-09-16,ARI incidence,3,2026-09-27,DE,quantile,0.100,93.09000000000003
2026-09-16,ARI incidence,3,2026-09-27,DE,quantile,0.150,218.99999999999997
2026-09-16,ARI incidence,3,2026-09-27,DE,quantile,0.200,303.0000000000001
2026-09-16,ARI incidence,3,2026-09-27,DE,quantile,0.250,366.17499999999984
2026-09-16,ARI incidence,3,2026-09-27,DE,quantile,0.300,428.0999999999999
2026-09-16,ARI incidence,3,2026-09-27,DE,quantile,0.350,481.06499999999994
2026-09-16,ARI incidence,3,2026-09-27,DE,quantile,0.400,525.96
2026-09-16,ARI incidence,3,2026-09-27,DE,quantile,0.450,570.0
2026-09-16,ARI incidence,3,2026-09-27,DE,quantile,0.500,611.5
2026-09-16,ARI incidence,3,2026-09-27,DE,quantile,0.550,654.9
2026-09-16,ARI incidence,3,2026-09-27,DE,quantile,0.600,697.0
2026-09-16,ARI incidence,3,2026-09-27,DE,quantile,0.650,743.9350000000002
2026-09-16,ARI incidence,3,2026-09-27,DE,quantile,0.700,796.7600000000001
2026-09-16,ARI incidence,3,2026-09-27,DE,quantile,0.750,854.0
2026-09-16,ARI incidence,3,2026-09-27,DE,quantile,0.800,918.0200000000001
2026-09-16,ARI incidence,3,2026-09-27,DE,quantile,0.850,1009.015
2026-09-16,ARI incidence,3,2026-09-27,DE,quantile,0.900,1134.0
2026-09-16,ARI incidence,3,2026-09-27,DE,quantile,0.950,1357.249999999999
2026-09-16,ARI incidence,3,2026-09-27,DE,quantile,0.975,1607.0249999999996
2026-09-16,ARI incidence,3,2026-09-27,DE,quantile,0.990,1875.2069999999999
2026-09-16,ARI incidence,3,2026-09-27,DE,median,,611.5
2026-09-16,ARI incidence,4,2026-10-04,DE,quantile,0.010,0.0
2026-09-16,ARI incidence,4,2026-10-04,DE,quantile,0.025,0.0
2026-09-16,ARI incidence,4,2026-10-04,DE,quantile,0.050,0.0
2026-09-16,ARI incidence,4,2026-10-04,DE,quantile,0.100,0.0
2026-09-16,ARI incidence,4,2026-10-04,DE,quantile,0.150,137.08499999999992
2026-09-16,ARI incidence,4,2026-10-04,DE,quantile,0.200,242.89999999999998
2026-09-16,ARI incidence,4,2026-10-04,DE,quantile,0.250,321.7000000000001
2026-09-16,ARI incidence,4,2026-10-04,DE,quantile,0.300,384.6899999999998
2026-09-16,ARI incidence,4,2026-10-04,DE,quantile,0.350,448.16499999999985
2026-09-16,ARI incidence,4,2026-10-04,DE,quantile,0.400,503.70000000000016
2026-09-16,ARI incidence,4,2026-10-04,DE,quantile,0.450,557.1
2026-09-16,ARI incidence,4,2026-10-04,DE,quantile,0.500,608.9999999999999
2026-09-16,ARI incidence,4,2026-10-04,DE,quantile,0.550,660.0
2026-09-16,ARI incidence,4,2026-10-04,DE,quantile,0.600,713.4399999999998
2026-09-16,ARI incidence,4,2026-10-04,DE,quantile,0.650,769.0700000000002
2026-09-16,ARI incidence,4,2026-10-04,DE,quantile,0.700,833.8000000000002
2026-09-16,ARI incidence,4,2026-10-04,DE,quantile,0.750,901.9250000000002
2026-09-16,ARI incidence,4,2026-10-04,DE,quantile,0.800,974.8999999999997
2026-09-16,ARI incidence,4,2026-10-04,DE,quantile,0.850,1079.0
2026-09-16,ARI incidence,4,2026-10-04,DE,quantile,0.900,1225.1
2026-09-16,ARI incidence,4,2026-10-04,DE,quantile,0.950,1474.9
2026-09-16,ARI incidence,4,2026-10-04,DE,quantile,0.975,1745.0
2026-09-16,ARI incidence,4,2026-10-04,DE,quantile,0.990,1999.001
2026-09-16,ARI incidence,4,2026-10-04,DE,median,,608.9999999999999
2026-09-16,ARI incidence,1,2026-09-13,HU,quantile,0.010,0.0
2026-09-16,ARI incidence,1,2026-09-13,HU,quantile,0.025,0.0
2026-09-16,ARI incidence,1,2026-09-13,HU,quantile,0.050,82.5
2026-09-16,ARI incidence,1,2026-09-13,HU,quantile,0.100,204.9000000000001
2026-09-16,ARI incidence,1,2026-09-13,HU,quantile,0.150,293.5999999999999
2026-09-16,ARI incidence,1,2026-09-13,HU,quantile,0.200,346.79999999999995
2026-09-16,ARI incidence,1,2026-09-13,HU,quantile,0.250,419.0000000000002
2026-09-16,ARI incidence,1,2026-09-13,HU,quantile,0.300,445.29999999999995
2026-09-16,ARI incidence,1,2026-09-13,HU,quantile,0.350,476.9000000000001
2026-09-16,ARI incidence,1,2026-09-13,HU,quantile,0.400,536.6
2026-09-16,ARI incidence,1,2026-09-13,HU,quantile,0.450,557.4000000000001
2026-09-16,ARI incidence,1,2026-09-13,HU,quantile,0.500,594.4999999999998
2026-09-16,ARI incidence,1,2026-09-13,HU,quantile,0.550,627.3
2026-09-16,ARI incidence,1,2026-09-13,HU,quantile,0.600,649.2
2026-09-16,ARI incidence,1,2026-09-13,HU,quantile,0.650,692.6000000000001
2026-09-16,ARI incidence,1,2026-09-13,HU,quantile,0.700,736.1999999999996
2026-09-16,ARI incidence,1,2026-09-13,HU,quantile,0.750,770.3
2026-09-16,ARI incidence,1,2026-09-13,HU,quantile,0.800,824.0999999999997
2026-09-16,ARI incidence,1,2026-09-13,HU,quantile,0.850,894.5999999999999
2026-09-16,ARI incidence,1,2026-09-13,HU,quantile,0.900,983.1000000000001
2026-09-16,ARI incidence,1,2026-09-13,HU,quantile,0.950,1107.1
2026-09-16,ARI incidence,1,2026-09-13,HU,quantile,0.975,1538.3999999999999
2026-09-16,ARI incidence,1,2026-09-13,HU,quantile,0.990,1764.0999999999997
2026-09-16,ARI incidence,1,2026-09-13,HU,median,,594.4999999999998
2026-09-16,ARI incidence,2,2026-09-20,HU,quantile,0.010,0.0
2026-09-16,ARI incidence,2,2026-09-20,HU,quantile,0.025,0.0
2026-09-16,ARI incidence,2,2026-09-20,HU,quantile,0.050,0.0
2026-09-16,ARI incidence,2,2026-09-20,HU,quantile,0.100,0.0
2026-09-16,ARI incidence,2,2026-09-20,HU,quantile,0.150,121.86499999999971
2026-09-16,ARI incidence,2,2026-09-20,HU,quantile,0.200,219.29999999999995
2026-09-16,ARI incidence,2,2026-09-20,HU,quantile,0.250,297.20000000000005
2026-09-16,ARI incidence,2,2026-09-20,HU,quantile,0.300,364.89999999999986
2026-09-16,ARI incidence,2,2026-09-20,HU,quantile,0.350,427.86499999999995
2026-09-16,ARI incidence,2,2026-09-20,HU,quantile,0.400,486.30000000000007
2026-09-16,ARI incidence,2,2026-09-20,HU,quantile,0.450,541.71
2026-09-16,ARI incidence,2,2026-09-20,HU,quantile,0.500,594.8
2026-09-16,ARI incidence,2,2026-09-20,HU,quantile,0.550,653.345
2026-09-16,ARI incidence,2,2026-09-20,HU,quantile,0.600,702.4999999999999
2026-09-16,ARI incidence,2,2026-09-20,HU,quantile,0.650,754.8
2026-09-16,ARI incidence,2,2026-09-20,HU,quantile,0.700,814.8599999999998
2026-09-16,ARI incidence,2,2026-09-20,HU,quantile,0.750,882.925
2026-09-16,ARI incidence,2,2026-09-20,HU,quantile,0.800,958.1600000000003
2026-09-16,ARI incidence,2,2026-09-20,HU,quantile,0.850,1057.4449999999995
2026-09-16,ARI incidence,2,2026-09-20,HU,quantile,0.900,1191.6999999999996
2026-09-16,ARI incidence,2,2026-09-20,HU,quantile,0.950,1497.0999999999983
2026-09-16,ARI incidence,2,2026-09-20,HU,quantile,0.975,1805.4199999999998
2026-09-16,ARI incidence,2,2026-09-20,HU,quantile,0.990,2138.631000000001
2026-09-16,ARI incidence,2,2026-09-20,HU,median,,594.8
2026-09-16,ARI incidence,3,2026-09-27,HU,quantile,0.010,0.0
2026-09-16,ARI incidence,3,2026-09-27,HU,quantile,0.025,0.0
2026-09-16,ARI incidence,3,2026-09-27,HU,quantile,0.050,0.0
2026-09-16,ARI incidence,3,2026-09-27,HU,quantile,0.100,0.0
2026-09-16,ARI incidence,3,2026-09-27,HU,quantile,0.150,0.0
2026-09-16,ARI incidence,3,2026-09-27,HU,quantile,0.200,114.8000000000001
2026-09-16,ARI incidence,3,2026-09-27,HU,quantile,0.250,217.32499999999987
2026-09-16,ARI incidence,3,2026-09-27,HU,quantile,0.300,299.8100000000001
2026-09-16,ARI incidence,3,2026-09-27,HU,quantile,0.350,384.59999999999997
2026-09-16,ARI incidence,3,2026-09-27,HU,quantile,0.400,453.89999999999986
2026-09-16,ARI incidence,3,2026-09-27,HU,quantile,0.450,527.855
2026-09-16,ARI incidence,3,2026-09-27,HU,quantile,0.500,594.8000000000001
2026-09-16,ARI incidence,3,2026-09-27,HU,quantile,0.550,659.8250000000004
2026-09-16,ARI incidence,3,2026-09-27,HU,quantile,0.600,729.7799999999997
2026-09-16,ARI incidence,3,2026-09-27,HU,quantile,0.650,808.5
2026-09-16,ARI incidence,3,2026-09-27,HU,quantile,0.700,885.8299999999998
2026-09-16,ARI incidence,3,2026-09-27,HU,quantile,0.750,970.325
2026-09-16,ARI incidence,3,2026-09-27,HU,quantile,0.800,1077.5600000000002
2026-09-16,ARI incidence,3,2026-09-27,HU,quantile,0.850,1206.3
2026-09-16,ARI incidence,3,2026-09-27,HU,quantile,0.900,1383.0100000000002
2026-09-16,ARI incidence,3,2026-09-27,HU,quantile,0.950,1736.1899999999987
2026-09-16,ARI incidence,3,2026-09-27,HU,quantile,0.975,2007.4225
2026-09-16,ARI incidence,3,2026-09-27,HU,quantile,0.990,2360.330000000001
2026-09-16,ARI incidence,3,2026-09-27,HU,median,,594.8000000000001
2026-09-16,ARI incidence,4,2026-10-04,HU,quantile,0.010,0.0
2026-09-16,ARI incidence,4,2026-10-04,HU,quantile,0.025,0.0
2026-09-16,ARI incidence,4,2026-10-04,HU,quantile,0.050,0.0
2026-09-16,ARI incidence,4,2026-10-04,HU,quantile,0.100,0.0
2026-09-16,ARI incidence,4,2026-10-04,HU,quantile,0.150,0.0
2026-09-16,ARI incidence,4,2026-10-04,HU,quantile,0.200,19.65999999999971
2026-09-16,ARI incidence,4,2026-10-04,HU,quantile,0.250,141.77499999999998
2026-09-16,ARI incidence,4,2026-10-04,HU,quantile,0.300,249.20000000000005
2026-09-16,ARI incidence,4,2026-10-04,HU,quantile,0.350,346.2899999999999
2026-09-16,ARI incidence,4,2026-10-04,HU,quantile,0.400,437.6200000000001
2026-09-16,ARI incidence,4,2026-10-04,HU,quantile,0.450,520.555
2026-09-16,ARI incidence,4,2026-10-04,HU,quantile,0.500,603.4
2026-09-16,ARI incidence,4,2026-10-04,HU,quantile,0.550,685.0
2026-09-16,ARI incidence,4,2026-10-04,HU,quantile,0.600,766.6400000000001
2026-09-16,ARI incidence,4,2026-10-04,HU,quantile,0.650,861.5100000000001
2026-09-16,ARI incidence,4,2026-10-04,HU,quantile,0.700,948.8000000000001
2026-09-16,ARI incidence,4,2026-10-04,HU,quantile,0.750,1039.2999999999997
2026-09-16,ARI incidence,4,2026-10-04,HU,quantile,0.800,1165.8799999999999
2026-09-16,ARI incidence,4,2026-10-04,HU,quantile,0.850,1322.53
2026-09-16,ARI incidence,4,2026-10-04,HU,quantile,0.900,1517.9099999999999
2026-09-16,ARI incidence,4,2026-10-04,HU,quantile,0.950,1886.824999999998
2026-09-16,ARI incidence,4,2026-10-04,HU,quantile,0.975,2222.7174999999997
2026-09-16,ARI incidence,4,2026-10-04,HU,quantile,0.990,2556.127000000001
2026-09-16,ARI incidence,4,2026-10-04,HU,median,,603.4
2026-09-16,ARI incidence,1,2026-09-13,IS,quantile,0.010,28.10000000000001
2026-09-16,ARI incidence,1,2026-09-13,IS,quantile,0.025,34.00000000000001
2026-09-16,ARI incidence,1,2026-09-13,IS,quantile,0.050,35.59999999999998
2026-09-16,ARI incidence,1,2026-09-13,IS,quantile,0.100,39.89999999999999
2026-09-16,ARI incidence,1,2026-09-13,IS,quantile,0.150,42.699999999999996
2026-09-16,ARI incidence,1,2026-09-13,IS,quantile,0.200,44.0
2026-09-16,ARI incidence,1,2026-09-13,IS,quantile,0.250,45.3
2026-09-16,ARI incidence,1,2026-09-13,IS,quantile,0.300,46.8
2026-09-16,ARI incidence,1,2026-09-13,IS,quantile,0.350,48.10000000000001
2026-09-16,ARI incidence,1,2026-09-13,IS,quantile,0.400,49.300000000000004
2026-09-16,ARI incidence,1,2026-09-13,IS,quantile,0.450,50.2
2026-09-16,ARI incidence,1,2026-09-13,IS,quantile,0.500,51.2
2026-09-16,ARI incidence,1,2026-09-13,IS,quantile,0.550,53.2
2026-09-16,ARI incidence,1,2026-09-13,IS,quantile,0.600,54.0
2026-09-16,ARI incidence,1,2026-09-13,IS,quantile,0.650,55.0
2026-09-16,ARI incidence,1,2026-09-13,IS,quantile,0.700,56.5
2026-09-16,ARI incidence,1,2026-09-13,IS,quantile,0.750,58.10000000000001
2026-09-16,ARI incidence,1,2026-09-13,IS,quantile,0.800,59.160000000000224
2026-09-16,ARI incidence,1,2026-09-13,IS,quantile,0.850,60.70000000000001
2026-09-16,ARI incidence,1,2026-09-13,IS,quantile,0.900,63.500000000000014
2026-09-16,ARI incidence,1,2026-09-13,IS,quantile,0.950,67.80000000000003
2026-09-16,ARI incidence,1,2026-09-13,IS,quantile,0.975,69.4
2026-09-16,ARI incidence,1,2026-09-13,IS,quantile,0.990,75.3
2026-09-16,ARI incidence,1,2026-09-13,IS,median,,51.2
2026-09-16,ARI incidence,2,2026-09-20,IS,quantile,0.010,7.495000000000019
2026-09-16,ARI incidence,2,2026-09-20,IS,quantile,0.025,23.79749999999997
2026-09-16,ARI incidence,2,2026-09-20,IS,quantile,0.050,29.10000000000001
2026-09-16,ARI incidence,2,2026-09-20,IS,quantile,0.100,34.3
2026-09-16,ARI incidence,2,2026-09-20,IS,quantile,0.150,37.89999999999999
2026-09-16,ARI incidence,2,2026-09-20,IS,quantile,0.200,40.599999999999994
2026-09-16,ARI incidence,2,2026-09-20,IS,quantile,0.250,42.7
2026-09-16,ARI incidence,2,2026-09-20,IS,quantile,0.300,44.900000000000006
2026-09-16,ARI incidence,2,2026-09-20,IS,quantile,0.350,46.60000000000001
2026-09-16,ARI incidence,2,2026-09-20,IS,quantile,0.400,48.39999999999999
2026-09-16,ARI incidence,2,2026-09-20,IS,quantile,0.450,50.099999999999994
2026-09-16,ARI incidence,2,2026-09-20,IS,quantile,0.500,51.7
2026-09-16,ARI incidence,2,2026-09-20,IS,quantile,0.550,53.2
2026-09-16,ARI incidence,2,2026-09-20,IS,quantile,0.600,54.900000000000006
2026-09-16,ARI incidence,2,2026-09-20,IS,quantile,0.650,56.6
2026-09-16,ARI incidence,2,2026-09-20,IS,quantile,0.700,58.400000000000006
2026-09-16,ARI incidence,2,2026-09-20,IS,quantile,0.750,60.7
2026-09-16,ARI incidence,2,2026-09-20,IS,quantile,0.800,62.89999999999999
2026-09-16,ARI incidence,2,2026-09-20,IS,quantile,0.850,65.5
2026-09-16,ARI incidence,2,2026-09-20,IS,quantile,0.900,68.9
2026-09-16,ARI incidence,2,2026-09-20,IS,quantile,0.950,74.40499999999993
2026-09-16,ARI incidence,2,2026-09-20,IS,quantile,0.975,80.60249999999996
2026-09-16,ARI incidence,2,2026-09-20,IS,quantile,0.990,99.99999999999999
2026-09-16,ARI incidence,2,2026-09-20,IS,median,,51.7
2026-09-16,ARI incidence,3,2026-09-27,IS,quantile,0.010,0.0
2026-09-16,ARI incidence,3,2026-09-27,IS,quantile,0.025,14.300000000000011
2026-09-16,ARI incidence,3,2026-09-27,IS,quantile,0.050,23.1
2026-09-16,ARI incidence,3,2026-09-27,IS,quantile,0.100,30.3
2026-09-16,ARI incidence,3,2026-09-27,IS,quantile,0.150,34.49999999999999
2026-09-16,ARI incidence,3,2026-09-27,IS,quantile,0.200,37.8
2026-09-16,ARI incidence,3,2026-09-27,IS,quantile,0.250,40.7
2026-09-16,ARI incidence,3,2026-09-27,IS,quantile,0.300,43.1
2026-09-16,ARI incidence,3,2026-09-27,IS,quantile,0.350,45.20000000000001
2026-09-16,ARI incidence,3,2026-09-27,IS,quantile,0.400,47.4
2026-09-16,ARI incidence,3,2026-09-27,IS,quantile,0.450,49.5
2026-09-16,ARI incidence,3,2026-09-27,IS,quantile,0.500,51.6
2026-09-16,ARI incidence,3,2026-09-27,IS,quantile,0.550,53.599999999999994
2026-09-16,ARI incidence,3,2026-09-27,IS,quantile,0.600,55.9
2026-09-16,ARI incidence,3,2026-09-27,IS,quantile,0.650,57.900000000000006
2026-09-16,ARI incidence,3,2026-09-27,IS,quantile,0.700,60.199999999999996
2026-09-16,ARI incidence,3,2026-09-27,IS,quantile,0.750,62.80000000000001
2026-09-16,ARI incidence,3,2026-09-27,IS,quantile,0.800,65.80000000000001
2026-09-16,ARI incidence,3,2026-09-27,IS,quantile,0.850,69.1
2026-09-16,ARI incidence,3,2026-09-27,IS,quantile,0.900,73.60000000000001
2026-09-16,ARI incidence,3,2026-09-27,IS,quantile,0.950,80.70499999999994
2026-09-16,ARI incidence,3,2026-09-27,IS,quantile,0.975,90.10249999999996
2026-09-16,ARI incidence,3,2026-09-27,IS,quantile,0.990,107.00500000000011
2026-09-16,ARI incidence,3,2026-09-27,IS,median,,51.6
2026-09-16,ARI incidence,4,2026-10-04,IS,quantile,0.010,0.0
2026-09-16,ARI incidence,4,2026-10-04,IS,quantile,0.025,7.400000000000006
2026-09-16,ARI incidence,4,2026-10-04,IS,quantile,0.050,17.400000000000006
2026-09-16,ARI incidence,4,2026-10-04,IS,quantile,0.100,26.19999999999999
2026-09-16,ARI incidence,4,2026-10-04,IS,quantile,0.150,31.28499999999998
2026-09-16,ARI incidence,4,2026-10-04,IS,quantile,0.200,35.18
2026-09-16,ARI incidence,4,2026-10-04,IS,quantile,0.250,38.8
2026-09-16,ARI incidence,4,2026-10-04,IS,quantile,0.300,41.500000000000014
2026-09-16,ARI incidence,4,2026-10-04,IS,quantile,0.350,44.19999999999999
2026-09-16,ARI incidence,4,2026-10-04,IS,quantile,0.400,46.70000000000001
2026-09-16,ARI incidence,4,2026-10-04,IS,quantile,0.450,49.099999999999994
2026-09-16,ARI incidence,4,2026-10-04,IS,quantile,0.500,51.50000000000001
2026-09-16,ARI incidence,4,2026-10-04,IS,quantile,0.550,54.000000000000014
2026-09-16,ARI incidence,4,2026-10-04,IS,quantile,0.600,56.6
2026-09-16,ARI incidence,4,2026-10-04,IS,quantile,0.650,59.2
2026-09-16,ARI incidence,4,2026-10-04,IS,quantile,0.700,61.800000000000026
2026-09-16,ARI incidence,4,2026-10-04,IS,quantile,0.750,64.9
2026-09-16,ARI incidence,4,2026-10-04,IS,quantile,0.800,68.30000000000001
2026-09-16,ARI incidence,4,2026-10-04,IS,quantile,0.850,72.1
2026-09-16,ARI incidence,4,2026-10-04,IS,quantile,0.900,77.20000000000002
2026-09-16,ARI incidence,4,2026-10-04,IS,quantile,0.950,86.70499999999994
2026-09-16,ARI incidence,4,2026-10-04,IS,quantile,0.975,97.5
2026-09-16,ARI incidence,4,2026-10-04,IS,quantile,0.990,111.79999999999998
2026-09-16,ARI incidence,4,2026-10-04,IS,median,,51.50000000000001
2026-09-16,ARI incidence,1,2026-09-13,IE,quantile,0.010,0.0
2026-09-16,ARI incidence,1,2026-09-13,IE,quantile,0.025,1.500000000000007
2026-09-16,ARI incidence,1,2026-09-13,IE,quantile,0.050,8.599999999999987
2026-09-16,ARI incidence,1,2026-09-13,IE,quantile,0.100,15.300000000000004
2026-09-16,ARI incidence,1,2026-09-13,IE,quantile,0.150,17.9
2026-09-16,ARI incidence,1,2026-09-13,IE,quantile,0.200,20.799999999999997
2026-09-16,ARI incidence,1,2026-09-13,IE,quantile,0.250,23.4
2026-09-16,ARI incidence,1,2026-09-13,IE,quantile,0.300,24.4
2026-09-16,ARI incidence,1,2026-09-13,IE,quantile,0.350,25.9
2026-09-16,ARI incidence,1,2026-09-13,IE,quantile,0.400,26.5
2026-09-16,ARI incidence,1,2026-09-13,IE,quantile,0.450,27.9
2026-09-16,ARI incidence,1,2026-09-13,IE,quantile,0.500,29.4
2026-09-16,ARI incidence,1,2026-09-13,IE,quantile,0.550,30.9
2026-09-16,ARI incidence,1,2026-09-13,IE,quantile,0.600,32.099999999999994
2026-09-16,ARI incidence,1,2026-09-13,IE,quantile,0.650,32.9
2026-09-16,ARI incidence,1,2026-09-13,IE,quantile,0.700,34.4
2026-09-16,ARI incidence,1,2026-09-13,IE,quantile,0.750,35.599999999999994
2026-09-16,ARI incidence,1,2026-09-13,IE,quantile,0.800,38.0
2026-09-16,ARI incidence,1,2026-09-13,IE,quantile,0.850,41.1
2026-09-16,ARI incidence,1,2026-09-13,IE,quantile,0.900,43.800000000000004
2026-09-16,ARI incidence,1,2026-09-13,IE,quantile,0.950,50.29999999999999
2026-09-16,ARI incidence,1,2026-09-13,IE,quantile,0.975,61.00000000000001
2026-09-16,ARI incidence,1,2026-09-13,IE,quantile,0.990,68.5
2026-09-16,ARI incidence,1,2026-09-13,IE,median,,29.4
2026-09-16,ARI incidence,2,2026-09-20,IE,quantile,0.010,0.0
2026-09-16,ARI incidence,2,2026-09-20,IE,quantile,0.025,0.0
2026-09-16,ARI incidence,2,2026-09-20,IE,quantile,0.050,0.0
2026-09-16,ARI incidence,2,2026-09-20,IE,quantile,0.100,6.700000000000003
2026-09-16,ARI incidence,2,2026-09-20,IE,quantile,0.150,12.0
2026-09-16,ARI incidence,2,2026-09-20,IE,quantile,0.200,15.499999999999993
2026-09-16,ARI incidence,2,2026-09-20,IE,quantile,0.250,18.699999999999996
2026-09-16,ARI incidence,2,2026-09-20,IE,quantile,0.300,21.199999999999996
2026-09-16,ARI incidence,2,2026-09-20,IE,quantile,0.350,23.4
2026-09-16,ARI incidence,2,2026-09-20,IE,quantile,0.400,25.7
2026-09-16,ARI incidence,2,2026-09-20,IE,quantile,0.450,27.700000000000003
2026-09-16,ARI incidence,2,2026-09-20,IE,quantile,0.500,29.599999999999994
2026-09-16,ARI incidence,2,2026-09-20,IE,quantile,0.550,31.4
2026-09-16,ARI incidence,2,2026-09-20,IE,quantile,0.600,33.5
2026-09-16,ARI incidence,2,2026-09-20,IE,quantile,0.650,35.8
2026-09-16,ARI incidence,2,2026-09-20,IE,quantile,0.700,37.9
2026-09-16,ARI incidence,2,2026-09-20,IE,quantile,0.750,40.29999999999999
2026-09-16,ARI incidence,2,2026-09-20,IE,quantile,0.800,43.5
2026-09-16,ARI incidence,2,2026-09-20,IE,quantile,0.850,46.7
2026-09-16,ARI incidence,2,2026-09-20,IE,quantile,0.900,51.99999999999999
2026-09-16,ARI incidence,2,2026-09-20,IE,quantile,0.950,60.19999999999999
2026-09-16,ARI incidence,2,2026-09-20,IE,quantile,0.975,68.70249999999999
2026-09-16,ARI incidence,2,2026-09-20,IE,quantile,0.990,82.5
2026-09-16,ARI incidence,2,2026-09-20,IE,median,,29.599999999999994
2026-09-16,ARI incidence,3,2026-09-27,IE,quantile,0.010,0.0
2026-09-16,ARI incidence,3,2026-09-27,IE,quantile,0.025,0.0
2026-09-16,ARI incidence,3,2026-09-27,IE,quantile,0.050,0.0
2026-09-16,ARI incidence,3,2026-09-27,IE,quantile,0.100,0.590000000000004
2026-09-16,ARI incidence,3,2026-09-27,IE,quantile,0.150,6.700000000000003
2026-09-16,ARI incidence,3,2026-09-27,IE,quantile,0.200,11.399999999999991
2026-09-16,ARI incidence,3,2026-09-27,IE,quantile,0.250,15.199999999999992
2026-09-16,ARI incidence,3,2026-09-27,IE,quantile,0.300,18.6
2026-09-16,ARI incidence,3,2026-09-27,IE,quantile,0.350,21.7
2026-09-16,ARI incidence,3,2026-09-27,IE,quantile,0.400,24.500000000000004
2026-09-16,ARI incidence,3,2026-09-27,IE,quantile,0.450,26.955000000000013
2026-09-16,ARI incidence,3,2026-09-27,IE,quantile,0.500,29.599999999999994
2026-09-16,ARI incidence,3,2026-09-27,IE,quantile,0.550,32.3
2026-09-16,ARI incidence,3,2026-09-27,IE,quantile,0.600,34.9
2026-09-16,ARI incidence,3,2026-09-27,IE,quantile,0.650,37.49999999999999
2026-09-16,ARI incidence,3,2026-09-27,IE,quantile,0.700,40.4
2026-09-16,ARI incidence,3,2026-09-27,IE,quantile,0.750,43.599999999999994
2026-09-16,ARI incidence,3,2026-09-27,IE,quantile,0.800,47.39999999999999
2026-09-16,ARI incidence,3,2026-09-27,IE,quantile,0.850,51.69999999999999
2026-09-16,ARI incidence,3,2026-09-27,IE,quantile,0.900,57.5
2026-09-16,ARI incidence,3,2026-09-27,IE,quantile,0.950,67.6
2026-09-16,ARI incidence,3,2026-09-27,IE,quantile,0.975,78.2
2026-09-16,ARI incidence,3,2026-09-27,IE,quantile,0.990,93.10100000000004
2026-09-16,ARI incidence,3,2026-09-27,IE,median,,29.599999999999994
2026-09-16,ARI incidence,4,2026-10-04,IE,quantile,0.010,0.0
2026-09-16,ARI incidence,4,2026-10-04,IE,quantile,0.025,0.0
2026-09-16,ARI incidence,4,2026-10-04,IE,quantile,0.050,0.0
2026-09-16,ARI incidence,4,2026-10-04,IE,quantile,0.100,0.0
2026-09-16,ARI incidence,4,2026-10-04,IE,quantile,0.150,3.5
2026-09-16,ARI incidence,4,2026-10-04,IE,quantile,0.200,8.600000000000014
2026-09-16,ARI incidence,4,2026-10-04,IE,quantile,0.250,13.100000000000001
2026-09-16,ARI incidence,4,2026-10-04,IE,quantile,0.300,17.199999999999996
2026-09-16,ARI incidence,4,2026-10-04,IE,quantile,0.350,20.6
2026-09-16,ARI incidence,4,2026-10-04,IE,quantile,0.400,23.5
2026-09-16,ARI incidence,4,2026-10-04,IE,quantile,0.450,26.600000000000012
2026-09-16,ARI incidence,4,2026-10-04,IE,quantile,0.500,29.700000000000003
2026-09-16,ARI incidence,4,2026-10-04,IE,quantile,0.550,32.7
2026-09-16,ARI incidence,4,2026-10-04,IE,quantile,0.600,35.69999999999999
2026-09-16,ARI incidence,4,2026-10-04,IE,quantile,0.650,38.999999999999986
2026-09-16,ARI incidence,4,2026-10-04,IE,quantile,0.700,42.400000000000006
2026-09-16,ARI incidence,4,2026-10-04,IE,quantile,0.750,46.19999999999999
2026-09-16,ARI incidence,4,2026-10-04,IE,quantile,0.800,50.52000000000007
2026-09-16,ARI incidence,4,2026-10-04,IE,quantile,0.850,55.5
2026-09-16,ARI incidence,4,2026-10-04,IE,quantile,0.900,62.69999999999999
2026-09-16,ARI incidence,4,2026-10-04,IE,quantile,0.950,74.70000000000002
2026-09-16,ARI incidence,4,2026-10-04,IE,quantile,0.975,86.0025
2026-09-16,ARI incidence,4,2026-10-04,IE,quantile,0.990,98.6
2026-09-16,ARI incidence,4,2026-10-04,IE,median,,29.700000000000003
2026-09-16,ARI incidence,1,2026-09-13,LT,quantile,0.010,0.0
2026-09-16,ARI incidence,1,2026-09-13,LT,quantile,0.025,0.0
2026-09-16,ARI incidence,1,2026-09-13,LT,quantile,0.050,0.0
2026-09-16,ARI incidence,1,2026-09-13,LT,quantile,0.100,65.4
2026-09-16,ARI incidence,1,2026-09-13,LT,quantile,0.150,99.00000000000003
2026-09-16,ARI incidence,1,2026-09-13,LT,quantile,0.200,127.4
2026-09-16,ARI incidence,1,2026-09-13,LT,quantile,0.250,155.5
2026-09-16,ARI incidence,1,2026-09-13,LT,quantile,0.300,165.8
2026-09-16,ARI incidence,1,2026-09-13,LT,quantile,0.350,181.49999999999991
2026-09-16,ARI incidence,1,2026-09-13,LT,quantile,0.400,200.29999999999998
2026-09-16,ARI incidence,1,2026-09-13,LT,quantile,0.450,209.60000000000005
2026-09-16,ARI incidence,1,2026-09-13,LT,quantile,0.500,218.60000000000005
2026-09-16,ARI incidence,1,2026-09-13,LT,quantile,0.550,228.19999999999996
2026-09-16,ARI incidence,1,2026-09-13,LT,quantile,0.600,235.70000000000007
2026-09-16,ARI incidence,1,2026-09-13,LT,quantile,0.650,253.8000000000001
2026-09-16,ARI incidence,1,2026-09-13,LT,quantile,0.700,271.4999999999999
2026-09-16,ARI incidence,1,2026-09-13,LT,quantile,0.750,282.3
2026-09-16,ARI incidence,1,2026-09-13,LT,quantile,0.800,310.4
2026-09-16,ARI incidence,1,2026-09-13,LT,quantile,0.850,343.0
2026-09-16,ARI incidence,1,2026-09-13,LT,quantile,0.900,382.4
2026-09-16,ARI incidence,1,2026-09-13,LT,quantile,0.950,476.9000000000001
2026-09-16,ARI incidence,1,2026-09-13,LT,quantile,0.975,580.5999999999999
2026-09-16,ARI incidence,1,2026-09-13,LT,quantile,0.990,667.9
2026-09-16,ARI incidence,1,2026-09-13,LT,median,,218.60000000000005
2026-09-16,ARI incidence,2,2026-09-20,LT,quantile,0.010,0.0
2026-09-16,ARI incidence,2,2026-09-20,LT,quantile,0.025,0.0
2026-09-16,ARI incidence,2,2026-09-20,LT,quantile,0.050,0.0
2026-09-16,ARI incidence,2,2026-09-20,LT,quantile,0.100,0.0
2026-09-16,ARI incidence,2,2026-09-20,LT,quantile,0.150,34.66999999999995
2026-09-16,ARI incidence,2,2026-09-20,LT,quantile,0.200,76.07999999999998
2026-09-16,ARI incidence,2,2026-09-20,LT,quantile,0.250,107.87500000000003
2026-09-16,ARI incidence,2,2026-09-20,LT,quantile,0.300,134.8399999999999
2026-09-16,ARI incidence,2,2026-09-20,LT,quantile,0.350,158.30000000000007
2026-09-16,ARI incidence,2,2026-09-20,LT,quantile,0.400,179.40000000000006
2026-09-16,ARI incidence,2,2026-09-20,LT,quantile,0.450,200.50000000000009
2026-09-16,ARI incidence,2,2026-09-20,LT,quantile,0.500,219.2
2026-09-16,ARI incidence,2,2026-09-20,LT,quantile,0.550,239.19000000000005
2026-09-16,ARI incidence,2,2026-09-20,LT,quantile,0.600,261.39999999999986
2026-09-16,ARI incidence,2,2026-09-20,LT,quantile,0.650,283.30000000000007
2026-09-16,ARI incidence,2,2026-09-20,LT,quantile,0.700,307.0999999999999
2026-09-16,ARI incidence,2,2026-09-20,LT,quantile,0.750,335.5000000000001
2026-09-16,ARI incidence,2,2026-09-20,LT,quantile,0.800,366.29999999999995
2026-09-16,ARI incidence,2,2026-09-20,LT,quantile,0.850,410.01500000000004
2026-09-16,ARI incidence,2,2026-09-20,LT,quantile,0.900,471.62
2026-09-16,ARI incidence,2,2026-09-20,LT,quantile,0.950,580.3799999999987
2026-09-16,ARI incidence,2,2026-09-20,LT,quantile,0.975,684.7
2026-09-16,ARI incidence,2,2026-09-20,LT,quantile,0.990,830.2160000000005
2026-09-16,ARI incidence,2,2026-09-20,LT,median,,219.2
2026-09-16,ARI incidence,3,2026-09-27,LT,quantile,0.010,0.0
2026-09-16,ARI incidence,3,2026-09-27,LT,quantile,0.025,0.0
2026-09-16,ARI incidence,3,2026-09-27,LT,quantile,0.050,0.0
2026-09-16,ARI incidence,3,2026-09-27,LT,quantile,0.100,0.0
2026-09-16,ARI incidence,3,2026-09-27,LT,quantile,0.150,0.0
2026-09-16,ARI incidence,3,2026-09-27,LT,quantile,0.200,23.480000000000043
2026-09-16,ARI incidence,3,2026-09-27,LT,quantile,0.250,66.275
2026-09-16,ARI incidence,3,2026-09-27,LT,quantile,0.300,102.19999999999996
2026-09-16,ARI incidence,3,2026-09-27,LT,quantile,0.350,133.90000000000006
2026-09-16,ARI incidence,3,2026-09-27,LT,quantile,0.400,163.46000000000015
2026-09-16,ARI incidence,3,2026-09-27,LT,quantile,0.450,189.8550000000001
2026-09-16,ARI incidence,3,2026-09-27,LT,quantile,0.500,218.0000000000001
2026-09-16,ARI incidence,3,2026-09-27,LT,quantile,0.550,246.04500000000002
2026-09-16,ARI incidence,3,2026-09-27,LT,quantile,0.600,274.19999999999993
2026-09-16,ARI incidence,3,2026-09-27,LT,quantile,0.650,303.5700000000001
2026-09-16,ARI incidence,3,2026-09-27,LT,quantile,0.700,335.3999999999998
2026-09-16,ARI incidence,3,2026-09-27,LT,quantile,0.750,370.25
2026-09-16,ARI incidence,3,2026-09-27,LT,quantile,0.800,413.20000000000005
2026-09-16,ARI incidence,3,2026-09-27,LT,quantile,0.850,466.51500000000004
2026-09-16,ARI incidence,3,2026-09-27,LT,quantile,0.900,535.0100000000001
2026-09-16,ARI incidence,3,2026-09-27,LT,quantile,0.950,662.1099999999998
2026-09-16,ARI incidence,3,2026-09-27,LT,quantile,0.975,800.8249999999997
2026-09-16,ARI incidence,3,2026-09-27,LT,quantile,0.990,947.0010000000001
2026-09-16,ARI incidence,3,2026-09-27,LT,median,,218.0000000000001
2026-09-16,ARI incidence,4,2026-10-04,LT,quantile,0.010,0.0
2026-09-16,ARI incidence,4,2026-10-04,LT,quantile,0.025,0.0
2026-09-16,ARI incidence,4,2026-10-04,LT,quantile,0.050,0.0
2026-09-16,ARI incidence,4,2026-10-04,LT,quantile,0.100,0.0
2026-09-16,ARI incidence,4,2026-10-04,LT,quantile,0.150,0.0
2026-09-16,ARI incidence,4,2026-10-04,LT,quantile,0.200,0.0
2026-09-16,ARI incidence,4,2026-10-04,LT,quantile,0.250,33.2499999999999
2026-09-16,ARI incidence,4,2026-10-04,LT,quantile,0.300,74.46999999999994
2026-09-16,ARI incidence,4,2026-10-04,LT,quantile,0.350,115.9649999999998
2026-09-16,ARI incidence,4,2026-10-04,LT,quantile,0.400,149.96000000000012
2026-09-16,ARI incidence,4,2026-10-04,LT,quantile,0.450,180.455
2026-09-16,ARI incidence,4,2026-10-04,LT,quantile,0.500,212.90000000000003
2026-09-16,ARI incidence,4,2026-10-04,LT,quantile,0.550,246.49000000000004
2026-09-16,ARI incidence,4,2026-10-04,LT,quantile,0.600,282.14
2026-09-16,ARI incidence,4,2026-10-04,LT,quantile,0.650,318.1999999999999
2026-09-16,ARI incidence,4,2026-10-04,LT,quantile,0.700,355.9299999999999
2026-09-16,ARI incidence,4,2026-10-04,LT,quantile,0.750,401.02500000000015
2026-09-16,ARI incidence,4,2026-10-04,LT,quantile,0.800,448.7600000000003
2026-09-16,ARI incidence,4,2026-10-04,LT,quantile,0.850,506.11499999999995
2026-09-16,ARI incidence,4,2026-10-04,LT,quantile,0.900,587.9400000000002
2026-09-16,ARI incidence,4,2026-10-04,LT,quantile,0.950,728.3999999999984
2026-09-16,ARI incidence,4,2026-10-04,LT,quantile,0.975,858.1
2026-09-16,ARI incidence,4,2026-10-04,LT,quantile,0.990,1017.2230000000006
2026-09-16,ARI incidence,4,2026-10-04,LT,median,,212.90000000000003
2026-09-16,ARI incidence,1,2026-09-13,LU,quantile,0.010,0.0
2026-09-16,ARI incidence,1,2026-09-13,LU,quantile,0.025,0.0
2026-09-16,ARI incidence,1,2026-09-13,LU,quantile,0.050,0.0
2026-09-16,ARI incidence,1,2026-09-13,LU,quantile,0.100,100.0
2026-09-16,ARI incidence,1,2026-09-13,LU,quantile,0.150,600.0
2026-09-16,ARI incidence,1,2026-09-13,LU,quantile,0.200,1500.0
2026-09-16,ARI incidence,1,2026-09-13,LU,quantile,0.250,2000.0
2026-09-16,ARI incidence,1,2026-09-13,LU,quantile,0.300,2700.0
2026-09-16,ARI incidence,1,2026-09-13,LU,quantile,0.350,3500.0
2026-09-16,ARI incidence,1,2026-09-13,LU,quantile,0.400,3800.0
2026-09-16,ARI incidence,1,2026-09-13,LU,quantile,0.450,4500.0
2026-09-16,ARI incidence,1,2026-09-13,LU,quantile,0.500,5000.0
2026-09-16,ARI incidence,1,2026-09-13,LU,quantile,0.550,5700.0
2026-09-16,ARI incidence,1,2026-09-13,LU,quantile,0.600,6500.0
2026-09-16,ARI incidence,1,2026-09-13,LU,quantile,0.650,6800.0
2026-09-16,ARI incidence,1,2026-09-13,LU,quantile,0.700,7600.0
2026-09-16,ARI incidence,1,2026-09-13,LU,quantile,0.750,8300.0
2026-09-16,ARI incidence,1,2026-09-13,LU,quantile,0.800,8800.0
2026-09-16,ARI incidence,1,2026-09-13,LU,quantile,0.850,9700.0
2026-09-16,ARI incidence,1,2026-09-13,LU,quantile,0.900,10300.0
2026-09-16,ARI incidence,1,2026-09-13,LU,quantile,0.950,12600.0
2026-09-16,ARI incidence,1,2026-09-13,LU,quantile,0.975,15200.0
2026-09-16,ARI incidence,1,2026-09-13,LU,quantile,0.990,19200.0
2026-09-16,ARI incidence,1,2026-09-13,LU,median,,5000.0
2026-09-16,ARI incidence,2,2026-09-20,LU,quantile,0.010,0.0
2026-09-16,ARI incidence,2,2026-09-20,LU,quantile,0.025,0.0
2026-09-16,ARI incidence,2,2026-09-20,LU,quantile,0.050,0.0
2026-09-16,ARI incidence,2,2026-09-20,LU,quantile,0.100,0.0
2026-09-16,ARI incidence,2,2026-09-20,LU,quantile,0.150,0.0
2026-09-16,ARI incidence,2,2026-09-20,LU,quantile,0.200,0.0
2026-09-16,ARI incidence,2,2026-09-20,LU,quantile,0.250,800.0
2026-09-16,ARI incidence,2,2026-09-20,LU,quantile,0.300,1900.0
2026-09-16,ARI incidence,2,2026-09-20,LU,quantile,0.350,2700.0
2026-09-16,ARI incidence,2,2026-09-20,LU,quantile,0.400,3500.0
2026-09-16,ARI incidence,2,2026-09-20,LU,quantile,0.450,4300.0
2026-09-16,ARI incidence,2,2026-09-20,LU,quantile,0.500,5100.0
2026-09-16,ARI incidence,2,2026-09-20,LU,quantile,0.550,5800.0
2026-09-16,ARI incidence,2,2026-09-20,LU,quantile,0.600,6600.0
2026-09-16,ARI incidence,2,2026-09-20,LU,quantile,0.650,7400.0
2026-09-16,ARI incidence,2,2026-09-20,LU,quantile,0.700,8300.0
2026-09-16,ARI incidence,2,2026-09-20,LU,quantile,0.750,9200.0
2026-09-16,ARI incidence,2,2026-09-20,LU,quantile,0.800,10300.0
2026-09-16,ARI incidence,2,2026-09-20,LU,quantile,0.850,11400.0
2026-09-16,ARI incidence,2,2026-09-20,LU,quantile,0.900,13100.0
2026-09-16,ARI incidence,2,2026-09-20,LU,quantile,0.950,16000.0
2026-09-16,ARI incidence,2,2026-09-20,LU,quantile,0.975,18700.0
2026-09-16,ARI incidence,2,2026-09-20,LU,quantile,0.990,23100.0
2026-09-16,ARI incidence,2,2026-09-20,LU,median,,5100.0
2026-09-16,ARI incidence,3,2026-09-27,LU,quantile,0.010,0.0
2026-09-16,ARI incidence,3,2026-09-27,LU,quantile,0.025,0.0
2026-09-16,ARI incidence,3,2026-09-27,LU,quantile,0.050,0.0
2026-09-16,ARI incidence,3,2026-09-27,LU,quantile,0.100,0.0
2026-09-16,ARI incidence,3,2026-09-27,LU,quantile,0.150,0.0
2026-09-16,ARI incidence,3,2026-09-27,LU,quantile,0.200,0.0
2026-09-16,ARI incidence,3,2026-09-27,LU,quantile,0.250,0.0
2026-09-16,ARI incidence,3,2026-09-27,LU,quantile,0.300,1100.0
2026-09-16,ARI incidence,3,2026-09-27,LU,quantile,0.350,2100.0
2026-09-16,ARI incidence,3,2026-09-27,LU,quantile,0.400,3100.0
2026-09-16,ARI incidence,3,2026-09-27,LU,quantile,0.450,4100.0
2026-09-16,ARI incidence,3,2026-09-27,LU,quantile,0.500,5100.0
2026-09-16,ARI incidence,3,2026-09-27,LU,quantile,0.550,6100.0
2026-09-16,ARI incidence,3,2026-09-27,LU,quantile,0.600,7000.0
2026-09-16,ARI incidence,3,2026-09-27,LU,quantile,0.650,8000.0
2026-09-16,ARI incidence,3,2026-09-27,LU,quantile,0.700,9100.0
2026-09-16,ARI incidence,3,2026-09-27,LU,quantile,0.750,10200.0
2026-09-16,ARI incidence,3,2026-09-27,LU,quantile,0.800,11600.0
2026-09-16,ARI incidence,3,2026-09-27,LU,quantile,0.850,13100.0
2026-09-16,ARI incidence,3,2026-09-27,LU,quantile,0.900,15200.0
2026-09-16,ARI incidence,3,2026-09-27,LU,quantile,0.950,18700.0
2026-09-16,ARI incidence,3,2026-09-27,LU,quantile,0.975,21900.0
2026-09-16,ARI incidence,3,2026-09-27,LU,quantile,0.990,26601.000000000022
2026-09-16,ARI incidence,3,2026-09-27,LU,median,,5100.0
2026-09-16,ARI incidence,4,2026-10-04,LU,quantile,0.010,0.0
2026-09-16,ARI incidence,4,2026-10-04,LU,quantile,0.025,0.0
2026-09-16,ARI incidence,4,2026-10-04,LU,quantile,0.050,0.0
2026-09-16,ARI incidence,4,2026-10-04,LU,quantile,0.100,0.0
2026-09-16,ARI incidence,4,2026-10-04,LU,quantile,0.150,0.0
2026-09-16,ARI incidence,4,2026-10-04,LU,quantile,0.200,0.0
2026-09-16,ARI incidence,4,2026-10-04,LU,quantile,0.250,0.0
2026-09-16,ARI incidence,4,2026-10-04,LU,quantile,0.300,400.0
2026-09-16,ARI incidence,4,2026-10-04,LU,quantile,0.350,1700.0
2026-09-16,ARI incidence,4,2026-10-04,LU,quantile,0.400,2800.0
2026-09-16,ARI incidence,4,2026-10-04,LU,quantile,0.450,4100.0
2026-09-16,ARI incidence,4,2026-10-04,LU,quantile,0.500,5200.0
2026-09-16,ARI incidence,4,2026-10-04,LU,quantile,0.550,6400.0
2026-09-16,ARI incidence,4,2026-10-04,LU,quantile,0.600,7400.0
2026-09-16,ARI incidence,4,2026-10-04,LU,quantile,0.650,8600.0
2026-09-16,ARI incidence,4,2026-10-04,LU,quantile,0.700,9800.0
2026-09-16,ARI incidence,4,2026-10-04,LU,quantile,0.750,11100.0
2026-09-16,ARI incidence,4,2026-10-04,LU,quantile,0.800,12600.0
2026-09-16,ARI incidence,4,2026-10-04,LU,quantile,0.850,14500.0
2026-09-16,ARI incidence,4,2026-10-04,LU,quantile,0.900,16900.0
2026-09-16,ARI incidence,4,2026-10-04,LU,quantile,0.950,20900.0
2026-09-16,ARI incidence,4,2026-10-04,LU,quantile,0.975,24800.0
2026-09-16,ARI incidence,4,2026-10-04,LU,quantile,0.990,29801.000000000022
2026-09-16,ARI incidence,4,2026-10-04,LU,median,,5200.0
2026-09-16,ARI incidence,1,2026-09-13,NL,quantile,0.010,22.5
2026-09-16,ARI incidence,1,2026-09-13,NL,quantile,0.025,38.5
2026-09-16,ARI incidence,1,2026-09-13,NL,quantile,0.050,54.60000000000002
2026-09-16,ARI incidence,1,2026-09-13,NL,quantile,0.100,65.69999999999999
2026-09-16,ARI incidence,1,2026-09-13,NL,quantile,0.150,74.39999999999998
2026-09-16,ARI incidence,1,2026-09-13,NL,quantile,0.200,79.4
2026-09-16,ARI incidence,1,2026-09-13,NL,quantile,0.250,82.5
2026-09-16,ARI incidence,1,2026-09-13,NL,quantile,0.300,84.69999999999999
2026-09-16,ARI incidence,1,2026-09-13,NL,quantile,0.350,88.8
2026-09-16,ARI incidence,1,2026-09-13,NL,quantile,0.400,90.6
2026-09-16,ARI incidence,1,2026-09-13,NL,quantile,0.450,92.29999999999998
2026-09-16,ARI incidence,1,2026-09-13,NL,quantile,0.500,93.5
2026-09-16,ARI incidence,1,2026-09-13,NL,quantile,0.550,94.9
2026-09-16,ARI incidence,1,2026-09-13,NL,quantile,0.600,96.6
2026-09-16,ARI incidence,1,2026-09-13,NL,quantile,0.650,97.4
2026-09-16,ARI incidence,1,2026-09-13,NL,quantile,0.700,101.69999999999999
2026-09-16,ARI incidence,1,2026-09-13,NL,quantile,0.750,104.6
2026-09-16,ARI incidence,1,2026-09-13,NL,quantile,0.800,107.79999999999998
2026-09-16,ARI incidence,1,2026-09-13,NL,quantile,0.850,112.80000000000001
2026-09-16,ARI incidence,1,2026-09-13,NL,quantile,0.900,121.5
2026-09-16,ARI incidence,1,2026-09-13,NL,quantile,0.950,130.3
2026-09-16,ARI incidence,1,2026-09-13,NL,quantile,0.975,148.7
2026-09-16,ARI incidence,1,2026-09-13,NL,quantile,0.990,164.7
2026-09-16,ARI incidence,1,2026-09-13,NL,median,,93.5
2026-09-16,ARI incidence,2,2026-09-20,NL,quantile,0.010,12.199999999999989
2026-09-16,ARI incidence,2,2026-09-20,NL,quantile,0.025,26.299999999999983
2026-09-16,ARI incidence,2,2026-09-20,NL,quantile,0.050,38.69999999999999
2026-09-16,ARI incidence,2,2026-09-20,NL,quantile,0.100,54.099999999999994
2026-09-16,ARI incidence,2,2026-09-20,NL,quantile,0.150,63.39999999999998
2026-09-16,ARI incidence,2,2026-09-20,NL,quantile,0.200,70.3
2026-09-16,ARI incidence,2,2026-09-20,NL,quantile,0.250,75.2
2026-09-16,ARI incidence,2,2026-09-20,NL,quantile,0.300,79.5
2026-09-16,ARI incidence,2,2026-09-20,NL,quantile,0.350,83.3
2026-09-16,ARI incidence,2,2026-09-20,NL,quantile,0.400,87.0
2026-09-16,ARI incidence,2,2026-09-20,NL,quantile,0.450,90.4
2026-09-16,ARI incidence,2,2026-09-20,NL,quantile,0.500,93.6
2026-09-16,ARI incidence,2,2026-09-20,NL,quantile,0.550,96.6
2026-09-16,ARI incidence,2,2026-09-20,NL,quantile,0.600,99.89999999999999
2026-09-16,ARI incidence,2,2026-09-20,NL,quantile,0.650,103.09999999999998
2026-09-16,ARI incidence,2,2026-09-20,NL,quantile,0.700,106.99999999999999
2026-09-16,ARI incidence,2,2026-09-20,NL,quantile,0.750,111.49999999999999
2026-09-16,ARI incidence,2,2026-09-20,NL,quantile,0.800,116.8
2026-09-16,ARI incidence,2,2026-09-20,NL,quantile,0.850,123.10000000000002
2026-09-16,ARI incidence,2,2026-09-20,NL,quantile,0.900,132.49999999999997
2026-09-16,ARI incidence,2,2026-09-20,NL,quantile,0.950,148.3
2026-09-16,ARI incidence,2,2026-09-20,NL,quantile,0.975,160.79999999999998
2026-09-16,ARI incidence,2,2026-09-20,NL,quantile,0.990,173.6
2026-09-16,ARI incidence,2,2026-09-20,NL,median,,93.6
2026-09-16,ARI incidence,3,2026-09-27,NL,quantile,0.010,0.0
2026-09-16,ARI incidence,3,2026-09-27,NL,quantile,0.025,14.197500000000005
2026-09-16,ARI incidence,3,2026-09-27,NL,quantile,0.050,27.795000000000016
2026-09-16,ARI incidence,3,2026-09-27,NL,quantile,0.100,44.28999999999997
2026-09-16,ARI incidence,3,2026-09-27,NL,quantile,0.150,55.89999999999999
2026-09-16,ARI incidence,3,2026-09-27,NL,quantile,0.200,63.599999999999994
2026-09-16,ARI incidence,3,2026-09-27,NL,quantile,0.250,70.50000000000001
2026-09-16,ARI incidence,3,2026-09-27,NL,quantile,0.300,75.99999999999999
2026-09-16,ARI incidence,3,2026-09-27,NL,quantile,0.350,80.8
2026-09-16,ARI incidence,3,2026-09-27,NL,quantile,0.400,84.99999999999999
2026-09-16,ARI incidence,3,2026-09-27,NL,quantile,0.450,89.69999999999999
2026-09-16,ARI incidence,3,2026-09-27,NL,quantile,0.500,93.89999999999999
2026-09-16,ARI incidence,3,2026-09-27,NL,quantile,0.550,98.1
2026-09-16,ARI incidence,3,2026-09-27,NL,quantile,0.600,102.2
2026-09-16,ARI incidence,3,2026-09-27,NL,quantile,0.650,106.90000000000002
2026-09-16,ARI incidence,3,2026-09-27,NL,quantile,0.700,111.99999999999999
2026-09-16,ARI incidence,3,2026-09-27,NL,quantile,0.750,117.39999999999998
2026-09-16,ARI incidence,3,2026-09-27,NL,quantile,0.800,123.42000000000007
2026-09-16,ARI incidence,3,2026-09-27,NL,quantile,0.850,131.4
2026-09-16,ARI incidence,3,2026-09-27,NL,quantile,0.900,142.81000000000003
2026-09-16,ARI incidence,3,2026-09-27,NL,quantile,0.950,158.79999999999995
2026-09-16,ARI incidence,3,2026-09-27,NL,quantile,0.975,173.3049999999999
2026-09-16,ARI incidence,3,2026-09-27,NL,quantile,0.990,192.40200000000002
2026-09-16,ARI incidence,3,2026-09-27,NL,median,,93.89999999999999
2026-09-16,ARI incidence,4,2026-10-04,NL,quantile,0.010,0.0
2026-09-16,ARI incidence,4,2026-10-04,NL,quantile,0.025,3.9000000000000057
2026-09-16,ARI incidence,4,2026-10-04,NL,quantile,0.050,19.39999999999999
2026-09-16,ARI incidence,4,2026-10-04,NL,quantile,0.100,36.89999999999998
2026-09-16,ARI incidence,4,2026-10-04,NL,quantile,0.150,48.8
2026-09-16,ARI incidence,4,2026-10-04,NL,quantile,0.200,57.90000000000002
2026-09-16,ARI incidence,4,2026-10-04,NL,quantile,0.250,65.3
2026-09-16,ARI incidence,4,2026-10-04,NL,quantile,0.300,71.80000000000003
2026-09-16,ARI incidence,4,2026-10-04,NL,quantile,0.350,77.6
2026-09-16,ARI incidence,4,2026-10-04,NL,quantile,0.400,83.39999999999999
2026-09-16,ARI incidence,4,2026-10-04,NL,quantile,0.450,88.9
2026-09-16,ARI incidence,4,2026-10-04,NL,quantile,0.500,94.0
2026-09-16,ARI incidence,4,2026-10-04,NL,quantile,0.550,98.9
2026-09-16,ARI incidence,4,2026-10-04,NL,quantile,0.600,104.19999999999999
2026-09-16,ARI incidence,4,2026-10-04,NL,quantile,0.650,109.63500000000003
2026-09-16,ARI incidence,4,2026-10-04,NL,quantile,0.700,115.30000000000001
2026-09-16,ARI incidence,4,2026-10-04,NL,quantile,0.750,122.0
2026-09-16,ARI incidence,4,2026-10-04,NL,quantile,0.800,130.0
2026-09-16,ARI incidence,4,2026-10-04,NL,quantile,0.850,139.81499999999997
2026-09-16,ARI incidence,4,2026-10-04,NL,quantile,0.900,150.7
2026-09-16,ARI incidence,4,2026-10-04,NL,quantile,0.950,169.40499999999997
2026-09-16,ARI incidence,4,2026-10-04,NL,quantile,0.975,184.70249999999996
2026-09-16,ARI incidence,4,2026-10-04,NL,quantile,0.990,206.40300000000005
2026-09-16,ARI incidence,4,2026-10-04,NL,median,,94.0
2026-09-16,ARI incidence,1,2026-09-13,RO,quantile,0.010,0.0
2026-09-16,ARI incidence,1,2026-09-13,RO,quantile,0.025,0.0
2026-09-16,ARI incidence,1,2026-09-13,RO,quantile,0.050,38.400000000000084
2026-09-16,ARI incidence,1,2026-09-13,RO,quantile,0.100,135.77999999999997
2026-09-16,ARI incidence,1,2026-09-13,RO,quantile,0.150,188.40000000000003
2026-09-16,ARI incidence,1,2026-09-13,RO,quantile,0.200,232.29999999999995
2026-09-16,ARI incidence,1,2026-09-13,RO,quantile,0.250,262.975
2026-09-16,ARI incidence,1,2026-09-13,RO,quantile,0.300,288.0499999999999
2026-09-16,ARI incidence,1,2026-09-13,RO,quantile,0.350,313.29999999999995
2026-09-16,ARI incidence,1,2026-09-13,RO,quantile,0.400,334.79999999999995
2026-09-16,ARI incidence,1,2026-09-13,RO,quantile,0.450,354.29999999999995
2026-09-16,ARI incidence,1,2026-09-13,RO,quantile,0.500,374.80000000000007
2026-09-16,ARI incidence,1,2026-09-13,RO,quantile,0.550,393.0999999999999
2026-09-16,ARI incidence,1,2026-09-13,RO,quantile,0.600,412.63999999999993
2026-09-16,ARI incidence,1,2026-09-13,RO,quantile,0.650,434.6999999999999
2026-09-16,ARI incidence,1,2026-09-13,RO,quantile,0.700,458.9999999999999
2026-09-16,ARI incidence,1,2026-09-13,RO,quantile,0.750,485.1
2026-09-16,ARI incidence,1,2026-09-13,RO,quantile,0.800,519.7
2026-09-16,ARI incidence,1,2026-09-13,RO,quantile,0.850,561.5150000000001
2026-09-16,ARI incidence,1,2026-09-13,RO,quantile,0.900,614.1300000000001
2026-09-16,ARI incidence,1,2026-09-13,RO,quantile,0.950,709.7
2026-09-16,ARI incidence,1,2026-09-13,RO,quantile,0.975,803.8
2026-09-16,ARI incidence,1,2026-09-13,RO,quantile,0.990,954.2030000000002
2026-09-16,ARI incidence,1,2026-09-13,RO,median,,374.80000000000007
2026-09-16,ARI incidence,2,2026-09-20,RO,quantile,0.010,0.0
2026-09-16,ARI incidence,2,2026-09-20,RO,quantile,0.025,0.0
2026-09-16,ARI incidence,2,2026-09-20,RO,quantile,0.050,0.0
2026-09-16,ARI incidence,2,2026-09-20,RO,quantile,0.100,77.70000000000003
2026-09-16,ARI incidence,2,2026-09-20,RO,quantile,0.150,141.96999999999997
2026-09-16,ARI incidence,2,2026-09-20,RO,quantile,0.200,191.43999999999997
2026-09-16,ARI incidence,2,2026-09-20,RO,quantile,0.250,229.60000000000002
2026-09-16,ARI incidence,2,2026-09-20,RO,quantile,0.300,264.79999999999995
2026-09-16,ARI incidence,2,2026-09-20,RO,quantile,0.350,295.3649999999999
2026-09-16,ARI incidence,2,2026-09-20,RO,quantile,0.400,322.98
2026-09-16,ARI incidence,2,2026-09-20,RO,quantile,0.450,349.255
2026-09-16,ARI incidence,2,2026-09-20,RO,quantile,0.500,375.15
2026-09-16,ARI incidence,2,2026-09-20,RO,quantile,0.550,401.44500000000005
2026-09-16,ARI incidence,2,2026-09-20,RO,quantile,0.600,429.23999999999995
2026-09-16,ARI incidence,2,2026-09-20,RO,quantile,0.650,458.09999999999997
2026-09-16,ARI incidence,2,2026-09-20,RO,quantile,0.700,487.6
2026-09-16,ARI incidence,2,2026-09-20,RO,quantile,0.750,519.2250000000001
2026-09-16,ARI incidence,2,2026-09-20,RO,quantile,0.800,558.7200000000001
2026-09-16,ARI incidence,2,2026-09-20,RO,quantile,0.850,606.23
2026-09-16,ARI incidence,2,2026-09-20,RO,quantile,0.900,672.5099999999999
2026-09-16,ARI incidence,2,2026-09-20,RO,quantile,0.950,777.6099999999999
2026-09-16,ARI incidence,2,2026-09-20,RO,quantile,0.975,880.1049999999999
2026-09-16,ARI incidence,2,2026-09-20,RO,quantile,0.990,1032.0100000000002
2026-09-16,ARI incidence,2,2026-09-20,RO,median,,375.15
2026-09-16,ARI incidence,3,2026-09-27,RO,quantile,0.010,0.0
2026-09-16,ARI incidence,3,2026-09-27,RO,quantile,0.025,0.0
2026-09-16,ARI incidence,3,2026-09-27,RO,quantile,0.050,0.0
2026-09-16,ARI incidence,3,2026-09-27,RO,quantile,0.100,28.850000000000023
2026-09-16,ARI incidence,3,2026-09-27,RO,quantile,0.150,99.5000000000001
2026-09-16,ARI incidence,3,2026-09-27,RO,quantile,0.200,155.88000000000005
2026-09-16,ARI incidence,3,2026-09-27,RO,quantile,0.250,200.1
2026-09-16,ARI incidence,3,2026-09-27,RO,quantile,0.300,238.53999999999982
2026-09-16,ARI incidence,3,2026-09-27,RO,quantile,0.350,275.0649999999999
2026-09-16,ARI incidence,3,2026-09-27,RO,quantile,0.400,308.79999999999995
2026-09-16,ARI incidence,3,2026-09-27,RO,quantile,0.450,341.11000000000007
2026-09-16,ARI incidence,3,2026-09-27,RO,quantile,0.500,372.2499999999999
2026-09-16,ARI incidence,3,2026-09-27,RO,quantile,0.550,404.44499999999994
2026-09-16,ARI incidence,3,2026-09-27,RO,quantile,0.600,439.8
2026-09-16,ARI incidence,3,2026-09-27,RO,quantile,0.650,473.99999999999994
2026-09-16,ARI incidence,3,2026-09-27,RO,quantile,0.700,513.3299999999999
2026-09-16,ARI incidence,3,2026-09-27,RO,quantile,0.750,552.0250000000001
2026-09-16,ARI incidence,3,2026-09-27,RO,quantile,0.800,597.3999999999999
2026-09-16,ARI incidence,3,2026-09-27,RO,quantile,0.850,653.015
2026-09-16,ARI incidence,3,2026-09-27,RO,quantile,0.900,721.8000000000001
2026-09-16,ARI incidence,3,2026-09-27,RO,quantile,0.950,850.5099999999999
2026-09-16,ARI incidence,3,2026-09-27,RO,quantile,0.975,951.9724999999988
2026-09-16,ARI incidence,3,2026-09-27,RO,quantile,0.990,1123.0480000000011
2026-09-16,ARI incidence,3,2026-09-27,RO,median,,372.2499999999999
2026-09-16,ARI incidence,4,2026-10-04,RO,quantile,0.010,0.0
2026-09-16,ARI incidence,4,2026-10-04,RO,quantile,0.025,0.0
2026-09-16,ARI incidence,4,2026-10-04,RO,quantile,0.050,0.0
2026-09-16,ARI incidence,4,2026-10-04,RO,quantile,0.100,0.0
2026-09-16,ARI incidence,4,2026-10-04,RO,quantile,0.150,64.66999999999996
2026-09-16,ARI incidence,4,2026-10-04,RO,quantile,0.200,123.85999999999991
2026-09-16,ARI incidence,4,2026-10-04,RO,quantile,0.250,173.74999999999997
2026-09-16,ARI incidence,4,2026-10-04,RO,quantile,0.300,215.79999999999987
2026-09-16,ARI incidence,4,2026-10-04,RO,quantile,0.350,256.26499999999993
2026-09-16,ARI incidence,4,2026-10-04,RO,quantile,0.400,295.76
2026-09-16,ARI incidence,4,2026-10-04,RO,quantile,0.450,334.355
2026-09-16,ARI incidence,4,2026-10-04,RO,quantile,0.500,370.64999999999986
2026-09-16,ARI incidence,4,2026-10-04,RO,quantile,0.550,408.09999999999997
2026-09-16,ARI incidence,4,2026-10-04,RO,quantile,0.600,447.4
2026-09-16,ARI incidence,4,2026-10-04,RO,quantile,0.650,485.09999999999985
2026-09-16,ARI incidence,4,2026-10-04,RO,quantile,0.700,526.6299999999998
2026-09-16,ARI incidence,4,2026-10-04,RO,quantile,0.750,572.0250000000002
2026-09-16,ARI incidence,4,2026-10-04,RO,quantile,0.800,626.2200000000001
2026-09-16,ARI incidence,4,2026-10-04,RO,quantile,0.850,688.1299999999999
2026-09-16,ARI incidence,4,2026-10-04,RO,quantile,0.900,763.73
2026-09-16,ARI incidence,4,2026-10-04,RO,quantile,0.950,909.1000000000003
2026-09-16,ARI incidence,4,2026-10-04,RO,quantile,0.975,1032.715
2026-09-16,ARI incidence,4,2026-10-04,RO,quantile,0.990,1195.0140000000004
2026-09-16,ARI incidence,4,2026-10-04,RO,median,,370.64999999999986
2026-09-16,ARI incidence,1,2026-09-13,SI,quantile,0.010,0.0
2026-09-16,ARI incidence,1,2026-09-13,SI,quantile,0.025,0.0
2026-09-16,ARI incidence,1,2026-09-13,SI,quantile,0.050,0.0
2026-09-16,ARI incidence,1,2026-09-13,SI,quantile,0.100,0.0
2026-09-16,ARI incidence,1,2026-09-13,SI,quantile,0.150,47.69999999999982
2026-09-16,ARI incidence,1,2026-09-13,SI,quantile,0.200,119.70000000000005
2026-09-16,ARI incidence,1,2026-09-13,SI,quantile,0.250,173.5999999999999
2026-09-16,ARI incidence,1,2026-09-13,SI,quantile,0.300,202.20000000000005
2026-09-16,ARI incidence,1,2026-09-13,SI,quantile,0.350,240.79999999999995
2026-09-16,ARI incidence,1,2026-09-13,SI,quantile,0.400,273.6999999999998
2026-09-16,ARI incidence,1,2026-09-13,SI,quantile,0.450,293.1
2026-09-16,ARI incidence,1,2026-09-13,SI,quantile,0.500,311.9
2026-09-16,ARI incidence,1,2026-09-13,SI,quantile,0.550,328.1
2026-09-16,ARI incidence,1,2026-09-13,SI,quantile,0.600,347.29999999999995
2026-09-16,ARI incidence,1,2026-09-13,SI,quantile,0.650,372.5999999999999
2026-09-16,ARI incidence,1,2026-09-13,SI,quantile,0.700,409.29999999999995
2026-09-16,ARI incidence,1,2026-09-13,SI,quantile,0.750,440.70000000000005
2026-09-16,ARI incidence,1,2026-09-13,SI,quantile,0.800,490.0999999999999
2026-09-16,ARI incidence,1,2026-09-13,SI,quantile,0.850,553.5
2026-09-16,ARI incidence,1,2026-09-13,SI,quantile,0.900,646.5999999999999
2026-09-16,ARI incidence,1,2026-09-13,SI,quantile,0.950,785.6
2026-09-16,ARI incidence,1,2026-09-13,SI,quantile,0.975,982.4
2026-09-16,ARI incidence,1,2026-09-13,SI,quantile,0.990,1096.1999999999998
2026-09-16,ARI incidence,1,2026-09-13,SI,median,,311.9
2026-09-16,ARI incidence,2,2026-09-20,SI,quantile,0.010,0.0
2026-09-16,ARI incidence,2,2026-09-20,SI,quantile,0.025,0.0
2026-09-16,ARI incidence,2,2026-09-20,SI,quantile,0.050,0.0
2026-09-16,ARI incidence,2,2026-09-20,SI,quantile,0.100,0.0
2026-09-16,ARI incidence,2,2026-09-20,SI,quantile,0.150,0.0
2026-09-16,ARI incidence,2,2026-09-20,SI,quantile,0.200,4.399999999999966
2026-09-16,ARI incidence,2,2026-09-20,SI,quantile,0.250,72.30000000000007
2026-09-16,ARI incidence,2,2026-09-20,SI,quantile,0.300,125.87000000000006
2026-09-16,ARI incidence,2,2026-09-20,SI,quantile,0.350,176.46499999999992
2026-09-16,ARI incidence,2,2026-09-20,SI,quantile,0.400,222.9000000000001
2026-09-16,ARI incidence,2,2026-09-20,SI,quantile,0.450,268.70000000000005
2026-09-16,ARI incidence,2,2026-09-20,SI,quantile,0.500,311.8499999999999
2026-09-16,ARI incidence,2,2026-09-20,SI,quantile,0.550,348.845
2026-09-16,ARI incidence,2,2026-09-20,SI,quantile,0.600,395.89999999999986
2026-09-16,ARI incidence,2,2026-09-20,SI,quantile,0.650,442.90500000000014
2026-09-16,ARI incidence,2,2026-09-20,SI,quantile,0.700,494.7599999999998
2026-09-16,ARI incidence,2,2026-09-20,SI,quantile,0.750,549.4250000000001
2026-09-16,ARI incidence,2,2026-09-20,SI,quantile,0.800,619.4600000000004
2026-09-16,ARI incidence,2,2026-09-20,SI,quantile,0.850,701.015
2026-09-16,ARI incidence,2,2026-09-20,SI,quantile,0.900,826.6099999999999
2026-09-16,ARI incidence,2,2026-09-20,SI,quantile,0.950,1002.2149999999998
2026-09-16,ARI incidence,2,2026-09-20,SI,quantile,0.975,1161.4149999999995
2026-09-16,ARI incidence,2,2026-09-20,SI,quantile,0.990,1372.8020000000001
2026-09-16,ARI incidence,2,2026-09-20,SI,median,,311.8499999999999
2026-09-16,ARI incidence,3,2026-09-27,SI,quantile,0.010,0.0
2026-09-16,ARI incidence,3,2026-09-27,SI,quantile,0.025,0.0
2026-09-16,ARI incidence,3,2026-09-27,SI,quantile,0.050,0.0
2026-09-16,ARI incidence,3,2026-09-27,SI,quantile,0.100,0.0
2026-09-16,ARI incidence,3,2026-09-27,SI,quantile,0.150,0.0
2026-09-16,ARI incidence,3,2026-09-27,SI,quantile,0.200,0.0
2026-09-16,ARI incidence,3,2026-09-27,SI,quantile,0.250,0.0
2026-09-16,ARI incidence,3,2026-09-27,SI,quantile,0.300,72.99999999999994
2026-09-16,ARI incidence,3,2026-09-27,SI,quantile,0.350,138.36499999999987
2026-09-16,ARI incidence,3,2026-09-27,SI,quantile,0.400,196.52000000000027
2026-09-16,ARI incidence,3,2026-09-27,SI,quantile,0.450,257.5649999999999
2026-09-16,ARI incidence,3,2026-09-27,SI,quantile,0.500,315.19999999999993
2026-09-16,ARI incidence,3,2026-09-27,SI,quantile,0.550,373.645
2026-09-16,ARI incidence,3,2026-09-27,SI,quantile,0.600,431.37999999999977
2026-09-16,ARI incidence,3,2026-09-27,SI,quantile,0.650,492.09999999999997
2026-09-16,ARI incidence,3,2026-09-27,SI,quantile,0.700,554.33
2026-09-16,ARI incidence,3,2026-09-27,SI,quantile,0.750,629.1
2026-09-16,ARI incidence,3,2026-09-27,SI,quantile,0.800,708.8199999999999
2026-09-16,ARI incidence,3,2026-09-27,SI,quantile,0.850,807.5999999999999
2026-09-16,ARI incidence,3,2026-09-27,SI,quantile,0.900,945.7199999999999
2026-09-16,ARI incidence,3,2026-09-27,SI,quantile,0.950,1159.4349999999995
2026-09-16,ARI incidence,3,2026-09-27,SI,quantile,0.975,1345.5124999999996
2026-09-16,ARI incidence,3,2026-09-27,SI,quantile,0.990,1586.7030000000004
2026-09-16,ARI incidence,3,2026-09-27,SI,median,,315.19999999999993
2026-09-16,ARI incidence,4,2026-10-04,SI,quantile,0.010,0.0
2026-09-16,ARI incidence,4,2026-10-04,SI,quantile,0.025,0.0
2026-09-16,ARI incidence,4,2026-10-04,SI,quantile,0.050,0.0
2026-09-16,ARI incidence,4,2026-10-04,SI,quantile,0.100,0.0
2026-09-16,ARI incidence,4,2026-10-04,SI,quantile,0.150,0.0
2026-09-16,ARI incidence,4,2026-10-04,SI,quantile,0.200,0.0
2026-09-16,ARI incidence,4,2026-10-04,SI,quantile,0.250,0.0
2026-09-16,ARI incidence,4,2026-10-04,SI,quantile,0.300,23.800000000000324
2026-09-16,ARI incidence,4,2026-10-04,SI,quantile,0.350,104.20000000000005
2026-09-16,ARI incidence,4,2026-10-04,SI,quantile,0.400,173.89999999999986
2026-09-16,ARI incidence,4,2026-10-04,SI,quantile,0.450,241.35500000000005
2026-09-16,ARI incidence,4,2026-10-04,SI,quantile,0.500,313.4
2026-09-16,ARI incidence,4,2026-10-04,SI,quantile,0.550,383.2900000000002
2026-09-16,ARI incidence,4,2026-10-04,SI,quantile,0.600,450.03999999999996
2026-09-16,ARI incidence,4,2026-10-04,SI,quantile,0.650,518.6050000000001
2026-09-16,ARI incidence,4,2026-10-04,SI,quantile,0.700,590.2199999999998
2026-09-16,ARI incidence,4,2026-10-04,SI,quantile,0.750,682.2
2026-09-16,ARI incidence,4,2026-10-04,SI,quantile,0.800,779.6400000000001
2026-09-16,ARI incidence,4,2026-10-04,SI,quantile,0.850,897.3199999999996
2026-09-16,ARI incidence,4,2026-10-04,SI,quantile,0.900,1052.6300000000008
2026-09-16,ARI incidence,4,2026-10-04,SI,quantile,0.950,1293.4499999999994
2026-09-16,ARI incidence,4,2026-10-04,SI,quantile,0.975,1542.6299999999999
2026-09-16,ARI incidence,4,2026-10-04,SI,quantile,0.990,1798.5090000000002
2026-09-16,ARI incidence,4,2026-10-04,SI,median,,313.4
2026-09-16,ARI incidence,1,2026-09-13,ES,quantile,0.010,72.30000000000001
2026-09-16,ARI incidence,1,2026-09-13,ES,quantile,0.025,137.39999999999998
2026-09-16,ARI incidence,1,2026-09-13,ES,quantile,0.050,168.10000000000002
2026-09-16,ARI incidence,1,2026-09-13,ES,quantile,0.100,204.7
2026-09-16,ARI incidence,1,2026-09-13,ES,quantile,0.150,222.50000000000006
2026-09-16,ARI incidence,1,2026-09-13,ES,quantile,0.200,229.59999999999997
2026-09-16,ARI incidence,1,2026-09-13,ES,quantile,0.250,237.20000000000005
2026-09-16,ARI incidence,1,2026-09-13,ES,quantile,0.300,244.60000000000002
2026-09-16,ARI incidence,1,2026-09-13,ES,quantile,0.350,249.2
2026-09-16,ARI incidence,1,2026-09-13,ES,quantile,0.400,254.10000000000002
2026-09-16,ARI incidence,1,2026-09-13,ES,quantile,0.450,259.9
2026-09-16,ARI incidence,1,2026-09-13,ES,quantile,0.500,264.40000000000003
2026-09-16,ARI incidence,1,2026-09-13,ES,quantile,0.550,268.8
2026-09-16,ARI incidence,1,2026-09-13,ES,quantile,0.600,274.1
2026-09-16,ARI incidence,1,2026-09-13,ES,quantile,0.650,280.1
2026-09-16,ARI incidence,1,2026-09-13,ES,quantile,0.700,284.90000000000003
2026-09-16,ARI incidence,1,2026-09-13,ES,quantile,0.750,291.7
2026-09-16,ARI incidence,1,2026-09-13,ES,quantile,0.800,299.3
2026-09-16,ARI incidence,1,2026-09-13,ES,quantile,0.850,307.09999999999997
2026-09-16,ARI incidence,1,2026-09-13,ES,quantile,0.900,331.1000000000001
2026-09-16,ARI incidence,1,2026-09-13,ES,quantile,0.950,366.40000000000003
2026-09-16,ARI incidence,1,2026-09-13,ES,quantile,0.975,401.50000000000006
2026-09-16,ARI incidence,1,2026-09-13,ES,quantile,0.990,478.8999999999999
2026-09-16,ARI incidence,1,2026-09-13,ES,median,,264.40000000000003
2026-09-16,ARI incidence,2,2026-09-20,ES,quantile,0.010,10.887000000000103
2026-09-16,ARI incidence,2,2026-09-20,ES,quantile,0.025,85.98250000000002
2026-09-16,ARI incidence,2,2026-09-20,ES,quantile,0.050,126.79500000000002
2026-09-16,ARI incidence,2,2026-09-20,ES,quantile,0.100,163.88000000000005
2026-09-16,ARI incidence,2,2026-09-20,ES,quantile,0.150,190.20000000000002
2026-09-16,ARI incidence,2,2026-09-20,ES,quantile,0.200,207.78
2026-09-16,ARI incidence,2,2026-09-20,ES,quantile,0.250,221.675
2026-09-16,ARI incidence,2,2026-09-20,ES,quantile,0.300,231.67
2026-09-16,ARI incidence,2,2026-09-20,ES,quantile,0.350,241.1
2026-09-16,ARI incidence,2,2026-09-20,ES,quantile,0.400,249.0
2026-09-16,ARI incidence,2,2026-09-20,ES,quantile,0.450,256.79999999999995
2026-09-16,ARI incidence,2,2026-09-20,ES,quantile,0.500,264.5
2026-09-16,ARI incidence,2,2026-09-20,ES,quantile,0.550,271.59999999999997
2026-09-16,ARI incidence,2,2026-09-20,ES,quantile,0.600,279.3
2026-09-16,ARI incidence,2,2026-09-20,ES,quantile,0.650,287.4
2026-09-16,ARI incidence,2,2026-09-20,ES,quantile,0.700,296.90000000000003
2026-09-16,ARI incidence,2,2026-09-20,ES,quantile,0.750,308.0
2026-09-16,ARI incidence,2,2026-09-20,ES,quantile,0.800,321.69999999999993
2026-09-16,ARI incidence,2,2026-09-20,ES,quantile,0.850,339.2299999999999
2026-09-16,ARI incidence,2,2026-09-20,ES,quantile,0.900,365.79999999999995
2026-09-16,ARI incidence,2,2026-09-20,ES,quantile,0.950,411.43499999999955
2026-09-16,ARI incidence,2,2026-09-20,ES,quantile,0.975,467.80500000000006
2026-09-16,ARI incidence,2,2026-09-20,ES,quantile,0.990,530.5050000000001
2026-09-16,ARI incidence,2,2026-09-20,ES,median,,264.5
2026-09-16,ARI incidence,3,2026-09-27,ES,quantile,0.010,0.0
2026-09-16,ARI incidence,3,2026-09-27,ES,quantile,0.025,40.185
2026-09-16,ARI incidence,3,2026-09-27,ES,quantile,0.050,88.29500000000002
2026-09-16,ARI incidence,3,2026-09-27,ES,quantile,0.100,140.2
2026-09-16,ARI incidence,3,2026-09-27,ES,quantile,0.150,168.70000000000002
2026-09-16,ARI incidence,3,2026-09-27,ES,quantile,0.200,188.50000000000003
2026-09-16,ARI incidence,3,2026-09-27,ES,quantile,0.250,205.70000000000007
2026-09-16,ARI incidence,3,2026-09-27,ES,quantile,0.300,219.57000000000002
2026-09-16,ARI incidence,3,2026-09-27,ES,quantile,0.350,232.49999999999997
2026-09-16,ARI incidence,3,2026-09-27,ES,quantile,0.400,243.10000000000002
2026-09-16,ARI incidence,3,2026-09-27,ES,quantile,0.450,253.5
2026-09-16,ARI incidence,3,2026-09-27,ES,quantile,0.500,264.3
2026-09-16,ARI incidence,3,2026-09-27,ES,quantile,0.550,275.20000000000005
2026-09-16,ARI incidence,3,2026-09-27,ES,quantile,0.600,286.14
2026-09-16,ARI incidence,3,2026-09-27,ES,quantile,0.650,297.4
2026-09-16,ARI incidence,3,2026-09-27,ES,quantile,0.700,311.19999999999993
2026-09-16,ARI incidence,3,2026-09-27,ES,quantile,0.750,324.4
2026-09-16,ARI incidence,3,2026-09-27,ES,quantile,0.800,340.2200000000001
2026-09-16,ARI incidence,3,2026-09-27,ES,quantile,0.850,360.59999999999997
2026-09-16,ARI incidence,3,2026-09-27,ES,quantile,0.900,393.3100000000001
2026-09-16,ARI incidence,3,2026-09-27,ES,quantile,0.950,444.0099999999999
2026-09-16,ARI incidence,3,2026-09-27,ES,quantile,0.975,501.80749999999995
2026-09-16,ARI incidence,3,2026-09-27,ES,quantile,0.990,562.2050000000002
2026-09-16,ARI incidence,3,2026-09-27,ES,median,,264.3
2026-09-16,ARI incidence,4,2026-10-04,ES,quantile,0.010,0.0
2026-09-16,ARI incidence,4,2026-10-04,ES,quantile,0.025,9.29499999999999
2026-09-16,ARI incidence,4,2026-10-04,ES,quantile,0.050,61.49500000000006
2026-09-16,ARI incidence,4,2026-10-04,ES,quantile,0.100,115.90000000000003
2026-09-16,ARI incidence,4,2026-10-04,ES,quantile,0.150,147.78499999999997
2026-09-16,ARI incidence,4,2026-10-04,ES,quantile,0.200,173.14
2026-09-16,ARI incidence,4,2026-10-04,ES,quantile,0.250,192.7
2026-09-16,ARI incidence,4,2026-10-04,ES,quantile,0.300,209.26999999999998
2026-09-16,ARI incidence,4,2026-10-04,ES,quantile,0.350,223.66499999999996
2026-09-16,ARI incidence,4,2026-10-04,ES,quantile,0.400,237.70000000000005
2026-09-16,ARI incidence,4,2026-10-04,ES,quantile,0.450,250.35500000000005
2026-09-16,ARI incidence,4,2026-10-04,ES,quantile,0.500,263.29999999999995
2026-09-16,ARI incidence,4,2026-10-04,ES,quantile,0.550,275.8999999999999
2026-09-16,ARI incidence,4,2026-10-04,ES,quantile,0.600,290.0
2026-09-16,ARI incidence,4,2026-10-04,ES,quantile,0.650,303.63500000000005
2026-09-16,ARI incidence,4,2026-10-04,ES,quantile,0.700,318.5
2026-09-16,ARI incidence,4,2026-10-04,ES,quantile,0.750,335.7
2026-09-16,ARI incidence,4,2026-10-04,ES,quantile,0.800,356.2
2026-09-16,ARI incidence,4,2026-10-04,ES,quantile,0.850,380.90000000000003
2026-09-16,ARI incidence,4,2026-10-04,ES,quantile,0.900,414.71
2026-09-16,ARI incidence,4,2026-10-04,ES,quantile,0.950,469.9
2026-09-16,ARI incidence,4,2026-10-04,ES,quantile,0.975,523.2299999999996
2026-09-16,ARI incidence,4,2026-10-04,ES,quantile,0.990,593.404
2026-09-16,ARI incidence,4,2026-10-04,ES,median,,263.29999999999995
2026-09-16,ARI incidence,1,2026-09-13,GB-ENG,quantile,0.010,0.0
2026-09-16,ARI incidence,1,2026-09-13,GB-ENG,quantile,0.025,0.0
2026-09-16,ARI incidence,1,2026-09-13,GB-ENG,quantile,0.050,14.577815253048922
2026-09-16,ARI incidence,1,2026-09-13,GB-ENG,quantile,0.100,49.923385157934256
2026-09-16,ARI incidence,1,2026-09-13,GB-ENG,quantile,0.150,69.37727930520246
2026-09-16,ARI incidence,1,2026-09-13,GB-ENG,quantile,0.200,84.91447703165817
2026-09-16,ARI incidence,1,2026-09-13,GB-ENG,quantile,0.250,99.96395833873896
2026-09-16,ARI incidence,1,2026-09-13,GB-ENG,quantile,0.300,112.09152506356939
2026-09-16,ARI incidence,1,2026-09-13,GB-ENG,quantile,0.350,122.78044951065931
2026-09-16,ARI incidence,1,2026-09-13,GB-ENG,quantile,0.400,133.1888611471258
2026-09-16,ARI incidence,1,2026-09-13,GB-ENG,quantile,0.450,143.40490805871133
2026-09-16,ARI incidence,1,2026-09-13,GB-ENG,quantile,0.500,152.43912868931616
2026-09-16,ARI incidence,1,2026-09-13,GB-ENG,quantile,0.550,161.40508557359374
2026-09-16,ARI incidence,1,2026-09-13,GB-ENG,quantile,0.600,170.386897601922
2026-09-16,ARI incidence,1,2026-09-13,GB-ENG,quantile,0.650,180.68758654735416
2026-09-16,ARI incidence,1,2026-09-13,GB-ENG,quantile,0.700,191.37586869705555
2026-09-16,ARI incidence,1,2026-09-13,GB-ENG,quantile,0.750,203.87478387035412
2026-09-16,ARI incidence,1,2026-09-13,GB-ENG,quantile,0.800,217.49649211545042
2026-09-16,ARI incidence,1,2026-09-13,GB-ENG,quantile,0.850,233.38931885410116
2026-09-16,ARI incidence,1,2026-09-13,GB-ENG,quantile,0.900,256.49400777735167
2026-09-16,ARI incidence,1,2026-09-13,GB-ENG,quantile,0.950,292.619352174659
2026-09-16,ARI incidence,1,2026-09-13,GB-ENG,quantile,0.975,321.5438307562825
2026-09-16,ARI incidence,1,2026-09-13,GB-ENG,quantile,0.990,353.789380063436
2026-09-16,ARI incidence,1,2026-09-13,GB-ENG,median,,152.43912868931616
2026-09-16,ARI incidence,2,2026-09-20,GB-ENG,quantile,0.010,0.0
2026-09-16,ARI incidence,2,2026-09-20,GB-ENG,quantile,0.025,0.0
2026-09-16,ARI incidence,2,2026-09-20,GB-ENG,quantile,0.050,0.0
2026-09-16,ARI incidence,2,2026-09-20,GB-ENG,quantile,0.100,37.46072356565129
2026-09-16,ARI incidence,2,2026-09-20,GB-ENG,quantile,0.150,60.89275460702988
2026-09-16,ARI incidence,2,2026-09-20,GB-ENG,quantile,0.200,77.49866678155027
2026-09-16,ARI incidence,2,2026-09-20,GB-ENG,quantile,0.250,93.63876309041865
2026-09-16,ARI incidence,2,2026-09-20,GB-ENG,quantile,0.300,106.96079736424122
2026-09-16,ARI incidence,2,2026-09-20,GB-ENG,quantile,0.350,119.363144369073
2026-09-16,ARI incidence,2,2026-09-20,GB-ENG,quantile,0.400,130.86333083982365
2026-09-16,ARI incidence,2,2026-09-20,GB-ENG,quantile,0.450,141.70152572604223
2026-09-16,ARI incidence,2,2026-09-20,GB-ENG,quantile,0.500,152.6180250845316
2026-09-16,ARI incidence,2,2026-09-20,GB-ENG,quantile,0.550,162.83696435347886
2026-09-16,ARI incidence,2,2026-09-20,GB-ENG,quantile,0.600,173.36140140720903
2026-09-16,ARI incidence,2,2026-09-20,GB-ENG,quantile,0.650,184.28230834413765
2026-09-16,ARI incidence,2,2026-09-20,GB-ENG,quantile,0.700,196.27612515085167
2026-09-16,ARI incidence,2,2026-09-20,GB-ENG,quantile,0.750,210.6979023198578
2026-09-16,ARI incidence,2,2026-09-20,GB-ENG,quantile,0.800,225.4293477874547
2026-09-16,ARI incidence,2,2026-09-20,GB-ENG,quantile,0.850,244.73872628256635
2026-09-16,ARI incidence,2,2026-09-20,GB-ENG,quantile,0.900,267.31571083976905
2026-09-16,ARI incidence,2,2026-09-20,GB-ENG,quantile,0.950,303.11007209560745
2026-09-16,ARI incidence,2,2026-09-20,GB-ENG,quantile,0.975,334.6385917652475
2026-09-16,ARI incidence,2,2026-09-20,GB-ENG,quantile,0.990,372.55970564010164
2026-09-16,ARI incidence,2,2026-09-20,GB-ENG,median,,152.6180250845316
2026-09-16,ARI incidence,3,2026-09-27,GB-ENG,quantile,0.010,0.0
2026-09-16,ARI incidence,3,2026-09-27,GB-ENG,quantile,0.025,0.0
2026-09-16,ARI incidence,3,2026-09-27,GB-ENG,quantile,0.050,0.0
2026-09-16,ARI incidence,3,2026-09-27,GB-ENG,quantile,0.100,28.977989614532866
2026-09-16,ARI incidence,3,2026-09-27,GB-ENG,quantile,0.150,53.62971350322247
2026-09-16,ARI incidence,3,2026-09-27,GB-ENG,quantile,0.200,72.93456526183468
2026-09-16,ARI incidence,3,2026-09-27,GB-ENG,quantile,0.250,88.79941104251529
2026-09-16,ARI incidence,3,2026-09-27,GB-ENG,quantile,0.300,103.37597498864481
2026-09-16,ARI incidence,3,2026-09-27,GB-ENG,quantile,0.350,116.29632325723784
2026-09-16,ARI incidence,3,2026-09-27,GB-ENG,quantile,0.400,128.31886432029066
2026-09-16,ARI incidence,3,2026-09-27,GB-ENG,quantile,0.450,140.11616272651094
2026-09-16,ARI incidence,3,2026-09-27,GB-ENG,quantile,0.500,151.2554927984865
2026-09-16,ARI incidence,3,2026-09-27,GB-ENG,quantile,0.550,162.71147385286838
2026-09-16,ARI incidence,3,2026-09-27,GB-ENG,quantile,0.600,174.85103243844662
2026-09-16,ARI incidence,3,2026-09-27,GB-ENG,quantile,0.650,186.99546898840842
2026-09-16,ARI incidence,3,2026-09-27,GB-ENG,quantile,0.700,199.6479638836291
2026-09-16,ARI incidence,3,2026-09-27,GB-ENG,quantile,0.750,214.90949220051473
2026-09-16,ARI incidence,3,2026-09-27,GB-ENG,quantile,0.800,231.03365562609747
2026-09-16,ARI incidence,3,2026-09-27,GB-ENG,quantile,0.850,250.77699071051467
2026-09-16,ARI incidence,3,2026-09-27,GB-ENG,quantile,0.900,276.05250552309406
2026-09-16,ARI incidence,3,2026-09-27,GB-ENG,quantile,0.950,314.5432137843133
2026-09-16,ARI incidence,3,2026-09-27,GB-ENG,quantile,0.975,349.9491381903702
2026-09-16,ARI incidence,3,2026-09-27,GB-ENG,quantile,0.990,390.2173261354832
2026-09-16,ARI incidence,3,2026-09-27,GB-ENG,median,,151.2554927984865
2026-09-16,ARI incidence,4,2026-10-04,GB-ENG,quantile,0.010,0.0
2026-09-16,ARI incidence,4,2026-10-04,GB-ENG,quantile,0.025,0.0
2026-09-16,ARI incidence,4,2026-10-04,GB-ENG,quantile,0.050,0.0
2026-09-16,ARI incidence,4,2026-10-04,GB-ENG,quantile,0.100,19.849386178374868
2026-09-16,ARI incidence,4,2026-10-04,GB-ENG,quantile,0.150,47.14579672353698
2026-09-16,ARI incidence,4,2026-10-04,GB-ENG,quantile,0.200,67.2351632314783
2026-09-16,ARI incidence,4,2026-10-04,GB-ENG,quantile,0.250,84.13944600501151
2026-09-16,ARI incidence,4,2026-10-04,GB-ENG,quantile,0.300,99.38739747305776
2026-09-16,ARI incidence,4,2026-10-04,GB-ENG,quantile,0.350,113.68228367551842
2026-09-16,ARI incidence,4,2026-10-04,GB-ENG,quantile,0.400,127.50698842423303
2026-09-16,ARI incidence,4,2026-10-04,GB-ENG,quantile,0.450,139.97287782437513
2026-09-16,ARI incidence,4,2026-10-04,GB-ENG,quantile,0.500,152.54315402257654
2026-09-16,ARI incidence,4,2026-10-04,GB-ENG,quantile,0.550,164.30485902704433
2026-09-16,ARI incidence,4,2026-10-04,GB-ENG,quantile,0.600,176.508112859813
2026-09-16,ARI incidence,4,2026-10-04,GB-ENG,quantile,0.650,189.77090007189412
2026-09-16,ARI incidence,4,2026-10-04,GB-ENG,quantile,0.700,204.13510282139777
2026-09-16,ARI incidence,4,2026-10-04,GB-ENG,quantile,0.750,220.60329928924278
2026-09-16,ARI incidence,4,2026-10-04,GB-ENG,quantile,0.800,237.58351072889434
2026-09-16,ARI incidence,4,2026-10-04,GB-ENG,quantile,0.850,258.451099842255
2026-09-16,ARI incidence,4,2026-10-04,GB-ENG,quantile,0.900,284.85377875948456
2026-09-16,ARI incidence,4,2026-10-04,GB-ENG,quantile,0.950,324.27022430276645
2026-09-16,ARI incidence,4,2026-10-04,GB-ENG,quantile,0.975,358.9097775501599
2026-09-16,ARI incidence,4,2026-10-04,GB-ENG,quantile,0.990,402.43387393505884
2026-09-16,ARI incidence,4,2026-10-04,GB-ENG,median,,152.54315402257654
2026-09-16,ARI incidence,1,2026-09-13,GB-WLS,quantile,0.010,0.0
2026-09-16,ARI incidence,1,2026-09-13,GB-WLS,quantile,0.025,0.0
2026-09-16,ARI incidence,1,2026-09-13,GB-WLS,quantile,0.050,11.199392721002852
2026-09-16,ARI incidence,1,2026-09-13,GB-WLS,quantile,0.100,44.34274383552783
2026-09-16,ARI incidence,1,2026-09-13,GB-WLS,quantile,0.150,60.12511323443415
2026-09-16,ARI incidence,1,2026-09-13,GB-WLS,quantile,0.200,68.41298156997428
2026-09-16,ARI incidence,1,2026-09-13,GB-WLS,quantile,0.250,71.5910870456746
2026-09-16,ARI incidence,1,2026-09-13,GB-WLS,quantile,0.300,76.84763814787507
2026-09-16,ARI incidence,1,2026-09-13,GB-WLS,quantile,0.350,80.19634122066813
2026-09-16,ARI incidence,1,2026-09-13,GB-WLS,quantile,0.400,85.24390211306353
2026-09-16,ARI incidence,1,2026-09-13,GB-WLS,quantile,0.450,89.70780297251675
2026-09-16,ARI incidence,1,2026-09-13,GB-WLS,quantile,0.500,93.8103320937585
2026-09-16,ARI incidence,1,2026-09-13,GB-WLS,quantile,0.550,97.45366845206684
2026-09-16,ARI incidence,1,2026-09-13,GB-WLS,quantile,0.600,102.37676207445348
2026-09-16,ARI incidence,1,2026-09-13,GB-WLS,quantile,0.650,106.93534551844027
2026-09-16,ARI incidence,1,2026-09-13,GB-WLS,quantile,0.700,110.77010927807972
2026-09-16,ARI incidence,1,2026-09-13,GB-WLS,quantile,0.750,116.02957714184241
2026-09-16,ARI incidence,1,2026-09-13,GB-WLS,quantile,0.800,119.38877046002524
2026-09-16,ARI incidence,1,2026-09-13,GB-WLS,quantile,0.850,127.49555095308286
2026-09-16,ARI incidence,1,2026-09-13,GB-WLS,quantile,0.900,143.27792035198917
2026-09-16,ARI incidence,1,2026-09-13,GB-WLS,quantile,0.950,177.7793182666071
2026-09-16,ARI incidence,1,2026-09-13,GB-WLS,quantile,0.975,197.14580804194378
2026-09-16,ARI incidence,1,2026-09-13,GB-WLS,quantile,0.990,232.4814653520042
2026-09-16,ARI incidence,1,2026-09-13,GB-WLS,median,,93.8103320937585
2026-09-16,ARI incidence,2,2026-09-20,GB-WLS,quantile,0.010,0.0
2026-09-16,ARI incidence,2,2026-09-20,GB-WLS,quantile,0.025,0.0
2026-09-16,ARI incidence,2,2026-09-20,GB-WLS,quantile,0.050,0.0
2026-09-16,ARI incidence,2,2026-09-20,GB-WLS,quantile,0.100,11.74028504041555
2026-09-16,ARI incidence,2,2026-09-20,GB-WLS,quantile,0.150,32.61125620817316
2026-09-16,ARI incidence,2,2026-09-20,GB-WLS,quantile,0.200,46.94262198925884
2026-09-16,ARI incidence,2,2026-09-20,GB-WLS,quantile,0.250,57.26879716450098
2026-09-16,ARI incidence,2,2026-09-20,GB-WLS,quantile,0.300,65.77071781512849
2026-09-16,ARI incidence,2,2026-09-20,GB-WLS,quantile,0.350,72.71346496137951
2026-09-16,ARI incidence,2,2026-09-20,GB-WLS,quantile,0.400,79.62991730262256
2026-09-16,ARI incidence,2,2026-09-20,GB-WLS,quantile,0.450,86.75331036795383
2026-09-16,ARI incidence,2,2026-09-20,GB-WLS,quantile,0.500,93.8103320937585
2026-09-16,ARI incidence,2,2026-09-20,GB-WLS,quantile,0.550,100.2479152115063
2026-09-16,ARI incidence,2,2026-09-20,GB-WLS,quantile,0.600,106.36527096213302
2026-09-16,ARI incidence,2,2026-09-20,GB-WLS,quantile,0.650,113.29446802861754
2026-09-16,ARI incidence,2,2026-09-20,GB-WLS,quantile,0.700,121.53575799416626
2026-09-16,ARI incidence,2,2026-09-20,GB-WLS,quantile,0.750,130.87327520547962
2026-09-16,ARI incidence,2,2026-09-20,GB-WLS,quantile,0.800,140.686583722696
2026-09-16,ARI incidence,2,2026-09-20,GB-WLS,quantile,0.850,154.9798425765867
2026-09-16,ARI incidence,2,2026-09-20,GB-WLS,quantile,0.900,176.5311230771989
2026-09-16,ARI incidence,2,2026-09-20,GB-WLS,quantile,0.950,206.29608329487013
2026-09-16,ARI incidence,2,2026-09-20,GB-WLS,quantile,0.975,231.78085407955803
2026-09-16,ARI incidence,2,2026-09-20,GB-WLS,quantile,0.990,278.3028546902898
2026-09-16,ARI incidence,2,2026-09-20,GB-WLS,median,,93.8103320937585
2026-09-16,ARI incidence,3,2026-09-27,GB-WLS,quantile,0.010,0.0
2026-09-16,ARI incidence,3,2026-09-27,GB-WLS,quantile,0.025,0.0
2026-09-16,ARI incidence,3,2026-09-27,GB-WLS,quantile,0.050,0.0
2026-09-16,ARI incidence,3,2026-09-27,GB-WLS,quantile,0.100,0.0
2026-09-16,ARI incidence,3,2026-09-27,GB-WLS,quantile,0.150,16.590196642818757
2026-09-16,ARI incidence,3,2026-09-27,GB-WLS,quantile,0.200,32.23472983527055
2026-09-16,ARI incidence,3,2026-09-27,GB-WLS,quantile,0.250,44.65660854953509
2026-09-16,ARI incidence,3,2026-09-27,GB-WLS,quantile,0.300,56.233673371675486
2026-09-16,ARI incidence,3,2026-09-27,GB-WLS,quantile,0.350,66.36351663338577
2026-09-16,ARI incidence,3,2026-09-27,GB-WLS,quantile,0.400,75.9681760978967
2026-09-16,ARI incidence,3,2026-09-27,GB-WLS,quantile,0.450,84.90907935683651
2026-09-16,ARI incidence,3,2026-09-27,GB-WLS,quantile,0.500,93.08715453614973
2026-09-16,ARI incidence,3,2026-09-27,GB-WLS,quantile,0.550,102.3550478148121
2026-09-16,ARI incidence,3,2026-09-27,GB-WLS,quantile,0.600,110.88330860522305
2026-09-16,ARI incidence,3,2026-09-27,GB-WLS,quantile,0.650,119.39164650129644
2026-09-16,ARI incidence,3,2026-09-27,GB-WLS,quantile,0.700,129.97098317160732
2026-09-16,ARI incidence,3,2026-09-27,GB-WLS,quantile,0.750,141.76130490644968
2026-09-16,ARI incidence,3,2026-09-27,GB-WLS,quantile,0.800,155.2610998068965
2026-09-16,ARI incidence,3,2026-09-27,GB-WLS,quantile,0.850,173.1244733664115
2026-09-16,ARI incidence,3,2026-09-27,GB-WLS,quantile,0.900,195.5104431229377
2026-09-16,ARI incidence,3,2026-09-27,GB-WLS,quantile,0.950,231.55207603431316
2026-09-16,ARI incidence,3,2026-09-27,GB-WLS,quantile,0.975,265.87681183100915
2026-09-16,ARI incidence,3,2026-09-27,GB-WLS,quantile,0.990,308.08609863915063
2026-09-16,ARI incidence,3,2026-09-27,GB-WLS,median,,93.08715453614973
2026-09-16,ARI incidence,4,2026-10-04,GB-WLS,quantile,0.010,0.0
2026-09-16,ARI incidence,4,2026-10-04,GB-WLS,quantile,0.025,0.0
2026-09-16,ARI incidence,4,2026-10-04,GB-WLS,quantile,0.050,0.0
2026-09-16,ARI incidence,4,2026-10-04,GB-WLS,quantile,0.100,0.0
2026-09-16,ARI incidence,4,2026-10-04,GB-WLS,quantile,0.150,1.4996363994677337
2026-09-16,ARI incidence,4,2026-10-04,GB-WLS,quantile,0.200,19.258494481884142
2026-09-16,ARI incidence,4,2026-10-04,GB-WLS,quantile,0.250,35.115740706776165
2026-09-16,ARI incidence,4,2026-10-04,GB-WLS,quantile,0.300,47.99938079598982
2026-09-16,ARI incidence,4,2026-10-04,GB-WLS,quantile,0.350,61.155168107882254
2026-09-16,ARI incidence,4,2026-10-04,GB-WLS,quantile,0.400,72.416935727797
2026-09-16,ARI incidence,4,2026-10-04,GB-WLS,quantile,0.450,83.47587777926104
2026-09-16,ARI incidence,4,2026-10-04,GB-WLS,quantile,0.500,94.25342787377527
2026-09-16,ARI incidence,4,2026-10-04,GB-WLS,quantile,0.550,104.46971904427268
2026-09-16,ARI incidence,4,2026-10-04,GB-WLS,quantile,0.600,116.27216971209891
2026-09-16,ARI incidence,4,2026-10-04,GB-WLS,quantile,0.650,127.0364678932361
2026-09-16,ARI incidence,4,2026-10-04,GB-WLS,quantile,0.700,138.76091661046016
2026-09-16,ARI incidence,4,2026-10-04,GB-WLS,quantile,0.750,152.0837564452741
2026-09-16,ARI incidence,4,2026-10-04,GB-WLS,quantile,0.800,167.43852548528227
2026-09-16,ARI incidence,4,2026-10-04,GB-WLS,quantile,0.850,186.48183726439387
2026-09-16,ARI incidence,4,2026-10-04,GB-WLS,quantile,0.900,211.70708618347035
2026-09-16,ARI incidence,4,2026-10-04,GB-WLS,quantile,0.950,249.68038916844563
2026-09-16,ARI incidence,4,2026-10-04,GB-WLS,quantile,0.975,283.51866584820516
2026-09-16,ARI incidence,4,2026-10-04,GB-WLS,quantile,0.990,328.1013484403391
2026-09-16,ARI incidence,4,2026-10-04,GB-WLS,median,,94.25342787377527
2026-09-16,ARI incidence,1,2026-09-13,GB-NIR,quantile,0.010,18.07237121466466
2026-09-16,ARI incidence,1,2026-09-13,GB-NIR,quantile,0.025,35.12156959347187
2026-09-16,ARI incidence,1,2026-09-13,GB-NIR,quantile,0.050,50.681065272001284
2026-09-16,ARI incidence,1,2026-09-13,GB-NIR,quantile,0.100,70.48410870657447
2026-09-16,ARI incidence,1,2026-09-13,GB-NIR,quantile,0.150,82.06396828001895
2026-09-16,ARI incidence,1,2026-09-13,GB-NIR,quantile,0.200,91.17505808841123
2026-09-16,ARI incidence,1,2026-09-13,GB-NIR,quantile,0.250,98.06175782363138
2026-09-16,ARI incidence,1,2026-09-13,GB-NIR,quantile,0.300,104.47234560428424
2026-09-16,ARI incidence,1,2026-09-13,GB-NIR,quantile,0.350,109.70676295723196
2026-09-16,ARI incidence,1,2026-09-13,GB-NIR,quantile,0.400,115.20175523221592
2026-09-16,ARI incidence,1,2026-09-13,GB-NIR,quantile,0.450,120.24463694929274
2026-09-16,ARI incidence,1,2026-09-13,GB-NIR,quantile,0.500,125.73392487369424
2026-09-16,ARI incidence,1,2026-09-13,GB-NIR,quantile,0.550,130.53821162425382
2026-09-16,ARI incidence,1,2026-09-13,GB-NIR,quantile,0.600,135.58634393289296
2026-09-16,ARI incidence,1,2026-09-13,GB-NIR,quantile,0.650,140.95988903830374
2026-09-16,ARI incidence,1,2026-09-13,GB-NIR,quantile,0.700,146.49626933758242
2026-09-16,ARI incidence,1,2026-09-13,GB-NIR,quantile,0.750,152.73340076385816
2026-09-16,ARI incidence,1,2026-09-13,GB-NIR,quantile,0.800,160.219966890893
2026-09-16,ARI incidence,1,2026-09-13,GB-NIR,quantile,0.850,168.66750374621645
2026-09-16,ARI incidence,1,2026-09-13,GB-NIR,quantile,0.900,181.42945058404885
2026-09-16,ARI incidence,1,2026-09-13,GB-NIR,quantile,0.950,199.7480855456132
2026-09-16,ARI incidence,1,2026-09-13,GB-NIR,quantile,0.975,215.7981616062346
2026-09-16,ARI incidence,1,2026-09-13,GB-NIR,quantile,0.990,238.6869025690857
2026-09-16,ARI incidence,1,2026-09-13,GB-NIR,median,,125.73392487369424
2026-09-16,ARI incidence,2,2026-09-20,GB-NIR,quantile,0.010,0.0
2026-09-16,ARI incidence,2,2026-09-20,GB-NIR,quantile,0.025,20.94788925973802
2026-09-16,ARI incidence,2,2026-09-20,GB-NIR,quantile,0.050,40.12431958143963
2026-09-16,ARI incidence,2,2026-09-20,GB-NIR,quantile,0.100,60.147418768425354
2026-09-16,ARI incidence,2,2026-09-20,GB-NIR,quantile,0.150,73.45336945114883
2026-09-16,ARI incidence,2,2026-09-20,GB-NIR,quantile,0.200,84.63538483014571
2026-09-16,ARI incidence,2,2026-09-20,GB-NIR,quantile,0.250,93.39380093505079
2026-09-16,ARI incidence,2,2026-09-20,GB-NIR,quantile,0.300,100.38511966254987
2026-09-16,ARI incidence,2,2026-09-20,GB-NIR,quantile,0.350,106.80000056739874
2026-09-16,ARI incidence,2,2026-09-20,GB-NIR,quantile,0.400,113.19741242732597
2026-09-16,ARI incidence,2,2026-09-20,GB-NIR,quantile,0.450,119.20117454814188
2026-09-16,ARI incidence,2,2026-09-20,GB-NIR,quantile,0.500,125.3318863976323
2026-09-16,ARI incidence,2,2026-09-20,GB-NIR,quantile,0.550,131.2897914224394
2026-09-16,ARI incidence,2,2026-09-20,GB-NIR,quantile,0.600,137.40835366855396
2026-09-16,ARI incidence,2,2026-09-20,GB-NIR,quantile,0.650,143.48876859454725
2026-09-16,ARI incidence,2,2026-09-20,GB-NIR,quantile,0.700,150.70717317532862
2026-09-16,ARI incidence,2,2026-09-20,GB-NIR,quantile,0.750,158.37395354777817
2026-09-16,ARI incidence,2,2026-09-20,GB-NIR,quantile,0.800,166.59810363254277
2026-09-16,ARI incidence,2,2026-09-20,GB-NIR,quantile,0.850,176.62372639835445
2026-09-16,ARI incidence,2,2026-09-20,GB-NIR,quantile,0.900,189.86052074740877
2026-09-16,ARI incidence,2,2026-09-20,GB-NIR,quantile,0.950,211.5189871096671
2026-09-16,ARI incidence,2,2026-09-20,GB-NIR,quantile,0.975,231.03285823631745
2026-09-16,ARI incidence,2,2026-09-20,GB-NIR,quantile,0.990,251.87994225563003
2026-09-16,ARI incidence,2,2026-09-20,GB-NIR,median,,125.3318863976323
2026-09-16,ARI incidence,3,2026-09-27,GB-NIR,quantile,0.010,0.0
2026-09-16,ARI incidence,3,2026-09-27,GB-NIR,quantile,0.025,9.380469824357705
2026-09-16,ARI incidence,3,2026-09-27,GB-NIR,quantile,0.050,29.19266963607804
2026-09-16,ARI incidence,3,2026-09-27,GB-NIR,quantile,0.100,52.106422994195604
2026-09-16,ARI incidence,3,2026-09-27,GB-NIR,quantile,0.150,66.07332855772336
2026-09-16,ARI incidence,3,2026-09-27,GB-NIR,quantile,0.200,78.52798457349256
2026-09-16,ARI incidence,3,2026-09-27,GB-NIR,quantile,0.250,88.4763710325524
2026-09-16,ARI incidence,3,2026-09-27,GB-NIR,quantile,0.300,96.998451559152
2026-09-16,ARI incidence,3,2026-09-27,GB-NIR,quantile,0.350,104.22342717950325
2026-09-16,ARI incidence,3,2026-09-27,GB-NIR,quantile,0.400,111.66408588934252
2026-09-16,ARI incidence,3,2026-09-27,GB-NIR,quantile,0.450,117.98000590579838
2026-09-16,ARI incidence,3,2026-09-27,GB-NIR,quantile,0.500,125.07604817770724
2026-09-16,ARI incidence,3,2026-09-27,GB-NIR,quantile,0.550,131.5620662516736
2026-09-16,ARI incidence,3,2026-09-27,GB-NIR,quantile,0.600,138.73133317767514
2026-09-16,ARI incidence,3,2026-09-27,GB-NIR,quantile,0.650,146.12923658122386
2026-09-16,ARI incidence,3,2026-09-27,GB-NIR,quantile,0.700,154.01985944892937
2026-09-16,ARI incidence,3,2026-09-27,GB-NIR,quantile,0.750,162.3745594655557
2026-09-16,ARI incidence,3,2026-09-27,GB-NIR,quantile,0.800,172.52010567880197
2026-09-16,ARI incidence,3,2026-09-27,GB-NIR,quantile,0.850,184.4052955815696
2026-09-16,ARI incidence,3,2026-09-27,GB-NIR,quantile,0.900,198.59008618481852
2026-09-16,ARI incidence,3,2026-09-27,GB-NIR,quantile,0.950,221.85156298886128
2026-09-16,ARI incidence,3,2026-09-27,GB-NIR,quantile,0.975,243.693217768896
2026-09-16,ARI incidence,3,2026-09-27,GB-NIR,quantile,0.990,269.643590162958
2026-09-16,ARI incidence,3,2026-09-27,GB-NIR,median,,125.07604817770724
2026-09-16,ARI incidence,4,2026-10-04,GB-NIR,quantile,0.010,0.0
2026-09-16,ARI incidence,4,2026-10-04,GB-NIR,quantile,0.025,0.0
2026-09-16,ARI incidence,4,2026-10-04,GB-NIR,quantile,0.050,21.98386203293327
2026-09-16,ARI incidence,4,2026-10-04,GB-NIR,quantile,0.100,44.619607125944114
2026-09-16,ARI incidence,4,2026-10-04,GB-NIR,quantile,0.150,60.63653077687649
2026-09-16,ARI incidence,4,2026-10-04,GB-NIR,quantile,0.200,73.46336246880492
2026-09-16,ARI incidence,4,2026-10-04,GB-NIR,quantile,0.250,84.40489504154218
2026-09-16,ARI incidence,4,2026-10-04,GB-NIR,quantile,0.300,93.33490543892277
2026-09-16,ARI incidence,4,2026-10-04,GB-NIR,quantile,0.350,101.94372407259542
2026-09-16,ARI incidence,4,2026-10-04,GB-NIR,quantile,0.400,109.48357000892786
2026-09-16,ARI incidence,4,2026-10-04,GB-NIR,quantile,0.450,117.15932675753311
2026-09-16,ARI incidence,4,2026-10-04,GB-NIR,quantile,0.500,124.57863201466493
2026-09-16,ARI incidence,4,2026-10-04,GB-NIR,quantile,0.550,132.54063283655356
2026-09-16,ARI incidence,4,2026-10-04,GB-NIR,quantile,0.600,140.0092210677164
2026-09-16,ARI incidence,4,2026-10-04,GB-NIR,quantile,0.650,148.48852756130307
2026-09-16,ARI incidence,4,2026-10-04,GB-NIR,quantile,0.700,156.8551953718767
2026-09-16,ARI incidence,4,2026-10-04,GB-NIR,quantile,0.750,166.50450243004445
2026-09-16,ARI incidence,4,2026-10-04,GB-NIR,quantile,0.800,177.00385966493934
2026-09-16,ARI incidence,4,2026-10-04,GB-NIR,quantile,0.850,189.84392027456536
2026-09-16,ARI incidence,4,2026-10-04,GB-NIR,quantile,0.900,205.61717219300374
2026-09-16,ARI incidence,4,2026-10-04,GB-NIR,quantile,0.950,230.35787461865715
2026-09-16,ARI incidence,4,2026-10-04,GB-NIR,quantile,0.975,250.710148124138
2026-09-16,ARI incidence,4,2026-10-04,GB-NIR,quantile,0.990,278.03675380698627
2026-09-16,ARI incidence,4,2026-10-04,GB-NIR,median,,124.57863201466493
