origin_date,target,horizon,target_end_date,location,output_type,output_type_id,value
2026-08-12,ILI incidence,1,2026-08-09,BE,quantile,0.010,0.0
2026-08-12,ILI incidence,1,2026-08-09,BE,quantile,0.025,0.0
2026-08-12,ILI incidence,1,2026-08-09,BE,quantile,0.050,0.0
2026-08-12,ILI incidence,1,2026-08-09,BE,quantile,0.100,0.0
2026-08-12,ILI incidence,1,2026-08-09,BE,quantile,0.150,0.0
2026-08-12,ILI incidence,1,2026-08-09,BE,quantile,0.200,0.0
2026-08-12,ILI incidence,1,2026-08-09,BE,quantile,0.250,0.0
2026-08-12,ILI incidence,1,2026-08-09,BE,quantile,0.300,0.0
2026-08-12,ILI incidence,1,2026-08-09,BE,quantile,0.350,0.0
2026-08-12,ILI incidence,1,2026-08-09,BE,quantile,0.400,0.0
2026-08-12,ILI incidence,1,2026-08-09,BE,quantile,0.450,5.0
2026-08-12,ILI incidence,1,2026-08-09,BE,quantile,0.500,11.5
2026-08-12,ILI incidence,1,2026-08-09,BE,quantile,0.550,19.0
2026-08-12,ILI incidence,1,2026-08-09,BE,quantile,0.600,26.1
2026-08-12,ILI incidence,1,2026-08-09,BE,quantile,0.650,31.9
2026-08-12,ILI incidence,1,2026-08-09,BE,quantile,0.700,38.20000000000002
2026-08-12,ILI incidence,1,2026-08-09,BE,quantile,0.750,44.400000000000006
2026-08-12,ILI incidence,1,2026-08-09,BE,quantile,0.800,59.099999999999994
2026-08-12,ILI incidence,1,2026-08-09,BE,quantile,0.850,74.39999999999998
2026-08-12,ILI incidence,1,2026-08-09,BE,quantile,0.900,108.0
2026-08-12,ILI incidence,1,2026-08-09,BE,quantile,0.950,151.7
2026-08-12,ILI incidence,1,2026-08-09,BE,quantile,0.975,276.3
2026-08-12,ILI incidence,1,2026-08-09,BE,quantile,0.990,391.4
2026-08-12,ILI incidence,1,2026-08-09,BE,median,,11.5
2026-08-12,ILI incidence,2,2026-08-16,BE,quantile,0.010,0.0
2026-08-12,ILI incidence,2,2026-08-16,BE,quantile,0.025,0.0
2026-08-12,ILI incidence,2,2026-08-16,BE,quantile,0.050,0.0
2026-08-12,ILI incidence,2,2026-08-16,BE,quantile,0.100,0.0
2026-08-12,ILI incidence,2,2026-08-16,BE,quantile,0.150,0.0
2026-08-12,ILI incidence,2,2026-08-16,BE,quantile,0.200,0.0
2026-08-12,ILI incidence,2,2026-08-16,BE,quantile,0.250,0.0
2026-08-12,ILI incidence,2,2026-08-16,BE,quantile,0.300,0.0
2026-08-12,ILI incidence,2,2026-08-16,BE,quantile,0.350,0.0
2026-08-12,ILI incidence,2,2026-08-16,BE,quantile,0.400,0.0
2026-08-12,ILI incidence,2,2026-08-16,BE,quantile,0.450,2.200000000000011
2026-08-12,ILI incidence,2,2026-08-16,BE,quantile,0.500,12.499999999999993
2026-08-12,ILI incidence,2,2026-08-16,BE,quantile,0.550,23.70000000000001
2026-08-12,ILI incidence,2,2026-08-16,BE,quantile,0.600,34.09999999999999
2026-08-12,ILI incidence,2,2026-08-16,BE,quantile,0.650,45.899999999999984
2026-08-12,ILI incidence,2,2026-08-16,BE,quantile,0.700,59.899999999999984
2026-08-12,ILI incidence,2,2026-08-16,BE,quantile,0.750,75.69999999999999
2026-08-12,ILI incidence,2,2026-08-16,BE,quantile,0.800,94.1
2026-08-12,ILI incidence,2,2026-08-16,BE,quantile,0.850,119.61499999999998
2026-08-12,ILI incidence,2,2026-08-16,BE,quantile,0.900,161.01000000000005
2026-08-12,ILI incidence,2,2026-08-16,BE,quantile,0.950,268.9049999999999
2026-08-12,ILI incidence,2,2026-08-16,BE,quantile,0.975,359.0074999999998
2026-08-12,ILI incidence,2,2026-08-16,BE,quantile,0.990,470.5110000000002
2026-08-12,ILI incidence,2,2026-08-16,BE,median,,12.499999999999993
2026-08-12,ILI incidence,3,2026-08-23,BE,quantile,0.010,0.0
2026-08-12,ILI incidence,3,2026-08-23,BE,quantile,0.025,0.0
2026-08-12,ILI incidence,3,2026-08-23,BE,quantile,0.050,0.0
2026-08-12,ILI incidence,3,2026-08-23,BE,quantile,0.100,0.0
2026-08-12,ILI incidence,3,2026-08-23,BE,quantile,0.150,0.0
2026-08-12,ILI incidence,3,2026-08-23,BE,quantile,0.200,0.0
2026-08-12,ILI incidence,3,2026-08-23,BE,quantile,0.250,0.0
2026-08-12,ILI incidence,3,2026-08-23,BE,quantile,0.300,0.0
2026-08-12,ILI incidence,3,2026-08-23,BE,quantile,0.350,0.0
2026-08-12,ILI incidence,3,2026-08-23,BE,quantile,0.400,0.0
2026-08-12,ILI incidence,3,2026-08-23,BE,quantile,0.450,0.6000000000000053
2026-08-12,ILI incidence,3,2026-08-23,BE,quantile,0.500,14.900000000000022
2026-08-12,ILI incidence,3,2026-08-23,BE,quantile,0.550,28.64500000000005
2026-08-12,ILI incidence,3,2026-08-23,BE,quantile,0.600,43.5
2026-08-12,ILI incidence,3,2026-08-23,BE,quantile,0.650,59.49999999999998
2026-08-12,ILI incidence,3,2026-08-23,BE,quantile,0.700,76.02999999999986
2026-08-12,ILI incidence,3,2026-08-23,BE,quantile,0.750,97.8
2026-08-12,ILI incidence,3,2026-08-23,BE,quantile,0.800,123.10000000000002
2026-08-12,ILI incidence,3,2026-08-23,BE,quantile,0.850,157.51500000000004
2026-08-12,ILI incidence,3,2026-08-23,BE,quantile,0.900,211.41000000000003
2026-08-12,ILI incidence,3,2026-08-23,BE,quantile,0.950,330.50499999999994
2026-08-12,ILI incidence,3,2026-08-23,BE,quantile,0.975,431.0274999999996
2026-08-12,ILI incidence,3,2026-08-23,BE,quantile,0.990,539.9220000000005
2026-08-12,ILI incidence,3,2026-08-23,BE,median,,14.900000000000022
2026-08-12,ILI incidence,4,2026-08-30,BE,quantile,0.010,0.0
2026-08-12,ILI incidence,4,2026-08-30,BE,quantile,0.025,0.0
2026-08-12,ILI incidence,4,2026-08-30,BE,quantile,0.050,0.0
2026-08-12,ILI incidence,4,2026-08-30,BE,quantile,0.100,0.0
2026-08-12,ILI incidence,4,2026-08-30,BE,quantile,0.150,0.0
2026-08-12,ILI incidence,4,2026-08-30,BE,quantile,0.200,0.0
2026-08-12,ILI incidence,4,2026-08-30,BE,quantile,0.250,0.0
2026-08-12,ILI incidence,4,2026-08-30,BE,quantile,0.300,0.0
2026-08-12,ILI incidence,4,2026-08-30,BE,quantile,0.350,0.0
2026-08-12,ILI incidence,4,2026-08-30,BE,quantile,0.400,0.0
2026-08-12,ILI incidence,4,2026-08-30,BE,quantile,0.450,0.0
2026-08-12,ILI incidence,4,2026-08-30,BE,quantile,0.500,12.49999999999994
2026-08-12,ILI incidence,4,2026-08-30,BE,quantile,0.550,30.0
2026-08-12,ILI incidence,4,2026-08-30,BE,quantile,0.600,47.539999999999964
2026-08-12,ILI incidence,4,2026-08-30,BE,quantile,0.650,66.80000000000001
2026-08-12,ILI incidence,4,2026-08-30,BE,quantile,0.700,90.8
2026-08-12,ILI incidence,4,2026-08-30,BE,quantile,0.750,116.22500000000002
2026-08-12,ILI incidence,4,2026-08-30,BE,quantile,0.800,147.02000000000007
2026-08-12,ILI incidence,4,2026-08-30,BE,quantile,0.850,191.71499999999983
2026-08-12,ILI incidence,4,2026-08-30,BE,quantile,0.900,256.2100000000001
2026-08-12,ILI incidence,4,2026-08-30,BE,quantile,0.950,373.0099999999999
2026-08-12,ILI incidence,4,2026-08-30,BE,quantile,0.975,469.03999999999934
2026-08-12,ILI incidence,4,2026-08-30,BE,quantile,0.990,593.5200000000004
2026-08-12,ILI incidence,4,2026-08-30,BE,median,,12.49999999999994
2026-08-12,ILI incidence,1,2026-08-09,HR,quantile,0.010,0.0
2026-08-12,ILI incidence,1,2026-08-09,HR,quantile,0.025,0.0
2026-08-12,ILI incidence,1,2026-08-09,HR,quantile,0.050,0.0
2026-08-12,ILI incidence,1,2026-08-09,HR,quantile,0.100,0.0
2026-08-12,ILI incidence,1,2026-08-09,HR,quantile,0.150,0.0
2026-08-12,ILI incidence,1,2026-08-09,HR,quantile,0.200,0.0
2026-08-12,ILI incidence,1,2026-08-09,HR,quantile,0.250,0.0
2026-08-12,ILI incidence,1,2026-08-09,HR,quantile,0.300,0.0
2026-08-12,ILI incidence,1,2026-08-09,HR,quantile,0.350,0.0
2026-08-12,ILI incidence,1,2026-08-09,HR,quantile,0.400,0.0
2026-08-12,ILI incidence,1,2026-08-09,HR,quantile,0.450,2.7755575615628914e-17
2026-08-12,ILI incidence,1,2026-08-09,HR,quantile,0.500,0.1
2026-08-12,ILI incidence,1,2026-08-09,HR,quantile,0.550,0.19999999999999998
2026-08-12,ILI incidence,1,2026-08-09,HR,quantile,0.600,0.3
2026-08-12,ILI incidence,1,2026-08-09,HR,quantile,0.650,0.5
2026-08-12,ILI incidence,1,2026-08-09,HR,quantile,0.700,1.0999999999999999
2026-08-12,ILI incidence,1,2026-08-09,HR,quantile,0.750,2.6
2026-08-12,ILI incidence,1,2026-08-09,HR,quantile,0.800,6.099999999999998
2026-08-12,ILI incidence,1,2026-08-09,HR,quantile,0.850,11.099999999999996
2026-08-12,ILI incidence,1,2026-08-09,HR,quantile,0.900,21.81000000000005
2026-08-12,ILI incidence,1,2026-08-09,HR,quantile,0.950,38.0
2026-08-12,ILI incidence,1,2026-08-09,HR,quantile,0.975,77.10249999999995
2026-08-12,ILI incidence,1,2026-08-09,HR,quantile,0.990,97.39999999999999
2026-08-12,ILI incidence,1,2026-08-09,HR,median,,0.1
2026-08-12,ILI incidence,2,2026-08-16,HR,quantile,0.010,0.0
2026-08-12,ILI incidence,2,2026-08-16,HR,quantile,0.025,0.0
2026-08-12,ILI incidence,2,2026-08-16,HR,quantile,0.050,0.0
2026-08-12,ILI incidence,2,2026-08-16,HR,quantile,0.100,0.0
2026-08-12,ILI incidence,2,2026-08-16,HR,quantile,0.150,0.0
2026-08-12,ILI incidence,2,2026-08-16,HR,quantile,0.200,0.0
2026-08-12,ILI incidence,2,2026-08-16,HR,quantile,0.250,0.0
2026-08-12,ILI incidence,2,2026-08-16,HR,quantile,0.300,0.0
2026-08-12,ILI incidence,2,2026-08-16,HR,quantile,0.350,0.0
2026-08-12,ILI incidence,2,2026-08-16,HR,quantile,0.400,0.0
2026-08-12,ILI incidence,2,2026-08-16,HR,quantile,0.450,0.0
2026-08-12,ILI incidence,2,2026-08-16,HR,quantile,0.500,0.1
2026-08-12,ILI incidence,2,2026-08-16,HR,quantile,0.550,0.3
2026-08-12,ILI incidence,2,2026-08-16,HR,quantile,0.600,0.7
2026-08-12,ILI incidence,2,2026-08-16,HR,quantile,0.650,1.5000000000000053
2026-08-12,ILI incidence,2,2026-08-16,HR,quantile,0.700,3.8
2026-08-12,ILI incidence,2,2026-08-16,HR,quantile,0.750,7.599999999999996
2026-08-12,ILI incidence,2,2026-08-16,HR,quantile,0.800,11.599999999999998
2026-08-12,ILI incidence,2,2026-08-16,HR,quantile,0.850,20.400000000000016
2026-08-12,ILI incidence,2,2026-08-16,HR,quantile,0.900,30.11000000000005
2026-08-12,ILI incidence,2,2026-08-16,HR,quantile,0.950,53.70000000000001
2026-08-12,ILI incidence,2,2026-08-16,HR,quantile,0.975,87.12249999999963
2026-08-12,ILI incidence,2,2026-08-16,HR,quantile,0.990,134.401
2026-08-12,ILI incidence,2,2026-08-16,HR,median,,0.1
2026-08-12,ILI incidence,3,2026-08-23,HR,quantile,0.010,0.0
2026-08-12,ILI incidence,3,2026-08-23,HR,quantile,0.025,0.0
2026-08-12,ILI incidence,3,2026-08-23,HR,quantile,0.050,0.0
2026-08-12,ILI incidence,3,2026-08-23,HR,quantile,0.100,0.0
2026-08-12,ILI incidence,3,2026-08-23,HR,quantile,0.150,0.0
2026-08-12,ILI incidence,3,2026-08-23,HR,quantile,0.200,0.0
2026-08-12,ILI incidence,3,2026-08-23,HR,quantile,0.250,0.0
2026-08-12,ILI incidence,3,2026-08-23,HR,quantile,0.300,0.0
2026-08-12,ILI incidence,3,2026-08-23,HR,quantile,0.350,0.0
2026-08-12,ILI incidence,3,2026-08-23,HR,quantile,0.400,0.0
2026-08-12,ILI incidence,3,2026-08-23,HR,quantile,0.450,0.0
2026-08-12,ILI incidence,3,2026-08-23,HR,quantile,0.500,0.1
2026-08-12,ILI incidence,3,2026-08-23,HR,quantile,0.550,0.5000000000000022
2026-08-12,ILI incidence,3,2026-08-23,HR,quantile,0.600,1.6
2026-08-12,ILI incidence,3,2026-08-23,HR,quantile,0.650,3.8999999999999986
2026-08-12,ILI incidence,3,2026-08-23,HR,quantile,0.700,7.200000000000002
2026-08-12,ILI incidence,3,2026-08-23,HR,quantile,0.750,11.099999999999996
2026-08-12,ILI incidence,3,2026-08-23,HR,quantile,0.800,17.600000000000005
2026-08-12,ILI incidence,3,2026-08-23,HR,quantile,0.850,25.5
2026-08-12,ILI incidence,3,2026-08-23,HR,quantile,0.900,37.61000000000005
2026-08-12,ILI incidence,3,2026-08-23,HR,quantile,0.950,71.6
2026-08-12,ILI incidence,3,2026-08-23,HR,quantile,0.975,97.30249999999997
2026-08-12,ILI incidence,3,2026-08-23,HR,quantile,0.990,138.09999999999997
2026-08-12,ILI incidence,3,2026-08-23,HR,median,,0.1
2026-08-12,ILI incidence,4,2026-08-30,HR,quantile,0.010,0.0
2026-08-12,ILI incidence,4,2026-08-30,HR,quantile,0.025,0.0
2026-08-12,ILI incidence,4,2026-08-30,HR,quantile,0.050,0.0
2026-08-12,ILI incidence,4,2026-08-30,HR,quantile,0.100,0.0
2026-08-12,ILI incidence,4,2026-08-30,HR,quantile,0.150,0.0
2026-08-12,ILI incidence,4,2026-08-30,HR,quantile,0.200,0.0
2026-08-12,ILI incidence,4,2026-08-30,HR,quantile,0.250,0.0
2026-08-12,ILI incidence,4,2026-08-30,HR,quantile,0.300,0.0
2026-08-12,ILI incidence,4,2026-08-30,HR,quantile,0.350,0.0
2026-08-12,ILI incidence,4,2026-08-30,HR,quantile,0.400,0.0
2026-08-12,ILI incidence,4,2026-08-30,HR,quantile,0.450,0.0
2026-08-12,ILI incidence,4,2026-08-30,HR,quantile,0.500,0.09999999999999998
2026-08-12,ILI incidence,4,2026-08-30,HR,quantile,0.550,0.9999999999999999
2026-08-12,ILI incidence,4,2026-08-30,HR,quantile,0.600,2.9000000000000012
2026-08-12,ILI incidence,4,2026-08-30,HR,quantile,0.650,6.1
2026-08-12,ILI incidence,4,2026-08-30,HR,quantile,0.700,9.999999999999998
2026-08-12,ILI incidence,4,2026-08-30,HR,quantile,0.750,15.09999999999999
2026-08-12,ILI incidence,4,2026-08-30,HR,quantile,0.800,22.500000000000004
2026-08-12,ILI incidence,4,2026-08-30,HR,quantile,0.850,31.199999999999996
2026-08-12,ILI incidence,4,2026-08-30,HR,quantile,0.900,43.79999999999999
2026-08-12,ILI incidence,4,2026-08-30,HR,quantile,0.950,77.99999999999997
2026-08-12,ILI incidence,4,2026-08-30,HR,quantile,0.975,105.30499999999991
2026-08-12,ILI incidence,4,2026-08-30,HR,quantile,0.990,139.60300000000007
2026-08-12,ILI incidence,4,2026-08-30,HR,median,,0.09999999999999998
2026-08-12,ILI incidence,1,2026-08-09,DK,quantile,0.010,17.700000000000017
2026-08-12,ILI incidence,1,2026-08-09,DK,quantile,0.025,33.39999999999999
2026-08-12,ILI incidence,1,2026-08-09,DK,quantile,0.050,51.3
2026-08-12,ILI incidence,1,2026-08-09,DK,quantile,0.100,64.4
2026-08-12,ILI incidence,1,2026-08-09,DK,quantile,0.150,67.70000000000002
2026-08-12,ILI incidence,1,2026-08-09,DK,quantile,0.200,74.9
2026-08-12,ILI incidence,1,2026-08-09,DK,quantile,0.250,79.4
2026-08-12,ILI incidence,1,2026-08-09,DK,quantile,0.300,82.4
2026-08-12,ILI incidence,1,2026-08-09,DK,quantile,0.350,87.1
2026-08-12,ILI incidence,1,2026-08-09,DK,quantile,0.400,89.69999999999999
2026-08-12,ILI incidence,1,2026-08-09,DK,quantile,0.450,93.60000000000001
2026-08-12,ILI incidence,1,2026-08-09,DK,quantile,0.500,97.10000000000001
2026-08-12,ILI incidence,1,2026-08-09,DK,quantile,0.550,101.0
2026-08-12,ILI incidence,1,2026-08-09,DK,quantile,0.600,104.6
2026-08-12,ILI incidence,1,2026-08-09,DK,quantile,0.650,107.6
2026-08-12,ILI incidence,1,2026-08-09,DK,quantile,0.700,111.8
2026-08-12,ILI incidence,1,2026-08-09,DK,quantile,0.750,114.89999999999998
2026-08-12,ILI incidence,1,2026-08-09,DK,quantile,0.800,119.60000000000001
2026-08-12,ILI incidence,1,2026-08-09,DK,quantile,0.850,126.7
2026-08-12,ILI incidence,1,2026-08-09,DK,quantile,0.900,130.2
2026-08-12,ILI incidence,1,2026-08-09,DK,quantile,0.950,143.7
2026-08-12,ILI incidence,1,2026-08-09,DK,quantile,0.975,161.60000000000002
2026-08-12,ILI incidence,1,2026-08-09,DK,quantile,0.990,183.70000000000002
2026-08-12,ILI incidence,1,2026-08-09,DK,median,,97.10000000000001
2026-08-12,ILI incidence,2,2026-08-16,DK,quantile,0.010,0.0
2026-08-12,ILI incidence,2,2026-08-16,DK,quantile,0.025,9.700000000000017
2026-08-12,ILI incidence,2,2026-08-16,DK,quantile,0.050,26.99499999999999
2026-08-12,ILI incidence,2,2026-08-16,DK,quantile,0.100,44.89
2026-08-12,ILI incidence,2,2026-08-16,DK,quantile,0.150,55.89999999999999
2026-08-12,ILI incidence,2,2026-08-16,DK,quantile,0.200,64.19999999999999
2026-08-12,ILI incidence,2,2026-08-16,DK,quantile,0.250,71.30000000000001
2026-08-12,ILI incidence,2,2026-08-16,DK,quantile,0.300,77.6
2026-08-12,ILI incidence,2,2026-08-16,DK,quantile,0.350,83.1
2026-08-12,ILI incidence,2,2026-08-16,DK,quantile,0.400,88.2
2026-08-12,ILI incidence,2,2026-08-16,DK,quantile,0.450,93.0
2026-08-12,ILI incidence,2,2026-08-16,DK,quantile,0.500,97.5
2026-08-12,ILI incidence,2,2026-08-16,DK,quantile,0.550,102.5
2026-08-12,ILI incidence,2,2026-08-16,DK,quantile,0.600,107.6
2026-08-12,ILI incidence,2,2026-08-16,DK,quantile,0.650,112.99999999999999
2026-08-12,ILI incidence,2,2026-08-16,DK,quantile,0.700,118.69999999999999
2026-08-12,ILI incidence,2,2026-08-16,DK,quantile,0.750,124.5
2026-08-12,ILI incidence,2,2026-08-16,DK,quantile,0.800,131.5
2026-08-12,ILI incidence,2,2026-08-16,DK,quantile,0.850,139.60000000000002
2026-08-12,ILI incidence,2,2026-08-16,DK,quantile,0.900,150.59999999999997
2026-08-12,ILI incidence,2,2026-08-16,DK,quantile,0.950,168.70000000000002
2026-08-12,ILI incidence,2,2026-08-16,DK,quantile,0.975,185.2
2026-08-12,ILI incidence,2,2026-08-16,DK,quantile,0.990,201.30100000000004
2026-08-12,ILI incidence,2,2026-08-16,DK,median,,97.5
2026-08-12,ILI incidence,3,2026-08-23,DK,quantile,0.010,0.0
2026-08-12,ILI incidence,3,2026-08-23,DK,quantile,0.025,0.0
2026-08-12,ILI incidence,3,2026-08-23,DK,quantile,0.050,13.600000000000009
2026-08-12,ILI incidence,3,2026-08-23,DK,quantile,0.100,33.80000000000001
2026-08-12,ILI incidence,3,2026-08-23,DK,quantile,0.150,46.7
2026-08-12,ILI incidence,3,2026-08-23,DK,quantile,0.200,56.099999999999994
2026-08-12,ILI incidence,3,2026-08-23,DK,quantile,0.250,64.10000000000001
2026-08-12,ILI incidence,3,2026-08-23,DK,quantile,0.300,71.49999999999999
2026-08-12,ILI incidence,3,2026-08-23,DK,quantile,0.350,79.0
2026-08-12,ILI incidence,3,2026-08-23,DK,quantile,0.400,85.8
2026-08-12,ILI incidence,3,2026-08-23,DK,quantile,0.450,92.10000000000001
2026-08-12,ILI incidence,3,2026-08-23,DK,quantile,0.500,98.39999999999998
2026-08-12,ILI incidence,3,2026-08-23,DK,quantile,0.550,104.5
2026-08-12,ILI incidence,3,2026-08-23,DK,quantile,0.600,110.9
2026-08-12,ILI incidence,3,2026-08-23,DK,quantile,0.650,117.5
2026-08-12,ILI incidence,3,2026-08-23,DK,quantile,0.700,124.0
2026-08-12,ILI incidence,3,2026-08-23,DK,quantile,0.750,131.20000000000002
2026-08-12,ILI incidence,3,2026-08-23,DK,quantile,0.800,139.39999999999998
2026-08-12,ILI incidence,3,2026-08-23,DK,quantile,0.850,149.81499999999997
2026-08-12,ILI incidence,3,2026-08-23,DK,quantile,0.900,163.51000000000005
2026-08-12,ILI incidence,3,2026-08-23,DK,quantile,0.950,182.00499999999994
2026-08-12,ILI incidence,3,2026-08-23,DK,quantile,0.975,203.9025
2026-08-12,ILI incidence,3,2026-08-23,DK,quantile,0.990,225.40100000000004
2026-08-12,ILI incidence,3,2026-08-23,DK,median,,98.39999999999998
2026-08-12,ILI incidence,4,2026-08-30,DK,quantile,0.010,0.0
2026-08-12,ILI incidence,4,2026-08-30,DK,quantile,0.025,0.0
2026-08-12,ILI incidence,4,2026-08-30,DK,quantile,0.050,0.4950000000000183
2026-08-12,ILI incidence,4,2026-08-30,DK,quantile,0.100,22.800000000000022
2026-08-12,ILI incidence,4,2026-08-30,DK,quantile,0.150,38.099999999999994
2026-08-12,ILI incidence,4,2026-08-30,DK,quantile,0.200,49.70000000000002
2026-08-12,ILI incidence,4,2026-08-30,DK,quantile,0.250,59.09999999999998
2026-08-12,ILI incidence,4,2026-08-30,DK,quantile,0.300,67.79999999999998
2026-08-12,ILI incidence,4,2026-08-30,DK,quantile,0.350,76.16499999999995
2026-08-12,ILI incidence,4,2026-08-30,DK,quantile,0.400,83.7
2026-08-12,ILI incidence,4,2026-08-30,DK,quantile,0.450,91.20000000000002
2026-08-12,ILI incidence,4,2026-08-30,DK,quantile,0.500,98.50000000000001
2026-08-12,ILI incidence,4,2026-08-30,DK,quantile,0.550,105.30000000000001
2026-08-12,ILI incidence,4,2026-08-30,DK,quantile,0.600,112.50000000000001
2026-08-12,ILI incidence,4,2026-08-30,DK,quantile,0.650,120.60000000000002
2026-08-12,ILI incidence,4,2026-08-30,DK,quantile,0.700,128.9
2026-08-12,ILI incidence,4,2026-08-30,DK,quantile,0.750,137.5
2026-08-12,ILI incidence,4,2026-08-30,DK,quantile,0.800,147.2
2026-08-12,ILI incidence,4,2026-08-30,DK,quantile,0.850,159.09999999999997
2026-08-12,ILI incidence,4,2026-08-30,DK,quantile,0.900,173.41000000000005
2026-08-12,ILI incidence,4,2026-08-30,DK,quantile,0.950,198.20999999999987
2026-08-12,ILI incidence,4,2026-08-30,DK,quantile,0.975,219.70249999999996
2026-08-12,ILI incidence,4,2026-08-30,DK,quantile,0.990,241.1030000000001
2026-08-12,ILI incidence,4,2026-08-30,DK,median,,98.50000000000001
2026-08-12,ILI incidence,1,2026-08-09,EE,quantile,0.010,0.0
2026-08-12,ILI incidence,1,2026-08-09,EE,quantile,0.025,0.0
2026-08-12,ILI incidence,1,2026-08-09,EE,quantile,0.050,0.0
2026-08-12,ILI incidence,1,2026-08-09,EE,quantile,0.100,0.0
2026-08-12,ILI incidence,1,2026-08-09,EE,quantile,0.150,0.0
2026-08-12,ILI incidence,1,2026-08-09,EE,quantile,0.200,0.0
2026-08-12,ILI incidence,1,2026-08-09,EE,quantile,0.250,8.5
2026-08-12,ILI incidence,1,2026-08-09,EE,quantile,0.300,17.899999999999977
2026-08-12,ILI incidence,1,2026-08-09,EE,quantile,0.350,22.399999999999977
2026-08-12,ILI incidence,1,2026-08-09,EE,quantile,0.400,30.80000000000001
2026-08-12,ILI incidence,1,2026-08-09,EE,quantile,0.450,33.400000000000006
2026-08-12,ILI incidence,1,2026-08-09,EE,quantile,0.500,38.5
2026-08-12,ILI incidence,1,2026-08-09,EE,quantile,0.550,42.9
2026-08-12,ILI incidence,1,2026-08-09,EE,quantile,0.600,47.10000000000002
2026-08-12,ILI incidence,1,2026-08-09,EE,quantile,0.650,54.60000000000002
2026-08-12,ILI incidence,1,2026-08-09,EE,quantile,0.700,59.20000000000002
2026-08-12,ILI incidence,1,2026-08-09,EE,quantile,0.750,69.0
2026-08-12,ILI incidence,1,2026-08-09,EE,quantile,0.800,78.0
2026-08-12,ILI incidence,1,2026-08-09,EE,quantile,0.850,87.79999999999998
2026-08-12,ILI incidence,1,2026-08-09,EE,quantile,0.900,106.60000000000002
2026-08-12,ILI incidence,1,2026-08-09,EE,quantile,0.950,155.00000000000006
2026-08-12,ILI incidence,1,2026-08-09,EE,quantile,0.975,268.79999999999995
2026-08-12,ILI incidence,1,2026-08-09,EE,quantile,0.990,340.50000000000006
2026-08-12,ILI incidence,1,2026-08-09,EE,median,,38.5
2026-08-12,ILI incidence,2,2026-08-16,EE,quantile,0.010,0.0
2026-08-12,ILI incidence,2,2026-08-16,EE,quantile,0.025,0.0
2026-08-12,ILI incidence,2,2026-08-16,EE,quantile,0.050,0.0
2026-08-12,ILI incidence,2,2026-08-16,EE,quantile,0.100,0.0
2026-08-12,ILI incidence,2,2026-08-16,EE,quantile,0.150,0.0
2026-08-12,ILI incidence,2,2026-08-16,EE,quantile,0.200,0.0
2026-08-12,ILI incidence,2,2026-08-16,EE,quantile,0.250,0.0
2026-08-12,ILI incidence,2,2026-08-16,EE,quantile,0.300,1.0
2026-08-12,ILI incidence,2,2026-08-16,EE,quantile,0.350,11.700000000000012
2026-08-12,ILI incidence,2,2026-08-16,EE,quantile,0.400,20.96000000000002
2026-08-12,ILI incidence,2,2026-08-16,EE,quantile,0.450,30.5
2026-08-12,ILI incidence,2,2026-08-16,EE,quantile,0.500,38.95000000000002
2026-08-12,ILI incidence,2,2026-08-16,EE,quantile,0.550,48.000000000000014
2026-08-12,ILI incidence,2,2026-08-16,EE,quantile,0.600,57.039999999999985
2026-08-12,ILI incidence,2,2026-08-16,EE,quantile,0.650,66.0350000000001
2026-08-12,ILI incidence,2,2026-08-16,EE,quantile,0.700,76.72999999999995
2026-08-12,ILI incidence,2,2026-08-16,EE,quantile,0.750,88.69999999999999
2026-08-12,ILI incidence,2,2026-08-16,EE,quantile,0.800,104.7
2026-08-12,ILI incidence,2,2026-08-16,EE,quantile,0.850,125.79999999999997
2026-08-12,ILI incidence,2,2026-08-16,EE,quantile,0.900,166.50000000000003
2026-08-12,ILI incidence,2,2026-08-16,EE,quantile,0.950,266.99999999999994
2026-08-12,ILI incidence,2,2026-08-16,EE,quantile,0.975,338.72249999999974
2026-08-12,ILI incidence,2,2026-08-16,EE,quantile,0.990,499.7070000000002
2026-08-12,ILI incidence,2,2026-08-16,EE,median,,38.95000000000002
2026-08-12,ILI incidence,3,2026-08-23,EE,quantile,0.010,0.0
2026-08-12,ILI incidence,3,2026-08-23,EE,quantile,0.025,0.0
2026-08-12,ILI incidence,3,2026-08-23,EE,quantile,0.050,0.0
2026-08-12,ILI incidence,3,2026-08-23,EE,quantile,0.100,0.0
2026-08-12,ILI incidence,3,2026-08-23,EE,quantile,0.150,0.0
2026-08-12,ILI incidence,3,2026-08-23,EE,quantile,0.200,0.0
2026-08-12,ILI incidence,3,2026-08-23,EE,quantile,0.250,0.0
2026-08-12,ILI incidence,3,2026-08-23,EE,quantile,0.300,0.0
2026-08-12,ILI incidence,3,2026-08-23,EE,quantile,0.350,2.400000000000034
2026-08-12,ILI incidence,3,2026-08-23,EE,quantile,0.400,14.800000000000011
2026-08-12,ILI incidence,3,2026-08-23,EE,quantile,0.450,26.90000000000002
2026-08-12,ILI incidence,3,2026-08-23,EE,quantile,0.500,38.59999999999998
2026-08-12,ILI incidence,3,2026-08-23,EE,quantile,0.550,50.09999999999997
2026-08-12,ILI incidence,3,2026-08-23,EE,quantile,0.600,62.69999999999999
2026-08-12,ILI incidence,3,2026-08-23,EE,quantile,0.650,76.3
2026-08-12,ILI incidence,3,2026-08-23,EE,quantile,0.700,90.92999999999994
2026-08-12,ILI incidence,3,2026-08-23,EE,quantile,0.750,109.15000000000006
2026-08-12,ILI incidence,3,2026-08-23,EE,quantile,0.800,131.10000000000002
2026-08-12,ILI incidence,3,2026-08-23,EE,quantile,0.850,162.2
2026-08-12,ILI incidence,3,2026-08-23,EE,quantile,0.900,217.61000000000004
2026-08-12,ILI incidence,3,2026-08-23,EE,quantile,0.950,313.3099999999998
2026-08-12,ILI incidence,3,2026-08-23,EE,quantile,0.975,397.967499999999
2026-08-12,ILI incidence,3,2026-08-23,EE,quantile,0.990,536.5090000000002
2026-08-12,ILI incidence,3,2026-08-23,EE,median,,38.59999999999998
2026-08-12,ILI incidence,4,2026-08-30,EE,quantile,0.010,0.0
2026-08-12,ILI incidence,4,2026-08-30,EE,quantile,0.025,0.0
2026-08-12,ILI incidence,4,2026-08-30,EE,quantile,0.050,0.0
2026-08-12,ILI incidence,4,2026-08-30,EE,quantile,0.100,0.0
2026-08-12,ILI incidence,4,2026-08-30,EE,quantile,0.150,0.0
2026-08-12,ILI incidence,4,2026-08-30,EE,quantile,0.200,0.0
2026-08-12,ILI incidence,4,2026-08-30,EE,quantile,0.250,0.0
2026-08-12,ILI incidence,4,2026-08-30,EE,quantile,0.300,0.0
2026-08-12,ILI incidence,4,2026-08-30,EE,quantile,0.350,0.0
2026-08-12,ILI incidence,4,2026-08-30,EE,quantile,0.400,7.900000000000051
2026-08-12,ILI incidence,4,2026-08-30,EE,quantile,0.450,22.75499999999999
2026-08-12,ILI incidence,4,2026-08-30,EE,quantile,0.500,38.49999999999998
2026-08-12,ILI incidence,4,2026-08-30,EE,quantile,0.550,53.699999999999996
2026-08-12,ILI incidence,4,2026-08-30,EE,quantile,0.600,69.6
2026-08-12,ILI incidence,4,2026-08-30,EE,quantile,0.650,85.83500000000008
2026-08-12,ILI incidence,4,2026-08-30,EE,quantile,0.700,104.39999999999998
2026-08-12,ILI incidence,4,2026-08-30,EE,quantile,0.750,125.525
2026-08-12,ILI incidence,4,2026-08-30,EE,quantile,0.800,154.72
2026-08-12,ILI incidence,4,2026-08-30,EE,quantile,0.850,196.0149999999999
2026-08-12,ILI incidence,4,2026-08-30,EE,quantile,0.900,254.21000000000004
2026-08-12,ILI incidence,4,2026-08-30,EE,quantile,0.950,352.0999999999999
2026-08-12,ILI incidence,4,2026-08-30,EE,quantile,0.975,466.80999999999995
2026-08-12,ILI incidence,4,2026-08-30,EE,quantile,0.990,572.1140000000004
2026-08-12,ILI incidence,4,2026-08-30,EE,median,,38.49999999999998
2026-08-12,ILI incidence,1,2026-08-09,GR,quantile,0.010,0.0
2026-08-12,ILI incidence,1,2026-08-09,GR,quantile,0.025,0.0
2026-08-12,ILI incidence,1,2026-08-09,GR,quantile,0.050,7.0000000000001705
2026-08-12,ILI incidence,1,2026-08-09,GR,quantile,0.100,60.99999999999994
2026-08-12,ILI incidence,1,2026-08-09,GR,quantile,0.150,102.49999999999994
2026-08-12,ILI incidence,1,2026-08-09,GR,quantile,0.200,138.99999999999994
2026-08-12,ILI incidence,1,2026-08-09,GR,quantile,0.250,158.29999999999995
2026-08-12,ILI incidence,1,2026-08-09,GR,quantile,0.300,180.1
2026-08-12,ILI incidence,1,2026-08-09,GR,quantile,0.350,194.5
2026-08-12,ILI incidence,1,2026-08-09,GR,quantile,0.400,208.2999999999999
2026-08-12,ILI incidence,1,2026-08-09,GR,quantile,0.450,215.7
2026-08-12,ILI incidence,1,2026-08-09,GR,quantile,0.500,223.60000000000002
2026-08-12,ILI incidence,1,2026-08-09,GR,quantile,0.550,234.09999999999997
2026-08-12,ILI incidence,1,2026-08-09,GR,quantile,0.600,242.09999999999997
2026-08-12,ILI incidence,1,2026-08-09,GR,quantile,0.650,254.3
2026-08-12,ILI incidence,1,2026-08-09,GR,quantile,0.700,270.29999999999995
2026-08-12,ILI incidence,1,2026-08-09,GR,quantile,0.750,292.3
2026-08-12,ILI incidence,1,2026-08-09,GR,quantile,0.800,316.8
2026-08-12,ILI incidence,1,2026-08-09,GR,quantile,0.850,347.2
2026-08-12,ILI incidence,1,2026-08-09,GR,quantile,0.900,394.40000000000003
2026-08-12,ILI incidence,1,2026-08-09,GR,quantile,0.950,460.2
2026-08-12,ILI incidence,1,2026-08-09,GR,quantile,0.975,548.5000000000002
2026-08-12,ILI incidence,1,2026-08-09,GR,quantile,0.990,610.4000000000001
2026-08-12,ILI incidence,1,2026-08-09,GR,median,,223.60000000000002
2026-08-12,ILI incidence,2,2026-08-16,GR,quantile,0.010,0.0
2026-08-12,ILI incidence,2,2026-08-16,GR,quantile,0.025,0.0
2026-08-12,ILI incidence,2,2026-08-16,GR,quantile,0.050,0.0
2026-08-12,ILI incidence,2,2026-08-16,GR,quantile,0.100,0.0
2026-08-12,ILI incidence,2,2026-08-16,GR,quantile,0.150,39.59999999999995
2026-08-12,ILI incidence,2,2026-08-16,GR,quantile,0.200,78.37999999999995
2026-08-12,ILI incidence,2,2026-08-16,GR,quantile,0.250,113.09999999999997
2026-08-12,ILI incidence,2,2026-08-16,GR,quantile,0.300,140.10000000000008
2026-08-12,ILI incidence,2,2026-08-16,GR,quantile,0.350,164.0649999999999
2026-08-12,ILI incidence,2,2026-08-16,GR,quantile,0.400,186.46000000000004
2026-08-12,ILI incidence,2,2026-08-16,GR,quantile,0.450,205.19999999999996
2026-08-12,ILI incidence,2,2026-08-16,GR,quantile,0.500,224.39999999999992
2026-08-12,ILI incidence,2,2026-08-16,GR,quantile,0.550,243.49999999999994
2026-08-12,ILI incidence,2,2026-08-16,GR,quantile,0.600,264.14
2026-08-12,ILI incidence,2,2026-08-16,GR,quantile,0.650,286.53499999999997
2026-08-12,ILI incidence,2,2026-08-16,GR,quantile,0.700,311.2
2026-08-12,ILI incidence,2,2026-08-16,GR,quantile,0.750,341.99999999999994
2026-08-12,ILI incidence,2,2026-08-16,GR,quantile,0.800,377.42
2026-08-12,ILI incidence,2,2026-08-16,GR,quantile,0.850,413.41499999999985
2026-08-12,ILI incidence,2,2026-08-16,GR,quantile,0.900,470.5100000000001
2026-08-12,ILI incidence,2,2026-08-16,GR,quantile,0.950,563.6199999999999
2026-08-12,ILI incidence,2,2026-08-16,GR,quantile,0.975,686.6149999999997
2026-08-12,ILI incidence,2,2026-08-16,GR,quantile,0.990,1216.1040000000003
2026-08-12,ILI incidence,2,2026-08-16,GR,median,,224.39999999999992
2026-08-12,ILI incidence,3,2026-08-23,GR,quantile,0.010,0.0
2026-08-12,ILI incidence,3,2026-08-23,GR,quantile,0.025,0.0
2026-08-12,ILI incidence,3,2026-08-23,GR,quantile,0.050,0.0
2026-08-12,ILI incidence,3,2026-08-23,GR,quantile,0.100,0.0
2026-08-12,ILI incidence,3,2026-08-23,GR,quantile,0.150,0.0
2026-08-12,ILI incidence,3,2026-08-23,GR,quantile,0.200,37.66000000000004
2026-08-12,ILI incidence,3,2026-08-23,GR,quantile,0.250,78.27500000000009
2026-08-12,ILI incidence,3,2026-08-23,GR,quantile,0.300,113.49999999999994
2026-08-12,ILI incidence,3,2026-08-23,GR,quantile,0.350,144.09999999999997
2026-08-12,ILI incidence,3,2026-08-23,GR,quantile,0.400,171.60000000000002
2026-08-12,ILI incidence,3,2026-08-23,GR,quantile,0.450,201.1999999999999
2026-08-12,ILI incidence,3,2026-08-23,GR,quantile,0.500,227.15000000000003
2026-08-12,ILI incidence,3,2026-08-23,GR,quantile,0.550,252.69999999999996
2026-08-12,ILI incidence,3,2026-08-23,GR,quantile,0.600,280.00000000000006
2026-08-12,ILI incidence,3,2026-08-23,GR,quantile,0.650,309.40000000000003
2026-08-12,ILI incidence,3,2026-08-23,GR,quantile,0.700,340.15999999999997
2026-08-12,ILI incidence,3,2026-08-23,GR,quantile,0.750,375.39999999999986
2026-08-12,ILI incidence,3,2026-08-23,GR,quantile,0.800,414.7400000000001
2026-08-12,ILI incidence,3,2026-08-23,GR,quantile,0.850,469.2999999999999
2026-08-12,ILI incidence,3,2026-08-23,GR,quantile,0.900,540.0999999999999
2026-08-12,ILI incidence,3,2026-08-23,GR,quantile,0.950,654.3100000000001
2026-08-12,ILI incidence,3,2026-08-23,GR,quantile,0.975,869.9524999999993
2026-08-12,ILI incidence,3,2026-08-23,GR,quantile,0.990,1348.4300000000005
2026-08-12,ILI incidence,3,2026-08-23,GR,median,,227.15000000000003
2026-08-12,ILI incidence,4,2026-08-30,GR,quantile,0.010,0.0
2026-08-12,ILI incidence,4,2026-08-30,GR,quantile,0.025,0.0
2026-08-12,ILI incidence,4,2026-08-30,GR,quantile,0.050,0.0
2026-08-12,ILI incidence,4,2026-08-30,GR,quantile,0.100,0.0
2026-08-12,ILI incidence,4,2026-08-30,GR,quantile,0.150,0.0
2026-08-12,ILI incidence,4,2026-08-30,GR,quantile,0.200,0.0
2026-08-12,ILI incidence,4,2026-08-30,GR,quantile,0.250,48.475000000000016
2026-08-12,ILI incidence,4,2026-08-30,GR,quantile,0.300,87.39999999999996
2026-08-12,ILI incidence,4,2026-08-30,GR,quantile,0.350,126.16499999999985
2026-08-12,ILI incidence,4,2026-08-30,GR,quantile,0.400,161.69999999999987
2026-08-12,ILI incidence,4,2026-08-30,GR,quantile,0.450,191.95500000000007
2026-08-12,ILI incidence,4,2026-08-30,GR,quantile,0.500,223.80000000000004
2026-08-12,ILI incidence,4,2026-08-30,GR,quantile,0.550,256.94500000000005
2026-08-12,ILI incidence,4,2026-08-30,GR,quantile,0.600,291.99999999999994
2026-08-12,ILI incidence,4,2026-08-30,GR,quantile,0.650,328.43500000000006
2026-08-12,ILI incidence,4,2026-08-30,GR,quantile,0.700,366.1299999999999
2026-08-12,ILI incidence,4,2026-08-30,GR,quantile,0.750,408.29999999999995
2026-08-12,ILI incidence,4,2026-08-30,GR,quantile,0.800,459.22000000000014
2026-08-12,ILI incidence,4,2026-08-30,GR,quantile,0.850,518.6999999999999
2026-08-12,ILI incidence,4,2026-08-30,GR,quantile,0.900,592.3100000000004
2026-08-12,ILI incidence,4,2026-08-30,GR,quantile,0.950,755.4000000000001
2026-08-12,ILI incidence,4,2026-08-30,GR,quantile,0.975,1105.172499999999
2026-08-12,ILI incidence,4,2026-08-30,GR,quantile,0.990,1396.8170000000005
2026-08-12,ILI incidence,4,2026-08-30,GR,median,,223.80000000000004
2026-08-12,ILI incidence,1,2026-08-09,HU,quantile,0.010,0.0
2026-08-12,ILI incidence,1,2026-08-09,HU,quantile,0.025,0.0
2026-08-12,ILI incidence,1,2026-08-09,HU,quantile,0.050,0.0
2026-08-12,ILI incidence,1,2026-08-09,HU,quantile,0.100,0.0
2026-08-12,ILI incidence,1,2026-08-09,HU,quantile,0.150,0.0
2026-08-12,ILI incidence,1,2026-08-09,HU,quantile,0.200,0.0
2026-08-12,ILI incidence,1,2026-08-09,HU,quantile,0.250,0.0
2026-08-12,ILI incidence,1,2026-08-09,HU,quantile,0.300,0.0
2026-08-12,ILI incidence,1,2026-08-09,HU,quantile,0.350,6.799999999999997
2026-08-12,ILI incidence,1,2026-08-09,HU,quantile,0.400,14.70000000000001
2026-08-12,ILI incidence,1,2026-08-09,HU,quantile,0.450,17.999999999999993
2026-08-12,ILI incidence,1,2026-08-09,HU,quantile,0.500,23.499999999999993
2026-08-12,ILI incidence,1,2026-08-09,HU,quantile,0.550,30.199999999999996
2026-08-12,ILI incidence,1,2026-08-09,HU,quantile,0.600,34.00000000000002
2026-08-12,ILI incidence,1,2026-08-09,HU,quantile,0.650,40.57500000000018
2026-08-12,ILI incidence,1,2026-08-09,HU,quantile,0.700,52.100000000000044
2026-08-12,ILI incidence,1,2026-08-09,HU,quantile,0.750,59.50000000000002
2026-08-12,ILI incidence,1,2026-08-09,HU,quantile,0.800,67.4
2026-08-12,ILI incidence,1,2026-08-09,HU,quantile,0.850,98.0
2026-08-12,ILI incidence,1,2026-08-09,HU,quantile,0.900,128.1
2026-08-12,ILI incidence,1,2026-08-09,HU,quantile,0.950,166.79999999999998
2026-08-12,ILI incidence,1,2026-08-09,HU,quantile,0.975,203.8000000000001
2026-08-12,ILI incidence,1,2026-08-09,HU,quantile,0.990,268.7
2026-08-12,ILI incidence,1,2026-08-09,HU,median,,23.499999999999993
2026-08-12,ILI incidence,2,2026-08-16,HU,quantile,0.010,0.0
2026-08-12,ILI incidence,2,2026-08-16,HU,quantile,0.025,0.0
2026-08-12,ILI incidence,2,2026-08-16,HU,quantile,0.050,0.0
2026-08-12,ILI incidence,2,2026-08-16,HU,quantile,0.100,0.0
2026-08-12,ILI incidence,2,2026-08-16,HU,quantile,0.150,0.0
2026-08-12,ILI incidence,2,2026-08-16,HU,quantile,0.200,0.0
2026-08-12,ILI incidence,2,2026-08-16,HU,quantile,0.250,0.0
2026-08-12,ILI incidence,2,2026-08-16,HU,quantile,0.300,0.0
2026-08-12,ILI incidence,2,2026-08-16,HU,quantile,0.350,0.0
2026-08-12,ILI incidence,2,2026-08-16,HU,quantile,0.400,2.6000000000000014
2026-08-12,ILI incidence,2,2026-08-16,HU,quantile,0.450,14.199999999999969
2026-08-12,ILI incidence,2,2026-08-16,HU,quantile,0.500,24.4
2026-08-12,ILI incidence,2,2026-08-16,HU,quantile,0.550,34.300000000000004
2026-08-12,ILI incidence,2,2026-08-16,HU,quantile,0.600,45.9
2026-08-12,ILI incidence,2,2026-08-16,HU,quantile,0.650,58.93500000000003
2026-08-12,ILI incidence,2,2026-08-16,HU,quantile,0.700,73.32999999999993
2026-08-12,ILI incidence,2,2026-08-16,HU,quantile,0.750,91.20000000000002
2026-08-12,ILI incidence,2,2026-08-16,HU,quantile,0.800,112.22000000000007
2026-08-12,ILI incidence,2,2026-08-16,HU,quantile,0.850,136.01499999999993
2026-08-12,ILI incidence,2,2026-08-16,HU,quantile,0.900,166.3100000000001
2026-08-12,ILI incidence,2,2026-08-16,HU,quantile,0.950,219.50500000000005
2026-08-12,ILI incidence,2,2026-08-16,HU,quantile,0.975,267.5199999999996
2026-08-12,ILI incidence,2,2026-08-16,HU,quantile,0.990,320.80299999999994
2026-08-12,ILI incidence,2,2026-08-16,HU,median,,24.4
2026-08-12,ILI incidence,3,2026-08-23,HU,quantile,0.010,0.0
2026-08-12,ILI incidence,3,2026-08-23,HU,quantile,0.025,0.0
2026-08-12,ILI incidence,3,2026-08-23,HU,quantile,0.050,0.0
2026-08-12,ILI incidence,3,2026-08-23,HU,quantile,0.100,0.0
2026-08-12,ILI incidence,3,2026-08-23,HU,quantile,0.150,0.0
2026-08-12,ILI incidence,3,2026-08-23,HU,quantile,0.200,0.0
2026-08-12,ILI incidence,3,2026-08-23,HU,quantile,0.250,0.0
2026-08-12,ILI incidence,3,2026-08-23,HU,quantile,0.300,0.0
2026-08-12,ILI incidence,3,2026-08-23,HU,quantile,0.350,0.0
2026-08-12,ILI incidence,3,2026-08-23,HU,quantile,0.400,0.0
2026-08-12,ILI incidence,3,2026-08-23,HU,quantile,0.450,9.100000000000048
2026-08-12,ILI incidence,3,2026-08-23,HU,quantile,0.500,24.399999999999967
2026-08-12,ILI incidence,3,2026-08-23,HU,quantile,0.550,39.40000000000003
2026-08-12,ILI incidence,3,2026-08-23,HU,quantile,0.600,55.03999999999997
2026-08-12,ILI incidence,3,2026-08-23,HU,quantile,0.650,70.6
2026-08-12,ILI incidence,3,2026-08-23,HU,quantile,0.700,89.6
2026-08-12,ILI incidence,3,2026-08-23,HU,quantile,0.750,112.09999999999998
2026-08-12,ILI incidence,3,2026-08-23,HU,quantile,0.800,135.79999999999998
2026-08-12,ILI incidence,3,2026-08-23,HU,quantile,0.850,164.91499999999996
2026-08-12,ILI incidence,3,2026-08-23,HU,quantile,0.900,203.92000000000013
2026-08-12,ILI incidence,3,2026-08-23,HU,quantile,0.950,261.61499999999967
2026-08-12,ILI incidence,3,2026-08-23,HU,quantile,0.975,315.3024999999999
2026-08-12,ILI incidence,3,2026-08-23,HU,quantile,0.990,371.70800000000014
2026-08-12,ILI incidence,3,2026-08-23,HU,median,,24.399999999999967
2026-08-12,ILI incidence,4,2026-08-30,HU,quantile,0.010,0.0
2026-08-12,ILI incidence,4,2026-08-30,HU,quantile,0.025,0.0
2026-08-12,ILI incidence,4,2026-08-30,HU,quantile,0.050,0.0
2026-08-12,ILI incidence,4,2026-08-30,HU,quantile,0.100,0.0
2026-08-12,ILI incidence,4,2026-08-30,HU,quantile,0.150,0.0
2026-08-12,ILI incidence,4,2026-08-30,HU,quantile,0.200,0.0
2026-08-12,ILI incidence,4,2026-08-30,HU,quantile,0.250,0.0
2026-08-12,ILI incidence,4,2026-08-30,HU,quantile,0.300,0.0
2026-08-12,ILI incidence,4,2026-08-30,HU,quantile,0.350,0.0
2026-08-12,ILI incidence,4,2026-08-30,HU,quantile,0.400,0.0
2026-08-12,ILI incidence,4,2026-08-30,HU,quantile,0.450,6.000000000000021
2026-08-12,ILI incidence,4,2026-08-30,HU,quantile,0.500,25.600000000000016
2026-08-12,ILI incidence,4,2026-08-30,HU,quantile,0.550,43.54500000000005
2026-08-12,ILI incidence,4,2026-08-30,HU,quantile,0.600,61.40000000000001
2026-08-12,ILI incidence,4,2026-08-30,HU,quantile,0.650,81.83500000000008
2026-08-12,ILI incidence,4,2026-08-30,HU,quantile,0.700,104.22999999999995
2026-08-12,ILI incidence,4,2026-08-30,HU,quantile,0.750,129.0
2026-08-12,ILI incidence,4,2026-08-30,HU,quantile,0.800,156.54000000000016
2026-08-12,ILI incidence,4,2026-08-30,HU,quantile,0.850,190.115
2026-08-12,ILI incidence,4,2026-08-30,HU,quantile,0.900,237.00000000000006
2026-08-12,ILI incidence,4,2026-08-30,HU,quantile,0.950,301.5049999999999
2026-08-12,ILI incidence,4,2026-08-30,HU,quantile,0.975,362.82749999999965
2026-08-12,ILI incidence,4,2026-08-30,HU,quantile,0.990,438.5050000000001
2026-08-12,ILI incidence,4,2026-08-30,HU,median,,25.600000000000016
2026-08-12,ILI incidence,1,2026-08-09,IS,quantile,0.010,0.0
2026-08-12,ILI incidence,1,2026-08-09,IS,quantile,0.025,0.0
2026-08-12,ILI incidence,1,2026-08-09,IS,quantile,0.050,0.0
2026-08-12,ILI incidence,1,2026-08-09,IS,quantile,0.100,0.0
2026-08-12,ILI incidence,1,2026-08-09,IS,quantile,0.150,0.0
2026-08-12,ILI incidence,1,2026-08-09,IS,quantile,0.200,0.0
2026-08-12,ILI incidence,1,2026-08-09,IS,quantile,0.250,0.0
2026-08-12,ILI incidence,1,2026-08-09,IS,quantile,0.300,0.0
2026-08-12,ILI incidence,1,2026-08-09,IS,quantile,0.350,0.0
2026-08-12,ILI incidence,1,2026-08-09,IS,quantile,0.400,0.0
2026-08-12,ILI incidence,1,2026-08-09,IS,quantile,0.450,0.0
2026-08-12,ILI incidence,1,2026-08-09,IS,quantile,0.500,0.0
2026-08-12,ILI incidence,1,2026-08-09,IS,quantile,0.550,0.2999999999999998
2026-08-12,ILI incidence,1,2026-08-09,IS,quantile,0.600,0.5
2026-08-12,ILI incidence,1,2026-08-09,IS,quantile,0.650,0.8000000000000007
2026-08-12,ILI incidence,1,2026-08-09,IS,quantile,0.700,1.2999999999999998
2026-08-12,ILI incidence,1,2026-08-09,IS,quantile,0.750,1.7999999999999998
2026-08-12,ILI incidence,1,2026-08-09,IS,quantile,0.800,2.3
2026-08-12,ILI incidence,1,2026-08-09,IS,quantile,0.850,2.9000000000000004
2026-08-12,ILI incidence,1,2026-08-09,IS,quantile,0.900,4.199999999999999
2026-08-12,ILI incidence,1,2026-08-09,IS,quantile,0.950,7.2
2026-08-12,ILI incidence,1,2026-08-09,IS,quantile,0.975,11.0
2026-08-12,ILI incidence,1,2026-08-09,IS,quantile,0.990,18.802000000000046
2026-08-12,ILI incidence,1,2026-08-09,IS,median,,0.0
2026-08-12,ILI incidence,2,2026-08-16,IS,quantile,0.010,0.0
2026-08-12,ILI incidence,2,2026-08-16,IS,quantile,0.025,0.0
2026-08-12,ILI incidence,2,2026-08-16,IS,quantile,0.050,0.0
2026-08-12,ILI incidence,2,2026-08-16,IS,quantile,0.100,0.0
2026-08-12,ILI incidence,2,2026-08-16,IS,quantile,0.150,0.0
2026-08-12,ILI incidence,2,2026-08-16,IS,quantile,0.200,0.0
2026-08-12,ILI incidence,2,2026-08-16,IS,quantile,0.250,0.0
2026-08-12,ILI incidence,2,2026-08-16,IS,quantile,0.300,0.0
2026-08-12,ILI incidence,2,2026-08-16,IS,quantile,0.350,0.0
2026-08-12,ILI incidence,2,2026-08-16,IS,quantile,0.400,0.0
2026-08-12,ILI incidence,2,2026-08-16,IS,quantile,0.450,0.0
2026-08-12,ILI incidence,2,2026-08-16,IS,quantile,0.500,0.0
2026-08-12,ILI incidence,2,2026-08-16,IS,quantile,0.550,0.40000000000000036
2026-08-12,ILI incidence,2,2026-08-16,IS,quantile,0.600,0.8
2026-08-12,ILI incidence,2,2026-08-16,IS,quantile,0.650,1.2999999999999998
2026-08-12,ILI incidence,2,2026-08-16,IS,quantile,0.700,1.7999999999999998
2026-08-12,ILI incidence,2,2026-08-16,IS,quantile,0.750,2.3999999999999995
2026-08-12,ILI incidence,2,2026-08-16,IS,quantile,0.800,3.0999999999999988
2026-08-12,ILI incidence,2,2026-08-16,IS,quantile,0.850,4.1000000000000005
2026-08-12,ILI incidence,2,2026-08-16,IS,quantile,0.900,5.899999999999999
2026-08-12,ILI incidence,2,2026-08-16,IS,quantile,0.950,9.40499999999993
2026-08-12,ILI incidence,2,2026-08-16,IS,quantile,0.975,13.399999999999999
2026-08-12,ILI incidence,2,2026-08-16,IS,quantile,0.990,20.2
2026-08-12,ILI incidence,2,2026-08-16,IS,median,,0.0
2026-08-12,ILI incidence,3,2026-08-23,IS,quantile,0.010,0.0
2026-08-12,ILI incidence,3,2026-08-23,IS,quantile,0.025,0.0
2026-08-12,ILI incidence,3,2026-08-23,IS,quantile,0.050,0.0
2026-08-12,ILI incidence,3,2026-08-23,IS,quantile,0.100,0.0
2026-08-12,ILI incidence,3,2026-08-23,IS,quantile,0.150,0.0
2026-08-12,ILI incidence,3,2026-08-23,IS,quantile,0.200,0.0
2026-08-12,ILI incidence,3,2026-08-23,IS,quantile,0.250,0.0
2026-08-12,ILI incidence,3,2026-08-23,IS,quantile,0.300,0.0
2026-08-12,ILI incidence,3,2026-08-23,IS,quantile,0.350,0.0
2026-08-12,ILI incidence,3,2026-08-23,IS,quantile,0.400,0.0
2026-08-12,ILI incidence,3,2026-08-23,IS,quantile,0.450,0.0
2026-08-12,ILI incidence,3,2026-08-23,IS,quantile,0.500,0.0
2026-08-12,ILI incidence,3,2026-08-23,IS,quantile,0.550,0.5000000000000002
2026-08-12,ILI incidence,3,2026-08-23,IS,quantile,0.600,1.0999999999999996
2026-08-12,ILI incidence,3,2026-08-23,IS,quantile,0.650,1.6000000000000012
2026-08-12,ILI incidence,3,2026-08-23,IS,quantile,0.700,2.3
2026-08-12,ILI incidence,3,2026-08-23,IS,quantile,0.750,3.000000000000001
2026-08-12,ILI incidence,3,2026-08-23,IS,quantile,0.800,3.9
2026-08-12,ILI incidence,3,2026-08-23,IS,quantile,0.850,5.199999999999998
2026-08-12,ILI incidence,3,2026-08-23,IS,quantile,0.900,7.0
2026-08-12,ILI incidence,3,2026-08-23,IS,quantile,0.950,10.804999999999929
2026-08-12,ILI incidence,3,2026-08-23,IS,quantile,0.975,15.8
2026-08-12,ILI incidence,3,2026-08-23,IS,quantile,0.990,21.301000000000023
2026-08-12,ILI incidence,3,2026-08-23,IS,median,,0.0
2026-08-12,ILI incidence,4,2026-08-30,IS,quantile,0.010,0.0
2026-08-12,ILI incidence,4,2026-08-30,IS,quantile,0.025,0.0
2026-08-12,ILI incidence,4,2026-08-30,IS,quantile,0.050,0.0
2026-08-12,ILI incidence,4,2026-08-30,IS,quantile,0.100,0.0
2026-08-12,ILI incidence,4,2026-08-30,IS,quantile,0.150,0.0
2026-08-12,ILI incidence,4,2026-08-30,IS,quantile,0.200,0.0
2026-08-12,ILI incidence,4,2026-08-30,IS,quantile,0.250,0.0
2026-08-12,ILI incidence,4,2026-08-30,IS,quantile,0.300,0.0
2026-08-12,ILI incidence,4,2026-08-30,IS,quantile,0.350,0.0
2026-08-12,ILI incidence,4,2026-08-30,IS,quantile,0.400,0.0
2026-08-12,ILI incidence,4,2026-08-30,IS,quantile,0.450,0.0
2026-08-12,ILI incidence,4,2026-08-30,IS,quantile,0.500,0.0
2026-08-12,ILI incidence,4,2026-08-30,IS,quantile,0.550,0.6000000000000011
2026-08-12,ILI incidence,4,2026-08-30,IS,quantile,0.600,1.3
2026-08-12,ILI incidence,4,2026-08-30,IS,quantile,0.650,2.0
2026-08-12,ILI incidence,4,2026-08-30,IS,quantile,0.700,2.7000000000000006
2026-08-12,ILI incidence,4,2026-08-30,IS,quantile,0.750,3.6000000000000005
2026-08-12,ILI incidence,4,2026-08-30,IS,quantile,0.800,4.7
2026-08-12,ILI incidence,4,2026-08-30,IS,quantile,0.850,6.099999999999999
2026-08-12,ILI incidence,4,2026-08-30,IS,quantile,0.900,8.399999999999999
2026-08-12,ILI incidence,4,2026-08-30,IS,quantile,0.950,12.404999999999928
2026-08-12,ILI incidence,4,2026-08-30,IS,quantile,0.975,18.2
2026-08-12,ILI incidence,4,2026-08-30,IS,quantile,0.990,22.9
2026-08-12,ILI incidence,4,2026-08-30,IS,median,,0.0
2026-08-12,ILI incidence,1,2026-08-09,IE,quantile,0.010,0.0
2026-08-12,ILI incidence,1,2026-08-09,IE,quantile,0.025,0.0
2026-08-12,ILI incidence,1,2026-08-09,IE,quantile,0.050,0.0
2026-08-12,ILI incidence,1,2026-08-09,IE,quantile,0.100,0.0
2026-08-12,ILI incidence,1,2026-08-09,IE,quantile,0.150,0.0
2026-08-12,ILI incidence,1,2026-08-09,IE,quantile,0.200,0.0
2026-08-12,ILI incidence,1,2026-08-09,IE,quantile,0.250,0.0
2026-08-12,ILI incidence,1,2026-08-09,IE,quantile,0.300,0.0
2026-08-12,ILI incidence,1,2026-08-09,IE,quantile,0.350,0.0
2026-08-12,ILI incidence,1,2026-08-09,IE,quantile,0.400,0.0
2026-08-12,ILI incidence,1,2026-08-09,IE,quantile,0.450,0.1000000000000002
2026-08-12,ILI incidence,1,2026-08-09,IE,quantile,0.500,0.4
2026-08-12,ILI incidence,1,2026-08-09,IE,quantile,0.550,0.6000000000000001
2026-08-12,ILI incidence,1,2026-08-09,IE,quantile,0.600,1.0
2026-08-12,ILI incidence,1,2026-08-09,IE,quantile,0.650,1.1
2026-08-12,ILI incidence,1,2026-08-09,IE,quantile,0.700,1.5
2026-08-12,ILI incidence,1,2026-08-09,IE,quantile,0.750,1.9
2026-08-12,ILI incidence,1,2026-08-09,IE,quantile,0.800,2.1999999999999997
2026-08-12,ILI incidence,1,2026-08-09,IE,quantile,0.850,2.8000000000000003
2026-08-12,ILI incidence,1,2026-08-09,IE,quantile,0.900,4.4
2026-08-12,ILI incidence,1,2026-08-09,IE,quantile,0.950,8.8
2026-08-12,ILI incidence,1,2026-08-09,IE,quantile,0.975,21.5
2026-08-12,ILI incidence,1,2026-08-09,IE,quantile,0.990,31.5
2026-08-12,ILI incidence,1,2026-08-09,IE,median,,0.4
2026-08-12,ILI incidence,2,2026-08-16,IE,quantile,0.010,0.0
2026-08-12,ILI incidence,2,2026-08-16,IE,quantile,0.025,0.0
2026-08-12,ILI incidence,2,2026-08-16,IE,quantile,0.050,0.0
2026-08-12,ILI incidence,2,2026-08-16,IE,quantile,0.100,0.0
2026-08-12,ILI incidence,2,2026-08-16,IE,quantile,0.150,0.0
2026-08-12,ILI incidence,2,2026-08-16,IE,quantile,0.200,0.0
2026-08-12,ILI incidence,2,2026-08-16,IE,quantile,0.250,0.0
2026-08-12,ILI incidence,2,2026-08-16,IE,quantile,0.300,0.0
2026-08-12,ILI incidence,2,2026-08-16,IE,quantile,0.350,0.0
2026-08-12,ILI incidence,2,2026-08-16,IE,quantile,0.400,0.0
2026-08-12,ILI incidence,2,2026-08-16,IE,quantile,0.450,0.0
2026-08-12,ILI incidence,2,2026-08-16,IE,quantile,0.500,0.4
2026-08-12,ILI incidence,2,2026-08-16,IE,quantile,0.550,0.8000000000000004
2026-08-12,ILI incidence,2,2026-08-16,IE,quantile,0.600,1.3000000000000003
2026-08-12,ILI incidence,2,2026-08-16,IE,quantile,0.650,1.9
2026-08-12,ILI incidence,2,2026-08-16,IE,quantile,0.700,2.5
2026-08-12,ILI incidence,2,2026-08-16,IE,quantile,0.750,3.2000000000000006
2026-08-12,ILI incidence,2,2026-08-16,IE,quantile,0.800,4.2
2026-08-12,ILI incidence,2,2026-08-16,IE,quantile,0.850,5.9
2026-08-12,ILI incidence,2,2026-08-16,IE,quantile,0.900,8.999999999999998
2026-08-12,ILI incidence,2,2026-08-16,IE,quantile,0.950,21.80499999999993
2026-08-12,ILI incidence,2,2026-08-16,IE,quantile,0.975,30.70249999999996
2026-08-12,ILI incidence,2,2026-08-16,IE,quantile,0.990,36.9
2026-08-12,ILI incidence,2,2026-08-16,IE,median,,0.4
2026-08-12,ILI incidence,3,2026-08-23,IE,quantile,0.010,0.0
2026-08-12,ILI incidence,3,2026-08-23,IE,quantile,0.025,0.0
2026-08-12,ILI incidence,3,2026-08-23,IE,quantile,0.050,0.0
2026-08-12,ILI incidence,3,2026-08-23,IE,quantile,0.100,0.0
2026-08-12,ILI incidence,3,2026-08-23,IE,quantile,0.150,0.0
2026-08-12,ILI incidence,3,2026-08-23,IE,quantile,0.200,0.0
2026-08-12,ILI incidence,3,2026-08-23,IE,quantile,0.250,0.0
2026-08-12,ILI incidence,3,2026-08-23,IE,quantile,0.300,0.0
2026-08-12,ILI incidence,3,2026-08-23,IE,quantile,0.350,0.0
2026-08-12,ILI incidence,3,2026-08-23,IE,quantile,0.400,0.0
2026-08-12,ILI incidence,3,2026-08-23,IE,quantile,0.450,0.0
2026-08-12,ILI incidence,3,2026-08-23,IE,quantile,0.500,0.3000000000000004
2026-08-12,ILI incidence,3,2026-08-23,IE,quantile,0.550,1.0
2026-08-12,ILI incidence,3,2026-08-23,IE,quantile,0.600,1.7000000000000002
2026-08-12,ILI incidence,3,2026-08-23,IE,quantile,0.650,2.5
2026-08-12,ILI incidence,3,2026-08-23,IE,quantile,0.700,3.4000000000000004
2026-08-12,ILI incidence,3,2026-08-23,IE,quantile,0.750,4.6
2026-08-12,ILI incidence,3,2026-08-23,IE,quantile,0.800,6.1000000000000005
2026-08-12,ILI incidence,3,2026-08-23,IE,quantile,0.850,8.6
2026-08-12,ILI incidence,3,2026-08-23,IE,quantile,0.900,13.710000000000036
2026-08-12,ILI incidence,3,2026-08-23,IE,quantile,0.950,26.499999999999996
2026-08-12,ILI incidence,3,2026-08-23,IE,quantile,0.975,34.6
2026-08-12,ILI incidence,3,2026-08-23,IE,quantile,0.990,48.00500000000011
2026-08-12,ILI incidence,3,2026-08-23,IE,median,,0.3000000000000004
2026-08-12,ILI incidence,4,2026-08-30,IE,quantile,0.010,0.0
2026-08-12,ILI incidence,4,2026-08-30,IE,quantile,0.025,0.0
2026-08-12,ILI incidence,4,2026-08-30,IE,quantile,0.050,0.0
2026-08-12,ILI incidence,4,2026-08-30,IE,quantile,0.100,0.0
2026-08-12,ILI incidence,4,2026-08-30,IE,quantile,0.150,0.0
2026-08-12,ILI incidence,4,2026-08-30,IE,quantile,0.200,0.0
2026-08-12,ILI incidence,4,2026-08-30,IE,quantile,0.250,0.0
2026-08-12,ILI incidence,4,2026-08-30,IE,quantile,0.300,0.0
2026-08-12,ILI incidence,4,2026-08-30,IE,quantile,0.350,0.0
2026-08-12,ILI incidence,4,2026-08-30,IE,quantile,0.400,0.0
2026-08-12,ILI incidence,4,2026-08-30,IE,quantile,0.450,0.0
2026-08-12,ILI incidence,4,2026-08-30,IE,quantile,0.500,0.20000000000000057
2026-08-12,ILI incidence,4,2026-08-30,IE,quantile,0.550,1.1000000000000003
2026-08-12,ILI incidence,4,2026-08-30,IE,quantile,0.600,2.0999999999999983
2026-08-12,ILI incidence,4,2026-08-30,IE,quantile,0.650,3.2000000000000006
2026-08-12,ILI incidence,4,2026-08-30,IE,quantile,0.700,4.400000000000005
2026-08-12,ILI incidence,4,2026-08-30,IE,quantile,0.750,6.0
2026-08-12,ILI incidence,4,2026-08-30,IE,quantile,0.800,8.2
2026-08-12,ILI incidence,4,2026-08-30,IE,quantile,0.850,11.500000000000002
2026-08-12,ILI incidence,4,2026-08-30,IE,quantile,0.900,18.999999999999996
2026-08-12,ILI incidence,4,2026-08-30,IE,quantile,0.950,29.59999999999999
2026-08-12,ILI incidence,4,2026-08-30,IE,quantile,0.975,37.20249999999996
2026-08-12,ILI incidence,4,2026-08-30,IE,quantile,0.990,52.699999999999996
2026-08-12,ILI incidence,4,2026-08-30,IE,median,,0.20000000000000057
2026-08-12,ILI incidence,1,2026-08-09,LT,quantile,0.010,0.0
2026-08-12,ILI incidence,1,2026-08-09,LT,quantile,0.025,0.0
2026-08-12,ILI incidence,1,2026-08-09,LT,quantile,0.050,0.0
2026-08-12,ILI incidence,1,2026-08-09,LT,quantile,0.100,0.0
2026-08-12,ILI incidence,1,2026-08-09,LT,quantile,0.150,0.0
2026-08-12,ILI incidence,1,2026-08-09,LT,quantile,0.200,0.0
2026-08-12,ILI incidence,1,2026-08-09,LT,quantile,0.250,0.0
2026-08-12,ILI incidence,1,2026-08-09,LT,quantile,0.300,0.0
2026-08-12,ILI incidence,1,2026-08-09,LT,quantile,0.350,0.5000000000000001
2026-08-12,ILI incidence,1,2026-08-09,LT,quantile,0.400,0.8
2026-08-12,ILI incidence,1,2026-08-09,LT,quantile,0.450,0.9000000000000001
2026-08-12,ILI incidence,1,2026-08-09,LT,quantile,0.500,1.1
2026-08-12,ILI incidence,1,2026-08-09,LT,quantile,0.550,1.3
2026-08-12,ILI incidence,1,2026-08-09,LT,quantile,0.600,1.5
2026-08-12,ILI incidence,1,2026-08-09,LT,quantile,0.650,1.7000000000000002
2026-08-12,ILI incidence,1,2026-08-09,LT,quantile,0.700,2.1000000000000005
2026-08-12,ILI incidence,1,2026-08-09,LT,quantile,0.750,3.1000000000000005
2026-08-12,ILI incidence,1,2026-08-09,LT,quantile,0.800,5.1
2026-08-12,ILI incidence,1,2026-08-09,LT,quantile,0.850,12.9
2026-08-12,ILI incidence,1,2026-08-09,LT,quantile,0.900,29.999999999999993
2026-08-12,ILI incidence,1,2026-08-09,LT,quantile,0.950,54.99999999999998
2026-08-12,ILI incidence,1,2026-08-09,LT,quantile,0.975,89.1
2026-08-12,ILI incidence,1,2026-08-09,LT,quantile,0.990,140.49999999999997
2026-08-12,ILI incidence,1,2026-08-09,LT,median,,1.1
2026-08-12,ILI incidence,2,2026-08-16,LT,quantile,0.010,0.0
2026-08-12,ILI incidence,2,2026-08-16,LT,quantile,0.025,0.0
2026-08-12,ILI incidence,2,2026-08-16,LT,quantile,0.050,0.0
2026-08-12,ILI incidence,2,2026-08-16,LT,quantile,0.100,0.0
2026-08-12,ILI incidence,2,2026-08-16,LT,quantile,0.150,0.0
2026-08-12,ILI incidence,2,2026-08-16,LT,quantile,0.200,0.0
2026-08-12,ILI incidence,2,2026-08-16,LT,quantile,0.250,0.0
2026-08-12,ILI incidence,2,2026-08-16,LT,quantile,0.300,0.0
2026-08-12,ILI incidence,2,2026-08-16,LT,quantile,0.350,0.0
2026-08-12,ILI incidence,2,2026-08-16,LT,quantile,0.400,0.0
2026-08-12,ILI incidence,2,2026-08-16,LT,quantile,0.450,0.5000000000000002
2026-08-12,ILI incidence,2,2026-08-16,LT,quantile,0.500,1.1
2026-08-12,ILI incidence,2,2026-08-16,LT,quantile,0.550,1.6000000000000003
2026-08-12,ILI incidence,2,2026-08-16,LT,quantile,0.600,2.4
2026-08-12,ILI incidence,2,2026-08-16,LT,quantile,0.650,3.8000000000000003
2026-08-12,ILI incidence,2,2026-08-16,LT,quantile,0.700,6.6
2026-08-12,ILI incidence,2,2026-08-16,LT,quantile,0.750,12.825000000000008
2026-08-12,ILI incidence,2,2026-08-16,LT,quantile,0.800,23.220000000000077
2026-08-12,ILI incidence,2,2026-08-16,LT,quantile,0.850,36.70000000000001
2026-08-12,ILI incidence,2,2026-08-16,LT,quantile,0.900,54.49999999999998
2026-08-12,ILI incidence,2,2026-08-16,LT,quantile,0.950,93.29999999999997
2026-08-12,ILI incidence,2,2026-08-16,LT,quantile,0.975,137.00999999999985
2026-08-12,ILI incidence,2,2026-08-16,LT,quantile,0.990,168.59999999999997
2026-08-12,ILI incidence,2,2026-08-16,LT,median,,1.1
2026-08-12,ILI incidence,3,2026-08-23,LT,quantile,0.010,0.0
2026-08-12,ILI incidence,3,2026-08-23,LT,quantile,0.025,0.0
2026-08-12,ILI incidence,3,2026-08-23,LT,quantile,0.050,0.0
2026-08-12,ILI incidence,3,2026-08-23,LT,quantile,0.100,0.0
2026-08-12,ILI incidence,3,2026-08-23,LT,quantile,0.150,0.0
2026-08-12,ILI incidence,3,2026-08-23,LT,quantile,0.200,0.0
2026-08-12,ILI incidence,3,2026-08-23,LT,quantile,0.250,0.0
2026-08-12,ILI incidence,3,2026-08-23,LT,quantile,0.300,0.0
2026-08-12,ILI incidence,3,2026-08-23,LT,quantile,0.350,0.0
2026-08-12,ILI incidence,3,2026-08-23,LT,quantile,0.400,0.0
2026-08-12,ILI incidence,3,2026-08-23,LT,quantile,0.450,0.0
2026-08-12,ILI incidence,3,2026-08-23,LT,quantile,0.500,0.9000000000000004
2026-08-12,ILI incidence,3,2026-08-23,LT,quantile,0.550,2.2000000000000006
2026-08-12,ILI incidence,3,2026-08-23,LT,quantile,0.600,4.299999999999998
2026-08-12,ILI incidence,3,2026-08-23,LT,quantile,0.650,8.43500000000004
2026-08-12,ILI incidence,3,2026-08-23,LT,quantile,0.700,14.699999999999998
2026-08-12,ILI incidence,3,2026-08-23,LT,quantile,0.750,24.799999999999997
2026-08-12,ILI incidence,3,2026-08-23,LT,quantile,0.800,36.7
2026-08-12,ILI incidence,3,2026-08-23,LT,quantile,0.850,50.79999999999997
2026-08-12,ILI incidence,3,2026-08-23,LT,quantile,0.900,75.50000000000001
2026-08-12,ILI incidence,3,2026-08-23,LT,quantile,0.950,114.39999999999998
2026-08-12,ILI incidence,3,2026-08-23,LT,quantile,0.975,149.6
2026-08-12,ILI incidence,3,2026-08-23,LT,quantile,0.990,208.70600000000013
2026-08-12,ILI incidence,3,2026-08-23,LT,median,,0.9000000000000004
2026-08-12,ILI incidence,4,2026-08-30,LT,quantile,0.010,0.0
2026-08-12,ILI incidence,4,2026-08-30,LT,quantile,0.025,0.0
2026-08-12,ILI incidence,4,2026-08-30,LT,quantile,0.050,0.0
2026-08-12,ILI incidence,4,2026-08-30,LT,quantile,0.100,0.0
2026-08-12,ILI incidence,4,2026-08-30,LT,quantile,0.150,0.0
2026-08-12,ILI incidence,4,2026-08-30,LT,quantile,0.200,0.0
2026-08-12,ILI incidence,4,2026-08-30,LT,quantile,0.250,0.0
2026-08-12,ILI incidence,4,2026-08-30,LT,quantile,0.300,0.0
2026-08-12,ILI incidence,4,2026-08-30,LT,quantile,0.350,0.0
2026-08-12,ILI incidence,4,2026-08-30,LT,quantile,0.400,0.0
2026-08-12,ILI incidence,4,2026-08-30,LT,quantile,0.450,0.0
2026-08-12,ILI incidence,4,2026-08-30,LT,quantile,0.500,0.600000000000001
2026-08-12,ILI incidence,4,2026-08-30,LT,quantile,0.550,3.0
2026-08-12,ILI incidence,4,2026-08-30,LT,quantile,0.600,7.1
2026-08-12,ILI incidence,4,2026-08-30,LT,quantile,0.650,13.799999999999976
2026-08-12,ILI incidence,4,2026-08-30,LT,quantile,0.700,23.099999999999998
2026-08-12,ILI incidence,4,2026-08-30,LT,quantile,0.750,34.325
2026-08-12,ILI incidence,4,2026-08-30,LT,quantile,0.800,46.800000000000004
2026-08-12,ILI incidence,4,2026-08-30,LT,quantile,0.850,64.31499999999994
2026-08-12,ILI incidence,4,2026-08-30,LT,quantile,0.900,90.11000000000003
2026-08-12,ILI incidence,4,2026-08-30,LT,quantile,0.950,136.40499999999997
2026-08-12,ILI incidence,4,2026-08-30,LT,quantile,0.975,170.20249999999993
2026-08-12,ILI incidence,4,2026-08-30,LT,quantile,0.990,226.40100000000004
2026-08-12,ILI incidence,4,2026-08-30,LT,median,,0.600000000000001
2026-08-12,ILI incidence,1,2026-08-09,LU,quantile,0.010,0.0
2026-08-12,ILI incidence,1,2026-08-09,LU,quantile,0.025,0.0
2026-08-12,ILI incidence,1,2026-08-09,LU,quantile,0.050,0.0
2026-08-12,ILI incidence,1,2026-08-09,LU,quantile,0.100,0.0
2026-08-12,ILI incidence,1,2026-08-09,LU,quantile,0.150,0.0
2026-08-12,ILI incidence,1,2026-08-09,LU,quantile,0.200,0.0
2026-08-12,ILI incidence,1,2026-08-09,LU,quantile,0.250,0.0
2026-08-12,ILI incidence,1,2026-08-09,LU,quantile,0.300,0.0
2026-08-12,ILI incidence,1,2026-08-09,LU,quantile,0.350,0.0
2026-08-12,ILI incidence,1,2026-08-09,LU,quantile,0.400,0.0
2026-08-12,ILI incidence,1,2026-08-09,LU,quantile,0.450,0.0
2026-08-12,ILI incidence,1,2026-08-09,LU,quantile,0.500,0.0
2026-08-12,ILI incidence,1,2026-08-09,LU,quantile,0.550,200.0
2026-08-12,ILI incidence,1,2026-08-09,LU,quantile,0.600,400.0
2026-08-12,ILI incidence,1,2026-08-09,LU,quantile,0.650,600.0
2026-08-12,ILI incidence,1,2026-08-09,LU,quantile,0.700,900.0
2026-08-12,ILI incidence,1,2026-08-09,LU,quantile,0.750,1100.0
2026-08-12,ILI incidence,1,2026-08-09,LU,quantile,0.800,1600.0
2026-08-12,ILI incidence,1,2026-08-09,LU,quantile,0.850,2000.0
2026-08-12,ILI incidence,1,2026-08-09,LU,quantile,0.900,2500.0
2026-08-12,ILI incidence,1,2026-08-09,LU,quantile,0.950,3800.0
2026-08-12,ILI incidence,1,2026-08-09,LU,quantile,0.975,5300.0
2026-08-12,ILI incidence,1,2026-08-09,LU,quantile,0.990,8300.0
2026-08-12,ILI incidence,1,2026-08-09,LU,median,,0.0
2026-08-12,ILI incidence,2,2026-08-16,LU,quantile,0.010,0.0
2026-08-12,ILI incidence,2,2026-08-16,LU,quantile,0.025,0.0
2026-08-12,ILI incidence,2,2026-08-16,LU,quantile,0.050,0.0
2026-08-12,ILI incidence,2,2026-08-16,LU,quantile,0.100,0.0
2026-08-12,ILI incidence,2,2026-08-16,LU,quantile,0.150,0.0
2026-08-12,ILI incidence,2,2026-08-16,LU,quantile,0.200,0.0
2026-08-12,ILI incidence,2,2026-08-16,LU,quantile,0.250,0.0
2026-08-12,ILI incidence,2,2026-08-16,LU,quantile,0.300,0.0
2026-08-12,ILI incidence,2,2026-08-16,LU,quantile,0.350,0.0
2026-08-12,ILI incidence,2,2026-08-16,LU,quantile,0.400,0.0
2026-08-12,ILI incidence,2,2026-08-16,LU,quantile,0.450,0.0
2026-08-12,ILI incidence,2,2026-08-16,LU,quantile,0.500,0.0
2026-08-12,ILI incidence,2,2026-08-16,LU,quantile,0.550,300.0
2026-08-12,ILI incidence,2,2026-08-16,LU,quantile,0.600,700.0
2026-08-12,ILI incidence,2,2026-08-16,LU,quantile,0.650,1000.0
2026-08-12,ILI incidence,2,2026-08-16,LU,quantile,0.700,1400.0
2026-08-12,ILI incidence,2,2026-08-16,LU,quantile,0.750,1900.0
2026-08-12,ILI incidence,2,2026-08-16,LU,quantile,0.800,2400.0
2026-08-12,ILI incidence,2,2026-08-16,LU,quantile,0.850,3100.0
2026-08-12,ILI incidence,2,2026-08-16,LU,quantile,0.900,4100.0
2026-08-12,ILI incidence,2,2026-08-16,LU,quantile,0.950,5704.999999999927
2026-08-12,ILI incidence,2,2026-08-16,LU,quantile,0.975,8400.0
2026-08-12,ILI incidence,2,2026-08-16,LU,quantile,0.990,11800.0
2026-08-12,ILI incidence,2,2026-08-16,LU,median,,0.0
2026-08-12,ILI incidence,3,2026-08-23,LU,quantile,0.010,0.0
2026-08-12,ILI incidence,3,2026-08-23,LU,quantile,0.025,0.0
2026-08-12,ILI incidence,3,2026-08-23,LU,quantile,0.050,0.0
2026-08-12,ILI incidence,3,2026-08-23,LU,quantile,0.100,0.0
2026-08-12,ILI incidence,3,2026-08-23,LU,quantile,0.150,0.0
2026-08-12,ILI incidence,3,2026-08-23,LU,quantile,0.200,0.0
2026-08-12,ILI incidence,3,2026-08-23,LU,quantile,0.250,0.0
2026-08-12,ILI incidence,3,2026-08-23,LU,quantile,0.300,0.0
2026-08-12,ILI incidence,3,2026-08-23,LU,quantile,0.350,0.0
2026-08-12,ILI incidence,3,2026-08-23,LU,quantile,0.400,0.0
2026-08-12,ILI incidence,3,2026-08-23,LU,quantile,0.450,0.0
2026-08-12,ILI incidence,3,2026-08-23,LU,quantile,0.500,0.0
2026-08-12,ILI incidence,3,2026-08-23,LU,quantile,0.550,400.0
2026-08-12,ILI incidence,3,2026-08-23,LU,quantile,0.600,800.0
2026-08-12,ILI incidence,3,2026-08-23,LU,quantile,0.650,1400.0
2026-08-12,ILI incidence,3,2026-08-23,LU,quantile,0.700,1900.0
2026-08-12,ILI incidence,3,2026-08-23,LU,quantile,0.750,2500.0
2026-08-12,ILI incidence,3,2026-08-23,LU,quantile,0.800,3200.0
2026-08-12,ILI incidence,3,2026-08-23,LU,quantile,0.850,4000.0
2026-08-12,ILI incidence,3,2026-08-23,LU,quantile,0.900,5200.0
2026-08-12,ILI incidence,3,2026-08-23,LU,quantile,0.950,7600.0
2026-08-12,ILI incidence,3,2026-08-23,LU,quantile,0.975,10400.0
2026-08-12,ILI incidence,3,2026-08-23,LU,quantile,0.990,13200.0
2026-08-12,ILI incidence,3,2026-08-23,LU,median,,0.0
2026-08-12,ILI incidence,4,2026-08-30,LU,quantile,0.010,0.0
2026-08-12,ILI incidence,4,2026-08-30,LU,quantile,0.025,0.0
2026-08-12,ILI incidence,4,2026-08-30,LU,quantile,0.050,0.0
2026-08-12,ILI incidence,4,2026-08-30,LU,quantile,0.100,0.0
2026-08-12,ILI incidence,4,2026-08-30,LU,quantile,0.150,0.0
2026-08-12,ILI incidence,4,2026-08-30,LU,quantile,0.200,0.0
2026-08-12,ILI incidence,4,2026-08-30,LU,quantile,0.250,0.0
2026-08-12,ILI incidence,4,2026-08-30,LU,quantile,0.300,0.0
2026-08-12,ILI incidence,4,2026-08-30,LU,quantile,0.350,0.0
2026-08-12,ILI incidence,4,2026-08-30,LU,quantile,0.400,0.0
2026-08-12,ILI incidence,4,2026-08-30,LU,quantile,0.450,0.0
2026-08-12,ILI incidence,4,2026-08-30,LU,quantile,0.500,50.0
2026-08-12,ILI incidence,4,2026-08-30,LU,quantile,0.550,600.0
2026-08-12,ILI incidence,4,2026-08-30,LU,quantile,0.600,1100.0
2026-08-12,ILI incidence,4,2026-08-30,LU,quantile,0.650,1600.0
2026-08-12,ILI incidence,4,2026-08-30,LU,quantile,0.700,2300.0
2026-08-12,ILI incidence,4,2026-08-30,LU,quantile,0.750,3000.0
2026-08-12,ILI incidence,4,2026-08-30,LU,quantile,0.800,3800.0
2026-08-12,ILI incidence,4,2026-08-30,LU,quantile,0.850,4900.0
2026-08-12,ILI incidence,4,2026-08-30,LU,quantile,0.900,6200.0
2026-08-12,ILI incidence,4,2026-08-30,LU,quantile,0.950,8800.0
2026-08-12,ILI incidence,4,2026-08-30,LU,quantile,0.975,11600.0
2026-08-12,ILI incidence,4,2026-08-30,LU,quantile,0.990,14400.0
2026-08-12,ILI incidence,4,2026-08-30,LU,median,,50.0
2026-08-12,ILI incidence,1,2026-08-09,MT,quantile,0.010,0.0
2026-08-12,ILI incidence,1,2026-08-09,MT,quantile,0.025,0.0
2026-08-12,ILI incidence,1,2026-08-09,MT,quantile,0.050,0.0
2026-08-12,ILI incidence,1,2026-08-09,MT,quantile,0.100,0.0
2026-08-12,ILI incidence,1,2026-08-09,MT,quantile,0.150,200.0
2026-08-12,ILI incidence,1,2026-08-09,MT,quantile,0.200,500.0
2026-08-12,ILI incidence,1,2026-08-09,MT,quantile,0.250,900.0
2026-08-12,ILI incidence,1,2026-08-09,MT,quantile,0.300,1200.0
2026-08-12,ILI incidence,1,2026-08-09,MT,quantile,0.350,1400.0
2026-08-12,ILI incidence,1,2026-08-09,MT,quantile,0.400,1600.0
2026-08-12,ILI incidence,1,2026-08-09,MT,quantile,0.450,1800.0
2026-08-12,ILI incidence,1,2026-08-09,MT,quantile,0.500,1900.0
2026-08-12,ILI incidence,1,2026-08-09,MT,quantile,0.550,2200.0
2026-08-12,ILI incidence,1,2026-08-09,MT,quantile,0.600,2400.0
2026-08-12,ILI incidence,1,2026-08-09,MT,quantile,0.650,2600.0
2026-08-12,ILI incidence,1,2026-08-09,MT,quantile,0.700,2800.0
2026-08-12,ILI incidence,1,2026-08-09,MT,quantile,0.750,3100.0
2026-08-12,ILI incidence,1,2026-08-09,MT,quantile,0.800,3500.0
2026-08-12,ILI incidence,1,2026-08-09,MT,quantile,0.850,3800.0
2026-08-12,ILI incidence,1,2026-08-09,MT,quantile,0.900,4300.0
2026-08-12,ILI incidence,1,2026-08-09,MT,quantile,0.950,5000.0
2026-08-12,ILI incidence,1,2026-08-09,MT,quantile,0.975,6204.999999999927
2026-08-12,ILI incidence,1,2026-08-09,MT,quantile,0.990,8600.0
2026-08-12,ILI incidence,1,2026-08-09,MT,median,,1900.0
2026-08-12,ILI incidence,2,2026-08-16,MT,quantile,0.010,0.0
2026-08-12,ILI incidence,2,2026-08-16,MT,quantile,0.025,0.0
2026-08-12,ILI incidence,2,2026-08-16,MT,quantile,0.050,0.0
2026-08-12,ILI incidence,2,2026-08-16,MT,quantile,0.100,0.0
2026-08-12,ILI incidence,2,2026-08-16,MT,quantile,0.150,0.0
2026-08-12,ILI incidence,2,2026-08-16,MT,quantile,0.200,0.0
2026-08-12,ILI incidence,2,2026-08-16,MT,quantile,0.250,300.0
2026-08-12,ILI incidence,2,2026-08-16,MT,quantile,0.300,700.0
2026-08-12,ILI incidence,2,2026-08-16,MT,quantile,0.350,1100.0
2026-08-12,ILI incidence,2,2026-08-16,MT,quantile,0.400,1400.0
2026-08-12,ILI incidence,2,2026-08-16,MT,quantile,0.450,1700.0
2026-08-12,ILI incidence,2,2026-08-16,MT,quantile,0.500,2000.0
2026-08-12,ILI incidence,2,2026-08-16,MT,quantile,0.550,2300.0
2026-08-12,ILI incidence,2,2026-08-16,MT,quantile,0.600,2600.0
2026-08-12,ILI incidence,2,2026-08-16,MT,quantile,0.650,3000.0
2026-08-12,ILI incidence,2,2026-08-16,MT,quantile,0.700,3300.0
2026-08-12,ILI incidence,2,2026-08-16,MT,quantile,0.750,3700.0
2026-08-12,ILI incidence,2,2026-08-16,MT,quantile,0.800,4200.0
2026-08-12,ILI incidence,2,2026-08-16,MT,quantile,0.850,4700.0
2026-08-12,ILI incidence,2,2026-08-16,MT,quantile,0.900,5400.0
2026-08-12,ILI incidence,2,2026-08-16,MT,quantile,0.950,6700.0
2026-08-12,ILI incidence,2,2026-08-16,MT,quantile,0.975,8100.0
2026-08-12,ILI incidence,2,2026-08-16,MT,quantile,0.990,9600.0
2026-08-12,ILI incidence,2,2026-08-16,MT,median,,2000.0
2026-08-12,ILI incidence,3,2026-08-23,MT,quantile,0.010,0.0
2026-08-12,ILI incidence,3,2026-08-23,MT,quantile,0.025,0.0
2026-08-12,ILI incidence,3,2026-08-23,MT,quantile,0.050,0.0
2026-08-12,ILI incidence,3,2026-08-23,MT,quantile,0.100,0.0
2026-08-12,ILI incidence,3,2026-08-23,MT,quantile,0.150,0.0
2026-08-12,ILI incidence,3,2026-08-23,MT,quantile,0.200,0.0
2026-08-12,ILI incidence,3,2026-08-23,MT,quantile,0.250,0.0
2026-08-12,ILI incidence,3,2026-08-23,MT,quantile,0.300,400.0
2026-08-12,ILI incidence,3,2026-08-23,MT,quantile,0.350,800.0
2026-08-12,ILI incidence,3,2026-08-23,MT,quantile,0.400,1200.0
2026-08-12,ILI incidence,3,2026-08-23,MT,quantile,0.450,1600.0
2026-08-12,ILI incidence,3,2026-08-23,MT,quantile,0.500,2000.0
2026-08-12,ILI incidence,3,2026-08-23,MT,quantile,0.550,2400.0
2026-08-12,ILI incidence,3,2026-08-23,MT,quantile,0.600,2800.0
2026-08-12,ILI incidence,3,2026-08-23,MT,quantile,0.650,3200.0
2026-08-12,ILI incidence,3,2026-08-23,MT,quantile,0.700,3700.0
2026-08-12,ILI incidence,3,2026-08-23,MT,quantile,0.750,4100.0
2026-08-12,ILI incidence,3,2026-08-23,MT,quantile,0.800,4700.0
2026-08-12,ILI incidence,3,2026-08-23,MT,quantile,0.850,5400.0
2026-08-12,ILI incidence,3,2026-08-23,MT,quantile,0.900,6200.0
2026-08-12,ILI incidence,3,2026-08-23,MT,quantile,0.950,7700.0
2026-08-12,ILI incidence,3,2026-08-23,MT,quantile,0.975,9100.0
2026-08-12,ILI incidence,3,2026-08-23,MT,quantile,0.990,11000.0
2026-08-12,ILI incidence,3,2026-08-23,MT,median,,2000.0
2026-08-12,ILI incidence,4,2026-08-30,MT,quantile,0.010,0.0
2026-08-12,ILI incidence,4,2026-08-30,MT,quantile,0.025,0.0
2026-08-12,ILI incidence,4,2026-08-30,MT,quantile,0.050,0.0
2026-08-12,ILI incidence,4,2026-08-30,MT,quantile,0.100,0.0
2026-08-12,ILI incidence,4,2026-08-30,MT,quantile,0.150,0.0
2026-08-12,ILI incidence,4,2026-08-30,MT,quantile,0.200,0.0
2026-08-12,ILI incidence,4,2026-08-30,MT,quantile,0.250,0.0
2026-08-12,ILI incidence,4,2026-08-30,MT,quantile,0.300,100.0
2026-08-12,ILI incidence,4,2026-08-30,MT,quantile,0.350,600.0
2026-08-12,ILI incidence,4,2026-08-30,MT,quantile,0.400,1100.0
2026-08-12,ILI incidence,4,2026-08-30,MT,quantile,0.450,1600.0
2026-08-12,ILI incidence,4,2026-08-30,MT,quantile,0.500,2000.0
2026-08-12,ILI incidence,4,2026-08-30,MT,quantile,0.550,2500.0
2026-08-12,ILI incidence,4,2026-08-30,MT,quantile,0.600,3000.0
2026-08-12,ILI incidence,4,2026-08-30,MT,quantile,0.650,3500.0
2026-08-12,ILI incidence,4,2026-08-30,MT,quantile,0.700,4000.0
2026-08-12,ILI incidence,4,2026-08-30,MT,quantile,0.750,4525.0
2026-08-12,ILI incidence,4,2026-08-30,MT,quantile,0.800,5200.0
2026-08-12,ILI incidence,4,2026-08-30,MT,quantile,0.850,5900.0
2026-08-12,ILI incidence,4,2026-08-30,MT,quantile,0.900,7010.000000000036
2026-08-12,ILI incidence,4,2026-08-30,MT,quantile,0.950,8600.0
2026-08-12,ILI incidence,4,2026-08-30,MT,quantile,0.975,10300.0
2026-08-12,ILI incidence,4,2026-08-30,MT,quantile,0.990,12100.0
2026-08-12,ILI incidence,4,2026-08-30,MT,median,,2000.0
2026-08-12,ILI incidence,1,2026-08-09,NO,quantile,0.010,0.0
2026-08-12,ILI incidence,1,2026-08-09,NO,quantile,0.025,0.0
2026-08-12,ILI incidence,1,2026-08-09,NO,quantile,0.050,0.0
2026-08-12,ILI incidence,1,2026-08-09,NO,quantile,0.100,0.0
2026-08-12,ILI incidence,1,2026-08-09,NO,quantile,0.150,0.0
2026-08-12,ILI incidence,1,2026-08-09,NO,quantile,0.200,1.5999999999999988
2026-08-12,ILI incidence,1,2026-08-09,NO,quantile,0.250,3.8000000000000016
2026-08-12,ILI incidence,1,2026-08-09,NO,quantile,0.300,4.1000000000000005
2026-08-12,ILI incidence,1,2026-08-09,NO,quantile,0.350,4.799999999999998
2026-08-12,ILI incidence,1,2026-08-09,NO,quantile,0.400,5.299999999999998
2026-08-12,ILI incidence,1,2026-08-09,NO,quantile,0.450,5.600000000000002
2026-08-12,ILI incidence,1,2026-08-09,NO,quantile,0.500,6.2
2026-08-12,ILI incidence,1,2026-08-09,NO,quantile,0.550,6.6000000000000005
2026-08-12,ILI incidence,1,2026-08-09,NO,quantile,0.600,7.1000000000000005
2026-08-12,ILI incidence,1,2026-08-09,NO,quantile,0.650,7.6000000000000005
2026-08-12,ILI incidence,1,2026-08-09,NO,quantile,0.700,8.299999999999997
2026-08-12,ILI incidence,1,2026-08-09,NO,quantile,0.750,8.599999999999998
2026-08-12,ILI incidence,1,2026-08-09,NO,quantile,0.800,10.8
2026-08-12,ILI incidence,1,2026-08-09,NO,quantile,0.850,16.299999999999997
2026-08-12,ILI incidence,1,2026-08-09,NO,quantile,0.900,23.299999999999994
2026-08-12,ILI incidence,1,2026-08-09,NO,quantile,0.950,31.899999999999988
2026-08-12,ILI incidence,1,2026-08-09,NO,quantile,0.975,38.4
2026-08-12,ILI incidence,1,2026-08-09,NO,quantile,0.990,52.30000000000001
2026-08-12,ILI incidence,1,2026-08-09,NO,median,,6.2
2026-08-12,ILI incidence,2,2026-08-16,NO,quantile,0.010,0.0
2026-08-12,ILI incidence,2,2026-08-16,NO,quantile,0.025,0.0
2026-08-12,ILI incidence,2,2026-08-16,NO,quantile,0.050,0.0
2026-08-12,ILI incidence,2,2026-08-16,NO,quantile,0.100,0.0
2026-08-12,ILI incidence,2,2026-08-16,NO,quantile,0.150,0.0
2026-08-12,ILI incidence,2,2026-08-16,NO,quantile,0.200,0.0
2026-08-12,ILI incidence,2,2026-08-16,NO,quantile,0.250,0.0
2026-08-12,ILI incidence,2,2026-08-16,NO,quantile,0.300,0.29999999999999927
2026-08-12,ILI incidence,2,2026-08-16,NO,quantile,0.350,2.6000000000000005
2026-08-12,ILI incidence,2,2026-08-16,NO,quantile,0.400,4.100000000000002
2026-08-12,ILI incidence,2,2026-08-16,NO,quantile,0.450,5.3
2026-08-12,ILI incidence,2,2026-08-16,NO,quantile,0.500,6.2
2026-08-12,ILI incidence,2,2026-08-16,NO,quantile,0.550,7.000000000000001
2026-08-12,ILI incidence,2,2026-08-16,NO,quantile,0.600,8.0
2026-08-12,ILI incidence,2,2026-08-16,NO,quantile,0.650,9.5
2026-08-12,ILI incidence,2,2026-08-16,NO,quantile,0.700,11.600000000000001
2026-08-12,ILI incidence,2,2026-08-16,NO,quantile,0.750,15.400000000000006
2026-08-12,ILI incidence,2,2026-08-16,NO,quantile,0.800,19.6
2026-08-12,ILI incidence,2,2026-08-16,NO,quantile,0.850,26.500000000000004
2026-08-12,ILI incidence,2,2026-08-16,NO,quantile,0.900,32.19999999999999
2026-08-12,ILI incidence,2,2026-08-16,NO,quantile,0.950,41.69999999999999
2026-08-12,ILI incidence,2,2026-08-16,NO,quantile,0.975,52.10000000000001
2026-08-12,ILI incidence,2,2026-08-16,NO,quantile,0.990,94.7
2026-08-12,ILI incidence,2,2026-08-16,NO,median,,6.2
2026-08-12,ILI incidence,3,2026-08-23,NO,quantile,0.010,0.0
2026-08-12,ILI incidence,3,2026-08-23,NO,quantile,0.025,0.0
2026-08-12,ILI incidence,3,2026-08-23,NO,quantile,0.050,0.0
2026-08-12,ILI incidence,3,2026-08-23,NO,quantile,0.100,0.0
2026-08-12,ILI incidence,3,2026-08-23,NO,quantile,0.150,0.0
2026-08-12,ILI incidence,3,2026-08-23,NO,quantile,0.200,0.0
2026-08-12,ILI incidence,3,2026-08-23,NO,quantile,0.250,0.0
2026-08-12,ILI incidence,3,2026-08-23,NO,quantile,0.300,0.0
2026-08-12,ILI incidence,3,2026-08-23,NO,quantile,0.350,0.0
2026-08-12,ILI incidence,3,2026-08-23,NO,quantile,0.400,2.6000000000000014
2026-08-12,ILI incidence,3,2026-08-23,NO,quantile,0.450,4.6000000000000005
2026-08-12,ILI incidence,3,2026-08-23,NO,quantile,0.500,6.100000000000007
2026-08-12,ILI incidence,3,2026-08-23,NO,quantile,0.550,7.700000000000003
2026-08-12,ILI incidence,3,2026-08-23,NO,quantile,0.600,9.6
2026-08-12,ILI incidence,3,2026-08-23,NO,quantile,0.650,12.100000000000005
2026-08-12,ILI incidence,3,2026-08-23,NO,quantile,0.700,15.800000000000002
2026-08-12,ILI incidence,3,2026-08-23,NO,quantile,0.750,20.000000000000004
2026-08-12,ILI incidence,3,2026-08-23,NO,quantile,0.800,25.599999999999998
2026-08-12,ILI incidence,3,2026-08-23,NO,quantile,0.850,31.000000000000004
2026-08-12,ILI incidence,3,2026-08-23,NO,quantile,0.900,37.9
2026-08-12,ILI incidence,3,2026-08-23,NO,quantile,0.950,50.900000000000006
2026-08-12,ILI incidence,3,2026-08-23,NO,quantile,0.975,66.30249999999997
2026-08-12,ILI incidence,3,2026-08-23,NO,quantile,0.990,111.10100000000003
2026-08-12,ILI incidence,3,2026-08-23,NO,median,,6.100000000000007
2026-08-12,ILI incidence,4,2026-08-30,NO,quantile,0.010,0.0
2026-08-12,ILI incidence,4,2026-08-30,NO,quantile,0.025,0.0
2026-08-12,ILI incidence,4,2026-08-30,NO,quantile,0.050,0.0
2026-08-12,ILI incidence,4,2026-08-30,NO,quantile,0.100,0.0
2026-08-12,ILI incidence,4,2026-08-30,NO,quantile,0.150,0.0
2026-08-12,ILI incidence,4,2026-08-30,NO,quantile,0.200,0.0
2026-08-12,ILI incidence,4,2026-08-30,NO,quantile,0.250,0.0
2026-08-12,ILI incidence,4,2026-08-30,NO,quantile,0.300,0.0
2026-08-12,ILI incidence,4,2026-08-30,NO,quantile,0.350,0.0
2026-08-12,ILI incidence,4,2026-08-30,NO,quantile,0.400,0.8000000000000063
2026-08-12,ILI incidence,4,2026-08-30,NO,quantile,0.450,3.9
2026-08-12,ILI incidence,4,2026-08-30,NO,quantile,0.500,6.299999999999998
2026-08-12,ILI incidence,4,2026-08-30,NO,quantile,0.550,8.69999999999999
2026-08-12,ILI incidence,4,2026-08-30,NO,quantile,0.600,11.5
2026-08-12,ILI incidence,4,2026-08-30,NO,quantile,0.650,15.2
2026-08-12,ILI incidence,4,2026-08-30,NO,quantile,0.700,19.02999999999994
2026-08-12,ILI incidence,4,2026-08-30,NO,quantile,0.750,24.19999999999998
2026-08-12,ILI incidence,4,2026-08-30,NO,quantile,0.800,29.599999999999998
2026-08-12,ILI incidence,4,2026-08-30,NO,quantile,0.850,35.5
2026-08-12,ILI incidence,4,2026-08-30,NO,quantile,0.900,44.099999999999994
2026-08-12,ILI incidence,4,2026-08-30,NO,quantile,0.950,58.39999999999998
2026-08-12,ILI incidence,4,2026-08-30,NO,quantile,0.975,84.5
2026-08-12,ILI incidence,4,2026-08-30,NO,quantile,0.990,115.80300000000008
2026-08-12,ILI incidence,4,2026-08-30,NO,median,,6.299999999999998
2026-08-12,ILI incidence,1,2026-08-09,RO,quantile,0.010,0.0
2026-08-12,ILI incidence,1,2026-08-09,RO,quantile,0.025,0.0
2026-08-12,ILI incidence,1,2026-08-09,RO,quantile,0.050,0.0
2026-08-12,ILI incidence,1,2026-08-09,RO,quantile,0.100,0.0
2026-08-12,ILI incidence,1,2026-08-09,RO,quantile,0.150,0.0
2026-08-12,ILI incidence,1,2026-08-09,RO,quantile,0.200,0.0
2026-08-12,ILI incidence,1,2026-08-09,RO,quantile,0.250,0.0
2026-08-12,ILI incidence,1,2026-08-09,RO,quantile,0.300,0.0
2026-08-12,ILI incidence,1,2026-08-09,RO,quantile,0.350,0.0
2026-08-12,ILI incidence,1,2026-08-09,RO,quantile,0.400,0.0
2026-08-12,ILI incidence,1,2026-08-09,RO,quantile,0.450,0.0
2026-08-12,ILI incidence,1,2026-08-09,RO,quantile,0.500,0.0
2026-08-12,ILI incidence,1,2026-08-09,RO,quantile,0.550,0.0
2026-08-12,ILI incidence,1,2026-08-09,RO,quantile,0.600,0.0
2026-08-12,ILI incidence,1,2026-08-09,RO,quantile,0.650,0.29999999999999993
2026-08-12,ILI incidence,1,2026-08-09,RO,quantile,0.700,0.7000000000000002
2026-08-12,ILI incidence,1,2026-08-09,RO,quantile,0.750,1.3
2026-08-12,ILI incidence,1,2026-08-09,RO,quantile,0.800,1.9
2026-08-12,ILI incidence,1,2026-08-09,RO,quantile,0.850,2.700000000000001
2026-08-12,ILI incidence,1,2026-08-09,RO,quantile,0.900,5.4
2026-08-12,ILI incidence,1,2026-08-09,RO,quantile,0.950,8.7
2026-08-12,ILI incidence,1,2026-08-09,RO,quantile,0.975,11.7
2026-08-12,ILI incidence,1,2026-08-09,RO,quantile,0.990,16.2
2026-08-12,ILI incidence,1,2026-08-09,RO,median,,0.0
2026-08-12,ILI incidence,2,2026-08-16,RO,quantile,0.010,0.0
2026-08-12,ILI incidence,2,2026-08-16,RO,quantile,0.025,0.0
2026-08-12,ILI incidence,2,2026-08-16,RO,quantile,0.050,0.0
2026-08-12,ILI incidence,2,2026-08-16,RO,quantile,0.100,0.0
2026-08-12,ILI incidence,2,2026-08-16,RO,quantile,0.150,0.0
2026-08-12,ILI incidence,2,2026-08-16,RO,quantile,0.200,0.0
2026-08-12,ILI incidence,2,2026-08-16,RO,quantile,0.250,0.0
2026-08-12,ILI incidence,2,2026-08-16,RO,quantile,0.300,0.0
2026-08-12,ILI incidence,2,2026-08-16,RO,quantile,0.350,0.0
2026-08-12,ILI incidence,2,2026-08-16,RO,quantile,0.400,0.0
2026-08-12,ILI incidence,2,2026-08-16,RO,quantile,0.450,0.0
2026-08-12,ILI incidence,2,2026-08-16,RO,quantile,0.500,0.0
2026-08-12,ILI incidence,2,2026-08-16,RO,quantile,0.550,0.2
2026-08-12,ILI incidence,2,2026-08-16,RO,quantile,0.600,0.7000000000000002
2026-08-12,ILI incidence,2,2026-08-16,RO,quantile,0.650,1.4
2026-08-12,ILI incidence,2,2026-08-16,RO,quantile,0.700,1.9000000000000004
2026-08-12,ILI incidence,2,2026-08-16,RO,quantile,0.750,2.899999999999996
2026-08-12,ILI incidence,2,2026-08-16,RO,quantile,0.800,4.2
2026-08-12,ILI incidence,2,2026-08-16,RO,quantile,0.850,6.299999999999997
2026-08-12,ILI incidence,2,2026-08-16,RO,quantile,0.900,8.5
2026-08-12,ILI incidence,2,2026-08-16,RO,quantile,0.950,12.2
2026-08-12,ILI incidence,2,2026-08-16,RO,quantile,0.975,16.2
2026-08-12,ILI incidence,2,2026-08-16,RO,quantile,0.990,23.302000000000046
2026-08-12,ILI incidence,2,2026-08-16,RO,median,,0.0
2026-08-12,ILI incidence,3,2026-08-23,RO,quantile,0.010,0.0
2026-08-12,ILI incidence,3,2026-08-23,RO,quantile,0.025,0.0
2026-08-12,ILI incidence,3,2026-08-23,RO,quantile,0.050,0.0
2026-08-12,ILI incidence,3,2026-08-23,RO,quantile,0.100,0.0
2026-08-12,ILI incidence,3,2026-08-23,RO,quantile,0.150,0.0
2026-08-12,ILI incidence,3,2026-08-23,RO,quantile,0.200,0.0
2026-08-12,ILI incidence,3,2026-08-23,RO,quantile,0.250,0.0
2026-08-12,ILI incidence,3,2026-08-23,RO,quantile,0.300,0.0
2026-08-12,ILI incidence,3,2026-08-23,RO,quantile,0.350,0.0
2026-08-12,ILI incidence,3,2026-08-23,RO,quantile,0.400,0.0
2026-08-12,ILI incidence,3,2026-08-23,RO,quantile,0.450,0.0
2026-08-12,ILI incidence,3,2026-08-23,RO,quantile,0.500,0.0
2026-08-12,ILI incidence,3,2026-08-23,RO,quantile,0.550,0.6000000000000005
2026-08-12,ILI incidence,3,2026-08-23,RO,quantile,0.600,1.3999999999999984
2026-08-12,ILI incidence,3,2026-08-23,RO,quantile,0.650,2.0999999999999996
2026-08-12,ILI incidence,3,2026-08-23,RO,quantile,0.700,3.1999999999999993
2026-08-12,ILI incidence,3,2026-08-23,RO,quantile,0.750,4.5
2026-08-12,ILI incidence,3,2026-08-23,RO,quantile,0.800,6.200000000000001
2026-08-12,ILI incidence,3,2026-08-23,RO,quantile,0.850,8.199999999999996
2026-08-12,ILI incidence,3,2026-08-23,RO,quantile,0.900,10.6
2026-08-12,ILI incidence,3,2026-08-23,RO,quantile,0.950,15.199999999999996
2026-08-12,ILI incidence,3,2026-08-23,RO,quantile,0.975,20.302499999999963
2026-08-12,ILI incidence,3,2026-08-23,RO,quantile,0.990,25.7
2026-08-12,ILI incidence,3,2026-08-23,RO,median,,0.0
2026-08-12,ILI incidence,4,2026-08-30,RO,quantile,0.010,0.0
2026-08-12,ILI incidence,4,2026-08-30,RO,quantile,0.025,0.0
2026-08-12,ILI incidence,4,2026-08-30,RO,quantile,0.050,0.0
2026-08-12,ILI incidence,4,2026-08-30,RO,quantile,0.100,0.0
2026-08-12,ILI incidence,4,2026-08-30,RO,quantile,0.150,0.0
2026-08-12,ILI incidence,4,2026-08-30,RO,quantile,0.200,0.0
2026-08-12,ILI incidence,4,2026-08-30,RO,quantile,0.250,0.0
2026-08-12,ILI incidence,4,2026-08-30,RO,quantile,0.300,0.0
2026-08-12,ILI incidence,4,2026-08-30,RO,quantile,0.350,0.0
2026-08-12,ILI incidence,4,2026-08-30,RO,quantile,0.400,0.0
2026-08-12,ILI incidence,4,2026-08-30,RO,quantile,0.450,0.0
2026-08-12,ILI incidence,4,2026-08-30,RO,quantile,0.500,5.551115123125783e-17
2026-08-12,ILI incidence,4,2026-08-30,RO,quantile,0.550,0.8000000000000007
2026-08-12,ILI incidence,4,2026-08-30,RO,quantile,0.600,1.7999999999999972
2026-08-12,ILI incidence,4,2026-08-30,RO,quantile,0.650,2.8000000000000007
2026-08-12,ILI incidence,4,2026-08-30,RO,quantile,0.700,4.1000000000000005
2026-08-12,ILI incidence,4,2026-08-30,RO,quantile,0.750,5.7
2026-08-12,ILI incidence,4,2026-08-30,RO,quantile,0.800,7.5
2026-08-12,ILI incidence,4,2026-08-30,RO,quantile,0.850,9.599999999999998
2026-08-12,ILI incidence,4,2026-08-30,RO,quantile,0.900,12.400000000000006
2026-08-12,ILI incidence,4,2026-08-30,RO,quantile,0.950,17.4
2026-08-12,ILI incidence,4,2026-08-30,RO,quantile,0.975,22.602499999999964
2026-08-12,ILI incidence,4,2026-08-30,RO,quantile,0.990,27.8
2026-08-12,ILI incidence,4,2026-08-30,RO,median,,5.551115123125783e-17
2026-08-12,ILI incidence,1,2026-08-09,SI,quantile,0.010,0.0
2026-08-12,ILI incidence,1,2026-08-09,SI,quantile,0.025,0.0
2026-08-12,ILI incidence,1,2026-08-09,SI,quantile,0.050,0.0
2026-08-12,ILI incidence,1,2026-08-09,SI,quantile,0.100,0.0
2026-08-12,ILI incidence,1,2026-08-09,SI,quantile,0.150,0.0
2026-08-12,ILI incidence,1,2026-08-09,SI,quantile,0.200,0.0
2026-08-12,ILI incidence,1,2026-08-09,SI,quantile,0.250,0.0
2026-08-12,ILI incidence,1,2026-08-09,SI,quantile,0.300,0.0
2026-08-12,ILI incidence,1,2026-08-09,SI,quantile,0.350,0.0
2026-08-12,ILI incidence,1,2026-08-09,SI,quantile,0.400,0.0
2026-08-12,ILI incidence,1,2026-08-09,SI,quantile,0.450,0.0
2026-08-12,ILI incidence,1,2026-08-09,SI,quantile,0.500,0.0
2026-08-12,ILI incidence,1,2026-08-09,SI,quantile,0.550,0.0
2026-08-12,ILI incidence,1,2026-08-09,SI,quantile,0.600,0.0
2026-08-12,ILI incidence,1,2026-08-09,SI,quantile,0.650,0.8
2026-08-12,ILI incidence,1,2026-08-09,SI,quantile,0.700,1.4
2026-08-12,ILI incidence,1,2026-08-09,SI,quantile,0.750,2.3000000000000007
2026-08-12,ILI incidence,1,2026-08-09,SI,quantile,0.800,3.7
2026-08-12,ILI incidence,1,2026-08-09,SI,quantile,0.850,6.799999999999983
2026-08-12,ILI incidence,1,2026-08-09,SI,quantile,0.900,21.700000000000017
2026-08-12,ILI incidence,1,2026-08-09,SI,quantile,0.950,50.8
2026-08-12,ILI incidence,1,2026-08-09,SI,quantile,0.975,65.90000000000003
2026-08-12,ILI incidence,1,2026-08-09,SI,quantile,0.990,121.20000000000002
2026-08-12,ILI incidence,1,2026-08-09,SI,median,,0.0
2026-08-12,ILI incidence,2,2026-08-16,SI,quantile,0.010,0.0
2026-08-12,ILI incidence,2,2026-08-16,SI,quantile,0.025,0.0
2026-08-12,ILI incidence,2,2026-08-16,SI,quantile,0.050,0.0
2026-08-12,ILI incidence,2,2026-08-16,SI,quantile,0.100,0.0
2026-08-12,ILI incidence,2,2026-08-16,SI,quantile,0.150,0.0
2026-08-12,ILI incidence,2,2026-08-16,SI,quantile,0.200,0.0
2026-08-12,ILI incidence,2,2026-08-16,SI,quantile,0.250,0.0
2026-08-12,ILI incidence,2,2026-08-16,SI,quantile,0.300,0.0
2026-08-12,ILI incidence,2,2026-08-16,SI,quantile,0.350,0.0
2026-08-12,ILI incidence,2,2026-08-16,SI,quantile,0.400,0.0
2026-08-12,ILI incidence,2,2026-08-16,SI,quantile,0.450,0.0
2026-08-12,ILI incidence,2,2026-08-16,SI,quantile,0.500,0.0
2026-08-12,ILI incidence,2,2026-08-16,SI,quantile,0.550,0.6
2026-08-12,ILI incidence,2,2026-08-16,SI,quantile,0.600,1.6
2026-08-12,ILI incidence,2,2026-08-16,SI,quantile,0.650,2.9000000000000017
2026-08-12,ILI incidence,2,2026-08-16,SI,quantile,0.700,4.499999999999999
2026-08-12,ILI incidence,2,2026-08-16,SI,quantile,0.750,7.1000000000000005
2026-08-12,ILI incidence,2,2026-08-16,SI,quantile,0.800,15.2
2026-08-12,ILI incidence,2,2026-08-16,SI,quantile,0.850,27.599999999999998
2026-08-12,ILI incidence,2,2026-08-16,SI,quantile,0.900,44.41000000000003
2026-08-12,ILI incidence,2,2026-08-16,SI,quantile,0.950,67.7
2026-08-12,ILI incidence,2,2026-08-16,SI,quantile,0.975,104.60749999999989
2026-08-12,ILI incidence,2,2026-08-16,SI,quantile,0.990,154.89999999999995
2026-08-12,ILI incidence,2,2026-08-16,SI,median,,0.0
2026-08-12,ILI incidence,3,2026-08-23,SI,quantile,0.010,0.0
2026-08-12,ILI incidence,3,2026-08-23,SI,quantile,0.025,0.0
2026-08-12,ILI incidence,3,2026-08-23,SI,quantile,0.050,0.0
2026-08-12,ILI incidence,3,2026-08-23,SI,quantile,0.100,0.0
2026-08-12,ILI incidence,3,2026-08-23,SI,quantile,0.150,0.0
2026-08-12,ILI incidence,3,2026-08-23,SI,quantile,0.200,0.0
2026-08-12,ILI incidence,3,2026-08-23,SI,quantile,0.250,0.0
2026-08-12,ILI incidence,3,2026-08-23,SI,quantile,0.300,0.0
2026-08-12,ILI incidence,3,2026-08-23,SI,quantile,0.350,0.0
2026-08-12,ILI incidence,3,2026-08-23,SI,quantile,0.400,0.0
2026-08-12,ILI incidence,3,2026-08-23,SI,quantile,0.450,0.0
2026-08-12,ILI incidence,3,2026-08-23,SI,quantile,0.500,0.0
2026-08-12,ILI incidence,3,2026-08-23,SI,quantile,0.550,1.3000000000000003
2026-08-12,ILI incidence,3,2026-08-23,SI,quantile,0.600,3.0
2026-08-12,ILI incidence,3,2026-08-23,SI,quantile,0.650,5.0
2026-08-12,ILI incidence,3,2026-08-23,SI,quantile,0.700,8.700000000000001
2026-08-12,ILI incidence,3,2026-08-23,SI,quantile,0.750,16.525000000000013
2026-08-12,ILI incidence,3,2026-08-23,SI,quantile,0.800,26.199999999999996
2026-08-12,ILI incidence,3,2026-08-23,SI,quantile,0.850,40.514999999999965
2026-08-12,ILI incidence,3,2026-08-23,SI,quantile,0.900,58.10000000000001
2026-08-12,ILI incidence,3,2026-08-23,SI,quantile,0.950,83.20499999999997
2026-08-12,ILI incidence,3,2026-08-23,SI,quantile,0.975,126.30249999999998
2026-08-12,ILI incidence,3,2026-08-23,SI,quantile,0.990,222.60300000000004
2026-08-12,ILI incidence,3,2026-08-23,SI,median,,0.0
2026-08-12,ILI incidence,4,2026-08-30,SI,quantile,0.010,0.0
2026-08-12,ILI incidence,4,2026-08-30,SI,quantile,0.025,0.0
2026-08-12,ILI incidence,4,2026-08-30,SI,quantile,0.050,0.0
2026-08-12,ILI incidence,4,2026-08-30,SI,quantile,0.100,0.0
2026-08-12,ILI incidence,4,2026-08-30,SI,quantile,0.150,0.0
2026-08-12,ILI incidence,4,2026-08-30,SI,quantile,0.200,0.0
2026-08-12,ILI incidence,4,2026-08-30,SI,quantile,0.250,0.0
2026-08-12,ILI incidence,4,2026-08-30,SI,quantile,0.300,0.0
2026-08-12,ILI incidence,4,2026-08-30,SI,quantile,0.350,0.0
2026-08-12,ILI incidence,4,2026-08-30,SI,quantile,0.400,0.0
2026-08-12,ILI incidence,4,2026-08-30,SI,quantile,0.450,0.0
2026-08-12,ILI incidence,4,2026-08-30,SI,quantile,0.500,3.4416913763379853e-15
2026-08-12,ILI incidence,4,2026-08-30,SI,quantile,0.550,2.3
2026-08-12,ILI incidence,4,2026-08-30,SI,quantile,0.600,4.999999999999999
2026-08-12,ILI incidence,4,2026-08-30,SI,quantile,0.650,8.800000000000002
2026-08-12,ILI incidence,4,2026-08-30,SI,quantile,0.700,15.799999999999986
2026-08-12,ILI incidence,4,2026-08-30,SI,quantile,0.750,24.59999999999999
2026-08-12,ILI incidence,4,2026-08-30,SI,quantile,0.800,36.5
2026-08-12,ILI incidence,4,2026-08-30,SI,quantile,0.850,52.099999999999994
2026-08-12,ILI incidence,4,2026-08-30,SI,quantile,0.900,68.6
2026-08-12,ILI incidence,4,2026-08-30,SI,quantile,0.950,109.81999999999975
2026-08-12,ILI incidence,4,2026-08-30,SI,quantile,0.975,153.6024999999999
2026-08-12,ILI incidence,4,2026-08-30,SI,quantile,0.990,305.5170000000004
2026-08-12,ILI incidence,4,2026-08-30,SI,median,,3.4416913763379853e-15
2026-08-12,ILI incidence,1,2026-08-09,ES,quantile,0.010,0.0
2026-08-12,ILI incidence,1,2026-08-09,ES,quantile,0.025,0.0
2026-08-12,ILI incidence,1,2026-08-09,ES,quantile,0.050,0.0
2026-08-12,ILI incidence,1,2026-08-09,ES,quantile,0.100,0.0
2026-08-12,ILI incidence,1,2026-08-09,ES,quantile,0.150,0.20000000000000018
2026-08-12,ILI incidence,1,2026-08-09,ES,quantile,0.200,2.0999999999999988
2026-08-12,ILI incidence,1,2026-08-09,ES,quantile,0.250,2.8
2026-08-12,ILI incidence,1,2026-08-09,ES,quantile,0.300,3.3
2026-08-12,ILI incidence,1,2026-08-09,ES,quantile,0.350,3.5999999999999996
2026-08-12,ILI incidence,1,2026-08-09,ES,quantile,0.400,3.8
2026-08-12,ILI incidence,1,2026-08-09,ES,quantile,0.450,4.099999999999999
2026-08-12,ILI incidence,1,2026-08-09,ES,quantile,0.500,4.2
2026-08-12,ILI incidence,1,2026-08-09,ES,quantile,0.550,4.400000000000001
2026-08-12,ILI incidence,1,2026-08-09,ES,quantile,0.600,4.699999999999998
2026-08-12,ILI incidence,1,2026-08-09,ES,quantile,0.650,4.8999999999999995
2026-08-12,ILI incidence,1,2026-08-09,ES,quantile,0.700,5.2
2026-08-12,ILI incidence,1,2026-08-09,ES,quantile,0.750,5.6
2026-08-12,ILI incidence,1,2026-08-09,ES,quantile,0.800,6.499999999999999
2026-08-12,ILI incidence,1,2026-08-09,ES,quantile,0.850,8.0
2026-08-12,ILI incidence,1,2026-08-09,ES,quantile,0.900,12.899999999999999
2026-08-12,ILI incidence,1,2026-08-09,ES,quantile,0.950,24.000000000000004
2026-08-12,ILI incidence,1,2026-08-09,ES,quantile,0.975,33.9
2026-08-12,ILI incidence,1,2026-08-09,ES,quantile,0.990,51.8
2026-08-12,ILI incidence,1,2026-08-09,ES,median,,4.2
2026-08-12,ILI incidence,2,2026-08-16,ES,quantile,0.010,0.0
2026-08-12,ILI incidence,2,2026-08-16,ES,quantile,0.025,0.0
2026-08-12,ILI incidence,2,2026-08-16,ES,quantile,0.050,0.0
2026-08-12,ILI incidence,2,2026-08-16,ES,quantile,0.100,0.0
2026-08-12,ILI incidence,2,2026-08-16,ES,quantile,0.150,0.0
2026-08-12,ILI incidence,2,2026-08-16,ES,quantile,0.200,0.0
2026-08-12,ILI incidence,2,2026-08-16,ES,quantile,0.250,0.0
2026-08-12,ILI incidence,2,2026-08-16,ES,quantile,0.300,1.5999999999999988
2026-08-12,ILI incidence,2,2026-08-16,ES,quantile,0.350,2.500000000000001
2026-08-12,ILI incidence,2,2026-08-16,ES,quantile,0.400,3.1000000000000005
2026-08-12,ILI incidence,2,2026-08-16,ES,quantile,0.450,3.6999999999999993
2026-08-12,ILI incidence,2,2026-08-16,ES,quantile,0.500,4.1000000000000005
2026-08-12,ILI incidence,2,2026-08-16,ES,quantile,0.550,4.6
2026-08-12,ILI incidence,2,2026-08-16,ES,quantile,0.600,5.1
2026-08-12,ILI incidence,2,2026-08-16,ES,quantile,0.650,5.699999999999999
2026-08-12,ILI incidence,2,2026-08-16,ES,quantile,0.700,6.400000000000001
2026-08-12,ILI incidence,2,2026-08-16,ES,quantile,0.750,7.800000000000002
2026-08-12,ILI incidence,2,2026-08-16,ES,quantile,0.800,10.3
2026-08-12,ILI incidence,2,2026-08-16,ES,quantile,0.850,14.900000000000002
2026-08-12,ILI incidence,2,2026-08-16,ES,quantile,0.900,23.599999999999998
2026-08-12,ILI incidence,2,2026-08-16,ES,quantile,0.950,35.604999999999926
2026-08-12,ILI incidence,2,2026-08-16,ES,quantile,0.975,51.70249999999996
2026-08-12,ILI incidence,2,2026-08-16,ES,quantile,0.990,83.80200000000004
2026-08-12,ILI incidence,2,2026-08-16,ES,median,,4.1000000000000005
2026-08-12,ILI incidence,3,2026-08-23,ES,quantile,0.010,0.0
2026-08-12,ILI incidence,3,2026-08-23,ES,quantile,0.025,0.0
2026-08-12,ILI incidence,3,2026-08-23,ES,quantile,0.050,0.0
2026-08-12,ILI incidence,3,2026-08-23,ES,quantile,0.100,0.0
2026-08-12,ILI incidence,3,2026-08-23,ES,quantile,0.150,0.0
2026-08-12,ILI incidence,3,2026-08-23,ES,quantile,0.200,0.0
2026-08-12,ILI incidence,3,2026-08-23,ES,quantile,0.250,0.0
2026-08-12,ILI incidence,3,2026-08-23,ES,quantile,0.300,0.0
2026-08-12,ILI incidence,3,2026-08-23,ES,quantile,0.350,1.2000000000000008
2026-08-12,ILI incidence,3,2026-08-23,ES,quantile,0.400,2.3000000000000007
2026-08-12,ILI incidence,3,2026-08-23,ES,quantile,0.450,3.2
2026-08-12,ILI incidence,3,2026-08-23,ES,quantile,0.500,4.000000000000001
2026-08-12,ILI incidence,3,2026-08-23,ES,quantile,0.550,4.800000000000002
2026-08-12,ILI incidence,3,2026-08-23,ES,quantile,0.600,5.699999999999998
2026-08-12,ILI incidence,3,2026-08-23,ES,quantile,0.650,6.799999999999998
2026-08-12,ILI incidence,3,2026-08-23,ES,quantile,0.700,8.3
2026-08-12,ILI incidence,3,2026-08-23,ES,quantile,0.750,10.8
2026-08-12,ILI incidence,3,2026-08-23,ES,quantile,0.800,15.200000000000017
2026-08-12,ILI incidence,3,2026-08-23,ES,quantile,0.850,22.499999999999996
2026-08-12,ILI incidence,3,2026-08-23,ES,quantile,0.900,29.099999999999998
2026-08-12,ILI incidence,3,2026-08-23,ES,quantile,0.950,44.80499999999992
2026-08-12,ILI incidence,3,2026-08-23,ES,quantile,0.975,63.59999999999999
2026-08-12,ILI incidence,3,2026-08-23,ES,quantile,0.990,87.70400000000011
2026-08-12,ILI incidence,3,2026-08-23,ES,median,,4.000000000000001
2026-08-12,ILI incidence,4,2026-08-30,ES,quantile,0.010,0.0
2026-08-12,ILI incidence,4,2026-08-30,ES,quantile,0.025,0.0
2026-08-12,ILI incidence,4,2026-08-30,ES,quantile,0.050,0.0
2026-08-12,ILI incidence,4,2026-08-30,ES,quantile,0.100,0.0
2026-08-12,ILI incidence,4,2026-08-30,ES,quantile,0.150,0.0
2026-08-12,ILI incidence,4,2026-08-30,ES,quantile,0.200,0.0
2026-08-12,ILI incidence,4,2026-08-30,ES,quantile,0.250,0.0
2026-08-12,ILI incidence,4,2026-08-30,ES,quantile,0.300,0.0
2026-08-12,ILI incidence,4,2026-08-30,ES,quantile,0.350,0.0
2026-08-12,ILI incidence,4,2026-08-30,ES,quantile,0.400,1.4999999999999991
2026-08-12,ILI incidence,4,2026-08-30,ES,quantile,0.450,2.800000000000003
2026-08-12,ILI incidence,4,2026-08-30,ES,quantile,0.500,4.000000000000002
2026-08-12,ILI incidence,4,2026-08-30,ES,quantile,0.550,5.299999999999999
2026-08-12,ILI incidence,4,2026-08-30,ES,quantile,0.600,6.600000000000002
2026-08-12,ILI incidence,4,2026-08-30,ES,quantile,0.650,8.399999999999999
2026-08-12,ILI incidence,4,2026-08-30,ES,quantile,0.700,10.829999999999934
2026-08-12,ILI incidence,4,2026-08-30,ES,quantile,0.750,14.400000000000002
2026-08-12,ILI incidence,4,2026-08-30,ES,quantile,0.800,20.32000000000008
2026-08-12,ILI incidence,4,2026-08-30,ES,quantile,0.850,25.8
2026-08-12,ILI incidence,4,2026-08-30,ES,quantile,0.900,35.610000000000035
2026-08-12,ILI incidence,4,2026-08-30,ES,quantile,0.950,52.50499999999993
2026-08-12,ILI incidence,4,2026-08-30,ES,quantile,0.975,79.19999999999999
2026-08-12,ILI incidence,4,2026-08-30,ES,quantile,0.990,92.50000000000001
2026-08-12,ILI incidence,4,2026-08-30,ES,median,,4.000000000000002
2026-08-12,ILI incidence,1,2026-08-09,CH,quantile,0.010,0.0
2026-08-12,ILI incidence,1,2026-08-09,CH,quantile,0.025,0.0
2026-08-12,ILI incidence,1,2026-08-09,CH,quantile,0.050,0.0
2026-08-12,ILI incidence,1,2026-08-09,CH,quantile,0.100,0.0
2026-08-12,ILI incidence,1,2026-08-09,CH,quantile,0.150,0.0
2026-08-12,ILI incidence,1,2026-08-09,CH,quantile,0.200,0.0
2026-08-12,ILI incidence,1,2026-08-09,CH,quantile,0.250,0.0
2026-08-12,ILI incidence,1,2026-08-09,CH,quantile,0.300,0.0
2026-08-12,ILI incidence,1,2026-08-09,CH,quantile,0.350,0.0
2026-08-12,ILI incidence,1,2026-08-09,CH,quantile,0.400,0.402954752074005
2026-08-12,ILI incidence,1,2026-08-09,CH,quantile,0.450,4.75591000926481
2026-08-12,ILI incidence,1,2026-08-09,CH,quantile,0.500,8.54519201886414
2026-08-12,ILI incidence,1,2026-08-09,CH,quantile,0.550,12.41342564006731
2026-08-12,ILI incidence,1,2026-08-09,CH,quantile,0.600,16.684714956262894
2026-08-12,ILI incidence,1,2026-08-09,CH,quantile,0.650,21.936248525615106
2026-08-12,ILI incidence,1,2026-08-09,CH,quantile,0.700,27.19579883014351
2026-08-12,ILI incidence,1,2026-08-09,CH,quantile,0.750,34.63343393972326
2026-08-12,ILI incidence,1,2026-08-09,CH,quantile,0.800,43.34514275241352
2026-08-12,ILI incidence,1,2026-08-09,CH,quantile,0.850,58.26236313549318
2026-08-12,ILI incidence,1,2026-08-09,CH,quantile,0.900,79.4645168935756
2026-08-12,ILI incidence,1,2026-08-09,CH,quantile,0.950,111.71453716886782
2026-08-12,ILI incidence,1,2026-08-09,CH,quantile,0.975,146.27852613214128
2026-08-12,ILI incidence,1,2026-08-09,CH,quantile,0.990,185.83291096541637
2026-08-12,ILI incidence,1,2026-08-09,CH,median,,8.54519201886414
2026-08-12,ILI incidence,2,2026-08-16,CH,quantile,0.010,0.0
2026-08-12,ILI incidence,2,2026-08-16,CH,quantile,0.025,0.0
2026-08-12,ILI incidence,2,2026-08-16,CH,quantile,0.050,0.0
2026-08-12,ILI incidence,2,2026-08-16,CH,quantile,0.100,0.0
2026-08-12,ILI incidence,2,2026-08-16,CH,quantile,0.150,0.0
2026-08-12,ILI incidence,2,2026-08-16,CH,quantile,0.200,0.0
2026-08-12,ILI incidence,2,2026-08-16,CH,quantile,0.250,0.0
2026-08-12,ILI incidence,2,2026-08-16,CH,quantile,0.300,0.0
2026-08-12,ILI incidence,2,2026-08-16,CH,quantile,0.350,0.0
2026-08-12,ILI incidence,2,2026-08-16,CH,quantile,0.400,0.0
2026-08-12,ILI incidence,2,2026-08-16,CH,quantile,0.450,3.3555194038461886
2026-08-12,ILI incidence,2,2026-08-16,CH,quantile,0.500,8.441202635115093
2026-08-12,ILI incidence,2,2026-08-16,CH,quantile,0.550,14.072639936674268
2026-08-12,ILI incidence,2,2026-08-16,CH,quantile,0.600,19.23787320203737
2026-08-12,ILI incidence,2,2026-08-16,CH,quantile,0.650,25.63951577428242
2026-08-12,ILI incidence,2,2026-08-16,CH,quantile,0.700,32.701338118400706
2026-08-12,ILI incidence,2,2026-08-16,CH,quantile,0.750,41.8765584491257
2026-08-12,ILI incidence,2,2026-08-16,CH,quantile,0.800,54.077428758034486
2026-08-12,ILI incidence,2,2026-08-16,CH,quantile,0.850,71.77774565669876
2026-08-12,ILI incidence,2,2026-08-16,CH,quantile,0.900,92.79059914467011
2026-08-12,ILI incidence,2,2026-08-16,CH,quantile,0.950,130.64190767957632
2026-08-12,ILI incidence,2,2026-08-16,CH,quantile,0.975,167.38220596072264
2026-08-12,ILI incidence,2,2026-08-16,CH,quantile,0.990,202.58980002650685
2026-08-12,ILI incidence,2,2026-08-16,CH,median,,8.441202635115093
2026-08-12,ILI incidence,3,2026-08-23,CH,quantile,0.010,0.0
2026-08-12,ILI incidence,3,2026-08-23,CH,quantile,0.025,0.0
2026-08-12,ILI incidence,3,2026-08-23,CH,quantile,0.050,0.0
2026-08-12,ILI incidence,3,2026-08-23,CH,quantile,0.100,0.0
2026-08-12,ILI incidence,3,2026-08-23,CH,quantile,0.150,0.0
2026-08-12,ILI incidence,3,2026-08-23,CH,quantile,0.200,0.0
2026-08-12,ILI incidence,3,2026-08-23,CH,quantile,0.250,0.0
2026-08-12,ILI incidence,3,2026-08-23,CH,quantile,0.300,0.0
2026-08-12,ILI incidence,3,2026-08-23,CH,quantile,0.350,0.0
2026-08-12,ILI incidence,3,2026-08-23,CH,quantile,0.400,0.0
2026-08-12,ILI incidence,3,2026-08-23,CH,quantile,0.450,2.030298137908403
2026-08-12,ILI incidence,3,2026-08-23,CH,quantile,0.500,8.817250583842714
2026-08-12,ILI incidence,3,2026-08-23,CH,quantile,0.550,15.749258993719655
2026-08-12,ILI incidence,3,2026-08-23,CH,quantile,0.600,22.457577763315253
2026-08-12,ILI incidence,3,2026-08-23,CH,quantile,0.650,29.58013178528535
2026-08-12,ILI incidence,3,2026-08-23,CH,quantile,0.700,37.784939908024725
2026-08-12,ILI incidence,3,2026-08-23,CH,quantile,0.750,49.21313767093389
2026-08-12,ILI incidence,3,2026-08-23,CH,quantile,0.800,62.59551365394741
2026-08-12,ILI incidence,3,2026-08-23,CH,quantile,0.850,80.29395469916828
2026-08-12,ILI incidence,3,2026-08-23,CH,quantile,0.900,103.89941771853863
2026-08-12,ILI incidence,3,2026-08-23,CH,quantile,0.950,145.5050315395707
2026-08-12,ILI incidence,3,2026-08-23,CH,quantile,0.975,180.11691459907718
2026-08-12,ILI incidence,3,2026-08-23,CH,quantile,0.990,215.79636947010601
2026-08-12,ILI incidence,3,2026-08-23,CH,median,,8.817250583842714
2026-08-12,ILI incidence,4,2026-08-30,CH,quantile,0.010,0.0
2026-08-12,ILI incidence,4,2026-08-30,CH,quantile,0.025,0.0
2026-08-12,ILI incidence,4,2026-08-30,CH,quantile,0.050,0.0
2026-08-12,ILI incidence,4,2026-08-30,CH,quantile,0.100,0.0
2026-08-12,ILI incidence,4,2026-08-30,CH,quantile,0.150,0.0
2026-08-12,ILI incidence,4,2026-08-30,CH,quantile,0.200,0.0
2026-08-12,ILI incidence,4,2026-08-30,CH,quantile,0.250,0.0
2026-08-12,ILI incidence,4,2026-08-30,CH,quantile,0.300,0.0
2026-08-12,ILI incidence,4,2026-08-30,CH,quantile,0.350,0.0
2026-08-12,ILI incidence,4,2026-08-30,CH,quantile,0.400,0.0
2026-08-12,ILI incidence,4,2026-08-30,CH,quantile,0.450,0.4693666795627812
2026-08-12,ILI incidence,4,2026-08-30,CH,quantile,0.500,8.366695929891293
2026-08-12,ILI incidence,4,2026-08-30,CH,quantile,0.550,16.111724717489846
2026-08-12,ILI incidence,4,2026-08-30,CH,quantile,0.600,24.030539985277205
2026-08-12,ILI incidence,4,2026-08-30,CH,quantile,0.650,33.02189083745217
2026-08-12,ILI incidence,4,2026-08-30,CH,quantile,0.700,42.83056354312222
2026-08-12,ILI incidence,4,2026-08-30,CH,quantile,0.750,54.492772331488986
2026-08-12,ILI incidence,4,2026-08-30,CH,quantile,0.800,70.30325890053832
2026-08-12,ILI incidence,4,2026-08-30,CH,quantile,0.850,89.66438446561232
2026-08-12,ILI incidence,4,2026-08-30,CH,quantile,0.900,116.54634077397162
2026-08-12,ILI incidence,4,2026-08-30,CH,quantile,0.950,155.37277223203117
2026-08-12,ILI incidence,4,2026-08-30,CH,quantile,0.975,191.14745076008558
2026-08-12,ILI incidence,4,2026-08-30,CH,quantile,0.990,231.51419888956158
2026-08-12,ILI incidence,4,2026-08-30,CH,median,,8.366695929891293
2026-08-12,ILI incidence,1,2026-08-09,GB-ENG,quantile,0.010,0.0
2026-08-12,ILI incidence,1,2026-08-09,GB-ENG,quantile,0.025,0.0
2026-08-12,ILI incidence,1,2026-08-09,GB-ENG,quantile,0.050,0.0
2026-08-12,ILI incidence,1,2026-08-09,GB-ENG,quantile,0.100,0.0
2026-08-12,ILI incidence,1,2026-08-09,GB-ENG,quantile,0.150,0.0
2026-08-12,ILI incidence,1,2026-08-09,GB-ENG,quantile,0.200,0.0
2026-08-12,ILI incidence,1,2026-08-09,GB-ENG,quantile,0.250,0.0
2026-08-12,ILI incidence,1,2026-08-09,GB-ENG,quantile,0.300,0.07203358170880574
2026-08-12,ILI incidence,1,2026-08-09,GB-ENG,quantile,0.350,0.3749444487796512
2026-08-12,ILI incidence,1,2026-08-09,GB-ENG,quantile,0.400,0.6393924209100015
2026-08-12,ILI incidence,1,2026-08-09,GB-ENG,quantile,0.450,0.8731550299921842
2026-08-12,ILI incidence,1,2026-08-09,GB-ENG,quantile,0.500,1.0548995861055386
2026-08-12,ILI incidence,1,2026-08-09,GB-ENG,quantile,0.550,1.2718585321872578
2026-08-12,ILI incidence,1,2026-08-09,GB-ENG,quantile,0.600,1.5049086436481849
2026-08-12,ILI incidence,1,2026-08-09,GB-ENG,quantile,0.650,1.7500242146725202
2026-08-12,ILI incidence,1,2026-08-09,GB-ENG,quantile,0.700,2.0548006264132117
2026-08-12,ILI incidence,1,2026-08-09,GB-ENG,quantile,0.750,2.3990518630574953
2026-08-12,ILI incidence,1,2026-08-09,GB-ENG,quantile,0.800,2.8600152944677144
2026-08-12,ILI incidence,1,2026-08-09,GB-ENG,quantile,0.850,3.6921765593770943
2026-08-12,ILI incidence,1,2026-08-09,GB-ENG,quantile,0.900,5.015241080408089
2026-08-12,ILI incidence,1,2026-08-09,GB-ENG,quantile,0.950,6.770922261990689
2026-08-12,ILI incidence,1,2026-08-09,GB-ENG,quantile,0.975,7.9821342861656
2026-08-12,ILI incidence,1,2026-08-09,GB-ENG,quantile,0.990,10.244329864362623
2026-08-12,ILI incidence,1,2026-08-09,GB-ENG,median,,1.0548995861055386
2026-08-12,ILI incidence,2,2026-08-16,GB-ENG,quantile,0.010,0.0
2026-08-12,ILI incidence,2,2026-08-16,GB-ENG,quantile,0.025,0.0
2026-08-12,ILI incidence,2,2026-08-16,GB-ENG,quantile,0.050,0.0
2026-08-12,ILI incidence,2,2026-08-16,GB-ENG,quantile,0.100,0.0
2026-08-12,ILI incidence,2,2026-08-16,GB-ENG,quantile,0.150,0.0
2026-08-12,ILI incidence,2,2026-08-16,GB-ENG,quantile,0.200,0.0
2026-08-12,ILI incidence,2,2026-08-16,GB-ENG,quantile,0.250,0.0
2026-08-12,ILI incidence,2,2026-08-16,GB-ENG,quantile,0.300,0.0
2026-08-12,ILI incidence,2,2026-08-16,GB-ENG,quantile,0.350,0.0940484601548375
2026-08-12,ILI incidence,2,2026-08-16,GB-ENG,quantile,0.400,0.44230216832254454
2026-08-12,ILI incidence,2,2026-08-16,GB-ENG,quantile,0.450,0.7764503189462172
2026-08-12,ILI incidence,2,2026-08-16,GB-ENG,quantile,0.500,1.0918529270716695
2026-08-12,ILI incidence,2,2026-08-16,GB-ENG,quantile,0.550,1.3955917542524428
2026-08-12,ILI incidence,2,2026-08-16,GB-ENG,quantile,0.600,1.7335934491213338
2026-08-12,ILI incidence,2,2026-08-16,GB-ENG,quantile,0.650,2.0886055425904173
2026-08-12,ILI incidence,2,2026-08-16,GB-ENG,quantile,0.700,2.492684850843349
2026-08-12,ILI incidence,2,2026-08-16,GB-ENG,quantile,0.750,2.993479954483005
2026-08-12,ILI incidence,2,2026-08-16,GB-ENG,quantile,0.800,3.7327919077143754
2026-08-12,ILI incidence,2,2026-08-16,GB-ENG,quantile,0.850,4.6720018005717945
2026-08-12,ILI incidence,2,2026-08-16,GB-ENG,quantile,0.900,6.049528614434589
2026-08-12,ILI incidence,2,2026-08-16,GB-ENG,quantile,0.950,7.771366602452861
2026-08-12,ILI incidence,2,2026-08-16,GB-ENG,quantile,0.975,9.504212716154655
2026-08-12,ILI incidence,2,2026-08-16,GB-ENG,quantile,0.990,11.426599195585673
2026-08-12,ILI incidence,2,2026-08-16,GB-ENG,median,,1.0918529270716695
2026-08-12,ILI incidence,3,2026-08-23,GB-ENG,quantile,0.010,0.0
2026-08-12,ILI incidence,3,2026-08-23,GB-ENG,quantile,0.025,0.0
2026-08-12,ILI incidence,3,2026-08-23,GB-ENG,quantile,0.050,0.0
2026-08-12,ILI incidence,3,2026-08-23,GB-ENG,quantile,0.100,0.0
2026-08-12,ILI incidence,3,2026-08-23,GB-ENG,quantile,0.150,0.0
2026-08-12,ILI incidence,3,2026-08-23,GB-ENG,quantile,0.200,0.0
2026-08-12,ILI incidence,3,2026-08-23,GB-ENG,quantile,0.250,0.0
2026-08-12,ILI incidence,3,2026-08-23,GB-ENG,quantile,0.300,0.0
2026-08-12,ILI incidence,3,2026-08-23,GB-ENG,quantile,0.350,0.0
2026-08-12,ILI incidence,3,2026-08-23,GB-ENG,quantile,0.400,0.2587961495911964
2026-08-12,ILI incidence,3,2026-08-23,GB-ENG,quantile,0.450,0.6716105752859002
2026-08-12,ILI incidence,3,2026-08-23,GB-ENG,quantile,0.500,1.0832547306709022
2026-08-12,ILI incidence,3,2026-08-23,GB-ENG,quantile,0.550,1.4900117058763696
2026-08-12,ILI incidence,3,2026-08-23,GB-ENG,quantile,0.600,1.9387523940809055
2026-08-12,ILI incidence,3,2026-08-23,GB-ENG,quantile,0.650,2.3851339297014835
2026-08-12,ILI incidence,3,2026-08-23,GB-ENG,quantile,0.700,2.96858920150936
2026-08-12,ILI incidence,3,2026-08-23,GB-ENG,quantile,0.750,3.5997023397976102
2026-08-12,ILI incidence,3,2026-08-23,GB-ENG,quantile,0.800,4.400128799882661
2026-08-12,ILI incidence,3,2026-08-23,GB-ENG,quantile,0.850,5.506298621847583
2026-08-12,ILI incidence,3,2026-08-23,GB-ENG,quantile,0.900,6.788213006005241
2026-08-12,ILI incidence,3,2026-08-23,GB-ENG,quantile,0.950,8.766837786429374
2026-08-12,ILI incidence,3,2026-08-23,GB-ENG,quantile,0.975,10.509988698975892
2026-08-12,ILI incidence,3,2026-08-23,GB-ENG,quantile,0.990,12.54463432035184
2026-08-12,ILI incidence,3,2026-08-23,GB-ENG,median,,1.0832547306709022
2026-08-12,ILI incidence,4,2026-08-30,GB-ENG,quantile,0.010,0.0
2026-08-12,ILI incidence,4,2026-08-30,GB-ENG,quantile,0.025,0.0
2026-08-12,ILI incidence,4,2026-08-30,GB-ENG,quantile,0.050,0.0
2026-08-12,ILI incidence,4,2026-08-30,GB-ENG,quantile,0.100,0.0
2026-08-12,ILI incidence,4,2026-08-30,GB-ENG,quantile,0.150,0.0
2026-08-12,ILI incidence,4,2026-08-30,GB-ENG,quantile,0.200,0.0
2026-08-12,ILI incidence,4,2026-08-30,GB-ENG,quantile,0.250,0.0
2026-08-12,ILI incidence,4,2026-08-30,GB-ENG,quantile,0.300,0.0
2026-08-12,ILI incidence,4,2026-08-30,GB-ENG,quantile,0.350,0.0
2026-08-12,ILI incidence,4,2026-08-30,GB-ENG,quantile,0.400,0.04453543133643021
2026-08-12,ILI incidence,4,2026-08-30,GB-ENG,quantile,0.450,0.5596337261061644
2026-08-12,ILI incidence,4,2026-08-30,GB-ENG,quantile,0.500,1.1234122946287126
2026-08-12,ILI incidence,4,2026-08-30,GB-ENG,quantile,0.550,1.6376570802637223
2026-08-12,ILI incidence,4,2026-08-30,GB-ENG,quantile,0.600,2.1476799549773853
2026-08-12,ILI incidence,4,2026-08-30,GB-ENG,quantile,0.650,2.702002368783777
2026-08-12,ILI incidence,4,2026-08-30,GB-ENG,quantile,0.700,3.3179505541464134
2026-08-12,ILI incidence,4,2026-08-30,GB-ENG,quantile,0.750,4.0854961796997324
2026-08-12,ILI incidence,4,2026-08-30,GB-ENG,quantile,0.800,4.916871487385723
2026-08-12,ILI incidence,4,2026-08-30,GB-ENG,quantile,0.850,5.9873388616399845
2026-08-12,ILI incidence,4,2026-08-30,GB-ENG,quantile,0.900,7.375281792000423
2026-08-12,ILI incidence,4,2026-08-30,GB-ENG,quantile,0.950,9.524691933260632
2026-08-12,ILI incidence,4,2026-08-30,GB-ENG,quantile,0.975,11.281584478316425
2026-08-12,ILI incidence,4,2026-08-30,GB-ENG,quantile,0.990,13.288715483589298
2026-08-12,ILI incidence,4,2026-08-30,GB-ENG,median,,1.1234122946287126
2026-08-12,ILI incidence,1,2026-08-09,GB-WLS,quantile,0.010,0.0
2026-08-12,ILI incidence,1,2026-08-09,GB-WLS,quantile,0.025,0.0
2026-08-12,ILI incidence,1,2026-08-09,GB-WLS,quantile,0.050,0.0
2026-08-12,ILI incidence,1,2026-08-09,GB-WLS,quantile,0.100,0.0
2026-08-12,ILI incidence,1,2026-08-09,GB-WLS,quantile,0.150,0.0
2026-08-12,ILI incidence,1,2026-08-09,GB-WLS,quantile,0.200,0.0
2026-08-12,ILI incidence,1,2026-08-09,GB-WLS,quantile,0.250,0.0
2026-08-12,ILI incidence,1,2026-08-09,GB-WLS,quantile,0.300,0.0
2026-08-12,ILI incidence,1,2026-08-09,GB-WLS,quantile,0.350,0.0
2026-08-12,ILI incidence,1,2026-08-09,GB-WLS,quantile,0.400,0.0
2026-08-12,ILI incidence,1,2026-08-09,GB-WLS,quantile,0.450,0.0
2026-08-12,ILI incidence,1,2026-08-09,GB-WLS,quantile,0.500,0.1987074079366411
2026-08-12,ILI incidence,1,2026-08-09,GB-WLS,quantile,0.550,0.8358269597659882
2026-08-12,ILI incidence,1,2026-08-09,GB-WLS,quantile,0.600,1.4729330179338824
2026-08-12,ILI incidence,1,2026-08-09,GB-WLS,quantile,0.650,2.113348304190073
2026-08-12,ILI incidence,1,2026-08-09,GB-WLS,quantile,0.700,2.8446438872809092
2026-08-12,ILI incidence,1,2026-08-09,GB-WLS,quantile,0.750,3.7968174871683313
2026-08-12,ILI incidence,1,2026-08-09,GB-WLS,quantile,0.800,5.08516037138869
2026-08-12,ILI incidence,1,2026-08-09,GB-WLS,quantile,0.850,7.170477169390943
2026-08-12,ILI incidence,1,2026-08-09,GB-WLS,quantile,0.900,10.174955750427932
2026-08-12,ILI incidence,1,2026-08-09,GB-WLS,quantile,0.950,13.434452837404708
2026-08-12,ILI incidence,1,2026-08-09,GB-WLS,quantile,0.975,17.382423100405553
2026-08-12,ILI incidence,1,2026-08-09,GB-WLS,quantile,0.990,22.152917594938838
2026-08-12,ILI incidence,1,2026-08-09,GB-WLS,median,,0.1987074079366411
2026-08-12,ILI incidence,2,2026-08-16,GB-WLS,quantile,0.010,0.0
2026-08-12,ILI incidence,2,2026-08-16,GB-WLS,quantile,0.025,0.0
2026-08-12,ILI incidence,2,2026-08-16,GB-WLS,quantile,0.050,0.0
2026-08-12,ILI incidence,2,2026-08-16,GB-WLS,quantile,0.100,0.0
2026-08-12,ILI incidence,2,2026-08-16,GB-WLS,quantile,0.150,0.0
2026-08-12,ILI incidence,2,2026-08-16,GB-WLS,quantile,0.200,0.0
2026-08-12,ILI incidence,2,2026-08-16,GB-WLS,quantile,0.250,0.0
2026-08-12,ILI incidence,2,2026-08-16,GB-WLS,quantile,0.300,0.0
2026-08-12,ILI incidence,2,2026-08-16,GB-WLS,quantile,0.350,0.0
2026-08-12,ILI incidence,2,2026-08-16,GB-WLS,quantile,0.400,0.0
2026-08-12,ILI incidence,2,2026-08-16,GB-WLS,quantile,0.450,0.0
2026-08-12,ILI incidence,2,2026-08-16,GB-WLS,quantile,0.500,0.22141720420133112
2026-08-12,ILI incidence,2,2026-08-16,GB-WLS,quantile,0.550,1.0451913282736602
2026-08-12,ILI incidence,2,2026-08-16,GB-WLS,quantile,0.600,1.8901249113604761
2026-08-12,ILI incidence,2,2026-08-16,GB-WLS,quantile,0.650,2.794661016664358
2026-08-12,ILI incidence,2,2026-08-16,GB-WLS,quantile,0.700,3.794214628258129
2026-08-12,ILI incidence,2,2026-08-16,GB-WLS,quantile,0.750,4.9786465432952305
2026-08-12,ILI incidence,2,2026-08-16,GB-WLS,quantile,0.800,6.586163949044778
2026-08-12,ILI incidence,2,2026-08-16,GB-WLS,quantile,0.850,8.958873202983927
2026-08-12,ILI incidence,2,2026-08-16,GB-WLS,quantile,0.900,11.621201255754759
2026-08-12,ILI incidence,2,2026-08-16,GB-WLS,quantile,0.950,15.908901791536561
2026-08-12,ILI incidence,2,2026-08-16,GB-WLS,quantile,0.975,20.28324409990613
2026-08-12,ILI incidence,2,2026-08-16,GB-WLS,quantile,0.990,24.41849653435979
2026-08-12,ILI incidence,2,2026-08-16,GB-WLS,median,,0.22141720420133112
2026-08-12,ILI incidence,3,2026-08-23,GB-WLS,quantile,0.010,0.0
2026-08-12,ILI incidence,3,2026-08-23,GB-WLS,quantile,0.025,0.0
2026-08-12,ILI incidence,3,2026-08-23,GB-WLS,quantile,0.050,0.0
2026-08-12,ILI incidence,3,2026-08-23,GB-WLS,quantile,0.100,0.0
2026-08-12,ILI incidence,3,2026-08-23,GB-WLS,quantile,0.150,0.0
2026-08-12,ILI incidence,3,2026-08-23,GB-WLS,quantile,0.200,0.0
2026-08-12,ILI incidence,3,2026-08-23,GB-WLS,quantile,0.250,0.0
2026-08-12,ILI incidence,3,2026-08-23,GB-WLS,quantile,0.300,0.0
2026-08-12,ILI incidence,3,2026-08-23,GB-WLS,quantile,0.350,0.0
2026-08-12,ILI incidence,3,2026-08-23,GB-WLS,quantile,0.400,0.0
2026-08-12,ILI incidence,3,2026-08-23,GB-WLS,quantile,0.450,0.0
2026-08-12,ILI incidence,3,2026-08-23,GB-WLS,quantile,0.500,0.3132452028513875
2026-08-12,ILI incidence,3,2026-08-23,GB-WLS,quantile,0.550,1.194548220634284
2026-08-12,ILI incidence,3,2026-08-23,GB-WLS,quantile,0.600,2.102920218353205
2026-08-12,ILI incidence,3,2026-08-23,GB-WLS,quantile,0.650,3.1427317921984677
2026-08-12,ILI incidence,3,2026-08-23,GB-WLS,quantile,0.700,4.390727728348326
2026-08-12,ILI incidence,3,2026-08-23,GB-WLS,quantile,0.750,5.9364681925206595
2026-08-12,ILI incidence,3,2026-08-23,GB-WLS,quantile,0.800,7.875303444253929
2026-08-12,ILI incidence,3,2026-08-23,GB-WLS,quantile,0.850,10.049123571410746
2026-08-12,ILI incidence,3,2026-08-23,GB-WLS,quantile,0.900,13.048176967935776
2026-08-12,ILI incidence,3,2026-08-23,GB-WLS,quantile,0.950,17.769969776054587
2026-08-12,ILI incidence,3,2026-08-23,GB-WLS,quantile,0.975,21.585733424060333
2026-08-12,ILI incidence,3,2026-08-23,GB-WLS,quantile,0.990,26.217523668022658
2026-08-12,ILI incidence,3,2026-08-23,GB-WLS,median,,0.3132452028513875
2026-08-12,ILI incidence,4,2026-08-30,GB-WLS,quantile,0.010,0.0
2026-08-12,ILI incidence,4,2026-08-30,GB-WLS,quantile,0.025,0.0
2026-08-12,ILI incidence,4,2026-08-30,GB-WLS,quantile,0.050,0.0
2026-08-12,ILI incidence,4,2026-08-30,GB-WLS,quantile,0.100,0.0
2026-08-12,ILI incidence,4,2026-08-30,GB-WLS,quantile,0.150,0.0
2026-08-12,ILI incidence,4,2026-08-30,GB-WLS,quantile,0.200,0.0
2026-08-12,ILI incidence,4,2026-08-30,GB-WLS,quantile,0.250,0.0
2026-08-12,ILI incidence,4,2026-08-30,GB-WLS,quantile,0.300,0.0
2026-08-12,ILI incidence,4,2026-08-30,GB-WLS,quantile,0.350,0.0
2026-08-12,ILI incidence,4,2026-08-30,GB-WLS,quantile,0.400,0.0
2026-08-12,ILI incidence,4,2026-08-30,GB-WLS,quantile,0.450,0.0
2026-08-12,ILI incidence,4,2026-08-30,GB-WLS,quantile,0.500,0.2201857207888891
2026-08-12,ILI incidence,4,2026-08-30,GB-WLS,quantile,0.550,1.2357646801053073
2026-08-12,ILI incidence,4,2026-08-30,GB-WLS,quantile,0.600,2.32817094671926
2026-08-12,ILI incidence,4,2026-08-30,GB-WLS,quantile,0.650,3.5729286248669996
2026-08-12,ILI incidence,4,2026-08-30,GB-WLS,quantile,0.700,4.930682847714437
2026-08-12,ILI incidence,4,2026-08-30,GB-WLS,quantile,0.750,6.687514547768664
2026-08-12,ILI incidence,4,2026-08-30,GB-WLS,quantile,0.800,8.837705822031745
2026-08-12,ILI incidence,4,2026-08-30,GB-WLS,quantile,0.850,11.207396182831419
2026-08-12,ILI incidence,4,2026-08-30,GB-WLS,quantile,0.900,14.218968763607586
2026-08-12,ILI incidence,4,2026-08-30,GB-WLS,quantile,0.950,19.189834610961345
2026-08-12,ILI incidence,4,2026-08-30,GB-WLS,quantile,0.975,23.458690595245557
2026-08-12,ILI incidence,4,2026-08-30,GB-WLS,quantile,0.990,28.97365003777043
2026-08-12,ILI incidence,4,2026-08-30,GB-WLS,median,,0.2201857207888891
2026-08-12,ILI incidence,1,2026-08-09,GB-NIR,quantile,0.010,0.0
2026-08-12,ILI incidence,1,2026-08-09,GB-NIR,quantile,0.025,0.0
2026-08-12,ILI incidence,1,2026-08-09,GB-NIR,quantile,0.050,0.0
2026-08-12,ILI incidence,1,2026-08-09,GB-NIR,quantile,0.100,0.0
2026-08-12,ILI incidence,1,2026-08-09,GB-NIR,quantile,0.150,0.0
2026-08-12,ILI incidence,1,2026-08-09,GB-NIR,quantile,0.200,0.27553106528034355
2026-08-12,ILI incidence,1,2026-08-09,GB-NIR,quantile,0.250,0.7173793904808063
2026-08-12,ILI incidence,1,2026-08-09,GB-NIR,quantile,0.300,0.9657373452015119
2026-08-12,ILI incidence,1,2026-08-09,GB-NIR,quantile,0.350,1.1495378930734645
2026-08-12,ILI incidence,1,2026-08-09,GB-NIR,quantile,0.400,1.245917267427295
2026-08-12,ILI incidence,1,2026-08-09,GB-NIR,quantile,0.450,1.3437167771778087
2026-08-12,ILI incidence,1,2026-08-09,GB-NIR,quantile,0.500,1.4861126464050909
2026-08-12,ILI incidence,1,2026-08-09,GB-NIR,quantile,0.550,1.5910345507128179
2026-08-12,ILI incidence,1,2026-08-09,GB-NIR,quantile,0.600,1.7264331106031563
2026-08-12,ILI incidence,1,2026-08-09,GB-NIR,quantile,0.650,1.8222466184229258
2026-08-12,ILI incidence,1,2026-08-09,GB-NIR,quantile,0.700,1.9666404966907076
2026-08-12,ILI incidence,1,2026-08-09,GB-NIR,quantile,0.750,2.2096144212506426
2026-08-12,ILI incidence,1,2026-08-09,GB-NIR,quantile,0.800,2.6072785108440044
2026-08-12,ILI incidence,1,2026-08-09,GB-NIR,quantile,0.850,2.969417480230547
2026-08-12,ILI incidence,1,2026-08-09,GB-NIR,quantile,0.900,3.724172785106206
2026-08-12,ILI incidence,1,2026-08-09,GB-NIR,quantile,0.950,7.673208847635788
2026-08-12,ILI incidence,1,2026-08-09,GB-NIR,quantile,0.975,13.967816749579136
2026-08-12,ILI incidence,1,2026-08-09,GB-NIR,quantile,0.990,22.785168032494692
2026-08-12,ILI incidence,1,2026-08-09,GB-NIR,median,,1.4861126464050909
2026-08-12,ILI incidence,2,2026-08-16,GB-NIR,quantile,0.010,0.0
2026-08-12,ILI incidence,2,2026-08-16,GB-NIR,quantile,0.025,0.0
2026-08-12,ILI incidence,2,2026-08-16,GB-NIR,quantile,0.050,0.0
2026-08-12,ILI incidence,2,2026-08-16,GB-NIR,quantile,0.100,0.0
2026-08-12,ILI incidence,2,2026-08-16,GB-NIR,quantile,0.150,0.0
2026-08-12,ILI incidence,2,2026-08-16,GB-NIR,quantile,0.200,0.0
2026-08-12,ILI incidence,2,2026-08-16,GB-NIR,quantile,0.250,0.0
2026-08-12,ILI incidence,2,2026-08-16,GB-NIR,quantile,0.300,0.33154396768199335
2026-08-12,ILI incidence,2,2026-08-16,GB-NIR,quantile,0.350,0.6721953460148524
2026-08-12,ILI incidence,2,2026-08-16,GB-NIR,quantile,0.400,1.0039179610756161
2026-08-12,ILI incidence,2,2026-08-16,GB-NIR,quantile,0.450,1.2530853056306228
2026-08-12,ILI incidence,2,2026-08-16,GB-NIR,quantile,0.500,1.486901120595835
2026-08-12,ILI incidence,2,2026-08-16,GB-NIR,quantile,0.550,1.7022305247565803
2026-08-12,ILI incidence,2,2026-08-16,GB-NIR,quantile,0.600,1.965540424896025
2026-08-12,ILI incidence,2,2026-08-16,GB-NIR,quantile,0.650,2.2529939417948306
2026-08-12,ILI incidence,2,2026-08-16,GB-NIR,quantile,0.700,2.6174206451367152
2026-08-12,ILI incidence,2,2026-08-16,GB-NIR,quantile,0.750,3.031608300447636
2026-08-12,ILI incidence,2,2026-08-16,GB-NIR,quantile,0.800,3.563938541433683
2026-08-12,ILI incidence,2,2026-08-16,GB-NIR,quantile,0.850,4.460755470036326
2026-08-12,ILI incidence,2,2026-08-16,GB-NIR,quantile,0.900,7.423168187842172
2026-08-12,ILI incidence,2,2026-08-16,GB-NIR,quantile,0.950,14.476049298545464
2026-08-12,ILI incidence,2,2026-08-16,GB-NIR,quantile,0.975,23.16366150433943
2026-08-12,ILI incidence,2,2026-08-16,GB-NIR,quantile,0.990,32.483074638881675
2026-08-12,ILI incidence,2,2026-08-16,GB-NIR,median,,1.486901120595835
2026-08-12,ILI incidence,3,2026-08-23,GB-NIR,quantile,0.010,0.0
2026-08-12,ILI incidence,3,2026-08-23,GB-NIR,quantile,0.025,0.0
2026-08-12,ILI incidence,3,2026-08-23,GB-NIR,quantile,0.050,0.0
2026-08-12,ILI incidence,3,2026-08-23,GB-NIR,quantile,0.100,0.0
2026-08-12,ILI incidence,3,2026-08-23,GB-NIR,quantile,0.150,0.0
2026-08-12,ILI incidence,3,2026-08-23,GB-NIR,quantile,0.200,0.0
2026-08-12,ILI incidence,3,2026-08-23,GB-NIR,quantile,0.250,0.0
2026-08-12,ILI incidence,3,2026-08-23,GB-NIR,quantile,0.300,0.0
2026-08-12,ILI incidence,3,2026-08-23,GB-NIR,quantile,0.350,0.26345050522004254
2026-08-12,ILI incidence,3,2026-08-23,GB-NIR,quantile,0.400,0.7143362414302853
2026-08-12,ILI incidence,3,2026-08-23,GB-NIR,quantile,0.450,1.0971433472137646
2026-08-12,ILI incidence,3,2026-08-23,GB-NIR,quantile,0.500,1.4751690100966024
2026-08-12,ILI incidence,3,2026-08-23,GB-NIR,quantile,0.550,1.8254689145071252
2026-08-12,ILI incidence,3,2026-08-23,GB-NIR,quantile,0.600,2.2058331093908325
2026-08-12,ILI incidence,3,2026-08-23,GB-NIR,quantile,0.650,2.6293535093021507
2026-08-12,ILI incidence,3,2026-08-23,GB-NIR,quantile,0.700,3.1638634082368715
2026-08-12,ILI incidence,3,2026-08-23,GB-NIR,quantile,0.750,3.791633676764278
2026-08-12,ILI incidence,3,2026-08-23,GB-NIR,quantile,0.800,4.748046003251578
2026-08-12,ILI incidence,3,2026-08-23,GB-NIR,quantile,0.850,6.644020164823812
2026-08-12,ILI incidence,3,2026-08-23,GB-NIR,quantile,0.900,11.615145331968812
2026-08-12,ILI incidence,3,2026-08-23,GB-NIR,quantile,0.950,18.651090302155684
2026-08-12,ILI incidence,3,2026-08-23,GB-NIR,quantile,0.975,28.32060478464354
2026-08-12,ILI incidence,3,2026-08-23,GB-NIR,quantile,0.990,33.03874898837755
2026-08-12,ILI incidence,3,2026-08-23,GB-NIR,median,,1.4751690100966024
2026-08-12,ILI incidence,4,2026-08-30,GB-NIR,quantile,0.010,0.0
2026-08-12,ILI incidence,4,2026-08-30,GB-NIR,quantile,0.025,0.0
2026-08-12,ILI incidence,4,2026-08-30,GB-NIR,quantile,0.050,0.0
2026-08-12,ILI incidence,4,2026-08-30,GB-NIR,quantile,0.100,0.0
2026-08-12,ILI incidence,4,2026-08-30,GB-NIR,quantile,0.150,0.0
2026-08-12,ILI incidence,4,2026-08-30,GB-NIR,quantile,0.200,0.0
2026-08-12,ILI incidence,4,2026-08-30,GB-NIR,quantile,0.250,0.0
2026-08-12,ILI incidence,4,2026-08-30,GB-NIR,quantile,0.300,0.0
2026-08-12,ILI incidence,4,2026-08-30,GB-NIR,quantile,0.350,0.0
2026-08-12,ILI incidence,4,2026-08-30,GB-NIR,quantile,0.400,0.4646175506118308
2026-08-12,ILI incidence,4,2026-08-30,GB-NIR,quantile,0.450,0.9947738475419411
2026-08-12,ILI incidence,4,2026-08-30,GB-NIR,quantile,0.500,1.4665980335904552
2026-08-12,ILI incidence,4,2026-08-30,GB-NIR,quantile,0.550,1.9527005260114139
2026-08-12,ILI incidence,4,2026-08-30,GB-NIR,quantile,0.600,2.493547845876292
2026-08-12,ILI incidence,4,2026-08-30,GB-NIR,quantile,0.650,3.0618693041130105
2026-08-12,ILI incidence,4,2026-08-30,GB-NIR,quantile,0.700,3.7024572362002677
2026-08-12,ILI incidence,4,2026-08-30,GB-NIR,quantile,0.750,4.591035883020696
2026-08-12,ILI incidence,4,2026-08-30,GB-NIR,quantile,0.800,5.959406143425748
2026-08-12,ILI incidence,4,2026-08-30,GB-NIR,quantile,0.850,8.854747420032618
2026-08-12,ILI incidence,4,2026-08-30,GB-NIR,quantile,0.900,13.944197760237916
2026-08-12,ILI incidence,4,2026-08-30,GB-NIR,quantile,0.950,22.747818687074773
2026-08-12,ILI incidence,4,2026-08-30,GB-NIR,quantile,0.975,30.07560533882341
2026-08-12,ILI incidence,4,2026-08-30,GB-NIR,quantile,0.990,34.42013368016729
2026-08-12,ILI incidence,4,2026-08-30,GB-NIR,median,,1.4665980335904552
2026-08-12,ARI incidence,1,2026-08-09,BE,quantile,0.010,0.0
2026-08-12,ARI incidence,1,2026-08-09,BE,quantile,0.025,0.0
2026-08-12,ARI incidence,1,2026-08-09,BE,quantile,0.050,0.0
2026-08-12,ARI incidence,1,2026-08-09,BE,quantile,0.100,0.0
2026-08-12,ARI incidence,1,2026-08-09,BE,quantile,0.150,25.69999999999999
2026-08-12,ARI incidence,1,2026-08-09,BE,quantile,0.200,53.7000000000001
2026-08-12,ARI incidence,1,2026-08-09,BE,quantile,0.250,89.19999999999987
2026-08-12,ARI incidence,1,2026-08-09,BE,quantile,0.300,109.00000000000006
2026-08-12,ARI incidence,1,2026-08-09,BE,quantile,0.350,127.59999999999997
2026-08-12,ARI incidence,1,2026-08-09,BE,quantile,0.400,143.89999999999992
2026-08-12,ARI incidence,1,2026-08-09,BE,quantile,0.450,165.60000000000002
2026-08-12,ARI incidence,1,2026-08-09,BE,quantile,0.500,188.3
2026-08-12,ARI incidence,1,2026-08-09,BE,quantile,0.550,210.59999999999997
2026-08-12,ARI incidence,1,2026-08-09,BE,quantile,0.600,231.8
2026-08-12,ARI incidence,1,2026-08-09,BE,quantile,0.650,246.2
2026-08-12,ARI incidence,1,2026-08-09,BE,quantile,0.700,265.00000000000006
2026-08-12,ARI incidence,1,2026-08-09,BE,quantile,0.750,282.40000000000003
2026-08-12,ARI incidence,1,2026-08-09,BE,quantile,0.800,321.59999999999997
2026-08-12,ARI incidence,1,2026-08-09,BE,quantile,0.850,347.90000000000015
2026-08-12,ARI incidence,1,2026-08-09,BE,quantile,0.900,401.49999999999994
2026-08-12,ARI incidence,1,2026-08-09,BE,quantile,0.950,481.8
2026-08-12,ARI incidence,1,2026-08-09,BE,quantile,0.975,535.7
2026-08-12,ARI incidence,1,2026-08-09,BE,quantile,0.990,633.6000000000001
2026-08-12,ARI incidence,1,2026-08-09,BE,median,,188.3
2026-08-12,ARI incidence,2,2026-08-16,BE,quantile,0.010,0.0
2026-08-12,ARI incidence,2,2026-08-16,BE,quantile,0.025,0.0
2026-08-12,ARI incidence,2,2026-08-16,BE,quantile,0.050,0.0
2026-08-12,ARI incidence,2,2026-08-16,BE,quantile,0.100,0.0
2026-08-12,ARI incidence,2,2026-08-16,BE,quantile,0.150,0.0
2026-08-12,ARI incidence,2,2026-08-16,BE,quantile,0.200,0.0
2026-08-12,ARI incidence,2,2026-08-16,BE,quantile,0.250,32.57499999999992
2026-08-12,ARI incidence,2,2026-08-16,BE,quantile,0.300,70.09999999999997
2026-08-12,ARI incidence,2,2026-08-16,BE,quantile,0.350,101.96499999999997
2026-08-12,ARI incidence,2,2026-08-16,BE,quantile,0.400,132.82000000000014
2026-08-12,ARI incidence,2,2026-08-16,BE,quantile,0.450,161.29999999999998
2026-08-12,ARI incidence,2,2026-08-16,BE,quantile,0.500,188.3
2026-08-12,ARI incidence,2,2026-08-16,BE,quantile,0.550,215.2999999999999
2026-08-12,ARI incidence,2,2026-08-16,BE,quantile,0.600,245.50000000000003
2026-08-12,ARI incidence,2,2026-08-16,BE,quantile,0.650,276.7000000000001
2026-08-12,ARI incidence,2,2026-08-16,BE,quantile,0.700,309.4999999999999
2026-08-12,ARI incidence,2,2026-08-16,BE,quantile,0.750,341.49999999999994
2026-08-12,ARI incidence,2,2026-08-16,BE,quantile,0.800,382.9999999999999
2026-08-12,ARI incidence,2,2026-08-16,BE,quantile,0.850,432.2150000000001
2026-08-12,ARI incidence,2,2026-08-16,BE,quantile,0.900,493.22000000000014
2026-08-12,ARI incidence,2,2026-08-16,BE,quantile,0.950,588.0050000000001
2026-08-12,ARI incidence,2,2026-08-16,BE,quantile,0.975,678.5074999999997
2026-08-12,ARI incidence,2,2026-08-16,BE,quantile,0.990,787.4070000000003
2026-08-12,ARI incidence,2,2026-08-16,BE,median,,188.3
2026-08-12,ARI incidence,3,2026-08-23,BE,quantile,0.010,0.0
2026-08-12,ARI incidence,3,2026-08-23,BE,quantile,0.025,0.0
2026-08-12,ARI incidence,3,2026-08-23,BE,quantile,0.050,0.0
2026-08-12,ARI incidence,3,2026-08-23,BE,quantile,0.100,0.0
2026-08-12,ARI incidence,3,2026-08-23,BE,quantile,0.150,0.0
2026-08-12,ARI incidence,3,2026-08-23,BE,quantile,0.200,0.0
2026-08-12,ARI incidence,3,2026-08-23,BE,quantile,0.250,0.0
2026-08-12,ARI incidence,3,2026-08-23,BE,quantile,0.300,37.79999999999996
2026-08-12,ARI incidence,3,2026-08-23,BE,quantile,0.350,80.56499999999994
2026-08-12,ARI incidence,3,2026-08-23,BE,quantile,0.400,118.39999999999976
2026-08-12,ARI incidence,3,2026-08-23,BE,quantile,0.450,156.0000000000001
2026-08-12,ARI incidence,3,2026-08-23,BE,quantile,0.500,192.2
2026-08-12,ARI incidence,3,2026-08-23,BE,quantile,0.550,225.20000000000005
2026-08-12,ARI incidence,3,2026-08-23,BE,quantile,0.600,264.30000000000007
2026-08-12,ARI incidence,3,2026-08-23,BE,quantile,0.650,300.9700000000001
2026-08-12,ARI incidence,3,2026-08-23,BE,quantile,0.700,341.53
2026-08-12,ARI incidence,3,2026-08-23,BE,quantile,0.750,385.57500000000005
2026-08-12,ARI incidence,3,2026-08-23,BE,quantile,0.800,433.7
2026-08-12,ARI incidence,3,2026-08-23,BE,quantile,0.850,491.4300000000001
2026-08-12,ARI incidence,3,2026-08-23,BE,quantile,0.900,562.8
2026-08-12,ARI incidence,3,2026-08-23,BE,quantile,0.950,670.405
2026-08-12,ARI incidence,3,2026-08-23,BE,quantile,0.975,769.6024999999998
2026-08-12,ARI incidence,3,2026-08-23,BE,quantile,0.990,910.603
2026-08-12,ARI incidence,3,2026-08-23,BE,median,,192.2
2026-08-12,ARI incidence,4,2026-08-30,BE,quantile,0.010,0.0
2026-08-12,ARI incidence,4,2026-08-30,BE,quantile,0.025,0.0
2026-08-12,ARI incidence,4,2026-08-30,BE,quantile,0.050,0.0
2026-08-12,ARI incidence,4,2026-08-30,BE,quantile,0.100,0.0
2026-08-12,ARI incidence,4,2026-08-30,BE,quantile,0.150,0.0
2026-08-12,ARI incidence,4,2026-08-30,BE,quantile,0.200,0.0
2026-08-12,ARI incidence,4,2026-08-30,BE,quantile,0.250,0.0
2026-08-12,ARI incidence,4,2026-08-30,BE,quantile,0.300,10.99999999999991
2026-08-12,ARI incidence,4,2026-08-30,BE,quantile,0.350,57.49999999999983
2026-08-12,ARI incidence,4,2026-08-30,BE,quantile,0.400,103.45999999999997
2026-08-12,ARI incidence,4,2026-08-30,BE,quantile,0.450,145.5999999999999
2026-08-12,ARI incidence,4,2026-08-30,BE,quantile,0.500,187.44999999999993
2026-08-12,ARI incidence,4,2026-08-30,BE,quantile,0.550,224.94500000000002
2026-08-12,ARI incidence,4,2026-08-30,BE,quantile,0.600,267.54
2026-08-12,ARI incidence,4,2026-08-30,BE,quantile,0.650,314.90000000000003
2026-08-12,ARI incidence,4,2026-08-30,BE,quantile,0.700,358.09999999999997
2026-08-12,ARI incidence,4,2026-08-30,BE,quantile,0.750,411.825
2026-08-12,ARI incidence,4,2026-08-30,BE,quantile,0.800,470.6
2026-08-12,ARI incidence,4,2026-08-30,BE,quantile,0.850,538.9999999999999
2026-08-12,ARI incidence,4,2026-08-30,BE,quantile,0.900,627.3100000000001
2026-08-12,ARI incidence,4,2026-08-30,BE,quantile,0.950,746.8049999999996
2026-08-12,ARI incidence,4,2026-08-30,BE,quantile,0.975,862.8999999999999
2026-08-12,ARI incidence,4,2026-08-30,BE,quantile,0.990,1020.9240000000007
2026-08-12,ARI incidence,4,2026-08-30,BE,median,,187.44999999999993
2026-08-12,ARI incidence,1,2026-08-09,BG,quantile,0.010,0.0
2026-08-12,ARI incidence,1,2026-08-09,BG,quantile,0.025,0.0
2026-08-12,ARI incidence,1,2026-08-09,BG,quantile,0.050,0.0
2026-08-12,ARI incidence,1,2026-08-09,BG,quantile,0.100,22.199999999999903
2026-08-12,ARI incidence,1,2026-08-09,BG,quantile,0.150,79.79999999999998
2026-08-12,ARI incidence,1,2026-08-09,BG,quantile,0.200,109.79999999999993
2026-08-12,ARI incidence,1,2026-08-09,BG,quantile,0.250,131.20000000000002
2026-08-12,ARI incidence,1,2026-08-09,BG,quantile,0.300,142.7
2026-08-12,ARI incidence,1,2026-08-09,BG,quantile,0.350,151.99999999999997
2026-08-12,ARI incidence,1,2026-08-09,BG,quantile,0.400,161.6
2026-08-12,ARI incidence,1,2026-08-09,BG,quantile,0.450,166.99999999999997
2026-08-12,ARI incidence,1,2026-08-09,BG,quantile,0.500,173.70000000000002
2026-08-12,ARI incidence,1,2026-08-09,BG,quantile,0.550,183.89999999999995
2026-08-12,ARI incidence,1,2026-08-09,BG,quantile,0.600,189.6
2026-08-12,ARI incidence,1,2026-08-09,BG,quantile,0.650,199.39999999999995
2026-08-12,ARI incidence,1,2026-08-09,BG,quantile,0.700,209.9
2026-08-12,ARI incidence,1,2026-08-09,BG,quantile,0.750,223.89999999999995
2026-08-12,ARI incidence,1,2026-08-09,BG,quantile,0.800,242.20000000000002
2026-08-12,ARI incidence,1,2026-08-09,BG,quantile,0.850,272.1
2026-08-12,ARI incidence,1,2026-08-09,BG,quantile,0.900,355.30000000000007
2026-08-12,ARI incidence,1,2026-08-09,BG,quantile,0.950,527.1999999999999
2026-08-12,ARI incidence,1,2026-08-09,BG,quantile,0.975,611.4
2026-08-12,ARI incidence,1,2026-08-09,BG,quantile,0.990,757.0
2026-08-12,ARI incidence,1,2026-08-09,BG,median,,173.70000000000002
2026-08-12,ARI incidence,2,2026-08-16,BG,quantile,0.010,0.0
2026-08-12,ARI incidence,2,2026-08-16,BG,quantile,0.025,0.0
2026-08-12,ARI incidence,2,2026-08-16,BG,quantile,0.050,0.0
2026-08-12,ARI incidence,2,2026-08-16,BG,quantile,0.100,0.0
2026-08-12,ARI incidence,2,2026-08-16,BG,quantile,0.150,0.0
2026-08-12,ARI incidence,2,2026-08-16,BG,quantile,0.200,39.72000000000005
2026-08-12,ARI incidence,2,2026-08-16,BG,quantile,0.250,77.6999999999999
2026-08-12,ARI incidence,2,2026-08-16,BG,quantile,0.300,105.2
2026-08-12,ARI incidence,2,2026-08-16,BG,quantile,0.350,127.46499999999988
2026-08-12,ARI incidence,2,2026-08-16,BG,quantile,0.400,146.6
2026-08-12,ARI incidence,2,2026-08-16,BG,quantile,0.450,161.79999999999998
2026-08-12,ARI incidence,2,2026-08-16,BG,quantile,0.500,175.70000000000013
2026-08-12,ARI incidence,2,2026-08-16,BG,quantile,0.550,190.79999999999998
2026-08-12,ARI incidence,2,2026-08-16,BG,quantile,0.600,207.13999999999993
2026-08-12,ARI incidence,2,2026-08-16,BG,quantile,0.650,225.79999999999998
2026-08-12,ARI incidence,2,2026-08-16,BG,quantile,0.700,249.3299999999999
2026-08-12,ARI incidence,2,2026-08-16,BG,quantile,0.750,275.24999999999994
2026-08-12,ARI incidence,2,2026-08-16,BG,quantile,0.800,318.59999999999997
2026-08-12,ARI incidence,2,2026-08-16,BG,quantile,0.850,376.8149999999998
2026-08-12,ARI incidence,2,2026-08-16,BG,quantile,0.900,488.2100000000001
2026-08-12,ARI incidence,2,2026-08-16,BG,quantile,0.950,630.4299999999995
2026-08-12,ARI incidence,2,2026-08-16,BG,quantile,0.975,749.3000000000001
2026-08-12,ARI incidence,2,2026-08-16,BG,quantile,0.990,869.7020000000001
2026-08-12,ARI incidence,2,2026-08-16,BG,median,,175.70000000000013
2026-08-12,ARI incidence,3,2026-08-23,BG,quantile,0.010,0.0
2026-08-12,ARI incidence,3,2026-08-23,BG,quantile,0.025,0.0
2026-08-12,ARI incidence,3,2026-08-23,BG,quantile,0.050,0.0
2026-08-12,ARI incidence,3,2026-08-23,BG,quantile,0.100,0.0
2026-08-12,ARI incidence,3,2026-08-23,BG,quantile,0.150,0.0
2026-08-12,ARI incidence,3,2026-08-23,BG,quantile,0.200,0.0
2026-08-12,ARI incidence,3,2026-08-23,BG,quantile,0.250,35.77499999999992
2026-08-12,ARI incidence,3,2026-08-23,BG,quantile,0.300,75.23999999999997
2026-08-12,ARI incidence,3,2026-08-23,BG,quantile,0.350,107.00000000000004
2026-08-12,ARI incidence,3,2026-08-23,BG,quantile,0.400,134.66000000000005
2026-08-12,ARI incidence,3,2026-08-23,BG,quantile,0.450,159.70000000000007
2026-08-12,ARI incidence,3,2026-08-23,BG,quantile,0.500,181.89999999999992
2026-08-12,ARI incidence,3,2026-08-23,BG,quantile,0.550,204.10000000000002
2026-08-12,ARI incidence,3,2026-08-23,BG,quantile,0.600,228.34
2026-08-12,ARI incidence,3,2026-08-23,BG,quantile,0.650,255.69999999999993
2026-08-12,ARI incidence,3,2026-08-23,BG,quantile,0.700,288.05999999999983
2026-08-12,ARI incidence,3,2026-08-23,BG,quantile,0.750,330.22500000000025
2026-08-12,ARI incidence,3,2026-08-23,BG,quantile,0.800,387.82000000000005
2026-08-12,ARI incidence,3,2026-08-23,BG,quantile,0.850,466.84499999999986
2026-08-12,ARI incidence,3,2026-08-23,BG,quantile,0.900,562.0999999999999
2026-08-12,ARI incidence,3,2026-08-23,BG,quantile,0.950,720.6049999999999
2026-08-12,ARI incidence,3,2026-08-23,BG,quantile,0.975,842.3024999999999
2026-08-12,ARI incidence,3,2026-08-23,BG,quantile,0.990,961.7210000000003
2026-08-12,ARI incidence,3,2026-08-23,BG,median,,181.89999999999992
2026-08-12,ARI incidence,4,2026-08-30,BG,quantile,0.010,0.0
2026-08-12,ARI incidence,4,2026-08-30,BG,quantile,0.025,0.0
2026-08-12,ARI incidence,4,2026-08-30,BG,quantile,0.050,0.0
2026-08-12,ARI incidence,4,2026-08-30,BG,quantile,0.100,0.0
2026-08-12,ARI incidence,4,2026-08-30,BG,quantile,0.150,0.0
2026-08-12,ARI incidence,4,2026-08-30,BG,quantile,0.200,0.0
2026-08-12,ARI incidence,4,2026-08-30,BG,quantile,0.250,0.0
2026-08-12,ARI incidence,4,2026-08-30,BG,quantile,0.300,40.60000000000013
2026-08-12,ARI incidence,4,2026-08-30,BG,quantile,0.350,84.12999999999991
2026-08-12,ARI incidence,4,2026-08-30,BG,quantile,0.400,119.36000000000006
2026-08-12,ARI incidence,4,2026-08-30,BG,quantile,0.450,150.4
2026-08-12,ARI incidence,4,2026-08-30,BG,quantile,0.500,180.9
2026-08-12,ARI incidence,4,2026-08-30,BG,quantile,0.550,214.49999999999997
2026-08-12,ARI incidence,4,2026-08-30,BG,quantile,0.600,245.90000000000006
2026-08-12,ARI incidence,4,2026-08-30,BG,quantile,0.650,279.4
2026-08-12,ARI incidence,4,2026-08-30,BG,quantile,0.700,320.72999999999985
2026-08-12,ARI incidence,4,2026-08-30,BG,quantile,0.750,371.8249999999998
2026-08-12,ARI incidence,4,2026-08-30,BG,quantile,0.800,437.21999999999997
2026-08-12,ARI incidence,4,2026-08-30,BG,quantile,0.850,521.03
2026-08-12,ARI incidence,4,2026-08-30,BG,quantile,0.900,625.0500000000003
2026-08-12,ARI incidence,4,2026-08-30,BG,quantile,0.950,793.2249999999996
2026-08-12,ARI incidence,4,2026-08-30,BG,quantile,0.975,930.3025
2026-08-12,ARI incidence,4,2026-08-30,BG,quantile,0.990,1092.816
2026-08-12,ARI incidence,4,2026-08-30,BG,median,,180.9
2026-08-12,ARI incidence,1,2026-08-09,CY,quantile,0.010,0.0
2026-08-12,ARI incidence,1,2026-08-09,CY,quantile,0.025,0.0
2026-08-12,ARI incidence,1,2026-08-09,CY,quantile,0.050,0.0
2026-08-12,ARI incidence,1,2026-08-09,CY,quantile,0.100,0.0
2026-08-12,ARI incidence,1,2026-08-09,CY,quantile,0.150,0.0
2026-08-12,ARI incidence,1,2026-08-09,CY,quantile,0.200,0.0
2026-08-12,ARI incidence,1,2026-08-09,CY,quantile,0.250,400.0
2026-08-12,ARI incidence,1,2026-08-09,CY,quantile,0.300,1100.0
2026-08-12,ARI incidence,1,2026-08-09,CY,quantile,0.350,1900.0
2026-08-12,ARI incidence,1,2026-08-09,CY,quantile,0.400,2600.0
2026-08-12,ARI incidence,1,2026-08-09,CY,quantile,0.450,3200.0
2026-08-12,ARI incidence,1,2026-08-09,CY,quantile,0.500,3800.0
2026-08-12,ARI incidence,1,2026-08-09,CY,quantile,0.550,4400.0
2026-08-12,ARI incidence,1,2026-08-09,CY,quantile,0.600,5000.0
2026-08-12,ARI incidence,1,2026-08-09,CY,quantile,0.650,5600.0
2026-08-12,ARI incidence,1,2026-08-09,CY,quantile,0.700,6300.0
2026-08-12,ARI incidence,1,2026-08-09,CY,quantile,0.750,7100.0
2026-08-12,ARI incidence,1,2026-08-09,CY,quantile,0.800,8100.0
2026-08-12,ARI incidence,1,2026-08-09,CY,quantile,0.850,9200.0
2026-08-12,ARI incidence,1,2026-08-09,CY,quantile,0.900,11200.0
2026-08-12,ARI incidence,1,2026-08-09,CY,quantile,0.950,14700.0
2026-08-12,ARI incidence,1,2026-08-09,CY,quantile,0.975,18802.499999999964
2026-08-12,ARI incidence,1,2026-08-09,CY,quantile,0.990,22600.0
2026-08-12,ARI incidence,1,2026-08-09,CY,median,,3800.0
2026-08-12,ARI incidence,2,2026-08-16,CY,quantile,0.010,0.0
2026-08-12,ARI incidence,2,2026-08-16,CY,quantile,0.025,0.0
2026-08-12,ARI incidence,2,2026-08-16,CY,quantile,0.050,0.0
2026-08-12,ARI incidence,2,2026-08-16,CY,quantile,0.100,0.0
2026-08-12,ARI incidence,2,2026-08-16,CY,quantile,0.150,0.0
2026-08-12,ARI incidence,2,2026-08-16,CY,quantile,0.200,0.0
2026-08-12,ARI incidence,2,2026-08-16,CY,quantile,0.250,0.0
2026-08-12,ARI incidence,2,2026-08-16,CY,quantile,0.300,600.0
2026-08-12,ARI incidence,2,2026-08-16,CY,quantile,0.350,1500.0
2026-08-12,ARI incidence,2,2026-08-16,CY,quantile,0.400,2200.0
2026-08-12,ARI incidence,2,2026-08-16,CY,quantile,0.450,3000.0
2026-08-12,ARI incidence,2,2026-08-16,CY,quantile,0.500,3700.0
2026-08-12,ARI incidence,2,2026-08-16,CY,quantile,0.550,4500.0
2026-08-12,ARI incidence,2,2026-08-16,CY,quantile,0.600,5200.0
2026-08-12,ARI incidence,2,2026-08-16,CY,quantile,0.650,6000.0
2026-08-12,ARI incidence,2,2026-08-16,CY,quantile,0.700,6900.0
2026-08-12,ARI incidence,2,2026-08-16,CY,quantile,0.750,7900.0
2026-08-12,ARI incidence,2,2026-08-16,CY,quantile,0.800,9000.0
2026-08-12,ARI incidence,2,2026-08-16,CY,quantile,0.850,10500.0
2026-08-12,ARI incidence,2,2026-08-16,CY,quantile,0.900,12700.0
2026-08-12,ARI incidence,2,2026-08-16,CY,quantile,0.950,16700.0
2026-08-12,ARI incidence,2,2026-08-16,CY,quantile,0.975,20600.0
2026-08-12,ARI incidence,2,2026-08-16,CY,quantile,0.990,24200.0
2026-08-12,ARI incidence,2,2026-08-16,CY,median,,3700.0
2026-08-12,ARI incidence,3,2026-08-23,CY,quantile,0.010,0.0
2026-08-12,ARI incidence,3,2026-08-23,CY,quantile,0.025,0.0
2026-08-12,ARI incidence,3,2026-08-23,CY,quantile,0.050,0.0
2026-08-12,ARI incidence,3,2026-08-23,CY,quantile,0.100,0.0
2026-08-12,ARI incidence,3,2026-08-23,CY,quantile,0.150,0.0
2026-08-12,ARI incidence,3,2026-08-23,CY,quantile,0.200,0.0
2026-08-12,ARI incidence,3,2026-08-23,CY,quantile,0.250,0.0
2026-08-12,ARI incidence,3,2026-08-23,CY,quantile,0.300,100.0
2026-08-12,ARI incidence,3,2026-08-23,CY,quantile,0.350,1100.0
2026-08-12,ARI incidence,3,2026-08-23,CY,quantile,0.400,2000.0
2026-08-12,ARI incidence,3,2026-08-23,CY,quantile,0.450,2900.0
2026-08-12,ARI incidence,3,2026-08-23,CY,quantile,0.500,3700.0
2026-08-12,ARI incidence,3,2026-08-23,CY,quantile,0.550,4500.0
2026-08-12,ARI incidence,3,2026-08-23,CY,quantile,0.600,5400.0
2026-08-12,ARI incidence,3,2026-08-23,CY,quantile,0.650,6300.0
2026-08-12,ARI incidence,3,2026-08-23,CY,quantile,0.700,7300.0
2026-08-12,ARI incidence,3,2026-08-23,CY,quantile,0.750,8500.0
2026-08-12,ARI incidence,3,2026-08-23,CY,quantile,0.800,9900.0
2026-08-12,ARI incidence,3,2026-08-23,CY,quantile,0.850,11600.0
2026-08-12,ARI incidence,3,2026-08-23,CY,quantile,0.900,14000.0
2026-08-12,ARI incidence,3,2026-08-23,CY,quantile,0.950,18300.0
2026-08-12,ARI incidence,3,2026-08-23,CY,quantile,0.975,22100.0
2026-08-12,ARI incidence,3,2026-08-23,CY,quantile,0.990,26101.000000000022
2026-08-12,ARI incidence,3,2026-08-23,CY,median,,3700.0
2026-08-12,ARI incidence,4,2026-08-30,CY,quantile,0.010,0.0
2026-08-12,ARI incidence,4,2026-08-30,CY,quantile,0.025,0.0
2026-08-12,ARI incidence,4,2026-08-30,CY,quantile,0.050,0.0
2026-08-12,ARI incidence,4,2026-08-30,CY,quantile,0.100,0.0
2026-08-12,ARI incidence,4,2026-08-30,CY,quantile,0.150,0.0
2026-08-12,ARI incidence,4,2026-08-30,CY,quantile,0.200,0.0
2026-08-12,ARI incidence,4,2026-08-30,CY,quantile,0.250,0.0
2026-08-12,ARI incidence,4,2026-08-30,CY,quantile,0.300,0.0
2026-08-12,ARI incidence,4,2026-08-30,CY,quantile,0.350,700.0
2026-08-12,ARI incidence,4,2026-08-30,CY,quantile,0.400,1700.0
2026-08-12,ARI incidence,4,2026-08-30,CY,quantile,0.450,2800.0
2026-08-12,ARI incidence,4,2026-08-30,CY,quantile,0.500,3700.0
2026-08-12,ARI incidence,4,2026-08-30,CY,quantile,0.550,4700.0
2026-08-12,ARI incidence,4,2026-08-30,CY,quantile,0.600,5700.0
2026-08-12,ARI incidence,4,2026-08-30,CY,quantile,0.650,6700.0
2026-08-12,ARI incidence,4,2026-08-30,CY,quantile,0.700,7900.0
2026-08-12,ARI incidence,4,2026-08-30,CY,quantile,0.750,9200.0
2026-08-12,ARI incidence,4,2026-08-30,CY,quantile,0.800,10600.0
2026-08-12,ARI incidence,4,2026-08-30,CY,quantile,0.850,12600.0
2026-08-12,ARI incidence,4,2026-08-30,CY,quantile,0.900,15100.0
2026-08-12,ARI incidence,4,2026-08-30,CY,quantile,0.950,19300.0
2026-08-12,ARI incidence,4,2026-08-30,CY,quantile,0.975,23800.0
2026-08-12,ARI incidence,4,2026-08-30,CY,quantile,0.990,28001.000000000022
2026-08-12,ARI incidence,4,2026-08-30,CY,median,,3700.0
2026-08-12,ARI incidence,1,2026-08-09,EE,quantile,0.010,0.0
2026-08-12,ARI incidence,1,2026-08-09,EE,quantile,0.025,0.0
2026-08-12,ARI incidence,1,2026-08-09,EE,quantile,0.050,0.0
2026-08-12,ARI incidence,1,2026-08-09,EE,quantile,0.100,6.199999999999996
2026-08-12,ARI incidence,1,2026-08-09,EE,quantile,0.150,21.1
2026-08-12,ARI incidence,1,2026-08-09,EE,quantile,0.200,29.899999999999984
2026-08-12,ARI incidence,1,2026-08-09,EE,quantile,0.250,37.30000000000002
2026-08-12,ARI incidence,1,2026-08-09,EE,quantile,0.300,42.40000000000001
2026-08-12,ARI incidence,1,2026-08-09,EE,quantile,0.350,46.40000000000001
2026-08-12,ARI incidence,1,2026-08-09,EE,quantile,0.400,50.00000000000001
2026-08-12,ARI incidence,1,2026-08-09,EE,quantile,0.450,55.6
2026-08-12,ARI incidence,1,2026-08-09,EE,quantile,0.500,58.1
2026-08-12,ARI incidence,1,2026-08-09,EE,quantile,0.550,60.870000000000445
2026-08-12,ARI incidence,1,2026-08-09,EE,quantile,0.600,65.89999999999998
2026-08-12,ARI incidence,1,2026-08-09,EE,quantile,0.650,69.6
2026-08-12,ARI incidence,1,2026-08-09,EE,quantile,0.700,73.19999999999999
2026-08-12,ARI incidence,1,2026-08-09,EE,quantile,0.750,77.82499999999999
2026-08-12,ARI incidence,1,2026-08-09,EE,quantile,0.800,86.1
2026-08-12,ARI incidence,1,2026-08-09,EE,quantile,0.850,95.1
2026-08-12,ARI incidence,1,2026-08-09,EE,quantile,0.900,103.69999999999999
2026-08-12,ARI incidence,1,2026-08-09,EE,quantile,0.950,136.9
2026-08-12,ARI incidence,1,2026-08-09,EE,quantile,0.975,174.70000000000002
2026-08-12,ARI incidence,1,2026-08-09,EE,quantile,0.990,229.2
2026-08-12,ARI incidence,1,2026-08-09,EE,median,,58.1
2026-08-12,ARI incidence,2,2026-08-16,EE,quantile,0.010,0.0
2026-08-12,ARI incidence,2,2026-08-16,EE,quantile,0.025,0.0
2026-08-12,ARI incidence,2,2026-08-16,EE,quantile,0.050,0.0
2026-08-12,ARI incidence,2,2026-08-16,EE,quantile,0.100,0.0
2026-08-12,ARI incidence,2,2026-08-16,EE,quantile,0.150,0.0
2026-08-12,ARI incidence,2,2026-08-16,EE,quantile,0.200,12.29999999999999
2026-08-12,ARI incidence,2,2026-08-16,EE,quantile,0.250,22.599999999999994
2026-08-12,ARI incidence,2,2026-08-16,EE,quantile,0.300,30.769999999999982
2026-08-12,ARI incidence,2,2026-08-16,EE,quantile,0.350,38.60000000000002
2026-08-12,ARI incidence,2,2026-08-16,EE,quantile,0.400,45.46000000000003
2026-08-12,ARI incidence,2,2026-08-16,EE,quantile,0.450,51.99999999999998
2026-08-12,ARI incidence,2,2026-08-16,EE,quantile,0.500,58.1
2026-08-12,ARI incidence,2,2026-08-16,EE,quantile,0.550,64.0
2026-08-12,ARI incidence,2,2026-08-16,EE,quantile,0.600,70.09999999999998
2026-08-12,ARI incidence,2,2026-08-16,EE,quantile,0.650,76.79999999999997
2026-08-12,ARI incidence,2,2026-08-16,EE,quantile,0.700,84.7
2026-08-12,ARI incidence,2,2026-08-16,EE,quantile,0.750,93.5
2026-08-12,ARI incidence,2,2026-08-16,EE,quantile,0.800,104.30000000000001
2026-08-12,ARI incidence,2,2026-08-16,EE,quantile,0.850,118.11499999999998
2026-08-12,ARI incidence,2,2026-08-16,EE,quantile,0.900,138.3
2026-08-12,ARI incidence,2,2026-08-16,EE,quantile,0.950,174.40999999999985
2026-08-12,ARI incidence,2,2026-08-16,EE,quantile,0.975,215.30249999999998
2026-08-12,ARI incidence,2,2026-08-16,EE,quantile,0.990,257.00200000000007
2026-08-12,ARI incidence,2,2026-08-16,EE,median,,58.1
2026-08-12,ARI incidence,3,2026-08-23,EE,quantile,0.010,0.0
2026-08-12,ARI incidence,3,2026-08-23,EE,quantile,0.025,0.0
2026-08-12,ARI incidence,3,2026-08-23,EE,quantile,0.050,0.0
2026-08-12,ARI incidence,3,2026-08-23,EE,quantile,0.100,0.0
2026-08-12,ARI incidence,3,2026-08-23,EE,quantile,0.150,0.0
2026-08-12,ARI incidence,3,2026-08-23,EE,quantile,0.200,0.0
2026-08-12,ARI incidence,3,2026-08-23,EE,quantile,0.250,10.699999999999989
2026-08-12,ARI incidence,3,2026-08-23,EE,quantile,0.300,22.269999999999982
2026-08-12,ARI incidence,3,2026-08-23,EE,quantile,0.350,31.86499999999995
2026-08-12,ARI incidence,3,2026-08-23,EE,quantile,0.400,41.29999999999998
2026-08-12,ARI incidence,3,2026-08-23,EE,quantile,0.450,49.399999999999984
2026-08-12,ARI incidence,3,2026-08-23,EE,quantile,0.500,57.800000000000004
2026-08-12,ARI incidence,3,2026-08-23,EE,quantile,0.550,66.70000000000002
2026-08-12,ARI incidence,3,2026-08-23,EE,quantile,0.600,74.79999999999998
2026-08-12,ARI incidence,3,2026-08-23,EE,quantile,0.650,83.89999999999998
2026-08-12,ARI incidence,3,2026-08-23,EE,quantile,0.700,93.89999999999999
2026-08-12,ARI incidence,3,2026-08-23,EE,quantile,0.750,106.29999999999998
2026-08-12,ARI incidence,3,2026-08-23,EE,quantile,0.800,119.44000000000013
2026-08-12,ARI incidence,3,2026-08-23,EE,quantile,0.850,136.5
2026-08-12,ARI incidence,3,2026-08-23,EE,quantile,0.900,161.09999999999997
2026-08-12,ARI incidence,3,2026-08-23,EE,quantile,0.950,200.70999999999987
2026-08-12,ARI incidence,3,2026-08-23,EE,quantile,0.975,240.91499999999976
2026-08-12,ARI incidence,3,2026-08-23,EE,quantile,0.990,278.701
2026-08-12,ARI incidence,3,2026-08-23,EE,median,,57.800000000000004
2026-08-12,ARI incidence,4,2026-08-30,EE,quantile,0.010,0.0
2026-08-12,ARI incidence,4,2026-08-30,EE,quantile,0.025,0.0
2026-08-12,ARI incidence,4,2026-08-30,EE,quantile,0.050,0.0
2026-08-12,ARI incidence,4,2026-08-30,EE,quantile,0.100,0.0
2026-08-12,ARI incidence,4,2026-08-30,EE,quantile,0.150,0.0
2026-08-12,ARI incidence,4,2026-08-30,EE,quantile,0.200,0.0
2026-08-12,ARI incidence,4,2026-08-30,EE,quantile,0.250,0.699999999999978
2026-08-12,ARI incidence,4,2026-08-30,EE,quantile,0.300,14.200000000000024
2026-08-12,ARI incidence,4,2026-08-30,EE,quantile,0.350,26.39999999999998
2026-08-12,ARI incidence,4,2026-08-30,EE,quantile,0.400,37.30000000000002
2026-08-12,ARI incidence,4,2026-08-30,EE,quantile,0.450,47.60000000000002
2026-08-12,ARI incidence,4,2026-08-30,EE,quantile,0.500,57.849999999999994
2026-08-12,ARI incidence,4,2026-08-30,EE,quantile,0.550,67.89999999999999
2026-08-12,ARI incidence,4,2026-08-30,EE,quantile,0.600,78.74
2026-08-12,ARI incidence,4,2026-08-30,EE,quantile,0.650,89.73500000000006
2026-08-12,ARI incidence,4,2026-08-30,EE,quantile,0.700,100.9
2026-08-12,ARI incidence,4,2026-08-30,EE,quantile,0.750,114.80000000000001
2026-08-12,ARI incidence,4,2026-08-30,EE,quantile,0.800,131.49999999999997
2026-08-12,ARI incidence,4,2026-08-30,EE,quantile,0.850,151.19999999999996
2026-08-12,ARI incidence,4,2026-08-30,EE,quantile,0.900,178.1
2026-08-12,ARI incidence,4,2026-08-30,EE,quantile,0.950,224.8049999999999
2026-08-12,ARI incidence,4,2026-08-30,EE,quantile,0.975,268.905
2026-08-12,ARI incidence,4,2026-08-30,EE,quantile,0.990,317.004
2026-08-12,ARI incidence,4,2026-08-30,EE,median,,57.849999999999994
2026-08-12,ARI incidence,1,2026-08-09,DE,quantile,0.010,0.0
2026-08-12,ARI incidence,1,2026-08-09,DE,quantile,0.025,0.0
2026-08-12,ARI incidence,1,2026-08-09,DE,quantile,0.050,163.0
2026-08-12,ARI incidence,1,2026-08-09,DE,quantile,0.100,268.1
2026-08-12,ARI incidence,1,2026-08-09,DE,quantile,0.150,353.0999999999999
2026-08-12,ARI incidence,1,2026-08-09,DE,quantile,0.200,391.9
2026-08-12,ARI incidence,1,2026-08-09,DE,quantile,0.250,417.0
2026-08-12,ARI incidence,1,2026-08-09,DE,quantile,0.300,445.9000000000001
2026-08-12,ARI incidence,1,2026-08-09,DE,quantile,0.350,472.0
2026-08-12,ARI incidence,1,2026-08-09,DE,quantile,0.400,490.0
2026-08-12,ARI incidence,1,2026-08-09,DE,quantile,0.450,513.1
2026-08-12,ARI incidence,1,2026-08-09,DE,quantile,0.500,529.9000000000001
2026-08-12,ARI incidence,1,2026-08-09,DE,quantile,0.550,551.0
2026-08-12,ARI incidence,1,2026-08-09,DE,quantile,0.600,570.0
2026-08-12,ARI incidence,1,2026-08-09,DE,quantile,0.650,591.9000000000001
2026-08-12,ARI incidence,1,2026-08-09,DE,quantile,0.700,612.0999999999999
2026-08-12,ARI incidence,1,2026-08-09,DE,quantile,0.750,641.0
2026-08-12,ARI incidence,1,2026-08-09,DE,quantile,0.800,666.1
2026-08-12,ARI incidence,1,2026-08-09,DE,quantile,0.850,712.0
2026-08-12,ARI incidence,1,2026-08-09,DE,quantile,0.900,792.0
2026-08-12,ARI incidence,1,2026-08-09,DE,quantile,0.950,950.0999999999999
2026-08-12,ARI incidence,1,2026-08-09,DE,quantile,0.975,1024.0
2026-08-12,ARI incidence,1,2026-08-09,DE,quantile,0.990,1580.0
2026-08-12,ARI incidence,1,2026-08-09,DE,median,,529.9000000000001
2026-08-12,ARI incidence,2,2026-08-16,DE,quantile,0.010,0.0
2026-08-12,ARI incidence,2,2026-08-16,DE,quantile,0.025,0.0
2026-08-12,ARI incidence,2,2026-08-16,DE,quantile,0.050,0.0
2026-08-12,ARI incidence,2,2026-08-16,DE,quantile,0.100,137.0999999999999
2026-08-12,ARI incidence,2,2026-08-16,DE,quantile,0.150,224.90000000000006
2026-08-12,ARI incidence,2,2026-08-16,DE,quantile,0.200,295.0999999999999
2026-08-12,ARI incidence,2,2026-08-16,DE,quantile,0.250,349.1
2026-08-12,ARI incidence,2,2026-08-16,DE,quantile,0.300,392.0
2026-08-12,ARI incidence,2,2026-08-16,DE,quantile,0.350,429.9000000000001
2026-08-12,ARI incidence,2,2026-08-16,DE,quantile,0.400,466.0
2026-08-12,ARI incidence,2,2026-08-16,DE,quantile,0.450,498.1
2026-08-12,ARI incidence,2,2026-08-16,DE,quantile,0.500,531.0
2026-08-12,ARI incidence,2,2026-08-16,DE,quantile,0.550,565.0999999999999
2026-08-12,ARI incidence,2,2026-08-16,DE,quantile,0.600,599.0
2026-08-12,ARI incidence,2,2026-08-16,DE,quantile,0.650,634.1
2026-08-12,ARI incidence,2,2026-08-16,DE,quantile,0.700,672.0000000000001
2026-08-12,ARI incidence,2,2026-08-16,DE,quantile,0.750,715.9
2026-08-12,ARI incidence,2,2026-08-16,DE,quantile,0.800,767.9200000000001
2026-08-12,ARI incidence,2,2026-08-16,DE,quantile,0.850,835.2049999999998
2026-08-12,ARI incidence,2,2026-08-16,DE,quantile,0.900,937.9100000000001
2026-08-12,ARI incidence,2,2026-08-16,DE,quantile,0.950,1124.9
2026-08-12,ARI incidence,2,2026-08-16,DE,quantile,0.975,1437.0025
2026-08-12,ARI incidence,2,2026-08-16,DE,quantile,0.990,1713.0
2026-08-12,ARI incidence,2,2026-08-16,DE,median,,531.0
2026-08-12,ARI incidence,3,2026-08-23,DE,quantile,0.010,0.0
2026-08-12,ARI incidence,3,2026-08-23,DE,quantile,0.025,0.0
2026-08-12,ARI incidence,3,2026-08-23,DE,quantile,0.050,0.0
2026-08-12,ARI incidence,3,2026-08-23,DE,quantile,0.100,6.730000000000139
2026-08-12,ARI incidence,3,2026-08-23,DE,quantile,0.150,141.0
2026-08-12,ARI incidence,3,2026-08-23,DE,quantile,0.200,222.99999999999997
2026-08-12,ARI incidence,3,2026-08-23,DE,quantile,0.250,286.19999999999993
2026-08-12,ARI incidence,3,2026-08-23,DE,quantile,0.300,342.55
2026-08-12,ARI incidence,3,2026-08-23,DE,quantile,0.350,393.0
2026-08-12,ARI incidence,3,2026-08-23,DE,quantile,0.400,442.90000000000003
2026-08-12,ARI incidence,3,2026-08-23,DE,quantile,0.450,485.5850000000001
2026-08-12,ARI incidence,3,2026-08-23,DE,quantile,0.500,530.4999999999999
2026-08-12,ARI incidence,3,2026-08-23,DE,quantile,0.550,572.7450000000001
2026-08-12,ARI incidence,3,2026-08-23,DE,quantile,0.600,617.0
2026-08-12,ARI incidence,3,2026-08-23,DE,quantile,0.650,662.0999999999999
2026-08-12,ARI incidence,3,2026-08-23,DE,quantile,0.700,711.1599999999999
2026-08-12,ARI incidence,3,2026-08-23,DE,quantile,0.750,770.2749999999999
2026-08-12,ARI incidence,3,2026-08-23,DE,quantile,0.800,839.0999999999999
2026-08-12,ARI incidence,3,2026-08-23,DE,quantile,0.850,928.8000000000001
2026-08-12,ARI incidence,3,2026-08-23,DE,quantile,0.900,1053.11
2026-08-12,ARI incidence,3,2026-08-23,DE,quantile,0.950,1333.0049999999999
2026-08-12,ARI incidence,3,2026-08-23,DE,quantile,0.975,1587.805
2026-08-12,ARI incidence,3,2026-08-23,DE,quantile,0.990,1846.942000000001
2026-08-12,ARI incidence,3,2026-08-23,DE,median,,530.4999999999999
2026-08-12,ARI incidence,4,2026-08-30,DE,quantile,0.010,0.0
2026-08-12,ARI incidence,4,2026-08-30,DE,quantile,0.025,0.0
2026-08-12,ARI incidence,4,2026-08-30,DE,quantile,0.050,0.0
2026-08-12,ARI incidence,4,2026-08-30,DE,quantile,0.100,0.0
2026-08-12,ARI incidence,4,2026-08-30,DE,quantile,0.150,50.98499999999989
2026-08-12,ARI incidence,4,2026-08-30,DE,quantile,0.200,152.9000000000001
2026-08-12,ARI incidence,4,2026-08-30,DE,quantile,0.250,233.9000000000001
2026-08-12,ARI incidence,4,2026-08-30,DE,quantile,0.300,294.09999999999985
2026-08-12,ARI incidence,4,2026-08-30,DE,quantile,0.350,357.19999999999993
2026-08-12,ARI incidence,4,2026-08-30,DE,quantile,0.400,417.09999999999985
2026-08-12,ARI incidence,4,2026-08-30,DE,quantile,0.450,468.9100000000001
2026-08-12,ARI incidence,4,2026-08-30,DE,quantile,0.500,523.15
2026-08-12,ARI incidence,4,2026-08-30,DE,quantile,0.550,574.8999999999999
2026-08-12,ARI incidence,4,2026-08-30,DE,quantile,0.600,629.7800000000001
2026-08-12,ARI incidence,4,2026-08-30,DE,quantile,0.650,694.4100000000002
2026-08-12,ARI incidence,4,2026-08-30,DE,quantile,0.700,756.9
2026-08-12,ARI incidence,4,2026-08-30,DE,quantile,0.750,824.275
2026-08-12,ARI incidence,4,2026-08-30,DE,quantile,0.800,908.9200000000001
2026-08-12,ARI incidence,4,2026-08-30,DE,quantile,0.850,1023.9000000000001
2026-08-12,ARI incidence,4,2026-08-30,DE,quantile,0.900,1177.0700000000002
2026-08-12,ARI incidence,4,2026-08-30,DE,quantile,0.950,1479.0549999999992
2026-08-12,ARI incidence,4,2026-08-30,DE,quantile,0.975,1717.9025000000001
2026-08-12,ARI incidence,4,2026-08-30,DE,quantile,0.990,1971.0180000000005
2026-08-12,ARI incidence,4,2026-08-30,DE,median,,523.15
2026-08-12,ARI incidence,1,2026-08-09,HU,quantile,0.010,0.0
2026-08-12,ARI incidence,1,2026-08-09,HU,quantile,0.025,0.0
2026-08-12,ARI incidence,1,2026-08-09,HU,quantile,0.050,0.0
2026-08-12,ARI incidence,1,2026-08-09,HU,quantile,0.100,51.999999999999716
2026-08-12,ARI incidence,1,2026-08-09,HU,quantile,0.150,107.60000000000008
2026-08-12,ARI incidence,1,2026-08-09,HU,quantile,0.200,197.99999999999972
2026-08-12,ARI incidence,1,2026-08-09,HU,quantile,0.250,250.60000000000008
2026-08-12,ARI incidence,1,2026-08-09,HU,quantile,0.300,298.00000000000006
2026-08-12,ARI incidence,1,2026-08-09,HU,quantile,0.350,335.6000000000001
2026-08-12,ARI incidence,1,2026-08-09,HU,quantile,0.400,390.00000000000006
2026-08-12,ARI incidence,1,2026-08-09,HU,quantile,0.450,414.7999999999999
2026-08-12,ARI incidence,1,2026-08-09,HU,quantile,0.500,448.2
2026-08-12,ARI incidence,1,2026-08-09,HU,quantile,0.550,483.1
2026-08-12,ARI incidence,1,2026-08-09,HU,quantile,0.600,506.3999999999999
2026-08-12,ARI incidence,1,2026-08-09,HU,quantile,0.650,560.8
2026-08-12,ARI incidence,1,2026-08-09,HU,quantile,0.700,600.4399999999949
2026-08-12,ARI incidence,1,2026-08-09,HU,quantile,0.750,645.8
2026-08-12,ARI incidence,1,2026-08-09,HU,quantile,0.800,698.4000000000003
2026-08-12,ARI incidence,1,2026-08-09,HU,quantile,0.850,788.8
2026-08-12,ARI incidence,1,2026-08-09,HU,quantile,0.900,844.4000000000003
2026-08-12,ARI incidence,1,2026-08-09,HU,quantile,0.950,960.5
2026-08-12,ARI incidence,1,2026-08-09,HU,quantile,0.975,1391.8
2026-08-12,ARI incidence,1,2026-08-09,HU,quantile,0.990,1617.4999999999998
2026-08-12,ARI incidence,1,2026-08-09,HU,median,,448.2
2026-08-12,ARI incidence,2,2026-08-16,HU,quantile,0.010,0.0
2026-08-12,ARI incidence,2,2026-08-16,HU,quantile,0.025,0.0
2026-08-12,ARI incidence,2,2026-08-16,HU,quantile,0.050,0.0
2026-08-12,ARI incidence,2,2026-08-16,HU,quantile,0.100,0.0
2026-08-12,ARI incidence,2,2026-08-16,HU,quantile,0.150,0.0
2026-08-12,ARI incidence,2,2026-08-16,HU,quantile,0.200,63.80000000000003
2026-08-12,ARI incidence,2,2026-08-16,HU,quantile,0.250,144.7000000000001
2026-08-12,ARI incidence,2,2026-08-16,HU,quantile,0.300,214.46999999999983
2026-08-12,ARI incidence,2,2026-08-16,HU,quantile,0.350,278.6
2026-08-12,ARI incidence,2,2026-08-16,HU,quantile,0.400,336.4999999999997
2026-08-12,ARI incidence,2,2026-08-16,HU,quantile,0.450,394.3999999999998
2026-08-12,ARI incidence,2,2026-08-16,HU,quantile,0.500,448.2
2026-08-12,ARI incidence,2,2026-08-16,HU,quantile,0.550,499.99999999999994
2026-08-12,ARI incidence,2,2026-08-16,HU,quantile,0.600,558.3000000000001
2026-08-12,ARI incidence,2,2026-08-16,HU,quantile,0.650,614.0
2026-08-12,ARI incidence,2,2026-08-16,HU,quantile,0.700,677.5899999999996
2026-08-12,ARI incidence,2,2026-08-16,HU,quantile,0.750,753.8250000000003
2026-08-12,ARI incidence,2,2026-08-16,HU,quantile,0.800,828.5
2026-08-12,ARI incidence,2,2026-08-16,HU,quantile,0.850,925.5999999999999
2026-08-12,ARI incidence,2,2026-08-16,HU,quantile,0.900,1091.43
2026-08-12,ARI incidence,2,2026-08-16,HU,quantile,0.950,1386.489999999999
2026-08-12,ARI incidence,2,2026-08-16,HU,quantile,0.975,1670.4149999999997
2026-08-12,ARI incidence,2,2026-08-16,HU,quantile,0.990,2002.0200000000004
2026-08-12,ARI incidence,2,2026-08-16,HU,median,,448.2
2026-08-12,ARI incidence,3,2026-08-23,HU,quantile,0.010,0.0
2026-08-12,ARI incidence,3,2026-08-23,HU,quantile,0.025,0.0
2026-08-12,ARI incidence,3,2026-08-23,HU,quantile,0.050,0.0
2026-08-12,ARI incidence,3,2026-08-23,HU,quantile,0.100,0.0
2026-08-12,ARI incidence,3,2026-08-23,HU,quantile,0.150,0.0
2026-08-12,ARI incidence,3,2026-08-23,HU,quantile,0.200,0.0
2026-08-12,ARI incidence,3,2026-08-23,HU,quantile,0.250,52.750000000000114
2026-08-12,ARI incidence,3,2026-08-23,HU,quantile,0.300,147.06999999999996
2026-08-12,ARI incidence,3,2026-08-23,HU,quantile,0.350,225.26499999999976
2026-08-12,ARI incidence,3,2026-08-23,HU,quantile,0.400,300.96
2026-08-12,ARI incidence,3,2026-08-23,HU,quantile,0.450,369.35499999999985
2026-08-12,ARI incidence,3,2026-08-23,HU,quantile,0.500,447.7499999999999
2026-08-12,ARI incidence,3,2026-08-23,HU,quantile,0.550,522.2
2026-08-12,ARI incidence,3,2026-08-23,HU,quantile,0.600,598.1800000000002
2026-08-12,ARI incidence,3,2026-08-23,HU,quantile,0.650,677.4999999999998
2026-08-12,ARI incidence,3,2026-08-23,HU,quantile,0.700,757.1600000000001
2026-08-12,ARI incidence,3,2026-08-23,HU,quantile,0.750,846.1500000000001
2026-08-12,ARI incidence,3,2026-08-23,HU,quantile,0.800,953.6000000000003
2026-08-12,ARI incidence,3,2026-08-23,HU,quantile,0.850,1083.4150000000002
2026-08-12,ARI incidence,3,2026-08-23,HU,quantile,0.900,1286.05
2026-08-12,ARI incidence,3,2026-08-23,HU,quantile,0.950,1624.7349999999997
2026-08-12,ARI incidence,3,2026-08-23,HU,quantile,0.975,1917.505
2026-08-12,ARI incidence,3,2026-08-23,HU,quantile,0.990,2267.435000000001
2026-08-12,ARI incidence,3,2026-08-23,HU,median,,447.7499999999999
2026-08-12,ARI incidence,4,2026-08-30,HU,quantile,0.010,0.0
2026-08-12,ARI incidence,4,2026-08-30,HU,quantile,0.025,0.0
2026-08-12,ARI incidence,4,2026-08-30,HU,quantile,0.050,0.0
2026-08-12,ARI incidence,4,2026-08-30,HU,quantile,0.100,0.0
2026-08-12,ARI incidence,4,2026-08-30,HU,quantile,0.150,0.0
2026-08-12,ARI incidence,4,2026-08-30,HU,quantile,0.200,0.0
2026-08-12,ARI incidence,4,2026-08-30,HU,quantile,0.250,0.0
2026-08-12,ARI incidence,4,2026-08-30,HU,quantile,0.300,85.56999999999974
2026-08-12,ARI incidence,4,2026-08-30,HU,quantile,0.350,182.92999999999947
2026-08-12,ARI incidence,4,2026-08-30,HU,quantile,0.400,272.7
2026-08-12,ARI incidence,4,2026-08-30,HU,quantile,0.450,368.25499999999994
2026-08-12,ARI incidence,4,2026-08-30,HU,quantile,0.500,448.0999999999999
2026-08-12,ARI incidence,4,2026-08-30,HU,quantile,0.550,533.5799999999999
2026-08-12,ARI incidence,4,2026-08-30,HU,quantile,0.600,614.88
2026-08-12,ARI incidence,4,2026-08-30,HU,quantile,0.650,704.2
2026-08-12,ARI incidence,4,2026-08-30,HU,quantile,0.700,808.4899999999998
2026-08-12,ARI incidence,4,2026-08-30,HU,quantile,0.750,931.9000000000003
2026-08-12,ARI incidence,4,2026-08-30,HU,quantile,0.800,1062.3600000000004
2026-08-12,ARI incidence,4,2026-08-30,HU,quantile,0.850,1215.315
2026-08-12,ARI incidence,4,2026-08-30,HU,quantile,0.900,1425.8100000000002
2026-08-12,ARI incidence,4,2026-08-30,HU,quantile,0.950,1775.1149999999968
2026-08-12,ARI incidence,4,2026-08-30,HU,quantile,0.975,2096.9049999999997
2026-08-12,ARI incidence,4,2026-08-30,HU,quantile,0.990,2482.302
2026-08-12,ARI incidence,4,2026-08-30,HU,median,,448.0999999999999
2026-08-12,ARI incidence,1,2026-08-09,IS,quantile,0.010,0.0
2026-08-12,ARI incidence,1,2026-08-09,IS,quantile,0.025,0.0
2026-08-12,ARI incidence,1,2026-08-09,IS,quantile,0.050,6.399999999999974
2026-08-12,ARI incidence,1,2026-08-09,IS,quantile,0.100,12.2
2026-08-12,ARI incidence,1,2026-08-09,IS,quantile,0.150,15.900000000000002
2026-08-12,ARI incidence,1,2026-08-09,IS,quantile,0.200,18.7
2026-08-12,ARI incidence,1,2026-08-09,IS,quantile,0.250,20.999999999999996
2026-08-12,ARI incidence,1,2026-08-09,IS,quantile,0.300,22.969999999999978
2026-08-12,ARI incidence,1,2026-08-09,IS,quantile,0.350,24.900000000000002
2026-08-12,ARI incidence,1,2026-08-09,IS,quantile,0.400,26.699999999999996
2026-08-12,ARI incidence,1,2026-08-09,IS,quantile,0.450,28.499999999999993
2026-08-12,ARI incidence,1,2026-08-09,IS,quantile,0.500,30.2
2026-08-12,ARI incidence,1,2026-08-09,IS,quantile,0.550,31.999999999999996
2026-08-12,ARI incidence,1,2026-08-09,IS,quantile,0.600,33.7
2026-08-12,ARI incidence,1,2026-08-09,IS,quantile,0.650,35.5
2026-08-12,ARI incidence,1,2026-08-09,IS,quantile,0.700,37.400000000000006
2026-08-12,ARI incidence,1,2026-08-09,IS,quantile,0.750,39.5
2026-08-12,ARI incidence,1,2026-08-09,IS,quantile,0.800,41.8
2026-08-12,ARI incidence,1,2026-08-09,IS,quantile,0.850,44.599999999999994
2026-08-12,ARI incidence,1,2026-08-09,IS,quantile,0.900,48.39999999999999
2026-08-12,ARI incidence,1,2026-08-09,IS,quantile,0.950,54.599999999999994
2026-08-12,ARI incidence,1,2026-08-09,IS,quantile,0.975,61.39999999999999
2026-08-12,ARI incidence,1,2026-08-09,IS,quantile,0.990,81.8
2026-08-12,ARI incidence,1,2026-08-09,IS,median,,30.2
2026-08-12,ARI incidence,2,2026-08-16,IS,quantile,0.010,0.0
2026-08-12,ARI incidence,2,2026-08-16,IS,quantile,0.025,0.0
2026-08-12,ARI incidence,2,2026-08-16,IS,quantile,0.050,0.0
2026-08-12,ARI incidence,2,2026-08-16,IS,quantile,0.100,7.800000000000001
2026-08-12,ARI incidence,2,2026-08-16,IS,quantile,0.150,12.500000000000002
2026-08-12,ARI incidence,2,2026-08-16,IS,quantile,0.200,15.999999999999996
2026-08-12,ARI incidence,2,2026-08-16,IS,quantile,0.250,18.799999999999994
2026-08-12,ARI incidence,2,2026-08-16,IS,quantile,0.300,21.299999999999994
2026-08-12,ARI incidence,2,2026-08-16,IS,quantile,0.350,23.599999999999998
2026-08-12,ARI incidence,2,2026-08-16,IS,quantile,0.400,25.800000000000008
2026-08-12,ARI incidence,2,2026-08-16,IS,quantile,0.450,28.2
2026-08-12,ARI incidence,2,2026-08-16,IS,quantile,0.500,30.299999999999986
2026-08-12,ARI incidence,2,2026-08-16,IS,quantile,0.550,32.3
2026-08-12,ARI incidence,2,2026-08-16,IS,quantile,0.600,34.30000000000001
2026-08-12,ARI incidence,2,2026-08-16,IS,quantile,0.650,36.60000000000001
2026-08-12,ARI incidence,2,2026-08-16,IS,quantile,0.700,39.0
2026-08-12,ARI incidence,2,2026-08-16,IS,quantile,0.750,41.69999999999999
2026-08-12,ARI incidence,2,2026-08-16,IS,quantile,0.800,44.69999999999999
2026-08-12,ARI incidence,2,2026-08-16,IS,quantile,0.850,48.014999999999986
2026-08-12,ARI incidence,2,2026-08-16,IS,quantile,0.900,52.80000000000001
2026-08-12,ARI incidence,2,2026-08-16,IS,quantile,0.950,60.599999999999994
2026-08-12,ARI incidence,2,2026-08-16,IS,quantile,0.975,71.90249999999997
2026-08-12,ARI incidence,2,2026-08-16,IS,quantile,0.990,87.50200000000004
2026-08-12,ARI incidence,2,2026-08-16,IS,median,,30.299999999999986
2026-08-12,ARI incidence,3,2026-08-23,IS,quantile,0.010,0.0
2026-08-12,ARI incidence,3,2026-08-23,IS,quantile,0.025,0.0
2026-08-12,ARI incidence,3,2026-08-23,IS,quantile,0.050,0.0
2026-08-12,ARI incidence,3,2026-08-23,IS,quantile,0.100,3.400000000000001
2026-08-12,ARI incidence,3,2026-08-23,IS,quantile,0.150,8.899999999999995
2026-08-12,ARI incidence,3,2026-08-23,IS,quantile,0.200,12.999999999999996
2026-08-12,ARI incidence,3,2026-08-23,IS,quantile,0.250,16.600000000000005
2026-08-12,ARI incidence,3,2026-08-23,IS,quantile,0.300,19.600000000000005
2026-08-12,ARI incidence,3,2026-08-23,IS,quantile,0.350,22.49999999999999
2026-08-12,ARI incidence,3,2026-08-23,IS,quantile,0.400,24.96000000000003
2026-08-12,ARI incidence,3,2026-08-23,IS,quantile,0.450,27.599999999999977
2026-08-12,ARI incidence,3,2026-08-23,IS,quantile,0.500,30.000000000000007
2026-08-12,ARI incidence,3,2026-08-23,IS,quantile,0.550,32.64500000000007
2026-08-12,ARI incidence,3,2026-08-23,IS,quantile,0.600,35.100000000000016
2026-08-12,ARI incidence,3,2026-08-23,IS,quantile,0.650,37.900000000000006
2026-08-12,ARI incidence,3,2026-08-23,IS,quantile,0.700,40.80000000000001
2026-08-12,ARI incidence,3,2026-08-23,IS,quantile,0.750,43.7
2026-08-12,ARI incidence,3,2026-08-23,IS,quantile,0.800,46.999999999999986
2026-08-12,ARI incidence,3,2026-08-23,IS,quantile,0.850,51.115
2026-08-12,ARI incidence,3,2026-08-23,IS,quantile,0.900,56.7
2026-08-12,ARI incidence,3,2026-08-23,IS,quantile,0.950,66.1
2026-08-12,ARI incidence,3,2026-08-23,IS,quantile,0.975,77.40249999999997
2026-08-12,ARI incidence,3,2026-08-23,IS,quantile,0.990,91.50100000000002
2026-08-12,ARI incidence,3,2026-08-23,IS,median,,30.000000000000007
2026-08-12,ARI incidence,4,2026-08-30,IS,quantile,0.010,0.0
2026-08-12,ARI incidence,4,2026-08-30,IS,quantile,0.025,0.0
2026-08-12,ARI incidence,4,2026-08-30,IS,quantile,0.050,0.0
2026-08-12,ARI incidence,4,2026-08-30,IS,quantile,0.100,0.0
2026-08-12,ARI incidence,4,2026-08-30,IS,quantile,0.150,5.9999999999999885
2026-08-12,ARI incidence,4,2026-08-30,IS,quantile,0.200,10.700000000000003
2026-08-12,ARI incidence,4,2026-08-30,IS,quantile,0.250,15.000000000000004
2026-08-12,ARI incidence,4,2026-08-30,IS,quantile,0.300,18.299999999999997
2026-08-12,ARI incidence,4,2026-08-30,IS,quantile,0.350,21.499999999999996
2026-08-12,ARI incidence,4,2026-08-30,IS,quantile,0.400,24.599999999999987
2026-08-12,ARI incidence,4,2026-08-30,IS,quantile,0.450,27.400000000000002
2026-08-12,ARI incidence,4,2026-08-30,IS,quantile,0.500,30.400000000000002
2026-08-12,ARI incidence,4,2026-08-30,IS,quantile,0.550,33.2
2026-08-12,ARI incidence,4,2026-08-30,IS,quantile,0.600,36.100000000000016
2026-08-12,ARI incidence,4,2026-08-30,IS,quantile,0.650,39.3
2026-08-12,ARI incidence,4,2026-08-30,IS,quantile,0.700,42.4
2026-08-12,ARI incidence,4,2026-08-30,IS,quantile,0.750,45.7
2026-08-12,ARI incidence,4,2026-08-30,IS,quantile,0.800,49.90000000000002
2026-08-12,ARI incidence,4,2026-08-30,IS,quantile,0.850,54.599999999999994
2026-08-12,ARI incidence,4,2026-08-30,IS,quantile,0.900,60.89999999999999
2026-08-12,ARI incidence,4,2026-08-30,IS,quantile,0.950,71.6
2026-08-12,ARI incidence,4,2026-08-30,IS,quantile,0.975,82.29999999999998
2026-08-12,ARI incidence,4,2026-08-30,IS,quantile,0.990,97.99999999999999
2026-08-12,ARI incidence,4,2026-08-30,IS,median,,30.400000000000002
2026-08-12,ARI incidence,1,2026-08-09,IE,quantile,0.010,0.0
2026-08-12,ARI incidence,1,2026-08-09,IE,quantile,0.025,0.0
2026-08-12,ARI incidence,1,2026-08-09,IE,quantile,0.050,0.0
2026-08-12,ARI incidence,1,2026-08-09,IE,quantile,0.100,0.3999999999999968
2026-08-12,ARI incidence,1,2026-08-09,IE,quantile,0.150,3.899999999999997
2026-08-12,ARI incidence,1,2026-08-09,IE,quantile,0.200,6.299999999999999
2026-08-12,ARI incidence,1,2026-08-09,IE,quantile,0.250,8.999999999999998
2026-08-12,ARI incidence,1,2026-08-09,IE,quantile,0.300,10.500000000000005
2026-08-12,ARI incidence,1,2026-08-09,IE,quantile,0.350,11.699999999999994
2026-08-12,ARI incidence,1,2026-08-09,IE,quantile,0.400,12.700000000000001
2026-08-12,ARI incidence,1,2026-08-09,IE,quantile,0.450,14.1
2026-08-12,ARI incidence,1,2026-08-09,IE,quantile,0.500,15.399999999999997
2026-08-12,ARI incidence,1,2026-08-09,IE,quantile,0.550,17.0
2026-08-12,ARI incidence,1,2026-08-09,IE,quantile,0.600,18.299999999999997
2026-08-12,ARI incidence,1,2026-08-09,IE,quantile,0.650,19.1
2026-08-12,ARI incidence,1,2026-08-09,IE,quantile,0.700,20.6
2026-08-12,ARI incidence,1,2026-08-09,IE,quantile,0.750,22.200000000000003
2026-08-12,ARI incidence,1,2026-08-09,IE,quantile,0.800,24.9
2026-08-12,ARI incidence,1,2026-08-09,IE,quantile,0.850,27.300000000000004
2026-08-12,ARI incidence,1,2026-08-09,IE,quantile,0.900,30.800000000000004
2026-08-12,ARI incidence,1,2026-08-09,IE,quantile,0.950,36.49999999999999
2026-08-12,ARI incidence,1,2026-08-09,IE,quantile,0.975,47.20000000000001
2026-08-12,ARI incidence,1,2026-08-09,IE,quantile,0.990,50.50000000000001
2026-08-12,ARI incidence,1,2026-08-09,IE,median,,15.399999999999997
2026-08-12,ARI incidence,2,2026-08-16,IE,quantile,0.010,0.0
2026-08-12,ARI incidence,2,2026-08-16,IE,quantile,0.025,0.0
2026-08-12,ARI incidence,2,2026-08-16,IE,quantile,0.050,0.0
2026-08-12,ARI incidence,2,2026-08-16,IE,quantile,0.100,0.0
2026-08-12,ARI incidence,2,2026-08-16,IE,quantile,0.150,0.0
2026-08-12,ARI incidence,2,2026-08-16,IE,quantile,0.200,1.3999999999999955
2026-08-12,ARI incidence,2,2026-08-16,IE,quantile,0.250,4.399999999999997
2026-08-12,ARI incidence,2,2026-08-16,IE,quantile,0.300,7.1
2026-08-12,ARI incidence,2,2026-08-16,IE,quantile,0.350,9.399999999999997
2026-08-12,ARI incidence,2,2026-08-16,IE,quantile,0.400,11.899999999999997
2026-08-12,ARI incidence,2,2026-08-16,IE,quantile,0.450,13.899999999999997
2026-08-12,ARI incidence,2,2026-08-16,IE,quantile,0.500,15.6
2026-08-12,ARI incidence,2,2026-08-16,IE,quantile,0.550,17.500000000000007
2026-08-12,ARI incidence,2,2026-08-16,IE,quantile,0.600,19.700000000000003
2026-08-12,ARI incidence,2,2026-08-16,IE,quantile,0.650,21.9
2026-08-12,ARI incidence,2,2026-08-16,IE,quantile,0.700,24.199999999999996
2026-08-12,ARI incidence,2,2026-08-16,IE,quantile,0.750,26.800000000000004
2026-08-12,ARI incidence,2,2026-08-16,IE,quantile,0.800,30.1
2026-08-12,ARI incidence,2,2026-08-16,IE,quantile,0.850,33.6
2026-08-12,ARI incidence,2,2026-08-16,IE,quantile,0.900,39.00000000000001
2026-08-12,ARI incidence,2,2026-08-16,IE,quantile,0.950,47.699999999999996
2026-08-12,ARI incidence,2,2026-08-16,IE,quantile,0.975,57.199999999999996
2026-08-12,ARI incidence,2,2026-08-16,IE,quantile,0.990,71.40700000000015
2026-08-12,ARI incidence,2,2026-08-16,IE,median,,15.6
2026-08-12,ARI incidence,3,2026-08-23,IE,quantile,0.010,0.0
2026-08-12,ARI incidence,3,2026-08-23,IE,quantile,0.025,0.0
2026-08-12,ARI incidence,3,2026-08-23,IE,quantile,0.050,0.0
2026-08-12,ARI incidence,3,2026-08-23,IE,quantile,0.100,0.0
2026-08-12,ARI incidence,3,2026-08-23,IE,quantile,0.150,0.0
2026-08-12,ARI incidence,3,2026-08-23,IE,quantile,0.200,0.0
2026-08-12,ARI incidence,3,2026-08-23,IE,quantile,0.250,1.4999999999999947
2026-08-12,ARI incidence,3,2026-08-23,IE,quantile,0.300,4.600000000000003
2026-08-12,ARI incidence,3,2026-08-23,IE,quantile,0.350,7.600000000000004
2026-08-12,ARI incidence,3,2026-08-23,IE,quantile,0.400,10.100000000000003
2026-08-12,ARI incidence,3,2026-08-23,IE,quantile,0.450,12.700000000000001
2026-08-12,ARI incidence,3,2026-08-23,IE,quantile,0.500,15.500000000000009
2026-08-12,ARI incidence,3,2026-08-23,IE,quantile,0.550,18.200000000000003
2026-08-12,ARI incidence,3,2026-08-23,IE,quantile,0.600,20.9
2026-08-12,ARI incidence,3,2026-08-23,IE,quantile,0.650,23.89999999999999
2026-08-12,ARI incidence,3,2026-08-23,IE,quantile,0.700,27.099999999999994
2026-08-12,ARI incidence,3,2026-08-23,IE,quantile,0.750,30.399999999999984
2026-08-12,ARI incidence,3,2026-08-23,IE,quantile,0.800,34.400000000000006
2026-08-12,ARI incidence,3,2026-08-23,IE,quantile,0.850,39.199999999999996
2026-08-12,ARI incidence,3,2026-08-23,IE,quantile,0.900,45.31000000000004
2026-08-12,ARI incidence,3,2026-08-23,IE,quantile,0.950,55.90499999999994
2026-08-12,ARI incidence,3,2026-08-23,IE,quantile,0.975,66.90249999999996
2026-08-12,ARI incidence,3,2026-08-23,IE,quantile,0.990,80.20100000000002
2026-08-12,ARI incidence,3,2026-08-23,IE,median,,15.500000000000009
2026-08-12,ARI incidence,4,2026-08-30,IE,quantile,0.010,0.0
2026-08-12,ARI incidence,4,2026-08-30,IE,quantile,0.025,0.0
2026-08-12,ARI incidence,4,2026-08-30,IE,quantile,0.050,0.0
2026-08-12,ARI incidence,4,2026-08-30,IE,quantile,0.100,0.0
2026-08-12,ARI incidence,4,2026-08-30,IE,quantile,0.150,0.0
2026-08-12,ARI incidence,4,2026-08-30,IE,quantile,0.200,0.0
2026-08-12,ARI incidence,4,2026-08-30,IE,quantile,0.250,0.0
2026-08-12,ARI incidence,4,2026-08-30,IE,quantile,0.300,2.300000000000006
2026-08-12,ARI incidence,4,2026-08-30,IE,quantile,0.350,5.8000000000000025
2026-08-12,ARI incidence,4,2026-08-30,IE,quantile,0.400,9.000000000000005
2026-08-12,ARI incidence,4,2026-08-30,IE,quantile,0.450,12.299999999999994
2026-08-12,ARI incidence,4,2026-08-30,IE,quantile,0.500,15.400000000000013
2026-08-12,ARI incidence,4,2026-08-30,IE,quantile,0.550,18.800000000000004
2026-08-12,ARI incidence,4,2026-08-30,IE,quantile,0.600,22.199999999999996
2026-08-12,ARI incidence,4,2026-08-30,IE,quantile,0.650,25.23500000000004
2026-08-12,ARI incidence,4,2026-08-30,IE,quantile,0.700,28.799999999999997
2026-08-12,ARI incidence,4,2026-08-30,IE,quantile,0.750,32.7
2026-08-12,ARI incidence,4,2026-08-30,IE,quantile,0.800,37.400000000000006
2026-08-12,ARI incidence,4,2026-08-30,IE,quantile,0.850,42.999999999999986
2026-08-12,ARI incidence,4,2026-08-30,IE,quantile,0.900,50.100000000000016
2026-08-12,ARI incidence,4,2026-08-30,IE,quantile,0.950,62.300000000000004
2026-08-12,ARI incidence,4,2026-08-30,IE,quantile,0.975,74.30249999999998
2026-08-12,ARI incidence,4,2026-08-30,IE,quantile,0.990,87.70600000000012
2026-08-12,ARI incidence,4,2026-08-30,IE,median,,15.400000000000013
2026-08-12,ARI incidence,1,2026-08-09,LT,quantile,0.010,0.0
2026-08-12,ARI incidence,1,2026-08-09,LT,quantile,0.025,0.0
2026-08-12,ARI incidence,1,2026-08-09,LT,quantile,0.050,0.0
2026-08-12,ARI incidence,1,2026-08-09,LT,quantile,0.100,42.00000000000006
2026-08-12,ARI incidence,1,2026-08-09,LT,quantile,0.150,78.1000000000002
2026-08-12,ARI incidence,1,2026-08-09,LT,quantile,0.200,111.2000000000001
2026-08-12,ARI incidence,1,2026-08-09,LT,quantile,0.250,137.89999999999992
2026-08-12,ARI incidence,1,2026-08-09,LT,quantile,0.300,149.40000000000003
2026-08-12,ARI incidence,1,2026-08-09,LT,quantile,0.350,163.79499999999845
2026-08-12,ARI incidence,1,2026-08-09,LT,quantile,0.400,179.60000000000002
2026-08-12,ARI incidence,1,2026-08-09,LT,quantile,0.450,190.70000000000002
2026-08-12,ARI incidence,1,2026-08-09,LT,quantile,0.500,202.50000000000006
2026-08-12,ARI incidence,1,2026-08-09,LT,quantile,0.550,214.9
2026-08-12,ARI incidence,1,2026-08-09,LT,quantile,0.600,224.6799999999992
2026-08-12,ARI incidence,1,2026-08-09,LT,quantile,0.650,244.60000000000002
2026-08-12,ARI incidence,1,2026-08-09,LT,quantile,0.700,257.3
2026-08-12,ARI incidence,1,2026-08-09,LT,quantile,0.750,269.8999999999999
2026-08-12,ARI incidence,1,2026-08-09,LT,quantile,0.800,294.3999999999999
2026-08-12,ARI incidence,1,2026-08-09,LT,quantile,0.850,327.49999999999983
2026-08-12,ARI incidence,1,2026-08-09,LT,quantile,0.900,363.59999999999997
2026-08-12,ARI incidence,1,2026-08-09,LT,quantile,0.950,460.7000000000001
2026-08-12,ARI incidence,1,2026-08-09,LT,quantile,0.975,564.5
2026-08-12,ARI incidence,1,2026-08-09,LT,quantile,0.990,651.8
2026-08-12,ARI incidence,1,2026-08-09,LT,median,,202.50000000000006
2026-08-12,ARI incidence,2,2026-08-16,LT,quantile,0.010,0.0
2026-08-12,ARI incidence,2,2026-08-16,LT,quantile,0.025,0.0
2026-08-12,ARI incidence,2,2026-08-16,LT,quantile,0.050,0.0
2026-08-12,ARI incidence,2,2026-08-16,LT,quantile,0.100,0.0
2026-08-12,ARI incidence,2,2026-08-16,LT,quantile,0.150,6.2000000000000455
2026-08-12,ARI incidence,2,2026-08-16,LT,quantile,0.200,51.48000000000001
2026-08-12,ARI incidence,2,2026-08-16,LT,quantile,0.250,84.87500000000006
2026-08-12,ARI incidence,2,2026-08-16,LT,quantile,0.300,111.47
2026-08-12,ARI incidence,2,2026-08-16,LT,quantile,0.350,135.80000000000004
2026-08-12,ARI incidence,2,2026-08-16,LT,quantile,0.400,159.65999999999994
2026-08-12,ARI incidence,2,2026-08-16,LT,quantile,0.450,180.5
2026-08-12,ARI incidence,2,2026-08-16,LT,quantile,0.500,201.65000000000003
2026-08-12,ARI incidence,2,2026-08-16,LT,quantile,0.550,221.29999999999998
2026-08-12,ARI incidence,2,2026-08-16,LT,quantile,0.600,241.84
2026-08-12,ARI incidence,2,2026-08-16,LT,quantile,0.650,265.1
2026-08-12,ARI incidence,2,2026-08-16,LT,quantile,0.700,291.13000000000005
2026-08-12,ARI incidence,2,2026-08-16,LT,quantile,0.750,320.07500000000005
2026-08-12,ARI incidence,2,2026-08-16,LT,quantile,0.800,352.52000000000015
2026-08-12,ARI incidence,2,2026-08-16,LT,quantile,0.850,391.115
2026-08-12,ARI incidence,2,2026-08-16,LT,quantile,0.900,453.2100000000001
2026-08-12,ARI incidence,2,2026-08-16,LT,quantile,0.950,564.8349999999995
2026-08-12,ARI incidence,2,2026-08-16,LT,quantile,0.975,677.3
2026-08-12,ARI incidence,2,2026-08-16,LT,quantile,0.990,830.201
2026-08-12,ARI incidence,2,2026-08-16,LT,median,,201.65000000000003
2026-08-12,ARI incidence,3,2026-08-23,LT,quantile,0.010,0.0
2026-08-12,ARI incidence,3,2026-08-23,LT,quantile,0.025,0.0
2026-08-12,ARI incidence,3,2026-08-23,LT,quantile,0.050,0.0
2026-08-12,ARI incidence,3,2026-08-23,LT,quantile,0.100,0.0
2026-08-12,ARI incidence,3,2026-08-23,LT,quantile,0.150,0.0
2026-08-12,ARI incidence,3,2026-08-23,LT,quantile,0.200,5.400000000000136
2026-08-12,ARI incidence,3,2026-08-23,LT,quantile,0.250,46.950000000000024
2026-08-12,ARI incidence,3,2026-08-23,LT,quantile,0.300,82.77000000000002
2026-08-12,ARI incidence,3,2026-08-23,LT,quantile,0.350,114.89999999999999
2026-08-12,ARI incidence,3,2026-08-23,LT,quantile,0.400,144.3
2026-08-12,ARI incidence,3,2026-08-23,LT,quantile,0.450,172.51000000000002
2026-08-12,ARI incidence,3,2026-08-23,LT,quantile,0.500,197.49999999999986
2026-08-12,ARI incidence,3,2026-08-23,LT,quantile,0.550,225.34500000000006
2026-08-12,ARI incidence,3,2026-08-23,LT,quantile,0.600,254.24000000000007
2026-08-12,ARI incidence,3,2026-08-23,LT,quantile,0.650,283.29999999999995
2026-08-12,ARI incidence,3,2026-08-23,LT,quantile,0.700,314.8299999999999
2026-08-12,ARI incidence,3,2026-08-23,LT,quantile,0.750,350.1249999999999
2026-08-12,ARI incidence,3,2026-08-23,LT,quantile,0.800,390.19999999999993
2026-08-12,ARI incidence,3,2026-08-23,LT,quantile,0.850,448.29999999999995
2026-08-12,ARI incidence,3,2026-08-23,LT,quantile,0.900,526.82
2026-08-12,ARI incidence,3,2026-08-23,LT,quantile,0.950,650.0049999999999
2026-08-12,ARI incidence,3,2026-08-23,LT,quantile,0.975,775.0049999999999
2026-08-12,ARI incidence,3,2026-08-23,LT,quantile,0.990,917.5070000000002
2026-08-12,ARI incidence,3,2026-08-23,LT,median,,197.49999999999986
2026-08-12,ARI incidence,4,2026-08-30,LT,quantile,0.010,0.0
2026-08-12,ARI incidence,4,2026-08-30,LT,quantile,0.025,0.0
2026-08-12,ARI incidence,4,2026-08-30,LT,quantile,0.050,0.0
2026-08-12,ARI incidence,4,2026-08-30,LT,quantile,0.100,0.0
2026-08-12,ARI incidence,4,2026-08-30,LT,quantile,0.150,0.0
2026-08-12,ARI incidence,4,2026-08-30,LT,quantile,0.200,0.0
2026-08-12,ARI incidence,4,2026-08-30,LT,quantile,0.250,13.050000000000182
2026-08-12,ARI incidence,4,2026-08-30,LT,quantile,0.300,56.66999999999994
2026-08-12,ARI incidence,4,2026-08-30,LT,quantile,0.350,93.06499999999994
2026-08-12,ARI incidence,4,2026-08-30,LT,quantile,0.400,129.50000000000003
2026-08-12,ARI incidence,4,2026-08-30,LT,quantile,0.450,164.09999999999985
2026-08-12,ARI incidence,4,2026-08-30,LT,quantile,0.500,198.20000000000007
2026-08-12,ARI incidence,4,2026-08-30,LT,quantile,0.550,230.34500000000008
2026-08-12,ARI incidence,4,2026-08-30,LT,quantile,0.600,266.54
2026-08-12,ARI incidence,4,2026-08-30,LT,quantile,0.650,304.09999999999997
2026-08-12,ARI incidence,4,2026-08-30,LT,quantile,0.700,341.89999999999986
2026-08-12,ARI incidence,4,2026-08-30,LT,quantile,0.750,384.6250000000002
2026-08-12,ARI incidence,4,2026-08-30,LT,quantile,0.800,432.6400000000003
2026-08-12,ARI incidence,4,2026-08-30,LT,quantile,0.850,496.99999999999994
2026-08-12,ARI incidence,4,2026-08-30,LT,quantile,0.900,583.13
2026-08-12,ARI incidence,4,2026-08-30,LT,quantile,0.950,727.9149999999998
2026-08-12,ARI incidence,4,2026-08-30,LT,quantile,0.975,852.1024999999998
2026-08-12,ARI incidence,4,2026-08-30,LT,quantile,0.990,1026.4190000000006
2026-08-12,ARI incidence,4,2026-08-30,LT,median,,198.20000000000007
2026-08-12,ARI incidence,1,2026-08-09,LU,quantile,0.010,0.0
2026-08-12,ARI incidence,1,2026-08-09,LU,quantile,0.025,0.0
2026-08-12,ARI incidence,1,2026-08-09,LU,quantile,0.050,0.0
2026-08-12,ARI incidence,1,2026-08-09,LU,quantile,0.100,0.0
2026-08-12,ARI incidence,1,2026-08-09,LU,quantile,0.150,0.0
2026-08-12,ARI incidence,1,2026-08-09,LU,quantile,0.200,200.0
2026-08-12,ARI incidence,1,2026-08-09,LU,quantile,0.250,800.0
2026-08-12,ARI incidence,1,2026-08-09,LU,quantile,0.300,1500.0
2026-08-12,ARI incidence,1,2026-08-09,LU,quantile,0.350,2300.0
2026-08-12,ARI incidence,1,2026-08-09,LU,quantile,0.400,2700.0
2026-08-12,ARI incidence,1,2026-08-09,LU,quantile,0.450,3400.0
2026-08-12,ARI incidence,1,2026-08-09,LU,quantile,0.500,3900.0
2026-08-12,ARI incidence,1,2026-08-09,LU,quantile,0.550,4500.0
2026-08-12,ARI incidence,1,2026-08-09,LU,quantile,0.600,5300.0
2026-08-12,ARI incidence,1,2026-08-09,LU,quantile,0.650,5600.0
2026-08-12,ARI incidence,1,2026-08-09,LU,quantile,0.700,6400.0
2026-08-12,ARI incidence,1,2026-08-09,LU,quantile,0.750,7100.0
2026-08-12,ARI incidence,1,2026-08-09,LU,quantile,0.800,7700.0
2026-08-12,ARI incidence,1,2026-08-09,LU,quantile,0.850,8500.0
2026-08-12,ARI incidence,1,2026-08-09,LU,quantile,0.900,9100.0
2026-08-12,ARI incidence,1,2026-08-09,LU,quantile,0.950,11400.0
2026-08-12,ARI incidence,1,2026-08-09,LU,quantile,0.975,14000.0
2026-08-12,ARI incidence,1,2026-08-09,LU,quantile,0.990,15000.0
2026-08-12,ARI incidence,1,2026-08-09,LU,median,,3900.0
2026-08-12,ARI incidence,2,2026-08-16,LU,quantile,0.010,0.0
2026-08-12,ARI incidence,2,2026-08-16,LU,quantile,0.025,0.0
2026-08-12,ARI incidence,2,2026-08-16,LU,quantile,0.050,0.0
2026-08-12,ARI incidence,2,2026-08-16,LU,quantile,0.100,0.0
2026-08-12,ARI incidence,2,2026-08-16,LU,quantile,0.150,0.0
2026-08-12,ARI incidence,2,2026-08-16,LU,quantile,0.200,0.0
2026-08-12,ARI incidence,2,2026-08-16,LU,quantile,0.250,0.0
2026-08-12,ARI incidence,2,2026-08-16,LU,quantile,0.300,800.0
2026-08-12,ARI incidence,2,2026-08-16,LU,quantile,0.350,1600.0
2026-08-12,ARI incidence,2,2026-08-16,LU,quantile,0.400,2400.0
2026-08-12,ARI incidence,2,2026-08-16,LU,quantile,0.450,3200.0
2026-08-12,ARI incidence,2,2026-08-16,LU,quantile,0.500,4000.0
2026-08-12,ARI incidence,2,2026-08-16,LU,quantile,0.550,4800.0
2026-08-12,ARI incidence,2,2026-08-16,LU,quantile,0.600,5500.0
2026-08-12,ARI incidence,2,2026-08-16,LU,quantile,0.650,6400.0
2026-08-12,ARI incidence,2,2026-08-16,LU,quantile,0.700,7200.0
2026-08-12,ARI incidence,2,2026-08-16,LU,quantile,0.750,8200.0
2026-08-12,ARI incidence,2,2026-08-16,LU,quantile,0.800,9200.0
2026-08-12,ARI incidence,2,2026-08-16,LU,quantile,0.850,10500.0
2026-08-12,ARI incidence,2,2026-08-16,LU,quantile,0.900,12200.0
2026-08-12,ARI incidence,2,2026-08-16,LU,quantile,0.950,14900.0
2026-08-12,ARI incidence,2,2026-08-16,LU,quantile,0.975,18200.0
2026-08-12,ARI incidence,2,2026-08-16,LU,quantile,0.990,22801.000000000022
2026-08-12,ARI incidence,2,2026-08-16,LU,median,,4000.0
2026-08-12,ARI incidence,3,2026-08-23,LU,quantile,0.010,0.0
2026-08-12,ARI incidence,3,2026-08-23,LU,quantile,0.025,0.0
2026-08-12,ARI incidence,3,2026-08-23,LU,quantile,0.050,0.0
2026-08-12,ARI incidence,3,2026-08-23,LU,quantile,0.100,0.0
2026-08-12,ARI incidence,3,2026-08-23,LU,quantile,0.150,0.0
2026-08-12,ARI incidence,3,2026-08-23,LU,quantile,0.200,0.0
2026-08-12,ARI incidence,3,2026-08-23,LU,quantile,0.250,0.0
2026-08-12,ARI incidence,3,2026-08-23,LU,quantile,0.300,0.0
2026-08-12,ARI incidence,3,2026-08-23,LU,quantile,0.350,1100.0
2026-08-12,ARI incidence,3,2026-08-23,LU,quantile,0.400,2100.0
2026-08-12,ARI incidence,3,2026-08-23,LU,quantile,0.450,3000.0
2026-08-12,ARI incidence,3,2026-08-23,LU,quantile,0.500,4000.0
2026-08-12,ARI incidence,3,2026-08-23,LU,quantile,0.550,5000.0
2026-08-12,ARI incidence,3,2026-08-23,LU,quantile,0.600,5900.0
2026-08-12,ARI incidence,3,2026-08-23,LU,quantile,0.650,7000.0
2026-08-12,ARI incidence,3,2026-08-23,LU,quantile,0.700,8000.0
2026-08-12,ARI incidence,3,2026-08-23,LU,quantile,0.750,9200.0
2026-08-12,ARI incidence,3,2026-08-23,LU,quantile,0.800,10600.0
2026-08-12,ARI incidence,3,2026-08-23,LU,quantile,0.850,12300.0
2026-08-12,ARI incidence,3,2026-08-23,LU,quantile,0.900,14400.0
2026-08-12,ARI incidence,3,2026-08-23,LU,quantile,0.950,18000.0
2026-08-12,ARI incidence,3,2026-08-23,LU,quantile,0.975,20902.499999999964
2026-08-12,ARI incidence,3,2026-08-23,LU,quantile,0.990,25600.0
2026-08-12,ARI incidence,3,2026-08-23,LU,median,,4000.0
2026-08-12,ARI incidence,4,2026-08-30,LU,quantile,0.010,0.0
2026-08-12,ARI incidence,4,2026-08-30,LU,quantile,0.025,0.0
2026-08-12,ARI incidence,4,2026-08-30,LU,quantile,0.050,0.0
2026-08-12,ARI incidence,4,2026-08-30,LU,quantile,0.100,0.0
2026-08-12,ARI incidence,4,2026-08-30,LU,quantile,0.150,0.0
2026-08-12,ARI incidence,4,2026-08-30,LU,quantile,0.200,0.0
2026-08-12,ARI incidence,4,2026-08-30,LU,quantile,0.250,0.0
2026-08-12,ARI incidence,4,2026-08-30,LU,quantile,0.300,0.0
2026-08-12,ARI incidence,4,2026-08-30,LU,quantile,0.350,600.0
2026-08-12,ARI incidence,4,2026-08-30,LU,quantile,0.400,1800.0
2026-08-12,ARI incidence,4,2026-08-30,LU,quantile,0.450,2800.0
2026-08-12,ARI incidence,4,2026-08-30,LU,quantile,0.500,3900.0
2026-08-12,ARI incidence,4,2026-08-30,LU,quantile,0.550,5000.0
2026-08-12,ARI incidence,4,2026-08-30,LU,quantile,0.600,6200.0
2026-08-12,ARI incidence,4,2026-08-30,LU,quantile,0.650,7500.0
2026-08-12,ARI incidence,4,2026-08-30,LU,quantile,0.700,8800.0
2026-08-12,ARI incidence,4,2026-08-30,LU,quantile,0.750,10200.0
2026-08-12,ARI incidence,4,2026-08-30,LU,quantile,0.800,11700.0
2026-08-12,ARI incidence,4,2026-08-30,LU,quantile,0.850,13500.0
2026-08-12,ARI incidence,4,2026-08-30,LU,quantile,0.900,16000.0
2026-08-12,ARI incidence,4,2026-08-30,LU,quantile,0.950,20000.0
2026-08-12,ARI incidence,4,2026-08-30,LU,quantile,0.975,23500.0
2026-08-12,ARI incidence,4,2026-08-30,LU,quantile,0.990,27900.0
2026-08-12,ARI incidence,4,2026-08-30,LU,median,,3900.0
2026-08-12,ARI incidence,1,2026-08-09,NL,quantile,0.010,7.1000000000000085
2026-08-12,ARI incidence,1,2026-08-09,NL,quantile,0.025,36.40000000000002
2026-08-12,ARI incidence,1,2026-08-09,NL,quantile,0.050,54.59999999999998
2026-08-12,ARI incidence,1,2026-08-09,NL,quantile,0.100,66.60000000000001
2026-08-12,ARI incidence,1,2026-08-09,NL,quantile,0.150,72.8
2026-08-12,ARI incidence,1,2026-08-09,NL,quantile,0.200,80.10000000000001
2026-08-12,ARI incidence,1,2026-08-09,NL,quantile,0.250,84.00000000000001
2026-08-12,ARI incidence,1,2026-08-09,NL,quantile,0.300,88.50000000000001
2026-08-12,ARI incidence,1,2026-08-09,NL,quantile,0.350,90.7
2026-08-12,ARI incidence,1,2026-08-09,NL,quantile,0.400,93.99999999999999
2026-08-12,ARI incidence,1,2026-08-09,NL,quantile,0.450,98.39999999999999
2026-08-12,ARI incidence,1,2026-08-09,NL,quantile,0.500,101.10000000000001
2026-08-12,ARI incidence,1,2026-08-09,NL,quantile,0.550,102.89999999999999
2026-08-12,ARI incidence,1,2026-08-09,NL,quantile,0.600,106.89999999999999
2026-08-12,ARI incidence,1,2026-08-09,NL,quantile,0.650,110.49999999999999
2026-08-12,ARI incidence,1,2026-08-09,NL,quantile,0.700,112.3
2026-08-12,ARI incidence,1,2026-08-09,NL,quantile,0.750,116.59999999999998
2026-08-12,ARI incidence,1,2026-08-09,NL,quantile,0.800,120.49999999999999
2026-08-12,ARI incidence,1,2026-08-09,NL,quantile,0.850,127.8
2026-08-12,ARI incidence,1,2026-08-09,NL,quantile,0.900,134.0
2026-08-12,ARI incidence,1,2026-08-09,NL,quantile,0.950,150.90000000000003
2026-08-12,ARI incidence,1,2026-08-09,NL,quantile,0.975,165.20000000000005
2026-08-12,ARI incidence,1,2026-08-09,NL,quantile,0.990,193.5
2026-08-12,ARI incidence,1,2026-08-09,NL,median,,101.10000000000001
2026-08-12,ARI incidence,2,2026-08-16,NL,quantile,0.010,0.0
2026-08-12,ARI incidence,2,2026-08-16,NL,quantile,0.025,15.700000000000031
2026-08-12,ARI incidence,2,2026-08-16,NL,quantile,0.050,33.19499999999995
2026-08-12,ARI incidence,2,2026-08-16,NL,quantile,0.100,50.40000000000002
2026-08-12,ARI incidence,2,2026-08-16,NL,quantile,0.150,60.7
2026-08-12,ARI incidence,2,2026-08-16,NL,quantile,0.200,68.10000000000001
2026-08-12,ARI incidence,2,2026-08-16,NL,quantile,0.250,75.09999999999998
2026-08-12,ARI incidence,2,2026-08-16,NL,quantile,0.300,81.29999999999997
2026-08-12,ARI incidence,2,2026-08-16,NL,quantile,0.350,86.0
2026-08-12,ARI incidence,2,2026-08-16,NL,quantile,0.400,91.00000000000001
2026-08-12,ARI incidence,2,2026-08-16,NL,quantile,0.450,95.7
2026-08-12,ARI incidence,2,2026-08-16,NL,quantile,0.500,100.3
2026-08-12,ARI incidence,2,2026-08-16,NL,quantile,0.550,104.89999999999999
2026-08-12,ARI incidence,2,2026-08-16,NL,quantile,0.600,110.1
2026-08-12,ARI incidence,2,2026-08-16,NL,quantile,0.650,114.39999999999998
2026-08-12,ARI incidence,2,2026-08-16,NL,quantile,0.700,119.69999999999997
2026-08-12,ARI incidence,2,2026-08-16,NL,quantile,0.750,125.39999999999999
2026-08-12,ARI incidence,2,2026-08-16,NL,quantile,0.800,131.94000000000017
2026-08-12,ARI incidence,2,2026-08-16,NL,quantile,0.850,139.89999999999998
2026-08-12,ARI incidence,2,2026-08-16,NL,quantile,0.900,150.8
2026-08-12,ARI incidence,2,2026-08-16,NL,quantile,0.950,169.09999999999997
2026-08-12,ARI incidence,2,2026-08-16,NL,quantile,0.975,187.00000000000006
2026-08-12,ARI incidence,2,2026-08-16,NL,quantile,0.990,205.20100000000002
2026-08-12,ARI incidence,2,2026-08-16,NL,median,,100.3
2026-08-12,ARI incidence,3,2026-08-23,NL,quantile,0.010,0.0
2026-08-12,ARI incidence,3,2026-08-23,NL,quantile,0.025,1.184999999999989
2026-08-12,ARI incidence,3,2026-08-23,NL,quantile,0.050,17.094999999999956
2026-08-12,ARI incidence,3,2026-08-23,NL,quantile,0.100,36.8
2026-08-12,ARI incidence,3,2026-08-23,NL,quantile,0.150,49.38499999999996
2026-08-12,ARI incidence,3,2026-08-23,NL,quantile,0.200,59.179999999999986
2026-08-12,ARI incidence,3,2026-08-23,NL,quantile,0.250,67.67500000000001
2026-08-12,ARI incidence,3,2026-08-23,NL,quantile,0.300,75.50000000000001
2026-08-12,ARI incidence,3,2026-08-23,NL,quantile,0.350,82.40000000000002
2026-08-12,ARI incidence,3,2026-08-23,NL,quantile,0.400,88.7
2026-08-12,ARI incidence,3,2026-08-23,NL,quantile,0.450,94.89999999999999
2026-08-12,ARI incidence,3,2026-08-23,NL,quantile,0.500,100.6
2026-08-12,ARI incidence,3,2026-08-23,NL,quantile,0.550,106.39999999999996
2026-08-12,ARI incidence,3,2026-08-23,NL,quantile,0.600,112.09999999999998
2026-08-12,ARI incidence,3,2026-08-23,NL,quantile,0.650,118.20000000000003
2026-08-12,ARI incidence,3,2026-08-23,NL,quantile,0.700,124.69999999999999
2026-08-12,ARI incidence,3,2026-08-23,NL,quantile,0.750,132.10000000000002
2026-08-12,ARI incidence,3,2026-08-23,NL,quantile,0.800,139.79999999999995
2026-08-12,ARI incidence,3,2026-08-23,NL,quantile,0.850,149.39999999999998
2026-08-12,ARI incidence,3,2026-08-23,NL,quantile,0.900,163.7
2026-08-12,ARI incidence,3,2026-08-23,NL,quantile,0.950,183.10999999999987
2026-08-12,ARI incidence,3,2026-08-23,NL,quantile,0.975,202.60500000000002
2026-08-12,ARI incidence,3,2026-08-23,NL,quantile,0.990,225.601
2026-08-12,ARI incidence,3,2026-08-23,NL,median,,100.6
2026-08-12,ARI incidence,4,2026-08-30,NL,quantile,0.010,0.0
2026-08-12,ARI incidence,4,2026-08-30,NL,quantile,0.025,0.0
2026-08-12,ARI incidence,4,2026-08-30,NL,quantile,0.050,7.700000000000029
2026-08-12,ARI incidence,4,2026-08-30,NL,quantile,0.100,28.69999999999999
2026-08-12,ARI incidence,4,2026-08-30,NL,quantile,0.150,42.58499999999996
2026-08-12,ARI incidence,4,2026-08-30,NL,quantile,0.200,53.78000000000002
2026-08-12,ARI incidence,4,2026-08-30,NL,quantile,0.250,63.19999999999999
2026-08-12,ARI incidence,4,2026-08-30,NL,quantile,0.300,71.80000000000001
2026-08-12,ARI incidence,4,2026-08-30,NL,quantile,0.350,79.20000000000002
2026-08-12,ARI incidence,4,2026-08-30,NL,quantile,0.400,86.0
2026-08-12,ARI incidence,4,2026-08-30,NL,quantile,0.450,93.5
2026-08-12,ARI incidence,4,2026-08-30,NL,quantile,0.500,100.30000000000001
2026-08-12,ARI incidence,4,2026-08-30,NL,quantile,0.550,107.04500000000004
2026-08-12,ARI incidence,4,2026-08-30,NL,quantile,0.600,114.23999999999997
2026-08-12,ARI incidence,4,2026-08-30,NL,quantile,0.650,121.53500000000004
2026-08-12,ARI incidence,4,2026-08-30,NL,quantile,0.700,129.4
2026-08-12,ARI incidence,4,2026-08-30,NL,quantile,0.750,137.625
2026-08-12,ARI incidence,4,2026-08-30,NL,quantile,0.800,146.90000000000003
2026-08-12,ARI incidence,4,2026-08-30,NL,quantile,0.850,158.09999999999997
2026-08-12,ARI incidence,4,2026-08-30,NL,quantile,0.900,172.71000000000006
2026-08-12,ARI incidence,4,2026-08-30,NL,quantile,0.950,194.29999999999995
2026-08-12,ARI incidence,4,2026-08-30,NL,quantile,0.975,215.8
2026-08-12,ARI incidence,4,2026-08-30,NL,quantile,0.990,242.101
2026-08-12,ARI incidence,4,2026-08-30,NL,median,,100.30000000000001
2026-08-12,ARI incidence,1,2026-08-09,RO,quantile,0.010,0.0
2026-08-12,ARI incidence,1,2026-08-09,RO,quantile,0.025,42.60000000000002
2026-08-12,ARI incidence,1,2026-08-09,RO,quantile,0.050,145.89999999999998
2026-08-12,ARI incidence,1,2026-08-09,RO,quantile,0.100,216.4000000000001
2026-08-12,ARI incidence,1,2026-08-09,RO,quantile,0.150,260.70000000000005
2026-08-12,ARI incidence,1,2026-08-09,RO,quantile,0.200,290.80000000000007
2026-08-12,ARI incidence,1,2026-08-09,RO,quantile,0.250,313.4000000000001
2026-08-12,ARI incidence,1,2026-08-09,RO,quantile,0.300,329.0
2026-08-12,ARI incidence,1,2026-08-09,RO,quantile,0.350,347.1
2026-08-12,ARI incidence,1,2026-08-09,RO,quantile,0.400,353.69999999999993
2026-08-12,ARI incidence,1,2026-08-09,RO,quantile,0.450,362.5
2026-08-12,ARI incidence,1,2026-08-09,RO,quantile,0.500,381.6
2026-08-12,ARI incidence,1,2026-08-09,RO,quantile,0.550,396.4
2026-08-12,ARI incidence,1,2026-08-09,RO,quantile,0.600,411.69999999999993
2026-08-12,ARI incidence,1,2026-08-09,RO,quantile,0.650,418.5
2026-08-12,ARI incidence,1,2026-08-09,RO,quantile,0.700,432.5
2026-08-12,ARI incidence,1,2026-08-09,RO,quantile,0.750,452.20000000000005
2026-08-12,ARI incidence,1,2026-08-09,RO,quantile,0.800,459.6
2026-08-12,ARI incidence,1,2026-08-09,RO,quantile,0.850,494.10000000000014
2026-08-12,ARI incidence,1,2026-08-09,RO,quantile,0.900,537.9000000000001
2026-08-12,ARI incidence,1,2026-08-09,RO,quantile,0.950,612.4000000000001
2026-08-12,ARI incidence,1,2026-08-09,RO,quantile,0.975,679.2
2026-08-12,ARI incidence,1,2026-08-09,RO,quantile,0.990,759.586000000015
2026-08-12,ARI incidence,1,2026-08-09,RO,median,,381.6
2026-08-12,ARI incidence,2,2026-08-16,RO,quantile,0.010,0.0
2026-08-12,ARI incidence,2,2026-08-16,RO,quantile,0.025,0.0
2026-08-12,ARI incidence,2,2026-08-16,RO,quantile,0.050,40.740000000000066
2026-08-12,ARI incidence,2,2026-08-16,RO,quantile,0.100,133.79000000000008
2026-08-12,ARI incidence,2,2026-08-16,RO,quantile,0.150,190.60000000000002
2026-08-12,ARI incidence,2,2026-08-16,RO,quantile,0.200,234.30000000000004
2026-08-12,ARI incidence,2,2026-08-16,RO,quantile,0.250,264.6
2026-08-12,ARI incidence,2,2026-08-16,RO,quantile,0.300,291.30000000000007
2026-08-12,ARI incidence,2,2026-08-16,RO,quantile,0.350,318.19999999999993
2026-08-12,ARI incidence,2,2026-08-16,RO,quantile,0.400,340.7
2026-08-12,ARI incidence,2,2026-08-16,RO,quantile,0.450,359.6
2026-08-12,ARI incidence,2,2026-08-16,RO,quantile,0.500,381.4000000000001
2026-08-12,ARI incidence,2,2026-08-16,RO,quantile,0.550,398.0
2026-08-12,ARI incidence,2,2026-08-16,RO,quantile,0.600,417.1
2026-08-12,ARI incidence,2,2026-08-16,RO,quantile,0.650,440.7
2026-08-12,ARI incidence,2,2026-08-16,RO,quantile,0.700,464.9
2026-08-12,ARI incidence,2,2026-08-16,RO,quantile,0.750,492.025
2026-08-12,ARI incidence,2,2026-08-16,RO,quantile,0.800,524.6999999999999
2026-08-12,ARI incidence,2,2026-08-16,RO,quantile,0.850,563.715
2026-08-12,ARI incidence,2,2026-08-16,RO,quantile,0.900,616.2
2026-08-12,ARI incidence,2,2026-08-16,RO,quantile,0.950,702.5149999999998
2026-08-12,ARI incidence,2,2026-08-16,RO,quantile,0.975,799.0149999999998
2026-08-12,ARI incidence,2,2026-08-16,RO,quantile,0.990,913.8250000000006
2026-08-12,ARI incidence,2,2026-08-16,RO,median,,381.4000000000001
2026-08-12,ARI incidence,3,2026-08-23,RO,quantile,0.010,0.0
2026-08-12,ARI incidence,3,2026-08-23,RO,quantile,0.025,0.0
2026-08-12,ARI incidence,3,2026-08-23,RO,quantile,0.050,0.0
2026-08-12,ARI incidence,3,2026-08-23,RO,quantile,0.100,70.78999999999986
2026-08-12,ARI incidence,3,2026-08-23,RO,quantile,0.150,138.5
2026-08-12,ARI incidence,3,2026-08-23,RO,quantile,0.200,189.71999999999989
2026-08-12,ARI incidence,3,2026-08-23,RO,quantile,0.250,231.67500000000004
2026-08-12,ARI incidence,3,2026-08-23,RO,quantile,0.300,266.77
2026-08-12,ARI incidence,3,2026-08-23,RO,quantile,0.350,296.1000000000001
2026-08-12,ARI incidence,3,2026-08-23,RO,quantile,0.400,324.59999999999997
2026-08-12,ARI incidence,3,2026-08-23,RO,quantile,0.450,353.20000000000005
2026-08-12,ARI incidence,3,2026-08-23,RO,quantile,0.500,378.8000000000001
2026-08-12,ARI incidence,3,2026-08-23,RO,quantile,0.550,405.1
2026-08-12,ARI incidence,3,2026-08-23,RO,quantile,0.600,432.6799999999999
2026-08-12,ARI incidence,3,2026-08-23,RO,quantile,0.650,461.27000000000004
2026-08-12,ARI incidence,3,2026-08-23,RO,quantile,0.700,492.92999999999995
2026-08-12,ARI incidence,3,2026-08-23,RO,quantile,0.750,525.9250000000001
2026-08-12,ARI incidence,3,2026-08-23,RO,quantile,0.800,563.72
2026-08-12,ARI incidence,3,2026-08-23,RO,quantile,0.850,606.0
2026-08-12,ARI incidence,3,2026-08-23,RO,quantile,0.900,668.2500000000002
2026-08-12,ARI incidence,3,2026-08-23,RO,quantile,0.950,767.7199999999997
2026-08-12,ARI incidence,3,2026-08-23,RO,quantile,0.975,869.9025
2026-08-12,ARI incidence,3,2026-08-23,RO,quantile,0.990,1031.052000000001
2026-08-12,ARI incidence,3,2026-08-23,RO,median,,378.8000000000001
2026-08-12,ARI incidence,4,2026-08-30,RO,quantile,0.010,0.0
2026-08-12,ARI incidence,4,2026-08-30,RO,quantile,0.025,0.0
2026-08-12,ARI incidence,4,2026-08-30,RO,quantile,0.050,0.0
2026-08-12,ARI incidence,4,2026-08-30,RO,quantile,0.100,13.169999999999952
2026-08-12,ARI incidence,4,2026-08-30,RO,quantile,0.150,91.17000000000003
2026-08-12,ARI incidence,4,2026-08-30,RO,quantile,0.200,153.98000000000013
2026-08-12,ARI incidence,4,2026-08-30,RO,quantile,0.250,199.50000000000009
2026-08-12,ARI incidence,4,2026-08-30,RO,quantile,0.300,239.80000000000007
2026-08-12,ARI incidence,4,2026-08-30,RO,quantile,0.350,276.0649999999999
2026-08-12,ARI incidence,4,2026-08-30,RO,quantile,0.400,310.11999999999995
2026-08-12,ARI incidence,4,2026-08-30,RO,quantile,0.450,343.50000000000006
2026-08-12,ARI incidence,4,2026-08-30,RO,quantile,0.500,377.25
2026-08-12,ARI incidence,4,2026-08-30,RO,quantile,0.550,409.2
2026-08-12,ARI incidence,4,2026-08-30,RO,quantile,0.600,441.53999999999996
2026-08-12,ARI incidence,4,2026-08-30,RO,quantile,0.650,477.3999999999999
2026-08-12,ARI incidence,4,2026-08-30,RO,quantile,0.700,514.5
2026-08-12,ARI incidence,4,2026-08-30,RO,quantile,0.750,552.55
2026-08-12,ARI incidence,4,2026-08-30,RO,quantile,0.800,598.5000000000001
2026-08-12,ARI incidence,4,2026-08-30,RO,quantile,0.850,651.2150000000001
2026-08-12,ARI incidence,4,2026-08-30,RO,quantile,0.900,720.2100000000003
2026-08-12,ARI incidence,4,2026-08-30,RO,quantile,0.950,841.8
2026-08-12,ARI incidence,4,2026-08-30,RO,quantile,0.975,947.0074999999998
2026-08-12,ARI incidence,4,2026-08-30,RO,quantile,0.990,1099.9070000000002
2026-08-12,ARI incidence,4,2026-08-30,RO,median,,377.25
2026-08-12,ARI incidence,1,2026-08-09,SI,quantile,0.010,0.0
2026-08-12,ARI incidence,1,2026-08-09,SI,quantile,0.025,0.0
2026-08-12,ARI incidence,1,2026-08-09,SI,quantile,0.050,0.0
2026-08-12,ARI incidence,1,2026-08-09,SI,quantile,0.100,0.0
2026-08-12,ARI incidence,1,2026-08-09,SI,quantile,0.150,53.30000000000001
2026-08-12,ARI incidence,1,2026-08-09,SI,quantile,0.200,110.49999999999983
2026-08-12,ARI incidence,1,2026-08-09,SI,quantile,0.250,156.89999999999992
2026-08-12,ARI incidence,1,2026-08-09,SI,quantile,0.300,185.39999999999992
2026-08-12,ARI incidence,1,2026-08-09,SI,quantile,0.350,220.00000000000006
2026-08-12,ARI incidence,1,2026-08-09,SI,quantile,0.400,256.99999999999983
2026-08-12,ARI incidence,1,2026-08-09,SI,quantile,0.450,279.2000000000001
2026-08-12,ARI incidence,1,2026-08-09,SI,quantile,0.500,295.70000000000005
2026-08-12,ARI incidence,1,2026-08-09,SI,quantile,0.550,314.5
2026-08-12,ARI incidence,1,2026-08-09,SI,quantile,0.600,337.00000000000006
2026-08-12,ARI incidence,1,2026-08-09,SI,quantile,0.650,372.59999999999997
2026-08-12,ARI incidence,1,2026-08-09,SI,quantile,0.700,407.09999999999997
2026-08-12,ARI incidence,1,2026-08-09,SI,quantile,0.750,439.8
2026-08-12,ARI incidence,1,2026-08-09,SI,quantile,0.800,495.3
2026-08-12,ARI incidence,1,2026-08-09,SI,quantile,0.850,573.4999999999998
2026-08-12,ARI incidence,1,2026-08-09,SI,quantile,0.900,644.6000000000001
2026-08-12,ARI incidence,1,2026-08-09,SI,quantile,0.950,794.5999999999997
2026-08-12,ARI incidence,1,2026-08-09,SI,quantile,0.975,968.7
2026-08-12,ARI incidence,1,2026-08-09,SI,quantile,0.990,1079.4999999999998
2026-08-12,ARI incidence,1,2026-08-09,SI,median,,295.70000000000005
2026-08-12,ARI incidence,2,2026-08-16,SI,quantile,0.010,0.0
2026-08-12,ARI incidence,2,2026-08-16,SI,quantile,0.025,0.0
2026-08-12,ARI incidence,2,2026-08-16,SI,quantile,0.050,0.0
2026-08-12,ARI incidence,2,2026-08-16,SI,quantile,0.100,0.0
2026-08-12,ARI incidence,2,2026-08-16,SI,quantile,0.150,0.0
2026-08-12,ARI incidence,2,2026-08-16,SI,quantile,0.200,0.0
2026-08-12,ARI incidence,2,2026-08-16,SI,quantile,0.250,53.39999999999995
2026-08-12,ARI incidence,2,2026-08-16,SI,quantile,0.300,114.67
2026-08-12,ARI incidence,2,2026-08-16,SI,quantile,0.350,165.8999999999998
2026-08-12,ARI incidence,2,2026-08-16,SI,quantile,0.400,214.76000000000016
2026-08-12,ARI incidence,2,2026-08-16,SI,quantile,0.450,259.0
2026-08-12,ARI incidence,2,2026-08-16,SI,quantile,0.500,296.3
2026-08-12,ARI incidence,2,2026-08-16,SI,quantile,0.550,335.00000000000017
2026-08-12,ARI incidence,2,2026-08-16,SI,quantile,0.600,379.99999999999994
2026-08-12,ARI incidence,2,2026-08-16,SI,quantile,0.650,427.59999999999985
2026-08-12,ARI incidence,2,2026-08-16,SI,quantile,0.700,480.22999999999985
2026-08-12,ARI incidence,2,2026-08-16,SI,quantile,0.750,538.9999999999998
2026-08-12,ARI incidence,2,2026-08-16,SI,quantile,0.800,606.8
2026-08-12,ARI incidence,2,2026-08-16,SI,quantile,0.850,688.3999999999999
2026-08-12,ARI incidence,2,2026-08-16,SI,quantile,0.900,805.6800000000006
2026-08-12,ARI incidence,2,2026-08-16,SI,quantile,0.950,999.2349999999982
2026-08-12,ARI incidence,2,2026-08-16,SI,quantile,0.975,1197.0399999999995
2026-08-12,ARI incidence,2,2026-08-16,SI,quantile,0.990,1399.1999999999998
2026-08-12,ARI incidence,2,2026-08-16,SI,median,,296.3
2026-08-12,ARI incidence,3,2026-08-23,SI,quantile,0.010,0.0
2026-08-12,ARI incidence,3,2026-08-23,SI,quantile,0.025,0.0
2026-08-12,ARI incidence,3,2026-08-23,SI,quantile,0.050,0.0
2026-08-12,ARI incidence,3,2026-08-23,SI,quantile,0.100,0.0
2026-08-12,ARI incidence,3,2026-08-23,SI,quantile,0.150,0.0
2026-08-12,ARI incidence,3,2026-08-23,SI,quantile,0.200,0.0
2026-08-12,ARI incidence,3,2026-08-23,SI,quantile,0.250,0.0
2026-08-12,ARI incidence,3,2026-08-23,SI,quantile,0.300,57.670000000000044
2026-08-12,ARI incidence,3,2026-08-23,SI,quantile,0.350,123.43000000000004
2026-08-12,ARI incidence,3,2026-08-23,SI,quantile,0.400,184.22
2026-08-12,ARI incidence,3,2026-08-23,SI,quantile,0.450,239.35500000000027
2026-08-12,ARI incidence,3,2026-08-23,SI,quantile,0.500,292.0999999999996
2026-08-12,ARI incidence,3,2026-08-23,SI,quantile,0.550,350.0000000000001
2026-08-12,ARI incidence,3,2026-08-23,SI,quantile,0.600,410.49999999999994
2026-08-12,ARI incidence,3,2026-08-23,SI,quantile,0.650,465.47000000000014
2026-08-12,ARI incidence,3,2026-08-23,SI,quantile,0.700,528.5899999999999
2026-08-12,ARI incidence,3,2026-08-23,SI,quantile,0.750,606.6
2026-08-12,ARI incidence,3,2026-08-23,SI,quantile,0.800,687.3
2026-08-12,ARI incidence,3,2026-08-23,SI,quantile,0.850,796.4150000000001
2026-08-12,ARI incidence,3,2026-08-23,SI,quantile,0.900,933.44
2026-08-12,ARI incidence,3,2026-08-23,SI,quantile,0.950,1166.6049999999996
2026-08-12,ARI incidence,3,2026-08-23,SI,quantile,0.975,1363.6125
2026-08-12,ARI incidence,3,2026-08-23,SI,quantile,0.990,1610.304
2026-08-12,ARI incidence,3,2026-08-23,SI,median,,292.0999999999996
2026-08-12,ARI incidence,4,2026-08-30,SI,quantile,0.010,0.0
2026-08-12,ARI incidence,4,2026-08-30,SI,quantile,0.025,0.0
2026-08-12,ARI incidence,4,2026-08-30,SI,quantile,0.050,0.0
2026-08-12,ARI incidence,4,2026-08-30,SI,quantile,0.100,0.0
2026-08-12,ARI incidence,4,2026-08-30,SI,quantile,0.150,0.0
2026-08-12,ARI incidence,4,2026-08-30,SI,quantile,0.200,0.0
2026-08-12,ARI incidence,4,2026-08-30,SI,quantile,0.250,0.0
2026-08-12,ARI incidence,4,2026-08-30,SI,quantile,0.300,1.1699999999996793
2026-08-12,ARI incidence,4,2026-08-30,SI,quantile,0.350,84.59499999999994
2026-08-12,ARI incidence,4,2026-08-30,SI,quantile,0.400,163.71999999999986
2026-08-12,ARI incidence,4,2026-08-30,SI,quantile,0.450,235.00999999999988
2026-08-12,ARI incidence,4,2026-08-30,SI,quantile,0.500,296.4000000000001
2026-08-12,ARI incidence,4,2026-08-30,SI,quantile,0.550,360.18999999999994
2026-08-12,ARI incidence,4,2026-08-30,SI,quantile,0.600,428.64000000000004
2026-08-12,ARI incidence,4,2026-08-30,SI,quantile,0.650,503.13500000000005
2026-08-12,ARI incidence,4,2026-08-30,SI,quantile,0.700,575.0899999999998
2026-08-12,ARI incidence,4,2026-08-30,SI,quantile,0.750,660.7
2026-08-12,ARI incidence,4,2026-08-30,SI,quantile,0.800,758.3400000000004
2026-08-12,ARI incidence,4,2026-08-30,SI,quantile,0.850,887.2449999999998
2026-08-12,ARI incidence,4,2026-08-30,SI,quantile,0.900,1053.7100000000003
2026-08-12,ARI incidence,4,2026-08-30,SI,quantile,0.950,1296.2049999999997
2026-08-12,ARI incidence,4,2026-08-30,SI,quantile,0.975,1497.5024999999998
2026-08-12,ARI incidence,4,2026-08-30,SI,quantile,0.990,1769.905
2026-08-12,ARI incidence,4,2026-08-30,SI,median,,296.4000000000001
2026-08-12,ARI incidence,1,2026-08-09,ES,quantile,0.010,0.0
2026-08-12,ARI incidence,1,2026-08-09,ES,quantile,0.025,62.19999999999996
2026-08-12,ARI incidence,1,2026-08-09,ES,quantile,0.050,93.20000000000007
2026-08-12,ARI incidence,1,2026-08-09,ES,quantile,0.100,131.20000000000007
2026-08-12,ARI incidence,1,2026-08-09,ES,quantile,0.150,156.50000000000003
2026-08-12,ARI incidence,1,2026-08-09,ES,quantile,0.200,163.10000000000005
2026-08-12,ARI incidence,1,2026-08-09,ES,quantile,0.250,171.30000000000004
2026-08-12,ARI incidence,1,2026-08-09,ES,quantile,0.300,178.70000000000002
2026-08-12,ARI incidence,1,2026-08-09,ES,quantile,0.350,183.20000000000002
2026-08-12,ARI incidence,1,2026-08-09,ES,quantile,0.400,188.10000000000005
2026-08-12,ARI incidence,1,2026-08-09,ES,quantile,0.450,194.29999999999998
2026-08-12,ARI incidence,1,2026-08-09,ES,quantile,0.500,199.29999999999998
2026-08-12,ARI incidence,1,2026-08-09,ES,quantile,0.550,203.50000000000003
2026-08-12,ARI incidence,1,2026-08-09,ES,quantile,0.600,209.69999999999996
2026-08-12,ARI incidence,1,2026-08-09,ES,quantile,0.650,215.20000000000002
2026-08-12,ARI incidence,1,2026-08-09,ES,quantile,0.700,219.1
2026-08-12,ARI incidence,1,2026-08-09,ES,quantile,0.750,226.49999999999997
2026-08-12,ARI incidence,1,2026-08-09,ES,quantile,0.800,234.4
2026-08-12,ARI incidence,1,2026-08-09,ES,quantile,0.850,241.29999999999998
2026-08-12,ARI incidence,1,2026-08-09,ES,quantile,0.900,265.20000000000005
2026-08-12,ARI incidence,1,2026-08-09,ES,quantile,0.950,300.5
2026-08-12,ARI incidence,1,2026-08-09,ES,quantile,0.975,326.30000000000007
2026-08-12,ARI incidence,1,2026-08-09,ES,quantile,0.990,391.4
2026-08-12,ARI incidence,1,2026-08-09,ES,median,,199.29999999999998
2026-08-12,ARI incidence,2,2026-08-16,ES,quantile,0.010,0.0
2026-08-12,ARI incidence,2,2026-08-16,ES,quantile,0.025,0.0
2026-08-12,ARI incidence,2,2026-08-16,ES,quantile,0.050,53.78
2026-08-12,ARI incidence,2,2026-08-16,ES,quantile,0.100,94.60000000000002
2026-08-12,ARI incidence,2,2026-08-16,ES,quantile,0.150,121.1
2026-08-12,ARI incidence,2,2026-08-16,ES,quantile,0.200,139.90000000000003
2026-08-12,ARI incidence,2,2026-08-16,ES,quantile,0.250,153.87499999999997
2026-08-12,ARI incidence,2,2026-08-16,ES,quantile,0.300,165.27
2026-08-12,ARI incidence,2,2026-08-16,ES,quantile,0.350,174.69999999999996
2026-08-12,ARI incidence,2,2026-08-16,ES,quantile,0.400,183.1
2026-08-12,ARI incidence,2,2026-08-16,ES,quantile,0.450,190.75500000000005
2026-08-12,ARI incidence,2,2026-08-16,ES,quantile,0.500,198.9
2026-08-12,ARI incidence,2,2026-08-16,ES,quantile,0.550,206.49999999999997
2026-08-12,ARI incidence,2,2026-08-16,ES,quantile,0.600,214.93999999999994
2026-08-12,ARI incidence,2,2026-08-16,ES,quantile,0.650,223.29999999999995
2026-08-12,ARI incidence,2,2026-08-16,ES,quantile,0.700,232.9
2026-08-12,ARI incidence,2,2026-08-16,ES,quantile,0.750,243.0
2026-08-12,ARI incidence,2,2026-08-16,ES,quantile,0.800,255.8000000000001
2026-08-12,ARI incidence,2,2026-08-16,ES,quantile,0.850,274.19999999999993
2026-08-12,ARI incidence,2,2026-08-16,ES,quantile,0.900,298.89999999999986
2026-08-12,ARI incidence,2,2026-08-16,ES,quantile,0.950,338.10499999999985
2026-08-12,ARI incidence,2,2026-08-16,ES,quantile,0.975,389.20249999999993
2026-08-12,ARI incidence,2,2026-08-16,ES,quantile,0.990,455.31900000000047
2026-08-12,ARI incidence,2,2026-08-16,ES,median,,198.9
2026-08-12,ARI incidence,3,2026-08-23,ES,quantile,0.010,0.0
2026-08-12,ARI incidence,3,2026-08-23,ES,quantile,0.025,0.0
2026-08-12,ARI incidence,3,2026-08-23,ES,quantile,0.050,17.785000000000053
2026-08-12,ARI incidence,3,2026-08-23,ES,quantile,0.100,70.07999999999996
2026-08-12,ARI incidence,3,2026-08-23,ES,quantile,0.150,99.185
2026-08-12,ARI incidence,3,2026-08-23,ES,quantile,0.200,120.40000000000002
2026-08-12,ARI incidence,3,2026-08-23,ES,quantile,0.250,138.175
2026-08-12,ARI incidence,3,2026-08-23,ES,quantile,0.300,152.30000000000004
2026-08-12,ARI incidence,3,2026-08-23,ES,quantile,0.350,164.66499999999996
2026-08-12,ARI incidence,3,2026-08-23,ES,quantile,0.400,176.90000000000003
2026-08-12,ARI incidence,3,2026-08-23,ES,quantile,0.450,186.79999999999993
2026-08-12,ARI incidence,3,2026-08-23,ES,quantile,0.500,198.0
2026-08-12,ARI incidence,3,2026-08-23,ES,quantile,0.550,209.20000000000002
2026-08-12,ARI incidence,3,2026-08-23,ES,quantile,0.600,220.10000000000002
2026-08-12,ARI incidence,3,2026-08-23,ES,quantile,0.650,231.69999999999996
2026-08-12,ARI incidence,3,2026-08-23,ES,quantile,0.700,244.93
2026-08-12,ARI incidence,3,2026-08-23,ES,quantile,0.750,259.4
2026-08-12,ARI incidence,3,2026-08-23,ES,quantile,0.800,276.0
2026-08-12,ARI incidence,3,2026-08-23,ES,quantile,0.850,297.0
2026-08-12,ARI incidence,3,2026-08-23,ES,quantile,0.900,327.5
2026-08-12,ARI incidence,3,2026-08-23,ES,quantile,0.950,376.8149999999998
2026-08-12,ARI incidence,3,2026-08-23,ES,quantile,0.975,436.00499999999994
2026-08-12,ARI incidence,3,2026-08-23,ES,quantile,0.990,495.2070000000002
2026-08-12,ARI incidence,3,2026-08-23,ES,median,,198.0
2026-08-12,ARI incidence,4,2026-08-30,ES,quantile,0.010,0.0
2026-08-12,ARI incidence,4,2026-08-30,ES,quantile,0.025,0.0
2026-08-12,ARI incidence,4,2026-08-30,ES,quantile,0.050,0.0
2026-08-12,ARI incidence,4,2026-08-30,ES,quantile,0.100,45.500000000000014
2026-08-12,ARI incidence,4,2026-08-30,ES,quantile,0.150,79.98499999999987
2026-08-12,ARI incidence,4,2026-08-30,ES,quantile,0.200,104.10000000000001
2026-08-12,ARI incidence,4,2026-08-30,ES,quantile,0.250,123.1
2026-08-12,ARI incidence,4,2026-08-30,ES,quantile,0.300,141.00000000000006
2026-08-12,ARI incidence,4,2026-08-30,ES,quantile,0.350,156.40000000000003
2026-08-12,ARI incidence,4,2026-08-30,ES,quantile,0.400,170.29999999999998
2026-08-12,ARI incidence,4,2026-08-30,ES,quantile,0.450,184.0
2026-08-12,ARI incidence,4,2026-08-30,ES,quantile,0.500,197.89999999999992
2026-08-12,ARI incidence,4,2026-08-30,ES,quantile,0.550,211.30000000000004
2026-08-12,ARI incidence,4,2026-08-30,ES,quantile,0.600,224.44
2026-08-12,ARI incidence,4,2026-08-30,ES,quantile,0.650,239.1999999999999
2026-08-12,ARI incidence,4,2026-08-30,ES,quantile,0.700,254.30000000000004
2026-08-12,ARI incidence,4,2026-08-30,ES,quantile,0.750,271.20000000000005
2026-08-12,ARI incidence,4,2026-08-30,ES,quantile,0.800,290.6
2026-08-12,ARI incidence,4,2026-08-30,ES,quantile,0.850,315.5
2026-08-12,ARI incidence,4,2026-08-30,ES,quantile,0.900,347.0999999999999
2026-08-12,ARI incidence,4,2026-08-30,ES,quantile,0.950,410.60499999999996
2026-08-12,ARI incidence,4,2026-08-30,ES,quantile,0.975,470.71499999999975
2026-08-12,ARI incidence,4,2026-08-30,ES,quantile,0.990,526.0080000000002
2026-08-12,ARI incidence,4,2026-08-30,ES,median,,197.89999999999992
2026-08-12,ARI incidence,1,2026-08-09,GB-ENG,quantile,0.010,24.146753162310887
2026-08-12,ARI incidence,1,2026-08-09,GB-ENG,quantile,0.025,58.13380663970827
2026-08-12,ARI incidence,1,2026-08-09,GB-ENG,quantile,0.050,78.7084585075971
2026-08-12,ARI incidence,1,2026-08-09,GB-ENG,quantile,0.100,100.32286764542408
2026-08-12,ARI incidence,1,2026-08-09,GB-ENG,quantile,0.150,117.10242247456965
2026-08-12,ARI incidence,1,2026-08-09,GB-ENG,quantile,0.200,128.76629615414663
2026-08-12,ARI incidence,1,2026-08-09,GB-ENG,quantile,0.250,138.1664524727007
2026-08-12,ARI incidence,1,2026-08-09,GB-ENG,quantile,0.300,145.47209256461724
2026-08-12,ARI incidence,1,2026-08-09,GB-ENG,quantile,0.350,151.7575859113935
2026-08-12,ARI incidence,1,2026-08-09,GB-ENG,quantile,0.400,156.9349896887136
2026-08-12,ARI incidence,1,2026-08-09,GB-ENG,quantile,0.450,161.9382782834536
2026-08-12,ARI incidence,1,2026-08-09,GB-ENG,quantile,0.500,165.99970131175
2026-08-12,ARI incidence,1,2026-08-09,GB-ENG,quantile,0.550,170.36918474991373
2026-08-12,ARI incidence,1,2026-08-09,GB-ENG,quantile,0.600,175.52004239581564
2026-08-12,ARI incidence,1,2026-08-09,GB-ENG,quantile,0.650,180.20152355976273
2026-08-12,ARI incidence,1,2026-08-09,GB-ENG,quantile,0.700,186.51040048874714
2026-08-12,ARI incidence,1,2026-08-09,GB-ENG,quantile,0.750,194.39703830446388
2026-08-12,ARI incidence,1,2026-08-09,GB-ENG,quantile,0.800,204.56925512128197
2026-08-12,ARI incidence,1,2026-08-09,GB-ENG,quantile,0.850,217.49027162728513
2026-08-12,ARI incidence,1,2026-08-09,GB-ENG,quantile,0.900,234.56511745300813
2026-08-12,ARI incidence,1,2026-08-09,GB-ENG,quantile,0.950,255.84431777528292
2026-08-12,ARI incidence,1,2026-08-09,GB-ENG,quantile,0.975,279.77122667240366
2026-08-12,ARI incidence,1,2026-08-09,GB-ENG,quantile,0.990,315.14165071047927
2026-08-12,ARI incidence,1,2026-08-09,GB-ENG,median,,165.99970131175
2026-08-12,ARI incidence,2,2026-08-16,GB-ENG,quantile,0.010,0.0
2026-08-12,ARI incidence,2,2026-08-16,GB-ENG,quantile,0.025,32.185207394303745
2026-08-12,ARI incidence,2,2026-08-16,GB-ENG,quantile,0.050,59.8368809393355
2026-08-12,ARI incidence,2,2026-08-16,GB-ENG,quantile,0.100,87.24928452823481
2026-08-12,ARI incidence,2,2026-08-16,GB-ENG,quantile,0.150,103.87719232069514
2026-08-12,ARI incidence,2,2026-08-16,GB-ENG,quantile,0.200,118.0967770497677
2026-08-12,ARI incidence,2,2026-08-16,GB-ENG,quantile,0.250,129.06055545934424
2026-08-12,ARI incidence,2,2026-08-16,GB-ENG,quantile,0.300,138.27296381396755
2026-08-12,ARI incidence,2,2026-08-16,GB-ENG,quantile,0.350,145.95162475950423
2026-08-12,ARI incidence,2,2026-08-16,GB-ENG,quantile,0.400,153.03579089901834
2026-08-12,ARI incidence,2,2026-08-16,GB-ENG,quantile,0.450,159.83219244657684
2026-08-12,ARI incidence,2,2026-08-16,GB-ENG,quantile,0.500,166.11656116739988
2026-08-12,ARI incidence,2,2026-08-16,GB-ENG,quantile,0.550,172.6439167370682
2026-08-12,ARI incidence,2,2026-08-16,GB-ENG,quantile,0.600,179.54183821596806
2026-08-12,ARI incidence,2,2026-08-16,GB-ENG,quantile,0.650,186.76140461553635
2026-08-12,ARI incidence,2,2026-08-16,GB-ENG,quantile,0.700,194.97815941353198
2026-08-12,ARI incidence,2,2026-08-16,GB-ENG,quantile,0.750,204.94740575887764
2026-08-12,ARI incidence,2,2026-08-16,GB-ENG,quantile,0.800,216.32803990930546
2026-08-12,ARI incidence,2,2026-08-16,GB-ENG,quantile,0.850,230.59582352269345
2026-08-12,ARI incidence,2,2026-08-16,GB-ENG,quantile,0.900,248.08547551344216
2026-08-12,ARI incidence,2,2026-08-16,GB-ENG,quantile,0.950,275.52681687873724
2026-08-12,ARI incidence,2,2026-08-16,GB-ENG,quantile,0.975,302.374104587484
2026-08-12,ARI incidence,2,2026-08-16,GB-ENG,quantile,0.990,336.2333789394262
2026-08-12,ARI incidence,2,2026-08-16,GB-ENG,median,,166.11656116739988
2026-08-12,ARI incidence,3,2026-08-23,GB-ENG,quantile,0.010,0.0
2026-08-12,ARI incidence,3,2026-08-23,GB-ENG,quantile,0.025,16.013743293750608
2026-08-12,ARI incidence,3,2026-08-23,GB-ENG,quantile,0.050,46.66877263012691
2026-08-12,ARI incidence,3,2026-08-23,GB-ENG,quantile,0.100,76.35050702530653
2026-08-12,ARI incidence,3,2026-08-23,GB-ENG,quantile,0.150,94.23685925804125
2026-08-12,ARI incidence,3,2026-08-23,GB-ENG,quantile,0.200,109.78075652039348
2026-08-12,ARI incidence,3,2026-08-23,GB-ENG,quantile,0.250,122.13336143589473
2026-08-12,ARI incidence,3,2026-08-23,GB-ENG,quantile,0.300,131.69686661101088
2026-08-12,ARI incidence,3,2026-08-23,GB-ENG,quantile,0.350,141.81856062383287
2026-08-12,ARI incidence,3,2026-08-23,GB-ENG,quantile,0.400,150.50472959499675
2026-08-12,ARI incidence,3,2026-08-23,GB-ENG,quantile,0.450,157.9972003368793
2026-08-12,ARI incidence,3,2026-08-23,GB-ENG,quantile,0.500,165.85145107726552
2026-08-12,ARI incidence,3,2026-08-23,GB-ENG,quantile,0.550,174.43411354379109
2026-08-12,ARI incidence,3,2026-08-23,GB-ENG,quantile,0.600,182.54550088347005
2026-08-12,ARI incidence,3,2026-08-23,GB-ENG,quantile,0.650,191.11171886435824
2026-08-12,ARI incidence,3,2026-08-23,GB-ENG,quantile,0.700,200.92453695042448
2026-08-12,ARI incidence,3,2026-08-23,GB-ENG,quantile,0.750,212.12932484543512
2026-08-12,ARI incidence,3,2026-08-23,GB-ENG,quantile,0.800,224.92685774939775
2026-08-12,ARI incidence,3,2026-08-23,GB-ENG,quantile,0.850,241.54416191720182
2026-08-12,ARI incidence,3,2026-08-23,GB-ENG,quantile,0.900,261.02532916333496
2026-08-12,ARI incidence,3,2026-08-23,GB-ENG,quantile,0.950,293.93000336864566
2026-08-12,ARI incidence,3,2026-08-23,GB-ENG,quantile,0.975,321.9687475519534
2026-08-12,ARI incidence,3,2026-08-23,GB-ENG,quantile,0.990,357.97906979104965
2026-08-12,ARI incidence,3,2026-08-23,GB-ENG,median,,165.85145107726552
2026-08-12,ARI incidence,4,2026-08-30,GB-ENG,quantile,0.010,0.0
2026-08-12,ARI incidence,4,2026-08-30,GB-ENG,quantile,0.025,0.0
2026-08-12,ARI incidence,4,2026-08-30,GB-ENG,quantile,0.050,29.820480089533113
2026-08-12,ARI incidence,4,2026-08-30,GB-ENG,quantile,0.100,64.99621491954711
2026-08-12,ARI incidence,4,2026-08-30,GB-ENG,quantile,0.150,84.97300540786782
2026-08-12,ARI incidence,4,2026-08-30,GB-ENG,quantile,0.200,100.88701951574075
2026-08-12,ARI incidence,4,2026-08-30,GB-ENG,quantile,0.250,114.36497761200805
2026-08-12,ARI incidence,4,2026-08-30,GB-ENG,quantile,0.300,126.63063973536627
2026-08-12,ARI incidence,4,2026-08-30,GB-ENG,quantile,0.350,136.98098091333208
2026-08-12,ARI incidence,4,2026-08-30,GB-ENG,quantile,0.400,146.81762629097256
2026-08-12,ARI incidence,4,2026-08-30,GB-ENG,quantile,0.450,156.32230796933797
2026-08-12,ARI incidence,4,2026-08-30,GB-ENG,quantile,0.500,165.68075757116708
2026-08-12,ARI incidence,4,2026-08-30,GB-ENG,quantile,0.550,175.22787086584876
2026-08-12,ARI incidence,4,2026-08-30,GB-ENG,quantile,0.600,184.57865190428444
2026-08-12,ARI incidence,4,2026-08-30,GB-ENG,quantile,0.650,195.08498735273855
2026-08-12,ARI incidence,4,2026-08-30,GB-ENG,quantile,0.700,206.17986110144733
2026-08-12,ARI incidence,4,2026-08-30,GB-ENG,quantile,0.750,218.83312321340188
2026-08-12,ARI incidence,4,2026-08-30,GB-ENG,quantile,0.800,233.02036696474386
2026-08-12,ARI incidence,4,2026-08-30,GB-ENG,quantile,0.850,249.56258636681207
2026-08-12,ARI incidence,4,2026-08-30,GB-ENG,quantile,0.900,271.2342228840463
2026-08-12,ARI incidence,4,2026-08-30,GB-ENG,quantile,0.950,306.8199145703675
2026-08-12,ARI incidence,4,2026-08-30,GB-ENG,quantile,0.975,338.8901560169251
2026-08-12,ARI incidence,4,2026-08-30,GB-ENG,quantile,0.990,376.3087939208603
2026-08-12,ARI incidence,4,2026-08-30,GB-ENG,median,,165.68075757116708
2026-08-12,ARI incidence,1,2026-08-09,GB-WLS,quantile,0.010,0.0
2026-08-12,ARI incidence,1,2026-08-09,GB-WLS,quantile,0.025,0.0
2026-08-12,ARI incidence,1,2026-08-09,GB-WLS,quantile,0.050,0.0
2026-08-12,ARI incidence,1,2026-08-09,GB-WLS,quantile,0.100,0.0
2026-08-12,ARI incidence,1,2026-08-09,GB-WLS,quantile,0.150,12.984458041616376
2026-08-12,ARI incidence,1,2026-08-09,GB-WLS,quantile,0.200,30.433886831985447
2026-08-12,ARI incidence,1,2026-08-09,GB-WLS,quantile,0.250,45.08576039618279
2026-08-12,ARI incidence,1,2026-08-09,GB-WLS,quantile,0.300,57.95791545075091
2026-08-12,ARI incidence,1,2026-08-09,GB-WLS,quantile,0.350,68.82333970416087
2026-08-12,ARI incidence,1,2026-08-09,GB-WLS,quantile,0.400,78.89378384839665
2026-08-12,ARI incidence,1,2026-08-09,GB-WLS,quantile,0.450,88.38831744694969
2026-08-12,ARI incidence,1,2026-08-09,GB-WLS,quantile,0.500,97.68481534365452
2026-08-12,ARI incidence,1,2026-08-09,GB-WLS,quantile,0.550,106.65733666601754
2026-08-12,ARI incidence,1,2026-08-09,GB-WLS,quantile,0.600,116.00284610413692
2026-08-12,ARI incidence,1,2026-08-09,GB-WLS,quantile,0.650,125.56192339411896
2026-08-12,ARI incidence,1,2026-08-09,GB-WLS,quantile,0.700,136.3511086920077
2026-08-12,ARI incidence,1,2026-08-09,GB-WLS,quantile,0.750,147.9660191430031
2026-08-12,ARI incidence,1,2026-08-09,GB-WLS,quantile,0.800,162.32247759399428
2026-08-12,ARI incidence,1,2026-08-09,GB-WLS,quantile,0.850,179.55961910629844
2026-08-12,ARI incidence,1,2026-08-09,GB-WLS,quantile,0.900,202.37076382020132
2026-08-12,ARI incidence,1,2026-08-09,GB-WLS,quantile,0.950,239.48519792259702
2026-08-12,ARI incidence,1,2026-08-09,GB-WLS,quantile,0.975,272.2882832596471
2026-08-12,ARI incidence,1,2026-08-09,GB-WLS,quantile,0.990,313.64901747797006
2026-08-12,ARI incidence,1,2026-08-09,GB-WLS,median,,97.68481534365452
2026-08-12,ARI incidence,2,2026-08-16,GB-WLS,quantile,0.010,0.0
2026-08-12,ARI incidence,2,2026-08-16,GB-WLS,quantile,0.025,0.0
2026-08-12,ARI incidence,2,2026-08-16,GB-WLS,quantile,0.050,0.0
2026-08-12,ARI incidence,2,2026-08-16,GB-WLS,quantile,0.100,0.0
2026-08-12,ARI incidence,2,2026-08-16,GB-WLS,quantile,0.150,0.0
2026-08-12,ARI incidence,2,2026-08-16,GB-WLS,quantile,0.200,19.152232511317887
2026-08-12,ARI incidence,2,2026-08-16,GB-WLS,quantile,0.250,35.495851706295205
2026-08-12,ARI incidence,2,2026-08-16,GB-WLS,quantile,0.300,49.045801459287524
2026-08-12,ARI incidence,2,2026-08-16,GB-WLS,quantile,0.350,62.8624733331229
2026-08-12,ARI incidence,2,2026-08-16,GB-WLS,quantile,0.400,74.47763182779047
2026-08-12,ARI incidence,2,2026-08-16,GB-WLS,quantile,0.450,85.36316514071305
2026-08-12,ARI incidence,2,2026-08-16,GB-WLS,quantile,0.500,96.41744922977567
2026-08-12,ARI incidence,2,2026-08-16,GB-WLS,quantile,0.550,107.62693137620195
2026-08-12,ARI incidence,2,2026-08-16,GB-WLS,quantile,0.600,119.20459704114906
2026-08-12,ARI incidence,2,2026-08-16,GB-WLS,quantile,0.650,130.36817549132567
2026-08-12,ARI incidence,2,2026-08-16,GB-WLS,quantile,0.700,143.36744638342387
2026-08-12,ARI incidence,2,2026-08-16,GB-WLS,quantile,0.750,157.0391691770286
2026-08-12,ARI incidence,2,2026-08-16,GB-WLS,quantile,0.800,173.15681433400394
2026-08-12,ARI incidence,2,2026-08-16,GB-WLS,quantile,0.850,192.36649804099787
2026-08-12,ARI incidence,2,2026-08-16,GB-WLS,quantile,0.900,219.60107107382282
2026-08-12,ARI incidence,2,2026-08-16,GB-WLS,quantile,0.950,258.9802654654154
2026-08-12,ARI incidence,2,2026-08-16,GB-WLS,quantile,0.975,294.1779906988142
2026-08-12,ARI incidence,2,2026-08-16,GB-WLS,quantile,0.990,341.5473307706732
2026-08-12,ARI incidence,2,2026-08-16,GB-WLS,median,,96.41744922977567
2026-08-12,ARI incidence,3,2026-08-23,GB-WLS,quantile,0.010,0.0
2026-08-12,ARI incidence,3,2026-08-23,GB-WLS,quantile,0.025,0.0
2026-08-12,ARI incidence,3,2026-08-23,GB-WLS,quantile,0.050,0.0
2026-08-12,ARI incidence,3,2026-08-23,GB-WLS,quantile,0.100,0.0
2026-08-12,ARI incidence,3,2026-08-23,GB-WLS,quantile,0.150,0.0
2026-08-12,ARI incidence,3,2026-08-23,GB-WLS,quantile,0.200,8.485589226957462
2026-08-12,ARI incidence,3,2026-08-23,GB-WLS,quantile,0.250,26.66764063754066
2026-08-12,ARI incidence,3,2026-08-23,GB-WLS,quantile,0.300,41.669987115197245
2026-08-12,ARI incidence,3,2026-08-23,GB-WLS,quantile,0.350,56.2443329465262
2026-08-12,ARI incidence,3,2026-08-23,GB-WLS,quantile,0.400,69.36044338893028
2026-08-12,ARI incidence,3,2026-08-23,GB-WLS,quantile,0.450,82.0317339342711
2026-08-12,ARI incidence,3,2026-08-23,GB-WLS,quantile,0.500,94.81692995120585
2026-08-12,ARI incidence,3,2026-08-23,GB-WLS,quantile,0.550,107.93279781939081
2026-08-12,ARI incidence,3,2026-08-23,GB-WLS,quantile,0.600,121.73445139928707
2026-08-12,ARI incidence,3,2026-08-23,GB-WLS,quantile,0.650,134.54310847485004
2026-08-12,ARI incidence,3,2026-08-23,GB-WLS,quantile,0.700,149.73606178494143
2026-08-12,ARI incidence,3,2026-08-23,GB-WLS,quantile,0.750,166.32732169455818
2026-08-12,ARI incidence,3,2026-08-23,GB-WLS,quantile,0.800,185.3831481884331
2026-08-12,ARI incidence,3,2026-08-23,GB-WLS,quantile,0.850,207.8122575633775
2026-08-12,ARI incidence,3,2026-08-23,GB-WLS,quantile,0.900,234.53446676292003
2026-08-12,ARI incidence,3,2026-08-23,GB-WLS,quantile,0.950,277.6858642385342
2026-08-12,ARI incidence,3,2026-08-23,GB-WLS,quantile,0.975,316.91299089370307
2026-08-12,ARI incidence,3,2026-08-23,GB-WLS,quantile,0.990,363.7223817519327
2026-08-12,ARI incidence,3,2026-08-23,GB-WLS,median,,94.81692995120585
2026-08-12,ARI incidence,4,2026-08-30,GB-WLS,quantile,0.010,0.0
2026-08-12,ARI incidence,4,2026-08-30,GB-WLS,quantile,0.025,0.0
2026-08-12,ARI incidence,4,2026-08-30,GB-WLS,quantile,0.050,0.0
2026-08-12,ARI incidence,4,2026-08-30,GB-WLS,quantile,0.100,0.0
2026-08-12,ARI incidence,4,2026-08-30,GB-WLS,quantile,0.150,0.0
2026-08-12,ARI incidence,4,2026-08-30,GB-WLS,quantile,0.200,0.15218138968966693
2026-08-12,ARI incidence,4,2026-08-30,GB-WLS,quantile,0.250,20.421069482102943
2026-08-12,ARI incidence,4,2026-08-30,GB-WLS,quantile,0.300,36.19136200713789
2026-08-12,ARI incidence,4,2026-08-30,GB-WLS,quantile,0.350,51.73972418181354
2026-08-12,ARI incidence,4,2026-08-30,GB-WLS,quantile,0.400,65.9248536175963
2026-08-12,ARI incidence,4,2026-08-30,GB-WLS,quantile,0.450,81.08072880571551
2026-08-12,ARI incidence,4,2026-08-30,GB-WLS,quantile,0.500,94.713603613734
2026-08-12,ARI incidence,4,2026-08-30,GB-WLS,quantile,0.550,109.65647968233279
2026-08-12,ARI incidence,4,2026-08-30,GB-WLS,quantile,0.600,123.16580253212308
2026-08-12,ARI incidence,4,2026-08-30,GB-WLS,quantile,0.650,138.85678271831836
2026-08-12,ARI incidence,4,2026-08-30,GB-WLS,quantile,0.700,154.56251373339856
2026-08-12,ARI incidence,4,2026-08-30,GB-WLS,quantile,0.750,173.12782767679096
2026-08-12,ARI incidence,4,2026-08-30,GB-WLS,quantile,0.800,194.37167524946526
2026-08-12,ARI incidence,4,2026-08-30,GB-WLS,quantile,0.850,219.92117840500424
2026-08-12,ARI incidence,4,2026-08-30,GB-WLS,quantile,0.900,249.66296204685233
2026-08-12,ARI incidence,4,2026-08-30,GB-WLS,quantile,0.950,295.6959069738495
2026-08-12,ARI incidence,4,2026-08-30,GB-WLS,quantile,0.975,338.7917167335029
2026-08-12,ARI incidence,4,2026-08-30,GB-WLS,quantile,0.990,386.9762662262886
2026-08-12,ARI incidence,4,2026-08-30,GB-WLS,median,,94.713603613734
2026-08-12,ARI incidence,1,2026-08-09,GB-NIR,quantile,0.010,24.595725207400378
2026-08-12,ARI incidence,1,2026-08-09,GB-NIR,quantile,0.025,48.50856843153721
2026-08-12,ARI incidence,1,2026-08-09,GB-NIR,quantile,0.050,61.67075114783016
2026-08-12,ARI incidence,1,2026-08-09,GB-NIR,quantile,0.100,73.82447872317495
2026-08-12,ARI incidence,1,2026-08-09,GB-NIR,quantile,0.150,82.73722528044838
2026-08-12,ARI incidence,1,2026-08-09,GB-NIR,quantile,0.200,87.61656291126003
2026-08-12,ARI incidence,1,2026-08-09,GB-NIR,quantile,0.250,91.05032759283434
2026-08-12,ARI incidence,1,2026-08-09,GB-NIR,quantile,0.300,96.86912469870002
2026-08-12,ARI incidence,1,2026-08-09,GB-NIR,quantile,0.350,99.13621155998065
2026-08-12,ARI incidence,1,2026-08-09,GB-NIR,quantile,0.400,101.93628765216228
2026-08-12,ARI incidence,1,2026-08-09,GB-NIR,quantile,0.450,103.40595898673558
2026-08-12,ARI incidence,1,2026-08-09,GB-NIR,quantile,0.500,106.04105893804122
2026-08-12,ARI incidence,1,2026-08-09,GB-NIR,quantile,0.550,108.8295688320415
2026-08-12,ARI incidence,1,2026-08-09,GB-NIR,quantile,0.600,109.87517520432824
2026-08-12,ARI incidence,1,2026-08-09,GB-NIR,quantile,0.650,112.376847507267
2026-08-12,ARI incidence,1,2026-08-09,GB-NIR,quantile,0.700,114.42140819447546
2026-08-12,ARI incidence,1,2026-08-09,GB-NIR,quantile,0.750,120.55732976751904
2026-08-12,ARI incidence,1,2026-08-09,GB-NIR,quantile,0.800,124.19489994523049
2026-08-12,ARI incidence,1,2026-08-09,GB-NIR,quantile,0.850,128.0280041724398
2026-08-12,ARI incidence,1,2026-08-09,GB-NIR,quantile,0.900,137.98698413331556
2026-08-12,ARI incidence,1,2026-08-09,GB-NIR,quantile,0.950,150.14071170866038
2026-08-12,ARI incidence,1,2026-08-09,GB-NIR,quantile,0.975,163.3028944249533
2026-08-12,ARI incidence,1,2026-08-09,GB-NIR,quantile,0.990,187.21573764909016
2026-08-12,ARI incidence,1,2026-08-09,GB-NIR,median,,106.04105893804122
2026-08-12,ARI incidence,2,2026-08-16,GB-NIR,quantile,0.010,11.63912538891062
2026-08-12,ARI incidence,2,2026-08-16,GB-NIR,quantile,0.025,29.523999041427015
2026-08-12,ARI incidence,2,2026-08-16,GB-NIR,quantile,0.050,44.66558462201304
2026-08-12,ARI incidence,2,2026-08-16,GB-NIR,quantile,0.100,61.38689092776731
2026-08-12,ARI incidence,2,2026-08-16,GB-NIR,quantile,0.150,70.7699084026143
2026-08-12,ARI incidence,2,2026-08-16,GB-NIR,quantile,0.200,78.26115538325227
2026-08-12,ARI incidence,2,2026-08-16,GB-NIR,quantile,0.250,84.09111952718459
2026-08-12,ARI incidence,2,2026-08-16,GB-NIR,quantile,0.300,89.12353719552993
2026-08-12,ARI incidence,2,2026-08-16,GB-NIR,quantile,0.350,93.86670682141276
2026-08-12,ARI incidence,2,2026-08-16,GB-NIR,quantile,0.400,98.50971645495703
2026-08-12,ARI incidence,2,2026-08-16,GB-NIR,quantile,0.450,102.66262252086558
2026-08-12,ARI incidence,2,2026-08-16,GB-NIR,quantile,0.500,105.90573142824526
2026-08-12,ARI incidence,2,2026-08-16,GB-NIR,quantile,0.550,109.74596002576868
2026-08-12,ARI incidence,2,2026-08-16,GB-NIR,quantile,0.600,113.83994141106774
2026-08-12,ARI incidence,2,2026-08-16,GB-NIR,quantile,0.650,118.1157589391568
2026-08-12,ARI incidence,2,2026-08-16,GB-NIR,quantile,0.700,123.21843576449608
2026-08-12,ARI incidence,2,2026-08-16,GB-NIR,quantile,0.750,128.2449109796201
2026-08-12,ARI incidence,2,2026-08-16,GB-NIR,quantile,0.800,134.18638218541764
2026-08-12,ARI incidence,2,2026-08-16,GB-NIR,quantile,0.850,141.75618852494776
2026-08-12,ARI incidence,2,2026-08-16,GB-NIR,quantile,0.900,150.80941653747865
2026-08-12,ARI incidence,2,2026-08-16,GB-NIR,quantile,0.950,167.36385235375906
2026-08-12,ARI incidence,2,2026-08-16,GB-NIR,quantile,0.975,183.16048252781542
2026-08-12,ARI incidence,2,2026-08-16,GB-NIR,quantile,0.990,200.39500385404125
2026-08-12,ARI incidence,2,2026-08-16,GB-NIR,median,,105.90573142824526
2026-08-12,ARI incidence,3,2026-08-23,GB-NIR,quantile,0.010,0.0
2026-08-12,ARI incidence,3,2026-08-23,GB-NIR,quantile,0.025,14.928528331333542
2026-08-12,ARI incidence,3,2026-08-23,GB-NIR,quantile,0.050,31.763419489639414
2026-08-12,ARI incidence,3,2026-08-23,GB-NIR,quantile,0.100,50.57181231982259
2026-08-12,ARI incidence,3,2026-08-23,GB-NIR,quantile,0.150,61.92347790267544
2026-08-12,ARI incidence,3,2026-08-23,GB-NIR,quantile,0.200,70.73771277274483
2026-08-12,ARI incidence,3,2026-08-23,GB-NIR,quantile,0.250,77.99200149759609
2026-08-12,ARI incidence,3,2026-08-23,GB-NIR,quantile,0.300,84.47474981031108
2026-08-12,ARI incidence,3,2026-08-23,GB-NIR,quantile,0.350,90.34633583346897
2026-08-12,ARI incidence,3,2026-08-23,GB-NIR,quantile,0.400,95.73316222762291
2026-08-12,ARI incidence,3,2026-08-23,GB-NIR,quantile,0.450,100.9237457890038
2026-08-12,ARI incidence,3,2026-08-23,GB-NIR,quantile,0.500,106.23147263168016
2026-08-12,ARI incidence,3,2026-08-23,GB-NIR,quantile,0.550,111.47234596578623
2026-08-12,ARI incidence,3,2026-08-23,GB-NIR,quantile,0.600,117.11418995008495
2026-08-12,ARI incidence,3,2026-08-23,GB-NIR,quantile,0.650,122.61895660455177
2026-08-12,ARI incidence,3,2026-08-23,GB-NIR,quantile,0.700,128.0238586297636
2026-08-12,ARI incidence,3,2026-08-23,GB-NIR,quantile,0.750,134.39427481263445
2026-08-12,ARI incidence,3,2026-08-23,GB-NIR,quantile,0.800,141.53362171293156
2026-08-12,ARI incidence,3,2026-08-23,GB-NIR,quantile,0.850,150.8312707082203
2026-08-12,ARI incidence,3,2026-08-23,GB-NIR,quantile,0.900,161.85428829978363
2026-08-12,ARI incidence,3,2026-08-23,GB-NIR,quantile,0.950,180.01767028989406
2026-08-12,ARI incidence,3,2026-08-23,GB-NIR,quantile,0.975,195.85452180955485
2026-08-12,ARI incidence,3,2026-08-23,GB-NIR,quantile,0.990,216.35881624451935
2026-08-12,ARI incidence,3,2026-08-23,GB-NIR,median,,106.23147263168016
2026-08-12,ARI incidence,4,2026-08-30,GB-NIR,quantile,0.010,0.0
2026-08-12,ARI incidence,4,2026-08-30,GB-NIR,quantile,0.025,2.2137433439863825
2026-08-12,ARI incidence,4,2026-08-30,GB-NIR,quantile,0.050,21.360003344804927
2026-08-12,ARI incidence,4,2026-08-30,GB-NIR,quantile,0.100,41.8044038918414
2026-08-12,ARI incidence,4,2026-08-30,GB-NIR,quantile,0.150,55.10919202184075
2026-08-12,ARI incidence,4,2026-08-30,GB-NIR,quantile,0.200,64.27250258173967
2026-08-12,ARI incidence,4,2026-08-30,GB-NIR,quantile,0.250,73.13847166819663
2026-08-12,ARI incidence,4,2026-08-30,GB-NIR,quantile,0.300,80.93567482931932
2026-08-12,ARI incidence,4,2026-08-30,GB-NIR,quantile,0.350,87.68672157476233
2026-08-12,ARI incidence,4,2026-08-30,GB-NIR,quantile,0.400,93.86516943687764
2026-08-12,ARI incidence,4,2026-08-30,GB-NIR,quantile,0.450,100.52671230491221
2026-08-12,ARI incidence,4,2026-08-30,GB-NIR,quantile,0.500,106.60639886232399
2026-08-12,ARI incidence,4,2026-08-30,GB-NIR,quantile,0.550,112.97521791161886
2026-08-12,ARI incidence,4,2026-08-30,GB-NIR,quantile,0.600,118.92104746238329
2026-08-12,ARI incidence,4,2026-08-30,GB-NIR,quantile,0.650,125.47157505856478
2026-08-12,ARI incidence,4,2026-08-30,GB-NIR,quantile,0.700,132.04640033949912
2026-08-12,ARI incidence,4,2026-08-30,GB-NIR,quantile,0.750,139.47188180287077
2026-08-12,ARI incidence,4,2026-08-30,GB-NIR,quantile,0.800,147.92147636521608
2026-08-12,ARI incidence,4,2026-08-30,GB-NIR,quantile,0.850,158.4137545261585
2026-08-12,ARI incidence,4,2026-08-30,GB-NIR,quantile,0.900,171.25772233391137
2026-08-12,ARI incidence,4,2026-08-30,GB-NIR,quantile,0.950,190.83712499004218
2026-08-12,ARI incidence,4,2026-08-30,GB-NIR,quantile,0.975,209.30304844657164
2026-08-12,ARI incidence,4,2026-08-30,GB-NIR,quantile,0.990,232.53328951517557
2026-08-12,ARI incidence,4,2026-08-30,GB-NIR,median,,106.60639886232399
