origin_date,target,target_end_date,horizon,location,output_type,output_type_id,value
2026-08-19,ARI incidence,2026-08-16,1,BE,median,,272.75331773123605
2026-08-19,ARI incidence,2026-08-16,1,BE,quantile,0.01,0.0
2026-08-19,ARI incidence,2026-08-16,1,BE,quantile,0.025,0.0
2026-08-19,ARI incidence,2026-08-16,1,BE,quantile,0.05,0.0
2026-08-19,ARI incidence,2026-08-16,1,BE,quantile,0.1,39.643899756194685
2026-08-19,ARI incidence,2026-08-16,1,BE,quantile,0.15,84.22997564306434
2026-08-19,ARI incidence,2026-08-16,1,BE,quantile,0.2,119.6655753505799
2026-08-19,ARI incidence,2026-08-16,1,BE,quantile,0.25,150.06616465400174
2026-08-19,ARI incidence,2026-08-16,1,BE,quantile,0.3,177.36683341818605
2026-08-19,ARI incidence,2026-08-16,1,BE,quantile,0.35,202.66497164118275
2026-08-19,ARI incidence,2026-08-16,1,BE,quantile,0.4,226.67043090447595
2026-08-19,ARI incidence,2026-08-16,1,BE,quantile,0.45,249.89599055462884
2026-08-19,ARI incidence,2026-08-16,1,BE,quantile,0.5,272.75331773123605
2026-08-19,ARI incidence,2026-08-16,1,BE,quantile,0.55,295.61064490784327
2026-08-19,ARI incidence,2026-08-16,1,BE,quantile,0.6,318.83620455799615
2026-08-19,ARI incidence,2026-08-16,1,BE,quantile,0.65,342.84166382128933
2026-08-19,ARI incidence,2026-08-16,1,BE,quantile,0.7,368.139802044286
2026-08-19,ARI incidence,2026-08-16,1,BE,quantile,0.75,395.44047080847037
2026-08-19,ARI incidence,2026-08-16,1,BE,quantile,0.8,425.84106011189226
2026-08-19,ARI incidence,2026-08-16,1,BE,quantile,0.85,461.27665981940777
2026-08-19,ARI incidence,2026-08-16,1,BE,quantile,0.9,505.8627357062774
2026-08-19,ARI incidence,2026-08-16,1,BE,quantile,0.95,571.946016598451
2026-08-19,ARI incidence,2026-08-16,1,BE,quantile,0.975,629.2634075098081
2026-08-19,ARI incidence,2026-08-16,1,BE,quantile,0.99,695.907261361031
2026-08-19,ARI incidence,2026-08-23,2,BE,median,,609.0890404311449
2026-08-19,ARI incidence,2026-08-23,2,BE,quantile,0.01,0.0
2026-08-19,ARI incidence,2026-08-23,2,BE,quantile,0.025,78.53641544495883
2026-08-19,ARI incidence,2026-08-23,2,BE,quantile,0.05,163.83524169772318
2026-08-19,ARI incidence,2026-08-23,2,BE,quantile,0.1,262.1793254986006
2026-08-19,ARI incidence,2026-08-23,2,BE,quantile,0.15,328.5316119494672
2026-08-19,ARI incidence,2026-08-23,2,BE,quantile,0.2,381.2663058103311
2026-08-19,ARI incidence,2026-08-23,2,BE,quantile,0.25,426.50797755677513
2026-08-19,ARI incidence,2026-08-23,2,BE,quantile,0.3,467.136397037729
2026-08-19,ARI incidence,2026-08-23,2,BE,quantile,0.35,504.7846825317262
2026-08-19,ARI incidence,2026-08-23,2,BE,quantile,0.4,540.5092238316641
2026-08-19,ARI incidence,2026-08-23,2,BE,quantile,0.45,575.0731309761022
2026-08-19,ARI incidence,2026-08-23,2,BE,quantile,0.5,609.0890404311449
2026-08-19,ARI incidence,2026-08-23,2,BE,quantile,0.55,643.1049498861876
2026-08-19,ARI incidence,2026-08-23,2,BE,quantile,0.6,677.6688570306256
2026-08-19,ARI incidence,2026-08-23,2,BE,quantile,0.65,713.3933983305636
2026-08-19,ARI incidence,2026-08-23,2,BE,quantile,0.7,751.0416838245608
2026-08-19,ARI incidence,2026-08-23,2,BE,quantile,0.75,791.6701033055147
2026-08-19,ARI incidence,2026-08-23,2,BE,quantile,0.8,836.9117750519588
2026-08-19,ARI incidence,2026-08-23,2,BE,quantile,0.85,889.6464689128226
2026-08-19,ARI incidence,2026-08-23,2,BE,quantile,0.9,955.9987553636893
2026-08-19,ARI incidence,2026-08-23,2,BE,quantile,0.95,1054.3428391645664
2026-08-19,ARI incidence,2026-08-23,2,BE,quantile,0.975,1139.6416654173308
2026-08-19,ARI incidence,2026-08-23,2,BE,quantile,0.99,1238.8199849479868
2026-08-19,ARI incidence,2026-08-30,3,BE,median,,944.9188936054919
2026-08-19,ARI incidence,2026-08-30,3,BE,quantile,0.01,0.0
2026-08-19,ARI incidence,2026-08-30,3,BE,quantile,0.025,110.64385854001398
2026-08-19,ARI incidence,2026-08-30,3,BE,quantile,0.05,244.77321331405153
2026-08-19,ARI incidence,2026-08-30,3,BE,quantile,0.1,399.41576920300895
2026-08-19,ARI incidence,2026-08-30,3,BE,quantile,0.15,503.7523674941072
2026-08-19,ARI incidence,2026-08-30,3,BE,quantile,0.2,586.6757882783978
2026-08-19,ARI incidence,2026-08-30,3,BE,quantile,0.25,657.816699669927
2026-08-19,ARI incidence,2026-08-30,3,BE,quantile,0.3,721.703436801819
2026-08-19,ARI incidence,2026-08-30,3,BE,quantile,0.35,780.9040197816457
2026-08-19,ARI incidence,2026-08-30,3,BE,quantile,0.4,837.0795837918696
2026-08-19,ARI incidence,2026-08-30,3,BE,quantile,0.45,891.4300920862671
2026-08-19,ARI incidence,2026-08-30,3,BE,quantile,0.5,944.9188936054919
2026-08-19,ARI incidence,2026-08-30,3,BE,quantile,0.55,998.4076951247168
2026-08-19,ARI incidence,2026-08-30,3,BE,quantile,0.6,1052.7582034191141
2026-08-19,ARI incidence,2026-08-30,3,BE,quantile,0.65,1108.933767429338
2026-08-19,ARI incidence,2026-08-30,3,BE,quantile,0.7,1168.1343504091649
2026-08-19,ARI incidence,2026-08-30,3,BE,quantile,0.75,1232.0210875410569
2026-08-19,ARI incidence,2026-08-30,3,BE,quantile,0.8,1303.1619989325861
2026-08-19,ARI incidence,2026-08-30,3,BE,quantile,0.85,1386.0854197168767
2026-08-19,ARI incidence,2026-08-30,3,BE,quantile,0.9,1490.4220180079749
2026-08-19,ARI incidence,2026-08-30,3,BE,quantile,0.95,1645.064573896932
2026-08-19,ARI incidence,2026-08-30,3,BE,quantile,0.975,1779.1939286709696
2026-08-19,ARI incidence,2026-08-30,3,BE,quantile,0.99,1935.148290420339
2026-08-19,ARI incidence,2026-09-06,4,BE,median,,1138.5562749467078
2026-08-19,ARI incidence,2026-09-06,4,BE,quantile,0.01,0.0
2026-08-19,ARI incidence,2026-09-06,4,BE,quantile,0.025,0.0
2026-08-19,ARI incidence,2026-09-06,4,BE,quantile,0.05,147.67920287569348
2026-08-19,ARI incidence,2026-09-06,4,BE,quantile,0.1,366.53617408923367
2026-08-19,ARI incidence,2026-09-06,4,BE,quantile,0.15,514.1979335412071
2026-08-19,ARI incidence,2026-09-06,4,BE,quantile,0.2,631.5548189806033
2026-08-19,ARI incidence,2026-09-06,4,BE,quantile,0.25,732.2365770323834
2026-08-19,ARI incidence,2026-09-06,4,BE,quantile,0.3,822.6519074634289
2026-08-19,ARI incidence,2026-09-06,4,BE,quantile,0.35,906.4351856856556
2026-08-19,ARI incidence,2026-09-06,4,BE,quantile,0.4,985.9373235339079
2026-08-19,ARI incidence,2026-09-06,4,BE,quantile,0.45,1062.8565619728377
2026-08-19,ARI incidence,2026-09-06,4,BE,quantile,0.5,1138.5562749467078
2026-08-19,ARI incidence,2026-09-06,4,BE,quantile,0.55,1214.2559879205783
2026-08-19,ARI incidence,2026-09-06,4,BE,quantile,0.6,1291.1752263595076
2026-08-19,ARI incidence,2026-09-06,4,BE,quantile,0.65,1370.67736420776
2026-08-19,ARI incidence,2026-09-06,4,BE,quantile,0.7,1454.4606424299866
2026-08-19,ARI incidence,2026-09-06,4,BE,quantile,0.75,1544.8759728610323
2026-08-19,ARI incidence,2026-09-06,4,BE,quantile,0.8,1645.5577309128125
2026-08-19,ARI incidence,2026-09-06,4,BE,quantile,0.85,1762.9146163522087
2026-08-19,ARI incidence,2026-09-06,4,BE,quantile,0.9,1910.5763758041821
2026-08-19,ARI incidence,2026-09-06,4,BE,quantile,0.95,2129.4333470177216
2026-08-19,ARI incidence,2026-09-06,4,BE,quantile,0.975,2319.259130534589
2026-08-19,ARI incidence,2026-09-06,4,BE,quantile,0.99,2539.972627306567
2026-08-19,ARI incidence,2026-08-16,1,BG,median,,202.93133442805959
2026-08-19,ARI incidence,2026-08-16,1,BG,quantile,0.01,0.0
2026-08-19,ARI incidence,2026-08-16,1,BG,quantile,0.025,0.0
2026-08-19,ARI incidence,2026-08-16,1,BG,quantile,0.05,0.0
2026-08-19,ARI incidence,2026-08-16,1,BG,quantile,0.1,36.601698727023916
2026-08-19,ARI incidence,2026-08-16,1,BG,quantile,0.15,68.41502409166353
2026-08-19,ARI incidence,2026-08-16,1,BG,quantile,0.2,93.699246588542
2026-08-19,ARI incidence,2026-08-16,1,BG,quantile,0.25,115.3908581410034
2026-08-19,ARI incidence,2026-08-16,1,BG,quantile,0.3,134.87059572255237
2026-08-19,ARI incidence,2026-08-16,1,BG,quantile,0.35,152.92147565309216
2026-08-19,ARI incidence,2026-08-16,1,BG,quantile,0.4,170.04999550777737
2026-08-19,ARI incidence,2026-08-16,1,BG,quantile,0.45,186.62203669393065
2026-08-19,ARI incidence,2026-08-16,1,BG,quantile,0.5,202.93133442805959
2026-08-19,ARI incidence,2026-08-16,1,BG,quantile,0.55,219.24063216218855
2026-08-19,ARI incidence,2026-08-16,1,BG,quantile,0.6,235.8126733483418
2026-08-19,ARI incidence,2026-08-16,1,BG,quantile,0.65,252.941193203027
2026-08-19,ARI incidence,2026-08-16,1,BG,quantile,0.7,270.9920731335668
2026-08-19,ARI incidence,2026-08-16,1,BG,quantile,0.75,290.4718107151158
2026-08-19,ARI incidence,2026-08-16,1,BG,quantile,0.8,312.1634222675772
2026-08-19,ARI incidence,2026-08-16,1,BG,quantile,0.85,337.4476447644556
2026-08-19,ARI incidence,2026-08-16,1,BG,quantile,0.9,369.26097012909526
2026-08-19,ARI incidence,2026-08-16,1,BG,quantile,0.95,416.41311066552475
2026-08-19,ARI incidence,2026-08-16,1,BG,quantile,0.975,457.310560594556
2026-08-19,ARI incidence,2026-08-16,1,BG,quantile,0.99,504.862684524503
2026-08-19,ARI incidence,2026-08-23,2,BG,median,,202.93133442805959
2026-08-19,ARI incidence,2026-08-23,2,BG,quantile,0.01,0.0
2026-08-19,ARI incidence,2026-08-23,2,BG,quantile,0.025,0.0
2026-08-19,ARI incidence,2026-08-23,2,BG,quantile,0.05,0.0
2026-08-19,ARI incidence,2026-08-23,2,BG,quantile,0.1,36.601698727023916
2026-08-19,ARI incidence,2026-08-23,2,BG,quantile,0.15,68.41502409166353
2026-08-19,ARI incidence,2026-08-23,2,BG,quantile,0.2,93.699246588542
2026-08-19,ARI incidence,2026-08-23,2,BG,quantile,0.25,115.3908581410034
2026-08-19,ARI incidence,2026-08-23,2,BG,quantile,0.3,134.87059572255237
2026-08-19,ARI incidence,2026-08-23,2,BG,quantile,0.35,152.92147565309216
2026-08-19,ARI incidence,2026-08-23,2,BG,quantile,0.4,170.04999550777737
2026-08-19,ARI incidence,2026-08-23,2,BG,quantile,0.45,186.62203669393065
2026-08-19,ARI incidence,2026-08-23,2,BG,quantile,0.5,202.93133442805959
2026-08-19,ARI incidence,2026-08-23,2,BG,quantile,0.55,219.24063216218855
2026-08-19,ARI incidence,2026-08-23,2,BG,quantile,0.6,235.8126733483418
2026-08-19,ARI incidence,2026-08-23,2,BG,quantile,0.65,252.941193203027
2026-08-19,ARI incidence,2026-08-23,2,BG,quantile,0.7,270.9920731335668
2026-08-19,ARI incidence,2026-08-23,2,BG,quantile,0.75,290.4718107151158
2026-08-19,ARI incidence,2026-08-23,2,BG,quantile,0.8,312.1634222675772
2026-08-19,ARI incidence,2026-08-23,2,BG,quantile,0.85,337.4476447644556
2026-08-19,ARI incidence,2026-08-23,2,BG,quantile,0.9,369.26097012909526
2026-08-19,ARI incidence,2026-08-23,2,BG,quantile,0.95,416.41311066552475
2026-08-19,ARI incidence,2026-08-23,2,BG,quantile,0.975,457.310560594556
2026-08-19,ARI incidence,2026-08-23,2,BG,quantile,0.99,504.862684524503
2026-08-19,ARI incidence,2026-08-30,3,BG,median,,202.93133442805959
2026-08-19,ARI incidence,2026-08-30,3,BG,quantile,0.01,0.0
2026-08-19,ARI incidence,2026-08-30,3,BG,quantile,0.025,0.0
2026-08-19,ARI incidence,2026-08-30,3,BG,quantile,0.05,0.0
2026-08-19,ARI incidence,2026-08-30,3,BG,quantile,0.1,36.601698727023916
2026-08-19,ARI incidence,2026-08-30,3,BG,quantile,0.15,68.41502409166353
2026-08-19,ARI incidence,2026-08-30,3,BG,quantile,0.2,93.699246588542
2026-08-19,ARI incidence,2026-08-30,3,BG,quantile,0.25,115.3908581410034
2026-08-19,ARI incidence,2026-08-30,3,BG,quantile,0.3,134.87059572255237
2026-08-19,ARI incidence,2026-08-30,3,BG,quantile,0.35,152.92147565309216
2026-08-19,ARI incidence,2026-08-30,3,BG,quantile,0.4,170.04999550777737
2026-08-19,ARI incidence,2026-08-30,3,BG,quantile,0.45,186.62203669393065
2026-08-19,ARI incidence,2026-08-30,3,BG,quantile,0.5,202.93133442805959
2026-08-19,ARI incidence,2026-08-30,3,BG,quantile,0.55,219.24063216218855
2026-08-19,ARI incidence,2026-08-30,3,BG,quantile,0.6,235.8126733483418
2026-08-19,ARI incidence,2026-08-30,3,BG,quantile,0.65,252.941193203027
2026-08-19,ARI incidence,2026-08-30,3,BG,quantile,0.7,270.9920731335668
2026-08-19,ARI incidence,2026-08-30,3,BG,quantile,0.75,290.4718107151158
2026-08-19,ARI incidence,2026-08-30,3,BG,quantile,0.8,312.1634222675772
2026-08-19,ARI incidence,2026-08-30,3,BG,quantile,0.85,337.4476447644556
2026-08-19,ARI incidence,2026-08-30,3,BG,quantile,0.9,369.26097012909526
2026-08-19,ARI incidence,2026-08-30,3,BG,quantile,0.95,416.41311066552475
2026-08-19,ARI incidence,2026-08-30,3,BG,quantile,0.975,457.310560594556
2026-08-19,ARI incidence,2026-08-30,3,BG,quantile,0.99,504.862684524503
2026-08-19,ARI incidence,2026-09-06,4,BG,median,,202.93133442805959
2026-08-19,ARI incidence,2026-09-06,4,BG,quantile,0.01,0.0
2026-08-19,ARI incidence,2026-09-06,4,BG,quantile,0.025,0.0
2026-08-19,ARI incidence,2026-09-06,4,BG,quantile,0.05,0.0
2026-08-19,ARI incidence,2026-09-06,4,BG,quantile,0.1,36.601698727023916
2026-08-19,ARI incidence,2026-09-06,4,BG,quantile,0.15,68.41502409166353
2026-08-19,ARI incidence,2026-09-06,4,BG,quantile,0.2,93.699246588542
2026-08-19,ARI incidence,2026-09-06,4,BG,quantile,0.25,115.3908581410034
2026-08-19,ARI incidence,2026-09-06,4,BG,quantile,0.3,134.87059572255237
2026-08-19,ARI incidence,2026-09-06,4,BG,quantile,0.35,152.92147565309216
2026-08-19,ARI incidence,2026-09-06,4,BG,quantile,0.4,170.04999550777737
2026-08-19,ARI incidence,2026-09-06,4,BG,quantile,0.45,186.62203669393065
2026-08-19,ARI incidence,2026-09-06,4,BG,quantile,0.5,202.93133442805959
2026-08-19,ARI incidence,2026-09-06,4,BG,quantile,0.55,219.24063216218855
2026-08-19,ARI incidence,2026-09-06,4,BG,quantile,0.6,235.8126733483418
2026-08-19,ARI incidence,2026-09-06,4,BG,quantile,0.65,252.941193203027
2026-08-19,ARI incidence,2026-09-06,4,BG,quantile,0.7,270.9920731335668
2026-08-19,ARI incidence,2026-09-06,4,BG,quantile,0.75,290.4718107151158
2026-08-19,ARI incidence,2026-09-06,4,BG,quantile,0.8,312.1634222675772
2026-08-19,ARI incidence,2026-09-06,4,BG,quantile,0.85,337.4476447644556
2026-08-19,ARI incidence,2026-09-06,4,BG,quantile,0.9,369.26097012909526
2026-08-19,ARI incidence,2026-09-06,4,BG,quantile,0.95,416.41311066552475
2026-08-19,ARI incidence,2026-09-06,4,BG,quantile,0.975,457.310560594556
2026-08-19,ARI incidence,2026-09-06,4,BG,quantile,0.99,504.862684524503
2026-08-19,ARI incidence,2026-08-16,1,DE,median,,567.1651975175945
2026-08-19,ARI incidence,2026-08-16,1,DE,quantile,0.01,26.34293583863814
2026-08-19,ARI incidence,2026-08-16,1,DE,quantile,0.025,111.51874551596126
2026-08-19,ARI incidence,2026-08-16,1,DE,quantile,0.05,184.77464080624992
2026-08-19,ARI incidence,2026-08-16,1,DE,quantile,0.1,269.23399648352665
2026-08-19,ARI incidence,2026-08-16,1,DE,quantile,0.15,326.2183227872945
2026-08-19,ARI incidence,2026-08-16,1,DE,quantile,0.2,371.50765889362435
2026-08-19,ARI incidence,2026-08-16,1,DE,quantile,0.25,410.3618766339031
2026-08-19,ARI incidence,2026-08-16,1,DE,quantile,0.3,445.2541650047554
2026-08-19,ARI incidence,2026-08-16,1,DE,quantile,0.35,477.5870701708189
2026-08-19,ARI incidence,2026-08-16,1,DE,quantile,0.4,508.26783533172323
2026-08-19,ARI incidence,2026-08-16,1,DE,quantile,0.45,537.9518306905006
2026-08-19,ARI incidence,2026-08-16,1,DE,quantile,0.5,567.1651975175945
2026-08-19,ARI incidence,2026-08-16,1,DE,quantile,0.55,596.3785643446884
2026-08-19,ARI incidence,2026-08-16,1,DE,quantile,0.6,626.0625597034658
2026-08-19,ARI incidence,2026-08-16,1,DE,quantile,0.65,656.7433248643702
2026-08-19,ARI incidence,2026-08-16,1,DE,quantile,0.7,689.0762300304335
2026-08-19,ARI incidence,2026-08-16,1,DE,quantile,0.75,723.9685184012859
2026-08-19,ARI incidence,2026-08-16,1,DE,quantile,0.8,762.8227361415647
2026-08-19,ARI incidence,2026-08-16,1,DE,quantile,0.85,808.1120722478945
2026-08-19,ARI incidence,2026-08-16,1,DE,quantile,0.9,865.0963985516623
2026-08-19,ARI incidence,2026-08-16,1,DE,quantile,0.95,949.5557542289389
2026-08-19,ARI incidence,2026-08-16,1,DE,quantile,0.975,1022.8116495192276
2026-08-19,ARI incidence,2026-08-16,1,DE,quantile,0.99,1107.9874591965508
2026-08-19,ARI incidence,2026-08-23,2,DE,median,,888.052949071584
2026-08-19,ARI incidence,2026-08-23,2,DE,quantile,0.01,0.0
2026-08-19,ARI incidence,2026-08-23,2,DE,quantile,0.025,0.0
2026-08-19,ARI incidence,2026-08-23,2,DE,quantile,0.05,40.938171216053775
2026-08-19,ARI incidence,2026-08-23,2,DE,quantile,0.1,228.0420812542559
2026-08-19,ARI incidence,2026-08-23,2,DE,quantile,0.15,354.2802010792251
2026-08-19,ARI incidence,2026-08-23,2,DE,quantile,0.2,454.61025688627484
2026-08-19,ARI incidence,2026-08-23,2,DE,quantile,0.25,540.6845112111598
2026-08-19,ARI incidence,2026-08-23,2,DE,quantile,0.3,617.9818518315716
2026-08-19,ARI incidence,2026-08-23,2,DE,quantile,0.35,689.6093575229568
2026-08-19,ARI incidence,2026-08-23,2,DE,quantile,0.4,757.576855955028
2026-08-19,ARI incidence,2026-08-23,2,DE,quantile,0.45,823.3361972695081
2026-08-19,ARI incidence,2026-08-23,2,DE,quantile,0.5,888.052949071584
2026-08-19,ARI incidence,2026-08-23,2,DE,quantile,0.55,952.7697008736599
2026-08-19,ARI incidence,2026-08-23,2,DE,quantile,0.6,1018.5290421881399
2026-08-19,ARI incidence,2026-08-23,2,DE,quantile,0.65,1086.4965406202111
2026-08-19,ARI incidence,2026-08-23,2,DE,quantile,0.7,1158.1240463115962
2026-08-19,ARI incidence,2026-08-23,2,DE,quantile,0.75,1235.421386932008
2026-08-19,ARI incidence,2026-08-23,2,DE,quantile,0.8,1321.4956412568931
2026-08-19,ARI incidence,2026-08-23,2,DE,quantile,0.85,1421.8256970639427
2026-08-19,ARI incidence,2026-08-23,2,DE,quantile,0.9,1548.063816888912
2026-08-19,ARI incidence,2026-08-23,2,DE,quantile,0.95,1735.1677269271138
2026-08-19,ARI incidence,2026-08-23,2,DE,quantile,0.975,1897.452465334724
2026-08-19,ARI incidence,2026-08-23,2,DE,quantile,0.99,2086.1435452453015
2026-08-19,ARI incidence,2026-08-30,3,DE,median,,1223.4448062346928
2026-08-19,ARI incidence,2026-08-30,3,DE,quantile,0.01,0.0
2026-08-19,ARI incidence,2026-08-30,3,DE,quantile,0.025,0.0
2026-08-19,ARI incidence,2026-08-30,3,DE,quantile,0.05,0.0
2026-08-19,ARI incidence,2026-08-30,3,DE,quantile,0.1,196.2628823800635
2026-08-19,ARI incidence,2026-08-30,3,DE,quantile,0.15,392.72860909517544
2026-08-19,ARI incidence,2026-08-30,3,DE,quantile,0.2,548.8733405980678
2026-08-19,ARI incidence,2026-08-30,3,DE,quantile,0.25,682.8316168370259
2026-08-19,ARI incidence,2026-08-30,3,DE,quantile,0.3,803.1302890541874
2026-08-19,ARI incidence,2026-08-30,3,DE,quantile,0.35,914.6049369494533
2026-08-19,ARI incidence,2026-08-30,3,DE,quantile,0.4,1020.3834766724752
2026-08-19,ARI incidence,2026-08-30,3,DE,quantile,0.45,1122.725438019566
2026-08-19,ARI incidence,2026-08-30,3,DE,quantile,0.5,1223.4448062346928
2026-08-19,ARI incidence,2026-08-30,3,DE,quantile,0.55,1324.1641744498197
2026-08-19,ARI incidence,2026-08-30,3,DE,quantile,0.6,1426.5061357969103
2026-08-19,ARI incidence,2026-08-30,3,DE,quantile,0.65,1532.2846755199323
2026-08-19,ARI incidence,2026-08-30,3,DE,quantile,0.7,1643.759323415198
2026-08-19,ARI incidence,2026-08-30,3,DE,quantile,0.75,1764.0579956323597
2026-08-19,ARI incidence,2026-08-30,3,DE,quantile,0.8,1898.0162718713177
2026-08-19,ARI incidence,2026-08-30,3,DE,quantile,0.85,2054.16100337421
2026-08-19,ARI incidence,2026-08-30,3,DE,quantile,0.9,2250.6267300893223
2026-08-19,ARI incidence,2026-08-30,3,DE,quantile,0.95,2541.8185325960594
2026-08-19,ARI incidence,2026-08-30,3,DE,quantile,0.975,2794.383994678588
2026-08-19,ARI incidence,2026-08-30,3,DE,quantile,0.99,3088.0459265157447
2026-08-19,ARI incidence,2026-09-06,4,DE,median,,1377.866833981353
2026-08-19,ARI incidence,2026-09-06,4,DE,quantile,0.01,0.0
2026-08-19,ARI incidence,2026-09-06,4,DE,quantile,0.025,0.0
2026-08-19,ARI incidence,2026-09-06,4,DE,quantile,0.05,0.0
2026-08-19,ARI incidence,2026-09-06,4,DE,quantile,0.1,159.3763415169094
2026-08-19,ARI incidence,2026-09-06,4,DE,quantile,0.15,392.43303238928604
2026-08-19,ARI incidence,2026-09-06,4,DE,quantile,0.2,577.6591022472036
2026-08-19,ARI incidence,2026-09-06,4,DE,quantile,0.25,736.566577343306
2026-08-19,ARI incidence,2026-09-06,4,DE,quantile,0.3,879.27040122159
2026-08-19,ARI incidence,2026-09-06,4,DE,quantile,0.35,1011.5067611659713
2026-08-19,ARI incidence,2026-09-06,4,DE,quantile,0.4,1136.9861353313559
2026-08-19,ARI incidence,2026-09-06,4,DE,quantile,0.45,1258.3888819973322
2026-08-19,ARI incidence,2026-09-06,4,DE,quantile,0.5,1377.866833981353
2026-08-19,ARI incidence,2026-09-06,4,DE,quantile,0.55,1497.3447859653738
2026-08-19,ARI incidence,2026-09-06,4,DE,quantile,0.6,1618.7475326313502
2026-08-19,ARI incidence,2026-09-06,4,DE,quantile,0.65,1744.2269067967347
2026-08-19,ARI incidence,2026-09-06,4,DE,quantile,0.7,1876.4632667411158
2026-08-19,ARI incidence,2026-09-06,4,DE,quantile,0.75,2019.1670906194
2026-08-19,ARI incidence,2026-09-06,4,DE,quantile,0.8,2178.0745657155026
2026-08-19,ARI incidence,2026-09-06,4,DE,quantile,0.85,2363.30063557342
2026-08-19,ARI incidence,2026-09-06,4,DE,quantile,0.9,2596.3573264457964
2026-08-19,ARI incidence,2026-09-06,4,DE,quantile,0.95,2941.782449881144
2026-08-19,ARI incidence,2026-09-06,4,DE,quantile,0.975,3241.3872298383158
2026-08-19,ARI incidence,2026-09-06,4,DE,quantile,0.99,3589.742534417213
2026-08-19,ARI incidence,2026-08-16,1,EE,median,,103.58997319449978
2026-08-19,ARI incidence,2026-08-16,1,EE,quantile,0.01,1.4346994649964415
2026-08-19,ARI incidence,2026-08-16,1,EE,quantile,0.025,17.523456842894873
2026-08-19,ARI incidence,2026-08-16,1,EE,quantile,0.05,31.36067577032435
2026-08-19,ARI incidence,2026-08-16,1,EE,quantile,0.1,47.31410300433757
2026-08-19,ARI incidence,2026-08-16,1,EE,quantile,0.15,58.077804620060554
2026-08-19,ARI incidence,2026-08-16,1,EE,quantile,0.2,66.63245344795222
2026-08-19,ARI incidence,2026-08-16,1,EE,quantile,0.25,73.97158042190819
2026-08-19,ARI incidence,2026-08-16,1,EE,quantile,0.3,80.5623432697754
2026-08-19,ARI incidence,2026-08-16,1,EE,quantile,0.35,86.66966726833891
2026-08-19,ARI incidence,2026-08-16,1,EE,quantile,0.4,92.46492050645972
2026-08-19,ARI incidence,2026-08-16,1,EE,quantile,0.45,98.07189508226092
2026-08-19,ARI incidence,2026-08-16,1,EE,quantile,0.5,103.58997319449978
2026-08-19,ARI incidence,2026-08-16,1,EE,quantile,0.55,109.10805130673863
2026-08-19,ARI incidence,2026-08-16,1,EE,quantile,0.6,114.71502588253983
2026-08-19,ARI incidence,2026-08-16,1,EE,quantile,0.65,120.51027912066064
2026-08-19,ARI incidence,2026-08-16,1,EE,quantile,0.7,126.61760311922416
2026-08-19,ARI incidence,2026-08-16,1,EE,quantile,0.75,133.20836596709137
2026-08-19,ARI incidence,2026-08-16,1,EE,quantile,0.8,140.54749294104735
2026-08-19,ARI incidence,2026-08-16,1,EE,quantile,0.85,149.102141768939
2026-08-19,ARI incidence,2026-08-16,1,EE,quantile,0.9,159.86584338466199
2026-08-19,ARI incidence,2026-08-16,1,EE,quantile,0.95,175.81927061867518
2026-08-19,ARI incidence,2026-08-16,1,EE,quantile,0.975,189.65648954610464
2026-08-19,ARI incidence,2026-08-16,1,EE,quantile,0.99,205.7452469240031
2026-08-19,ARI incidence,2026-08-23,2,EE,median,,99.9372207862378
2026-08-19,ARI incidence,2026-08-23,2,EE,quantile,0.01,0.0
2026-08-19,ARI incidence,2026-08-23,2,EE,quantile,0.025,7.375651202527891
2026-08-19,ARI incidence,2026-08-23,2,EE,quantile,0.05,22.257102862124512
2026-08-19,ARI incidence,2026-08-23,2,EE,quantile,0.1,39.41446355960127
2026-08-19,ARI incidence,2026-08-23,2,EE,quantile,0.15,50.99045336743618
2026-08-19,ARI incidence,2026-08-23,2,EE,quantile,0.2,60.19068310035868
2026-08-19,ARI incidence,2026-08-23,2,EE,quantile,0.25,68.08366100721736
2026-08-19,ARI incidence,2026-08-23,2,EE,quantile,0.3,75.17179911031388
2026-08-19,ARI incidence,2026-08-23,2,EE,quantile,0.35,81.74001540657805
2026-08-19,ARI incidence,2026-08-23,2,EE,quantile,0.4,87.97261036446072
2026-08-19,ARI incidence,2026-08-23,2,EE,quantile,0.45,94.00271811544603
2026-08-19,ARI incidence,2026-08-23,2,EE,quantile,0.5,99.9372207862378
2026-08-19,ARI incidence,2026-08-23,2,EE,quantile,0.55,105.87172345702959
2026-08-19,ARI incidence,2026-08-23,2,EE,quantile,0.6,111.90183120801488
2026-08-19,ARI incidence,2026-08-23,2,EE,quantile,0.65,118.13442616589755
2026-08-19,ARI incidence,2026-08-23,2,EE,quantile,0.7,124.70264246216172
2026-08-19,ARI incidence,2026-08-23,2,EE,quantile,0.75,131.79078056525825
2026-08-19,ARI incidence,2026-08-23,2,EE,quantile,0.8,139.68375847211692
2026-08-19,ARI incidence,2026-08-23,2,EE,quantile,0.85,148.88398820503943
2026-08-19,ARI incidence,2026-08-23,2,EE,quantile,0.9,160.45997801287433
2026-08-19,ARI incidence,2026-08-23,2,EE,quantile,0.95,177.61733871035108
2026-08-19,ARI incidence,2026-08-23,2,EE,quantile,0.975,192.4987903699477
2026-08-19,ARI incidence,2026-08-23,2,EE,quantile,0.99,209.8016939691359
2026-08-19,ARI incidence,2026-08-30,3,EE,median,,106.60911880650039
2026-08-19,ARI incidence,2026-08-30,3,EE,quantile,0.01,0.0
2026-08-19,ARI incidence,2026-08-30,3,EE,quantile,0.025,8.49418335176101
2026-08-19,ARI incidence,2026-08-30,3,EE,quantile,0.05,24.268469328336664
2026-08-19,ARI incidence,2026-08-30,3,EE,quantile,0.1,42.45521081270837
2026-08-19,ARI incidence,2026-08-30,3,EE,quantile,0.15,54.72571895046504
2026-08-19,ARI incidence,2026-08-30,3,EE,quantile,0.2,64.47792983533026
2026-08-19,ARI incidence,2026-08-30,3,EE,quantile,0.25,72.84445842122207
2026-08-19,ARI incidence,2026-08-30,3,EE,quantile,0.3,80.35785966978935
2026-08-19,ARI incidence,2026-08-30,3,EE,quantile,0.35,87.3201456472102
2026-08-19,ARI incidence,2026-08-30,3,EE,quantile,0.4,93.9266741963524
2026-08-19,ARI incidence,2026-08-30,3,EE,quantile,0.45,100.3185670243795
2026-08-19,ARI incidence,2026-08-30,3,EE,quantile,0.5,106.60911880650039
2026-08-19,ARI incidence,2026-08-30,3,EE,quantile,0.55,112.89967058862129
2026-08-19,ARI incidence,2026-08-30,3,EE,quantile,0.6,119.29156341664839
2026-08-19,ARI incidence,2026-08-30,3,EE,quantile,0.65,125.89809196579058
2026-08-19,ARI incidence,2026-08-30,3,EE,quantile,0.7,132.8603779432114
2026-08-19,ARI incidence,2026-08-30,3,EE,quantile,0.75,140.3737791917787
2026-08-19,ARI incidence,2026-08-30,3,EE,quantile,0.8,148.74030777767052
2026-08-19,ARI incidence,2026-08-30,3,EE,quantile,0.85,158.49251866253576
2026-08-19,ARI incidence,2026-08-30,3,EE,quantile,0.9,170.7630268002924
2026-08-19,ARI incidence,2026-08-30,3,EE,quantile,0.95,188.94976828466406
2026-08-19,ARI incidence,2026-08-30,3,EE,quantile,0.975,204.72405426123976
2026-08-19,ARI incidence,2026-08-30,3,EE,quantile,0.99,223.0650707052036
2026-08-19,ARI incidence,2026-09-06,4,EE,median,,119.74267224302373
2026-08-19,ARI incidence,2026-09-06,4,EE,quantile,0.01,0.0
2026-08-19,ARI incidence,2026-09-06,4,EE,quantile,0.025,10.882887262642726
2026-08-19,ARI incidence,2026-09-06,4,EE,quantile,0.05,28.38466078642196
2026-08-19,ARI incidence,2026-09-06,4,EE,quantile,0.1,48.56308477769866
2026-08-19,ARI incidence,2026-09-06,4,EE,quantile,0.15,62.17737164733022
2026-08-19,ARI incidence,2026-09-06,4,EE,quantile,0.2,72.99757526963693
2026-08-19,ARI incidence,2026-09-06,4,EE,quantile,0.25,82.28034652837701
2026-08-19,ARI incidence,2026-09-06,4,EE,quantile,0.3,90.61656201483231
2026-08-19,ARI incidence,2026-09-06,4,EE,quantile,0.35,98.34130800749091
2026-08-19,ARI incidence,2026-09-06,4,EE,quantile,0.4,105.67133654996628
2026-08-19,ARI incidence,2026-09-06,4,EE,quantile,0.45,112.76322399454044
2026-08-19,ARI incidence,2026-09-06,4,EE,quantile,0.5,119.74267224302373
2026-08-19,ARI incidence,2026-09-06,4,EE,quantile,0.55,126.72212049150704
2026-08-19,ARI incidence,2026-09-06,4,EE,quantile,0.6,133.81400793608117
2026-08-19,ARI incidence,2026-09-06,4,EE,quantile,0.65,141.14403647855656
2026-08-19,ARI incidence,2026-09-06,4,EE,quantile,0.7,148.86878247121513
2026-08-19,ARI incidence,2026-09-06,4,EE,quantile,0.75,157.20499795767046
2026-08-19,ARI incidence,2026-09-06,4,EE,quantile,0.8,166.48776921641056
2026-08-19,ARI incidence,2026-09-06,4,EE,quantile,0.85,177.30797283871726
2026-08-19,ARI incidence,2026-09-06,4,EE,quantile,0.9,190.9222597083488
2026-08-19,ARI incidence,2026-09-06,4,EE,quantile,0.95,211.10068369962545
2026-08-19,ARI incidence,2026-09-06,4,EE,quantile,0.975,228.6024572234047
2026-08-19,ARI incidence,2026-09-06,4,EE,quantile,0.99,248.95205126999684
2026-08-19,ARI incidence,2026-08-16,1,ES,median,,217.99277337867426
2026-08-19,ARI incidence,2026-08-16,1,ES,quantile,0.01,85.99954290283475
2026-08-19,ARI incidence,2026-08-16,1,ES,quantile,0.025,106.78757452491139
2026-08-19,ARI incidence,2026-08-16,1,ES,quantile,0.05,124.66642855127344
2026-08-19,ARI incidence,2026-08-16,1,ES,quantile,0.1,145.27960221232627
2026-08-19,ARI incidence,2026-08-16,1,ES,quantile,0.15,159.1872126201771
2026-08-19,ARI incidence,2026-08-16,1,ES,quantile,0.2,170.2405404921151
2026-08-19,ARI incidence,2026-08-16,1,ES,quantile,0.25,179.72331159926205
2026-08-19,ARI incidence,2026-08-16,1,ES,quantile,0.3,188.23913313084188
2026-08-19,ARI incidence,2026-08-16,1,ES,quantile,0.35,196.13031089095983
2026-08-19,ARI incidence,2026-08-16,1,ES,quantile,0.4,203.61826690535614
2026-08-19,ARI incidence,2026-08-16,1,ES,quantile,0.45,210.86295100669352
2026-08-19,ARI incidence,2026-08-16,1,ES,quantile,0.5,217.99277337867426
2026-08-19,ARI incidence,2026-08-16,1,ES,quantile,0.55,225.122595750655
2026-08-19,ARI incidence,2026-08-16,1,ES,quantile,0.6,232.36727985199238
2026-08-19,ARI incidence,2026-08-16,1,ES,quantile,0.65,239.85523586638868
2026-08-19,ARI incidence,2026-08-16,1,ES,quantile,0.7,247.74641362650664
2026-08-19,ARI incidence,2026-08-16,1,ES,quantile,0.75,256.26223515808647
2026-08-19,ARI incidence,2026-08-16,1,ES,quantile,0.8,265.7450062652334
2026-08-19,ARI incidence,2026-08-16,1,ES,quantile,0.85,276.7983341371714
2026-08-19,ARI incidence,2026-08-16,1,ES,quantile,0.9,290.70594454502225
2026-08-19,ARI incidence,2026-08-16,1,ES,quantile,0.95,311.319118206075
2026-08-19,ARI incidence,2026-08-16,1,ES,quantile,0.975,329.1979722324371
2026-08-19,ARI incidence,2026-08-16,1,ES,quantile,0.99,349.9860038545138
2026-08-19,ARI incidence,2026-08-23,2,ES,median,,309.03728714313155
2026-08-19,ARI incidence,2026-08-23,2,ES,quantile,0.01,0.0
2026-08-19,ARI incidence,2026-08-23,2,ES,quantile,0.025,0.0
2026-08-19,ARI incidence,2026-08-23,2,ES,quantile,0.05,0.0
2026-08-19,ARI incidence,2026-08-23,2,ES,quantile,0.1,13.778342849088972
2026-08-19,ARI incidence,2026-08-23,2,ES,quantile,0.15,70.25155534701
2026-08-19,ARI incidence,2026-08-23,2,ES,quantile,0.2,115.13467440309012
2026-08-19,ARI incidence,2026-08-23,2,ES,quantile,0.25,153.64039408450665
2026-08-19,ARI incidence,2026-08-23,2,ES,quantile,0.3,188.21972042771534
2026-08-19,ARI incidence,2026-08-23,2,ES,quantile,0.35,220.26261963450122
2026-08-19,ARI incidence,2026-08-23,2,ES,quantile,0.4,250.66819749979572
2026-08-19,ARI incidence,2026-08-23,2,ES,quantile,0.45,280.08594596535403
2026-08-19,ARI incidence,2026-08-23,2,ES,quantile,0.5,309.03728714313155
2026-08-19,ARI incidence,2026-08-23,2,ES,quantile,0.55,337.98862832090913
2026-08-19,ARI incidence,2026-08-23,2,ES,quantile,0.6,367.4063767864674
2026-08-19,ARI incidence,2026-08-23,2,ES,quantile,0.65,397.8119546517619
2026-08-19,ARI incidence,2026-08-23,2,ES,quantile,0.7,429.8548538585477
2026-08-19,ARI incidence,2026-08-23,2,ES,quantile,0.75,464.4341802017565
2026-08-19,ARI incidence,2026-08-23,2,ES,quantile,0.8,502.939899883173
2026-08-19,ARI incidence,2026-08-23,2,ES,quantile,0.85,547.8230189392531
2026-08-19,ARI incidence,2026-08-23,2,ES,quantile,0.9,604.2962314371741
2026-08-19,ARI incidence,2026-08-23,2,ES,quantile,0.95,687.9980394602156
2026-08-19,ARI incidence,2026-08-23,2,ES,quantile,0.975,760.596875136551
2026-08-19,ARI incidence,2026-08-23,2,ES,quantile,0.99,845.0087110148654
2026-08-19,ARI incidence,2026-08-30,3,ES,median,,445.0438775231271
2026-08-19,ARI incidence,2026-08-30,3,ES,quantile,0.01,0.0
2026-08-19,ARI incidence,2026-08-30,3,ES,quantile,0.025,0.0
2026-08-19,ARI incidence,2026-08-30,3,ES,quantile,0.05,0.0
2026-08-19,ARI incidence,2026-08-30,3,ES,quantile,0.1,53.24517410526994
2026-08-19,ARI incidence,2026-08-30,3,ES,quantile,0.15,128.18323055409206
2026-08-19,ARI incidence,2026-08-30,3,ES,quantile,0.2,187.74162223488327
2026-08-19,ARI incidence,2026-08-30,3,ES,quantile,0.25,238.8374191172501
2026-08-19,ARI incidence,2026-08-30,3,ES,quantile,0.3,284.7230238996062
2026-08-19,ARI incidence,2026-08-30,3,ES,quantile,0.35,327.2428750525831
2026-08-19,ARI incidence,2026-08-30,3,ES,quantile,0.4,367.59005577144825
2026-08-19,ARI incidence,2026-08-30,3,ES,quantile,0.45,406.62642005106864
2026-08-19,ARI incidence,2026-08-30,3,ES,quantile,0.5,445.0438775231271
2026-08-19,ARI incidence,2026-08-30,3,ES,quantile,0.55,483.4613349951856
2026-08-19,ARI incidence,2026-08-30,3,ES,quantile,0.6,522.497699274806
2026-08-19,ARI incidence,2026-08-30,3,ES,quantile,0.65,562.8448799936712
2026-08-19,ARI incidence,2026-08-30,3,ES,quantile,0.7,605.364731146648
2026-08-19,ARI incidence,2026-08-30,3,ES,quantile,0.75,651.2503359290041
2026-08-19,ARI incidence,2026-08-30,3,ES,quantile,0.8,702.3461328113709
2026-08-19,ARI incidence,2026-08-30,3,ES,quantile,0.85,761.9045244921622
2026-08-19,ARI incidence,2026-08-30,3,ES,quantile,0.9,836.8425809409842
2026-08-19,ARI incidence,2026-08-30,3,ES,quantile,0.95,947.9120692356348
2026-08-19,ARI incidence,2026-08-30,3,ES,quantile,0.975,1044.2482860965451
2026-08-19,ARI incidence,2026-08-30,3,ES,quantile,0.99,1156.2599575103272
2026-08-19,ARI incidence,2026-09-06,4,ES,median,,501.1171715068666
2026-08-19,ARI incidence,2026-09-06,4,ES,quantile,0.01,0.0
2026-08-19,ARI incidence,2026-09-06,4,ES,quantile,0.025,0.0
2026-08-19,ARI incidence,2026-09-06,4,ES,quantile,0.05,0.0
2026-08-19,ARI incidence,2026-09-06,4,ES,quantile,0.1,99.47152324688466
2026-08-19,ARI incidence,2026-09-06,4,ES,quantile,0.15,176.29297262679722
2026-08-19,ARI incidence,2026-09-06,4,ES,quantile,0.2,237.3482253044482
2026-08-19,ARI incidence,2026-09-06,4,ES,quantile,0.25,289.72819563909025
2026-08-19,ARI incidence,2026-09-06,4,ES,quantile,0.3,336.7670278706386
2026-08-19,ARI incidence,2026-09-06,4,ES,quantile,0.35,380.35551612053865
2026-08-19,ARI incidence,2026-09-06,4,ES,quantile,0.4,421.7167289421343
2026-08-19,ARI incidence,2026-09-06,4,ES,quantile,0.45,461.73418101644444
2026-08-19,ARI incidence,2026-09-06,4,ES,quantile,0.5,501.1171715068666
2026-08-19,ARI incidence,2026-09-06,4,ES,quantile,0.55,540.5001619972888
2026-08-19,ARI incidence,2026-09-06,4,ES,quantile,0.6,580.5176140715989
2026-08-19,ARI incidence,2026-09-06,4,ES,quantile,0.65,621.8788268931946
2026-08-19,ARI incidence,2026-09-06,4,ES,quantile,0.7,665.4673151430945
2026-08-19,ARI incidence,2026-09-06,4,ES,quantile,0.75,712.506147374643
2026-08-19,ARI incidence,2026-09-06,4,ES,quantile,0.8,764.8861177092851
2026-08-19,ARI incidence,2026-09-06,4,ES,quantile,0.85,825.941370386936
2026-08-19,ARI incidence,2026-09-06,4,ES,quantile,0.9,902.7628197668486
2026-08-19,ARI incidence,2026-09-06,4,ES,quantile,0.95,1016.6237800988989
2026-08-19,ARI incidence,2026-09-06,4,ES,quantile,0.975,1115.3811826489223
2026-08-19,ARI incidence,2026-09-06,4,ES,quantile,0.99,1230.2080056710784
2026-08-19,ARI incidence,2026-08-16,1,FI,median,,1694.8443111019974
2026-08-19,ARI incidence,2026-08-16,1,FI,quantile,0.01,0.0
2026-08-19,ARI incidence,2026-08-16,1,FI,quantile,0.025,0.0
2026-08-19,ARI incidence,2026-08-16,1,FI,quantile,0.05,0.0
2026-08-19,ARI incidence,2026-08-16,1,FI,quantile,0.1,0.0
2026-08-19,ARI incidence,2026-08-16,1,FI,quantile,0.15,0.0
2026-08-19,ARI incidence,2026-08-16,1,FI,quantile,0.2,0.0
2026-08-19,ARI incidence,2026-08-16,1,FI,quantile,0.25,0.0
2026-08-19,ARI incidence,2026-08-16,1,FI,quantile,0.3,0.0
2026-08-19,ARI incidence,2026-08-16,1,FI,quantile,0.35,82.7117326784819
2026-08-19,ARI incidence,2026-08-16,1,FI,quantile,0.4,634.8717578080477
2026-08-19,ARI incidence,2026-08-16,1,FI,quantile,0.45,1169.0929722168137
2026-08-19,ARI incidence,2026-08-16,1,FI,quantile,0.5,1694.8443111019974
2026-08-19,ARI incidence,2026-08-16,1,FI,quantile,0.55,2220.595649987182
2026-08-19,ARI incidence,2026-08-16,1,FI,quantile,0.6,2754.816864395947
2026-08-19,ARI incidence,2026-08-16,1,FI,quantile,0.65,3306.976889525513
2026-08-19,ARI incidence,2026-08-16,1,FI,quantile,0.7,3888.8703864893682
2026-08-19,ARI incidence,2026-08-16,1,FI,quantile,0.75,4516.824960719747
2026-08-19,ARI incidence,2026-08-16,1,FI,quantile,0.8,5216.082157577402
2026-08-19,ARI incidence,2026-08-16,1,FI,quantile,0.85,6031.151821955855
2026-08-19,ARI incidence,2026-08-16,1,FI,quantile,0.9,7056.695574820733
2026-08-19,ARI incidence,2026-08-16,1,FI,quantile,0.95,8576.705904048695
2026-08-19,ARI incidence,2026-08-16,1,FI,quantile,0.975,9895.088179465922
2026-08-19,ARI incidence,2026-08-16,1,FI,quantile,0.99,11427.992491506739
2026-08-19,ARI incidence,2026-08-23,2,FI,median,,1694.8443111019974
2026-08-19,ARI incidence,2026-08-23,2,FI,quantile,0.01,0.0
2026-08-19,ARI incidence,2026-08-23,2,FI,quantile,0.025,0.0
2026-08-19,ARI incidence,2026-08-23,2,FI,quantile,0.05,0.0
2026-08-19,ARI incidence,2026-08-23,2,FI,quantile,0.1,0.0
2026-08-19,ARI incidence,2026-08-23,2,FI,quantile,0.15,0.0
2026-08-19,ARI incidence,2026-08-23,2,FI,quantile,0.2,0.0
2026-08-19,ARI incidence,2026-08-23,2,FI,quantile,0.25,0.0
2026-08-19,ARI incidence,2026-08-23,2,FI,quantile,0.3,0.0
2026-08-19,ARI incidence,2026-08-23,2,FI,quantile,0.35,82.7117326784819
2026-08-19,ARI incidence,2026-08-23,2,FI,quantile,0.4,634.8717578080477
2026-08-19,ARI incidence,2026-08-23,2,FI,quantile,0.45,1169.0929722168137
2026-08-19,ARI incidence,2026-08-23,2,FI,quantile,0.5,1694.8443111019974
2026-08-19,ARI incidence,2026-08-23,2,FI,quantile,0.55,2220.595649987182
2026-08-19,ARI incidence,2026-08-23,2,FI,quantile,0.6,2754.816864395947
2026-08-19,ARI incidence,2026-08-23,2,FI,quantile,0.65,3306.976889525513
2026-08-19,ARI incidence,2026-08-23,2,FI,quantile,0.7,3888.8703864893682
2026-08-19,ARI incidence,2026-08-23,2,FI,quantile,0.75,4516.824960719747
2026-08-19,ARI incidence,2026-08-23,2,FI,quantile,0.8,5216.082157577402
2026-08-19,ARI incidence,2026-08-23,2,FI,quantile,0.85,6031.151821955855
2026-08-19,ARI incidence,2026-08-23,2,FI,quantile,0.9,7056.695574820733
2026-08-19,ARI incidence,2026-08-23,2,FI,quantile,0.95,8576.705904048695
2026-08-19,ARI incidence,2026-08-23,2,FI,quantile,0.975,9895.088179465922
2026-08-19,ARI incidence,2026-08-23,2,FI,quantile,0.99,11427.992491506739
2026-08-19,ARI incidence,2026-08-30,3,FI,median,,1694.8443111019974
2026-08-19,ARI incidence,2026-08-30,3,FI,quantile,0.01,0.0
2026-08-19,ARI incidence,2026-08-30,3,FI,quantile,0.025,0.0
2026-08-19,ARI incidence,2026-08-30,3,FI,quantile,0.05,0.0
2026-08-19,ARI incidence,2026-08-30,3,FI,quantile,0.1,0.0
2026-08-19,ARI incidence,2026-08-30,3,FI,quantile,0.15,0.0
2026-08-19,ARI incidence,2026-08-30,3,FI,quantile,0.2,0.0
2026-08-19,ARI incidence,2026-08-30,3,FI,quantile,0.25,0.0
2026-08-19,ARI incidence,2026-08-30,3,FI,quantile,0.3,0.0
2026-08-19,ARI incidence,2026-08-30,3,FI,quantile,0.35,82.7117326784819
2026-08-19,ARI incidence,2026-08-30,3,FI,quantile,0.4,634.8717578080477
2026-08-19,ARI incidence,2026-08-30,3,FI,quantile,0.45,1169.0929722168137
2026-08-19,ARI incidence,2026-08-30,3,FI,quantile,0.5,1694.8443111019974
2026-08-19,ARI incidence,2026-08-30,3,FI,quantile,0.55,2220.595649987182
2026-08-19,ARI incidence,2026-08-30,3,FI,quantile,0.6,2754.816864395947
2026-08-19,ARI incidence,2026-08-30,3,FI,quantile,0.65,3306.976889525513
2026-08-19,ARI incidence,2026-08-30,3,FI,quantile,0.7,3888.8703864893682
2026-08-19,ARI incidence,2026-08-30,3,FI,quantile,0.75,4516.824960719747
2026-08-19,ARI incidence,2026-08-30,3,FI,quantile,0.8,5216.082157577402
2026-08-19,ARI incidence,2026-08-30,3,FI,quantile,0.85,6031.151821955855
2026-08-19,ARI incidence,2026-08-30,3,FI,quantile,0.9,7056.695574820733
2026-08-19,ARI incidence,2026-08-30,3,FI,quantile,0.95,8576.705904048695
2026-08-19,ARI incidence,2026-08-30,3,FI,quantile,0.975,9895.088179465922
2026-08-19,ARI incidence,2026-08-30,3,FI,quantile,0.99,11427.992491506739
2026-08-19,ARI incidence,2026-09-06,4,FI,median,,1694.8443111019974
2026-08-19,ARI incidence,2026-09-06,4,FI,quantile,0.01,0.0
2026-08-19,ARI incidence,2026-09-06,4,FI,quantile,0.025,0.0
2026-08-19,ARI incidence,2026-09-06,4,FI,quantile,0.05,0.0
2026-08-19,ARI incidence,2026-09-06,4,FI,quantile,0.1,0.0
2026-08-19,ARI incidence,2026-09-06,4,FI,quantile,0.15,0.0
2026-08-19,ARI incidence,2026-09-06,4,FI,quantile,0.2,0.0
2026-08-19,ARI incidence,2026-09-06,4,FI,quantile,0.25,0.0
2026-08-19,ARI incidence,2026-09-06,4,FI,quantile,0.3,0.0
2026-08-19,ARI incidence,2026-09-06,4,FI,quantile,0.35,82.7117326784819
2026-08-19,ARI incidence,2026-09-06,4,FI,quantile,0.4,634.8717578080477
2026-08-19,ARI incidence,2026-09-06,4,FI,quantile,0.45,1169.0929722168137
2026-08-19,ARI incidence,2026-09-06,4,FI,quantile,0.5,1694.8443111019974
2026-08-19,ARI incidence,2026-09-06,4,FI,quantile,0.55,2220.595649987182
2026-08-19,ARI incidence,2026-09-06,4,FI,quantile,0.6,2754.816864395947
2026-08-19,ARI incidence,2026-09-06,4,FI,quantile,0.65,3306.976889525513
2026-08-19,ARI incidence,2026-09-06,4,FI,quantile,0.7,3888.8703864893682
2026-08-19,ARI incidence,2026-09-06,4,FI,quantile,0.75,4516.824960719747
2026-08-19,ARI incidence,2026-09-06,4,FI,quantile,0.8,5216.082157577402
2026-08-19,ARI incidence,2026-09-06,4,FI,quantile,0.85,6031.151821955855
2026-08-19,ARI incidence,2026-09-06,4,FI,quantile,0.9,7056.695574820733
2026-08-19,ARI incidence,2026-09-06,4,FI,quantile,0.95,8576.705904048695
2026-08-19,ARI incidence,2026-09-06,4,FI,quantile,0.975,9895.088179465922
2026-08-19,ARI incidence,2026-09-06,4,FI,quantile,0.99,11427.992491506739
2026-08-19,ARI incidence,2026-08-16,1,HU,median,,512.2506446339678
2026-08-19,ARI incidence,2026-08-16,1,HU,quantile,0.01,0.0
2026-08-19,ARI incidence,2026-08-16,1,HU,quantile,0.025,0.0
2026-08-19,ARI incidence,2026-08-16,1,HU,quantile,0.05,45.36131707420202
2026-08-19,ARI incidence,2026-08-16,1,HU,quantile,0.1,148.48408275500242
2026-08-19,ARI incidence,2026-08-16,1,HU,quantile,0.15,218.06052318340994
2026-08-19,ARI incidence,2026-08-16,1,HU,quantile,0.2,273.3576724178623
2026-08-19,ARI incidence,2026-08-16,1,HU,quantile,0.25,320.79770270949246
2026-08-19,ARI incidence,2026-08-16,1,HU,quantile,0.3,363.40031610715056
2026-08-19,ARI incidence,2026-08-16,1,HU,quantile,0.35,402.8779864786825
2026-08-19,ARI incidence,2026-08-16,1,HU,quantile,0.4,440.3384351314636
2026-08-19,ARI incidence,2026-08-16,1,HU,quantile,0.45,476.5818527292697
2026-08-19,ARI incidence,2026-08-16,1,HU,quantile,0.5,512.2506446339678
2026-08-19,ARI incidence,2026-08-16,1,HU,quantile,0.55,547.9194365386659
2026-08-19,ARI incidence,2026-08-16,1,HU,quantile,0.6,584.162854136472
2026-08-19,ARI incidence,2026-08-16,1,HU,quantile,0.65,621.6233027892531
2026-08-19,ARI incidence,2026-08-16,1,HU,quantile,0.7,661.100973160785
2026-08-19,ARI incidence,2026-08-16,1,HU,quantile,0.75,703.7035865584431
2026-08-19,ARI incidence,2026-08-16,1,HU,quantile,0.8,751.1436168500733
2026-08-19,ARI incidence,2026-08-16,1,HU,quantile,0.85,806.4407660845256
2026-08-19,ARI incidence,2026-08-16,1,HU,quantile,0.9,876.0172065129332
2026-08-19,ARI incidence,2026-08-16,1,HU,quantile,0.95,979.1399721937335
2026-08-19,ARI incidence,2026-08-16,1,HU,quantile,0.975,1068.5835923134894
2026-08-19,ARI incidence,2026-08-16,1,HU,quantile,0.99,1172.5811304499332
2026-08-19,ARI incidence,2026-08-23,2,HU,median,,568.8501957327042
2026-08-19,ARI incidence,2026-08-23,2,HU,quantile,0.01,0.0
2026-08-19,ARI incidence,2026-08-23,2,HU,quantile,0.025,0.0
2026-08-19,ARI incidence,2026-08-23,2,HU,quantile,0.05,0.0
2026-08-19,ARI incidence,2026-08-23,2,HU,quantile,0.1,90.57131973448782
2026-08-19,ARI incidence,2026-08-23,2,HU,quantile,0.15,182.05015592044742
2026-08-19,ARI incidence,2026-08-23,2,HU,quantile,0.2,254.75463498292726
2026-08-19,ARI incidence,2026-08-23,2,HU,quantile,0.25,317.1286042889669
2026-08-19,ARI incidence,2026-08-23,2,HU,quantile,0.3,373.1423564743536
2026-08-19,ARI incidence,2026-08-23,2,HU,quantile,0.35,425.04744559193637
2026-08-19,ARI incidence,2026-08-23,2,HU,quantile,0.4,474.3002993547909
2026-08-19,ARI incidence,2026-08-23,2,HU,quantile,0.45,521.9530053689855
2026-08-19,ARI incidence,2026-08-23,2,HU,quantile,0.5,568.8501957327042
2026-08-19,ARI incidence,2026-08-23,2,HU,quantile,0.55,615.7473860964228
2026-08-19,ARI incidence,2026-08-23,2,HU,quantile,0.6,663.4000921106174
2026-08-19,ARI incidence,2026-08-23,2,HU,quantile,0.65,712.6529458734719
2026-08-19,ARI incidence,2026-08-23,2,HU,quantile,0.7,764.5580349910547
2026-08-19,ARI incidence,2026-08-23,2,HU,quantile,0.75,820.5717871764414
2026-08-19,ARI incidence,2026-08-23,2,HU,quantile,0.8,882.9457564824811
2026-08-19,ARI incidence,2026-08-23,2,HU,quantile,0.85,955.6502355449609
2026-08-19,ARI incidence,2026-08-23,2,HU,quantile,0.9,1047.1290717309205
2026-08-19,ARI incidence,2026-08-23,2,HU,quantile,0.95,1182.7144872921535
2026-08-19,ARI incidence,2026-08-23,2,HU,quantile,0.975,1300.3146148990502
2026-08-19,ARI incidence,2026-08-23,2,HU,quantile,0.99,1437.0501779193526
2026-08-19,ARI incidence,2026-08-30,3,HU,median,,726.9174569890104
2026-08-19,ARI incidence,2026-08-30,3,HU,quantile,0.01,0.0
2026-08-19,ARI incidence,2026-08-30,3,HU,quantile,0.025,0.0
2026-08-19,ARI incidence,2026-08-30,3,HU,quantile,0.05,0.0
2026-08-19,ARI incidence,2026-08-30,3,HU,quantile,0.1,40.58152945990946
2026-08-19,ARI incidence,2026-08-30,3,HU,quantile,0.15,171.85475734799923
2026-08-19,ARI incidence,2026-08-30,3,HU,quantile,0.2,276.18655742744346
2026-08-19,ARI incidence,2026-08-30,3,HU,quantile,0.25,365.6939520159765
2026-08-19,ARI incidence,2026-08-30,3,HU,quantile,0.3,446.0743586988046
2026-08-19,ARI incidence,2026-08-30,3,HU,quantile,0.35,520.5587845657117
2026-08-19,ARI incidence,2026-08-30,3,HU,quantile,0.4,591.2372208655202
2026-08-19,ARI incidence,2026-08-30,3,HU,quantile,0.45,659.6194259404643
2026-08-19,ARI incidence,2026-08-30,3,HU,quantile,0.5,726.9174569890104
2026-08-19,ARI incidence,2026-08-30,3,HU,quantile,0.55,794.2154880375565
2026-08-19,ARI incidence,2026-08-30,3,HU,quantile,0.6,862.5976931125006
2026-08-19,ARI incidence,2026-08-30,3,HU,quantile,0.65,933.276129412309
2026-08-19,ARI incidence,2026-08-30,3,HU,quantile,0.7,1007.7605552792161
2026-08-19,ARI incidence,2026-08-30,3,HU,quantile,0.75,1088.1409619620442
2026-08-19,ARI incidence,2026-08-30,3,HU,quantile,0.8,1177.6483565505773
2026-08-19,ARI incidence,2026-08-30,3,HU,quantile,0.85,1281.9801566300216
2026-08-19,ARI incidence,2026-08-30,3,HU,quantile,0.9,1413.2533845181113
2026-08-19,ARI incidence,2026-08-30,3,HU,quantile,0.95,1607.8200831924314
2026-08-19,ARI incidence,2026-08-30,3,HU,quantile,0.975,1776.5776777865128
2026-08-19,ARI incidence,2026-08-30,3,HU,quantile,0.99,1972.7948518690728
2026-08-19,ARI incidence,2026-09-06,4,HU,median,,953.0431411169742
2026-08-19,ARI incidence,2026-09-06,4,HU,quantile,0.01,0.0
2026-08-19,ARI incidence,2026-09-06,4,HU,quantile,0.025,0.0
2026-08-19,ARI incidence,2026-09-06,4,HU,quantile,0.05,0.0
2026-08-19,ARI incidence,2026-09-06,4,HU,quantile,0.1,85.75406288961517
2026-08-19,ARI incidence,2026-09-06,4,HU,quantile,0.15,251.6376080230791
2026-08-19,ARI incidence,2026-09-06,4,HU,quantile,0.2,383.47659107976256
2026-08-19,ARI incidence,2026-09-06,4,HU,quantile,0.25,496.5826993767522
2026-08-19,ARI incidence,2026-09-06,4,HU,quantile,0.3,598.155480318683
2026-08-19,ARI incidence,2026-09-06,4,HU,quantile,0.35,692.2777992317708
2026-08-19,ARI incidence,2026-09-06,4,HU,quantile,0.4,781.5906756386566
2026-08-19,ARI incidence,2026-09-06,4,HU,quantile,0.45,868.0019171718167
2026-08-19,ARI incidence,2026-09-06,4,HU,quantile,0.5,953.0431411169742
2026-08-19,ARI incidence,2026-09-06,4,HU,quantile,0.55,1038.0843650621318
2026-08-19,ARI incidence,2026-09-06,4,HU,quantile,0.6,1124.4956065952917
2026-08-19,ARI incidence,2026-09-06,4,HU,quantile,0.65,1213.8084830021776
2026-08-19,ARI incidence,2026-09-06,4,HU,quantile,0.7,1307.9308019152654
2026-08-19,ARI incidence,2026-09-06,4,HU,quantile,0.75,1409.5035828571963
2026-08-19,ARI incidence,2026-09-06,4,HU,quantile,0.8,1522.6096911541858
2026-08-19,ARI incidence,2026-09-06,4,HU,quantile,0.85,1654.4486742108693
2026-08-19,ARI incidence,2026-09-06,4,HU,quantile,0.9,1820.3322193443332
2026-08-19,ARI incidence,2026-09-06,4,HU,quantile,0.95,2066.196621860019
2026-08-19,ARI incidence,2026-09-06,4,HU,quantile,0.975,2279.4473243058146
2026-08-19,ARI incidence,2026-09-06,4,HU,quantile,0.99,2527.39735171455
2026-08-19,ARI incidence,2026-08-16,1,IE,median,,18.747636234334387
2026-08-19,ARI incidence,2026-08-16,1,IE,quantile,0.01,0.0
2026-08-19,ARI incidence,2026-08-16,1,IE,quantile,0.025,0.0
2026-08-19,ARI incidence,2026-08-16,1,IE,quantile,0.05,0.3956261379753414
2026-08-19,ARI incidence,2026-08-16,1,IE,quantile,0.1,4.449070766555462
2026-08-19,ARI incidence,2026-08-16,1,IE,quantile,0.15,7.183910613686919
2026-08-19,ARI incidence,2026-08-16,1,IE,quantile,0.2,9.35747462799958
2026-08-19,ARI incidence,2026-08-16,1,IE,quantile,0.25,11.22219901447022
2026-08-19,ARI incidence,2026-08-16,1,IE,quantile,0.3,12.896779145250829
2026-08-19,ARI incidence,2026-08-16,1,IE,quantile,0.35,14.448527198747183
2026-08-19,ARI incidence,2026-08-16,1,IE,quantile,0.4,15.920984355742224
2026-08-19,ARI incidence,2026-08-16,1,IE,quantile,0.45,17.345603695742774
2026-08-19,ARI incidence,2026-08-16,1,IE,quantile,0.5,18.747636234334387
2026-08-19,ARI incidence,2026-08-16,1,IE,quantile,0.55,20.149668772926
2026-08-19,ARI incidence,2026-08-16,1,IE,quantile,0.6,21.57428811292655
2026-08-19,ARI incidence,2026-08-16,1,IE,quantile,0.65,23.04674526992159
2026-08-19,ARI incidence,2026-08-16,1,IE,quantile,0.7,24.59849332341794
2026-08-19,ARI incidence,2026-08-16,1,IE,quantile,0.75,26.273073454198553
2026-08-19,ARI incidence,2026-08-16,1,IE,quantile,0.8,28.137797840669194
2026-08-19,ARI incidence,2026-08-16,1,IE,quantile,0.85,30.311361854981854
2026-08-19,ARI incidence,2026-08-16,1,IE,quantile,0.9,33.04620170211331
2026-08-19,ARI incidence,2026-08-16,1,IE,quantile,0.95,37.099646330693425
2026-08-19,ARI incidence,2026-08-16,1,IE,quantile,0.975,40.615405039661866
2026-08-19,ARI incidence,2026-08-16,1,IE,quantile,0.99,44.70323433285167
2026-08-19,ARI incidence,2026-08-23,2,IE,median,,18.747636234334387
2026-08-19,ARI incidence,2026-08-23,2,IE,quantile,0.01,0.0
2026-08-19,ARI incidence,2026-08-23,2,IE,quantile,0.025,0.0
2026-08-19,ARI incidence,2026-08-23,2,IE,quantile,0.05,0.3956261379753414
2026-08-19,ARI incidence,2026-08-23,2,IE,quantile,0.1,4.449070766555462
2026-08-19,ARI incidence,2026-08-23,2,IE,quantile,0.15,7.183910613686919
2026-08-19,ARI incidence,2026-08-23,2,IE,quantile,0.2,9.35747462799958
2026-08-19,ARI incidence,2026-08-23,2,IE,quantile,0.25,11.22219901447022
2026-08-19,ARI incidence,2026-08-23,2,IE,quantile,0.3,12.896779145250829
2026-08-19,ARI incidence,2026-08-23,2,IE,quantile,0.35,14.448527198747183
2026-08-19,ARI incidence,2026-08-23,2,IE,quantile,0.4,15.920984355742224
2026-08-19,ARI incidence,2026-08-23,2,IE,quantile,0.45,17.345603695742774
2026-08-19,ARI incidence,2026-08-23,2,IE,quantile,0.5,18.747636234334387
2026-08-19,ARI incidence,2026-08-23,2,IE,quantile,0.55,20.149668772926
2026-08-19,ARI incidence,2026-08-23,2,IE,quantile,0.6,21.57428811292655
2026-08-19,ARI incidence,2026-08-23,2,IE,quantile,0.65,23.04674526992159
2026-08-19,ARI incidence,2026-08-23,2,IE,quantile,0.7,24.59849332341794
2026-08-19,ARI incidence,2026-08-23,2,IE,quantile,0.75,26.273073454198553
2026-08-19,ARI incidence,2026-08-23,2,IE,quantile,0.8,28.137797840669194
2026-08-19,ARI incidence,2026-08-23,2,IE,quantile,0.85,30.311361854981854
2026-08-19,ARI incidence,2026-08-23,2,IE,quantile,0.9,33.04620170211331
2026-08-19,ARI incidence,2026-08-23,2,IE,quantile,0.95,37.099646330693425
2026-08-19,ARI incidence,2026-08-23,2,IE,quantile,0.975,40.615405039661866
2026-08-19,ARI incidence,2026-08-23,2,IE,quantile,0.99,44.70323433285167
2026-08-19,ARI incidence,2026-08-30,3,IE,median,,18.747636234334387
2026-08-19,ARI incidence,2026-08-30,3,IE,quantile,0.01,0.0
2026-08-19,ARI incidence,2026-08-30,3,IE,quantile,0.025,0.0
2026-08-19,ARI incidence,2026-08-30,3,IE,quantile,0.05,0.3956261379753414
2026-08-19,ARI incidence,2026-08-30,3,IE,quantile,0.1,4.449070766555462
2026-08-19,ARI incidence,2026-08-30,3,IE,quantile,0.15,7.183910613686919
2026-08-19,ARI incidence,2026-08-30,3,IE,quantile,0.2,9.35747462799958
2026-08-19,ARI incidence,2026-08-30,3,IE,quantile,0.25,11.22219901447022
2026-08-19,ARI incidence,2026-08-30,3,IE,quantile,0.3,12.896779145250829
2026-08-19,ARI incidence,2026-08-30,3,IE,quantile,0.35,14.448527198747183
2026-08-19,ARI incidence,2026-08-30,3,IE,quantile,0.4,15.920984355742224
2026-08-19,ARI incidence,2026-08-30,3,IE,quantile,0.45,17.345603695742774
2026-08-19,ARI incidence,2026-08-30,3,IE,quantile,0.5,18.747636234334387
2026-08-19,ARI incidence,2026-08-30,3,IE,quantile,0.55,20.149668772926
2026-08-19,ARI incidence,2026-08-30,3,IE,quantile,0.6,21.57428811292655
2026-08-19,ARI incidence,2026-08-30,3,IE,quantile,0.65,23.04674526992159
2026-08-19,ARI incidence,2026-08-30,3,IE,quantile,0.7,24.59849332341794
2026-08-19,ARI incidence,2026-08-30,3,IE,quantile,0.75,26.273073454198553
2026-08-19,ARI incidence,2026-08-30,3,IE,quantile,0.8,28.137797840669194
2026-08-19,ARI incidence,2026-08-30,3,IE,quantile,0.85,30.311361854981854
2026-08-19,ARI incidence,2026-08-30,3,IE,quantile,0.9,33.04620170211331
2026-08-19,ARI incidence,2026-08-30,3,IE,quantile,0.95,37.099646330693425
2026-08-19,ARI incidence,2026-08-30,3,IE,quantile,0.975,40.615405039661866
2026-08-19,ARI incidence,2026-08-30,3,IE,quantile,0.99,44.70323433285167
2026-08-19,ARI incidence,2026-09-06,4,IE,median,,18.747636234334387
2026-08-19,ARI incidence,2026-09-06,4,IE,quantile,0.01,0.0
2026-08-19,ARI incidence,2026-09-06,4,IE,quantile,0.025,0.0
2026-08-19,ARI incidence,2026-09-06,4,IE,quantile,0.05,0.3956261379753414
2026-08-19,ARI incidence,2026-09-06,4,IE,quantile,0.1,4.449070766555462
2026-08-19,ARI incidence,2026-09-06,4,IE,quantile,0.15,7.183910613686919
2026-08-19,ARI incidence,2026-09-06,4,IE,quantile,0.2,9.35747462799958
2026-08-19,ARI incidence,2026-09-06,4,IE,quantile,0.25,11.22219901447022
2026-08-19,ARI incidence,2026-09-06,4,IE,quantile,0.3,12.896779145250829
2026-08-19,ARI incidence,2026-09-06,4,IE,quantile,0.35,14.448527198747183
2026-08-19,ARI incidence,2026-09-06,4,IE,quantile,0.4,15.920984355742224
2026-08-19,ARI incidence,2026-09-06,4,IE,quantile,0.45,17.345603695742774
2026-08-19,ARI incidence,2026-09-06,4,IE,quantile,0.5,18.747636234334387
2026-08-19,ARI incidence,2026-09-06,4,IE,quantile,0.55,20.149668772926
2026-08-19,ARI incidence,2026-09-06,4,IE,quantile,0.6,21.57428811292655
2026-08-19,ARI incidence,2026-09-06,4,IE,quantile,0.65,23.04674526992159
2026-08-19,ARI incidence,2026-09-06,4,IE,quantile,0.7,24.59849332341794
2026-08-19,ARI incidence,2026-09-06,4,IE,quantile,0.75,26.273073454198553
2026-08-19,ARI incidence,2026-09-06,4,IE,quantile,0.8,28.137797840669194
2026-08-19,ARI incidence,2026-09-06,4,IE,quantile,0.85,30.311361854981854
2026-08-19,ARI incidence,2026-09-06,4,IE,quantile,0.9,33.04620170211331
2026-08-19,ARI incidence,2026-09-06,4,IE,quantile,0.95,37.099646330693425
2026-08-19,ARI incidence,2026-09-06,4,IE,quantile,0.975,40.615405039661866
2026-08-19,ARI incidence,2026-09-06,4,IE,quantile,0.99,44.70323433285167
2026-08-19,ARI incidence,2026-08-16,1,IS,median,,34.05701249149125
2026-08-19,ARI incidence,2026-08-16,1,IS,quantile,0.01,2.0499568548834475
2026-08-19,ARI incidence,2026-08-16,1,IS,quantile,0.025,7.09084934842053
2026-08-19,ARI incidence,2026-08-16,1,IS,quantile,0.05,11.426294988152076
2026-08-19,ARI incidence,2026-08-16,1,IS,quantile,0.1,16.424786151963257
2026-08-19,ARI incidence,2026-08-16,1,IS,quantile,0.15,19.79724440979662
2026-08-19,ARI incidence,2026-08-16,1,IS,quantile,0.2,22.477567324020203
2026-08-19,ARI incidence,2026-08-16,1,IS,quantile,0.25,24.77704572394637
2026-08-19,ARI incidence,2026-08-16,1,IS,quantile,0.3,26.842048395447694
2026-08-19,ARI incidence,2026-08-16,1,IS,quantile,0.35,28.75558111751172
2026-08-19,ARI incidence,2026-08-16,1,IS,quantile,0.4,30.57133654597761
2026-08-19,ARI incidence,2026-08-16,1,IS,quantile,0.45,32.32810093658473
2026-08-19,ARI incidence,2026-08-16,1,IS,quantile,0.5,34.05701249149125
2026-08-19,ARI incidence,2026-08-16,1,IS,quantile,0.55,35.785924046397774
2026-08-19,ARI incidence,2026-08-16,1,IS,quantile,0.6,37.54268843700489
2026-08-19,ARI incidence,2026-08-16,1,IS,quantile,0.65,39.358443865470775
2026-08-19,ARI incidence,2026-08-16,1,IS,quantile,0.7,41.2719765875348
2026-08-19,ARI incidence,2026-08-16,1,IS,quantile,0.75,43.33697925903613
2026-08-19,ARI incidence,2026-08-16,1,IS,quantile,0.8,45.6364576589623
2026-08-19,ARI incidence,2026-08-16,1,IS,quantile,0.85,48.31678057318588
2026-08-19,ARI incidence,2026-08-16,1,IS,quantile,0.9,51.68923883101924
2026-08-19,ARI incidence,2026-08-16,1,IS,quantile,0.95,56.68772999483041
2026-08-19,ARI incidence,2026-08-16,1,IS,quantile,0.975,61.023175634561966
2026-08-19,ARI incidence,2026-08-16,1,IS,quantile,0.99,66.06406812809905
2026-08-19,ARI incidence,2026-08-23,2,IS,median,,33.4930517468766
2026-08-19,ARI incidence,2026-08-23,2,IS,quantile,0.01,0.0
2026-08-19,ARI incidence,2026-08-23,2,IS,quantile,0.025,0.0
2026-08-19,ARI incidence,2026-08-23,2,IS,quantile,0.05,0.0
2026-08-19,ARI incidence,2026-08-23,2,IS,quantile,0.1,4.553747249645667
2026-08-19,ARI incidence,2026-08-23,2,IS,quantile,0.15,10.088873361817232
2026-08-19,ARI incidence,2026-08-23,2,IS,quantile,0.2,14.488016128702679
2026-08-19,ARI incidence,2026-08-23,2,IS,quantile,0.25,18.262088915591036
2026-08-19,ARI incidence,2026-08-23,2,IS,quantile,0.3,21.651322920839856
2026-08-19,ARI incidence,2026-08-23,2,IS,quantile,0.35,24.791953323540803
2026-08-19,ARI incidence,2026-08-23,2,IS,quantile,0.4,27.77210445278731
2026-08-19,ARI incidence,2026-08-23,2,IS,quantile,0.45,30.65543515934134
2026-08-19,ARI incidence,2026-08-23,2,IS,quantile,0.5,33.4930517468766
2026-08-19,ARI incidence,2026-08-23,2,IS,quantile,0.55,36.33066833441187
2026-08-19,ARI incidence,2026-08-23,2,IS,quantile,0.6,39.213999040965895
2026-08-19,ARI incidence,2026-08-23,2,IS,quantile,0.65,42.1941501702124
2026-08-19,ARI incidence,2026-08-23,2,IS,quantile,0.7,45.334780572913346
2026-08-19,ARI incidence,2026-08-23,2,IS,quantile,0.75,48.72401457816217
2026-08-19,ARI incidence,2026-08-23,2,IS,quantile,0.8,52.49808736505052
2026-08-19,ARI incidence,2026-08-23,2,IS,quantile,0.85,56.89723013193597
2026-08-19,ARI incidence,2026-08-23,2,IS,quantile,0.9,62.43235624410754
2026-08-19,ARI incidence,2026-08-23,2,IS,quantile,0.95,70.63624695142943
2026-08-19,ARI incidence,2026-08-23,2,IS,quantile,0.975,77.75189866116932
2026-08-19,ARI incidence,2026-08-23,2,IS,quantile,0.99,86.02538154411313
2026-08-19,ARI incidence,2026-08-30,3,IS,median,,39.62461548939176
2026-08-19,ARI incidence,2026-08-30,3,IS,quantile,0.01,0.0
2026-08-19,ARI incidence,2026-08-30,3,IS,quantile,0.025,0.0
2026-08-19,ARI incidence,2026-08-30,3,IS,quantile,0.05,0.0
2026-08-19,ARI incidence,2026-08-30,3,IS,quantile,0.1,0.0
2026-08-19,ARI incidence,2026-08-30,3,IS,quantile,0.15,5.529291963419119
2026-08-19,ARI incidence,2026-08-30,3,IS,quantile,0.2,11.937985035492591
2026-08-19,ARI incidence,2026-08-30,3,IS,quantile,0.25,17.436073050480232
2026-08-19,ARI incidence,2026-08-30,3,IS,quantile,0.3,22.37352601349282
2026-08-19,ARI incidence,2026-08-30,3,IS,quantile,0.35,26.948812011310725
2026-08-19,ARI incidence,2026-08-30,3,IS,quantile,0.4,31.29031100504669
2026-08-19,ARI incidence,2026-08-30,3,IS,quantile,0.45,35.49076152524476
2026-08-19,ARI incidence,2026-08-30,3,IS,quantile,0.5,39.62461548939176
2026-08-19,ARI incidence,2026-08-30,3,IS,quantile,0.55,43.75846945353876
2026-08-19,ARI incidence,2026-08-30,3,IS,quantile,0.6,47.958919973736826
2026-08-19,ARI incidence,2026-08-30,3,IS,quantile,0.65,52.300418967472794
2026-08-19,ARI incidence,2026-08-30,3,IS,quantile,0.7,56.87570496529069
2026-08-19,ARI incidence,2026-08-30,3,IS,quantile,0.75,61.81315792830328
2026-08-19,ARI incidence,2026-08-30,3,IS,quantile,0.8,67.31124594329093
2026-08-19,ARI incidence,2026-08-30,3,IS,quantile,0.85,73.71993901536439
2026-08-19,ARI incidence,2026-08-30,3,IS,quantile,0.9,81.78353827728182
2026-08-19,ARI incidence,2026-08-30,3,IS,quantile,0.95,93.73500708066535
2026-08-19,ARI incidence,2026-08-30,3,IS,quantile,0.975,104.10112389750687
2026-08-19,ARI incidence,2026-08-30,3,IS,quantile,0.99,116.15397492861347
2026-08-19,ARI incidence,2026-09-06,4,IS,median,,48.48512595719659
2026-08-19,ARI incidence,2026-09-06,4,IS,quantile,0.01,0.0
2026-08-19,ARI incidence,2026-09-06,4,IS,quantile,0.025,0.0
2026-08-19,ARI incidence,2026-09-06,4,IS,quantile,0.05,0.0
2026-08-19,ARI incidence,2026-09-06,4,IS,quantile,0.1,0.0
2026-08-19,ARI incidence,2026-09-06,4,IS,quantile,0.15,9.164972750742535
2026-08-19,ARI incidence,2026-09-06,4,IS,quantile,0.2,16.555745659968984
2026-08-19,ARI incidence,2026-09-06,4,IS,quantile,0.25,22.896370729187055
2026-08-19,ARI incidence,2026-09-06,4,IS,quantile,0.3,28.59044800660093
2026-08-19,ARI incidence,2026-09-06,4,IS,quantile,0.35,33.866859191275616
2026-08-19,ARI incidence,2026-09-06,4,IS,quantile,0.4,38.87365742415716
2026-08-19,ARI incidence,2026-09-06,4,IS,quantile,0.45,43.71779265767394
2026-08-19,ARI incidence,2026-09-06,4,IS,quantile,0.5,48.48512595719659
2026-08-19,ARI incidence,2026-09-06,4,IS,quantile,0.55,53.25245925671924
2026-08-19,ARI incidence,2026-09-06,4,IS,quantile,0.6,58.096594490236015
2026-08-19,ARI incidence,2026-09-06,4,IS,quantile,0.65,63.10339272311756
2026-08-19,ARI incidence,2026-09-06,4,IS,quantile,0.7,68.37980390779224
2026-08-19,ARI incidence,2026-09-06,4,IS,quantile,0.75,74.07388118520612
2026-08-19,ARI incidence,2026-09-06,4,IS,quantile,0.8,80.4145062544242
2026-08-19,ARI incidence,2026-09-06,4,IS,quantile,0.85,87.80527916365064
2026-08-19,ARI incidence,2026-09-06,4,IS,quantile,0.9,97.10455911131021
2026-08-19,ARI incidence,2026-09-06,4,IS,quantile,0.95,110.88749283338552
2026-08-19,ARI incidence,2026-09-06,4,IS,quantile,0.975,122.84213233354204
2026-08-19,ARI incidence,2026-09-06,4,IS,quantile,0.99,136.74198428117538
2026-08-19,ARI incidence,2026-08-16,1,LU,median,,5394.127276379375
2026-08-19,ARI incidence,2026-08-16,1,LU,quantile,0.01,0.0
2026-08-19,ARI incidence,2026-08-16,1,LU,quantile,0.025,0.0
2026-08-19,ARI incidence,2026-08-16,1,LU,quantile,0.05,0.0
2026-08-19,ARI incidence,2026-08-16,1,LU,quantile,0.1,0.0
2026-08-19,ARI incidence,2026-08-16,1,LU,quantile,0.15,885.0167532443347
2026-08-19,ARI incidence,2026-08-16,1,LU,quantile,0.2,1732.5671614056187
2026-08-19,ARI incidence,2026-08-16,1,LU,quantile,0.25,2459.6899442886765
2026-08-19,ARI incidence,2026-08-16,1,LU,quantile,0.3,3112.668675992007
2026-08-19,ARI incidence,2026-08-16,1,LU,quantile,0.35,3717.750784199531
2026-08-19,ARI incidence,2026-08-16,1,LU,quantile,0.4,4291.9145337801
2026-08-19,ARI incidence,2026-08-16,1,LU,quantile,0.45,4847.42460624224
2026-08-19,ARI incidence,2026-08-16,1,LU,quantile,0.5,5394.127276379375
2026-08-19,ARI incidence,2026-08-16,1,LU,quantile,0.55,5940.829946516511
2026-08-19,ARI incidence,2026-08-16,1,LU,quantile,0.6,6496.34001897865
2026-08-19,ARI incidence,2026-08-16,1,LU,quantile,0.65,7070.503768559219
2026-08-19,ARI incidence,2026-08-16,1,LU,quantile,0.7,7675.585876766741
2026-08-19,ARI incidence,2026-08-16,1,LU,quantile,0.75,8328.564608470073
2026-08-19,ARI incidence,2026-08-16,1,LU,quantile,0.8,9055.68739135313
2026-08-19,ARI incidence,2026-08-16,1,LU,quantile,0.85,9903.237799514416
2026-08-19,ARI incidence,2026-08-16,1,LU,quantile,0.9,10969.649744793605
2026-08-19,ARI incidence,2026-08-16,1,LU,quantile,0.95,12550.232891546997
2026-08-19,ARI incidence,2026-08-16,1,LU,quantile,0.975,13921.153052702259
2026-08-19,ARI incidence,2026-08-16,1,LU,quantile,0.99,15515.144010926826
2026-08-19,ARI incidence,2026-08-23,2,LU,median,,5394.127276379375
2026-08-19,ARI incidence,2026-08-23,2,LU,quantile,0.01,0.0
2026-08-19,ARI incidence,2026-08-23,2,LU,quantile,0.025,0.0
2026-08-19,ARI incidence,2026-08-23,2,LU,quantile,0.05,0.0
2026-08-19,ARI incidence,2026-08-23,2,LU,quantile,0.1,0.0
2026-08-19,ARI incidence,2026-08-23,2,LU,quantile,0.15,885.0167532443347
2026-08-19,ARI incidence,2026-08-23,2,LU,quantile,0.2,1732.5671614056187
2026-08-19,ARI incidence,2026-08-23,2,LU,quantile,0.25,2459.6899442886765
2026-08-19,ARI incidence,2026-08-23,2,LU,quantile,0.3,3112.668675992007
2026-08-19,ARI incidence,2026-08-23,2,LU,quantile,0.35,3717.750784199531
2026-08-19,ARI incidence,2026-08-23,2,LU,quantile,0.4,4291.9145337801
2026-08-19,ARI incidence,2026-08-23,2,LU,quantile,0.45,4847.42460624224
2026-08-19,ARI incidence,2026-08-23,2,LU,quantile,0.5,5394.127276379375
2026-08-19,ARI incidence,2026-08-23,2,LU,quantile,0.55,5940.829946516511
2026-08-19,ARI incidence,2026-08-23,2,LU,quantile,0.6,6496.34001897865
2026-08-19,ARI incidence,2026-08-23,2,LU,quantile,0.65,7070.503768559219
2026-08-19,ARI incidence,2026-08-23,2,LU,quantile,0.7,7675.585876766741
2026-08-19,ARI incidence,2026-08-23,2,LU,quantile,0.75,8328.564608470073
2026-08-19,ARI incidence,2026-08-23,2,LU,quantile,0.8,9055.68739135313
2026-08-19,ARI incidence,2026-08-23,2,LU,quantile,0.85,9903.237799514416
2026-08-19,ARI incidence,2026-08-23,2,LU,quantile,0.9,10969.649744793605
2026-08-19,ARI incidence,2026-08-23,2,LU,quantile,0.95,12550.232891546997
2026-08-19,ARI incidence,2026-08-23,2,LU,quantile,0.975,13921.153052702259
2026-08-19,ARI incidence,2026-08-23,2,LU,quantile,0.99,15515.144010926826
2026-08-19,ARI incidence,2026-08-30,3,LU,median,,5394.127276379375
2026-08-19,ARI incidence,2026-08-30,3,LU,quantile,0.01,0.0
2026-08-19,ARI incidence,2026-08-30,3,LU,quantile,0.025,0.0
2026-08-19,ARI incidence,2026-08-30,3,LU,quantile,0.05,0.0
2026-08-19,ARI incidence,2026-08-30,3,LU,quantile,0.1,0.0
2026-08-19,ARI incidence,2026-08-30,3,LU,quantile,0.15,885.0167532443347
2026-08-19,ARI incidence,2026-08-30,3,LU,quantile,0.2,1732.5671614056187
2026-08-19,ARI incidence,2026-08-30,3,LU,quantile,0.25,2459.6899442886765
2026-08-19,ARI incidence,2026-08-30,3,LU,quantile,0.3,3112.668675992007
2026-08-19,ARI incidence,2026-08-30,3,LU,quantile,0.35,3717.750784199531
2026-08-19,ARI incidence,2026-08-30,3,LU,quantile,0.4,4291.9145337801
2026-08-19,ARI incidence,2026-08-30,3,LU,quantile,0.45,4847.42460624224
2026-08-19,ARI incidence,2026-08-30,3,LU,quantile,0.5,5394.127276379375
2026-08-19,ARI incidence,2026-08-30,3,LU,quantile,0.55,5940.829946516511
2026-08-19,ARI incidence,2026-08-30,3,LU,quantile,0.6,6496.34001897865
2026-08-19,ARI incidence,2026-08-30,3,LU,quantile,0.65,7070.503768559219
2026-08-19,ARI incidence,2026-08-30,3,LU,quantile,0.7,7675.585876766741
2026-08-19,ARI incidence,2026-08-30,3,LU,quantile,0.75,8328.564608470073
2026-08-19,ARI incidence,2026-08-30,3,LU,quantile,0.8,9055.68739135313
2026-08-19,ARI incidence,2026-08-30,3,LU,quantile,0.85,9903.237799514416
2026-08-19,ARI incidence,2026-08-30,3,LU,quantile,0.9,10969.649744793605
2026-08-19,ARI incidence,2026-08-30,3,LU,quantile,0.95,12550.232891546997
2026-08-19,ARI incidence,2026-08-30,3,LU,quantile,0.975,13921.153052702259
2026-08-19,ARI incidence,2026-08-30,3,LU,quantile,0.99,15515.144010926826
2026-08-19,ARI incidence,2026-09-06,4,LU,median,,5394.127276379375
2026-08-19,ARI incidence,2026-09-06,4,LU,quantile,0.01,0.0
2026-08-19,ARI incidence,2026-09-06,4,LU,quantile,0.025,0.0
2026-08-19,ARI incidence,2026-09-06,4,LU,quantile,0.05,0.0
2026-08-19,ARI incidence,2026-09-06,4,LU,quantile,0.1,0.0
2026-08-19,ARI incidence,2026-09-06,4,LU,quantile,0.15,885.0167532443347
2026-08-19,ARI incidence,2026-09-06,4,LU,quantile,0.2,1732.5671614056187
2026-08-19,ARI incidence,2026-09-06,4,LU,quantile,0.25,2459.6899442886765
2026-08-19,ARI incidence,2026-09-06,4,LU,quantile,0.3,3112.668675992007
2026-08-19,ARI incidence,2026-09-06,4,LU,quantile,0.35,3717.750784199531
2026-08-19,ARI incidence,2026-09-06,4,LU,quantile,0.4,4291.9145337801
2026-08-19,ARI incidence,2026-09-06,4,LU,quantile,0.45,4847.42460624224
2026-08-19,ARI incidence,2026-09-06,4,LU,quantile,0.5,5394.127276379375
2026-08-19,ARI incidence,2026-09-06,4,LU,quantile,0.55,5940.829946516511
2026-08-19,ARI incidence,2026-09-06,4,LU,quantile,0.6,6496.34001897865
2026-08-19,ARI incidence,2026-09-06,4,LU,quantile,0.65,7070.503768559219
2026-08-19,ARI incidence,2026-09-06,4,LU,quantile,0.7,7675.585876766741
2026-08-19,ARI incidence,2026-09-06,4,LU,quantile,0.75,8328.564608470073
2026-08-19,ARI incidence,2026-09-06,4,LU,quantile,0.8,9055.68739135313
2026-08-19,ARI incidence,2026-09-06,4,LU,quantile,0.85,9903.237799514416
2026-08-19,ARI incidence,2026-09-06,4,LU,quantile,0.9,10969.649744793605
2026-08-19,ARI incidence,2026-09-06,4,LU,quantile,0.95,12550.232891546997
2026-08-19,ARI incidence,2026-09-06,4,LU,quantile,0.975,13921.153052702259
2026-08-19,ARI incidence,2026-09-06,4,LU,quantile,0.99,15515.144010926826
2026-08-19,ARI incidence,2026-08-16,1,NL,median,,109.30875564656965
2026-08-19,ARI incidence,2026-08-16,1,NL,quantile,0.01,43.31717551514578
2026-08-19,ARI incidence,2026-08-16,1,NL,quantile,0.025,53.71039833132612
2026-08-19,ARI incidence,2026-08-16,1,NL,quantile,0.05,62.64914332518143
2026-08-19,ARI incidence,2026-08-16,1,NL,quantile,0.1,72.95494383110447
2026-08-19,ARI incidence,2026-08-16,1,NL,quantile,0.15,79.90821850555308
2026-08-19,ARI incidence,2026-08-16,1,NL,quantile,0.2,85.43446079351203
2026-08-19,ARI incidence,2026-08-16,1,NL,quantile,0.25,90.17548461063714
2026-08-19,ARI incidence,2026-08-16,1,NL,quantile,0.3,94.43307052591649
2026-08-19,ARI incidence,2026-08-16,1,NL,quantile,0.35,98.37835838356503
2026-08-19,ARI incidence,2026-08-16,1,NL,quantile,0.4,102.12205074993271
2026-08-19,ARI incidence,2026-08-16,1,NL,quantile,0.45,105.74411643979224
2026-08-19,ARI incidence,2026-08-16,1,NL,quantile,0.5,109.30875564656965
2026-08-19,ARI incidence,2026-08-16,1,NL,quantile,0.55,112.87339485334707
2026-08-19,ARI incidence,2026-08-16,1,NL,quantile,0.6,116.49546054320659
2026-08-19,ARI incidence,2026-08-16,1,NL,quantile,0.65,120.23915290957427
2026-08-19,ARI incidence,2026-08-16,1,NL,quantile,0.7,124.18444076722281
2026-08-19,ARI incidence,2026-08-16,1,NL,quantile,0.75,128.44202668250216
2026-08-19,ARI incidence,2026-08-16,1,NL,quantile,0.8,133.18305049962726
2026-08-19,ARI incidence,2026-08-16,1,NL,quantile,0.85,138.7092927875862
2026-08-19,ARI incidence,2026-08-16,1,NL,quantile,0.9,145.66256746203481
2026-08-19,ARI incidence,2026-08-16,1,NL,quantile,0.95,155.96836796795785
2026-08-19,ARI incidence,2026-08-16,1,NL,quantile,0.975,164.90711296181317
2026-08-19,ARI incidence,2026-08-16,1,NL,quantile,0.99,175.30033577799352
2026-08-19,ARI incidence,2026-08-23,2,NL,median,,109.30875564656965
2026-08-19,ARI incidence,2026-08-23,2,NL,quantile,0.01,43.31717551514578
2026-08-19,ARI incidence,2026-08-23,2,NL,quantile,0.025,53.71039833132612
2026-08-19,ARI incidence,2026-08-23,2,NL,quantile,0.05,62.64914332518143
2026-08-19,ARI incidence,2026-08-23,2,NL,quantile,0.1,72.95494383110447
2026-08-19,ARI incidence,2026-08-23,2,NL,quantile,0.15,79.90821850555308
2026-08-19,ARI incidence,2026-08-23,2,NL,quantile,0.2,85.43446079351203
2026-08-19,ARI incidence,2026-08-23,2,NL,quantile,0.25,90.17548461063714
2026-08-19,ARI incidence,2026-08-23,2,NL,quantile,0.3,94.43307052591649
2026-08-19,ARI incidence,2026-08-23,2,NL,quantile,0.35,98.37835838356503
2026-08-19,ARI incidence,2026-08-23,2,NL,quantile,0.4,102.12205074993271
2026-08-19,ARI incidence,2026-08-23,2,NL,quantile,0.45,105.74411643979224
2026-08-19,ARI incidence,2026-08-23,2,NL,quantile,0.5,109.30875564656965
2026-08-19,ARI incidence,2026-08-23,2,NL,quantile,0.55,112.87339485334707
2026-08-19,ARI incidence,2026-08-23,2,NL,quantile,0.6,116.49546054320659
2026-08-19,ARI incidence,2026-08-23,2,NL,quantile,0.65,120.23915290957427
2026-08-19,ARI incidence,2026-08-23,2,NL,quantile,0.7,124.18444076722281
2026-08-19,ARI incidence,2026-08-23,2,NL,quantile,0.75,128.44202668250216
2026-08-19,ARI incidence,2026-08-23,2,NL,quantile,0.8,133.18305049962726
2026-08-19,ARI incidence,2026-08-23,2,NL,quantile,0.85,138.7092927875862
2026-08-19,ARI incidence,2026-08-23,2,NL,quantile,0.9,145.66256746203481
2026-08-19,ARI incidence,2026-08-23,2,NL,quantile,0.95,155.96836796795785
2026-08-19,ARI incidence,2026-08-23,2,NL,quantile,0.975,164.90711296181317
2026-08-19,ARI incidence,2026-08-23,2,NL,quantile,0.99,175.30033577799352
2026-08-19,ARI incidence,2026-08-30,3,NL,median,,109.30875564656965
2026-08-19,ARI incidence,2026-08-30,3,NL,quantile,0.01,43.31717551514578
2026-08-19,ARI incidence,2026-08-30,3,NL,quantile,0.025,53.71039833132612
2026-08-19,ARI incidence,2026-08-30,3,NL,quantile,0.05,62.64914332518143
2026-08-19,ARI incidence,2026-08-30,3,NL,quantile,0.1,72.95494383110447
2026-08-19,ARI incidence,2026-08-30,3,NL,quantile,0.15,79.90821850555308
2026-08-19,ARI incidence,2026-08-30,3,NL,quantile,0.2,85.43446079351203
2026-08-19,ARI incidence,2026-08-30,3,NL,quantile,0.25,90.17548461063714
2026-08-19,ARI incidence,2026-08-30,3,NL,quantile,0.3,94.43307052591649
2026-08-19,ARI incidence,2026-08-30,3,NL,quantile,0.35,98.37835838356503
2026-08-19,ARI incidence,2026-08-30,3,NL,quantile,0.4,102.12205074993271
2026-08-19,ARI incidence,2026-08-30,3,NL,quantile,0.45,105.74411643979224
2026-08-19,ARI incidence,2026-08-30,3,NL,quantile,0.5,109.30875564656965
2026-08-19,ARI incidence,2026-08-30,3,NL,quantile,0.55,112.87339485334707
2026-08-19,ARI incidence,2026-08-30,3,NL,quantile,0.6,116.49546054320659
2026-08-19,ARI incidence,2026-08-30,3,NL,quantile,0.65,120.23915290957427
2026-08-19,ARI incidence,2026-08-30,3,NL,quantile,0.7,124.18444076722281
2026-08-19,ARI incidence,2026-08-30,3,NL,quantile,0.75,128.44202668250216
2026-08-19,ARI incidence,2026-08-30,3,NL,quantile,0.8,133.18305049962726
2026-08-19,ARI incidence,2026-08-30,3,NL,quantile,0.85,138.7092927875862
2026-08-19,ARI incidence,2026-08-30,3,NL,quantile,0.9,145.66256746203481
2026-08-19,ARI incidence,2026-08-30,3,NL,quantile,0.95,155.96836796795785
2026-08-19,ARI incidence,2026-08-30,3,NL,quantile,0.975,164.90711296181317
2026-08-19,ARI incidence,2026-08-30,3,NL,quantile,0.99,175.30033577799352
2026-08-19,ARI incidence,2026-09-06,4,NL,median,,109.30875564656965
2026-08-19,ARI incidence,2026-09-06,4,NL,quantile,0.01,43.31717551514578
2026-08-19,ARI incidence,2026-09-06,4,NL,quantile,0.025,53.71039833132612
2026-08-19,ARI incidence,2026-09-06,4,NL,quantile,0.05,62.64914332518143
2026-08-19,ARI incidence,2026-09-06,4,NL,quantile,0.1,72.95494383110447
2026-08-19,ARI incidence,2026-09-06,4,NL,quantile,0.15,79.90821850555308
2026-08-19,ARI incidence,2026-09-06,4,NL,quantile,0.2,85.43446079351203
2026-08-19,ARI incidence,2026-09-06,4,NL,quantile,0.25,90.17548461063714
2026-08-19,ARI incidence,2026-09-06,4,NL,quantile,0.3,94.43307052591649
2026-08-19,ARI incidence,2026-09-06,4,NL,quantile,0.35,98.37835838356503
2026-08-19,ARI incidence,2026-09-06,4,NL,quantile,0.4,102.12205074993271
2026-08-19,ARI incidence,2026-09-06,4,NL,quantile,0.45,105.74411643979224
2026-08-19,ARI incidence,2026-09-06,4,NL,quantile,0.5,109.30875564656965
2026-08-19,ARI incidence,2026-09-06,4,NL,quantile,0.55,112.87339485334707
2026-08-19,ARI incidence,2026-09-06,4,NL,quantile,0.6,116.49546054320659
2026-08-19,ARI incidence,2026-09-06,4,NL,quantile,0.65,120.23915290957427
2026-08-19,ARI incidence,2026-09-06,4,NL,quantile,0.7,124.18444076722281
2026-08-19,ARI incidence,2026-09-06,4,NL,quantile,0.75,128.44202668250216
2026-08-19,ARI incidence,2026-09-06,4,NL,quantile,0.8,133.18305049962726
2026-08-19,ARI incidence,2026-09-06,4,NL,quantile,0.85,138.7092927875862
2026-08-19,ARI incidence,2026-09-06,4,NL,quantile,0.9,145.66256746203481
2026-08-19,ARI incidence,2026-09-06,4,NL,quantile,0.95,155.96836796795785
2026-08-19,ARI incidence,2026-09-06,4,NL,quantile,0.975,164.90711296181317
2026-08-19,ARI incidence,2026-09-06,4,NL,quantile,0.99,175.30033577799352
2026-08-19,ARI incidence,2026-08-16,1,RO,median,,577.4696584393341
2026-08-19,ARI incidence,2026-08-16,1,RO,quantile,0.01,302.2087436604085
2026-08-19,ARI incidence,2026-08-16,1,RO,quantile,0.025,345.56045632110784
2026-08-19,ARI incidence,2026-08-16,1,RO,quantile,0.05,382.8453208308533
2026-08-19,ARI incidence,2026-08-16,1,RO,quantile,0.1,425.8323817428662
2026-08-19,ARI incidence,2026-08-16,1,RO,quantile,0.15,454.83554765867166
2026-08-19,ARI incidence,2026-08-16,1,RO,quantile,0.2,477.8863445094841
2026-08-19,ARI incidence,2026-08-16,1,RO,quantile,0.25,497.66187572561125
2026-08-19,ARI incidence,2026-08-16,1,RO,quantile,0.3,515.4209139461798
2026-08-19,ARI incidence,2026-08-16,1,RO,quantile,0.35,531.8773094833037
2026-08-19,ARI incidence,2026-08-16,1,RO,quantile,0.4,547.4928195736062
2026-08-19,ARI incidence,2026-08-16,1,RO,quantile,0.45,562.6010063027998
2026-08-19,ARI incidence,2026-08-16,1,RO,quantile,0.5,577.4696584393341
2026-08-19,ARI incidence,2026-08-16,1,RO,quantile,0.55,592.3383105758685
2026-08-19,ARI incidence,2026-08-16,1,RO,quantile,0.6,607.446497305062
2026-08-19,ARI incidence,2026-08-16,1,RO,quantile,0.65,623.0620073953645
2026-08-19,ARI incidence,2026-08-16,1,RO,quantile,0.7,639.5184029324885
2026-08-19,ARI incidence,2026-08-16,1,RO,quantile,0.75,657.277441153057
2026-08-19,ARI incidence,2026-08-16,1,RO,quantile,0.8,677.0529723691841
2026-08-19,ARI incidence,2026-08-16,1,RO,quantile,0.85,700.1037692199966
2026-08-19,ARI incidence,2026-08-16,1,RO,quantile,0.9,729.1069351358021
2026-08-19,ARI incidence,2026-08-16,1,RO,quantile,0.95,772.0939960478148
2026-08-19,ARI incidence,2026-08-16,1,RO,quantile,0.975,809.3788605575604
2026-08-19,ARI incidence,2026-08-16,1,RO,quantile,0.99,852.7305732182597
2026-08-19,ARI incidence,2026-08-23,2,RO,median,,577.4696584393341
2026-08-19,ARI incidence,2026-08-23,2,RO,quantile,0.01,302.2087436604085
2026-08-19,ARI incidence,2026-08-23,2,RO,quantile,0.025,345.56045632110784
2026-08-19,ARI incidence,2026-08-23,2,RO,quantile,0.05,382.8453208308533
2026-08-19,ARI incidence,2026-08-23,2,RO,quantile,0.1,425.8323817428662
2026-08-19,ARI incidence,2026-08-23,2,RO,quantile,0.15,454.83554765867166
2026-08-19,ARI incidence,2026-08-23,2,RO,quantile,0.2,477.8863445094841
2026-08-19,ARI incidence,2026-08-23,2,RO,quantile,0.25,497.66187572561125
2026-08-19,ARI incidence,2026-08-23,2,RO,quantile,0.3,515.4209139461798
2026-08-19,ARI incidence,2026-08-23,2,RO,quantile,0.35,531.8773094833037
2026-08-19,ARI incidence,2026-08-23,2,RO,quantile,0.4,547.4928195736062
2026-08-19,ARI incidence,2026-08-23,2,RO,quantile,0.45,562.6010063027998
2026-08-19,ARI incidence,2026-08-23,2,RO,quantile,0.5,577.4696584393341
2026-08-19,ARI incidence,2026-08-23,2,RO,quantile,0.55,592.3383105758685
2026-08-19,ARI incidence,2026-08-23,2,RO,quantile,0.6,607.446497305062
2026-08-19,ARI incidence,2026-08-23,2,RO,quantile,0.65,623.0620073953645
2026-08-19,ARI incidence,2026-08-23,2,RO,quantile,0.7,639.5184029324885
2026-08-19,ARI incidence,2026-08-23,2,RO,quantile,0.75,657.277441153057
2026-08-19,ARI incidence,2026-08-23,2,RO,quantile,0.8,677.0529723691841
2026-08-19,ARI incidence,2026-08-23,2,RO,quantile,0.85,700.1037692199966
2026-08-19,ARI incidence,2026-08-23,2,RO,quantile,0.9,729.1069351358021
2026-08-19,ARI incidence,2026-08-23,2,RO,quantile,0.95,772.0939960478148
2026-08-19,ARI incidence,2026-08-23,2,RO,quantile,0.975,809.3788605575604
2026-08-19,ARI incidence,2026-08-23,2,RO,quantile,0.99,852.7305732182597
2026-08-19,ARI incidence,2026-08-30,3,RO,median,,577.4696584393341
2026-08-19,ARI incidence,2026-08-30,3,RO,quantile,0.01,302.2087436604085
2026-08-19,ARI incidence,2026-08-30,3,RO,quantile,0.025,345.56045632110784
2026-08-19,ARI incidence,2026-08-30,3,RO,quantile,0.05,382.8453208308533
2026-08-19,ARI incidence,2026-08-30,3,RO,quantile,0.1,425.8323817428662
2026-08-19,ARI incidence,2026-08-30,3,RO,quantile,0.15,454.83554765867166
2026-08-19,ARI incidence,2026-08-30,3,RO,quantile,0.2,477.8863445094841
2026-08-19,ARI incidence,2026-08-30,3,RO,quantile,0.25,497.66187572561125
2026-08-19,ARI incidence,2026-08-30,3,RO,quantile,0.3,515.4209139461798
2026-08-19,ARI incidence,2026-08-30,3,RO,quantile,0.35,531.8773094833037
2026-08-19,ARI incidence,2026-08-30,3,RO,quantile,0.4,547.4928195736062
2026-08-19,ARI incidence,2026-08-30,3,RO,quantile,0.45,562.6010063027998
2026-08-19,ARI incidence,2026-08-30,3,RO,quantile,0.5,577.4696584393341
2026-08-19,ARI incidence,2026-08-30,3,RO,quantile,0.55,592.3383105758685
2026-08-19,ARI incidence,2026-08-30,3,RO,quantile,0.6,607.446497305062
2026-08-19,ARI incidence,2026-08-30,3,RO,quantile,0.65,623.0620073953645
2026-08-19,ARI incidence,2026-08-30,3,RO,quantile,0.7,639.5184029324885
2026-08-19,ARI incidence,2026-08-30,3,RO,quantile,0.75,657.277441153057
2026-08-19,ARI incidence,2026-08-30,3,RO,quantile,0.8,677.0529723691841
2026-08-19,ARI incidence,2026-08-30,3,RO,quantile,0.85,700.1037692199966
2026-08-19,ARI incidence,2026-08-30,3,RO,quantile,0.9,729.1069351358021
2026-08-19,ARI incidence,2026-08-30,3,RO,quantile,0.95,772.0939960478148
2026-08-19,ARI incidence,2026-08-30,3,RO,quantile,0.975,809.3788605575604
2026-08-19,ARI incidence,2026-08-30,3,RO,quantile,0.99,852.7305732182597
2026-08-19,ARI incidence,2026-09-06,4,RO,median,,577.4696584393341
2026-08-19,ARI incidence,2026-09-06,4,RO,quantile,0.01,302.2087436604085
2026-08-19,ARI incidence,2026-09-06,4,RO,quantile,0.025,345.56045632110784
2026-08-19,ARI incidence,2026-09-06,4,RO,quantile,0.05,382.8453208308533
2026-08-19,ARI incidence,2026-09-06,4,RO,quantile,0.1,425.8323817428662
2026-08-19,ARI incidence,2026-09-06,4,RO,quantile,0.15,454.83554765867166
2026-08-19,ARI incidence,2026-09-06,4,RO,quantile,0.2,477.8863445094841
2026-08-19,ARI incidence,2026-09-06,4,RO,quantile,0.25,497.66187572561125
2026-08-19,ARI incidence,2026-09-06,4,RO,quantile,0.3,515.4209139461798
2026-08-19,ARI incidence,2026-09-06,4,RO,quantile,0.35,531.8773094833037
2026-08-19,ARI incidence,2026-09-06,4,RO,quantile,0.4,547.4928195736062
2026-08-19,ARI incidence,2026-09-06,4,RO,quantile,0.45,562.6010063027998
2026-08-19,ARI incidence,2026-09-06,4,RO,quantile,0.5,577.4696584393341
2026-08-19,ARI incidence,2026-09-06,4,RO,quantile,0.55,592.3383105758685
2026-08-19,ARI incidence,2026-09-06,4,RO,quantile,0.6,607.446497305062
2026-08-19,ARI incidence,2026-09-06,4,RO,quantile,0.65,623.0620073953645
2026-08-19,ARI incidence,2026-09-06,4,RO,quantile,0.7,639.5184029324885
2026-08-19,ARI incidence,2026-09-06,4,RO,quantile,0.75,657.277441153057
2026-08-19,ARI incidence,2026-09-06,4,RO,quantile,0.8,677.0529723691841
2026-08-19,ARI incidence,2026-09-06,4,RO,quantile,0.85,700.1037692199966
2026-08-19,ARI incidence,2026-09-06,4,RO,quantile,0.9,729.1069351358021
2026-08-19,ARI incidence,2026-09-06,4,RO,quantile,0.95,772.0939960478148
2026-08-19,ARI incidence,2026-09-06,4,RO,quantile,0.975,809.3788605575604
2026-08-19,ARI incidence,2026-09-06,4,RO,quantile,0.99,852.7305732182597
2026-08-19,ARI incidence,2026-08-16,1,SI,median,,375.4427668780081
2026-08-19,ARI incidence,2026-08-16,1,SI,quantile,0.01,0.0
2026-08-19,ARI incidence,2026-08-16,1,SI,quantile,0.025,0.0
2026-08-19,ARI incidence,2026-08-16,1,SI,quantile,0.05,0.0
2026-08-19,ARI incidence,2026-08-16,1,SI,quantile,0.1,32.57130525983143
2026-08-19,ARI incidence,2026-08-16,1,SI,quantile,0.15,98.15120820818305
2026-08-19,ARI incidence,2026-08-16,1,SI,quantile,0.2,150.2720361463033
2026-08-19,ARI incidence,2026-08-16,1,SI,quantile,0.25,194.98706559069146
2026-08-19,ARI incidence,2026-08-16,1,SI,quantile,0.3,235.1425440078346
2026-08-19,ARI incidence,2026-08-16,1,SI,quantile,0.35,272.3525791239029
2026-08-19,ARI incidence,2026-08-16,1,SI,quantile,0.4,307.6612636717842
2026-08-19,ARI incidence,2026-08-16,1,SI,quantile,0.45,341.8228245959366
2026-08-19,ARI incidence,2026-08-16,1,SI,quantile,0.5,375.4427668780081
2026-08-19,ARI incidence,2026-08-16,1,SI,quantile,0.55,409.0627091600797
2026-08-19,ARI incidence,2026-08-16,1,SI,quantile,0.6,443.22427008423205
2026-08-19,ARI incidence,2026-08-16,1,SI,quantile,0.65,478.53295463211333
2026-08-19,ARI incidence,2026-08-16,1,SI,quantile,0.7,515.7429897481816
2026-08-19,ARI incidence,2026-08-16,1,SI,quantile,0.75,555.8984681653247
2026-08-19,ARI incidence,2026-08-16,1,SI,quantile,0.8,600.613497609713
2026-08-19,ARI incidence,2026-08-16,1,SI,quantile,0.85,652.7343255478331
2026-08-19,ARI incidence,2026-08-16,1,SI,quantile,0.9,718.3142284961848
2026-08-19,ARI incidence,2026-08-16,1,SI,quantile,0.95,815.5135235948069
2026-08-19,ARI incidence,2026-08-16,1,SI,quantile,0.975,899.8194163752588
2026-08-19,ARI incidence,2026-08-16,1,SI,quantile,0.99,997.8432361605387
2026-08-19,ARI incidence,2026-08-23,2,SI,median,,375.4427668780081
2026-08-19,ARI incidence,2026-08-23,2,SI,quantile,0.01,0.0
2026-08-19,ARI incidence,2026-08-23,2,SI,quantile,0.025,0.0
2026-08-19,ARI incidence,2026-08-23,2,SI,quantile,0.05,0.0
2026-08-19,ARI incidence,2026-08-23,2,SI,quantile,0.1,32.57130525983143
2026-08-19,ARI incidence,2026-08-23,2,SI,quantile,0.15,98.15120820818305
2026-08-19,ARI incidence,2026-08-23,2,SI,quantile,0.2,150.2720361463033
2026-08-19,ARI incidence,2026-08-23,2,SI,quantile,0.25,194.98706559069146
2026-08-19,ARI incidence,2026-08-23,2,SI,quantile,0.3,235.1425440078346
2026-08-19,ARI incidence,2026-08-23,2,SI,quantile,0.35,272.3525791239029
2026-08-19,ARI incidence,2026-08-23,2,SI,quantile,0.4,307.6612636717842
2026-08-19,ARI incidence,2026-08-23,2,SI,quantile,0.45,341.8228245959366
2026-08-19,ARI incidence,2026-08-23,2,SI,quantile,0.5,375.4427668780081
2026-08-19,ARI incidence,2026-08-23,2,SI,quantile,0.55,409.0627091600797
2026-08-19,ARI incidence,2026-08-23,2,SI,quantile,0.6,443.22427008423205
2026-08-19,ARI incidence,2026-08-23,2,SI,quantile,0.65,478.53295463211333
2026-08-19,ARI incidence,2026-08-23,2,SI,quantile,0.7,515.7429897481816
2026-08-19,ARI incidence,2026-08-23,2,SI,quantile,0.75,555.8984681653247
2026-08-19,ARI incidence,2026-08-23,2,SI,quantile,0.8,600.613497609713
2026-08-19,ARI incidence,2026-08-23,2,SI,quantile,0.85,652.7343255478331
2026-08-19,ARI incidence,2026-08-23,2,SI,quantile,0.9,718.3142284961848
2026-08-19,ARI incidence,2026-08-23,2,SI,quantile,0.95,815.5135235948069
2026-08-19,ARI incidence,2026-08-23,2,SI,quantile,0.975,899.8194163752588
2026-08-19,ARI incidence,2026-08-23,2,SI,quantile,0.99,997.8432361605387
2026-08-19,ARI incidence,2026-08-30,3,SI,median,,375.4427668780081
2026-08-19,ARI incidence,2026-08-30,3,SI,quantile,0.01,0.0
2026-08-19,ARI incidence,2026-08-30,3,SI,quantile,0.025,0.0
2026-08-19,ARI incidence,2026-08-30,3,SI,quantile,0.05,0.0
2026-08-19,ARI incidence,2026-08-30,3,SI,quantile,0.1,32.57130525983143
2026-08-19,ARI incidence,2026-08-30,3,SI,quantile,0.15,98.15120820818305
2026-08-19,ARI incidence,2026-08-30,3,SI,quantile,0.2,150.2720361463033
2026-08-19,ARI incidence,2026-08-30,3,SI,quantile,0.25,194.98706559069146
2026-08-19,ARI incidence,2026-08-30,3,SI,quantile,0.3,235.1425440078346
2026-08-19,ARI incidence,2026-08-30,3,SI,quantile,0.35,272.3525791239029
2026-08-19,ARI incidence,2026-08-30,3,SI,quantile,0.4,307.6612636717842
2026-08-19,ARI incidence,2026-08-30,3,SI,quantile,0.45,341.8228245959366
2026-08-19,ARI incidence,2026-08-30,3,SI,quantile,0.5,375.4427668780081
2026-08-19,ARI incidence,2026-08-30,3,SI,quantile,0.55,409.0627091600797
2026-08-19,ARI incidence,2026-08-30,3,SI,quantile,0.6,443.22427008423205
2026-08-19,ARI incidence,2026-08-30,3,SI,quantile,0.65,478.53295463211333
2026-08-19,ARI incidence,2026-08-30,3,SI,quantile,0.7,515.7429897481816
2026-08-19,ARI incidence,2026-08-30,3,SI,quantile,0.75,555.8984681653247
2026-08-19,ARI incidence,2026-08-30,3,SI,quantile,0.8,600.613497609713
2026-08-19,ARI incidence,2026-08-30,3,SI,quantile,0.85,652.7343255478331
2026-08-19,ARI incidence,2026-08-30,3,SI,quantile,0.9,718.3142284961848
2026-08-19,ARI incidence,2026-08-30,3,SI,quantile,0.95,815.5135235948069
2026-08-19,ARI incidence,2026-08-30,3,SI,quantile,0.975,899.8194163752588
2026-08-19,ARI incidence,2026-08-30,3,SI,quantile,0.99,997.8432361605387
2026-08-19,ARI incidence,2026-09-06,4,SI,median,,375.4427668780081
2026-08-19,ARI incidence,2026-09-06,4,SI,quantile,0.01,0.0
2026-08-19,ARI incidence,2026-09-06,4,SI,quantile,0.025,0.0
2026-08-19,ARI incidence,2026-09-06,4,SI,quantile,0.05,0.0
2026-08-19,ARI incidence,2026-09-06,4,SI,quantile,0.1,32.57130525983143
2026-08-19,ARI incidence,2026-09-06,4,SI,quantile,0.15,98.15120820818305
2026-08-19,ARI incidence,2026-09-06,4,SI,quantile,0.2,150.2720361463033
2026-08-19,ARI incidence,2026-09-06,4,SI,quantile,0.25,194.98706559069146
2026-08-19,ARI incidence,2026-09-06,4,SI,quantile,0.3,235.1425440078346
2026-08-19,ARI incidence,2026-09-06,4,SI,quantile,0.35,272.3525791239029
2026-08-19,ARI incidence,2026-09-06,4,SI,quantile,0.4,307.6612636717842
2026-08-19,ARI incidence,2026-09-06,4,SI,quantile,0.45,341.8228245959366
2026-08-19,ARI incidence,2026-09-06,4,SI,quantile,0.5,375.4427668780081
2026-08-19,ARI incidence,2026-09-06,4,SI,quantile,0.55,409.0627091600797
2026-08-19,ARI incidence,2026-09-06,4,SI,quantile,0.6,443.22427008423205
2026-08-19,ARI incidence,2026-09-06,4,SI,quantile,0.65,478.53295463211333
2026-08-19,ARI incidence,2026-09-06,4,SI,quantile,0.7,515.7429897481816
2026-08-19,ARI incidence,2026-09-06,4,SI,quantile,0.75,555.8984681653247
2026-08-19,ARI incidence,2026-09-06,4,SI,quantile,0.8,600.613497609713
2026-08-19,ARI incidence,2026-09-06,4,SI,quantile,0.85,652.7343255478331
2026-08-19,ARI incidence,2026-09-06,4,SI,quantile,0.9,718.3142284961848
2026-08-19,ARI incidence,2026-09-06,4,SI,quantile,0.95,815.5135235948069
2026-08-19,ARI incidence,2026-09-06,4,SI,quantile,0.975,899.8194163752588
2026-08-19,ARI incidence,2026-09-06,4,SI,quantile,0.99,997.8432361605387
2026-08-19,ILI incidence,2026-08-16,1,BE,median,,30.829808894426378
2026-08-19,ILI incidence,2026-08-16,1,BE,quantile,0.01,0.0
2026-08-19,ILI incidence,2026-08-16,1,BE,quantile,0.025,0.0
2026-08-19,ILI incidence,2026-08-16,1,BE,quantile,0.05,0.0
2026-08-19,ILI incidence,2026-08-16,1,BE,quantile,0.1,0.0
2026-08-19,ILI incidence,2026-08-16,1,BE,quantile,0.15,0.0
2026-08-19,ILI incidence,2026-08-16,1,BE,quantile,0.2,0.0
2026-08-19,ILI incidence,2026-08-16,1,BE,quantile,0.25,0.0
2026-08-19,ILI incidence,2026-08-16,1,BE,quantile,0.3,0.0
2026-08-19,ILI incidence,2026-08-16,1,BE,quantile,0.35,2.0778782803518006
2026-08-19,ILI incidence,2026-08-16,1,BE,quantile,0.4,11.925496858915341
2026-08-19,ILI incidence,2026-08-16,1,BE,quantile,0.45,21.4531817992369
2026-08-19,ILI incidence,2026-08-16,1,BE,quantile,0.5,30.829808894426378
2026-08-19,ILI incidence,2026-08-16,1,BE,quantile,0.55,40.20643598961587
2026-08-19,ILI incidence,2026-08-16,1,BE,quantile,0.6,49.73412092993742
2026-08-19,ILI incidence,2026-08-16,1,BE,quantile,0.65,59.58173950850096
2026-08-19,ILI incidence,2026-08-16,1,BE,quantile,0.7,69.95964618528717
2026-08-19,ILI incidence,2026-08-16,1,BE,quantile,0.75,81.15903920587749
2026-08-19,ILI incidence,2026-08-16,1,BE,quantile,0.8,93.6300944246139
2026-08-19,ILI incidence,2026-08-16,1,BE,quantile,0.85,108.1666323927027
2026-08-19,ILI incidence,2026-08-16,1,BE,quantile,0.9,126.45691646654915
2026-08-19,ILI incidence,2026-08-16,1,BE,quantile,0.95,153.56587270473636
2026-08-19,ILI incidence,2026-08-16,1,BE,quantile,0.975,177.07884937486216
2026-08-19,ILI incidence,2026-08-16,1,BE,quantile,0.99,204.4177661660064
2026-08-19,ILI incidence,2026-08-23,2,BE,median,,30.829808894426378
2026-08-19,ILI incidence,2026-08-23,2,BE,quantile,0.01,0.0
2026-08-19,ILI incidence,2026-08-23,2,BE,quantile,0.025,0.0
2026-08-19,ILI incidence,2026-08-23,2,BE,quantile,0.05,0.0
2026-08-19,ILI incidence,2026-08-23,2,BE,quantile,0.1,0.0
2026-08-19,ILI incidence,2026-08-23,2,BE,quantile,0.15,0.0
2026-08-19,ILI incidence,2026-08-23,2,BE,quantile,0.2,0.0
2026-08-19,ILI incidence,2026-08-23,2,BE,quantile,0.25,0.0
2026-08-19,ILI incidence,2026-08-23,2,BE,quantile,0.3,0.0
2026-08-19,ILI incidence,2026-08-23,2,BE,quantile,0.35,2.0778782803518006
2026-08-19,ILI incidence,2026-08-23,2,BE,quantile,0.4,11.925496858915341
2026-08-19,ILI incidence,2026-08-23,2,BE,quantile,0.45,21.4531817992369
2026-08-19,ILI incidence,2026-08-23,2,BE,quantile,0.5,30.829808894426378
2026-08-19,ILI incidence,2026-08-23,2,BE,quantile,0.55,40.20643598961587
2026-08-19,ILI incidence,2026-08-23,2,BE,quantile,0.6,49.73412092993742
2026-08-19,ILI incidence,2026-08-23,2,BE,quantile,0.65,59.58173950850096
2026-08-19,ILI incidence,2026-08-23,2,BE,quantile,0.7,69.95964618528717
2026-08-19,ILI incidence,2026-08-23,2,BE,quantile,0.75,81.15903920587749
2026-08-19,ILI incidence,2026-08-23,2,BE,quantile,0.8,93.6300944246139
2026-08-19,ILI incidence,2026-08-23,2,BE,quantile,0.85,108.1666323927027
2026-08-19,ILI incidence,2026-08-23,2,BE,quantile,0.9,126.45691646654915
2026-08-19,ILI incidence,2026-08-23,2,BE,quantile,0.95,153.56587270473636
2026-08-19,ILI incidence,2026-08-23,2,BE,quantile,0.975,177.07884937486216
2026-08-19,ILI incidence,2026-08-23,2,BE,quantile,0.99,204.4177661660064
2026-08-19,ILI incidence,2026-08-30,3,BE,median,,30.829808894426378
2026-08-19,ILI incidence,2026-08-30,3,BE,quantile,0.01,0.0
2026-08-19,ILI incidence,2026-08-30,3,BE,quantile,0.025,0.0
2026-08-19,ILI incidence,2026-08-30,3,BE,quantile,0.05,0.0
2026-08-19,ILI incidence,2026-08-30,3,BE,quantile,0.1,0.0
2026-08-19,ILI incidence,2026-08-30,3,BE,quantile,0.15,0.0
2026-08-19,ILI incidence,2026-08-30,3,BE,quantile,0.2,0.0
2026-08-19,ILI incidence,2026-08-30,3,BE,quantile,0.25,0.0
2026-08-19,ILI incidence,2026-08-30,3,BE,quantile,0.3,0.0
2026-08-19,ILI incidence,2026-08-30,3,BE,quantile,0.35,2.0778782803518006
2026-08-19,ILI incidence,2026-08-30,3,BE,quantile,0.4,11.925496858915341
2026-08-19,ILI incidence,2026-08-30,3,BE,quantile,0.45,21.4531817992369
2026-08-19,ILI incidence,2026-08-30,3,BE,quantile,0.5,30.829808894426378
2026-08-19,ILI incidence,2026-08-30,3,BE,quantile,0.55,40.20643598961587
2026-08-19,ILI incidence,2026-08-30,3,BE,quantile,0.6,49.73412092993742
2026-08-19,ILI incidence,2026-08-30,3,BE,quantile,0.65,59.58173950850096
2026-08-19,ILI incidence,2026-08-30,3,BE,quantile,0.7,69.95964618528717
2026-08-19,ILI incidence,2026-08-30,3,BE,quantile,0.75,81.15903920587749
2026-08-19,ILI incidence,2026-08-30,3,BE,quantile,0.8,93.6300944246139
2026-08-19,ILI incidence,2026-08-30,3,BE,quantile,0.85,108.1666323927027
2026-08-19,ILI incidence,2026-08-30,3,BE,quantile,0.9,126.45691646654915
2026-08-19,ILI incidence,2026-08-30,3,BE,quantile,0.95,153.56587270473636
2026-08-19,ILI incidence,2026-08-30,3,BE,quantile,0.975,177.07884937486216
2026-08-19,ILI incidence,2026-08-30,3,BE,quantile,0.99,204.4177661660064
2026-08-19,ILI incidence,2026-09-06,4,BE,median,,30.829808894426378
2026-08-19,ILI incidence,2026-09-06,4,BE,quantile,0.01,0.0
2026-08-19,ILI incidence,2026-09-06,4,BE,quantile,0.025,0.0
2026-08-19,ILI incidence,2026-09-06,4,BE,quantile,0.05,0.0
2026-08-19,ILI incidence,2026-09-06,4,BE,quantile,0.1,0.0
2026-08-19,ILI incidence,2026-09-06,4,BE,quantile,0.15,0.0
2026-08-19,ILI incidence,2026-09-06,4,BE,quantile,0.2,0.0
2026-08-19,ILI incidence,2026-09-06,4,BE,quantile,0.25,0.0
2026-08-19,ILI incidence,2026-09-06,4,BE,quantile,0.3,0.0
2026-08-19,ILI incidence,2026-09-06,4,BE,quantile,0.35,2.0778782803518006
2026-08-19,ILI incidence,2026-09-06,4,BE,quantile,0.4,11.925496858915341
2026-08-19,ILI incidence,2026-09-06,4,BE,quantile,0.45,21.4531817992369
2026-08-19,ILI incidence,2026-09-06,4,BE,quantile,0.5,30.829808894426378
2026-08-19,ILI incidence,2026-09-06,4,BE,quantile,0.55,40.20643598961587
2026-08-19,ILI incidence,2026-09-06,4,BE,quantile,0.6,49.73412092993742
2026-08-19,ILI incidence,2026-09-06,4,BE,quantile,0.65,59.58173950850096
2026-08-19,ILI incidence,2026-09-06,4,BE,quantile,0.7,69.95964618528717
2026-08-19,ILI incidence,2026-09-06,4,BE,quantile,0.75,81.15903920587749
2026-08-19,ILI incidence,2026-09-06,4,BE,quantile,0.8,93.6300944246139
2026-08-19,ILI incidence,2026-09-06,4,BE,quantile,0.85,108.1666323927027
2026-08-19,ILI incidence,2026-09-06,4,BE,quantile,0.9,126.45691646654915
2026-08-19,ILI incidence,2026-09-06,4,BE,quantile,0.95,153.56587270473636
2026-08-19,ILI incidence,2026-09-06,4,BE,quantile,0.975,177.07884937486216
2026-08-19,ILI incidence,2026-09-06,4,BE,quantile,0.99,204.4177661660064
2026-08-19,ILI incidence,2026-08-16,1,DK,median,,81.3381479460241
2026-08-19,ILI incidence,2026-08-16,1,DK,quantile,0.01,19.09031636487518
2026-08-19,ILI incidence,2026-08-16,1,DK,quantile,0.025,28.89392437302591
2026-08-19,ILI incidence,2026-08-16,1,DK,quantile,0.05,37.3255681041841
2026-08-19,ILI incidence,2026-08-16,1,DK,quantile,0.1,47.04671333095435
2026-08-19,ILI incidence,2026-08-16,1,DK,quantile,0.15,53.60552386421571
2026-08-19,ILI incidence,2026-08-16,1,DK,quantile,0.2,58.8182585575268
2026-08-19,ILI incidence,2026-08-16,1,DK,quantile,0.25,63.29032077368959
2026-08-19,ILI incidence,2026-08-16,1,DK,quantile,0.3,67.30637085869704
2026-08-19,ILI incidence,2026-08-16,1,DK,quantile,0.35,71.02783977356418
2026-08-19,ILI incidence,2026-08-16,1,DK,quantile,0.4,74.55914985053445
2026-08-19,ILI incidence,2026-08-16,1,DK,quantile,0.45,77.97573321752178
2026-08-19,ILI incidence,2026-08-16,1,DK,quantile,0.5,81.3381479460241
2026-08-19,ILI incidence,2026-08-16,1,DK,quantile,0.55,84.70056267452642
2026-08-19,ILI incidence,2026-08-16,1,DK,quantile,0.6,88.11714604151373
2026-08-19,ILI incidence,2026-08-16,1,DK,quantile,0.65,91.648456118484
2026-08-19,ILI incidence,2026-08-16,1,DK,quantile,0.7,95.36992503335114
2026-08-19,ILI incidence,2026-08-16,1,DK,quantile,0.75,99.3859751183586
2026-08-19,ILI incidence,2026-08-16,1,DK,quantile,0.8,103.85803733452138
2026-08-19,ILI incidence,2026-08-16,1,DK,quantile,0.85,109.07077202783248
2026-08-19,ILI incidence,2026-08-16,1,DK,quantile,0.9,115.62958256109384
2026-08-19,ILI incidence,2026-08-16,1,DK,quantile,0.95,125.35072778786406
2026-08-19,ILI incidence,2026-08-16,1,DK,quantile,0.975,133.78237151902226
2026-08-19,ILI incidence,2026-08-16,1,DK,quantile,0.99,143.585979527173
2026-08-19,ILI incidence,2026-08-23,2,DK,median,,81.3381479460241
2026-08-19,ILI incidence,2026-08-23,2,DK,quantile,0.01,19.09031636487518
2026-08-19,ILI incidence,2026-08-23,2,DK,quantile,0.025,28.89392437302591
2026-08-19,ILI incidence,2026-08-23,2,DK,quantile,0.05,37.3255681041841
2026-08-19,ILI incidence,2026-08-23,2,DK,quantile,0.1,47.04671333095435
2026-08-19,ILI incidence,2026-08-23,2,DK,quantile,0.15,53.60552386421571
2026-08-19,ILI incidence,2026-08-23,2,DK,quantile,0.2,58.8182585575268
2026-08-19,ILI incidence,2026-08-23,2,DK,quantile,0.25,63.29032077368959
2026-08-19,ILI incidence,2026-08-23,2,DK,quantile,0.3,67.30637085869704
2026-08-19,ILI incidence,2026-08-23,2,DK,quantile,0.35,71.02783977356418
2026-08-19,ILI incidence,2026-08-23,2,DK,quantile,0.4,74.55914985053445
2026-08-19,ILI incidence,2026-08-23,2,DK,quantile,0.45,77.97573321752178
2026-08-19,ILI incidence,2026-08-23,2,DK,quantile,0.5,81.3381479460241
2026-08-19,ILI incidence,2026-08-23,2,DK,quantile,0.55,84.70056267452642
2026-08-19,ILI incidence,2026-08-23,2,DK,quantile,0.6,88.11714604151373
2026-08-19,ILI incidence,2026-08-23,2,DK,quantile,0.65,91.648456118484
2026-08-19,ILI incidence,2026-08-23,2,DK,quantile,0.7,95.36992503335114
2026-08-19,ILI incidence,2026-08-23,2,DK,quantile,0.75,99.3859751183586
2026-08-19,ILI incidence,2026-08-23,2,DK,quantile,0.8,103.85803733452138
2026-08-19,ILI incidence,2026-08-23,2,DK,quantile,0.85,109.07077202783248
2026-08-19,ILI incidence,2026-08-23,2,DK,quantile,0.9,115.62958256109384
2026-08-19,ILI incidence,2026-08-23,2,DK,quantile,0.95,125.35072778786406
2026-08-19,ILI incidence,2026-08-23,2,DK,quantile,0.975,133.78237151902226
2026-08-19,ILI incidence,2026-08-23,2,DK,quantile,0.99,143.585979527173
2026-08-19,ILI incidence,2026-08-30,3,DK,median,,81.3381479460241
2026-08-19,ILI incidence,2026-08-30,3,DK,quantile,0.01,19.09031636487518
2026-08-19,ILI incidence,2026-08-30,3,DK,quantile,0.025,28.89392437302591
2026-08-19,ILI incidence,2026-08-30,3,DK,quantile,0.05,37.3255681041841
2026-08-19,ILI incidence,2026-08-30,3,DK,quantile,0.1,47.04671333095435
2026-08-19,ILI incidence,2026-08-30,3,DK,quantile,0.15,53.60552386421571
2026-08-19,ILI incidence,2026-08-30,3,DK,quantile,0.2,58.8182585575268
2026-08-19,ILI incidence,2026-08-30,3,DK,quantile,0.25,63.29032077368959
2026-08-19,ILI incidence,2026-08-30,3,DK,quantile,0.3,67.30637085869704
2026-08-19,ILI incidence,2026-08-30,3,DK,quantile,0.35,71.02783977356418
2026-08-19,ILI incidence,2026-08-30,3,DK,quantile,0.4,74.55914985053445
2026-08-19,ILI incidence,2026-08-30,3,DK,quantile,0.45,77.97573321752178
2026-08-19,ILI incidence,2026-08-30,3,DK,quantile,0.5,81.3381479460241
2026-08-19,ILI incidence,2026-08-30,3,DK,quantile,0.55,84.70056267452642
2026-08-19,ILI incidence,2026-08-30,3,DK,quantile,0.6,88.11714604151373
2026-08-19,ILI incidence,2026-08-30,3,DK,quantile,0.65,91.648456118484
2026-08-19,ILI incidence,2026-08-30,3,DK,quantile,0.7,95.36992503335114
2026-08-19,ILI incidence,2026-08-30,3,DK,quantile,0.75,99.3859751183586
2026-08-19,ILI incidence,2026-08-30,3,DK,quantile,0.8,103.85803733452138
2026-08-19,ILI incidence,2026-08-30,3,DK,quantile,0.85,109.07077202783248
2026-08-19,ILI incidence,2026-08-30,3,DK,quantile,0.9,115.62958256109384
2026-08-19,ILI incidence,2026-08-30,3,DK,quantile,0.95,125.35072778786406
2026-08-19,ILI incidence,2026-08-30,3,DK,quantile,0.975,133.78237151902226
2026-08-19,ILI incidence,2026-08-30,3,DK,quantile,0.99,143.585979527173
2026-08-19,ILI incidence,2026-09-06,4,DK,median,,81.3381479460241
2026-08-19,ILI incidence,2026-09-06,4,DK,quantile,0.01,19.09031636487518
2026-08-19,ILI incidence,2026-09-06,4,DK,quantile,0.025,28.89392437302591
2026-08-19,ILI incidence,2026-09-06,4,DK,quantile,0.05,37.3255681041841
2026-08-19,ILI incidence,2026-09-06,4,DK,quantile,0.1,47.04671333095435
2026-08-19,ILI incidence,2026-09-06,4,DK,quantile,0.15,53.60552386421571
2026-08-19,ILI incidence,2026-09-06,4,DK,quantile,0.2,58.8182585575268
2026-08-19,ILI incidence,2026-09-06,4,DK,quantile,0.25,63.29032077368959
2026-08-19,ILI incidence,2026-09-06,4,DK,quantile,0.3,67.30637085869704
2026-08-19,ILI incidence,2026-09-06,4,DK,quantile,0.35,71.02783977356418
2026-08-19,ILI incidence,2026-09-06,4,DK,quantile,0.4,74.55914985053445
2026-08-19,ILI incidence,2026-09-06,4,DK,quantile,0.45,77.97573321752178
2026-08-19,ILI incidence,2026-09-06,4,DK,quantile,0.5,81.3381479460241
2026-08-19,ILI incidence,2026-09-06,4,DK,quantile,0.55,84.70056267452642
2026-08-19,ILI incidence,2026-09-06,4,DK,quantile,0.6,88.11714604151373
2026-08-19,ILI incidence,2026-09-06,4,DK,quantile,0.65,91.648456118484
2026-08-19,ILI incidence,2026-09-06,4,DK,quantile,0.7,95.36992503335114
2026-08-19,ILI incidence,2026-09-06,4,DK,quantile,0.75,99.3859751183586
2026-08-19,ILI incidence,2026-09-06,4,DK,quantile,0.8,103.85803733452138
2026-08-19,ILI incidence,2026-09-06,4,DK,quantile,0.85,109.07077202783248
2026-08-19,ILI incidence,2026-09-06,4,DK,quantile,0.9,115.62958256109384
2026-08-19,ILI incidence,2026-09-06,4,DK,quantile,0.95,125.35072778786406
2026-08-19,ILI incidence,2026-09-06,4,DK,quantile,0.975,133.78237151902226
2026-08-19,ILI incidence,2026-09-06,4,DK,quantile,0.99,143.585979527173
2026-08-19,ILI incidence,2026-08-16,1,EE,median,,66.46796164917794
2026-08-19,ILI incidence,2026-08-16,1,EE,quantile,0.01,0.0
2026-08-19,ILI incidence,2026-08-16,1,EE,quantile,0.025,0.0
2026-08-19,ILI incidence,2026-08-16,1,EE,quantile,0.05,0.0
2026-08-19,ILI incidence,2026-08-16,1,EE,quantile,0.1,0.0
2026-08-19,ILI incidence,2026-08-16,1,EE,quantile,0.15,0.0
2026-08-19,ILI incidence,2026-08-16,1,EE,quantile,0.2,9.494167482049306
2026-08-19,ILI incidence,2026-08-16,1,EE,quantile,0.25,20.808181854446417
2026-08-19,ILI incidence,2026-08-16,1,EE,quantile,0.3,30.968516435173328
2026-08-19,ILI incidence,2026-08-16,1,EE,quantile,0.35,40.38358061676326
2026-08-19,ILI incidence,2026-08-16,1,EE,quantile,0.4,49.3175558239584
2026-08-19,ILI incidence,2026-08-16,1,EE,quantile,0.45,57.961280228972434
2026-08-19,ILI incidence,2026-08-16,1,EE,quantile,0.5,66.46796164917794
2026-08-19,ILI incidence,2026-08-16,1,EE,quantile,0.55,74.97464306938345
2026-08-19,ILI incidence,2026-08-16,1,EE,quantile,0.6,83.61836747439747
2026-08-19,ILI incidence,2026-08-16,1,EE,quantile,0.65,92.55234268159262
2026-08-19,ILI incidence,2026-08-16,1,EE,quantile,0.7,101.96740686318253
2026-08-19,ILI incidence,2026-08-16,1,EE,quantile,0.75,112.12774144390946
2026-08-19,ILI incidence,2026-08-16,1,EE,quantile,0.8,123.44175581630657
2026-08-19,ILI incidence,2026-08-16,1,EE,quantile,0.85,136.6296213666699
2026-08-19,ILI incidence,2026-08-16,1,EE,quantile,0.9,153.22296757973334
2026-08-19,ILI incidence,2026-08-16,1,EE,quantile,0.95,177.81680628223012
2026-08-19,ILI incidence,2026-08-16,1,EE,quantile,0.975,199.14829357962944
2026-08-19,ILI incidence,2026-08-16,1,EE,quantile,0.99,223.95075753120153
2026-08-19,ILI incidence,2026-08-23,2,EE,median,,64.56412130372175
2026-08-19,ILI incidence,2026-08-23,2,EE,quantile,0.01,0.0
2026-08-19,ILI incidence,2026-08-23,2,EE,quantile,0.025,0.0
2026-08-19,ILI incidence,2026-08-23,2,EE,quantile,0.05,0.0
2026-08-19,ILI incidence,2026-08-23,2,EE,quantile,0.1,0.0
2026-08-19,ILI incidence,2026-08-23,2,EE,quantile,0.15,0.0
2026-08-19,ILI incidence,2026-08-23,2,EE,quantile,0.2,7.141415129004791
2026-08-19,ILI incidence,2026-08-23,2,EE,quantile,0.25,18.544575695367797
2026-08-19,ILI incidence,2026-08-23,2,EE,quantile,0.3,28.784966313455037
2026-08-19,ILI incidence,2026-08-23,2,EE,quantile,0.35,38.27421434439388
2026-08-19,ILI incidence,2026-08-23,2,EE,quantile,0.4,47.2785827701667
2026-08-19,ILI incidence,2026-08-23,2,EE,quantile,0.45,55.99041342880872
2026-08-19,ILI incidence,2026-08-23,2,EE,quantile,0.5,64.56412130372175
2026-08-19,ILI incidence,2026-08-23,2,EE,quantile,0.55,73.13782917863477
2026-08-19,ILI incidence,2026-08-23,2,EE,quantile,0.6,81.84965983727679
2026-08-19,ILI incidence,2026-08-23,2,EE,quantile,0.65,90.85402826304961
2026-08-19,ILI incidence,2026-08-23,2,EE,quantile,0.7,100.34327629398845
2026-08-19,ILI incidence,2026-08-23,2,EE,quantile,0.75,110.5836669120757
2026-08-19,ILI incidence,2026-08-23,2,EE,quantile,0.8,121.98682747843871
2026-08-19,ILI incidence,2026-08-23,2,EE,quantile,0.85,135.27860380544178
2026-08-19,ILI incidence,2026-08-23,2,EE,quantile,0.9,152.00269350276858
2026-08-19,ILI incidence,2026-08-23,2,EE,quantile,0.95,176.79031374408748
2026-08-19,ILI incidence,2026-08-23,2,EE,quantile,0.975,198.28987762700314
2026-08-19,ILI incidence,2026-08-23,2,EE,quantile,0.99,223.28776693243134
2026-08-19,ILI incidence,2026-08-30,3,EE,median,,63.54776933382976
2026-08-19,ILI incidence,2026-08-30,3,EE,quantile,0.01,0.0
2026-08-19,ILI incidence,2026-08-30,3,EE,quantile,0.025,0.0
2026-08-19,ILI incidence,2026-08-30,3,EE,quantile,0.05,0.0
2026-08-19,ILI incidence,2026-08-30,3,EE,quantile,0.1,0.0
2026-08-19,ILI incidence,2026-08-30,3,EE,quantile,0.15,0.0
2026-08-19,ILI incidence,2026-08-30,3,EE,quantile,0.2,4.6768355959537615
2026-08-19,ILI incidence,2026-08-30,3,EE,quantile,0.25,16.36758921634469
2026-08-19,ILI incidence,2026-08-30,3,EE,quantile,0.3,26.86624728538601
2026-08-19,ILI incidence,2026-08-30,3,EE,quantile,0.35,36.59481859917824
2026-08-19,ILI incidence,2026-08-30,3,EE,quantile,0.4,45.82628141690406
2026-08-19,ILI incidence,2026-08-30,3,EE,quantile,0.45,54.757828527902596
2026-08-19,ILI incidence,2026-08-30,3,EE,quantile,0.5,63.54776933382976
2026-08-19,ILI incidence,2026-08-30,3,EE,quantile,0.55,72.33771013975694
2026-08-19,ILI incidence,2026-08-30,3,EE,quantile,0.6,81.26925725075546
2026-08-19,ILI incidence,2026-08-30,3,EE,quantile,0.65,90.50072006848129
2026-08-19,ILI incidence,2026-08-30,3,EE,quantile,0.7,100.22929138227349
2026-08-19,ILI incidence,2026-08-30,3,EE,quantile,0.75,110.72794945131483
2026-08-19,ILI incidence,2026-08-30,3,EE,quantile,0.8,122.41870307170578
2026-08-19,ILI incidence,2026-08-30,3,EE,quantile,0.85,136.04570422739494
2026-08-19,ILI incidence,2026-08-30,3,EE,quantile,0.9,153.1915833052974
2026-08-19,ILI incidence,2026-08-30,3,EE,quantile,0.95,178.60435894680546
2026-08-19,ILI incidence,2026-08-30,3,EE,quantile,0.975,200.646151907473
2026-08-19,ILI incidence,2026-08-30,3,EE,quantile,0.99,226.2744996974381
2026-08-19,ILI incidence,2026-09-06,4,EE,median,,63.43623625993396
2026-08-19,ILI incidence,2026-09-06,4,EE,quantile,0.01,0.0
2026-08-19,ILI incidence,2026-09-06,4,EE,quantile,0.025,0.0
2026-08-19,ILI incidence,2026-09-06,4,EE,quantile,0.05,0.0
2026-08-19,ILI incidence,2026-09-06,4,EE,quantile,0.1,0.0
2026-08-19,ILI incidence,2026-09-06,4,EE,quantile,0.15,0.0
2026-08-19,ILI incidence,2026-09-06,4,EE,quantile,0.2,2.2316594287945364
2026-08-19,ILI incidence,2026-09-06,4,EE,quantile,0.25,14.385834379697123
2026-08-19,ILI incidence,2026-09-06,4,EE,quantile,0.3,25.300659126176242
2026-08-19,ILI incidence,2026-09-06,4,EE,quantile,0.35,35.414870887847854
2026-08-19,ILI incidence,2026-09-06,4,EE,quantile,0.4,45.01226877874958
2026-08-19,ILI incidence,2026-09-06,4,EE,quantile,0.45,54.29786230797791
2026-08-19,ILI incidence,2026-09-06,4,EE,quantile,0.5,63.43623625993396
2026-08-19,ILI incidence,2026-09-06,4,EE,quantile,0.55,72.57461021189002
2026-08-19,ILI incidence,2026-09-06,4,EE,quantile,0.6,81.86020374111834
2026-08-19,ILI incidence,2026-09-06,4,EE,quantile,0.65,91.45760163202007
2026-08-19,ILI incidence,2026-09-06,4,EE,quantile,0.7,101.57181339369167
2026-08-19,ILI incidence,2026-09-06,4,EE,quantile,0.75,112.48663814017081
2026-08-19,ILI incidence,2026-09-06,4,EE,quantile,0.8,124.6408130910734
2026-08-19,ILI incidence,2026-09-06,4,EE,quantile,0.85,138.80798840588935
2026-08-19,ILI incidence,2026-09-06,4,EE,quantile,0.9,156.63352992071242
2026-08-19,ILI incidence,2026-09-06,4,EE,quantile,0.95,183.0536676778022
2026-08-19,ILI incidence,2026-09-06,4,EE,quantile,0.975,205.96919704181664
2026-08-19,ILI incidence,2026-09-06,4,EE,quantile,0.99,232.61345222469143
2026-08-19,ILI incidence,2026-08-16,1,ES,median,,5.1557834111741805
2026-08-19,ILI incidence,2026-08-16,1,ES,quantile,0.01,0.0
2026-08-19,ILI incidence,2026-08-16,1,ES,quantile,0.025,0.0
2026-08-19,ILI incidence,2026-08-16,1,ES,quantile,0.05,0.44026315764484636
2026-08-19,ILI incidence,2026-08-16,1,ES,quantile,0.1,1.4817894069368194
2026-08-19,ILI incidence,2026-08-16,1,ES,quantile,0.15,2.1845022226771507
2026-08-19,ILI incidence,2026-08-16,1,ES,quantile,0.2,2.742996092177981
2026-08-19,ILI incidence,2026-08-16,1,ES,quantile,0.25,3.222134102972607
2026-08-19,ILI incidence,2026-08-16,1,ES,quantile,0.3,3.652414845048942
2026-08-19,ILI incidence,2026-08-16,1,ES,quantile,0.35,4.051134077232042
2026-08-19,ILI incidence,2026-08-16,1,ES,quantile,0.4,4.429479637735078
2026-08-19,ILI incidence,2026-08-16,1,ES,quantile,0.45,4.795533346079265
2026-08-19,ILI incidence,2026-08-16,1,ES,quantile,0.5,5.1557834111741805
2026-08-19,ILI incidence,2026-08-16,1,ES,quantile,0.55,5.516033476269096
2026-08-19,ILI incidence,2026-08-16,1,ES,quantile,0.6,5.882087184613283
2026-08-19,ILI incidence,2026-08-16,1,ES,quantile,0.65,6.260432745116319
2026-08-19,ILI incidence,2026-08-16,1,ES,quantile,0.7,6.659151977299418
2026-08-19,ILI incidence,2026-08-16,1,ES,quantile,0.75,7.089432719375754
2026-08-19,ILI incidence,2026-08-16,1,ES,quantile,0.8,7.56857073017038
2026-08-19,ILI incidence,2026-08-16,1,ES,quantile,0.85,8.127064599671211
2026-08-19,ILI incidence,2026-08-16,1,ES,quantile,0.9,8.829777415411542
2026-08-19,ILI incidence,2026-08-16,1,ES,quantile,0.95,9.871303664703513
2026-08-19,ILI incidence,2026-08-16,1,ES,quantile,0.975,10.774672359010843
2026-08-19,ILI incidence,2026-08-16,1,ES,quantile,0.99,11.825033694025112
2026-08-19,ILI incidence,2026-08-23,2,ES,median,,5.1557834111741805
2026-08-19,ILI incidence,2026-08-23,2,ES,quantile,0.01,0.0
2026-08-19,ILI incidence,2026-08-23,2,ES,quantile,0.025,0.0
2026-08-19,ILI incidence,2026-08-23,2,ES,quantile,0.05,0.44026315764484636
2026-08-19,ILI incidence,2026-08-23,2,ES,quantile,0.1,1.4817894069368194
2026-08-19,ILI incidence,2026-08-23,2,ES,quantile,0.15,2.1845022226771507
2026-08-19,ILI incidence,2026-08-23,2,ES,quantile,0.2,2.742996092177981
2026-08-19,ILI incidence,2026-08-23,2,ES,quantile,0.25,3.222134102972607
2026-08-19,ILI incidence,2026-08-23,2,ES,quantile,0.3,3.652414845048942
2026-08-19,ILI incidence,2026-08-23,2,ES,quantile,0.35,4.051134077232042
2026-08-19,ILI incidence,2026-08-23,2,ES,quantile,0.4,4.429479637735078
2026-08-19,ILI incidence,2026-08-23,2,ES,quantile,0.45,4.795533346079265
2026-08-19,ILI incidence,2026-08-23,2,ES,quantile,0.5,5.1557834111741805
2026-08-19,ILI incidence,2026-08-23,2,ES,quantile,0.55,5.516033476269096
2026-08-19,ILI incidence,2026-08-23,2,ES,quantile,0.6,5.882087184613283
2026-08-19,ILI incidence,2026-08-23,2,ES,quantile,0.65,6.260432745116319
2026-08-19,ILI incidence,2026-08-23,2,ES,quantile,0.7,6.659151977299418
2026-08-19,ILI incidence,2026-08-23,2,ES,quantile,0.75,7.089432719375754
2026-08-19,ILI incidence,2026-08-23,2,ES,quantile,0.8,7.56857073017038
2026-08-19,ILI incidence,2026-08-23,2,ES,quantile,0.85,8.127064599671211
2026-08-19,ILI incidence,2026-08-23,2,ES,quantile,0.9,8.829777415411542
2026-08-19,ILI incidence,2026-08-23,2,ES,quantile,0.95,9.871303664703513
2026-08-19,ILI incidence,2026-08-23,2,ES,quantile,0.975,10.774672359010843
2026-08-19,ILI incidence,2026-08-23,2,ES,quantile,0.99,11.825033694025112
2026-08-19,ILI incidence,2026-08-30,3,ES,median,,5.1557834111741805
2026-08-19,ILI incidence,2026-08-30,3,ES,quantile,0.01,0.0
2026-08-19,ILI incidence,2026-08-30,3,ES,quantile,0.025,0.0
2026-08-19,ILI incidence,2026-08-30,3,ES,quantile,0.05,0.44026315764484636
2026-08-19,ILI incidence,2026-08-30,3,ES,quantile,0.1,1.4817894069368194
2026-08-19,ILI incidence,2026-08-30,3,ES,quantile,0.15,2.1845022226771507
2026-08-19,ILI incidence,2026-08-30,3,ES,quantile,0.2,2.742996092177981
2026-08-19,ILI incidence,2026-08-30,3,ES,quantile,0.25,3.222134102972607
2026-08-19,ILI incidence,2026-08-30,3,ES,quantile,0.3,3.652414845048942
2026-08-19,ILI incidence,2026-08-30,3,ES,quantile,0.35,4.051134077232042
2026-08-19,ILI incidence,2026-08-30,3,ES,quantile,0.4,4.429479637735078
2026-08-19,ILI incidence,2026-08-30,3,ES,quantile,0.45,4.795533346079265
2026-08-19,ILI incidence,2026-08-30,3,ES,quantile,0.5,5.1557834111741805
2026-08-19,ILI incidence,2026-08-30,3,ES,quantile,0.55,5.516033476269096
2026-08-19,ILI incidence,2026-08-30,3,ES,quantile,0.6,5.882087184613283
2026-08-19,ILI incidence,2026-08-30,3,ES,quantile,0.65,6.260432745116319
2026-08-19,ILI incidence,2026-08-30,3,ES,quantile,0.7,6.659151977299418
2026-08-19,ILI incidence,2026-08-30,3,ES,quantile,0.75,7.089432719375754
2026-08-19,ILI incidence,2026-08-30,3,ES,quantile,0.8,7.56857073017038
2026-08-19,ILI incidence,2026-08-30,3,ES,quantile,0.85,8.127064599671211
2026-08-19,ILI incidence,2026-08-30,3,ES,quantile,0.9,8.829777415411542
2026-08-19,ILI incidence,2026-08-30,3,ES,quantile,0.95,9.871303664703513
2026-08-19,ILI incidence,2026-08-30,3,ES,quantile,0.975,10.774672359010843
2026-08-19,ILI incidence,2026-08-30,3,ES,quantile,0.99,11.825033694025112
2026-08-19,ILI incidence,2026-09-06,4,ES,median,,5.1557834111741805
2026-08-19,ILI incidence,2026-09-06,4,ES,quantile,0.01,0.0
2026-08-19,ILI incidence,2026-09-06,4,ES,quantile,0.025,0.0
2026-08-19,ILI incidence,2026-09-06,4,ES,quantile,0.05,0.44026315764484636
2026-08-19,ILI incidence,2026-09-06,4,ES,quantile,0.1,1.4817894069368194
2026-08-19,ILI incidence,2026-09-06,4,ES,quantile,0.15,2.1845022226771507
2026-08-19,ILI incidence,2026-09-06,4,ES,quantile,0.2,2.742996092177981
2026-08-19,ILI incidence,2026-09-06,4,ES,quantile,0.25,3.222134102972607
2026-08-19,ILI incidence,2026-09-06,4,ES,quantile,0.3,3.652414845048942
2026-08-19,ILI incidence,2026-09-06,4,ES,quantile,0.35,4.051134077232042
2026-08-19,ILI incidence,2026-09-06,4,ES,quantile,0.4,4.429479637735078
2026-08-19,ILI incidence,2026-09-06,4,ES,quantile,0.45,4.795533346079265
2026-08-19,ILI incidence,2026-09-06,4,ES,quantile,0.5,5.1557834111741805
2026-08-19,ILI incidence,2026-09-06,4,ES,quantile,0.55,5.516033476269096
2026-08-19,ILI incidence,2026-09-06,4,ES,quantile,0.6,5.882087184613283
2026-08-19,ILI incidence,2026-09-06,4,ES,quantile,0.65,6.260432745116319
2026-08-19,ILI incidence,2026-09-06,4,ES,quantile,0.7,6.659151977299418
2026-08-19,ILI incidence,2026-09-06,4,ES,quantile,0.75,7.089432719375754
2026-08-19,ILI incidence,2026-09-06,4,ES,quantile,0.8,7.56857073017038
2026-08-19,ILI incidence,2026-09-06,4,ES,quantile,0.85,8.127064599671211
2026-08-19,ILI incidence,2026-09-06,4,ES,quantile,0.9,8.829777415411542
2026-08-19,ILI incidence,2026-09-06,4,ES,quantile,0.95,9.871303664703513
2026-08-19,ILI incidence,2026-09-06,4,ES,quantile,0.975,10.774672359010843
2026-08-19,ILI incidence,2026-09-06,4,ES,quantile,0.99,11.825033694025112
2026-08-19,ILI incidence,2026-08-16,1,FI,median,,4.779227531485773
2026-08-19,ILI incidence,2026-08-16,1,FI,quantile,0.01,0.0
2026-08-19,ILI incidence,2026-08-16,1,FI,quantile,0.025,0.0
2026-08-19,ILI incidence,2026-08-16,1,FI,quantile,0.05,0.0
2026-08-19,ILI incidence,2026-08-16,1,FI,quantile,0.1,0.9410433516500376
2026-08-19,ILI incidence,2026-08-16,1,FI,quantile,0.15,1.6751602852192393
2026-08-19,ILI incidence,2026-08-16,1,FI,quantile,0.2,2.2586131520396617
2026-08-19,ILI incidence,2026-08-16,1,FI,quantile,0.25,2.759163760143236
2026-08-19,ILI incidence,2026-08-16,1,FI,quantile,0.3,3.2086736763871473
2026-08-19,ILI incidence,2026-08-16,1,FI,quantile,0.35,3.6252116041563287
2026-08-19,ILI incidence,2026-08-16,1,FI,quantile,0.4,4.0204653642765145
2026-08-19,ILI incidence,2026-08-16,1,FI,quantile,0.45,4.402877951427294
2026-08-19,ILI incidence,2026-08-16,1,FI,quantile,0.5,4.779227531485773
2026-08-19,ILI incidence,2026-08-16,1,FI,quantile,0.55,5.155577111544252
2026-08-19,ILI incidence,2026-08-16,1,FI,quantile,0.6,5.537989698695032
2026-08-19,ILI incidence,2026-08-16,1,FI,quantile,0.65,5.933243458815218
2026-08-19,ILI incidence,2026-08-16,1,FI,quantile,0.7,6.349781386584398
2026-08-19,ILI incidence,2026-08-16,1,FI,quantile,0.75,6.79929130282831
2026-08-19,ILI incidence,2026-08-16,1,FI,quantile,0.8,7.299841910931885
2026-08-19,ILI incidence,2026-08-16,1,FI,quantile,0.85,7.883294777752307
2026-08-19,ILI incidence,2026-08-16,1,FI,quantile,0.9,8.617411711321509
2026-08-19,ILI incidence,2026-08-16,1,FI,quantile,0.95,9.705483593939046
2026-08-19,ILI incidence,2026-08-16,1,FI,quantile,0.975,10.649223683620818
2026-08-19,ILI incidence,2026-08-16,1,FI,quantile,0.99,11.746525490459167
2026-08-19,ILI incidence,2026-08-23,2,FI,median,,4.779227531485773
2026-08-19,ILI incidence,2026-08-23,2,FI,quantile,0.01,0.0
2026-08-19,ILI incidence,2026-08-23,2,FI,quantile,0.025,0.0
2026-08-19,ILI incidence,2026-08-23,2,FI,quantile,0.05,0.0
2026-08-19,ILI incidence,2026-08-23,2,FI,quantile,0.1,0.9410433516500376
2026-08-19,ILI incidence,2026-08-23,2,FI,quantile,0.15,1.6751602852192393
2026-08-19,ILI incidence,2026-08-23,2,FI,quantile,0.2,2.2586131520396617
2026-08-19,ILI incidence,2026-08-23,2,FI,quantile,0.25,2.759163760143236
2026-08-19,ILI incidence,2026-08-23,2,FI,quantile,0.3,3.2086736763871473
2026-08-19,ILI incidence,2026-08-23,2,FI,quantile,0.35,3.6252116041563287
2026-08-19,ILI incidence,2026-08-23,2,FI,quantile,0.4,4.0204653642765145
2026-08-19,ILI incidence,2026-08-23,2,FI,quantile,0.45,4.402877951427294
2026-08-19,ILI incidence,2026-08-23,2,FI,quantile,0.5,4.779227531485773
2026-08-19,ILI incidence,2026-08-23,2,FI,quantile,0.55,5.155577111544252
2026-08-19,ILI incidence,2026-08-23,2,FI,quantile,0.6,5.537989698695032
2026-08-19,ILI incidence,2026-08-23,2,FI,quantile,0.65,5.933243458815218
2026-08-19,ILI incidence,2026-08-23,2,FI,quantile,0.7,6.349781386584398
2026-08-19,ILI incidence,2026-08-23,2,FI,quantile,0.75,6.79929130282831
2026-08-19,ILI incidence,2026-08-23,2,FI,quantile,0.8,7.299841910931885
2026-08-19,ILI incidence,2026-08-23,2,FI,quantile,0.85,7.883294777752307
2026-08-19,ILI incidence,2026-08-23,2,FI,quantile,0.9,8.617411711321509
2026-08-19,ILI incidence,2026-08-23,2,FI,quantile,0.95,9.705483593939046
2026-08-19,ILI incidence,2026-08-23,2,FI,quantile,0.975,10.649223683620818
2026-08-19,ILI incidence,2026-08-23,2,FI,quantile,0.99,11.746525490459167
2026-08-19,ILI incidence,2026-08-30,3,FI,median,,4.779227531485773
2026-08-19,ILI incidence,2026-08-30,3,FI,quantile,0.01,0.0
2026-08-19,ILI incidence,2026-08-30,3,FI,quantile,0.025,0.0
2026-08-19,ILI incidence,2026-08-30,3,FI,quantile,0.05,0.0
2026-08-19,ILI incidence,2026-08-30,3,FI,quantile,0.1,0.9410433516500376
2026-08-19,ILI incidence,2026-08-30,3,FI,quantile,0.15,1.6751602852192393
2026-08-19,ILI incidence,2026-08-30,3,FI,quantile,0.2,2.2586131520396617
2026-08-19,ILI incidence,2026-08-30,3,FI,quantile,0.25,2.759163760143236
2026-08-19,ILI incidence,2026-08-30,3,FI,quantile,0.3,3.2086736763871473
2026-08-19,ILI incidence,2026-08-30,3,FI,quantile,0.35,3.6252116041563287
2026-08-19,ILI incidence,2026-08-30,3,FI,quantile,0.4,4.0204653642765145
2026-08-19,ILI incidence,2026-08-30,3,FI,quantile,0.45,4.402877951427294
2026-08-19,ILI incidence,2026-08-30,3,FI,quantile,0.5,4.779227531485773
2026-08-19,ILI incidence,2026-08-30,3,FI,quantile,0.55,5.155577111544252
2026-08-19,ILI incidence,2026-08-30,3,FI,quantile,0.6,5.537989698695032
2026-08-19,ILI incidence,2026-08-30,3,FI,quantile,0.65,5.933243458815218
2026-08-19,ILI incidence,2026-08-30,3,FI,quantile,0.7,6.349781386584398
2026-08-19,ILI incidence,2026-08-30,3,FI,quantile,0.75,6.79929130282831
2026-08-19,ILI incidence,2026-08-30,3,FI,quantile,0.8,7.299841910931885
2026-08-19,ILI incidence,2026-08-30,3,FI,quantile,0.85,7.883294777752307
2026-08-19,ILI incidence,2026-08-30,3,FI,quantile,0.9,8.617411711321509
2026-08-19,ILI incidence,2026-08-30,3,FI,quantile,0.95,9.705483593939046
2026-08-19,ILI incidence,2026-08-30,3,FI,quantile,0.975,10.649223683620818
2026-08-19,ILI incidence,2026-08-30,3,FI,quantile,0.99,11.746525490459167
2026-08-19,ILI incidence,2026-09-06,4,FI,median,,4.779227531485773
2026-08-19,ILI incidence,2026-09-06,4,FI,quantile,0.01,0.0
2026-08-19,ILI incidence,2026-09-06,4,FI,quantile,0.025,0.0
2026-08-19,ILI incidence,2026-09-06,4,FI,quantile,0.05,0.0
2026-08-19,ILI incidence,2026-09-06,4,FI,quantile,0.1,0.9410433516500376
2026-08-19,ILI incidence,2026-09-06,4,FI,quantile,0.15,1.6751602852192393
2026-08-19,ILI incidence,2026-09-06,4,FI,quantile,0.2,2.2586131520396617
2026-08-19,ILI incidence,2026-09-06,4,FI,quantile,0.25,2.759163760143236
2026-08-19,ILI incidence,2026-09-06,4,FI,quantile,0.3,3.2086736763871473
2026-08-19,ILI incidence,2026-09-06,4,FI,quantile,0.35,3.6252116041563287
2026-08-19,ILI incidence,2026-09-06,4,FI,quantile,0.4,4.0204653642765145
2026-08-19,ILI incidence,2026-09-06,4,FI,quantile,0.45,4.402877951427294
2026-08-19,ILI incidence,2026-09-06,4,FI,quantile,0.5,4.779227531485773
2026-08-19,ILI incidence,2026-09-06,4,FI,quantile,0.55,5.155577111544252
2026-08-19,ILI incidence,2026-09-06,4,FI,quantile,0.6,5.537989698695032
2026-08-19,ILI incidence,2026-09-06,4,FI,quantile,0.65,5.933243458815218
2026-08-19,ILI incidence,2026-09-06,4,FI,quantile,0.7,6.349781386584398
2026-08-19,ILI incidence,2026-09-06,4,FI,quantile,0.75,6.79929130282831
2026-08-19,ILI incidence,2026-09-06,4,FI,quantile,0.8,7.299841910931885
2026-08-19,ILI incidence,2026-09-06,4,FI,quantile,0.85,7.883294777752307
2026-08-19,ILI incidence,2026-09-06,4,FI,quantile,0.9,8.617411711321509
2026-08-19,ILI incidence,2026-09-06,4,FI,quantile,0.95,9.705483593939046
2026-08-19,ILI incidence,2026-09-06,4,FI,quantile,0.975,10.649223683620818
2026-08-19,ILI incidence,2026-09-06,4,FI,quantile,0.99,11.746525490459167
2026-08-19,ILI incidence,2026-08-16,1,GR,median,,255.31860907003204
2026-08-19,ILI incidence,2026-08-16,1,GR,quantile,0.01,0.0
2026-08-19,ILI incidence,2026-08-16,1,GR,quantile,0.025,0.0
2026-08-19,ILI incidence,2026-08-16,1,GR,quantile,0.05,22.059985558118484
2026-08-19,ILI incidence,2026-08-16,1,GR,quantile,0.1,73.58027731798089
2026-08-19,ILI incidence,2026-08-16,1,GR,quantile,0.15,108.34077357522617
2026-08-19,ILI incidence,2026-08-16,1,GR,quantile,0.2,135.96731407032905
2026-08-19,ILI incidence,2026-08-16,1,GR,quantile,0.25,159.66842590131773
2026-08-19,ILI incidence,2026-08-16,1,GR,quantile,0.3,180.95275683920121
2026-08-19,ILI incidence,2026-08-16,1,GR,quantile,0.35,200.675861452557
2026-08-19,ILI incidence,2026-08-16,1,GR,quantile,0.4,219.39115900402632
2026-08-19,ILI incidence,2026-08-16,1,GR,quantile,0.45,237.4984259754469
2026-08-19,ILI incidence,2026-08-16,1,GR,quantile,0.5,255.31860907003204
2026-08-19,ILI incidence,2026-08-16,1,GR,quantile,0.55,273.1387921646172
2026-08-19,ILI incidence,2026-08-16,1,GR,quantile,0.6,291.24605913603773
2026-08-19,ILI incidence,2026-08-16,1,GR,quantile,0.65,309.9613566875071
2026-08-19,ILI incidence,2026-08-16,1,GR,quantile,0.7,329.68446130086284
2026-08-19,ILI incidence,2026-08-16,1,GR,quantile,0.75,350.96879223874635
2026-08-19,ILI incidence,2026-08-16,1,GR,quantile,0.8,374.669904069735
2026-08-19,ILI incidence,2026-08-16,1,GR,quantile,0.85,402.2964445648379
2026-08-19,ILI incidence,2026-08-16,1,GR,quantile,0.9,437.0569408220832
2026-08-19,ILI incidence,2026-08-16,1,GR,quantile,0.95,488.5772325819455
2026-08-19,ILI incidence,2026-08-16,1,GR,quantile,0.975,533.2634022575332
2026-08-19,ILI incidence,2026-08-16,1,GR,quantile,0.99,585.2207316767399
2026-08-19,ILI incidence,2026-08-23,2,GR,median,,775.9766162030185
2026-08-19,ILI incidence,2026-08-23,2,GR,quantile,0.01,0.0
2026-08-19,ILI incidence,2026-08-23,2,GR,quantile,0.025,0.0
2026-08-19,ILI incidence,2026-08-23,2,GR,quantile,0.05,0.0
2026-08-19,ILI incidence,2026-08-23,2,GR,quantile,0.1,62.145797154045454
2026-08-19,ILI incidence,2026-08-23,2,GR,quantile,0.15,198.67788300872974
2026-08-19,ILI incidence,2026-08-23,2,GR,quantile,0.2,307.1892566908333
2026-08-19,ILI incidence,2026-08-23,2,GR,quantile,0.25,400.28235327415774
2026-08-19,ILI incidence,2026-08-23,2,GR,quantile,0.3,483.8828311690875
2026-08-19,ILI incidence,2026-08-23,2,GR,quantile,0.35,561.3511329005489
2026-08-19,ILI incidence,2026-08-23,2,GR,quantile,0.4,634.8609756019624
2026-08-19,ILI incidence,2026-08-23,2,GR,quantile,0.45,705.9825991380587
2026-08-19,ILI incidence,2026-08-23,2,GR,quantile,0.5,775.9766162030185
2026-08-19,ILI incidence,2026-08-23,2,GR,quantile,0.55,845.9706332679782
2026-08-19,ILI incidence,2026-08-23,2,GR,quantile,0.6,917.0922568040745
2026-08-19,ILI incidence,2026-08-23,2,GR,quantile,0.65,990.602099505488
2026-08-19,ILI incidence,2026-08-23,2,GR,quantile,0.7,1068.0704012369492
2026-08-19,ILI incidence,2026-08-23,2,GR,quantile,0.75,1151.6708791318792
2026-08-19,ILI incidence,2026-08-23,2,GR,quantile,0.8,1244.7639757152037
2026-08-19,ILI incidence,2026-08-23,2,GR,quantile,0.85,1353.2753493973073
2026-08-19,ILI incidence,2026-08-23,2,GR,quantile,0.9,1489.8074352519916
2026-08-19,ILI incidence,2026-08-23,2,GR,quantile,0.95,1692.1685536249706
2026-08-19,ILI incidence,2026-08-23,2,GR,quantile,0.975,1867.6866448948174
2026-08-19,ILI incidence,2026-08-23,2,GR,quantile,0.99,2071.764357380428
2026-08-19,ILI incidence,2026-08-30,3,GR,median,,682.2588269015633
2026-08-19,ILI incidence,2026-08-30,3,GR,quantile,0.01,0.0
2026-08-19,ILI incidence,2026-08-30,3,GR,quantile,0.025,0.0
2026-08-19,ILI incidence,2026-08-30,3,GR,quantile,0.05,0.0
2026-08-19,ILI incidence,2026-08-30,3,GR,quantile,0.1,0.0
2026-08-19,ILI incidence,2026-08-30,3,GR,quantile,0.15,29.48437373631691
2026-08-19,ILI incidence,2026-08-30,3,GR,quantile,0.2,152.18246494052187
2026-08-19,ILI incidence,2026-08-30,3,GR,quantile,0.25,257.44650194852875
2026-08-19,ILI incidence,2026-08-30,3,GR,quantile,0.3,351.97686050355065
2026-08-19,ILI incidence,2026-08-30,3,GR,quantile,0.35,439.57332554442587
2026-08-19,ILI incidence,2026-08-30,3,GR,quantile,0.4,522.6938047912236
2026-08-19,ILI incidence,2026-08-30,3,GR,quantile,0.45,603.1138304079698
2026-08-19,ILI incidence,2026-08-30,3,GR,quantile,0.5,682.2588269015633
2026-08-19,ILI incidence,2026-08-30,3,GR,quantile,0.55,761.403823395157
2026-08-19,ILI incidence,2026-08-30,3,GR,quantile,0.6,841.8238490119031
2026-08-19,ILI incidence,2026-08-30,3,GR,quantile,0.65,924.9443282587008
2026-08-19,ILI incidence,2026-08-30,3,GR,quantile,0.7,1012.5407932995759
2026-08-19,ILI incidence,2026-08-30,3,GR,quantile,0.75,1107.071151854598
2026-08-19,ILI incidence,2026-08-30,3,GR,quantile,0.8,1212.3351888626048
2026-08-19,ILI incidence,2026-08-30,3,GR,quantile,0.85,1335.0332800668098
2026-08-19,ILI incidence,2026-08-30,3,GR,quantile,0.9,1489.4154959953996
2026-08-19,ILI incidence,2026-08-30,3,GR,quantile,0.95,1718.233196074039
2026-08-19,ILI incidence,2026-08-30,3,GR,quantile,0.975,1916.698426398254
2026-08-19,ILI incidence,2026-08-30,3,GR,quantile,0.99,2147.457147162976
2026-08-19,ILI incidence,2026-09-06,4,GR,median,,682.0355140215972
2026-08-19,ILI incidence,2026-09-06,4,GR,quantile,0.01,0.0
2026-08-19,ILI incidence,2026-09-06,4,GR,quantile,0.025,0.0
2026-08-19,ILI incidence,2026-09-06,4,GR,quantile,0.05,0.0
2026-08-19,ILI incidence,2026-09-06,4,GR,quantile,0.1,0.0
2026-08-19,ILI incidence,2026-09-06,4,GR,quantile,0.15,29.260667467004055
2026-08-19,ILI incidence,2026-09-06,4,GR,quantile,0.2,151.95883261424058
2026-08-19,ILI incidence,2026-09-06,4,GR,quantile,0.25,257.2229330587844
2026-08-19,ILI incidence,2026-09-06,4,GR,quantile,0.3,351.7533485817772
2026-08-19,ILI incidence,2026-09-06,4,GR,quantile,0.35,439.34986641196724
2026-08-19,ILI incidence,2026-09-06,4,GR,quantile,0.4,522.4703957506625
2026-08-19,ILI incidence,2026-09-06,4,GR,quantile,0.45,602.8904698318993
2026-08-19,ILI incidence,2026-09-06,4,GR,quantile,0.5,682.0355140215972
2026-08-19,ILI incidence,2026-09-06,4,GR,quantile,0.55,761.1805582112953
2026-08-19,ILI incidence,2026-09-06,4,GR,quantile,0.6,841.6006322925319
2026-08-19,ILI incidence,2026-09-06,4,GR,quantile,0.65,924.7211616312272
2026-08-19,ILI incidence,2026-09-06,4,GR,quantile,0.7,1012.3176794614171
2026-08-19,ILI incidence,2026-09-06,4,GR,quantile,0.75,1106.8480949844102
2026-08-19,ILI incidence,2026-09-06,4,GR,quantile,0.8,1212.112195428954
2026-08-19,ILI incidence,2026-09-06,4,GR,quantile,0.85,1334.8103605761903
2026-08-19,ILI incidence,2026-09-06,4,GR,quantile,0.9,1489.192669541998
2026-08-19,ILI incidence,2026-09-06,4,GR,quantile,0.95,1718.0105075158094
2026-08-19,ILI incidence,2026-09-06,4,GR,quantile,0.975,1916.4758574435214
2026-08-19,ILI incidence,2026-09-06,4,GR,quantile,0.99,2147.234717273156
2026-08-19,ILI incidence,2026-08-16,1,HU,median,,25.380952815457334
2026-08-19,ILI incidence,2026-08-16,1,HU,quantile,0.01,0.0
2026-08-19,ILI incidence,2026-08-16,1,HU,quantile,0.025,0.0
2026-08-19,ILI incidence,2026-08-16,1,HU,quantile,0.05,0.0
2026-08-19,ILI incidence,2026-08-16,1,HU,quantile,0.1,0.0
2026-08-19,ILI incidence,2026-08-16,1,HU,quantile,0.15,0.0
2026-08-19,ILI incidence,2026-08-16,1,HU,quantile,0.2,0.0
2026-08-19,ILI incidence,2026-08-16,1,HU,quantile,0.25,0.0
2026-08-19,ILI incidence,2026-08-16,1,HU,quantile,0.3,0.26169662313530395
2026-08-19,ILI incidence,2026-08-16,1,HU,quantile,0.35,6.92375592628218
2026-08-19,ILI incidence,2026-08-16,1,HU,quantile,0.4,13.24539872076889
2026-08-19,ILI incidence,2026-08-16,1,HU,quantile,0.45,19.36166128421081
2026-08-19,ILI incidence,2026-08-16,1,HU,quantile,0.5,25.380952815457334
2026-08-19,ILI incidence,2026-08-16,1,HU,quantile,0.55,31.400244346703865
2026-08-19,ILI incidence,2026-08-16,1,HU,quantile,0.6,37.51650691014578
2026-08-19,ILI incidence,2026-08-16,1,HU,quantile,0.65,43.838149704632485
2026-08-19,ILI incidence,2026-08-16,1,HU,quantile,0.7,50.500209007779354
2026-08-19,ILI incidence,2026-08-16,1,HU,quantile,0.75,57.689618470220864
2026-08-19,ILI incidence,2026-08-16,1,HU,quantile,0.8,65.69536683813449
2026-08-19,ILI incidence,2026-08-16,1,HU,quantile,0.85,75.02704431625993
2026-08-19,ILI incidence,2026-08-16,1,HU,quantile,0.9,86.76842540267205
2026-08-19,ILI incidence,2026-08-16,1,HU,quantile,0.95,104.17092088947325
2026-08-19,ILI incidence,2026-08-16,1,HU,quantile,0.975,119.26499042088244
2026-08-19,ILI incidence,2026-08-16,1,HU,quantile,0.99,136.8151082451066
2026-08-19,ILI incidence,2026-08-23,2,HU,median,,35.452519004868435
2026-08-19,ILI incidence,2026-08-23,2,HU,quantile,0.01,0.0
2026-08-19,ILI incidence,2026-08-23,2,HU,quantile,0.025,0.0
2026-08-19,ILI incidence,2026-08-23,2,HU,quantile,0.05,0.0
2026-08-19,ILI incidence,2026-08-23,2,HU,quantile,0.1,0.0
2026-08-19,ILI incidence,2026-08-23,2,HU,quantile,0.15,0.0
2026-08-19,ILI incidence,2026-08-23,2,HU,quantile,0.2,0.0
2026-08-19,ILI incidence,2026-08-23,2,HU,quantile,0.25,0.0
2026-08-19,ILI incidence,2026-08-23,2,HU,quantile,0.3,0.0
2026-08-19,ILI incidence,2026-08-23,2,HU,quantile,0.35,5.275556886842569
2026-08-19,ILI incidence,2026-08-23,2,HU,quantile,0.4,15.611252836686337
2026-08-19,ILI incidence,2026-08-23,2,HU,quantile,0.45,25.611158282194918
2026-08-19,ILI incidence,2026-08-23,2,HU,quantile,0.5,35.452519004868435
2026-08-19,ILI incidence,2026-08-23,2,HU,quantile,0.55,45.29387972754196
2026-08-19,ILI incidence,2026-08-23,2,HU,quantile,0.6,55.29378517305054
2026-08-19,ILI incidence,2026-08-23,2,HU,quantile,0.65,65.6294811228943
2026-08-19,ILI incidence,2026-08-23,2,HU,quantile,0.7,76.52174783198552
2026-08-19,ILI incidence,2026-08-23,2,HU,quantile,0.75,88.27621620016522
2026-08-19,ILI incidence,2026-08-23,2,HU,quantile,0.8,101.36537414086342
2026-08-19,ILI incidence,2026-08-23,2,HU,quantile,0.85,116.62238632130894
2026-08-19,ILI incidence,2026-08-23,2,HU,quantile,0.9,135.8191914692112
2026-08-19,ILI incidence,2026-08-23,2,HU,quantile,0.95,164.27174849710482
2026-08-19,ILI incidence,2026-08-23,2,HU,quantile,0.975,188.95009847576938
2026-08-19,ILI incidence,2026-08-23,2,HU,quantile,0.99,217.64401358804244
2026-08-19,ILI incidence,2026-08-30,3,HU,median,,60.132216455451015
2026-08-19,ILI incidence,2026-08-30,3,HU,quantile,0.01,0.0
2026-08-19,ILI incidence,2026-08-30,3,HU,quantile,0.025,0.0
2026-08-19,ILI incidence,2026-08-30,3,HU,quantile,0.05,0.0
2026-08-19,ILI incidence,2026-08-30,3,HU,quantile,0.1,0.0
2026-08-19,ILI incidence,2026-08-30,3,HU,quantile,0.15,0.0
2026-08-19,ILI incidence,2026-08-30,3,HU,quantile,0.2,0.0
2026-08-19,ILI incidence,2026-08-30,3,HU,quantile,0.25,0.0
2026-08-19,ILI incidence,2026-08-30,3,HU,quantile,0.3,0.0
2026-08-19,ILI incidence,2026-08-30,3,HU,quantile,0.35,12.342520584805534
2026-08-19,ILI incidence,2026-08-30,3,HU,quantile,0.4,28.710628286390467
2026-08-19,ILI incidence,2026-08-30,3,HU,quantile,0.45,44.546961914241066
2026-08-19,ILI incidence,2026-08-30,3,HU,quantile,0.5,60.132216455451015
2026-08-19,ILI incidence,2026-08-30,3,HU,quantile,0.55,75.71747099666098
2026-08-19,ILI incidence,2026-08-30,3,HU,quantile,0.6,91.55380462451157
2026-08-19,ILI incidence,2026-08-30,3,HU,quantile,0.65,107.9219123260965
2026-08-19,ILI incidence,2026-08-30,3,HU,quantile,0.7,125.17143238492604
2026-08-19,ILI incidence,2026-08-30,3,HU,quantile,0.75,143.786376667236
2026-08-19,ILI incidence,2026-08-30,3,HU,quantile,0.8,164.51499987133116
2026-08-19,ILI incidence,2026-08-30,3,HU,quantile,0.85,188.67674183682504
2026-08-19,ILI incidence,2026-08-30,3,HU,quantile,0.9,219.07773038292814
2026-08-19,ILI incidence,2026-08-30,3,HU,quantile,0.95,264.1365750004586
2026-08-19,ILI incidence,2026-08-30,3,HU,quantile,0.975,303.2184029013939
2026-08-19,ILI incidence,2026-08-30,3,HU,quantile,0.99,348.65947384784727
2026-08-19,ILI incidence,2026-09-06,4,HU,median,,94.81059183823791
2026-08-19,ILI incidence,2026-09-06,4,HU,quantile,0.01,0.0
2026-08-19,ILI incidence,2026-09-06,4,HU,quantile,0.025,0.0
2026-08-19,ILI incidence,2026-09-06,4,HU,quantile,0.05,0.0
2026-08-19,ILI incidence,2026-09-06,4,HU,quantile,0.1,0.0
2026-08-19,ILI incidence,2026-09-06,4,HU,quantile,0.15,0.0
2026-08-19,ILI incidence,2026-09-06,4,HU,quantile,0.2,0.0
2026-08-19,ILI incidence,2026-09-06,4,HU,quantile,0.25,0.0
2026-08-19,ILI incidence,2026-09-06,4,HU,quantile,0.3,11.501327915657626
2026-08-19,ILI incidence,2026-09-06,4,HU,quantile,0.35,33.59637931783209
2026-08-19,ILI incidence,2026-09-06,4,HU,quantile,0.4,54.56242241870814
2026-08-19,ILI incidence,2026-09-06,4,HU,quantile,0.45,74.84731175684576
2026-08-19,ILI incidence,2026-09-06,4,HU,quantile,0.5,94.81059183823791
2026-08-19,ILI incidence,2026-09-06,4,HU,quantile,0.55,114.77387191963008
2026-08-19,ILI incidence,2026-09-06,4,HU,quantile,0.6,135.05876125776769
2026-08-19,ILI incidence,2026-09-06,4,HU,quantile,0.65,156.02480435864373
2026-08-19,ILI incidence,2026-09-06,4,HU,quantile,0.7,178.11985576081815
2026-08-19,ILI incidence,2026-09-06,4,HU,quantile,0.75,201.9638902245898
2026-08-19,ILI incidence,2026-09-06,4,HU,quantile,0.8,228.51535331624552
2026-08-19,ILI incidence,2026-09-06,4,HU,quantile,0.85,259.4643263237813
2026-08-19,ILI incidence,2026-09-06,4,HU,quantile,0.9,298.40520133434336
2026-08-19,ILI incidence,2026-09-06,4,HU,quantile,0.95,356.12144413712895
2026-08-19,ILI incidence,2026-09-06,4,HU,quantile,0.975,406.181677315622
2026-08-19,ILI incidence,2026-09-06,4,HU,quantile,0.99,464.38751695101575
2026-08-19,ILI incidence,2026-08-16,1,IE,median,,0.5977101724756579
2026-08-19,ILI incidence,2026-08-16,1,IE,quantile,0.01,0.0
2026-08-19,ILI incidence,2026-08-16,1,IE,quantile,0.025,0.0
2026-08-19,ILI incidence,2026-08-16,1,IE,quantile,0.05,0.0
2026-08-19,ILI incidence,2026-08-16,1,IE,quantile,0.1,0.0
2026-08-19,ILI incidence,2026-08-16,1,IE,quantile,0.15,0.0
2026-08-19,ILI incidence,2026-08-16,1,IE,quantile,0.2,0.0
2026-08-19,ILI incidence,2026-08-16,1,IE,quantile,0.25,0.0
2026-08-19,ILI incidence,2026-08-16,1,IE,quantile,0.3,0.0
2026-08-19,ILI incidence,2026-08-16,1,IE,quantile,0.35,0.0
2026-08-19,ILI incidence,2026-08-16,1,IE,quantile,0.4,0.0
2026-08-19,ILI incidence,2026-08-16,1,IE,quantile,0.45,0.2574040397716568
2026-08-19,ILI incidence,2026-08-16,1,IE,quantile,0.5,0.5977101724756579
2026-08-19,ILI incidence,2026-08-16,1,IE,quantile,0.55,0.9380163051796595
2026-08-19,ILI incidence,2026-08-16,1,IE,quantile,0.6,1.2838047835682689
2026-08-19,ILI incidence,2026-08-16,1,IE,quantile,0.65,1.64120462050263
2026-08-19,ILI incidence,2026-08-16,1,IE,quantile,0.7,2.01785021500985
2026-08-19,ILI incidence,2026-08-16,1,IE,quantile,0.75,2.424310031399963
2026-08-19,ILI incidence,2026-08-16,1,IE,quantile,0.8,2.8769223118225833
2026-08-19,ILI incidence,2026-08-16,1,IE,quantile,0.85,3.4044972029434093
2026-08-19,ILI incidence,2026-08-16,1,IE,quantile,0.9,4.068306883763663
2026-08-19,ILI incidence,2026-08-16,1,IE,quantile,0.95,5.052172826752097
2026-08-19,ILI incidence,2026-08-16,1,IE,quantile,0.975,5.905529804452
2026-08-19,ILI incidence,2026-08-16,1,IE,quantile,0.99,6.897741710829703
2026-08-19,ILI incidence,2026-08-23,2,IE,median,,0.7229598248890259
2026-08-19,ILI incidence,2026-08-23,2,IE,quantile,0.01,0.0
2026-08-19,ILI incidence,2026-08-23,2,IE,quantile,0.025,0.0
2026-08-19,ILI incidence,2026-08-23,2,IE,quantile,0.05,0.0
2026-08-19,ILI incidence,2026-08-23,2,IE,quantile,0.1,0.0
2026-08-19,ILI incidence,2026-08-23,2,IE,quantile,0.15,0.0
2026-08-19,ILI incidence,2026-08-23,2,IE,quantile,0.2,0.0
2026-08-19,ILI incidence,2026-08-23,2,IE,quantile,0.25,0.0
2026-08-19,ILI incidence,2026-08-23,2,IE,quantile,0.3,0.0
2026-08-19,ILI incidence,2026-08-23,2,IE,quantile,0.35,0.0
2026-08-19,ILI incidence,2026-08-23,2,IE,quantile,0.4,0.0
2026-08-19,ILI incidence,2026-08-23,2,IE,quantile,0.45,0.045315523781021216
2026-08-19,ILI incidence,2026-08-23,2,IE,quantile,0.5,0.7229598248890259
2026-08-19,ILI incidence,2026-08-23,2,IE,quantile,0.55,1.4006041259970312
2026-08-19,ILI incidence,2026-08-23,2,IE,quantile,0.6,2.089165304448267
2026-08-19,ILI incidence,2026-08-23,2,IE,quantile,0.65,2.8008479320609676
2026-08-19,ILI incidence,2026-08-23,2,IE,quantile,0.7,3.5508542238290186
2026-08-19,ILI incidence,2026-08-23,2,IE,quantile,0.75,4.360228935996606
2026-08-19,ILI incidence,2026-08-23,2,IE,quantile,0.8,5.261506059634763
2026-08-19,ILI incidence,2026-08-23,2,IE,quantile,0.85,6.312054621704506
2026-08-19,ILI incidence,2026-08-23,2,IE,quantile,0.9,7.633884597714455
2026-08-19,ILI incidence,2026-08-23,2,IE,quantile,0.95,9.593035742076205
2026-08-19,ILI incidence,2026-08-23,2,IE,quantile,0.975,11.292307183805033
2026-08-19,ILI incidence,2026-08-23,2,IE,quantile,0.99,13.268077466009101
2026-08-19,ILI incidence,2026-08-30,3,IE,median,,1.421799172737126
2026-08-19,ILI incidence,2026-08-30,3,IE,quantile,0.01,0.0
2026-08-19,ILI incidence,2026-08-30,3,IE,quantile,0.025,0.0
2026-08-19,ILI incidence,2026-08-30,3,IE,quantile,0.05,0.0
2026-08-19,ILI incidence,2026-08-30,3,IE,quantile,0.1,0.0
2026-08-19,ILI incidence,2026-08-30,3,IE,quantile,0.15,0.0
2026-08-19,ILI incidence,2026-08-30,3,IE,quantile,0.2,0.0
2026-08-19,ILI incidence,2026-08-30,3,IE,quantile,0.25,0.0
2026-08-19,ILI incidence,2026-08-30,3,IE,quantile,0.3,0.0
2026-08-19,ILI incidence,2026-08-30,3,IE,quantile,0.35,0.0
2026-08-19,ILI incidence,2026-08-30,3,IE,quantile,0.4,0.0
2026-08-19,ILI incidence,2026-08-30,3,IE,quantile,0.45,0.21667001344713488
2026-08-19,ILI incidence,2026-08-30,3,IE,quantile,0.5,1.421799172737126
2026-08-19,ILI incidence,2026-08-30,3,IE,quantile,0.55,2.626928332027118
2026-08-19,ILI incidence,2026-08-30,3,IE,quantile,0.6,3.851472171250533
2026-08-19,ILI incidence,2026-08-30,3,IE,quantile,0.65,5.11713541861176
2026-08-19,ILI incidence,2026-08-30,3,IE,quantile,0.7,6.450953839843604
2026-08-19,ILI incidence,2026-08-30,3,IE,quantile,0.75,7.890353632375233
2026-08-19,ILI incidence,2026-08-30,3,IE,quantile,0.8,9.49319355963707
2026-08-19,ILI incidence,2026-08-30,3,IE,quantile,0.85,11.361499252358648
2026-08-19,ILI incidence,2026-08-30,3,IE,quantile,0.9,13.712254427468261
2026-08-19,ILI incidence,2026-08-30,3,IE,quantile,0.95,17.196427713757572
2026-08-19,ILI incidence,2026-08-30,3,IE,quantile,0.975,20.218428430988965
2026-08-19,ILI incidence,2026-08-30,3,IE,quantile,0.99,23.732157352267443
2026-08-19,ILI incidence,2026-09-06,4,IE,median,,2.601368631971612
2026-08-19,ILI incidence,2026-09-06,4,IE,quantile,0.01,0.0
2026-08-19,ILI incidence,2026-09-06,4,IE,quantile,0.025,0.0
2026-08-19,ILI incidence,2026-09-06,4,IE,quantile,0.05,0.0
2026-08-19,ILI incidence,2026-09-06,4,IE,quantile,0.1,0.0
2026-08-19,ILI incidence,2026-09-06,4,IE,quantile,0.15,0.0
2026-08-19,ILI incidence,2026-09-06,4,IE,quantile,0.2,0.0
2026-08-19,ILI incidence,2026-09-06,4,IE,quantile,0.25,0.0
2026-08-19,ILI incidence,2026-09-06,4,IE,quantile,0.3,0.0
2026-08-19,ILI incidence,2026-09-06,4,IE,quantile,0.35,0.0
2026-08-19,ILI incidence,2026-09-06,4,IE,quantile,0.4,0.0
2026-08-19,ILI incidence,2026-09-06,4,IE,quantile,0.45,0.8227933135897505
2026-08-19,ILI incidence,2026-09-06,4,IE,quantile,0.5,2.601368631971612
2026-08-19,ILI incidence,2026-09-06,4,IE,quantile,0.55,4.379943950353475
2026-08-19,ILI incidence,2026-09-06,4,IE,quantile,0.6,6.187172189692136
2026-08-19,ILI incidence,2026-09-06,4,IE,quantile,0.65,8.055086011033865
2026-08-19,ILI incidence,2026-09-06,4,IE,quantile,0.7,10.023585822791528
2026-08-19,ILI incidence,2026-09-06,4,IE,quantile,0.75,12.14790662653759
2026-08-19,ILI incidence,2026-09-06,4,IE,quantile,0.8,14.513438579664033
2026-08-19,ILI incidence,2026-09-06,4,IE,quantile,0.85,17.270754977372512
2026-08-19,ILI incidence,2026-09-06,4,IE,quantile,0.9,20.740088618317387
2026-08-19,ILI incidence,2026-09-06,4,IE,quantile,0.95,25.88216369316705
2026-08-19,ILI incidence,2026-09-06,4,IE,quantile,0.975,30.342146962484556
2026-08-19,ILI incidence,2026-09-06,4,IE,quantile,0.99,35.527841364362864
2026-08-19,ILI incidence,2026-08-16,1,IS,median,,0.4559179839241825
2026-08-19,ILI incidence,2026-08-16,1,IS,quantile,0.01,0.0
2026-08-19,ILI incidence,2026-08-16,1,IS,quantile,0.025,0.0
2026-08-19,ILI incidence,2026-08-16,1,IS,quantile,0.05,0.0
2026-08-19,ILI incidence,2026-08-16,1,IS,quantile,0.1,0.0
2026-08-19,ILI incidence,2026-08-16,1,IS,quantile,0.15,0.0
2026-08-19,ILI incidence,2026-08-16,1,IS,quantile,0.2,0.0
2026-08-19,ILI incidence,2026-08-16,1,IS,quantile,0.25,0.0
2026-08-19,ILI incidence,2026-08-16,1,IS,quantile,0.3,0.0
2026-08-19,ILI incidence,2026-08-16,1,IS,quantile,0.35,0.0
2026-08-19,ILI incidence,2026-08-16,1,IS,quantile,0.4,0.13587058980917177
2026-08-19,ILI incidence,2026-08-16,1,IS,quantile,0.45,0.2971729811033237
2026-08-19,ILI incidence,2026-08-16,1,IS,quantile,0.5,0.4559179839241825
2026-08-19,ILI incidence,2026-08-16,1,IS,quantile,0.55,0.6146629867450415
2026-08-19,ILI incidence,2026-08-16,1,IS,quantile,0.6,0.7759653780391932
2026-08-19,ILI incidence,2026-08-16,1,IS,quantile,0.65,0.9426842016804592
2026-08-19,ILI incidence,2026-08-16,1,IS,quantile,0.7,1.1183807296490536
2026-08-19,ILI incidence,2026-08-16,1,IS,quantile,0.75,1.3079849080596049
2026-08-19,ILI incidence,2026-08-16,1,IS,quantile,0.8,1.5191181520054007
2026-08-19,ILI incidence,2026-08-16,1,IS,quantile,0.85,1.7652197338773783
2026-08-19,ILI incidence,2026-08-16,1,IS,quantile,0.9,2.074871719332431
2026-08-19,ILI incidence,2026-08-16,1,IS,quantile,0.95,2.53382260762246
2026-08-19,ILI incidence,2026-08-16,1,IS,quantile,0.975,2.931894058042072
2026-08-19,ILI incidence,2026-08-16,1,IS,quantile,0.99,3.3947381467609183
2026-08-19,ILI incidence,2026-08-23,2,IS,median,,0.7437274540613861
2026-08-19,ILI incidence,2026-08-23,2,IS,quantile,0.01,0.0
2026-08-19,ILI incidence,2026-08-23,2,IS,quantile,0.025,0.0
2026-08-19,ILI incidence,2026-08-23,2,IS,quantile,0.05,0.0
2026-08-19,ILI incidence,2026-08-23,2,IS,quantile,0.1,0.0
2026-08-19,ILI incidence,2026-08-23,2,IS,quantile,0.15,0.0
2026-08-19,ILI incidence,2026-08-23,2,IS,quantile,0.2,0.0
2026-08-19,ILI incidence,2026-08-23,2,IS,quantile,0.25,0.0
2026-08-19,ILI incidence,2026-08-23,2,IS,quantile,0.3,0.0
2026-08-19,ILI incidence,2026-08-23,2,IS,quantile,0.35,0.0
2026-08-19,ILI incidence,2026-08-23,2,IS,quantile,0.4,0.09253142868895126
2026-08-19,ILI incidence,2026-08-23,2,IS,quantile,0.45,0.4207311829293325
2026-08-19,ILI incidence,2026-08-23,2,IS,quantile,0.5,0.7437274540613861
2026-08-19,ILI incidence,2026-08-23,2,IS,quantile,0.55,1.06672372519344
2026-08-19,ILI incidence,2026-08-23,2,IS,quantile,0.6,1.394923479433821
2026-08-19,ILI incidence,2026-08-23,2,IS,quantile,0.65,1.7341439739801578
2026-08-19,ILI incidence,2026-08-23,2,IS,quantile,0.7,2.0916312798876406
2026-08-19,ILI incidence,2026-08-23,2,IS,quantile,0.75,2.47741629062448
2026-08-19,ILI incidence,2026-08-23,2,IS,quantile,0.8,2.9070061945250365
2026-08-19,ILI incidence,2026-08-23,2,IS,quantile,0.85,3.40774569404838
2026-08-19,ILI incidence,2026-08-23,2,IS,quantile,0.9,4.037790324577543
2026-08-19,ILI incidence,2026-08-23,2,IS,quantile,0.95,4.971611376681519
2026-08-19,ILI incidence,2026-08-23,2,IS,quantile,0.975,5.781561874932846
2026-08-19,ILI incidence,2026-08-23,2,IS,quantile,0.99,6.723304368335334
2026-08-19,ILI incidence,2026-08-30,3,IS,median,,1.4587724118652208
2026-08-19,ILI incidence,2026-08-30,3,IS,quantile,0.01,0.0
2026-08-19,ILI incidence,2026-08-30,3,IS,quantile,0.025,0.0
2026-08-19,ILI incidence,2026-08-30,3,IS,quantile,0.05,0.0
2026-08-19,ILI incidence,2026-08-30,3,IS,quantile,0.1,0.0
2026-08-19,ILI incidence,2026-08-30,3,IS,quantile,0.15,0.0
2026-08-19,ILI incidence,2026-08-30,3,IS,quantile,0.2,0.0
2026-08-19,ILI incidence,2026-08-30,3,IS,quantile,0.25,0.0
2026-08-19,ILI incidence,2026-08-30,3,IS,quantile,0.3,0.0
2026-08-19,ILI incidence,2026-08-30,3,IS,quantile,0.35,0.0
2026-08-19,ILI incidence,2026-08-30,3,IS,quantile,0.4,0.2841756578892545
2026-08-19,ILI incidence,2026-08-30,3,IS,quantile,0.45,0.8761669338894167
2026-08-19,ILI incidence,2026-08-30,3,IS,quantile,0.5,1.4587724118652208
2026-08-19,ILI incidence,2026-08-30,3,IS,quantile,0.55,2.0413778898410255
2026-08-19,ILI incidence,2026-08-30,3,IS,quantile,0.6,2.633369165841187
2026-08-19,ILI incidence,2026-08-30,3,IS,quantile,0.65,3.245239134716331
2026-08-19,ILI incidence,2026-08-30,3,IS,quantile,0.7,3.8900579185324475
2026-08-19,ILI incidence,2026-08-30,3,IS,quantile,0.75,4.585918771007572
2026-08-19,ILI incidence,2026-08-30,3,IS,quantile,0.8,5.360792828897976
2026-08-19,ILI incidence,2026-08-30,3,IS,quantile,0.85,6.264003180022711
2026-08-19,ILI incidence,2026-08-30,3,IS,quantile,0.9,7.400448043082632
2026-08-19,ILI incidence,2026-08-30,3,IS,quantile,0.95,9.084830523716523
2026-08-19,ILI incidence,2026-08-30,3,IS,quantile,0.975,10.545781127005473
2026-08-19,ILI incidence,2026-08-30,3,IS,quantile,0.99,12.244451930776354
2026-08-19,ILI incidence,2026-09-06,4,IS,median,,2.3646752232118877
2026-08-19,ILI incidence,2026-09-06,4,IS,quantile,0.01,0.0
2026-08-19,ILI incidence,2026-09-06,4,IS,quantile,0.025,0.0
2026-08-19,ILI incidence,2026-09-06,4,IS,quantile,0.05,0.0
2026-08-19,ILI incidence,2026-09-06,4,IS,quantile,0.1,0.0
2026-08-19,ILI incidence,2026-09-06,4,IS,quantile,0.15,0.0
2026-08-19,ILI incidence,2026-09-06,4,IS,quantile,0.2,0.0
2026-08-19,ILI incidence,2026-09-06,4,IS,quantile,0.25,0.0
2026-08-19,ILI incidence,2026-09-06,4,IS,quantile,0.3,0.0
2026-08-19,ILI incidence,2026-09-06,4,IS,quantile,0.35,0.0
2026-08-19,ILI incidence,2026-09-06,4,IS,quantile,0.4,0.5466930194693158
2026-08-19,ILI incidence,2026-09-06,4,IS,quantile,0.45,1.4629475560974434
2026-08-19,ILI incidence,2026-09-06,4,IS,quantile,0.5,2.3646752232118877
2026-08-19,ILI incidence,2026-09-06,4,IS,quantile,0.55,3.266402890326333
2026-08-19,ILI incidence,2026-09-06,4,IS,quantile,0.6,4.18265742695446
2026-08-19,ILI incidence,2026-09-06,4,IS,quantile,0.65,5.129679211796114
2026-08-19,ILI incidence,2026-09-06,4,IS,quantile,0.7,6.127697527144374
2026-08-19,ILI incidence,2026-09-06,4,IS,quantile,0.75,7.204716207639379
2026-08-19,ILI incidence,2026-09-06,4,IS,quantile,0.8,8.404027582047766
2026-08-19,ILI incidence,2026-09-06,4,IS,quantile,0.85,9.801971462807414
2026-08-19,ILI incidence,2026-09-06,4,IS,quantile,0.9,11.560904074858438
2026-08-19,ILI incidence,2026-09-06,4,IS,quantile,0.95,14.167907170791427
2026-08-19,ILI incidence,2026-09-06,4,IS,quantile,0.975,16.42909356376917
2026-08-19,ILI incidence,2026-09-06,4,IS,quantile,0.99,19.05821141278354
2026-08-19,ILI incidence,2026-08-16,1,LU,median,,1312.653757957598
2026-08-19,ILI incidence,2026-08-16,1,LU,quantile,0.01,0.0
2026-08-19,ILI incidence,2026-08-16,1,LU,quantile,0.025,0.0
2026-08-19,ILI incidence,2026-08-16,1,LU,quantile,0.05,0.0
2026-08-19,ILI incidence,2026-08-16,1,LU,quantile,0.1,0.0
2026-08-19,ILI incidence,2026-08-16,1,LU,quantile,0.15,0.0
2026-08-19,ILI incidence,2026-08-16,1,LU,quantile,0.2,0.0
2026-08-19,ILI incidence,2026-08-16,1,LU,quantile,0.25,0.0
2026-08-19,ILI incidence,2026-08-16,1,LU,quantile,0.3,169.7427200987463
2026-08-19,ILI incidence,2026-08-16,1,LU,quantile,0.35,472.86240860147177
2026-08-19,ILI incidence,2026-08-16,1,LU,quantile,0.4,760.4933508515915
2026-08-19,ILI incidence,2026-08-16,1,LU,quantile,0.45,1038.7796162043578
2026-08-19,ILI incidence,2026-08-16,1,LU,quantile,0.5,1312.653757957598
2026-08-19,ILI incidence,2026-08-16,1,LU,quantile,0.55,1586.5278997108385
2026-08-19,ILI incidence,2026-08-16,1,LU,quantile,0.6,1864.8141650636044
2026-08-19,ILI incidence,2026-08-16,1,LU,quantile,0.65,2152.4451073137243
2026-08-19,ILI incidence,2026-08-16,1,LU,quantile,0.7,2455.564795816449
2026-08-19,ILI incidence,2026-08-16,1,LU,quantile,0.75,2782.678599163176
2026-08-19,ILI incidence,2026-08-16,1,LU,quantile,0.8,3146.935331367122
2026-08-19,ILI incidence,2026-08-16,1,LU,quantile,0.85,3571.521040029482
2026-08-19,ILI incidence,2026-08-16,1,LU,quantile,0.9,4105.746812505553
2026-08-19,ILI incidence,2026-08-16,1,LU,quantile,0.95,4897.549882862126
2026-08-19,ILI incidence,2026-08-16,1,LU,quantile,0.975,5584.320961654242
2026-08-19,ILI incidence,2026-08-16,1,LU,quantile,0.99,6382.840759511957
2026-08-19,ILI incidence,2026-08-23,2,LU,median,,1312.653757957598
2026-08-19,ILI incidence,2026-08-23,2,LU,quantile,0.01,0.0
2026-08-19,ILI incidence,2026-08-23,2,LU,quantile,0.025,0.0
2026-08-19,ILI incidence,2026-08-23,2,LU,quantile,0.05,0.0
2026-08-19,ILI incidence,2026-08-23,2,LU,quantile,0.1,0.0
2026-08-19,ILI incidence,2026-08-23,2,LU,quantile,0.15,0.0
2026-08-19,ILI incidence,2026-08-23,2,LU,quantile,0.2,0.0
2026-08-19,ILI incidence,2026-08-23,2,LU,quantile,0.25,0.0
2026-08-19,ILI incidence,2026-08-23,2,LU,quantile,0.3,169.7427200987463
2026-08-19,ILI incidence,2026-08-23,2,LU,quantile,0.35,472.86240860147177
2026-08-19,ILI incidence,2026-08-23,2,LU,quantile,0.4,760.4933508515915
2026-08-19,ILI incidence,2026-08-23,2,LU,quantile,0.45,1038.7796162043578
2026-08-19,ILI incidence,2026-08-23,2,LU,quantile,0.5,1312.653757957598
2026-08-19,ILI incidence,2026-08-23,2,LU,quantile,0.55,1586.5278997108385
2026-08-19,ILI incidence,2026-08-23,2,LU,quantile,0.6,1864.8141650636044
2026-08-19,ILI incidence,2026-08-23,2,LU,quantile,0.65,2152.4451073137243
2026-08-19,ILI incidence,2026-08-23,2,LU,quantile,0.7,2455.564795816449
2026-08-19,ILI incidence,2026-08-23,2,LU,quantile,0.75,2782.678599163176
2026-08-19,ILI incidence,2026-08-23,2,LU,quantile,0.8,3146.935331367122
2026-08-19,ILI incidence,2026-08-23,2,LU,quantile,0.85,3571.521040029482
2026-08-19,ILI incidence,2026-08-23,2,LU,quantile,0.9,4105.746812505553
2026-08-19,ILI incidence,2026-08-23,2,LU,quantile,0.95,4897.549882862126
2026-08-19,ILI incidence,2026-08-23,2,LU,quantile,0.975,5584.320961654242
2026-08-19,ILI incidence,2026-08-23,2,LU,quantile,0.99,6382.840759511957
2026-08-19,ILI incidence,2026-08-30,3,LU,median,,1312.653757957598
2026-08-19,ILI incidence,2026-08-30,3,LU,quantile,0.01,0.0
2026-08-19,ILI incidence,2026-08-30,3,LU,quantile,0.025,0.0
2026-08-19,ILI incidence,2026-08-30,3,LU,quantile,0.05,0.0
2026-08-19,ILI incidence,2026-08-30,3,LU,quantile,0.1,0.0
2026-08-19,ILI incidence,2026-08-30,3,LU,quantile,0.15,0.0
2026-08-19,ILI incidence,2026-08-30,3,LU,quantile,0.2,0.0
2026-08-19,ILI incidence,2026-08-30,3,LU,quantile,0.25,0.0
2026-08-19,ILI incidence,2026-08-30,3,LU,quantile,0.3,169.7427200987463
2026-08-19,ILI incidence,2026-08-30,3,LU,quantile,0.35,472.86240860147177
2026-08-19,ILI incidence,2026-08-30,3,LU,quantile,0.4,760.4933508515915
2026-08-19,ILI incidence,2026-08-30,3,LU,quantile,0.45,1038.7796162043578
2026-08-19,ILI incidence,2026-08-30,3,LU,quantile,0.5,1312.653757957598
2026-08-19,ILI incidence,2026-08-30,3,LU,quantile,0.55,1586.5278997108385
2026-08-19,ILI incidence,2026-08-30,3,LU,quantile,0.6,1864.8141650636044
2026-08-19,ILI incidence,2026-08-30,3,LU,quantile,0.65,2152.4451073137243
2026-08-19,ILI incidence,2026-08-30,3,LU,quantile,0.7,2455.564795816449
2026-08-19,ILI incidence,2026-08-30,3,LU,quantile,0.75,2782.678599163176
2026-08-19,ILI incidence,2026-08-30,3,LU,quantile,0.8,3146.935331367122
2026-08-19,ILI incidence,2026-08-30,3,LU,quantile,0.85,3571.521040029482
2026-08-19,ILI incidence,2026-08-30,3,LU,quantile,0.9,4105.746812505553
2026-08-19,ILI incidence,2026-08-30,3,LU,quantile,0.95,4897.549882862126
2026-08-19,ILI incidence,2026-08-30,3,LU,quantile,0.975,5584.320961654242
2026-08-19,ILI incidence,2026-08-30,3,LU,quantile,0.99,6382.840759511957
2026-08-19,ILI incidence,2026-09-06,4,LU,median,,1312.653757957598
2026-08-19,ILI incidence,2026-09-06,4,LU,quantile,0.01,0.0
2026-08-19,ILI incidence,2026-09-06,4,LU,quantile,0.025,0.0
2026-08-19,ILI incidence,2026-09-06,4,LU,quantile,0.05,0.0
2026-08-19,ILI incidence,2026-09-06,4,LU,quantile,0.1,0.0
2026-08-19,ILI incidence,2026-09-06,4,LU,quantile,0.15,0.0
2026-08-19,ILI incidence,2026-09-06,4,LU,quantile,0.2,0.0
2026-08-19,ILI incidence,2026-09-06,4,LU,quantile,0.25,0.0
2026-08-19,ILI incidence,2026-09-06,4,LU,quantile,0.3,169.7427200987463
2026-08-19,ILI incidence,2026-09-06,4,LU,quantile,0.35,472.86240860147177
2026-08-19,ILI incidence,2026-09-06,4,LU,quantile,0.4,760.4933508515915
2026-08-19,ILI incidence,2026-09-06,4,LU,quantile,0.45,1038.7796162043578
2026-08-19,ILI incidence,2026-09-06,4,LU,quantile,0.5,1312.653757957598
2026-08-19,ILI incidence,2026-09-06,4,LU,quantile,0.55,1586.5278997108385
2026-08-19,ILI incidence,2026-09-06,4,LU,quantile,0.6,1864.8141650636044
2026-08-19,ILI incidence,2026-09-06,4,LU,quantile,0.65,2152.4451073137243
2026-08-19,ILI incidence,2026-09-06,4,LU,quantile,0.7,2455.564795816449
2026-08-19,ILI incidence,2026-09-06,4,LU,quantile,0.75,2782.678599163176
2026-08-19,ILI incidence,2026-09-06,4,LU,quantile,0.8,3146.935331367122
2026-08-19,ILI incidence,2026-09-06,4,LU,quantile,0.85,3571.521040029482
2026-08-19,ILI incidence,2026-09-06,4,LU,quantile,0.9,4105.746812505553
2026-08-19,ILI incidence,2026-09-06,4,LU,quantile,0.95,4897.549882862126
2026-08-19,ILI incidence,2026-09-06,4,LU,quantile,0.975,5584.320961654242
2026-08-19,ILI incidence,2026-09-06,4,LU,quantile,0.99,6382.840759511957
2026-08-19,ILI incidence,2026-08-16,1,MT,median,,2520.7969122254235
2026-08-19,ILI incidence,2026-08-16,1,MT,quantile,0.01,0.0
2026-08-19,ILI incidence,2026-08-16,1,MT,quantile,0.025,0.0
2026-08-19,ILI incidence,2026-08-16,1,MT,quantile,0.05,0.0
2026-08-19,ILI incidence,2026-08-16,1,MT,quantile,0.1,402.629740675869
2026-08-19,ILI incidence,2026-08-16,1,MT,quantile,0.15,807.7646471595535
2026-08-19,ILI incidence,2026-08-16,1,MT,quantile,0.2,1129.7530277948945
2026-08-19,ILI incidence,2026-08-16,1,MT,quantile,0.25,1405.9903879909687
2026-08-19,ILI incidence,2026-08-16,1,MT,quantile,0.3,1654.0600749215714
2026-08-19,ILI incidence,2026-08-16,1,MT,quantile,0.35,1883.9336096365519
2026-08-19,ILI incidence,2026-08-16,1,MT,quantile,0.4,2102.0611146990973
2026-08-19,ILI incidence,2026-08-16,1,MT,quantile,0.45,2313.10200021616
2026-08-19,ILI incidence,2026-08-16,1,MT,quantile,0.5,2520.7969122254235
2026-08-19,ILI incidence,2026-08-16,1,MT,quantile,0.55,2728.491824234687
2026-08-19,ILI incidence,2026-08-16,1,MT,quantile,0.6,2939.5327097517497
2026-08-19,ILI incidence,2026-08-16,1,MT,quantile,0.65,3157.660214814295
2026-08-19,ILI incidence,2026-08-16,1,MT,quantile,0.7,3387.533749529275
2026-08-19,ILI incidence,2026-08-16,1,MT,quantile,0.75,3635.603436459878
2026-08-19,ILI incidence,2026-08-16,1,MT,quantile,0.8,3911.8407966559525
2026-08-19,ILI incidence,2026-08-16,1,MT,quantile,0.85,4233.8291772912935
2026-08-19,ILI incidence,2026-08-16,1,MT,quantile,0.9,4638.964083774978
2026-08-19,ILI incidence,2026-08-16,1,MT,quantile,0.95,5239.435044536747
2026-08-19,ILI incidence,2026-08-16,1,MT,quantile,0.975,5760.2540523741245
2026-08-19,ILI incidence,2026-08-16,1,MT,quantile,0.99,6365.818703684441
2026-08-19,ILI incidence,2026-08-23,2,MT,median,,2520.7969122254235
2026-08-19,ILI incidence,2026-08-23,2,MT,quantile,0.01,0.0
2026-08-19,ILI incidence,2026-08-23,2,MT,quantile,0.025,0.0
2026-08-19,ILI incidence,2026-08-23,2,MT,quantile,0.05,0.0
2026-08-19,ILI incidence,2026-08-23,2,MT,quantile,0.1,402.629740675869
2026-08-19,ILI incidence,2026-08-23,2,MT,quantile,0.15,807.7646471595535
2026-08-19,ILI incidence,2026-08-23,2,MT,quantile,0.2,1129.7530277948945
2026-08-19,ILI incidence,2026-08-23,2,MT,quantile,0.25,1405.9903879909687
2026-08-19,ILI incidence,2026-08-23,2,MT,quantile,0.3,1654.0600749215714
2026-08-19,ILI incidence,2026-08-23,2,MT,quantile,0.35,1883.9336096365519
2026-08-19,ILI incidence,2026-08-23,2,MT,quantile,0.4,2102.0611146990973
2026-08-19,ILI incidence,2026-08-23,2,MT,quantile,0.45,2313.10200021616
2026-08-19,ILI incidence,2026-08-23,2,MT,quantile,0.5,2520.7969122254235
2026-08-19,ILI incidence,2026-08-23,2,MT,quantile,0.55,2728.491824234687
2026-08-19,ILI incidence,2026-08-23,2,MT,quantile,0.6,2939.5327097517497
2026-08-19,ILI incidence,2026-08-23,2,MT,quantile,0.65,3157.660214814295
2026-08-19,ILI incidence,2026-08-23,2,MT,quantile,0.7,3387.533749529275
2026-08-19,ILI incidence,2026-08-23,2,MT,quantile,0.75,3635.603436459878
2026-08-19,ILI incidence,2026-08-23,2,MT,quantile,0.8,3911.8407966559525
2026-08-19,ILI incidence,2026-08-23,2,MT,quantile,0.85,4233.8291772912935
2026-08-19,ILI incidence,2026-08-23,2,MT,quantile,0.9,4638.964083774978
2026-08-19,ILI incidence,2026-08-23,2,MT,quantile,0.95,5239.435044536747
2026-08-19,ILI incidence,2026-08-23,2,MT,quantile,0.975,5760.2540523741245
2026-08-19,ILI incidence,2026-08-23,2,MT,quantile,0.99,6365.818703684441
2026-08-19,ILI incidence,2026-08-30,3,MT,median,,2520.7969122254235
2026-08-19,ILI incidence,2026-08-30,3,MT,quantile,0.01,0.0
2026-08-19,ILI incidence,2026-08-30,3,MT,quantile,0.025,0.0
2026-08-19,ILI incidence,2026-08-30,3,MT,quantile,0.05,0.0
2026-08-19,ILI incidence,2026-08-30,3,MT,quantile,0.1,402.629740675869
2026-08-19,ILI incidence,2026-08-30,3,MT,quantile,0.15,807.7646471595535
2026-08-19,ILI incidence,2026-08-30,3,MT,quantile,0.2,1129.7530277948945
2026-08-19,ILI incidence,2026-08-30,3,MT,quantile,0.25,1405.9903879909687
2026-08-19,ILI incidence,2026-08-30,3,MT,quantile,0.3,1654.0600749215714
2026-08-19,ILI incidence,2026-08-30,3,MT,quantile,0.35,1883.9336096365519
2026-08-19,ILI incidence,2026-08-30,3,MT,quantile,0.4,2102.0611146990973
2026-08-19,ILI incidence,2026-08-30,3,MT,quantile,0.45,2313.10200021616
2026-08-19,ILI incidence,2026-08-30,3,MT,quantile,0.5,2520.7969122254235
2026-08-19,ILI incidence,2026-08-30,3,MT,quantile,0.55,2728.491824234687
2026-08-19,ILI incidence,2026-08-30,3,MT,quantile,0.6,2939.5327097517497
2026-08-19,ILI incidence,2026-08-30,3,MT,quantile,0.65,3157.660214814295
2026-08-19,ILI incidence,2026-08-30,3,MT,quantile,0.7,3387.533749529275
2026-08-19,ILI incidence,2026-08-30,3,MT,quantile,0.75,3635.603436459878
2026-08-19,ILI incidence,2026-08-30,3,MT,quantile,0.8,3911.8407966559525
2026-08-19,ILI incidence,2026-08-30,3,MT,quantile,0.85,4233.8291772912935
2026-08-19,ILI incidence,2026-08-30,3,MT,quantile,0.9,4638.964083774978
2026-08-19,ILI incidence,2026-08-30,3,MT,quantile,0.95,5239.435044536747
2026-08-19,ILI incidence,2026-08-30,3,MT,quantile,0.975,5760.2540523741245
2026-08-19,ILI incidence,2026-08-30,3,MT,quantile,0.99,6365.818703684441
2026-08-19,ILI incidence,2026-09-06,4,MT,median,,2520.7969122254235
2026-08-19,ILI incidence,2026-09-06,4,MT,quantile,0.01,0.0
2026-08-19,ILI incidence,2026-09-06,4,MT,quantile,0.025,0.0
2026-08-19,ILI incidence,2026-09-06,4,MT,quantile,0.05,0.0
2026-08-19,ILI incidence,2026-09-06,4,MT,quantile,0.1,402.629740675869
2026-08-19,ILI incidence,2026-09-06,4,MT,quantile,0.15,807.7646471595535
2026-08-19,ILI incidence,2026-09-06,4,MT,quantile,0.2,1129.7530277948945
2026-08-19,ILI incidence,2026-09-06,4,MT,quantile,0.25,1405.9903879909687
2026-08-19,ILI incidence,2026-09-06,4,MT,quantile,0.3,1654.0600749215714
2026-08-19,ILI incidence,2026-09-06,4,MT,quantile,0.35,1883.9336096365519
2026-08-19,ILI incidence,2026-09-06,4,MT,quantile,0.4,2102.0611146990973
2026-08-19,ILI incidence,2026-09-06,4,MT,quantile,0.45,2313.10200021616
2026-08-19,ILI incidence,2026-09-06,4,MT,quantile,0.5,2520.7969122254235
2026-08-19,ILI incidence,2026-09-06,4,MT,quantile,0.55,2728.491824234687
2026-08-19,ILI incidence,2026-09-06,4,MT,quantile,0.6,2939.5327097517497
2026-08-19,ILI incidence,2026-09-06,4,MT,quantile,0.65,3157.660214814295
2026-08-19,ILI incidence,2026-09-06,4,MT,quantile,0.7,3387.533749529275
2026-08-19,ILI incidence,2026-09-06,4,MT,quantile,0.75,3635.603436459878
2026-08-19,ILI incidence,2026-09-06,4,MT,quantile,0.8,3911.8407966559525
2026-08-19,ILI incidence,2026-09-06,4,MT,quantile,0.85,4233.8291772912935
2026-08-19,ILI incidence,2026-09-06,4,MT,quantile,0.9,4638.964083774978
2026-08-19,ILI incidence,2026-09-06,4,MT,quantile,0.95,5239.435044536747
2026-08-19,ILI incidence,2026-09-06,4,MT,quantile,0.975,5760.2540523741245
2026-08-19,ILI incidence,2026-09-06,4,MT,quantile,0.99,6365.818703684441
2026-08-19,ILI incidence,2026-08-16,1,NO,median,,8.890335029417656
2026-08-19,ILI incidence,2026-08-16,1,NO,quantile,0.01,0.0
2026-08-19,ILI incidence,2026-08-16,1,NO,quantile,0.025,0.0
2026-08-19,ILI incidence,2026-08-16,1,NO,quantile,0.05,0.0
2026-08-19,ILI incidence,2026-08-16,1,NO,quantile,0.1,0.9619012095790547
2026-08-19,ILI incidence,2026-08-16,1,NO,quantile,0.15,2.4783468127901456
2026-08-19,ILI incidence,2026-08-16,1,NO,quantile,0.2,3.6835697059184263
2026-08-19,ILI incidence,2026-08-16,1,NO,quantile,0.25,4.717543633141221
2026-08-19,ILI incidence,2026-08-16,1,NO,quantile,0.3,5.64608417609494
2026-08-19,ILI incidence,2026-08-16,1,NO,quantile,0.35,6.506515369345285
2026-08-19,ILI incidence,2026-08-16,1,NO,quantile,0.4,7.322980429990023
2026-08-19,ILI incidence,2026-08-16,1,NO,quantile,0.45,8.112919825036975
2026-08-19,ILI incidence,2026-08-16,1,NO,quantile,0.5,8.890335029417656
2026-08-19,ILI incidence,2026-08-16,1,NO,quantile,0.55,9.667750233798339
2026-08-19,ILI incidence,2026-08-16,1,NO,quantile,0.6,10.457689628845289
2026-08-19,ILI incidence,2026-08-16,1,NO,quantile,0.65,11.274154689490027
2026-08-19,ILI incidence,2026-08-16,1,NO,quantile,0.7,12.134585882740371
2026-08-19,ILI incidence,2026-08-16,1,NO,quantile,0.75,13.06312642569409
2026-08-19,ILI incidence,2026-08-16,1,NO,quantile,0.8,14.097100352916886
2026-08-19,ILI incidence,2026-08-16,1,NO,quantile,0.85,15.302323246045166
2026-08-19,ILI incidence,2026-08-16,1,NO,quantile,0.9,16.81876884925626
2026-08-19,ILI incidence,2026-08-16,1,NO,quantile,0.95,19.066369669946823
2026-08-19,ILI incidence,2026-08-16,1,NO,quantile,0.975,21.01582818824302
2026-08-19,ILI incidence,2026-08-16,1,NO,quantile,0.99,23.28249501512768
2026-08-19,ILI incidence,2026-08-23,2,NO,median,,9.020945551984376
2026-08-19,ILI incidence,2026-08-23,2,NO,quantile,0.01,0.0
2026-08-19,ILI incidence,2026-08-23,2,NO,quantile,0.025,0.0
2026-08-19,ILI incidence,2026-08-23,2,NO,quantile,0.05,0.0
2026-08-19,ILI incidence,2026-08-23,2,NO,quantile,0.1,0.0
2026-08-19,ILI incidence,2026-08-23,2,NO,quantile,0.15,0.39969850646338756
2026-08-19,ILI incidence,2026-08-23,2,NO,quantile,0.2,2.020182505425182
2026-08-19,ILI incidence,2026-08-23,2,NO,quantile,0.25,3.4104134859031516
2026-08-19,ILI incidence,2026-08-23,2,NO,quantile,0.3,4.6588838732671265
2026-08-19,ILI incidence,2026-08-23,2,NO,quantile,0.35,5.815777746441657
2026-08-19,ILI incidence,2026-08-23,2,NO,quantile,0.4,6.913556899185766
2026-08-19,ILI incidence,2026-08-23,2,NO,quantile,0.45,7.975670933960323
2026-08-19,ILI incidence,2026-08-23,2,NO,quantile,0.5,9.020945551984376
2026-08-19,ILI incidence,2026-08-23,2,NO,quantile,0.55,10.06622017000843
2026-08-19,ILI incidence,2026-08-23,2,NO,quantile,0.6,11.128334204782986
2026-08-19,ILI incidence,2026-08-23,2,NO,quantile,0.65,12.226113357527094
2026-08-19,ILI incidence,2026-08-23,2,NO,quantile,0.7,13.383007230701622
2026-08-19,ILI incidence,2026-08-23,2,NO,quantile,0.75,14.631477618065599
2026-08-19,ILI incidence,2026-08-23,2,NO,quantile,0.8,16.021708598543572
2026-08-19,ILI incidence,2026-08-23,2,NO,quantile,0.85,17.642192597505364
2026-08-19,ILI incidence,2026-08-23,2,NO,quantile,0.9,19.681131493630346
2026-08-19,ILI incidence,2026-08-23,2,NO,quantile,0.95,22.703146082590525
2026-08-19,ILI incidence,2026-08-23,2,NO,quantile,0.975,25.324293053454205
2026-08-19,ILI incidence,2026-08-23,2,NO,quantile,0.99,28.37194286568951
2026-08-19,ILI incidence,2026-08-30,3,NO,median,,9.364331616759294
2026-08-19,ILI incidence,2026-08-30,3,NO,quantile,0.01,0.0
2026-08-19,ILI incidence,2026-08-30,3,NO,quantile,0.025,0.0
2026-08-19,ILI incidence,2026-08-30,3,NO,quantile,0.05,0.0
2026-08-19,ILI incidence,2026-08-30,3,NO,quantile,0.1,0.0
2026-08-19,ILI incidence,2026-08-30,3,NO,quantile,0.15,0.0
2026-08-19,ILI incidence,2026-08-30,3,NO,quantile,0.2,0.0
2026-08-19,ILI incidence,2026-08-30,3,NO,quantile,0.25,0.8136269069587936
2026-08-19,ILI incidence,2026-08-30,3,NO,quantile,0.3,2.7163522626906893
2026-08-19,ILI incidence,2026-08-30,3,NO,quantile,0.35,4.479510867539768
2026-08-19,ILI incidence,2026-08-30,3,NO,quantile,0.4,6.152575963885653
2026-08-19,ILI incidence,2026-08-30,3,NO,quantile,0.45,7.771285806824912
2026-08-19,ILI incidence,2026-08-30,3,NO,quantile,0.5,9.364331616759294
2026-08-19,ILI incidence,2026-08-30,3,NO,quantile,0.55,10.957377426693677
2026-08-19,ILI incidence,2026-08-30,3,NO,quantile,0.6,12.576087269632936
2026-08-19,ILI incidence,2026-08-30,3,NO,quantile,0.65,14.24915236597882
2026-08-19,ILI incidence,2026-08-30,3,NO,quantile,0.7,16.012310970827897
2026-08-19,ILI incidence,2026-08-30,3,NO,quantile,0.75,17.915036326559793
2026-08-19,ILI incidence,2026-08-30,3,NO,quantile,0.8,20.033811239967704
2026-08-19,ILI incidence,2026-08-30,3,NO,quantile,0.85,22.503502171037834
2026-08-19,ILI incidence,2026-08-30,3,NO,quantile,0.9,25.610937297822286
2026-08-19,ILI incidence,2026-08-30,3,NO,quantile,0.95,30.216624258445304
2026-08-19,ILI incidence,2026-08-30,3,NO,quantile,0.975,34.211370832364786
2026-08-19,ILI incidence,2026-08-30,3,NO,quantile,0.99,38.856127033090814
2026-08-19,ILI incidence,2026-09-06,4,NO,median,,9.913566645776754
2026-08-19,ILI incidence,2026-09-06,4,NO,quantile,0.01,0.0
2026-08-19,ILI incidence,2026-09-06,4,NO,quantile,0.025,0.0
2026-08-19,ILI incidence,2026-09-06,4,NO,quantile,0.05,0.0
2026-08-19,ILI incidence,2026-09-06,4,NO,quantile,0.1,0.0
2026-08-19,ILI incidence,2026-09-06,4,NO,quantile,0.15,0.0
2026-08-19,ILI incidence,2026-09-06,4,NO,quantile,0.2,0.0
2026-08-19,ILI incidence,2026-09-06,4,NO,quantile,0.25,0.0
2026-08-19,ILI incidence,2026-09-06,4,NO,quantile,0.3,0.6921548129048514
2026-08-19,ILI incidence,2026-09-06,4,NO,quantile,0.35,3.137832026392995
2026-08-19,ILI incidence,2026-09-06,4,NO,quantile,0.4,5.458540538697092
2026-08-19,ILI incidence,2026-09-06,4,NO,quantile,0.45,7.703852881692114
2026-08-19,ILI incidence,2026-09-06,4,NO,quantile,0.5,9.913566645776754
2026-08-19,ILI incidence,2026-09-06,4,NO,quantile,0.55,12.123280409861398
2026-08-19,ILI incidence,2026-09-06,4,NO,quantile,0.6,14.368592752856415
2026-08-19,ILI incidence,2026-09-06,4,NO,quantile,0.65,16.689301265160513
2026-08-19,ILI incidence,2026-09-06,4,NO,quantile,0.7,19.134978478648655
2026-08-19,ILI incidence,2026-09-06,4,NO,quantile,0.75,21.774248725376086
2026-08-19,ILI incidence,2026-09-06,4,NO,quantile,0.8,24.713201302858806
2026-08-19,ILI incidence,2026-09-06,4,NO,quantile,0.85,28.13890947106614
2026-08-19,ILI incidence,2026-09-06,4,NO,quantile,0.9,32.44923258157263
2026-08-19,ILI incidence,2026-09-06,4,NO,quantile,0.95,38.837780736614725
2026-08-19,ILI incidence,2026-09-06,4,NO,quantile,0.975,44.3788935115094
2026-08-19,ILI incidence,2026-09-06,4,NO,quantile,0.99,50.821634607563986
2026-08-19,ILI incidence,2026-08-16,1,RO,median,,10.508901745468407
2026-08-19,ILI incidence,2026-08-16,1,RO,quantile,0.01,0.0
2026-08-19,ILI incidence,2026-08-16,1,RO,quantile,0.025,1.3915331375863325
2026-08-19,ILI incidence,2026-08-16,1,RO,quantile,0.05,2.8573648084528918
2026-08-19,ILI incidence,2026-08-16,1,RO,quantile,0.1,4.547374847401224
2026-08-19,ILI incidence,2026-08-16,1,RO,quantile,0.15,5.687616597339002
2026-08-19,ILI incidence,2026-08-16,1,RO,quantile,0.2,6.593844593790496
2026-08-19,ILI incidence,2026-08-16,1,RO,quantile,0.25,7.371307522675021
2026-08-19,ILI incidence,2026-08-16,1,RO,quantile,0.3,8.06949326131529
2026-08-19,ILI incidence,2026-08-16,1,RO,quantile,0.35,8.716466398640716
2026-08-19,ILI incidence,2026-08-16,1,RO,quantile,0.4,9.330380638321502
2026-08-19,ILI incidence,2026-08-16,1,RO,quantile,0.45,9.924349769984278
2026-08-19,ILI incidence,2026-08-16,1,RO,quantile,0.5,10.508901745468407
2026-08-19,ILI incidence,2026-08-16,1,RO,quantile,0.55,11.093453720952535
2026-08-19,ILI incidence,2026-08-16,1,RO,quantile,0.6,11.687422852615311
2026-08-19,ILI incidence,2026-08-16,1,RO,quantile,0.65,12.301337092296098
2026-08-19,ILI incidence,2026-08-16,1,RO,quantile,0.7,12.948310229621523
2026-08-19,ILI incidence,2026-08-16,1,RO,quantile,0.75,13.646495968261792
2026-08-19,ILI incidence,2026-08-16,1,RO,quantile,0.8,14.423958897146319
2026-08-19,ILI incidence,2026-08-16,1,RO,quantile,0.85,15.330186893597812
2026-08-19,ILI incidence,2026-08-16,1,RO,quantile,0.9,16.47042864353559
2026-08-19,ILI incidence,2026-08-16,1,RO,quantile,0.95,18.160438682483917
2026-08-19,ILI incidence,2026-08-16,1,RO,quantile,0.975,19.626270353350478
2026-08-19,ILI incidence,2026-08-16,1,RO,quantile,0.99,21.33061645303257
2026-08-19,ILI incidence,2026-08-23,2,RO,median,,10.508901745468407
2026-08-19,ILI incidence,2026-08-23,2,RO,quantile,0.01,0.0
2026-08-19,ILI incidence,2026-08-23,2,RO,quantile,0.025,1.3915331375863325
2026-08-19,ILI incidence,2026-08-23,2,RO,quantile,0.05,2.8573648084528918
2026-08-19,ILI incidence,2026-08-23,2,RO,quantile,0.1,4.547374847401224
2026-08-19,ILI incidence,2026-08-23,2,RO,quantile,0.15,5.687616597339002
2026-08-19,ILI incidence,2026-08-23,2,RO,quantile,0.2,6.593844593790496
2026-08-19,ILI incidence,2026-08-23,2,RO,quantile,0.25,7.371307522675021
2026-08-19,ILI incidence,2026-08-23,2,RO,quantile,0.3,8.06949326131529
2026-08-19,ILI incidence,2026-08-23,2,RO,quantile,0.35,8.716466398640716
2026-08-19,ILI incidence,2026-08-23,2,RO,quantile,0.4,9.330380638321502
2026-08-19,ILI incidence,2026-08-23,2,RO,quantile,0.45,9.924349769984278
2026-08-19,ILI incidence,2026-08-23,2,RO,quantile,0.5,10.508901745468407
2026-08-19,ILI incidence,2026-08-23,2,RO,quantile,0.55,11.093453720952535
2026-08-19,ILI incidence,2026-08-23,2,RO,quantile,0.6,11.687422852615311
2026-08-19,ILI incidence,2026-08-23,2,RO,quantile,0.65,12.301337092296098
2026-08-19,ILI incidence,2026-08-23,2,RO,quantile,0.7,12.948310229621523
2026-08-19,ILI incidence,2026-08-23,2,RO,quantile,0.75,13.646495968261792
2026-08-19,ILI incidence,2026-08-23,2,RO,quantile,0.8,14.423958897146319
2026-08-19,ILI incidence,2026-08-23,2,RO,quantile,0.85,15.330186893597812
2026-08-19,ILI incidence,2026-08-23,2,RO,quantile,0.9,16.47042864353559
2026-08-19,ILI incidence,2026-08-23,2,RO,quantile,0.95,18.160438682483917
2026-08-19,ILI incidence,2026-08-23,2,RO,quantile,0.975,19.626270353350478
2026-08-19,ILI incidence,2026-08-23,2,RO,quantile,0.99,21.33061645303257
2026-08-19,ILI incidence,2026-08-30,3,RO,median,,10.508901745468407
2026-08-19,ILI incidence,2026-08-30,3,RO,quantile,0.01,0.0
2026-08-19,ILI incidence,2026-08-30,3,RO,quantile,0.025,1.3915331375863325
2026-08-19,ILI incidence,2026-08-30,3,RO,quantile,0.05,2.8573648084528918
2026-08-19,ILI incidence,2026-08-30,3,RO,quantile,0.1,4.547374847401224
2026-08-19,ILI incidence,2026-08-30,3,RO,quantile,0.15,5.687616597339002
2026-08-19,ILI incidence,2026-08-30,3,RO,quantile,0.2,6.593844593790496
2026-08-19,ILI incidence,2026-08-30,3,RO,quantile,0.25,7.371307522675021
2026-08-19,ILI incidence,2026-08-30,3,RO,quantile,0.3,8.06949326131529
2026-08-19,ILI incidence,2026-08-30,3,RO,quantile,0.35,8.716466398640716
2026-08-19,ILI incidence,2026-08-30,3,RO,quantile,0.4,9.330380638321502
2026-08-19,ILI incidence,2026-08-30,3,RO,quantile,0.45,9.924349769984278
2026-08-19,ILI incidence,2026-08-30,3,RO,quantile,0.5,10.508901745468407
2026-08-19,ILI incidence,2026-08-30,3,RO,quantile,0.55,11.093453720952535
2026-08-19,ILI incidence,2026-08-30,3,RO,quantile,0.6,11.687422852615311
2026-08-19,ILI incidence,2026-08-30,3,RO,quantile,0.65,12.301337092296098
2026-08-19,ILI incidence,2026-08-30,3,RO,quantile,0.7,12.948310229621523
2026-08-19,ILI incidence,2026-08-30,3,RO,quantile,0.75,13.646495968261792
2026-08-19,ILI incidence,2026-08-30,3,RO,quantile,0.8,14.423958897146319
2026-08-19,ILI incidence,2026-08-30,3,RO,quantile,0.85,15.330186893597812
2026-08-19,ILI incidence,2026-08-30,3,RO,quantile,0.9,16.47042864353559
2026-08-19,ILI incidence,2026-08-30,3,RO,quantile,0.95,18.160438682483917
2026-08-19,ILI incidence,2026-08-30,3,RO,quantile,0.975,19.626270353350478
2026-08-19,ILI incidence,2026-08-30,3,RO,quantile,0.99,21.33061645303257
2026-08-19,ILI incidence,2026-09-06,4,RO,median,,10.508901745468407
2026-08-19,ILI incidence,2026-09-06,4,RO,quantile,0.01,0.0
2026-08-19,ILI incidence,2026-09-06,4,RO,quantile,0.025,1.3915331375863325
2026-08-19,ILI incidence,2026-09-06,4,RO,quantile,0.05,2.8573648084528918
2026-08-19,ILI incidence,2026-09-06,4,RO,quantile,0.1,4.547374847401224
2026-08-19,ILI incidence,2026-09-06,4,RO,quantile,0.15,5.687616597339002
2026-08-19,ILI incidence,2026-09-06,4,RO,quantile,0.2,6.593844593790496
2026-08-19,ILI incidence,2026-09-06,4,RO,quantile,0.25,7.371307522675021
2026-08-19,ILI incidence,2026-09-06,4,RO,quantile,0.3,8.06949326131529
2026-08-19,ILI incidence,2026-09-06,4,RO,quantile,0.35,8.716466398640716
2026-08-19,ILI incidence,2026-09-06,4,RO,quantile,0.4,9.330380638321502
2026-08-19,ILI incidence,2026-09-06,4,RO,quantile,0.45,9.924349769984278
2026-08-19,ILI incidence,2026-09-06,4,RO,quantile,0.5,10.508901745468407
2026-08-19,ILI incidence,2026-09-06,4,RO,quantile,0.55,11.093453720952535
2026-08-19,ILI incidence,2026-09-06,4,RO,quantile,0.6,11.687422852615311
2026-08-19,ILI incidence,2026-09-06,4,RO,quantile,0.65,12.301337092296098
2026-08-19,ILI incidence,2026-09-06,4,RO,quantile,0.7,12.948310229621523
2026-08-19,ILI incidence,2026-09-06,4,RO,quantile,0.75,13.646495968261792
2026-08-19,ILI incidence,2026-09-06,4,RO,quantile,0.8,14.423958897146319
2026-08-19,ILI incidence,2026-09-06,4,RO,quantile,0.85,15.330186893597812
2026-08-19,ILI incidence,2026-09-06,4,RO,quantile,0.9,16.47042864353559
2026-08-19,ILI incidence,2026-09-06,4,RO,quantile,0.95,18.160438682483917
2026-08-19,ILI incidence,2026-09-06,4,RO,quantile,0.975,19.626270353350478
2026-08-19,ILI incidence,2026-09-06,4,RO,quantile,0.99,21.33061645303257
2026-08-19,ILI incidence,2026-08-16,1,SI,median,,1.2018306229409212
2026-08-19,ILI incidence,2026-08-16,1,SI,quantile,0.01,0.0
2026-08-19,ILI incidence,2026-08-16,1,SI,quantile,0.025,0.0
2026-08-19,ILI incidence,2026-08-16,1,SI,quantile,0.05,0.0
2026-08-19,ILI incidence,2026-08-16,1,SI,quantile,0.1,0.0
2026-08-19,ILI incidence,2026-08-16,1,SI,quantile,0.15,0.0
2026-08-19,ILI incidence,2026-08-16,1,SI,quantile,0.2,0.0
2026-08-19,ILI incidence,2026-08-16,1,SI,quantile,0.25,0.0
2026-08-19,ILI incidence,2026-08-16,1,SI,quantile,0.3,0.0
2026-08-19,ILI incidence,2026-08-16,1,SI,quantile,0.35,0.21916694277146342
2026-08-19,ILI incidence,2026-08-16,1,SI,quantile,0.4,0.5557320675001437
2026-08-19,ILI incidence,2026-08-16,1,SI,quantile,0.45,0.8813627207115977
2026-08-19,ILI incidence,2026-08-16,1,SI,quantile,0.5,1.2018306229409212
2026-08-19,ILI incidence,2026-08-16,1,SI,quantile,0.55,1.5222985251702452
2026-08-19,ILI incidence,2026-08-16,1,SI,quantile,0.6,1.847929178381699
2026-08-19,ILI incidence,2026-08-16,1,SI,quantile,0.65,2.184494303110379
2026-08-19,ILI incidence,2026-08-16,1,SI,quantile,0.7,2.539183249197145
2026-08-19,ILI incidence,2026-08-16,1,SI,quantile,0.75,2.9219483897018375
2026-08-19,ILI incidence,2026-08-16,1,SI,quantile,0.8,3.3481755248925813
2026-08-19,ILI incidence,2026-08-16,1,SI,quantile,0.85,3.84499530678412
2026-08-19,ILI incidence,2026-08-16,1,SI,quantile,0.9,4.470108037494195
2026-08-19,ILI incidence,2026-08-16,1,SI,quantile,0.95,5.396619271126958
2026-08-19,ILI incidence,2026-08-16,1,SI,quantile,0.975,6.200229591996818
2026-08-19,ILI incidence,2026-08-16,1,SI,quantile,0.99,7.1346002590114885
2026-08-19,ILI incidence,2026-08-23,2,SI,median,,1.2018306229409212
2026-08-19,ILI incidence,2026-08-23,2,SI,quantile,0.01,0.0
2026-08-19,ILI incidence,2026-08-23,2,SI,quantile,0.025,0.0
2026-08-19,ILI incidence,2026-08-23,2,SI,quantile,0.05,0.0
2026-08-19,ILI incidence,2026-08-23,2,SI,quantile,0.1,0.0
2026-08-19,ILI incidence,2026-08-23,2,SI,quantile,0.15,0.0
2026-08-19,ILI incidence,2026-08-23,2,SI,quantile,0.2,0.0
2026-08-19,ILI incidence,2026-08-23,2,SI,quantile,0.25,0.0
2026-08-19,ILI incidence,2026-08-23,2,SI,quantile,0.3,0.0
2026-08-19,ILI incidence,2026-08-23,2,SI,quantile,0.35,0.21916694277146342
2026-08-19,ILI incidence,2026-08-23,2,SI,quantile,0.4,0.5557320675001437
2026-08-19,ILI incidence,2026-08-23,2,SI,quantile,0.45,0.8813627207115977
2026-08-19,ILI incidence,2026-08-23,2,SI,quantile,0.5,1.2018306229409212
2026-08-19,ILI incidence,2026-08-23,2,SI,quantile,0.55,1.5222985251702452
2026-08-19,ILI incidence,2026-08-23,2,SI,quantile,0.6,1.847929178381699
2026-08-19,ILI incidence,2026-08-23,2,SI,quantile,0.65,2.184494303110379
2026-08-19,ILI incidence,2026-08-23,2,SI,quantile,0.7,2.539183249197145
2026-08-19,ILI incidence,2026-08-23,2,SI,quantile,0.75,2.9219483897018375
2026-08-19,ILI incidence,2026-08-23,2,SI,quantile,0.8,3.3481755248925813
2026-08-19,ILI incidence,2026-08-23,2,SI,quantile,0.85,3.84499530678412
2026-08-19,ILI incidence,2026-08-23,2,SI,quantile,0.9,4.470108037494195
2026-08-19,ILI incidence,2026-08-23,2,SI,quantile,0.95,5.396619271126958
2026-08-19,ILI incidence,2026-08-23,2,SI,quantile,0.975,6.200229591996818
2026-08-19,ILI incidence,2026-08-23,2,SI,quantile,0.99,7.1346002590114885
2026-08-19,ILI incidence,2026-08-30,3,SI,median,,1.2018306229409212
2026-08-19,ILI incidence,2026-08-30,3,SI,quantile,0.01,0.0
2026-08-19,ILI incidence,2026-08-30,3,SI,quantile,0.025,0.0
2026-08-19,ILI incidence,2026-08-30,3,SI,quantile,0.05,0.0
2026-08-19,ILI incidence,2026-08-30,3,SI,quantile,0.1,0.0
2026-08-19,ILI incidence,2026-08-30,3,SI,quantile,0.15,0.0
2026-08-19,ILI incidence,2026-08-30,3,SI,quantile,0.2,0.0
2026-08-19,ILI incidence,2026-08-30,3,SI,quantile,0.25,0.0
2026-08-19,ILI incidence,2026-08-30,3,SI,quantile,0.3,0.0
2026-08-19,ILI incidence,2026-08-30,3,SI,quantile,0.35,0.21916694277146342
2026-08-19,ILI incidence,2026-08-30,3,SI,quantile,0.4,0.5557320675001437
2026-08-19,ILI incidence,2026-08-30,3,SI,quantile,0.45,0.8813627207115977
2026-08-19,ILI incidence,2026-08-30,3,SI,quantile,0.5,1.2018306229409212
2026-08-19,ILI incidence,2026-08-30,3,SI,quantile,0.55,1.5222985251702452
2026-08-19,ILI incidence,2026-08-30,3,SI,quantile,0.6,1.847929178381699
2026-08-19,ILI incidence,2026-08-30,3,SI,quantile,0.65,2.184494303110379
2026-08-19,ILI incidence,2026-08-30,3,SI,quantile,0.7,2.539183249197145
2026-08-19,ILI incidence,2026-08-30,3,SI,quantile,0.75,2.9219483897018375
2026-08-19,ILI incidence,2026-08-30,3,SI,quantile,0.8,3.3481755248925813
2026-08-19,ILI incidence,2026-08-30,3,SI,quantile,0.85,3.84499530678412
2026-08-19,ILI incidence,2026-08-30,3,SI,quantile,0.9,4.470108037494195
2026-08-19,ILI incidence,2026-08-30,3,SI,quantile,0.95,5.396619271126958
2026-08-19,ILI incidence,2026-08-30,3,SI,quantile,0.975,6.200229591996818
2026-08-19,ILI incidence,2026-08-30,3,SI,quantile,0.99,7.1346002590114885
2026-08-19,ILI incidence,2026-09-06,4,SI,median,,1.2018306229409212
2026-08-19,ILI incidence,2026-09-06,4,SI,quantile,0.01,0.0
2026-08-19,ILI incidence,2026-09-06,4,SI,quantile,0.025,0.0
2026-08-19,ILI incidence,2026-09-06,4,SI,quantile,0.05,0.0
2026-08-19,ILI incidence,2026-09-06,4,SI,quantile,0.1,0.0
2026-08-19,ILI incidence,2026-09-06,4,SI,quantile,0.15,0.0
2026-08-19,ILI incidence,2026-09-06,4,SI,quantile,0.2,0.0
2026-08-19,ILI incidence,2026-09-06,4,SI,quantile,0.25,0.0
2026-08-19,ILI incidence,2026-09-06,4,SI,quantile,0.3,0.0
2026-08-19,ILI incidence,2026-09-06,4,SI,quantile,0.35,0.21916694277146342
2026-08-19,ILI incidence,2026-09-06,4,SI,quantile,0.4,0.5557320675001437
2026-08-19,ILI incidence,2026-09-06,4,SI,quantile,0.45,0.8813627207115977
2026-08-19,ILI incidence,2026-09-06,4,SI,quantile,0.5,1.2018306229409212
2026-08-19,ILI incidence,2026-09-06,4,SI,quantile,0.55,1.5222985251702452
2026-08-19,ILI incidence,2026-09-06,4,SI,quantile,0.6,1.847929178381699
2026-08-19,ILI incidence,2026-09-06,4,SI,quantile,0.65,2.184494303110379
2026-08-19,ILI incidence,2026-09-06,4,SI,quantile,0.7,2.539183249197145
2026-08-19,ILI incidence,2026-09-06,4,SI,quantile,0.75,2.9219483897018375
2026-08-19,ILI incidence,2026-09-06,4,SI,quantile,0.8,3.3481755248925813
2026-08-19,ILI incidence,2026-09-06,4,SI,quantile,0.85,3.84499530678412
2026-08-19,ILI incidence,2026-09-06,4,SI,quantile,0.9,4.470108037494195
2026-08-19,ILI incidence,2026-09-06,4,SI,quantile,0.95,5.396619271126958
2026-08-19,ILI incidence,2026-09-06,4,SI,quantile,0.975,6.200229591996818
2026-08-19,ILI incidence,2026-09-06,4,SI,quantile,0.99,7.1346002590114885
