origin_date,target,target_end_date,horizon,location,output_type,output_type_id,value
2026-09-30,ARI incidence,2026-09-27,1,BE,median,,620.0831468158531
2026-09-30,ARI incidence,2026-09-27,1,BE,quantile,0.01,209.58891717512324
2026-09-30,ARI incidence,2026-09-27,1,BE,quantile,0.025,274.23895260261025
2026-09-30,ARI incidence,2026-09-27,1,BE,quantile,0.05,329.8415496748437
2026-09-30,ARI incidence,2026-09-27,1,BE,quantile,0.1,393.94778309257424
2026-09-30,ARI incidence,2026-09-27,1,BE,quantile,0.15,437.199954434491
2026-09-30,ARI incidence,2026-09-27,1,BE,quantile,0.2,471.5754090953126
2026-09-30,ARI incidence,2026-09-27,1,BE,quantile,0.25,501.0664883457759
2026-09-30,ARI incidence,2026-09-27,1,BE,quantile,0.3,527.5503889728135
2026-09-30,ARI incidence,2026-09-27,1,BE,quantile,0.35,552.0916697939584
2026-09-30,ARI incidence,2026-09-27,1,BE,quantile,0.4,575.378945396141
2026-09-30,ARI incidence,2026-09-27,1,BE,quantile,0.45,597.9096540426976
2026-09-30,ARI incidence,2026-09-27,1,BE,quantile,0.5,620.0831468158531
2026-09-30,ARI incidence,2026-09-27,1,BE,quantile,0.55,642.2566395890085
2026-09-30,ARI incidence,2026-09-27,1,BE,quantile,0.6,664.7873482355651
2026-09-30,ARI incidence,2026-09-27,1,BE,quantile,0.65,688.0746238377477
2026-09-30,ARI incidence,2026-09-27,1,BE,quantile,0.7,712.6159046588925
2026-09-30,ARI incidence,2026-09-27,1,BE,quantile,0.75,739.0998052859303
2026-09-30,ARI incidence,2026-09-27,1,BE,quantile,0.8,768.5908845363936
2026-09-30,ARI incidence,2026-09-27,1,BE,quantile,0.85,802.9663391972151
2026-09-30,ARI incidence,2026-09-27,1,BE,quantile,0.9,846.2185105391319
2026-09-30,ARI incidence,2026-09-27,1,BE,quantile,0.95,910.3247439568623
2026-09-30,ARI incidence,2026-09-27,1,BE,quantile,0.975,965.9273410290957
2026-09-30,ARI incidence,2026-09-27,1,BE,quantile,0.99,1030.577376456583
2026-09-30,ARI incidence,2026-10-04,2,BE,median,,944.2880919353408
2026-09-30,ARI incidence,2026-10-04,2,BE,quantile,0.01,372.72107806017436
2026-09-30,ARI incidence,2026-10-04,2,BE,quantile,0.025,462.7389760670556
2026-09-30,ARI incidence,2026-10-04,2,BE,quantile,0.05,540.159334448452
2026-09-30,ARI incidence,2026-10-04,2,BE,quantile,0.1,629.420049361364
2026-09-30,ARI incidence,2026-10-04,2,BE,quantile,0.15,689.643829946911
2026-09-30,ARI incidence,2026-10-04,2,BE,quantile,0.2,737.5077816236083
2026-09-30,ARI incidence,2026-10-04,2,BE,quantile,0.25,778.570790275145
2026-09-30,ARI incidence,2026-10-04,2,BE,quantile,0.3,815.4466411498599
2026-09-30,ARI incidence,2026-10-04,2,BE,quantile,0.35,849.6176125856589
2026-09-30,ARI incidence,2026-10-04,2,BE,quantile,0.4,882.0425228916499
2026-09-30,ARI incidence,2026-10-04,2,BE,quantile,0.45,913.4139988631259
2026-09-30,ARI incidence,2026-10-04,2,BE,quantile,0.5,944.2880919353408
2026-09-30,ARI incidence,2026-10-04,2,BE,quantile,0.55,975.1621850075558
2026-09-30,ARI incidence,2026-10-04,2,BE,quantile,0.6,1006.5336609790318
2026-09-30,ARI incidence,2026-10-04,2,BE,quantile,0.65,1038.9585712850228
2026-09-30,ARI incidence,2026-10-04,2,BE,quantile,0.7,1073.1295427208217
2026-09-30,ARI incidence,2026-10-04,2,BE,quantile,0.75,1110.0053935955368
2026-09-30,ARI incidence,2026-10-04,2,BE,quantile,0.8,1151.0684022470734
2026-09-30,ARI incidence,2026-10-04,2,BE,quantile,0.85,1198.9323539237707
2026-09-30,ARI incidence,2026-10-04,2,BE,quantile,0.9,1259.1561345093178
2026-09-30,ARI incidence,2026-10-04,2,BE,quantile,0.95,1348.4168494222295
2026-09-30,ARI incidence,2026-10-04,2,BE,quantile,0.975,1425.837207803626
2026-09-30,ARI incidence,2026-10-04,2,BE,quantile,0.99,1515.8551058105072
2026-09-30,ARI incidence,2026-10-11,3,BE,median,,1213.9181534749684
2026-09-30,ARI incidence,2026-10-11,3,BE,quantile,0.01,315.1930357300224
2026-09-30,ARI incidence,2026-10-11,3,BE,quantile,0.025,456.7360989604981
2026-09-30,ARI incidence,2026-10-11,3,BE,quantile,0.05,578.4709419676788
2026-09-30,ARI incidence,2026-10-11,3,BE,quantile,0.1,718.8234195821858
2026-09-30,ARI incidence,2026-10-11,3,BE,quantile,0.15,813.5185699038111
2026-09-30,ARI incidence,2026-10-11,3,BE,quantile,0.2,888.7792734820853
2026-09-30,ARI incidence,2026-10-11,3,BE,quantile,0.25,953.3462558121296
2026-09-30,ARI incidence,2026-10-11,3,BE,quantile,0.3,1011.3294014709893
2026-09-30,ARI incidence,2026-10-11,3,BE,quantile,0.35,1065.059427140044
2026-09-30,ARI incidence,2026-10-11,3,BE,quantile,0.4,1116.043967229311
2026-09-30,ARI incidence,2026-10-11,3,BE,quantile,0.45,1165.372099804952
2026-09-30,ARI incidence,2026-10-11,3,BE,quantile,0.5,1213.9181534749684
2026-09-30,ARI incidence,2026-10-11,3,BE,quantile,0.55,1262.4642071449848
2026-09-30,ARI incidence,2026-10-11,3,BE,quantile,0.6,1311.792339720626
2026-09-30,ARI incidence,2026-10-11,3,BE,quantile,0.65,1362.776879809893
2026-09-30,ARI incidence,2026-10-11,3,BE,quantile,0.7,1416.5069054789476
2026-09-30,ARI incidence,2026-10-11,3,BE,quantile,0.75,1474.4900511378073
2026-09-30,ARI incidence,2026-10-11,3,BE,quantile,0.8,1539.0570334678519
2026-09-30,ARI incidence,2026-10-11,3,BE,quantile,0.85,1614.3177370461258
2026-09-30,ARI incidence,2026-10-11,3,BE,quantile,0.9,1709.012887367751
2026-09-30,ARI incidence,2026-10-11,3,BE,quantile,0.95,1849.365364982258
2026-09-30,ARI incidence,2026-10-11,3,BE,quantile,0.975,1971.1002079894386
2026-09-30,ARI incidence,2026-10-11,3,BE,quantile,0.99,2112.6432712199144
2026-09-30,ARI incidence,2026-10-18,4,BE,median,,1319.770650718393
2026-09-30,ARI incidence,2026-10-18,4,BE,quantile,0.01,0.0
2026-09-30,ARI incidence,2026-10-18,4,BE,quantile,0.025,193.4102141078904
2026-09-30,ARI incidence,2026-10-18,4,BE,quantile,0.05,374.49917428960384
2026-09-30,ARI incidence,2026-10-18,4,BE,quantile,0.1,583.2831477378556
2026-09-30,ARI incidence,2026-10-18,4,BE,quantile,0.15,724.1487034192533
2026-09-30,ARI incidence,2026-10-18,4,BE,quantile,0.2,836.1041815458395
2026-09-30,ARI incidence,2026-10-18,4,BE,quantile,0.25,932.1520130736553
2026-09-30,ARI incidence,2026-10-18,4,BE,quantile,0.3,1018.405934268661
2026-09-30,ARI incidence,2026-10-18,4,BE,quantile,0.35,1098.3330466597452
2026-09-30,ARI incidence,2026-10-18,4,BE,quantile,0.4,1174.176060229522
2026-09-30,ARI incidence,2026-10-18,4,BE,quantile,0.45,1247.555053582326
2026-09-30,ARI incidence,2026-10-18,4,BE,quantile,0.5,1319.770650718393
2026-09-30,ARI incidence,2026-10-18,4,BE,quantile,0.55,1391.9862478544599
2026-09-30,ARI incidence,2026-10-18,4,BE,quantile,0.6,1465.365241207264
2026-09-30,ARI incidence,2026-10-18,4,BE,quantile,0.65,1541.2082547770408
2026-09-30,ARI incidence,2026-10-18,4,BE,quantile,0.7,1621.1353671681247
2026-09-30,ARI incidence,2026-10-18,4,BE,quantile,0.75,1707.3892883631306
2026-09-30,ARI incidence,2026-10-18,4,BE,quantile,0.8,1803.4371198909466
2026-09-30,ARI incidence,2026-10-18,4,BE,quantile,0.85,1915.3925980175327
2026-09-30,ARI incidence,2026-10-18,4,BE,quantile,0.9,2056.25815369893
2026-09-30,ARI incidence,2026-10-18,4,BE,quantile,0.95,2265.0421271471814
2026-09-30,ARI incidence,2026-10-18,4,BE,quantile,0.975,2446.1310873288953
2026-09-30,ARI incidence,2026-10-18,4,BE,quantile,0.99,2656.686138850418
2026-09-30,ARI incidence,2026-09-27,1,BG,median,,219.27302446399847
2026-09-30,ARI incidence,2026-09-27,1,BG,quantile,0.01,0.0
2026-09-30,ARI incidence,2026-09-27,1,BG,quantile,0.025,0.0
2026-09-30,ARI incidence,2026-09-27,1,BG,quantile,0.05,12.2628426402446
2026-09-30,ARI incidence,2026-09-27,1,BG,quantile,0.1,57.98558936766514
2026-09-30,ARI incidence,2026-09-27,1,BG,quantile,0.15,88.83450951542866
2026-09-30,ARI incidence,2026-09-27,1,BG,quantile,0.2,113.35225331820155
2026-09-30,ARI incidence,2026-09-27,1,BG,quantile,0.25,134.38629439967735
2026-09-30,ARI incidence,2026-09-27,1,BG,quantile,0.3,153.27551337521152
2026-09-30,ARI incidence,2026-09-27,1,BG,quantile,0.35,170.77918981241368
2026-09-30,ARI incidence,2026-09-27,1,BG,quantile,0.4,187.38846706306782
2026-09-30,ARI incidence,2026-09-27,1,BG,quantile,0.45,203.4581350206753
2026-09-30,ARI incidence,2026-09-27,1,BG,quantile,0.5,219.27302446399847
2026-09-30,ARI incidence,2026-09-27,1,BG,quantile,0.55,235.08791390732165
2026-09-30,ARI incidence,2026-09-27,1,BG,quantile,0.6,251.1575818649291
2026-09-30,ARI incidence,2026-09-27,1,BG,quantile,0.65,267.76685911558326
2026-09-30,ARI incidence,2026-09-27,1,BG,quantile,0.7,285.2705355527854
2026-09-30,ARI incidence,2026-09-27,1,BG,quantile,0.75,304.1597545283196
2026-09-30,ARI incidence,2026-09-27,1,BG,quantile,0.8,325.1937956097954
2026-09-30,ARI incidence,2026-09-27,1,BG,quantile,0.85,349.7115394125683
2026-09-30,ARI incidence,2026-09-27,1,BG,quantile,0.9,380.56045956033176
2026-09-30,ARI incidence,2026-09-27,1,BG,quantile,0.95,426.28320628775225
2026-09-30,ARI incidence,2026-09-27,1,BG,quantile,0.975,465.94087025865394
2026-09-30,ARI incidence,2026-09-27,1,BG,quantile,0.99,512.0514750809332
2026-09-30,ARI incidence,2026-10-04,2,BG,median,,219.27302446399847
2026-09-30,ARI incidence,2026-10-04,2,BG,quantile,0.01,0.0
2026-09-30,ARI incidence,2026-10-04,2,BG,quantile,0.025,0.0
2026-09-30,ARI incidence,2026-10-04,2,BG,quantile,0.05,12.2628426402446
2026-09-30,ARI incidence,2026-10-04,2,BG,quantile,0.1,57.98558936766514
2026-09-30,ARI incidence,2026-10-04,2,BG,quantile,0.15,88.83450951542866
2026-09-30,ARI incidence,2026-10-04,2,BG,quantile,0.2,113.35225331820155
2026-09-30,ARI incidence,2026-10-04,2,BG,quantile,0.25,134.38629439967735
2026-09-30,ARI incidence,2026-10-04,2,BG,quantile,0.3,153.27551337521152
2026-09-30,ARI incidence,2026-10-04,2,BG,quantile,0.35,170.77918981241368
2026-09-30,ARI incidence,2026-10-04,2,BG,quantile,0.4,187.38846706306782
2026-09-30,ARI incidence,2026-10-04,2,BG,quantile,0.45,203.4581350206753
2026-09-30,ARI incidence,2026-10-04,2,BG,quantile,0.5,219.27302446399847
2026-09-30,ARI incidence,2026-10-04,2,BG,quantile,0.55,235.08791390732165
2026-09-30,ARI incidence,2026-10-04,2,BG,quantile,0.6,251.1575818649291
2026-09-30,ARI incidence,2026-10-04,2,BG,quantile,0.65,267.76685911558326
2026-09-30,ARI incidence,2026-10-04,2,BG,quantile,0.7,285.2705355527854
2026-09-30,ARI incidence,2026-10-04,2,BG,quantile,0.75,304.1597545283196
2026-09-30,ARI incidence,2026-10-04,2,BG,quantile,0.8,325.1937956097954
2026-09-30,ARI incidence,2026-10-04,2,BG,quantile,0.85,349.7115394125683
2026-09-30,ARI incidence,2026-10-04,2,BG,quantile,0.9,380.56045956033176
2026-09-30,ARI incidence,2026-10-04,2,BG,quantile,0.95,426.28320628775225
2026-09-30,ARI incidence,2026-10-04,2,BG,quantile,0.975,465.94087025865394
2026-09-30,ARI incidence,2026-10-04,2,BG,quantile,0.99,512.0514750809332
2026-09-30,ARI incidence,2026-10-11,3,BG,median,,219.27302446399847
2026-09-30,ARI incidence,2026-10-11,3,BG,quantile,0.01,0.0
2026-09-30,ARI incidence,2026-10-11,3,BG,quantile,0.025,0.0
2026-09-30,ARI incidence,2026-10-11,3,BG,quantile,0.05,12.2628426402446
2026-09-30,ARI incidence,2026-10-11,3,BG,quantile,0.1,57.98558936766514
2026-09-30,ARI incidence,2026-10-11,3,BG,quantile,0.15,88.83450951542866
2026-09-30,ARI incidence,2026-10-11,3,BG,quantile,0.2,113.35225331820155
2026-09-30,ARI incidence,2026-10-11,3,BG,quantile,0.25,134.38629439967735
2026-09-30,ARI incidence,2026-10-11,3,BG,quantile,0.3,153.27551337521152
2026-09-30,ARI incidence,2026-10-11,3,BG,quantile,0.35,170.77918981241368
2026-09-30,ARI incidence,2026-10-11,3,BG,quantile,0.4,187.38846706306782
2026-09-30,ARI incidence,2026-10-11,3,BG,quantile,0.45,203.4581350206753
2026-09-30,ARI incidence,2026-10-11,3,BG,quantile,0.5,219.27302446399847
2026-09-30,ARI incidence,2026-10-11,3,BG,quantile,0.55,235.08791390732165
2026-09-30,ARI incidence,2026-10-11,3,BG,quantile,0.6,251.1575818649291
2026-09-30,ARI incidence,2026-10-11,3,BG,quantile,0.65,267.76685911558326
2026-09-30,ARI incidence,2026-10-11,3,BG,quantile,0.7,285.2705355527854
2026-09-30,ARI incidence,2026-10-11,3,BG,quantile,0.75,304.1597545283196
2026-09-30,ARI incidence,2026-10-11,3,BG,quantile,0.8,325.1937956097954
2026-09-30,ARI incidence,2026-10-11,3,BG,quantile,0.85,349.7115394125683
2026-09-30,ARI incidence,2026-10-11,3,BG,quantile,0.9,380.56045956033176
2026-09-30,ARI incidence,2026-10-11,3,BG,quantile,0.95,426.28320628775225
2026-09-30,ARI incidence,2026-10-11,3,BG,quantile,0.975,465.94087025865394
2026-09-30,ARI incidence,2026-10-11,3,BG,quantile,0.99,512.0514750809332
2026-09-30,ARI incidence,2026-10-18,4,BG,median,,219.27302446399847
2026-09-30,ARI incidence,2026-10-18,4,BG,quantile,0.01,0.0
2026-09-30,ARI incidence,2026-10-18,4,BG,quantile,0.025,0.0
2026-09-30,ARI incidence,2026-10-18,4,BG,quantile,0.05,12.2628426402446
2026-09-30,ARI incidence,2026-10-18,4,BG,quantile,0.1,57.98558936766514
2026-09-30,ARI incidence,2026-10-18,4,BG,quantile,0.15,88.83450951542866
2026-09-30,ARI incidence,2026-10-18,4,BG,quantile,0.2,113.35225331820155
2026-09-30,ARI incidence,2026-10-18,4,BG,quantile,0.25,134.38629439967735
2026-09-30,ARI incidence,2026-10-18,4,BG,quantile,0.3,153.27551337521152
2026-09-30,ARI incidence,2026-10-18,4,BG,quantile,0.35,170.77918981241368
2026-09-30,ARI incidence,2026-10-18,4,BG,quantile,0.4,187.38846706306782
2026-09-30,ARI incidence,2026-10-18,4,BG,quantile,0.45,203.4581350206753
2026-09-30,ARI incidence,2026-10-18,4,BG,quantile,0.5,219.27302446399847
2026-09-30,ARI incidence,2026-10-18,4,BG,quantile,0.55,235.08791390732165
2026-09-30,ARI incidence,2026-10-18,4,BG,quantile,0.6,251.1575818649291
2026-09-30,ARI incidence,2026-10-18,4,BG,quantile,0.65,267.76685911558326
2026-09-30,ARI incidence,2026-10-18,4,BG,quantile,0.7,285.2705355527854
2026-09-30,ARI incidence,2026-10-18,4,BG,quantile,0.75,304.1597545283196
2026-09-30,ARI incidence,2026-10-18,4,BG,quantile,0.8,325.1937956097954
2026-09-30,ARI incidence,2026-10-18,4,BG,quantile,0.85,349.7115394125683
2026-09-30,ARI incidence,2026-10-18,4,BG,quantile,0.9,380.56045956033176
2026-09-30,ARI incidence,2026-10-18,4,BG,quantile,0.95,426.28320628775225
2026-09-30,ARI incidence,2026-10-18,4,BG,quantile,0.975,465.94087025865394
2026-09-30,ARI incidence,2026-10-18,4,BG,quantile,0.99,512.0514750809332
2026-09-30,ARI incidence,2026-09-27,1,DE,median,,841.5791887285397
2026-09-30,ARI incidence,2026-09-27,1,DE,quantile,0.01,306.5333928560615
2026-09-30,ARI incidence,2026-09-27,1,DE,quantile,0.025,390.79944865118927
2026-09-30,ARI incidence,2026-09-27,1,DE,quantile,0.05,463.2729054136081
2026-09-30,ARI incidence,2026-09-27,1,DE,quantile,0.1,546.8301595786572
2026-09-30,ARI incidence,2026-09-27,1,DE,quantile,0.15,603.2058422748615
2026-09-30,ARI incidence,2026-09-27,1,DE,quantile,0.2,648.0114477362949
2026-09-30,ARI incidence,2026-09-27,1,DE,quantile,0.25,686.450667655446
2026-09-30,ARI incidence,2026-09-27,1,DE,quantile,0.3,720.9702751568786
2026-09-30,ARI incidence,2026-09-27,1,DE,quantile,0.35,752.9578359568725
2026-09-30,ARI incidence,2026-09-27,1,DE,quantile,0.4,783.3109030856759
2026-09-30,ARI incidence,2026-09-27,1,DE,quantile,0.45,812.6778468059773
2026-09-30,ARI incidence,2026-09-27,1,DE,quantile,0.5,841.5791887285397
2026-09-30,ARI incidence,2026-09-27,1,DE,quantile,0.55,870.4805306511023
2026-09-30,ARI incidence,2026-09-27,1,DE,quantile,0.6,899.8474743714036
2026-09-30,ARI incidence,2026-09-27,1,DE,quantile,0.65,930.200541500207
2026-09-30,ARI incidence,2026-09-27,1,DE,quantile,0.7,962.1881023002009
2026-09-30,ARI incidence,2026-09-27,1,DE,quantile,0.75,996.7077098016335
2026-09-30,ARI incidence,2026-09-27,1,DE,quantile,0.8,1035.1469297207846
2026-09-30,ARI incidence,2026-09-27,1,DE,quantile,0.85,1079.9525351822178
2026-09-30,ARI incidence,2026-09-27,1,DE,quantile,0.9,1136.3282178784223
2026-09-30,ARI incidence,2026-09-27,1,DE,quantile,0.95,1219.8854720434713
2026-09-30,ARI incidence,2026-09-27,1,DE,quantile,0.975,1292.3589288058902
2026-09-30,ARI incidence,2026-09-27,1,DE,quantile,0.99,1376.624984601018
2026-09-30,ARI incidence,2026-10-04,2,DE,median,,1147.6430643199456
2026-09-30,ARI incidence,2026-10-04,2,DE,quantile,0.01,0.0
2026-09-30,ARI incidence,2026-10-04,2,DE,quantile,0.025,156.1433093354957
2026-09-30,ARI incidence,2026-10-04,2,DE,quantile,0.05,315.55023967021793
2026-09-30,ARI incidence,2026-10-04,2,DE,quantile,0.1,499.3362213064015
2026-09-30,ARI incidence,2026-10-04,2,DE,quantile,0.15,623.3357505904291
2026-09-30,ARI incidence,2026-10-04,2,DE,quantile,0.2,721.8866456003028
2026-09-30,ARI incidence,2026-10-04,2,DE,quantile,0.25,806.4345383806921
2026-09-30,ARI incidence,2026-10-04,2,DE,quantile,0.3,882.3611591599599
2026-09-30,ARI incidence,2026-10-04,2,DE,quantile,0.35,952.7184886404327
2026-09-30,ARI incidence,2026-10-04,2,DE,quantile,0.4,1019.4807140591507
2026-09-30,ARI incidence,2026-10-04,2,DE,quantile,0.45,1084.0739397847005
2026-09-30,ARI incidence,2026-10-04,2,DE,quantile,0.5,1147.6430643199456
2026-09-30,ARI incidence,2026-10-04,2,DE,quantile,0.55,1211.2121888551908
2026-09-30,ARI incidence,2026-10-04,2,DE,quantile,0.6,1275.8054145807405
2026-09-30,ARI incidence,2026-10-04,2,DE,quantile,0.65,1342.5676399994584
2026-09-30,ARI incidence,2026-10-04,2,DE,quantile,0.7,1412.9249694799312
2026-09-30,ARI incidence,2026-10-04,2,DE,quantile,0.75,1488.851590259199
2026-09-30,ARI incidence,2026-10-04,2,DE,quantile,0.8,1573.3994830395884
2026-09-30,ARI incidence,2026-10-04,2,DE,quantile,0.85,1671.950378049462
2026-09-30,ARI incidence,2026-10-04,2,DE,quantile,0.9,1795.9499073334896
2026-09-30,ARI incidence,2026-10-04,2,DE,quantile,0.95,1979.735888969673
2026-09-30,ARI incidence,2026-10-04,2,DE,quantile,0.975,2139.1428193043953
2026-09-30,ARI incidence,2026-10-04,2,DE,quantile,0.99,2324.487825404356
2026-09-30,ARI incidence,2026-10-11,3,DE,median,,1403.1595781045633
2026-09-30,ARI incidence,2026-10-11,3,DE,quantile,0.01,0.0
2026-09-30,ARI incidence,2026-10-11,3,DE,quantile,0.025,0.0
2026-09-30,ARI incidence,2026-10-11,3,DE,quantile,0.05,103.50451000523731
2026-09-30,ARI incidence,2026-10-11,3,DE,quantile,0.1,390.5618855806414
2026-09-30,ARI incidence,2026-10-11,3,DE,quantile,0.15,584.2381340734182
2026-09-30,ARI incidence,2026-10-11,3,DE,quantile,0.2,738.1658767134578
2026-09-30,ARI incidence,2026-10-11,3,DE,quantile,0.25,870.2221739125197
2026-09-30,ARI incidence,2026-10-11,3,DE,quantile,0.3,988.8128101687211
2026-09-30,ARI incidence,2026-10-11,3,DE,quantile,0.35,1098.7047081979135
2026-09-30,ARI incidence,2026-10-11,3,DE,quantile,0.4,1202.981373075479
2026-09-30,ARI incidence,2026-10-11,3,DE,quantile,0.45,1303.8702531285346
2026-09-30,ARI incidence,2026-10-11,3,DE,quantile,0.5,1403.1595781045633
2026-09-30,ARI incidence,2026-10-11,3,DE,quantile,0.55,1502.4489030805921
2026-09-30,ARI incidence,2026-10-11,3,DE,quantile,0.6,1603.3377831336475
2026-09-30,ARI incidence,2026-10-11,3,DE,quantile,0.65,1707.614448011213
2026-09-30,ARI incidence,2026-10-11,3,DE,quantile,0.7,1817.5063460404053
2026-09-30,ARI incidence,2026-10-11,3,DE,quantile,0.75,1936.0969822966067
2026-09-30,ARI incidence,2026-10-11,3,DE,quantile,0.8,2068.153279495669
2026-09-30,ARI incidence,2026-10-11,3,DE,quantile,0.85,2222.0810221357083
2026-09-30,ARI incidence,2026-10-11,3,DE,quantile,0.9,2415.757270628485
2026-09-30,ARI incidence,2026-10-11,3,DE,quantile,0.95,2702.8146462038885
2026-09-30,ARI incidence,2026-10-11,3,DE,quantile,0.975,2951.7941095070228
2026-09-30,ARI incidence,2026-10-11,3,DE,quantile,0.99,3241.2865427894703
2026-09-30,ARI incidence,2026-10-18,4,DE,median,,1464.9144452055177
2026-09-30,ARI incidence,2026-10-18,4,DE,quantile,0.01,0.0
2026-09-30,ARI incidence,2026-10-18,4,DE,quantile,0.025,0.0
2026-09-30,ARI incidence,2026-10-18,4,DE,quantile,0.05,0.0
2026-09-30,ARI incidence,2026-10-18,4,DE,quantile,0.1,251.60001325956432
2026-09-30,ARI incidence,2026-10-18,4,DE,quantile,0.15,483.66669596720385
2026-09-30,ARI incidence,2026-10-18,4,DE,quantile,0.2,668.1059387196857
2026-09-30,ARI incidence,2026-10-18,4,DE,quantile,0.25,826.3383862197381
2026-09-30,ARI incidence,2026-10-18,4,DE,quantile,0.3,968.4360144541644
2026-09-30,ARI incidence,2026-10-18,4,DE,quantile,0.35,1100.110643793301
2026-09-30,ARI incidence,2026-10-18,4,DE,quantile,0.4,1225.056990546064
2026-09-30,ARI incidence,2026-10-18,4,DE,quantile,0.45,1345.944027021653
2026-09-30,ARI incidence,2026-10-18,4,DE,quantile,0.5,1464.9144452055177
2026-09-30,ARI incidence,2026-10-18,4,DE,quantile,0.55,1583.8848633893824
2026-09-30,ARI incidence,2026-10-18,4,DE,quantile,0.6,1704.7718998649714
2026-09-30,ARI incidence,2026-10-18,4,DE,quantile,0.65,1829.7182466177344
2026-09-30,ARI incidence,2026-10-18,4,DE,quantile,0.7,1961.3928759568707
2026-09-30,ARI incidence,2026-10-18,4,DE,quantile,0.75,2103.490504191297
2026-09-30,ARI incidence,2026-10-18,4,DE,quantile,0.8,2261.72295169135
2026-09-30,ARI incidence,2026-10-18,4,DE,quantile,0.85,2446.1621944438316
2026-09-30,ARI incidence,2026-10-18,4,DE,quantile,0.9,2678.2288771514714
2026-09-30,ARI incidence,2026-10-18,4,DE,quantile,0.95,3022.1866593522623
2026-09-30,ARI incidence,2026-10-18,4,DE,quantile,0.975,3320.5187396188917
2026-09-30,ARI incidence,2026-10-18,4,DE,quantile,0.99,3667.3942557631735
2026-09-30,ARI incidence,2026-09-27,1,EE,median,,277.33929938523187
2026-09-30,ARI incidence,2026-09-27,1,EE,quantile,0.01,157.87551033057588
2026-09-30,ARI incidence,2026-09-27,1,EE,quantile,0.025,176.69024056794103
2026-09-30,ARI incidence,2026-09-27,1,EE,quantile,0.05,192.87194654062165
2026-09-30,ARI incidence,2026-09-27,1,EE,quantile,0.1,211.52841718774135
2026-09-30,ARI incidence,2026-09-27,1,EE,quantile,0.15,224.1158493615599
2026-09-30,ARI incidence,2026-09-27,1,EE,quantile,0.2,234.11994142359072
2026-09-30,ARI incidence,2026-09-27,1,EE,quantile,0.25,242.70256163156532
2026-09-30,ARI incidence,2026-09-27,1,EE,quantile,0.3,250.41001983535529
2026-09-30,ARI incidence,2026-09-27,1,EE,quantile,0.35,257.5521285020576
2026-09-30,ARI incidence,2026-09-27,1,EE,quantile,0.4,264.32929119842873
2026-09-30,ARI incidence,2026-09-27,1,EE,quantile,0.45,270.8862745386328
2026-09-30,ARI incidence,2026-09-27,1,EE,quantile,0.5,277.33929938523187
2026-09-30,ARI incidence,2026-09-27,1,EE,quantile,0.55,283.79232423183095
2026-09-30,ARI incidence,2026-09-27,1,EE,quantile,0.6,290.349307572035
2026-09-30,ARI incidence,2026-09-27,1,EE,quantile,0.65,297.12647026840614
2026-09-30,ARI incidence,2026-09-27,1,EE,quantile,0.7,304.26857893510845
2026-09-30,ARI incidence,2026-09-27,1,EE,quantile,0.75,311.97603713889845
2026-09-30,ARI incidence,2026-09-27,1,EE,quantile,0.8,320.558657346873
2026-09-30,ARI incidence,2026-09-27,1,EE,quantile,0.85,330.5627494089038
2026-09-30,ARI incidence,2026-09-27,1,EE,quantile,0.9,343.1501815827224
2026-09-30,ARI incidence,2026-09-27,1,EE,quantile,0.95,361.80665222984203
2026-09-30,ARI incidence,2026-09-27,1,EE,quantile,0.975,377.9883582025227
2026-09-30,ARI incidence,2026-09-27,1,EE,quantile,0.99,396.80308843988786
2026-09-30,ARI incidence,2026-10-04,2,EE,median,,277.33929938523187
2026-09-30,ARI incidence,2026-10-04,2,EE,quantile,0.01,157.87551033057588
2026-09-30,ARI incidence,2026-10-04,2,EE,quantile,0.025,176.69024056794103
2026-09-30,ARI incidence,2026-10-04,2,EE,quantile,0.05,192.87194654062165
2026-09-30,ARI incidence,2026-10-04,2,EE,quantile,0.1,211.52841718774135
2026-09-30,ARI incidence,2026-10-04,2,EE,quantile,0.15,224.1158493615599
2026-09-30,ARI incidence,2026-10-04,2,EE,quantile,0.2,234.11994142359072
2026-09-30,ARI incidence,2026-10-04,2,EE,quantile,0.25,242.70256163156532
2026-09-30,ARI incidence,2026-10-04,2,EE,quantile,0.3,250.41001983535529
2026-09-30,ARI incidence,2026-10-04,2,EE,quantile,0.35,257.5521285020576
2026-09-30,ARI incidence,2026-10-04,2,EE,quantile,0.4,264.32929119842873
2026-09-30,ARI incidence,2026-10-04,2,EE,quantile,0.45,270.8862745386328
2026-09-30,ARI incidence,2026-10-04,2,EE,quantile,0.5,277.33929938523187
2026-09-30,ARI incidence,2026-10-04,2,EE,quantile,0.55,283.79232423183095
2026-09-30,ARI incidence,2026-10-04,2,EE,quantile,0.6,290.349307572035
2026-09-30,ARI incidence,2026-10-04,2,EE,quantile,0.65,297.12647026840614
2026-09-30,ARI incidence,2026-10-04,2,EE,quantile,0.7,304.26857893510845
2026-09-30,ARI incidence,2026-10-04,2,EE,quantile,0.75,311.97603713889845
2026-09-30,ARI incidence,2026-10-04,2,EE,quantile,0.8,320.558657346873
2026-09-30,ARI incidence,2026-10-04,2,EE,quantile,0.85,330.5627494089038
2026-09-30,ARI incidence,2026-10-04,2,EE,quantile,0.9,343.1501815827224
2026-09-30,ARI incidence,2026-10-04,2,EE,quantile,0.95,361.80665222984203
2026-09-30,ARI incidence,2026-10-04,2,EE,quantile,0.975,377.9883582025227
2026-09-30,ARI incidence,2026-10-04,2,EE,quantile,0.99,396.80308843988786
2026-09-30,ARI incidence,2026-10-11,3,EE,median,,277.33929938523187
2026-09-30,ARI incidence,2026-10-11,3,EE,quantile,0.01,157.87551033057588
2026-09-30,ARI incidence,2026-10-11,3,EE,quantile,0.025,176.69024056794103
2026-09-30,ARI incidence,2026-10-11,3,EE,quantile,0.05,192.87194654062165
2026-09-30,ARI incidence,2026-10-11,3,EE,quantile,0.1,211.52841718774135
2026-09-30,ARI incidence,2026-10-11,3,EE,quantile,0.15,224.1158493615599
2026-09-30,ARI incidence,2026-10-11,3,EE,quantile,0.2,234.11994142359072
2026-09-30,ARI incidence,2026-10-11,3,EE,quantile,0.25,242.70256163156532
2026-09-30,ARI incidence,2026-10-11,3,EE,quantile,0.3,250.41001983535529
2026-09-30,ARI incidence,2026-10-11,3,EE,quantile,0.35,257.5521285020576
2026-09-30,ARI incidence,2026-10-11,3,EE,quantile,0.4,264.32929119842873
2026-09-30,ARI incidence,2026-10-11,3,EE,quantile,0.45,270.8862745386328
2026-09-30,ARI incidence,2026-10-11,3,EE,quantile,0.5,277.33929938523187
2026-09-30,ARI incidence,2026-10-11,3,EE,quantile,0.55,283.79232423183095
2026-09-30,ARI incidence,2026-10-11,3,EE,quantile,0.6,290.349307572035
2026-09-30,ARI incidence,2026-10-11,3,EE,quantile,0.65,297.12647026840614
2026-09-30,ARI incidence,2026-10-11,3,EE,quantile,0.7,304.26857893510845
2026-09-30,ARI incidence,2026-10-11,3,EE,quantile,0.75,311.97603713889845
2026-09-30,ARI incidence,2026-10-11,3,EE,quantile,0.8,320.558657346873
2026-09-30,ARI incidence,2026-10-11,3,EE,quantile,0.85,330.5627494089038
2026-09-30,ARI incidence,2026-10-11,3,EE,quantile,0.9,343.1501815827224
2026-09-30,ARI incidence,2026-10-11,3,EE,quantile,0.95,361.80665222984203
2026-09-30,ARI incidence,2026-10-11,3,EE,quantile,0.975,377.9883582025227
2026-09-30,ARI incidence,2026-10-11,3,EE,quantile,0.99,396.80308843988786
2026-09-30,ARI incidence,2026-10-18,4,EE,median,,277.33929938523187
2026-09-30,ARI incidence,2026-10-18,4,EE,quantile,0.01,157.87551033057588
2026-09-30,ARI incidence,2026-10-18,4,EE,quantile,0.025,176.69024056794103
2026-09-30,ARI incidence,2026-10-18,4,EE,quantile,0.05,192.87194654062165
2026-09-30,ARI incidence,2026-10-18,4,EE,quantile,0.1,211.52841718774135
2026-09-30,ARI incidence,2026-10-18,4,EE,quantile,0.15,224.1158493615599
2026-09-30,ARI incidence,2026-10-18,4,EE,quantile,0.2,234.11994142359072
2026-09-30,ARI incidence,2026-10-18,4,EE,quantile,0.25,242.70256163156532
2026-09-30,ARI incidence,2026-10-18,4,EE,quantile,0.3,250.41001983535529
2026-09-30,ARI incidence,2026-10-18,4,EE,quantile,0.35,257.5521285020576
2026-09-30,ARI incidence,2026-10-18,4,EE,quantile,0.4,264.32929119842873
2026-09-30,ARI incidence,2026-10-18,4,EE,quantile,0.45,270.8862745386328
2026-09-30,ARI incidence,2026-10-18,4,EE,quantile,0.5,277.33929938523187
2026-09-30,ARI incidence,2026-10-18,4,EE,quantile,0.55,283.79232423183095
2026-09-30,ARI incidence,2026-10-18,4,EE,quantile,0.6,290.349307572035
2026-09-30,ARI incidence,2026-10-18,4,EE,quantile,0.65,297.12647026840614
2026-09-30,ARI incidence,2026-10-18,4,EE,quantile,0.7,304.26857893510845
2026-09-30,ARI incidence,2026-10-18,4,EE,quantile,0.75,311.97603713889845
2026-09-30,ARI incidence,2026-10-18,4,EE,quantile,0.8,320.558657346873
2026-09-30,ARI incidence,2026-10-18,4,EE,quantile,0.85,330.5627494089038
2026-09-30,ARI incidence,2026-10-18,4,EE,quantile,0.9,343.1501815827224
2026-09-30,ARI incidence,2026-10-18,4,EE,quantile,0.95,361.80665222984203
2026-09-30,ARI incidence,2026-10-18,4,EE,quantile,0.975,377.9883582025227
2026-09-30,ARI incidence,2026-10-18,4,EE,quantile,0.99,396.80308843988786
2026-09-30,ARI incidence,2026-09-27,1,ES,median,,290.85582545064943
2026-09-30,ARI incidence,2026-09-27,1,ES,quantile,0.01,173.4991520112663
2026-09-30,ARI incidence,2026-09-27,1,ES,quantile,0.025,191.98202594142725
2026-09-30,ARI incidence,2026-09-27,1,ES,quantile,0.05,207.87831718210742
2026-09-30,ARI incidence,2026-09-27,1,ES,quantile,0.1,226.20572292230008
2026-09-30,ARI incidence,2026-09-27,1,ES,quantile,0.15,238.5711365656541
2026-09-30,ARI incidence,2026-09-27,1,ES,quantile,0.2,248.39877533780233
2026-09-30,ARI incidence,2026-09-27,1,ES,quantile,0.25,256.8300143347565
2026-09-30,ARI incidence,2026-09-27,1,ES,quantile,0.3,264.40152753241716
2026-09-30,ARI incidence,2026-09-27,1,ES,quantile,0.35,271.41766289108466
2026-09-30,ARI incidence,2026-09-27,1,ES,quantile,0.4,278.07528923708753
2026-09-30,ARI incidence,2026-09-27,1,ES,quantile,0.45,284.5166197749272
2026-09-30,ARI incidence,2026-09-27,1,ES,quantile,0.5,290.85582545064943
2026-09-30,ARI incidence,2026-09-27,1,ES,quantile,0.55,297.19503112637165
2026-09-30,ARI incidence,2026-09-27,1,ES,quantile,0.6,303.63636166421134
2026-09-30,ARI incidence,2026-09-27,1,ES,quantile,0.65,310.2939880102142
2026-09-30,ARI incidence,2026-09-27,1,ES,quantile,0.7,317.3101233688817
2026-09-30,ARI incidence,2026-09-27,1,ES,quantile,0.75,324.88163656654234
2026-09-30,ARI incidence,2026-09-27,1,ES,quantile,0.8,333.31287556349656
2026-09-30,ARI incidence,2026-09-27,1,ES,quantile,0.85,343.14051433564475
2026-09-30,ARI incidence,2026-09-27,1,ES,quantile,0.9,355.5059279789988
2026-09-30,ARI incidence,2026-09-27,1,ES,quantile,0.95,373.8333337191914
2026-09-30,ARI incidence,2026-09-27,1,ES,quantile,0.975,389.7296249598716
2026-09-30,ARI incidence,2026-09-27,1,ES,quantile,0.99,408.2124988900326
2026-09-30,ARI incidence,2026-10-04,2,ES,median,,353.2233084912525
2026-09-30,ARI incidence,2026-10-04,2,ES,quantile,0.01,0.0
2026-09-30,ARI incidence,2026-10-04,2,ES,quantile,0.025,0.0
2026-09-30,ARI incidence,2026-10-04,2,ES,quantile,0.05,0.0
2026-09-30,ARI incidence,2026-10-04,2,ES,quantile,0.1,60.60940219771527
2026-09-30,ARI incidence,2026-10-04,2,ES,quantile,0.15,116.57670692906629
2026-09-30,ARI incidence,2026-10-04,2,ES,quantile,0.2,161.05774652987915
2026-09-30,ARI incidence,2026-10-04,2,ES,quantile,0.25,199.21851784050992
2026-09-30,ARI incidence,2026-10-04,2,ES,quantile,0.3,233.48806988567543
2026-09-30,ARI incidence,2026-10-04,2,ES,quantile,0.35,265.24391703972515
2026-09-30,ARI incidence,2026-10-04,2,ES,quantile,0.4,295.3771105778545
2026-09-30,ARI incidence,2026-10-04,2,ES,quantile,0.45,324.53132405460235
2026-09-30,ARI incidence,2026-10-04,2,ES,quantile,0.5,353.2233084912525
2026-09-30,ARI incidence,2026-10-04,2,ES,quantile,0.55,381.91529292790267
2026-09-30,ARI incidence,2026-10-04,2,ES,quantile,0.6,411.0695064046505
2026-09-30,ARI incidence,2026-10-04,2,ES,quantile,0.65,441.2026999427799
2026-09-30,ARI incidence,2026-10-04,2,ES,quantile,0.7,472.95854709682953
2026-09-30,ARI incidence,2026-10-04,2,ES,quantile,0.75,507.22809914199513
2026-09-30,ARI incidence,2026-10-04,2,ES,quantile,0.8,545.388870452626
2026-09-30,ARI incidence,2026-10-04,2,ES,quantile,0.85,589.8699100534387
2026-09-30,ARI incidence,2026-10-04,2,ES,quantile,0.9,645.8372147847897
2026-09-30,ARI incidence,2026-10-04,2,ES,quantile,0.95,728.78919128804
2026-09-30,ARI incidence,2026-10-04,2,ES,quantile,0.975,800.7376599463146
2026-09-30,ARI incidence,2026-10-04,2,ES,quantile,0.99,884.3933036146877
2026-09-30,ARI incidence,2026-10-11,3,ES,median,,450.6737912377672
2026-09-30,ARI incidence,2026-10-11,3,ES,quantile,0.01,0.0
2026-09-30,ARI incidence,2026-10-11,3,ES,quantile,0.025,0.0
2026-09-30,ARI incidence,2026-10-11,3,ES,quantile,0.05,0.0
2026-09-30,ARI incidence,2026-10-11,3,ES,quantile,0.1,54.395615064685444
2026-09-30,ARI incidence,2026-10-11,3,ES,quantile,0.15,130.19044561526863
2026-09-30,ARI incidence,2026-10-11,3,ES,quantile,0.2,190.4297741918478
2026-09-30,ARI incidence,2026-10-11,3,ES,quantile,0.25,242.10975429902982
2026-09-30,ARI incidence,2026-10-11,3,ES,quantile,0.3,288.5199736722115
2026-09-30,ARI incidence,2026-10-11,3,ES,quantile,0.35,331.52595842679153
2026-09-30,ARI incidence,2026-10-11,3,ES,quantile,0.4,372.33443239446956
2026-09-30,ARI incidence,2026-10-11,3,ES,quantile,0.45,411.8171032308196
2026-09-30,ARI incidence,2026-10-11,3,ES,quantile,0.5,450.6737912377672
2026-09-30,ARI incidence,2026-10-11,3,ES,quantile,0.55,489.5304792447148
2026-09-30,ARI incidence,2026-10-11,3,ES,quantile,0.6,529.0131500810649
2026-09-30,ARI incidence,2026-10-11,3,ES,quantile,0.65,569.8216240487428
2026-09-30,ARI incidence,2026-10-11,3,ES,quantile,0.7,612.8276088033228
2026-09-30,ARI incidence,2026-10-11,3,ES,quantile,0.75,659.2378281765045
2026-09-30,ARI incidence,2026-10-11,3,ES,quantile,0.8,710.9178082836867
2026-09-30,ARI incidence,2026-10-11,3,ES,quantile,0.85,771.1571368602658
2026-09-30,ARI incidence,2026-10-11,3,ES,quantile,0.9,846.951967410849
2026-09-30,ARI incidence,2026-10-11,3,ES,quantile,0.95,959.2913239884019
2026-09-30,ARI incidence,2026-10-11,3,ES,quantile,0.975,1056.7289622042206
2026-09-30,ARI incidence,2026-10-11,3,ES,quantile,0.99,1170.0212739723177
2026-09-30,ARI incidence,2026-10-18,4,ES,median,,494.65475276312554
2026-09-30,ARI incidence,2026-10-18,4,ES,quantile,0.01,0.0
2026-09-30,ARI incidence,2026-10-18,4,ES,quantile,0.025,0.0
2026-09-30,ARI incidence,2026-10-18,4,ES,quantile,0.05,0.0
2026-09-30,ARI incidence,2026-10-18,4,ES,quantile,0.1,86.04369905143989
2026-09-30,ARI incidence,2026-10-18,4,ES,quantile,0.15,164.19739874860784
2026-09-30,ARI incidence,2026-10-18,4,ES,quantile,0.2,226.31148174521894
2026-09-30,ARI incidence,2026-10-18,4,ES,quantile,0.25,279.59983421348954
2026-09-30,ARI incidence,2026-10-18,4,ES,quantile,0.3,327.4544216757663
2026-09-30,ARI incidence,2026-10-18,4,ES,quantile,0.35,371.7988287187684
2026-09-30,ARI incidence,2026-10-18,4,ES,quantile,0.4,413.87733455355794
2026-09-30,ARI incidence,2026-10-18,4,ES,quantile,0.45,454.5887759192976
2026-09-30,ARI incidence,2026-10-18,4,ES,quantile,0.5,494.65475276312554
2026-09-30,ARI incidence,2026-10-18,4,ES,quantile,0.55,534.7207296069536
2026-09-30,ARI incidence,2026-10-18,4,ES,quantile,0.6,575.4321709726931
2026-09-30,ARI incidence,2026-10-18,4,ES,quantile,0.65,617.5106768074827
2026-09-30,ARI incidence,2026-10-18,4,ES,quantile,0.7,661.8550838504848
2026-09-30,ARI incidence,2026-10-18,4,ES,quantile,0.75,709.7096713127615
2026-09-30,ARI incidence,2026-10-18,4,ES,quantile,0.8,762.9980237810321
2026-09-30,ARI incidence,2026-10-18,4,ES,quantile,0.85,825.1121067776432
2026-09-30,ARI incidence,2026-10-18,4,ES,quantile,0.9,903.2658064748111
2026-09-30,ARI incidence,2026-10-18,4,ES,quantile,0.95,1019.101362466665
2026-09-30,ARI incidence,2026-10-18,4,ES,quantile,0.975,1119.5714322722606
2026-09-30,ARI incidence,2026-10-18,4,ES,quantile,0.99,1236.3896011051966
2026-09-30,ARI incidence,2026-09-27,1,HU,median,,1358.5408816391796
2026-09-30,ARI incidence,2026-09-27,1,HU,quantile,0.01,600.8246847576852
2026-09-30,ARI incidence,2026-09-27,1,HU,quantile,0.025,720.1598067525617
2026-09-30,ARI incidence,2026-09-27,1,HU,quantile,0.05,822.7945951323654
2026-09-30,ARI incidence,2026-09-27,1,HU,quantile,0.1,941.1259330032851
2026-09-30,ARI incidence,2026-09-27,1,HU,quantile,0.15,1020.9635248855077
2026-09-30,ARI incidence,2026-09-27,1,HU,quantile,0.2,1084.4159120103318
2026-09-30,ARI incidence,2026-09-27,1,HU,quantile,0.25,1138.8524102557496
2026-09-30,ARI incidence,2026-09-27,1,HU,quantile,0.3,1187.7380681108418
2026-09-30,ARI incidence,2026-09-27,1,HU,quantile,0.35,1233.0379155329933
2026-09-30,ARI incidence,2026-09-27,1,HU,quantile,0.4,1276.0230408548775
2026-09-30,ARI incidence,2026-09-27,1,HU,quantile,0.45,1317.6116470666027
2026-09-30,ARI incidence,2026-09-27,1,HU,quantile,0.5,1358.5408816391796
2026-09-30,ARI incidence,2026-09-27,1,HU,quantile,0.55,1399.4701162117565
2026-09-30,ARI incidence,2026-09-27,1,HU,quantile,0.6,1441.0587224234816
2026-09-30,ARI incidence,2026-09-27,1,HU,quantile,0.65,1484.0438477453658
2026-09-30,ARI incidence,2026-09-27,1,HU,quantile,0.7,1529.3436951675171
2026-09-30,ARI incidence,2026-09-27,1,HU,quantile,0.75,1578.2293530226095
2026-09-30,ARI incidence,2026-09-27,1,HU,quantile,0.8,1632.6658512680276
2026-09-30,ARI incidence,2026-09-27,1,HU,quantile,0.85,1696.1182383928515
2026-09-30,ARI incidence,2026-09-27,1,HU,quantile,0.9,1775.955830275074
2026-09-30,ARI incidence,2026-09-27,1,HU,quantile,0.95,1894.2871681459935
2026-09-30,ARI incidence,2026-09-27,1,HU,quantile,0.975,1996.9219565257972
2026-09-30,ARI incidence,2026-09-27,1,HU,quantile,0.99,2116.257078520674
2026-09-30,ARI incidence,2026-10-04,2,HU,median,,1282.0502420076427
2026-09-30,ARI incidence,2026-10-04,2,HU,quantile,0.01,304.9695588774965
2026-09-30,ARI incidence,2026-10-04,2,HU,quantile,0.025,458.8530880933955
2026-09-30,ARI incidence,2026-10-04,2,HU,quantile,0.05,591.2014126452337
2026-09-30,ARI incidence,2026-10-04,2,HU,quantile,0.1,743.790554752097
2026-09-30,ARI incidence,2026-10-04,2,HU,quantile,0.15,846.7417245130202
2026-09-30,ARI incidence,2026-10-04,2,HU,quantile,0.2,928.5640506205059
2026-09-30,ARI incidence,2026-10-04,2,HU,quantile,0.25,998.7603208226654
2026-09-30,ARI incidence,2026-10-04,2,HU,quantile,0.3,1061.7987409711402
2026-09-30,ARI incidence,2026-10-04,2,HU,quantile,0.35,1120.2132318413278
2026-09-30,ARI incidence,2026-10-04,2,HU,quantile,0.4,1175.6428713116188
2026-09-30,ARI incidence,2026-10-04,2,HU,quantile,0.45,1229.271688981117
2026-09-30,ARI incidence,2026-10-04,2,HU,quantile,0.5,1282.0502420076427
2026-09-30,ARI incidence,2026-10-04,2,HU,quantile,0.55,1334.8287950341685
2026-09-30,ARI incidence,2026-10-04,2,HU,quantile,0.6,1388.4576127036667
2026-09-30,ARI incidence,2026-10-04,2,HU,quantile,0.65,1443.8872521739577
2026-09-30,ARI incidence,2026-10-04,2,HU,quantile,0.7,1502.301743044145
2026-09-30,ARI incidence,2026-10-04,2,HU,quantile,0.75,1565.34016319262
2026-09-30,ARI incidence,2026-10-04,2,HU,quantile,0.8,1635.5364333947796
2026-09-30,ARI incidence,2026-10-04,2,HU,quantile,0.85,1717.3587595022652
2026-09-30,ARI incidence,2026-10-04,2,HU,quantile,0.9,1820.3099292631885
2026-09-30,ARI incidence,2026-10-04,2,HU,quantile,0.95,1972.8990713700514
2026-09-30,ARI incidence,2026-10-04,2,HU,quantile,0.975,2105.2473959218896
2026-09-30,ARI incidence,2026-10-04,2,HU,quantile,0.99,2259.130925137789
2026-09-30,ARI incidence,2026-10-11,3,HU,median,,1231.533207040718
2026-09-30,ARI incidence,2026-10-11,3,HU,quantile,0.01,0.0
2026-09-30,ARI incidence,2026-10-11,3,HU,quantile,0.025,59.09349494483877
2026-09-30,ARI incidence,2026-10-11,3,HU,quantile,0.05,247.59078359082616
2026-09-30,ARI incidence,2026-10-11,3,HU,quantile,0.1,464.91608530021995
2026-09-30,ARI incidence,2026-10-11,3,HU,quantile,0.15,611.5444346093632
2026-09-30,ARI incidence,2026-10-11,3,HU,quantile,0.2,728.079998427006
2026-09-30,ARI incidence,2026-10-11,3,HU,quantile,0.25,828.0571356591856
2026-09-30,ARI incidence,2026-10-11,3,HU,quantile,0.3,917.839694817008
2026-09-30,ARI incidence,2026-10-11,3,HU,quantile,0.35,1001.0366161528225
2026-09-30,ARI incidence,2026-10-11,3,HU,quantile,0.4,1079.9823586558346
2026-09-30,ARI incidence,2026-10-11,3,HU,quantile,0.45,1156.3632781591332
2026-09-30,ARI incidence,2026-10-11,3,HU,quantile,0.5,1231.533207040718
2026-09-30,ARI incidence,2026-10-11,3,HU,quantile,0.55,1306.7031359223029
2026-09-30,ARI incidence,2026-10-11,3,HU,quantile,0.6,1383.0840554256015
2026-09-30,ARI incidence,2026-10-11,3,HU,quantile,0.65,1462.0297979286136
2026-09-30,ARI incidence,2026-10-11,3,HU,quantile,0.7,1545.2267192644279
2026-09-30,ARI incidence,2026-10-11,3,HU,quantile,0.75,1635.0092784222504
2026-09-30,ARI incidence,2026-10-11,3,HU,quantile,0.8,1734.9864156544302
2026-09-30,ARI incidence,2026-10-11,3,HU,quantile,0.85,1851.5219794720729
2026-09-30,ARI incidence,2026-10-11,3,HU,quantile,0.9,1998.150328781216
2026-09-30,ARI incidence,2026-10-11,3,HU,quantile,0.95,2215.4756304906095
2026-09-30,ARI incidence,2026-10-11,3,HU,quantile,0.975,2403.972919136597
2026-09-30,ARI incidence,2026-10-11,3,HU,quantile,0.99,2623.1417535188657
2026-09-30,ARI incidence,2026-10-18,4,HU,median,,1220.9183927241188
2026-09-30,ARI incidence,2026-10-18,4,HU,quantile,0.01,0.0
2026-09-30,ARI incidence,2026-10-18,4,HU,quantile,0.025,0.0
2026-09-30,ARI incidence,2026-10-18,4,HU,quantile,0.05,0.0
2026-09-30,ARI incidence,2026-10-18,4,HU,quantile,0.1,244.00239373576687
2026-09-30,ARI incidence,2026-10-18,4,HU,quantile,0.15,430.8539214190255
2026-09-30,ARI incidence,2026-10-18,4,HU,quantile,0.2,579.3575923077124
2026-09-30,ARI incidence,2026-10-18,4,HU,quantile,0.25,706.7605189126202
2026-09-30,ARI incidence,2026-10-18,4,HU,quantile,0.3,821.172284556807
2026-09-30,ARI incidence,2026-10-18,4,HU,quantile,0.35,927.191836187751
2026-09-30,ARI incidence,2026-10-18,4,HU,quantile,0.4,1027.7940230109584
2026-09-30,ARI incidence,2026-10-18,4,HU,quantile,0.45,1125.1278030220346
2026-09-30,ARI incidence,2026-10-18,4,HU,quantile,0.5,1220.9183927241188
2026-09-30,ARI incidence,2026-10-18,4,HU,quantile,0.55,1316.708982426203
2026-09-30,ARI incidence,2026-10-18,4,HU,quantile,0.6,1414.0427624372792
2026-09-30,ARI incidence,2026-10-18,4,HU,quantile,0.65,1514.6449492604866
2026-09-30,ARI incidence,2026-10-18,4,HU,quantile,0.7,1620.6645008914306
2026-09-30,ARI incidence,2026-10-18,4,HU,quantile,0.75,1735.0762665356174
2026-09-30,ARI incidence,2026-10-18,4,HU,quantile,0.8,1862.4791931405252
2026-09-30,ARI incidence,2026-10-18,4,HU,quantile,0.85,2010.9828640292121
2026-09-30,ARI incidence,2026-10-18,4,HU,quantile,0.9,2197.8343917124707
2026-09-30,ARI incidence,2026-10-18,4,HU,quantile,0.95,2474.7765029750785
2026-09-30,ARI incidence,2026-10-18,4,HU,quantile,0.975,2714.9824830164744
2026-09-30,ARI incidence,2026-10-18,4,HU,quantile,0.99,2994.273845961201
2026-09-30,ARI incidence,2026-09-27,1,IE,median,,45.70130953152207
2026-09-30,ARI incidence,2026-09-27,1,IE,quantile,0.01,17.531459695659066
2026-09-30,ARI incidence,2026-09-27,1,IE,quantile,0.025,21.968018503000785
2026-09-30,ARI incidence,2026-09-27,1,IE,quantile,0.05,25.78370383280353
2026-09-30,ARI incidence,2026-09-27,1,IE,quantile,0.1,30.1829446467384
2026-09-30,ARI incidence,2026-09-27,1,IE,quantile,0.15,33.15109153845763
2026-09-30,ARI incidence,2026-09-27,1,IE,quantile,0.2,35.51008059582483
2026-09-30,ARI incidence,2026-09-27,1,IE,quantile,0.25,37.53388315867737
2026-09-30,ARI incidence,2026-09-27,1,IE,quantile,0.3,39.35132040836665
2026-09-30,ARI incidence,2026-09-27,1,IE,quantile,0.35,41.03544687249857
2026-09-30,ARI incidence,2026-09-27,1,IE,quantile,0.4,42.633518195873755
2026-09-30,ARI incidence,2026-09-27,1,IE,quantile,0.45,44.179670695568
2026-09-30,ARI incidence,2026-09-27,1,IE,quantile,0.5,45.70130953152207
2026-09-30,ARI incidence,2026-09-27,1,IE,quantile,0.55,47.22294836747614
2026-09-30,ARI incidence,2026-09-27,1,IE,quantile,0.6,48.76910086717039
2026-09-30,ARI incidence,2026-09-27,1,IE,quantile,0.65,50.367172190545574
2026-09-30,ARI incidence,2026-09-27,1,IE,quantile,0.7,52.051298654677495
2026-09-30,ARI incidence,2026-09-27,1,IE,quantile,0.75,53.86873590436677
2026-09-30,ARI incidence,2026-09-27,1,IE,quantile,0.8,55.89253846721931
2026-09-30,ARI incidence,2026-09-27,1,IE,quantile,0.85,58.251527524586514
2026-09-30,ARI incidence,2026-09-27,1,IE,quantile,0.9,61.21967441630574
2026-09-30,ARI incidence,2026-09-27,1,IE,quantile,0.95,65.6189152302406
2026-09-30,ARI incidence,2026-09-27,1,IE,quantile,0.975,69.43460056004335
2026-09-30,ARI incidence,2026-09-27,1,IE,quantile,0.99,73.87115936738508
2026-09-30,ARI incidence,2026-10-04,2,IE,median,,45.70130953152207
2026-09-30,ARI incidence,2026-10-04,2,IE,quantile,0.01,17.531459695659066
2026-09-30,ARI incidence,2026-10-04,2,IE,quantile,0.025,21.968018503000785
2026-09-30,ARI incidence,2026-10-04,2,IE,quantile,0.05,25.78370383280353
2026-09-30,ARI incidence,2026-10-04,2,IE,quantile,0.1,30.1829446467384
2026-09-30,ARI incidence,2026-10-04,2,IE,quantile,0.15,33.15109153845763
2026-09-30,ARI incidence,2026-10-04,2,IE,quantile,0.2,35.51008059582483
2026-09-30,ARI incidence,2026-10-04,2,IE,quantile,0.25,37.53388315867737
2026-09-30,ARI incidence,2026-10-04,2,IE,quantile,0.3,39.35132040836665
2026-09-30,ARI incidence,2026-10-04,2,IE,quantile,0.35,41.03544687249857
2026-09-30,ARI incidence,2026-10-04,2,IE,quantile,0.4,42.633518195873755
2026-09-30,ARI incidence,2026-10-04,2,IE,quantile,0.45,44.179670695568
2026-09-30,ARI incidence,2026-10-04,2,IE,quantile,0.5,45.70130953152207
2026-09-30,ARI incidence,2026-10-04,2,IE,quantile,0.55,47.22294836747614
2026-09-30,ARI incidence,2026-10-04,2,IE,quantile,0.6,48.76910086717039
2026-09-30,ARI incidence,2026-10-04,2,IE,quantile,0.65,50.367172190545574
2026-09-30,ARI incidence,2026-10-04,2,IE,quantile,0.7,52.051298654677495
2026-09-30,ARI incidence,2026-10-04,2,IE,quantile,0.75,53.86873590436677
2026-09-30,ARI incidence,2026-10-04,2,IE,quantile,0.8,55.89253846721931
2026-09-30,ARI incidence,2026-10-04,2,IE,quantile,0.85,58.251527524586514
2026-09-30,ARI incidence,2026-10-04,2,IE,quantile,0.9,61.21967441630574
2026-09-30,ARI incidence,2026-10-04,2,IE,quantile,0.95,65.6189152302406
2026-09-30,ARI incidence,2026-10-04,2,IE,quantile,0.975,69.43460056004335
2026-09-30,ARI incidence,2026-10-04,2,IE,quantile,0.99,73.87115936738508
2026-09-30,ARI incidence,2026-10-11,3,IE,median,,45.70130953152207
2026-09-30,ARI incidence,2026-10-11,3,IE,quantile,0.01,17.531459695659066
2026-09-30,ARI incidence,2026-10-11,3,IE,quantile,0.025,21.968018503000785
2026-09-30,ARI incidence,2026-10-11,3,IE,quantile,0.05,25.78370383280353
2026-09-30,ARI incidence,2026-10-11,3,IE,quantile,0.1,30.1829446467384
2026-09-30,ARI incidence,2026-10-11,3,IE,quantile,0.15,33.15109153845763
2026-09-30,ARI incidence,2026-10-11,3,IE,quantile,0.2,35.51008059582483
2026-09-30,ARI incidence,2026-10-11,3,IE,quantile,0.25,37.53388315867737
2026-09-30,ARI incidence,2026-10-11,3,IE,quantile,0.3,39.35132040836665
2026-09-30,ARI incidence,2026-10-11,3,IE,quantile,0.35,41.03544687249857
2026-09-30,ARI incidence,2026-10-11,3,IE,quantile,0.4,42.633518195873755
2026-09-30,ARI incidence,2026-10-11,3,IE,quantile,0.45,44.179670695568
2026-09-30,ARI incidence,2026-10-11,3,IE,quantile,0.5,45.70130953152207
2026-09-30,ARI incidence,2026-10-11,3,IE,quantile,0.55,47.22294836747614
2026-09-30,ARI incidence,2026-10-11,3,IE,quantile,0.6,48.76910086717039
2026-09-30,ARI incidence,2026-10-11,3,IE,quantile,0.65,50.367172190545574
2026-09-30,ARI incidence,2026-10-11,3,IE,quantile,0.7,52.051298654677495
2026-09-30,ARI incidence,2026-10-11,3,IE,quantile,0.75,53.86873590436677
2026-09-30,ARI incidence,2026-10-11,3,IE,quantile,0.8,55.89253846721931
2026-09-30,ARI incidence,2026-10-11,3,IE,quantile,0.85,58.251527524586514
2026-09-30,ARI incidence,2026-10-11,3,IE,quantile,0.9,61.21967441630574
2026-09-30,ARI incidence,2026-10-11,3,IE,quantile,0.95,65.6189152302406
2026-09-30,ARI incidence,2026-10-11,3,IE,quantile,0.975,69.43460056004335
2026-09-30,ARI incidence,2026-10-11,3,IE,quantile,0.99,73.87115936738508
2026-09-30,ARI incidence,2026-10-18,4,IE,median,,45.70130953152207
2026-09-30,ARI incidence,2026-10-18,4,IE,quantile,0.01,17.531459695659066
2026-09-30,ARI incidence,2026-10-18,4,IE,quantile,0.025,21.968018503000785
2026-09-30,ARI incidence,2026-10-18,4,IE,quantile,0.05,25.78370383280353
2026-09-30,ARI incidence,2026-10-18,4,IE,quantile,0.1,30.1829446467384
2026-09-30,ARI incidence,2026-10-18,4,IE,quantile,0.15,33.15109153845763
2026-09-30,ARI incidence,2026-10-18,4,IE,quantile,0.2,35.51008059582483
2026-09-30,ARI incidence,2026-10-18,4,IE,quantile,0.25,37.53388315867737
2026-09-30,ARI incidence,2026-10-18,4,IE,quantile,0.3,39.35132040836665
2026-09-30,ARI incidence,2026-10-18,4,IE,quantile,0.35,41.03544687249857
2026-09-30,ARI incidence,2026-10-18,4,IE,quantile,0.4,42.633518195873755
2026-09-30,ARI incidence,2026-10-18,4,IE,quantile,0.45,44.179670695568
2026-09-30,ARI incidence,2026-10-18,4,IE,quantile,0.5,45.70130953152207
2026-09-30,ARI incidence,2026-10-18,4,IE,quantile,0.55,47.22294836747614
2026-09-30,ARI incidence,2026-10-18,4,IE,quantile,0.6,48.76910086717039
2026-09-30,ARI incidence,2026-10-18,4,IE,quantile,0.65,50.367172190545574
2026-09-30,ARI incidence,2026-10-18,4,IE,quantile,0.7,52.051298654677495
2026-09-30,ARI incidence,2026-10-18,4,IE,quantile,0.75,53.86873590436677
2026-09-30,ARI incidence,2026-10-18,4,IE,quantile,0.8,55.89253846721931
2026-09-30,ARI incidence,2026-10-18,4,IE,quantile,0.85,58.251527524586514
2026-09-30,ARI incidence,2026-10-18,4,IE,quantile,0.9,61.21967441630574
2026-09-30,ARI incidence,2026-10-18,4,IE,quantile,0.95,65.6189152302406
2026-09-30,ARI incidence,2026-10-18,4,IE,quantile,0.975,69.43460056004335
2026-09-30,ARI incidence,2026-10-18,4,IE,quantile,0.99,73.87115936738508
2026-09-30,ARI incidence,2026-09-27,1,LT,median,,466.43784501076914
2026-09-30,ARI incidence,2026-09-27,1,LT,quantile,0.01,128.45715496140366
2026-09-30,ARI incidence,2026-09-27,1,LT,quantile,0.025,181.6868035355671
2026-09-30,ARI incidence,2026-09-27,1,LT,quantile,0.05,227.46723787555243
2026-09-30,ARI incidence,2026-09-27,1,LT,quantile,0.1,280.24914671250053
2026-09-30,ARI incidence,2026-09-27,1,LT,quantile,0.15,315.860850022115
2026-09-30,ARI incidence,2026-09-27,1,LT,quantile,0.2,344.1639028986283
2026-09-30,ARI incidence,2026-09-27,1,LT,quantile,0.25,368.4454021150624
2026-09-30,ARI incidence,2026-09-27,1,LT,quantile,0.3,390.2509388627021
2026-09-30,ARI incidence,2026-09-27,1,LT,quantile,0.35,410.4570183339904
2026-09-30,ARI incidence,2026-09-27,1,LT,quantile,0.4,429.63061179542325
2026-09-30,ARI incidence,2026-09-27,1,LT,quantile,0.45,448.1812853635489
2026-09-30,ARI incidence,2026-09-27,1,LT,quantile,0.5,466.43784501076914
2026-09-30,ARI incidence,2026-09-27,1,LT,quantile,0.55,484.69440465798937
2026-09-30,ARI incidence,2026-09-27,1,LT,quantile,0.6,503.245078226115
2026-09-30,ARI incidence,2026-09-27,1,LT,quantile,0.65,522.4186716875479
2026-09-30,ARI incidence,2026-09-27,1,LT,quantile,0.7,542.6247511588361
2026-09-30,ARI incidence,2026-09-27,1,LT,quantile,0.75,564.4302879064759
2026-09-30,ARI incidence,2026-09-27,1,LT,quantile,0.8,588.71178712291
2026-09-30,ARI incidence,2026-09-27,1,LT,quantile,0.85,617.0148399994232
2026-09-30,ARI incidence,2026-09-27,1,LT,quantile,0.9,652.6265433090377
2026-09-30,ARI incidence,2026-09-27,1,LT,quantile,0.95,705.4084521459857
2026-09-30,ARI incidence,2026-09-27,1,LT,quantile,0.975,751.1888864859711
2026-09-30,ARI incidence,2026-09-27,1,LT,quantile,0.99,804.4185350601347
2026-09-30,ARI incidence,2026-10-04,2,LT,median,,466.43784501076914
2026-09-30,ARI incidence,2026-10-04,2,LT,quantile,0.01,128.45715496140366
2026-09-30,ARI incidence,2026-10-04,2,LT,quantile,0.025,181.6868035355671
2026-09-30,ARI incidence,2026-10-04,2,LT,quantile,0.05,227.46723787555243
2026-09-30,ARI incidence,2026-10-04,2,LT,quantile,0.1,280.24914671250053
2026-09-30,ARI incidence,2026-10-04,2,LT,quantile,0.15,315.860850022115
2026-09-30,ARI incidence,2026-10-04,2,LT,quantile,0.2,344.1639028986283
2026-09-30,ARI incidence,2026-10-04,2,LT,quantile,0.25,368.4454021150624
2026-09-30,ARI incidence,2026-10-04,2,LT,quantile,0.3,390.2509388627021
2026-09-30,ARI incidence,2026-10-04,2,LT,quantile,0.35,410.4570183339904
2026-09-30,ARI incidence,2026-10-04,2,LT,quantile,0.4,429.63061179542325
2026-09-30,ARI incidence,2026-10-04,2,LT,quantile,0.45,448.1812853635489
2026-09-30,ARI incidence,2026-10-04,2,LT,quantile,0.5,466.43784501076914
2026-09-30,ARI incidence,2026-10-04,2,LT,quantile,0.55,484.69440465798937
2026-09-30,ARI incidence,2026-10-04,2,LT,quantile,0.6,503.245078226115
2026-09-30,ARI incidence,2026-10-04,2,LT,quantile,0.65,522.4186716875479
2026-09-30,ARI incidence,2026-10-04,2,LT,quantile,0.7,542.6247511588361
2026-09-30,ARI incidence,2026-10-04,2,LT,quantile,0.75,564.4302879064759
2026-09-30,ARI incidence,2026-10-04,2,LT,quantile,0.8,588.71178712291
2026-09-30,ARI incidence,2026-10-04,2,LT,quantile,0.85,617.0148399994232
2026-09-30,ARI incidence,2026-10-04,2,LT,quantile,0.9,652.6265433090377
2026-09-30,ARI incidence,2026-10-04,2,LT,quantile,0.95,705.4084521459857
2026-09-30,ARI incidence,2026-10-04,2,LT,quantile,0.975,751.1888864859711
2026-09-30,ARI incidence,2026-10-04,2,LT,quantile,0.99,804.4185350601347
2026-09-30,ARI incidence,2026-10-11,3,LT,median,,466.43784501076914
2026-09-30,ARI incidence,2026-10-11,3,LT,quantile,0.01,128.45715496140366
2026-09-30,ARI incidence,2026-10-11,3,LT,quantile,0.025,181.6868035355671
2026-09-30,ARI incidence,2026-10-11,3,LT,quantile,0.05,227.46723787555243
2026-09-30,ARI incidence,2026-10-11,3,LT,quantile,0.1,280.24914671250053
2026-09-30,ARI incidence,2026-10-11,3,LT,quantile,0.15,315.860850022115
2026-09-30,ARI incidence,2026-10-11,3,LT,quantile,0.2,344.1639028986283
2026-09-30,ARI incidence,2026-10-11,3,LT,quantile,0.25,368.4454021150624
2026-09-30,ARI incidence,2026-10-11,3,LT,quantile,0.3,390.2509388627021
2026-09-30,ARI incidence,2026-10-11,3,LT,quantile,0.35,410.4570183339904
2026-09-30,ARI incidence,2026-10-11,3,LT,quantile,0.4,429.63061179542325
2026-09-30,ARI incidence,2026-10-11,3,LT,quantile,0.45,448.1812853635489
2026-09-30,ARI incidence,2026-10-11,3,LT,quantile,0.5,466.43784501076914
2026-09-30,ARI incidence,2026-10-11,3,LT,quantile,0.55,484.69440465798937
2026-09-30,ARI incidence,2026-10-11,3,LT,quantile,0.6,503.245078226115
2026-09-30,ARI incidence,2026-10-11,3,LT,quantile,0.65,522.4186716875479
2026-09-30,ARI incidence,2026-10-11,3,LT,quantile,0.7,542.6247511588361
2026-09-30,ARI incidence,2026-10-11,3,LT,quantile,0.75,564.4302879064759
2026-09-30,ARI incidence,2026-10-11,3,LT,quantile,0.8,588.71178712291
2026-09-30,ARI incidence,2026-10-11,3,LT,quantile,0.85,617.0148399994232
2026-09-30,ARI incidence,2026-10-11,3,LT,quantile,0.9,652.6265433090377
2026-09-30,ARI incidence,2026-10-11,3,LT,quantile,0.95,705.4084521459857
2026-09-30,ARI incidence,2026-10-11,3,LT,quantile,0.975,751.1888864859711
2026-09-30,ARI incidence,2026-10-11,3,LT,quantile,0.99,804.4185350601347
2026-09-30,ARI incidence,2026-10-18,4,LT,median,,466.43784501076914
2026-09-30,ARI incidence,2026-10-18,4,LT,quantile,0.01,128.45715496140366
2026-09-30,ARI incidence,2026-10-18,4,LT,quantile,0.025,181.6868035355671
2026-09-30,ARI incidence,2026-10-18,4,LT,quantile,0.05,227.46723787555243
2026-09-30,ARI incidence,2026-10-18,4,LT,quantile,0.1,280.24914671250053
2026-09-30,ARI incidence,2026-10-18,4,LT,quantile,0.15,315.860850022115
2026-09-30,ARI incidence,2026-10-18,4,LT,quantile,0.2,344.1639028986283
2026-09-30,ARI incidence,2026-10-18,4,LT,quantile,0.25,368.4454021150624
2026-09-30,ARI incidence,2026-10-18,4,LT,quantile,0.3,390.2509388627021
2026-09-30,ARI incidence,2026-10-18,4,LT,quantile,0.35,410.4570183339904
2026-09-30,ARI incidence,2026-10-18,4,LT,quantile,0.4,429.63061179542325
2026-09-30,ARI incidence,2026-10-18,4,LT,quantile,0.45,448.1812853635489
2026-09-30,ARI incidence,2026-10-18,4,LT,quantile,0.5,466.43784501076914
2026-09-30,ARI incidence,2026-10-18,4,LT,quantile,0.55,484.69440465798937
2026-09-30,ARI incidence,2026-10-18,4,LT,quantile,0.6,503.245078226115
2026-09-30,ARI incidence,2026-10-18,4,LT,quantile,0.65,522.4186716875479
2026-09-30,ARI incidence,2026-10-18,4,LT,quantile,0.7,542.6247511588361
2026-09-30,ARI incidence,2026-10-18,4,LT,quantile,0.75,564.4302879064759
2026-09-30,ARI incidence,2026-10-18,4,LT,quantile,0.8,588.71178712291
2026-09-30,ARI incidence,2026-10-18,4,LT,quantile,0.85,617.0148399994232
2026-09-30,ARI incidence,2026-10-18,4,LT,quantile,0.9,652.6265433090377
2026-09-30,ARI incidence,2026-10-18,4,LT,quantile,0.95,705.4084521459857
2026-09-30,ARI incidence,2026-10-18,4,LT,quantile,0.975,751.1888864859711
2026-09-30,ARI incidence,2026-10-18,4,LT,quantile,0.99,804.4185350601347
2026-09-30,ARI incidence,2026-09-27,1,NL,median,,113.72291956022669
2026-09-30,ARI incidence,2026-09-27,1,NL,quantile,0.01,62.87832309648856
2026-09-30,ARI incidence,2026-09-27,1,NL,quantile,0.025,70.8859995151166
2026-09-30,ARI incidence,2026-09-27,1,NL,quantile,0.05,77.7730430015691
2026-09-30,ARI incidence,2026-09-27,1,NL,quantile,0.1,85.71336306840034
2026-09-30,ARI incidence,2026-09-27,1,NL,quantile,0.15,91.07065932073726
2026-09-30,ARI incidence,2026-09-27,1,NL,quantile,0.2,95.32846855234743
2026-09-30,ARI incidence,2026-09-27,1,NL,quantile,0.25,98.98128975054618
2026-09-30,ARI incidence,2026-09-27,1,NL,quantile,0.3,102.26163608171386
2026-09-30,ARI incidence,2026-09-27,1,NL,quantile,0.35,105.30136582687123
2026-09-30,ARI incidence,2026-09-27,1,NL,quantile,0.4,108.1857720992057
2026-09-30,ARI incidence,2026-09-27,1,NL,quantile,0.45,110.97646854865116
2026-09-30,ARI incidence,2026-09-27,1,NL,quantile,0.5,113.72291956022669
2026-09-30,ARI incidence,2026-09-27,1,NL,quantile,0.55,116.46937057180223
2026-09-30,ARI incidence,2026-09-27,1,NL,quantile,0.6,119.26006702124766
2026-09-30,ARI incidence,2026-09-27,1,NL,quantile,0.65,122.14447329358214
2026-09-30,ARI incidence,2026-09-27,1,NL,quantile,0.7,125.1842030387395
2026-09-30,ARI incidence,2026-09-27,1,NL,quantile,0.75,128.4645493699072
2026-09-30,ARI incidence,2026-09-27,1,NL,quantile,0.8,132.11737056810594
2026-09-30,ARI incidence,2026-09-27,1,NL,quantile,0.85,136.3751797997161
2026-09-30,ARI incidence,2026-09-27,1,NL,quantile,0.9,141.73247605205302
2026-09-30,ARI incidence,2026-09-27,1,NL,quantile,0.95,149.67279611888424
2026-09-30,ARI incidence,2026-09-27,1,NL,quantile,0.975,156.55983960533678
2026-09-30,ARI incidence,2026-09-27,1,NL,quantile,0.99,164.5675160239648
2026-09-30,ARI incidence,2026-10-04,2,NL,median,,113.14174088205493
2026-09-30,ARI incidence,2026-10-04,2,NL,quantile,0.01,62.28007676321927
2026-09-30,ARI incidence,2026-10-04,2,NL,quantile,0.025,70.29044122086721
2026-09-30,ARI incidence,2026-10-04,2,NL,quantile,0.05,77.17979656917024
2026-09-30,ARI incidence,2026-10-04,2,NL,quantile,0.1,85.12278206465446
2026-09-30,ARI incidence,2026-10-04,2,NL,quantile,0.15,90.48187666904941
2026-09-30,ARI incidence,2026-10-04,2,NL,quantile,0.2,94.74111517386638
2026-09-30,ARI incidence,2026-10-04,2,NL,quantile,0.25,98.39516256121166
2026-09-30,ARI incidence,2026-10-04,2,NL,quantile,0.3,101.6766100481299
2026-09-30,ARI incidence,2026-10-04,2,NL,quantile,0.35,104.71736017819518
2026-09-30,ARI incidence,2026-10-04,2,NL,quantile,0.4,107.6027346960236
2026-09-30,ARI incidence,2026-10-04,2,NL,quantile,0.45,110.39436793418984
2026-09-30,ARI incidence,2026-10-04,2,NL,quantile,0.5,113.14174088205493
2026-09-30,ARI incidence,2026-10-04,2,NL,quantile,0.55,115.88911382992003
2026-09-30,ARI incidence,2026-10-04,2,NL,quantile,0.6,118.68074706808626
2026-09-30,ARI incidence,2026-10-04,2,NL,quantile,0.65,121.56612158591469
2026-09-30,ARI incidence,2026-10-04,2,NL,quantile,0.7,124.60687171597996
2026-09-30,ARI incidence,2026-10-04,2,NL,quantile,0.75,127.8883192028982
2026-09-30,ARI incidence,2026-10-04,2,NL,quantile,0.8,131.5423665902435
2026-09-30,ARI incidence,2026-10-04,2,NL,quantile,0.85,135.80160509506044
2026-09-30,ARI incidence,2026-10-04,2,NL,quantile,0.9,141.16069969945542
2026-09-30,ARI incidence,2026-10-04,2,NL,quantile,0.95,149.1036851949396
2026-09-30,ARI incidence,2026-10-04,2,NL,quantile,0.975,155.99304054324264
2026-09-30,ARI incidence,2026-10-04,2,NL,quantile,0.99,164.0034050008906
2026-09-30,ARI incidence,2026-10-11,3,NL,median,,112.56096532587306
2026-09-30,ARI incidence,2026-10-11,3,NL,quantile,0.01,61.64274519809681
2026-09-30,ARI incidence,2026-10-11,3,NL,quantile,0.025,69.6620168405908
2026-09-30,ARI incidence,2026-10-11,3,NL,quantile,0.05,76.55903285925181
2026-09-30,ARI incidence,2026-10-11,3,NL,quantile,0.1,84.5108506170397
2026-09-30,ARI incidence,2026-10-11,3,NL,quantile,0.15,89.87590430687965
2026-09-30,ARI incidence,2026-10-11,3,NL,quantile,0.2,94.13987890390146
2026-09-30,ARI incidence,2026-10-11,3,NL,quantile,0.25,97.79798943664886
2026-09-30,ARI incidence,2026-10-11,3,NL,quantile,0.3,101.08308575371497
2026-09-30,ARI incidence,2026-10-11,3,NL,quantile,0.35,104.12721706869667
2026-09-30,ARI incidence,2026-10-11,3,NL,quantile,0.4,107.01580000036395
2026-09-30,ARI incidence,2026-10-11,3,NL,quantile,0.45,109.81053741604998
2026-09-30,ARI incidence,2026-10-11,3,NL,quantile,0.5,112.56096532587306
2026-09-30,ARI incidence,2026-10-11,3,NL,quantile,0.55,115.31139323569613
2026-09-30,ARI incidence,2026-10-11,3,NL,quantile,0.6,118.10613065138216
2026-09-30,ARI incidence,2026-10-11,3,NL,quantile,0.65,120.99471358304945
2026-09-30,ARI incidence,2026-10-11,3,NL,quantile,0.7,124.03884489803113
2026-09-30,ARI incidence,2026-10-11,3,NL,quantile,0.75,127.32394121509725
2026-09-30,ARI incidence,2026-10-11,3,NL,quantile,0.8,130.98205174784465
2026-09-30,ARI incidence,2026-10-11,3,NL,quantile,0.85,135.24602634486646
2026-09-30,ARI incidence,2026-10-11,3,NL,quantile,0.9,140.61108003470642
2026-09-30,ARI incidence,2026-10-11,3,NL,quantile,0.95,148.56289779249428
2026-09-30,ARI incidence,2026-10-11,3,NL,quantile,0.975,155.4599138111553
2026-09-30,ARI incidence,2026-10-11,3,NL,quantile,0.99,163.4791854536493
2026-09-30,ARI incidence,2026-10-18,4,NL,median,,111.98077667833243
2026-09-30,ARI incidence,2026-10-18,4,NL,quantile,0.01,60.96755249538372
2026-09-30,ARI incidence,2026-10-18,4,NL,quantile,0.025,69.00178662721167
2026-09-30,ARI incidence,2026-10-18,4,NL,quantile,0.05,75.91167121214853
2026-09-30,ARI incidence,2026-10-18,4,NL,quantile,0.1,83.87832560269942
2026-09-30,ARI incidence,2026-10-18,4,NL,quantile,0.15,89.25338949822753
2026-09-30,ARI incidence,2026-10-18,4,NL,quantile,0.2,93.52531988940028
2026-09-30,ARI incidence,2026-10-18,4,NL,quantile,0.25,97.19025578513185
2026-09-30,ARI incidence,2026-10-18,4,NL,quantile,0.3,100.48148148910447
2026-09-30,ARI incidence,2026-10-18,4,NL,quantile,0.35,103.53129259451629
2026-09-30,ARI incidence,2026-10-18,4,NL,quantile,0.4,106.42526509187385
2026-09-30,ARI incidence,2026-10-18,4,NL,quantile,0.45,109.22521697473815
2026-09-30,ARI incidence,2026-10-18,4,NL,quantile,0.5,111.98077667833243
2026-09-30,ARI incidence,2026-10-18,4,NL,quantile,0.55,114.73633638192672
2026-09-30,ARI incidence,2026-10-18,4,NL,quantile,0.6,117.53628826479101
2026-09-30,ARI incidence,2026-10-18,4,NL,quantile,0.65,120.43026076214858
2026-09-30,ARI incidence,2026-10-18,4,NL,quantile,0.7,123.48007186756038
2026-09-30,ARI incidence,2026-10-18,4,NL,quantile,0.75,126.77129757153301
2026-09-30,ARI incidence,2026-10-18,4,NL,quantile,0.8,130.43623346726457
2026-09-30,ARI incidence,2026-10-18,4,NL,quantile,0.85,134.70816385843733
2026-09-30,ARI incidence,2026-10-18,4,NL,quantile,0.9,140.08322775396545
2026-09-30,ARI incidence,2026-10-18,4,NL,quantile,0.95,148.04988214451632
2026-09-30,ARI incidence,2026-10-18,4,NL,quantile,0.975,154.95976672945318
2026-09-30,ARI incidence,2026-10-18,4,NL,quantile,0.99,162.99400086128114
2026-09-30,ARI incidence,2026-09-27,1,SI,median,,489.0653450632186
2026-09-30,ARI incidence,2026-09-27,1,SI,quantile,0.01,0.0
2026-09-30,ARI incidence,2026-09-27,1,SI,quantile,0.025,0.0
2026-09-30,ARI incidence,2026-09-27,1,SI,quantile,0.05,67.20368170221309
2026-09-30,ARI incidence,2026-09-27,1,SI,quantile,0.1,160.38109847432997
2026-09-30,ARI incidence,2026-09-27,1,SI,quantile,0.15,223.24745920969855
2026-09-30,ARI incidence,2026-09-27,1,SI,quantile,0.2,273.2116498179786
2026-09-30,ARI incidence,2026-09-27,1,SI,quantile,0.25,316.07647646399295
2026-09-30,ARI incidence,2026-09-27,1,SI,quantile,0.3,354.57041558527493
2026-09-30,ARI incidence,2026-09-27,1,SI,quantile,0.35,390.24078692487274
2026-09-30,ARI incidence,2026-09-27,1,SI,quantile,0.4,424.0884811129324
2026-09-30,ARI incidence,2026-09-27,1,SI,quantile,0.45,456.8365169560537
2026-09-30,ARI incidence,2026-09-27,1,SI,quantile,0.5,489.0653450632186
2026-09-30,ARI incidence,2026-09-27,1,SI,quantile,0.55,521.2941731703836
2026-09-30,ARI incidence,2026-09-27,1,SI,quantile,0.6,554.0422090135048
2026-09-30,ARI incidence,2026-09-27,1,SI,quantile,0.65,587.8899032015645
2026-09-30,ARI incidence,2026-09-27,1,SI,quantile,0.7,623.5602745411622
2026-09-30,ARI incidence,2026-09-27,1,SI,quantile,0.75,662.0542136624442
2026-09-30,ARI incidence,2026-09-27,1,SI,quantile,0.8,704.9190403084586
2026-09-30,ARI incidence,2026-09-27,1,SI,quantile,0.85,754.8832309167387
2026-09-30,ARI incidence,2026-09-27,1,SI,quantile,0.9,817.7495916521073
2026-09-30,ARI incidence,2026-09-27,1,SI,quantile,0.95,910.9270084242239
2026-09-30,ARI incidence,2026-09-27,1,SI,quantile,0.975,991.744521555149
2026-09-30,ARI incidence,2026-09-27,1,SI,quantile,0.99,1085.712346120755
2026-09-30,ARI incidence,2026-10-04,2,SI,median,,489.0653450632186
2026-09-30,ARI incidence,2026-10-04,2,SI,quantile,0.01,0.0
2026-09-30,ARI incidence,2026-10-04,2,SI,quantile,0.025,0.0
2026-09-30,ARI incidence,2026-10-04,2,SI,quantile,0.05,67.20368170221309
2026-09-30,ARI incidence,2026-10-04,2,SI,quantile,0.1,160.38109847432997
2026-09-30,ARI incidence,2026-10-04,2,SI,quantile,0.15,223.24745920969855
2026-09-30,ARI incidence,2026-10-04,2,SI,quantile,0.2,273.2116498179786
2026-09-30,ARI incidence,2026-10-04,2,SI,quantile,0.25,316.07647646399295
2026-09-30,ARI incidence,2026-10-04,2,SI,quantile,0.3,354.57041558527493
2026-09-30,ARI incidence,2026-10-04,2,SI,quantile,0.35,390.24078692487274
2026-09-30,ARI incidence,2026-10-04,2,SI,quantile,0.4,424.0884811129324
2026-09-30,ARI incidence,2026-10-04,2,SI,quantile,0.45,456.8365169560537
2026-09-30,ARI incidence,2026-10-04,2,SI,quantile,0.5,489.0653450632186
2026-09-30,ARI incidence,2026-10-04,2,SI,quantile,0.55,521.2941731703836
2026-09-30,ARI incidence,2026-10-04,2,SI,quantile,0.6,554.0422090135048
2026-09-30,ARI incidence,2026-10-04,2,SI,quantile,0.65,587.8899032015645
2026-09-30,ARI incidence,2026-10-04,2,SI,quantile,0.7,623.5602745411622
2026-09-30,ARI incidence,2026-10-04,2,SI,quantile,0.75,662.0542136624442
2026-09-30,ARI incidence,2026-10-04,2,SI,quantile,0.8,704.9190403084586
2026-09-30,ARI incidence,2026-10-04,2,SI,quantile,0.85,754.8832309167387
2026-09-30,ARI incidence,2026-10-04,2,SI,quantile,0.9,817.7495916521073
2026-09-30,ARI incidence,2026-10-04,2,SI,quantile,0.95,910.9270084242239
2026-09-30,ARI incidence,2026-10-04,2,SI,quantile,0.975,991.744521555149
2026-09-30,ARI incidence,2026-10-04,2,SI,quantile,0.99,1085.712346120755
2026-09-30,ARI incidence,2026-10-11,3,SI,median,,489.0653450632186
2026-09-30,ARI incidence,2026-10-11,3,SI,quantile,0.01,0.0
2026-09-30,ARI incidence,2026-10-11,3,SI,quantile,0.025,0.0
2026-09-30,ARI incidence,2026-10-11,3,SI,quantile,0.05,67.20368170221309
2026-09-30,ARI incidence,2026-10-11,3,SI,quantile,0.1,160.38109847432997
2026-09-30,ARI incidence,2026-10-11,3,SI,quantile,0.15,223.24745920969855
2026-09-30,ARI incidence,2026-10-11,3,SI,quantile,0.2,273.2116498179786
2026-09-30,ARI incidence,2026-10-11,3,SI,quantile,0.25,316.07647646399295
2026-09-30,ARI incidence,2026-10-11,3,SI,quantile,0.3,354.57041558527493
2026-09-30,ARI incidence,2026-10-11,3,SI,quantile,0.35,390.24078692487274
2026-09-30,ARI incidence,2026-10-11,3,SI,quantile,0.4,424.0884811129324
2026-09-30,ARI incidence,2026-10-11,3,SI,quantile,0.45,456.8365169560537
2026-09-30,ARI incidence,2026-10-11,3,SI,quantile,0.5,489.0653450632186
2026-09-30,ARI incidence,2026-10-11,3,SI,quantile,0.55,521.2941731703836
2026-09-30,ARI incidence,2026-10-11,3,SI,quantile,0.6,554.0422090135048
2026-09-30,ARI incidence,2026-10-11,3,SI,quantile,0.65,587.8899032015645
2026-09-30,ARI incidence,2026-10-11,3,SI,quantile,0.7,623.5602745411622
2026-09-30,ARI incidence,2026-10-11,3,SI,quantile,0.75,662.0542136624442
2026-09-30,ARI incidence,2026-10-11,3,SI,quantile,0.8,704.9190403084586
2026-09-30,ARI incidence,2026-10-11,3,SI,quantile,0.85,754.8832309167387
2026-09-30,ARI incidence,2026-10-11,3,SI,quantile,0.9,817.7495916521073
2026-09-30,ARI incidence,2026-10-11,3,SI,quantile,0.95,910.9270084242239
2026-09-30,ARI incidence,2026-10-11,3,SI,quantile,0.975,991.744521555149
2026-09-30,ARI incidence,2026-10-11,3,SI,quantile,0.99,1085.712346120755
2026-09-30,ARI incidence,2026-10-18,4,SI,median,,489.0653450632186
2026-09-30,ARI incidence,2026-10-18,4,SI,quantile,0.01,0.0
2026-09-30,ARI incidence,2026-10-18,4,SI,quantile,0.025,0.0
2026-09-30,ARI incidence,2026-10-18,4,SI,quantile,0.05,67.20368170221309
2026-09-30,ARI incidence,2026-10-18,4,SI,quantile,0.1,160.38109847432997
2026-09-30,ARI incidence,2026-10-18,4,SI,quantile,0.15,223.24745920969855
2026-09-30,ARI incidence,2026-10-18,4,SI,quantile,0.2,273.2116498179786
2026-09-30,ARI incidence,2026-10-18,4,SI,quantile,0.25,316.07647646399295
2026-09-30,ARI incidence,2026-10-18,4,SI,quantile,0.3,354.57041558527493
2026-09-30,ARI incidence,2026-10-18,4,SI,quantile,0.35,390.24078692487274
2026-09-30,ARI incidence,2026-10-18,4,SI,quantile,0.4,424.0884811129324
2026-09-30,ARI incidence,2026-10-18,4,SI,quantile,0.45,456.8365169560537
2026-09-30,ARI incidence,2026-10-18,4,SI,quantile,0.5,489.0653450632186
2026-09-30,ARI incidence,2026-10-18,4,SI,quantile,0.55,521.2941731703836
2026-09-30,ARI incidence,2026-10-18,4,SI,quantile,0.6,554.0422090135048
2026-09-30,ARI incidence,2026-10-18,4,SI,quantile,0.65,587.8899032015645
2026-09-30,ARI incidence,2026-10-18,4,SI,quantile,0.7,623.5602745411622
2026-09-30,ARI incidence,2026-10-18,4,SI,quantile,0.75,662.0542136624442
2026-09-30,ARI incidence,2026-10-18,4,SI,quantile,0.8,704.9190403084586
2026-09-30,ARI incidence,2026-10-18,4,SI,quantile,0.85,754.8832309167387
2026-09-30,ARI incidence,2026-10-18,4,SI,quantile,0.9,817.7495916521073
2026-09-30,ARI incidence,2026-10-18,4,SI,quantile,0.95,910.9270084242239
2026-09-30,ARI incidence,2026-10-18,4,SI,quantile,0.975,991.744521555149
2026-09-30,ARI incidence,2026-10-18,4,SI,quantile,0.99,1085.712346120755
2026-09-30,ARI incidence,2026-09-27,1,SK,median,,1239.3579390571285
2026-09-30,ARI incidence,2026-09-27,1,SK,quantile,0.01,780.5914266705082
2026-09-30,ARI incidence,2026-09-27,1,SK,quantile,0.025,852.8440166879072
2026-09-30,ARI incidence,2026-09-27,1,SK,quantile,0.05,914.9852301241899
2026-09-30,ARI incidence,2026-09-27,1,SK,quantile,0.1,986.6300694512486
2026-09-30,ARI incidence,2026-09-27,1,SK,quantile,0.15,1034.9685024105772
2026-09-30,ARI incidence,2026-09-27,1,SK,quantile,0.2,1073.3863565671434
2026-09-30,ARI incidence,2026-09-27,1,SK,quantile,0.25,1106.3454546428793
2026-09-30,ARI incidence,2026-09-27,1,SK,quantile,0.3,1135.9437433586395
2026-09-30,ARI incidence,2026-09-27,1,SK,quantile,0.35,1163.370968880594
2026-09-30,ARI incidence,2026-09-27,1,SK,quantile,0.4,1189.3967237866973
2026-09-30,ARI incidence,2026-09-27,1,SK,quantile,0.45,1214.5769428519602
2026-09-30,ARI incidence,2026-09-27,1,SK,quantile,0.5,1239.3579390571285
2026-09-30,ARI incidence,2026-09-27,1,SK,quantile,0.55,1264.138935262297
2026-09-30,ARI incidence,2026-09-27,1,SK,quantile,0.6,1289.3191543275598
2026-09-30,ARI incidence,2026-09-27,1,SK,quantile,0.65,1315.344909233663
2026-09-30,ARI incidence,2026-09-27,1,SK,quantile,0.7,1342.7721347556176
2026-09-30,ARI incidence,2026-09-27,1,SK,quantile,0.75,1372.3704234713778
2026-09-30,ARI incidence,2026-09-27,1,SK,quantile,0.8,1405.3295215471137
2026-09-30,ARI incidence,2026-09-27,1,SK,quantile,0.85,1443.7473757036798
2026-09-30,ARI incidence,2026-09-27,1,SK,quantile,0.9,1492.0858086630085
2026-09-30,ARI incidence,2026-09-27,1,SK,quantile,0.95,1563.7306479900672
2026-09-30,ARI incidence,2026-09-27,1,SK,quantile,0.975,1625.8718614263498
2026-09-30,ARI incidence,2026-09-27,1,SK,quantile,0.99,1698.124451443749
2026-09-30,ARI incidence,2026-10-04,2,SK,median,,1239.3579390571285
2026-09-30,ARI incidence,2026-10-04,2,SK,quantile,0.01,780.5914266705082
2026-09-30,ARI incidence,2026-10-04,2,SK,quantile,0.025,852.8440166879072
2026-09-30,ARI incidence,2026-10-04,2,SK,quantile,0.05,914.9852301241899
2026-09-30,ARI incidence,2026-10-04,2,SK,quantile,0.1,986.6300694512486
2026-09-30,ARI incidence,2026-10-04,2,SK,quantile,0.15,1034.9685024105772
2026-09-30,ARI incidence,2026-10-04,2,SK,quantile,0.2,1073.3863565671434
2026-09-30,ARI incidence,2026-10-04,2,SK,quantile,0.25,1106.3454546428793
2026-09-30,ARI incidence,2026-10-04,2,SK,quantile,0.3,1135.9437433586395
2026-09-30,ARI incidence,2026-10-04,2,SK,quantile,0.35,1163.370968880594
2026-09-30,ARI incidence,2026-10-04,2,SK,quantile,0.4,1189.3967237866973
2026-09-30,ARI incidence,2026-10-04,2,SK,quantile,0.45,1214.5769428519602
2026-09-30,ARI incidence,2026-10-04,2,SK,quantile,0.5,1239.3579390571285
2026-09-30,ARI incidence,2026-10-04,2,SK,quantile,0.55,1264.138935262297
2026-09-30,ARI incidence,2026-10-04,2,SK,quantile,0.6,1289.3191543275598
2026-09-30,ARI incidence,2026-10-04,2,SK,quantile,0.65,1315.344909233663
2026-09-30,ARI incidence,2026-10-04,2,SK,quantile,0.7,1342.7721347556176
2026-09-30,ARI incidence,2026-10-04,2,SK,quantile,0.75,1372.3704234713778
2026-09-30,ARI incidence,2026-10-04,2,SK,quantile,0.8,1405.3295215471137
2026-09-30,ARI incidence,2026-10-04,2,SK,quantile,0.85,1443.7473757036798
2026-09-30,ARI incidence,2026-10-04,2,SK,quantile,0.9,1492.0858086630085
2026-09-30,ARI incidence,2026-10-04,2,SK,quantile,0.95,1563.7306479900672
2026-09-30,ARI incidence,2026-10-04,2,SK,quantile,0.975,1625.8718614263498
2026-09-30,ARI incidence,2026-10-04,2,SK,quantile,0.99,1698.124451443749
2026-09-30,ARI incidence,2026-10-11,3,SK,median,,1239.3579390571285
2026-09-30,ARI incidence,2026-10-11,3,SK,quantile,0.01,780.5914266705082
2026-09-30,ARI incidence,2026-10-11,3,SK,quantile,0.025,852.8440166879072
2026-09-30,ARI incidence,2026-10-11,3,SK,quantile,0.05,914.9852301241899
2026-09-30,ARI incidence,2026-10-11,3,SK,quantile,0.1,986.6300694512486
2026-09-30,ARI incidence,2026-10-11,3,SK,quantile,0.15,1034.9685024105772
2026-09-30,ARI incidence,2026-10-11,3,SK,quantile,0.2,1073.3863565671434
2026-09-30,ARI incidence,2026-10-11,3,SK,quantile,0.25,1106.3454546428793
2026-09-30,ARI incidence,2026-10-11,3,SK,quantile,0.3,1135.9437433586395
2026-09-30,ARI incidence,2026-10-11,3,SK,quantile,0.35,1163.370968880594
2026-09-30,ARI incidence,2026-10-11,3,SK,quantile,0.4,1189.3967237866973
2026-09-30,ARI incidence,2026-10-11,3,SK,quantile,0.45,1214.5769428519602
2026-09-30,ARI incidence,2026-10-11,3,SK,quantile,0.5,1239.3579390571285
2026-09-30,ARI incidence,2026-10-11,3,SK,quantile,0.55,1264.138935262297
2026-09-30,ARI incidence,2026-10-11,3,SK,quantile,0.6,1289.3191543275598
2026-09-30,ARI incidence,2026-10-11,3,SK,quantile,0.65,1315.344909233663
2026-09-30,ARI incidence,2026-10-11,3,SK,quantile,0.7,1342.7721347556176
2026-09-30,ARI incidence,2026-10-11,3,SK,quantile,0.75,1372.3704234713778
2026-09-30,ARI incidence,2026-10-11,3,SK,quantile,0.8,1405.3295215471137
2026-09-30,ARI incidence,2026-10-11,3,SK,quantile,0.85,1443.7473757036798
2026-09-30,ARI incidence,2026-10-11,3,SK,quantile,0.9,1492.0858086630085
2026-09-30,ARI incidence,2026-10-11,3,SK,quantile,0.95,1563.7306479900672
2026-09-30,ARI incidence,2026-10-11,3,SK,quantile,0.975,1625.8718614263498
2026-09-30,ARI incidence,2026-10-11,3,SK,quantile,0.99,1698.124451443749
2026-09-30,ARI incidence,2026-10-18,4,SK,median,,1239.3579390571285
2026-09-30,ARI incidence,2026-10-18,4,SK,quantile,0.01,780.5914266705082
2026-09-30,ARI incidence,2026-10-18,4,SK,quantile,0.025,852.8440166879072
2026-09-30,ARI incidence,2026-10-18,4,SK,quantile,0.05,914.9852301241899
2026-09-30,ARI incidence,2026-10-18,4,SK,quantile,0.1,986.6300694512486
2026-09-30,ARI incidence,2026-10-18,4,SK,quantile,0.15,1034.9685024105772
2026-09-30,ARI incidence,2026-10-18,4,SK,quantile,0.2,1073.3863565671434
2026-09-30,ARI incidence,2026-10-18,4,SK,quantile,0.25,1106.3454546428793
2026-09-30,ARI incidence,2026-10-18,4,SK,quantile,0.3,1135.9437433586395
2026-09-30,ARI incidence,2026-10-18,4,SK,quantile,0.35,1163.370968880594
2026-09-30,ARI incidence,2026-10-18,4,SK,quantile,0.4,1189.3967237866973
2026-09-30,ARI incidence,2026-10-18,4,SK,quantile,0.45,1214.5769428519602
2026-09-30,ARI incidence,2026-10-18,4,SK,quantile,0.5,1239.3579390571285
2026-09-30,ARI incidence,2026-10-18,4,SK,quantile,0.55,1264.138935262297
2026-09-30,ARI incidence,2026-10-18,4,SK,quantile,0.6,1289.3191543275598
2026-09-30,ARI incidence,2026-10-18,4,SK,quantile,0.65,1315.344909233663
2026-09-30,ARI incidence,2026-10-18,4,SK,quantile,0.7,1342.7721347556176
2026-09-30,ARI incidence,2026-10-18,4,SK,quantile,0.75,1372.3704234713778
2026-09-30,ARI incidence,2026-10-18,4,SK,quantile,0.8,1405.3295215471137
2026-09-30,ARI incidence,2026-10-18,4,SK,quantile,0.85,1443.7473757036798
2026-09-30,ARI incidence,2026-10-18,4,SK,quantile,0.9,1492.0858086630085
2026-09-30,ARI incidence,2026-10-18,4,SK,quantile,0.95,1563.7306479900672
2026-09-30,ARI incidence,2026-10-18,4,SK,quantile,0.975,1625.8718614263498
2026-09-30,ARI incidence,2026-10-18,4,SK,quantile,0.99,1698.124451443749
2026-09-30,ILI incidence,2026-09-27,1,BE,median,,68.94244810633333
2026-09-30,ILI incidence,2026-09-27,1,BE,quantile,0.01,0.0
2026-09-30,ILI incidence,2026-09-27,1,BE,quantile,0.025,0.0
2026-09-30,ILI incidence,2026-09-27,1,BE,quantile,0.05,0.0
2026-09-30,ILI incidence,2026-09-27,1,BE,quantile,0.1,0.0
2026-09-30,ILI incidence,2026-09-27,1,BE,quantile,0.15,0.0
2026-09-30,ILI incidence,2026-09-27,1,BE,quantile,0.2,8.145001972876642
2026-09-30,ILI incidence,2026-09-27,1,BE,quantile,0.25,20.21832777844208
2026-09-30,ILI incidence,2026-09-27,1,BE,quantile,0.3,31.060547493660565
2026-09-30,ILI incidence,2026-09-27,1,BE,quantile,0.35,41.107479873556514
2026-09-30,ILI incidence,2026-09-27,1,BE,quantile,0.4,50.64103621041822
2026-09-30,ILI incidence,2026-09-27,1,BE,quantile,0.45,59.86486229728055
2026-09-30,ILI incidence,2026-09-27,1,BE,quantile,0.5,68.94244810633333
2026-09-30,ILI incidence,2026-09-27,1,BE,quantile,0.55,78.02003391538612
2026-09-30,ILI incidence,2026-09-27,1,BE,quantile,0.6,87.24386000224844
2026-09-30,ILI incidence,2026-09-27,1,BE,quantile,0.65,96.77741633911015
2026-09-30,ILI incidence,2026-09-27,1,BE,quantile,0.7,106.82434871900608
2026-09-30,ILI incidence,2026-09-27,1,BE,quantile,0.75,117.66656843422459
2026-09-30,ILI incidence,2026-09-27,1,BE,quantile,0.8,129.73989423979003
2026-09-30,ILI incidence,2026-09-27,1,BE,quantile,0.85,143.8128300014754
2026-09-30,ILI incidence,2026-09-27,1,BE,quantile,0.9,161.5197966395613
2026-09-30,ILI incidence,2026-09-27,1,BE,quantile,0.95,187.76418856725672
2026-09-30,ILI incidence,2026-09-27,1,BE,quantile,0.975,210.52728463394635
2026-09-30,ILI incidence,2026-09-27,1,BE,quantile,0.99,236.99430316617378
2026-09-30,ILI incidence,2026-10-04,2,BE,median,,68.94244810633333
2026-09-30,ILI incidence,2026-10-04,2,BE,quantile,0.01,0.0
2026-09-30,ILI incidence,2026-10-04,2,BE,quantile,0.025,0.0
2026-09-30,ILI incidence,2026-10-04,2,BE,quantile,0.05,0.0
2026-09-30,ILI incidence,2026-10-04,2,BE,quantile,0.1,0.0
2026-09-30,ILI incidence,2026-10-04,2,BE,quantile,0.15,0.0
2026-09-30,ILI incidence,2026-10-04,2,BE,quantile,0.2,8.145001972876642
2026-09-30,ILI incidence,2026-10-04,2,BE,quantile,0.25,20.21832777844208
2026-09-30,ILI incidence,2026-10-04,2,BE,quantile,0.3,31.060547493660565
2026-09-30,ILI incidence,2026-10-04,2,BE,quantile,0.35,41.107479873556514
2026-09-30,ILI incidence,2026-10-04,2,BE,quantile,0.4,50.64103621041822
2026-09-30,ILI incidence,2026-10-04,2,BE,quantile,0.45,59.86486229728055
2026-09-30,ILI incidence,2026-10-04,2,BE,quantile,0.5,68.94244810633333
2026-09-30,ILI incidence,2026-10-04,2,BE,quantile,0.55,78.02003391538612
2026-09-30,ILI incidence,2026-10-04,2,BE,quantile,0.6,87.24386000224844
2026-09-30,ILI incidence,2026-10-04,2,BE,quantile,0.65,96.77741633911015
2026-09-30,ILI incidence,2026-10-04,2,BE,quantile,0.7,106.82434871900608
2026-09-30,ILI incidence,2026-10-04,2,BE,quantile,0.75,117.66656843422459
2026-09-30,ILI incidence,2026-10-04,2,BE,quantile,0.8,129.73989423979003
2026-09-30,ILI incidence,2026-10-04,2,BE,quantile,0.85,143.8128300014754
2026-09-30,ILI incidence,2026-10-04,2,BE,quantile,0.9,161.5197966395613
2026-09-30,ILI incidence,2026-10-04,2,BE,quantile,0.95,187.76418856725672
2026-09-30,ILI incidence,2026-10-04,2,BE,quantile,0.975,210.52728463394635
2026-09-30,ILI incidence,2026-10-04,2,BE,quantile,0.99,236.99430316617378
2026-09-30,ILI incidence,2026-10-11,3,BE,median,,68.94244810633333
2026-09-30,ILI incidence,2026-10-11,3,BE,quantile,0.01,0.0
2026-09-30,ILI incidence,2026-10-11,3,BE,quantile,0.025,0.0
2026-09-30,ILI incidence,2026-10-11,3,BE,quantile,0.05,0.0
2026-09-30,ILI incidence,2026-10-11,3,BE,quantile,0.1,0.0
2026-09-30,ILI incidence,2026-10-11,3,BE,quantile,0.15,0.0
2026-09-30,ILI incidence,2026-10-11,3,BE,quantile,0.2,8.145001972876642
2026-09-30,ILI incidence,2026-10-11,3,BE,quantile,0.25,20.21832777844208
2026-09-30,ILI incidence,2026-10-11,3,BE,quantile,0.3,31.060547493660565
2026-09-30,ILI incidence,2026-10-11,3,BE,quantile,0.35,41.107479873556514
2026-09-30,ILI incidence,2026-10-11,3,BE,quantile,0.4,50.64103621041822
2026-09-30,ILI incidence,2026-10-11,3,BE,quantile,0.45,59.86486229728055
2026-09-30,ILI incidence,2026-10-11,3,BE,quantile,0.5,68.94244810633333
2026-09-30,ILI incidence,2026-10-11,3,BE,quantile,0.55,78.02003391538612
2026-09-30,ILI incidence,2026-10-11,3,BE,quantile,0.6,87.24386000224844
2026-09-30,ILI incidence,2026-10-11,3,BE,quantile,0.65,96.77741633911015
2026-09-30,ILI incidence,2026-10-11,3,BE,quantile,0.7,106.82434871900608
2026-09-30,ILI incidence,2026-10-11,3,BE,quantile,0.75,117.66656843422459
2026-09-30,ILI incidence,2026-10-11,3,BE,quantile,0.8,129.73989423979003
2026-09-30,ILI incidence,2026-10-11,3,BE,quantile,0.85,143.8128300014754
2026-09-30,ILI incidence,2026-10-11,3,BE,quantile,0.9,161.5197966395613
2026-09-30,ILI incidence,2026-10-11,3,BE,quantile,0.95,187.76418856725672
2026-09-30,ILI incidence,2026-10-11,3,BE,quantile,0.975,210.52728463394635
2026-09-30,ILI incidence,2026-10-11,3,BE,quantile,0.99,236.99430316617378
2026-09-30,ILI incidence,2026-10-18,4,BE,median,,68.94244810633333
2026-09-30,ILI incidence,2026-10-18,4,BE,quantile,0.01,0.0
2026-09-30,ILI incidence,2026-10-18,4,BE,quantile,0.025,0.0
2026-09-30,ILI incidence,2026-10-18,4,BE,quantile,0.05,0.0
2026-09-30,ILI incidence,2026-10-18,4,BE,quantile,0.1,0.0
2026-09-30,ILI incidence,2026-10-18,4,BE,quantile,0.15,0.0
2026-09-30,ILI incidence,2026-10-18,4,BE,quantile,0.2,8.145001972876642
2026-09-30,ILI incidence,2026-10-18,4,BE,quantile,0.25,20.21832777844208
2026-09-30,ILI incidence,2026-10-18,4,BE,quantile,0.3,31.060547493660565
2026-09-30,ILI incidence,2026-10-18,4,BE,quantile,0.35,41.107479873556514
2026-09-30,ILI incidence,2026-10-18,4,BE,quantile,0.4,50.64103621041822
2026-09-30,ILI incidence,2026-10-18,4,BE,quantile,0.45,59.86486229728055
2026-09-30,ILI incidence,2026-10-18,4,BE,quantile,0.5,68.94244810633333
2026-09-30,ILI incidence,2026-10-18,4,BE,quantile,0.55,78.02003391538612
2026-09-30,ILI incidence,2026-10-18,4,BE,quantile,0.6,87.24386000224844
2026-09-30,ILI incidence,2026-10-18,4,BE,quantile,0.65,96.77741633911015
2026-09-30,ILI incidence,2026-10-18,4,BE,quantile,0.7,106.82434871900608
2026-09-30,ILI incidence,2026-10-18,4,BE,quantile,0.75,117.66656843422459
2026-09-30,ILI incidence,2026-10-18,4,BE,quantile,0.8,129.73989423979003
2026-09-30,ILI incidence,2026-10-18,4,BE,quantile,0.85,143.8128300014754
2026-09-30,ILI incidence,2026-10-18,4,BE,quantile,0.9,161.5197966395613
2026-09-30,ILI incidence,2026-10-18,4,BE,quantile,0.95,187.76418856725672
2026-09-30,ILI incidence,2026-10-18,4,BE,quantile,0.975,210.52728463394635
2026-09-30,ILI incidence,2026-10-18,4,BE,quantile,0.99,236.99430316617378
2026-09-30,ILI incidence,2026-09-27,1,DK,median,,85.65801226585215
2026-09-30,ILI incidence,2026-09-27,1,DK,quantile,0.01,27.139477168338942
2026-09-30,ILI incidence,2026-09-27,1,DK,quantile,0.025,36.355746470175426
2026-09-30,ILI incidence,2026-09-27,1,DK,quantile,0.05,44.282246511679375
2026-09-30,ILI incidence,2026-09-27,1,DK,quantile,0.1,53.420993415644666
2026-09-30,ILI incidence,2026-09-27,1,DK,quantile,0.15,59.586862565451774
2026-09-30,ILI incidence,2026-09-27,1,DK,quantile,0.2,64.48729990368876
2026-09-30,ILI incidence,2026-09-27,1,DK,quantile,0.25,68.69143879668174
2026-09-30,ILI incidence,2026-09-27,1,DK,quantile,0.3,72.46688545696429
2026-09-30,ILI incidence,2026-09-27,1,DK,quantile,0.35,75.96539944174553
2026-09-30,ILI incidence,2026-09-27,1,DK,quantile,0.4,79.28514709287445
2026-09-30,ILI incidence,2026-09-27,1,DK,quantile,0.45,82.49704136446823
2026-09-30,ILI incidence,2026-09-27,1,DK,quantile,0.5,85.65801226585215
2026-09-30,ILI incidence,2026-09-27,1,DK,quantile,0.55,88.81898316723607
2026-09-30,ILI incidence,2026-09-27,1,DK,quantile,0.6,92.03087743882985
2026-09-30,ILI incidence,2026-09-27,1,DK,quantile,0.65,95.35062508995877
2026-09-30,ILI incidence,2026-09-27,1,DK,quantile,0.7,98.84913907474001
2026-09-30,ILI incidence,2026-09-27,1,DK,quantile,0.75,102.62458573502256
2026-09-30,ILI incidence,2026-09-27,1,DK,quantile,0.8,106.82872462801554
2026-09-30,ILI incidence,2026-09-27,1,DK,quantile,0.85,111.72916196625252
2026-09-30,ILI incidence,2026-09-27,1,DK,quantile,0.9,117.89503111605964
2026-09-30,ILI incidence,2026-09-27,1,DK,quantile,0.95,127.03377802002491
2026-09-30,ILI incidence,2026-09-27,1,DK,quantile,0.975,134.96027806152887
2026-09-30,ILI incidence,2026-09-27,1,DK,quantile,0.99,144.17654736336536
2026-09-30,ILI incidence,2026-10-04,2,DK,median,,85.65801226585215
2026-09-30,ILI incidence,2026-10-04,2,DK,quantile,0.01,27.139477168338942
2026-09-30,ILI incidence,2026-10-04,2,DK,quantile,0.025,36.355746470175426
2026-09-30,ILI incidence,2026-10-04,2,DK,quantile,0.05,44.282246511679375
2026-09-30,ILI incidence,2026-10-04,2,DK,quantile,0.1,53.420993415644666
2026-09-30,ILI incidence,2026-10-04,2,DK,quantile,0.15,59.586862565451774
2026-09-30,ILI incidence,2026-10-04,2,DK,quantile,0.2,64.48729990368876
2026-09-30,ILI incidence,2026-10-04,2,DK,quantile,0.25,68.69143879668174
2026-09-30,ILI incidence,2026-10-04,2,DK,quantile,0.3,72.46688545696429
2026-09-30,ILI incidence,2026-10-04,2,DK,quantile,0.35,75.96539944174553
2026-09-30,ILI incidence,2026-10-04,2,DK,quantile,0.4,79.28514709287445
2026-09-30,ILI incidence,2026-10-04,2,DK,quantile,0.45,82.49704136446823
2026-09-30,ILI incidence,2026-10-04,2,DK,quantile,0.5,85.65801226585215
2026-09-30,ILI incidence,2026-10-04,2,DK,quantile,0.55,88.81898316723607
2026-09-30,ILI incidence,2026-10-04,2,DK,quantile,0.6,92.03087743882985
2026-09-30,ILI incidence,2026-10-04,2,DK,quantile,0.65,95.35062508995877
2026-09-30,ILI incidence,2026-10-04,2,DK,quantile,0.7,98.84913907474001
2026-09-30,ILI incidence,2026-10-04,2,DK,quantile,0.75,102.62458573502256
2026-09-30,ILI incidence,2026-10-04,2,DK,quantile,0.8,106.82872462801554
2026-09-30,ILI incidence,2026-10-04,2,DK,quantile,0.85,111.72916196625252
2026-09-30,ILI incidence,2026-10-04,2,DK,quantile,0.9,117.89503111605964
2026-09-30,ILI incidence,2026-10-04,2,DK,quantile,0.95,127.03377802002491
2026-09-30,ILI incidence,2026-10-04,2,DK,quantile,0.975,134.96027806152887
2026-09-30,ILI incidence,2026-10-04,2,DK,quantile,0.99,144.17654736336536
2026-09-30,ILI incidence,2026-10-11,3,DK,median,,85.65801226585215
2026-09-30,ILI incidence,2026-10-11,3,DK,quantile,0.01,27.139477168338942
2026-09-30,ILI incidence,2026-10-11,3,DK,quantile,0.025,36.355746470175426
2026-09-30,ILI incidence,2026-10-11,3,DK,quantile,0.05,44.282246511679375
2026-09-30,ILI incidence,2026-10-11,3,DK,quantile,0.1,53.420993415644666
2026-09-30,ILI incidence,2026-10-11,3,DK,quantile,0.15,59.586862565451774
2026-09-30,ILI incidence,2026-10-11,3,DK,quantile,0.2,64.48729990368876
2026-09-30,ILI incidence,2026-10-11,3,DK,quantile,0.25,68.69143879668174
2026-09-30,ILI incidence,2026-10-11,3,DK,quantile,0.3,72.46688545696429
2026-09-30,ILI incidence,2026-10-11,3,DK,quantile,0.35,75.96539944174553
2026-09-30,ILI incidence,2026-10-11,3,DK,quantile,0.4,79.28514709287445
2026-09-30,ILI incidence,2026-10-11,3,DK,quantile,0.45,82.49704136446823
2026-09-30,ILI incidence,2026-10-11,3,DK,quantile,0.5,85.65801226585215
2026-09-30,ILI incidence,2026-10-11,3,DK,quantile,0.55,88.81898316723607
2026-09-30,ILI incidence,2026-10-11,3,DK,quantile,0.6,92.03087743882985
2026-09-30,ILI incidence,2026-10-11,3,DK,quantile,0.65,95.35062508995877
2026-09-30,ILI incidence,2026-10-11,3,DK,quantile,0.7,98.84913907474001
2026-09-30,ILI incidence,2026-10-11,3,DK,quantile,0.75,102.62458573502256
2026-09-30,ILI incidence,2026-10-11,3,DK,quantile,0.8,106.82872462801554
2026-09-30,ILI incidence,2026-10-11,3,DK,quantile,0.85,111.72916196625252
2026-09-30,ILI incidence,2026-10-11,3,DK,quantile,0.9,117.89503111605964
2026-09-30,ILI incidence,2026-10-11,3,DK,quantile,0.95,127.03377802002491
2026-09-30,ILI incidence,2026-10-11,3,DK,quantile,0.975,134.96027806152887
2026-09-30,ILI incidence,2026-10-11,3,DK,quantile,0.99,144.17654736336536
2026-09-30,ILI incidence,2026-10-18,4,DK,median,,85.65801226585215
2026-09-30,ILI incidence,2026-10-18,4,DK,quantile,0.01,27.139477168338942
2026-09-30,ILI incidence,2026-10-18,4,DK,quantile,0.025,36.355746470175426
2026-09-30,ILI incidence,2026-10-18,4,DK,quantile,0.05,44.282246511679375
2026-09-30,ILI incidence,2026-10-18,4,DK,quantile,0.1,53.420993415644666
2026-09-30,ILI incidence,2026-10-18,4,DK,quantile,0.15,59.586862565451774
2026-09-30,ILI incidence,2026-10-18,4,DK,quantile,0.2,64.48729990368876
2026-09-30,ILI incidence,2026-10-18,4,DK,quantile,0.25,68.69143879668174
2026-09-30,ILI incidence,2026-10-18,4,DK,quantile,0.3,72.46688545696429
2026-09-30,ILI incidence,2026-10-18,4,DK,quantile,0.35,75.96539944174553
2026-09-30,ILI incidence,2026-10-18,4,DK,quantile,0.4,79.28514709287445
2026-09-30,ILI incidence,2026-10-18,4,DK,quantile,0.45,82.49704136446823
2026-09-30,ILI incidence,2026-10-18,4,DK,quantile,0.5,85.65801226585215
2026-09-30,ILI incidence,2026-10-18,4,DK,quantile,0.55,88.81898316723607
2026-09-30,ILI incidence,2026-10-18,4,DK,quantile,0.6,92.03087743882985
2026-09-30,ILI incidence,2026-10-18,4,DK,quantile,0.65,95.35062508995877
2026-09-30,ILI incidence,2026-10-18,4,DK,quantile,0.7,98.84913907474001
2026-09-30,ILI incidence,2026-10-18,4,DK,quantile,0.75,102.62458573502256
2026-09-30,ILI incidence,2026-10-18,4,DK,quantile,0.8,106.82872462801554
2026-09-30,ILI incidence,2026-10-18,4,DK,quantile,0.85,111.72916196625252
2026-09-30,ILI incidence,2026-10-18,4,DK,quantile,0.9,117.89503111605964
2026-09-30,ILI incidence,2026-10-18,4,DK,quantile,0.95,127.03377802002491
2026-09-30,ILI incidence,2026-10-18,4,DK,quantile,0.975,134.96027806152887
2026-09-30,ILI incidence,2026-10-18,4,DK,quantile,0.99,144.17654736336536
2026-09-30,ILI incidence,2026-09-27,1,EE,median,,90.04923265264293
2026-09-30,ILI incidence,2026-09-27,1,EE,quantile,0.01,0.0
2026-09-30,ILI incidence,2026-09-27,1,EE,quantile,0.025,0.0
2026-09-30,ILI incidence,2026-09-27,1,EE,quantile,0.05,2.168379472332475
2026-09-30,ILI incidence,2026-09-27,1,EE,quantile,0.1,21.57879666414952
2026-09-30,ILI incidence,2026-09-27,1,EE,quantile,0.15,34.67491299230612
2026-09-30,ILI incidence,2026-09-27,1,EE,quantile,0.2,45.08329109458896
2026-09-30,ILI incidence,2026-09-27,1,EE,quantile,0.25,54.01275272678818
2026-09-30,ILI incidence,2026-09-27,1,EE,quantile,0.3,62.03168524911675
2026-09-30,ILI incidence,2026-09-27,1,EE,quantile,0.35,69.46242129089784
2026-09-30,ILI incidence,2026-09-27,1,EE,quantile,0.4,76.51346314128625
2026-09-30,ILI incidence,2026-09-27,1,EE,quantile,0.45,83.33542773257959
2026-09-30,ILI incidence,2026-09-27,1,EE,quantile,0.5,90.04923265264293
2026-09-30,ILI incidence,2026-09-27,1,EE,quantile,0.55,96.76303757270628
2026-09-30,ILI incidence,2026-09-27,1,EE,quantile,0.6,103.5850021639996
2026-09-30,ILI incidence,2026-09-27,1,EE,quantile,0.65,110.63604401438802
2026-09-30,ILI incidence,2026-09-27,1,EE,quantile,0.7,118.06678005616911
2026-09-30,ILI incidence,2026-09-27,1,EE,quantile,0.75,126.08571257849768
2026-09-30,ILI incidence,2026-09-27,1,EE,quantile,0.8,135.0151742106969
2026-09-30,ILI incidence,2026-09-27,1,EE,quantile,0.85,145.42355231297972
2026-09-30,ILI incidence,2026-09-27,1,EE,quantile,0.9,158.51966864113632
2026-09-30,ILI incidence,2026-09-27,1,EE,quantile,0.95,177.93008583295335
2026-09-30,ILI incidence,2026-09-27,1,EE,quantile,0.975,194.765727994111
2026-09-30,ILI incidence,2026-09-27,1,EE,quantile,0.99,214.34080037336267
2026-09-30,ILI incidence,2026-10-04,2,EE,median,,86.9024264716581
2026-09-30,ILI incidence,2026-10-04,2,EE,quantile,0.01,0.0
2026-09-30,ILI incidence,2026-10-04,2,EE,quantile,0.025,0.0
2026-09-30,ILI incidence,2026-10-04,2,EE,quantile,0.05,0.0
2026-09-30,ILI incidence,2026-10-04,2,EE,quantile,0.1,16.797437210388466
2026-09-30,ILI incidence,2026-10-04,2,EE,quantile,0.15,30.206189196487173
2026-09-30,ILI incidence,2026-10-04,2,EE,quantile,0.2,40.86304020895037
2026-09-30,ILI incidence,2026-10-04,2,EE,quantile,0.25,50.00566947363691
2026-09-30,ILI incidence,2026-10-04,2,EE,quantile,0.3,58.216033118161725
2026-09-30,ILI incidence,2026-10-04,2,EE,quantile,0.35,65.82415862359792
2026-09-30,ILI incidence,2026-10-04,2,EE,quantile,0.4,73.04352572804156
2026-09-30,ILI incidence,2026-10-04,2,EE,quantile,0.45,80.0283469506456
2026-09-30,ILI incidence,2026-10-04,2,EE,quantile,0.5,86.9024264716581
2026-09-30,ILI incidence,2026-10-04,2,EE,quantile,0.55,93.77650599267061
2026-09-30,ILI incidence,2026-10-04,2,EE,quantile,0.6,100.76132721527465
2026-09-30,ILI incidence,2026-10-04,2,EE,quantile,0.65,107.98069431971828
2026-09-30,ILI incidence,2026-10-04,2,EE,quantile,0.7,115.58881982515447
2026-09-30,ILI incidence,2026-10-04,2,EE,quantile,0.75,123.79918346967929
2026-09-30,ILI incidence,2026-10-04,2,EE,quantile,0.8,132.94181273436584
2026-09-30,ILI incidence,2026-10-04,2,EE,quantile,0.85,143.59866374682903
2026-09-30,ILI incidence,2026-10-04,2,EE,quantile,0.9,157.00741573292774
2026-09-30,ILI incidence,2026-10-04,2,EE,quantile,0.95,176.88120606511978
2026-09-30,ILI incidence,2026-10-04,2,EE,quantile,0.975,194.11875532087276
2026-09-30,ILI incidence,2026-10-04,2,EE,quantile,0.99,214.1611315541223
2026-09-30,ILI incidence,2026-10-11,3,EE,median,,86.1972023284521
2026-09-30,ILI incidence,2026-10-11,3,EE,quantile,0.01,0.0
2026-09-30,ILI incidence,2026-10-11,3,EE,quantile,0.025,0.0
2026-09-30,ILI incidence,2026-10-11,3,EE,quantile,0.05,0.0
2026-09-30,ILI incidence,2026-10-11,3,EE,quantile,0.1,10.935673251132215
2026-09-30,ILI incidence,2026-10-11,3,EE,quantile,0.15,25.330699741063697
2026-09-30,ILI incidence,2026-10-11,3,EE,quantile,0.2,36.77141046363516
2026-09-30,ILI incidence,2026-10-11,3,EE,quantile,0.25,46.58652156340255
2026-09-30,ILI incidence,2026-10-11,3,EE,quantile,0.3,55.40079467975484
2026-09-30,ILI incidence,2026-10-11,3,EE,quantile,0.35,63.56853231134198
2026-09-30,ILI incidence,2026-10-11,3,EE,quantile,0.4,71.31891659891375
2026-09-30,ILI incidence,2026-10-11,3,EE,quantile,0.45,78.81750309160606
2026-09-30,ILI incidence,2026-10-11,3,EE,quantile,0.5,86.1972023284521
2026-09-30,ILI incidence,2026-10-11,3,EE,quantile,0.55,93.57690156529814
2026-09-30,ILI incidence,2026-10-11,3,EE,quantile,0.6,101.07548805799044
2026-09-30,ILI incidence,2026-10-11,3,EE,quantile,0.65,108.8258723455622
2026-09-30,ILI incidence,2026-10-11,3,EE,quantile,0.7,116.99360997714933
2026-09-30,ILI incidence,2026-10-11,3,EE,quantile,0.75,125.80788309350163
2026-09-30,ILI incidence,2026-10-11,3,EE,quantile,0.8,135.62299419326902
2026-09-30,ILI incidence,2026-10-11,3,EE,quantile,0.85,147.0637049158405
2026-09-30,ILI incidence,2026-10-11,3,EE,quantile,0.9,161.45873140577197
2026-09-30,ILI incidence,2026-10-11,3,EE,quantile,0.95,182.79432912462318
2026-09-30,ILI incidence,2026-10-11,3,EE,quantile,0.975,201.29977828315128
2026-09-30,ILI incidence,2026-10-11,3,EE,quantile,0.99,222.81636216045086
2026-09-30,ILI incidence,2026-10-18,4,EE,median,,87.97387864986865
2026-09-30,ILI incidence,2026-10-18,4,EE,quantile,0.01,0.0
2026-09-30,ILI incidence,2026-10-18,4,EE,quantile,0.025,0.0
2026-09-30,ILI incidence,2026-10-18,4,EE,quantile,0.05,0.0
2026-09-30,ILI incidence,2026-10-18,4,EE,quantile,0.1,5.058108772127056
2026-09-30,ILI incidence,2026-10-18,4,EE,quantile,0.15,20.917136863317396
2026-09-30,ILI incidence,2026-10-18,4,EE,quantile,0.2,33.521389648774175
2026-09-30,ILI incidence,2026-10-18,4,EE,quantile,0.25,44.334716234747404
2026-09-30,ILI incidence,2026-10-18,4,EE,quantile,0.3,54.0454177088591
2026-09-30,ILI incidence,2026-10-18,4,EE,quantile,0.35,63.04382980844179
2026-09-30,ILI incidence,2026-10-18,4,EE,quantile,0.4,71.582442934308
2026-09-30,ILI incidence,2026-10-18,4,EE,quantile,0.45,79.8436499501482
2026-09-30,ILI incidence,2026-10-18,4,EE,quantile,0.5,87.97387864986865
2026-09-30,ILI incidence,2026-10-18,4,EE,quantile,0.55,96.10410734958911
2026-09-30,ILI incidence,2026-10-18,4,EE,quantile,0.6,104.3653143654293
2026-09-30,ILI incidence,2026-10-18,4,EE,quantile,0.65,112.90392749129552
2026-09-30,ILI incidence,2026-10-18,4,EE,quantile,0.7,121.9023395908782
2026-09-30,ILI incidence,2026-10-18,4,EE,quantile,0.75,131.6130410649899
2026-09-30,ILI incidence,2026-10-18,4,EE,quantile,0.8,142.42636765096313
2026-09-30,ILI incidence,2026-10-18,4,EE,quantile,0.85,155.0306204364199
2026-09-30,ILI incidence,2026-10-18,4,EE,quantile,0.9,170.88964852761023
2026-09-30,ILI incidence,2026-10-18,4,EE,quantile,0.95,194.3951171561162
2026-09-30,ILI incidence,2026-10-18,4,EE,quantile,0.975,214.7826057272879
2026-09-30,ILI incidence,2026-10-18,4,EE,quantile,0.99,238.48746715114285
2026-09-30,ILI incidence,2026-09-27,1,ES,median,,10.99604712807468
2026-09-30,ILI incidence,2026-09-27,1,ES,quantile,0.01,4.560352675657681
2026-09-30,ILI incidence,2026-09-27,1,ES,quantile,0.025,5.573930563740028
2026-09-30,ILI incidence,2026-09-27,1,ES,quantile,0.05,6.445663464421575
2026-09-30,ILI incidence,2026-09-27,1,ES,quantile,0.1,7.450715669742275
2026-09-30,ILI incidence,2026-09-27,1,ES,quantile,0.15,8.1288196211761
2026-09-30,ILI incidence,2026-09-27,1,ES,quantile,0.2,8.667755145442996
2026-09-30,ILI incidence,2026-09-27,1,ES,quantile,0.25,9.130113837534985
2026-09-30,ILI incidence,2026-09-27,1,ES,quantile,0.3,9.545326232829707
2026-09-30,ILI incidence,2026-09-27,1,ES,quantile,0.35,9.93008239608706
2026-09-30,ILI incidence,2026-09-27,1,ES,quantile,0.4,10.29517836963105
2026-09-30,ILI incidence,2026-09-27,1,ES,quantile,0.45,10.648412949256139
2026-09-30,ILI incidence,2026-09-27,1,ES,quantile,0.5,10.99604712807468
2026-09-30,ILI incidence,2026-09-27,1,ES,quantile,0.55,11.343681306893222
2026-09-30,ILI incidence,2026-09-27,1,ES,quantile,0.6,11.696915886518312
2026-09-30,ILI incidence,2026-09-27,1,ES,quantile,0.65,12.0620118600623
2026-09-30,ILI incidence,2026-09-27,1,ES,quantile,0.7,12.446768023319652
2026-09-30,ILI incidence,2026-09-27,1,ES,quantile,0.75,12.861980418614376
2026-09-30,ILI incidence,2026-09-27,1,ES,quantile,0.8,13.324339110706367
2026-09-30,ILI incidence,2026-09-27,1,ES,quantile,0.85,13.86327463497326
2026-09-30,ILI incidence,2026-09-27,1,ES,quantile,0.9,14.541378586407086
2026-09-30,ILI incidence,2026-09-27,1,ES,quantile,0.95,15.546430791727785
2026-09-30,ILI incidence,2026-09-27,1,ES,quantile,0.975,16.418163692409333
2026-09-30,ILI incidence,2026-09-27,1,ES,quantile,0.99,17.431741580491682
2026-09-30,ILI incidence,2026-10-04,2,ES,median,,10.99604712807468
2026-09-30,ILI incidence,2026-10-04,2,ES,quantile,0.01,4.560352675657681
2026-09-30,ILI incidence,2026-10-04,2,ES,quantile,0.025,5.573930563740028
2026-09-30,ILI incidence,2026-10-04,2,ES,quantile,0.05,6.445663464421575
2026-09-30,ILI incidence,2026-10-04,2,ES,quantile,0.1,7.450715669742275
2026-09-30,ILI incidence,2026-10-04,2,ES,quantile,0.15,8.1288196211761
2026-09-30,ILI incidence,2026-10-04,2,ES,quantile,0.2,8.667755145442996
2026-09-30,ILI incidence,2026-10-04,2,ES,quantile,0.25,9.130113837534985
2026-09-30,ILI incidence,2026-10-04,2,ES,quantile,0.3,9.545326232829707
2026-09-30,ILI incidence,2026-10-04,2,ES,quantile,0.35,9.93008239608706
2026-09-30,ILI incidence,2026-10-04,2,ES,quantile,0.4,10.29517836963105
2026-09-30,ILI incidence,2026-10-04,2,ES,quantile,0.45,10.648412949256139
2026-09-30,ILI incidence,2026-10-04,2,ES,quantile,0.5,10.99604712807468
2026-09-30,ILI incidence,2026-10-04,2,ES,quantile,0.55,11.343681306893222
2026-09-30,ILI incidence,2026-10-04,2,ES,quantile,0.6,11.696915886518312
2026-09-30,ILI incidence,2026-10-04,2,ES,quantile,0.65,12.0620118600623
2026-09-30,ILI incidence,2026-10-04,2,ES,quantile,0.7,12.446768023319652
2026-09-30,ILI incidence,2026-10-04,2,ES,quantile,0.75,12.861980418614376
2026-09-30,ILI incidence,2026-10-04,2,ES,quantile,0.8,13.324339110706367
2026-09-30,ILI incidence,2026-10-04,2,ES,quantile,0.85,13.86327463497326
2026-09-30,ILI incidence,2026-10-04,2,ES,quantile,0.9,14.541378586407086
2026-09-30,ILI incidence,2026-10-04,2,ES,quantile,0.95,15.546430791727785
2026-09-30,ILI incidence,2026-10-04,2,ES,quantile,0.975,16.418163692409333
2026-09-30,ILI incidence,2026-10-04,2,ES,quantile,0.99,17.431741580491682
2026-09-30,ILI incidence,2026-10-11,3,ES,median,,10.99604712807468
2026-09-30,ILI incidence,2026-10-11,3,ES,quantile,0.01,4.560352675657681
2026-09-30,ILI incidence,2026-10-11,3,ES,quantile,0.025,5.573930563740028
2026-09-30,ILI incidence,2026-10-11,3,ES,quantile,0.05,6.445663464421575
2026-09-30,ILI incidence,2026-10-11,3,ES,quantile,0.1,7.450715669742275
2026-09-30,ILI incidence,2026-10-11,3,ES,quantile,0.15,8.1288196211761
2026-09-30,ILI incidence,2026-10-11,3,ES,quantile,0.2,8.667755145442996
2026-09-30,ILI incidence,2026-10-11,3,ES,quantile,0.25,9.130113837534985
2026-09-30,ILI incidence,2026-10-11,3,ES,quantile,0.3,9.545326232829707
2026-09-30,ILI incidence,2026-10-11,3,ES,quantile,0.35,9.93008239608706
2026-09-30,ILI incidence,2026-10-11,3,ES,quantile,0.4,10.29517836963105
2026-09-30,ILI incidence,2026-10-11,3,ES,quantile,0.45,10.648412949256139
2026-09-30,ILI incidence,2026-10-11,3,ES,quantile,0.5,10.99604712807468
2026-09-30,ILI incidence,2026-10-11,3,ES,quantile,0.55,11.343681306893222
2026-09-30,ILI incidence,2026-10-11,3,ES,quantile,0.6,11.696915886518312
2026-09-30,ILI incidence,2026-10-11,3,ES,quantile,0.65,12.0620118600623
2026-09-30,ILI incidence,2026-10-11,3,ES,quantile,0.7,12.446768023319652
2026-09-30,ILI incidence,2026-10-11,3,ES,quantile,0.75,12.861980418614376
2026-09-30,ILI incidence,2026-10-11,3,ES,quantile,0.8,13.324339110706367
2026-09-30,ILI incidence,2026-10-11,3,ES,quantile,0.85,13.86327463497326
2026-09-30,ILI incidence,2026-10-11,3,ES,quantile,0.9,14.541378586407086
2026-09-30,ILI incidence,2026-10-11,3,ES,quantile,0.95,15.546430791727785
2026-09-30,ILI incidence,2026-10-11,3,ES,quantile,0.975,16.418163692409333
2026-09-30,ILI incidence,2026-10-11,3,ES,quantile,0.99,17.431741580491682
2026-09-30,ILI incidence,2026-10-18,4,ES,median,,10.99604712807468
2026-09-30,ILI incidence,2026-10-18,4,ES,quantile,0.01,4.560352675657681
2026-09-30,ILI incidence,2026-10-18,4,ES,quantile,0.025,5.573930563740028
2026-09-30,ILI incidence,2026-10-18,4,ES,quantile,0.05,6.445663464421575
2026-09-30,ILI incidence,2026-10-18,4,ES,quantile,0.1,7.450715669742275
2026-09-30,ILI incidence,2026-10-18,4,ES,quantile,0.15,8.1288196211761
2026-09-30,ILI incidence,2026-10-18,4,ES,quantile,0.2,8.667755145442996
2026-09-30,ILI incidence,2026-10-18,4,ES,quantile,0.25,9.130113837534985
2026-09-30,ILI incidence,2026-10-18,4,ES,quantile,0.3,9.545326232829707
2026-09-30,ILI incidence,2026-10-18,4,ES,quantile,0.35,9.93008239608706
2026-09-30,ILI incidence,2026-10-18,4,ES,quantile,0.4,10.29517836963105
2026-09-30,ILI incidence,2026-10-18,4,ES,quantile,0.45,10.648412949256139
2026-09-30,ILI incidence,2026-10-18,4,ES,quantile,0.5,10.99604712807468
2026-09-30,ILI incidence,2026-10-18,4,ES,quantile,0.55,11.343681306893222
2026-09-30,ILI incidence,2026-10-18,4,ES,quantile,0.6,11.696915886518312
2026-09-30,ILI incidence,2026-10-18,4,ES,quantile,0.65,12.0620118600623
2026-09-30,ILI incidence,2026-10-18,4,ES,quantile,0.7,12.446768023319652
2026-09-30,ILI incidence,2026-10-18,4,ES,quantile,0.75,12.861980418614376
2026-09-30,ILI incidence,2026-10-18,4,ES,quantile,0.8,13.324339110706367
2026-09-30,ILI incidence,2026-10-18,4,ES,quantile,0.85,13.86327463497326
2026-09-30,ILI incidence,2026-10-18,4,ES,quantile,0.9,14.541378586407086
2026-09-30,ILI incidence,2026-10-18,4,ES,quantile,0.95,15.546430791727785
2026-09-30,ILI incidence,2026-10-18,4,ES,quantile,0.975,16.418163692409333
2026-09-30,ILI incidence,2026-10-18,4,ES,quantile,0.99,17.431741580491682
2026-09-30,ILI incidence,2026-09-27,1,GR,median,,274.18772210738837
2026-09-30,ILI incidence,2026-09-27,1,GR,quantile,0.01,0.0
2026-09-30,ILI incidence,2026-09-27,1,GR,quantile,0.025,0.5039523696223682
2026-09-30,ILI incidence,2026-09-27,1,GR,quantile,0.05,44.505062200472935
2026-09-30,ILI incidence,2026-09-27,1,GR,quantile,0.1,95.23552383325006
2026-09-30,ILI incidence,2026-09-27,1,GR,quantile,0.15,129.46312545347783
2026-09-30,ILI incidence,2026-09-27,1,GR,quantile,0.2,156.66613818418298
2026-09-30,ILI incidence,2026-09-27,1,GR,quantile,0.25,180.00390090494562
2026-09-30,ILI incidence,2026-09-27,1,GR,quantile,0.3,200.96193311206977
2026-09-30,ILI incidence,2026-09-27,1,GR,quantile,0.35,220.38267332314513
2026-09-30,ILI incidence,2026-09-27,1,GR,quantile,0.4,238.8110566251297
2026-09-30,ILI incidence,2026-09-27,1,GR,quantile,0.45,256.64073073974225
2026-09-30,ILI incidence,2026-09-27,1,GR,quantile,0.5,274.18772210738837
2026-09-30,ILI incidence,2026-09-27,1,GR,quantile,0.55,291.7347134750345
2026-09-30,ILI incidence,2026-09-27,1,GR,quantile,0.6,309.564387589647
2026-09-30,ILI incidence,2026-09-27,1,GR,quantile,0.65,327.9927708916316
2026-09-30,ILI incidence,2026-09-27,1,GR,quantile,0.7,347.41351110270693
2026-09-30,ILI incidence,2026-09-27,1,GR,quantile,0.75,368.3715433098311
2026-09-30,ILI incidence,2026-09-27,1,GR,quantile,0.8,391.7093060305938
2026-09-30,ILI incidence,2026-09-27,1,GR,quantile,0.85,418.91231876129893
2026-09-30,ILI incidence,2026-09-27,1,GR,quantile,0.9,453.1399203815267
2026-09-30,ILI incidence,2026-09-27,1,GR,quantile,0.95,503.8703820143037
2026-09-30,ILI incidence,2026-09-27,1,GR,quantile,0.975,547.8714918451543
2026-09-30,ILI incidence,2026-09-27,1,GR,quantile,0.99,599.0322911459086
2026-09-30,ILI incidence,2026-10-04,2,GR,median,,763.2001975188518
2026-09-30,ILI incidence,2026-10-04,2,GR,quantile,0.01,0.0
2026-09-30,ILI incidence,2026-10-04,2,GR,quantile,0.025,0.0
2026-09-30,ILI incidence,2026-10-04,2,GR,quantile,0.05,0.0
2026-09-30,ILI incidence,2026-10-04,2,GR,quantile,0.1,31.045977196048284
2026-09-30,ILI incidence,2026-10-04,2,GR,quantile,0.15,171.08272007745143
2026-09-30,ILI incidence,2026-10-04,2,GR,quantile,0.2,282.37948406450244
2026-09-30,ILI incidence,2026-10-04,2,GR,quantile,0.25,377.86219751361637
2026-09-30,ILI incidence,2026-10-04,2,GR,quantile,0.3,463.60862520823906
2026-09-30,ILI incidence,2026-10-04,2,GR,quantile,0.35,543.0654692395677
2026-09-30,ILI incidence,2026-10-04,2,GR,quantile,0.4,618.4622441235797
2026-09-30,ILI incidence,2026-10-04,2,GR,quantile,0.45,691.4094963836284
2026-09-30,ILI incidence,2026-10-04,2,GR,quantile,0.5,763.2001975188518
2026-09-30,ILI incidence,2026-10-04,2,GR,quantile,0.55,834.9908986540754
2026-09-30,ILI incidence,2026-10-04,2,GR,quantile,0.6,907.938150914124
2026-09-30,ILI incidence,2026-10-04,2,GR,quantile,0.65,983.3349257981359
2026-09-30,ILI incidence,2026-10-04,2,GR,quantile,0.7,1062.7917698294646
2026-09-30,ILI incidence,2026-10-04,2,GR,quantile,0.75,1148.5381975240873
2026-09-30,ILI incidence,2026-10-04,2,GR,quantile,0.8,1244.0209109732014
2026-09-30,ILI incidence,2026-10-04,2,GR,quantile,0.85,1355.3176749602521
2026-09-30,ILI incidence,2026-10-04,2,GR,quantile,0.9,1495.3544178416555
2026-09-30,ILI incidence,2026-10-04,2,GR,quantile,0.95,1702.9099658683012
2026-09-30,ILI incidence,2026-10-04,2,GR,quantile,0.975,1882.9334501967428
2026-09-30,ILI incidence,2026-10-04,2,GR,quantile,0.99,2092.2496557778195
2026-09-30,ILI incidence,2026-10-11,3,GR,median,,671.5071718273814
2026-09-30,ILI incidence,2026-10-11,3,GR,quantile,0.01,0.0
2026-09-30,ILI incidence,2026-10-11,3,GR,quantile,0.025,0.0
2026-09-30,ILI incidence,2026-10-11,3,GR,quantile,0.05,0.0
2026-09-30,ILI incidence,2026-10-11,3,GR,quantile,0.1,0.0
2026-09-30,ILI incidence,2026-10-11,3,GR,quantile,0.15,14.437747904205253
2026-09-30,ILI incidence,2026-10-11,3,GR,quantile,0.2,137.943138951749
2026-09-30,ILI incidence,2026-10-11,3,GR,quantile,0.25,243.89976734199945
2026-09-30,ILI incidence,2026-10-11,3,GR,quantile,0.3,339.0520943637126
2026-09-30,ILI incidence,2026-10-11,3,GR,quantile,0.35,427.22490588080836
2026-09-30,ILI incidence,2026-10-11,3,GR,quantile,0.4,510.89228157249454
2026-09-30,ILI incidence,2026-10-11,3,GR,quantile,0.45,591.8414358288513
2026-09-30,ILI incidence,2026-10-11,3,GR,quantile,0.5,671.5071718273814
2026-09-30,ILI incidence,2026-10-11,3,GR,quantile,0.55,751.1729078259116
2026-09-30,ILI incidence,2026-10-11,3,GR,quantile,0.6,832.1220620822683
2026-09-30,ILI incidence,2026-10-11,3,GR,quantile,0.65,915.7894377739544
2026-09-30,ILI incidence,2026-10-11,3,GR,quantile,0.7,1003.9622492910501
2026-09-30,ILI incidence,2026-10-11,3,GR,quantile,0.75,1099.1145763127633
2026-09-30,ILI incidence,2026-10-11,3,GR,quantile,0.8,1205.0712047030138
2026-09-30,ILI incidence,2026-10-11,3,GR,quantile,0.85,1328.5765957505575
2026-09-30,ILI incidence,2026-10-11,3,GR,quantile,0.9,1483.9745792229637
2026-09-30,ILI incidence,2026-10-11,3,GR,quantile,0.95,1714.297799816337
2026-09-30,ILI incidence,2026-10-11,3,GR,quantile,0.975,1914.0688446628192
2026-09-30,ILI incidence,2026-10-11,3,GR,quantile,0.99,2146.3458570105163
2026-09-30,ILI incidence,2026-10-18,4,GR,median,,671.2931818208036
2026-09-30,ILI incidence,2026-10-18,4,GR,quantile,0.01,0.0
2026-09-30,ILI incidence,2026-10-18,4,GR,quantile,0.025,0.0
2026-09-30,ILI incidence,2026-10-18,4,GR,quantile,0.05,0.0
2026-09-30,ILI incidence,2026-10-18,4,GR,quantile,0.1,0.0
2026-09-30,ILI incidence,2026-10-18,4,GR,quantile,0.15,14.22342976492996
2026-09-30,ILI incidence,2026-10-18,4,GR,quantile,0.2,137.72888248960498
2026-09-30,ILI incidence,2026-10-18,4,GR,quantile,0.25,243.68556379334223
2026-09-30,ILI incidence,2026-10-18,4,GR,quantile,0.3,338.83793833300194
2026-09-30,ILI incidence,2026-10-18,4,GR,quantile,0.35,427.0107938825567
2026-09-30,ILI incidence,2026-10-18,4,GR,quantile,0.4,510.6782113567406
2026-09-30,ILI incidence,2026-10-18,4,GR,quantile,0.45,591.6274060381475
2026-09-30,ILI incidence,2026-10-18,4,GR,quantile,0.5,671.2931818208036
2026-09-30,ILI incidence,2026-10-18,4,GR,quantile,0.55,750.9589576034599
2026-09-30,ILI incidence,2026-10-18,4,GR,quantile,0.6,831.9081522848667
2026-09-30,ILI incidence,2026-10-18,4,GR,quantile,0.65,915.5755697590505
2026-09-30,ILI incidence,2026-10-18,4,GR,quantile,0.7,1003.7484253086052
2026-09-30,ILI incidence,2026-10-18,4,GR,quantile,0.75,1098.900799848265
2026-09-30,ILI incidence,2026-10-18,4,GR,quantile,0.8,1204.8574811520025
2026-09-30,ILI incidence,2026-10-18,4,GR,quantile,0.85,1328.3629338766773
2026-09-30,ILI incidence,2026-10-18,4,GR,quantile,0.9,1483.760994952998
2026-09-30,ILI incidence,2026-10-18,4,GR,quantile,0.95,1714.0843305670633
2026-09-30,ILI incidence,2026-10-18,4,GR,quantile,0.975,1913.855475176842
2026-09-30,ILI incidence,2026-10-18,4,GR,quantile,0.99,2146.1326035209313
2026-09-30,ILI incidence,2026-09-27,1,HU,median,,83.21963819429902
2026-09-30,ILI incidence,2026-09-27,1,HU,quantile,0.01,0.0
2026-09-30,ILI incidence,2026-09-27,1,HU,quantile,0.025,0.0
2026-09-30,ILI incidence,2026-09-27,1,HU,quantile,0.05,0.0
2026-09-30,ILI incidence,2026-09-27,1,HU,quantile,0.1,17.592663956281058
2026-09-30,ILI incidence,2026-09-27,1,HU,quantile,0.15,30.144920656245
2026-09-30,ILI incidence,2026-09-27,1,HU,quantile,0.2,40.12105636674139
2026-09-30,ILI incidence,2026-09-27,1,HU,quantile,0.25,48.67969251438019
2026-09-30,ILI incidence,2026-09-27,1,HU,quantile,0.3,56.36561229073009
2026-09-30,ILI incidence,2026-09-27,1,HU,quantile,0.35,63.487762394541775
2026-09-30,ILI incidence,2026-09-27,1,HU,quantile,0.4,70.24598636648189
2026-09-30,ILI incidence,2026-09-27,1,HU,quantile,0.45,76.78464627162279
2026-09-30,ILI incidence,2026-09-27,1,HU,quantile,0.5,83.21963819429902
2026-09-30,ILI incidence,2026-09-27,1,HU,quantile,0.55,89.65463011697526
2026-09-30,ILI incidence,2026-09-27,1,HU,quantile,0.6,96.19329002211616
2026-09-30,ILI incidence,2026-09-27,1,HU,quantile,0.65,102.95151399405627
2026-09-30,ILI incidence,2026-09-27,1,HU,quantile,0.7,110.07366409786795
2026-09-30,ILI incidence,2026-09-27,1,HU,quantile,0.75,117.75958387421785
2026-09-30,ILI incidence,2026-09-27,1,HU,quantile,0.8,126.31822002185666
2026-09-30,ILI incidence,2026-09-27,1,HU,quantile,0.85,136.29435573235304
2026-09-30,ILI incidence,2026-09-27,1,HU,quantile,0.9,148.846612432317
2026-09-30,ILI incidence,2026-09-27,1,HU,quantile,0.95,167.45094772836546
2026-09-30,ILI incidence,2026-09-27,1,HU,quantile,0.975,183.5874340591442
2026-09-30,ILI incidence,2026-09-27,1,HU,quantile,0.99,202.34958669033782
2026-09-30,ILI incidence,2026-10-04,2,HU,median,,109.87309776558683
2026-09-30,ILI incidence,2026-10-04,2,HU,quantile,0.01,0.0
2026-09-30,ILI incidence,2026-10-04,2,HU,quantile,0.025,0.0
2026-09-30,ILI incidence,2026-10-04,2,HU,quantile,0.05,0.0
2026-09-30,ILI incidence,2026-10-04,2,HU,quantile,0.1,0.0
2026-09-30,ILI incidence,2026-10-04,2,HU,quantile,0.15,0.0
2026-09-30,ILI incidence,2026-10-04,2,HU,quantile,0.2,18.30031031713618
2026-09-30,ILI incidence,2026-10-04,2,HU,quantile,0.25,36.48508892382401
2026-09-30,ILI incidence,2026-10-04,2,HU,quantile,0.3,52.81558213683972
2026-09-30,ILI incidence,2026-10-04,2,HU,quantile,0.35,67.94821782870113
2026-09-30,ILI incidence,2026-10-04,2,HU,quantile,0.4,82.30760927660685
2026-09-30,ILI incidence,2026-10-04,2,HU,quantile,0.45,96.20048668233902
2026-09-30,ILI incidence,2026-10-04,2,HU,quantile,0.5,109.87309776558683
2026-09-30,ILI incidence,2026-10-04,2,HU,quantile,0.55,123.54570884883466
2026-09-30,ILI incidence,2026-10-04,2,HU,quantile,0.6,137.43858625456681
2026-09-30,ILI incidence,2026-10-04,2,HU,quantile,0.65,151.79797770247254
2026-09-30,ILI incidence,2026-10-04,2,HU,quantile,0.7,166.93061339433393
2026-09-30,ILI incidence,2026-10-04,2,HU,quantile,0.75,183.26110660734966
2026-09-30,ILI incidence,2026-10-04,2,HU,quantile,0.8,201.4458852140375
2026-09-30,ILI incidence,2026-10-04,2,HU,quantile,0.85,222.64246561729468
2026-09-30,ILI incidence,2026-10-04,2,HU,quantile,0.9,249.31260384558374
2026-09-30,ILI incidence,2026-10-04,2,HU,quantile,0.95,288.8417662783816
2026-09-30,ILI incidence,2026-10-04,2,HU,quantile,0.975,323.1274195475663
2026-09-30,ILI incidence,2026-10-04,2,HU,quantile,0.99,362.99190097867256
2026-09-30,ILI incidence,2026-10-11,3,HU,median,,94.55644563585372
2026-09-30,ILI incidence,2026-10-11,3,HU,quantile,0.01,0.0
2026-09-30,ILI incidence,2026-10-11,3,HU,quantile,0.025,0.0
2026-09-30,ILI incidence,2026-10-11,3,HU,quantile,0.05,0.0
2026-09-30,ILI incidence,2026-10-11,3,HU,quantile,0.1,0.0
2026-09-30,ILI incidence,2026-10-11,3,HU,quantile,0.15,0.0
2026-09-30,ILI incidence,2026-10-11,3,HU,quantile,0.2,0.0
2026-09-30,ILI incidence,2026-10-11,3,HU,quantile,0.25,0.0
2026-09-30,ILI incidence,2026-10-11,3,HU,quantile,0.3,0.0
2026-09-30,ILI incidence,2026-10-11,3,HU,quantile,0.35,19.713736690870604
2026-09-30,ILI incidence,2026-10-11,3,HU,quantile,0.4,45.34757884809443
2026-09-30,ILI incidence,2026-10-11,3,HU,quantile,0.45,70.14861779324691
2026-09-30,ILI incidence,2026-10-11,3,HU,quantile,0.5,94.55644563585372
2026-09-30,ILI incidence,2026-10-11,3,HU,quantile,0.55,118.96427347846056
2026-09-30,ILI incidence,2026-10-11,3,HU,quantile,0.6,143.765312423613
2026-09-30,ILI incidence,2026-10-11,3,HU,quantile,0.65,169.39915458083684
2026-09-30,ILI incidence,2026-10-11,3,HU,quantile,0.7,196.4133630976275
2026-09-30,ILI incidence,2026-10-11,3,HU,quantile,0.75,225.56594152622895
2026-09-30,ILI incidence,2026-10-11,3,HU,quantile,0.8,258.02872006103115
2026-09-30,ILI incidence,2026-10-11,3,HU,quantile,0.85,295.86805317631047
2026-09-30,ILI incidence,2026-10-11,3,HU,quantile,0.9,343.4785745647369
2026-09-30,ILI incidence,2026-10-11,3,HU,quantile,0.95,414.04453929142363
2026-09-30,ILI incidence,2026-10-11,3,HU,quantile,0.975,475.2499899087454
2026-09-30,ILI incidence,2026-10-11,3,HU,quantile,0.99,546.4145534204947
2026-09-30,ILI incidence,2026-10-18,4,HU,median,,64.06539965077621
2026-09-30,ILI incidence,2026-10-18,4,HU,quantile,0.01,0.0
2026-09-30,ILI incidence,2026-10-18,4,HU,quantile,0.025,0.0
2026-09-30,ILI incidence,2026-10-18,4,HU,quantile,0.05,0.0
2026-09-30,ILI incidence,2026-10-18,4,HU,quantile,0.1,0.0
2026-09-30,ILI incidence,2026-10-18,4,HU,quantile,0.15,0.0
2026-09-30,ILI incidence,2026-10-18,4,HU,quantile,0.2,0.0
2026-09-30,ILI incidence,2026-10-18,4,HU,quantile,0.25,0.0
2026-09-30,ILI incidence,2026-10-18,4,HU,quantile,0.3,0.0
2026-09-30,ILI incidence,2026-10-18,4,HU,quantile,0.35,0.0
2026-09-30,ILI incidence,2026-10-18,4,HU,quantile,0.4,0.0
2026-09-30,ILI incidence,2026-10-18,4,HU,quantile,0.45,28.35260111202104
2026-09-30,ILI incidence,2026-10-18,4,HU,quantile,0.5,64.06539965077621
2026-09-30,ILI incidence,2026-10-18,4,HU,quantile,0.55,99.77819818953142
2026-09-30,ILI incidence,2026-10-18,4,HU,quantile,0.6,136.06633137006497
2026-09-30,ILI incidence,2026-10-18,4,HU,quantile,0.65,173.5729971265787
2026-09-30,ILI incidence,2026-10-18,4,HU,quantile,0.7,213.09937336395845
2026-09-30,ILI incidence,2026-10-18,4,HU,quantile,0.75,255.75454804888074
2026-09-30,ILI incidence,2026-10-18,4,HU,quantile,0.8,303.25310782640645
2026-09-30,ILI incidence,2026-10-18,4,HU,quantile,0.85,358.61848032497335
2026-09-30,ILI incidence,2026-10-18,4,HU,quantile,0.9,428.2807611979103
2026-09-30,ILI incidence,2026-10-18,4,HU,quantile,0.95,531.5307553484718
2026-09-30,ILI incidence,2026-10-18,4,HU,quantile,0.975,621.0847271916577
2026-09-30,ILI incidence,2026-10-18,4,HU,quantile,0.99,725.2105730548067
2026-09-30,ILI incidence,2026-09-27,1,IE,median,,3.8172289600459663
2026-09-30,ILI incidence,2026-09-27,1,IE,quantile,0.01,0.0
2026-09-30,ILI incidence,2026-09-27,1,IE,quantile,0.025,0.0
2026-09-30,ILI incidence,2026-09-27,1,IE,quantile,0.05,0.0
2026-09-30,ILI incidence,2026-09-27,1,IE,quantile,0.1,0.37567933370225015
2026-09-30,ILI incidence,2026-09-27,1,IE,quantile,0.15,1.0339332735967677
2026-09-30,ILI incidence,2026-09-27,1,IE,quantile,0.2,1.5570926379503907
2026-09-30,ILI incidence,2026-09-27,1,IE,quantile,0.25,2.0059167895727086
2026-09-30,ILI incidence,2026-09-27,1,IE,quantile,0.3,2.408974749223107
2026-09-30,ILI incidence,2026-09-27,1,IE,quantile,0.35,2.7824680164829814
2026-09-30,ILI incidence,2026-09-27,1,IE,quantile,0.4,3.1368766031263644
2026-09-30,ILI incidence,2026-09-27,1,IE,quantile,0.45,3.4797710122409957
2026-09-30,ILI incidence,2026-09-27,1,IE,quantile,0.5,3.8172289600459663
2026-09-30,ILI incidence,2026-09-27,1,IE,quantile,0.55,4.154686907850937
2026-09-30,ILI incidence,2026-09-27,1,IE,quantile,0.6,4.497581316965568
2026-09-30,ILI incidence,2026-09-27,1,IE,quantile,0.65,4.851989903608951
2026-09-30,ILI incidence,2026-09-27,1,IE,quantile,0.7,5.225483170868825
2026-09-30,ILI incidence,2026-09-27,1,IE,quantile,0.75,5.628541130519224
2026-09-30,ILI incidence,2026-09-27,1,IE,quantile,0.8,6.0773652821415425
2026-09-30,ILI incidence,2026-09-27,1,IE,quantile,0.85,6.600524646495165
2026-09-30,ILI incidence,2026-09-27,1,IE,quantile,0.9,7.258778586389683
2026-09-30,ILI incidence,2026-09-27,1,IE,quantile,0.95,8.234410084411685
2026-09-30,ILI incidence,2026-09-27,1,IE,quantile,0.975,9.080624909138749
2026-09-30,ILI incidence,2026-09-27,1,IE,quantile,0.99,10.064532519187942
2026-09-30,ILI incidence,2026-10-04,2,IE,median,,5.126155702249127
2026-09-30,ILI incidence,2026-10-04,2,IE,quantile,0.01,0.0
2026-09-30,ILI incidence,2026-10-04,2,IE,quantile,0.025,0.0
2026-09-30,ILI incidence,2026-10-04,2,IE,quantile,0.05,0.0
2026-09-30,ILI incidence,2026-10-04,2,IE,quantile,0.1,0.0
2026-09-30,ILI incidence,2026-10-04,2,IE,quantile,0.15,0.5969204116003644
2026-09-30,ILI incidence,2026-10-04,2,IE,quantile,0.2,1.4482535513742119
2026-09-30,ILI incidence,2026-10-04,2,IE,quantile,0.25,2.17862158116004
2026-09-30,ILI incidence,2026-10-04,2,IE,quantile,0.3,2.8345146448806298
2026-09-30,ILI incidence,2026-10-04,2,IE,quantile,0.35,3.4422973160244386
2026-09-30,ILI incidence,2026-10-04,2,IE,quantile,0.4,4.019023635742917
2026-09-30,ILI incidence,2026-10-04,2,IE,quantile,0.45,4.577013024469865
2026-09-30,ILI incidence,2026-10-04,2,IE,quantile,0.5,5.126155702249127
2026-09-30,ILI incidence,2026-10-04,2,IE,quantile,0.55,5.675298380028389
2026-09-30,ILI incidence,2026-10-04,2,IE,quantile,0.6,6.233287768755337
2026-09-30,ILI incidence,2026-10-04,2,IE,quantile,0.65,6.810014088473816
2026-09-30,ILI incidence,2026-10-04,2,IE,quantile,0.7,7.417796759617623
2026-09-30,ILI incidence,2026-10-04,2,IE,quantile,0.75,8.073689823338214
2026-09-30,ILI incidence,2026-10-04,2,IE,quantile,0.8,8.804057853124043
2026-09-30,ILI incidence,2026-10-04,2,IE,quantile,0.85,9.655390992897889
2026-09-30,ILI incidence,2026-10-04,2,IE,quantile,0.9,10.726562478304228
2026-09-30,ILI incidence,2026-10-04,2,IE,quantile,0.95,12.314199980501186
2026-09-30,ILI incidence,2026-10-04,2,IE,quantile,0.975,13.691238742959646
2026-09-30,ILI incidence,2026-10-04,2,IE,quantile,0.99,15.292343897496028
2026-09-30,ILI incidence,2026-10-11,3,IE,median,,6.742837720647734
2026-09-30,ILI incidence,2026-10-11,3,IE,quantile,0.01,0.0
2026-09-30,ILI incidence,2026-10-11,3,IE,quantile,0.025,0.0
2026-09-30,ILI incidence,2026-10-11,3,IE,quantile,0.05,0.0
2026-09-30,ILI incidence,2026-10-11,3,IE,quantile,0.1,0.0
2026-09-30,ILI incidence,2026-10-11,3,IE,quantile,0.15,0.0
2026-09-30,ILI incidence,2026-10-11,3,IE,quantile,0.2,0.4198599767828526
2026-09-30,ILI incidence,2026-10-11,3,IE,quantile,0.25,1.6754944683278925
2026-09-30,ILI incidence,2026-10-11,3,IE,quantile,0.3,2.8030930487507266
2026-09-30,ILI incidence,2026-10-11,3,IE,quantile,0.35,3.847981179294075
2026-09-30,ILI incidence,2026-10-11,3,IE,quantile,0.4,4.839477835346646
2026-09-30,ILI incidence,2026-10-11,3,IE,quantile,0.45,5.7987623245748265
2026-09-30,ILI incidence,2026-10-11,3,IE,quantile,0.5,6.742837720647734
2026-09-30,ILI incidence,2026-10-11,3,IE,quantile,0.55,7.686913116720643
2026-09-30,ILI incidence,2026-10-11,3,IE,quantile,0.6,8.646197605948823
2026-09-30,ILI incidence,2026-10-11,3,IE,quantile,0.65,9.637694262001393
2026-09-30,ILI incidence,2026-10-11,3,IE,quantile,0.7,10.68258239254474
2026-09-30,ILI incidence,2026-10-11,3,IE,quantile,0.75,11.810180972967576
2026-09-30,ILI incidence,2026-10-11,3,IE,quantile,0.8,13.065815464512617
2026-09-30,ILI incidence,2026-10-11,3,IE,quantile,0.85,14.529410817130717
2026-09-30,ILI incidence,2026-10-11,3,IE,quantile,0.9,16.37094797180346
2026-09-30,ILI incidence,2026-10-11,3,IE,quantile,0.95,19.10038344341561
2026-09-30,ILI incidence,2026-10-11,3,IE,quantile,0.975,21.46776166346772
2026-09-30,ILI incidence,2026-10-11,3,IE,quantile,0.99,24.220350460674464
2026-09-30,ILI incidence,2026-10-18,4,IE,median,,8.454241917271672
2026-09-30,ILI incidence,2026-10-18,4,IE,quantile,0.01,0.0
2026-09-30,ILI incidence,2026-10-18,4,IE,quantile,0.025,0.0
2026-09-30,ILI incidence,2026-10-18,4,IE,quantile,0.05,0.0
2026-09-30,ILI incidence,2026-10-18,4,IE,quantile,0.1,0.0
2026-09-30,ILI incidence,2026-10-18,4,IE,quantile,0.15,0.0
2026-09-30,ILI incidence,2026-10-18,4,IE,quantile,0.2,0.0
2026-09-30,ILI incidence,2026-10-18,4,IE,quantile,0.25,0.6307838841302269
2026-09-30,ILI incidence,2026-10-18,4,IE,quantile,0.3,2.371680392005297
2026-09-30,ILI incidence,2026-10-18,4,IE,quantile,0.35,3.9848804519955365
2026-09-30,ILI incidence,2026-10-18,4,IE,quantile,0.4,5.515649553748457
2026-09-30,ILI incidence,2026-10-18,4,IE,quantile,0.45,6.996686375140895
2026-09-30,ILI incidence,2026-10-18,4,IE,quantile,0.5,8.454241917271672
2026-09-30,ILI incidence,2026-10-18,4,IE,quantile,0.55,9.91179745940245
2026-09-30,ILI incidence,2026-10-18,4,IE,quantile,0.6,11.392834280794887
2026-09-30,ILI incidence,2026-10-18,4,IE,quantile,0.65,12.923603382547807
2026-09-30,ILI incidence,2026-10-18,4,IE,quantile,0.7,14.536803442538044
2026-09-30,ILI incidence,2026-10-18,4,IE,quantile,0.75,16.277699950413115
2026-09-30,ILI incidence,2026-10-18,4,IE,quantile,0.8,18.21627076759041
2026-09-30,ILI incidence,2026-10-18,4,IE,quantile,0.85,20.475911815878696
2026-09-30,ILI incidence,2026-10-18,4,IE,quantile,0.9,23.319056226799994
2026-09-30,ILI incidence,2026-10-18,4,IE,quantile,0.95,27.533024533870865
2026-09-30,ILI incidence,2026-10-18,4,IE,quantile,0.975,31.188013594395194
2026-09-30,ILI incidence,2026-10-18,4,IE,quantile,0.99,35.437728260474614
2026-09-30,ILI incidence,2026-09-27,1,LT,median,,3.4247875511047283
2026-09-30,ILI incidence,2026-09-27,1,LT,quantile,0.01,0.0
2026-09-30,ILI incidence,2026-09-27,1,LT,quantile,0.025,0.0
2026-09-30,ILI incidence,2026-09-27,1,LT,quantile,0.05,0.0
2026-09-30,ILI incidence,2026-09-27,1,LT,quantile,0.1,0.0
2026-09-30,ILI incidence,2026-09-27,1,LT,quantile,0.15,0.0
2026-09-30,ILI incidence,2026-09-27,1,LT,quantile,0.2,0.0
2026-09-30,ILI incidence,2026-09-27,1,LT,quantile,0.25,0.25227811537285394
2026-09-30,ILI incidence,2026-09-27,1,LT,quantile,0.3,0.9582332792492312
2026-09-30,ILI incidence,2026-09-27,1,LT,quantile,0.35,1.612405946931736
2026-09-30,ILI incidence,2026-09-27,1,LT,quantile,0.4,2.2331518368777843
2026-09-30,ILI incidence,2026-09-27,1,LT,quantile,0.45,2.8337306692342437
2026-09-30,ILI incidence,2026-09-27,1,LT,quantile,0.5,3.4247875511047283
2026-09-30,ILI incidence,2026-09-27,1,LT,quantile,0.55,4.015844432975213
2026-09-30,ILI incidence,2026-09-27,1,LT,quantile,0.6,4.616423265331672
2026-09-30,ILI incidence,2026-09-27,1,LT,quantile,0.65,5.237169155277721
2026-09-30,ILI incidence,2026-09-27,1,LT,quantile,0.7,5.891341822960225
2026-09-30,ILI incidence,2026-09-27,1,LT,quantile,0.75,6.597296986836603
2026-09-30,ILI incidence,2026-09-27,1,LT,quantile,0.8,7.383411539158152
2026-09-30,ILI incidence,2026-09-27,1,LT,quantile,0.85,8.29972405936261
2026-09-30,ILI incidence,2026-09-27,1,LT,quantile,0.9,9.452654442907377
2026-09-30,ILI incidence,2026-09-27,1,LT,quantile,0.95,11.161470948271727
2026-09-30,ILI incidence,2026-09-27,1,LT,quantile,0.975,12.643614424071027
2026-09-30,ILI incidence,2026-09-27,1,LT,quantile,0.99,14.366926522147358
2026-09-30,ILI incidence,2026-10-04,2,LT,median,,3.4247875511047283
2026-09-30,ILI incidence,2026-10-04,2,LT,quantile,0.01,0.0
2026-09-30,ILI incidence,2026-10-04,2,LT,quantile,0.025,0.0
2026-09-30,ILI incidence,2026-10-04,2,LT,quantile,0.05,0.0
2026-09-30,ILI incidence,2026-10-04,2,LT,quantile,0.1,0.0
2026-09-30,ILI incidence,2026-10-04,2,LT,quantile,0.15,0.0
2026-09-30,ILI incidence,2026-10-04,2,LT,quantile,0.2,0.0
2026-09-30,ILI incidence,2026-10-04,2,LT,quantile,0.25,0.25227811537285394
2026-09-30,ILI incidence,2026-10-04,2,LT,quantile,0.3,0.9582332792492312
2026-09-30,ILI incidence,2026-10-04,2,LT,quantile,0.35,1.612405946931736
2026-09-30,ILI incidence,2026-10-04,2,LT,quantile,0.4,2.2331518368777843
2026-09-30,ILI incidence,2026-10-04,2,LT,quantile,0.45,2.8337306692342437
2026-09-30,ILI incidence,2026-10-04,2,LT,quantile,0.5,3.4247875511047283
2026-09-30,ILI incidence,2026-10-04,2,LT,quantile,0.55,4.015844432975213
2026-09-30,ILI incidence,2026-10-04,2,LT,quantile,0.6,4.616423265331672
2026-09-30,ILI incidence,2026-10-04,2,LT,quantile,0.65,5.237169155277721
2026-09-30,ILI incidence,2026-10-04,2,LT,quantile,0.7,5.891341822960225
2026-09-30,ILI incidence,2026-10-04,2,LT,quantile,0.75,6.597296986836603
2026-09-30,ILI incidence,2026-10-04,2,LT,quantile,0.8,7.383411539158152
2026-09-30,ILI incidence,2026-10-04,2,LT,quantile,0.85,8.29972405936261
2026-09-30,ILI incidence,2026-10-04,2,LT,quantile,0.9,9.452654442907377
2026-09-30,ILI incidence,2026-10-04,2,LT,quantile,0.95,11.161470948271727
2026-09-30,ILI incidence,2026-10-04,2,LT,quantile,0.975,12.643614424071027
2026-09-30,ILI incidence,2026-10-04,2,LT,quantile,0.99,14.366926522147358
2026-09-30,ILI incidence,2026-10-11,3,LT,median,,3.4247875511047283
2026-09-30,ILI incidence,2026-10-11,3,LT,quantile,0.01,0.0
2026-09-30,ILI incidence,2026-10-11,3,LT,quantile,0.025,0.0
2026-09-30,ILI incidence,2026-10-11,3,LT,quantile,0.05,0.0
2026-09-30,ILI incidence,2026-10-11,3,LT,quantile,0.1,0.0
2026-09-30,ILI incidence,2026-10-11,3,LT,quantile,0.15,0.0
2026-09-30,ILI incidence,2026-10-11,3,LT,quantile,0.2,0.0
2026-09-30,ILI incidence,2026-10-11,3,LT,quantile,0.25,0.25227811537285394
2026-09-30,ILI incidence,2026-10-11,3,LT,quantile,0.3,0.9582332792492312
2026-09-30,ILI incidence,2026-10-11,3,LT,quantile,0.35,1.612405946931736
2026-09-30,ILI incidence,2026-10-11,3,LT,quantile,0.4,2.2331518368777843
2026-09-30,ILI incidence,2026-10-11,3,LT,quantile,0.45,2.8337306692342437
2026-09-30,ILI incidence,2026-10-11,3,LT,quantile,0.5,3.4247875511047283
2026-09-30,ILI incidence,2026-10-11,3,LT,quantile,0.55,4.015844432975213
2026-09-30,ILI incidence,2026-10-11,3,LT,quantile,0.6,4.616423265331672
2026-09-30,ILI incidence,2026-10-11,3,LT,quantile,0.65,5.237169155277721
2026-09-30,ILI incidence,2026-10-11,3,LT,quantile,0.7,5.891341822960225
2026-09-30,ILI incidence,2026-10-11,3,LT,quantile,0.75,6.597296986836603
2026-09-30,ILI incidence,2026-10-11,3,LT,quantile,0.8,7.383411539158152
2026-09-30,ILI incidence,2026-10-11,3,LT,quantile,0.85,8.29972405936261
2026-09-30,ILI incidence,2026-10-11,3,LT,quantile,0.9,9.452654442907377
2026-09-30,ILI incidence,2026-10-11,3,LT,quantile,0.95,11.161470948271727
2026-09-30,ILI incidence,2026-10-11,3,LT,quantile,0.975,12.643614424071027
2026-09-30,ILI incidence,2026-10-11,3,LT,quantile,0.99,14.366926522147358
2026-09-30,ILI incidence,2026-10-18,4,LT,median,,3.4247875511047283
2026-09-30,ILI incidence,2026-10-18,4,LT,quantile,0.01,0.0
2026-09-30,ILI incidence,2026-10-18,4,LT,quantile,0.025,0.0
2026-09-30,ILI incidence,2026-10-18,4,LT,quantile,0.05,0.0
2026-09-30,ILI incidence,2026-10-18,4,LT,quantile,0.1,0.0
2026-09-30,ILI incidence,2026-10-18,4,LT,quantile,0.15,0.0
2026-09-30,ILI incidence,2026-10-18,4,LT,quantile,0.2,0.0
2026-09-30,ILI incidence,2026-10-18,4,LT,quantile,0.25,0.25227811537285394
2026-09-30,ILI incidence,2026-10-18,4,LT,quantile,0.3,0.9582332792492312
2026-09-30,ILI incidence,2026-10-18,4,LT,quantile,0.35,1.612405946931736
2026-09-30,ILI incidence,2026-10-18,4,LT,quantile,0.4,2.2331518368777843
2026-09-30,ILI incidence,2026-10-18,4,LT,quantile,0.45,2.8337306692342437
2026-09-30,ILI incidence,2026-10-18,4,LT,quantile,0.5,3.4247875511047283
2026-09-30,ILI incidence,2026-10-18,4,LT,quantile,0.55,4.015844432975213
2026-09-30,ILI incidence,2026-10-18,4,LT,quantile,0.6,4.616423265331672
2026-09-30,ILI incidence,2026-10-18,4,LT,quantile,0.65,5.237169155277721
2026-09-30,ILI incidence,2026-10-18,4,LT,quantile,0.7,5.891341822960225
2026-09-30,ILI incidence,2026-10-18,4,LT,quantile,0.75,6.597296986836603
2026-09-30,ILI incidence,2026-10-18,4,LT,quantile,0.8,7.383411539158152
2026-09-30,ILI incidence,2026-10-18,4,LT,quantile,0.85,8.29972405936261
2026-09-30,ILI incidence,2026-10-18,4,LT,quantile,0.9,9.452654442907377
2026-09-30,ILI incidence,2026-10-18,4,LT,quantile,0.95,11.161470948271727
2026-09-30,ILI incidence,2026-10-18,4,LT,quantile,0.975,12.643614424071027
2026-09-30,ILI incidence,2026-10-18,4,LT,quantile,0.99,14.366926522147358
2026-09-30,ILI incidence,2026-09-27,1,MT,median,,7425.409738872295
2026-09-30,ILI incidence,2026-09-27,1,MT,quantile,0.01,3572.9539144812825
2026-09-30,ILI incidence,2026-09-27,1,MT,quantile,0.025,4179.689375166539
2026-09-30,ILI incidence,2026-09-27,1,MT,quantile,0.05,4701.515343657422
2026-09-30,ILI incidence,2026-09-27,1,MT,quantile,0.1,5303.147265563008
2026-09-30,ILI incidence,2026-09-27,1,MT,quantile,0.15,5709.06546701875
2026-09-30,ILI incidence,2026-09-27,1,MT,quantile,0.2,6031.676385666926
2026-09-30,ILI incidence,2026-09-27,1,MT,quantile,0.25,6308.447828046177
2026-09-30,ILI incidence,2026-09-27,1,MT,quantile,0.3,6556.997137283776
2026-09-30,ILI incidence,2026-09-27,1,MT,quantile,0.35,6787.315113544202
2026-09-30,ILI incidence,2026-09-27,1,MT,quantile,0.4,7005.864350171341
2026-09-30,ILI incidence,2026-09-27,1,MT,quantile,0.45,7217.313265857808
2026-09-30,ILI incidence,2026-09-27,1,MT,quantile,0.5,7425.409738872295
2026-09-30,ILI incidence,2026-09-27,1,MT,quantile,0.55,7633.506211886782
2026-09-30,ILI incidence,2026-09-27,1,MT,quantile,0.6,7844.955127573248
2026-09-30,ILI incidence,2026-09-27,1,MT,quantile,0.65,8063.5043642003875
2026-09-30,ILI incidence,2026-09-27,1,MT,quantile,0.7,8293.822340460812
2026-09-30,ILI incidence,2026-09-27,1,MT,quantile,0.75,8542.371649698413
2026-09-30,ILI incidence,2026-09-27,1,MT,quantile,0.8,8819.143092077664
2026-09-30,ILI incidence,2026-09-27,1,MT,quantile,0.85,9141.75401072584
2026-09-30,ILI incidence,2026-09-27,1,MT,quantile,0.9,9547.672212181582
2026-09-30,ILI incidence,2026-09-27,1,MT,quantile,0.95,10149.304134087168
2026-09-30,ILI incidence,2026-09-27,1,MT,quantile,0.975,10671.130102578049
2026-09-30,ILI incidence,2026-09-27,1,MT,quantile,0.99,11277.865563263307
2026-09-30,ILI incidence,2026-10-04,2,MT,median,,7425.409738872295
2026-09-30,ILI incidence,2026-10-04,2,MT,quantile,0.01,3572.9539144812825
2026-09-30,ILI incidence,2026-10-04,2,MT,quantile,0.025,4179.689375166539
2026-09-30,ILI incidence,2026-10-04,2,MT,quantile,0.05,4701.515343657422
2026-09-30,ILI incidence,2026-10-04,2,MT,quantile,0.1,5303.147265563008
2026-09-30,ILI incidence,2026-10-04,2,MT,quantile,0.15,5709.06546701875
2026-09-30,ILI incidence,2026-10-04,2,MT,quantile,0.2,6031.676385666926
2026-09-30,ILI incidence,2026-10-04,2,MT,quantile,0.25,6308.447828046177
2026-09-30,ILI incidence,2026-10-04,2,MT,quantile,0.3,6556.997137283776
2026-09-30,ILI incidence,2026-10-04,2,MT,quantile,0.35,6787.315113544202
2026-09-30,ILI incidence,2026-10-04,2,MT,quantile,0.4,7005.864350171341
2026-09-30,ILI incidence,2026-10-04,2,MT,quantile,0.45,7217.313265857808
2026-09-30,ILI incidence,2026-10-04,2,MT,quantile,0.5,7425.409738872295
2026-09-30,ILI incidence,2026-10-04,2,MT,quantile,0.55,7633.506211886782
2026-09-30,ILI incidence,2026-10-04,2,MT,quantile,0.6,7844.955127573248
2026-09-30,ILI incidence,2026-10-04,2,MT,quantile,0.65,8063.5043642003875
2026-09-30,ILI incidence,2026-10-04,2,MT,quantile,0.7,8293.822340460812
2026-09-30,ILI incidence,2026-10-04,2,MT,quantile,0.75,8542.371649698413
2026-09-30,ILI incidence,2026-10-04,2,MT,quantile,0.8,8819.143092077664
2026-09-30,ILI incidence,2026-10-04,2,MT,quantile,0.85,9141.75401072584
2026-09-30,ILI incidence,2026-10-04,2,MT,quantile,0.9,9547.672212181582
2026-09-30,ILI incidence,2026-10-04,2,MT,quantile,0.95,10149.304134087168
2026-09-30,ILI incidence,2026-10-04,2,MT,quantile,0.975,10671.130102578049
2026-09-30,ILI incidence,2026-10-04,2,MT,quantile,0.99,11277.865563263307
2026-09-30,ILI incidence,2026-10-11,3,MT,median,,7425.409738872295
2026-09-30,ILI incidence,2026-10-11,3,MT,quantile,0.01,3572.9539144812825
2026-09-30,ILI incidence,2026-10-11,3,MT,quantile,0.025,4179.689375166539
2026-09-30,ILI incidence,2026-10-11,3,MT,quantile,0.05,4701.515343657422
2026-09-30,ILI incidence,2026-10-11,3,MT,quantile,0.1,5303.147265563008
2026-09-30,ILI incidence,2026-10-11,3,MT,quantile,0.15,5709.06546701875
2026-09-30,ILI incidence,2026-10-11,3,MT,quantile,0.2,6031.676385666926
2026-09-30,ILI incidence,2026-10-11,3,MT,quantile,0.25,6308.447828046177
2026-09-30,ILI incidence,2026-10-11,3,MT,quantile,0.3,6556.997137283776
2026-09-30,ILI incidence,2026-10-11,3,MT,quantile,0.35,6787.315113544202
2026-09-30,ILI incidence,2026-10-11,3,MT,quantile,0.4,7005.864350171341
2026-09-30,ILI incidence,2026-10-11,3,MT,quantile,0.45,7217.313265857808
2026-09-30,ILI incidence,2026-10-11,3,MT,quantile,0.5,7425.409738872295
2026-09-30,ILI incidence,2026-10-11,3,MT,quantile,0.55,7633.506211886782
2026-09-30,ILI incidence,2026-10-11,3,MT,quantile,0.6,7844.955127573248
2026-09-30,ILI incidence,2026-10-11,3,MT,quantile,0.65,8063.5043642003875
2026-09-30,ILI incidence,2026-10-11,3,MT,quantile,0.7,8293.822340460812
2026-09-30,ILI incidence,2026-10-11,3,MT,quantile,0.75,8542.371649698413
2026-09-30,ILI incidence,2026-10-11,3,MT,quantile,0.8,8819.143092077664
2026-09-30,ILI incidence,2026-10-11,3,MT,quantile,0.85,9141.75401072584
2026-09-30,ILI incidence,2026-10-11,3,MT,quantile,0.9,9547.672212181582
2026-09-30,ILI incidence,2026-10-11,3,MT,quantile,0.95,10149.304134087168
2026-09-30,ILI incidence,2026-10-11,3,MT,quantile,0.975,10671.130102578049
2026-09-30,ILI incidence,2026-10-11,3,MT,quantile,0.99,11277.865563263307
2026-09-30,ILI incidence,2026-10-18,4,MT,median,,7425.409738872295
2026-09-30,ILI incidence,2026-10-18,4,MT,quantile,0.01,3572.9539144812825
2026-09-30,ILI incidence,2026-10-18,4,MT,quantile,0.025,4179.689375166539
2026-09-30,ILI incidence,2026-10-18,4,MT,quantile,0.05,4701.515343657422
2026-09-30,ILI incidence,2026-10-18,4,MT,quantile,0.1,5303.147265563008
2026-09-30,ILI incidence,2026-10-18,4,MT,quantile,0.15,5709.06546701875
2026-09-30,ILI incidence,2026-10-18,4,MT,quantile,0.2,6031.676385666926
2026-09-30,ILI incidence,2026-10-18,4,MT,quantile,0.25,6308.447828046177
2026-09-30,ILI incidence,2026-10-18,4,MT,quantile,0.3,6556.997137283776
2026-09-30,ILI incidence,2026-10-18,4,MT,quantile,0.35,6787.315113544202
2026-09-30,ILI incidence,2026-10-18,4,MT,quantile,0.4,7005.864350171341
2026-09-30,ILI incidence,2026-10-18,4,MT,quantile,0.45,7217.313265857808
2026-09-30,ILI incidence,2026-10-18,4,MT,quantile,0.5,7425.409738872295
2026-09-30,ILI incidence,2026-10-18,4,MT,quantile,0.55,7633.506211886782
2026-09-30,ILI incidence,2026-10-18,4,MT,quantile,0.6,7844.955127573248
2026-09-30,ILI incidence,2026-10-18,4,MT,quantile,0.65,8063.5043642003875
2026-09-30,ILI incidence,2026-10-18,4,MT,quantile,0.7,8293.822340460812
2026-09-30,ILI incidence,2026-10-18,4,MT,quantile,0.75,8542.371649698413
2026-09-30,ILI incidence,2026-10-18,4,MT,quantile,0.8,8819.143092077664
2026-09-30,ILI incidence,2026-10-18,4,MT,quantile,0.85,9141.75401072584
2026-09-30,ILI incidence,2026-10-18,4,MT,quantile,0.9,9547.672212181582
2026-09-30,ILI incidence,2026-10-18,4,MT,quantile,0.95,10149.304134087168
2026-09-30,ILI incidence,2026-10-18,4,MT,quantile,0.975,10671.130102578049
2026-09-30,ILI incidence,2026-10-18,4,MT,quantile,0.99,11277.865563263307
2026-09-30,ILI incidence,2026-09-27,1,NO,median,,16.908919642064088
2026-09-30,ILI incidence,2026-09-27,1,NO,quantile,0.01,3.122415029454954
2026-09-30,ILI incidence,2026-09-27,1,NO,quantile,0.025,5.293695274749682
2026-09-30,ILI incidence,2026-09-27,1,NO,quantile,0.05,7.161116070604235
2026-09-30,ILI incidence,2026-09-27,1,NO,quantile,0.1,9.314132651334381
2026-09-30,ILI incidence,2026-09-27,1,NO,quantile,0.15,10.76676271688386
2026-09-30,ILI incidence,2026-09-27,1,NO,quantile,0.2,11.921267043672405
2026-09-30,ILI incidence,2026-09-27,1,NO,quantile,0.25,12.911728957042483
2026-09-30,ILI incidence,2026-09-27,1,NO,quantile,0.3,13.80119436676114
2026-09-30,ILI incidence,2026-09-27,1,NO,quantile,0.35,14.625416625710233
2026-09-30,ILI incidence,2026-09-27,1,NO,quantile,0.4,15.40752294858249
2026-09-30,ILI incidence,2026-09-27,1,NO,quantile,0.45,16.16421986720413
2026-09-30,ILI incidence,2026-09-27,1,NO,quantile,0.5,16.908919642064088
2026-09-30,ILI incidence,2026-09-27,1,NO,quantile,0.55,17.653619416924045
2026-09-30,ILI incidence,2026-09-27,1,NO,quantile,0.6,18.410316335545687
2026-09-30,ILI incidence,2026-09-27,1,NO,quantile,0.65,19.192422658417943
2026-09-30,ILI incidence,2026-09-27,1,NO,quantile,0.7,20.016644917367035
2026-09-30,ILI incidence,2026-09-27,1,NO,quantile,0.75,20.906110327085692
2026-09-30,ILI incidence,2026-09-27,1,NO,quantile,0.8,21.896572240455775
2026-09-30,ILI incidence,2026-09-27,1,NO,quantile,0.85,23.051076567244316
2026-09-30,ILI incidence,2026-09-27,1,NO,quantile,0.9,24.503706632793794
2026-09-30,ILI incidence,2026-09-27,1,NO,quantile,0.95,26.65672321352394
2026-09-30,ILI incidence,2026-09-27,1,NO,quantile,0.975,28.524144009378492
2026-09-30,ILI incidence,2026-09-27,1,NO,quantile,0.99,30.69542425467322
2026-09-30,ILI incidence,2026-10-04,2,NO,median,,17.114780525308383
2026-09-30,ILI incidence,2026-10-04,2,NO,quantile,0.01,0.0
2026-09-30,ILI incidence,2026-10-04,2,NO,quantile,0.025,0.89509521391901
2026-09-30,ILI incidence,2026-10-04,2,NO,quantile,0.05,3.5027915179128666
2026-09-30,ILI incidence,2026-10-04,2,NO,quantile,0.1,6.50929834940516
2026-09-30,ILI incidence,2026-10-04,2,NO,quantile,0.15,8.537774235189802
2026-09-30,ILI incidence,2026-10-04,2,NO,quantile,0.2,10.149942565217271
2026-09-30,ILI incidence,2026-10-04,2,NO,quantile,0.25,11.533039442190791
2026-09-30,ILI incidence,2026-10-04,2,NO,quantile,0.3,12.775103184119034
2026-09-30,ILI incidence,2026-10-04,2,NO,quantile,0.35,13.926060345516321
2026-09-30,ILI incidence,2026-10-04,2,NO,quantile,0.4,15.018206139336138
2026-09-30,ILI incidence,2026-10-04,2,NO,quantile,0.45,16.074869834157113
2026-09-30,ILI incidence,2026-10-04,2,NO,quantile,0.5,17.114780525308383
2026-09-30,ILI incidence,2026-10-04,2,NO,quantile,0.55,18.154691216459657
2026-09-30,ILI incidence,2026-10-04,2,NO,quantile,0.6,19.21135491128063
2026-09-30,ILI incidence,2026-10-04,2,NO,quantile,0.65,20.303500705100443
2026-09-30,ILI incidence,2026-10-04,2,NO,quantile,0.7,21.45445786649773
2026-09-30,ILI incidence,2026-10-04,2,NO,quantile,0.75,22.696521608425975
2026-09-30,ILI incidence,2026-10-04,2,NO,quantile,0.8,24.079618485399497
2026-09-30,ILI incidence,2026-10-04,2,NO,quantile,0.85,25.691786815426966
2026-09-30,ILI incidence,2026-10-04,2,NO,quantile,0.9,27.720262701211606
2026-09-30,ILI incidence,2026-10-04,2,NO,quantile,0.95,30.726769532703894
2026-09-30,ILI incidence,2026-10-04,2,NO,quantile,0.975,33.33446583669775
2026-09-30,ILI incidence,2026-10-04,2,NO,quantile,0.99,36.36647634186026
2026-09-30,ILI incidence,2026-10-11,3,NO,median,,17.47886186503712
2026-09-30,ILI incidence,2026-10-11,3,NO,quantile,0.01,0.0
2026-09-30,ILI incidence,2026-10-11,3,NO,quantile,0.025,0.0
2026-09-30,ILI incidence,2026-10-11,3,NO,quantile,0.05,0.0
2026-09-30,ILI incidence,2026-10-11,3,NO,quantile,0.1,0.9090749673182721
2026-09-30,ILI incidence,2026-10-11,3,NO,quantile,0.15,4.078323908302934
2026-09-30,ILI incidence,2026-10-11,3,NO,quantile,0.2,6.597142499361608
2026-09-30,ILI incidence,2026-10-11,3,NO,quantile,0.25,8.758064570629896
2026-09-30,ILI incidence,2026-10-11,3,NO,quantile,0.3,10.698639376733084
2026-09-30,ILI incidence,2026-10-11,3,NO,quantile,0.35,12.496871138046874
2026-09-30,ILI incidence,2026-10-11,3,NO,quantile,0.4,14.20321723006632
2026-09-30,ILI incidence,2026-10-11,3,NO,quantile,0.45,15.854126821477577
2026-09-30,ILI incidence,2026-10-11,3,NO,quantile,0.5,17.47886186503712
2026-09-30,ILI incidence,2026-10-11,3,NO,quantile,0.55,19.103596908596668
2026-09-30,ILI incidence,2026-10-11,3,NO,quantile,0.6,20.75450650000792
2026-09-30,ILI incidence,2026-10-11,3,NO,quantile,0.65,22.46085259202737
2026-09-30,ILI incidence,2026-10-11,3,NO,quantile,0.7,24.259084353341155
2026-09-30,ILI incidence,2026-10-11,3,NO,quantile,0.75,26.199659159444344
2026-09-30,ILI incidence,2026-10-11,3,NO,quantile,0.8,28.360581230712636
2026-09-30,ILI incidence,2026-10-11,3,NO,quantile,0.85,30.879399821771308
2026-09-30,ILI incidence,2026-10-11,3,NO,quantile,0.9,34.048648762755974
2026-09-30,ILI incidence,2026-10-11,3,NO,quantile,0.95,38.74595310763084
2026-09-30,ILI incidence,2026-10-11,3,NO,quantile,0.975,42.820164099123765
2026-09-30,ILI incidence,2026-10-11,3,NO,quantile,0.99,47.55731485841105
2026-09-30,ILI incidence,2026-10-18,4,NO,median,,17.993455542005982
2026-09-30,ILI incidence,2026-10-18,4,NO,quantile,0.01,0.0
2026-09-30,ILI incidence,2026-10-18,4,NO,quantile,0.025,0.0
2026-09-30,ILI incidence,2026-10-18,4,NO,quantile,0.05,0.0
2026-09-30,ILI incidence,2026-10-18,4,NO,quantile,0.1,0.0
2026-09-30,ILI incidence,2026-10-18,4,NO,quantile,0.15,0.0
2026-09-30,ILI incidence,2026-10-18,4,NO,quantile,0.2,2.7723317023827914
2026-09-30,ILI incidence,2026-10-18,4,NO,quantile,0.25,5.794984773027185
2026-09-30,ILI incidence,2026-10-18,4,NO,quantile,0.3,8.50942064948629
2026-09-30,ILI incidence,2026-10-18,4,NO,quantile,0.35,11.024750020838972
2026-09-30,ILI incidence,2026-10-18,4,NO,quantile,0.4,13.411551619657153
2026-09-30,ILI incidence,2026-10-18,4,NO,quantile,0.45,15.720809788743606
2026-09-30,ILI incidence,2026-10-18,4,NO,quantile,0.5,17.993455542005982
2026-09-30,ILI incidence,2026-10-18,4,NO,quantile,0.55,20.26610129526836
2026-09-30,ILI incidence,2026-10-18,4,NO,quantile,0.6,22.57535946435481
2026-09-30,ILI incidence,2026-10-18,4,NO,quantile,0.65,24.962161063172992
2026-09-30,ILI incidence,2026-10-18,4,NO,quantile,0.7,27.47749043452567
2026-09-30,ILI incidence,2026-10-18,4,NO,quantile,0.75,30.19192631098478
2026-09-30,ILI incidence,2026-10-18,4,NO,quantile,0.8,33.21457938162918
2026-09-30,ILI incidence,2026-10-18,4,NO,quantile,0.85,36.73785069709645
2026-09-30,ILI incidence,2026-10-18,4,NO,quantile,0.9,41.17093052467273
2026-09-30,ILI incidence,2026-10-18,4,NO,quantile,0.95,47.74142262643278
2026-09-30,ILI incidence,2026-10-18,4,NO,quantile,0.975,53.440344641080614
2026-09-30,ILI incidence,2026-10-18,4,NO,quantile,0.99,60.06657308265563
2026-09-30,ILI incidence,2026-09-27,1,SI,median,,0.6981970666141777
2026-09-30,ILI incidence,2026-09-27,1,SI,quantile,0.01,0.0
2026-09-30,ILI incidence,2026-09-27,1,SI,quantile,0.025,0.0
2026-09-30,ILI incidence,2026-09-27,1,SI,quantile,0.05,0.0
2026-09-30,ILI incidence,2026-09-27,1,SI,quantile,0.1,0.0
2026-09-30,ILI incidence,2026-09-27,1,SI,quantile,0.15,0.0
2026-09-30,ILI incidence,2026-09-27,1,SI,quantile,0.2,0.0
2026-09-30,ILI incidence,2026-09-27,1,SI,quantile,0.25,0.0
2026-09-30,ILI incidence,2026-09-27,1,SI,quantile,0.3,0.0
2026-09-30,ILI incidence,2026-09-27,1,SI,quantile,0.35,0.0
2026-09-30,ILI incidence,2026-09-27,1,SI,quantile,0.4,0.0
2026-09-30,ILI incidence,2026-09-27,1,SI,quantile,0.45,0.09491958465218941
2026-09-30,ILI incidence,2026-09-27,1,SI,quantile,0.5,0.6981970666141777
2026-09-30,ILI incidence,2026-09-27,1,SI,quantile,0.55,1.3014745485761665
2026-09-30,ILI incidence,2026-09-27,1,SI,quantile,0.6,1.9144708553902847
2026-09-30,ILI incidence,2026-09-27,1,SI,quantile,0.65,2.54805119073771
2026-09-30,ILI incidence,2026-09-27,1,SI,quantile,0.7,3.21574943067519
2026-09-30,ILI incidence,2026-09-27,1,SI,quantile,0.75,3.936300813637899
2026-09-30,ILI incidence,2026-09-27,1,SI,quantile,0.8,4.738668948084456
2026-09-30,ILI incidence,2026-09-27,1,SI,quantile,0.85,5.673927003332545
2026-09-30,ILI incidence,2026-09-27,1,SI,quantile,0.9,6.8506951960337785
2026-09-30,ILI incidence,2026-09-27,1,SI,quantile,0.95,8.594842925485617
2026-09-30,ILI incidence,2026-09-27,1,SI,quantile,0.975,10.107630969094792
2026-09-30,ILI incidence,2026-09-27,1,SI,quantile,0.99,11.866573999877284
2026-09-30,ILI incidence,2026-10-04,2,SI,median,,0.6981970666141777
2026-09-30,ILI incidence,2026-10-04,2,SI,quantile,0.01,0.0
2026-09-30,ILI incidence,2026-10-04,2,SI,quantile,0.025,0.0
2026-09-30,ILI incidence,2026-10-04,2,SI,quantile,0.05,0.0
2026-09-30,ILI incidence,2026-10-04,2,SI,quantile,0.1,0.0
2026-09-30,ILI incidence,2026-10-04,2,SI,quantile,0.15,0.0
2026-09-30,ILI incidence,2026-10-04,2,SI,quantile,0.2,0.0
2026-09-30,ILI incidence,2026-10-04,2,SI,quantile,0.25,0.0
2026-09-30,ILI incidence,2026-10-04,2,SI,quantile,0.3,0.0
2026-09-30,ILI incidence,2026-10-04,2,SI,quantile,0.35,0.0
2026-09-30,ILI incidence,2026-10-04,2,SI,quantile,0.4,0.0
2026-09-30,ILI incidence,2026-10-04,2,SI,quantile,0.45,0.09491958465218941
2026-09-30,ILI incidence,2026-10-04,2,SI,quantile,0.5,0.6981970666141777
2026-09-30,ILI incidence,2026-10-04,2,SI,quantile,0.55,1.3014745485761665
2026-09-30,ILI incidence,2026-10-04,2,SI,quantile,0.6,1.9144708553902847
2026-09-30,ILI incidence,2026-10-04,2,SI,quantile,0.65,2.54805119073771
2026-09-30,ILI incidence,2026-10-04,2,SI,quantile,0.7,3.21574943067519
2026-09-30,ILI incidence,2026-10-04,2,SI,quantile,0.75,3.936300813637899
2026-09-30,ILI incidence,2026-10-04,2,SI,quantile,0.8,4.738668948084456
2026-09-30,ILI incidence,2026-10-04,2,SI,quantile,0.85,5.673927003332545
2026-09-30,ILI incidence,2026-10-04,2,SI,quantile,0.9,6.8506951960337785
2026-09-30,ILI incidence,2026-10-04,2,SI,quantile,0.95,8.594842925485617
2026-09-30,ILI incidence,2026-10-04,2,SI,quantile,0.975,10.107630969094792
2026-09-30,ILI incidence,2026-10-04,2,SI,quantile,0.99,11.866573999877284
2026-09-30,ILI incidence,2026-10-11,3,SI,median,,0.6981970666141777
2026-09-30,ILI incidence,2026-10-11,3,SI,quantile,0.01,0.0
2026-09-30,ILI incidence,2026-10-11,3,SI,quantile,0.025,0.0
2026-09-30,ILI incidence,2026-10-11,3,SI,quantile,0.05,0.0
2026-09-30,ILI incidence,2026-10-11,3,SI,quantile,0.1,0.0
2026-09-30,ILI incidence,2026-10-11,3,SI,quantile,0.15,0.0
2026-09-30,ILI incidence,2026-10-11,3,SI,quantile,0.2,0.0
2026-09-30,ILI incidence,2026-10-11,3,SI,quantile,0.25,0.0
2026-09-30,ILI incidence,2026-10-11,3,SI,quantile,0.3,0.0
2026-09-30,ILI incidence,2026-10-11,3,SI,quantile,0.35,0.0
2026-09-30,ILI incidence,2026-10-11,3,SI,quantile,0.4,0.0
2026-09-30,ILI incidence,2026-10-11,3,SI,quantile,0.45,0.09491958465218941
2026-09-30,ILI incidence,2026-10-11,3,SI,quantile,0.5,0.6981970666141777
2026-09-30,ILI incidence,2026-10-11,3,SI,quantile,0.55,1.3014745485761665
2026-09-30,ILI incidence,2026-10-11,3,SI,quantile,0.6,1.9144708553902847
2026-09-30,ILI incidence,2026-10-11,3,SI,quantile,0.65,2.54805119073771
2026-09-30,ILI incidence,2026-10-11,3,SI,quantile,0.7,3.21574943067519
2026-09-30,ILI incidence,2026-10-11,3,SI,quantile,0.75,3.936300813637899
2026-09-30,ILI incidence,2026-10-11,3,SI,quantile,0.8,4.738668948084456
2026-09-30,ILI incidence,2026-10-11,3,SI,quantile,0.85,5.673927003332545
2026-09-30,ILI incidence,2026-10-11,3,SI,quantile,0.9,6.8506951960337785
2026-09-30,ILI incidence,2026-10-11,3,SI,quantile,0.95,8.594842925485617
2026-09-30,ILI incidence,2026-10-11,3,SI,quantile,0.975,10.107630969094792
2026-09-30,ILI incidence,2026-10-11,3,SI,quantile,0.99,11.866573999877284
2026-09-30,ILI incidence,2026-10-18,4,SI,median,,0.6981970666141777
2026-09-30,ILI incidence,2026-10-18,4,SI,quantile,0.01,0.0
2026-09-30,ILI incidence,2026-10-18,4,SI,quantile,0.025,0.0
2026-09-30,ILI incidence,2026-10-18,4,SI,quantile,0.05,0.0
2026-09-30,ILI incidence,2026-10-18,4,SI,quantile,0.1,0.0
2026-09-30,ILI incidence,2026-10-18,4,SI,quantile,0.15,0.0
2026-09-30,ILI incidence,2026-10-18,4,SI,quantile,0.2,0.0
2026-09-30,ILI incidence,2026-10-18,4,SI,quantile,0.25,0.0
2026-09-30,ILI incidence,2026-10-18,4,SI,quantile,0.3,0.0
2026-09-30,ILI incidence,2026-10-18,4,SI,quantile,0.35,0.0
2026-09-30,ILI incidence,2026-10-18,4,SI,quantile,0.4,0.0
2026-09-30,ILI incidence,2026-10-18,4,SI,quantile,0.45,0.09491958465218941
2026-09-30,ILI incidence,2026-10-18,4,SI,quantile,0.5,0.6981970666141777
2026-09-30,ILI incidence,2026-10-18,4,SI,quantile,0.55,1.3014745485761665
2026-09-30,ILI incidence,2026-10-18,4,SI,quantile,0.6,1.9144708553902847
2026-09-30,ILI incidence,2026-10-18,4,SI,quantile,0.65,2.54805119073771
2026-09-30,ILI incidence,2026-10-18,4,SI,quantile,0.7,3.21574943067519
2026-09-30,ILI incidence,2026-10-18,4,SI,quantile,0.75,3.936300813637899
2026-09-30,ILI incidence,2026-10-18,4,SI,quantile,0.8,4.738668948084456
2026-09-30,ILI incidence,2026-10-18,4,SI,quantile,0.85,5.673927003332545
2026-09-30,ILI incidence,2026-10-18,4,SI,quantile,0.9,6.8506951960337785
2026-09-30,ILI incidence,2026-10-18,4,SI,quantile,0.95,8.594842925485617
2026-09-30,ILI incidence,2026-10-18,4,SI,quantile,0.975,10.107630969094792
2026-09-30,ILI incidence,2026-10-18,4,SI,quantile,0.99,11.866573999877284
2026-09-30,ILI incidence,2026-09-27,1,SK,median,,70.84951021756422
2026-09-30,ILI incidence,2026-09-27,1,SK,quantile,0.01,0.0
2026-09-30,ILI incidence,2026-09-27,1,SK,quantile,0.025,0.0
2026-09-30,ILI incidence,2026-09-27,1,SK,quantile,0.05,8.116669335579395
2026-09-30,ILI incidence,2026-09-27,1,SK,quantile,0.1,21.972595502441173
2026-09-30,ILI incidence,2026-09-27,1,SK,quantile,0.15,31.32112310606575
2026-09-30,ILI incidence,2026-09-27,1,SK,quantile,0.2,38.75103649107071
2026-09-30,ILI incidence,2026-09-27,1,SK,quantile,0.25,45.1252406033727
2026-09-30,ILI incidence,2026-09-27,1,SK,quantile,0.3,50.84947289927989
2026-09-30,ILI incidence,2026-09-27,1,SK,quantile,0.35,56.15382720258475
2026-09-30,ILI incidence,2026-09-27,1,SK,quantile,0.4,61.18714072248281
2026-09-30,ILI incidence,2026-09-27,1,SK,quantile,0.45,66.05692980304698
2026-09-30,ILI incidence,2026-09-27,1,SK,quantile,0.5,70.84951021756422
2026-09-30,ILI incidence,2026-09-27,1,SK,quantile,0.55,75.64209063208145
2026-09-30,ILI incidence,2026-09-27,1,SK,quantile,0.6,80.51187971264562
2026-09-30,ILI incidence,2026-09-27,1,SK,quantile,0.65,85.54519323254368
2026-09-30,ILI incidence,2026-09-27,1,SK,quantile,0.7,90.84954753584853
2026-09-30,ILI incidence,2026-09-27,1,SK,quantile,0.75,96.57377983175573
2026-09-30,ILI incidence,2026-09-27,1,SK,quantile,0.8,102.94798394405773
2026-09-30,ILI incidence,2026-09-27,1,SK,quantile,0.85,110.37789732906268
2026-09-30,ILI incidence,2026-09-27,1,SK,quantile,0.9,119.72642493268725
2026-09-30,ILI incidence,2026-09-27,1,SK,quantile,0.95,133.58235109954902
2026-09-30,ILI incidence,2026-09-27,1,SK,quantile,0.975,145.60030065990406
2026-09-30,ILI incidence,2026-09-27,1,SK,quantile,0.99,159.5737642345165
2026-09-30,ILI incidence,2026-10-04,2,SK,median,,70.84951021756422
2026-09-30,ILI incidence,2026-10-04,2,SK,quantile,0.01,0.0
2026-09-30,ILI incidence,2026-10-04,2,SK,quantile,0.025,0.0
2026-09-30,ILI incidence,2026-10-04,2,SK,quantile,0.05,8.116669335579395
2026-09-30,ILI incidence,2026-10-04,2,SK,quantile,0.1,21.972595502441173
2026-09-30,ILI incidence,2026-10-04,2,SK,quantile,0.15,31.32112310606575
2026-09-30,ILI incidence,2026-10-04,2,SK,quantile,0.2,38.75103649107071
2026-09-30,ILI incidence,2026-10-04,2,SK,quantile,0.25,45.1252406033727
2026-09-30,ILI incidence,2026-10-04,2,SK,quantile,0.3,50.84947289927989
2026-09-30,ILI incidence,2026-10-04,2,SK,quantile,0.35,56.15382720258475
2026-09-30,ILI incidence,2026-10-04,2,SK,quantile,0.4,61.18714072248281
2026-09-30,ILI incidence,2026-10-04,2,SK,quantile,0.45,66.05692980304698
2026-09-30,ILI incidence,2026-10-04,2,SK,quantile,0.5,70.84951021756422
2026-09-30,ILI incidence,2026-10-04,2,SK,quantile,0.55,75.64209063208145
2026-09-30,ILI incidence,2026-10-04,2,SK,quantile,0.6,80.51187971264562
2026-09-30,ILI incidence,2026-10-04,2,SK,quantile,0.65,85.54519323254368
2026-09-30,ILI incidence,2026-10-04,2,SK,quantile,0.7,90.84954753584853
2026-09-30,ILI incidence,2026-10-04,2,SK,quantile,0.75,96.57377983175573
2026-09-30,ILI incidence,2026-10-04,2,SK,quantile,0.8,102.94798394405773
2026-09-30,ILI incidence,2026-10-04,2,SK,quantile,0.85,110.37789732906268
2026-09-30,ILI incidence,2026-10-04,2,SK,quantile,0.9,119.72642493268725
2026-09-30,ILI incidence,2026-10-04,2,SK,quantile,0.95,133.58235109954902
2026-09-30,ILI incidence,2026-10-04,2,SK,quantile,0.975,145.60030065990406
2026-09-30,ILI incidence,2026-10-04,2,SK,quantile,0.99,159.5737642345165
2026-09-30,ILI incidence,2026-10-11,3,SK,median,,70.84951021756422
2026-09-30,ILI incidence,2026-10-11,3,SK,quantile,0.01,0.0
2026-09-30,ILI incidence,2026-10-11,3,SK,quantile,0.025,0.0
2026-09-30,ILI incidence,2026-10-11,3,SK,quantile,0.05,8.116669335579395
2026-09-30,ILI incidence,2026-10-11,3,SK,quantile,0.1,21.972595502441173
2026-09-30,ILI incidence,2026-10-11,3,SK,quantile,0.15,31.32112310606575
2026-09-30,ILI incidence,2026-10-11,3,SK,quantile,0.2,38.75103649107071
2026-09-30,ILI incidence,2026-10-11,3,SK,quantile,0.25,45.1252406033727
2026-09-30,ILI incidence,2026-10-11,3,SK,quantile,0.3,50.84947289927989
2026-09-30,ILI incidence,2026-10-11,3,SK,quantile,0.35,56.15382720258475
2026-09-30,ILI incidence,2026-10-11,3,SK,quantile,0.4,61.18714072248281
2026-09-30,ILI incidence,2026-10-11,3,SK,quantile,0.45,66.05692980304698
2026-09-30,ILI incidence,2026-10-11,3,SK,quantile,0.5,70.84951021756422
2026-09-30,ILI incidence,2026-10-11,3,SK,quantile,0.55,75.64209063208145
2026-09-30,ILI incidence,2026-10-11,3,SK,quantile,0.6,80.51187971264562
2026-09-30,ILI incidence,2026-10-11,3,SK,quantile,0.65,85.54519323254368
2026-09-30,ILI incidence,2026-10-11,3,SK,quantile,0.7,90.84954753584853
2026-09-30,ILI incidence,2026-10-11,3,SK,quantile,0.75,96.57377983175573
2026-09-30,ILI incidence,2026-10-11,3,SK,quantile,0.8,102.94798394405773
2026-09-30,ILI incidence,2026-10-11,3,SK,quantile,0.85,110.37789732906268
2026-09-30,ILI incidence,2026-10-11,3,SK,quantile,0.9,119.72642493268725
2026-09-30,ILI incidence,2026-10-11,3,SK,quantile,0.95,133.58235109954902
2026-09-30,ILI incidence,2026-10-11,3,SK,quantile,0.975,145.60030065990406
2026-09-30,ILI incidence,2026-10-11,3,SK,quantile,0.99,159.5737642345165
2026-09-30,ILI incidence,2026-10-18,4,SK,median,,70.84951021756422
2026-09-30,ILI incidence,2026-10-18,4,SK,quantile,0.01,0.0
2026-09-30,ILI incidence,2026-10-18,4,SK,quantile,0.025,0.0
2026-09-30,ILI incidence,2026-10-18,4,SK,quantile,0.05,8.116669335579395
2026-09-30,ILI incidence,2026-10-18,4,SK,quantile,0.1,21.972595502441173
2026-09-30,ILI incidence,2026-10-18,4,SK,quantile,0.15,31.32112310606575
2026-09-30,ILI incidence,2026-10-18,4,SK,quantile,0.2,38.75103649107071
2026-09-30,ILI incidence,2026-10-18,4,SK,quantile,0.25,45.1252406033727
2026-09-30,ILI incidence,2026-10-18,4,SK,quantile,0.3,50.84947289927989
2026-09-30,ILI incidence,2026-10-18,4,SK,quantile,0.35,56.15382720258475
2026-09-30,ILI incidence,2026-10-18,4,SK,quantile,0.4,61.18714072248281
2026-09-30,ILI incidence,2026-10-18,4,SK,quantile,0.45,66.05692980304698
2026-09-30,ILI incidence,2026-10-18,4,SK,quantile,0.5,70.84951021756422
2026-09-30,ILI incidence,2026-10-18,4,SK,quantile,0.55,75.64209063208145
2026-09-30,ILI incidence,2026-10-18,4,SK,quantile,0.6,80.51187971264562
2026-09-30,ILI incidence,2026-10-18,4,SK,quantile,0.65,85.54519323254368
2026-09-30,ILI incidence,2026-10-18,4,SK,quantile,0.7,90.84954753584853
2026-09-30,ILI incidence,2026-10-18,4,SK,quantile,0.75,96.57377983175573
2026-09-30,ILI incidence,2026-10-18,4,SK,quantile,0.8,102.94798394405773
2026-09-30,ILI incidence,2026-10-18,4,SK,quantile,0.85,110.37789732906268
2026-09-30,ILI incidence,2026-10-18,4,SK,quantile,0.9,119.72642493268725
2026-09-30,ILI incidence,2026-10-18,4,SK,quantile,0.95,133.58235109954902
2026-09-30,ILI incidence,2026-10-18,4,SK,quantile,0.975,145.60030065990406
2026-09-30,ILI incidence,2026-10-18,4,SK,quantile,0.99,159.5737642345165
