origin_date,target,target_end_date,horizon,location,output_type,output_type_id,value
2026-10-07,ARI incidence,2026-10-04,1,BE,median,,857.6588433886857
2026-10-07,ARI incidence,2026-10-04,1,BE,quantile,0.01,444.96335713255917
2026-10-07,ARI incidence,2026-10-04,1,BE,quantile,0.025,509.9600754313132
2026-10-07,ARI incidence,2026-10-04,1,BE,quantile,0.05,565.860838898591
2026-10-07,ARI incidence,2026-10-04,1,BE,quantile,0.1,630.3108390740722
2026-10-07,ARI incidence,2026-10-04,1,BE,quantile,0.15,673.794948215407
2026-10-07,ARI incidence,2026-10-04,1,BE,quantile,0.2,708.3547396866281
2026-10-07,ARI incidence,2026-10-04,1,BE,quantile,0.25,738.0039635067534
2026-10-07,ARI incidence,2026-10-04,1,BE,quantile,0.3,764.6298828450109
2026-10-07,ARI incidence,2026-10-04,1,BE,quantile,0.35,789.30276516712
2026-10-07,ARI incidence,2026-10-04,1,BE,quantile,0.4,812.7149177243788
2026-10-07,ARI incidence,2026-10-04,1,BE,quantile,0.45,835.3664462701607
2026-10-07,ARI incidence,2026-10-04,1,BE,quantile,0.5,857.6588433886857
2026-10-07,ARI incidence,2026-10-04,1,BE,quantile,0.55,879.9512405072106
2026-10-07,ARI incidence,2026-10-04,1,BE,quantile,0.6,902.6027690529926
2026-10-07,ARI incidence,2026-10-04,1,BE,quantile,0.65,926.0149216102513
2026-10-07,ARI incidence,2026-10-04,1,BE,quantile,0.7,950.6878039323603
2026-10-07,ARI incidence,2026-10-04,1,BE,quantile,0.75,977.313723270618
2026-10-07,ARI incidence,2026-10-04,1,BE,quantile,0.8,1006.9629470907432
2026-10-07,ARI incidence,2026-10-04,1,BE,quantile,0.85,1041.5227385619644
2026-10-07,ARI incidence,2026-10-04,1,BE,quantile,0.9,1085.0068477032992
2026-10-07,ARI incidence,2026-10-04,1,BE,quantile,0.95,1149.4568478787803
2026-10-07,ARI incidence,2026-10-04,1,BE,quantile,0.975,1205.357611346058
2026-10-07,ARI incidence,2026-10-04,1,BE,quantile,0.99,1270.3543296448122
2026-10-07,ARI incidence,2026-10-11,2,BE,median,,1166.7696022621399
2026-10-07,ARI incidence,2026-10-11,2,BE,quantile,0.01,606.9013482173933
2026-10-07,ARI incidence,2026-10-11,2,BE,quantile,0.025,695.0767715123736
2026-10-07,ARI incidence,2026-10-11,2,BE,quantile,0.05,770.9124999961342
2026-10-07,ARI incidence,2026-10-11,2,BE,quantile,0.1,858.3462381229335
2026-10-07,ARI incidence,2026-10-11,2,BE,quantile,0.15,917.3373661444818
2026-10-07,ARI incidence,2026-10-11,2,BE,quantile,0.2,964.2216446391944
2026-10-07,ARI incidence,2026-10-11,2,BE,quantile,0.25,1004.4441809323426
2026-10-07,ARI incidence,2026-10-11,2,BE,quantile,0.3,1040.5652616533343
2026-10-07,ARI incidence,2026-10-11,2,BE,quantile,0.35,1074.03682605847
2026-10-07,ARI incidence,2026-10-11,2,BE,quantile,0.4,1105.7980674875241
2026-10-07,ARI incidence,2026-10-11,2,BE,quantile,0.45,1136.5274361399863
2026-10-07,ARI incidence,2026-10-11,2,BE,quantile,0.5,1166.7696022621399
2026-10-07,ARI incidence,2026-10-11,2,BE,quantile,0.55,1197.0117683842934
2026-10-07,ARI incidence,2026-10-11,2,BE,quantile,0.6,1227.7411370367556
2026-10-07,ARI incidence,2026-10-11,2,BE,quantile,0.65,1259.5023784658097
2026-10-07,ARI incidence,2026-10-11,2,BE,quantile,0.7,1292.9739428709454
2026-10-07,ARI incidence,2026-10-11,2,BE,quantile,0.75,1329.095023591937
2026-10-07,ARI incidence,2026-10-11,2,BE,quantile,0.8,1369.3175598850853
2026-10-07,ARI incidence,2026-10-11,2,BE,quantile,0.85,1416.201838379798
2026-10-07,ARI incidence,2026-10-11,2,BE,quantile,0.9,1475.1929664013462
2026-10-07,ARI incidence,2026-10-11,2,BE,quantile,0.95,1562.6267045281454
2026-10-07,ARI incidence,2026-10-11,2,BE,quantile,0.975,1638.462433011906
2026-10-07,ARI incidence,2026-10-11,2,BE,quantile,0.99,1726.6378563068865
2026-10-07,ARI incidence,2026-10-18,3,BE,median,,1387.6596262243236
2026-10-07,ARI incidence,2026-10-18,3,BE,quantile,0.01,511.2521951715921
2026-10-07,ARI incidence,2026-10-18,3,BE,quantile,0.025,649.2803752901322
2026-10-07,ARI incidence,2026-10-18,3,BE,quantile,0.05,767.992224912442
2026-10-07,ARI incidence,2026-10-18,3,BE,quantile,0.1,904.8593847584458
2026-10-07,ARI incidence,2026-10-18,3,BE,quantile,0.15,997.2030077282452
2026-10-07,ARI incidence,2026-10-18,3,BE,quantile,0.2,1070.5947919122223
2026-10-07,ARI incidence,2026-10-18,3,BE,quantile,0.25,1133.5584078136978
2026-10-07,ARI incidence,2026-10-18,3,BE,quantile,0.3,1190.1016808655802
2026-10-07,ARI incidence,2026-10-18,3,BE,quantile,0.35,1242.4974499803557
2026-10-07,ARI incidence,2026-10-18,3,BE,quantile,0.4,1292.2159110768443
2026-10-07,ARI incidence,2026-10-18,3,BE,quantile,0.45,1340.31909757476
2026-10-07,ARI incidence,2026-10-18,3,BE,quantile,0.5,1387.6596262243236
2026-10-07,ARI incidence,2026-10-18,3,BE,quantile,0.55,1435.0001548738871
2026-10-07,ARI incidence,2026-10-18,3,BE,quantile,0.6,1483.1033413718028
2026-10-07,ARI incidence,2026-10-18,3,BE,quantile,0.65,1532.8218024682915
2026-10-07,ARI incidence,2026-10-18,3,BE,quantile,0.7,1585.217571583067
2026-10-07,ARI incidence,2026-10-18,3,BE,quantile,0.75,1641.7608446349493
2026-10-07,ARI incidence,2026-10-18,3,BE,quantile,0.8,1704.724460536425
2026-10-07,ARI incidence,2026-10-18,3,BE,quantile,0.85,1778.116244720402
2026-10-07,ARI incidence,2026-10-18,3,BE,quantile,0.9,1870.4598676902015
2026-10-07,ARI incidence,2026-10-18,3,BE,quantile,0.95,2007.327027536205
2026-10-07,ARI incidence,2026-10-18,3,BE,quantile,0.975,2126.038877158515
2026-10-07,ARI incidence,2026-10-18,3,BE,quantile,0.99,2264.067057277055
2026-10-07,ARI incidence,2026-10-25,4,BE,median,,1432.1033208084225
2026-10-07,ARI incidence,2026-10-25,4,BE,quantile,0.01,110.11265217139612
2026-10-07,ARI incidence,2026-10-25,4,BE,quantile,0.025,318.31714663406547
2026-10-07,ARI incidence,2026-10-25,4,BE,quantile,0.05,497.3844980699447
2026-10-07,ARI incidence,2026-10-25,4,BE,quantile,0.1,703.8376861059355
2026-10-07,ARI incidence,2026-10-25,4,BE,quantile,0.15,843.1306719351094
2026-10-07,ARI incidence,2026-10-25,4,BE,quantile,0.2,953.8363213946268
2026-10-07,ARI incidence,2026-10-25,4,BE,quantile,0.25,1048.8119112129525
2026-10-07,ARI incidence,2026-10-25,4,BE,quantile,0.3,1134.1029262138127
2026-10-07,ARI incidence,2026-10-25,4,BE,quantile,0.35,1213.1377625143114
2026-10-07,ARI incidence,2026-10-25,4,BE,quantile,0.4,1288.1340933299919
2026-10-07,ARI incidence,2026-10-25,4,BE,quantile,0.45,1360.6939113196281
2026-10-07,ARI incidence,2026-10-25,4,BE,quantile,0.5,1432.1033208084225
2026-10-07,ARI incidence,2026-10-25,4,BE,quantile,0.55,1503.5127302972169
2026-10-07,ARI incidence,2026-10-25,4,BE,quantile,0.6,1576.0725482868531
2026-10-07,ARI incidence,2026-10-25,4,BE,quantile,0.65,1651.0688791025336
2026-10-07,ARI incidence,2026-10-25,4,BE,quantile,0.7,1730.1037154030323
2026-10-07,ARI incidence,2026-10-25,4,BE,quantile,0.75,1815.3947304038925
2026-10-07,ARI incidence,2026-10-25,4,BE,quantile,0.8,1910.3703202222182
2026-10-07,ARI incidence,2026-10-25,4,BE,quantile,0.85,2021.0759696817356
2026-10-07,ARI incidence,2026-10-25,4,BE,quantile,0.9,2160.3689555109095
2026-10-07,ARI incidence,2026-10-25,4,BE,quantile,0.95,2366.8221435469
2026-10-07,ARI incidence,2026-10-25,4,BE,quantile,0.975,2545.889494982779
2026-10-07,ARI incidence,2026-10-25,4,BE,quantile,0.99,2754.0939894454486
2026-10-07,ARI incidence,2026-10-04,1,BG,median,,266.87695984956633
2026-10-07,ARI incidence,2026-10-04,1,BG,quantile,0.01,0.0
2026-10-07,ARI incidence,2026-10-04,1,BG,quantile,0.025,20.318415428864
2026-10-07,ARI incidence,2026-10-04,1,BG,quantile,0.05,59.95850663041739
2026-10-07,ARI incidence,2026-10-04,1,BG,quantile,0.1,105.66099308020782
2026-10-07,ARI incidence,2026-10-04,1,BG,quantile,0.15,136.49624371484018
2026-10-07,ARI incidence,2026-10-04,1,BG,quantile,0.2,161.0031234219088
2026-10-07,ARI incidence,2026-10-04,1,BG,quantile,0.25,182.0278440766278
2026-10-07,ARI incidence,2026-10-04,1,BG,quantile,0.3,200.90869302087438
2026-10-07,ARI incidence,2026-10-04,1,BG,quantile,0.35,218.40461337670467
2026-10-07,ARI incidence,2026-10-04,1,BG,quantile,0.4,235.00653086460568
2026-10-07,ARI incidence,2026-10-04,1,BG,quantile,0.45,251.0690781665757
2026-10-07,ARI incidence,2026-10-04,1,BG,quantile,0.5,266.87695984956633
2026-10-07,ARI incidence,2026-10-04,1,BG,quantile,0.55,282.68484153255696
2026-10-07,ARI incidence,2026-10-04,1,BG,quantile,0.6,298.747388834527
2026-10-07,ARI incidence,2026-10-04,1,BG,quantile,0.65,315.349306322428
2026-10-07,ARI incidence,2026-10-04,1,BG,quantile,0.7,332.84522667825826
2026-10-07,ARI incidence,2026-10-04,1,BG,quantile,0.75,351.7260756225049
2026-10-07,ARI incidence,2026-10-04,1,BG,quantile,0.8,372.7507962772239
2026-10-07,ARI incidence,2026-10-04,1,BG,quantile,0.85,397.2576759842925
2026-10-07,ARI incidence,2026-10-04,1,BG,quantile,0.9,428.0929266189248
2026-10-07,ARI incidence,2026-10-04,1,BG,quantile,0.95,473.7954130687152
2026-10-07,ARI incidence,2026-10-04,1,BG,quantile,0.975,513.4355042702687
2026-10-07,ARI incidence,2026-10-04,1,BG,quantile,0.99,559.5256769505122
2026-10-07,ARI incidence,2026-10-11,2,BG,median,,266.87695984956633
2026-10-07,ARI incidence,2026-10-11,2,BG,quantile,0.01,0.0
2026-10-07,ARI incidence,2026-10-11,2,BG,quantile,0.025,20.318415428864
2026-10-07,ARI incidence,2026-10-11,2,BG,quantile,0.05,59.95850663041739
2026-10-07,ARI incidence,2026-10-11,2,BG,quantile,0.1,105.66099308020782
2026-10-07,ARI incidence,2026-10-11,2,BG,quantile,0.15,136.49624371484018
2026-10-07,ARI incidence,2026-10-11,2,BG,quantile,0.2,161.0031234219088
2026-10-07,ARI incidence,2026-10-11,2,BG,quantile,0.25,182.0278440766278
2026-10-07,ARI incidence,2026-10-11,2,BG,quantile,0.3,200.90869302087438
2026-10-07,ARI incidence,2026-10-11,2,BG,quantile,0.35,218.40461337670467
2026-10-07,ARI incidence,2026-10-11,2,BG,quantile,0.4,235.00653086460568
2026-10-07,ARI incidence,2026-10-11,2,BG,quantile,0.45,251.0690781665757
2026-10-07,ARI incidence,2026-10-11,2,BG,quantile,0.5,266.87695984956633
2026-10-07,ARI incidence,2026-10-11,2,BG,quantile,0.55,282.68484153255696
2026-10-07,ARI incidence,2026-10-11,2,BG,quantile,0.6,298.747388834527
2026-10-07,ARI incidence,2026-10-11,2,BG,quantile,0.65,315.349306322428
2026-10-07,ARI incidence,2026-10-11,2,BG,quantile,0.7,332.84522667825826
2026-10-07,ARI incidence,2026-10-11,2,BG,quantile,0.75,351.7260756225049
2026-10-07,ARI incidence,2026-10-11,2,BG,quantile,0.8,372.7507962772239
2026-10-07,ARI incidence,2026-10-11,2,BG,quantile,0.85,397.2576759842925
2026-10-07,ARI incidence,2026-10-11,2,BG,quantile,0.9,428.0929266189248
2026-10-07,ARI incidence,2026-10-11,2,BG,quantile,0.95,473.7954130687152
2026-10-07,ARI incidence,2026-10-11,2,BG,quantile,0.975,513.4355042702687
2026-10-07,ARI incidence,2026-10-11,2,BG,quantile,0.99,559.5256769505122
2026-10-07,ARI incidence,2026-10-18,3,BG,median,,266.87695984956633
2026-10-07,ARI incidence,2026-10-18,3,BG,quantile,0.01,0.0
2026-10-07,ARI incidence,2026-10-18,3,BG,quantile,0.025,20.318415428864
2026-10-07,ARI incidence,2026-10-18,3,BG,quantile,0.05,59.95850663041739
2026-10-07,ARI incidence,2026-10-18,3,BG,quantile,0.1,105.66099308020782
2026-10-07,ARI incidence,2026-10-18,3,BG,quantile,0.15,136.49624371484018
2026-10-07,ARI incidence,2026-10-18,3,BG,quantile,0.2,161.0031234219088
2026-10-07,ARI incidence,2026-10-18,3,BG,quantile,0.25,182.0278440766278
2026-10-07,ARI incidence,2026-10-18,3,BG,quantile,0.3,200.90869302087438
2026-10-07,ARI incidence,2026-10-18,3,BG,quantile,0.35,218.40461337670467
2026-10-07,ARI incidence,2026-10-18,3,BG,quantile,0.4,235.00653086460568
2026-10-07,ARI incidence,2026-10-18,3,BG,quantile,0.45,251.0690781665757
2026-10-07,ARI incidence,2026-10-18,3,BG,quantile,0.5,266.87695984956633
2026-10-07,ARI incidence,2026-10-18,3,BG,quantile,0.55,282.68484153255696
2026-10-07,ARI incidence,2026-10-18,3,BG,quantile,0.6,298.747388834527
2026-10-07,ARI incidence,2026-10-18,3,BG,quantile,0.65,315.349306322428
2026-10-07,ARI incidence,2026-10-18,3,BG,quantile,0.7,332.84522667825826
2026-10-07,ARI incidence,2026-10-18,3,BG,quantile,0.75,351.7260756225049
2026-10-07,ARI incidence,2026-10-18,3,BG,quantile,0.8,372.7507962772239
2026-10-07,ARI incidence,2026-10-18,3,BG,quantile,0.85,397.2576759842925
2026-10-07,ARI incidence,2026-10-18,3,BG,quantile,0.9,428.0929266189248
2026-10-07,ARI incidence,2026-10-18,3,BG,quantile,0.95,473.7954130687152
2026-10-07,ARI incidence,2026-10-18,3,BG,quantile,0.975,513.4355042702687
2026-10-07,ARI incidence,2026-10-18,3,BG,quantile,0.99,559.5256769505122
2026-10-07,ARI incidence,2026-10-25,4,BG,median,,266.87695984956633
2026-10-07,ARI incidence,2026-10-25,4,BG,quantile,0.01,0.0
2026-10-07,ARI incidence,2026-10-25,4,BG,quantile,0.025,20.318415428864
2026-10-07,ARI incidence,2026-10-25,4,BG,quantile,0.05,59.95850663041739
2026-10-07,ARI incidence,2026-10-25,4,BG,quantile,0.1,105.66099308020782
2026-10-07,ARI incidence,2026-10-25,4,BG,quantile,0.15,136.49624371484018
2026-10-07,ARI incidence,2026-10-25,4,BG,quantile,0.2,161.0031234219088
2026-10-07,ARI incidence,2026-10-25,4,BG,quantile,0.25,182.0278440766278
2026-10-07,ARI incidence,2026-10-25,4,BG,quantile,0.3,200.90869302087438
2026-10-07,ARI incidence,2026-10-25,4,BG,quantile,0.35,218.40461337670467
2026-10-07,ARI incidence,2026-10-25,4,BG,quantile,0.4,235.00653086460568
2026-10-07,ARI incidence,2026-10-25,4,BG,quantile,0.45,251.0690781665757
2026-10-07,ARI incidence,2026-10-25,4,BG,quantile,0.5,266.87695984956633
2026-10-07,ARI incidence,2026-10-25,4,BG,quantile,0.55,282.68484153255696
2026-10-07,ARI incidence,2026-10-25,4,BG,quantile,0.6,298.747388834527
2026-10-07,ARI incidence,2026-10-25,4,BG,quantile,0.65,315.349306322428
2026-10-07,ARI incidence,2026-10-25,4,BG,quantile,0.7,332.84522667825826
2026-10-07,ARI incidence,2026-10-25,4,BG,quantile,0.75,351.7260756225049
2026-10-07,ARI incidence,2026-10-25,4,BG,quantile,0.8,372.7507962772239
2026-10-07,ARI incidence,2026-10-25,4,BG,quantile,0.85,397.2576759842925
2026-10-07,ARI incidence,2026-10-25,4,BG,quantile,0.9,428.0929266189248
2026-10-07,ARI incidence,2026-10-25,4,BG,quantile,0.95,473.7954130687152
2026-10-07,ARI incidence,2026-10-25,4,BG,quantile,0.975,513.4355042702687
2026-10-07,ARI incidence,2026-10-25,4,BG,quantile,0.99,559.5256769505122
2026-10-07,ARI incidence,2026-10-04,1,DE,median,,1002.2929357215123
2026-10-07,ARI incidence,2026-10-04,1,DE,quantile,0.01,469.20480624708864
2026-10-07,ARI incidence,2026-10-04,1,DE,quantile,0.025,553.162542965234
2026-10-07,ARI incidence,2026-10-04,1,DE,quantile,0.05,625.370828312142
2026-10-07,ARI incidence,2026-10-04,1,DE,quantile,0.1,708.6223568177156
2026-10-07,ARI incidence,2026-10-04,1,DE,quantile,0.15,764.7917678629079
2026-10-07,ARI incidence,2026-10-04,1,DE,quantile,0.2,809.4334351550613
2026-10-07,ARI incidence,2026-10-04,1,DE,quantile,0.25,847.7320107223013
2026-10-07,ARI incidence,2026-10-04,1,DE,quantile,0.3,882.1253152489215
2026-10-07,ARI incidence,2026-10-04,1,DE,quantile,0.35,913.9958375198455
2026-10-07,ARI incidence,2026-10-04,1,DE,quantile,0.4,944.2378465297845
2026-10-07,ARI incidence,2026-10-04,1,DE,quantile,0.45,973.4973402348194
2026-10-07,ARI incidence,2026-10-04,1,DE,quantile,0.5,1002.2929357215123
2026-10-07,ARI incidence,2026-10-04,1,DE,quantile,0.55,1031.0885312082053
2026-10-07,ARI incidence,2026-10-04,1,DE,quantile,0.6,1060.3480249132401
2026-10-07,ARI incidence,2026-10-04,1,DE,quantile,0.65,1090.5900339231791
2026-10-07,ARI incidence,2026-10-04,1,DE,quantile,0.7,1122.460556194103
2026-10-07,ARI incidence,2026-10-04,1,DE,quantile,0.75,1156.8538607207233
2026-10-07,ARI incidence,2026-10-04,1,DE,quantile,0.8,1195.1524362879634
2026-10-07,ARI incidence,2026-10-04,1,DE,quantile,0.85,1239.7941035801168
2026-10-07,ARI incidence,2026-10-04,1,DE,quantile,0.9,1295.963514625309
2026-10-07,ARI incidence,2026-10-04,1,DE,quantile,0.95,1379.2150431308826
2026-10-07,ARI incidence,2026-10-04,1,DE,quantile,0.975,1451.4233284777906
2026-10-07,ARI incidence,2026-10-04,1,DE,quantile,0.99,1535.3810651959361
2026-10-07,ARI incidence,2026-10-11,2,DE,median,,1315.7464659141192
2026-10-07,ARI incidence,2026-10-11,2,DE,quantile,0.01,176.4763193252229
2026-10-07,ARI incidence,2026-10-11,2,DE,quantile,0.025,355.90358046580786
2026-10-07,ARI incidence,2026-10-11,2,DE,quantile,0.05,510.22092366609684
2026-10-07,ARI incidence,2026-10-11,2,DE,quantile,0.1,688.1389372932323
2026-10-07,ARI incidence,2026-10-11,2,DE,quantile,0.15,808.1793764197957
2026-10-07,ARI incidence,2026-10-11,2,DE,quantile,0.2,903.5837120782289
2026-10-07,ARI incidence,2026-10-11,2,DE,quantile,0.25,985.4321371100395
2026-10-07,ARI incidence,2026-10-11,2,DE,quantile,0.3,1058.9345524205255
2026-10-07,ARI incidence,2026-10-11,2,DE,quantile,0.35,1127.0454942553358
2026-10-07,ARI incidence,2026-10-11,2,DE,quantile,0.4,1191.676117473047
2026-10-07,ARI incidence,2026-10-11,2,DE,quantile,0.45,1254.2069934002914
2026-10-07,ARI incidence,2026-10-11,2,DE,quantile,0.5,1315.7464659141192
2026-10-07,ARI incidence,2026-10-11,2,DE,quantile,0.55,1377.2859384279473
2026-10-07,ARI incidence,2026-10-11,2,DE,quantile,0.6,1439.8168143551914
2026-10-07,ARI incidence,2026-10-11,2,DE,quantile,0.65,1504.4474375729026
2026-10-07,ARI incidence,2026-10-11,2,DE,quantile,0.7,1572.558379407713
2026-10-07,ARI incidence,2026-10-11,2,DE,quantile,0.75,1646.0607947181988
2026-10-07,ARI incidence,2026-10-11,2,DE,quantile,0.8,1727.9092197500095
2026-10-07,ARI incidence,2026-10-11,2,DE,quantile,0.85,1823.3135554084427
2026-10-07,ARI incidence,2026-10-11,2,DE,quantile,0.9,1943.3539945350062
2026-10-07,ARI incidence,2026-10-11,2,DE,quantile,0.95,2121.272008162141
2026-10-07,ARI incidence,2026-10-11,2,DE,quantile,0.975,2275.5893513624305
2026-10-07,ARI incidence,2026-10-11,2,DE,quantile,0.99,2455.0166125030155
2026-10-07,ARI incidence,2026-10-18,3,DE,median,,1534.497806834686
2026-10-07,ARI incidence,2026-10-18,3,DE,quantile,0.01,0.0
2026-10-07,ARI incidence,2026-10-18,3,DE,quantile,0.025,31.423831419491307
2026-10-07,ARI incidence,2026-10-18,3,DE,quantile,0.05,273.0783626308496
2026-10-07,ARI incidence,2026-10-18,3,DE,quantile,0.1,551.6905606215741
2026-10-07,ARI incidence,2026-10-18,3,DE,quantile,0.15,739.6688878915384
2026-10-07,ARI incidence,2026-10-18,3,DE,quantile,0.2,889.068103371465
2026-10-07,ARI incidence,2026-10-18,3,DE,quantile,0.25,1017.2393274948541
2026-10-07,ARI incidence,2026-10-18,3,DE,quantile,0.3,1132.34104805587
2026-10-07,ARI incidence,2026-10-18,3,DE,quantile,0.35,1238.999945741094
2026-10-07,ARI incidence,2026-10-18,3,DE,quantile,0.4,1340.2088094480262
2026-10-07,ARI incidence,2026-10-18,3,DE,quantile,0.45,1438.1295563651204
2026-10-07,ARI incidence,2026-10-18,3,DE,quantile,0.5,1534.497806834686
2026-10-07,ARI incidence,2026-10-18,3,DE,quantile,0.55,1630.8660573042516
2026-10-07,ARI incidence,2026-10-18,3,DE,quantile,0.6,1728.7868042213456
2026-10-07,ARI incidence,2026-10-18,3,DE,quantile,0.65,1829.9956679282777
2026-10-07,ARI incidence,2026-10-18,3,DE,quantile,0.7,1936.6545656135015
2026-10-07,ARI incidence,2026-10-18,3,DE,quantile,0.75,2051.7562861745178
2026-10-07,ARI incidence,2026-10-18,3,DE,quantile,0.8,2179.927510297907
2026-10-07,ARI incidence,2026-10-18,3,DE,quantile,0.85,2329.3267257778334
2026-10-07,ARI incidence,2026-10-18,3,DE,quantile,0.9,2517.3050530477976
2026-10-07,ARI incidence,2026-10-18,3,DE,quantile,0.95,2795.9172510385215
2026-10-07,ARI incidence,2026-10-18,3,DE,quantile,0.975,3037.57178224988
2026-10-07,ARI incidence,2026-10-18,3,DE,quantile,0.99,3318.547398977482
2026-10-07,ARI incidence,2026-10-25,4,DE,median,,1540.6108354130924
2026-10-07,ARI incidence,2026-10-25,4,DE,quantile,0.01,0.0
2026-10-07,ARI incidence,2026-10-25,4,DE,quantile,0.025,0.0
2026-10-07,ARI incidence,2026-10-25,4,DE,quantile,0.05,6.926718738285899
2026-10-07,ARI incidence,2026-10-25,4,DE,quantile,0.1,345.6745513752953
2026-10-07,ARI incidence,2026-10-25,4,DE,quantile,0.15,574.2261058465419
2026-10-07,ARI incidence,2026-10-25,4,DE,quantile,0.2,755.8716361085716
2026-10-07,ARI incidence,2026-10-25,4,DE,quantile,0.25,911.707327048693
2026-10-07,ARI incidence,2026-10-25,4,DE,quantile,0.3,1051.6525938174254
2026-10-07,ARI incidence,2026-10-25,4,DE,quantile,0.35,1181.332739492616
2026-10-07,ARI incidence,2026-10-25,4,DE,quantile,0.4,1304.3865162892769
2026-10-07,ARI incidence,2026-10-25,4,DE,quantile,0.45,1423.4424694298034
2026-10-07,ARI incidence,2026-10-25,4,DE,quantile,0.5,1540.6108354130924
2026-10-07,ARI incidence,2026-10-25,4,DE,quantile,0.55,1657.7792013963817
2026-10-07,ARI incidence,2026-10-25,4,DE,quantile,0.6,1776.835154536908
2026-10-07,ARI incidence,2026-10-25,4,DE,quantile,0.65,1899.888931333569
2026-10-07,ARI incidence,2026-10-25,4,DE,quantile,0.7,2029.5690770087592
2026-10-07,ARI incidence,2026-10-25,4,DE,quantile,0.75,2169.514343777492
2026-10-07,ARI incidence,2026-10-25,4,DE,quantile,0.8,2325.350034717613
2026-10-07,ARI incidence,2026-10-25,4,DE,quantile,0.85,2506.995564979643
2026-10-07,ARI incidence,2026-10-25,4,DE,quantile,0.9,2735.5471194508896
2026-10-07,ARI incidence,2026-10-25,4,DE,quantile,0.95,3074.2949520878983
2026-10-07,ARI incidence,2026-10-25,4,DE,quantile,0.975,3368.108178088454
2026-10-07,ARI incidence,2026-10-25,4,DE,quantile,0.99,3709.72954957446
2026-10-07,ARI incidence,2026-10-04,1,ES,median,,461.44391778769943
2026-10-07,ARI incidence,2026-10-04,1,ES,quantile,0.01,328.89852831837817
2026-10-07,ARI incidence,2026-10-04,1,ES,quantile,0.025,349.77352120790414
2026-10-07,ARI incidence,2026-10-04,1,ES,quantile,0.05,367.72716672174033
2026-10-07,ARI incidence,2026-10-04,1,ES,quantile,0.1,388.4265701779131
2026-10-07,ARI incidence,2026-10-04,1,ES,quantile,0.15,402.3923594191545
2026-10-07,ARI incidence,2026-10-04,1,ES,quantile,0.2,413.4919259835648
2026-10-07,ARI incidence,2026-10-04,1,ES,quantile,0.25,423.01436577168164
2026-10-07,ARI incidence,2026-10-04,1,ES,quantile,0.3,431.5658110047846
2026-10-07,ARI incidence,2026-10-04,1,ES,quantile,0.35,439.4899994333566
2026-10-07,ARI incidence,2026-10-04,1,ES,quantile,0.4,447.0092793439955
2026-10-07,ARI incidence,2026-10-04,1,ES,quantile,0.45,454.28426967745605
2026-10-07,ARI incidence,2026-10-04,1,ES,quantile,0.5,461.44391778769943
2026-10-07,ARI incidence,2026-10-04,1,ES,quantile,0.55,468.6035658979428
2026-10-07,ARI incidence,2026-10-04,1,ES,quantile,0.6,475.87855623140337
2026-10-07,ARI incidence,2026-10-04,1,ES,quantile,0.65,483.39783614204225
2026-10-07,ARI incidence,2026-10-04,1,ES,quantile,0.7,491.3220245706142
2026-10-07,ARI incidence,2026-10-04,1,ES,quantile,0.75,499.8734698037172
2026-10-07,ARI incidence,2026-10-04,1,ES,quantile,0.8,509.39590959183414
2026-10-07,ARI incidence,2026-10-04,1,ES,quantile,0.85,520.4954761562444
2026-10-07,ARI incidence,2026-10-04,1,ES,quantile,0.9,534.4612653974857
2026-10-07,ARI incidence,2026-10-04,1,ES,quantile,0.95,555.1606688536585
2026-10-07,ARI incidence,2026-10-04,1,ES,quantile,0.975,573.1143143674947
2026-10-07,ARI incidence,2026-10-04,1,ES,quantile,0.99,593.9893072570208
2026-10-07,ARI incidence,2026-10-11,2,ES,median,,473.8320710075937
2026-10-07,ARI incidence,2026-10-11,2,ES,quantile,0.01,0.0
2026-10-07,ARI incidence,2026-10-11,2,ES,quantile,0.025,23.18991812508699
2026-10-07,ARI incidence,2026-10-11,2,ES,quantile,0.05,95.64125450646372
2026-10-07,ARI incidence,2026-10-11,2,ES,quantile,0.1,179.17300528884647
2026-10-07,ARI incidence,2026-10-11,2,ES,quantile,0.15,235.5314809738435
2026-10-07,ARI incidence,2026-10-11,2,ES,quantile,0.2,280.3234108482426
2026-10-07,ARI incidence,2026-10-11,2,ES,quantile,0.25,318.75089833141556
2026-10-07,ARI incidence,2026-10-11,2,ES,quantile,0.3,353.25996974273374
2026-10-07,ARI incidence,2026-10-11,2,ES,quantile,0.35,385.2377672850452
2026-10-07,ARI incidence,2026-10-11,2,ES,quantile,0.4,415.5815700370591
2026-10-07,ARI incidence,2026-10-11,2,ES,quantile,0.45,444.9395503656009
2026-10-07,ARI incidence,2026-10-11,2,ES,quantile,0.5,473.8320710075937
2026-10-07,ARI incidence,2026-10-11,2,ES,quantile,0.55,502.7245916495865
2026-10-07,ARI incidence,2026-10-11,2,ES,quantile,0.6,532.0825719781283
2026-10-07,ARI incidence,2026-10-11,2,ES,quantile,0.65,562.4263747301422
2026-10-07,ARI incidence,2026-10-11,2,ES,quantile,0.7,594.4041722724536
2026-10-07,ARI incidence,2026-10-11,2,ES,quantile,0.75,628.9132436837718
2026-10-07,ARI incidence,2026-10-11,2,ES,quantile,0.8,667.3407311669448
2026-10-07,ARI incidence,2026-10-11,2,ES,quantile,0.85,712.1326610413439
2026-10-07,ARI incidence,2026-10-11,2,ES,quantile,0.9,768.491136726341
2026-10-07,ARI incidence,2026-10-11,2,ES,quantile,0.95,852.0228875087234
2026-10-07,ARI incidence,2026-10-11,2,ES,quantile,0.975,924.4742238901003
2026-10-07,ARI incidence,2026-10-11,2,ES,quantile,0.99,1008.7145599618098
2026-10-07,ARI incidence,2026-10-18,3,ES,median,,493.06604359974096
2026-10-07,ARI incidence,2026-10-18,3,ES,quantile,0.01,0.0
2026-10-07,ARI incidence,2026-10-18,3,ES,quantile,0.025,0.0
2026-10-07,ARI incidence,2026-10-18,3,ES,quantile,0.05,0.0
2026-10-07,ARI incidence,2026-10-18,3,ES,quantile,0.1,96.22870149250127
2026-10-07,ARI incidence,2026-10-18,3,ES,quantile,0.15,172.1304818823071
2026-10-07,ARI incidence,2026-10-18,3,ES,quantile,0.2,232.4548108007216
2026-10-07,ARI incidence,2026-10-18,3,ES,quantile,0.25,284.2077136326243
2026-10-07,ARI incidence,2026-10-18,3,ES,quantile,0.3,330.68341986637677
2026-10-07,ARI incidence,2026-10-18,3,ES,quantile,0.35,373.75008795676877
2026-10-07,ARI incidence,2026-10-18,3,ES,quantile,0.4,414.616144475896
2026-10-07,ARI incidence,2026-10-18,3,ES,quantile,0.45,454.15452709717067
2026-10-07,ARI incidence,2026-10-18,3,ES,quantile,0.5,493.06604359974096
2026-10-07,ARI incidence,2026-10-18,3,ES,quantile,0.55,531.9775601023113
2026-10-07,ARI incidence,2026-10-18,3,ES,quantile,0.6,571.5159427235859
2026-10-07,ARI incidence,2026-10-18,3,ES,quantile,0.65,612.3819992427132
2026-10-07,ARI incidence,2026-10-18,3,ES,quantile,0.7,655.4486673331052
2026-10-07,ARI incidence,2026-10-18,3,ES,quantile,0.75,701.9243735668576
2026-10-07,ARI incidence,2026-10-18,3,ES,quantile,0.8,753.6772763987603
2026-10-07,ARI incidence,2026-10-18,3,ES,quantile,0.85,814.0016053171748
2026-10-07,ARI incidence,2026-10-18,3,ES,quantile,0.9,889.9033857069807
2026-10-07,ARI incidence,2026-10-18,3,ES,quantile,0.95,1002.4012580571407
2026-10-07,ARI incidence,2026-10-18,3,ES,quantile,0.975,1099.9763850656082
2026-10-07,ARI incidence,2026-10-18,3,ES,quantile,0.99,1213.428557267995
2026-10-07,ARI incidence,2026-10-25,4,ES,median,,501.6362673863567
2026-10-07,ARI incidence,2026-10-25,4,ES,quantile,0.01,0.0
2026-10-07,ARI incidence,2026-10-25,4,ES,quantile,0.025,0.0
2026-10-07,ARI incidence,2026-10-25,4,ES,quantile,0.05,0.0
2026-10-07,ARI incidence,2026-10-25,4,ES,quantile,0.1,92.88981113979833
2026-10-07,ARI incidence,2026-10-25,4,ES,quantile,0.15,171.06940883691652
2026-10-07,ARI incidence,2026-10-25,4,ES,quantile,0.2,233.2040747429047
2026-10-07,ARI incidence,2026-10-25,4,ES,quantile,0.25,286.51008551468385
2026-10-07,ARI incidence,2026-10-25,4,ES,quantile,0.3,334.3805306792641
2026-10-07,ARI incidence,2026-10-25,4,ES,quantile,0.35,378.7396322467205
2026-10-07,ARI incidence,2026-10-25,4,ES,quantile,0.4,420.8320817482365
2026-10-07,ARI incidence,2026-10-25,4,ES,quantile,0.45,461.5570137729026
2026-10-07,ARI incidence,2026-10-25,4,ES,quantile,0.5,501.6362673863567
2026-10-07,ARI incidence,2026-10-25,4,ES,quantile,0.55,541.7155209998108
2026-10-07,ARI incidence,2026-10-25,4,ES,quantile,0.6,582.4404530244769
2026-10-07,ARI incidence,2026-10-25,4,ES,quantile,0.65,624.5329025259929
2026-10-07,ARI incidence,2026-10-25,4,ES,quantile,0.7,668.8920040934493
2026-10-07,ARI incidence,2026-10-25,4,ES,quantile,0.75,716.7624492580295
2026-10-07,ARI incidence,2026-10-25,4,ES,quantile,0.8,770.0684600298086
2026-10-07,ARI incidence,2026-10-25,4,ES,quantile,0.85,832.2031259357968
2026-10-07,ARI incidence,2026-10-25,4,ES,quantile,0.9,910.382723632915
2026-10-07,ARI incidence,2026-10-25,4,ES,quantile,0.95,1026.2566643619589
2026-10-07,ARI incidence,2026-10-25,4,ES,quantile,0.975,1126.7600272025984
2026-10-07,ARI incidence,2026-10-25,4,ES,quantile,0.99,1243.6169063837626
2026-10-07,ARI incidence,2026-10-04,1,HU,median,,3138.4042110585165
2026-10-07,ARI incidence,2026-10-04,1,HU,quantile,0.01,2254.2889698501604
2026-10-07,ARI incidence,2026-10-04,1,HU,quantile,0.025,2393.5310773850874
2026-10-07,ARI incidence,2026-10-04,1,HU,quantile,0.05,2513.286971555277
2026-10-07,ARI incidence,2026-10-04,1,HU,quantile,0.1,2651.3578479003127
2026-10-07,ARI incidence,2026-10-04,1,HU,quantile,0.15,2744.5136126773523
2026-10-07,ARI incidence,2026-10-04,1,HU,quantile,0.2,2818.5508614243045
2026-10-07,ARI incidence,2026-10-04,1,HU,quantile,0.25,2882.0682284475583
2026-10-07,ARI incidence,2026-10-04,1,HU,quantile,0.3,2939.1087871211953
2026-10-07,ARI incidence,2026-10-04,1,HU,quantile,0.35,2991.965365474899
2026-10-07,ARI incidence,2026-10-04,1,HU,quantile,0.4,3042.121089476497
2026-10-07,ARI incidence,2026-10-04,1,HU,quantile,0.45,3090.6473328955085
2026-10-07,ARI incidence,2026-10-04,1,HU,quantile,0.5,3138.4042110585165
2026-10-07,ARI incidence,2026-10-04,1,HU,quantile,0.55,3186.1610892215244
2026-10-07,ARI incidence,2026-10-04,1,HU,quantile,0.6,3234.6873326405357
2026-10-07,ARI incidence,2026-10-04,1,HU,quantile,0.65,3284.843056642134
2026-10-07,ARI incidence,2026-10-04,1,HU,quantile,0.7,3337.6996349958376
2026-10-07,ARI incidence,2026-10-04,1,HU,quantile,0.75,3394.7401936694746
2026-10-07,ARI incidence,2026-10-04,1,HU,quantile,0.8,3458.2575606927285
2026-10-07,ARI incidence,2026-10-04,1,HU,quantile,0.85,3532.2948094396806
2026-10-07,ARI incidence,2026-10-04,1,HU,quantile,0.9,3625.4505742167203
2026-10-07,ARI incidence,2026-10-04,1,HU,quantile,0.95,3763.521450561756
2026-10-07,ARI incidence,2026-10-04,1,HU,quantile,0.975,3883.2773447319455
2026-10-07,ARI incidence,2026-10-04,1,HU,quantile,0.99,4022.5194522668726
2026-10-07,ARI incidence,2026-10-11,2,HU,median,,2577.3808020183724
2026-10-07,ARI incidence,2026-10-11,2,HU,quantile,0.01,1439.9625463884663
2026-10-07,ARI incidence,2026-10-11,2,HU,quantile,0.025,1619.0981473607433
2026-10-07,ARI incidence,2026-10-11,2,HU,quantile,0.05,1773.1646467260175
2026-10-07,ARI incidence,2026-10-11,2,HU,quantile,0.1,1950.7934534763958
2026-10-07,ARI incidence,2026-10-11,2,HU,quantile,0.15,2070.638766096224
2026-10-07,ARI incidence,2026-10-11,2,HU,quantile,0.2,2165.88802139274
2026-10-07,ARI incidence,2026-10-11,2,HU,quantile,0.25,2247.603401282643
2026-10-07,ARI incidence,2026-10-11,2,HU,quantile,0.3,2320.986337943763
2026-10-07,ARI incidence,2026-10-11,2,HU,quantile,0.35,2388.9865650040574
2026-10-07,ARI incidence,2026-10-11,2,HU,quantile,0.4,2453.5121307275745
2026-10-07,ARI incidence,2026-10-11,2,HU,quantile,0.45,2515.9413623133655
2026-10-07,ARI incidence,2026-10-11,2,HU,quantile,0.5,2577.3808020183724
2026-10-07,ARI incidence,2026-10-11,2,HU,quantile,0.55,2638.8202417233792
2026-10-07,ARI incidence,2026-10-11,2,HU,quantile,0.6,2701.2494733091703
2026-10-07,ARI incidence,2026-10-11,2,HU,quantile,0.65,2765.7750390326873
2026-10-07,ARI incidence,2026-10-11,2,HU,quantile,0.7,2833.775266092982
2026-10-07,ARI incidence,2026-10-11,2,HU,quantile,0.75,2907.1582027541017
2026-10-07,ARI incidence,2026-10-11,2,HU,quantile,0.8,2988.8735826440047
2026-10-07,ARI incidence,2026-10-11,2,HU,quantile,0.85,3084.1228379405206
2026-10-07,ARI incidence,2026-10-11,2,HU,quantile,0.9,3203.968150560349
2026-10-07,ARI incidence,2026-10-11,2,HU,quantile,0.95,3381.596957310727
2026-10-07,ARI incidence,2026-10-11,2,HU,quantile,0.975,3535.6634566760013
2026-10-07,ARI incidence,2026-10-11,2,HU,quantile,0.99,3714.7990576482784
2026-10-07,ARI incidence,2026-10-18,3,HU,median,,2008.1063978739696
2026-10-07,ARI incidence,2026-10-18,3,HU,quantile,0.01,398.4473134179573
2026-10-07,ARI incidence,2026-10-18,3,HU,quantile,0.025,651.9576171494768
2026-10-07,ARI incidence,2026-10-18,3,HU,quantile,0.05,869.9904639814542
2026-10-07,ARI incidence,2026-10-18,3,HU,quantile,0.1,1121.3683727072848
2026-10-07,ARI incidence,2026-10-18,3,HU,quantile,0.15,1290.9718543053034
2026-10-07,ARI incidence,2026-10-18,3,HU,quantile,0.2,1425.7673249396294
2026-10-07,ARI incidence,2026-10-18,3,HU,quantile,0.25,1541.4098363275905
2026-10-07,ARI incidence,2026-10-18,3,HU,quantile,0.3,1645.2603856360467
2026-10-07,ARI incidence,2026-10-18,3,HU,quantile,0.35,1741.4933963960657
2026-10-07,ARI incidence,2026-10-18,3,HU,quantile,0.4,1832.8091129606837
2026-10-07,ARI incidence,2026-10-18,3,HU,quantile,0.45,1921.1581255251297
2026-10-07,ARI incidence,2026-10-18,3,HU,quantile,0.5,2008.1063978739696
2026-10-07,ARI incidence,2026-10-18,3,HU,quantile,0.55,2095.05467022281
2026-10-07,ARI incidence,2026-10-18,3,HU,quantile,0.6,2183.4036827872555
2026-10-07,ARI incidence,2026-10-18,3,HU,quantile,0.65,2274.7193993518736
2026-10-07,ARI incidence,2026-10-18,3,HU,quantile,0.7,2370.9524101118923
2026-10-07,ARI incidence,2026-10-18,3,HU,quantile,0.75,2474.8029594203485
2026-10-07,ARI incidence,2026-10-18,3,HU,quantile,0.8,2590.44547080831
2026-10-07,ARI incidence,2026-10-18,3,HU,quantile,0.85,2725.2409414426356
2026-10-07,ARI incidence,2026-10-18,3,HU,quantile,0.9,2894.8444230406544
2026-10-07,ARI incidence,2026-10-18,3,HU,quantile,0.95,3146.222331766485
2026-10-07,ARI incidence,2026-10-18,3,HU,quantile,0.975,3364.2551785984624
2026-10-07,ARI incidence,2026-10-18,3,HU,quantile,0.99,3617.7654823299818
2026-10-07,ARI incidence,2026-10-25,4,HU,median,,1557.1474507758344
2026-10-07,ARI incidence,2026-10-25,4,HU,quantile,0.01,0.0
2026-10-07,ARI incidence,2026-10-25,4,HU,quantile,0.025,0.0
2026-10-07,ARI incidence,2026-10-25,4,HU,quantile,0.05,100.88946863000774
2026-10-07,ARI incidence,2026-10-25,4,HU,quantile,0.1,422.53603838244203
2026-10-07,ARI incidence,2026-10-25,4,HU,quantile,0.15,639.5494519738934
2026-10-07,ARI incidence,2026-10-25,4,HU,quantile,0.2,812.0248336311708
2026-10-07,ARI incidence,2026-10-25,4,HU,quantile,0.25,959.9933535939294
2026-10-07,ARI incidence,2026-10-25,4,HU,quantile,0.3,1092.8736576798494
2026-10-07,ARI incidence,2026-10-25,4,HU,quantile,0.35,1216.007062539497
2026-10-07,ARI incidence,2026-10-25,4,HU,quantile,0.4,1332.8486225093877
2026-10-07,ARI incidence,2026-10-25,4,HU,quantile,0.45,1445.8941839766144
2026-10-07,ARI incidence,2026-10-25,4,HU,quantile,0.5,1557.1474507758344
2026-10-07,ARI incidence,2026-10-25,4,HU,quantile,0.55,1668.4007175750546
2026-10-07,ARI incidence,2026-10-25,4,HU,quantile,0.6,1781.446279042281
2026-10-07,ARI incidence,2026-10-25,4,HU,quantile,0.65,1898.2878390121718
2026-10-07,ARI incidence,2026-10-25,4,HU,quantile,0.7,2021.4212438718191
2026-10-07,ARI incidence,2026-10-25,4,HU,quantile,0.75,2154.3015479577393
2026-10-07,ARI incidence,2026-10-25,4,HU,quantile,0.8,2302.270067920498
2026-10-07,ARI incidence,2026-10-25,4,HU,quantile,0.85,2474.7454495777756
2026-10-07,ARI incidence,2026-10-25,4,HU,quantile,0.9,2691.758863169227
2026-10-07,ARI incidence,2026-10-25,4,HU,quantile,0.95,3013.4054329216606
2026-10-07,ARI incidence,2026-10-25,4,HU,quantile,0.975,3292.3858637492212
2026-10-07,ARI incidence,2026-10-25,4,HU,quantile,0.99,3616.760905316915
2026-10-07,ARI incidence,2026-10-04,1,IE,median,,47.14856713595237
2026-10-07,ARI incidence,2026-10-04,1,IE,quantile,0.01,21.814807054213617
2026-10-07,ARI incidence,2026-10-04,1,IE,quantile,0.025,25.80470111004314
2026-10-07,ARI incidence,2026-10-04,1,IE,quantile,0.05,29.23623011200353
2026-10-07,ARI incidence,2026-10-04,1,IE,quantile,0.1,33.19256328280137
2026-10-07,ARI incidence,2026-10-04,1,IE,quantile,0.15,35.86188249040481
2026-10-07,ARI incidence,2026-10-04,1,IE,quantile,0.2,37.98337277746714
2026-10-07,ARI incidence,2026-10-04,1,IE,quantile,0.25,39.80342254268959
2026-10-07,ARI incidence,2026-10-04,1,IE,quantile,0.3,41.43788348286211
2026-10-07,ARI incidence,2026-10-04,1,IE,quantile,0.35,42.952455127305456
2026-10-07,ARI incidence,2026-10-04,1,IE,quantile,0.4,44.38963550759815
2026-10-07,ARI incidence,2026-10-04,1,IE,quantile,0.45,45.78012415788437
2026-10-07,ARI incidence,2026-10-04,1,IE,quantile,0.5,47.14856713595237
2026-10-07,ARI incidence,2026-10-04,1,IE,quantile,0.55,48.517010114020366
2026-10-07,ARI incidence,2026-10-04,1,IE,quantile,0.6,49.90749876430659
2026-10-07,ARI incidence,2026-10-04,1,IE,quantile,0.65,51.34467914459928
2026-10-07,ARI incidence,2026-10-04,1,IE,quantile,0.7,52.859250789042626
2026-10-07,ARI incidence,2026-10-04,1,IE,quantile,0.75,54.49371172921515
2026-10-07,ARI incidence,2026-10-04,1,IE,quantile,0.8,56.3137614944376
2026-10-07,ARI incidence,2026-10-04,1,IE,quantile,0.85,58.43525178149993
2026-10-07,ARI incidence,2026-10-04,1,IE,quantile,0.9,61.104570989103365
2026-10-07,ARI incidence,2026-10-04,1,IE,quantile,0.95,65.0609041599012
2026-10-07,ARI incidence,2026-10-04,1,IE,quantile,0.975,68.4924331618616
2026-10-07,ARI incidence,2026-10-04,1,IE,quantile,0.99,72.48232721769112
2026-10-07,ARI incidence,2026-10-11,2,IE,median,,47.14856713595237
2026-10-07,ARI incidence,2026-10-11,2,IE,quantile,0.01,21.814807054213617
2026-10-07,ARI incidence,2026-10-11,2,IE,quantile,0.025,25.80470111004314
2026-10-07,ARI incidence,2026-10-11,2,IE,quantile,0.05,29.23623011200353
2026-10-07,ARI incidence,2026-10-11,2,IE,quantile,0.1,33.19256328280137
2026-10-07,ARI incidence,2026-10-11,2,IE,quantile,0.15,35.86188249040481
2026-10-07,ARI incidence,2026-10-11,2,IE,quantile,0.2,37.98337277746714
2026-10-07,ARI incidence,2026-10-11,2,IE,quantile,0.25,39.80342254268959
2026-10-07,ARI incidence,2026-10-11,2,IE,quantile,0.3,41.43788348286211
2026-10-07,ARI incidence,2026-10-11,2,IE,quantile,0.35,42.952455127305456
2026-10-07,ARI incidence,2026-10-11,2,IE,quantile,0.4,44.38963550759815
2026-10-07,ARI incidence,2026-10-11,2,IE,quantile,0.45,45.78012415788437
2026-10-07,ARI incidence,2026-10-11,2,IE,quantile,0.5,47.14856713595237
2026-10-07,ARI incidence,2026-10-11,2,IE,quantile,0.55,48.517010114020366
2026-10-07,ARI incidence,2026-10-11,2,IE,quantile,0.6,49.90749876430659
2026-10-07,ARI incidence,2026-10-11,2,IE,quantile,0.65,51.34467914459928
2026-10-07,ARI incidence,2026-10-11,2,IE,quantile,0.7,52.859250789042626
2026-10-07,ARI incidence,2026-10-11,2,IE,quantile,0.75,54.49371172921515
2026-10-07,ARI incidence,2026-10-11,2,IE,quantile,0.8,56.3137614944376
2026-10-07,ARI incidence,2026-10-11,2,IE,quantile,0.85,58.43525178149993
2026-10-07,ARI incidence,2026-10-11,2,IE,quantile,0.9,61.104570989103365
2026-10-07,ARI incidence,2026-10-11,2,IE,quantile,0.95,65.0609041599012
2026-10-07,ARI incidence,2026-10-11,2,IE,quantile,0.975,68.4924331618616
2026-10-07,ARI incidence,2026-10-11,2,IE,quantile,0.99,72.48232721769112
2026-10-07,ARI incidence,2026-10-18,3,IE,median,,47.14856713595237
2026-10-07,ARI incidence,2026-10-18,3,IE,quantile,0.01,21.814807054213617
2026-10-07,ARI incidence,2026-10-18,3,IE,quantile,0.025,25.80470111004314
2026-10-07,ARI incidence,2026-10-18,3,IE,quantile,0.05,29.23623011200353
2026-10-07,ARI incidence,2026-10-18,3,IE,quantile,0.1,33.19256328280137
2026-10-07,ARI incidence,2026-10-18,3,IE,quantile,0.15,35.86188249040481
2026-10-07,ARI incidence,2026-10-18,3,IE,quantile,0.2,37.98337277746714
2026-10-07,ARI incidence,2026-10-18,3,IE,quantile,0.25,39.80342254268959
2026-10-07,ARI incidence,2026-10-18,3,IE,quantile,0.3,41.43788348286211
2026-10-07,ARI incidence,2026-10-18,3,IE,quantile,0.35,42.952455127305456
2026-10-07,ARI incidence,2026-10-18,3,IE,quantile,0.4,44.38963550759815
2026-10-07,ARI incidence,2026-10-18,3,IE,quantile,0.45,45.78012415788437
2026-10-07,ARI incidence,2026-10-18,3,IE,quantile,0.5,47.14856713595237
2026-10-07,ARI incidence,2026-10-18,3,IE,quantile,0.55,48.517010114020366
2026-10-07,ARI incidence,2026-10-18,3,IE,quantile,0.6,49.90749876430659
2026-10-07,ARI incidence,2026-10-18,3,IE,quantile,0.65,51.34467914459928
2026-10-07,ARI incidence,2026-10-18,3,IE,quantile,0.7,52.859250789042626
2026-10-07,ARI incidence,2026-10-18,3,IE,quantile,0.75,54.49371172921515
2026-10-07,ARI incidence,2026-10-18,3,IE,quantile,0.8,56.3137614944376
2026-10-07,ARI incidence,2026-10-18,3,IE,quantile,0.85,58.43525178149993
2026-10-07,ARI incidence,2026-10-18,3,IE,quantile,0.9,61.104570989103365
2026-10-07,ARI incidence,2026-10-18,3,IE,quantile,0.95,65.0609041599012
2026-10-07,ARI incidence,2026-10-18,3,IE,quantile,0.975,68.4924331618616
2026-10-07,ARI incidence,2026-10-18,3,IE,quantile,0.99,72.48232721769112
2026-10-07,ARI incidence,2026-10-25,4,IE,median,,47.14856713595237
2026-10-07,ARI incidence,2026-10-25,4,IE,quantile,0.01,21.814807054213617
2026-10-07,ARI incidence,2026-10-25,4,IE,quantile,0.025,25.80470111004314
2026-10-07,ARI incidence,2026-10-25,4,IE,quantile,0.05,29.23623011200353
2026-10-07,ARI incidence,2026-10-25,4,IE,quantile,0.1,33.19256328280137
2026-10-07,ARI incidence,2026-10-25,4,IE,quantile,0.15,35.86188249040481
2026-10-07,ARI incidence,2026-10-25,4,IE,quantile,0.2,37.98337277746714
2026-10-07,ARI incidence,2026-10-25,4,IE,quantile,0.25,39.80342254268959
2026-10-07,ARI incidence,2026-10-25,4,IE,quantile,0.3,41.43788348286211
2026-10-07,ARI incidence,2026-10-25,4,IE,quantile,0.35,42.952455127305456
2026-10-07,ARI incidence,2026-10-25,4,IE,quantile,0.4,44.38963550759815
2026-10-07,ARI incidence,2026-10-25,4,IE,quantile,0.45,45.78012415788437
2026-10-07,ARI incidence,2026-10-25,4,IE,quantile,0.5,47.14856713595237
2026-10-07,ARI incidence,2026-10-25,4,IE,quantile,0.55,48.517010114020366
2026-10-07,ARI incidence,2026-10-25,4,IE,quantile,0.6,49.90749876430659
2026-10-07,ARI incidence,2026-10-25,4,IE,quantile,0.65,51.34467914459928
2026-10-07,ARI incidence,2026-10-25,4,IE,quantile,0.7,52.859250789042626
2026-10-07,ARI incidence,2026-10-25,4,IE,quantile,0.75,54.49371172921515
2026-10-07,ARI incidence,2026-10-25,4,IE,quantile,0.8,56.3137614944376
2026-10-07,ARI incidence,2026-10-25,4,IE,quantile,0.85,58.43525178149993
2026-10-07,ARI incidence,2026-10-25,4,IE,quantile,0.9,61.104570989103365
2026-10-07,ARI incidence,2026-10-25,4,IE,quantile,0.95,65.0609041599012
2026-10-07,ARI incidence,2026-10-25,4,IE,quantile,0.975,68.4924331618616
2026-10-07,ARI incidence,2026-10-25,4,IE,quantile,0.99,72.48232721769112
2026-10-07,ARI incidence,2026-10-04,1,IS,median,,52.575594163636936
2026-10-07,ARI incidence,2026-10-04,1,IS,quantile,0.01,34.37554553596844
2026-10-07,ARI incidence,2026-10-04,1,IS,quantile,0.025,37.24192879692332
2026-10-07,ARI incidence,2026-10-04,1,IS,quantile,0.05,39.70717653359674
2026-10-07,ARI incidence,2026-10-04,1,IS,quantile,0.1,42.549449289928795
2026-10-07,ARI incidence,2026-10-04,1,IS,quantile,0.15,44.46711722490585
2026-10-07,ARI incidence,2026-10-04,1,IS,quantile,0.2,45.99121890831497
2026-10-07,ARI incidence,2026-10-04,1,IS,quantile,0.25,47.29876244409285
2026-10-07,ARI incidence,2026-10-04,1,IS,quantile,0.3,48.47297695055323
2026-10-07,ARI incidence,2026-10-04,1,IS,quantile,0.35,49.56106168373212
2026-10-07,ARI incidence,2026-10-04,1,IS,quantile,0.4,50.59354769148083
2026-10-07,ARI incidence,2026-10-04,1,IS,quantile,0.45,51.592489852840934
2026-10-07,ARI incidence,2026-10-04,1,IS,quantile,0.5,52.575594163636936
2026-10-07,ARI incidence,2026-10-04,1,IS,quantile,0.55,53.55869847443294
2026-10-07,ARI incidence,2026-10-04,1,IS,quantile,0.6,54.55764063579304
2026-10-07,ARI incidence,2026-10-04,1,IS,quantile,0.65,55.59012664354175
2026-10-07,ARI incidence,2026-10-04,1,IS,quantile,0.7,56.67821137672064
2026-10-07,ARI incidence,2026-10-04,1,IS,quantile,0.75,57.85242588318102
2026-10-07,ARI incidence,2026-10-04,1,IS,quantile,0.8,59.15996941895891
2026-10-07,ARI incidence,2026-10-04,1,IS,quantile,0.85,60.68407110236802
2026-10-07,ARI incidence,2026-10-04,1,IS,quantile,0.9,62.60173903734508
2026-10-07,ARI incidence,2026-10-04,1,IS,quantile,0.95,65.44401179367713
2026-10-07,ARI incidence,2026-10-04,1,IS,quantile,0.975,67.90925953035054
2026-10-07,ARI incidence,2026-10-04,1,IS,quantile,0.99,70.77564279130543
2026-10-07,ARI incidence,2026-10-11,2,IS,median,,40.764668750838005
2026-10-07,ARI incidence,2026-10-11,2,IS,quantile,0.01,7.427732863853244
2026-10-07,ARI incidence,2026-10-11,2,IS,quantile,0.025,12.678072407051499
2026-10-07,ARI incidence,2026-10-11,2,IS,quantile,0.05,17.193654064238753
2026-10-07,ARI incidence,2026-10-11,2,IS,quantile,0.1,22.399830519565267
2026-10-07,ARI incidence,2026-10-11,2,IS,quantile,0.15,25.912413057595884
2026-10-07,ARI incidence,2026-10-11,2,IS,quantile,0.2,28.70410230769017
2026-10-07,ARI incidence,2026-10-11,2,IS,quantile,0.25,31.099123107546827
2026-10-07,ARI incidence,2026-10-11,2,IS,quantile,0.3,33.24992580704774
2026-10-07,ARI incidence,2026-10-11,2,IS,quantile,0.35,35.24296504181368
2026-10-07,ARI incidence,2026-10-11,2,IS,quantile,0.4,37.13416437587487
2026-10-07,ARI incidence,2026-10-11,2,IS,quantile,0.45,38.96392161825064
2026-10-07,ARI incidence,2026-10-11,2,IS,quantile,0.5,40.764668750838005
2026-10-07,ARI incidence,2026-10-11,2,IS,quantile,0.55,42.56541588342537
2026-10-07,ARI incidence,2026-10-11,2,IS,quantile,0.6,44.39517312580114
2026-10-07,ARI incidence,2026-10-11,2,IS,quantile,0.65,46.28637245986233
2026-10-07,ARI incidence,2026-10-11,2,IS,quantile,0.7,48.279411694628266
2026-10-07,ARI incidence,2026-10-11,2,IS,quantile,0.75,50.43021439412918
2026-10-07,ARI incidence,2026-10-11,2,IS,quantile,0.8,52.82523519398584
2026-10-07,ARI incidence,2026-10-11,2,IS,quantile,0.85,55.61692444408013
2026-10-07,ARI incidence,2026-10-11,2,IS,quantile,0.9,59.12950698211074
2026-10-07,ARI incidence,2026-10-11,2,IS,quantile,0.95,64.33568343743724
2026-10-07,ARI incidence,2026-10-11,2,IS,quantile,0.975,68.85126509462451
2026-10-07,ARI incidence,2026-10-11,2,IS,quantile,0.99,74.10160463782276
2026-10-07,ARI incidence,2026-10-18,3,IS,median,,35.880568181515045
2026-10-07,ARI incidence,2026-10-18,3,IS,quantile,0.01,0.0
2026-10-07,ARI incidence,2026-10-18,3,IS,quantile,0.025,0.0
2026-10-07,ARI incidence,2026-10-18,3,IS,quantile,0.05,0.0
2026-10-07,ARI incidence,2026-10-18,3,IS,quantile,0.1,5.4778958470730466
2026-10-07,ARI incidence,2026-10-18,3,IS,quantile,0.15,11.29291553886516
2026-10-07,ARI incidence,2026-10-18,3,IS,quantile,0.2,15.914508850025982
2026-10-07,ARI incidence,2026-10-18,3,IS,quantile,0.25,19.87942439653057
2026-10-07,ARI incidence,2026-10-18,3,IS,quantile,0.3,23.44004109815821
2026-10-07,ARI incidence,2026-10-18,3,IS,quantile,0.35,26.73948311018168
2026-10-07,ARI incidence,2026-10-18,3,IS,quantile,0.4,29.870330926454127
2026-10-07,ARI incidence,2026-10-18,3,IS,quantile,0.45,32.89946242170431
2026-10-07,ARI incidence,2026-10-18,3,IS,quantile,0.5,35.880568181515045
2026-10-07,ARI incidence,2026-10-18,3,IS,quantile,0.55,38.86167394132579
2026-10-07,ARI incidence,2026-10-18,3,IS,quantile,0.6,41.89080543657596
2026-10-07,ARI incidence,2026-10-18,3,IS,quantile,0.65,45.02165325284841
2026-10-07,ARI incidence,2026-10-18,3,IS,quantile,0.7,48.32109526487187
2026-10-07,ARI incidence,2026-10-18,3,IS,quantile,0.75,51.88171196649952
2026-10-07,ARI incidence,2026-10-18,3,IS,quantile,0.8,55.84662751300411
2026-10-07,ARI incidence,2026-10-18,3,IS,quantile,0.85,60.46822082416493
2026-10-07,ARI incidence,2026-10-18,3,IS,quantile,0.9,66.28324051595705
2026-10-07,ARI incidence,2026-10-18,3,IS,quantile,0.95,74.9019756713284
2026-10-07,ARI incidence,2026-10-18,3,IS,quantile,0.975,82.37744307234817
2026-10-07,ARI incidence,2026-10-18,3,IS,quantile,0.99,91.06928945652174
2026-10-07,ARI incidence,2026-10-25,4,IS,median,,39.99275309854108
2026-10-07,ARI incidence,2026-10-25,4,IS,quantile,0.01,0.0
2026-10-07,ARI incidence,2026-10-25,4,IS,quantile,0.025,0.0
2026-10-07,ARI incidence,2026-10-25,4,IS,quantile,0.05,0.0
2026-10-07,ARI incidence,2026-10-25,4,IS,quantile,0.1,0.0
2026-10-07,ARI incidence,2026-10-25,4,IS,quantile,0.15,5.974772680517333
2026-10-07,ARI incidence,2026-10-25,4,IS,quantile,0.2,12.368928033372303
2026-10-07,ARI incidence,2026-10-25,4,IS,quantile,0.25,17.854543979733528
2026-10-07,ARI incidence,2026-10-25,4,IS,quantile,0.3,22.780796639654113
2026-10-07,ARI incidence,2026-10-25,4,IS,quantile,0.35,27.345703887478436
2026-10-07,ARI incidence,2026-10-25,4,IS,quantile,0.4,31.67735446241067
2026-10-07,ARI incidence,2026-10-25,4,IS,quantile,0.45,35.8682765234413
2026-10-07,ARI incidence,2026-10-25,4,IS,quantile,0.5,39.99275309854108
2026-10-07,ARI incidence,2026-10-25,4,IS,quantile,0.55,44.11722967364086
2026-10-07,ARI incidence,2026-10-25,4,IS,quantile,0.6,48.30815173467149
2026-10-07,ARI incidence,2026-10-25,4,IS,quantile,0.65,52.63980230960372
2026-10-07,ARI incidence,2026-10-25,4,IS,quantile,0.7,57.20470955742804
2026-10-07,ARI incidence,2026-10-25,4,IS,quantile,0.75,62.13096221734863
2026-10-07,ARI incidence,2026-10-25,4,IS,quantile,0.8,67.61657816370986
2026-10-07,ARI incidence,2026-10-25,4,IS,quantile,0.85,74.01073351656483
2026-10-07,ARI incidence,2026-10-25,4,IS,quantile,0.9,82.05604100812565
2026-10-07,ARI incidence,2026-10-25,4,IS,quantile,0.95,93.98039865237605
2026-10-07,ARI incidence,2026-10-25,4,IS,quantile,0.975,104.32300058186462
2026-10-07,ARI incidence,2026-10-25,4,IS,quantile,0.99,116.34851047459836
2026-10-07,ARI incidence,2026-10-04,1,LT,median,,796.5229991998626
2026-10-07,ARI incidence,2026-10-04,1,LT,quantile,0.01,459.7224991386238
2026-10-07,ARI incidence,2026-10-04,1,LT,quantile,0.025,512.7662758562929
2026-10-07,ARI incidence,2026-10-04,1,LT,quantile,0.05,558.386850145539
2026-10-07,ARI incidence,2026-10-04,1,LT,quantile,0.1,610.9844505820442
2026-10-07,ARI incidence,2026-10-04,1,LT,quantile,0.15,646.471801888886
2026-10-07,ARI incidence,2026-10-04,1,LT,quantile,0.2,674.6760237356342
2026-10-07,ARI incidence,2026-10-04,1,LT,quantile,0.25,698.8727347286117
2026-10-07,ARI incidence,2026-10-04,1,LT,quantile,0.3,720.6021290310972
2026-10-07,ARI incidence,2026-10-04,1,LT,quantile,0.35,740.7376511794572
2026-10-07,ARI incidence,2026-10-04,1,LT,quantile,0.4,759.8442926412469
2026-10-07,ARI incidence,2026-10-04,1,LT,quantile,0.45,778.3301893748886
2026-10-07,ARI incidence,2026-10-04,1,LT,quantile,0.5,796.5229991998626
2026-10-07,ARI incidence,2026-10-04,1,LT,quantile,0.55,814.7158090248367
2026-10-07,ARI incidence,2026-10-04,1,LT,quantile,0.6,833.2017057584784
2026-10-07,ARI incidence,2026-10-04,1,LT,quantile,0.65,852.308347220268
2026-10-07,ARI incidence,2026-10-04,1,LT,quantile,0.7,872.443869368628
2026-10-07,ARI incidence,2026-10-04,1,LT,quantile,0.75,894.1732636711135
2026-10-07,ARI incidence,2026-10-04,1,LT,quantile,0.8,918.369974664091
2026-10-07,ARI incidence,2026-10-04,1,LT,quantile,0.85,946.5741965108392
2026-10-07,ARI incidence,2026-10-04,1,LT,quantile,0.9,982.061547817681
2026-10-07,ARI incidence,2026-10-04,1,LT,quantile,0.95,1034.6591482541862
2026-10-07,ARI incidence,2026-10-04,1,LT,quantile,0.975,1080.2797225434324
2026-10-07,ARI incidence,2026-10-04,1,LT,quantile,0.99,1133.3234992611015
2026-10-07,ARI incidence,2026-10-11,2,LT,median,,796.5229991998626
2026-10-07,ARI incidence,2026-10-11,2,LT,quantile,0.01,459.7224991386238
2026-10-07,ARI incidence,2026-10-11,2,LT,quantile,0.025,512.7662758562929
2026-10-07,ARI incidence,2026-10-11,2,LT,quantile,0.05,558.386850145539
2026-10-07,ARI incidence,2026-10-11,2,LT,quantile,0.1,610.9844505820442
2026-10-07,ARI incidence,2026-10-11,2,LT,quantile,0.15,646.471801888886
2026-10-07,ARI incidence,2026-10-11,2,LT,quantile,0.2,674.6760237356342
2026-10-07,ARI incidence,2026-10-11,2,LT,quantile,0.25,698.8727347286117
2026-10-07,ARI incidence,2026-10-11,2,LT,quantile,0.3,720.6021290310972
2026-10-07,ARI incidence,2026-10-11,2,LT,quantile,0.35,740.7376511794572
2026-10-07,ARI incidence,2026-10-11,2,LT,quantile,0.4,759.8442926412469
2026-10-07,ARI incidence,2026-10-11,2,LT,quantile,0.45,778.3301893748886
2026-10-07,ARI incidence,2026-10-11,2,LT,quantile,0.5,796.5229991998626
2026-10-07,ARI incidence,2026-10-11,2,LT,quantile,0.55,814.7158090248367
2026-10-07,ARI incidence,2026-10-11,2,LT,quantile,0.6,833.2017057584784
2026-10-07,ARI incidence,2026-10-11,2,LT,quantile,0.65,852.308347220268
2026-10-07,ARI incidence,2026-10-11,2,LT,quantile,0.7,872.443869368628
2026-10-07,ARI incidence,2026-10-11,2,LT,quantile,0.75,894.1732636711135
2026-10-07,ARI incidence,2026-10-11,2,LT,quantile,0.8,918.369974664091
2026-10-07,ARI incidence,2026-10-11,2,LT,quantile,0.85,946.5741965108392
2026-10-07,ARI incidence,2026-10-11,2,LT,quantile,0.9,982.061547817681
2026-10-07,ARI incidence,2026-10-11,2,LT,quantile,0.95,1034.6591482541862
2026-10-07,ARI incidence,2026-10-11,2,LT,quantile,0.975,1080.2797225434324
2026-10-07,ARI incidence,2026-10-11,2,LT,quantile,0.99,1133.3234992611015
2026-10-07,ARI incidence,2026-10-18,3,LT,median,,796.5229991998626
2026-10-07,ARI incidence,2026-10-18,3,LT,quantile,0.01,459.7224991386238
2026-10-07,ARI incidence,2026-10-18,3,LT,quantile,0.025,512.7662758562929
2026-10-07,ARI incidence,2026-10-18,3,LT,quantile,0.05,558.386850145539
2026-10-07,ARI incidence,2026-10-18,3,LT,quantile,0.1,610.9844505820442
2026-10-07,ARI incidence,2026-10-18,3,LT,quantile,0.15,646.471801888886
2026-10-07,ARI incidence,2026-10-18,3,LT,quantile,0.2,674.6760237356342
2026-10-07,ARI incidence,2026-10-18,3,LT,quantile,0.25,698.8727347286117
2026-10-07,ARI incidence,2026-10-18,3,LT,quantile,0.3,720.6021290310972
2026-10-07,ARI incidence,2026-10-18,3,LT,quantile,0.35,740.7376511794572
2026-10-07,ARI incidence,2026-10-18,3,LT,quantile,0.4,759.8442926412469
2026-10-07,ARI incidence,2026-10-18,3,LT,quantile,0.45,778.3301893748886
2026-10-07,ARI incidence,2026-10-18,3,LT,quantile,0.5,796.5229991998626
2026-10-07,ARI incidence,2026-10-18,3,LT,quantile,0.55,814.7158090248367
2026-10-07,ARI incidence,2026-10-18,3,LT,quantile,0.6,833.2017057584784
2026-10-07,ARI incidence,2026-10-18,3,LT,quantile,0.65,852.308347220268
2026-10-07,ARI incidence,2026-10-18,3,LT,quantile,0.7,872.443869368628
2026-10-07,ARI incidence,2026-10-18,3,LT,quantile,0.75,894.1732636711135
2026-10-07,ARI incidence,2026-10-18,3,LT,quantile,0.8,918.369974664091
2026-10-07,ARI incidence,2026-10-18,3,LT,quantile,0.85,946.5741965108392
2026-10-07,ARI incidence,2026-10-18,3,LT,quantile,0.9,982.061547817681
2026-10-07,ARI incidence,2026-10-18,3,LT,quantile,0.95,1034.6591482541862
2026-10-07,ARI incidence,2026-10-18,3,LT,quantile,0.975,1080.2797225434324
2026-10-07,ARI incidence,2026-10-18,3,LT,quantile,0.99,1133.3234992611015
2026-10-07,ARI incidence,2026-10-25,4,LT,median,,796.5229991998626
2026-10-07,ARI incidence,2026-10-25,4,LT,quantile,0.01,459.7224991386238
2026-10-07,ARI incidence,2026-10-25,4,LT,quantile,0.025,512.7662758562929
2026-10-07,ARI incidence,2026-10-25,4,LT,quantile,0.05,558.386850145539
2026-10-07,ARI incidence,2026-10-25,4,LT,quantile,0.1,610.9844505820442
2026-10-07,ARI incidence,2026-10-25,4,LT,quantile,0.15,646.471801888886
2026-10-07,ARI incidence,2026-10-25,4,LT,quantile,0.2,674.6760237356342
2026-10-07,ARI incidence,2026-10-25,4,LT,quantile,0.25,698.8727347286117
2026-10-07,ARI incidence,2026-10-25,4,LT,quantile,0.3,720.6021290310972
2026-10-07,ARI incidence,2026-10-25,4,LT,quantile,0.35,740.7376511794572
2026-10-07,ARI incidence,2026-10-25,4,LT,quantile,0.4,759.8442926412469
2026-10-07,ARI incidence,2026-10-25,4,LT,quantile,0.45,778.3301893748886
2026-10-07,ARI incidence,2026-10-25,4,LT,quantile,0.5,796.5229991998626
2026-10-07,ARI incidence,2026-10-25,4,LT,quantile,0.55,814.7158090248367
2026-10-07,ARI incidence,2026-10-25,4,LT,quantile,0.6,833.2017057584784
2026-10-07,ARI incidence,2026-10-25,4,LT,quantile,0.65,852.308347220268
2026-10-07,ARI incidence,2026-10-25,4,LT,quantile,0.7,872.443869368628
2026-10-07,ARI incidence,2026-10-25,4,LT,quantile,0.75,894.1732636711135
2026-10-07,ARI incidence,2026-10-25,4,LT,quantile,0.8,918.369974664091
2026-10-07,ARI incidence,2026-10-25,4,LT,quantile,0.85,946.5741965108392
2026-10-07,ARI incidence,2026-10-25,4,LT,quantile,0.9,982.061547817681
2026-10-07,ARI incidence,2026-10-25,4,LT,quantile,0.95,1034.6591482541862
2026-10-07,ARI incidence,2026-10-25,4,LT,quantile,0.975,1080.2797225434324
2026-10-07,ARI incidence,2026-10-25,4,LT,quantile,0.99,1133.3234992611015
2026-10-07,ARI incidence,2026-10-04,1,LU,median,,7973.78419161062
2026-10-07,ARI incidence,2026-10-04,1,LU,quantile,0.01,0.0
2026-10-07,ARI incidence,2026-10-04,1,LU,quantile,0.025,0.0
2026-10-07,ARI incidence,2026-10-04,1,LU,quantile,0.05,992.125836830608
2026-10-07,ARI incidence,2026-10-04,1,LU,quantile,0.1,2534.178473472254
2026-10-07,ARI incidence,2026-10-04,1,LU,quantile,0.15,3574.594066503054
2026-10-07,ARI incidence,2026-10-04,1,LU,quantile,0.2,4401.483397998454
2026-10-07,ARI incidence,2026-10-04,1,LU,quantile,0.25,5110.880816799334
2026-10-07,ARI incidence,2026-10-04,1,LU,quantile,0.3,5747.94162373146
2026-10-07,ARI incidence,2026-10-04,1,LU,quantile,0.35,6338.273402393451
2026-10-07,ARI incidence,2026-10-04,1,LU,quantile,0.4,6898.44053167318
2026-10-07,ARI incidence,2026-10-04,1,LU,quantile,0.45,7440.40871201269
2026-10-07,ARI incidence,2026-10-04,1,LU,quantile,0.5,7973.78419161062
2026-10-07,ARI incidence,2026-10-04,1,LU,quantile,0.55,8507.15967120855
2026-10-07,ARI incidence,2026-10-04,1,LU,quantile,0.6,9049.127851548059
2026-10-07,ARI incidence,2026-10-04,1,LU,quantile,0.65,9609.294980827788
2026-10-07,ARI incidence,2026-10-04,1,LU,quantile,0.7,10199.626759489778
2026-10-07,ARI incidence,2026-10-04,1,LU,quantile,0.75,10836.687566421906
2026-10-07,ARI incidence,2026-10-04,1,LU,quantile,0.8,11546.084985222786
2026-10-07,ARI incidence,2026-10-04,1,LU,quantile,0.85,12372.974316718186
2026-10-07,ARI incidence,2026-10-04,1,LU,quantile,0.9,13413.389909748985
2026-10-07,ARI incidence,2026-10-04,1,LU,quantile,0.95,14955.442546390628
2026-10-07,ARI incidence,2026-10-04,1,LU,quantile,0.975,16292.943236232222
2026-10-07,ARI incidence,2026-10-04,1,LU,quantile,0.99,17848.07683674039
2026-10-07,ARI incidence,2026-10-11,2,LU,median,,7973.78419161062
2026-10-07,ARI incidence,2026-10-11,2,LU,quantile,0.01,0.0
2026-10-07,ARI incidence,2026-10-11,2,LU,quantile,0.025,0.0
2026-10-07,ARI incidence,2026-10-11,2,LU,quantile,0.05,992.125836830608
2026-10-07,ARI incidence,2026-10-11,2,LU,quantile,0.1,2534.178473472254
2026-10-07,ARI incidence,2026-10-11,2,LU,quantile,0.15,3574.594066503054
2026-10-07,ARI incidence,2026-10-11,2,LU,quantile,0.2,4401.483397998454
2026-10-07,ARI incidence,2026-10-11,2,LU,quantile,0.25,5110.880816799334
2026-10-07,ARI incidence,2026-10-11,2,LU,quantile,0.3,5747.94162373146
2026-10-07,ARI incidence,2026-10-11,2,LU,quantile,0.35,6338.273402393451
2026-10-07,ARI incidence,2026-10-11,2,LU,quantile,0.4,6898.44053167318
2026-10-07,ARI incidence,2026-10-11,2,LU,quantile,0.45,7440.40871201269
2026-10-07,ARI incidence,2026-10-11,2,LU,quantile,0.5,7973.78419161062
2026-10-07,ARI incidence,2026-10-11,2,LU,quantile,0.55,8507.15967120855
2026-10-07,ARI incidence,2026-10-11,2,LU,quantile,0.6,9049.127851548059
2026-10-07,ARI incidence,2026-10-11,2,LU,quantile,0.65,9609.294980827788
2026-10-07,ARI incidence,2026-10-11,2,LU,quantile,0.7,10199.626759489778
2026-10-07,ARI incidence,2026-10-11,2,LU,quantile,0.75,10836.687566421906
2026-10-07,ARI incidence,2026-10-11,2,LU,quantile,0.8,11546.084985222786
2026-10-07,ARI incidence,2026-10-11,2,LU,quantile,0.85,12372.974316718186
2026-10-07,ARI incidence,2026-10-11,2,LU,quantile,0.9,13413.389909748985
2026-10-07,ARI incidence,2026-10-11,2,LU,quantile,0.95,14955.442546390628
2026-10-07,ARI incidence,2026-10-11,2,LU,quantile,0.975,16292.943236232222
2026-10-07,ARI incidence,2026-10-11,2,LU,quantile,0.99,17848.07683674039
2026-10-07,ARI incidence,2026-10-18,3,LU,median,,7973.78419161062
2026-10-07,ARI incidence,2026-10-18,3,LU,quantile,0.01,0.0
2026-10-07,ARI incidence,2026-10-18,3,LU,quantile,0.025,0.0
2026-10-07,ARI incidence,2026-10-18,3,LU,quantile,0.05,992.125836830608
2026-10-07,ARI incidence,2026-10-18,3,LU,quantile,0.1,2534.178473472254
2026-10-07,ARI incidence,2026-10-18,3,LU,quantile,0.15,3574.594066503054
2026-10-07,ARI incidence,2026-10-18,3,LU,quantile,0.2,4401.483397998454
2026-10-07,ARI incidence,2026-10-18,3,LU,quantile,0.25,5110.880816799334
2026-10-07,ARI incidence,2026-10-18,3,LU,quantile,0.3,5747.94162373146
2026-10-07,ARI incidence,2026-10-18,3,LU,quantile,0.35,6338.273402393451
2026-10-07,ARI incidence,2026-10-18,3,LU,quantile,0.4,6898.44053167318
2026-10-07,ARI incidence,2026-10-18,3,LU,quantile,0.45,7440.40871201269
2026-10-07,ARI incidence,2026-10-18,3,LU,quantile,0.5,7973.78419161062
2026-10-07,ARI incidence,2026-10-18,3,LU,quantile,0.55,8507.15967120855
2026-10-07,ARI incidence,2026-10-18,3,LU,quantile,0.6,9049.127851548059
2026-10-07,ARI incidence,2026-10-18,3,LU,quantile,0.65,9609.294980827788
2026-10-07,ARI incidence,2026-10-18,3,LU,quantile,0.7,10199.626759489778
2026-10-07,ARI incidence,2026-10-18,3,LU,quantile,0.75,10836.687566421906
2026-10-07,ARI incidence,2026-10-18,3,LU,quantile,0.8,11546.084985222786
2026-10-07,ARI incidence,2026-10-18,3,LU,quantile,0.85,12372.974316718186
2026-10-07,ARI incidence,2026-10-18,3,LU,quantile,0.9,13413.389909748985
2026-10-07,ARI incidence,2026-10-18,3,LU,quantile,0.95,14955.442546390628
2026-10-07,ARI incidence,2026-10-18,3,LU,quantile,0.975,16292.943236232222
2026-10-07,ARI incidence,2026-10-18,3,LU,quantile,0.99,17848.07683674039
2026-10-07,ARI incidence,2026-10-25,4,LU,median,,7973.78419161062
2026-10-07,ARI incidence,2026-10-25,4,LU,quantile,0.01,0.0
2026-10-07,ARI incidence,2026-10-25,4,LU,quantile,0.025,0.0
2026-10-07,ARI incidence,2026-10-25,4,LU,quantile,0.05,992.125836830608
2026-10-07,ARI incidence,2026-10-25,4,LU,quantile,0.1,2534.178473472254
2026-10-07,ARI incidence,2026-10-25,4,LU,quantile,0.15,3574.594066503054
2026-10-07,ARI incidence,2026-10-25,4,LU,quantile,0.2,4401.483397998454
2026-10-07,ARI incidence,2026-10-25,4,LU,quantile,0.25,5110.880816799334
2026-10-07,ARI incidence,2026-10-25,4,LU,quantile,0.3,5747.94162373146
2026-10-07,ARI incidence,2026-10-25,4,LU,quantile,0.35,6338.273402393451
2026-10-07,ARI incidence,2026-10-25,4,LU,quantile,0.4,6898.44053167318
2026-10-07,ARI incidence,2026-10-25,4,LU,quantile,0.45,7440.40871201269
2026-10-07,ARI incidence,2026-10-25,4,LU,quantile,0.5,7973.78419161062
2026-10-07,ARI incidence,2026-10-25,4,LU,quantile,0.55,8507.15967120855
2026-10-07,ARI incidence,2026-10-25,4,LU,quantile,0.6,9049.127851548059
2026-10-07,ARI incidence,2026-10-25,4,LU,quantile,0.65,9609.294980827788
2026-10-07,ARI incidence,2026-10-25,4,LU,quantile,0.7,10199.626759489778
2026-10-07,ARI incidence,2026-10-25,4,LU,quantile,0.75,10836.687566421906
2026-10-07,ARI incidence,2026-10-25,4,LU,quantile,0.8,11546.084985222786
2026-10-07,ARI incidence,2026-10-25,4,LU,quantile,0.85,12372.974316718186
2026-10-07,ARI incidence,2026-10-25,4,LU,quantile,0.9,13413.389909748985
2026-10-07,ARI incidence,2026-10-25,4,LU,quantile,0.95,14955.442546390628
2026-10-07,ARI incidence,2026-10-25,4,LU,quantile,0.975,16292.943236232222
2026-10-07,ARI incidence,2026-10-25,4,LU,quantile,0.99,17848.07683674039
2026-10-07,ARI incidence,2026-10-04,1,NL,median,,117.75735105974574
2026-10-07,ARI incidence,2026-10-04,1,NL,quantile,0.01,67.3628824700167
2026-10-07,ARI incidence,2026-10-04,1,NL,quantile,0.025,75.29966682512642
2026-10-07,ARI incidence,2026-10-04,1,NL,quantile,0.05,82.12573922598924
2026-10-07,ARI incidence,2026-10-04,1,NL,quantile,0.1,89.99576353596096
2026-10-07,ARI incidence,2026-10-04,1,NL,quantile,0.15,95.30563157487464
2026-10-07,ARI incidence,2026-10-04,1,NL,quantile,0.2,99.52574636596097
2026-10-07,ARI incidence,2026-10-04,1,NL,quantile,0.25,103.14622909056689
2026-10-07,ARI incidence,2026-10-04,1,NL,quantile,0.3,106.39753447298567
2026-10-07,ARI incidence,2026-10-04,1,NL,quantile,0.35,109.41035345116065
2026-10-07,ARI incidence,2026-10-04,1,NL,quantile,0.4,112.26922403723846
2026-10-07,ARI incidence,2026-10-04,1,NL,quantile,0.45,115.03521441470849
2026-10-07,ARI incidence,2026-10-04,1,NL,quantile,0.5,117.75735105974574
2026-10-07,ARI incidence,2026-10-04,1,NL,quantile,0.55,120.479487704783
2026-10-07,ARI incidence,2026-10-04,1,NL,quantile,0.6,123.24547808225303
2026-10-07,ARI incidence,2026-10-04,1,NL,quantile,0.65,126.10434866833084
2026-10-07,ARI incidence,2026-10-04,1,NL,quantile,0.7,129.1171676465058
2026-10-07,ARI incidence,2026-10-04,1,NL,quantile,0.75,132.3684730289246
2026-10-07,ARI incidence,2026-10-04,1,NL,quantile,0.8,135.98895575353052
2026-10-07,ARI incidence,2026-10-04,1,NL,quantile,0.85,140.20907054461685
2026-10-07,ARI incidence,2026-10-04,1,NL,quantile,0.9,145.5189385835305
2026-10-07,ARI incidence,2026-10-04,1,NL,quantile,0.95,153.38896289350222
2026-10-07,ARI incidence,2026-10-04,1,NL,quantile,0.975,160.21503529436507
2026-10-07,ARI incidence,2026-10-04,1,NL,quantile,0.99,168.1518196494748
2026-10-07,ARI incidence,2026-10-11,2,NL,median,,117.168223003342
2026-10-07,ARI incidence,2026-10-11,2,NL,quantile,0.01,66.75812143198401
2026-10-07,ARI incidence,2026-10-11,2,NL,quantile,0.025,74.69736787484838
2026-10-07,ARI incidence,2026-10-11,2,NL,quantile,0.05,81.52555780700831
2026-10-07,ARI incidence,2026-10-11,2,NL,quantile,0.1,89.39802349495068
2026-10-07,ARI incidence,2026-10-11,2,NL,quantile,0.15,94.70953871999069
2026-10-07,ARI incidence,2026-10-11,2,NL,quantile,0.2,98.93096264239334
2026-10-07,ARI incidence,2026-10-11,2,NL,quantile,0.25,102.55256848510143
2026-10-07,ARI incidence,2026-10-11,2,NL,quantile,0.3,105.80488246228737
2026-10-07,ARI incidence,2026-10-11,2,NL,quantile,0.35,108.81863605382479
2026-10-07,ARI incidence,2026-10-11,2,NL,quantile,0.4,111.67839349658752
2026-10-07,ARI incidence,2026-10-11,2,NL,quantile,0.45,114.44524191816372
2026-10-07,ARI incidence,2026-10-11,2,NL,quantile,0.5,117.168223003342
2026-10-07,ARI incidence,2026-10-11,2,NL,quantile,0.55,119.8912040885203
2026-10-07,ARI incidence,2026-10-11,2,NL,quantile,0.6,122.6580525100965
2026-10-07,ARI incidence,2026-10-11,2,NL,quantile,0.65,125.51780995285922
2026-10-07,ARI incidence,2026-10-11,2,NL,quantile,0.7,128.53156354439665
2026-10-07,ARI incidence,2026-10-11,2,NL,quantile,0.75,131.78387752158258
2026-10-07,ARI incidence,2026-10-11,2,NL,quantile,0.8,135.40548336429066
2026-10-07,ARI incidence,2026-10-11,2,NL,quantile,0.85,139.62690728669332
2026-10-07,ARI incidence,2026-10-11,2,NL,quantile,0.9,144.93842251173334
2026-10-07,ARI incidence,2026-10-11,2,NL,quantile,0.95,152.81088819967567
2026-10-07,ARI incidence,2026-10-11,2,NL,quantile,0.975,159.63907813183562
2026-10-07,ARI incidence,2026-10-11,2,NL,quantile,0.99,167.5783245747
2026-10-07,ARI incidence,2026-10-18,3,NL,median,,116.5789262449943
2026-10-07,ARI incidence,2026-10-18,3,NL,quantile,0.01,66.11386185617418
2026-10-07,ARI incidence,2026-10-18,3,NL,quantile,0.025,74.06176456711626
2026-10-07,ARI incidence,2026-10-18,3,NL,quantile,0.05,80.89739936737087
2026-10-07,ARI incidence,2026-10-18,3,NL,quantile,0.1,88.7784485114281
2026-10-07,ARI incidence,2026-10-18,3,NL,quantile,0.15,94.09575495355874
2026-10-07,ARI incidence,2026-10-18,3,NL,quantile,0.2,98.32178155171972
2026-10-07,ARI incidence,2026-10-18,3,NL,quantile,0.25,101.94733608039844
2026-10-07,ARI incidence,2026-10-18,3,NL,quantile,0.3,105.20319609962527
2026-10-07,ARI incidence,2026-10-18,3,NL,quantile,0.35,108.22023562757948
2026-10-07,ARI incidence,2026-10-18,3,NL,quantile,0.4,111.08311110266932
2026-10-07,ARI incidence,2026-10-18,3,NL,quantile,0.45,113.8529762566067
2026-10-07,ARI incidence,2026-10-18,3,NL,quantile,0.5,116.5789262449943
2026-10-07,ARI incidence,2026-10-18,3,NL,quantile,0.55,119.30487623338192
2026-10-07,ARI incidence,2026-10-18,3,NL,quantile,0.6,122.07474138731929
2026-10-07,ARI incidence,2026-10-18,3,NL,quantile,0.65,124.93761686240913
2026-10-07,ARI incidence,2026-10-18,3,NL,quantile,0.7,127.95465639036334
2026-10-07,ARI incidence,2026-10-18,3,NL,quantile,0.75,131.21051640959018
2026-10-07,ARI incidence,2026-10-18,3,NL,quantile,0.8,134.8360709382689
2026-10-07,ARI incidence,2026-10-18,3,NL,quantile,0.85,139.06209753642986
2026-10-07,ARI incidence,2026-10-18,3,NL,quantile,0.9,144.37940397856053
2026-10-07,ARI incidence,2026-10-18,3,NL,quantile,0.95,152.26045312261772
2026-10-07,ARI incidence,2026-10-18,3,NL,quantile,0.975,159.09608792287236
2026-10-07,ARI incidence,2026-10-18,3,NL,quantile,0.99,167.04399063381442
2026-10-07,ARI incidence,2026-10-25,4,NL,median,,115.98965177124636
2026-10-07,ARI incidence,2026-10-25,4,NL,quantile,0.01,65.43140677178536
2026-10-07,ARI incidence,2026-10-25,4,NL,quantile,0.025,73.39398479201097
2026-10-07,ARI incidence,2026-10-25,4,NL,quantile,0.05,80.24224116785496
2026-10-07,ARI incidence,2026-10-25,4,NL,quantile,0.1,88.13784218023193
2026-10-07,ARI incidence,2026-10-25,4,NL,quantile,0.15,93.46496669883277
2026-10-07,ARI incidence,2026-10-25,4,NL,quantile,0.2,97.6987963929329
2026-10-07,ARI incidence,2026-10-25,4,NL,quantile,0.25,101.33104528312657
2026-10-07,ARI incidence,2026-10-25,4,NL,quantile,0.3,104.59291704589177
2026-10-07,ARI incidence,2026-10-25,4,NL,quantile,0.35,107.61552735016315
2026-10-07,ARI incidence,2026-10-25,4,NL,quantile,0.4,110.48368894721061
2026-10-07,ARI incidence,2026-10-25,4,NL,quantile,0.45,113.25866848531776
2026-10-07,ARI incidence,2026-10-25,4,NL,quantile,0.5,115.98965177124636
2026-10-07,ARI incidence,2026-10-25,4,NL,quantile,0.55,118.72063505717496
2026-10-07,ARI incidence,2026-10-25,4,NL,quantile,0.6,121.4956145952821
2026-10-07,ARI incidence,2026-10-25,4,NL,quantile,0.65,124.36377619232957
2026-10-07,ARI incidence,2026-10-25,4,NL,quantile,0.7,127.38638649660095
2026-10-07,ARI incidence,2026-10-25,4,NL,quantile,0.75,130.64825825936614
2026-10-07,ARI incidence,2026-10-25,4,NL,quantile,0.8,134.2805071495598
2026-10-07,ARI incidence,2026-10-25,4,NL,quantile,0.85,138.51433684365995
2026-10-07,ARI incidence,2026-10-25,4,NL,quantile,0.9,143.8414613622608
2026-10-07,ARI incidence,2026-10-25,4,NL,quantile,0.95,151.73706237463773
2026-10-07,ARI incidence,2026-10-25,4,NL,quantile,0.975,158.58531875048175
2026-10-07,ARI incidence,2026-10-25,4,NL,quantile,0.99,166.54789677070735
2026-10-07,ARI incidence,2026-10-04,1,SI,median,,564.8389032333173
2026-10-07,ARI incidence,2026-10-04,1,SI,quantile,0.01,0.0
2026-10-07,ARI incidence,2026-10-04,1,SI,quantile,0.025,68.5210710491383
2026-10-07,ARI incidence,2026-10-04,1,SI,quantile,0.05,148.3158483056436
2026-10-07,ARI incidence,2026-10-04,1,SI,quantile,0.1,240.31411611453734
2026-10-07,ARI incidence,2026-10-04,1,SI,quantile,0.15,302.38491064244164
2026-10-07,ARI incidence,2026-10-04,1,SI,quantile,0.2,351.716810448991
2026-10-07,ARI incidence,2026-10-04,1,SI,quantile,0.25,394.039187887361
2026-10-07,ARI incidence,2026-10-04,1,SI,quantile,0.3,432.04599085508073
2026-10-07,ARI incidence,2026-10-04,1,SI,quantile,0.35,467.2649579506036
2026-10-07,ARI incidence,2026-10-04,1,SI,quantile,0.4,500.6843136539535
2026-10-07,ARI incidence,2026-10-04,1,SI,quantile,0.45,533.0179270559971
2026-10-07,ARI incidence,2026-10-04,1,SI,quantile,0.5,564.8389032333173
2026-10-07,ARI incidence,2026-10-04,1,SI,quantile,0.55,596.6598794106375
2026-10-07,ARI incidence,2026-10-04,1,SI,quantile,0.6,628.9934928126811
2026-10-07,ARI incidence,2026-10-04,1,SI,quantile,0.65,662.412848516031
2026-10-07,ARI incidence,2026-10-04,1,SI,quantile,0.7,697.6318156115537
2026-10-07,ARI incidence,2026-10-04,1,SI,quantile,0.75,735.6386185792736
2026-10-07,ARI incidence,2026-10-04,1,SI,quantile,0.8,777.9609960176437
2026-10-07,ARI incidence,2026-10-04,1,SI,quantile,0.85,827.292895824193
2026-10-07,ARI incidence,2026-10-04,1,SI,quantile,0.9,889.3636903520973
2026-10-07,ARI incidence,2026-10-04,1,SI,quantile,0.95,981.3619581609908
2026-10-07,ARI incidence,2026-10-04,1,SI,quantile,0.975,1061.1567354174963
2026-10-07,ARI incidence,2026-10-04,1,SI,quantile,0.99,1153.9354085046507
2026-10-07,ARI incidence,2026-10-11,2,SI,median,,564.8389032333173
2026-10-07,ARI incidence,2026-10-11,2,SI,quantile,0.01,0.0
2026-10-07,ARI incidence,2026-10-11,2,SI,quantile,0.025,68.5210710491383
2026-10-07,ARI incidence,2026-10-11,2,SI,quantile,0.05,148.3158483056436
2026-10-07,ARI incidence,2026-10-11,2,SI,quantile,0.1,240.31411611453734
2026-10-07,ARI incidence,2026-10-11,2,SI,quantile,0.15,302.38491064244164
2026-10-07,ARI incidence,2026-10-11,2,SI,quantile,0.2,351.716810448991
2026-10-07,ARI incidence,2026-10-11,2,SI,quantile,0.25,394.039187887361
2026-10-07,ARI incidence,2026-10-11,2,SI,quantile,0.3,432.04599085508073
2026-10-07,ARI incidence,2026-10-11,2,SI,quantile,0.35,467.2649579506036
2026-10-07,ARI incidence,2026-10-11,2,SI,quantile,0.4,500.6843136539535
2026-10-07,ARI incidence,2026-10-11,2,SI,quantile,0.45,533.0179270559971
2026-10-07,ARI incidence,2026-10-11,2,SI,quantile,0.5,564.8389032333173
2026-10-07,ARI incidence,2026-10-11,2,SI,quantile,0.55,596.6598794106375
2026-10-07,ARI incidence,2026-10-11,2,SI,quantile,0.6,628.9934928126811
2026-10-07,ARI incidence,2026-10-11,2,SI,quantile,0.65,662.412848516031
2026-10-07,ARI incidence,2026-10-11,2,SI,quantile,0.7,697.6318156115537
2026-10-07,ARI incidence,2026-10-11,2,SI,quantile,0.75,735.6386185792736
2026-10-07,ARI incidence,2026-10-11,2,SI,quantile,0.8,777.9609960176437
2026-10-07,ARI incidence,2026-10-11,2,SI,quantile,0.85,827.292895824193
2026-10-07,ARI incidence,2026-10-11,2,SI,quantile,0.9,889.3636903520973
2026-10-07,ARI incidence,2026-10-11,2,SI,quantile,0.95,981.3619581609908
2026-10-07,ARI incidence,2026-10-11,2,SI,quantile,0.975,1061.1567354174963
2026-10-07,ARI incidence,2026-10-11,2,SI,quantile,0.99,1153.9354085046507
2026-10-07,ARI incidence,2026-10-18,3,SI,median,,564.8389032333173
2026-10-07,ARI incidence,2026-10-18,3,SI,quantile,0.01,0.0
2026-10-07,ARI incidence,2026-10-18,3,SI,quantile,0.025,68.5210710491383
2026-10-07,ARI incidence,2026-10-18,3,SI,quantile,0.05,148.3158483056436
2026-10-07,ARI incidence,2026-10-18,3,SI,quantile,0.1,240.31411611453734
2026-10-07,ARI incidence,2026-10-18,3,SI,quantile,0.15,302.38491064244164
2026-10-07,ARI incidence,2026-10-18,3,SI,quantile,0.2,351.716810448991
2026-10-07,ARI incidence,2026-10-18,3,SI,quantile,0.25,394.039187887361
2026-10-07,ARI incidence,2026-10-18,3,SI,quantile,0.3,432.04599085508073
2026-10-07,ARI incidence,2026-10-18,3,SI,quantile,0.35,467.2649579506036
2026-10-07,ARI incidence,2026-10-18,3,SI,quantile,0.4,500.6843136539535
2026-10-07,ARI incidence,2026-10-18,3,SI,quantile,0.45,533.0179270559971
2026-10-07,ARI incidence,2026-10-18,3,SI,quantile,0.5,564.8389032333173
2026-10-07,ARI incidence,2026-10-18,3,SI,quantile,0.55,596.6598794106375
2026-10-07,ARI incidence,2026-10-18,3,SI,quantile,0.6,628.9934928126811
2026-10-07,ARI incidence,2026-10-18,3,SI,quantile,0.65,662.412848516031
2026-10-07,ARI incidence,2026-10-18,3,SI,quantile,0.7,697.6318156115537
2026-10-07,ARI incidence,2026-10-18,3,SI,quantile,0.75,735.6386185792736
2026-10-07,ARI incidence,2026-10-18,3,SI,quantile,0.8,777.9609960176437
2026-10-07,ARI incidence,2026-10-18,3,SI,quantile,0.85,827.292895824193
2026-10-07,ARI incidence,2026-10-18,3,SI,quantile,0.9,889.3636903520973
2026-10-07,ARI incidence,2026-10-18,3,SI,quantile,0.95,981.3619581609908
2026-10-07,ARI incidence,2026-10-18,3,SI,quantile,0.975,1061.1567354174963
2026-10-07,ARI incidence,2026-10-18,3,SI,quantile,0.99,1153.9354085046507
2026-10-07,ARI incidence,2026-10-25,4,SI,median,,564.8389032333173
2026-10-07,ARI incidence,2026-10-25,4,SI,quantile,0.01,0.0
2026-10-07,ARI incidence,2026-10-25,4,SI,quantile,0.025,68.5210710491383
2026-10-07,ARI incidence,2026-10-25,4,SI,quantile,0.05,148.3158483056436
2026-10-07,ARI incidence,2026-10-25,4,SI,quantile,0.1,240.31411611453734
2026-10-07,ARI incidence,2026-10-25,4,SI,quantile,0.15,302.38491064244164
2026-10-07,ARI incidence,2026-10-25,4,SI,quantile,0.2,351.716810448991
2026-10-07,ARI incidence,2026-10-25,4,SI,quantile,0.25,394.039187887361
2026-10-07,ARI incidence,2026-10-25,4,SI,quantile,0.3,432.04599085508073
2026-10-07,ARI incidence,2026-10-25,4,SI,quantile,0.35,467.2649579506036
2026-10-07,ARI incidence,2026-10-25,4,SI,quantile,0.4,500.6843136539535
2026-10-07,ARI incidence,2026-10-25,4,SI,quantile,0.45,533.0179270559971
2026-10-07,ARI incidence,2026-10-25,4,SI,quantile,0.5,564.8389032333173
2026-10-07,ARI incidence,2026-10-25,4,SI,quantile,0.55,596.6598794106375
2026-10-07,ARI incidence,2026-10-25,4,SI,quantile,0.6,628.9934928126811
2026-10-07,ARI incidence,2026-10-25,4,SI,quantile,0.65,662.412848516031
2026-10-07,ARI incidence,2026-10-25,4,SI,quantile,0.7,697.6318156115537
2026-10-07,ARI incidence,2026-10-25,4,SI,quantile,0.75,735.6386185792736
2026-10-07,ARI incidence,2026-10-25,4,SI,quantile,0.8,777.9609960176437
2026-10-07,ARI incidence,2026-10-25,4,SI,quantile,0.85,827.292895824193
2026-10-07,ARI incidence,2026-10-25,4,SI,quantile,0.9,889.3636903520973
2026-10-07,ARI incidence,2026-10-25,4,SI,quantile,0.95,981.3619581609908
2026-10-07,ARI incidence,2026-10-25,4,SI,quantile,0.975,1061.1567354174963
2026-10-07,ARI incidence,2026-10-25,4,SI,quantile,0.99,1153.9354085046507
2026-10-07,ARI incidence,2026-10-04,1,SK,median,,1459.9703504245347
2026-10-07,ARI incidence,2026-10-04,1,SK,quantile,0.01,1003.7010108351952
2026-10-07,ARI incidence,2026-10-04,1,SK,quantile,0.025,1075.5603132052768
2026-10-07,ARI incidence,2026-10-04,1,SK,quantile,0.05,1137.3632775680258
2026-10-07,ARI incidence,2026-10-04,1,SK,quantile,0.1,1208.618137376086
2026-10-07,ARI incidence,2026-10-04,1,SK,quantile,0.15,1256.6934530053784
2026-10-07,ARI incidence,2026-10-04,1,SK,quantile,0.2,1294.902189849021
2026-10-07,ARI incidence,2026-10-04,1,SK,quantile,0.25,1327.681883890427
2026-10-07,ARI incidence,2026-10-04,1,SK,quantile,0.3,1357.119062238644
2026-10-07,ARI incidence,2026-10-04,1,SK,quantile,0.35,1384.3969949948253
2026-10-07,ARI incidence,2026-10-04,1,SK,quantile,0.4,1410.2810856655813
2026-10-07,ARI incidence,2026-10-04,1,SK,quantile,0.45,1435.3242429436787
2026-10-07,ARI incidence,2026-10-04,1,SK,quantile,0.5,1459.9703504245347
2026-10-07,ARI incidence,2026-10-04,1,SK,quantile,0.55,1484.6164579053907
2026-10-07,ARI incidence,2026-10-04,1,SK,quantile,0.6,1509.659615183488
2026-10-07,ARI incidence,2026-10-04,1,SK,quantile,0.65,1535.543705854244
2026-10-07,ARI incidence,2026-10-04,1,SK,quantile,0.7,1562.8216386104255
2026-10-07,ARI incidence,2026-10-04,1,SK,quantile,0.75,1592.2588169586425
2026-10-07,ARI incidence,2026-10-04,1,SK,quantile,0.8,1625.0385110000484
2026-10-07,ARI incidence,2026-10-04,1,SK,quantile,0.85,1663.247247843691
2026-10-07,ARI incidence,2026-10-04,1,SK,quantile,0.9,1711.3225634729833
2026-10-07,ARI incidence,2026-10-04,1,SK,quantile,0.95,1782.5774232810436
2026-10-07,ARI incidence,2026-10-04,1,SK,quantile,0.975,1844.3803876437923
2026-10-07,ARI incidence,2026-10-04,1,SK,quantile,0.99,1916.2396900138742
2026-10-07,ARI incidence,2026-10-11,2,SK,median,,1459.9703504245347
2026-10-07,ARI incidence,2026-10-11,2,SK,quantile,0.01,1003.7010108351952
2026-10-07,ARI incidence,2026-10-11,2,SK,quantile,0.025,1075.5603132052768
2026-10-07,ARI incidence,2026-10-11,2,SK,quantile,0.05,1137.3632775680258
2026-10-07,ARI incidence,2026-10-11,2,SK,quantile,0.1,1208.618137376086
2026-10-07,ARI incidence,2026-10-11,2,SK,quantile,0.15,1256.6934530053784
2026-10-07,ARI incidence,2026-10-11,2,SK,quantile,0.2,1294.902189849021
2026-10-07,ARI incidence,2026-10-11,2,SK,quantile,0.25,1327.681883890427
2026-10-07,ARI incidence,2026-10-11,2,SK,quantile,0.3,1357.119062238644
2026-10-07,ARI incidence,2026-10-11,2,SK,quantile,0.35,1384.3969949948253
2026-10-07,ARI incidence,2026-10-11,2,SK,quantile,0.4,1410.2810856655813
2026-10-07,ARI incidence,2026-10-11,2,SK,quantile,0.45,1435.3242429436787
2026-10-07,ARI incidence,2026-10-11,2,SK,quantile,0.5,1459.9703504245347
2026-10-07,ARI incidence,2026-10-11,2,SK,quantile,0.55,1484.6164579053907
2026-10-07,ARI incidence,2026-10-11,2,SK,quantile,0.6,1509.659615183488
2026-10-07,ARI incidence,2026-10-11,2,SK,quantile,0.65,1535.543705854244
2026-10-07,ARI incidence,2026-10-11,2,SK,quantile,0.7,1562.8216386104255
2026-10-07,ARI incidence,2026-10-11,2,SK,quantile,0.75,1592.2588169586425
2026-10-07,ARI incidence,2026-10-11,2,SK,quantile,0.8,1625.0385110000484
2026-10-07,ARI incidence,2026-10-11,2,SK,quantile,0.85,1663.247247843691
2026-10-07,ARI incidence,2026-10-11,2,SK,quantile,0.9,1711.3225634729833
2026-10-07,ARI incidence,2026-10-11,2,SK,quantile,0.95,1782.5774232810436
2026-10-07,ARI incidence,2026-10-11,2,SK,quantile,0.975,1844.3803876437923
2026-10-07,ARI incidence,2026-10-11,2,SK,quantile,0.99,1916.2396900138742
2026-10-07,ARI incidence,2026-10-18,3,SK,median,,1459.9703504245347
2026-10-07,ARI incidence,2026-10-18,3,SK,quantile,0.01,1003.7010108351952
2026-10-07,ARI incidence,2026-10-18,3,SK,quantile,0.025,1075.5603132052768
2026-10-07,ARI incidence,2026-10-18,3,SK,quantile,0.05,1137.3632775680258
2026-10-07,ARI incidence,2026-10-18,3,SK,quantile,0.1,1208.618137376086
2026-10-07,ARI incidence,2026-10-18,3,SK,quantile,0.15,1256.6934530053784
2026-10-07,ARI incidence,2026-10-18,3,SK,quantile,0.2,1294.902189849021
2026-10-07,ARI incidence,2026-10-18,3,SK,quantile,0.25,1327.681883890427
2026-10-07,ARI incidence,2026-10-18,3,SK,quantile,0.3,1357.119062238644
2026-10-07,ARI incidence,2026-10-18,3,SK,quantile,0.35,1384.3969949948253
2026-10-07,ARI incidence,2026-10-18,3,SK,quantile,0.4,1410.2810856655813
2026-10-07,ARI incidence,2026-10-18,3,SK,quantile,0.45,1435.3242429436787
2026-10-07,ARI incidence,2026-10-18,3,SK,quantile,0.5,1459.9703504245347
2026-10-07,ARI incidence,2026-10-18,3,SK,quantile,0.55,1484.6164579053907
2026-10-07,ARI incidence,2026-10-18,3,SK,quantile,0.6,1509.659615183488
2026-10-07,ARI incidence,2026-10-18,3,SK,quantile,0.65,1535.543705854244
2026-10-07,ARI incidence,2026-10-18,3,SK,quantile,0.7,1562.8216386104255
2026-10-07,ARI incidence,2026-10-18,3,SK,quantile,0.75,1592.2588169586425
2026-10-07,ARI incidence,2026-10-18,3,SK,quantile,0.8,1625.0385110000484
2026-10-07,ARI incidence,2026-10-18,3,SK,quantile,0.85,1663.247247843691
2026-10-07,ARI incidence,2026-10-18,3,SK,quantile,0.9,1711.3225634729833
2026-10-07,ARI incidence,2026-10-18,3,SK,quantile,0.95,1782.5774232810436
2026-10-07,ARI incidence,2026-10-18,3,SK,quantile,0.975,1844.3803876437923
2026-10-07,ARI incidence,2026-10-18,3,SK,quantile,0.99,1916.2396900138742
2026-10-07,ARI incidence,2026-10-25,4,SK,median,,1459.9703504245347
2026-10-07,ARI incidence,2026-10-25,4,SK,quantile,0.01,1003.7010108351952
2026-10-07,ARI incidence,2026-10-25,4,SK,quantile,0.025,1075.5603132052768
2026-10-07,ARI incidence,2026-10-25,4,SK,quantile,0.05,1137.3632775680258
2026-10-07,ARI incidence,2026-10-25,4,SK,quantile,0.1,1208.618137376086
2026-10-07,ARI incidence,2026-10-25,4,SK,quantile,0.15,1256.6934530053784
2026-10-07,ARI incidence,2026-10-25,4,SK,quantile,0.2,1294.902189849021
2026-10-07,ARI incidence,2026-10-25,4,SK,quantile,0.25,1327.681883890427
2026-10-07,ARI incidence,2026-10-25,4,SK,quantile,0.3,1357.119062238644
2026-10-07,ARI incidence,2026-10-25,4,SK,quantile,0.35,1384.3969949948253
2026-10-07,ARI incidence,2026-10-25,4,SK,quantile,0.4,1410.2810856655813
2026-10-07,ARI incidence,2026-10-25,4,SK,quantile,0.45,1435.3242429436787
2026-10-07,ARI incidence,2026-10-25,4,SK,quantile,0.5,1459.9703504245347
2026-10-07,ARI incidence,2026-10-25,4,SK,quantile,0.55,1484.6164579053907
2026-10-07,ARI incidence,2026-10-25,4,SK,quantile,0.6,1509.659615183488
2026-10-07,ARI incidence,2026-10-25,4,SK,quantile,0.65,1535.543705854244
2026-10-07,ARI incidence,2026-10-25,4,SK,quantile,0.7,1562.8216386104255
2026-10-07,ARI incidence,2026-10-25,4,SK,quantile,0.75,1592.2588169586425
2026-10-07,ARI incidence,2026-10-25,4,SK,quantile,0.8,1625.0385110000484
2026-10-07,ARI incidence,2026-10-25,4,SK,quantile,0.85,1663.247247843691
2026-10-07,ARI incidence,2026-10-25,4,SK,quantile,0.9,1711.3225634729833
2026-10-07,ARI incidence,2026-10-25,4,SK,quantile,0.95,1782.5774232810436
2026-10-07,ARI incidence,2026-10-25,4,SK,quantile,0.975,1844.3803876437923
2026-10-07,ARI incidence,2026-10-25,4,SK,quantile,0.99,1916.2396900138742
2026-10-07,ILI incidence,2026-10-04,1,BE,median,,52.075695012118956
2026-10-07,ILI incidence,2026-10-04,1,BE,quantile,0.01,0.0
2026-10-07,ILI incidence,2026-10-04,1,BE,quantile,0.025,0.0
2026-10-07,ILI incidence,2026-10-04,1,BE,quantile,0.05,0.0
2026-10-07,ILI incidence,2026-10-04,1,BE,quantile,0.1,0.0
2026-10-07,ILI incidence,2026-10-04,1,BE,quantile,0.15,0.0
2026-10-07,ILI incidence,2026-10-04,1,BE,quantile,0.2,0.0
2026-10-07,ILI incidence,2026-10-04,1,BE,quantile,0.25,3.447114066840257
2026-10-07,ILI incidence,2026-10-04,1,BE,quantile,0.3,14.268074106752742
2026-10-07,ILI incidence,2026-10-04,1,BE,quantile,0.35,24.29530622915269
2026-10-07,ILI incidence,2026-10-04,1,BE,quantile,0.4,33.81016894814309
2026-10-07,ILI incidence,2026-10-04,1,BE,quantile,0.45,43.015908743375434
2026-10-07,ILI incidence,2026-10-04,1,BE,quantile,0.5,52.075695012118956
2026-10-07,ILI incidence,2026-10-04,1,BE,quantile,0.55,61.13548128086249
2026-10-07,ILI incidence,2026-10-04,1,BE,quantile,0.6,70.34122107609483
2026-10-07,ILI incidence,2026-10-04,1,BE,quantile,0.65,79.85608379508523
2026-10-07,ILI incidence,2026-10-04,1,BE,quantile,0.7,89.88331591748516
2026-10-07,ILI incidence,2026-10-04,1,BE,quantile,0.75,100.70427595739766
2026-10-07,ILI incidence,2026-10-04,1,BE,quantile,0.8,112.75392810634742
2026-10-07,ILI incidence,2026-10-04,1,BE,quantile,0.85,126.79926932994424
2026-10-07,ILI incidence,2026-10-04,1,BE,quantile,0.9,144.4715157381079
2026-10-07,ILI incidence,2026-10-04,1,BE,quantile,0.95,170.66444705481763
2026-10-07,ILI incidence,2026-10-04,1,BE,quantile,0.975,193.38290871600285
2026-10-07,ILI incidence,2026-10-04,1,BE,quantile,0.99,219.79803010584686
2026-10-07,ILI incidence,2026-10-11,2,BE,median,,52.075695012118956
2026-10-07,ILI incidence,2026-10-11,2,BE,quantile,0.01,0.0
2026-10-07,ILI incidence,2026-10-11,2,BE,quantile,0.025,0.0
2026-10-07,ILI incidence,2026-10-11,2,BE,quantile,0.05,0.0
2026-10-07,ILI incidence,2026-10-11,2,BE,quantile,0.1,0.0
2026-10-07,ILI incidence,2026-10-11,2,BE,quantile,0.15,0.0
2026-10-07,ILI incidence,2026-10-11,2,BE,quantile,0.2,0.0
2026-10-07,ILI incidence,2026-10-11,2,BE,quantile,0.25,3.447114066840257
2026-10-07,ILI incidence,2026-10-11,2,BE,quantile,0.3,14.268074106752742
2026-10-07,ILI incidence,2026-10-11,2,BE,quantile,0.35,24.29530622915269
2026-10-07,ILI incidence,2026-10-11,2,BE,quantile,0.4,33.81016894814309
2026-10-07,ILI incidence,2026-10-11,2,BE,quantile,0.45,43.015908743375434
2026-10-07,ILI incidence,2026-10-11,2,BE,quantile,0.5,52.075695012118956
2026-10-07,ILI incidence,2026-10-11,2,BE,quantile,0.55,61.13548128086249
2026-10-07,ILI incidence,2026-10-11,2,BE,quantile,0.6,70.34122107609483
2026-10-07,ILI incidence,2026-10-11,2,BE,quantile,0.65,79.85608379508523
2026-10-07,ILI incidence,2026-10-11,2,BE,quantile,0.7,89.88331591748516
2026-10-07,ILI incidence,2026-10-11,2,BE,quantile,0.75,100.70427595739766
2026-10-07,ILI incidence,2026-10-11,2,BE,quantile,0.8,112.75392810634742
2026-10-07,ILI incidence,2026-10-11,2,BE,quantile,0.85,126.79926932994424
2026-10-07,ILI incidence,2026-10-11,2,BE,quantile,0.9,144.4715157381079
2026-10-07,ILI incidence,2026-10-11,2,BE,quantile,0.95,170.66444705481763
2026-10-07,ILI incidence,2026-10-11,2,BE,quantile,0.975,193.38290871600285
2026-10-07,ILI incidence,2026-10-11,2,BE,quantile,0.99,219.79803010584686
2026-10-07,ILI incidence,2026-10-18,3,BE,median,,52.075695012118956
2026-10-07,ILI incidence,2026-10-18,3,BE,quantile,0.01,0.0
2026-10-07,ILI incidence,2026-10-18,3,BE,quantile,0.025,0.0
2026-10-07,ILI incidence,2026-10-18,3,BE,quantile,0.05,0.0
2026-10-07,ILI incidence,2026-10-18,3,BE,quantile,0.1,0.0
2026-10-07,ILI incidence,2026-10-18,3,BE,quantile,0.15,0.0
2026-10-07,ILI incidence,2026-10-18,3,BE,quantile,0.2,0.0
2026-10-07,ILI incidence,2026-10-18,3,BE,quantile,0.25,3.447114066840257
2026-10-07,ILI incidence,2026-10-18,3,BE,quantile,0.3,14.268074106752742
2026-10-07,ILI incidence,2026-10-18,3,BE,quantile,0.35,24.29530622915269
2026-10-07,ILI incidence,2026-10-18,3,BE,quantile,0.4,33.81016894814309
2026-10-07,ILI incidence,2026-10-18,3,BE,quantile,0.45,43.015908743375434
2026-10-07,ILI incidence,2026-10-18,3,BE,quantile,0.5,52.075695012118956
2026-10-07,ILI incidence,2026-10-18,3,BE,quantile,0.55,61.13548128086249
2026-10-07,ILI incidence,2026-10-18,3,BE,quantile,0.6,70.34122107609483
2026-10-07,ILI incidence,2026-10-18,3,BE,quantile,0.65,79.85608379508523
2026-10-07,ILI incidence,2026-10-18,3,BE,quantile,0.7,89.88331591748516
2026-10-07,ILI incidence,2026-10-18,3,BE,quantile,0.75,100.70427595739766
2026-10-07,ILI incidence,2026-10-18,3,BE,quantile,0.8,112.75392810634742
2026-10-07,ILI incidence,2026-10-18,3,BE,quantile,0.85,126.79926932994424
2026-10-07,ILI incidence,2026-10-18,3,BE,quantile,0.9,144.4715157381079
2026-10-07,ILI incidence,2026-10-18,3,BE,quantile,0.95,170.66444705481763
2026-10-07,ILI incidence,2026-10-18,3,BE,quantile,0.975,193.38290871600285
2026-10-07,ILI incidence,2026-10-18,3,BE,quantile,0.99,219.79803010584686
2026-10-07,ILI incidence,2026-10-25,4,BE,median,,52.075695012118956
2026-10-07,ILI incidence,2026-10-25,4,BE,quantile,0.01,0.0
2026-10-07,ILI incidence,2026-10-25,4,BE,quantile,0.025,0.0
2026-10-07,ILI incidence,2026-10-25,4,BE,quantile,0.05,0.0
2026-10-07,ILI incidence,2026-10-25,4,BE,quantile,0.1,0.0
2026-10-07,ILI incidence,2026-10-25,4,BE,quantile,0.15,0.0
2026-10-07,ILI incidence,2026-10-25,4,BE,quantile,0.2,0.0
2026-10-07,ILI incidence,2026-10-25,4,BE,quantile,0.25,3.447114066840257
2026-10-07,ILI incidence,2026-10-25,4,BE,quantile,0.3,14.268074106752742
2026-10-07,ILI incidence,2026-10-25,4,BE,quantile,0.35,24.29530622915269
2026-10-07,ILI incidence,2026-10-25,4,BE,quantile,0.4,33.81016894814309
2026-10-07,ILI incidence,2026-10-25,4,BE,quantile,0.45,43.015908743375434
2026-10-07,ILI incidence,2026-10-25,4,BE,quantile,0.5,52.075695012118956
2026-10-07,ILI incidence,2026-10-25,4,BE,quantile,0.55,61.13548128086249
2026-10-07,ILI incidence,2026-10-25,4,BE,quantile,0.6,70.34122107609483
2026-10-07,ILI incidence,2026-10-25,4,BE,quantile,0.65,79.85608379508523
2026-10-07,ILI incidence,2026-10-25,4,BE,quantile,0.7,89.88331591748516
2026-10-07,ILI incidence,2026-10-25,4,BE,quantile,0.75,100.70427595739766
2026-10-07,ILI incidence,2026-10-25,4,BE,quantile,0.8,112.75392810634742
2026-10-07,ILI incidence,2026-10-25,4,BE,quantile,0.85,126.79926932994424
2026-10-07,ILI incidence,2026-10-25,4,BE,quantile,0.9,144.4715157381079
2026-10-07,ILI incidence,2026-10-25,4,BE,quantile,0.95,170.66444705481763
2026-10-07,ILI incidence,2026-10-25,4,BE,quantile,0.975,193.38290871600285
2026-10-07,ILI incidence,2026-10-25,4,BE,quantile,0.99,219.79803010584686
2026-10-07,ILI incidence,2026-10-04,1,DK,median,,96.88569224886508
2026-10-07,ILI incidence,2026-10-04,1,DK,quantile,0.01,38.54358895498423
2026-10-07,ILI incidence,2026-10-04,1,DK,quantile,0.025,47.732071453665526
2026-10-07,ILI incidence,2026-10-04,1,DK,quantile,0.05,55.63467331151734
2026-10-07,ILI incidence,2026-10-04,1,DK,quantile,0.1,64.74586714026432
2026-10-07,ILI incidence,2026-10-04,1,DK,quantile,0.15,70.89314636103018
2026-10-07,ILI incidence,2026-10-04,1,DK,quantile,0.2,75.77880901297792
2026-10-07,ILI incidence,2026-10-04,1,DK,quantile,0.25,79.97027254069772
2026-10-07,ILI incidence,2026-10-04,1,DK,quantile,0.3,83.73433633121633
2026-10-07,ILI incidence,2026-10-04,1,DK,quantile,0.35,87.22230239077459
2026-10-07,ILI incidence,2026-10-04,1,DK,quantile,0.4,90.53204109235072
2026-10-07,ILI incidence,2026-10-04,1,DK,quantile,0.45,93.73425158941957
2026-10-07,ILI incidence,2026-10-04,1,DK,quantile,0.5,96.88569224886508
2026-10-07,ILI incidence,2026-10-04,1,DK,quantile,0.55,100.0371329083106
2026-10-07,ILI incidence,2026-10-04,1,DK,quantile,0.6,103.23934340537944
2026-10-07,ILI incidence,2026-10-04,1,DK,quantile,0.65,106.54908210695558
2026-10-07,ILI incidence,2026-10-04,1,DK,quantile,0.7,110.03704816651383
2026-10-07,ILI incidence,2026-10-04,1,DK,quantile,0.75,113.80111195703245
2026-10-07,ILI incidence,2026-10-04,1,DK,quantile,0.8,117.99257548475225
2026-10-07,ILI incidence,2026-10-04,1,DK,quantile,0.85,122.87823813669999
2026-10-07,ILI incidence,2026-10-04,1,DK,quantile,0.9,129.02551735746584
2026-10-07,ILI incidence,2026-10-04,1,DK,quantile,0.95,138.1367111862128
2026-10-07,ILI incidence,2026-10-04,1,DK,quantile,0.975,146.0393130440646
2026-10-07,ILI incidence,2026-10-04,1,DK,quantile,0.99,155.22779554274592
2026-10-07,ILI incidence,2026-10-11,2,DK,median,,96.88569224886508
2026-10-07,ILI incidence,2026-10-11,2,DK,quantile,0.01,38.54358895498423
2026-10-07,ILI incidence,2026-10-11,2,DK,quantile,0.025,47.732071453665526
2026-10-07,ILI incidence,2026-10-11,2,DK,quantile,0.05,55.63467331151734
2026-10-07,ILI incidence,2026-10-11,2,DK,quantile,0.1,64.74586714026432
2026-10-07,ILI incidence,2026-10-11,2,DK,quantile,0.15,70.89314636103018
2026-10-07,ILI incidence,2026-10-11,2,DK,quantile,0.2,75.77880901297792
2026-10-07,ILI incidence,2026-10-11,2,DK,quantile,0.25,79.97027254069772
2026-10-07,ILI incidence,2026-10-11,2,DK,quantile,0.3,83.73433633121633
2026-10-07,ILI incidence,2026-10-11,2,DK,quantile,0.35,87.22230239077459
2026-10-07,ILI incidence,2026-10-11,2,DK,quantile,0.4,90.53204109235072
2026-10-07,ILI incidence,2026-10-11,2,DK,quantile,0.45,93.73425158941957
2026-10-07,ILI incidence,2026-10-11,2,DK,quantile,0.5,96.88569224886508
2026-10-07,ILI incidence,2026-10-11,2,DK,quantile,0.55,100.0371329083106
2026-10-07,ILI incidence,2026-10-11,2,DK,quantile,0.6,103.23934340537944
2026-10-07,ILI incidence,2026-10-11,2,DK,quantile,0.65,106.54908210695558
2026-10-07,ILI incidence,2026-10-11,2,DK,quantile,0.7,110.03704816651383
2026-10-07,ILI incidence,2026-10-11,2,DK,quantile,0.75,113.80111195703245
2026-10-07,ILI incidence,2026-10-11,2,DK,quantile,0.8,117.99257548475225
2026-10-07,ILI incidence,2026-10-11,2,DK,quantile,0.85,122.87823813669999
2026-10-07,ILI incidence,2026-10-11,2,DK,quantile,0.9,129.02551735746584
2026-10-07,ILI incidence,2026-10-11,2,DK,quantile,0.95,138.1367111862128
2026-10-07,ILI incidence,2026-10-11,2,DK,quantile,0.975,146.0393130440646
2026-10-07,ILI incidence,2026-10-11,2,DK,quantile,0.99,155.22779554274592
2026-10-07,ILI incidence,2026-10-18,3,DK,median,,96.88569224886508
2026-10-07,ILI incidence,2026-10-18,3,DK,quantile,0.01,38.54358895498423
2026-10-07,ILI incidence,2026-10-18,3,DK,quantile,0.025,47.732071453665526
2026-10-07,ILI incidence,2026-10-18,3,DK,quantile,0.05,55.63467331151734
2026-10-07,ILI incidence,2026-10-18,3,DK,quantile,0.1,64.74586714026432
2026-10-07,ILI incidence,2026-10-18,3,DK,quantile,0.15,70.89314636103018
2026-10-07,ILI incidence,2026-10-18,3,DK,quantile,0.2,75.77880901297792
2026-10-07,ILI incidence,2026-10-18,3,DK,quantile,0.25,79.97027254069772
2026-10-07,ILI incidence,2026-10-18,3,DK,quantile,0.3,83.73433633121633
2026-10-07,ILI incidence,2026-10-18,3,DK,quantile,0.35,87.22230239077459
2026-10-07,ILI incidence,2026-10-18,3,DK,quantile,0.4,90.53204109235072
2026-10-07,ILI incidence,2026-10-18,3,DK,quantile,0.45,93.73425158941957
2026-10-07,ILI incidence,2026-10-18,3,DK,quantile,0.5,96.88569224886508
2026-10-07,ILI incidence,2026-10-18,3,DK,quantile,0.55,100.0371329083106
2026-10-07,ILI incidence,2026-10-18,3,DK,quantile,0.6,103.23934340537944
2026-10-07,ILI incidence,2026-10-18,3,DK,quantile,0.65,106.54908210695558
2026-10-07,ILI incidence,2026-10-18,3,DK,quantile,0.7,110.03704816651383
2026-10-07,ILI incidence,2026-10-18,3,DK,quantile,0.75,113.80111195703245
2026-10-07,ILI incidence,2026-10-18,3,DK,quantile,0.8,117.99257548475225
2026-10-07,ILI incidence,2026-10-18,3,DK,quantile,0.85,122.87823813669999
2026-10-07,ILI incidence,2026-10-18,3,DK,quantile,0.9,129.02551735746584
2026-10-07,ILI incidence,2026-10-18,3,DK,quantile,0.95,138.1367111862128
2026-10-07,ILI incidence,2026-10-18,3,DK,quantile,0.975,146.0393130440646
2026-10-07,ILI incidence,2026-10-18,3,DK,quantile,0.99,155.22779554274592
2026-10-07,ILI incidence,2026-10-25,4,DK,median,,96.88569224886508
2026-10-07,ILI incidence,2026-10-25,4,DK,quantile,0.01,38.54358895498423
2026-10-07,ILI incidence,2026-10-25,4,DK,quantile,0.025,47.732071453665526
2026-10-07,ILI incidence,2026-10-25,4,DK,quantile,0.05,55.63467331151734
2026-10-07,ILI incidence,2026-10-25,4,DK,quantile,0.1,64.74586714026432
2026-10-07,ILI incidence,2026-10-25,4,DK,quantile,0.15,70.89314636103018
2026-10-07,ILI incidence,2026-10-25,4,DK,quantile,0.2,75.77880901297792
2026-10-07,ILI incidence,2026-10-25,4,DK,quantile,0.25,79.97027254069772
2026-10-07,ILI incidence,2026-10-25,4,DK,quantile,0.3,83.73433633121633
2026-10-07,ILI incidence,2026-10-25,4,DK,quantile,0.35,87.22230239077459
2026-10-07,ILI incidence,2026-10-25,4,DK,quantile,0.4,90.53204109235072
2026-10-07,ILI incidence,2026-10-25,4,DK,quantile,0.45,93.73425158941957
2026-10-07,ILI incidence,2026-10-25,4,DK,quantile,0.5,96.88569224886508
2026-10-07,ILI incidence,2026-10-25,4,DK,quantile,0.55,100.0371329083106
2026-10-07,ILI incidence,2026-10-25,4,DK,quantile,0.6,103.23934340537944
2026-10-07,ILI incidence,2026-10-25,4,DK,quantile,0.65,106.54908210695558
2026-10-07,ILI incidence,2026-10-25,4,DK,quantile,0.7,110.03704816651383
2026-10-07,ILI incidence,2026-10-25,4,DK,quantile,0.75,113.80111195703245
2026-10-07,ILI incidence,2026-10-25,4,DK,quantile,0.8,117.99257548475225
2026-10-07,ILI incidence,2026-10-25,4,DK,quantile,0.85,122.87823813669999
2026-10-07,ILI incidence,2026-10-25,4,DK,quantile,0.9,129.02551735746584
2026-10-07,ILI incidence,2026-10-25,4,DK,quantile,0.95,138.1367111862128
2026-10-07,ILI incidence,2026-10-25,4,DK,quantile,0.975,146.0393130440646
2026-10-07,ILI incidence,2026-10-25,4,DK,quantile,0.99,155.22779554274592
2026-10-07,ILI incidence,2026-10-04,1,ES,median,,14.291221315642932
2026-10-07,ILI incidence,2026-10-04,1,ES,quantile,0.01,7.73763710059179
2026-10-07,ILI incidence,2026-10-04,1,ES,quantile,0.025,8.769781820508792
2026-10-07,ILI incidence,2026-10-04,1,ES,quantile,0.05,9.657483220860662
2026-10-07,ILI incidence,2026-10-04,1,ES,quantile,0.1,10.680946083616423
2026-10-07,ILI incidence,2026-10-04,1,ES,quantile,0.15,11.371471618216894
2026-10-07,ILI incidence,2026-10-04,1,ES,quantile,0.2,11.920279423012436
2026-10-07,ILI incidence,2026-10-04,1,ES,quantile,0.25,12.391107652753481
2026-10-07,ILI incidence,2026-10-04,1,ES,quantile,0.3,12.813925954619119
2026-10-07,ILI incidence,2026-10-04,1,ES,quantile,0.35,13.2057301238211
2026-10-07,ILI incidence,2026-10-04,1,ES,quantile,0.4,13.577513965780534
2026-10-07,ILI incidence,2026-10-04,1,ES,quantile,0.45,13.937219135495639
2026-10-07,ILI incidence,2026-10-04,1,ES,quantile,0.5,14.291221315642932
2026-10-07,ILI incidence,2026-10-04,1,ES,quantile,0.55,14.645223495790226
2026-10-07,ILI incidence,2026-10-04,1,ES,quantile,0.6,15.00492866550533
2026-10-07,ILI incidence,2026-10-04,1,ES,quantile,0.65,15.376712507464765
2026-10-07,ILI incidence,2026-10-04,1,ES,quantile,0.7,15.768516676666744
2026-10-07,ILI incidence,2026-10-04,1,ES,quantile,0.75,16.19133497853238
2026-10-07,ILI incidence,2026-10-04,1,ES,quantile,0.8,16.662163208273427
2026-10-07,ILI incidence,2026-10-04,1,ES,quantile,0.85,17.21097101306897
2026-10-07,ILI incidence,2026-10-04,1,ES,quantile,0.9,17.901496547669442
2026-10-07,ILI incidence,2026-10-04,1,ES,quantile,0.95,18.924959410425203
2026-10-07,ILI incidence,2026-10-04,1,ES,quantile,0.975,19.81266081077707
2026-10-07,ILI incidence,2026-10-04,1,ES,quantile,0.99,20.844805530694074
2026-10-07,ILI incidence,2026-10-11,2,ES,median,,14.291221315642932
2026-10-07,ILI incidence,2026-10-11,2,ES,quantile,0.01,7.73763710059179
2026-10-07,ILI incidence,2026-10-11,2,ES,quantile,0.025,8.769781820508792
2026-10-07,ILI incidence,2026-10-11,2,ES,quantile,0.05,9.657483220860662
2026-10-07,ILI incidence,2026-10-11,2,ES,quantile,0.1,10.680946083616423
2026-10-07,ILI incidence,2026-10-11,2,ES,quantile,0.15,11.371471618216894
2026-10-07,ILI incidence,2026-10-11,2,ES,quantile,0.2,11.920279423012436
2026-10-07,ILI incidence,2026-10-11,2,ES,quantile,0.25,12.391107652753481
2026-10-07,ILI incidence,2026-10-11,2,ES,quantile,0.3,12.813925954619119
2026-10-07,ILI incidence,2026-10-11,2,ES,quantile,0.35,13.2057301238211
2026-10-07,ILI incidence,2026-10-11,2,ES,quantile,0.4,13.577513965780534
2026-10-07,ILI incidence,2026-10-11,2,ES,quantile,0.45,13.937219135495639
2026-10-07,ILI incidence,2026-10-11,2,ES,quantile,0.5,14.291221315642932
2026-10-07,ILI incidence,2026-10-11,2,ES,quantile,0.55,14.645223495790226
2026-10-07,ILI incidence,2026-10-11,2,ES,quantile,0.6,15.00492866550533
2026-10-07,ILI incidence,2026-10-11,2,ES,quantile,0.65,15.376712507464765
2026-10-07,ILI incidence,2026-10-11,2,ES,quantile,0.7,15.768516676666744
2026-10-07,ILI incidence,2026-10-11,2,ES,quantile,0.75,16.19133497853238
2026-10-07,ILI incidence,2026-10-11,2,ES,quantile,0.8,16.662163208273427
2026-10-07,ILI incidence,2026-10-11,2,ES,quantile,0.85,17.21097101306897
2026-10-07,ILI incidence,2026-10-11,2,ES,quantile,0.9,17.901496547669442
2026-10-07,ILI incidence,2026-10-11,2,ES,quantile,0.95,18.924959410425203
2026-10-07,ILI incidence,2026-10-11,2,ES,quantile,0.975,19.81266081077707
2026-10-07,ILI incidence,2026-10-11,2,ES,quantile,0.99,20.844805530694074
2026-10-07,ILI incidence,2026-10-18,3,ES,median,,14.291221315642932
2026-10-07,ILI incidence,2026-10-18,3,ES,quantile,0.01,7.73763710059179
2026-10-07,ILI incidence,2026-10-18,3,ES,quantile,0.025,8.769781820508792
2026-10-07,ILI incidence,2026-10-18,3,ES,quantile,0.05,9.657483220860662
2026-10-07,ILI incidence,2026-10-18,3,ES,quantile,0.1,10.680946083616423
2026-10-07,ILI incidence,2026-10-18,3,ES,quantile,0.15,11.371471618216894
2026-10-07,ILI incidence,2026-10-18,3,ES,quantile,0.2,11.920279423012436
2026-10-07,ILI incidence,2026-10-18,3,ES,quantile,0.25,12.391107652753481
2026-10-07,ILI incidence,2026-10-18,3,ES,quantile,0.3,12.813925954619119
2026-10-07,ILI incidence,2026-10-18,3,ES,quantile,0.35,13.2057301238211
2026-10-07,ILI incidence,2026-10-18,3,ES,quantile,0.4,13.577513965780534
2026-10-07,ILI incidence,2026-10-18,3,ES,quantile,0.45,13.937219135495639
2026-10-07,ILI incidence,2026-10-18,3,ES,quantile,0.5,14.291221315642932
2026-10-07,ILI incidence,2026-10-18,3,ES,quantile,0.55,14.645223495790226
2026-10-07,ILI incidence,2026-10-18,3,ES,quantile,0.6,15.00492866550533
2026-10-07,ILI incidence,2026-10-18,3,ES,quantile,0.65,15.376712507464765
2026-10-07,ILI incidence,2026-10-18,3,ES,quantile,0.7,15.768516676666744
2026-10-07,ILI incidence,2026-10-18,3,ES,quantile,0.75,16.19133497853238
2026-10-07,ILI incidence,2026-10-18,3,ES,quantile,0.8,16.662163208273427
2026-10-07,ILI incidence,2026-10-18,3,ES,quantile,0.85,17.21097101306897
2026-10-07,ILI incidence,2026-10-18,3,ES,quantile,0.9,17.901496547669442
2026-10-07,ILI incidence,2026-10-18,3,ES,quantile,0.95,18.924959410425203
2026-10-07,ILI incidence,2026-10-18,3,ES,quantile,0.975,19.81266081077707
2026-10-07,ILI incidence,2026-10-18,3,ES,quantile,0.99,20.844805530694074
2026-10-07,ILI incidence,2026-10-25,4,ES,median,,14.291221315642932
2026-10-07,ILI incidence,2026-10-25,4,ES,quantile,0.01,7.73763710059179
2026-10-07,ILI incidence,2026-10-25,4,ES,quantile,0.025,8.769781820508792
2026-10-07,ILI incidence,2026-10-25,4,ES,quantile,0.05,9.657483220860662
2026-10-07,ILI incidence,2026-10-25,4,ES,quantile,0.1,10.680946083616423
2026-10-07,ILI incidence,2026-10-25,4,ES,quantile,0.15,11.371471618216894
2026-10-07,ILI incidence,2026-10-25,4,ES,quantile,0.2,11.920279423012436
2026-10-07,ILI incidence,2026-10-25,4,ES,quantile,0.25,12.391107652753481
2026-10-07,ILI incidence,2026-10-25,4,ES,quantile,0.3,12.813925954619119
2026-10-07,ILI incidence,2026-10-25,4,ES,quantile,0.35,13.2057301238211
2026-10-07,ILI incidence,2026-10-25,4,ES,quantile,0.4,13.577513965780534
2026-10-07,ILI incidence,2026-10-25,4,ES,quantile,0.45,13.937219135495639
2026-10-07,ILI incidence,2026-10-25,4,ES,quantile,0.5,14.291221315642932
2026-10-07,ILI incidence,2026-10-25,4,ES,quantile,0.55,14.645223495790226
2026-10-07,ILI incidence,2026-10-25,4,ES,quantile,0.6,15.00492866550533
2026-10-07,ILI incidence,2026-10-25,4,ES,quantile,0.65,15.376712507464765
2026-10-07,ILI incidence,2026-10-25,4,ES,quantile,0.7,15.768516676666744
2026-10-07,ILI incidence,2026-10-25,4,ES,quantile,0.75,16.19133497853238
2026-10-07,ILI incidence,2026-10-25,4,ES,quantile,0.8,16.662163208273427
2026-10-07,ILI incidence,2026-10-25,4,ES,quantile,0.85,17.21097101306897
2026-10-07,ILI incidence,2026-10-25,4,ES,quantile,0.9,17.901496547669442
2026-10-07,ILI incidence,2026-10-25,4,ES,quantile,0.95,18.924959410425203
2026-10-07,ILI incidence,2026-10-25,4,ES,quantile,0.975,19.81266081077707
2026-10-07,ILI incidence,2026-10-25,4,ES,quantile,0.99,20.844805530694074
2026-10-07,ILI incidence,2026-10-04,1,GR,median,,322.547703557452
2026-10-07,ILI incidence,2026-10-04,1,GR,quantile,0.01,0.0
2026-10-07,ILI incidence,2026-10-04,1,GR,quantile,0.025,49.71016225999864
2026-10-07,ILI incidence,2026-10-04,1,GR,quantile,0.05,93.57522094474047
2026-10-07,ILI incidence,2026-10-04,1,GR,quantile,0.1,144.1488243192987
2026-10-07,ILI incidence,2026-10-04,1,GR,quantile,0.15,178.27059441739243
2026-10-07,ILI incidence,2026-10-04,1,GR,quantile,0.2,205.389495609233
2026-10-07,ILI incidence,2026-10-04,1,GR,quantile,0.25,228.65509811908322
2026-10-07,ILI incidence,2026-10-04,1,GR,quantile,0.3,249.54832822660296
2026-10-07,ILI incidence,2026-10-04,1,GR,quantile,0.35,268.90901963495145
2026-10-07,ILI incidence,2026-10-04,1,GR,quantile,0.4,287.2804224953334
2026-10-07,ILI incidence,2026-10-04,1,GR,quantile,0.45,305.05496737326615
2026-10-07,ILI incidence,2026-10-04,1,GR,quantile,0.5,322.547703557452
2026-10-07,ILI incidence,2026-10-04,1,GR,quantile,0.55,340.04043974163784
2026-10-07,ILI incidence,2026-10-04,1,GR,quantile,0.6,357.81498461957057
2026-10-07,ILI incidence,2026-10-04,1,GR,quantile,0.65,376.18638747995254
2026-10-07,ILI incidence,2026-10-04,1,GR,quantile,0.7,395.547078888301
2026-10-07,ILI incidence,2026-10-04,1,GR,quantile,0.75,416.44030899582077
2026-10-07,ILI incidence,2026-10-04,1,GR,quantile,0.8,439.705911505671
2026-10-07,ILI incidence,2026-10-04,1,GR,quantile,0.85,466.82481269751156
2026-10-07,ILI incidence,2026-10-04,1,GR,quantile,0.9,500.9465827956053
2026-10-07,ILI incidence,2026-10-04,1,GR,quantile,0.95,551.5201861701635
2026-10-07,ILI incidence,2026-10-04,1,GR,quantile,0.975,595.3852448549053
2026-10-07,ILI incidence,2026-10-04,1,GR,quantile,0.99,646.3878552961635
2026-10-07,ILI incidence,2026-10-11,2,GR,median,,769.9087193226637
2026-10-07,ILI incidence,2026-10-11,2,GR,quantile,0.01,0.0
2026-10-07,ILI incidence,2026-10-11,2,GR,quantile,0.025,0.0
2026-10-07,ILI incidence,2026-10-11,2,GR,quantile,0.05,0.0
2026-10-07,ILI incidence,2026-10-11,2,GR,quantile,0.1,50.909010279059544
2026-10-07,ILI incidence,2026-10-11,2,GR,quantile,0.15,188.42973281583693
2026-10-07,ILI incidence,2026-10-11,2,GR,quantile,0.2,297.7268435924475
2026-10-07,ILI incidence,2026-10-11,2,GR,quantile,0.25,391.4940326395015
2026-10-07,ILI incidence,2026-10-11,2,GR,quantile,0.3,475.6998664005638
2026-10-07,ILI incidence,2026-10-11,2,GR,quantile,0.35,553.7291205580557
2026-10-07,ILI incidence,2026-10-11,2,GR,quantile,0.4,627.7712522561147
2026-10-07,ILI incidence,2026-10-11,2,GR,quantile,0.45,699.407871556596
2026-10-07,ILI incidence,2026-10-11,2,GR,quantile,0.5,769.9087193226637
2026-10-07,ILI incidence,2026-10-11,2,GR,quantile,0.55,840.4095670887316
2026-10-07,ILI incidence,2026-10-11,2,GR,quantile,0.6,912.0461863892127
2026-10-07,ILI incidence,2026-10-11,2,GR,quantile,0.65,986.0883180872718
2026-10-07,ILI incidence,2026-10-11,2,GR,quantile,0.7,1064.1175722447636
2026-10-07,ILI incidence,2026-10-11,2,GR,quantile,0.75,1148.323406005826
2026-10-07,ILI incidence,2026-10-11,2,GR,quantile,0.8,1242.09059505288
2026-10-07,ILI incidence,2026-10-11,2,GR,quantile,0.85,1351.3877058294906
2026-10-07,ILI incidence,2026-10-11,2,GR,quantile,0.9,1488.9084283662678
2026-10-07,ILI incidence,2026-10-11,2,GR,quantile,0.95,1692.7348552299256
2026-10-07,ILI incidence,2026-10-11,2,GR,quantile,0.975,1869.5238830881508
2026-10-07,ILI incidence,2026-10-11,2,GR,quantile,0.99,2075.079334021086
2026-10-07,ILI incidence,2026-10-18,3,GR,median,,669.7626474670205
2026-10-07,ILI incidence,2026-10-18,3,GR,quantile,0.01,0.0
2026-10-07,ILI incidence,2026-10-18,3,GR,quantile,0.025,0.0
2026-10-07,ILI incidence,2026-10-18,3,GR,quantile,0.05,0.0
2026-10-07,ILI incidence,2026-10-18,3,GR,quantile,0.1,0.0
2026-10-07,ILI incidence,2026-10-18,3,GR,quantile,0.15,11.511619465801687
2026-10-07,ILI incidence,2026-10-18,3,GR,quantile,0.2,135.2391095312097
2026-10-07,ILI incidence,2026-10-18,3,GR,quantile,0.25,241.3862791027163
2026-10-07,ILI incidence,2026-10-18,3,GR,quantile,0.3,336.70971799412024
2026-10-07,ILI incidence,2026-10-18,3,GR,quantile,0.35,425.04109015925076
2026-10-07,ILI incidence,2026-10-18,3,GR,quantile,0.4,508.85892440024236
2026-10-07,ILI incidence,2026-10-18,3,GR,quantile,0.45,589.9536490442947
2026-10-07,ILI incidence,2026-10-18,3,GR,quantile,0.5,669.7626474670205
2026-10-07,ILI incidence,2026-10-18,3,GR,quantile,0.55,749.5716458897464
2026-10-07,ILI incidence,2026-10-18,3,GR,quantile,0.6,830.6663705337987
2026-10-07,ILI incidence,2026-10-18,3,GR,quantile,0.65,914.4842047747903
2026-10-07,ILI incidence,2026-10-18,3,GR,quantile,0.7,1002.8155769399207
2026-10-07,ILI incidence,2026-10-18,3,GR,quantile,0.75,1098.1390158313247
2026-10-07,ILI incidence,2026-10-18,3,GR,quantile,0.8,1204.2861854028315
2026-10-07,ILI incidence,2026-10-18,3,GR,quantile,0.85,1328.0136754682394
2026-10-07,ILI incidence,2026-10-18,3,GR,quantile,0.9,1483.6911102197726
2026-10-07,ILI incidence,2026-10-18,3,GR,quantile,0.95,1714.4285197052359
2026-10-07,ILI incidence,2026-10-18,3,GR,quantile,0.975,1914.5588116459692
2026-10-07,ILI incidence,2026-10-18,3,GR,quantile,0.99,2147.2535263779696
2026-10-07,ILI incidence,2026-10-25,4,GR,median,,669.5298642562286
2026-10-07,ILI incidence,2026-10-25,4,GR,quantile,0.01,0.0
2026-10-07,ILI incidence,2026-10-25,4,GR,quantile,0.025,0.0
2026-10-07,ILI incidence,2026-10-25,4,GR,quantile,0.05,0.0
2026-10-07,ILI incidence,2026-10-25,4,GR,quantile,0.1,0.0
2026-10-07,ILI incidence,2026-10-25,4,GR,quantile,0.15,11.278453572002263
2026-10-07,ILI incidence,2026-10-25,4,GR,quantile,0.2,135.00601556803565
2026-10-07,ILI incidence,2026-10-25,4,GR,quantile,0.25,241.15324684961382
2026-10-07,ILI incidence,2026-10-25,4,GR,quantile,0.3,336.4767411585693
2026-10-07,ILI incidence,2026-10-25,4,GR,quantile,0.35,424.80816467632013
2026-10-07,ILI incidence,2026-10-25,4,GR,quantile,0.4,508.62604764592675
2026-10-07,ILI incidence,2026-10-25,4,GR,quantile,0.45,589.720819435478
2026-10-07,ILI incidence,2026-10-25,4,GR,quantile,0.5,669.5298642562286
2026-10-07,ILI incidence,2026-10-25,4,GR,quantile,0.55,749.3389090769793
2026-10-07,ILI incidence,2026-10-25,4,GR,quantile,0.6,830.4336808665305
2026-10-07,ILI incidence,2026-10-25,4,GR,quantile,0.65,914.2515638361372
2026-10-07,ILI incidence,2026-10-25,4,GR,quantile,0.7,1002.5829873538878
2026-10-07,ILI incidence,2026-10-25,4,GR,quantile,0.75,1097.9064816628434
2026-10-07,ILI incidence,2026-10-25,4,GR,quantile,0.8,1204.0537129444217
2026-10-07,ILI incidence,2026-10-25,4,GR,quantile,0.85,1327.781274940455
2026-10-07,ILI incidence,2026-10-25,4,GR,quantile,0.9,1483.4588001971395
2026-10-07,ILI incidence,2026-10-25,4,GR,quantile,0.95,1714.1963438248708
2026-10-07,ILI incidence,2026-10-25,4,GR,quantile,0.975,1914.3267521140162
2026-10-07,ILI incidence,2026-10-25,4,GR,quantile,0.99,2147.0216021261904
2026-10-07,ILI incidence,2026-10-04,1,HR,median,,3.2411175790203135
2026-10-07,ILI incidence,2026-10-04,1,HR,quantile,0.01,0.0
2026-10-07,ILI incidence,2026-10-04,1,HR,quantile,0.025,0.0
2026-10-07,ILI incidence,2026-10-04,1,HR,quantile,0.05,0.4142487942094144
2026-10-07,ILI incidence,2026-10-04,1,HR,quantile,0.1,1.038624872433449
2026-10-07,ILI incidence,2026-10-04,1,HR,quantile,0.15,1.4598884481791234
2026-10-07,ILI incidence,2026-10-04,1,HR,quantile,0.2,1.7946953838546735
2026-10-07,ILI incidence,2026-10-04,1,HR,quantile,0.25,2.081929922889464
2026-10-07,ILI incidence,2026-10-04,1,HR,quantile,0.3,2.3398754162993343
2026-10-07,ILI incidence,2026-10-04,1,HR,quantile,0.35,2.578900357506739
2026-10-07,ILI incidence,2026-10-04,1,HR,quantile,0.4,2.8057116524126027
2026-10-07,ILI incidence,2026-10-04,1,HR,quantile,0.45,3.0251542050997573
2026-10-07,ILI incidence,2026-10-04,1,HR,quantile,0.5,3.2411175790203135
2026-10-07,ILI incidence,2026-10-04,1,HR,quantile,0.55,3.45708095294087
2026-10-07,ILI incidence,2026-10-04,1,HR,quantile,0.6,3.6765235056280243
2026-10-07,ILI incidence,2026-10-04,1,HR,quantile,0.65,3.903334800533888
2026-10-07,ILI incidence,2026-10-04,1,HR,quantile,0.7,4.142359741741292
2026-10-07,ILI incidence,2026-10-04,1,HR,quantile,0.75,4.400305235151163
2026-10-07,ILI incidence,2026-10-04,1,HR,quantile,0.8,4.687539774185954
2026-10-07,ILI incidence,2026-10-04,1,HR,quantile,0.85,5.0223467098615036
2026-10-07,ILI incidence,2026-10-04,1,HR,quantile,0.9,5.443610285607178
2026-10-07,ILI incidence,2026-10-04,1,HR,quantile,0.95,6.067986363831212
2026-10-07,ILI incidence,2026-10-04,1,HR,quantile,0.975,6.609539496001824
2026-10-07,ILI incidence,2026-10-04,1,HR,quantile,0.99,7.239212047721185
2026-10-07,ILI incidence,2026-10-11,2,HR,median,,3.2411175790203135
2026-10-07,ILI incidence,2026-10-11,2,HR,quantile,0.01,0.0
2026-10-07,ILI incidence,2026-10-11,2,HR,quantile,0.025,0.0
2026-10-07,ILI incidence,2026-10-11,2,HR,quantile,0.05,0.4142487942094144
2026-10-07,ILI incidence,2026-10-11,2,HR,quantile,0.1,1.038624872433449
2026-10-07,ILI incidence,2026-10-11,2,HR,quantile,0.15,1.4598884481791234
2026-10-07,ILI incidence,2026-10-11,2,HR,quantile,0.2,1.7946953838546735
2026-10-07,ILI incidence,2026-10-11,2,HR,quantile,0.25,2.081929922889464
2026-10-07,ILI incidence,2026-10-11,2,HR,quantile,0.3,2.3398754162993343
2026-10-07,ILI incidence,2026-10-11,2,HR,quantile,0.35,2.578900357506739
2026-10-07,ILI incidence,2026-10-11,2,HR,quantile,0.4,2.8057116524126027
2026-10-07,ILI incidence,2026-10-11,2,HR,quantile,0.45,3.0251542050997573
2026-10-07,ILI incidence,2026-10-11,2,HR,quantile,0.5,3.2411175790203135
2026-10-07,ILI incidence,2026-10-11,2,HR,quantile,0.55,3.45708095294087
2026-10-07,ILI incidence,2026-10-11,2,HR,quantile,0.6,3.6765235056280243
2026-10-07,ILI incidence,2026-10-11,2,HR,quantile,0.65,3.903334800533888
2026-10-07,ILI incidence,2026-10-11,2,HR,quantile,0.7,4.142359741741292
2026-10-07,ILI incidence,2026-10-11,2,HR,quantile,0.75,4.400305235151163
2026-10-07,ILI incidence,2026-10-11,2,HR,quantile,0.8,4.687539774185954
2026-10-07,ILI incidence,2026-10-11,2,HR,quantile,0.85,5.0223467098615036
2026-10-07,ILI incidence,2026-10-11,2,HR,quantile,0.9,5.443610285607178
2026-10-07,ILI incidence,2026-10-11,2,HR,quantile,0.95,6.067986363831212
2026-10-07,ILI incidence,2026-10-11,2,HR,quantile,0.975,6.609539496001824
2026-10-07,ILI incidence,2026-10-11,2,HR,quantile,0.99,7.239212047721185
2026-10-07,ILI incidence,2026-10-18,3,HR,median,,3.2411175790203135
2026-10-07,ILI incidence,2026-10-18,3,HR,quantile,0.01,0.0
2026-10-07,ILI incidence,2026-10-18,3,HR,quantile,0.025,0.0
2026-10-07,ILI incidence,2026-10-18,3,HR,quantile,0.05,0.4142487942094144
2026-10-07,ILI incidence,2026-10-18,3,HR,quantile,0.1,1.038624872433449
2026-10-07,ILI incidence,2026-10-18,3,HR,quantile,0.15,1.4598884481791234
2026-10-07,ILI incidence,2026-10-18,3,HR,quantile,0.2,1.7946953838546735
2026-10-07,ILI incidence,2026-10-18,3,HR,quantile,0.25,2.081929922889464
2026-10-07,ILI incidence,2026-10-18,3,HR,quantile,0.3,2.3398754162993343
2026-10-07,ILI incidence,2026-10-18,3,HR,quantile,0.35,2.578900357506739
2026-10-07,ILI incidence,2026-10-18,3,HR,quantile,0.4,2.8057116524126027
2026-10-07,ILI incidence,2026-10-18,3,HR,quantile,0.45,3.0251542050997573
2026-10-07,ILI incidence,2026-10-18,3,HR,quantile,0.5,3.2411175790203135
2026-10-07,ILI incidence,2026-10-18,3,HR,quantile,0.55,3.45708095294087
2026-10-07,ILI incidence,2026-10-18,3,HR,quantile,0.6,3.6765235056280243
2026-10-07,ILI incidence,2026-10-18,3,HR,quantile,0.65,3.903334800533888
2026-10-07,ILI incidence,2026-10-18,3,HR,quantile,0.7,4.142359741741292
2026-10-07,ILI incidence,2026-10-18,3,HR,quantile,0.75,4.400305235151163
2026-10-07,ILI incidence,2026-10-18,3,HR,quantile,0.8,4.687539774185954
2026-10-07,ILI incidence,2026-10-18,3,HR,quantile,0.85,5.0223467098615036
2026-10-07,ILI incidence,2026-10-18,3,HR,quantile,0.9,5.443610285607178
2026-10-07,ILI incidence,2026-10-18,3,HR,quantile,0.95,6.067986363831212
2026-10-07,ILI incidence,2026-10-18,3,HR,quantile,0.975,6.609539496001824
2026-10-07,ILI incidence,2026-10-18,3,HR,quantile,0.99,7.239212047721185
2026-10-07,ILI incidence,2026-10-25,4,HR,median,,3.2411175790203135
2026-10-07,ILI incidence,2026-10-25,4,HR,quantile,0.01,0.0
2026-10-07,ILI incidence,2026-10-25,4,HR,quantile,0.025,0.0
2026-10-07,ILI incidence,2026-10-25,4,HR,quantile,0.05,0.4142487942094144
2026-10-07,ILI incidence,2026-10-25,4,HR,quantile,0.1,1.038624872433449
2026-10-07,ILI incidence,2026-10-25,4,HR,quantile,0.15,1.4598884481791234
2026-10-07,ILI incidence,2026-10-25,4,HR,quantile,0.2,1.7946953838546735
2026-10-07,ILI incidence,2026-10-25,4,HR,quantile,0.25,2.081929922889464
2026-10-07,ILI incidence,2026-10-25,4,HR,quantile,0.3,2.3398754162993343
2026-10-07,ILI incidence,2026-10-25,4,HR,quantile,0.35,2.578900357506739
2026-10-07,ILI incidence,2026-10-25,4,HR,quantile,0.4,2.8057116524126027
2026-10-07,ILI incidence,2026-10-25,4,HR,quantile,0.45,3.0251542050997573
2026-10-07,ILI incidence,2026-10-25,4,HR,quantile,0.5,3.2411175790203135
2026-10-07,ILI incidence,2026-10-25,4,HR,quantile,0.55,3.45708095294087
2026-10-07,ILI incidence,2026-10-25,4,HR,quantile,0.6,3.6765235056280243
2026-10-07,ILI incidence,2026-10-25,4,HR,quantile,0.65,3.903334800533888
2026-10-07,ILI incidence,2026-10-25,4,HR,quantile,0.7,4.142359741741292
2026-10-07,ILI incidence,2026-10-25,4,HR,quantile,0.75,4.400305235151163
2026-10-07,ILI incidence,2026-10-25,4,HR,quantile,0.8,4.687539774185954
2026-10-07,ILI incidence,2026-10-25,4,HR,quantile,0.85,5.0223467098615036
2026-10-07,ILI incidence,2026-10-25,4,HR,quantile,0.9,5.443610285607178
2026-10-07,ILI incidence,2026-10-25,4,HR,quantile,0.95,6.067986363831212
2026-10-07,ILI incidence,2026-10-25,4,HR,quantile,0.975,6.609539496001824
2026-10-07,ILI incidence,2026-10-25,4,HR,quantile,0.99,7.239212047721185
2026-10-07,ILI incidence,2026-10-04,1,HU,median,,114.9038484866162
2026-10-07,ILI incidence,2026-10-04,1,HU,quantile,0.01,0.0
2026-10-07,ILI incidence,2026-10-04,1,HU,quantile,0.025,16.966634767247783
2026-10-07,ILI incidence,2026-10-04,1,HU,quantile,0.05,32.71234779042952
2026-10-07,ILI incidence,2026-10-04,1,HU,quantile,0.1,50.8661464894611
2026-10-07,ILI incidence,2026-10-04,1,HU,quantile,0.15,63.11442828634501
2026-10-07,ILI incidence,2026-10-04,1,HU,quantile,0.2,72.84897438007391
2026-10-07,ILI incidence,2026-10-04,1,HU,quantile,0.25,81.20034814807357
2026-10-07,ILI incidence,2026-10-04,1,HU,quantile,0.3,88.70013990179439
2026-10-07,ILI incidence,2026-10-04,1,HU,quantile,0.35,95.64981465401979
2026-10-07,ILI incidence,2026-10-04,1,HU,quantile,0.4,102.24437638370591
2026-10-07,ILI incidence,2026-10-04,1,HU,quantile,0.45,108.62469117541839
2026-10-07,ILI incidence,2026-10-04,1,HU,quantile,0.5,114.9038484866162
2026-10-07,ILI incidence,2026-10-04,1,HU,quantile,0.55,121.18300579781402
2026-10-07,ILI incidence,2026-10-04,1,HU,quantile,0.6,127.56332058952648
2026-10-07,ILI incidence,2026-10-04,1,HU,quantile,0.65,134.1578823192126
2026-10-07,ILI incidence,2026-10-04,1,HU,quantile,0.7,141.10755707143798
2026-10-07,ILI incidence,2026-10-04,1,HU,quantile,0.75,148.60734882515882
2026-10-07,ILI incidence,2026-10-04,1,HU,quantile,0.8,156.95872259315848
2026-10-07,ILI incidence,2026-10-04,1,HU,quantile,0.85,166.6932686868874
2026-10-07,ILI incidence,2026-10-04,1,HU,quantile,0.9,178.9415504837713
2026-10-07,ILI incidence,2026-10-04,1,HU,quantile,0.95,197.09534918280283
2026-10-07,ILI incidence,2026-10-04,1,HU,quantile,0.975,212.8410622059846
2026-10-07,ILI incidence,2026-10-04,1,HU,quantile,0.99,231.14885641669946
2026-10-07,ILI incidence,2026-10-11,2,HU,median,,0.8831888300936725
2026-10-07,ILI incidence,2026-10-11,2,HU,quantile,0.01,0.0
2026-10-07,ILI incidence,2026-10-11,2,HU,quantile,0.025,0.0
2026-10-07,ILI incidence,2026-10-11,2,HU,quantile,0.05,0.0
2026-10-07,ILI incidence,2026-10-11,2,HU,quantile,0.1,0.0
2026-10-07,ILI incidence,2026-10-11,2,HU,quantile,0.15,0.0
2026-10-07,ILI incidence,2026-10-11,2,HU,quantile,0.2,0.0
2026-10-07,ILI incidence,2026-10-11,2,HU,quantile,0.25,0.0
2026-10-07,ILI incidence,2026-10-11,2,HU,quantile,0.3,0.0
2026-10-07,ILI incidence,2026-10-11,2,HU,quantile,0.35,0.0
2026-10-07,ILI incidence,2026-10-11,2,HU,quantile,0.4,0.0
2026-10-07,ILI incidence,2026-10-11,2,HU,quantile,0.45,0.0
2026-10-07,ILI incidence,2026-10-11,2,HU,quantile,0.5,0.8831888300936725
2026-10-07,ILI incidence,2026-10-11,2,HU,quantile,0.55,9.970524318098859
2026-10-07,ILI incidence,2026-10-11,2,HU,quantile,0.6,19.20425715163935
2026-10-07,ILI incidence,2026-10-11,2,HU,quantile,0.65,28.748052897471045
2026-10-07,ILI incidence,2026-10-11,2,HU,quantile,0.7,38.80577607210259
2026-10-07,ILI incidence,2026-10-11,2,HU,quantile,0.75,49.65964075147547
2026-10-07,ILI incidence,2026-10-11,2,HU,quantile,0.8,61.74593377684671
2026-10-07,ILI incidence,2026-10-11,2,HU,quantile,0.85,75.83398441692377
2026-10-07,ILI incidence,2026-10-11,2,HU,quantile,0.9,93.55996902339616
2026-10-07,ILI incidence,2026-10-11,2,HU,quantile,0.95,119.83254844509918
2026-10-07,ILI incidence,2026-10-11,2,HU,quantile,0.975,142.62009295912725
2026-10-07,ILI incidence,2026-10-11,2,HU,quantile,0.99,169.1155380949632
2026-10-07,ILI incidence,2026-10-18,3,HU,median,,0.0
2026-10-07,ILI incidence,2026-10-18,3,HU,quantile,0.01,0.0
2026-10-07,ILI incidence,2026-10-18,3,HU,quantile,0.025,0.0
2026-10-07,ILI incidence,2026-10-18,3,HU,quantile,0.05,0.0
2026-10-07,ILI incidence,2026-10-18,3,HU,quantile,0.1,0.0
2026-10-07,ILI incidence,2026-10-18,3,HU,quantile,0.15,0.0
2026-10-07,ILI incidence,2026-10-18,3,HU,quantile,0.2,0.0
2026-10-07,ILI incidence,2026-10-18,3,HU,quantile,0.25,0.0
2026-10-07,ILI incidence,2026-10-18,3,HU,quantile,0.3,0.0
2026-10-07,ILI incidence,2026-10-18,3,HU,quantile,0.35,0.0
2026-10-07,ILI incidence,2026-10-18,3,HU,quantile,0.4,0.0
2026-10-07,ILI incidence,2026-10-18,3,HU,quantile,0.45,0.0
2026-10-07,ILI incidence,2026-10-18,3,HU,quantile,0.5,0.0
2026-10-07,ILI incidence,2026-10-18,3,HU,quantile,0.55,0.0
2026-10-07,ILI incidence,2026-10-18,3,HU,quantile,0.6,0.0
2026-10-07,ILI incidence,2026-10-18,3,HU,quantile,0.65,0.0
2026-10-07,ILI incidence,2026-10-18,3,HU,quantile,0.7,0.0
2026-10-07,ILI incidence,2026-10-18,3,HU,quantile,0.75,0.0
2026-10-07,ILI incidence,2026-10-18,3,HU,quantile,0.8,4.749459328007717
2026-10-07,ILI incidence,2026-10-18,3,HU,quantile,0.85,26.943333109492215
2026-10-07,ILI incidence,2026-10-18,3,HU,quantile,0.9,54.86829413209358
2026-10-07,ILI incidence,2026-10-18,3,HU,quantile,0.95,96.25729297204342
2026-10-07,ILI incidence,2026-10-18,3,HU,quantile,0.975,132.1560769596294
2026-10-07,ILI incidence,2026-10-18,3,HU,quantile,0.99,173.89617146611636
2026-10-07,ILI incidence,2026-10-25,4,HU,median,,0.0
2026-10-07,ILI incidence,2026-10-25,4,HU,quantile,0.01,0.0
2026-10-07,ILI incidence,2026-10-25,4,HU,quantile,0.025,0.0
2026-10-07,ILI incidence,2026-10-25,4,HU,quantile,0.05,0.0
2026-10-07,ILI incidence,2026-10-25,4,HU,quantile,0.1,0.0
2026-10-07,ILI incidence,2026-10-25,4,HU,quantile,0.15,0.0
2026-10-07,ILI incidence,2026-10-25,4,HU,quantile,0.2,0.0
2026-10-07,ILI incidence,2026-10-25,4,HU,quantile,0.25,0.0
2026-10-07,ILI incidence,2026-10-25,4,HU,quantile,0.3,0.0
2026-10-07,ILI incidence,2026-10-25,4,HU,quantile,0.35,0.0
2026-10-07,ILI incidence,2026-10-25,4,HU,quantile,0.4,0.0
2026-10-07,ILI incidence,2026-10-25,4,HU,quantile,0.45,0.0
2026-10-07,ILI incidence,2026-10-25,4,HU,quantile,0.5,0.0
2026-10-07,ILI incidence,2026-10-25,4,HU,quantile,0.55,0.0
2026-10-07,ILI incidence,2026-10-25,4,HU,quantile,0.6,0.0
2026-10-07,ILI incidence,2026-10-25,4,HU,quantile,0.65,0.0
2026-10-07,ILI incidence,2026-10-25,4,HU,quantile,0.7,0.0
2026-10-07,ILI incidence,2026-10-25,4,HU,quantile,0.75,0.0
2026-10-07,ILI incidence,2026-10-25,4,HU,quantile,0.8,0.0
2026-10-07,ILI incidence,2026-10-25,4,HU,quantile,0.85,19.4474878156295
2026-10-07,ILI incidence,2026-10-25,4,HU,quantile,0.9,58.60021373483693
2026-10-07,ILI incidence,2026-10-25,4,HU,quantile,0.95,116.63045149736729
2026-10-07,ILI incidence,2026-10-25,4,HU,quantile,0.975,166.96302847612122
2026-10-07,ILI incidence,2026-10-25,4,HU,quantile,0.99,225.4855266358004
2026-10-07,ILI incidence,2026-10-04,1,IE,median,,5.12412484648905
2026-10-07,ILI incidence,2026-10-04,1,IE,quantile,0.01,0.0
2026-10-07,ILI incidence,2026-10-04,1,IE,quantile,0.025,0.0
2026-10-07,ILI incidence,2026-10-04,1,IE,quantile,0.05,0.75121975687013
2026-10-07,ILI incidence,2026-10-04,1,IE,quantile,0.1,1.717071919861426
2026-10-07,ILI incidence,2026-10-04,1,IE,quantile,0.15,2.368727788838221
2026-10-07,ILI incidence,2026-10-04,1,IE,quantile,0.2,2.886643215589543
2026-10-07,ILI incidence,2026-10-04,1,IE,quantile,0.25,3.330968535678145
2026-10-07,ILI incidence,2026-10-04,1,IE,quantile,0.3,3.729986405569032
2026-10-07,ILI incidence,2026-10-04,1,IE,quantile,0.35,4.099735927572984
2026-10-07,ILI incidence,2026-10-04,1,IE,quantile,0.4,4.4505920660701435
2026-10-07,ILI incidence,2026-10-04,1,IE,quantile,0.45,4.790049440491156
2026-10-07,ILI incidence,2026-10-04,1,IE,quantile,0.5,5.12412484648905
2026-10-07,ILI incidence,2026-10-04,1,IE,quantile,0.55,5.458200252486944
2026-10-07,ILI incidence,2026-10-04,1,IE,quantile,0.6,5.797657626907956
2026-10-07,ILI incidence,2026-10-04,1,IE,quantile,0.65,6.148513765405116
2026-10-07,ILI incidence,2026-10-04,1,IE,quantile,0.7,6.5182632874090665
2026-10-07,ILI incidence,2026-10-04,1,IE,quantile,0.75,6.917281157299954
2026-10-07,ILI incidence,2026-10-04,1,IE,quantile,0.8,7.361606477388556
2026-10-07,ILI incidence,2026-10-04,1,IE,quantile,0.85,7.879521904139878
2026-10-07,ILI incidence,2026-10-04,1,IE,quantile,0.9,8.531177773116674
2026-10-07,ILI incidence,2026-10-04,1,IE,quantile,0.95,9.497029936107968
2026-10-07,ILI incidence,2026-10-04,1,IE,quantile,0.975,10.334762646127034
2026-10-07,ILI incidence,2026-10-04,1,IE,quantile,0.99,11.30880796475017
2026-10-07,ILI incidence,2026-10-11,2,IE,median,,7.1815376104539395
2026-10-07,ILI incidence,2026-10-11,2,IE,quantile,0.01,0.0
2026-10-07,ILI incidence,2026-10-11,2,IE,quantile,0.025,0.0
2026-10-07,ILI incidence,2026-10-11,2,IE,quantile,0.05,0.5307442015283863
2026-10-07,ILI incidence,2026-10-11,2,IE,quantile,0.1,1.9997180456825934
2026-10-07,ILI incidence,2026-10-11,2,IE,quantile,0.15,2.990827724364464
2026-10-07,ILI incidence,2026-10-11,2,IE,quantile,0.2,3.7785302781646273
2026-10-07,ILI incidence,2026-10-11,2,IE,quantile,0.25,4.454308930959842
2026-10-07,ILI incidence,2026-10-11,2,IE,quantile,0.3,5.061179046987238
2026-10-07,ILI incidence,2026-10-11,2,IE,quantile,0.35,5.6235346512136175
2026-10-07,ILI incidence,2026-10-11,2,IE,quantile,0.4,6.157155126750014
2026-10-07,ILI incidence,2026-10-11,2,IE,quantile,0.45,6.6734391123709305
2026-10-07,ILI incidence,2026-10-11,2,IE,quantile,0.5,7.1815376104539395
2026-10-07,ILI incidence,2026-10-11,2,IE,quantile,0.55,7.689636108536949
2026-10-07,ILI incidence,2026-10-11,2,IE,quantile,0.6,8.205920094157864
2026-10-07,ILI incidence,2026-10-11,2,IE,quantile,0.65,8.739540569694261
2026-10-07,ILI incidence,2026-10-11,2,IE,quantile,0.7,9.30189617392064
2026-10-07,ILI incidence,2026-10-11,2,IE,quantile,0.75,9.908766289948037
2026-10-07,ILI incidence,2026-10-11,2,IE,quantile,0.8,10.584544942743252
2026-10-07,ILI incidence,2026-10-11,2,IE,quantile,0.85,11.372247496543416
2026-10-07,ILI incidence,2026-10-11,2,IE,quantile,0.9,12.363357175225286
2026-10-07,ILI incidence,2026-10-11,2,IE,quantile,0.95,13.83233101937949
2026-10-07,ILI incidence,2026-10-11,2,IE,quantile,0.975,15.10644675526931
2026-10-07,ILI incidence,2026-10-11,2,IE,quantile,0.99,16.587881648624855
2026-10-07,ILI incidence,2026-10-18,3,IE,median,,9.418379654399349
2026-10-07,ILI incidence,2026-10-18,3,IE,quantile,0.01,0.0
2026-10-07,ILI incidence,2026-10-18,3,IE,quantile,0.025,0.0
2026-10-07,ILI incidence,2026-10-18,3,IE,quantile,0.05,0.0
2026-10-07,ILI incidence,2026-10-18,3,IE,quantile,0.1,0.6075547534621784
2026-10-07,ILI incidence,2026-10-18,3,IE,quantile,0.15,2.2927724124980147
2026-10-07,ILI incidence,2026-10-18,3,IE,quantile,0.2,3.6321299854127576
2026-10-07,ILI incidence,2026-10-18,3,IE,quantile,0.25,4.78117952431398
2026-10-07,ILI incidence,2026-10-18,3,IE,quantile,0.3,5.81306152311622
2026-10-07,ILI incidence,2026-10-18,3,IE,quantile,0.35,6.769253976165865
2026-10-07,ILI incidence,2026-10-18,3,IE,quantile,0.4,7.676587107846124
2026-10-07,ILI incidence,2026-10-18,3,IE,quantile,0.45,8.55444241322756
2026-10-07,ILI incidence,2026-10-18,3,IE,quantile,0.5,9.418379654399349
2026-10-07,ILI incidence,2026-10-18,3,IE,quantile,0.55,10.282316895571139
2026-10-07,ILI incidence,2026-10-18,3,IE,quantile,0.6,11.160172200952573
2026-10-07,ILI incidence,2026-10-18,3,IE,quantile,0.65,12.067505332632832
2026-10-07,ILI incidence,2026-10-18,3,IE,quantile,0.7,13.023697785682476
2026-10-07,ILI incidence,2026-10-18,3,IE,quantile,0.75,14.055579784484717
2026-10-07,ILI incidence,2026-10-18,3,IE,quantile,0.8,15.20462932338594
2026-10-07,ILI incidence,2026-10-18,3,IE,quantile,0.85,16.543986896300684
2026-10-07,ILI incidence,2026-10-18,3,IE,quantile,0.9,18.22920455533652
2026-10-07,ILI incidence,2026-10-18,3,IE,quantile,0.95,20.726950986511294
2026-10-07,ILI incidence,2026-10-18,3,IE,quantile,0.975,22.893373516692403
2026-10-07,ILI incidence,2026-10-18,3,IE,quantile,0.99,25.412307895695662
2026-10-07,ILI incidence,2026-10-25,4,IE,median,,11.538722646611703
2026-10-07,ILI incidence,2026-10-25,4,IE,quantile,0.01,0.0
2026-10-07,ILI incidence,2026-10-25,4,IE,quantile,0.025,0.0
2026-10-07,ILI incidence,2026-10-25,4,IE,quantile,0.05,0.0
2026-10-07,ILI incidence,2026-10-25,4,IE,quantile,0.1,0.0
2026-10-07,ILI incidence,2026-10-25,4,IE,quantile,0.15,0.27479017420092156
2026-10-07,ILI incidence,2026-10-25,4,IE,quantile,0.2,2.39200387200475
2026-10-07,ILI incidence,2026-10-25,4,IE,quantile,0.25,4.208384704438137
2026-10-07,ILI incidence,2026-10-25,4,IE,quantile,0.3,5.839550829572941
2026-10-07,ILI incidence,2026-10-25,4,IE,quantile,0.35,7.351069336858239
2026-10-07,ILI incidence,2026-10-25,4,IE,quantile,0.4,8.785352588554888
2026-10-07,ILI incidence,2026-10-25,4,IE,quantile,0.45,10.173038233396237
2026-10-07,ILI incidence,2026-10-25,4,IE,quantile,0.5,11.538722646611703
2026-10-07,ILI incidence,2026-10-25,4,IE,quantile,0.55,12.90440705982717
2026-10-07,ILI incidence,2026-10-25,4,IE,quantile,0.6,14.292092704668518
2026-10-07,ILI incidence,2026-10-25,4,IE,quantile,0.65,15.726375956365167
2026-10-07,ILI incidence,2026-10-25,4,IE,quantile,0.7,17.237894463650463
2026-10-07,ILI incidence,2026-10-25,4,IE,quantile,0.75,18.869060588785267
2026-10-07,ILI incidence,2026-10-25,4,IE,quantile,0.8,20.685441421218655
2026-10-07,ILI incidence,2026-10-25,4,IE,quantile,0.85,22.802655119022482
2026-10-07,ILI incidence,2026-10-25,4,IE,quantile,0.9,25.466593400811476
2026-10-07,ILI incidence,2026-10-25,4,IE,quantile,0.95,29.414951228971894
2026-10-07,ILI incidence,2026-10-25,4,IE,quantile,0.975,32.8395628105889
2026-10-07,ILI incidence,2026-10-25,4,IE,quantile,0.99,36.821413870338844
2026-10-07,ILI incidence,2026-10-04,1,IS,median,,0.7519751748071806
2026-10-07,ILI incidence,2026-10-04,1,IS,quantile,0.01,0.0
2026-10-07,ILI incidence,2026-10-04,1,IS,quantile,0.025,0.0
2026-10-07,ILI incidence,2026-10-04,1,IS,quantile,0.05,0.0
2026-10-07,ILI incidence,2026-10-04,1,IS,quantile,0.1,0.0
2026-10-07,ILI incidence,2026-10-04,1,IS,quantile,0.15,0.0
2026-10-07,ILI incidence,2026-10-04,1,IS,quantile,0.2,0.0
2026-10-07,ILI incidence,2026-10-04,1,IS,quantile,0.25,0.0
2026-10-07,ILI incidence,2026-10-04,1,IS,quantile,0.3,0.15766251244926266
2026-10-07,ILI incidence,2026-10-04,1,IS,quantile,0.35,0.31528446474456073
2026-10-07,ILI incidence,2026-10-04,1,IS,quantile,0.4,0.4648522835884771
2026-10-07,ILI incidence,2026-10-04,1,IS,quantile,0.45,0.6095608792542317
2026-10-07,ILI incidence,2026-10-04,1,IS,quantile,0.5,0.7519751748071806
2026-10-07,ILI incidence,2026-10-04,1,IS,quantile,0.55,0.8943894703601295
2026-10-07,ILI incidence,2026-10-04,1,IS,quantile,0.6,1.039098066025884
2026-10-07,ILI incidence,2026-10-04,1,IS,quantile,0.65,1.1886658848698004
2026-10-07,ILI incidence,2026-10-04,1,IS,quantile,0.7,1.3462878371650984
2026-10-07,ILI incidence,2026-10-04,1,IS,quantile,0.75,1.5163867065619887
2026-10-07,ILI incidence,2026-10-04,1,IS,quantile,0.8,1.7057998639530352
2026-10-07,ILI incidence,2026-10-04,1,IS,quantile,0.85,1.926584032235268
2026-10-07,ILI incidence,2026-10-04,1,IS,quantile,0.9,2.204380930351917
2026-10-07,ILI incidence,2026-10-04,1,IS,quantile,0.95,2.6161177805693923
2026-10-07,ILI incidence,2026-10-04,1,IS,quantile,0.975,2.9732380941784107
2026-10-07,ILI incidence,2026-10-04,1,IS,quantile,0.99,3.3884676363651702
2026-10-07,ILI incidence,2026-10-11,2,IS,median,,1.193699292622306
2026-10-07,ILI incidence,2026-10-11,2,IS,quantile,0.01,0.0
2026-10-07,ILI incidence,2026-10-11,2,IS,quantile,0.025,0.0
2026-10-07,ILI incidence,2026-10-11,2,IS,quantile,0.05,0.0
2026-10-07,ILI incidence,2026-10-11,2,IS,quantile,0.1,0.0
2026-10-07,ILI incidence,2026-10-11,2,IS,quantile,0.15,0.0
2026-10-07,ILI incidence,2026-10-11,2,IS,quantile,0.2,0.0
2026-10-07,ILI incidence,2026-10-11,2,IS,quantile,0.25,0.0
2026-10-07,ILI incidence,2026-10-11,2,IS,quantile,0.3,0.03748265987932475
2026-10-07,ILI incidence,2026-10-11,2,IS,quantile,0.35,0.3441312212715594
2026-10-07,ILI incidence,2026-10-11,2,IS,quantile,0.4,0.6351107188045909
2026-10-07,ILI incidence,2026-10-11,2,IS,quantile,0.45,0.916636750146089
2026-10-07,ILI incidence,2026-10-11,2,IS,quantile,0.5,1.193699292622306
2026-10-07,ILI incidence,2026-10-11,2,IS,quantile,0.55,1.4707618350985232
2026-10-07,ILI incidence,2026-10-11,2,IS,quantile,0.6,1.752287866440021
2026-10-07,ILI incidence,2026-10-11,2,IS,quantile,0.65,2.0432673639730528
2026-10-07,ILI incidence,2026-10-11,2,IS,quantile,0.7,2.349915925365287
2026-10-07,ILI incidence,2026-10-11,2,IS,quantile,0.75,2.6808379374038225
2026-10-07,ILI incidence,2026-10-11,2,IS,quantile,0.8,3.049335290576486
2026-10-07,ILI incidence,2026-10-11,2,IS,quantile,0.85,3.478863960891956
2026-10-07,ILI incidence,2026-10-11,2,IS,quantile,0.9,4.019309107816054
2026-10-07,ILI incidence,2026-10-11,2,IS,quantile,0.95,4.8203302279885705
2026-10-07,ILI incidence,2026-10-11,2,IS,quantile,0.975,5.515096590271574
2026-10-07,ILI incidence,2026-10-11,2,IS,quantile,0.99,6.322912633055889
2026-10-07,ILI incidence,2026-10-18,3,IS,median,,1.9973354775181345
2026-10-07,ILI incidence,2026-10-18,3,IS,quantile,0.01,0.0
2026-10-07,ILI incidence,2026-10-18,3,IS,quantile,0.025,0.0
2026-10-07,ILI incidence,2026-10-18,3,IS,quantile,0.05,0.0
2026-10-07,ILI incidence,2026-10-18,3,IS,quantile,0.1,0.0
2026-10-07,ILI incidence,2026-10-18,3,IS,quantile,0.15,0.0
2026-10-07,ILI incidence,2026-10-18,3,IS,quantile,0.2,0.0
2026-10-07,ILI incidence,2026-10-18,3,IS,quantile,0.25,0.0
2026-10-07,ILI incidence,2026-10-18,3,IS,quantile,0.3,0.0
2026-10-07,ILI incidence,2026-10-18,3,IS,quantile,0.35,0.3956333006925652
2026-10-07,ILI incidence,2026-10-18,3,IS,quantile,0.4,0.9442208834029937
2026-10-07,ILI incidence,2026-10-18,3,IS,quantile,0.45,1.4749857184277049
2026-10-07,ILI incidence,2026-10-18,3,IS,quantile,0.5,1.9973354775181345
2026-10-07,ILI incidence,2026-10-18,3,IS,quantile,0.55,2.5196852366085647
2026-10-07,ILI incidence,2026-10-18,3,IS,quantile,0.6,3.050450071633275
2026-10-07,ILI incidence,2026-10-18,3,IS,quantile,0.65,3.5990376543437037
2026-10-07,ILI incidence,2026-10-18,3,IS,quantile,0.7,4.177166335099638
2026-10-07,ILI incidence,2026-10-18,3,IS,quantile,0.75,4.801058080700317
2026-10-07,ILI incidence,2026-10-18,3,IS,quantile,0.8,5.495791125213993
2026-10-07,ILI incidence,2026-10-18,3,IS,quantile,0.85,6.305587337493311
2026-10-07,ILI incidence,2026-10-18,3,IS,quantile,0.9,7.324495883464037
2026-10-07,ILI incidence,2026-10-18,3,IS,quantile,0.95,8.834671836550068
2026-10-07,ILI incidence,2026-10-18,3,IS,quantile,0.975,10.144524257303816
2026-10-07,ILI incidence,2026-10-18,3,IS,quantile,0.99,11.667510769903197
2026-10-07,ILI incidence,2026-10-25,4,IS,median,,2.882697805346412
2026-10-07,ILI incidence,2026-10-25,4,IS,quantile,0.01,0.0
2026-10-07,ILI incidence,2026-10-25,4,IS,quantile,0.025,0.0
2026-10-07,ILI incidence,2026-10-25,4,IS,quantile,0.05,0.0
2026-10-07,ILI incidence,2026-10-25,4,IS,quantile,0.1,0.0
2026-10-07,ILI incidence,2026-10-25,4,IS,quantile,0.15,0.0
2026-10-07,ILI incidence,2026-10-25,4,IS,quantile,0.2,0.0
2026-10-07,ILI incidence,2026-10-25,4,IS,quantile,0.25,0.0
2026-10-07,ILI incidence,2026-10-25,4,IS,quantile,0.3,0.0
2026-10-07,ILI incidence,2026-10-25,4,IS,quantile,0.35,0.21556477502258797
2026-10-07,ILI incidence,2026-10-25,4,IS,quantile,0.4,1.1290654763654129
2026-10-07,ILI incidence,2026-10-25,4,IS,quantile,0.45,2.0128879767720838
2026-10-07,ILI incidence,2026-10-25,4,IS,quantile,0.5,2.882697805346412
2026-10-07,ILI incidence,2026-10-25,4,IS,quantile,0.55,3.7525076339207413
2026-10-07,ILI incidence,2026-10-25,4,IS,quantile,0.6,4.6363301343274115
2026-10-07,ILI incidence,2026-10-25,4,IS,quantile,0.65,5.549830835670236
2026-10-07,ILI incidence,2026-10-25,4,IS,quantile,0.7,6.512522978149364
2026-10-07,ILI incidence,2026-10-25,4,IS,quantile,0.75,7.551419163790981
2026-10-07,ILI incidence,2026-10-25,4,IS,quantile,0.8,8.70827933236004
2026-10-07,ILI incidence,2026-10-25,4,IS,quantile,0.85,10.056741148077798
2026-10-07,ILI incidence,2026-10-25,4,IS,quantile,0.9,11.753414023445746
2026-10-07,ILI incidence,2026-10-25,4,IS,quantile,0.95,14.26813881083371
2026-10-07,ILI incidence,2026-10-25,4,IS,quantile,0.975,16.449287532979945
2026-10-07,ILI incidence,2026-10-25,4,IS,quantile,0.99,18.985344292634252
2026-10-07,ILI incidence,2026-10-04,1,LT,median,,4.130267795164592
2026-10-07,ILI incidence,2026-10-04,1,LT,quantile,0.01,0.0
2026-10-07,ILI incidence,2026-10-04,1,LT,quantile,0.025,0.0
2026-10-07,ILI incidence,2026-10-04,1,LT,quantile,0.05,0.0
2026-10-07,ILI incidence,2026-10-04,1,LT,quantile,0.1,0.0
2026-10-07,ILI incidence,2026-10-04,1,LT,quantile,0.15,0.0
2026-10-07,ILI incidence,2026-10-04,1,LT,quantile,0.2,0.19210210563484642
2026-10-07,ILI incidence,2026-10-04,1,LT,quantile,0.25,0.974153992183203
2026-10-07,ILI incidence,2026-10-04,1,LT,quantile,0.3,1.6764607566332899
2026-10-07,ILI incidence,2026-10-04,1,LT,quantile,0.35,2.3272526385271295
2026-10-07,ILI incidence,2026-10-04,1,LT,quantile,0.4,2.9447904933674978
2026-10-07,ILI incidence,2026-10-04,1,LT,quantile,0.45,3.542265514632924
2026-10-07,ILI incidence,2026-10-04,1,LT,quantile,0.5,4.130267795164592
2026-10-07,ILI incidence,2026-10-04,1,LT,quantile,0.55,4.71827007569626
2026-10-07,ILI incidence,2026-10-04,1,LT,quantile,0.6,5.315745096961686
2026-10-07,ILI incidence,2026-10-04,1,LT,quantile,0.65,5.933282951802054
2026-10-07,ILI incidence,2026-10-04,1,LT,quantile,0.7,6.584074833695893
2026-10-07,ILI incidence,2026-10-04,1,LT,quantile,0.75,7.286381598145981
2026-10-07,ILI incidence,2026-10-04,1,LT,quantile,0.8,8.068433484694339
2026-10-07,ILI incidence,2026-10-04,1,LT,quantile,0.85,8.980010471760032
2026-10-07,ILI incidence,2026-10-04,1,LT,quantile,0.9,10.126982473292577
2026-10-07,ILI incidence,2026-10-04,1,LT,quantile,0.95,11.826967758946635
2026-10-07,ILI incidence,2026-10-04,1,LT,quantile,0.975,13.301451468682187
2026-10-07,ILI incidence,2026-10-04,1,LT,quantile,0.99,15.015857433349963
2026-10-07,ILI incidence,2026-10-11,2,LT,median,,4.130267795164592
2026-10-07,ILI incidence,2026-10-11,2,LT,quantile,0.01,0.0
2026-10-07,ILI incidence,2026-10-11,2,LT,quantile,0.025,0.0
2026-10-07,ILI incidence,2026-10-11,2,LT,quantile,0.05,0.0
2026-10-07,ILI incidence,2026-10-11,2,LT,quantile,0.1,0.0
2026-10-07,ILI incidence,2026-10-11,2,LT,quantile,0.15,0.0
2026-10-07,ILI incidence,2026-10-11,2,LT,quantile,0.2,0.19210210563484642
2026-10-07,ILI incidence,2026-10-11,2,LT,quantile,0.25,0.974153992183203
2026-10-07,ILI incidence,2026-10-11,2,LT,quantile,0.3,1.6764607566332899
2026-10-07,ILI incidence,2026-10-11,2,LT,quantile,0.35,2.3272526385271295
2026-10-07,ILI incidence,2026-10-11,2,LT,quantile,0.4,2.9447904933674978
2026-10-07,ILI incidence,2026-10-11,2,LT,quantile,0.45,3.542265514632924
2026-10-07,ILI incidence,2026-10-11,2,LT,quantile,0.5,4.130267795164592
2026-10-07,ILI incidence,2026-10-11,2,LT,quantile,0.55,4.71827007569626
2026-10-07,ILI incidence,2026-10-11,2,LT,quantile,0.6,5.315745096961686
2026-10-07,ILI incidence,2026-10-11,2,LT,quantile,0.65,5.933282951802054
2026-10-07,ILI incidence,2026-10-11,2,LT,quantile,0.7,6.584074833695893
2026-10-07,ILI incidence,2026-10-11,2,LT,quantile,0.75,7.286381598145981
2026-10-07,ILI incidence,2026-10-11,2,LT,quantile,0.8,8.068433484694339
2026-10-07,ILI incidence,2026-10-11,2,LT,quantile,0.85,8.980010471760032
2026-10-07,ILI incidence,2026-10-11,2,LT,quantile,0.9,10.126982473292577
2026-10-07,ILI incidence,2026-10-11,2,LT,quantile,0.95,11.826967758946635
2026-10-07,ILI incidence,2026-10-11,2,LT,quantile,0.975,13.301451468682187
2026-10-07,ILI incidence,2026-10-11,2,LT,quantile,0.99,15.015857433349963
2026-10-07,ILI incidence,2026-10-18,3,LT,median,,4.130267795164592
2026-10-07,ILI incidence,2026-10-18,3,LT,quantile,0.01,0.0
2026-10-07,ILI incidence,2026-10-18,3,LT,quantile,0.025,0.0
2026-10-07,ILI incidence,2026-10-18,3,LT,quantile,0.05,0.0
2026-10-07,ILI incidence,2026-10-18,3,LT,quantile,0.1,0.0
2026-10-07,ILI incidence,2026-10-18,3,LT,quantile,0.15,0.0
2026-10-07,ILI incidence,2026-10-18,3,LT,quantile,0.2,0.19210210563484642
2026-10-07,ILI incidence,2026-10-18,3,LT,quantile,0.25,0.974153992183203
2026-10-07,ILI incidence,2026-10-18,3,LT,quantile,0.3,1.6764607566332899
2026-10-07,ILI incidence,2026-10-18,3,LT,quantile,0.35,2.3272526385271295
2026-10-07,ILI incidence,2026-10-18,3,LT,quantile,0.4,2.9447904933674978
2026-10-07,ILI incidence,2026-10-18,3,LT,quantile,0.45,3.542265514632924
2026-10-07,ILI incidence,2026-10-18,3,LT,quantile,0.5,4.130267795164592
2026-10-07,ILI incidence,2026-10-18,3,LT,quantile,0.55,4.71827007569626
2026-10-07,ILI incidence,2026-10-18,3,LT,quantile,0.6,5.315745096961686
2026-10-07,ILI incidence,2026-10-18,3,LT,quantile,0.65,5.933282951802054
2026-10-07,ILI incidence,2026-10-18,3,LT,quantile,0.7,6.584074833695893
2026-10-07,ILI incidence,2026-10-18,3,LT,quantile,0.75,7.286381598145981
2026-10-07,ILI incidence,2026-10-18,3,LT,quantile,0.8,8.068433484694339
2026-10-07,ILI incidence,2026-10-18,3,LT,quantile,0.85,8.980010471760032
2026-10-07,ILI incidence,2026-10-18,3,LT,quantile,0.9,10.126982473292577
2026-10-07,ILI incidence,2026-10-18,3,LT,quantile,0.95,11.826967758946635
2026-10-07,ILI incidence,2026-10-18,3,LT,quantile,0.975,13.301451468682187
2026-10-07,ILI incidence,2026-10-18,3,LT,quantile,0.99,15.015857433349963
2026-10-07,ILI incidence,2026-10-25,4,LT,median,,4.130267795164592
2026-10-07,ILI incidence,2026-10-25,4,LT,quantile,0.01,0.0
2026-10-07,ILI incidence,2026-10-25,4,LT,quantile,0.025,0.0
2026-10-07,ILI incidence,2026-10-25,4,LT,quantile,0.05,0.0
2026-10-07,ILI incidence,2026-10-25,4,LT,quantile,0.1,0.0
2026-10-07,ILI incidence,2026-10-25,4,LT,quantile,0.15,0.0
2026-10-07,ILI incidence,2026-10-25,4,LT,quantile,0.2,0.19210210563484642
2026-10-07,ILI incidence,2026-10-25,4,LT,quantile,0.25,0.974153992183203
2026-10-07,ILI incidence,2026-10-25,4,LT,quantile,0.3,1.6764607566332899
2026-10-07,ILI incidence,2026-10-25,4,LT,quantile,0.35,2.3272526385271295
2026-10-07,ILI incidence,2026-10-25,4,LT,quantile,0.4,2.9447904933674978
2026-10-07,ILI incidence,2026-10-25,4,LT,quantile,0.45,3.542265514632924
2026-10-07,ILI incidence,2026-10-25,4,LT,quantile,0.5,4.130267795164592
2026-10-07,ILI incidence,2026-10-25,4,LT,quantile,0.55,4.71827007569626
2026-10-07,ILI incidence,2026-10-25,4,LT,quantile,0.6,5.315745096961686
2026-10-07,ILI incidence,2026-10-25,4,LT,quantile,0.65,5.933282951802054
2026-10-07,ILI incidence,2026-10-25,4,LT,quantile,0.7,6.584074833695893
2026-10-07,ILI incidence,2026-10-25,4,LT,quantile,0.75,7.286381598145981
2026-10-07,ILI incidence,2026-10-25,4,LT,quantile,0.8,8.068433484694339
2026-10-07,ILI incidence,2026-10-25,4,LT,quantile,0.85,8.980010471760032
2026-10-07,ILI incidence,2026-10-25,4,LT,quantile,0.9,10.126982473292577
2026-10-07,ILI incidence,2026-10-25,4,LT,quantile,0.95,11.826967758946635
2026-10-07,ILI incidence,2026-10-25,4,LT,quantile,0.975,13.301451468682187
2026-10-07,ILI incidence,2026-10-25,4,LT,quantile,0.99,15.015857433349963
2026-10-07,ILI incidence,2026-10-04,1,LU,median,,1147.1637770645066
2026-10-07,ILI incidence,2026-10-04,1,LU,quantile,0.01,0.0
2026-10-07,ILI incidence,2026-10-04,1,LU,quantile,0.025,0.0
2026-10-07,ILI incidence,2026-10-04,1,LU,quantile,0.05,0.0
2026-10-07,ILI incidence,2026-10-04,1,LU,quantile,0.1,0.0
2026-10-07,ILI incidence,2026-10-04,1,LU,quantile,0.15,0.0
2026-10-07,ILI incidence,2026-10-04,1,LU,quantile,0.2,0.0
2026-10-07,ILI incidence,2026-10-04,1,LU,quantile,0.25,0.0
2026-10-07,ILI incidence,2026-10-04,1,LU,quantile,0.3,5.6092813801117245
2026-10-07,ILI incidence,2026-10-04,1,LU,quantile,0.35,308.369191538118
2026-10-07,ILI incidence,2026-10-04,1,LU,quantile,0.4,595.6587393219002
2026-10-07,ILI incidence,2026-10-04,1,LU,quantile,0.45,873.6147015775591
2026-10-07,ILI incidence,2026-10-04,1,LU,quantile,0.5,1147.1637770645066
2026-10-07,ILI incidence,2026-10-04,1,LU,quantile,0.55,1420.7128525514545
2026-10-07,ILI incidence,2026-10-04,1,LU,quantile,0.6,1698.668814807113
2026-10-07,ILI incidence,2026-10-04,1,LU,quantile,0.65,1985.9583625908951
2026-10-07,ILI incidence,2026-10-04,1,LU,quantile,0.7,2288.7182727489007
2026-10-07,ILI incidence,2026-10-04,1,LU,quantile,0.75,2615.443818693793
2026-10-07,ILI incidence,2026-10-04,1,LU,quantile,0.8,2979.268207869108
2026-10-07,ILI incidence,2026-10-04,1,LU,quantile,0.85,3403.3499679288266
2026-10-07,ILI incidence,2026-10-04,1,LU,quantile,0.9,3936.941657989871
2026-10-07,ILI incidence,2026-10-04,1,LU,quantile,0.95,4727.8049226894655
2026-10-07,ILI incidence,2026-10-04,1,LU,quantile,0.975,5413.76086023111
2026-10-07,ILI incidence,2026-10-04,1,LU,quantile,0.99,6211.332880224188
2026-10-07,ILI incidence,2026-10-11,2,LU,median,,1147.1637770645066
2026-10-07,ILI incidence,2026-10-11,2,LU,quantile,0.01,0.0
2026-10-07,ILI incidence,2026-10-11,2,LU,quantile,0.025,0.0
2026-10-07,ILI incidence,2026-10-11,2,LU,quantile,0.05,0.0
2026-10-07,ILI incidence,2026-10-11,2,LU,quantile,0.1,0.0
2026-10-07,ILI incidence,2026-10-11,2,LU,quantile,0.15,0.0
2026-10-07,ILI incidence,2026-10-11,2,LU,quantile,0.2,0.0
2026-10-07,ILI incidence,2026-10-11,2,LU,quantile,0.25,0.0
2026-10-07,ILI incidence,2026-10-11,2,LU,quantile,0.3,5.6092813801117245
2026-10-07,ILI incidence,2026-10-11,2,LU,quantile,0.35,308.369191538118
2026-10-07,ILI incidence,2026-10-11,2,LU,quantile,0.4,595.6587393219002
2026-10-07,ILI incidence,2026-10-11,2,LU,quantile,0.45,873.6147015775591
2026-10-07,ILI incidence,2026-10-11,2,LU,quantile,0.5,1147.1637770645066
2026-10-07,ILI incidence,2026-10-11,2,LU,quantile,0.55,1420.7128525514545
2026-10-07,ILI incidence,2026-10-11,2,LU,quantile,0.6,1698.668814807113
2026-10-07,ILI incidence,2026-10-11,2,LU,quantile,0.65,1985.9583625908951
2026-10-07,ILI incidence,2026-10-11,2,LU,quantile,0.7,2288.7182727489007
2026-10-07,ILI incidence,2026-10-11,2,LU,quantile,0.75,2615.443818693793
2026-10-07,ILI incidence,2026-10-11,2,LU,quantile,0.8,2979.268207869108
2026-10-07,ILI incidence,2026-10-11,2,LU,quantile,0.85,3403.3499679288266
2026-10-07,ILI incidence,2026-10-11,2,LU,quantile,0.9,3936.941657989871
2026-10-07,ILI incidence,2026-10-11,2,LU,quantile,0.95,4727.8049226894655
2026-10-07,ILI incidence,2026-10-11,2,LU,quantile,0.975,5413.76086023111
2026-10-07,ILI incidence,2026-10-11,2,LU,quantile,0.99,6211.332880224188
2026-10-07,ILI incidence,2026-10-18,3,LU,median,,1147.1637770645066
2026-10-07,ILI incidence,2026-10-18,3,LU,quantile,0.01,0.0
2026-10-07,ILI incidence,2026-10-18,3,LU,quantile,0.025,0.0
2026-10-07,ILI incidence,2026-10-18,3,LU,quantile,0.05,0.0
2026-10-07,ILI incidence,2026-10-18,3,LU,quantile,0.1,0.0
2026-10-07,ILI incidence,2026-10-18,3,LU,quantile,0.15,0.0
2026-10-07,ILI incidence,2026-10-18,3,LU,quantile,0.2,0.0
2026-10-07,ILI incidence,2026-10-18,3,LU,quantile,0.25,0.0
2026-10-07,ILI incidence,2026-10-18,3,LU,quantile,0.3,5.6092813801117245
2026-10-07,ILI incidence,2026-10-18,3,LU,quantile,0.35,308.369191538118
2026-10-07,ILI incidence,2026-10-18,3,LU,quantile,0.4,595.6587393219002
2026-10-07,ILI incidence,2026-10-18,3,LU,quantile,0.45,873.6147015775591
2026-10-07,ILI incidence,2026-10-18,3,LU,quantile,0.5,1147.1637770645066
2026-10-07,ILI incidence,2026-10-18,3,LU,quantile,0.55,1420.7128525514545
2026-10-07,ILI incidence,2026-10-18,3,LU,quantile,0.6,1698.668814807113
2026-10-07,ILI incidence,2026-10-18,3,LU,quantile,0.65,1985.9583625908951
2026-10-07,ILI incidence,2026-10-18,3,LU,quantile,0.7,2288.7182727489007
2026-10-07,ILI incidence,2026-10-18,3,LU,quantile,0.75,2615.443818693793
2026-10-07,ILI incidence,2026-10-18,3,LU,quantile,0.8,2979.268207869108
2026-10-07,ILI incidence,2026-10-18,3,LU,quantile,0.85,3403.3499679288266
2026-10-07,ILI incidence,2026-10-18,3,LU,quantile,0.9,3936.941657989871
2026-10-07,ILI incidence,2026-10-18,3,LU,quantile,0.95,4727.8049226894655
2026-10-07,ILI incidence,2026-10-18,3,LU,quantile,0.975,5413.76086023111
2026-10-07,ILI incidence,2026-10-18,3,LU,quantile,0.99,6211.332880224188
2026-10-07,ILI incidence,2026-10-25,4,LU,median,,1147.1637770645066
2026-10-07,ILI incidence,2026-10-25,4,LU,quantile,0.01,0.0
2026-10-07,ILI incidence,2026-10-25,4,LU,quantile,0.025,0.0
2026-10-07,ILI incidence,2026-10-25,4,LU,quantile,0.05,0.0
2026-10-07,ILI incidence,2026-10-25,4,LU,quantile,0.1,0.0
2026-10-07,ILI incidence,2026-10-25,4,LU,quantile,0.15,0.0
2026-10-07,ILI incidence,2026-10-25,4,LU,quantile,0.2,0.0
2026-10-07,ILI incidence,2026-10-25,4,LU,quantile,0.25,0.0
2026-10-07,ILI incidence,2026-10-25,4,LU,quantile,0.3,5.6092813801117245
2026-10-07,ILI incidence,2026-10-25,4,LU,quantile,0.35,308.369191538118
2026-10-07,ILI incidence,2026-10-25,4,LU,quantile,0.4,595.6587393219002
2026-10-07,ILI incidence,2026-10-25,4,LU,quantile,0.45,873.6147015775591
2026-10-07,ILI incidence,2026-10-25,4,LU,quantile,0.5,1147.1637770645066
2026-10-07,ILI incidence,2026-10-25,4,LU,quantile,0.55,1420.7128525514545
2026-10-07,ILI incidence,2026-10-25,4,LU,quantile,0.6,1698.668814807113
2026-10-07,ILI incidence,2026-10-25,4,LU,quantile,0.65,1985.9583625908951
2026-10-07,ILI incidence,2026-10-25,4,LU,quantile,0.7,2288.7182727489007
2026-10-07,ILI incidence,2026-10-25,4,LU,quantile,0.75,2615.443818693793
2026-10-07,ILI incidence,2026-10-25,4,LU,quantile,0.8,2979.268207869108
2026-10-07,ILI incidence,2026-10-25,4,LU,quantile,0.85,3403.3499679288266
2026-10-07,ILI incidence,2026-10-25,4,LU,quantile,0.9,3936.941657989871
2026-10-07,ILI incidence,2026-10-25,4,LU,quantile,0.95,4727.8049226894655
2026-10-07,ILI incidence,2026-10-25,4,LU,quantile,0.975,5413.76086023111
2026-10-07,ILI incidence,2026-10-25,4,LU,quantile,0.99,6211.332880224188
2026-10-07,ILI incidence,2026-10-04,1,MT,median,,8744.424890053422
2026-10-07,ILI incidence,2026-10-04,1,MT,quantile,0.01,4839.320805327458
2026-10-07,ILI incidence,2026-10-04,1,MT,quantile,0.025,5454.34800716296
2026-10-07,ILI incidence,2026-10-04,1,MT,quantile,0.05,5983.305330480731
2026-10-07,ILI incidence,2026-10-04,1,MT,quantile,0.1,6593.159247782023
2026-10-07,ILI incidence,2026-10-04,1,MT,quantile,0.15,7004.624790497237
2026-10-07,ILI incidence,2026-10-04,1,MT,quantile,0.2,7331.644560124145
2026-10-07,ILI incidence,2026-10-04,1,MT,quantile,0.25,7612.1984040716125
2026-10-07,ILI incidence,2026-10-04,1,MT,quantile,0.3,7864.1444268175055
2026-10-07,ILI incidence,2026-10-04,1,MT,quantile,0.35,8097.609964354872
2026-10-07,ILI incidence,2026-10-04,1,MT,quantile,0.4,8319.145928833139
2026-10-07,ILI incidence,2026-10-04,1,MT,quantile,0.45,8533.484538280693
2026-10-07,ILI incidence,2026-10-04,1,MT,quantile,0.5,8744.424890053422
2026-10-07,ILI incidence,2026-10-04,1,MT,quantile,0.55,8955.365241826152
2026-10-07,ILI incidence,2026-10-04,1,MT,quantile,0.6,9169.703851273705
2026-10-07,ILI incidence,2026-10-04,1,MT,quantile,0.65,9391.239815751973
2026-10-07,ILI incidence,2026-10-04,1,MT,quantile,0.7,9624.705353289339
2026-10-07,ILI incidence,2026-10-04,1,MT,quantile,0.75,9876.651376035232
2026-10-07,ILI incidence,2026-10-04,1,MT,quantile,0.8,10157.2052199827
2026-10-07,ILI incidence,2026-10-04,1,MT,quantile,0.85,10484.224989609607
2026-10-07,ILI incidence,2026-10-04,1,MT,quantile,0.9,10895.690532324821
2026-10-07,ILI incidence,2026-10-04,1,MT,quantile,0.95,11505.544449626112
2026-10-07,ILI incidence,2026-10-04,1,MT,quantile,0.975,12034.501772943884
2026-10-07,ILI incidence,2026-10-04,1,MT,quantile,0.99,12649.528974779387
2026-10-07,ILI incidence,2026-10-11,2,MT,median,,8744.424890053422
2026-10-07,ILI incidence,2026-10-11,2,MT,quantile,0.01,4839.320805327458
2026-10-07,ILI incidence,2026-10-11,2,MT,quantile,0.025,5454.34800716296
2026-10-07,ILI incidence,2026-10-11,2,MT,quantile,0.05,5983.305330480731
2026-10-07,ILI incidence,2026-10-11,2,MT,quantile,0.1,6593.159247782023
2026-10-07,ILI incidence,2026-10-11,2,MT,quantile,0.15,7004.624790497237
2026-10-07,ILI incidence,2026-10-11,2,MT,quantile,0.2,7331.644560124145
2026-10-07,ILI incidence,2026-10-11,2,MT,quantile,0.25,7612.1984040716125
2026-10-07,ILI incidence,2026-10-11,2,MT,quantile,0.3,7864.1444268175055
2026-10-07,ILI incidence,2026-10-11,2,MT,quantile,0.35,8097.609964354872
2026-10-07,ILI incidence,2026-10-11,2,MT,quantile,0.4,8319.145928833139
2026-10-07,ILI incidence,2026-10-11,2,MT,quantile,0.45,8533.484538280693
2026-10-07,ILI incidence,2026-10-11,2,MT,quantile,0.5,8744.424890053422
2026-10-07,ILI incidence,2026-10-11,2,MT,quantile,0.55,8955.365241826152
2026-10-07,ILI incidence,2026-10-11,2,MT,quantile,0.6,9169.703851273705
2026-10-07,ILI incidence,2026-10-11,2,MT,quantile,0.65,9391.239815751973
2026-10-07,ILI incidence,2026-10-11,2,MT,quantile,0.7,9624.705353289339
2026-10-07,ILI incidence,2026-10-11,2,MT,quantile,0.75,9876.651376035232
2026-10-07,ILI incidence,2026-10-11,2,MT,quantile,0.8,10157.2052199827
2026-10-07,ILI incidence,2026-10-11,2,MT,quantile,0.85,10484.224989609607
2026-10-07,ILI incidence,2026-10-11,2,MT,quantile,0.9,10895.690532324821
2026-10-07,ILI incidence,2026-10-11,2,MT,quantile,0.95,11505.544449626112
2026-10-07,ILI incidence,2026-10-11,2,MT,quantile,0.975,12034.501772943884
2026-10-07,ILI incidence,2026-10-11,2,MT,quantile,0.99,12649.528974779387
2026-10-07,ILI incidence,2026-10-18,3,MT,median,,8744.424890053422
2026-10-07,ILI incidence,2026-10-18,3,MT,quantile,0.01,4839.320805327458
2026-10-07,ILI incidence,2026-10-18,3,MT,quantile,0.025,5454.34800716296
2026-10-07,ILI incidence,2026-10-18,3,MT,quantile,0.05,5983.305330480731
2026-10-07,ILI incidence,2026-10-18,3,MT,quantile,0.1,6593.159247782023
2026-10-07,ILI incidence,2026-10-18,3,MT,quantile,0.15,7004.624790497237
2026-10-07,ILI incidence,2026-10-18,3,MT,quantile,0.2,7331.644560124145
2026-10-07,ILI incidence,2026-10-18,3,MT,quantile,0.25,7612.1984040716125
2026-10-07,ILI incidence,2026-10-18,3,MT,quantile,0.3,7864.1444268175055
2026-10-07,ILI incidence,2026-10-18,3,MT,quantile,0.35,8097.609964354872
2026-10-07,ILI incidence,2026-10-18,3,MT,quantile,0.4,8319.145928833139
2026-10-07,ILI incidence,2026-10-18,3,MT,quantile,0.45,8533.484538280693
2026-10-07,ILI incidence,2026-10-18,3,MT,quantile,0.5,8744.424890053422
2026-10-07,ILI incidence,2026-10-18,3,MT,quantile,0.55,8955.365241826152
2026-10-07,ILI incidence,2026-10-18,3,MT,quantile,0.6,9169.703851273705
2026-10-07,ILI incidence,2026-10-18,3,MT,quantile,0.65,9391.239815751973
2026-10-07,ILI incidence,2026-10-18,3,MT,quantile,0.7,9624.705353289339
2026-10-07,ILI incidence,2026-10-18,3,MT,quantile,0.75,9876.651376035232
2026-10-07,ILI incidence,2026-10-18,3,MT,quantile,0.8,10157.2052199827
2026-10-07,ILI incidence,2026-10-18,3,MT,quantile,0.85,10484.224989609607
2026-10-07,ILI incidence,2026-10-18,3,MT,quantile,0.9,10895.690532324821
2026-10-07,ILI incidence,2026-10-18,3,MT,quantile,0.95,11505.544449626112
2026-10-07,ILI incidence,2026-10-18,3,MT,quantile,0.975,12034.501772943884
2026-10-07,ILI incidence,2026-10-18,3,MT,quantile,0.99,12649.528974779387
2026-10-07,ILI incidence,2026-10-25,4,MT,median,,8744.424890053422
2026-10-07,ILI incidence,2026-10-25,4,MT,quantile,0.01,4839.320805327458
2026-10-07,ILI incidence,2026-10-25,4,MT,quantile,0.025,5454.34800716296
2026-10-07,ILI incidence,2026-10-25,4,MT,quantile,0.05,5983.305330480731
2026-10-07,ILI incidence,2026-10-25,4,MT,quantile,0.1,6593.159247782023
2026-10-07,ILI incidence,2026-10-25,4,MT,quantile,0.15,7004.624790497237
2026-10-07,ILI incidence,2026-10-25,4,MT,quantile,0.2,7331.644560124145
2026-10-07,ILI incidence,2026-10-25,4,MT,quantile,0.25,7612.1984040716125
2026-10-07,ILI incidence,2026-10-25,4,MT,quantile,0.3,7864.1444268175055
2026-10-07,ILI incidence,2026-10-25,4,MT,quantile,0.35,8097.609964354872
2026-10-07,ILI incidence,2026-10-25,4,MT,quantile,0.4,8319.145928833139
2026-10-07,ILI incidence,2026-10-25,4,MT,quantile,0.45,8533.484538280693
2026-10-07,ILI incidence,2026-10-25,4,MT,quantile,0.5,8744.424890053422
2026-10-07,ILI incidence,2026-10-25,4,MT,quantile,0.55,8955.365241826152
2026-10-07,ILI incidence,2026-10-25,4,MT,quantile,0.6,9169.703851273705
2026-10-07,ILI incidence,2026-10-25,4,MT,quantile,0.65,9391.239815751973
2026-10-07,ILI incidence,2026-10-25,4,MT,quantile,0.7,9624.705353289339
2026-10-07,ILI incidence,2026-10-25,4,MT,quantile,0.75,9876.651376035232
2026-10-07,ILI incidence,2026-10-25,4,MT,quantile,0.8,10157.2052199827
2026-10-07,ILI incidence,2026-10-25,4,MT,quantile,0.85,10484.224989609607
2026-10-07,ILI incidence,2026-10-25,4,MT,quantile,0.9,10895.690532324821
2026-10-07,ILI incidence,2026-10-25,4,MT,quantile,0.95,11505.544449626112
2026-10-07,ILI incidence,2026-10-25,4,MT,quantile,0.975,12034.501772943884
2026-10-07,ILI incidence,2026-10-25,4,MT,quantile,0.99,12649.528974779387
2026-10-07,ILI incidence,2026-10-04,1,NO,median,,14.357961752904735
2026-10-07,ILI incidence,2026-10-04,1,NO,quantile,0.01,0.609156045385685
2026-10-07,ILI incidence,2026-10-04,1,NO,quantile,0.025,2.774498970801922
2026-10-07,ILI incidence,2026-10-04,1,NO,quantile,0.05,4.636813344011697
2026-10-07,ILI incidence,2026-10-04,1,NO,quantile,0.1,6.783942546467578
2026-10-07,ILI incidence,2026-10-04,1,NO,quantile,0.15,8.232600425845803
2026-10-07,ILI incidence,2026-10-04,1,NO,quantile,0.2,9.383947784986297
2026-10-07,ILI incidence,2026-10-04,1,NO,quantile,0.25,10.37170130121608
2026-10-07,ILI incidence,2026-10-04,1,NO,quantile,0.3,11.258734486596216
2026-10-07,ILI incidence,2026-10-04,1,NO,quantile,0.35,12.080702927221786
2026-10-07,ILI incidence,2026-10-04,1,NO,quantile,0.4,12.860670596906392
2026-10-07,ILI incidence,2026-10-04,1,NO,quantile,0.45,13.61529834381855
2026-10-07,ILI incidence,2026-10-04,1,NO,quantile,0.5,14.357961752904735
2026-10-07,ILI incidence,2026-10-04,1,NO,quantile,0.55,15.100625161990923
2026-10-07,ILI incidence,2026-10-04,1,NO,quantile,0.6,15.85525290890308
2026-10-07,ILI incidence,2026-10-04,1,NO,quantile,0.65,16.635220578587685
2026-10-07,ILI incidence,2026-10-04,1,NO,quantile,0.7,17.457189019213253
2026-10-07,ILI incidence,2026-10-04,1,NO,quantile,0.75,18.344222204593393
2026-10-07,ILI incidence,2026-10-04,1,NO,quantile,0.8,19.331975720823174
2026-10-07,ILI incidence,2026-10-04,1,NO,quantile,0.85,20.483323079963668
2026-10-07,ILI incidence,2026-10-04,1,NO,quantile,0.9,21.931980959341892
2026-10-07,ILI incidence,2026-10-04,1,NO,quantile,0.95,24.07911016179777
2026-10-07,ILI incidence,2026-10-04,1,NO,quantile,0.975,25.941424535007545
2026-10-07,ILI incidence,2026-10-04,1,NO,quantile,0.99,28.106767460423786
2026-10-07,ILI incidence,2026-10-11,2,NO,median,,14.542316020180131
2026-10-07,ILI incidence,2026-10-11,2,NO,quantile,0.01,0.0
2026-10-07,ILI incidence,2026-10-11,2,NO,quantile,0.025,0.0
2026-10-07,ILI incidence,2026-10-11,2,NO,quantile,0.05,1.0327587187322713
2026-10-07,ILI incidence,2026-10-11,2,NO,quantile,0.1,4.01664125751277
2026-10-07,ILI incidence,2026-10-11,2,NO,quantile,0.15,6.029852640413836
2026-10-07,ILI incidence,2026-10-11,2,NO,quantile,0.2,7.629889227444027
2026-10-07,ILI incidence,2026-10-11,2,NO,quantile,0.25,9.002578149156761
2026-10-07,ILI incidence,2026-10-11,2,NO,quantile,0.3,10.23529522558944
2026-10-07,ILI incidence,2026-10-11,2,NO,quantile,0.35,11.377591308473473
2026-10-07,ILI incidence,2026-10-11,2,NO,quantile,0.4,12.461518585752927
2026-10-07,ILI incidence,2026-10-11,2,NO,quantile,0.45,13.510230770708981
2026-10-07,ILI incidence,2026-10-11,2,NO,quantile,0.5,14.542316020180131
2026-10-07,ILI incidence,2026-10-11,2,NO,quantile,0.55,15.574401269651283
2026-10-07,ILI incidence,2026-10-11,2,NO,quantile,0.6,16.623113454607335
2026-10-07,ILI incidence,2026-10-11,2,NO,quantile,0.65,17.70704073188679
2026-10-07,ILI incidence,2026-10-11,2,NO,quantile,0.7,18.849336814770822
2026-10-07,ILI incidence,2026-10-11,2,NO,quantile,0.75,20.0820538912035
2026-10-07,ILI incidence,2026-10-11,2,NO,quantile,0.8,21.454742812916237
2026-10-07,ILI incidence,2026-10-11,2,NO,quantile,0.85,23.054779399946426
2026-10-07,ILI incidence,2026-10-11,2,NO,quantile,0.9,25.06799078284749
2026-10-07,ILI incidence,2026-10-11,2,NO,quantile,0.95,28.051873321627987
2026-10-07,ILI incidence,2026-10-11,2,NO,quantile,0.975,30.639946425745148
2026-10-07,ILI incidence,2026-10-11,2,NO,quantile,0.99,33.6491407202623
2026-10-07,ILI incidence,2026-10-18,3,NO,median,,14.898184108434222
2026-10-07,ILI incidence,2026-10-18,3,NO,quantile,0.01,0.0
2026-10-07,ILI incidence,2026-10-18,3,NO,quantile,0.025,0.0
2026-10-07,ILI incidence,2026-10-18,3,NO,quantile,0.05,0.0
2026-10-07,ILI incidence,2026-10-18,3,NO,quantile,0.1,0.0
2026-10-07,ILI incidence,2026-10-18,3,NO,quantile,0.15,1.6374418884624262
2026-10-07,ILI incidence,2026-10-18,3,NO,quantile,0.2,4.129983914964905
2026-10-07,ILI incidence,2026-10-18,3,NO,quantile,0.25,6.268363033553651
2026-10-07,ILI incidence,2026-10-18,3,NO,quantile,0.3,8.18869357143137
2026-10-07,ILI incidence,2026-10-18,3,NO,quantile,0.35,9.968166001235183
2026-10-07,ILI incidence,2026-10-18,3,NO,quantile,0.4,11.65671132213069
2026-10-07,ILI incidence,2026-10-18,3,NO,quantile,0.45,13.29039846147289
2026-10-07,ILI incidence,2026-10-18,3,NO,quantile,0.5,14.898184108434222
2026-10-07,ILI incidence,2026-10-18,3,NO,quantile,0.55,16.505969755395558
2026-10-07,ILI incidence,2026-10-18,3,NO,quantile,0.6,18.139656894737755
2026-10-07,ILI incidence,2026-10-18,3,NO,quantile,0.65,19.82820221563326
2026-10-07,ILI incidence,2026-10-18,3,NO,quantile,0.7,21.607674645437072
2026-10-07,ILI incidence,2026-10-18,3,NO,quantile,0.75,23.528005183314793
2026-10-07,ILI incidence,2026-10-18,3,NO,quantile,0.8,25.66638430190354
2026-10-07,ILI incidence,2026-10-18,3,NO,quantile,0.85,28.158926328406018
2026-10-07,ILI incidence,2026-10-18,3,NO,quantile,0.9,31.29511335112152
2026-10-07,ILI incidence,2026-10-18,3,NO,quantile,0.95,35.94341495268793
2026-10-07,ILI incidence,2026-10-18,3,NO,quantile,0.975,39.97512337233486
2026-10-07,ILI incidence,2026-10-18,3,NO,quantile,0.99,44.662855706579265
2026-10-07,ILI incidence,2026-10-25,4,NO,median,,15.418177301655732
2026-10-07,ILI incidence,2026-10-25,4,NO,quantile,0.01,0.0
2026-10-07,ILI incidence,2026-10-25,4,NO,quantile,0.025,0.0
2026-10-07,ILI incidence,2026-10-25,4,NO,quantile,0.05,0.0
2026-10-07,ILI incidence,2026-10-25,4,NO,quantile,0.1,0.0
2026-10-07,ILI incidence,2026-10-25,4,NO,quantile,0.15,0.0
2026-10-07,ILI incidence,2026-10-25,4,NO,quantile,0.2,0.3686959173035138
2026-10-07,ILI incidence,2026-10-25,4,NO,quantile,0.25,3.3572637521963156
2026-10-07,ILI incidence,2026-10-25,4,NO,quantile,0.3,6.041090033501989
2026-10-07,ILI incidence,2026-10-25,4,NO,quantile,0.35,8.528055053203433
2026-10-07,ILI incidence,2026-10-25,4,NO,quantile,0.4,10.88794165606058
2026-10-07,ILI incidence,2026-10-25,4,NO,quantile,0.45,13.171159255070023
2026-10-07,ILI incidence,2026-10-25,4,NO,quantile,0.5,15.418177301655732
2026-10-07,ILI incidence,2026-10-25,4,NO,quantile,0.55,17.665195348241443
2026-10-07,ILI incidence,2026-10-25,4,NO,quantile,0.6,19.948412947250883
2026-10-07,ILI incidence,2026-10-25,4,NO,quantile,0.65,22.308299550108032
2026-10-07,ILI incidence,2026-10-25,4,NO,quantile,0.7,24.79526456980947
2026-10-07,ILI incidence,2026-10-25,4,NO,quantile,0.75,27.479090851115146
2026-10-07,ILI incidence,2026-10-25,4,NO,quantile,0.8,30.46765868600795
2026-10-07,ILI incidence,2026-10-25,4,NO,quantile,0.85,33.951199496320385
2026-10-07,ILI incidence,2026-10-25,4,NO,quantile,0.9,38.33428927624744
2026-10-07,ILI incidence,2026-10-25,4,NO,quantile,0.95,44.83068859691147
2026-10-07,ILI incidence,2026-10-25,4,NO,quantile,0.975,50.46534617370975
2026-10-07,ILI incidence,2026-10-25,4,NO,quantile,0.99,57.01685331803485
2026-10-07,ILI incidence,2026-10-04,1,SI,median,,0.0
2026-10-07,ILI incidence,2026-10-04,1,SI,quantile,0.01,0.0
2026-10-07,ILI incidence,2026-10-04,1,SI,quantile,0.025,0.0
2026-10-07,ILI incidence,2026-10-04,1,SI,quantile,0.05,0.0
2026-10-07,ILI incidence,2026-10-04,1,SI,quantile,0.1,0.0
2026-10-07,ILI incidence,2026-10-04,1,SI,quantile,0.15,0.0
2026-10-07,ILI incidence,2026-10-04,1,SI,quantile,0.2,0.0
2026-10-07,ILI incidence,2026-10-04,1,SI,quantile,0.25,0.0
2026-10-07,ILI incidence,2026-10-04,1,SI,quantile,0.3,0.0
2026-10-07,ILI incidence,2026-10-04,1,SI,quantile,0.35,0.0
2026-10-07,ILI incidence,2026-10-04,1,SI,quantile,0.4,0.0
2026-10-07,ILI incidence,2026-10-04,1,SI,quantile,0.45,0.0
2026-10-07,ILI incidence,2026-10-04,1,SI,quantile,0.5,0.0
2026-10-07,ILI incidence,2026-10-04,1,SI,quantile,0.55,0.0
2026-10-07,ILI incidence,2026-10-04,1,SI,quantile,0.6,0.15124850748690488
2026-10-07,ILI incidence,2026-10-04,1,SI,quantile,0.65,0.4734998135757169
2026-10-07,ILI incidence,2026-10-04,1,SI,quantile,0.7,0.8131041508458543
2026-10-07,ILI incidence,2026-10-04,1,SI,quantile,0.75,1.1795906266871634
2026-10-07,ILI incidence,2026-10-04,1,SI,quantile,0.8,1.5876906968190152
2026-10-07,ILI incidence,2026-10-04,1,SI,quantile,0.85,2.063381170495904
2026-10-07,ILI incidence,2026-10-04,1,SI,quantile,0.9,2.6619084067520604
2026-10-07,ILI incidence,2026-10-04,1,SI,quantile,0.95,3.549015932776345
2026-10-07,ILI incidence,2026-10-04,1,SI,quantile,0.975,4.31844941372754
2026-10-07,ILI incidence,2026-10-04,1,SI,quantile,0.99,5.2130821183468425
2026-10-07,ILI incidence,2026-10-11,2,SI,median,,0.0
2026-10-07,ILI incidence,2026-10-11,2,SI,quantile,0.01,0.0
2026-10-07,ILI incidence,2026-10-11,2,SI,quantile,0.025,0.0
2026-10-07,ILI incidence,2026-10-11,2,SI,quantile,0.05,0.0
2026-10-07,ILI incidence,2026-10-11,2,SI,quantile,0.1,0.0
2026-10-07,ILI incidence,2026-10-11,2,SI,quantile,0.15,0.0
2026-10-07,ILI incidence,2026-10-11,2,SI,quantile,0.2,0.0
2026-10-07,ILI incidence,2026-10-11,2,SI,quantile,0.25,0.0
2026-10-07,ILI incidence,2026-10-11,2,SI,quantile,0.3,0.0
2026-10-07,ILI incidence,2026-10-11,2,SI,quantile,0.35,0.0
2026-10-07,ILI incidence,2026-10-11,2,SI,quantile,0.4,0.0
2026-10-07,ILI incidence,2026-10-11,2,SI,quantile,0.45,0.0
2026-10-07,ILI incidence,2026-10-11,2,SI,quantile,0.5,0.0
2026-10-07,ILI incidence,2026-10-11,2,SI,quantile,0.55,0.0
2026-10-07,ILI incidence,2026-10-11,2,SI,quantile,0.6,0.15124850748690488
2026-10-07,ILI incidence,2026-10-11,2,SI,quantile,0.65,0.4734998135757169
2026-10-07,ILI incidence,2026-10-11,2,SI,quantile,0.7,0.8131041508458543
2026-10-07,ILI incidence,2026-10-11,2,SI,quantile,0.75,1.1795906266871634
2026-10-07,ILI incidence,2026-10-11,2,SI,quantile,0.8,1.5876906968190152
2026-10-07,ILI incidence,2026-10-11,2,SI,quantile,0.85,2.063381170495904
2026-10-07,ILI incidence,2026-10-11,2,SI,quantile,0.9,2.6619084067520604
2026-10-07,ILI incidence,2026-10-11,2,SI,quantile,0.95,3.549015932776345
2026-10-07,ILI incidence,2026-10-11,2,SI,quantile,0.975,4.31844941372754
2026-10-07,ILI incidence,2026-10-11,2,SI,quantile,0.99,5.2130821183468425
2026-10-07,ILI incidence,2026-10-18,3,SI,median,,0.0
2026-10-07,ILI incidence,2026-10-18,3,SI,quantile,0.01,0.0
2026-10-07,ILI incidence,2026-10-18,3,SI,quantile,0.025,0.0
2026-10-07,ILI incidence,2026-10-18,3,SI,quantile,0.05,0.0
2026-10-07,ILI incidence,2026-10-18,3,SI,quantile,0.1,0.0
2026-10-07,ILI incidence,2026-10-18,3,SI,quantile,0.15,0.0
2026-10-07,ILI incidence,2026-10-18,3,SI,quantile,0.2,0.0
2026-10-07,ILI incidence,2026-10-18,3,SI,quantile,0.25,0.0
2026-10-07,ILI incidence,2026-10-18,3,SI,quantile,0.3,0.0
2026-10-07,ILI incidence,2026-10-18,3,SI,quantile,0.35,0.0
2026-10-07,ILI incidence,2026-10-18,3,SI,quantile,0.4,0.0
2026-10-07,ILI incidence,2026-10-18,3,SI,quantile,0.45,0.0
2026-10-07,ILI incidence,2026-10-18,3,SI,quantile,0.5,0.0
2026-10-07,ILI incidence,2026-10-18,3,SI,quantile,0.55,0.0
2026-10-07,ILI incidence,2026-10-18,3,SI,quantile,0.6,0.15124850748690488
2026-10-07,ILI incidence,2026-10-18,3,SI,quantile,0.65,0.4734998135757169
2026-10-07,ILI incidence,2026-10-18,3,SI,quantile,0.7,0.8131041508458543
2026-10-07,ILI incidence,2026-10-18,3,SI,quantile,0.75,1.1795906266871634
2026-10-07,ILI incidence,2026-10-18,3,SI,quantile,0.8,1.5876906968190152
2026-10-07,ILI incidence,2026-10-18,3,SI,quantile,0.85,2.063381170495904
2026-10-07,ILI incidence,2026-10-18,3,SI,quantile,0.9,2.6619084067520604
2026-10-07,ILI incidence,2026-10-18,3,SI,quantile,0.95,3.549015932776345
2026-10-07,ILI incidence,2026-10-18,3,SI,quantile,0.975,4.31844941372754
2026-10-07,ILI incidence,2026-10-18,3,SI,quantile,0.99,5.2130821183468425
2026-10-07,ILI incidence,2026-10-25,4,SI,median,,0.0
2026-10-07,ILI incidence,2026-10-25,4,SI,quantile,0.01,0.0
2026-10-07,ILI incidence,2026-10-25,4,SI,quantile,0.025,0.0
2026-10-07,ILI incidence,2026-10-25,4,SI,quantile,0.05,0.0
2026-10-07,ILI incidence,2026-10-25,4,SI,quantile,0.1,0.0
2026-10-07,ILI incidence,2026-10-25,4,SI,quantile,0.15,0.0
2026-10-07,ILI incidence,2026-10-25,4,SI,quantile,0.2,0.0
2026-10-07,ILI incidence,2026-10-25,4,SI,quantile,0.25,0.0
2026-10-07,ILI incidence,2026-10-25,4,SI,quantile,0.3,0.0
2026-10-07,ILI incidence,2026-10-25,4,SI,quantile,0.35,0.0
2026-10-07,ILI incidence,2026-10-25,4,SI,quantile,0.4,0.0
2026-10-07,ILI incidence,2026-10-25,4,SI,quantile,0.45,0.0
2026-10-07,ILI incidence,2026-10-25,4,SI,quantile,0.5,0.0
2026-10-07,ILI incidence,2026-10-25,4,SI,quantile,0.55,0.0
2026-10-07,ILI incidence,2026-10-25,4,SI,quantile,0.6,0.15124850748690488
2026-10-07,ILI incidence,2026-10-25,4,SI,quantile,0.65,0.4734998135757169
2026-10-07,ILI incidence,2026-10-25,4,SI,quantile,0.7,0.8131041508458543
2026-10-07,ILI incidence,2026-10-25,4,SI,quantile,0.75,1.1795906266871634
2026-10-07,ILI incidence,2026-10-25,4,SI,quantile,0.8,1.5876906968190152
2026-10-07,ILI incidence,2026-10-25,4,SI,quantile,0.85,2.063381170495904
2026-10-07,ILI incidence,2026-10-25,4,SI,quantile,0.9,2.6619084067520604
2026-10-07,ILI incidence,2026-10-25,4,SI,quantile,0.95,3.549015932776345
2026-10-07,ILI incidence,2026-10-25,4,SI,quantile,0.975,4.31844941372754
2026-10-07,ILI incidence,2026-10-25,4,SI,quantile,0.99,5.2130821183468425
2026-10-07,ILI incidence,2026-10-04,1,SK,median,,120.61943976292727
2026-10-07,ILI incidence,2026-10-04,1,SK,quantile,0.01,30.778313448991952
2026-10-07,ILI incidence,2026-10-04,1,SK,quantile,0.025,44.92767677652205
2026-10-07,ILI incidence,2026-10-04,1,SK,quantile,0.05,57.09690982840055
2026-10-07,ILI incidence,2026-10-04,1,SK,quantile,0.1,71.12725617220575
2026-10-07,ILI incidence,2026-10-04,1,SK,quantile,0.15,80.5934642411524
2026-10-07,ILI incidence,2026-10-04,1,SK,quantile,0.2,88.1169063294487
2026-10-07,ILI incidence,2026-10-04,1,SK,quantile,0.25,94.57134974122098
2026-10-07,ILI incidence,2026-10-04,1,SK,quantile,0.3,100.36763940795231
2026-10-07,ILI incidence,2026-10-04,1,SK,quantile,0.35,105.73876560402071
2026-10-07,ILI incidence,2026-10-04,1,SK,quantile,0.4,110.83543912051373
2026-10-07,ILI incidence,2026-10-04,1,SK,quantile,0.45,115.76652973104278
2026-10-07,ILI incidence,2026-10-04,1,SK,quantile,0.5,120.61943976292727
2026-10-07,ILI incidence,2026-10-04,1,SK,quantile,0.55,125.47234979481176
2026-10-07,ILI incidence,2026-10-04,1,SK,quantile,0.6,130.40344040534083
2026-10-07,ILI incidence,2026-10-04,1,SK,quantile,0.65,135.50011392183384
2026-10-07,ILI incidence,2026-10-04,1,SK,quantile,0.7,140.87124011790223
2026-10-07,ILI incidence,2026-10-04,1,SK,quantile,0.75,146.66752978463356
2026-10-07,ILI incidence,2026-10-04,1,SK,quantile,0.8,153.12197319640586
2026-10-07,ILI incidence,2026-10-04,1,SK,quantile,0.85,160.64541528470215
2026-10-07,ILI incidence,2026-10-04,1,SK,quantile,0.9,170.11162335364878
2026-10-07,ILI incidence,2026-10-04,1,SK,quantile,0.95,184.14196969745396
2026-10-07,ILI incidence,2026-10-04,1,SK,quantile,0.975,196.3112027493325
2026-10-07,ILI incidence,2026-10-04,1,SK,quantile,0.99,210.4605660768626
2026-10-07,ILI incidence,2026-10-11,2,SK,median,,120.61943976292727
2026-10-07,ILI incidence,2026-10-11,2,SK,quantile,0.01,30.778313448991952
2026-10-07,ILI incidence,2026-10-11,2,SK,quantile,0.025,44.92767677652205
2026-10-07,ILI incidence,2026-10-11,2,SK,quantile,0.05,57.09690982840055
2026-10-07,ILI incidence,2026-10-11,2,SK,quantile,0.1,71.12725617220575
2026-10-07,ILI incidence,2026-10-11,2,SK,quantile,0.15,80.5934642411524
2026-10-07,ILI incidence,2026-10-11,2,SK,quantile,0.2,88.1169063294487
2026-10-07,ILI incidence,2026-10-11,2,SK,quantile,0.25,94.57134974122098
2026-10-07,ILI incidence,2026-10-11,2,SK,quantile,0.3,100.36763940795231
2026-10-07,ILI incidence,2026-10-11,2,SK,quantile,0.35,105.73876560402071
2026-10-07,ILI incidence,2026-10-11,2,SK,quantile,0.4,110.83543912051373
2026-10-07,ILI incidence,2026-10-11,2,SK,quantile,0.45,115.76652973104278
2026-10-07,ILI incidence,2026-10-11,2,SK,quantile,0.5,120.61943976292727
2026-10-07,ILI incidence,2026-10-11,2,SK,quantile,0.55,125.47234979481176
2026-10-07,ILI incidence,2026-10-11,2,SK,quantile,0.6,130.40344040534083
2026-10-07,ILI incidence,2026-10-11,2,SK,quantile,0.65,135.50011392183384
2026-10-07,ILI incidence,2026-10-11,2,SK,quantile,0.7,140.87124011790223
2026-10-07,ILI incidence,2026-10-11,2,SK,quantile,0.75,146.66752978463356
2026-10-07,ILI incidence,2026-10-11,2,SK,quantile,0.8,153.12197319640586
2026-10-07,ILI incidence,2026-10-11,2,SK,quantile,0.85,160.64541528470215
2026-10-07,ILI incidence,2026-10-11,2,SK,quantile,0.9,170.11162335364878
2026-10-07,ILI incidence,2026-10-11,2,SK,quantile,0.95,184.14196969745396
2026-10-07,ILI incidence,2026-10-11,2,SK,quantile,0.975,196.3112027493325
2026-10-07,ILI incidence,2026-10-11,2,SK,quantile,0.99,210.4605660768626
2026-10-07,ILI incidence,2026-10-18,3,SK,median,,120.61943976292727
2026-10-07,ILI incidence,2026-10-18,3,SK,quantile,0.01,30.778313448991952
2026-10-07,ILI incidence,2026-10-18,3,SK,quantile,0.025,44.92767677652205
2026-10-07,ILI incidence,2026-10-18,3,SK,quantile,0.05,57.09690982840055
2026-10-07,ILI incidence,2026-10-18,3,SK,quantile,0.1,71.12725617220575
2026-10-07,ILI incidence,2026-10-18,3,SK,quantile,0.15,80.5934642411524
2026-10-07,ILI incidence,2026-10-18,3,SK,quantile,0.2,88.1169063294487
2026-10-07,ILI incidence,2026-10-18,3,SK,quantile,0.25,94.57134974122098
2026-10-07,ILI incidence,2026-10-18,3,SK,quantile,0.3,100.36763940795231
2026-10-07,ILI incidence,2026-10-18,3,SK,quantile,0.35,105.73876560402071
2026-10-07,ILI incidence,2026-10-18,3,SK,quantile,0.4,110.83543912051373
2026-10-07,ILI incidence,2026-10-18,3,SK,quantile,0.45,115.76652973104278
2026-10-07,ILI incidence,2026-10-18,3,SK,quantile,0.5,120.61943976292727
2026-10-07,ILI incidence,2026-10-18,3,SK,quantile,0.55,125.47234979481176
2026-10-07,ILI incidence,2026-10-18,3,SK,quantile,0.6,130.40344040534083
2026-10-07,ILI incidence,2026-10-18,3,SK,quantile,0.65,135.50011392183384
2026-10-07,ILI incidence,2026-10-18,3,SK,quantile,0.7,140.87124011790223
2026-10-07,ILI incidence,2026-10-18,3,SK,quantile,0.75,146.66752978463356
2026-10-07,ILI incidence,2026-10-18,3,SK,quantile,0.8,153.12197319640586
2026-10-07,ILI incidence,2026-10-18,3,SK,quantile,0.85,160.64541528470215
2026-10-07,ILI incidence,2026-10-18,3,SK,quantile,0.9,170.11162335364878
2026-10-07,ILI incidence,2026-10-18,3,SK,quantile,0.95,184.14196969745396
2026-10-07,ILI incidence,2026-10-18,3,SK,quantile,0.975,196.3112027493325
2026-10-07,ILI incidence,2026-10-18,3,SK,quantile,0.99,210.4605660768626
2026-10-07,ILI incidence,2026-10-25,4,SK,median,,120.61943976292727
2026-10-07,ILI incidence,2026-10-25,4,SK,quantile,0.01,30.778313448991952
2026-10-07,ILI incidence,2026-10-25,4,SK,quantile,0.025,44.92767677652205
2026-10-07,ILI incidence,2026-10-25,4,SK,quantile,0.05,57.09690982840055
2026-10-07,ILI incidence,2026-10-25,4,SK,quantile,0.1,71.12725617220575
2026-10-07,ILI incidence,2026-10-25,4,SK,quantile,0.15,80.5934642411524
2026-10-07,ILI incidence,2026-10-25,4,SK,quantile,0.2,88.1169063294487
2026-10-07,ILI incidence,2026-10-25,4,SK,quantile,0.25,94.57134974122098
2026-10-07,ILI incidence,2026-10-25,4,SK,quantile,0.3,100.36763940795231
2026-10-07,ILI incidence,2026-10-25,4,SK,quantile,0.35,105.73876560402071
2026-10-07,ILI incidence,2026-10-25,4,SK,quantile,0.4,110.83543912051373
2026-10-07,ILI incidence,2026-10-25,4,SK,quantile,0.45,115.76652973104278
2026-10-07,ILI incidence,2026-10-25,4,SK,quantile,0.5,120.61943976292727
2026-10-07,ILI incidence,2026-10-25,4,SK,quantile,0.55,125.47234979481176
2026-10-07,ILI incidence,2026-10-25,4,SK,quantile,0.6,130.40344040534083
2026-10-07,ILI incidence,2026-10-25,4,SK,quantile,0.65,135.50011392183384
2026-10-07,ILI incidence,2026-10-25,4,SK,quantile,0.7,140.87124011790223
2026-10-07,ILI incidence,2026-10-25,4,SK,quantile,0.75,146.66752978463356
2026-10-07,ILI incidence,2026-10-25,4,SK,quantile,0.8,153.12197319640586
2026-10-07,ILI incidence,2026-10-25,4,SK,quantile,0.85,160.64541528470215
2026-10-07,ILI incidence,2026-10-25,4,SK,quantile,0.9,170.11162335364878
2026-10-07,ILI incidence,2026-10-25,4,SK,quantile,0.95,184.14196969745396
2026-10-07,ILI incidence,2026-10-25,4,SK,quantile,0.975,196.3112027493325
2026-10-07,ILI incidence,2026-10-25,4,SK,quantile,0.99,210.4605660768626
