target,location,origin_date,target_end_date,output_type_id,horizon,output_type,value
ILI incidence,BE,2026-08-19,2026-08-16,0.01,1,quantile,3.62355845427682
ILI incidence,BE,2026-08-19,2026-08-16,0.025,1,quantile,4.83280958214354
ILI incidence,BE,2026-08-19,2026-08-16,0.05,1,quantile,6.44340070736223
ILI incidence,BE,2026-08-19,2026-08-16,0.1,1,quantile,8.42405005292723
ILI incidence,BE,2026-08-19,2026-08-16,0.15,1,quantile,10.2260330645304
ILI incidence,BE,2026-08-19,2026-08-16,0.2,1,quantile,11.3124068184157
ILI incidence,BE,2026-08-19,2026-08-16,0.25,1,quantile,12.5447857432448
ILI incidence,BE,2026-08-19,2026-08-16,0.3,1,quantile,13.592605034318
ILI incidence,BE,2026-08-19,2026-08-16,0.35,1,quantile,14.6762017758151
ILI incidence,BE,2026-08-19,2026-08-16,0.4,1,quantile,15.7729249205552
ILI incidence,BE,2026-08-19,2026-08-16,0.45,1,quantile,16.7573916624926
ILI incidence,BE,2026-08-19,2026-08-16,0.5,1,quantile,17.5232577209021
ILI incidence,BE,2026-08-19,2026-08-16,0.55,1,quantile,18.5943315322331
ILI incidence,BE,2026-08-19,2026-08-16,0.6,1,quantile,19.7471638785854
ILI incidence,BE,2026-08-19,2026-08-16,0.65,1,quantile,21.0999758728914
ILI incidence,BE,2026-08-19,2026-08-16,0.7,1,quantile,22.7193398738046
ILI incidence,BE,2026-08-19,2026-08-16,0.75,1,quantile,24.8698800421127
ILI incidence,BE,2026-08-19,2026-08-16,0.8,1,quantile,26.9482743526347
ILI incidence,BE,2026-08-19,2026-08-16,0.85,1,quantile,29.6980494256121
ILI incidence,BE,2026-08-19,2026-08-16,0.9,1,quantile,33.1634989153872
ILI incidence,BE,2026-08-19,2026-08-16,0.95,1,quantile,38.992920341967
ILI incidence,BE,2026-08-19,2026-08-16,0.975,1,quantile,43.8526874676412
ILI incidence,BE,2026-08-19,2026-08-16,0.99,1,quantile,53.414611483641
ILI incidence,BE,2026-08-19,2026-08-23,0.01,2,quantile,2.24612207070296
ILI incidence,BE,2026-08-19,2026-08-23,0.025,2,quantile,3.31525677691977
ILI incidence,BE,2026-08-19,2026-08-23,0.05,2,quantile,4.51839642365027
ILI incidence,BE,2026-08-19,2026-08-23,0.1,2,quantile,6.58940536821984
ILI incidence,BE,2026-08-19,2026-08-23,0.15,2,quantile,8.45881785087822
ILI incidence,BE,2026-08-19,2026-08-23,0.2,2,quantile,10.0327979606426
ILI incidence,BE,2026-08-19,2026-08-23,0.25,2,quantile,11.534312617184
ILI incidence,BE,2026-08-19,2026-08-23,0.3,2,quantile,12.855249157379
ILI incidence,BE,2026-08-19,2026-08-23,0.35,2,quantile,14.3756199004214
ILI incidence,BE,2026-08-19,2026-08-23,0.4,2,quantile,15.8612210952982
ILI incidence,BE,2026-08-19,2026-08-23,0.45,2,quantile,17.4678463050984
ILI incidence,BE,2026-08-19,2026-08-23,0.5,2,quantile,18.9284760408754
ILI incidence,BE,2026-08-19,2026-08-23,0.55,2,quantile,20.2925173420636
ILI incidence,BE,2026-08-19,2026-08-23,0.6,2,quantile,22.0438015845452
ILI incidence,BE,2026-08-19,2026-08-23,0.65,2,quantile,24.51704589218
ILI incidence,BE,2026-08-19,2026-08-23,0.7,2,quantile,26.5074022263846
ILI incidence,BE,2026-08-19,2026-08-23,0.75,2,quantile,29.5140505694841
ILI incidence,BE,2026-08-19,2026-08-23,0.8,2,quantile,32.1588143151861
ILI incidence,BE,2026-08-19,2026-08-23,0.85,2,quantile,36.9196719619652
ILI incidence,BE,2026-08-19,2026-08-23,0.9,2,quantile,43.1748383118819
ILI incidence,BE,2026-08-19,2026-08-23,0.95,2,quantile,55.2320163559585
ILI incidence,BE,2026-08-19,2026-08-23,0.975,2,quantile,64.9856225190367
ILI incidence,BE,2026-08-19,2026-08-23,0.99,2,quantile,82.3110413189912
ILI incidence,BE,2026-08-19,2026-08-30,0.01,3,quantile,2.19373740043953
ILI incidence,BE,2026-08-19,2026-08-30,0.025,3,quantile,2.90664303409702
ILI incidence,BE,2026-08-19,2026-08-30,0.05,3,quantile,4.14351733957828
ILI incidence,BE,2026-08-19,2026-08-30,0.1,3,quantile,6.44380599251689
ILI incidence,BE,2026-08-19,2026-08-30,0.15,3,quantile,8.05727859256803
ILI incidence,BE,2026-08-19,2026-08-30,0.2,3,quantile,9.48257484371623
ILI incidence,BE,2026-08-19,2026-08-30,0.25,3,quantile,11.345021289845
ILI incidence,BE,2026-08-19,2026-08-30,0.3,3,quantile,12.9623834872207
ILI incidence,BE,2026-08-19,2026-08-30,0.35,3,quantile,15.1079383929683
ILI incidence,BE,2026-08-19,2026-08-30,0.4,3,quantile,16.547579343883
ILI incidence,BE,2026-08-19,2026-08-30,0.45,3,quantile,18.4553189815014
ILI incidence,BE,2026-08-19,2026-08-30,0.5,3,quantile,20.7586586187184
ILI incidence,BE,2026-08-19,2026-08-30,0.55,3,quantile,23.1444826780713
ILI incidence,BE,2026-08-19,2026-08-30,0.6,3,quantile,25.4521239725447
ILI incidence,BE,2026-08-19,2026-08-30,0.65,3,quantile,28.7772240070734
ILI incidence,BE,2026-08-19,2026-08-30,0.7,3,quantile,32.015700322341
ILI incidence,BE,2026-08-19,2026-08-30,0.75,3,quantile,36.1022773010715
ILI incidence,BE,2026-08-19,2026-08-30,0.8,3,quantile,41.9562604332537
ILI incidence,BE,2026-08-19,2026-08-30,0.85,3,quantile,49.197703069836
ILI incidence,BE,2026-08-19,2026-08-30,0.9,3,quantile,58.8392468767251
ILI incidence,BE,2026-08-19,2026-08-30,0.95,3,quantile,80.3238165138174
ILI incidence,BE,2026-08-19,2026-08-30,0.975,3,quantile,102.038164852288
ILI incidence,BE,2026-08-19,2026-08-30,0.99,3,quantile,153.787605394175
ILI incidence,BE,2026-08-19,2026-09-06,0.01,4,quantile,2.23869881725331
ILI incidence,BE,2026-08-19,2026-09-06,0.025,4,quantile,2.89135854752977
ILI incidence,BE,2026-08-19,2026-09-06,0.05,4,quantile,3.70682057067008
ILI incidence,BE,2026-08-19,2026-09-06,0.1,4,quantile,5.3559615896668
ILI incidence,BE,2026-08-19,2026-09-06,0.15,4,quantile,7.38141454852323
ILI incidence,BE,2026-08-19,2026-09-06,0.2,4,quantile,8.93127862732389
ILI incidence,BE,2026-08-19,2026-09-06,0.25,4,quantile,10.9710748490029
ILI incidence,BE,2026-08-19,2026-09-06,0.3,4,quantile,12.9091516762815
ILI incidence,BE,2026-08-19,2026-09-06,0.35,4,quantile,15.3811982118056
ILI incidence,BE,2026-08-19,2026-09-06,0.4,4,quantile,17.6802881553676
ILI incidence,BE,2026-08-19,2026-09-06,0.45,4,quantile,20.883224365816
ILI incidence,BE,2026-08-19,2026-09-06,0.5,4,quantile,23.0016550260775
ILI incidence,BE,2026-08-19,2026-09-06,0.55,4,quantile,25.8598915228816
ILI incidence,BE,2026-08-19,2026-09-06,0.6,4,quantile,28.5121457464056
ILI incidence,BE,2026-08-19,2026-09-06,0.65,4,quantile,32.0479348401948
ILI incidence,BE,2026-08-19,2026-09-06,0.7,4,quantile,36.4518542834477
ILI incidence,BE,2026-08-19,2026-09-06,0.75,4,quantile,42.6450447978643
ILI incidence,BE,2026-08-19,2026-09-06,0.8,4,quantile,49.5569065579549
ILI incidence,BE,2026-08-19,2026-09-06,0.85,4,quantile,60.0051441223814
ILI incidence,BE,2026-08-19,2026-09-06,0.9,4,quantile,75.4795531096083
ILI incidence,BE,2026-08-19,2026-09-06,0.95,4,quantile,104.107169940848
ILI incidence,BE,2026-08-19,2026-09-06,0.975,4,quantile,136.623172697516
ILI incidence,BE,2026-08-19,2026-09-06,0.99,4,quantile,226.552864867177
ILI incidence,BE,2026-08-19,2026-08-16,,1,median,17.5232577209021
ILI incidence,BE,2026-08-19,2026-08-23,,2,median,18.9284760408754
ILI incidence,BE,2026-08-19,2026-08-30,,3,median,20.7586586187184
ILI incidence,BE,2026-08-19,2026-09-06,,4,median,23.0016550260775
ILI incidence,CH,2026-08-19,2026-08-16,0.01,1,quantile,0.839073866424072
ILI incidence,CH,2026-08-19,2026-08-16,0.025,1,quantile,0.963958858964475
ILI incidence,CH,2026-08-19,2026-08-16,0.05,1,quantile,1.11698735575947
ILI incidence,CH,2026-08-19,2026-08-16,0.1,1,quantile,1.46037643941941
ILI incidence,CH,2026-08-19,2026-08-16,0.15,1,quantile,1.97688008218001
ILI incidence,CH,2026-08-19,2026-08-16,0.2,1,quantile,2.72851535306952
ILI incidence,CH,2026-08-19,2026-08-16,0.25,1,quantile,3.70836684501898
ILI incidence,CH,2026-08-19,2026-08-16,0.3,1,quantile,5.14478324851737
ILI incidence,CH,2026-08-19,2026-08-16,0.35,1,quantile,6.42913911653951
ILI incidence,CH,2026-08-19,2026-08-16,0.4,1,quantile,8.0181485517274
ILI incidence,CH,2026-08-19,2026-08-16,0.45,1,quantile,9.53269289264943
ILI incidence,CH,2026-08-19,2026-08-16,0.5,1,quantile,10.8191972642997
ILI incidence,CH,2026-08-19,2026-08-16,0.55,1,quantile,12.1750176079288
ILI incidence,CH,2026-08-19,2026-08-16,0.6,1,quantile,13.7955697039027
ILI incidence,CH,2026-08-19,2026-08-16,0.65,1,quantile,15.1807063113097
ILI incidence,CH,2026-08-19,2026-08-16,0.7,1,quantile,16.9785480965858
ILI incidence,CH,2026-08-19,2026-08-16,0.75,1,quantile,19.0060138028221
ILI incidence,CH,2026-08-19,2026-08-16,0.8,1,quantile,21.7794852094362
ILI incidence,CH,2026-08-19,2026-08-16,0.85,1,quantile,24.8845094162067
ILI incidence,CH,2026-08-19,2026-08-16,0.9,1,quantile,29.591327031398
ILI incidence,CH,2026-08-19,2026-08-16,0.95,1,quantile,36.3882113891361
ILI incidence,CH,2026-08-19,2026-08-16,0.975,1,quantile,43.3324628592401
ILI incidence,CH,2026-08-19,2026-08-16,0.99,1,quantile,51.9036106151213
ILI incidence,CH,2026-08-19,2026-08-23,0.01,2,quantile,1.85984659120247
ILI incidence,CH,2026-08-19,2026-08-23,0.025,2,quantile,2.03589599554068
ILI incidence,CH,2026-08-19,2026-08-23,0.05,2,quantile,2.29916951051553
ILI incidence,CH,2026-08-19,2026-08-23,0.1,2,quantile,2.81610254935395
ILI incidence,CH,2026-08-19,2026-08-23,0.15,2,quantile,3.38584778733811
ILI incidence,CH,2026-08-19,2026-08-23,0.2,2,quantile,4.26177219110642
ILI incidence,CH,2026-08-19,2026-08-23,0.25,2,quantile,5.1784319604126
ILI incidence,CH,2026-08-19,2026-08-23,0.3,2,quantile,6.1965391120063
ILI incidence,CH,2026-08-19,2026-08-23,0.35,2,quantile,7.40651799309856
ILI incidence,CH,2026-08-19,2026-08-23,0.4,2,quantile,8.72403931486592
ILI incidence,CH,2026-08-19,2026-08-23,0.45,2,quantile,10.2881701311637
ILI incidence,CH,2026-08-19,2026-08-23,0.5,2,quantile,11.6824879901652
ILI incidence,CH,2026-08-19,2026-08-23,0.55,2,quantile,13.5753124928104
ILI incidence,CH,2026-08-19,2026-08-23,0.6,2,quantile,15.3554497328226
ILI incidence,CH,2026-08-19,2026-08-23,0.65,2,quantile,17.78814449929
ILI incidence,CH,2026-08-19,2026-08-23,0.7,2,quantile,20.2972502093534
ILI incidence,CH,2026-08-19,2026-08-23,0.75,2,quantile,22.6840594193214
ILI incidence,CH,2026-08-19,2026-08-23,0.8,2,quantile,25.9248874367497
ILI incidence,CH,2026-08-19,2026-08-23,0.85,2,quantile,30.0262791567752
ILI incidence,CH,2026-08-19,2026-08-23,0.9,2,quantile,36.6052318414852
ILI incidence,CH,2026-08-19,2026-08-23,0.95,2,quantile,44.9537618486007
ILI incidence,CH,2026-08-19,2026-08-23,0.975,2,quantile,54.5391653451467
ILI incidence,CH,2026-08-19,2026-08-23,0.99,2,quantile,67.5078895808861
ILI incidence,CH,2026-08-19,2026-08-30,0.01,3,quantile,1.77680675862657
ILI incidence,CH,2026-08-19,2026-08-30,0.025,3,quantile,1.93281004621837
ILI incidence,CH,2026-08-19,2026-08-30,0.05,3,quantile,2.36838327378183
ILI incidence,CH,2026-08-19,2026-08-30,0.1,3,quantile,3.15651626347737
ILI incidence,CH,2026-08-19,2026-08-30,0.15,3,quantile,3.73107178357764
ILI incidence,CH,2026-08-19,2026-08-30,0.2,3,quantile,4.38589364825901
ILI incidence,CH,2026-08-19,2026-08-30,0.25,3,quantile,5.48205957805137
ILI incidence,CH,2026-08-19,2026-08-30,0.3,3,quantile,6.63818338281421
ILI incidence,CH,2026-08-19,2026-08-30,0.35,3,quantile,7.54194663521848
ILI incidence,CH,2026-08-19,2026-08-30,0.4,3,quantile,9.09924188060258
ILI incidence,CH,2026-08-19,2026-08-30,0.45,3,quantile,10.5741778974654
ILI incidence,CH,2026-08-19,2026-08-30,0.5,3,quantile,12.7107348761325
ILI incidence,CH,2026-08-19,2026-08-30,0.55,3,quantile,14.8155823377353
ILI incidence,CH,2026-08-19,2026-08-30,0.6,3,quantile,16.4733489214439
ILI incidence,CH,2026-08-19,2026-08-30,0.65,3,quantile,18.5488974960553
ILI incidence,CH,2026-08-19,2026-08-30,0.7,3,quantile,21.4378846455255
ILI incidence,CH,2026-08-19,2026-08-30,0.75,3,quantile,25.2503696573216
ILI incidence,CH,2026-08-19,2026-08-30,0.8,3,quantile,28.796465930134
ILI incidence,CH,2026-08-19,2026-08-30,0.85,3,quantile,35.0152521051394
ILI incidence,CH,2026-08-19,2026-08-30,0.9,3,quantile,42.5928248924648
ILI incidence,CH,2026-08-19,2026-08-30,0.95,3,quantile,56.3717841535631
ILI incidence,CH,2026-08-19,2026-08-30,0.975,3,quantile,69.6855055649166
ILI incidence,CH,2026-08-19,2026-08-30,0.99,3,quantile,81.8734725071164
ILI incidence,CH,2026-08-19,2026-09-06,0.01,4,quantile,2.53020029560075
ILI incidence,CH,2026-08-19,2026-09-06,0.025,4,quantile,2.83327137176613
ILI incidence,CH,2026-08-19,2026-09-06,0.05,4,quantile,3.13963990997763
ILI incidence,CH,2026-08-19,2026-09-06,0.1,4,quantile,3.8855457471536
ILI incidence,CH,2026-08-19,2026-09-06,0.15,4,quantile,4.61999742992481
ILI incidence,CH,2026-08-19,2026-09-06,0.2,4,quantile,5.58090214529364
ILI incidence,CH,2026-08-19,2026-09-06,0.25,4,quantile,6.74785375600275
ILI incidence,CH,2026-08-19,2026-09-06,0.3,4,quantile,8.04295817041388
ILI incidence,CH,2026-08-19,2026-09-06,0.35,4,quantile,8.98363623019496
ILI incidence,CH,2026-08-19,2026-09-06,0.4,4,quantile,10.3083662249308
ILI incidence,CH,2026-08-19,2026-09-06,0.45,4,quantile,11.8212267047858
ILI incidence,CH,2026-08-19,2026-09-06,0.5,4,quantile,13.9129433997966
ILI incidence,CH,2026-08-19,2026-09-06,0.55,4,quantile,16.1691105170659
ILI incidence,CH,2026-08-19,2026-09-06,0.6,4,quantile,18.8696904140373
ILI incidence,CH,2026-08-19,2026-09-06,0.65,4,quantile,21.9527437905958
ILI incidence,CH,2026-08-19,2026-09-06,0.7,4,quantile,25.5538934403273
ILI incidence,CH,2026-08-19,2026-09-06,0.75,4,quantile,29.3701272978757
ILI incidence,CH,2026-08-19,2026-09-06,0.8,4,quantile,34.5892297247416
ILI incidence,CH,2026-08-19,2026-09-06,0.85,4,quantile,42.4910255200252
ILI incidence,CH,2026-08-19,2026-09-06,0.9,4,quantile,51.0672873783877
ILI incidence,CH,2026-08-19,2026-09-06,0.95,4,quantile,68.1001093030132
ILI incidence,CH,2026-08-19,2026-09-06,0.975,4,quantile,81.9016862465243
ILI incidence,CH,2026-08-19,2026-09-06,0.99,4,quantile,106.243396140264
ILI incidence,CH,2026-08-19,2026-08-16,,1,median,10.8191972642997
ILI incidence,CH,2026-08-19,2026-08-23,,2,median,11.6824879901652
ILI incidence,CH,2026-08-19,2026-08-30,,3,median,12.7107348761325
ILI incidence,CH,2026-08-19,2026-09-06,,4,median,13.9129433997966
ILI incidence,DK,2026-08-19,2026-08-16,0.01,1,quantile,27.6023297633695
ILI incidence,DK,2026-08-19,2026-08-16,0.025,1,quantile,32.8954411856656
ILI incidence,DK,2026-08-19,2026-08-16,0.05,1,quantile,35.4280856028084
ILI incidence,DK,2026-08-19,2026-08-16,0.1,1,quantile,39.4547333688214
ILI incidence,DK,2026-08-19,2026-08-16,0.15,1,quantile,42.7422046429275
ILI incidence,DK,2026-08-19,2026-08-16,0.2,1,quantile,45.6012302971324
ILI incidence,DK,2026-08-19,2026-08-16,0.25,1,quantile,47.6036533379788
ILI incidence,DK,2026-08-19,2026-08-16,0.3,1,quantile,49.6093496814317
ILI incidence,DK,2026-08-19,2026-08-16,0.35,1,quantile,51.3529469615509
ILI incidence,DK,2026-08-19,2026-08-16,0.4,1,quantile,53.4315872675222
ILI incidence,DK,2026-08-19,2026-08-16,0.45,1,quantile,55.560576665838
ILI incidence,DK,2026-08-19,2026-08-16,0.5,1,quantile,57.005101390057
ILI incidence,DK,2026-08-19,2026-08-16,0.55,1,quantile,59.0542057956153
ILI incidence,DK,2026-08-19,2026-08-16,0.6,1,quantile,61.5399240987707
ILI incidence,DK,2026-08-19,2026-08-16,0.65,1,quantile,64.1961199709099
ILI incidence,DK,2026-08-19,2026-08-16,0.7,1,quantile,67.4266566615468
ILI incidence,DK,2026-08-19,2026-08-16,0.75,1,quantile,70.6014205300937
ILI incidence,DK,2026-08-19,2026-08-16,0.8,1,quantile,73.6663222159816
ILI incidence,DK,2026-08-19,2026-08-16,0.85,1,quantile,77.882307871718
ILI incidence,DK,2026-08-19,2026-08-16,0.9,1,quantile,83.8283643879119
ILI incidence,DK,2026-08-19,2026-08-16,0.95,1,quantile,91.1931312329993
ILI incidence,DK,2026-08-19,2026-08-16,0.975,1,quantile,100.165218077652
ILI incidence,DK,2026-08-19,2026-08-16,0.99,1,quantile,115.27123319596
ILI incidence,DK,2026-08-19,2026-08-23,0.01,2,quantile,17.1597933220655
ILI incidence,DK,2026-08-19,2026-08-23,0.025,2,quantile,21.2227531606131
ILI incidence,DK,2026-08-19,2026-08-23,0.05,2,quantile,24.4717298584187
ILI incidence,DK,2026-08-19,2026-08-23,0.1,2,quantile,30.1426011292351
ILI incidence,DK,2026-08-19,2026-08-23,0.15,2,quantile,35.3179489706961
ILI incidence,DK,2026-08-19,2026-08-23,0.2,2,quantile,37.8514907524887
ILI incidence,DK,2026-08-19,2026-08-23,0.25,2,quantile,41.0361070070922
ILI incidence,DK,2026-08-19,2026-08-23,0.3,2,quantile,44.0136887855162
ILI incidence,DK,2026-08-19,2026-08-23,0.35,2,quantile,46.4141545431469
ILI incidence,DK,2026-08-19,2026-08-23,0.4,2,quantile,48.8440403312427
ILI incidence,DK,2026-08-19,2026-08-23,0.45,2,quantile,51.9824734204256
ILI incidence,DK,2026-08-19,2026-08-23,0.5,2,quantile,54.4064133263902
ILI incidence,DK,2026-08-19,2026-08-23,0.55,2,quantile,57.1078835833074
ILI incidence,DK,2026-08-19,2026-08-23,0.6,2,quantile,60.7184094436578
ILI incidence,DK,2026-08-19,2026-08-23,0.65,2,quantile,63.9347068028636
ILI incidence,DK,2026-08-19,2026-08-23,0.7,2,quantile,68.2383334563817
ILI incidence,DK,2026-08-19,2026-08-23,0.75,2,quantile,72.8247575816417
ILI incidence,DK,2026-08-19,2026-08-23,0.8,2,quantile,77.7670083639941
ILI incidence,DK,2026-08-19,2026-08-23,0.85,2,quantile,83.2586861950527
ILI incidence,DK,2026-08-19,2026-08-23,0.9,2,quantile,94.7022273561658
ILI incidence,DK,2026-08-19,2026-08-23,0.95,2,quantile,108.824536829172
ILI incidence,DK,2026-08-19,2026-08-23,0.975,2,quantile,125.011627688488
ILI incidence,DK,2026-08-19,2026-08-23,0.99,2,quantile,151.276717417475
ILI incidence,DK,2026-08-19,2026-08-30,0.01,3,quantile,12.0004394930731
ILI incidence,DK,2026-08-19,2026-08-30,0.025,3,quantile,15.0545803441767
ILI incidence,DK,2026-08-19,2026-08-30,0.05,3,quantile,18.2678868525028
ILI incidence,DK,2026-08-19,2026-08-30,0.1,3,quantile,24.1954390059738
ILI incidence,DK,2026-08-19,2026-08-30,0.15,3,quantile,28.9857813256482
ILI incidence,DK,2026-08-19,2026-08-30,0.2,3,quantile,32.0595570398672
ILI incidence,DK,2026-08-19,2026-08-30,0.25,3,quantile,36.3856105031067
ILI incidence,DK,2026-08-19,2026-08-30,0.3,3,quantile,39.4639145389756
ILI incidence,DK,2026-08-19,2026-08-30,0.35,3,quantile,42.8932874742951
ILI incidence,DK,2026-08-19,2026-08-30,0.4,3,quantile,45.4644092969376
ILI incidence,DK,2026-08-19,2026-08-30,0.45,3,quantile,48.6297124684033
ILI incidence,DK,2026-08-19,2026-08-30,0.5,3,quantile,52.5468554341577
ILI incidence,DK,2026-08-19,2026-08-30,0.55,3,quantile,55.8295020596215
ILI incidence,DK,2026-08-19,2026-08-30,0.6,3,quantile,59.8772252324994
ILI incidence,DK,2026-08-19,2026-08-30,0.65,3,quantile,64.273579435187
ILI incidence,DK,2026-08-19,2026-08-30,0.7,3,quantile,68.5450856934177
ILI incidence,DK,2026-08-19,2026-08-30,0.75,3,quantile,73.4189400777161
ILI incidence,DK,2026-08-19,2026-08-30,0.8,3,quantile,79.2856305465418
ILI incidence,DK,2026-08-19,2026-08-30,0.85,3,quantile,91.3659689006808
ILI incidence,DK,2026-08-19,2026-08-30,0.9,3,quantile,103.387315339007
ILI incidence,DK,2026-08-19,2026-08-30,0.95,3,quantile,121.747848481531
ILI incidence,DK,2026-08-19,2026-08-30,0.975,3,quantile,138.537746502047
ILI incidence,DK,2026-08-19,2026-08-30,0.99,3,quantile,166.944961222009
ILI incidence,DK,2026-08-19,2026-09-06,0.01,4,quantile,8.64740813691099
ILI incidence,DK,2026-08-19,2026-09-06,0.025,4,quantile,12.5323383656614
ILI incidence,DK,2026-08-19,2026-09-06,0.05,4,quantile,16.0670993657632
ILI incidence,DK,2026-08-19,2026-09-06,0.1,4,quantile,20.4595513116927
ILI incidence,DK,2026-08-19,2026-09-06,0.15,4,quantile,24.4773528903208
ILI incidence,DK,2026-08-19,2026-09-06,0.2,4,quantile,29.1896003889424
ILI incidence,DK,2026-08-19,2026-09-06,0.25,4,quantile,32.4948470007947
ILI incidence,DK,2026-08-19,2026-09-06,0.3,4,quantile,36.6893383959191
ILI incidence,DK,2026-08-19,2026-09-06,0.35,4,quantile,39.7271609099684
ILI incidence,DK,2026-08-19,2026-09-06,0.4,4,quantile,43.4256071340755
ILI incidence,DK,2026-08-19,2026-09-06,0.45,4,quantile,48.5626634193943
ILI incidence,DK,2026-08-19,2026-09-06,0.5,4,quantile,51.2378480941522
ILI incidence,DK,2026-08-19,2026-09-06,0.55,4,quantile,55.0050210653484
ILI incidence,DK,2026-08-19,2026-09-06,0.6,4,quantile,58.8307513639294
ILI incidence,DK,2026-08-19,2026-09-06,0.65,4,quantile,64.0377081625242
ILI incidence,DK,2026-08-19,2026-09-06,0.7,4,quantile,68.1206658907922
ILI incidence,DK,2026-08-19,2026-09-06,0.75,4,quantile,75.2103529133507
ILI incidence,DK,2026-08-19,2026-09-06,0.8,4,quantile,83.978801876671
ILI incidence,DK,2026-08-19,2026-09-06,0.85,4,quantile,94.2455463088688
ILI incidence,DK,2026-08-19,2026-09-06,0.9,4,quantile,109.910828672583
ILI incidence,DK,2026-08-19,2026-09-06,0.95,4,quantile,133.641524941427
ILI incidence,DK,2026-08-19,2026-09-06,0.975,4,quantile,157.968073946031
ILI incidence,DK,2026-08-19,2026-09-06,0.99,4,quantile,186.870942953559
ILI incidence,DK,2026-08-19,2026-08-16,,1,median,57.005101390057
ILI incidence,DK,2026-08-19,2026-08-23,,2,median,54.4064133263902
ILI incidence,DK,2026-08-19,2026-08-30,,3,median,52.5468554341577
ILI incidence,DK,2026-08-19,2026-09-06,,4,median,51.2378480941522
ILI incidence,EE,2026-08-19,2026-08-16,0.01,1,quantile,5.15472953296358
ILI incidence,EE,2026-08-19,2026-08-16,0.025,1,quantile,5.15472953296358
ILI incidence,EE,2026-08-19,2026-08-16,0.05,1,quantile,6.40964098723046
ILI incidence,EE,2026-08-19,2026-08-16,0.1,1,quantile,10.9643362737385
ILI incidence,EE,2026-08-19,2026-08-16,0.15,1,quantile,15.2056777747507
ILI incidence,EE,2026-08-19,2026-08-16,0.2,1,quantile,18.8939526424436
ILI incidence,EE,2026-08-19,2026-08-16,0.25,1,quantile,23.1880568127784
ILI incidence,EE,2026-08-19,2026-08-16,0.3,1,quantile,28.6679178343971
ILI incidence,EE,2026-08-19,2026-08-16,0.35,1,quantile,33.0955394024726
ILI incidence,EE,2026-08-19,2026-08-16,0.4,1,quantile,36.3025616239528
ILI incidence,EE,2026-08-19,2026-08-16,0.45,1,quantile,41.4004310987487
ILI incidence,EE,2026-08-19,2026-08-16,0.5,1,quantile,44.8582396321554
ILI incidence,EE,2026-08-19,2026-08-16,0.55,1,quantile,48.9132172273279
ILI incidence,EE,2026-08-19,2026-08-16,0.6,1,quantile,54.2795554564569
ILI incidence,EE,2026-08-19,2026-08-16,0.65,1,quantile,59.6622844186224
ILI incidence,EE,2026-08-19,2026-08-16,0.7,1,quantile,65.2512252296618
ILI incidence,EE,2026-08-19,2026-08-16,0.75,1,quantile,71.4077636985767
ILI incidence,EE,2026-08-19,2026-08-16,0.8,1,quantile,79.0764747752502
ILI incidence,EE,2026-08-19,2026-08-16,0.85,1,quantile,89.452389737737
ILI incidence,EE,2026-08-19,2026-08-16,0.9,1,quantile,100.019938447141
ILI incidence,EE,2026-08-19,2026-08-16,0.95,1,quantile,126.397069598801
ILI incidence,EE,2026-08-19,2026-08-16,0.975,1,quantile,139.45900762785
ILI incidence,EE,2026-08-19,2026-08-16,0.99,1,quantile,172.473677869402
ILI incidence,EE,2026-08-19,2026-08-23,0.01,2,quantile,15.6049357965442
ILI incidence,EE,2026-08-19,2026-08-23,0.025,2,quantile,15.6049357965442
ILI incidence,EE,2026-08-19,2026-08-23,0.05,2,quantile,15.6049357965442
ILI incidence,EE,2026-08-19,2026-08-23,0.1,2,quantile,16.2102022534392
ILI incidence,EE,2026-08-19,2026-08-23,0.15,2,quantile,17.6231154676626
ILI incidence,EE,2026-08-19,2026-08-23,0.2,2,quantile,20.1325994535648
ILI incidence,EE,2026-08-19,2026-08-23,0.25,2,quantile,23.607716175306
ILI incidence,EE,2026-08-19,2026-08-23,0.3,2,quantile,27.2778994590529
ILI incidence,EE,2026-08-19,2026-08-23,0.35,2,quantile,30.588233026978
ILI incidence,EE,2026-08-19,2026-08-23,0.4,2,quantile,35.3663167470431
ILI incidence,EE,2026-08-19,2026-08-23,0.45,2,quantile,39.0647446313733
ILI incidence,EE,2026-08-19,2026-08-23,0.5,2,quantile,45.3587671938385
ILI incidence,EE,2026-08-19,2026-08-23,0.55,2,quantile,51.8695355830949
ILI incidence,EE,2026-08-19,2026-08-23,0.6,2,quantile,59.0389597378097
ILI incidence,EE,2026-08-19,2026-08-23,0.65,2,quantile,67.0398484387087
ILI incidence,EE,2026-08-19,2026-08-23,0.7,2,quantile,75.857627931997
ILI incidence,EE,2026-08-19,2026-08-23,0.75,2,quantile,88.9530679601737
ILI incidence,EE,2026-08-19,2026-08-23,0.8,2,quantile,101.317216102427
ILI incidence,EE,2026-08-19,2026-08-23,0.85,2,quantile,117.47805831918
ILI incidence,EE,2026-08-19,2026-08-23,0.9,2,quantile,140.646370219112
ILI incidence,EE,2026-08-19,2026-08-23,0.95,2,quantile,186.880168972902
ILI incidence,EE,2026-08-19,2026-08-23,0.975,2,quantile,226.084576574416
ILI incidence,EE,2026-08-19,2026-08-23,0.99,2,quantile,274.743774599597
ILI incidence,EE,2026-08-19,2026-08-30,0.01,3,quantile,19.8070958478105
ILI incidence,EE,2026-08-19,2026-08-30,0.025,3,quantile,19.8070958478105
ILI incidence,EE,2026-08-19,2026-08-30,0.05,3,quantile,19.8070958478105
ILI incidence,EE,2026-08-19,2026-08-30,0.1,3,quantile,19.8905618092174
ILI incidence,EE,2026-08-19,2026-08-30,0.15,3,quantile,20.698325579981
ILI incidence,EE,2026-08-19,2026-08-30,0.2,3,quantile,21.5355238588693
ILI incidence,EE,2026-08-19,2026-08-30,0.25,3,quantile,22.9361007510549
ILI incidence,EE,2026-08-19,2026-08-30,0.3,3,quantile,25.2308044408211
ILI incidence,EE,2026-08-19,2026-08-30,0.35,3,quantile,28.6563954289871
ILI incidence,EE,2026-08-19,2026-08-30,0.4,3,quantile,33.2014830553765
ILI incidence,EE,2026-08-19,2026-08-30,0.45,3,quantile,39.323316673667
ILI incidence,EE,2026-08-19,2026-08-30,0.5,3,quantile,46.2729158335486
ILI incidence,EE,2026-08-19,2026-08-30,0.55,3,quantile,52.6624727315734
ILI incidence,EE,2026-08-19,2026-08-30,0.6,3,quantile,61.4918729127542
ILI incidence,EE,2026-08-19,2026-08-30,0.65,3,quantile,73.5853441199599
ILI incidence,EE,2026-08-19,2026-08-30,0.7,3,quantile,82.3362950045421
ILI incidence,EE,2026-08-19,2026-08-30,0.75,3,quantile,95.8241577054581
ILI incidence,EE,2026-08-19,2026-08-30,0.8,3,quantile,111.816740057411
ILI incidence,EE,2026-08-19,2026-08-30,0.85,3,quantile,129.743399217946
ILI incidence,EE,2026-08-19,2026-08-30,0.9,3,quantile,165.356275154743
ILI incidence,EE,2026-08-19,2026-08-30,0.95,3,quantile,227.275566633349
ILI incidence,EE,2026-08-19,2026-08-30,0.975,3,quantile,310.86059497164
ILI incidence,EE,2026-08-19,2026-08-30,0.99,3,quantile,409.360711242036
ILI incidence,EE,2026-08-19,2026-09-06,0.01,4,quantile,26.6627514721679
ILI incidence,EE,2026-08-19,2026-09-06,0.025,4,quantile,26.6627514721679
ILI incidence,EE,2026-08-19,2026-09-06,0.05,4,quantile,26.6627514721679
ILI incidence,EE,2026-08-19,2026-09-06,0.1,4,quantile,26.6627514721679
ILI incidence,EE,2026-08-19,2026-09-06,0.15,4,quantile,27.5426725238381
ILI incidence,EE,2026-08-19,2026-09-06,0.2,4,quantile,28.5579165410934
ILI incidence,EE,2026-08-19,2026-09-06,0.25,4,quantile,29.7340508446986
ILI incidence,EE,2026-08-19,2026-09-06,0.3,4,quantile,31.7034533618962
ILI incidence,EE,2026-08-19,2026-09-06,0.35,4,quantile,34.9480610678424
ILI incidence,EE,2026-08-19,2026-09-06,0.4,4,quantile,38.5002008495331
ILI incidence,EE,2026-08-19,2026-09-06,0.45,4,quantile,42.8951868757759
ILI incidence,EE,2026-08-19,2026-09-06,0.5,4,quantile,47.5996401175629
ILI incidence,EE,2026-08-19,2026-09-06,0.55,4,quantile,54.232223562292
ILI incidence,EE,2026-08-19,2026-09-06,0.6,4,quantile,62.4934238083913
ILI incidence,EE,2026-08-19,2026-09-06,0.65,4,quantile,72.2195747298362
ILI incidence,EE,2026-08-19,2026-09-06,0.7,4,quantile,87.9912247847832
ILI incidence,EE,2026-08-19,2026-09-06,0.75,4,quantile,102.21215014928
ILI incidence,EE,2026-08-19,2026-09-06,0.8,4,quantile,122.385341788869
ILI incidence,EE,2026-08-19,2026-09-06,0.85,4,quantile,153.222114121427
ILI incidence,EE,2026-08-19,2026-09-06,0.9,4,quantile,198.264004162771
ILI incidence,EE,2026-08-19,2026-09-06,0.95,4,quantile,277.282911390525
ILI incidence,EE,2026-08-19,2026-09-06,0.975,4,quantile,391.932303494582
ILI incidence,EE,2026-08-19,2026-09-06,0.99,4,quantile,529.366483847764
ILI incidence,EE,2026-08-19,2026-08-16,,1,median,44.8582396321554
ILI incidence,EE,2026-08-19,2026-08-23,,2,median,45.3587671938385
ILI incidence,EE,2026-08-19,2026-08-30,,3,median,46.2729158335486
ILI incidence,EE,2026-08-19,2026-09-06,,4,median,47.5996401175629
ILI incidence,ES,2026-08-19,2026-08-16,0.01,1,quantile,1.61110961458187
ILI incidence,ES,2026-08-19,2026-08-16,0.025,1,quantile,2.15141833882901
ILI incidence,ES,2026-08-19,2026-08-16,0.05,1,quantile,2.52840225115035
ILI incidence,ES,2026-08-19,2026-08-16,0.1,1,quantile,3.1102346806828
ILI incidence,ES,2026-08-19,2026-08-16,0.15,1,quantile,3.54632997736891
ILI incidence,ES,2026-08-19,2026-08-16,0.2,1,quantile,3.9132364634174
ILI incidence,ES,2026-08-19,2026-08-16,0.25,1,quantile,4.22677530568333
ILI incidence,ES,2026-08-19,2026-08-16,0.3,1,quantile,4.47604459189169
ILI incidence,ES,2026-08-19,2026-08-16,0.35,1,quantile,4.73540109006706
ILI incidence,ES,2026-08-19,2026-08-16,0.4,1,quantile,4.96928306562536
ILI incidence,ES,2026-08-19,2026-08-16,0.45,1,quantile,5.24486704178386
ILI incidence,ES,2026-08-19,2026-08-16,0.5,1,quantile,5.55408568682019
ILI incidence,ES,2026-08-19,2026-08-16,0.55,1,quantile,5.87253877369209
ILI incidence,ES,2026-08-19,2026-08-16,0.6,1,quantile,6.21206641533517
ILI incidence,ES,2026-08-19,2026-08-16,0.65,1,quantile,6.53292214868527
ILI incidence,ES,2026-08-19,2026-08-16,0.7,1,quantile,6.82875428588588
ILI incidence,ES,2026-08-19,2026-08-16,0.75,1,quantile,7.27338402061583
ILI incidence,ES,2026-08-19,2026-08-16,0.8,1,quantile,7.69682393230763
ILI incidence,ES,2026-08-19,2026-08-16,0.85,1,quantile,8.38359649624168
ILI incidence,ES,2026-08-19,2026-08-16,0.9,1,quantile,9.17535084044934
ILI incidence,ES,2026-08-19,2026-08-16,0.95,1,quantile,10.4526540164241
ILI incidence,ES,2026-08-19,2026-08-16,0.975,1,quantile,11.6421285557135
ILI incidence,ES,2026-08-19,2026-08-16,0.99,1,quantile,12.9868743418621
ILI incidence,ES,2026-08-19,2026-08-23,0.01,2,quantile,1.56970667681946
ILI incidence,ES,2026-08-19,2026-08-23,0.025,2,quantile,1.89196254613441
ILI incidence,ES,2026-08-19,2026-08-23,0.05,2,quantile,2.30146116071156
ILI incidence,ES,2026-08-19,2026-08-23,0.1,2,quantile,2.86702980443257
ILI incidence,ES,2026-08-19,2026-08-23,0.15,2,quantile,3.32477448702741
ILI incidence,ES,2026-08-19,2026-08-23,0.2,2,quantile,3.67198234856772
ILI incidence,ES,2026-08-19,2026-08-23,0.25,2,quantile,4.05532313926375
ILI incidence,ES,2026-08-19,2026-08-23,0.3,2,quantile,4.35652393379837
ILI incidence,ES,2026-08-19,2026-08-23,0.35,2,quantile,4.76446131181135
ILI incidence,ES,2026-08-19,2026-08-23,0.4,2,quantile,5.14159515879314
ILI incidence,ES,2026-08-19,2026-08-23,0.45,2,quantile,5.55454096647588
ILI incidence,ES,2026-08-19,2026-08-23,0.5,2,quantile,5.89190655978259
ILI incidence,ES,2026-08-19,2026-08-23,0.55,2,quantile,6.28107899517157
ILI incidence,ES,2026-08-19,2026-08-23,0.6,2,quantile,6.89046233281713
ILI incidence,ES,2026-08-19,2026-08-23,0.65,2,quantile,7.34068783150204
ILI incidence,ES,2026-08-19,2026-08-23,0.7,2,quantile,7.83091926780472
ILI incidence,ES,2026-08-19,2026-08-23,0.75,2,quantile,8.41361325007871
ILI incidence,ES,2026-08-19,2026-08-23,0.8,2,quantile,9.26380179265168
ILI incidence,ES,2026-08-19,2026-08-23,0.85,2,quantile,10.3857550844313
ILI incidence,ES,2026-08-19,2026-08-23,0.9,2,quantile,12.0910041864737
ILI incidence,ES,2026-08-19,2026-08-23,0.95,2,quantile,14.7602679415767
ILI incidence,ES,2026-08-19,2026-08-23,0.975,2,quantile,17.3527990008947
ILI incidence,ES,2026-08-19,2026-08-23,0.99,2,quantile,20.749312156225
ILI incidence,ES,2026-08-19,2026-08-30,0.01,3,quantile,1.13343537002303
ILI incidence,ES,2026-08-19,2026-08-30,0.025,3,quantile,1.47283551604114
ILI incidence,ES,2026-08-19,2026-08-30,0.05,3,quantile,1.98437920196222
ILI incidence,ES,2026-08-19,2026-08-30,0.1,3,quantile,2.63891909118399
ILI incidence,ES,2026-08-19,2026-08-30,0.15,3,quantile,3.13340956156676
ILI incidence,ES,2026-08-19,2026-08-30,0.2,3,quantile,3.54754258685856
ILI incidence,ES,2026-08-19,2026-08-30,0.25,3,quantile,3.98397488508587
ILI incidence,ES,2026-08-19,2026-08-30,0.3,3,quantile,4.4283434177979
ILI incidence,ES,2026-08-19,2026-08-30,0.35,3,quantile,4.84602905208982
ILI incidence,ES,2026-08-19,2026-08-30,0.4,3,quantile,5.27791691575078
ILI incidence,ES,2026-08-19,2026-08-30,0.45,3,quantile,5.80632491919403
ILI incidence,ES,2026-08-19,2026-08-30,0.5,3,quantile,6.28642522748555
ILI incidence,ES,2026-08-19,2026-08-30,0.55,3,quantile,6.72244149765152
ILI incidence,ES,2026-08-19,2026-08-30,0.6,3,quantile,7.39272819476793
ILI incidence,ES,2026-08-19,2026-08-30,0.65,3,quantile,8.03642555973038
ILI incidence,ES,2026-08-19,2026-08-30,0.7,3,quantile,8.97697754434493
ILI incidence,ES,2026-08-19,2026-08-30,0.75,3,quantile,9.96827329566865
ILI incidence,ES,2026-08-19,2026-08-30,0.8,3,quantile,11.0347226269114
ILI incidence,ES,2026-08-19,2026-08-30,0.85,3,quantile,12.7943815533811
ILI incidence,ES,2026-08-19,2026-08-30,0.9,3,quantile,15.2709675427006
ILI incidence,ES,2026-08-19,2026-08-30,0.95,3,quantile,20.1555498819164
ILI incidence,ES,2026-08-19,2026-08-30,0.975,3,quantile,23.9511783309122
ILI incidence,ES,2026-08-19,2026-08-30,0.99,3,quantile,28.9927647616816
ILI incidence,ES,2026-08-19,2026-09-06,0.01,4,quantile,0.87269756411119
ILI incidence,ES,2026-08-19,2026-09-06,0.025,4,quantile,1.25310554321927
ILI incidence,ES,2026-08-19,2026-09-06,0.05,4,quantile,1.70775409425551
ILI incidence,ES,2026-08-19,2026-09-06,0.1,4,quantile,2.36715701450026
ILI incidence,ES,2026-08-19,2026-09-06,0.15,4,quantile,2.90193523433299
ILI incidence,ES,2026-08-19,2026-09-06,0.2,4,quantile,3.39217104781615
ILI incidence,ES,2026-08-19,2026-09-06,0.25,4,quantile,3.77037319051542
ILI incidence,ES,2026-08-19,2026-09-06,0.3,4,quantile,4.38199606116384
ILI incidence,ES,2026-08-19,2026-09-06,0.35,4,quantile,5.00936719595902
ILI incidence,ES,2026-08-19,2026-09-06,0.4,4,quantile,5.51159200341114
ILI incidence,ES,2026-08-19,2026-09-06,0.45,4,quantile,6.07371706646306
ILI incidence,ES,2026-08-19,2026-09-06,0.5,4,quantile,6.75177696382473
ILI incidence,ES,2026-08-19,2026-09-06,0.55,4,quantile,7.35765472183662
ILI incidence,ES,2026-08-19,2026-09-06,0.6,4,quantile,8.08335814811268
ILI incidence,ES,2026-08-19,2026-09-06,0.65,4,quantile,9.23661765274106
ILI incidence,ES,2026-08-19,2026-09-06,0.7,4,quantile,10.14526706972
ILI incidence,ES,2026-08-19,2026-09-06,0.75,4,quantile,11.3176894377428
ILI incidence,ES,2026-08-19,2026-09-06,0.8,4,quantile,12.8682994754847
ILI incidence,ES,2026-08-19,2026-09-06,0.85,4,quantile,16.1469948896559
ILI incidence,ES,2026-08-19,2026-09-06,0.9,4,quantile,19.3085169067821
ILI incidence,ES,2026-08-19,2026-09-06,0.95,4,quantile,24.6304239568081
ILI incidence,ES,2026-08-19,2026-09-06,0.975,4,quantile,31.4869619397339
ILI incidence,ES,2026-08-19,2026-09-06,0.99,4,quantile,38.7394621877397
ILI incidence,ES,2026-08-19,2026-08-16,,1,median,5.55408568682019
ILI incidence,ES,2026-08-19,2026-08-23,,2,median,5.89190655978259
ILI incidence,ES,2026-08-19,2026-08-30,,3,median,6.28642522748555
ILI incidence,ES,2026-08-19,2026-09-06,,4,median,6.75177696382473
ILI incidence,FI,2026-08-19,2026-08-16,0.01,1,quantile,1.29548877486286
ILI incidence,FI,2026-08-19,2026-08-16,0.025,1,quantile,1.29548877486286
ILI incidence,FI,2026-08-19,2026-08-16,0.05,1,quantile,1.56010322112889
ILI incidence,FI,2026-08-19,2026-08-16,0.1,1,quantile,2.886405265618
ILI incidence,FI,2026-08-19,2026-08-16,0.15,1,quantile,4.46566864030607
ILI incidence,FI,2026-08-19,2026-08-16,0.2,1,quantile,5.67541419026366
ILI incidence,FI,2026-08-19,2026-08-16,0.25,1,quantile,6.82144943699579
ILI incidence,FI,2026-08-19,2026-08-16,0.3,1,quantile,7.86732956842152
ILI incidence,FI,2026-08-19,2026-08-16,0.35,1,quantile,9.37536054214174
ILI incidence,FI,2026-08-19,2026-08-16,0.4,1,quantile,10.8367257948233
ILI incidence,FI,2026-08-19,2026-08-16,0.45,1,quantile,12.4293216472614
ILI incidence,FI,2026-08-19,2026-08-16,0.5,1,quantile,13.8279528229219
ILI incidence,FI,2026-08-19,2026-08-16,0.55,1,quantile,15.3393531203458
ILI incidence,FI,2026-08-19,2026-08-16,0.6,1,quantile,16.5835255047629
ILI incidence,FI,2026-08-19,2026-08-16,0.65,1,quantile,18.1694839228785
ILI incidence,FI,2026-08-19,2026-08-16,0.7,1,quantile,20.2120960770016
ILI incidence,FI,2026-08-19,2026-08-16,0.75,1,quantile,22.8905882913605
ILI incidence,FI,2026-08-19,2026-08-16,0.8,1,quantile,26.1514558241778
ILI incidence,FI,2026-08-19,2026-08-16,0.85,1,quantile,30.0910212138278
ILI incidence,FI,2026-08-19,2026-08-16,0.9,1,quantile,35.5922817649337
ILI incidence,FI,2026-08-19,2026-08-16,0.95,1,quantile,44.6165894717121
ILI incidence,FI,2026-08-19,2026-08-16,0.975,1,quantile,58.4324422255078
ILI incidence,FI,2026-08-19,2026-08-16,0.99,1,quantile,73.8745250156089
ILI incidence,FI,2026-08-19,2026-08-23,0.01,2,quantile,3.4678183073454
ILI incidence,FI,2026-08-19,2026-08-23,0.025,2,quantile,3.4678183073454
ILI incidence,FI,2026-08-19,2026-08-23,0.05,2,quantile,3.4678183073454
ILI incidence,FI,2026-08-19,2026-08-23,0.1,2,quantile,4.3615733119314
ILI incidence,FI,2026-08-19,2026-08-23,0.15,2,quantile,5.22893823382817
ILI incidence,FI,2026-08-19,2026-08-23,0.2,2,quantile,6.39318457460885
ILI incidence,FI,2026-08-19,2026-08-23,0.25,2,quantile,7.38433679982828
ILI incidence,FI,2026-08-19,2026-08-23,0.3,2,quantile,8.78211050152316
ILI incidence,FI,2026-08-19,2026-08-23,0.35,2,quantile,9.94268452617597
ILI incidence,FI,2026-08-19,2026-08-23,0.4,2,quantile,11.6167763694549
ILI incidence,FI,2026-08-19,2026-08-23,0.45,2,quantile,13.5754890067391
ILI incidence,FI,2026-08-19,2026-08-23,0.5,2,quantile,15.5581285896553
ILI incidence,FI,2026-08-19,2026-08-23,0.55,2,quantile,18.4992838967097
ILI incidence,FI,2026-08-19,2026-08-23,0.6,2,quantile,20.9921832677781
ILI incidence,FI,2026-08-19,2026-08-23,0.65,2,quantile,24.4607403660796
ILI incidence,FI,2026-08-19,2026-08-23,0.7,2,quantile,28.0881920670923
ILI incidence,FI,2026-08-19,2026-08-23,0.75,2,quantile,33.1198069397607
ILI incidence,FI,2026-08-19,2026-08-23,0.8,2,quantile,37.7519774117116
ILI incidence,FI,2026-08-19,2026-08-23,0.85,2,quantile,43.9443256463423
ILI incidence,FI,2026-08-19,2026-08-23,0.9,2,quantile,53.938414729876
ILI incidence,FI,2026-08-19,2026-08-23,0.95,2,quantile,74.9065639011889
ILI incidence,FI,2026-08-19,2026-08-23,0.975,2,quantile,96.7486206295843
ILI incidence,FI,2026-08-19,2026-08-23,0.99,2,quantile,118.461568424793
ILI incidence,FI,2026-08-19,2026-08-30,0.01,3,quantile,4.62523372538864
ILI incidence,FI,2026-08-19,2026-08-30,0.025,3,quantile,4.62523372538864
ILI incidence,FI,2026-08-19,2026-08-30,0.05,3,quantile,4.62523372538864
ILI incidence,FI,2026-08-19,2026-08-30,0.1,3,quantile,5.27065464436131
ILI incidence,FI,2026-08-19,2026-08-30,0.15,3,quantile,6.39214798699577
ILI incidence,FI,2026-08-19,2026-08-30,0.2,3,quantile,7.39856168086704
ILI incidence,FI,2026-08-19,2026-08-30,0.25,3,quantile,8.54477528567189
ILI incidence,FI,2026-08-19,2026-08-30,0.3,3,quantile,9.89475596321054
ILI incidence,FI,2026-08-19,2026-08-30,0.35,3,quantile,11.2416848812694
ILI incidence,FI,2026-08-19,2026-08-30,0.4,3,quantile,13.089223408733
ILI incidence,FI,2026-08-19,2026-08-30,0.45,3,quantile,14.9189502243924
ILI incidence,FI,2026-08-19,2026-08-30,0.5,3,quantile,17.5529948738488
ILI incidence,FI,2026-08-19,2026-08-30,0.55,3,quantile,21.1717391356307
ILI incidence,FI,2026-08-19,2026-08-30,0.6,3,quantile,25.0796213695671
ILI incidence,FI,2026-08-19,2026-08-30,0.65,3,quantile,28.8405523165141
ILI incidence,FI,2026-08-19,2026-08-30,0.7,3,quantile,34.292439195069
ILI incidence,FI,2026-08-19,2026-08-30,0.75,3,quantile,41.0610237830743
ILI incidence,FI,2026-08-19,2026-08-30,0.8,3,quantile,50.115628438479
ILI incidence,FI,2026-08-19,2026-08-30,0.85,3,quantile,61.6138255668558
ILI incidence,FI,2026-08-19,2026-08-30,0.9,3,quantile,78.1544138398802
ILI incidence,FI,2026-08-19,2026-08-30,0.95,3,quantile,109.850058499661
ILI incidence,FI,2026-08-19,2026-08-30,0.975,3,quantile,137.905460764032
ILI incidence,FI,2026-08-19,2026-08-30,0.99,3,quantile,156.233159973789
ILI incidence,FI,2026-08-19,2026-09-06,0.01,4,quantile,4.30378821074964
ILI incidence,FI,2026-08-19,2026-09-06,0.025,4,quantile,4.30378821074964
ILI incidence,FI,2026-08-19,2026-09-06,0.05,4,quantile,4.41130954725649
ILI incidence,FI,2026-08-19,2026-09-06,0.1,4,quantile,5.32801421858043
ILI incidence,FI,2026-08-19,2026-09-06,0.15,4,quantile,6.28743206827076
ILI incidence,FI,2026-08-19,2026-09-06,0.2,4,quantile,7.55113903525606
ILI incidence,FI,2026-08-19,2026-09-06,0.25,4,quantile,8.9059576222393
ILI incidence,FI,2026-08-19,2026-09-06,0.3,4,quantile,10.6850678584894
ILI incidence,FI,2026-08-19,2026-09-06,0.35,4,quantile,12.1811642505629
ILI incidence,FI,2026-08-19,2026-09-06,0.4,4,quantile,14.0727512672823
ILI incidence,FI,2026-08-19,2026-09-06,0.45,4,quantile,16.6786434861213
ILI incidence,FI,2026-08-19,2026-09-06,0.5,4,quantile,19.8564612825766
ILI incidence,FI,2026-08-19,2026-09-06,0.55,4,quantile,23.3137409917381
ILI incidence,FI,2026-08-19,2026-09-06,0.6,4,quantile,27.5615037163955
ILI incidence,FI,2026-08-19,2026-09-06,0.65,4,quantile,31.6448999808288
ILI incidence,FI,2026-08-19,2026-09-06,0.7,4,quantile,38.6909586482396
ILI incidence,FI,2026-08-19,2026-09-06,0.75,4,quantile,46.0831551786874
ILI incidence,FI,2026-08-19,2026-09-06,0.8,4,quantile,61.3548569456921
ILI incidence,FI,2026-08-19,2026-09-06,0.85,4,quantile,76.5581168857148
ILI incidence,FI,2026-08-19,2026-09-06,0.9,4,quantile,96.2015581699611
ILI incidence,FI,2026-08-19,2026-09-06,0.95,4,quantile,144.387969080804
ILI incidence,FI,2026-08-19,2026-09-06,0.975,4,quantile,182.737063817213
ILI incidence,FI,2026-08-19,2026-09-06,0.99,4,quantile,226.500428502028
ILI incidence,FI,2026-08-19,2026-08-16,,1,median,13.8279528229219
ILI incidence,FI,2026-08-19,2026-08-23,,2,median,15.5581285896553
ILI incidence,FI,2026-08-19,2026-08-30,,3,median,17.5529948738488
ILI incidence,FI,2026-08-19,2026-09-06,,4,median,19.8564612825766
ILI incidence,GR,2026-08-19,2026-08-16,0.01,1,quantile,136.848261661666
ILI incidence,GR,2026-08-19,2026-08-16,0.025,1,quantile,154.24641932647
ILI incidence,GR,2026-08-19,2026-08-16,0.05,1,quantile,170.298120618991
ILI incidence,GR,2026-08-19,2026-08-16,0.1,1,quantile,187.21202815261
ILI incidence,GR,2026-08-19,2026-08-16,0.15,1,quantile,201.145960661475
ILI incidence,GR,2026-08-19,2026-08-16,0.2,1,quantile,211.453459480039
ILI incidence,GR,2026-08-19,2026-08-16,0.25,1,quantile,222.327367736247
ILI incidence,GR,2026-08-19,2026-08-16,0.3,1,quantile,231.664198169537
ILI incidence,GR,2026-08-19,2026-08-16,0.35,1,quantile,240.656128787813
ILI incidence,GR,2026-08-19,2026-08-16,0.4,1,quantile,251.39219528923
ILI incidence,GR,2026-08-19,2026-08-16,0.45,1,quantile,261.970503044293
ILI incidence,GR,2026-08-19,2026-08-16,0.5,1,quantile,272.848533244984
ILI incidence,GR,2026-08-19,2026-08-16,0.55,1,quantile,283.370649608287
ILI incidence,GR,2026-08-19,2026-08-16,0.6,1,quantile,294.085385353385
ILI incidence,GR,2026-08-19,2026-08-16,0.65,1,quantile,304.972957169304
ILI incidence,GR,2026-08-19,2026-08-16,0.7,1,quantile,316.275799858684
ILI incidence,GR,2026-08-19,2026-08-16,0.75,1,quantile,330.453507057454
ILI incidence,GR,2026-08-19,2026-08-16,0.8,1,quantile,346.304299005369
ILI incidence,GR,2026-08-19,2026-08-16,0.85,1,quantile,368.359262669889
ILI incidence,GR,2026-08-19,2026-08-16,0.9,1,quantile,390.371714962562
ILI incidence,GR,2026-08-19,2026-08-16,0.95,1,quantile,438.153348415544
ILI incidence,GR,2026-08-19,2026-08-16,0.975,1,quantile,481.338392636401
ILI incidence,GR,2026-08-19,2026-08-16,0.99,1,quantile,519.902504748374
ILI incidence,GR,2026-08-19,2026-08-23,0.01,2,quantile,99.4614553730235
ILI incidence,GR,2026-08-19,2026-08-23,0.025,2,quantile,115.352101077863
ILI incidence,GR,2026-08-19,2026-08-23,0.05,2,quantile,137.126921938555
ILI incidence,GR,2026-08-19,2026-08-23,0.1,2,quantile,157.5923500269
ILI incidence,GR,2026-08-19,2026-08-23,0.15,2,quantile,172.141805892152
ILI incidence,GR,2026-08-19,2026-08-23,0.2,2,quantile,188.96361691985
ILI incidence,GR,2026-08-19,2026-08-23,0.25,2,quantile,201.895592325791
ILI incidence,GR,2026-08-19,2026-08-23,0.3,2,quantile,215.330390965877
ILI incidence,GR,2026-08-19,2026-08-23,0.35,2,quantile,229.152489007937
ILI incidence,GR,2026-08-19,2026-08-23,0.4,2,quantile,241.142184539031
ILI incidence,GR,2026-08-19,2026-08-23,0.45,2,quantile,255.650613668702
ILI incidence,GR,2026-08-19,2026-08-23,0.5,2,quantile,272.789999152041
ILI incidence,GR,2026-08-19,2026-08-23,0.55,2,quantile,288.11127879061
ILI incidence,GR,2026-08-19,2026-08-23,0.6,2,quantile,302.903724559694
ILI incidence,GR,2026-08-19,2026-08-23,0.65,2,quantile,319.639089370545
ILI incidence,GR,2026-08-19,2026-08-23,0.7,2,quantile,340.079434653895
ILI incidence,GR,2026-08-19,2026-08-23,0.75,2,quantile,365.240640641071
ILI incidence,GR,2026-08-19,2026-08-23,0.8,2,quantile,390.680553611549
ILI incidence,GR,2026-08-19,2026-08-23,0.85,2,quantile,423.618169597833
ILI incidence,GR,2026-08-19,2026-08-23,0.9,2,quantile,477.250672314852
ILI incidence,GR,2026-08-19,2026-08-23,0.95,2,quantile,565.724660905894
ILI incidence,GR,2026-08-19,2026-08-23,0.975,2,quantile,640.242991667306
ILI incidence,GR,2026-08-19,2026-08-23,0.99,2,quantile,691.535210955718
ILI incidence,GR,2026-08-19,2026-08-30,0.01,3,quantile,74.4170310612924
ILI incidence,GR,2026-08-19,2026-08-30,0.025,3,quantile,88.192393761984
ILI incidence,GR,2026-08-19,2026-08-30,0.05,3,quantile,107.498748437986
ILI incidence,GR,2026-08-19,2026-08-30,0.1,3,quantile,133.070588315839
ILI incidence,GR,2026-08-19,2026-08-30,0.15,3,quantile,153.36034389633
ILI incidence,GR,2026-08-19,2026-08-30,0.2,3,quantile,170.276758859801
ILI incidence,GR,2026-08-19,2026-08-30,0.25,3,quantile,188.259570605903
ILI incidence,GR,2026-08-19,2026-08-30,0.3,3,quantile,207.866174986449
ILI incidence,GR,2026-08-19,2026-08-30,0.35,3,quantile,220.840234044484
ILI incidence,GR,2026-08-19,2026-08-30,0.4,3,quantile,240.001185515961
ILI incidence,GR,2026-08-19,2026-08-30,0.45,3,quantile,255.553439107234
ILI incidence,GR,2026-08-19,2026-08-30,0.5,3,quantile,273.635456106979
ILI incidence,GR,2026-08-19,2026-08-30,0.55,3,quantile,293.793239798859
ILI incidence,GR,2026-08-19,2026-08-30,0.6,3,quantile,316.796587590623
ILI incidence,GR,2026-08-19,2026-08-30,0.65,3,quantile,336.159465100221
ILI incidence,GR,2026-08-19,2026-08-30,0.7,3,quantile,363.351163542615
ILI incidence,GR,2026-08-19,2026-08-30,0.75,3,quantile,394.903243650051
ILI incidence,GR,2026-08-19,2026-08-30,0.8,3,quantile,436.436354134597
ILI incidence,GR,2026-08-19,2026-08-30,0.85,3,quantile,486.17706577941
ILI incidence,GR,2026-08-19,2026-08-30,0.9,3,quantile,564.686868630913
ILI incidence,GR,2026-08-19,2026-08-30,0.95,3,quantile,679.883561470429
ILI incidence,GR,2026-08-19,2026-08-30,0.975,3,quantile,787.366086642778
ILI incidence,GR,2026-08-19,2026-08-30,0.99,3,quantile,898.713306750424
ILI incidence,GR,2026-08-19,2026-09-06,0.01,4,quantile,49.8417446715008
ILI incidence,GR,2026-08-19,2026-09-06,0.025,4,quantile,66.7725181884257
ILI incidence,GR,2026-08-19,2026-09-06,0.05,4,quantile,86.5138554017725
ILI incidence,GR,2026-08-19,2026-09-06,0.1,4,quantile,108.762910670314
ILI incidence,GR,2026-08-19,2026-09-06,0.15,4,quantile,134.616074396668
ILI incidence,GR,2026-08-19,2026-09-06,0.2,4,quantile,156.851257968689
ILI incidence,GR,2026-08-19,2026-09-06,0.25,4,quantile,175.006209722677
ILI incidence,GR,2026-08-19,2026-09-06,0.3,4,quantile,194.037779822896
ILI incidence,GR,2026-08-19,2026-09-06,0.35,4,quantile,213.42158001183
ILI incidence,GR,2026-08-19,2026-09-06,0.4,4,quantile,230.2726116655
ILI incidence,GR,2026-08-19,2026-09-06,0.45,4,quantile,249.90775004866
ILI incidence,GR,2026-08-19,2026-09-06,0.5,4,quantile,276.143944654094
ILI incidence,GR,2026-08-19,2026-09-06,0.55,4,quantile,304.835109925189
ILI incidence,GR,2026-08-19,2026-09-06,0.6,4,quantile,327.208363929163
ILI incidence,GR,2026-08-19,2026-09-06,0.65,4,quantile,352.323399810148
ILI incidence,GR,2026-08-19,2026-09-06,0.7,4,quantile,377.429230836967
ILI incidence,GR,2026-08-19,2026-09-06,0.75,4,quantile,422.922800454842
ILI incidence,GR,2026-08-19,2026-09-06,0.8,4,quantile,466.482381665503
ILI incidence,GR,2026-08-19,2026-09-06,0.85,4,quantile,545.299585063324
ILI incidence,GR,2026-08-19,2026-09-06,0.9,4,quantile,641.519499428562
ILI incidence,GR,2026-08-19,2026-09-06,0.95,4,quantile,821.821783307422
ILI incidence,GR,2026-08-19,2026-09-06,0.975,4,quantile,1007.81046503832
ILI incidence,GR,2026-08-19,2026-09-06,0.99,4,quantile,1223.07240588495
ILI incidence,GR,2026-08-19,2026-08-16,,1,median,272.848533244984
ILI incidence,GR,2026-08-19,2026-08-23,,2,median,272.789999152041
ILI incidence,GR,2026-08-19,2026-08-30,,3,median,273.635456106979
ILI incidence,GR,2026-08-19,2026-09-06,,4,median,276.143944654094
ILI incidence,HR,2026-08-19,2026-08-16,0.01,1,quantile,0
ILI incidence,HR,2026-08-19,2026-08-16,0.025,1,quantile,0
ILI incidence,HR,2026-08-19,2026-08-16,0.05,1,quantile,0
ILI incidence,HR,2026-08-19,2026-08-16,0.1,1,quantile,0
ILI incidence,HR,2026-08-19,2026-08-16,0.15,1,quantile,0
ILI incidence,HR,2026-08-19,2026-08-16,0.2,1,quantile,0
ILI incidence,HR,2026-08-19,2026-08-16,0.25,1,quantile,0
ILI incidence,HR,2026-08-19,2026-08-16,0.3,1,quantile,0
ILI incidence,HR,2026-08-19,2026-08-16,0.35,1,quantile,0
ILI incidence,HR,2026-08-19,2026-08-16,0.4,1,quantile,0.0729679245721836
ILI incidence,HR,2026-08-19,2026-08-16,0.45,1,quantile,0.198576255512894
ILI incidence,HR,2026-08-19,2026-08-16,0.5,1,quantile,0.334066561152185
ILI incidence,HR,2026-08-19,2026-08-16,0.55,1,quantile,0.533099151899251
ILI incidence,HR,2026-08-19,2026-08-16,0.6,1,quantile,0.70624814314098
ILI incidence,HR,2026-08-19,2026-08-16,0.65,1,quantile,0.853921120763349
ILI incidence,HR,2026-08-19,2026-08-16,0.7,1,quantile,1.11196516393661
ILI incidence,HR,2026-08-19,2026-08-16,0.75,1,quantile,1.40277927123147
ILI incidence,HR,2026-08-19,2026-08-16,0.8,1,quantile,1.95681196040119
ILI incidence,HR,2026-08-19,2026-08-16,0.85,1,quantile,2.64846597280502
ILI incidence,HR,2026-08-19,2026-08-16,0.9,1,quantile,3.90224369216507
ILI incidence,HR,2026-08-19,2026-08-16,0.95,1,quantile,5.80911513514315
ILI incidence,HR,2026-08-19,2026-08-16,0.975,1,quantile,8.29756524948845
ILI incidence,HR,2026-08-19,2026-08-16,0.99,1,quantile,10.3756516245972
ILI incidence,HR,2026-08-19,2026-08-23,0.01,2,quantile,0
ILI incidence,HR,2026-08-19,2026-08-23,0.025,2,quantile,0
ILI incidence,HR,2026-08-19,2026-08-23,0.05,2,quantile,0
ILI incidence,HR,2026-08-19,2026-08-23,0.1,2,quantile,0
ILI incidence,HR,2026-08-19,2026-08-23,0.15,2,quantile,0
ILI incidence,HR,2026-08-19,2026-08-23,0.2,2,quantile,0
ILI incidence,HR,2026-08-19,2026-08-23,0.25,2,quantile,0
ILI incidence,HR,2026-08-19,2026-08-23,0.3,2,quantile,0
ILI incidence,HR,2026-08-19,2026-08-23,0.35,2,quantile,0
ILI incidence,HR,2026-08-19,2026-08-23,0.4,2,quantile,0.0473894854888866
ILI incidence,HR,2026-08-19,2026-08-23,0.45,2,quantile,0.20316788109064
ILI incidence,HR,2026-08-19,2026-08-23,0.5,2,quantile,0.403788764396835
ILI incidence,HR,2026-08-19,2026-08-23,0.55,2,quantile,0.62786422271409
ILI incidence,HR,2026-08-19,2026-08-23,0.6,2,quantile,0.872145576721529
ILI incidence,HR,2026-08-19,2026-08-23,0.65,2,quantile,1.14720830131431
ILI incidence,HR,2026-08-19,2026-08-23,0.7,2,quantile,1.63879415489111
ILI incidence,HR,2026-08-19,2026-08-23,0.75,2,quantile,2.10293633394751
ILI incidence,HR,2026-08-19,2026-08-23,0.8,2,quantile,2.8759356763606
ILI incidence,HR,2026-08-19,2026-08-23,0.85,2,quantile,3.87687381251914
ILI incidence,HR,2026-08-19,2026-08-23,0.9,2,quantile,5.11685404836115
ILI incidence,HR,2026-08-19,2026-08-23,0.95,2,quantile,7.68647480492123
ILI incidence,HR,2026-08-19,2026-08-23,0.975,2,quantile,10.3911919461852
ILI incidence,HR,2026-08-19,2026-08-23,0.99,2,quantile,17.3812525474373
ILI incidence,HR,2026-08-19,2026-08-30,0.01,3,quantile,0
ILI incidence,HR,2026-08-19,2026-08-30,0.025,3,quantile,0
ILI incidence,HR,2026-08-19,2026-08-30,0.05,3,quantile,0
ILI incidence,HR,2026-08-19,2026-08-30,0.1,3,quantile,0
ILI incidence,HR,2026-08-19,2026-08-30,0.15,3,quantile,0
ILI incidence,HR,2026-08-19,2026-08-30,0.2,3,quantile,0
ILI incidence,HR,2026-08-19,2026-08-30,0.25,3,quantile,0
ILI incidence,HR,2026-08-19,2026-08-30,0.3,3,quantile,0
ILI incidence,HR,2026-08-19,2026-08-30,0.35,3,quantile,0
ILI incidence,HR,2026-08-19,2026-08-30,0.4,3,quantile,0.0415768196010328
ILI incidence,HR,2026-08-19,2026-08-30,0.45,3,quantile,0.230096407955403
ILI incidence,HR,2026-08-19,2026-08-30,0.5,3,quantile,0.485663225646621
ILI incidence,HR,2026-08-19,2026-08-30,0.55,3,quantile,0.776830542242129
ILI incidence,HR,2026-08-19,2026-08-30,0.6,3,quantile,1.09195047259019
ILI incidence,HR,2026-08-19,2026-08-30,0.65,3,quantile,1.40364756962595
ILI incidence,HR,2026-08-19,2026-08-30,0.7,3,quantile,1.92404367930946
ILI incidence,HR,2026-08-19,2026-08-30,0.75,3,quantile,2.62799328345018
ILI incidence,HR,2026-08-19,2026-08-30,0.8,3,quantile,3.65314256745177
ILI incidence,HR,2026-08-19,2026-08-30,0.85,3,quantile,5.2690707576875
ILI incidence,HR,2026-08-19,2026-08-30,0.9,3,quantile,7.55859894798348
ILI incidence,HR,2026-08-19,2026-08-30,0.95,3,quantile,11.7456989649741
ILI incidence,HR,2026-08-19,2026-08-30,0.975,3,quantile,17.7914294402106
ILI incidence,HR,2026-08-19,2026-08-30,0.99,3,quantile,25.7123241882583
ILI incidence,HR,2026-08-19,2026-09-06,0.01,4,quantile,0
ILI incidence,HR,2026-08-19,2026-09-06,0.025,4,quantile,0
ILI incidence,HR,2026-08-19,2026-09-06,0.05,4,quantile,0
ILI incidence,HR,2026-08-19,2026-09-06,0.1,4,quantile,0
ILI incidence,HR,2026-08-19,2026-09-06,0.15,4,quantile,0
ILI incidence,HR,2026-08-19,2026-09-06,0.2,4,quantile,0
ILI incidence,HR,2026-08-19,2026-09-06,0.25,4,quantile,0
ILI incidence,HR,2026-08-19,2026-09-06,0.3,4,quantile,0
ILI incidence,HR,2026-08-19,2026-09-06,0.35,4,quantile,0
ILI incidence,HR,2026-08-19,2026-09-06,0.4,4,quantile,0
ILI incidence,HR,2026-08-19,2026-09-06,0.45,4,quantile,0.292977543182111
ILI incidence,HR,2026-08-19,2026-09-06,0.5,4,quantile,0.582246734302567
ILI incidence,HR,2026-08-19,2026-09-06,0.55,4,quantile,0.995539541330248
ILI incidence,HR,2026-08-19,2026-09-06,0.6,4,quantile,1.43882381443762
ILI incidence,HR,2026-08-19,2026-09-06,0.65,4,quantile,1.98973511057752
ILI incidence,HR,2026-08-19,2026-09-06,0.7,4,quantile,2.68066548694196
ILI incidence,HR,2026-08-19,2026-09-06,0.75,4,quantile,3.61794817874922
ILI incidence,HR,2026-08-19,2026-09-06,0.8,4,quantile,4.81260766371729
ILI incidence,HR,2026-08-19,2026-09-06,0.85,4,quantile,6.60079042474657
ILI incidence,HR,2026-08-19,2026-09-06,0.9,4,quantile,9.37187855682594
ILI incidence,HR,2026-08-19,2026-09-06,0.95,4,quantile,15.9013704086545
ILI incidence,HR,2026-08-19,2026-09-06,0.975,4,quantile,24.1426125909083
ILI incidence,HR,2026-08-19,2026-09-06,0.99,4,quantile,36.5193054149006
ILI incidence,HR,2026-08-19,2026-08-16,,1,median,0.334066561152185
ILI incidence,HR,2026-08-19,2026-08-23,,2,median,0.403788764396835
ILI incidence,HR,2026-08-19,2026-08-30,,3,median,0.485663225646621
ILI incidence,HR,2026-08-19,2026-09-06,,4,median,0.582246734302567
ILI incidence,HU,2026-08-19,2026-08-16,0.01,1,quantile,2.293821368459
ILI incidence,HU,2026-08-19,2026-08-16,0.025,1,quantile,3.55765463444108
ILI incidence,HU,2026-08-19,2026-08-16,0.05,1,quantile,5.10539703209743
ILI incidence,HU,2026-08-19,2026-08-16,0.1,1,quantile,7.33059986695422
ILI incidence,HU,2026-08-19,2026-08-16,0.15,1,quantile,8.58814791888701
ILI incidence,HU,2026-08-19,2026-08-16,0.2,1,quantile,9.76189369200498
ILI incidence,HU,2026-08-19,2026-08-16,0.25,1,quantile,11.2897847837957
ILI incidence,HU,2026-08-19,2026-08-16,0.3,1,quantile,12.2145574891724
ILI incidence,HU,2026-08-19,2026-08-16,0.35,1,quantile,13.3711364997815
ILI incidence,HU,2026-08-19,2026-08-16,0.4,1,quantile,14.556258376976
ILI incidence,HU,2026-08-19,2026-08-16,0.45,1,quantile,15.8194091164804
ILI incidence,HU,2026-08-19,2026-08-16,0.5,1,quantile,17.4917890265621
ILI incidence,HU,2026-08-19,2026-08-16,0.55,1,quantile,19.1355369860862
ILI incidence,HU,2026-08-19,2026-08-16,0.6,1,quantile,20.3877499390061
ILI incidence,HU,2026-08-19,2026-08-16,0.65,1,quantile,22.1408992566476
ILI incidence,HU,2026-08-19,2026-08-16,0.7,1,quantile,23.8702384147682
ILI incidence,HU,2026-08-19,2026-08-16,0.75,1,quantile,25.6567762857067
ILI incidence,HU,2026-08-19,2026-08-16,0.8,1,quantile,28.1554001635112
ILI incidence,HU,2026-08-19,2026-08-16,0.85,1,quantile,31.0049192604124
ILI incidence,HU,2026-08-19,2026-08-16,0.9,1,quantile,34.612164736682
ILI incidence,HU,2026-08-19,2026-08-16,0.95,1,quantile,41.2688158673662
ILI incidence,HU,2026-08-19,2026-08-16,0.975,1,quantile,46.3266882966326
ILI incidence,HU,2026-08-19,2026-08-16,0.99,1,quantile,55.176227740794
ILI incidence,HU,2026-08-19,2026-08-23,0.01,2,quantile,1.47468217668685
ILI incidence,HU,2026-08-19,2026-08-23,0.025,2,quantile,2.22073132105453
ILI incidence,HU,2026-08-19,2026-08-23,0.05,2,quantile,3.32661255596057
ILI incidence,HU,2026-08-19,2026-08-23,0.1,2,quantile,5.38527604882321
ILI incidence,HU,2026-08-19,2026-08-23,0.15,2,quantile,6.83349960903926
ILI incidence,HU,2026-08-19,2026-08-23,0.2,2,quantile,8.36656195332164
ILI incidence,HU,2026-08-19,2026-08-23,0.25,2,quantile,9.83702798696775
ILI incidence,HU,2026-08-19,2026-08-23,0.3,2,quantile,11.1723897279035
ILI incidence,HU,2026-08-19,2026-08-23,0.35,2,quantile,12.8877063529203
ILI incidence,HU,2026-08-19,2026-08-23,0.4,2,quantile,14.7146752514427
ILI incidence,HU,2026-08-19,2026-08-23,0.45,2,quantile,16.3497229637002
ILI incidence,HU,2026-08-19,2026-08-23,0.5,2,quantile,18.3442222658488
ILI incidence,HU,2026-08-19,2026-08-23,0.55,2,quantile,20.0834573127647
ILI incidence,HU,2026-08-19,2026-08-23,0.6,2,quantile,21.9153129868393
ILI incidence,HU,2026-08-19,2026-08-23,0.65,2,quantile,24.4450356838752
ILI incidence,HU,2026-08-19,2026-08-23,0.7,2,quantile,27.4119775112003
ILI incidence,HU,2026-08-19,2026-08-23,0.75,2,quantile,30.4971081080717
ILI incidence,HU,2026-08-19,2026-08-23,0.8,2,quantile,34.1535091932262
ILI incidence,HU,2026-08-19,2026-08-23,0.85,2,quantile,39.6470417338029
ILI incidence,HU,2026-08-19,2026-08-23,0.9,2,quantile,45.7844324865776
ILI incidence,HU,2026-08-19,2026-08-23,0.95,2,quantile,57.4771411251958
ILI incidence,HU,2026-08-19,2026-08-23,0.975,2,quantile,68.6095035628959
ILI incidence,HU,2026-08-19,2026-08-23,0.99,2,quantile,85.0789231399334
ILI incidence,HU,2026-08-19,2026-08-30,0.01,3,quantile,2.09375405077443
ILI incidence,HU,2026-08-19,2026-08-30,0.025,3,quantile,2.80045931716586
ILI incidence,HU,2026-08-19,2026-08-30,0.05,3,quantile,3.86033437557049
ILI incidence,HU,2026-08-19,2026-08-30,0.1,3,quantile,5.45943385732597
ILI incidence,HU,2026-08-19,2026-08-30,0.15,3,quantile,6.76249917319603
ILI incidence,HU,2026-08-19,2026-08-30,0.2,3,quantile,8.48923161238493
ILI incidence,HU,2026-08-19,2026-08-30,0.25,3,quantile,9.95130036591502
ILI incidence,HU,2026-08-19,2026-08-30,0.3,3,quantile,11.6589973746649
ILI incidence,HU,2026-08-19,2026-08-30,0.35,3,quantile,13.4497408218884
ILI incidence,HU,2026-08-19,2026-08-30,0.4,3,quantile,15.2883293266189
ILI incidence,HU,2026-08-19,2026-08-30,0.45,3,quantile,17.7554891500988
ILI incidence,HU,2026-08-19,2026-08-30,0.5,3,quantile,19.5149072004907
ILI incidence,HU,2026-08-19,2026-08-30,0.55,3,quantile,21.7741835730357
ILI incidence,HU,2026-08-19,2026-08-30,0.6,3,quantile,24.9487582070839
ILI incidence,HU,2026-08-19,2026-08-30,0.65,3,quantile,27.8545102374805
ILI incidence,HU,2026-08-19,2026-08-30,0.7,3,quantile,31.1114381841711
ILI incidence,HU,2026-08-19,2026-08-30,0.75,3,quantile,35.9141779462424
ILI incidence,HU,2026-08-19,2026-08-30,0.8,3,quantile,41.7091999404185
ILI incidence,HU,2026-08-19,2026-08-30,0.85,3,quantile,49.0723064119733
ILI incidence,HU,2026-08-19,2026-08-30,0.9,3,quantile,60.5790608128356
ILI incidence,HU,2026-08-19,2026-08-30,0.95,3,quantile,76.7842185183736
ILI incidence,HU,2026-08-19,2026-08-30,0.975,3,quantile,90.4747495908821
ILI incidence,HU,2026-08-19,2026-08-30,0.99,3,quantile,127.424864970784
ILI incidence,HU,2026-08-19,2026-09-06,0.01,4,quantile,2.87777938151314
ILI incidence,HU,2026-08-19,2026-09-06,0.025,4,quantile,3.31130610424918
ILI incidence,HU,2026-08-19,2026-09-06,0.05,4,quantile,4.04442928146116
ILI incidence,HU,2026-08-19,2026-09-06,0.1,4,quantile,5.19470610907728
ILI incidence,HU,2026-08-19,2026-09-06,0.15,4,quantile,6.99487185583679
ILI incidence,HU,2026-08-19,2026-09-06,0.2,4,quantile,8.31954712324908
ILI incidence,HU,2026-08-19,2026-09-06,0.25,4,quantile,10.001072133004
ILI incidence,HU,2026-08-19,2026-09-06,0.3,4,quantile,11.7956248893186
ILI incidence,HU,2026-08-19,2026-09-06,0.35,4,quantile,13.2695517454778
ILI incidence,HU,2026-08-19,2026-09-06,0.4,4,quantile,15.5074892324168
ILI incidence,HU,2026-08-19,2026-09-06,0.45,4,quantile,18.3991824086534
ILI incidence,HU,2026-08-19,2026-09-06,0.5,4,quantile,20.9783736472728
ILI incidence,HU,2026-08-19,2026-09-06,0.55,4,quantile,23.8344157755277
ILI incidence,HU,2026-08-19,2026-09-06,0.6,4,quantile,27.0123038451328
ILI incidence,HU,2026-08-19,2026-09-06,0.65,4,quantile,30.8714017027754
ILI incidence,HU,2026-08-19,2026-09-06,0.7,4,quantile,36.353423929789
ILI incidence,HU,2026-08-19,2026-09-06,0.75,4,quantile,41.5990923735694
ILI incidence,HU,2026-08-19,2026-09-06,0.8,4,quantile,51.3350969538781
ILI incidence,HU,2026-08-19,2026-09-06,0.85,4,quantile,61.4837183929737
ILI incidence,HU,2026-08-19,2026-09-06,0.9,4,quantile,75.0917244040113
ILI incidence,HU,2026-08-19,2026-09-06,0.95,4,quantile,99.7640429209316
ILI incidence,HU,2026-08-19,2026-09-06,0.975,4,quantile,129.436219771404
ILI incidence,HU,2026-08-19,2026-09-06,0.99,4,quantile,174.097443846435
ILI incidence,HU,2026-08-19,2026-08-16,,1,median,17.4917890265621
ILI incidence,HU,2026-08-19,2026-08-23,,2,median,18.3442222658488
ILI incidence,HU,2026-08-19,2026-08-30,,3,median,19.5149072004907
ILI incidence,HU,2026-08-19,2026-09-06,,4,median,20.9783736472728
ILI incidence,IE,2026-08-19,2026-08-16,0.01,1,quantile,0.0785021398268584
ILI incidence,IE,2026-08-19,2026-08-16,0.025,1,quantile,0.0785021398268584
ILI incidence,IE,2026-08-19,2026-08-16,0.05,1,quantile,0.0785021398268584
ILI incidence,IE,2026-08-19,2026-08-16,0.1,1,quantile,0.142795735758547
ILI incidence,IE,2026-08-19,2026-08-16,0.15,1,quantile,0.196413283862639
ILI incidence,IE,2026-08-19,2026-08-16,0.2,1,quantile,0.258318123561453
ILI incidence,IE,2026-08-19,2026-08-16,0.25,1,quantile,0.324650737296742
ILI incidence,IE,2026-08-19,2026-08-16,0.3,1,quantile,0.392797250426218
ILI incidence,IE,2026-08-19,2026-08-16,0.35,1,quantile,0.472915894266224
ILI incidence,IE,2026-08-19,2026-08-16,0.4,1,quantile,0.545457884686129
ILI incidence,IE,2026-08-19,2026-08-16,0.45,1,quantile,0.659665285337823
ILI incidence,IE,2026-08-19,2026-08-16,0.5,1,quantile,0.774169841891088
ILI incidence,IE,2026-08-19,2026-08-16,0.55,1,quantile,0.897493293340471
ILI incidence,IE,2026-08-19,2026-08-16,0.6,1,quantile,1.08868487368624
ILI incidence,IE,2026-08-19,2026-08-16,0.65,1,quantile,1.27625818181349
ILI incidence,IE,2026-08-19,2026-08-16,0.7,1,quantile,1.47785712098184
ILI incidence,IE,2026-08-19,2026-08-16,0.75,1,quantile,1.73928028120197
ILI incidence,IE,2026-08-19,2026-08-16,0.8,1,quantile,1.98751606890216
ILI incidence,IE,2026-08-19,2026-08-16,0.85,1,quantile,2.41943662745679
ILI incidence,IE,2026-08-19,2026-08-16,0.9,1,quantile,2.97131975675262
ILI incidence,IE,2026-08-19,2026-08-16,0.95,1,quantile,3.69865250528656
ILI incidence,IE,2026-08-19,2026-08-16,0.975,1,quantile,4.66328153665012
ILI incidence,IE,2026-08-19,2026-08-16,0.99,1,quantile,6.27647048262992
ILI incidence,IE,2026-08-19,2026-08-23,0.01,2,quantile,0.027311168443708
ILI incidence,IE,2026-08-19,2026-08-23,0.025,2,quantile,0.027311168443708
ILI incidence,IE,2026-08-19,2026-08-23,0.05,2,quantile,0.034955392224448
ILI incidence,IE,2026-08-19,2026-08-23,0.1,2,quantile,0.102474098193856
ILI incidence,IE,2026-08-19,2026-08-23,0.15,2,quantile,0.170439475031807
ILI incidence,IE,2026-08-19,2026-08-23,0.2,2,quantile,0.251440980524373
ILI incidence,IE,2026-08-19,2026-08-23,0.25,2,quantile,0.326075563870499
ILI incidence,IE,2026-08-19,2026-08-23,0.3,2,quantile,0.416520484171739
ILI incidence,IE,2026-08-19,2026-08-23,0.35,2,quantile,0.493767537254312
ILI incidence,IE,2026-08-19,2026-08-23,0.4,2,quantile,0.596521675931619
ILI incidence,IE,2026-08-19,2026-08-23,0.45,2,quantile,0.741776507183395
ILI incidence,IE,2026-08-19,2026-08-23,0.5,2,quantile,0.880336166479709
ILI incidence,IE,2026-08-19,2026-08-23,0.55,2,quantile,1.03630127360909
ILI incidence,IE,2026-08-19,2026-08-23,0.6,2,quantile,1.21214982082328
ILI incidence,IE,2026-08-19,2026-08-23,0.65,2,quantile,1.45243490251058
ILI incidence,IE,2026-08-19,2026-08-23,0.7,2,quantile,1.69700718000178
ILI incidence,IE,2026-08-19,2026-08-23,0.75,2,quantile,1.98399637385629
ILI incidence,IE,2026-08-19,2026-08-23,0.8,2,quantile,2.50553262677417
ILI incidence,IE,2026-08-19,2026-08-23,0.85,2,quantile,3.0311935037801
ILI incidence,IE,2026-08-19,2026-08-23,0.9,2,quantile,3.72266323159367
ILI incidence,IE,2026-08-19,2026-08-23,0.95,2,quantile,5.11244936007484
ILI incidence,IE,2026-08-19,2026-08-23,0.975,2,quantile,6.47590004643401
ILI incidence,IE,2026-08-19,2026-08-23,0.99,2,quantile,9.09467996047083
ILI incidence,IE,2026-08-19,2026-08-30,0.01,3,quantile,1.80402362428402e-05
ILI incidence,IE,2026-08-19,2026-08-30,0.025,3,quantile,1.80402362428402e-05
ILI incidence,IE,2026-08-19,2026-08-30,0.05,3,quantile,0.0303626258988422
ILI incidence,IE,2026-08-19,2026-08-30,0.1,3,quantile,0.0840471624071333
ILI incidence,IE,2026-08-19,2026-08-30,0.15,3,quantile,0.136992974595406
ILI incidence,IE,2026-08-19,2026-08-30,0.2,3,quantile,0.215407818096755
ILI incidence,IE,2026-08-19,2026-08-30,0.25,3,quantile,0.300487046559342
ILI incidence,IE,2026-08-19,2026-08-30,0.3,3,quantile,0.402920875382088
ILI incidence,IE,2026-08-19,2026-08-30,0.35,3,quantile,0.514949527130914
ILI incidence,IE,2026-08-19,2026-08-30,0.4,3,quantile,0.657074813014102
ILI incidence,IE,2026-08-19,2026-08-30,0.45,3,quantile,0.830604258839006
ILI incidence,IE,2026-08-19,2026-08-30,0.5,3,quantile,1.00779378647945
ILI incidence,IE,2026-08-19,2026-08-30,0.55,3,quantile,1.20003859391264
ILI incidence,IE,2026-08-19,2026-08-30,0.6,3,quantile,1.47533726260847
ILI incidence,IE,2026-08-19,2026-08-30,0.65,3,quantile,1.7895447134953
ILI incidence,IE,2026-08-19,2026-08-30,0.7,3,quantile,2.10948739269847
ILI incidence,IE,2026-08-19,2026-08-30,0.75,3,quantile,2.49555957522523
ILI incidence,IE,2026-08-19,2026-08-30,0.8,3,quantile,2.97341922725472
ILI incidence,IE,2026-08-19,2026-08-30,0.85,3,quantile,3.88508126447294
ILI incidence,IE,2026-08-19,2026-08-30,0.9,3,quantile,4.6488936813678
ILI incidence,IE,2026-08-19,2026-08-30,0.95,3,quantile,6.40575167194591
ILI incidence,IE,2026-08-19,2026-08-30,0.975,3,quantile,9.0439462726519
ILI incidence,IE,2026-08-19,2026-08-30,0.99,3,quantile,13.8706222737195
ILI incidence,IE,2026-08-19,2026-09-06,0.01,4,quantile,0.0787927651175668
ILI incidence,IE,2026-08-19,2026-09-06,0.025,4,quantile,0.0787927651175668
ILI incidence,IE,2026-08-19,2026-09-06,0.05,4,quantile,0.0945922140765641
ILI incidence,IE,2026-08-19,2026-09-06,0.1,4,quantile,0.181565764563936
ILI incidence,IE,2026-08-19,2026-09-06,0.15,4,quantile,0.263903839353532
ILI incidence,IE,2026-08-19,2026-09-06,0.2,4,quantile,0.382786169956377
ILI incidence,IE,2026-08-19,2026-09-06,0.25,4,quantile,0.458992709404403
ILI incidence,IE,2026-08-19,2026-09-06,0.3,4,quantile,0.580371458947858
ILI incidence,IE,2026-08-19,2026-09-06,0.35,4,quantile,0.669822631193913
ILI incidence,IE,2026-08-19,2026-09-06,0.4,4,quantile,0.811590148403825
ILI incidence,IE,2026-08-19,2026-09-06,0.45,4,quantile,0.984249882445572
ILI incidence,IE,2026-08-19,2026-09-06,0.5,4,quantile,1.15888775418703
ILI incidence,IE,2026-08-19,2026-09-06,0.55,4,quantile,1.45337981881965
ILI incidence,IE,2026-08-19,2026-09-06,0.6,4,quantile,1.80622375794243
ILI incidence,IE,2026-08-19,2026-09-06,0.65,4,quantile,2.18020724612436
ILI incidence,IE,2026-08-19,2026-09-06,0.7,4,quantile,2.58403266023814
ILI incidence,IE,2026-08-19,2026-09-06,0.75,4,quantile,3.16969572408436
ILI incidence,IE,2026-08-19,2026-09-06,0.8,4,quantile,3.91131413313459
ILI incidence,IE,2026-08-19,2026-09-06,0.85,4,quantile,4.89853156861069
ILI incidence,IE,2026-08-19,2026-09-06,0.9,4,quantile,6.21427371084341
ILI incidence,IE,2026-08-19,2026-09-06,0.95,4,quantile,9.6330020314008
ILI incidence,IE,2026-08-19,2026-09-06,0.975,4,quantile,12.3635238544067
ILI incidence,IE,2026-08-19,2026-09-06,0.99,4,quantile,17.6039497280926
ILI incidence,IE,2026-08-19,2026-08-16,,1,median,0.774169841891088
ILI incidence,IE,2026-08-19,2026-08-23,,2,median,0.880336166479709
ILI incidence,IE,2026-08-19,2026-08-30,,3,median,1.00779378647945
ILI incidence,IE,2026-08-19,2026-09-06,,4,median,1.15888775418703
ILI incidence,IS,2026-08-19,2026-08-16,0.01,1,quantile,0
ILI incidence,IS,2026-08-19,2026-08-16,0.025,1,quantile,0
ILI incidence,IS,2026-08-19,2026-08-16,0.05,1,quantile,0
ILI incidence,IS,2026-08-19,2026-08-16,0.1,1,quantile,0
ILI incidence,IS,2026-08-19,2026-08-16,0.15,1,quantile,0
ILI incidence,IS,2026-08-19,2026-08-16,0.2,1,quantile,0
ILI incidence,IS,2026-08-19,2026-08-16,0.25,1,quantile,0
ILI incidence,IS,2026-08-19,2026-08-16,0.3,1,quantile,0.0451287322936813
ILI incidence,IS,2026-08-19,2026-08-16,0.35,1,quantile,0.0927103367541479
ILI incidence,IS,2026-08-19,2026-08-16,0.4,1,quantile,0.147178717968914
ILI incidence,IS,2026-08-19,2026-08-16,0.45,1,quantile,0.21589253727831
ILI incidence,IS,2026-08-19,2026-08-16,0.5,1,quantile,0.301072460272916
ILI incidence,IS,2026-08-19,2026-08-16,0.55,1,quantile,0.419914010847934
ILI incidence,IS,2026-08-19,2026-08-16,0.6,1,quantile,0.522066244106872
ILI incidence,IS,2026-08-19,2026-08-16,0.65,1,quantile,0.690800036813268
ILI incidence,IS,2026-08-19,2026-08-16,0.7,1,quantile,0.856450399536075
ILI incidence,IS,2026-08-19,2026-08-16,0.75,1,quantile,1.06818084887892
ILI incidence,IS,2026-08-19,2026-08-16,0.8,1,quantile,1.38743521070056
ILI incidence,IS,2026-08-19,2026-08-16,0.85,1,quantile,1.76330129714985
ILI incidence,IS,2026-08-19,2026-08-16,0.9,1,quantile,2.53680691131025
ILI incidence,IS,2026-08-19,2026-08-16,0.95,1,quantile,4.15030590647252
ILI incidence,IS,2026-08-19,2026-08-16,0.975,1,quantile,5.14640754680098
ILI incidence,IS,2026-08-19,2026-08-16,0.99,1,quantile,7.29888167510237
ILI incidence,IS,2026-08-19,2026-08-23,0.01,2,quantile,0
ILI incidence,IS,2026-08-19,2026-08-23,0.025,2,quantile,0
ILI incidence,IS,2026-08-19,2026-08-23,0.05,2,quantile,0
ILI incidence,IS,2026-08-19,2026-08-23,0.1,2,quantile,0
ILI incidence,IS,2026-08-19,2026-08-23,0.15,2,quantile,0
ILI incidence,IS,2026-08-19,2026-08-23,0.2,2,quantile,0
ILI incidence,IS,2026-08-19,2026-08-23,0.25,2,quantile,0
ILI incidence,IS,2026-08-19,2026-08-23,0.3,2,quantile,0.03040968076105
ILI incidence,IS,2026-08-19,2026-08-23,0.35,2,quantile,0.0945044301590365
ILI incidence,IS,2026-08-19,2026-08-23,0.4,2,quantile,0.173165143248425
ILI incidence,IS,2026-08-19,2026-08-23,0.45,2,quantile,0.256026489957042
ILI incidence,IS,2026-08-19,2026-08-23,0.5,2,quantile,0.372078019267729
ILI incidence,IS,2026-08-19,2026-08-23,0.55,2,quantile,0.517171645294351
ILI incidence,IS,2026-08-19,2026-08-23,0.6,2,quantile,0.698850700377707
ILI incidence,IS,2026-08-19,2026-08-23,0.65,2,quantile,0.99269056342948
ILI incidence,IS,2026-08-19,2026-08-23,0.7,2,quantile,1.34925263579651
ILI incidence,IS,2026-08-19,2026-08-23,0.75,2,quantile,1.69708796401056
ILI incidence,IS,2026-08-19,2026-08-23,0.8,2,quantile,2.31294471793097
ILI incidence,IS,2026-08-19,2026-08-23,0.85,2,quantile,3.04965073062935
ILI incidence,IS,2026-08-19,2026-08-23,0.9,2,quantile,4.23335808543571
ILI incidence,IS,2026-08-19,2026-08-23,0.95,2,quantile,6.33675101654898
ILI incidence,IS,2026-08-19,2026-08-23,0.975,2,quantile,8.59048699108798
ILI incidence,IS,2026-08-19,2026-08-23,0.99,2,quantile,12.1142078453289
ILI incidence,IS,2026-08-19,2026-08-30,0.01,3,quantile,0
ILI incidence,IS,2026-08-19,2026-08-30,0.025,3,quantile,0
ILI incidence,IS,2026-08-19,2026-08-30,0.05,3,quantile,0
ILI incidence,IS,2026-08-19,2026-08-30,0.1,3,quantile,0
ILI incidence,IS,2026-08-19,2026-08-30,0.15,3,quantile,0
ILI incidence,IS,2026-08-19,2026-08-30,0.2,3,quantile,0
ILI incidence,IS,2026-08-19,2026-08-30,0.25,3,quantile,0
ILI incidence,IS,2026-08-19,2026-08-30,0.3,3,quantile,0
ILI incidence,IS,2026-08-19,2026-08-30,0.35,3,quantile,0
ILI incidence,IS,2026-08-19,2026-08-30,0.4,3,quantile,0.0952387560253523
ILI incidence,IS,2026-08-19,2026-08-30,0.45,3,quantile,0.268359266134491
ILI incidence,IS,2026-08-19,2026-08-30,0.5,3,quantile,0.452907109068597
ILI incidence,IS,2026-08-19,2026-08-30,0.55,3,quantile,0.637455201911444
ILI incidence,IS,2026-08-19,2026-08-30,0.6,3,quantile,0.907594377079248
ILI incidence,IS,2026-08-19,2026-08-30,0.65,3,quantile,1.23199959887236
ILI incidence,IS,2026-08-19,2026-08-30,0.7,3,quantile,1.74121959295068
ILI incidence,IS,2026-08-19,2026-08-30,0.75,3,quantile,2.41161003411655
ILI incidence,IS,2026-08-19,2026-08-30,0.8,3,quantile,3.13517152989799
ILI incidence,IS,2026-08-19,2026-08-30,0.85,3,quantile,4.19855309331655
ILI incidence,IS,2026-08-19,2026-08-30,0.9,3,quantile,6.46830434227125
ILI incidence,IS,2026-08-19,2026-08-30,0.95,3,quantile,10.25077325246
ILI incidence,IS,2026-08-19,2026-08-30,0.975,3,quantile,13.9024552695533
ILI incidence,IS,2026-08-19,2026-08-30,0.99,3,quantile,19.4442602415437
ILI incidence,IS,2026-08-19,2026-09-06,0.01,4,quantile,0
ILI incidence,IS,2026-08-19,2026-09-06,0.025,4,quantile,0
ILI incidence,IS,2026-08-19,2026-09-06,0.05,4,quantile,0
ILI incidence,IS,2026-08-19,2026-09-06,0.1,4,quantile,0
ILI incidence,IS,2026-08-19,2026-09-06,0.15,4,quantile,0
ILI incidence,IS,2026-08-19,2026-09-06,0.2,4,quantile,0
ILI incidence,IS,2026-08-19,2026-09-06,0.25,4,quantile,0
ILI incidence,IS,2026-08-19,2026-09-06,0.3,4,quantile,0
ILI incidence,IS,2026-08-19,2026-09-06,0.35,4,quantile,0.0270914175365501
ILI incidence,IS,2026-08-19,2026-09-06,0.4,4,quantile,0.168754974664776
ILI incidence,IS,2026-08-19,2026-09-06,0.45,4,quantile,0.36352635442558
ILI incidence,IS,2026-08-19,2026-09-06,0.5,4,quantile,0.545736059349446
ILI incidence,IS,2026-08-19,2026-09-06,0.55,4,quantile,0.841592542697338
ILI incidence,IS,2026-08-19,2026-09-06,0.6,4,quantile,1.21996411366885
ILI incidence,IS,2026-08-19,2026-09-06,0.65,4,quantile,1.67073882254723
ILI incidence,IS,2026-08-19,2026-09-06,0.7,4,quantile,2.25545250854387
ILI incidence,IS,2026-08-19,2026-09-06,0.75,4,quantile,3.06609613344804
ILI incidence,IS,2026-08-19,2026-09-06,0.8,4,quantile,3.84530383366716
ILI incidence,IS,2026-08-19,2026-09-06,0.85,4,quantile,5.41812832320427
ILI incidence,IS,2026-08-19,2026-09-06,0.9,4,quantile,8.54468975072074
ILI incidence,IS,2026-08-19,2026-09-06,0.95,4,quantile,13.4600086818914
ILI incidence,IS,2026-08-19,2026-09-06,0.975,4,quantile,17.2856319456084
ILI incidence,IS,2026-08-19,2026-09-06,0.99,4,quantile,24.2314377860239
ILI incidence,IS,2026-08-19,2026-08-16,,1,median,0.301072460272916
ILI incidence,IS,2026-08-19,2026-08-23,,2,median,0.372078019267729
ILI incidence,IS,2026-08-19,2026-08-30,,3,median,0.452907109068597
ILI incidence,IS,2026-08-19,2026-09-06,,4,median,0.545736059349446
ILI incidence,LT,2026-08-19,2026-08-16,0.01,1,quantile,0
ILI incidence,LT,2026-08-19,2026-08-16,0.025,1,quantile,0
ILI incidence,LT,2026-08-19,2026-08-16,0.05,1,quantile,0
ILI incidence,LT,2026-08-19,2026-08-16,0.1,1,quantile,0
ILI incidence,LT,2026-08-19,2026-08-16,0.15,1,quantile,0
ILI incidence,LT,2026-08-19,2026-08-16,0.2,1,quantile,0.0484348420691461
ILI incidence,LT,2026-08-19,2026-08-16,0.25,1,quantile,0.205935321169856
ILI incidence,LT,2026-08-19,2026-08-16,0.3,1,quantile,0.425747180462074
ILI incidence,LT,2026-08-19,2026-08-16,0.35,1,quantile,0.615636956372949
ILI incidence,LT,2026-08-19,2026-08-16,0.4,1,quantile,0.819673154173055
ILI incidence,LT,2026-08-19,2026-08-16,0.45,1,quantile,1.06898604263078
ILI incidence,LT,2026-08-19,2026-08-16,0.5,1,quantile,1.36909029208512
ILI incidence,LT,2026-08-19,2026-08-16,0.55,1,quantile,1.75655588536027
ILI incidence,LT,2026-08-19,2026-08-16,0.6,1,quantile,2.1289187485403
ILI incidence,LT,2026-08-19,2026-08-16,0.65,1,quantile,2.59656067879359
ILI incidence,LT,2026-08-19,2026-08-16,0.7,1,quantile,3.44442285161985
ILI incidence,LT,2026-08-19,2026-08-16,0.75,1,quantile,4.31792613932727
ILI incidence,LT,2026-08-19,2026-08-16,0.8,1,quantile,5.60405868027529
ILI incidence,LT,2026-08-19,2026-08-16,0.85,1,quantile,7.27296069919929
ILI incidence,LT,2026-08-19,2026-08-16,0.9,1,quantile,9.89348745122998
ILI incidence,LT,2026-08-19,2026-08-16,0.95,1,quantile,14.1502192066633
ILI incidence,LT,2026-08-19,2026-08-16,0.975,1,quantile,17.7349759847905
ILI incidence,LT,2026-08-19,2026-08-16,0.99,1,quantile,23.6056949079554
ILI incidence,LT,2026-08-19,2026-08-23,0.01,2,quantile,0
ILI incidence,LT,2026-08-19,2026-08-23,0.025,2,quantile,0
ILI incidence,LT,2026-08-19,2026-08-23,0.05,2,quantile,0
ILI incidence,LT,2026-08-19,2026-08-23,0.1,2,quantile,0
ILI incidence,LT,2026-08-19,2026-08-23,0.15,2,quantile,0
ILI incidence,LT,2026-08-19,2026-08-23,0.2,2,quantile,0
ILI incidence,LT,2026-08-19,2026-08-23,0.25,2,quantile,0.213211092556174
ILI incidence,LT,2026-08-19,2026-08-23,0.3,2,quantile,0.433668676716416
ILI incidence,LT,2026-08-19,2026-08-23,0.35,2,quantile,0.618969533179519
ILI incidence,LT,2026-08-19,2026-08-23,0.4,2,quantile,0.862475801141065
ILI incidence,LT,2026-08-19,2026-08-23,0.45,2,quantile,1.21963270347189
ILI incidence,LT,2026-08-19,2026-08-23,0.5,2,quantile,1.53974680150956
ILI incidence,LT,2026-08-19,2026-08-23,0.55,2,quantile,1.99699651590873
ILI incidence,LT,2026-08-19,2026-08-23,0.6,2,quantile,2.5428721630526
ILI incidence,LT,2026-08-19,2026-08-23,0.65,2,quantile,3.07838804700647
ILI incidence,LT,2026-08-19,2026-08-23,0.7,2,quantile,4.19682849688183
ILI incidence,LT,2026-08-19,2026-08-23,0.75,2,quantile,5.21634606878808
ILI incidence,LT,2026-08-19,2026-08-23,0.8,2,quantile,6.50448147690848
ILI incidence,LT,2026-08-19,2026-08-23,0.85,2,quantile,8.42015452031894
ILI incidence,LT,2026-08-19,2026-08-23,0.9,2,quantile,12.2134544687778
ILI incidence,LT,2026-08-19,2026-08-23,0.95,2,quantile,21.5158376972066
ILI incidence,LT,2026-08-19,2026-08-23,0.975,2,quantile,29.1354802201155
ILI incidence,LT,2026-08-19,2026-08-23,0.99,2,quantile,39.3998259954622
ILI incidence,LT,2026-08-19,2026-08-30,0.01,3,quantile,0
ILI incidence,LT,2026-08-19,2026-08-30,0.025,3,quantile,0
ILI incidence,LT,2026-08-19,2026-08-30,0.05,3,quantile,0
ILI incidence,LT,2026-08-19,2026-08-30,0.1,3,quantile,0
ILI incidence,LT,2026-08-19,2026-08-30,0.15,3,quantile,0
ILI incidence,LT,2026-08-19,2026-08-30,0.2,3,quantile,0
ILI incidence,LT,2026-08-19,2026-08-30,0.25,3,quantile,0.151705733316806
ILI incidence,LT,2026-08-19,2026-08-30,0.3,3,quantile,0.355721498565434
ILI incidence,LT,2026-08-19,2026-08-30,0.35,3,quantile,0.547088936913266
ILI incidence,LT,2026-08-19,2026-08-30,0.4,3,quantile,0.838787195135996
ILI incidence,LT,2026-08-19,2026-08-30,0.45,3,quantile,1.2904712831646
ILI incidence,LT,2026-08-19,2026-08-30,0.5,3,quantile,1.73719249327832
ILI incidence,LT,2026-08-19,2026-08-30,0.55,3,quantile,2.2974465144201
ILI incidence,LT,2026-08-19,2026-08-30,0.6,3,quantile,2.9227347353069
ILI incidence,LT,2026-08-19,2026-08-30,0.65,3,quantile,3.88796151063472
ILI incidence,LT,2026-08-19,2026-08-30,0.7,3,quantile,5.26044474668107
ILI incidence,LT,2026-08-19,2026-08-30,0.75,3,quantile,6.60398386657299
ILI incidence,LT,2026-08-19,2026-08-30,0.8,3,quantile,8.61835122800244
ILI incidence,LT,2026-08-19,2026-08-30,0.85,3,quantile,12.1135542845693
ILI incidence,LT,2026-08-19,2026-08-30,0.9,3,quantile,17.645741452488
ILI incidence,LT,2026-08-19,2026-08-30,0.95,3,quantile,27.8755231686446
ILI incidence,LT,2026-08-19,2026-08-30,0.975,3,quantile,38.8185495431092
ILI incidence,LT,2026-08-19,2026-08-30,0.99,3,quantile,62.8189212319152
ILI incidence,LT,2026-08-19,2026-09-06,0.01,4,quantile,0
ILI incidence,LT,2026-08-19,2026-09-06,0.025,4,quantile,0
ILI incidence,LT,2026-08-19,2026-09-06,0.05,4,quantile,0
ILI incidence,LT,2026-08-19,2026-09-06,0.1,4,quantile,0
ILI incidence,LT,2026-08-19,2026-09-06,0.15,4,quantile,0
ILI incidence,LT,2026-08-19,2026-09-06,0.2,4,quantile,0
ILI incidence,LT,2026-08-19,2026-09-06,0.25,4,quantile,0.174794805411622
ILI incidence,LT,2026-08-19,2026-09-06,0.3,4,quantile,0.414089382094534
ILI incidence,LT,2026-08-19,2026-09-06,0.35,4,quantile,0.609803620438294
ILI incidence,LT,2026-08-19,2026-09-06,0.4,4,quantile,0.903808304857645
ILI incidence,LT,2026-08-19,2026-09-06,0.45,4,quantile,1.36811690831513
ILI incidence,LT,2026-08-19,2026-09-06,0.5,4,quantile,1.96715322183009
ILI incidence,LT,2026-08-19,2026-09-06,0.55,4,quantile,3.02327349782465
ILI incidence,LT,2026-08-19,2026-09-06,0.6,4,quantile,3.90471589321257
ILI incidence,LT,2026-08-19,2026-09-06,0.65,4,quantile,5.46385534241389
ILI incidence,LT,2026-08-19,2026-09-06,0.7,4,quantile,6.89861869590215
ILI incidence,LT,2026-08-19,2026-09-06,0.75,4,quantile,9.26931902044301
ILI incidence,LT,2026-08-19,2026-09-06,0.8,4,quantile,12.0695167366863
ILI incidence,LT,2026-08-19,2026-09-06,0.85,4,quantile,15.1996198285305
ILI incidence,LT,2026-08-19,2026-09-06,0.9,4,quantile,22.1166753075984
ILI incidence,LT,2026-08-19,2026-09-06,0.95,4,quantile,36.3883916899648
ILI incidence,LT,2026-08-19,2026-09-06,0.975,4,quantile,61.3775425492043
ILI incidence,LT,2026-08-19,2026-09-06,0.99,4,quantile,87.7199905144932
ILI incidence,LT,2026-08-19,2026-08-16,,1,median,1.36909029208512
ILI incidence,LT,2026-08-19,2026-08-23,,2,median,1.53974680150956
ILI incidence,LT,2026-08-19,2026-08-30,,3,median,1.73719249327832
ILI incidence,LT,2026-08-19,2026-09-06,,4,median,1.96715322183009
ILI incidence,LU,2026-08-19,2026-08-16,0.01,1,quantile,0
ILI incidence,LU,2026-08-19,2026-08-16,0.025,1,quantile,0
ILI incidence,LU,2026-08-19,2026-08-16,0.05,1,quantile,0
ILI incidence,LU,2026-08-19,2026-08-16,0.1,1,quantile,0
ILI incidence,LU,2026-08-19,2026-08-16,0.15,1,quantile,0
ILI incidence,LU,2026-08-19,2026-08-16,0.2,1,quantile,0
ILI incidence,LU,2026-08-19,2026-08-16,0.25,1,quantile,0
ILI incidence,LU,2026-08-19,2026-08-16,0.3,1,quantile,0
ILI incidence,LU,2026-08-19,2026-08-16,0.35,1,quantile,7.45385179783896
ILI incidence,LU,2026-08-19,2026-08-16,0.4,1,quantile,28.618943361383
ILI incidence,LU,2026-08-19,2026-08-16,0.45,1,quantile,57.9096654475786
ILI incidence,LU,2026-08-19,2026-08-16,0.5,1,quantile,87.39104662713
ILI incidence,LU,2026-08-19,2026-08-16,0.55,1,quantile,122.710094205917
ILI incidence,LU,2026-08-19,2026-08-16,0.6,1,quantile,167.217955940438
ILI incidence,LU,2026-08-19,2026-08-16,0.65,1,quantile,200.767199341622
ILI incidence,LU,2026-08-19,2026-08-16,0.7,1,quantile,260.352525272384
ILI incidence,LU,2026-08-19,2026-08-16,0.75,1,quantile,319.769348936045
ILI incidence,LU,2026-08-19,2026-08-16,0.8,1,quantile,387.369310307878
ILI incidence,LU,2026-08-19,2026-08-16,0.85,1,quantile,490.610126494556
ILI incidence,LU,2026-08-19,2026-08-16,0.9,1,quantile,657.65513359373
ILI incidence,LU,2026-08-19,2026-08-16,0.95,1,quantile,1021.84930969481
ILI incidence,LU,2026-08-19,2026-08-16,0.975,1,quantile,1377.0734430785
ILI incidence,LU,2026-08-19,2026-08-16,0.99,1,quantile,1878.43648972106
ILI incidence,LU,2026-08-19,2026-08-23,0.01,2,quantile,0
ILI incidence,LU,2026-08-19,2026-08-23,0.025,2,quantile,0
ILI incidence,LU,2026-08-19,2026-08-23,0.05,2,quantile,0
ILI incidence,LU,2026-08-19,2026-08-23,0.1,2,quantile,0
ILI incidence,LU,2026-08-19,2026-08-23,0.15,2,quantile,0
ILI incidence,LU,2026-08-19,2026-08-23,0.2,2,quantile,0
ILI incidence,LU,2026-08-19,2026-08-23,0.25,2,quantile,0
ILI incidence,LU,2026-08-19,2026-08-23,0.3,2,quantile,3.70282580752861
ILI incidence,LU,2026-08-19,2026-08-23,0.35,2,quantile,35.8887215310056
ILI incidence,LU,2026-08-19,2026-08-23,0.4,2,quantile,73.6871279996349
ILI incidence,LU,2026-08-19,2026-08-23,0.45,2,quantile,115.406533535477
ILI incidence,LU,2026-08-19,2026-08-23,0.5,2,quantile,182.943047355012
ILI incidence,LU,2026-08-19,2026-08-23,0.55,2,quantile,244.136022508243
ILI incidence,LU,2026-08-19,2026-08-23,0.6,2,quantile,325.23308201026
ILI incidence,LU,2026-08-19,2026-08-23,0.65,2,quantile,432.983439148701
ILI incidence,LU,2026-08-19,2026-08-23,0.7,2,quantile,532.744367410789
ILI incidence,LU,2026-08-19,2026-08-23,0.75,2,quantile,700.473127157758
ILI incidence,LU,2026-08-19,2026-08-23,0.8,2,quantile,892.180847512027
ILI incidence,LU,2026-08-19,2026-08-23,0.85,2,quantile,1184.68989670165
ILI incidence,LU,2026-08-19,2026-08-23,0.9,2,quantile,1475.0508999154
ILI incidence,LU,2026-08-19,2026-08-23,0.95,2,quantile,1970.94398186526
ILI incidence,LU,2026-08-19,2026-08-23,0.975,2,quantile,2726.96580791184
ILI incidence,LU,2026-08-19,2026-08-23,0.99,2,quantile,4037.45818260225
ILI incidence,LU,2026-08-19,2026-08-30,0.01,3,quantile,0
ILI incidence,LU,2026-08-19,2026-08-30,0.025,3,quantile,0
ILI incidence,LU,2026-08-19,2026-08-30,0.05,3,quantile,0
ILI incidence,LU,2026-08-19,2026-08-30,0.1,3,quantile,0
ILI incidence,LU,2026-08-19,2026-08-30,0.15,3,quantile,0
ILI incidence,LU,2026-08-19,2026-08-30,0.2,3,quantile,0
ILI incidence,LU,2026-08-19,2026-08-30,0.25,3,quantile,0
ILI incidence,LU,2026-08-19,2026-08-30,0.3,3,quantile,25.0577373815463
ILI incidence,LU,2026-08-19,2026-08-30,0.35,3,quantile,79.6725215721305
ILI incidence,LU,2026-08-19,2026-08-30,0.4,3,quantile,132.394325606606
ILI incidence,LU,2026-08-19,2026-08-30,0.45,3,quantile,193.118194875941
ILI incidence,LU,2026-08-19,2026-08-30,0.5,3,quantile,290.83266146658
ILI incidence,LU,2026-08-19,2026-08-30,0.55,3,quantile,387.49649363009
ILI incidence,LU,2026-08-19,2026-08-30,0.6,3,quantile,503.834559705128
ILI incidence,LU,2026-08-19,2026-08-30,0.65,3,quantile,649.312804958793
ILI incidence,LU,2026-08-19,2026-08-30,0.7,3,quantile,824.923791715172
ILI incidence,LU,2026-08-19,2026-08-30,0.75,3,quantile,1039.46020989078
ILI incidence,LU,2026-08-19,2026-08-30,0.8,3,quantile,1329.39991592865
ILI incidence,LU,2026-08-19,2026-08-30,0.85,3,quantile,1679.06834779146
ILI incidence,LU,2026-08-19,2026-08-30,0.9,3,quantile,2168.632398213
ILI incidence,LU,2026-08-19,2026-08-30,0.95,3,quantile,3068.49975627633
ILI incidence,LU,2026-08-19,2026-08-30,0.975,3,quantile,4465.89673589805
ILI incidence,LU,2026-08-19,2026-08-30,0.99,3,quantile,6612.11261472271
ILI incidence,LU,2026-08-19,2026-09-06,0.01,4,quantile,0
ILI incidence,LU,2026-08-19,2026-09-06,0.025,4,quantile,0
ILI incidence,LU,2026-08-19,2026-09-06,0.05,4,quantile,0
ILI incidence,LU,2026-08-19,2026-09-06,0.1,4,quantile,0
ILI incidence,LU,2026-08-19,2026-09-06,0.15,4,quantile,0
ILI incidence,LU,2026-08-19,2026-09-06,0.2,4,quantile,0
ILI incidence,LU,2026-08-19,2026-09-06,0.25,4,quantile,0
ILI incidence,LU,2026-08-19,2026-09-06,0.3,4,quantile,18.7383459587019
ILI incidence,LU,2026-08-19,2026-09-06,0.35,4,quantile,99.5718201922302
ILI incidence,LU,2026-08-19,2026-09-06,0.4,4,quantile,191.70057300042
ILI incidence,LU,2026-08-19,2026-09-06,0.45,4,quantile,309.301936282875
ILI incidence,LU,2026-08-19,2026-09-06,0.5,4,quantile,413.616176754036
ILI incidence,LU,2026-08-19,2026-09-06,0.55,4,quantile,532.151188742381
ILI incidence,LU,2026-08-19,2026-09-06,0.6,4,quantile,724.631738195862
ILI incidence,LU,2026-08-19,2026-09-06,0.65,4,quantile,936.260205549574
ILI incidence,LU,2026-08-19,2026-09-06,0.7,4,quantile,1164.58631037271
ILI incidence,LU,2026-08-19,2026-09-06,0.75,4,quantile,1474.94331586059
ILI incidence,LU,2026-08-19,2026-09-06,0.8,4,quantile,1781.26907142107
ILI incidence,LU,2026-08-19,2026-09-06,0.85,4,quantile,2308.47081164125
ILI incidence,LU,2026-08-19,2026-09-06,0.9,4,quantile,3168.91699344746
ILI incidence,LU,2026-08-19,2026-09-06,0.95,4,quantile,4631.72768834688
ILI incidence,LU,2026-08-19,2026-09-06,0.975,4,quantile,6698.9094078246
ILI incidence,LU,2026-08-19,2026-09-06,0.99,4,quantile,8422.9718810315
ILI incidence,LU,2026-08-19,2026-08-16,,1,median,87.39104662713
ILI incidence,LU,2026-08-19,2026-08-23,,2,median,182.943047355012
ILI incidence,LU,2026-08-19,2026-08-30,,3,median,290.83266146658
ILI incidence,LU,2026-08-19,2026-09-06,,4,median,413.616176754036
ILI incidence,MT,2026-08-19,2026-08-16,0.01,1,quantile,548.592514394838
ILI incidence,MT,2026-08-19,2026-08-16,0.025,1,quantile,875.896138147048
ILI incidence,MT,2026-08-19,2026-08-16,0.05,1,quantile,1242.74985845308
ILI incidence,MT,2026-08-19,2026-08-16,0.1,1,quantile,1792.55238222901
ILI incidence,MT,2026-08-19,2026-08-16,0.15,1,quantile,2297.52537696663
ILI incidence,MT,2026-08-19,2026-08-16,0.2,1,quantile,2646.18169215393
ILI incidence,MT,2026-08-19,2026-08-16,0.25,1,quantile,2954.76265333742
ILI incidence,MT,2026-08-19,2026-08-16,0.3,1,quantile,3260.19850036288
ILI incidence,MT,2026-08-19,2026-08-16,0.35,1,quantile,3613.80142499392
ILI incidence,MT,2026-08-19,2026-08-16,0.4,1,quantile,3948.24191246599
ILI incidence,MT,2026-08-19,2026-08-16,0.45,1,quantile,4296.56966367027
ILI incidence,MT,2026-08-19,2026-08-16,0.5,1,quantile,4664.91926651317
ILI incidence,MT,2026-08-19,2026-08-16,0.55,1,quantile,4958.14590994966
ILI incidence,MT,2026-08-19,2026-08-16,0.6,1,quantile,5352.0288267052
ILI incidence,MT,2026-08-19,2026-08-16,0.65,1,quantile,5726.72436016473
ILI incidence,MT,2026-08-19,2026-08-16,0.7,1,quantile,6095.87411410256
ILI incidence,MT,2026-08-19,2026-08-16,0.75,1,quantile,6617.37362733969
ILI incidence,MT,2026-08-19,2026-08-16,0.8,1,quantile,7233.84434129076
ILI incidence,MT,2026-08-19,2026-08-16,0.85,1,quantile,8189.34740878589
ILI incidence,MT,2026-08-19,2026-08-16,0.9,1,quantile,9262.50902363739
ILI incidence,MT,2026-08-19,2026-08-16,0.95,1,quantile,10840.9881366987
ILI incidence,MT,2026-08-19,2026-08-16,0.975,1,quantile,12989.7430350568
ILI incidence,MT,2026-08-19,2026-08-16,0.99,1,quantile,14918.4177757387
ILI incidence,MT,2026-08-19,2026-08-23,0.01,2,quantile,955.884586595632
ILI incidence,MT,2026-08-19,2026-08-23,0.025,2,quantile,976.356542000023
ILI incidence,MT,2026-08-19,2026-08-23,0.05,2,quantile,1105.8112912972
ILI incidence,MT,2026-08-19,2026-08-23,0.1,2,quantile,1429.85805464745
ILI incidence,MT,2026-08-19,2026-08-23,0.15,2,quantile,1788.20213074821
ILI incidence,MT,2026-08-19,2026-08-23,0.2,2,quantile,2170.38986322834
ILI incidence,MT,2026-08-19,2026-08-23,0.25,2,quantile,2549.52582866825
ILI incidence,MT,2026-08-19,2026-08-23,0.3,2,quantile,2942.9792063053
ILI incidence,MT,2026-08-19,2026-08-23,0.35,2,quantile,3317.8335123701
ILI incidence,MT,2026-08-19,2026-08-23,0.4,2,quantile,3679.39108826421
ILI incidence,MT,2026-08-19,2026-08-23,0.45,2,quantile,4144.77280671025
ILI incidence,MT,2026-08-19,2026-08-23,0.5,2,quantile,4611.52245859394
ILI incidence,MT,2026-08-19,2026-08-23,0.55,2,quantile,4980.01418104218
ILI incidence,MT,2026-08-19,2026-08-23,0.6,2,quantile,5378.31203929992
ILI incidence,MT,2026-08-19,2026-08-23,0.65,2,quantile,5787.54851071761
ILI incidence,MT,2026-08-19,2026-08-23,0.7,2,quantile,6522.26025642745
ILI incidence,MT,2026-08-19,2026-08-23,0.75,2,quantile,7351.44387170492
ILI incidence,MT,2026-08-19,2026-08-23,0.8,2,quantile,8310.84441191435
ILI incidence,MT,2026-08-19,2026-08-23,0.85,2,quantile,9604.79771384049
ILI incidence,MT,2026-08-19,2026-08-23,0.9,2,quantile,11492.4392831793
ILI incidence,MT,2026-08-19,2026-08-23,0.95,2,quantile,14189.6269630551
ILI incidence,MT,2026-08-19,2026-08-23,0.975,2,quantile,17077.6089141631
ILI incidence,MT,2026-08-19,2026-08-23,0.99,2,quantile,21063.7077966538
ILI incidence,MT,2026-08-19,2026-08-30,0.01,3,quantile,1564.61984096757
ILI incidence,MT,2026-08-19,2026-08-30,0.025,3,quantile,1564.61984096757
ILI incidence,MT,2026-08-19,2026-08-30,0.05,3,quantile,1564.61984096757
ILI incidence,MT,2026-08-19,2026-08-30,0.1,3,quantile,1663.97250292337
ILI incidence,MT,2026-08-19,2026-08-30,0.15,3,quantile,1859.79420728597
ILI incidence,MT,2026-08-19,2026-08-30,0.2,3,quantile,2169.72892933572
ILI incidence,MT,2026-08-19,2026-08-30,0.25,3,quantile,2446.92928335508
ILI incidence,MT,2026-08-19,2026-08-30,0.3,3,quantile,2893.8067651185
ILI incidence,MT,2026-08-19,2026-08-30,0.35,3,quantile,3372.36573384337
ILI incidence,MT,2026-08-19,2026-08-30,0.4,3,quantile,3748.43466892873
ILI incidence,MT,2026-08-19,2026-08-30,0.45,3,quantile,4139.14876815878
ILI incidence,MT,2026-08-19,2026-08-30,0.5,3,quantile,4562.37152102935
ILI incidence,MT,2026-08-19,2026-08-30,0.55,3,quantile,5194.79650452838
ILI incidence,MT,2026-08-19,2026-08-30,0.6,3,quantile,5767.13012724443
ILI incidence,MT,2026-08-19,2026-08-30,0.65,3,quantile,6288.73163235442
ILI incidence,MT,2026-08-19,2026-08-30,0.7,3,quantile,7157.69519439846
ILI incidence,MT,2026-08-19,2026-08-30,0.75,3,quantile,8003.52501083946
ILI incidence,MT,2026-08-19,2026-08-30,0.8,3,quantile,8782.66853143225
ILI incidence,MT,2026-08-19,2026-08-30,0.85,3,quantile,10653.4147747595
ILI incidence,MT,2026-08-19,2026-08-30,0.9,3,quantile,12721.1380760856
ILI incidence,MT,2026-08-19,2026-08-30,0.95,3,quantile,16736.7096718329
ILI incidence,MT,2026-08-19,2026-08-30,0.975,3,quantile,21076.5460531522
ILI incidence,MT,2026-08-19,2026-08-30,0.99,3,quantile,25186.1811952272
ILI incidence,MT,2026-08-19,2026-09-06,0.01,4,quantile,1667.89984123308
ILI incidence,MT,2026-08-19,2026-09-06,0.025,4,quantile,1667.89984123308
ILI incidence,MT,2026-08-19,2026-09-06,0.05,4,quantile,1667.89984123308
ILI incidence,MT,2026-08-19,2026-09-06,0.1,4,quantile,1721.45137422367
ILI incidence,MT,2026-08-19,2026-09-06,0.15,4,quantile,1831.3586406286
ILI incidence,MT,2026-08-19,2026-09-06,0.2,4,quantile,2007.60478455131
ILI incidence,MT,2026-08-19,2026-09-06,0.25,4,quantile,2220.38377333369
ILI incidence,MT,2026-08-19,2026-09-06,0.3,4,quantile,2547.11681192511
ILI incidence,MT,2026-08-19,2026-09-06,0.35,4,quantile,2968.2828362637
ILI incidence,MT,2026-08-19,2026-09-06,0.4,4,quantile,3494.32502475401
ILI incidence,MT,2026-08-19,2026-09-06,0.45,4,quantile,3893.02538559907
ILI incidence,MT,2026-08-19,2026-09-06,0.5,4,quantile,4521.36528085992
ILI incidence,MT,2026-08-19,2026-09-06,0.55,4,quantile,5078.1491975184
ILI incidence,MT,2026-08-19,2026-09-06,0.6,4,quantile,5683.40465248479
ILI incidence,MT,2026-08-19,2026-09-06,0.65,4,quantile,6478.33342390233
ILI incidence,MT,2026-08-19,2026-09-06,0.7,4,quantile,7175.16003011385
ILI incidence,MT,2026-08-19,2026-09-06,0.75,4,quantile,8250.19398330325
ILI incidence,MT,2026-08-19,2026-09-06,0.8,4,quantile,9350.72788146082
ILI incidence,MT,2026-08-19,2026-09-06,0.85,4,quantile,10965.8306501462
ILI incidence,MT,2026-08-19,2026-09-06,0.9,4,quantile,13190.3374150039
ILI incidence,MT,2026-08-19,2026-09-06,0.95,4,quantile,16770.3606515502
ILI incidence,MT,2026-08-19,2026-09-06,0.975,4,quantile,19554.6423195496
ILI incidence,MT,2026-08-19,2026-09-06,0.99,4,quantile,26143.6904408827
ILI incidence,MT,2026-08-19,2026-08-16,,1,median,4664.91926651317
ILI incidence,MT,2026-08-19,2026-08-23,,2,median,4611.52245859394
ILI incidence,MT,2026-08-19,2026-08-30,,3,median,4562.37152102935
ILI incidence,MT,2026-08-19,2026-09-06,,4,median,4521.36528085992
ILI incidence,NO,2026-08-19,2026-08-16,0.01,1,quantile,1.2661036999409
ILI incidence,NO,2026-08-19,2026-08-16,0.025,1,quantile,1.93784846062134
ILI incidence,NO,2026-08-19,2026-08-16,0.05,1,quantile,2.40055247545843
ILI incidence,NO,2026-08-19,2026-08-16,0.1,1,quantile,3.15437540972672
ILI incidence,NO,2026-08-19,2026-08-16,0.15,1,quantile,3.86617139364989
ILI incidence,NO,2026-08-19,2026-08-16,0.2,1,quantile,4.28972280934001
ILI incidence,NO,2026-08-19,2026-08-16,0.25,1,quantile,4.83305914498086
ILI incidence,NO,2026-08-19,2026-08-16,0.3,1,quantile,5.22363111868991
ILI incidence,NO,2026-08-19,2026-08-16,0.35,1,quantile,5.68797008187603
ILI incidence,NO,2026-08-19,2026-08-16,0.4,1,quantile,6.11976295314035
ILI incidence,NO,2026-08-19,2026-08-16,0.45,1,quantile,6.50801556025706
ILI incidence,NO,2026-08-19,2026-08-16,0.5,1,quantile,7.22849255705539
ILI incidence,NO,2026-08-19,2026-08-16,0.55,1,quantile,7.76894714467087
ILI incidence,NO,2026-08-19,2026-08-16,0.6,1,quantile,8.33681084573406
ILI incidence,NO,2026-08-19,2026-08-16,0.65,1,quantile,8.80294074814634
ILI incidence,NO,2026-08-19,2026-08-16,0.7,1,quantile,9.48925787371992
ILI incidence,NO,2026-08-19,2026-08-16,0.75,1,quantile,10.1264439301573
ILI incidence,NO,2026-08-19,2026-08-16,0.8,1,quantile,10.9839553047129
ILI incidence,NO,2026-08-19,2026-08-16,0.85,1,quantile,11.9813056307095
ILI incidence,NO,2026-08-19,2026-08-16,0.9,1,quantile,13.6201033577798
ILI incidence,NO,2026-08-19,2026-08-16,0.95,1,quantile,16.1693022463139
ILI incidence,NO,2026-08-19,2026-08-16,0.975,1,quantile,19.2297426850892
ILI incidence,NO,2026-08-19,2026-08-16,0.99,1,quantile,24.5165595157636
ILI incidence,NO,2026-08-19,2026-08-23,0.01,2,quantile,1.17561687715807
ILI incidence,NO,2026-08-19,2026-08-23,0.025,2,quantile,1.52379230321521
ILI incidence,NO,2026-08-19,2026-08-23,0.05,2,quantile,1.90154852851517
ILI incidence,NO,2026-08-19,2026-08-23,0.1,2,quantile,2.78360365348147
ILI incidence,NO,2026-08-19,2026-08-23,0.15,2,quantile,3.40726712577062
ILI incidence,NO,2026-08-19,2026-08-23,0.2,2,quantile,4.07620036267202
ILI incidence,NO,2026-08-19,2026-08-23,0.25,2,quantile,4.47973597383987
ILI incidence,NO,2026-08-19,2026-08-23,0.3,2,quantile,5.00095291753909
ILI incidence,NO,2026-08-19,2026-08-23,0.35,2,quantile,5.58255583356071
ILI incidence,NO,2026-08-19,2026-08-23,0.4,2,quantile,6.22469112930509
ILI incidence,NO,2026-08-19,2026-08-23,0.45,2,quantile,6.84524140926432
ILI incidence,NO,2026-08-19,2026-08-23,0.5,2,quantile,7.59319960205893
ILI incidence,NO,2026-08-19,2026-08-23,0.55,2,quantile,8.31707866520031
ILI incidence,NO,2026-08-19,2026-08-23,0.6,2,quantile,9.18204595903187
ILI incidence,NO,2026-08-19,2026-08-23,0.65,2,quantile,10.1262960510051
ILI incidence,NO,2026-08-19,2026-08-23,0.7,2,quantile,11.2890532784331
ILI incidence,NO,2026-08-19,2026-08-23,0.75,2,quantile,12.4803867515492
ILI incidence,NO,2026-08-19,2026-08-23,0.8,2,quantile,14.0368279239589
ILI incidence,NO,2026-08-19,2026-08-23,0.85,2,quantile,15.8315253863767
ILI incidence,NO,2026-08-19,2026-08-23,0.9,2,quantile,18.6300967543469
ILI incidence,NO,2026-08-19,2026-08-23,0.95,2,quantile,23.2734806923351
ILI incidence,NO,2026-08-19,2026-08-23,0.975,2,quantile,28.0499477813102
ILI incidence,NO,2026-08-19,2026-08-23,0.99,2,quantile,33.8487604765198
ILI incidence,NO,2026-08-19,2026-08-30,0.01,3,quantile,1.68307681827246
ILI incidence,NO,2026-08-19,2026-08-30,0.025,3,quantile,1.85975605002247
ILI incidence,NO,2026-08-19,2026-08-30,0.05,3,quantile,2.11282600137684
ILI incidence,NO,2026-08-19,2026-08-30,0.1,3,quantile,2.71781306821581
ILI incidence,NO,2026-08-19,2026-08-30,0.15,3,quantile,3.13390814134993
ILI incidence,NO,2026-08-19,2026-08-30,0.2,3,quantile,3.73435724355883
ILI incidence,NO,2026-08-19,2026-08-30,0.25,3,quantile,4.29714958809815
ILI incidence,NO,2026-08-19,2026-08-30,0.3,3,quantile,4.98394740122618
ILI incidence,NO,2026-08-19,2026-08-30,0.35,3,quantile,5.68766702967018
ILI incidence,NO,2026-08-19,2026-08-30,0.4,3,quantile,6.60853289275972
ILI incidence,NO,2026-08-19,2026-08-30,0.45,3,quantile,7.29296761769851
ILI incidence,NO,2026-08-19,2026-08-30,0.5,3,quantile,8.02921641976179
ILI incidence,NO,2026-08-19,2026-08-30,0.55,3,quantile,9.19283919911149
ILI incidence,NO,2026-08-19,2026-08-30,0.6,3,quantile,10.2587058100292
ILI incidence,NO,2026-08-19,2026-08-30,0.65,3,quantile,11.4870852728543
ILI incidence,NO,2026-08-19,2026-08-30,0.7,3,quantile,12.6882892158686
ILI incidence,NO,2026-08-19,2026-08-30,0.75,3,quantile,14.4422758785343
ILI incidence,NO,2026-08-19,2026-08-30,0.8,3,quantile,16.8391384999926
ILI incidence,NO,2026-08-19,2026-08-30,0.85,3,quantile,19.8083564589758
ILI incidence,NO,2026-08-19,2026-08-30,0.9,3,quantile,24.1961099748381
ILI incidence,NO,2026-08-19,2026-08-30,0.95,3,quantile,31.287804300469
ILI incidence,NO,2026-08-19,2026-08-30,0.975,3,quantile,39.3319593959097
ILI incidence,NO,2026-08-19,2026-08-30,0.99,3,quantile,49.0302996315854
ILI incidence,NO,2026-08-19,2026-09-06,0.01,4,quantile,1.7844302301792
ILI incidence,NO,2026-08-19,2026-09-06,0.025,4,quantile,1.79456184851247
ILI incidence,NO,2026-08-19,2026-09-06,0.05,4,quantile,1.94328274496519
ILI incidence,NO,2026-08-19,2026-09-06,0.1,4,quantile,2.35628171314346
ILI incidence,NO,2026-08-19,2026-09-06,0.15,4,quantile,2.91424278658657
ILI incidence,NO,2026-08-19,2026-09-06,0.2,4,quantile,3.48435616340727
ILI incidence,NO,2026-08-19,2026-09-06,0.25,4,quantile,4.13232406236362
ILI incidence,NO,2026-08-19,2026-09-06,0.3,4,quantile,4.88199065978153
ILI incidence,NO,2026-08-19,2026-09-06,0.35,4,quantile,5.76714498543849
ILI incidence,NO,2026-08-19,2026-09-06,0.4,4,quantile,6.7555310396916
ILI incidence,NO,2026-08-19,2026-09-06,0.45,4,quantile,7.7144030247492
ILI incidence,NO,2026-08-19,2026-09-06,0.5,4,quantile,8.54609639630766
ILI incidence,NO,2026-08-19,2026-09-06,0.55,4,quantile,9.93456817110451
ILI incidence,NO,2026-08-19,2026-09-06,0.6,4,quantile,11.1974147314154
ILI incidence,NO,2026-08-19,2026-09-06,0.65,4,quantile,12.3140798324339
ILI incidence,NO,2026-08-19,2026-09-06,0.7,4,quantile,13.9974371808619
ILI incidence,NO,2026-08-19,2026-09-06,0.75,4,quantile,16.5163749255277
ILI incidence,NO,2026-08-19,2026-09-06,0.8,4,quantile,19.9518965045941
ILI incidence,NO,2026-08-19,2026-09-06,0.85,4,quantile,23.8878716784955
ILI incidence,NO,2026-08-19,2026-09-06,0.9,4,quantile,29.6996481448588
ILI incidence,NO,2026-08-19,2026-09-06,0.95,4,quantile,41.8008080218377
ILI incidence,NO,2026-08-19,2026-09-06,0.975,4,quantile,52.8223773987571
ILI incidence,NO,2026-08-19,2026-09-06,0.99,4,quantile,70.7862017944206
ILI incidence,NO,2026-08-19,2026-08-16,,1,median,7.22849255705539
ILI incidence,NO,2026-08-19,2026-08-23,,2,median,7.59319960205893
ILI incidence,NO,2026-08-19,2026-08-30,,3,median,8.02921641976179
ILI incidence,NO,2026-08-19,2026-09-06,,4,median,8.54609639630766
ILI incidence,RO,2026-08-19,2026-08-16,0.01,1,quantile,0
ILI incidence,RO,2026-08-19,2026-08-16,0.025,1,quantile,0
ILI incidence,RO,2026-08-19,2026-08-16,0.05,1,quantile,0
ILI incidence,RO,2026-08-19,2026-08-16,0.1,1,quantile,0.0128089553469365
ILI incidence,RO,2026-08-19,2026-08-16,0.15,1,quantile,0.0323954217680439
ILI incidence,RO,2026-08-19,2026-08-16,0.2,1,quantile,0.0566988982064217
ILI incidence,RO,2026-08-19,2026-08-16,0.25,1,quantile,0.0769846429993479
ILI incidence,RO,2026-08-19,2026-08-16,0.3,1,quantile,0.104022152748512
ILI incidence,RO,2026-08-19,2026-08-16,0.35,1,quantile,0.129604600305352
ILI incidence,RO,2026-08-19,2026-08-16,0.4,1,quantile,0.165956366217967
ILI incidence,RO,2026-08-19,2026-08-16,0.45,1,quantile,0.205580969609167
ILI incidence,RO,2026-08-19,2026-08-16,0.5,1,quantile,0.258122047855592
ILI incidence,RO,2026-08-19,2026-08-16,0.55,1,quantile,0.315639397752642
ILI incidence,RO,2026-08-19,2026-08-16,0.6,1,quantile,0.390606387046873
ILI incidence,RO,2026-08-19,2026-08-16,0.65,1,quantile,0.483306149392452
ILI incidence,RO,2026-08-19,2026-08-16,0.7,1,quantile,0.587658700756418
ILI incidence,RO,2026-08-19,2026-08-16,0.75,1,quantile,0.688591097652689
ILI incidence,RO,2026-08-19,2026-08-16,0.8,1,quantile,0.832959957031672
ILI incidence,RO,2026-08-19,2026-08-16,0.85,1,quantile,1.01883703117692
ILI incidence,RO,2026-08-19,2026-08-16,0.9,1,quantile,1.2030155122466
ILI incidence,RO,2026-08-19,2026-08-16,0.95,1,quantile,1.55285596891979
ILI incidence,RO,2026-08-19,2026-08-16,0.975,1,quantile,1.83479446109317
ILI incidence,RO,2026-08-19,2026-08-16,0.99,1,quantile,2.18509978466976
ILI incidence,RO,2026-08-19,2026-08-23,0.01,2,quantile,0
ILI incidence,RO,2026-08-19,2026-08-23,0.025,2,quantile,0
ILI incidence,RO,2026-08-19,2026-08-23,0.05,2,quantile,0
ILI incidence,RO,2026-08-19,2026-08-23,0.1,2,quantile,0
ILI incidence,RO,2026-08-19,2026-08-23,0.15,2,quantile,0.0251994303268976
ILI incidence,RO,2026-08-19,2026-08-23,0.2,2,quantile,0.0502436071633147
ILI incidence,RO,2026-08-19,2026-08-23,0.25,2,quantile,0.0859202400289917
ILI incidence,RO,2026-08-19,2026-08-23,0.3,2,quantile,0.119943286384206
ILI incidence,RO,2026-08-19,2026-08-23,0.35,2,quantile,0.145862731671659
ILI incidence,RO,2026-08-19,2026-08-23,0.4,2,quantile,0.192409113066756
ILI incidence,RO,2026-08-19,2026-08-23,0.45,2,quantile,0.22870443793219
ILI incidence,RO,2026-08-19,2026-08-23,0.5,2,quantile,0.274384127482128
ILI incidence,RO,2026-08-19,2026-08-23,0.55,2,quantile,0.343234674388365
ILI incidence,RO,2026-08-19,2026-08-23,0.6,2,quantile,0.42336180887912
ILI incidence,RO,2026-08-19,2026-08-23,0.65,2,quantile,0.512244951434426
ILI incidence,RO,2026-08-19,2026-08-23,0.7,2,quantile,0.610618560069009
ILI incidence,RO,2026-08-19,2026-08-23,0.75,2,quantile,0.711368769047396
ILI incidence,RO,2026-08-19,2026-08-23,0.8,2,quantile,0.863854678996903
ILI incidence,RO,2026-08-19,2026-08-23,0.85,2,quantile,1.07240536038731
ILI incidence,RO,2026-08-19,2026-08-23,0.9,2,quantile,1.27464054227263
ILI incidence,RO,2026-08-19,2026-08-23,0.95,2,quantile,1.75246685876134
ILI incidence,RO,2026-08-19,2026-08-23,0.975,2,quantile,2.18098194661302
ILI incidence,RO,2026-08-19,2026-08-23,0.99,2,quantile,2.76588715586575
ILI incidence,RO,2026-08-19,2026-08-30,0.01,3,quantile,0
ILI incidence,RO,2026-08-19,2026-08-30,0.025,3,quantile,0
ILI incidence,RO,2026-08-19,2026-08-30,0.05,3,quantile,0
ILI incidence,RO,2026-08-19,2026-08-30,0.1,3,quantile,0
ILI incidence,RO,2026-08-19,2026-08-30,0.15,3,quantile,0.00649549085502283
ILI incidence,RO,2026-08-19,2026-08-30,0.2,3,quantile,0.0499991611020171
ILI incidence,RO,2026-08-19,2026-08-30,0.25,3,quantile,0.0810906481846481
ILI incidence,RO,2026-08-19,2026-08-30,0.3,3,quantile,0.123439981642766
ILI incidence,RO,2026-08-19,2026-08-30,0.35,3,quantile,0.157010548516734
ILI incidence,RO,2026-08-19,2026-08-30,0.4,3,quantile,0.198910886344408
ILI incidence,RO,2026-08-19,2026-08-30,0.45,3,quantile,0.238419883732485
ILI incidence,RO,2026-08-19,2026-08-30,0.5,3,quantile,0.294727857621288
ILI incidence,RO,2026-08-19,2026-08-30,0.55,3,quantile,0.367355871223544
ILI incidence,RO,2026-08-19,2026-08-30,0.6,3,quantile,0.455602461502929
ILI incidence,RO,2026-08-19,2026-08-30,0.65,3,quantile,0.509830207832015
ILI incidence,RO,2026-08-19,2026-08-30,0.7,3,quantile,0.6681483410198
ILI incidence,RO,2026-08-19,2026-08-30,0.75,3,quantile,0.760775144411594
ILI incidence,RO,2026-08-19,2026-08-30,0.8,3,quantile,0.931427404782182
ILI incidence,RO,2026-08-19,2026-08-30,0.85,3,quantile,1.13315058054866
ILI incidence,RO,2026-08-19,2026-08-30,0.9,3,quantile,1.43240348906104
ILI incidence,RO,2026-08-19,2026-08-30,0.95,3,quantile,1.92272609325477
ILI incidence,RO,2026-08-19,2026-08-30,0.975,3,quantile,2.71740280033142
ILI incidence,RO,2026-08-19,2026-08-30,0.99,3,quantile,3.62580773787103
ILI incidence,RO,2026-08-19,2026-09-06,0.01,4,quantile,0
ILI incidence,RO,2026-08-19,2026-09-06,0.025,4,quantile,0
ILI incidence,RO,2026-08-19,2026-09-06,0.05,4,quantile,0
ILI incidence,RO,2026-08-19,2026-09-06,0.1,4,quantile,0
ILI incidence,RO,2026-08-19,2026-09-06,0.15,4,quantile,0
ILI incidence,RO,2026-08-19,2026-09-06,0.2,4,quantile,0.0109299731804958
ILI incidence,RO,2026-08-19,2026-09-06,0.25,4,quantile,0.052867618681152
ILI incidence,RO,2026-08-19,2026-09-06,0.3,4,quantile,0.0972918693700677
ILI incidence,RO,2026-08-19,2026-09-06,0.35,4,quantile,0.142537898158054
ILI incidence,RO,2026-08-19,2026-09-06,0.4,4,quantile,0.200420754338525
ILI incidence,RO,2026-08-19,2026-09-06,0.45,4,quantile,0.258005613899539
ILI incidence,RO,2026-08-19,2026-09-06,0.5,4,quantile,0.319501977161695
ILI incidence,RO,2026-08-19,2026-09-06,0.55,4,quantile,0.391860838182589
ILI incidence,RO,2026-08-19,2026-09-06,0.6,4,quantile,0.486878637500148
ILI incidence,RO,2026-08-19,2026-09-06,0.65,4,quantile,0.604977974029432
ILI incidence,RO,2026-08-19,2026-09-06,0.7,4,quantile,0.726387066253461
ILI incidence,RO,2026-08-19,2026-09-06,0.75,4,quantile,0.861430606208597
ILI incidence,RO,2026-08-19,2026-09-06,0.8,4,quantile,1.06272373781759
ILI incidence,RO,2026-08-19,2026-09-06,0.85,4,quantile,1.32228496275909
ILI incidence,RO,2026-08-19,2026-09-06,0.9,4,quantile,1.7444658168176
ILI incidence,RO,2026-08-19,2026-09-06,0.95,4,quantile,2.36158685069238
ILI incidence,RO,2026-08-19,2026-09-06,0.975,4,quantile,3.24441452222196
ILI incidence,RO,2026-08-19,2026-09-06,0.99,4,quantile,5.00829500660457
ILI incidence,RO,2026-08-19,2026-08-16,,1,median,0.258122047855592
ILI incidence,RO,2026-08-19,2026-08-23,,2,median,0.274384127482128
ILI incidence,RO,2026-08-19,2026-08-30,,3,median,0.294727857621288
ILI incidence,RO,2026-08-19,2026-09-06,,4,median,0.319501977161695
ILI incidence,SI,2026-08-19,2026-08-16,0.01,1,quantile,0
ILI incidence,SI,2026-08-19,2026-08-16,0.025,1,quantile,0
ILI incidence,SI,2026-08-19,2026-08-16,0.05,1,quantile,0
ILI incidence,SI,2026-08-19,2026-08-16,0.1,1,quantile,0
ILI incidence,SI,2026-08-19,2026-08-16,0.15,1,quantile,0
ILI incidence,SI,2026-08-19,2026-08-16,0.2,1,quantile,0
ILI incidence,SI,2026-08-19,2026-08-16,0.25,1,quantile,0
ILI incidence,SI,2026-08-19,2026-08-16,0.3,1,quantile,0
ILI incidence,SI,2026-08-19,2026-08-16,0.35,1,quantile,0
ILI incidence,SI,2026-08-19,2026-08-16,0.4,1,quantile,0
ILI incidence,SI,2026-08-19,2026-08-16,0.45,1,quantile,0.0993802136153466
ILI incidence,SI,2026-08-19,2026-08-16,0.5,1,quantile,0.38455288983765
ILI incidence,SI,2026-08-19,2026-08-16,0.55,1,quantile,0.722504476207868
ILI incidence,SI,2026-08-19,2026-08-16,0.6,1,quantile,1.14360568017817
ILI incidence,SI,2026-08-19,2026-08-16,0.65,1,quantile,1.57301523249715
ILI incidence,SI,2026-08-19,2026-08-16,0.7,1,quantile,2.16977600848874
ILI incidence,SI,2026-08-19,2026-08-16,0.75,1,quantile,2.86514521500028
ILI incidence,SI,2026-08-19,2026-08-16,0.8,1,quantile,3.57635436408528
ILI incidence,SI,2026-08-19,2026-08-16,0.85,1,quantile,4.57892844945242
ILI incidence,SI,2026-08-19,2026-08-16,0.9,1,quantile,6.31249954749745
ILI incidence,SI,2026-08-19,2026-08-16,0.95,1,quantile,10.5145004948871
ILI incidence,SI,2026-08-19,2026-08-16,0.975,1,quantile,12.9227571410496
ILI incidence,SI,2026-08-19,2026-08-16,0.99,1,quantile,18.6424194119699
ILI incidence,SI,2026-08-19,2026-08-23,0.01,2,quantile,0
ILI incidence,SI,2026-08-19,2026-08-23,0.025,2,quantile,0
ILI incidence,SI,2026-08-19,2026-08-23,0.05,2,quantile,0
ILI incidence,SI,2026-08-19,2026-08-23,0.1,2,quantile,0
ILI incidence,SI,2026-08-19,2026-08-23,0.15,2,quantile,0
ILI incidence,SI,2026-08-19,2026-08-23,0.2,2,quantile,0
ILI incidence,SI,2026-08-19,2026-08-23,0.25,2,quantile,0
ILI incidence,SI,2026-08-19,2026-08-23,0.3,2,quantile,0
ILI incidence,SI,2026-08-19,2026-08-23,0.35,2,quantile,0
ILI incidence,SI,2026-08-19,2026-08-23,0.4,2,quantile,0
ILI incidence,SI,2026-08-19,2026-08-23,0.45,2,quantile,0.274439740162171
ILI incidence,SI,2026-08-19,2026-08-23,0.5,2,quantile,0.705797224224662
ILI incidence,SI,2026-08-19,2026-08-23,0.55,2,quantile,1.22053674407034
ILI incidence,SI,2026-08-19,2026-08-23,0.6,2,quantile,1.88971480164839
ILI incidence,SI,2026-08-19,2026-08-23,0.65,2,quantile,2.51160229974045
ILI incidence,SI,2026-08-19,2026-08-23,0.7,2,quantile,3.39320894693351
ILI incidence,SI,2026-08-19,2026-08-23,0.75,2,quantile,4.71560880590228
ILI incidence,SI,2026-08-19,2026-08-23,0.8,2,quantile,6.64531344531746
ILI incidence,SI,2026-08-19,2026-08-23,0.85,2,quantile,8.452267045168
ILI incidence,SI,2026-08-19,2026-08-23,0.9,2,quantile,11.8297915652424
ILI incidence,SI,2026-08-19,2026-08-23,0.95,2,quantile,17.8344567506064
ILI incidence,SI,2026-08-19,2026-08-23,0.975,2,quantile,25.1738911976351
ILI incidence,SI,2026-08-19,2026-08-23,0.99,2,quantile,39.4451277933691
ILI incidence,SI,2026-08-19,2026-08-30,0.01,3,quantile,0
ILI incidence,SI,2026-08-19,2026-08-30,0.025,3,quantile,0
ILI incidence,SI,2026-08-19,2026-08-30,0.05,3,quantile,0
ILI incidence,SI,2026-08-19,2026-08-30,0.1,3,quantile,0
ILI incidence,SI,2026-08-19,2026-08-30,0.15,3,quantile,0
ILI incidence,SI,2026-08-19,2026-08-30,0.2,3,quantile,0
ILI incidence,SI,2026-08-19,2026-08-30,0.25,3,quantile,0
ILI incidence,SI,2026-08-19,2026-08-30,0.3,3,quantile,0
ILI incidence,SI,2026-08-19,2026-08-30,0.35,3,quantile,0
ILI incidence,SI,2026-08-19,2026-08-30,0.4,3,quantile,0
ILI incidence,SI,2026-08-19,2026-08-30,0.45,3,quantile,0.453590572385201
ILI incidence,SI,2026-08-19,2026-08-30,0.5,3,quantile,1.06929302479596
ILI incidence,SI,2026-08-19,2026-08-30,0.55,3,quantile,1.95971890429513
ILI incidence,SI,2026-08-19,2026-08-30,0.6,3,quantile,3.02964331372042
ILI incidence,SI,2026-08-19,2026-08-30,0.65,3,quantile,4.2635850066569
ILI incidence,SI,2026-08-19,2026-08-30,0.7,3,quantile,6.13553036535521
ILI incidence,SI,2026-08-19,2026-08-30,0.75,3,quantile,8.12806928940586
ILI incidence,SI,2026-08-19,2026-08-30,0.8,3,quantile,10.1636358917761
ILI incidence,SI,2026-08-19,2026-08-30,0.85,3,quantile,13.2954596676262
ILI incidence,SI,2026-08-19,2026-08-30,0.9,3,quantile,18.7932824533327
ILI incidence,SI,2026-08-19,2026-08-30,0.95,3,quantile,29.8606366870941
ILI incidence,SI,2026-08-19,2026-08-30,0.975,3,quantile,40.0108775474404
ILI incidence,SI,2026-08-19,2026-08-30,0.99,3,quantile,62.1541049742904
ILI incidence,SI,2026-08-19,2026-09-06,0.01,4,quantile,0
ILI incidence,SI,2026-08-19,2026-09-06,0.025,4,quantile,0
ILI incidence,SI,2026-08-19,2026-09-06,0.05,4,quantile,0
ILI incidence,SI,2026-08-19,2026-09-06,0.1,4,quantile,0
ILI incidence,SI,2026-08-19,2026-09-06,0.15,4,quantile,0
ILI incidence,SI,2026-08-19,2026-09-06,0.2,4,quantile,0
ILI incidence,SI,2026-08-19,2026-09-06,0.25,4,quantile,0
ILI incidence,SI,2026-08-19,2026-09-06,0.3,4,quantile,0
ILI incidence,SI,2026-08-19,2026-09-06,0.35,4,quantile,0
ILI incidence,SI,2026-08-19,2026-09-06,0.4,4,quantile,0
ILI incidence,SI,2026-08-19,2026-09-06,0.45,4,quantile,0.446549673635952
ILI incidence,SI,2026-08-19,2026-09-06,0.5,4,quantile,1.48720943826273
ILI incidence,SI,2026-08-19,2026-09-06,0.55,4,quantile,2.76431834228537
ILI incidence,SI,2026-08-19,2026-09-06,0.6,4,quantile,4.1208983383938
ILI incidence,SI,2026-08-19,2026-09-06,0.65,4,quantile,5.93143624332615
ILI incidence,SI,2026-08-19,2026-09-06,0.7,4,quantile,8.46940755403805
ILI incidence,SI,2026-08-19,2026-09-06,0.75,4,quantile,11.6554385152512
ILI incidence,SI,2026-08-19,2026-09-06,0.8,4,quantile,14.9251278950254
ILI incidence,SI,2026-08-19,2026-09-06,0.85,4,quantile,19.2705115018408
ILI incidence,SI,2026-08-19,2026-09-06,0.9,4,quantile,26.3092767707306
ILI incidence,SI,2026-08-19,2026-09-06,0.95,4,quantile,40.6809894254394
ILI incidence,SI,2026-08-19,2026-09-06,0.975,4,quantile,64.0798481107768
ILI incidence,SI,2026-08-19,2026-09-06,0.99,4,quantile,98.3826707839383
ILI incidence,SI,2026-08-19,2026-08-16,,1,median,0.38455288983765
ILI incidence,SI,2026-08-19,2026-08-23,,2,median,0.705797224224662
ILI incidence,SI,2026-08-19,2026-08-30,,3,median,1.06929302479596
ILI incidence,SI,2026-08-19,2026-09-06,,4,median,1.48720943826273
