origin_date,target,target_end_date,horizon,location,output_type,output_type_id,value
2026-08-19,ILI incidence,2026-08-16,1,BE,quantile,0.01,4.857667509226494
2026-08-19,ILI incidence,2026-08-16,1,BE,quantile,0.025,6.06514030361259
2026-08-19,ILI incidence,2026-08-16,1,BE,quantile,0.05,7.3009138151834385
2026-08-19,ILI incidence,2026-08-16,1,BE,quantile,0.1,8.996254807561948
2026-08-19,ILI incidence,2026-08-16,1,BE,quantile,0.15,10.331644079897973
2026-08-19,ILI incidence,2026-08-16,1,BE,quantile,0.2,11.519082905803108
2026-08-19,ILI incidence,2026-08-16,1,BE,quantile,0.25,12.636488492558097
2026-08-19,ILI incidence,2026-08-16,1,BE,quantile,0.3,13.724700471464526
2026-08-19,ILI incidence,2026-08-16,1,BE,quantile,0.35,14.810462673667095
2026-08-19,ILI incidence,2026-08-16,1,BE,quantile,0.4,15.914683041574207
2026-08-19,ILI incidence,2026-08-16,1,BE,quantile,0.45,17.05637690564019
2026-08-19,ILI incidence,2026-08-16,1,BE,quantile,0.5,18.25518142375697
2026-08-19,ILI incidence,2026-08-16,1,BE,quantile,0.55,19.533577339426394
2026-08-19,ILI incidence,2026-08-16,1,BE,quantile,0.6,20.919536461340012
2026-08-19,ILI incidence,2026-08-16,1,BE,quantile,0.65,22.45042136428514
2026-08-19,ILI incidence,2026-08-16,1,BE,quantile,0.7,24.17959617448975
2026-08-19,ILI incidence,2026-08-16,1,BE,quantile,0.75,26.188965243078027
2026-08-19,ILI incidence,2026-08-16,1,BE,quantile,0.8,28.615748569724083
2026-08-19,ILI incidence,2026-08-16,1,BE,quantile,0.85,31.719171997249482
2026-08-19,ILI incidence,2026-08-16,1,BE,quantile,0.9,36.090092119432775
2026-08-19,ILI incidence,2026-08-16,1,BE,quantile,0.95,43.66520432769991
2026-08-19,ILI incidence,2026-08-16,1,BE,quantile,0.975,51.47765730458532
2026-08-19,ILI incidence,2026-08-16,1,BE,quantile,0.99,62.295161611307385
2026-08-19,ILI incidence,2026-08-16,1,BE,median,,18.25518142375697
2026-08-19,ILI incidence,2026-08-23,2,BE,quantile,0.01,3.698492493905154
2026-08-19,ILI incidence,2026-08-23,2,BE,quantile,0.025,4.858138751687206
2026-08-19,ILI incidence,2026-08-23,2,BE,quantile,0.05,6.0819670070290375
2026-08-19,ILI incidence,2026-08-23,2,BE,quantile,0.1,7.8135157949865714
2026-08-19,ILI incidence,2026-08-23,2,BE,quantile,0.15,9.215086698691593
2026-08-19,ILI incidence,2026-08-23,2,BE,quantile,0.2,10.48632335638342
2026-08-19,ILI incidence,2026-08-23,2,BE,quantile,0.25,11.702293643385127
2026-08-19,ILI incidence,2026-08-23,2,BE,quantile,0.3,12.90359458822322
2026-08-19,ILI incidence,2026-08-23,2,BE,quantile,0.35,14.117966837780756
2026-08-19,ILI incidence,2026-08-23,2,BE,quantile,0.4,15.368219627074613
2026-08-19,ILI incidence,2026-08-23,2,BE,quantile,0.45,16.6761788293396
2026-08-19,ILI incidence,2026-08-23,2,BE,quantile,0.5,18.065403109692827
2026-08-19,ILI incidence,2026-08-23,2,BE,quantile,0.55,19.56381072201821
2026-08-19,ILI incidence,2026-08-23,2,BE,quantile,0.6,21.20703314206746
2026-08-19,ILI incidence,2026-08-23,2,BE,quantile,0.65,23.043550276000175
2026-08-19,ILI incidence,2026-08-23,2,BE,quantile,0.7,25.143569810570586
2026-08-19,ILI incidence,2026-08-23,2,BE,quantile,0.75,27.61605989752699
2026-08-19,ILI incidence,2026-08-23,2,BE,quantile,0.8,30.645425995523535
2026-08-19,ILI incidence,2026-08-23,2,BE,quantile,0.85,34.58360359111225
2026-08-19,ILI incidence,2026-08-23,2,BE,quantile,0.9,40.24229242793781
2026-08-19,ILI incidence,2026-08-23,2,BE,quantile,0.95,50.32607866914826
2026-08-19,ILI incidence,2026-08-23,2,BE,quantile,0.975,61.04864909189734
2026-08-19,ILI incidence,2026-08-23,2,BE,quantile,0.99,76.36302573785117
2026-08-19,ILI incidence,2026-08-23,2,BE,median,,18.065403109692827
2026-08-19,ILI incidence,2026-08-30,3,BE,quantile,0.01,2.8687041064811036
2026-08-19,ILI incidence,2026-08-30,3,BE,quantile,0.025,3.96570000787778
2026-08-19,ILI incidence,2026-08-30,3,BE,quantile,0.05,5.154932997928649
2026-08-19,ILI incidence,2026-08-30,3,BE,quantile,0.1,6.883632381385848
2026-08-19,ILI incidence,2026-08-30,3,BE,quantile,0.15,8.316615063927468
2026-08-19,ILI incidence,2026-08-30,3,BE,quantile,0.2,9.639081048397843
2026-08-19,ILI incidence,2026-08-30,3,BE,quantile,0.25,10.922277405313599
2026-08-19,ILI incidence,2026-08-30,3,BE,quantile,0.3,12.206004343057254
2026-08-19,ILI incidence,2026-08-30,3,BE,quantile,0.35,13.5186411091076
2026-08-19,ILI incidence,2026-08-30,3,BE,quantile,0.4,14.884648106332403
2026-08-19,ILI incidence,2026-08-30,3,BE,quantile,0.45,16.328481248877424
2026-08-19,ILI incidence,2026-08-30,3,BE,quantile,0.5,17.877495243260235
2026-08-19,ILI incidence,2026-08-30,3,BE,quantile,0.55,19.564977480781735
2026-08-19,ILI incidence,2026-08-30,3,BE,quantile,0.6,21.43422858812026
2026-08-19,ILI incidence,2026-08-30,3,BE,quantile,0.65,23.544984890890845
2026-08-19,ILI incidence,2026-08-30,3,BE,quantile,0.7,25.98468192210315
2026-08-19,ILI incidence,2026-08-30,3,BE,quantile,0.75,28.89024785654527
2026-08-19,ILI incidence,2026-08-30,3,BE,quantile,0.8,32.49535782632069
2026-08-19,ILI incidence,2026-08-30,3,BE,quantile,0.85,37.24992491522855
2026-08-19,ILI incidence,2026-08-30,3,BE,quantile,0.9,44.202491620578215
2026-08-19,ILI incidence,2026-08-30,3,BE,quantile,0.95,56.8982462976023
2026-08-19,ILI incidence,2026-08-30,3,BE,quantile,0.975,70.7642680979458
2026-08-19,ILI incidence,2026-08-30,3,BE,quantile,0.99,91.11348732055151
2026-08-19,ILI incidence,2026-08-30,3,BE,median,,17.877495243260235
2026-08-19,ILI incidence,2026-09-06,4,BE,quantile,0.01,2.242983940917236
2026-08-19,ILI incidence,2026-09-06,4,BE,quantile,0.025,3.2731636522277627
2026-08-19,ILI incidence,2026-09-06,4,BE,quantile,0.05,4.4173662858522595
2026-08-19,ILI incidence,2026-09-06,4,BE,quantile,0.1,6.121724906044146
2026-08-19,ILI incidence,2026-09-06,4,BE,quantile,0.15,7.565189213285626
2026-08-19,ILI incidence,2026-09-06,4,BE,quantile,0.2,8.91834122117227
2026-08-19,ILI incidence,2026-09-06,4,BE,quantile,0.25,10.248374342094177
2026-08-19,ILI incidence,2026-09-06,4,BE,quantile,0.3,11.594119011014884
2026-08-19,ILI incidence,2026-09-06,4,BE,quantile,0.35,12.984466520606802
2026-08-19,ILI incidence,2026-09-06,4,BE,quantile,0.4,14.445436389831519
2026-08-19,ILI incidence,2026-09-06,4,BE,quantile,0.45,16.00405293128123
2026-08-19,ILI incidence,2026-09-06,4,BE,quantile,0.5,17.691439389400575
2026-08-19,ILI incidence,2026-09-06,4,BE,quantile,0.55,19.54627257745844
2026-08-19,ILI incidence,2026-09-06,4,BE,quantile,0.6,21.619620296234718
2026-08-19,ILI incidence,2026-09-06,4,BE,quantile,0.65,23.982712492666177
2026-08-19,ILI incidence,2026-09-06,4,BE,quantile,0.7,26.740718198873193
2026-08-19,ILI incidence,2026-09-06,4,BE,quantile,0.75,30.059590997092574
2026-08-19,ILI incidence,2026-09-06,4,BE,quantile,0.8,34.22463067734047
2026-08-19,ILI incidence,2026-09-06,4,BE,quantile,0.85,39.7895141307236
2026-08-19,ILI incidence,2026-09-06,4,BE,quantile,0.9,48.05692245303217
2026-08-19,ILI incidence,2026-09-06,4,BE,quantile,0.95,63.49072999919407
2026-08-19,ILI incidence,2026-09-06,4,BE,quantile,0.975,80.7590747467618
2026-08-19,ILI incidence,2026-09-06,4,BE,quantile,0.99,106.73100108192972
2026-08-19,ILI incidence,2026-09-06,4,BE,median,,17.691439389400575
2026-08-19,ILI incidence,2026-08-16,1,CH,quantile,0.01,0.7493718995805674
2026-08-19,ILI incidence,2026-08-16,1,CH,quantile,0.025,1.2718147749424054
2026-08-19,ILI incidence,2026-08-16,1,CH,quantile,0.05,1.8443382787188214
2026-08-19,ILI incidence,2026-08-16,1,CH,quantile,0.1,2.6856780401337215
2026-08-19,ILI incidence,2026-08-16,1,CH,quantile,0.15,3.3898026923883497
2026-08-19,ILI incidence,2026-08-16,1,CH,quantile,0.2,4.044171620911918
2026-08-19,ILI incidence,2026-08-16,1,CH,quantile,0.25,4.68277375200582
2026-08-19,ILI incidence,2026-08-16,1,CH,quantile,0.3,5.324874101019233
2026-08-19,ILI incidence,2026-08-16,1,CH,quantile,0.35,5.984465981014122
2026-08-19,ILI incidence,2026-08-16,1,CH,quantile,0.4,6.673847552574539
2026-08-19,ILI incidence,2026-08-16,1,CH,quantile,0.45,7.405528066532826
2026-08-19,ILI incidence,2026-08-16,1,CH,quantile,0.5,8.193687941145676
2026-08-19,ILI incidence,2026-08-16,1,CH,quantile,0.55,9.055751083112195
2026-08-19,ILI incidence,2026-08-16,1,CH,quantile,0.6,10.0145396269711
2026-08-19,ILI incidence,2026-08-16,1,CH,quantile,0.65,11.10169799508349
2026-08-19,ILI incidence,2026-08-16,1,CH,quantile,0.7,12.36372813263535
2026-08-19,ILI incidence,2026-08-16,1,CH,quantile,0.75,13.87370457592711
2026-08-19,ILI incidence,2026-08-16,1,CH,quantile,0.8,15.75674507361164
2026-08-19,ILI incidence,2026-08-16,1,CH,quantile,0.85,18.254600692128314
2026-08-19,ILI incidence,2026-08-16,1,CH,quantile,0.9,21.933066056985492
2026-08-19,ILI incidence,2026-08-16,1,CH,quantile,0.95,28.716542013153074
2026-08-19,ILI incidence,2026-08-16,1,CH,quantile,0.975,36.2054530551727
2026-08-19,ILI incidence,2026-08-16,1,CH,quantile,0.99,47.31671183207698
2026-08-19,ILI incidence,2026-08-16,1,CH,median,,8.193687941145676
2026-08-19,ILI incidence,2026-08-23,2,CH,quantile,0.01,0.29466875549657034
2026-08-19,ILI incidence,2026-08-23,2,CH,quantile,0.025,0.756072669625252
2026-08-19,ILI incidence,2026-08-23,2,CH,quantile,0.05,1.2824426265131703
2026-08-19,ILI incidence,2026-08-23,2,CH,quantile,0.1,2.0879491730559443
2026-08-19,ILI incidence,2026-08-23,2,CH,quantile,0.15,2.7864966232159927
2026-08-19,ILI incidence,2026-08-23,2,CH,quantile,0.2,3.4527484382602083
2026-08-19,ILI incidence,2026-08-23,2,CH,quantile,0.25,4.117018830920482
2026-08-19,ILI incidence,2026-08-23,2,CH,quantile,0.3,4.797597667400826
2026-08-19,ILI incidence,2026-08-23,2,CH,quantile,0.35,5.508804560508423
2026-08-19,ILI incidence,2026-08-23,2,CH,quantile,0.4,6.26417943867624
2026-08-19,ILI incidence,2026-08-23,2,CH,quantile,0.45,7.078350168445452
2026-08-19,ILI incidence,2026-08-23,2,CH,quantile,0.5,7.968654927172215
2026-08-19,ILI incidence,2026-08-23,2,CH,quantile,0.55,8.957079047759231
2026-08-19,ILI incidence,2026-08-23,2,CH,quantile,0.6,10.073070521141831
2026-08-19,ILI incidence,2026-08-23,2,CH,quantile,0.65,11.358148175278336
2026-08-19,ILI incidence,2026-08-23,2,CH,quantile,0.7,12.874155437686976
2026-08-19,ILI incidence,2026-08-23,2,CH,quantile,0.75,14.719459681609385
2026-08-19,ILI incidence,2026-08-23,2,CH,quantile,0.8,17.064521793222834
2026-08-19,ILI incidence,2026-08-23,2,CH,quantile,0.85,20.243059008560007
2026-08-19,ILI incidence,2026-08-23,2,CH,quantile,0.9,25.048605950041406
2026-08-19,ILI incidence,2026-08-23,2,CH,quantile,0.95,34.241530397446
2026-08-19,ILI incidence,2026-08-23,2,CH,quantile,0.975,44.804921740428746
2026-08-19,ILI incidence,2026-08-23,2,CH,quantile,0.99,61.12922870131281
2026-08-19,ILI incidence,2026-08-23,2,CH,median,,7.968654927172215
2026-08-19,ILI incidence,2026-08-30,3,CH,quantile,0.01,0
2026-08-19,ILI incidence,2026-08-30,3,CH,quantile,0.025,0.3258497345864606
2026-08-19,ILI incidence,2026-08-30,3,CH,quantile,0.05,0.7957401529257124
2026-08-19,ILI incidence,2026-08-30,3,CH,quantile,0.1,1.5476623511528245
2026-08-19,ILI incidence,2026-08-30,3,CH,quantile,0.15,2.225722340844209
2026-08-19,ILI incidence,2026-08-30,3,CH,quantile,0.2,2.891158316303573
2026-08-19,ILI incidence,2026-08-30,3,CH,quantile,0.25,3.570433504062178
2026-08-19,ILI incidence,2026-08-30,3,CH,quantile,0.3,4.280930376319033
2026-08-19,ILI incidence,2026-08-30,3,CH,quantile,0.35,5.037546546913547
2026-08-19,ILI incidence,2026-08-30,3,CH,quantile,0.4,5.855501072744487
2026-08-19,ILI incidence,2026-08-30,3,CH,quantile,0.45,6.752204928932366
2026-08-19,ILI incidence,2026-08-30,3,CH,quantile,0.5,7.749130024601074
2026-08-19,ILI incidence,2026-08-30,3,CH,quantile,0.55,8.874258599858518
2026-08-19,ILI incidence,2026-08-30,3,CH,quantile,0.6,10.16581784104828
2026-08-19,ILI incidence,2026-08-30,3,CH,quantile,0.65,11.678540130925823
2026-08-19,ILI incidence,2026-08-30,3,CH,quantile,0.7,13.495036050964142
2026-08-19,ILI incidence,2026-08-30,3,CH,quantile,0.75,15.74836229853059
2026-08-19,ILI incidence,2026-08-30,3,CH,quantile,0.8,18.672105312870567
2026-08-19,ILI incidence,2026-08-30,3,CH,quantile,0.85,22.73027436928832
2026-08-19,ILI incidence,2026-08-30,3,CH,quantile,0.9,29.046083678529133
2026-08-19,ILI incidence,2026-08-30,3,CH,quantile,0.95,41.627145170564425
2026-08-19,ILI incidence,2026-08-30,3,CH,quantile,0.975,56.73450353425719
2026-08-19,ILI incidence,2026-08-30,3,CH,quantile,0.99,81.15279406957985
2026-08-19,ILI incidence,2026-08-30,3,CH,median,,7.749130024601074
2026-08-19,ILI incidence,2026-09-06,4,CH,quantile,0.01,0
2026-08-19,ILI incidence,2026-09-06,4,CH,quantile,0.025,0
2026-08-19,ILI incidence,2026-09-06,4,CH,quantile,0.05,0.3883983530409716
2026-08-19,ILI incidence,2026-09-06,4,CH,quantile,0.1,1.0735439111296374
2026-08-19,ILI incidence,2026-09-06,4,CH,quantile,0.15,1.7179694705161541
2026-08-19,ILI incidence,2026-09-06,4,CH,quantile,0.2,2.370192869557647
2026-08-19,ILI incidence,2026-09-06,4,CH,quantile,0.25,3.0531471716291785
2026-08-19,ILI incidence,2026-09-06,4,CH,quantile,0.3,3.7836393666445574
2026-08-19,ILI incidence,2026-09-06,4,CH,quantile,0.35,4.5775787245643835
2026-08-19,ILI incidence,2026-09-06,4,CH,quantile,0.4,5.452461381294724
2026-08-19,ILI incidence,2026-09-06,4,CH,quantile,0.45,6.429323352694268
2026-08-19,ILI incidence,2026-09-06,4,CH,quantile,0.5,7.534978411920132
2026-08-19,ILI incidence,2026-09-06,4,CH,quantile,0.55,8.805180503487566
2026-08-19,ILI incidence,2026-09-06,4,CH,quantile,0.6,10.28962301163371
2026-08-19,ILI incidence,2026-09-06,4,CH,quantile,0.65,12.060480199252071
2026-08-19,ILI incidence,2026-09-06,4,CH,quantile,0.7,14.228124636627838
2026-08-19,ILI incidence,2026-09-06,4,CH,quantile,0.75,16.972665044546627
2026-08-19,ILI incidence,2026-09-06,4,CH,quantile,0.8,20.6147441144827
2026-08-19,ILI incidence,2026-09-06,4,CH,quantile,0.85,25.801572748390377
2026-08-19,ILI incidence,2026-09-06,4,CH,quantile,0.9,34.13108938805032
2026-08-19,ILI incidence,2026-09-06,4,CH,quantile,0.95,51.46754746747595
2026-08-19,ILI incidence,2026-09-06,4,CH,quantile,0.975,73.2989275479353
2026-08-19,ILI incidence,2026-09-06,4,CH,quantile,0.99,110.34209611966548
2026-08-19,ILI incidence,2026-09-06,4,CH,median,,7.534978411920132
2026-08-19,ILI incidence,2026-08-16,1,DK,quantile,0.01,30.733205939803803
2026-08-19,ILI incidence,2026-08-16,1,DK,quantile,0.025,35.459607375270544
2026-08-19,ILI incidence,2026-08-16,1,DK,quantile,0.05,40.08389647205236
2026-08-19,ILI incidence,2026-08-16,1,DK,quantile,0.1,46.14791242870384
2026-08-19,ILI incidence,2026-08-16,1,DK,quantile,0.15,50.73721719538348
2026-08-19,ILI incidence,2026-08-16,1,DK,quantile,0.2,54.701192544307716
2026-08-19,ILI incidence,2026-08-16,1,DK,quantile,0.25,58.34311560404251
2026-08-19,ILI incidence,2026-08-16,1,DK,quantile,0.3,61.81616915264331
2026-08-19,ILI incidence,2026-08-16,1,DK,quantile,0.35,65.2156583175344
2026-08-19,ILI incidence,2026-08-16,1,DK,quantile,0.4,68.6113994285456
2026-08-19,ILI incidence,2026-08-16,1,DK,quantile,0.45,72.06247677370033
2026-08-19,ILI incidence,2026-08-16,1,DK,quantile,0.5,75.62583970796634
2026-08-19,ILI incidence,2026-08-16,1,DK,quantile,0.55,79.36299301948209
2026-08-19,ILI incidence,2026-08-16,1,DK,quantile,0.6,83.34709486020206
2026-08-19,ILI incidence,2026-08-16,1,DK,quantile,0.65,87.6726713913245
2026-08-19,ILI incidence,2026-08-16,1,DK,quantile,0.7,92.47146427670808
2026-08-19,ILI incidence,2026-08-16,1,DK,quantile,0.75,97.94187811317035
2026-08-19,ILI incidence,2026-08-16,1,DK,quantile,0.8,104.41101622340365
2026-08-19,ILI incidence,2026-08-16,1,DK,quantile,0.85,112.48734294651763
2026-08-19,ILI incidence,2026-08-16,1,DK,quantile,0.9,123.53402512422471
2026-08-19,ILI incidence,2026-08-16,1,DK,quantile,0.95,141.91534676963016
2026-08-19,ILI incidence,2026-08-16,1,DK,quantile,0.975,160.0417591861788
2026-08-19,ILI incidence,2026-08-16,1,DK,quantile,0.99,184.02761183628624
2026-08-19,ILI incidence,2026-08-16,1,DK,median,,75.62583970796634
2026-08-19,ILI incidence,2026-08-23,2,DK,quantile,0.01,28.78269682460308
2026-08-19,ILI incidence,2026-08-23,2,DK,quantile,0.025,33.51511492292993
2026-08-19,ILI incidence,2026-08-23,2,DK,quantile,0.05,38.182470722479884
2026-08-19,ILI incidence,2026-08-23,2,DK,quantile,0.1,44.35220484845502
2026-08-19,ILI incidence,2026-08-23,2,DK,quantile,0.15,49.05483094867672
2026-08-19,ILI incidence,2026-08-23,2,DK,quantile,0.2,53.137713300841845
2026-08-19,ILI incidence,2026-08-23,2,DK,quantile,0.25,56.90487513623933
2026-08-19,ILI incidence,2026-08-23,2,DK,quantile,0.3,60.51078951422318
2026-08-19,ILI incidence,2026-08-23,2,DK,quantile,0.35,64.05235519823131
2026-08-19,ILI incidence,2026-08-23,2,DK,quantile,0.4,67.60132004555489
2026-08-19,ILI incidence,2026-08-23,2,DK,quantile,0.45,71.21915962309971
2026-08-19,ILI incidence,2026-08-23,2,DK,quantile,0.5,74.96586962461451
2026-08-19,ILI incidence,2026-08-23,2,DK,quantile,0.55,78.90695790342734
2026-08-19,ILI incidence,2026-08-23,2,DK,quantile,0.6,83.1210248431343
2026-08-19,ILI incidence,2026-08-23,2,DK,quantile,0.65,87.71029081481788
2026-08-19,ILI incidence,2026-08-23,2,DK,quantile,0.7,92.81790403599909
2026-08-19,ILI incidence,2026-08-23,2,DK,quantile,0.75,98.66023299845281
2026-08-19,ILI incidence,2026-08-23,2,DK,quantile,0.8,105.59507016404025
2026-08-19,ILI incidence,2026-08-23,2,DK,quantile,0.85,114.28983793274588
2026-08-19,ILI incidence,2026-08-23,2,DK,quantile,0.9,126.2443835334396
2026-08-19,ILI incidence,2026-08-23,2,DK,quantile,0.95,146.28048643734647
2026-08-19,ILI incidence,2026-08-23,2,DK,quantile,0.975,166.19670094420343
2026-08-19,ILI incidence,2026-08-23,2,DK,quantile,0.99,192.76396240439655
2026-08-19,ILI incidence,2026-08-23,2,DK,median,,74.96586962461451
2026-08-19,ILI incidence,2026-08-30,3,DK,quantile,0.01,26.582891014587524
2026-08-19,ILI incidence,2026-08-30,3,DK,quantile,0.025,31.310357732335042
2026-08-19,ILI incidence,2026-08-30,3,DK,quantile,0.05,36.01939031814677
2026-08-19,ILI incidence,2026-08-30,3,DK,quantile,0.1,42.306527355382656
2026-08-19,ILI incidence,2026-08-30,3,DK,quantile,0.15,47.14113948964985
2026-08-19,ILI incidence,2026-08-30,3,DK,quantile,0.2,51.36562670769996
2026-08-19,ILI incidence,2026-08-30,3,DK,quantile,0.25,55.28410196715073
2026-08-19,ILI incidence,2026-08-30,3,DK,quantile,0.3,59.05228305397315
2026-08-19,ILI incidence,2026-08-30,3,DK,quantile,0.35,62.7689008075792
2026-08-19,ILI incidence,2026-08-30,3,DK,quantile,0.4,66.50807730543124
2026-08-19,ILI incidence,2026-08-30,3,DK,quantile,0.45,70.33432599576822
2026-08-19,ILI incidence,2026-08-30,3,DK,quantile,0.5,74.31158379254191
2026-08-19,ILI incidence,2026-08-30,3,DK,quantile,0.55,78.51059429197568
2026-08-19,ILI incidence,2026-08-30,3,DK,quantile,0.6,83.01712624223633
2026-08-19,ILI incidence,2026-08-30,3,DK,quantile,0.65,87.94358506281388
2026-08-19,ILI incidence,2026-08-30,3,DK,quantile,0.7,93.44827681644335
2026-08-19,ILI incidence,2026-08-30,3,DK,quantile,0.75,99.77152259889182
2026-08-19,ILI incidence,2026-08-30,3,DK,quantile,0.8,107.31216983233512
2026-08-19,ILI incidence,2026-08-30,3,DK,quantile,0.85,116.81679273629331
2026-08-19,ILI incidence,2026-08-30,3,DK,quantile,0.9,129.96950967222028
2026-08-19,ILI incidence,2026-08-30,3,DK,quantile,0.95,152.21253550090873
2026-08-19,ILI incidence,2026-08-30,3,DK,quantile,0.975,174.54230443152582
2026-08-19,ILI incidence,2026-08-30,3,DK,quantile,0.99,204.62872290440646
2026-08-19,ILI incidence,2026-08-30,3,DK,median,,74.31158379254191
2026-08-19,ILI incidence,2026-09-06,4,DK,quantile,0.01,24.21792295943346
2026-08-19,ILI incidence,2026-09-06,4,DK,quantile,0.025,28.91926495654035
2026-08-19,ILI incidence,2026-09-06,4,DK,quantile,0.05,33.657944091173725
2026-08-19,ILI incidence,2026-09-06,4,DK,quantile,0.1,40.06009233758799
2026-08-19,ILI incidence,2026-09-06,4,DK,quantile,0.15,45.035095280546344
2026-08-19,ILI incidence,2026-09-06,4,DK,quantile,0.2,49.41554799098755
2026-08-19,ILI incidence,2026-09-06,4,DK,quantile,0.25,53.50431797603703
2026-08-19,ILI incidence,2026-09-06,4,DK,quantile,0.3,57.45800622571052
2026-08-19,ILI incidence,2026-09-06,4,DK,quantile,0.35,61.37725500755402
2026-08-19,ILI incidence,2026-09-06,4,DK,quantile,0.4,65.33893084371222
2026-08-19,ILI incidence,2026-09-06,4,DK,quantile,0.45,69.41121919669104
2026-08-19,ILI incidence,2026-09-06,4,DK,quantile,0.5,73.66293325368896
2026-08-19,ILI incidence,2026-09-06,4,DK,quantile,0.55,78.17138299327715
2026-08-19,ILI incidence,2026-09-06,4,DK,quantile,0.6,83.03140555849318
2026-08-19,ILI incidence,2026-09-06,4,DK,quantile,0.65,88.36836995102988
2026-08-19,ILI incidence,2026-09-06,4,DK,quantile,0.7,94.35996798318892
2026-08-19,ILI incidence,2026-09-06,4,DK,quantile,0.75,101.27728387493417
2026-08-19,ILI incidence,2026-09-06,4,DK,quantile,0.8,109.5721116636745
2026-08-19,ILI incidence,2026-09-06,4,DK,quantile,0.85,120.09356064264581
2026-08-19,ILI incidence,2026-09-06,4,DK,quantile,0.9,134.76573467521536
2026-08-19,ILI incidence,2026-09-06,4,DK,quantile,0.95,159.84490145693533
2026-08-19,ILI incidence,2026-09-06,4,DK,quantile,0.975,185.31987149892245
2026-08-19,ILI incidence,2026-09-06,4,DK,quantile,0.99,220.05522373957047
2026-08-19,ILI incidence,2026-09-06,4,DK,median,,73.66293325368896
2026-08-19,ILI incidence,2026-08-16,1,EE,quantile,0.01,17.330339066282846
2026-08-19,ILI incidence,2026-08-16,1,EE,quantile,0.025,20.529399063085293
2026-08-19,ILI incidence,2026-08-16,1,EE,quantile,0.05,23.723876979216268
2026-08-19,ILI incidence,2026-08-16,1,EE,quantile,0.1,27.99948904963856
2026-08-19,ILI incidence,2026-08-16,1,EE,quantile,0.15,31.29453466420525
2026-08-19,ILI incidence,2026-08-16,1,EE,quantile,0.2,34.17834926216988
2026-08-19,ILI incidence,2026-08-16,1,EE,quantile,0.25,36.85678963126213
2026-08-19,ILI incidence,2026-08-16,1,EE,quantile,0.3,39.43547254225511
2026-08-19,ILI incidence,2026-08-16,1,EE,quantile,0.35,41.981547868836415
2026-08-19,ILI incidence,2026-08-16,1,EE,quantile,0.4,44.545606615284846
2026-08-19,ILI incidence,2026-08-16,1,EE,quantile,0.45,47.17185573197005
2026-08-19,ILI incidence,2026-08-16,1,EE,quantile,0.5,49.904274554875244
2026-08-19,ILI incidence,2026-08-16,1,EE,quantile,0.55,52.791682478995675
2026-08-19,ILI incidence,2026-08-16,1,EE,quantile,0.6,55.89341652304421
2026-08-19,ILI incidence,2026-08-16,1,EE,quantile,0.65,59.28738601656762
2026-08-19,ILI incidence,2026-08-16,1,EE,quantile,0.7,63.083464469229725
2026-08-19,ILI incidence,2026-08-16,1,EE,quantile,0.75,67.44862422824863
2026-08-19,ILI incidence,2026-08-16,1,EE,quantile,0.8,72.6602263126853
2026-08-19,ILI incidence,2026-08-16,1,EE,quantile,0.85,79.23788529240574
2026-08-19,ILI incidence,2026-08-16,1,EE,quantile,0.9,88.35485599496855
2026-08-19,ILI incidence,2026-08-16,1,EE,quantile,0.95,103.80739611090955
2026-08-19,ILI incidence,2026-08-16,1,EE,quantile,0.975,119.35845312566644
2026-08-19,ILI incidence,2026-08-16,1,EE,quantile,0.99,140.36373356696396
2026-08-19,ILI incidence,2026-08-16,1,EE,median,,49.904274554875244
2026-08-19,ILI incidence,2026-08-23,2,EE,quantile,0.01,15.32351577605597
2026-08-19,ILI incidence,2026-08-23,2,EE,quantile,0.025,18.517336495892902
2026-08-19,ILI incidence,2026-08-23,2,EE,quantile,0.05,21.759709745519753
2026-08-19,ILI incidence,2026-08-23,2,EE,quantile,0.1,26.171948190384093
2026-08-19,ILI incidence,2026-08-23,2,EE,quantile,0.15,29.62254742156284
2026-08-19,ILI incidence,2026-08-23,2,EE,quantile,0.2,32.6748844015226
2026-08-19,ILI incidence,2026-08-23,2,EE,quantile,0.25,35.53487583358702
2026-08-19,ILI incidence,2026-08-23,2,EE,quantile,0.3,38.30966083381665
2026-08-19,ILI incidence,2026-08-23,2,EE,quantile,0.35,41.068691942869265
2026-08-19,ILI incidence,2026-08-23,2,EE,quantile,0.4,43.86559113053883
2026-08-19,ILI incidence,2026-08-23,2,EE,quantile,0.45,46.74848382726585
2026-08-19,ILI incidence,2026-08-23,2,EE,quantile,0.5,49.76647048527387
2026-08-19,ILI incidence,2026-08-23,2,EE,quantile,0.55,52.97521175448304
2026-08-19,ILI incidence,2026-08-23,2,EE,quantile,0.6,56.44345411684384
2026-08-19,ILI incidence,2026-08-23,2,EE,quantile,0.65,60.262530554364695
2026-08-19,ILI incidence,2026-08-23,2,EE,quantile,0.7,64.56236993312048
2026-08-19,ILI incidence,2026-08-23,2,EE,quantile,0.75,69.54176226768223
2026-08-19,ILI incidence,2026-08-23,2,EE,quantile,0.8,75.53283957273672
2026-08-19,ILI incidence,2026-08-23,2,EE,quantile,0.85,83.16133674487922
2026-08-19,ILI incidence,2026-08-23,2,EE,quantile,0.9,93.84908875412339
2026-08-19,ILI incidence,2026-08-23,2,EE,quantile,0.95,112.23670443730106
2026-08-19,ILI incidence,2026-08-23,2,EE,quantile,0.975,131.04847526579866
2026-08-19,ILI incidence,2026-08-23,2,EE,quantile,0.99,156.88476948774604
2026-08-19,ILI incidence,2026-08-23,2,EE,median,,49.76647048527387
2026-08-19,ILI incidence,2026-08-30,3,EE,quantile,0.01,13.672043937344968
2026-08-19,ILI incidence,2026-08-30,3,EE,quantile,0.025,16.83231062637677
2026-08-19,ILI incidence,2026-08-30,3,EE,quantile,0.05,20.08962783162459
2026-08-19,ILI incidence,2026-08-30,3,EE,quantile,0.1,24.590178947070378
2026-08-19,ILI incidence,2026-08-30,3,EE,quantile,0.15,28.157527737036297
2026-08-19,ILI incidence,2026-08-30,3,EE,quantile,0.2,31.34417499638245
2026-08-19,ILI incidence,2026-08-30,3,EE,quantile,0.25,34.35419912933082
2026-08-19,ILI incidence,2026-08-30,3,EE,quantile,0.3,37.295288118392435
2026-08-19,ILI incidence,2026-08-30,3,EE,quantile,0.35,40.238616048673315
2026-08-19,ILI incidence,2026-08-30,3,EE,quantile,0.4,43.24045473383291
2026-08-19,ILI incidence,2026-08-30,3,EE,quantile,0.45,46.35258386116713
2026-08-19,ILI incidence,2026-08-30,3,EE,quantile,0.5,49.62903946511935
2026-08-19,ILI incidence,2026-08-30,3,EE,quantile,0.55,53.132202049965024
2026-08-19,ILI incidence,2026-08-30,3,EE,quantile,0.6,56.940173820146754
2026-08-19,ILI incidence,2026-08-30,3,EE,quantile,0.65,61.15775122363929
2026-08-19,ILI incidence,2026-08-30,3,EE,quantile,0.7,65.93511821182807
2026-08-19,ILI incidence,2026-08-30,3,EE,quantile,0.75,71.50339988705979
2026-08-19,ILI incidence,2026-08-30,3,EE,quantile,0.8,78.25073486794163
2026-08-19,ILI incidence,2026-08-30,3,EE,quantile,0.85,86.91210490403387
2026-08-19,ILI incidence,2026-08-30,3,EE,quantile,0.9,99.16731975428661
2026-08-19,ILI incidence,2026-08-30,3,EE,quantile,0.95,120.54314232690525
2026-08-19,ILI incidence,2026-08-30,3,EE,quantile,0.975,142.74467172914157
2026-08-19,ILI incidence,2026-08-30,3,EE,quantile,0.99,173.70637684203004
2026-08-19,ILI incidence,2026-08-30,3,EE,median,,49.62903946511935
2026-08-19,ILI incidence,2026-09-06,4,EE,quantile,0.01,12.281825968338271
2026-08-19,ILI incidence,2026-09-06,4,EE,quantile,0.025,15.390728213823444
2026-08-19,ILI incidence,2026-09-06,4,EE,quantile,0.05,18.640660414296775
2026-08-19,ILI incidence,2026-09-06,4,EE,quantile,0.1,23.19514574866196
2026-08-19,ILI incidence,2026-09-06,4,EE,quantile,0.15,26.850746872182977
2026-08-19,ILI incidence,2026-09-06,4,EE,quantile,0.2,30.14612534330876
2026-08-19,ILI incidence,2026-09-06,4,EE,quantile,0.25,33.282330997714354
2026-08-19,ILI incidence,2026-09-06,4,EE,quantile,0.3,36.36697865043967
2026-08-19,ILI incidence,2026-09-06,4,EE,quantile,0.35,39.47259059218516
2026-08-19,ILI incidence,2026-09-06,4,EE,quantile,0.4,42.657846453035155
2026-08-19,ILI incidence,2026-09-06,4,EE,quantile,0.45,45.97801937612046
2026-08-19,ILI incidence,2026-09-06,4,EE,quantile,0.5,49.49198048731096
2026-08-19,ILI incidence,2026-09-06,4,EE,quantile,0.55,53.26878628320599
2026-08-19,ILI incidence,2026-09-06,4,EE,quantile,0.6,57.39591964925589
2026-08-19,ILI incidence,2026-09-06,4,EE,quantile,0.65,61.99176939820752
2026-08-19,ILI incidence,2026-09-06,4,EE,quantile,0.7,67.22708673827965
2026-08-19,ILI incidence,2026-09-06,4,EE,quantile,0.75,73.36600777528709
2026-08-19,ILI incidence,2026-09-06,4,EE,quantile,0.8,80.85416533933962
2026-08-19,ILI incidence,2026-09-06,4,EE,quantile,0.85,90.53937972404418
2026-08-19,ILI incidence,2026-09-06,4,EE,quantile,0.9,104.36990022769263
2026-08-19,ILI incidence,2026-09-06,4,EE,quantile,0.95,128.80419394020007
2026-08-19,ILI incidence,2026-09-06,4,EE,quantile,0.975,154.54160012127286
2026-08-19,ILI incidence,2026-09-06,4,EE,quantile,0.99,190.94951805636097
2026-08-19,ILI incidence,2026-09-06,4,EE,median,,49.49198048731096
2026-08-19,ILI incidence,2026-08-16,1,ES,quantile,0.01,1.2503292849233576
2026-08-19,ILI incidence,2026-08-16,1,ES,quantile,0.025,1.6720778698395637
2026-08-19,ILI incidence,2026-08-16,1,ES,quantile,0.05,2.097503735649803
2026-08-19,ILI incidence,2026-08-16,1,ES,quantile,0.1,2.672716073468475
2026-08-19,ILI incidence,2026-08-16,1,ES,quantile,0.15,3.1200101472498316
2026-08-19,ILI incidence,2026-08-16,1,ES,quantile,0.2,3.5140452747695132
2026-08-19,ILI incidence,2026-08-16,1,ES,quantile,0.25,3.8819935441384574
2026-08-19,ILI incidence,2026-08-16,1,ES,quantile,0.3,4.237913849680507
2026-08-19,ILI incidence,2026-08-16,1,ES,quantile,0.35,4.590849625756177
2026-08-19,ILI incidence,2026-08-16,1,ES,quantile,0.4,4.947715819870334
2026-08-19,ILI incidence,2026-08-16,1,ES,quantile,0.45,5.314654105006532
2026-08-19,ILI incidence,2026-08-16,1,ES,quantile,0.5,5.697869983377
2026-08-19,ILI incidence,2026-08-16,1,ES,quantile,0.55,6.104341990585754
2026-08-19,ILI incidence,2026-08-16,1,ES,quantile,0.6,6.5426371522909506
2026-08-19,ILI incidence,2026-08-16,1,ES,quantile,0.65,7.024086734072194
2026-08-19,ILI incidence,2026-08-16,1,ES,quantile,0.7,7.5647575736586425
2026-08-19,ILI incidence,2026-08-16,1,ES,quantile,0.75,8.189168709181379
2026-08-19,ILI incidence,2026-08-16,1,ES,quantile,0.8,8.938195029847869
2026-08-19,ILI incidence,2026-08-16,1,ES,quantile,0.85,9.88867762720641
2026-08-19,ILI incidence,2026-08-16,1,ES,quantile,0.9,11.214791837109235
2026-08-19,ILI incidence,2026-08-16,1,ES,quantile,0.95,13.483101924269809
2026-08-19,ILI incidence,2026-08-16,1,ES,quantile,0.975,15.7889801493383
2026-08-19,ILI incidence,2026-08-16,1,ES,quantile,0.99,18.935510156128334
2026-08-19,ILI incidence,2026-08-16,1,ES,median,,5.697869983377
2026-08-19,ILI incidence,2026-08-23,2,ES,quantile,0.01,0.907880826124849
2026-08-19,ILI incidence,2026-08-23,2,ES,quantile,0.025,1.3647207268681143
2026-08-19,ILI incidence,2026-08-23,2,ES,quantile,0.05,1.844209677141654
2026-08-19,ILI incidence,2026-08-23,2,ES,quantile,0.1,2.5188927813815303
2026-08-19,ILI incidence,2026-08-23,2,ES,quantile,0.15,3.062354775478445
2026-08-19,ILI incidence,2026-08-23,2,ES,quantile,0.2,3.553538255924831
2026-08-19,ILI incidence,2026-08-23,2,ES,quantile,0.25,4.021998915026008
2026-08-19,ILI incidence,2026-08-23,2,ES,quantile,0.3,4.483624853674206
2026-08-19,ILI incidence,2026-08-23,2,ES,quantile,0.35,4.94918537858323
2026-08-19,ILI incidence,2026-08-23,2,ES,quantile,0.4,5.427453284628886
2026-08-19,ILI incidence,2026-08-23,2,ES,quantile,0.45,5.926747362695012
2026-08-19,ILI incidence,2026-08-23,2,ES,quantile,0.5,6.455978446420074
2026-08-19,ILI incidence,2026-08-23,2,ES,quantile,0.55,7.025644892562028
2026-08-19,ILI incidence,2026-08-23,2,ES,quantile,0.6,7.649088858635016
2026-08-19,ILI incidence,2026-08-23,2,ES,quantile,0.65,8.344407856848397
2026-08-19,ILI incidence,2026-08-23,2,ES,quantile,0.7,9.137749404252652
2026-08-19,ILI incidence,2026-08-23,2,ES,quantile,0.75,10.06961899715839
2026-08-19,ILI incidence,2026-08-23,2,ES,quantile,0.8,11.20844351557775
2026-08-19,ILI incidence,2026-08-23,2,ES,quantile,0.85,12.6845789365931
2026-08-19,ILI incidence,2026-08-23,2,ES,quantile,0.9,14.798041613434789
2026-08-19,ILI incidence,2026-08-23,2,ES,quantile,0.95,18.545540204106395
2026-08-19,ILI incidence,2026-08-23,2,ES,quantile,0.975,22.508744166634596
2026-08-19,ILI incidence,2026-08-23,2,ES,quantile,0.99,28.137886304143233
2026-08-19,ILI incidence,2026-08-23,2,ES,median,,6.455978446420074
2026-08-19,ILI incidence,2026-08-30,3,ES,quantile,0.01,0.4941805959696166
2026-08-19,ILI incidence,2026-08-30,3,ES,quantile,0.025,0.9574174061344067
2026-08-19,ILI incidence,2026-08-30,3,ES,quantile,0.05,1.4691701621158333
2026-08-19,ILI incidence,2026-08-30,3,ES,quantile,0.1,2.2273411352716215
2026-08-19,ILI incidence,2026-08-30,3,ES,quantile,0.15,2.866408920646535
2026-08-19,ILI incidence,2026-08-30,3,ES,quantile,0.2,3.463418593104554
2026-08-19,ILI incidence,2026-08-30,3,ES,quantile,0.25,4.048551644162328
2026-08-19,ILI incidence,2026-08-30,3,ES,quantile,0.3,4.639112058666261
2026-08-19,ILI incidence,2026-08-30,3,ES,quantile,0.35,5.247849767507818
2026-08-19,ILI incidence,2026-08-30,3,ES,quantile,0.4,5.886135519562932
2026-08-19,ILI incidence,2026-08-30,3,ES,quantile,0.45,6.565681935626524
2026-08-19,ILI incidence,2026-08-30,3,ES,quantile,0.5,7.299894559056279
2026-08-19,ILI incidence,2026-08-30,3,ES,quantile,0.55,8.10535894551154
2026-08-19,ILI incidence,2026-08-30,3,ES,quantile,0.6,9.00390560071702
2026-08-19,ILI incidence,2026-08-30,3,ES,quantile,0.65,10.02591327494909
2026-08-19,ILI incidence,2026-08-30,3,ES,quantile,0.7,11.21615193576153
2026-08-19,ILI incidence,2026-08-30,3,ES,quantile,0.75,12.645151034774088
2026-08-19,ILI incidence,2026-08-30,3,ES,quantile,0.8,14.43396574945404
2026-08-19,ILI incidence,2026-08-30,3,ES,quantile,0.85,16.81711430562618
2026-08-19,ILI incidence,2026-08-30,3,ES,quantile,0.9,20.345202383030454
2026-08-19,ILI incidence,2026-08-30,3,ES,quantile,0.95,26.89935288721518
2026-08-19,ILI incidence,2026-08-30,3,ES,quantile,0.975,34.19343880133134
2026-08-19,ILI incidence,2026-08-30,3,ES,quantile,0.99,45.10436641813599
2026-08-19,ILI incidence,2026-08-30,3,ES,median,,7.299894559056279
2026-08-19,ILI incidence,2026-09-06,4,ES,quantile,0.01,0.0982749688216702
2026-08-19,ILI incidence,2026-09-06,4,ES,quantile,0.025,0.5359643912492946
2026-08-19,ILI incidence,2026-09-06,4,ES,quantile,0.05,1.0495826541937694
2026-08-19,ILI incidence,2026-09-06,4,ES,quantile,0.1,1.858315728165545
2026-08-19,ILI incidence,2026-09-06,4,ES,quantile,0.15,2.577390870294777
2026-08-19,ILI incidence,2026-09-06,4,ES,quantile,0.2,3.2758404246690978
2026-08-19,ILI incidence,2026-09-06,4,ES,quantile,0.25,3.982772550091923
2026-08-19,ILI incidence,2026-09-06,4,ES,quantile,0.3,4.7166925339944505
2026-08-19,ILI incidence,2026-09-06,4,ES,quantile,0.35,5.492941309918926
2026-08-19,ILI incidence,2026-09-06,4,ES,quantile,0.4,6.326770422222468
2026-08-19,ILI incidence,2026-09-06,4,ES,quantile,0.45,7.235291685933845
2026-08-19,ILI incidence,2026-09-06,4,ES,quantile,0.5,8.239330583734455
2026-08-19,ILI incidence,2026-09-06,4,ES,quantile,0.55,9.36578094511668
2026-08-19,ILI incidence,2026-09-06,4,ES,quantile,0.6,10.651140231801692
2026-08-19,ILI incidence,2026-09-06,4,ES,quantile,0.65,12.147389689958066
2026-08-19,ILI incidence,2026-09-06,4,ES,quantile,0.7,13.932625662112228
2026-08-19,ILI incidence,2026-09-06,4,ES,quantile,0.75,16.132074317531522
2026-08-19,ILI incidence,2026-09-06,4,ES,quantile,0.8,18.964549926377853
2026-08-19,ILI incidence,2026-09-06,4,ES,quantile,0.85,22.862427319410262
2026-08-19,ILI incidence,2026-09-06,4,ES,quantile,0.9,28.86557041069706
2026-08-19,ILI incidence,2026-09-06,4,ES,quantile,0.95,40.65005468838257
2026-08-19,ILI incidence,2026-09-06,4,ES,quantile,0.975,54.57760982082274
2026-08-19,ILI incidence,2026-09-06,4,ES,quantile,0.99,76.72664593013397
2026-08-19,ILI incidence,2026-09-06,4,ES,median,,8.239330583734455
2026-08-19,ILI incidence,2026-08-16,1,FI,quantile,0.01,3.5640321409767433
2026-08-19,ILI incidence,2026-08-16,1,FI,quantile,0.025,4.472010576644145
2026-08-19,ILI incidence,2026-08-16,1,FI,quantile,0.05,5.396136986698899
2026-08-19,ILI incidence,2026-08-16,1,FI,quantile,0.1,6.656903633601053
2026-08-19,ILI incidence,2026-08-16,1,FI,quantile,0.15,7.6451151329359845
2026-08-19,ILI incidence,2026-08-16,1,FI,quantile,0.2,8.520703907421703
2026-08-19,ILI incidence,2026-08-16,1,FI,quantile,0.25,9.342226628450037
2026-08-19,ILI incidence,2026-08-16,1,FI,quantile,0.3,10.140219893915654
2026-08-19,ILI incidence,2026-08-16,1,FI,quantile,0.35,10.934541204164264
2026-08-19,ILI incidence,2026-08-16,1,FI,quantile,0.4,11.740581718562426
2026-08-19,ILI incidence,2026-08-16,1,FI,quantile,0.45,12.572212510618485
2026-08-19,ILI incidence,2026-08-16,1,FI,quantile,0.5,13.443639969861977
2026-08-19,ILI incidence,2026-08-16,1,FI,quantile,0.55,14.371018941515805
2026-08-19,ILI incidence,2026-08-16,1,FI,quantile,0.6,15.374349318371141
2026-08-19,ILI incidence,2026-08-16,1,FI,quantile,0.65,16.480247628304483
2026-08-19,ILI incidence,2026-08-16,1,FI,quantile,0.7,17.726626365152253
2026-08-19,ILI incidence,2026-08-16,1,FI,quantile,0.75,19.17154942293696
2026-08-19,ILI incidence,2026-08-16,1,FI,quantile,0.8,20.91211255045641
2026-08-19,ILI incidence,2026-08-16,1,FI,quantile,0.85,23.131400492771135
2026-08-19,ILI incidence,2026-08-16,1,FI,quantile,0.9,26.24583533525299
2026-08-19,ILI incidence,2026-08-16,1,FI,quantile,0.95,31.616364535785884
2026-08-19,ILI incidence,2026-08-16,1,FI,quantile,0.975,37.124695238972926
2026-08-19,ILI incidence,2026-08-16,1,FI,quantile,0.99,44.70930465322012
2026-08-19,ILI incidence,2026-08-16,1,FI,median,,13.443639969861977
2026-08-19,ILI incidence,2026-08-23,2,FI,quantile,0.01,2.4656179020396025
2026-08-19,ILI incidence,2026-08-23,2,FI,quantile,0.025,3.3616595899603983
2026-08-19,ILI incidence,2026-08-23,2,FI,quantile,0.05,4.31552804770826
2026-08-19,ILI incidence,2026-08-23,2,FI,quantile,0.1,5.676939489422925
2026-08-19,ILI incidence,2026-08-23,2,FI,quantile,0.15,6.787412926633088
2026-08-19,ILI incidence,2026-08-23,2,FI,quantile,0.2,7.800275215973981
2026-08-19,ILI incidence,2026-08-23,2,FI,quantile,0.25,8.773586102149885
2026-08-19,ILI incidence,2026-08-23,2,FI,quantile,0.3,9.739057211714591
2026-08-19,ILI incidence,2026-08-23,2,FI,quantile,0.35,10.718645545204623
2026-08-19,ILI incidence,2026-08-23,2,FI,quantile,0.4,11.730676982143768
2026-08-19,ILI incidence,2026-08-23,2,FI,quantile,0.45,12.79293971646324
2026-08-19,ILI incidence,2026-08-23,2,FI,quantile,0.5,13.924862949092274
2026-08-19,ILI incidence,2026-08-23,2,FI,quantile,0.55,15.149677924228968
2026-08-19,ILI incidence,2026-08-23,2,FI,quantile,0.6,16.497226138218874
2026-08-19,ILI incidence,2026-08-23,2,FI,quantile,0.65,18.00830033555707
2026-08-19,ILI incidence,2026-08-23,2,FI,quantile,0.7,19.742187108026688
2026-08-19,ILI incidence,2026-08-23,2,FI,quantile,0.75,21.791177334610992
2026-08-19,ILI incidence,2026-08-23,2,FI,quantile,0.8,24.311882706219905
2026-08-19,ILI incidence,2026-08-23,2,FI,quantile,0.85,27.60404811556522
2026-08-19,ILI incidence,2026-08-23,2,FI,quantile,0.9,32.36132286387388
2026-08-19,ILI incidence,2026-08-23,2,FI,quantile,0.95,40.90581482214629
2026-08-19,ILI incidence,2026-08-23,2,FI,quantile,0.975,50.07036196999724
2026-08-19,ILI incidence,2026-08-23,2,FI,quantile,0.99,63.27469511803149
2026-08-19,ILI incidence,2026-08-23,2,FI,median,,13.924862949092274
2026-08-19,ILI incidence,2026-08-30,3,FI,quantile,0.01,1.4608202548207694
2026-08-19,ILI incidence,2026-08-30,3,FI,quantile,0.025,2.2855800245862556
2026-08-19,ILI incidence,2026-08-30,3,FI,quantile,0.05,3.212856143860523
2026-08-19,ILI incidence,2026-08-30,3,FI,quantile,0.1,4.611162885200226
2026-08-19,ILI incidence,2026-08-30,3,FI,quantile,0.15,5.808264323208451
2026-08-19,ILI incidence,2026-08-30,3,FI,quantile,0.2,6.939330069687983
2026-08-19,ILI incidence,2026-08-30,3,FI,quantile,0.25,8.058310970154576
2026-08-19,ILI incidence,2026-08-30,3,FI,quantile,0.3,9.196978421703104
2026-08-19,ILI incidence,2026-08-30,3,FI,quantile,0.35,10.379515043056985
2026-08-19,ILI incidence,2026-08-30,3,FI,quantile,0.4,11.628189298023516
2026-08-19,ILI incidence,2026-08-30,3,FI,quantile,0.45,12.966557465467377
2026-08-19,ILI incidence,2026-08-30,3,FI,quantile,0.5,14.422118976465802
2026-08-19,ILI incidence,2026-08-30,3,FI,quantile,0.55,16.029375657697727
2026-08-19,ILI incidence,2026-08-30,3,FI,quantile,0.6,17.834192940193894
2026-08-19,ILI incidence,2026-08-30,3,FI,quantile,0.65,19.900869046206125
2026-08-19,ILI incidence,2026-08-30,3,FI,quantile,0.7,22.324728550768306
2026-08-19,ILI incidence,2026-08-30,3,FI,quantile,0.75,25.25674416653505
2026-08-19,ILI incidence,2026-08-30,3,FI,quantile,0.8,28.957408450914023
2026-08-19,ILI incidence,2026-08-30,3,FI,quantile,0.85,33.93427141386043
2026-08-19,ILI incidence,2026-08-30,3,FI,quantile,0.9,41.387248167681676
2026-08-19,ILI incidence,2026-08-30,3,FI,quantile,0.95,55.45617737763913
2026-08-19,ILI incidence,2026-08-30,3,FI,quantile,0.975,71.38957868762222
2026-08-19,ILI incidence,2026-08-30,3,FI,quantile,0.99,95.65141257608413
2026-08-19,ILI incidence,2026-08-30,3,FI,median,,14.422118976465802
2026-08-19,ILI incidence,2026-09-06,4,FI,quantile,0.01,0.6552352475914147
2026-08-19,ILI incidence,2026-09-06,4,FI,quantile,0.025,1.3645967687585148
2026-08-19,ILI incidence,2026-09-06,4,FI,quantile,0.05,2.2134931005694454
2026-08-19,ILI incidence,2026-09-06,4,FI,quantile,0.1,3.5769042053486686
2026-08-19,ILI incidence,2026-09-06,4,FI,quantile,0.15,4.810336295579594
2026-08-19,ILI incidence,2026-09-06,4,FI,quantile,0.2,6.023646878479643
2026-08-19,ILI incidence,2026-09-06,4,FI,quantile,0.25,7.264591947492423
2026-08-19,ILI incidence,2026-09-06,4,FI,quantile,0.3,8.56478372358451
2026-08-19,ILI incidence,2026-09-06,4,FI,quantile,0.35,9.951522495746428
2026-08-19,ILI incidence,2026-09-06,4,FI,quantile,0.4,11.452866383856941
2026-08-19,ILI incidence,2026-09-06,4,FI,quantile,0.45,13.101050589649894
2026-08-19,ILI incidence,2026-09-06,4,FI,quantile,0.5,14.935942228161425
2026-08-19,ILI incidence,2026-09-06,4,FI,quantile,0.55,17.00959815616148
2026-08-19,ILI incidence,2026-09-06,4,FI,quantile,0.6,19.393236936076647
2026-08-19,ILI incidence,2026-09-06,4,FI,quantile,0.65,22.18894517159003
2026-08-19,ILI incidence,2026-09-06,4,FI,quantile,0.7,25.550966758726304
2026-08-19,ILI incidence,2026-09-06,4,FI,quantile,0.75,29.727984673986416
2026-08-19,ILI incidence,2026-09-06,4,FI,quantile,0.8,35.1570362367463
2026-08-19,ILI incidence,2026-09-06,4,FI,quantile,0.85,42.70732463325795
2026-08-19,ILI incidence,2026-09-06,4,FI,quantile,0.9,54.486032327817156
2026-08-19,ILI incidence,2026-09-06,4,FI,quantile,0.95,78.02747781045383
2026-08-19,ILI incidence,2026-09-06,4,FI,quantile,0.975,106.3985459400895
2026-08-19,ILI incidence,2026-09-06,4,FI,quantile,0.99,152.42487121926348
2026-08-19,ILI incidence,2026-09-06,4,FI,median,,14.935942228161425
2026-08-19,ILI incidence,2026-08-16,1,GB-ENG,quantile,0.01,0
2026-08-19,ILI incidence,2026-08-16,1,GB-ENG,quantile,0.025,0
2026-08-19,ILI incidence,2026-08-16,1,GB-ENG,quantile,0.05,0
2026-08-19,ILI incidence,2026-08-16,1,GB-ENG,quantile,0.1,0.09909133000148418
2026-08-19,ILI incidence,2026-08-16,1,GB-ENG,quantile,0.15,0.21861099661950267
2026-08-19,ILI incidence,2026-08-16,1,GB-ENG,quantile,0.2,0.322804298464356
2026-08-19,ILI incidence,2026-08-16,1,GB-ENG,quantile,0.25,0.41926468942635786
2026-08-19,ILI incidence,2026-08-16,1,GB-ENG,quantile,0.3,0.5118692269758736
2026-08-19,ILI incidence,2026-08-16,1,GB-ENG,quantile,0.35,0.6030664015167941
2026-08-19,ILI incidence,2026-08-16,1,GB-ENG,quantile,0.4,0.6946850855529105
2026-08-19,ILI incidence,2026-08-16,1,GB-ENG,quantile,0.45,0.7883079762073348
2026-08-19,ILI incidence,2026-08-16,1,GB-ENG,quantile,0.5,0.8854948997038052
2026-08-19,ILI incidence,2026-08-16,1,GB-ENG,quantile,0.55,0.9879635186489202
2026-08-19,ILI incidence,2026-08-16,1,GB-ENG,quantile,0.6,1.097788578607319
2026-08-19,ILI incidence,2026-08-16,1,GB-ENG,quantile,0.65,1.217681696432098
2026-08-19,ILI incidence,2026-08-16,1,GB-ENG,quantile,0.7,1.351454049977694
2026-08-19,ILI incidence,2026-08-16,1,GB-ENG,quantile,0.75,1.5048823121541686
2026-08-19,ILI incidence,2026-08-16,1,GB-ENG,quantile,0.8,1.6875411736537065
2026-08-19,ILI incidence,2026-08-16,1,GB-ENG,quantile,0.85,1.9173304907563544
2026-08-19,ILI incidence,2026-08-16,1,GB-ENG,quantile,0.9,2.2345728874089685
2026-08-19,ILI incidence,2026-08-16,1,GB-ENG,quantile,0.95,2.769325980444775
2026-08-19,ILI incidence,2026-08-16,1,GB-ENG,quantile,0.975,3.3042387128004167
2026-08-19,ILI incidence,2026-08-16,1,GB-ENG,quantile,0.99,4.022347534028373
2026-08-19,ILI incidence,2026-08-16,1,GB-ENG,median,,0.8854948997038052
2026-08-19,ILI incidence,2026-08-23,2,GB-ENG,quantile,0.01,0
2026-08-19,ILI incidence,2026-08-23,2,GB-ENG,quantile,0.025,0
2026-08-19,ILI incidence,2026-08-23,2,GB-ENG,quantile,0.05,0
2026-08-19,ILI incidence,2026-08-23,2,GB-ENG,quantile,0.1,0.025538389061539046
2026-08-19,ILI incidence,2026-08-23,2,GB-ENG,quantile,0.15,0.14998392441247188
2026-08-19,ILI incidence,2026-08-23,2,GB-ENG,quantile,0.2,0.25957323420204137
2026-08-19,ILI incidence,2026-08-23,2,GB-ENG,quantile,0.25,0.3618775553248701
2026-08-19,ILI incidence,2026-08-23,2,GB-ENG,quantile,0.3,0.4608124332647603
2026-08-19,ILI incidence,2026-08-23,2,GB-ENG,quantile,0.35,0.5588949300964876
2026-08-19,ILI incidence,2026-08-23,2,GB-ENG,quantile,0.4,0.6580481218264442
2026-08-19,ILI incidence,2026-08-23,2,GB-ENG,quantile,0.45,0.7599785223915889
2026-08-19,ILI incidence,2026-08-23,2,GB-ENG,quantile,0.5,0.8664089483806703
2026-08-19,ILI incidence,2026-08-23,2,GB-ENG,quantile,0.55,0.9792754958519756
2026-08-19,ILI incidence,2026-08-23,2,GB-ENG,quantile,0.6,1.1009537158415914
2026-08-19,ILI incidence,2026-08-23,2,GB-ENG,quantile,0.65,1.2345844452645887
2026-08-19,ILI incidence,2026-08-23,2,GB-ENG,quantile,0.7,1.384619875400586
2026-08-19,ILI incidence,2026-08-23,2,GB-ENG,quantile,0.75,1.5578528326391794
2026-08-19,ILI incidence,2026-08-23,2,GB-ENG,quantile,0.8,1.7656052605804047
2026-08-19,ILI incidence,2026-08-23,2,GB-ENG,quantile,0.85,2.0291574418095943
2026-08-19,ILI incidence,2026-08-23,2,GB-ENG,quantile,0.9,2.396735217082554
2026-08-19,ILI incidence,2026-08-23,2,GB-ENG,quantile,0.95,3.025164563801331
2026-08-19,ILI incidence,2026-08-23,2,GB-ENG,quantile,0.975,3.6636552094076196
2026-08-19,ILI incidence,2026-08-23,2,GB-ENG,quantile,0.99,4.53444087290211
2026-08-19,ILI incidence,2026-08-23,2,GB-ENG,median,,0.8664089483806703
2026-08-19,ILI incidence,2026-08-30,3,GB-ENG,quantile,0.01,0
2026-08-19,ILI incidence,2026-08-30,3,GB-ENG,quantile,0.025,0
2026-08-19,ILI incidence,2026-08-30,3,GB-ENG,quantile,0.05,0
2026-08-19,ILI incidence,2026-08-30,3,GB-ENG,quantile,0.1,0
2026-08-19,ILI incidence,2026-08-30,3,GB-ENG,quantile,0.15,0.07266138249949683
2026-08-19,ILI incidence,2026-08-30,3,GB-ENG,quantile,0.2,0.18808019746720195
2026-08-19,ILI incidence,2026-08-30,3,GB-ENG,quantile,0.25,0.29694785466371143
2026-08-19,ILI incidence,2026-08-30,3,GB-ENG,quantile,0.3,0.40319045065848846
2026-08-19,ILI incidence,2026-08-30,3,GB-ENG,quantile,0.35,0.5093937766044796
2026-08-19,ILI incidence,2026-08-30,3,GB-ENG,quantile,0.4,0.6175935566631929
2026-08-19,ILI incidence,2026-08-30,3,GB-ENG,quantile,0.45,0.72965480183331
2026-08-19,ILI incidence,2026-08-30,3,GB-ENG,quantile,0.5,0.84751619489539
2026-08-19,ILI incidence,2026-08-30,3,GB-ENG,quantile,0.55,0.9734088482758934
2026-08-19,ILI incidence,2026-08-30,3,GB-ENG,quantile,0.6,1.110119737025785
2026-08-19,ILI incidence,2026-08-30,3,GB-ENG,quantile,0.65,1.261382114665472
2026-08-19,ILI incidence,2026-08-30,3,GB-ENG,quantile,0.7,1.432539423852936
2026-08-19,ILI incidence,2026-08-30,3,GB-ENG,quantile,0.75,1.6318067284870046
2026-08-19,ILI incidence,2026-08-30,3,GB-ENG,quantile,0.8,1.8729677488753604
2026-08-19,ILI incidence,2026-08-30,3,GB-ENG,quantile,0.85,2.182100284478493
2026-08-19,ILI incidence,2026-08-30,3,GB-ENG,quantile,0.9,2.6187447532694845
2026-08-19,ILI incidence,2026-08-30,3,GB-ENG,quantile,0.95,3.37851965551552
2026-08-19,ILI incidence,2026-08-30,3,GB-ENG,quantile,0.975,4.165559554643984
2026-08-19,ILI incidence,2026-08-30,3,GB-ENG,quantile,0.99,5.260209153039757
2026-08-19,ILI incidence,2026-08-30,3,GB-ENG,median,,0.84751619489539
2026-08-19,ILI incidence,2026-09-06,4,GB-ENG,quantile,0.01,0
2026-08-19,ILI incidence,2026-09-06,4,GB-ENG,quantile,0.025,0
2026-08-19,ILI incidence,2026-09-06,4,GB-ENG,quantile,0.05,0
2026-08-19,ILI incidence,2026-09-06,4,GB-ENG,quantile,0.1,0
2026-08-19,ILI incidence,2026-09-06,4,GB-ENG,quantile,0.15,0
2026-08-19,ILI incidence,2026-09-06,4,GB-ENG,quantile,0.2,0.11109177841237372
2026-08-19,ILI incidence,2026-09-06,4,GB-ENG,quantile,0.25,0.22666838570710346
2026-08-19,ILI incidence,2026-09-06,4,GB-ENG,quantile,0.3,0.3406705239248615
2026-08-19,ILI incidence,2026-09-06,4,GB-ENG,quantile,0.35,0.455747245496394
2026-08-19,ILI incidence,2026-09-06,4,GB-ENG,quantile,0.4,0.574064179497906
2026-08-19,ILI incidence,2026-09-06,4,GB-ENG,quantile,0.45,0.6976820338460945
2026-08-19,ILI incidence,2026-09-06,4,GB-ENG,quantile,0.5,0.8288146835998587
2026-08-19,ILI incidence,2026-09-06,4,GB-ENG,quantile,0.55,0.9700763042024731
2026-08-19,ILI incidence,2026-09-06,4,GB-ENG,quantile,0.6,1.1247946497437602
2026-08-19,ILI incidence,2026-09-06,4,GB-ENG,quantile,0.65,1.2974889063313957
2026-08-19,ILI incidence,2026-09-06,4,GB-ENG,quantile,0.7,1.4946943244184427
2026-08-19,ILI incidence,2026-09-06,4,GB-ENG,quantile,0.75,1.7265422227560752
2026-08-19,ILI incidence,2026-09-06,4,GB-ENG,quantile,0.8,2.010159207306403
2026-08-19,ILI incidence,2026-09-06,4,GB-ENG,quantile,0.85,2.378194779479997
2026-08-19,ILI incidence,2026-09-06,4,GB-ENG,quantile,0.9,2.9058531651925175
2026-08-19,ILI incidence,2026-09-06,4,GB-ENG,quantile,0.95,3.8432588949321103
2026-08-19,ILI incidence,2026-09-06,4,GB-ENG,quantile,0.975,4.836696883439052
2026-08-19,ILI incidence,2026-09-06,4,GB-ENG,quantile,0.99,6.250724309588259
2026-08-19,ILI incidence,2026-09-06,4,GB-ENG,median,,0.8288146835998587
2026-08-19,ILI incidence,2026-08-16,1,GB-NIR,quantile,0.01,0.03082738941424612
2026-08-19,ILI incidence,2026-08-16,1,GB-NIR,quantile,0.025,0.2085515389724919
2026-08-19,ILI incidence,2026-08-16,1,GB-NIR,quantile,0.05,0.38572522068958803
2026-08-19,ILI incidence,2026-08-16,1,GB-NIR,quantile,0.1,0.6224648235012895
2026-08-19,ILI incidence,2026-08-16,1,GB-NIR,quantile,0.15,0.8046404127955786
2026-08-19,ILI incidence,2026-08-16,1,GB-NIR,quantile,0.2,0.963908296250269
2026-08-19,ILI incidence,2026-08-16,1,GB-NIR,quantile,0.25,1.111702458782891
2026-08-19,ILI incidence,2026-08-16,1,GB-NIR,quantile,0.3,1.2538813254389143
2026-08-19,ILI incidence,2026-08-16,1,GB-NIR,quantile,0.35,1.3941626737784594
2026-08-19,ILI incidence,2026-08-16,1,GB-NIR,quantile,0.4,1.5353408189939737
2026-08-19,ILI incidence,2026-08-16,1,GB-NIR,quantile,0.45,1.6798509639877173
2026-08-19,ILI incidence,2026-08-16,1,GB-NIR,quantile,0.5,1.830109548651241
2026-08-19,ILI incidence,2026-08-16,1,GB-NIR,quantile,0.55,1.9887930952132016
2026-08-19,ILI incidence,2026-08-16,1,GB-NIR,quantile,0.6,2.159149254160282
2026-08-19,ILI incidence,2026-08-16,1,GB-NIR,quantile,0.65,2.3454368598631334
2026-08-19,ILI incidence,2026-08-16,1,GB-NIR,quantile,0.7,2.55365651552536
2026-08-19,ILI incidence,2026-08-16,1,GB-NIR,quantile,0.75,2.7929207422447804
2026-08-19,ILI incidence,2026-08-16,1,GB-NIR,quantile,0.8,3.078357463360013
2026-08-19,ILI incidence,2026-08-16,1,GB-NIR,quantile,0.85,3.438291418376994
2026-08-19,ILI incidence,2026-08-16,1,GB-NIR,quantile,0.9,3.936637110000534
2026-08-19,ILI incidence,2026-08-16,1,GB-NIR,quantile,0.95,4.780020409371704
2026-08-19,ILI incidence,2026-08-16,1,GB-NIR,quantile,0.975,5.6273715262293305
2026-08-19,ILI incidence,2026-08-16,1,GB-NIR,quantile,0.99,6.769991503541863
2026-08-19,ILI incidence,2026-08-16,1,GB-NIR,median,,1.830109548651241
2026-08-19,ILI incidence,2026-08-23,2,GB-NIR,quantile,0.01,0
2026-08-19,ILI incidence,2026-08-23,2,GB-NIR,quantile,0.025,0.11247880274415989
2026-08-19,ILI incidence,2026-08-23,2,GB-NIR,quantile,0.05,0.3062657890685443
2026-08-19,ILI incidence,2026-08-23,2,GB-NIR,quantile,0.1,0.5719440542407184
2026-08-19,ILI incidence,2026-08-23,2,GB-NIR,quantile,0.15,0.781091850065174
2026-08-19,ILI incidence,2026-08-23,2,GB-NIR,quantile,0.2,0.966988792911402
2026-08-19,ILI incidence,2026-08-23,2,GB-NIR,quantile,0.25,1.141860613457577
2026-08-19,ILI incidence,2026-08-23,2,GB-NIR,quantile,0.3,1.3121114080642307
2026-08-19,ILI incidence,2026-08-23,2,GB-NIR,quantile,0.35,1.4819313725525798
2026-08-19,ILI incidence,2026-08-23,2,GB-NIR,quantile,0.4,1.6545929655411542
2026-08-19,ILI incidence,2026-08-23,2,GB-NIR,quantile,0.45,1.8330691969893813
2026-08-19,ILI incidence,2026-08-23,2,GB-NIR,quantile,0.5,2.0204272900063227
2026-08-19,ILI incidence,2026-08-23,2,GB-NIR,quantile,0.55,2.2201758516557457
2026-08-19,ILI incidence,2026-08-23,2,GB-NIR,quantile,0.6,2.436677913578049
2026-08-19,ILI incidence,2026-08-23,2,GB-NIR,quantile,0.65,2.6757587720212723
2026-08-19,ILI incidence,2026-08-23,2,GB-NIR,quantile,0.7,2.9457359115117105
2026-08-19,ILI incidence,2026-08-23,2,GB-NIR,quantile,0.75,3.2593719483397363
2026-08-19,ILI incidence,2026-08-23,2,GB-NIR,quantile,0.8,3.6380442263281685
2026-08-19,ILI incidence,2026-08-23,2,GB-NIR,quantile,0.85,4.1221283247582745
2026-08-19,ILI incidence,2026-08-23,2,GB-NIR,quantile,0.9,4.803629581856544
2026-08-19,ILI incidence,2026-08-23,2,GB-NIR,quantile,0.95,5.984015879892435
2026-08-19,ILI incidence,2026-08-23,2,GB-NIR,quantile,0.975,7.200588623991051
2026-08-19,ILI incidence,2026-08-23,2,GB-NIR,quantile,0.99,8.883997457401486
2026-08-19,ILI incidence,2026-08-23,2,GB-NIR,median,,2.0204272900063227
2026-08-19,ILI incidence,2026-08-30,3,GB-NIR,quantile,0.01,0
2026-08-19,ILI incidence,2026-08-30,3,GB-NIR,quantile,0.025,0
2026-08-19,ILI incidence,2026-08-30,3,GB-NIR,quantile,0.05,0.18802246090424934
2026-08-19,ILI incidence,2026-08-30,3,GB-NIR,quantile,0.1,0.48106667603613595
2026-08-19,ILI incidence,2026-08-30,3,GB-NIR,quantile,0.15,0.7186073037140586
2026-08-19,ILI incidence,2026-08-30,3,GB-NIR,quantile,0.2,0.9342843085781456
2026-08-19,ILI incidence,2026-08-30,3,GB-NIR,quantile,0.25,1.1407630172467491
2026-08-19,ILI incidence,2026-08-30,3,GB-NIR,quantile,0.3,1.3449053343465578
2026-08-19,ILI incidence,2026-08-30,3,GB-NIR,quantile,0.35,1.55141151841064
2026-08-19,ILI incidence,2026-08-30,3,GB-NIR,quantile,0.4,1.7641570178076331
2026-08-19,ILI incidence,2026-08-30,3,GB-NIR,quantile,0.45,1.9868601471385547
2026-08-19,ILI incidence,2026-08-30,3,GB-NIR,quantile,0.5,2.223543420274531
2026-08-19,ILI incidence,2026-08-30,3,GB-NIR,quantile,0.55,2.478981830585586
2026-08-19,ILI incidence,2026-08-30,3,GB-NIR,quantile,0.6,2.7592771016448756
2026-08-19,ILI incidence,2026-08-30,3,GB-NIR,quantile,0.65,3.072738602696389
2026-08-19,ILI incidence,2026-08-30,3,GB-NIR,quantile,0.7,3.4314079678149962
2026-08-19,ILI incidence,2026-08-30,3,GB-NIR,quantile,0.75,3.8539852840691644
2026-08-19,ILI incidence,2026-08-30,3,GB-NIR,quantile,0.8,4.372132801942447
2026-08-19,ILI incidence,2026-08-30,3,GB-NIR,quantile,0.85,5.046309799765704
2026-08-19,ILI incidence,2026-08-30,3,GB-NIR,quantile,0.9,6.01604617167262
2026-08-19,ILI incidence,2026-08-30,3,GB-NIR,quantile,0.95,7.746663067705004
2026-08-19,ILI incidence,2026-08-30,3,GB-NIR,quantile,0.975,9.589884100194842
2026-08-19,ILI incidence,2026-08-30,3,GB-NIR,quantile,0.99,12.226757649445068
2026-08-19,ILI incidence,2026-08-30,3,GB-NIR,median,,2.223543420274531
2026-08-19,ILI incidence,2026-09-06,4,GB-NIR,quantile,0.01,0
2026-08-19,ILI incidence,2026-09-06,4,GB-NIR,quantile,0.025,0
2026-08-19,ILI incidence,2026-09-06,4,GB-NIR,quantile,0.05,0.048563144823055904
2026-08-19,ILI incidence,2026-09-06,4,GB-NIR,quantile,0.1,0.36321835663556135
2026-08-19,ILI incidence,2026-09-06,4,GB-NIR,quantile,0.15,0.6272752079796255
2026-08-19,ILI incidence,2026-09-06,4,GB-NIR,quantile,0.2,0.8731613109510044
2026-08-19,ILI incidence,2026-09-06,4,GB-NIR,quantile,0.25,1.1135167610096772
2026-08-19,ILI incidence,2026-09-06,4,GB-NIR,quantile,0.3,1.3555369500862513
2026-08-19,ILI incidence,2026-09-06,4,GB-NIR,quantile,0.35,1.6044766757227586
2026-08-19,ILI incidence,2026-09-06,4,GB-NIR,quantile,0.4,1.8649800293942524
2026-08-19,ILI incidence,2026-09-06,4,GB-NIR,quantile,0.45,2.1417937259023567
2026-08-19,ILI incidence,2026-09-06,4,GB-NIR,quantile,0.5,2.4403185988872087
2026-08-19,ILI incidence,2026-09-06,4,GB-NIR,quantile,0.55,2.7672085103072384
2026-08-19,ILI incidence,2026-09-06,4,GB-NIR,quantile,0.6,3.1311953104090957
2026-08-19,ILI incidence,2026-09-06,4,GB-NIR,quantile,0.65,3.544403170193392
2026-08-19,ILI incidence,2026-09-06,4,GB-NIR,quantile,0.7,4.024668393087982
2026-08-19,ILI incidence,2026-09-06,4,GB-NIR,quantile,0.75,4.6000464629365
2026-08-19,ILI incidence,2026-09-06,4,GB-NIR,quantile,0.8,5.318618686310692
2026-08-19,ILI incidence,2026-09-06,4,GB-NIR,quantile,0.85,6.273380681897198
2026-08-19,ILI incidence,2026-09-06,4,GB-NIR,quantile,0.9,7.682242286598985
2026-08-19,ILI incidence,2026-09-06,4,GB-NIR,quantile,0.95,10.287629286118497
2026-08-19,ILI incidence,2026-09-06,4,GB-NIR,quantile,0.975,13.172792914104447
2026-08-19,ILI incidence,2026-09-06,4,GB-NIR,quantile,0.99,17.466860682469434
2026-08-19,ILI incidence,2026-09-06,4,GB-NIR,median,,2.4403185988872087
2026-08-19,ILI incidence,2026-08-16,1,GR,quantile,0.01,89.25972997283522
2026-08-19,ILI incidence,2026-08-16,1,GR,quantile,0.025,103.41189500468876
2026-08-19,ILI incidence,2026-08-16,1,GR,quantile,0.05,117.34599981025266
2026-08-19,ILI incidence,2026-08-16,1,GR,quantile,0.1,135.73429488309682
2026-08-19,ILI incidence,2026-08-16,1,GR,quantile,0.15,149.7290473533801
2026-08-19,ILI incidence,2026-08-16,1,GR,quantile,0.2,161.8662701139987
2026-08-19,ILI incidence,2026-08-16,1,GR,quantile,0.25,173.05491678983088
2026-08-19,ILI incidence,2026-08-16,1,GR,quantile,0.3,183.75623707617348
2026-08-19,ILI incidence,2026-08-16,1,GR,quantile,0.35,194.25905850685888
2026-08-19,ILI incidence,2026-08-16,1,GR,quantile,0.4,204.77675250952217
2026-08-19,ILI incidence,2026-08-16,1,GR,quantile,0.45,215.491662031161
2026-08-19,ILI incidence,2026-08-16,1,GR,quantile,0.5,226.5812754639799
2026-08-19,ILI incidence,2026-08-16,1,GR,quantile,0.55,238.23894553665062
2026-08-19,ILI incidence,2026-08-16,1,GR,quantile,0.6,250.69624999021795
2026-08-19,ILI incidence,2026-08-16,1,GR,quantile,0.65,264.25395204644275
2026-08-19,ILI incidence,2026-08-16,1,GR,quantile,0.7,279.3328199440324
2026-08-19,ILI incidence,2026-08-16,1,GR,quantile,0.75,296.5683646119094
2026-08-19,ILI incidence,2026-08-16,1,GR,quantile,0.8,317.0108251116645
2026-08-19,ILI incidence,2026-08-16,1,GR,quantile,0.85,342.6181535758272
2026-08-19,ILI incidence,2026-08-16,1,GR,quantile,0.9,377.7874650327729
2026-08-19,ILI incidence,2026-08-16,1,GR,quantile,0.95,436.6424807332178
2026-08-19,ILI incidence,2026-08-16,1,GR,quantile,0.975,495.04728407128374
2026-08-19,ILI incidence,2026-08-16,1,GR,quantile,0.99,572.8244171282112
2026-08-19,ILI incidence,2026-08-16,1,GR,median,,226.5812754639799
2026-08-19,ILI incidence,2026-08-23,2,GR,quantile,0.01,80.61189360319958
2026-08-19,ILI incidence,2026-08-23,2,GR,quantile,0.025,94.74488185041457
2026-08-19,ILI incidence,2026-08-23,2,GR,quantile,0.05,108.84260176517627
2026-08-19,ILI incidence,2026-08-23,2,GR,quantile,0.1,127.6913884545981
2026-08-19,ILI incidence,2026-08-23,2,GR,quantile,0.15,142.20366475643334
2026-08-19,ILI incidence,2026-08-23,2,GR,quantile,0.2,154.89603641868075
2026-08-19,ILI incidence,2026-08-23,2,GR,quantile,0.25,166.67782707537432
2026-08-19,ILI incidence,2026-08-23,2,GR,quantile,0.3,178.01517256261604
2026-08-19,ILI incidence,2026-08-23,2,GR,quantile,0.35,189.2040833230272
2026-08-19,ILI incidence,2026-08-23,2,GR,quantile,0.4,200.46723511845963
2026-08-19,ILI incidence,2026-08-23,2,GR,quantile,0.45,211.99887344480203
2026-08-19,ILI incidence,2026-08-23,2,GR,quantile,0.5,223.9919266588244
2026-08-19,ILI incidence,2026-08-23,2,GR,quantile,0.55,236.66025727252583
2026-08-19,ILI incidence,2026-08-23,2,GR,quantile,0.6,250.2635219909842
2026-08-19,ILI incidence,2026-08-23,2,GR,quantile,0.65,265.1423781090893
2026-08-19,ILI incidence,2026-08-23,2,GR,quantile,0.7,281.7769643042041
2026-08-19,ILI incidence,2026-08-23,2,GR,quantile,0.75,300.8966069908251
2026-08-19,ILI incidence,2026-08-23,2,GR,quantile,0.8,323.7123417923148
2026-08-19,ILI incidence,2026-08-23,2,GR,quantile,0.85,352.4921201056461
2026-08-19,ILI incidence,2026-08-23,2,GR,quantile,0.9,392.3547354608648
2026-08-19,ILI incidence,2026-08-23,2,GR,quantile,0.95,459.85367833756527
2026-08-19,ILI incidence,2026-08-23,2,GR,quantile,0.975,527.7109460403035
2026-08-19,ILI incidence,2026-08-23,2,GR,quantile,0.99,619.2694831193725
2026-08-19,ILI incidence,2026-08-23,2,GR,median,,223.9919266588244
2026-08-19,ILI incidence,2026-08-30,3,GR,quantile,0.01,71.04439043146765
2026-08-19,ILI incidence,2026-08-30,3,GR,quantile,0.025,85.04158048627319
2026-08-19,ILI incidence,2026-08-30,3,GR,quantile,0.05,99.23645346546303
2026-08-19,ILI incidence,2026-08-30,3,GR,quantile,0.1,118.53230842571409
2026-08-19,ILI incidence,2026-08-30,3,GR,quantile,0.15,133.60842590490384
2026-08-19,ILI incidence,2026-08-30,3,GR,quantile,0.2,146.93533156387795
2026-08-19,ILI incidence,2026-08-30,3,GR,quantile,0.25,159.4153673807675
2026-08-19,ILI incidence,2026-08-30,3,GR,quantile,0.3,171.51758258883686
2026-08-19,ILI incidence,2026-08-30,3,GR,quantile,0.35,183.5456410561459
2026-08-19,ILI incidence,2026-08-30,3,GR,quantile,0.4,195.73361182804004
2026-08-19,ILI incidence,2026-08-30,3,GR,quantile,0.45,208.29120578116073
2026-08-19,ILI incidence,2026-08-30,3,GR,quantile,0.5,221.43203898253358
2026-08-19,ILI incidence,2026-08-30,3,GR,quantile,0.55,235.39794983865926
2026-08-19,ILI incidence,2026-08-30,3,GR,quantile,0.6,250.48733613030547
2026-08-19,ILI incidence,2026-08-30,3,GR,quantile,0.65,267.0963456128171
2026-08-19,ILI incidence,2026-08-30,3,GR,quantile,0.7,285.7882289067549
2026-08-19,ILI incidence,2026-08-30,3,GR,quantile,0.75,307.4243908408685
2026-08-19,ILI incidence,2026-08-30,3,GR,quantile,0.8,333.4435128707832
2026-08-19,ILI incidence,2026-08-30,3,GR,quantile,0.85,366.55508901709044
2026-08-19,ILI incidence,2026-08-30,3,GR,quantile,0.9,412.9132977313432
2026-08-19,ILI incidence,2026-08-30,3,GR,quantile,0.95,492.59300190099515
2026-08-19,ILI incidence,2026-08-30,3,GR,quantile,0.975,574.0244438364374
2026-08-19,ILI incidence,2026-08-30,3,GR,quantile,0.99,685.7434323424735
2026-08-19,ILI incidence,2026-08-30,3,GR,median,,221.43203898253358
2026-08-19,ILI incidence,2026-09-06,4,GR,quantile,0.01,61.20523403393349
2026-08-19,ILI incidence,2026-09-06,4,GR,quantile,0.025,74.89205444797935
2026-08-19,ILI incidence,2026-09-06,4,GR,quantile,0.05,89.04896848524272
2026-08-19,ILI incidence,2026-09-06,4,GR,quantile,0.1,108.67853223045542
2026-08-19,ILI incidence,2026-09-06,4,GR,quantile,0.15,124.28655843772856
2026-08-19,ILI incidence,2026-09-06,4,GR,quantile,0.2,138.26066243182507
2026-08-19,ILI incidence,2026-09-06,4,GR,quantile,0.25,151.48500556126965
2026-08-19,ILI incidence,2026-09-06,4,GR,quantile,0.3,164.4277546666306
2026-08-19,ILI incidence,2026-09-06,4,GR,quantile,0.35,177.39979970429826
2026-08-19,ILI incidence,2026-09-06,4,GR,quantile,0.4,190.6483383909524
2026-08-19,ILI incidence,2026-09-06,4,GR,quantile,0.45,204.40216479773272
2026-08-19,ILI incidence,2026-09-06,4,GR,quantile,0.5,218.9012769095729
2026-08-19,ILI incidence,2026-09-06,4,GR,quantile,0.55,234.4238653427982
2026-08-19,ILI incidence,2026-09-06,4,GR,quantile,0.6,251.3192843332452
2026-08-19,ILI incidence,2026-09-06,4,GR,quantile,0.65,270.05731994437656
2026-08-19,ILI incidence,2026-09-06,4,GR,quantile,0.7,291.3123250019844
2026-08-19,ILI incidence,2026-09-06,4,GR,quantile,0.75,316.1234536042999
2026-08-19,ILI incidence,2026-09-06,4,GR,quantile,0.8,346.2378397606258
2026-08-19,ILI incidence,2026-09-06,4,GR,quantile,0.85,384.96775415852323
2026-08-19,ILI incidence,2026-09-06,4,GR,quantile,0.9,439.893679036973
2026-08-19,ILI incidence,2026-09-06,4,GR,quantile,0.95,536.003059556261
2026-08-19,ILI incidence,2026-09-06,4,GR,quantile,0.975,636.1756824636624
2026-08-19,ILI incidence,2026-09-06,4,GR,quantile,0.99,776.3714276210543
2026-08-19,ILI incidence,2026-09-06,4,GR,median,,218.9012769095729
2026-08-19,ILI incidence,2026-08-16,1,HR,quantile,0.01,0
2026-08-19,ILI incidence,2026-08-16,1,HR,quantile,0.025,0
2026-08-19,ILI incidence,2026-08-16,1,HR,quantile,0.05,0
2026-08-19,ILI incidence,2026-08-16,1,HR,quantile,0.1,0
2026-08-19,ILI incidence,2026-08-16,1,HR,quantile,0.15,0
2026-08-19,ILI incidence,2026-08-16,1,HR,quantile,0.2,0
2026-08-19,ILI incidence,2026-08-16,1,HR,quantile,0.25,0
2026-08-19,ILI incidence,2026-08-16,1,HR,quantile,0.3,0
2026-08-19,ILI incidence,2026-08-16,1,HR,quantile,0.35,0
2026-08-19,ILI incidence,2026-08-16,1,HR,quantile,0.4,0
2026-08-19,ILI incidence,2026-08-16,1,HR,quantile,0.45,0.06647523180304304
2026-08-19,ILI incidence,2026-08-16,1,HR,quantile,0.5,0.20252455324373964
2026-08-19,ILI incidence,2026-08-16,1,HR,quantile,0.55,0.35592956876200166
2026-08-19,ILI incidence,2026-08-16,1,HR,quantile,0.6,0.5318644554102707
2026-08-19,ILI incidence,2026-08-16,1,HR,quantile,0.65,0.737731562926202
2026-08-19,ILI incidence,2026-08-16,1,HR,quantile,0.7,0.9846958334656757
2026-08-19,ILI incidence,2026-08-16,1,HR,quantile,0.75,1.2907278225225443
2026-08-19,ILI incidence,2026-08-16,1,HR,quantile,0.8,1.687352915523645
2026-08-19,ILI incidence,2026-08-16,1,HR,quantile,0.85,2.2371439528429926
2026-08-19,ILI incidence,2026-08-16,1,HR,quantile,0.9,3.091417567332843
2026-08-19,ILI incidence,2026-08-16,1,HR,quantile,0.95,4.789299326993947
2026-08-19,ILI incidence,2026-08-16,1,HR,quantile,0.975,6.823139150962726
2026-08-19,ILI incidence,2026-08-16,1,HR,quantile,0.99,10.102277005457108
2026-08-19,ILI incidence,2026-08-16,1,HR,median,,0.20252455324373964
2026-08-19,ILI incidence,2026-08-23,2,HR,quantile,0.01,0
2026-08-19,ILI incidence,2026-08-23,2,HR,quantile,0.025,0
2026-08-19,ILI incidence,2026-08-23,2,HR,quantile,0.05,0
2026-08-19,ILI incidence,2026-08-23,2,HR,quantile,0.1,0
2026-08-19,ILI incidence,2026-08-23,2,HR,quantile,0.15,0
2026-08-19,ILI incidence,2026-08-23,2,HR,quantile,0.2,0
2026-08-19,ILI incidence,2026-08-23,2,HR,quantile,0.25,0
2026-08-19,ILI incidence,2026-08-23,2,HR,quantile,0.3,0
2026-08-19,ILI incidence,2026-08-23,2,HR,quantile,0.35,0
2026-08-19,ILI incidence,2026-08-23,2,HR,quantile,0.4,0
2026-08-19,ILI incidence,2026-08-23,2,HR,quantile,0.45,0.04248447101132036
2026-08-19,ILI incidence,2026-08-23,2,HR,quantile,0.5,0.21886549305426883
2026-08-19,ILI incidence,2026-08-23,2,HR,quantile,0.55,0.4250889403822049
2026-08-19,ILI incidence,2026-08-23,2,HR,quantile,0.6,0.6704050973034206
2026-08-19,ILI incidence,2026-08-23,2,HR,quantile,0.65,0.968420787800572
2026-08-19,ILI incidence,2026-08-23,2,HR,quantile,0.7,1.3402019202326292
2026-08-19,ILI incidence,2026-08-23,2,HR,quantile,0.75,1.8205657574635672
2026-08-19,ILI incidence,2026-08-23,2,HR,quantile,0.8,2.4723690840407295
2026-08-19,ILI incidence,2026-08-23,2,HR,quantile,0.85,3.4245539725001715
2026-08-19,ILI incidence,2026-08-23,2,HR,quantile,0.9,5.001917176544245
2026-08-19,ILI incidence,2026-08-23,2,HR,quantile,0.95,8.430986609075749
2026-08-19,ILI incidence,2026-08-23,2,HR,quantile,0.975,12.95692013903053
2026-08-19,ILI incidence,2026-08-23,2,HR,quantile,0.99,21.0151487132135
2026-08-19,ILI incidence,2026-08-23,2,HR,median,,0.21886549305426883
2026-08-19,ILI incidence,2026-08-30,3,HR,quantile,0.01,0
2026-08-19,ILI incidence,2026-08-30,3,HR,quantile,0.025,0
2026-08-19,ILI incidence,2026-08-30,3,HR,quantile,0.05,0
2026-08-19,ILI incidence,2026-08-30,3,HR,quantile,0.1,0
2026-08-19,ILI incidence,2026-08-30,3,HR,quantile,0.15,0
2026-08-19,ILI incidence,2026-08-30,3,HR,quantile,0.2,0
2026-08-19,ILI incidence,2026-08-30,3,HR,quantile,0.25,0
2026-08-19,ILI incidence,2026-08-30,3,HR,quantile,0.3,0
2026-08-19,ILI incidence,2026-08-30,3,HR,quantile,0.35,0
2026-08-19,ILI incidence,2026-08-30,3,HR,quantile,0.4,0
2026-08-19,ILI incidence,2026-08-30,3,HR,quantile,0.45,0.014579028414565931
2026-08-19,ILI incidence,2026-08-30,3,HR,quantile,0.5,0.23542707046933886
2026-08-19,ILI incidence,2026-08-30,3,HR,quantile,0.55,0.5043481125698981
2026-08-19,ILI incidence,2026-08-30,3,HR,quantile,0.6,0.8376275333386587
2026-08-19,ILI incidence,2026-08-30,3,HR,quantile,0.65,1.2598779633469661
2026-08-19,ILI incidence,2026-08-30,3,HR,quantile,0.7,1.8102803048549454
2026-08-19,ILI incidence,2026-08-30,3,HR,quantile,0.75,2.555557315990757
2026-08-19,ILI incidence,2026-08-30,3,HR,quantile,0.8,3.62025037067506
2026-08-19,ILI incidence,2026-08-30,3,HR,quantile,0.85,5.269951059406149
2026-08-19,ILI incidence,2026-08-30,3,HR,quantile,0.9,8.206689962567532
2026-08-19,ILI incidence,2026-08-30,3,HR,quantile,0.95,15.269889137758472
2026-08-19,ILI incidence,2026-08-30,3,HR,quantile,0.975,25.660239617605978
2026-08-19,ILI incidence,2026-08-30,3,HR,quantile,0.99,46.341581941826625
2026-08-19,ILI incidence,2026-08-30,3,HR,median,,0.23542707046933886
2026-08-19,ILI incidence,2026-09-06,4,HR,quantile,0.01,0
2026-08-19,ILI incidence,2026-09-06,4,HR,quantile,0.025,0
2026-08-19,ILI incidence,2026-09-06,4,HR,quantile,0.05,0
2026-08-19,ILI incidence,2026-09-06,4,HR,quantile,0.1,0
2026-08-19,ILI incidence,2026-09-06,4,HR,quantile,0.15,0
2026-08-19,ILI incidence,2026-09-06,4,HR,quantile,0.2,0
2026-08-19,ILI incidence,2026-09-06,4,HR,quantile,0.25,0
2026-08-19,ILI incidence,2026-09-06,4,HR,quantile,0.3,0
2026-08-19,ILI incidence,2026-09-06,4,HR,quantile,0.35,0
2026-08-19,ILI incidence,2026-09-06,4,HR,quantile,0.4,0
2026-08-19,ILI incidence,2026-09-06,4,HR,quantile,0.45,0
2026-08-19,ILI incidence,2026-09-06,4,HR,quantile,0.5,0.25221344519005084
2026-08-19,ILI incidence,2026-09-06,4,HR,quantile,0.55,0.5940266455778691
2026-08-19,ILI incidence,2026-09-06,4,HR,quantile,0.6,1.0370486468244184
2026-08-19,ILI incidence,2026-09-06,4,HR,quantile,0.65,1.6247238801825472
2026-08-19,ILI incidence,2026-09-06,4,HR,quantile,0.7,2.4284175008390685
2026-08-19,ILI incidence,2026-09-06,4,HR,quantile,0.75,3.5739016373144405
2026-08-19,ILI incidence,2026-09-06,4,HR,quantile,0.8,5.3051481261431706
2026-08-19,ILI incidence,2026-09-06,4,HR,quantile,0.85,8.166275272887217
2026-08-19,ILI incidence,2026-09-06,4,HR,quantile,0.9,13.67749642629608
2026-08-19,ILI incidence,2026-09-06,4,HR,quantile,0.95,28.49111218279214
2026-08-19,ILI incidence,2026-09-06,4,HR,quantile,0.975,53.01724567712417
2026-08-19,ILI incidence,2026-09-06,4,HR,quantile,0.99,108.1797843632547
2026-08-19,ILI incidence,2026-09-06,4,HR,median,,0.25221344519005084
2026-08-19,ILI incidence,2026-08-16,1,HU,quantile,0.01,5.446305013913949
2026-08-19,ILI incidence,2026-08-16,1,HU,quantile,0.025,6.603346098501898
2026-08-19,ILI incidence,2026-08-16,1,HU,quantile,0.05,7.7632555496355184
2026-08-19,ILI incidence,2026-08-16,1,HU,quantile,0.1,9.321821256687118
2026-08-19,ILI incidence,2026-08-16,1,HU,quantile,0.15,10.527124881210895
2026-08-19,ILI incidence,2026-08-16,1,HU,quantile,0.2,11.584668866997603
2026-08-19,ILI incidence,2026-08-16,1,HU,quantile,0.25,12.568943685674869
2026-08-19,ILI incidence,2026-08-16,1,HU,quantile,0.3,13.518289927352981
2026-08-19,ILI incidence,2026-08-16,1,HU,quantile,0.35,14.457192444764408
2026-08-19,ILI incidence,2026-08-16,1,HU,quantile,0.4,15.404202777449566
2026-08-19,ILI incidence,2026-08-16,1,HU,quantile,0.45,16.375633451183436
2026-08-19,ILI incidence,2026-08-16,1,HU,quantile,0.5,17.387810848303936
2026-08-19,ILI incidence,2026-08-16,1,HU,quantile,0.55,18.458950302037795
2026-08-19,ILI incidence,2026-08-16,1,HU,quantile,0.6,19.611278242536553
2026-08-19,ILI incidence,2026-08-16,1,HU,quantile,0.65,20.87406212358621
2026-08-19,ILI incidence,2026-08-16,1,HU,quantile,0.7,22.288664814165863
2026-08-19,ILI incidence,2026-08-16,1,HU,quantile,0.75,23.918047832268503
2026-08-19,ILI incidence,2026-08-16,1,HU,quantile,0.8,25.866943529970616
2026-08-19,ILI incidence,2026-08-16,1,HU,quantile,0.85,28.331823093555855
2026-08-19,ILI incidence,2026-08-16,1,HU,quantile,0.9,31.756969858778973
2026-08-19,ILI incidence,2026-08-16,1,HU,quantile,0.95,37.58287435279306
2026-08-19,ILI incidence,2026-08-16,1,HU,quantile,0.975,43.4687882693677
2026-08-19,ILI incidence,2026-08-16,1,HU,quantile,0.99,51.45044828986698
2026-08-19,ILI incidence,2026-08-16,1,HU,median,,17.387810848303936
2026-08-19,ILI incidence,2026-08-23,2,HU,quantile,0.01,3.3826165682684746
2026-08-19,ILI incidence,2026-08-23,2,HU,quantile,0.025,4.350934467722588
2026-08-19,ILI incidence,2026-08-23,2,HU,quantile,0.05,5.353208514664927
2026-08-19,ILI incidence,2026-08-23,2,HU,quantile,0.1,6.743905114384394
2026-08-19,ILI incidence,2026-08-23,2,HU,quantile,0.15,7.850371308547743
2026-08-19,ILI incidence,2026-08-23,2,HU,quantile,0.2,8.8414529371066
2026-08-19,ILI incidence,2026-08-23,2,HU,quantile,0.25,9.779707243898397
2026-08-19,ILI incidence,2026-08-23,2,HU,quantile,0.3,10.69828142570195
2026-08-19,ILI incidence,2026-08-23,2,HU,quantile,0.35,11.61920793638605
2026-08-19,ILI incidence,2026-08-23,2,HU,quantile,0.4,12.560025254070677
2026-08-19,ILI incidence,2026-08-23,2,HU,quantile,0.45,13.536984870658651
2026-08-19,ILI incidence,2026-08-23,2,HU,quantile,0.5,14.567151410893423
2026-08-19,ILI incidence,2026-08-23,2,HU,quantile,0.55,15.670320923206774
2026-08-19,ILI incidence,2026-08-23,2,HU,quantile,0.6,16.871368121304386
2026-08-19,ILI incidence,2026-08-23,2,HU,quantile,0.65,18.203757024316257
2026-08-19,ILI incidence,2026-08-23,2,HU,quantile,0.7,19.715538824126025
2026-08-19,ILI incidence,2026-08-23,2,HU,quantile,0.75,21.480777776859384
2026-08-19,ILI incidence,2026-08-23,2,HU,quantile,0.8,23.6240270210476
2026-08-19,ILI incidence,2026-08-23,2,HU,quantile,0.85,26.381473002791576
2026-08-19,ILI incidence,2026-08-23,2,HU,quantile,0.9,30.293798086386513
2026-08-19,ILI incidence,2026-08-23,2,HU,quantile,0.95,37.14390830873932
2026-08-19,ILI incidence,2026-08-23,2,HU,quantile,0.975,44.288576137771656
2026-08-19,ILI incidence,2026-08-23,2,HU,quantile,0.99,54.29486763781062
2026-08-19,ILI incidence,2026-08-23,2,HU,median,,14.567151410893423
2026-08-19,ILI incidence,2026-08-30,3,HU,quantile,0.01,1.795056158580365
2026-08-19,ILI incidence,2026-08-30,3,HU,quantile,0.025,2.568303843988402
2026-08-19,ILI incidence,2026-08-30,3,HU,quantile,0.05,3.4023948179491024
2026-08-19,ILI incidence,2026-08-30,3,HU,quantile,0.1,4.608775569733339
2026-08-19,ILI incidence,2026-08-30,3,HU,quantile,0.15,5.604377424922449
2026-08-19,ILI incidence,2026-08-30,3,HU,quantile,0.2,6.520239642425987
2026-08-19,ILI incidence,2026-08-30,3,HU,quantile,0.25,7.40654773116222
2026-08-19,ILI incidence,2026-08-30,3,HU,quantile,0.3,8.291157225678727
2026-08-19,ILI incidence,2026-08-30,3,HU,quantile,0.35,9.19376646405113
2026-08-19,ILI incidence,2026-08-30,3,HU,quantile,0.4,10.13120303498555
2026-08-19,ILI incidence,2026-08-30,3,HU,quantile,0.45,11.120156563250264
2026-08-19,ILI incidence,2026-08-30,3,HU,quantile,0.5,12.179176414694629
2026-08-19,ILI incidence,2026-08-30,3,HU,quantile,0.55,13.33072997557587
2026-08-19,ILI incidence,2026-08-30,3,HU,quantile,0.6,14.603945990719113
2026-08-19,ILI incidence,2026-08-30,3,HU,quantile,0.65,16.03891212165522
2026-08-19,ILI incidence,2026-08-30,3,HU,quantile,0.7,17.69419349503635
2026-08-19,ILI incidence,2026-08-30,3,HU,quantile,0.75,19.661357851545816
2026-08-19,ILI incidence,2026-08-30,3,HU,quantile,0.8,22.096430330458407
2026-08-19,ILI incidence,2026-08-30,3,HU,quantile,0.85,25.299328429383774
2026-08-19,ILI incidence,2026-08-30,3,HU,quantile,0.9,29.967666438095875
2026-08-19,ILI incidence,2026-08-30,3,HU,quantile,0.95,38.453683313792055
2026-08-19,ILI incidence,2026-08-30,3,HU,quantile,0.975,47.67598124029254
2026-08-19,ILI incidence,2026-08-30,3,HU,quantile,0.99,61.142111326257684
2026-08-19,ILI incidence,2026-08-30,3,HU,median,,12.179176414694629
2026-08-19,ILI incidence,2026-09-06,4,HU,quantile,0.01,0.6914057161667875
2026-08-19,ILI incidence,2026-09-06,4,HU,quantile,0.025,1.2765910847532096
2026-08-19,ILI incidence,2026-09-06,4,HU,quantile,0.05,1.939437112665348
2026-08-19,ILI incidence,2026-09-06,4,HU,quantile,0.1,2.946535527879571
2026-08-19,ILI incidence,2026-09-06,4,HU,quantile,0.15,3.814426027354748
2026-08-19,ILI incidence,2026-09-06,4,HU,quantile,0.2,4.6383973012652895
2026-08-19,ILI incidence,2026-09-06,4,HU,quantile,0.25,5.45680896589532
2026-08-19,ILI incidence,2026-09-06,4,HU,quantile,0.3,6.292527383893457
2026-08-19,ILI incidence,2026-09-06,4,HU,quantile,0.35,7.16320791326085
2026-08-19,ILI incidence,2026-09-06,4,HU,quantile,0.4,8.085330595373525
2026-08-19,ILI incidence,2026-09-06,4,HU,quantile,0.45,9.076519598060106
2026-08-19,ILI incidence,2026-09-06,4,HU,quantile,0.5,10.157512789918554
2026-08-19,ILI incidence,2026-09-06,4,HU,quantile,0.55,11.354473233115378
2026-08-19,ILI incidence,2026-09-06,4,HU,quantile,0.6,12.702318297651109
2026-08-19,ILI incidence,2026-09-06,4,HU,quantile,0.65,14.250143446054613
2026-08-19,ILI incidence,2026-09-06,4,HU,quantile,0.7,16.07091178459604
2026-08-19,ILI incidence,2026-09-06,4,HU,quantile,0.75,18.280435942080565
2026-08-19,ILI incidence,2026-09-06,4,HU,quantile,0.8,21.078985393466308
2026-08-19,ILI incidence,2026-09-06,4,HU,quantile,0.85,24.857722384738015
2026-08-19,ILI incidence,2026-09-06,4,HU,quantile,0.9,30.54414568873356
2026-08-19,ILI incidence,2026-09-06,4,HU,quantile,0.95,41.35167717002595
2026-08-19,ILI incidence,2026-09-06,4,HU,quantile,0.975,53.68267555422291
2026-08-19,ILI incidence,2026-09-06,4,HU,quantile,0.99,72.60155547973815
2026-08-19,ILI incidence,2026-09-06,4,HU,median,,10.157512789918554
2026-08-19,ILI incidence,2026-08-16,1,IE,quantile,0.01,0
2026-08-19,ILI incidence,2026-08-16,1,IE,quantile,0.025,0
2026-08-19,ILI incidence,2026-08-16,1,IE,quantile,0.05,0
2026-08-19,ILI incidence,2026-08-16,1,IE,quantile,0.1,0
2026-08-19,ILI incidence,2026-08-16,1,IE,quantile,0.15,0
2026-08-19,ILI incidence,2026-08-16,1,IE,quantile,0.2,0
2026-08-19,ILI incidence,2026-08-16,1,IE,quantile,0.25,0.0530195626111567
2026-08-19,ILI incidence,2026-08-16,1,IE,quantile,0.3,0.12880682654032904
2026-08-19,ILI incidence,2026-08-16,1,IE,quantile,0.35,0.20389565997802195
2026-08-19,ILI incidence,2026-08-16,1,IE,quantile,0.4,0.2797610999246485
2026-08-19,ILI incidence,2026-08-16,1,IE,quantile,0.45,0.3577090617239309
2026-08-19,ILI incidence,2026-08-16,1,IE,quantile,0.5,0.4390550774627415
2026-08-19,ILI incidence,2026-08-16,1,IE,quantile,0.55,0.5252748724692378
2026-08-19,ILI incidence,2026-08-16,1,IE,quantile,0.6,0.6181766394471824
2026-08-19,ILI incidence,2026-08-16,1,IE,quantile,0.65,0.7201486680408029
2026-08-19,ILI incidence,2026-08-16,1,IE,quantile,0.7,0.8345738768415492
2026-08-19,ILI incidence,2026-08-16,1,IE,quantile,0.75,0.9666106779974426
2026-08-19,ILI incidence,2026-08-16,1,IE,quantile,0.8,1.1248525763194728
2026-08-19,ILI incidence,2026-08-16,1,IE,quantile,0.85,1.3254437699776185
2026-08-19,ILI incidence,2026-08-16,1,IE,quantile,0.9,1.6049506682136792
2026-08-19,ILI incidence,2026-08-16,1,IE,quantile,0.95,2.082195157211129
2026-08-19,ILI incidence,2026-08-16,1,IE,quantile,0.975,2.566394118582711
2026-08-19,ILI incidence,2026-08-16,1,IE,quantile,0.99,3.2258076608697923
2026-08-19,ILI incidence,2026-08-16,1,IE,median,,0.4390550774627415
2026-08-19,ILI incidence,2026-08-23,2,IE,quantile,0.01,0
2026-08-19,ILI incidence,2026-08-23,2,IE,quantile,0.025,0
2026-08-19,ILI incidence,2026-08-23,2,IE,quantile,0.05,0
2026-08-19,ILI incidence,2026-08-23,2,IE,quantile,0.1,0
2026-08-19,ILI incidence,2026-08-23,2,IE,quantile,0.15,0
2026-08-19,ILI incidence,2026-08-23,2,IE,quantile,0.2,0
2026-08-19,ILI incidence,2026-08-23,2,IE,quantile,0.25,0
2026-08-19,ILI incidence,2026-08-23,2,IE,quantile,0.3,0.01264577955053281
2026-08-19,ILI incidence,2026-08-23,2,IE,quantile,0.35,0.09660961614206642
2026-08-19,ILI incidence,2026-08-23,2,IE,quantile,0.4,0.1827115570413851
2026-08-19,ILI incidence,2026-08-23,2,IE,quantile,0.45,0.2724453545351513
2026-08-19,ILI incidence,2026-08-23,2,IE,quantile,0.5,0.3674009991516627
2026-08-19,ILI incidence,2026-08-23,2,IE,quantile,0.55,0.4694426647217662
2026-08-19,ILI incidence,2026-08-23,2,IE,quantile,0.6,0.5809311081379234
2026-08-19,ILI incidence,2026-08-23,2,IE,quantile,0.65,0.7050602739186027
2026-08-19,ILI incidence,2026-08-23,2,IE,quantile,0.7,0.8464358714958335
2026-08-19,ILI incidence,2026-08-23,2,IE,quantile,0.75,1.012181379939011
2026-08-19,ILI incidence,2026-08-23,2,IE,quantile,0.8,1.214313343609275
2026-08-19,ILI incidence,2026-08-23,2,IE,quantile,0.85,1.4756900067168623
2026-08-19,ILI incidence,2026-08-23,2,IE,quantile,0.9,1.8488295731948594
2026-08-19,ILI incidence,2026-08-23,2,IE,quantile,0.95,2.5077892916466884
2026-08-19,ILI incidence,2026-08-23,2,IE,quantile,0.975,3.2015875622275844
2026-08-19,ILI incidence,2026-08-23,2,IE,quantile,0.99,4.182591942535672
2026-08-19,ILI incidence,2026-08-23,2,IE,median,,0.3674009991516627
2026-08-19,ILI incidence,2026-08-30,3,IE,quantile,0.01,0
2026-08-19,ILI incidence,2026-08-30,3,IE,quantile,0.025,0
2026-08-19,ILI incidence,2026-08-30,3,IE,quantile,0.05,0
2026-08-19,ILI incidence,2026-08-30,3,IE,quantile,0.1,0
2026-08-19,ILI incidence,2026-08-30,3,IE,quantile,0.15,0
2026-08-19,ILI incidence,2026-08-30,3,IE,quantile,0.2,0
2026-08-19,ILI incidence,2026-08-30,3,IE,quantile,0.25,0
2026-08-19,ILI incidence,2026-08-30,3,IE,quantile,0.3,0
2026-08-19,ILI incidence,2026-08-30,3,IE,quantile,0.35,0
2026-08-19,ILI incidence,2026-08-30,3,IE,quantile,0.4,0.08419931434599293
2026-08-19,ILI incidence,2026-08-30,3,IE,quantile,0.45,0.18775208872460403
2026-08-19,ILI incidence,2026-08-30,3,IE,quantile,0.5,0.2993147538696441
2026-08-19,ILI incidence,2026-08-30,3,IE,quantile,0.55,0.4213562288373882
2026-08-19,ILI incidence,2026-08-30,3,IE,quantile,0.6,0.5571111393311439
2026-08-19,ILI incidence,2026-08-30,3,IE,quantile,0.65,0.7110653197515593
2026-08-19,ILI incidence,2026-08-30,3,IE,quantile,0.7,0.8898117092105713
2026-08-19,ILI incidence,2026-08-30,3,IE,quantile,0.75,1.1037119338988726
2026-08-19,ILI incidence,2026-08-30,3,IE,quantile,0.8,1.3705092369065395
2026-08-19,ILI incidence,2026-08-30,3,IE,quantile,0.85,1.7244913414185654
2026-08-19,ILI incidence,2026-08-30,3,IE,quantile,0.9,2.2459177385852205
2026-08-19,ILI incidence,2026-08-30,3,IE,quantile,0.95,3.207829599002439
2026-08-19,ILI incidence,2026-08-30,3,IE,quantile,0.975,4.270192572296404
2026-08-19,ILI incidence,2026-08-30,3,IE,quantile,0.99,5.847047000664611
2026-08-19,ILI incidence,2026-08-30,3,IE,median,,0.2993147538696441
2026-08-19,ILI incidence,2026-09-06,4,IE,quantile,0.01,0
2026-08-19,ILI incidence,2026-09-06,4,IE,quantile,0.025,0
2026-08-19,ILI incidence,2026-09-06,4,IE,quantile,0.05,0
2026-08-19,ILI incidence,2026-09-06,4,IE,quantile,0.1,0
2026-08-19,ILI incidence,2026-09-06,4,IE,quantile,0.15,0
2026-08-19,ILI incidence,2026-09-06,4,IE,quantile,0.2,0
2026-08-19,ILI incidence,2026-09-06,4,IE,quantile,0.25,0
2026-08-19,ILI incidence,2026-09-06,4,IE,quantile,0.3,0
2026-08-19,ILI incidence,2026-09-06,4,IE,quantile,0.35,0
2026-08-19,ILI incidence,2026-09-06,4,IE,quantile,0.4,0
2026-08-19,ILI incidence,2026-09-06,4,IE,quantile,0.45,0.10511118056497426
2026-08-19,ILI incidence,2026-09-06,4,IE,quantile,0.5,0.23461868952534015
2026-08-19,ILI incidence,2026-09-06,4,IE,quantile,0.55,0.37930312834768176
2026-08-19,ILI incidence,2026-09-06,4,IE,quantile,0.6,0.543696506639409
2026-08-19,ILI incidence,2026-09-06,4,IE,quantile,0.65,0.7342281302535705
2026-08-19,ILI incidence,2026-09-06,4,IE,quantile,0.7,0.9605246665088518
2026-08-19,ILI incidence,2026-09-06,4,IE,quantile,0.75,1.2379727325120782
2026-08-19,ILI incidence,2026-09-06,4,IE,quantile,0.8,1.5933686594393608
2026-08-19,ILI incidence,2026-09-06,4,IE,quantile,0.85,2.0794638478165672
2026-08-19,ILI incidence,2026-09-06,4,IE,quantile,0.9,2.822544925996347
2026-08-19,ILI incidence,2026-09-06,4,IE,quantile,0.95,4.266149423954704
2026-08-19,ILI incidence,2026-09-06,4,IE,quantile,0.975,5.953074454527785
2026-08-19,ILI incidence,2026-09-06,4,IE,quantile,0.99,8.605008746165222
2026-08-19,ILI incidence,2026-09-06,4,IE,median,,0.23461868952534015
2026-08-19,ILI incidence,2026-08-16,1,IS,quantile,0.01,0
2026-08-19,ILI incidence,2026-08-16,1,IS,quantile,0.025,0
2026-08-19,ILI incidence,2026-08-16,1,IS,quantile,0.05,0
2026-08-19,ILI incidence,2026-08-16,1,IS,quantile,0.1,0
2026-08-19,ILI incidence,2026-08-16,1,IS,quantile,0.15,0
2026-08-19,ILI incidence,2026-08-16,1,IS,quantile,0.2,0
2026-08-19,ILI incidence,2026-08-16,1,IS,quantile,0.25,0
2026-08-19,ILI incidence,2026-08-16,1,IS,quantile,0.3,0
2026-08-19,ILI incidence,2026-08-16,1,IS,quantile,0.35,0
2026-08-19,ILI incidence,2026-08-16,1,IS,quantile,0.4,0
2026-08-19,ILI incidence,2026-08-16,1,IS,quantile,0.45,0.046531235781229974
2026-08-19,ILI incidence,2026-08-16,1,IS,quantile,0.5,0.1082293724219816
2026-08-19,ILI incidence,2026-08-16,1,IS,quantile,0.55,0.1735649160839381
2026-08-19,ILI incidence,2026-08-16,1,IS,quantile,0.6,0.24389967939050128
2026-08-19,ILI incidence,2026-08-16,1,IS,quantile,0.65,0.3210292119960241
2026-08-19,ILI incidence,2026-08-16,1,IS,quantile,0.7,0.4074935484358002
2026-08-19,ILI incidence,2026-08-16,1,IS,quantile,0.75,0.5071619414785382
2026-08-19,ILI incidence,2026-08-16,1,IS,quantile,0.8,0.6264747177358092
2026-08-19,ILI incidence,2026-08-16,1,IS,quantile,0.85,0.7775209183406271
2026-08-19,ILI incidence,2026-08-16,1,IS,quantile,0.9,0.9876564411767885
2026-08-19,ILI incidence,2026-08-16,1,IS,quantile,0.95,1.3456599447088746
2026-08-19,ILI incidence,2026-08-16,1,IS,quantile,0.975,1.707996897323719
2026-08-19,ILI incidence,2026-08-16,1,IS,quantile,0.99,2.200236028695254
2026-08-19,ILI incidence,2026-08-16,1,IS,median,,0.1082293724219816
2026-08-19,ILI incidence,2026-08-23,2,IS,quantile,0.01,0
2026-08-19,ILI incidence,2026-08-23,2,IS,quantile,0.025,0
2026-08-19,ILI incidence,2026-08-23,2,IS,quantile,0.05,0
2026-08-19,ILI incidence,2026-08-23,2,IS,quantile,0.1,0
2026-08-19,ILI incidence,2026-08-23,2,IS,quantile,0.15,0
2026-08-19,ILI incidence,2026-08-23,2,IS,quantile,0.2,0
2026-08-19,ILI incidence,2026-08-23,2,IS,quantile,0.25,0
2026-08-19,ILI incidence,2026-08-23,2,IS,quantile,0.3,0
2026-08-19,ILI incidence,2026-08-23,2,IS,quantile,0.35,0
2026-08-19,ILI incidence,2026-08-23,2,IS,quantile,0.4,0
2026-08-19,ILI incidence,2026-08-23,2,IS,quantile,0.45,0.027373284585097357
2026-08-19,ILI incidence,2026-08-23,2,IS,quantile,0.5,0.10119441891573722
2026-08-19,ILI incidence,2026-08-23,2,IS,quantile,0.55,0.18031991530798486
2026-08-19,ILI incidence,2026-08-23,2,IS,quantile,0.6,0.26654596647373396
2026-08-19,ILI incidence,2026-08-23,2,IS,quantile,0.65,0.3622926661987762
2026-08-19,ILI incidence,2026-08-23,2,IS,quantile,0.7,0.47103899326510823
2026-08-19,ILI incidence,2026-08-23,2,IS,quantile,0.75,0.598152221458774
2026-08-19,ILI incidence,2026-08-23,2,IS,quantile,0.8,0.7526658386347573
2026-08-19,ILI incidence,2026-08-23,2,IS,quantile,0.85,0.9517239799181492
2026-08-19,ILI incidence,2026-08-23,2,IS,quantile,0.9,1.2346109144981718
2026-08-19,ILI incidence,2026-08-23,2,IS,quantile,0.95,1.7310392624114206
2026-08-19,ILI incidence,2026-08-23,2,IS,quantile,0.975,2.2501004191339025
2026-08-19,ILI incidence,2026-08-23,2,IS,quantile,0.99,2.978889540604265
2026-08-19,ILI incidence,2026-08-23,2,IS,median,,0.10119441891573722
2026-08-19,ILI incidence,2026-08-30,3,IS,quantile,0.01,0
2026-08-19,ILI incidence,2026-08-30,3,IS,quantile,0.025,0
2026-08-19,ILI incidence,2026-08-30,3,IS,quantile,0.05,0
2026-08-19,ILI incidence,2026-08-30,3,IS,quantile,0.1,0
2026-08-19,ILI incidence,2026-08-30,3,IS,quantile,0.15,0
2026-08-19,ILI incidence,2026-08-30,3,IS,quantile,0.2,0
2026-08-19,ILI incidence,2026-08-30,3,IS,quantile,0.25,0
2026-08-19,ILI incidence,2026-08-30,3,IS,quantile,0.3,0
2026-08-19,ILI incidence,2026-08-30,3,IS,quantile,0.35,0
2026-08-19,ILI incidence,2026-08-30,3,IS,quantile,0.4,0
2026-08-19,ILI incidence,2026-08-30,3,IS,quantile,0.45,0.005319306770405596
2026-08-19,ILI incidence,2026-08-30,3,IS,quantile,0.5,0.09420412290885571
2026-08-19,ILI incidence,2026-08-30,3,IS,quantile,0.55,0.19094764671039277
2026-08-19,ILI incidence,2026-08-30,3,IS,quantile,0.6,0.2980151230175929
2026-08-19,ILI incidence,2026-08-30,3,IS,quantile,0.65,0.41880355764061816
2026-08-19,ILI incidence,2026-08-30,3,IS,quantile,0.7,0.5582805878111752
2026-08-19,ILI incidence,2026-08-30,3,IS,quantile,0.75,0.7242197011646176
2026-08-19,ILI incidence,2026-08-30,3,IS,quantile,0.8,0.929876899557234
2026-08-19,ILI incidence,2026-08-30,3,IS,quantile,0.85,1.200754828099206
2026-08-19,ILI incidence,2026-08-30,3,IS,quantile,0.9,1.596232573024296
2026-08-19,ILI incidence,2026-08-30,3,IS,quantile,0.95,2.3168085782010897
2026-08-19,ILI incidence,2026-08-30,3,IS,quantile,0.975,3.101912852860819
2026-08-19,ILI incidence,2026-08-30,3,IS,quantile,0.99,4.25128535952898
2026-08-19,ILI incidence,2026-08-30,3,IS,median,,0.09420412290885571
2026-08-19,ILI incidence,2026-09-06,4,IS,quantile,0.01,0
2026-08-19,ILI incidence,2026-09-06,4,IS,quantile,0.025,0
2026-08-19,ILI incidence,2026-09-06,4,IS,quantile,0.05,0
2026-08-19,ILI incidence,2026-09-06,4,IS,quantile,0.1,0
2026-08-19,ILI incidence,2026-09-06,4,IS,quantile,0.15,0
2026-08-19,ILI incidence,2026-09-06,4,IS,quantile,0.2,0
2026-08-19,ILI incidence,2026-09-06,4,IS,quantile,0.25,0
2026-08-19,ILI incidence,2026-09-06,4,IS,quantile,0.3,0
2026-08-19,ILI incidence,2026-09-06,4,IS,quantile,0.35,0
2026-08-19,ILI incidence,2026-09-06,4,IS,quantile,0.4,0
2026-08-19,ILI incidence,2026-09-06,4,IS,quantile,0.45,0
2026-08-19,ILI incidence,2026-09-06,4,IS,quantile,0.5,0.08725820075453239
2026-08-19,ILI incidence,2026-09-06,4,IS,quantile,0.55,0.20486070524429945
2026-08-19,ILI incidence,2026-09-06,4,IS,quantile,0.6,0.3373945961568692
2026-08-19,ILI incidence,2026-09-06,4,IS,quantile,0.65,0.4897184476454104
2026-08-19,ILI incidence,2026-09-06,4,IS,quantile,0.7,0.6690578190154843
2026-08-19,ILI incidence,2026-09-06,4,IS,quantile,0.75,0.886888932564275
2026-08-19,ILI incidence,2026-09-06,4,IS,quantile,0.8,1.1630697631446276
2026-08-19,ILI incidence,2026-09-06,4,IS,quantile,0.85,1.5364138415650404
2026-08-19,ILI incidence,2026-09-06,4,IS,quantile,0.9,2.099032180981352
2026-08-19,ILI incidence,2026-09-06,4,IS,quantile,0.95,3.170441584785028
2026-08-19,ILI incidence,2026-09-06,4,IS,quantile,0.975,4.395505043769483
2026-08-19,ILI incidence,2026-09-06,4,IS,quantile,0.99,6.279171809913812
2026-08-19,ILI incidence,2026-09-06,4,IS,median,,0.08725820075453239
2026-08-19,ILI incidence,2026-08-16,1,LT,quantile,0.01,0
2026-08-19,ILI incidence,2026-08-16,1,LT,quantile,0.025,0
2026-08-19,ILI incidence,2026-08-16,1,LT,quantile,0.05,0
2026-08-19,ILI incidence,2026-08-16,1,LT,quantile,0.1,0
2026-08-19,ILI incidence,2026-08-16,1,LT,quantile,0.15,0.09711304170584567
2026-08-19,ILI incidence,2026-08-16,1,LT,quantile,0.2,0.2670762375037177
2026-08-19,ILI incidence,2026-08-16,1,LT,quantile,0.25,0.43372629673635954
2026-08-19,ILI incidence,2026-08-16,1,LT,quantile,0.3,0.6019823859117663
2026-08-19,ILI incidence,2026-08-16,1,LT,quantile,0.35,0.7754740539582499
2026-08-19,ILI incidence,2026-08-16,1,LT,quantile,0.4,0.9574427560461216
2026-08-19,ILI incidence,2026-08-16,1,LT,quantile,0.45,1.151231367812776
2026-08-19,ILI incidence,2026-08-16,1,LT,quantile,0.5,1.3606693686492255
2026-08-19,ILI incidence,2026-08-16,1,LT,quantile,0.55,1.5904976802865853
2026-08-19,ILI incidence,2026-08-16,1,LT,quantile,0.6,1.846959304871457
2026-08-19,ILI incidence,2026-08-16,1,LT,quantile,0.65,2.1387447513833266
2026-08-19,ILI incidence,2026-08-16,1,LT,quantile,0.7,2.4786648823900808
2026-08-19,ILI incidence,2026-08-16,1,LT,quantile,0.75,2.886906364739351
2026-08-19,ILI incidence,2026-08-16,1,LT,quantile,0.8,3.3981251507468055
2026-08-19,ILI incidence,2026-08-16,1,LT,quantile,0.85,4.079476458883337
2026-08-19,ILI incidence,2026-08-16,1,LT,quantile,0.9,5.088675894502679
2026-08-19,ILI incidence,2026-08-16,1,LT,quantile,0.95,6.964782116077285
2026-08-19,ILI incidence,2026-08-16,1,LT,quantile,0.975,9.054287113515578
2026-08-19,ILI incidence,2026-08-16,1,LT,quantile,0.99,12.182320196497713
2026-08-19,ILI incidence,2026-08-16,1,LT,median,,1.3606693686492255
2026-08-19,ILI incidence,2026-08-23,2,LT,quantile,0.01,0
2026-08-19,ILI incidence,2026-08-23,2,LT,quantile,0.025,0
2026-08-19,ILI incidence,2026-08-23,2,LT,quantile,0.05,0
2026-08-19,ILI incidence,2026-08-23,2,LT,quantile,0.1,0
2026-08-19,ILI incidence,2026-08-23,2,LT,quantile,0.15,0
2026-08-19,ILI incidence,2026-08-23,2,LT,quantile,0.2,0.11717274778148568
2026-08-19,ILI incidence,2026-08-23,2,LT,quantile,0.25,0.32121530938732
2026-08-19,ILI incidence,2026-08-23,2,LT,quantile,0.3,0.53602427903841
2026-08-19,ILI incidence,2026-08-23,2,LT,quantile,0.35,0.7661338489151839
2026-08-19,ILI incidence,2026-08-23,2,LT,quantile,0.4,1.0162822040909862
2026-08-19,ILI incidence,2026-08-23,2,LT,quantile,0.45,1.2919758398434031
2026-08-19,ILI incidence,2026-08-23,2,LT,quantile,0.5,1.6000775755568362
2026-08-19,ILI incidence,2026-08-23,2,LT,quantile,0.55,1.9495962747039304
2026-08-19,ILI incidence,2026-08-23,2,LT,quantile,0.6,2.3529053548143346
2026-08-19,ILI incidence,2026-08-23,2,LT,quantile,0.65,2.8277978778709065
2026-08-19,ILI incidence,2026-08-23,2,LT,quantile,0.7,3.4012347273219525
2026-08-19,ILI incidence,2026-08-23,2,LT,quantile,0.75,4.116806739129054
2026-08-19,ILI incidence,2026-08-23,2,LT,quantile,0.8,5.0513500820159845
2026-08-19,ILI incidence,2026-08-23,2,LT,quantile,0.85,6.358201146846375
2026-08-19,ILI incidence,2026-08-23,2,LT,quantile,0.9,8.410650034239262
2026-08-19,ILI incidence,2026-08-23,2,LT,quantile,0.95,12.551407537238923
2026-08-19,ILI incidence,2026-08-23,2,LT,quantile,0.975,17.59269041684905
2026-08-19,ILI incidence,2026-08-23,2,LT,quantile,0.99,25.856561111803888
2026-08-19,ILI incidence,2026-08-23,2,LT,median,,1.6000775755568362
2026-08-19,ILI incidence,2026-08-30,3,LT,quantile,0.01,0
2026-08-19,ILI incidence,2026-08-30,3,LT,quantile,0.025,0
2026-08-19,ILI incidence,2026-08-30,3,LT,quantile,0.05,0
2026-08-19,ILI incidence,2026-08-30,3,LT,quantile,0.1,0
2026-08-19,ILI incidence,2026-08-30,3,LT,quantile,0.15,0
2026-08-19,ILI incidence,2026-08-30,3,LT,quantile,0.2,0
2026-08-19,ILI incidence,2026-08-30,3,LT,quantile,0.25,0.18172195252891044
2026-08-19,ILI incidence,2026-08-30,3,LT,quantile,0.3,0.43899052005550065
2026-08-19,ILI incidence,2026-08-30,3,LT,quantile,0.35,0.7271335775476859
2026-08-19,ILI incidence,2026-08-30,3,LT,quantile,0.4,1.0537307356923935
2026-08-19,ILI incidence,2026-08-30,3,LT,quantile,0.45,1.4283840810781143
2026-08-19,ILI incidence,2026-08-30,3,LT,quantile,0.5,1.8637654782890887
2026-08-19,ILI incidence,2026-08-30,3,LT,quantile,0.55,2.3772057635130435
2026-08-19,ILI incidence,2026-08-30,3,LT,quantile,0.6,2.9932950177499316
2026-08-19,ILI incidence,2026-08-30,3,LT,quantile,0.65,3.748418316483055
2026-08-19,ILI incidence,2026-08-30,3,LT,quantile,0.7,4.699240266241661
2026-08-19,ILI incidence,2026-08-30,3,LT,quantile,0.75,5.940002000546484
2026-08-19,ILI incidence,2026-08-30,3,LT,quantile,0.8,7.642022050840941
2026-08-19,ILI incidence,2026-08-30,3,LT,quantile,0.85,10.159573810555237
2026-08-19,ILI incidence,2026-08-30,3,LT,quantile,0.9,14.394001300443524
2026-08-19,ILI incidence,2026-08-30,3,LT,quantile,0.95,23.79783456422765
2026-08-19,ILI incidence,2026-08-30,3,LT,quantile,0.975,36.49810933332337
2026-08-19,ILI incidence,2026-08-30,3,LT,quantile,0.99,59.64961988772996
2026-08-19,ILI incidence,2026-08-30,3,LT,median,,1.8637654782890887
2026-08-19,ILI incidence,2026-09-06,4,LT,quantile,0.01,0
2026-08-19,ILI incidence,2026-09-06,4,LT,quantile,0.025,0
2026-08-19,ILI incidence,2026-09-06,4,LT,quantile,0.05,0
2026-08-19,ILI incidence,2026-09-06,4,LT,quantile,0.1,0
2026-08-19,ILI incidence,2026-09-06,4,LT,quantile,0.15,0
2026-08-19,ILI incidence,2026-09-06,4,LT,quantile,0.2,0
2026-08-19,ILI incidence,2026-09-06,4,LT,quantile,0.25,0.0313868527762573
2026-08-19,ILI incidence,2026-09-06,4,LT,quantile,0.3,0.32266234077791744
2026-08-19,ILI incidence,2026-09-06,4,LT,quantile,0.35,0.6655300441043177
2026-08-19,ILI incidence,2026-09-06,4,LT,quantile,0.4,1.0727211899859133
2026-08-19,ILI incidence,2026-09-06,4,LT,quantile,0.45,1.561198738277838
2026-08-19,ILI incidence,2026-09-06,4,LT,quantile,0.5,2.154195395177477
2026-08-19,ILI incidence,2026-09-06,4,LT,quantile,0.55,2.884489103586128
2026-08-19,ILI incidence,2026-09-06,4,LT,quantile,0.6,3.799945423931532
2026-08-19,ILI incidence,2026-09-06,4,LT,quantile,0.65,4.973442884549773
2026-08-19,ILI incidence,2026-09-06,4,LT,quantile,0.7,6.521911136524372
2026-08-19,ILI incidence,2026-09-06,4,LT,quantile,0.75,8.646185196348505
2026-08-19,ILI incidence,2026-09-06,4,LT,quantile,0.8,11.72474902422146
2026-08-19,ILI incidence,2026-09-06,4,LT,quantile,0.85,16.573818726250277
2026-08-19,ILI incidence,2026-09-06,4,LT,quantile,0.9,25.380987094197064
2026-08-19,ILI incidence,2026-09-06,4,LT,quantile,0.95,47.17029638962812
2026-08-19,ILI incidence,2026-09-06,4,LT,quantile,0.975,80.20474409553204
2026-08-19,ILI incidence,2026-09-06,4,LT,quantile,0.99,148.03485131325607
2026-08-19,ILI incidence,2026-09-06,4,LT,median,,2.154195395177477
2026-08-19,ILI incidence,2026-08-16,1,LU,quantile,0.01,0
2026-08-19,ILI incidence,2026-08-16,1,LU,quantile,0.025,0
2026-08-19,ILI incidence,2026-08-16,1,LU,quantile,0.05,0
2026-08-19,ILI incidence,2026-08-16,1,LU,quantile,0.1,0
2026-08-19,ILI incidence,2026-08-16,1,LU,quantile,0.15,0
2026-08-19,ILI incidence,2026-08-16,1,LU,quantile,0.2,0
2026-08-19,ILI incidence,2026-08-16,1,LU,quantile,0.25,0
2026-08-19,ILI incidence,2026-08-16,1,LU,quantile,0.3,0
2026-08-19,ILI incidence,2026-08-16,1,LU,quantile,0.35,0
2026-08-19,ILI incidence,2026-08-16,1,LU,quantile,0.4,0
2026-08-19,ILI incidence,2026-08-16,1,LU,quantile,0.45,0
2026-08-19,ILI incidence,2026-08-16,1,LU,quantile,0.5,0.00494659819740062
2026-08-19,ILI incidence,2026-08-16,1,LU,quantile,0.55,0.15805040974837148
2026-08-19,ILI incidence,2026-08-16,1,LU,quantile,0.6,0.33753166752990515
2026-08-19,ILI incidence,2026-08-16,1,LU,quantile,0.65,0.5523225444916802
2026-08-19,ILI incidence,2026-08-16,1,LU,quantile,0.7,0.8161123863019393
2026-08-19,ILI incidence,2026-08-16,1,LU,quantile,0.75,1.151289673804655
2026-08-19,ILI incidence,2026-08-16,1,LU,quantile,0.8,1.5978087692240641
2026-08-19,ILI incidence,2026-08-16,1,LU,quantile,0.85,2.236542313812566
2026-08-19,ILI incidence,2026-08-16,1,LU,quantile,0.9,3.2678536785361656
2026-08-19,ILI incidence,2026-08-16,1,LU,quantile,0.95,5.430691231904148
2026-08-19,ILI incidence,2026-08-16,1,LU,quantile,0.975,8.176728069219736
2026-08-19,ILI incidence,2026-08-16,1,LU,quantile,0.99,12.875426780750878
2026-08-19,ILI incidence,2026-08-16,1,LU,median,,0.00494659819740062
2026-08-19,ILI incidence,2026-08-23,2,LU,quantile,0.01,0
2026-08-19,ILI incidence,2026-08-23,2,LU,quantile,0.025,0
2026-08-19,ILI incidence,2026-08-23,2,LU,quantile,0.05,0
2026-08-19,ILI incidence,2026-08-23,2,LU,quantile,0.1,0
2026-08-19,ILI incidence,2026-08-23,2,LU,quantile,0.15,0
2026-08-19,ILI incidence,2026-08-23,2,LU,quantile,0.2,0
2026-08-19,ILI incidence,2026-08-23,2,LU,quantile,0.25,0
2026-08-19,ILI incidence,2026-08-23,2,LU,quantile,0.3,0
2026-08-19,ILI incidence,2026-08-23,2,LU,quantile,0.35,0
2026-08-19,ILI incidence,2026-08-23,2,LU,quantile,0.4,0
2026-08-19,ILI incidence,2026-08-23,2,LU,quantile,0.45,0
2026-08-19,ILI incidence,2026-08-23,2,LU,quantile,0.5,0
2026-08-19,ILI incidence,2026-08-23,2,LU,quantile,0.55,0.17541519257262395
2026-08-19,ILI incidence,2026-08-23,2,LU,quantile,0.6,0.43042439271089883
2026-08-19,ILI incidence,2026-08-23,2,LU,quantile,0.65,0.7522737253690033
2026-08-19,ILI incidence,2026-08-23,2,LU,quantile,0.7,1.1701268232515525
2026-08-19,ILI incidence,2026-08-23,2,LU,quantile,0.75,1.733509925134621
2026-08-19,ILI incidence,2026-08-23,2,LU,quantile,0.8,2.5345789147206905
2026-08-19,ILI incidence,2026-08-23,2,LU,quantile,0.85,3.7691497526492324
2026-08-19,ILI incidence,2026-08-23,2,LU,quantile,0.9,5.952493483898692
2026-08-19,ILI incidence,2026-08-23,2,LU,quantile,0.95,11.155367765081362
2026-08-19,ILI incidence,2026-08-23,2,LU,quantile,0.975,18.733825624892212
2026-08-19,ILI incidence,2026-08-23,2,LU,quantile,0.99,33.66545986507152
2026-08-19,ILI incidence,2026-08-23,2,LU,median,,0
2026-08-19,ILI incidence,2026-08-30,3,LU,quantile,0.01,0
2026-08-19,ILI incidence,2026-08-30,3,LU,quantile,0.025,0
2026-08-19,ILI incidence,2026-08-30,3,LU,quantile,0.05,0
2026-08-19,ILI incidence,2026-08-30,3,LU,quantile,0.1,0
2026-08-19,ILI incidence,2026-08-30,3,LU,quantile,0.15,0
2026-08-19,ILI incidence,2026-08-30,3,LU,quantile,0.2,0
2026-08-19,ILI incidence,2026-08-30,3,LU,quantile,0.25,0
2026-08-19,ILI incidence,2026-08-30,3,LU,quantile,0.3,0
2026-08-19,ILI incidence,2026-08-30,3,LU,quantile,0.35,0
2026-08-19,ILI incidence,2026-08-30,3,LU,quantile,0.4,0
2026-08-19,ILI incidence,2026-08-30,3,LU,quantile,0.45,0
2026-08-19,ILI incidence,2026-08-30,3,LU,quantile,0.5,0
2026-08-19,ILI incidence,2026-08-30,3,LU,quantile,0.55,0.1803146359101988
2026-08-19,ILI incidence,2026-08-30,3,LU,quantile,0.6,0.49704903789781385
2026-08-19,ILI incidence,2026-08-30,3,LU,quantile,0.65,0.9139956006637602
2026-08-19,ILI incidence,2026-08-30,3,LU,quantile,0.7,1.4796582878386237
2026-08-19,ILI incidence,2026-08-30,3,LU,quantile,0.75,2.279019803816287
2026-08-19,ILI incidence,2026-08-30,3,LU,quantile,0.8,3.4758494741533035
2026-08-19,ILI incidence,2026-08-30,3,LU,quantile,0.85,5.432616513718272
2026-08-19,ILI incidence,2026-08-30,3,LU,quantile,0.9,9.152522522060547
2026-08-19,ILI incidence,2026-08-30,3,LU,quantile,0.95,18.967142312266684
2026-08-19,ILI incidence,2026-08-30,3,LU,quantile,0.975,34.899900881565685
2026-08-19,ILI incidence,2026-08-30,3,LU,quantile,0.99,70.01121819542696
2026-08-19,ILI incidence,2026-08-30,3,LU,median,,0
2026-08-19,ILI incidence,2026-09-06,4,LU,quantile,0.01,0
2026-08-19,ILI incidence,2026-09-06,4,LU,quantile,0.025,0
2026-08-19,ILI incidence,2026-09-06,4,LU,quantile,0.05,0
2026-08-19,ILI incidence,2026-09-06,4,LU,quantile,0.1,0
2026-08-19,ILI incidence,2026-09-06,4,LU,quantile,0.15,0
2026-08-19,ILI incidence,2026-09-06,4,LU,quantile,0.2,0
2026-08-19,ILI incidence,2026-09-06,4,LU,quantile,0.25,0
2026-08-19,ILI incidence,2026-09-06,4,LU,quantile,0.3,0
2026-08-19,ILI incidence,2026-09-06,4,LU,quantile,0.35,0
2026-08-19,ILI incidence,2026-09-06,4,LU,quantile,0.4,0
2026-08-19,ILI incidence,2026-09-06,4,LU,quantile,0.45,0
2026-08-19,ILI incidence,2026-09-06,4,LU,quantile,0.5,0
2026-08-19,ILI incidence,2026-09-06,4,LU,quantile,0.55,0.1783712211820594
2026-08-19,ILI incidence,2026-09-06,4,LU,quantile,0.6,0.5485391805591011
2026-08-19,ILI incidence,2026-09-06,4,LU,quantile,0.65,1.053743148417972
2026-08-19,ILI incidence,2026-09-06,4,LU,quantile,0.7,1.7654975549229808
2026-08-19,ILI incidence,2026-09-06,4,LU,quantile,0.75,2.8126741806267885
2026-08-19,ILI incidence,2026-09-06,4,LU,quantile,0.8,4.451562860959191
2026-08-19,ILI incidence,2026-09-06,4,LU,quantile,0.85,7.270505147537689
2026-08-19,ILI incidence,2026-09-06,4,LU,quantile,0.9,12.972857242215655
2026-08-19,ILI incidence,2026-09-06,4,LU,quantile,0.95,29.398331854455105
2026-08-19,ILI incidence,2026-09-06,4,LU,quantile,0.975,58.65359743707196
2026-08-19,ILI incidence,2026-09-06,4,LU,quantile,0.99,129.6365402324492
2026-08-19,ILI incidence,2026-09-06,4,LU,median,,0
2026-08-19,ILI incidence,2026-08-16,1,MT,quantile,0.01,1048.9023810683977
2026-08-19,ILI incidence,2026-08-16,1,MT,quantile,0.025,1218.4491996067575
2026-08-19,ILI incidence,2026-08-16,1,MT,quantile,0.05,1386.0113696768603
2026-08-19,ILI incidence,2026-08-16,1,MT,quantile,0.1,1607.9699878836554
2026-08-19,ILI incidence,2026-08-16,1,MT,quantile,0.15,1777.460174257035
2026-08-19,ILI incidence,2026-08-16,1,MT,quantile,0.2,1924.8104812337162
2026-08-19,ILI incidence,2026-08-16,1,MT,quantile,0.25,2060.916217991492
2026-08-19,ILI incidence,2026-08-16,1,MT,quantile,0.3,2191.321979376815
2026-08-19,ILI incidence,2026-08-16,1,MT,quantile,0.35,2319.5134030752474
2026-08-19,ILI incidence,2026-08-16,1,MT,quantile,0.4,2448.078716483738
2026-08-19,ILI incidence,2026-08-16,1,MT,quantile,0.45,2579.2427801548924
2026-08-19,ILI incidence,2026-08-16,1,MT,quantile,0.5,2715.183881098638
2026-08-19,ILI incidence,2026-08-16,1,MT,quantile,0.55,2858.2870921616054
2026-08-19,ILI incidence,2026-08-16,1,MT,quantile,0.6,3011.420477252978
2026-08-19,ILI incidence,2026-08-16,1,MT,quantile,0.65,3178.32008759909
2026-08-19,ILI incidence,2026-08-16,1,MT,quantile,0.7,3364.2241529034964
2026-08-19,ILI incidence,2026-08-16,1,MT,quantile,0.75,3577.0575425739703
2026-08-19,ILI incidence,2026-08-16,1,MT,quantile,0.8,3829.9350519339637
2026-08-19,ILI incidence,2026-08-16,1,MT,quantile,0.85,4147.338536184611
2026-08-19,ILI incidence,2026-08-16,1,MT,quantile,0.9,4584.327837994164
2026-08-19,ILI incidence,2026-08-16,1,MT,quantile,0.95,5318.10194626513
2026-08-19,ILI incidence,2026-08-16,1,MT,quantile,0.975,6048.989518480294
2026-08-19,ILI incidence,2026-08-16,1,MT,quantile,0.99,7025.991279353455
2026-08-19,ILI incidence,2026-08-16,1,MT,median,,2715.183881098638
2026-08-19,ILI incidence,2026-08-23,2,MT,quantile,0.01,973.2018955756407
2026-08-19,ILI incidence,2026-08-23,2,MT,quantile,0.025,1143.8307283730703
2026-08-19,ILI incidence,2026-08-23,2,MT,quantile,0.05,1314.2991186549755
2026-08-19,ILI incidence,2026-08-23,2,MT,quantile,0.1,1542.573297689037
2026-08-19,ILI incidence,2026-08-23,2,MT,quantile,0.15,1718.5722093342433
2026-08-19,ILI incidence,2026-08-23,2,MT,quantile,0.2,1872.6549518742588
2026-08-19,ILI incidence,2026-08-23,2,MT,quantile,0.25,2015.8020223584385
2026-08-19,ILI incidence,2026-08-23,2,MT,quantile,0.3,2153.649320277244
2026-08-19,ILI incidence,2026-08-23,2,MT,quantile,0.35,2289.782067379158
2026-08-19,ILI incidence,2026-08-23,2,MT,quantile,0.4,2426.9032963653053
2026-08-19,ILI incidence,2026-08-23,2,MT,quantile,0.45,2567.376807927219
2026-08-19,ILI incidence,2026-08-23,2,MT,quantile,0.5,2713.556016755925
2026-08-19,ILI incidence,2026-08-23,2,MT,quantile,0.55,2868.0550176913944
2026-08-19,ILI incidence,2026-08-23,2,MT,quantile,0.6,3034.052664221546
2026-08-19,ILI incidence,2026-08-23,2,MT,quantile,0.65,3215.724311333692
2026-08-19,ILI incidence,2026-08-23,2,MT,quantile,0.7,3418.9599437172587
2026-08-19,ILI incidence,2026-08-23,2,MT,quantile,0.75,3652.712306123502
2026-08-19,ILI incidence,2026-08-23,2,MT,quantile,0.8,3931.8555990176337
2026-08-19,ILI incidence,2026-08-23,2,MT,quantile,0.85,4284.260210711787
2026-08-19,ILI incidence,2026-08-23,2,MT,quantile,0.9,4772.867479528203
2026-08-19,ILI incidence,2026-08-23,2,MT,quantile,0.95,5601.386760238336
2026-08-19,ILI incidence,2026-08-23,2,MT,quantile,0.975,6435.597293800536
2026-08-19,ILI incidence,2026-08-23,2,MT,quantile,0.99,7562.949938479309
2026-08-19,ILI incidence,2026-08-23,2,MT,median,,2713.556016755925
2026-08-19,ILI incidence,2026-08-30,3,MT,quantile,0.01,906.9550840815683
2026-08-19,ILI incidence,2026-08-30,3,MT,quantile,0.025,1077.7791244362752
2026-08-19,ILI incidence,2026-08-30,3,MT,quantile,0.05,1250.1900713095642
2026-08-19,ILI incidence,2026-08-30,3,MT,quantile,0.1,1483.436781699001
2026-08-19,ILI incidence,2026-08-30,3,MT,quantile,0.15,1664.904167490908
2026-08-19,ILI incidence,2026-08-30,3,MT,quantile,0.2,1824.8227487216961
2026-08-19,ILI incidence,2026-08-30,3,MT,quantile,0.25,1974.1989557785182
2026-08-19,ILI incidence,2026-08-30,3,MT,quantile,0.3,2118.7303035944437
2026-08-19,ILI incidence,2026-08-30,3,MT,quantile,0.35,2262.0842021505055
2026-08-19,ILI incidence,2026-08-30,3,MT,quantile,0.4,2407.067258898607
2026-08-19,ILI incidence,2026-08-30,3,MT,quantile,0.45,2556.174518415417
2026-08-19,ILI incidence,2026-08-30,3,MT,quantile,0.5,2711.929128025481
2026-08-19,ILI incidence,2026-08-30,3,MT,quantile,0.55,2877.1705748615846
2026-08-19,ILI incidence,2026-08-30,3,MT,quantile,0.6,3055.3865799393707
2026-08-19,ILI incidence,2026-08-30,3,MT,quantile,0.65,3251.192051314414
2026-08-19,ILI incidence,2026-08-30,3,MT,quantile,0.7,3471.13248836831
2026-08-19,ILI incidence,2026-08-30,3,MT,quantile,0.75,3725.1990404344738
2026-08-19,ILI incidence,2026-08-30,3,MT,quantile,0.8,4030.0509105234946
2026-08-19,ILI incidence,2026-08-30,3,MT,quantile,0.85,4417.0119104776
2026-08-19,ILI incidence,2026-08-30,3,MT,quantile,0.9,4957.098953372256
2026-08-19,ILI incidence,2026-08-30,3,MT,quantile,0.95,5881.387194765486
2026-08-19,ILI incidence,2026-08-30,3,MT,quantile,0.975,6821.512863821971
2026-08-19,ILI incidence,2026-08-30,3,MT,quantile,0.99,8105.1107346890385
2026-08-19,ILI incidence,2026-08-30,3,MT,median,,2711.929128025481
2026-08-19,ILI incidence,2026-09-06,4,MT,quantile,0.01,848.2769777998359
2026-08-19,ILI incidence,2026-09-06,4,MT,quantile,0.025,1018.6383976615122
2026-08-19,ILI incidence,2026-09-06,4,MT,quantile,0.05,1192.2510800683156
2026-08-19,ILI incidence,2026-09-06,4,MT,quantile,0.1,1429.4109376234562
2026-08-19,ILI incidence,2026-09-06,4,MT,quantile,0.15,1615.511860744583
2026-08-19,ILI incidence,2026-09-06,4,MT,quantile,0.2,1780.539501150684
2026-08-19,ILI incidence,2026-09-06,4,MT,quantile,0.25,1935.4821861094063
2026-08-19,ILI incidence,2026-09-06,4,MT,quantile,0.3,2086.07681947086
2026-08-19,ILI incidence,2026-09-06,4,MT,quantile,0.35,2236.0599760749956
2026-08-19,ILI incidence,2026-09-06,4,MT,quantile,0.4,2388.3335145181227
2026-08-19,ILI incidence,2026-09-06,4,MT,quantile,0.45,2545.518177797309
2026-08-19,ILI incidence,2026-09-06,4,MT,quantile,0.5,2710.303214322601
2026-08-19,ILI incidence,2026-09-06,4,MT,quantile,0.55,2885.751480546939
2026-08-19,ILI incidence,2026-09-06,4,MT,quantile,0.6,3075.659275621735
2026-08-19,ILI incidence,2026-09-06,4,MT,quantile,0.65,3285.083162103667
2026-08-19,ILI incidence,2026-09-06,4,MT,quantile,0.7,3521.230255932705
2026-08-19,ILI incidence,2026-09-06,4,MT,quantile,0.75,3795.1439422096223
2026-08-19,ILI incidence,2026-09-06,4,MT,quantile,0.8,4125.299257045945
2026-08-19,ILI incidence,2026-09-06,4,MT,quantile,0.85,4546.547901448775
2026-08-19,ILI incidence,2026-09-06,4,MT,quantile,0.9,5138.198063047252
2026-08-19,ILI incidence,2026-09-06,4,MT,quantile,0.95,6159.618869563637
2026-08-19,ILI incidence,2026-09-06,4,MT,quantile,0.975,7208.580510949351
2026-08-19,ILI incidence,2026-09-06,4,MT,quantile,0.99,8654.792294099661
2026-08-19,ILI incidence,2026-09-06,4,MT,median,,2710.303214322601
2026-08-19,ILI incidence,2026-08-16,1,NO,quantile,0.01,1.618695722309814
2026-08-19,ILI incidence,2026-08-16,1,NO,quantile,0.025,2.0655765548208174
2026-08-19,ILI incidence,2026-08-16,1,NO,quantile,0.05,2.510453869093203
2026-08-19,ILI incidence,2026-08-16,1,NO,quantile,0.1,3.1040706144438674
2026-08-19,ILI incidence,2026-08-16,1,NO,quantile,0.15,3.5603055908107306
2026-08-19,ILI incidence,2026-08-16,1,NO,quantile,0.2,3.958813110321482
2026-08-19,ILI incidence,2026-08-16,1,NO,quantile,0.25,4.328338374940292
2026-08-19,ILI incidence,2026-08-16,1,NO,quantile,0.3,4.683593172419043
2026-08-19,ILI incidence,2026-08-16,1,NO,quantile,0.35,5.033899275436292
2026-08-19,ILI incidence,2026-08-16,1,NO,quantile,0.4,5.386249176287791
2026-08-19,ILI incidence,2026-08-16,1,NO,quantile,0.45,5.746723234615758
2026-08-19,ILI incidence,2026-08-16,1,NO,quantile,0.5,6.121342017983324
2026-08-19,ILI incidence,2026-08-16,1,NO,quantile,0.55,6.516761896633966
2026-08-19,ILI incidence,2026-08-16,1,NO,quantile,0.6,6.941048139085237
2026-08-19,ILI incidence,2026-08-16,1,NO,quantile,0.65,7.404766109296359
2026-08-19,ILI incidence,2026-08-16,1,NO,quantile,0.7,7.922790671083552
2026-08-19,ILI incidence,2026-08-16,1,NO,quantile,0.75,8.51769736989781
2026-08-19,ILI incidence,2026-08-16,1,NO,quantile,0.8,9.226945643814961
2026-08-19,ILI incidence,2026-08-16,1,NO,quantile,0.85,10.120638985090245
2026-08-19,ILI incidence,2026-08-16,1,NO,quantile,0.9,11.356880985091642
2026-08-19,ILI incidence,2026-08-16,1,NO,quantile,0.95,13.446426025873045
2026-08-19,ILI incidence,2026-08-16,1,NO,quantile,0.975,15.5428953510701
2026-08-19,ILI incidence,2026-08-16,1,NO,quantile,0.99,18.365943016992848
2026-08-19,ILI incidence,2026-08-16,1,NO,median,,6.121342017983324
2026-08-19,ILI incidence,2026-08-23,2,NO,quantile,0.01,1.171113203857506
2026-08-19,ILI incidence,2026-08-23,2,NO,quantile,0.025,1.6082352342456399
2026-08-19,ILI incidence,2026-08-23,2,NO,quantile,0.05,2.0539536451107074
2026-08-19,ILI incidence,2026-08-23,2,NO,quantile,0.1,2.6631663040492555
2026-08-19,ILI incidence,2026-08-23,2,NO,quantile,0.15,3.1414616477099875
2026-08-19,ILI incidence,2026-08-23,2,NO,quantile,0.2,3.5657530353875293
2026-08-19,ILI incidence,2026-08-23,2,NO,quantile,0.25,3.9642365946369775
2026-08-19,ILI incidence,2026-08-23,2,NO,quantile,0.3,4.351640903064014
2026-08-19,ILI incidence,2026-08-23,2,NO,quantile,0.35,4.737565882619276
2026-08-19,ILI incidence,2026-08-23,2,NO,quantile,0.4,5.129473509324501
2026-08-19,ILI incidence,2026-08-23,2,NO,quantile,0.45,5.5341091988129945
2026-08-19,ILI incidence,2026-08-23,2,NO,quantile,0.5,5.958400613922294
2026-08-19,ILI incidence,2026-08-23,2,NO,quantile,0.55,6.410243329363114
2026-08-19,ILI incidence,2026-08-23,2,NO,quantile,0.6,6.899428724208685
2026-08-19,ILI incidence,2026-08-23,2,NO,quantile,0.65,7.439003593929991
2026-08-19,ILI incidence,2026-08-23,2,NO,quantile,0.7,8.047568770190145
2026-08-19,ILI incidence,2026-08-23,2,NO,quantile,0.75,8.75363244293052
2026-08-19,ILI incidence,2026-08-23,2,NO,quantile,0.8,9.60489665747426
2026-08-19,ILI incidence,2026-08-23,2,NO,quantile,0.85,10.691364842315405
2026-08-19,ILI incidence,2026-08-23,2,NO,quantile,0.9,12.217892687621507
2026-08-19,ILI incidence,2026-08-23,2,NO,quantile,0.95,14.854641140788797
2026-08-19,ILI incidence,2026-08-23,2,NO,quantile,0.975,17.564023086605573
2026-08-19,ILI incidence,2026-08-23,2,NO,quantile,0.99,21.301618827523836
2026-08-19,ILI incidence,2026-08-23,2,NO,median,,5.958400613922294
2026-08-19,ILI incidence,2026-08-30,3,NO,quantile,0.01,0.7167601877708241
2026-08-19,ILI incidence,2026-08-30,3,NO,quantile,0.025,1.1323120442029184
2026-08-19,ILI incidence,2026-08-30,3,NO,quantile,0.05,1.5693148233881864
2026-08-19,ILI incidence,2026-08-30,3,NO,quantile,0.1,2.1854191285527516
2026-08-19,ILI incidence,2026-08-30,3,NO,quantile,0.15,2.682551991062306
2026-08-19,ILI incidence,2026-08-30,3,NO,quantile,0.2,3.1324273302164007
2026-08-19,ILI incidence,2026-08-30,3,NO,quantile,0.25,3.5619351378248867
2026-08-19,ILI incidence,2026-08-30,3,NO,quantile,0.3,3.9855610475388463
2026-08-19,ILI incidence,2026-08-30,3,NO,quantile,0.35,4.413151669998479
2026-08-19,ILI incidence,2026-08-30,3,NO,quantile,0.4,4.852754589250696
2026-08-19,ILI incidence,2026-08-30,3,NO,quantile,0.45,5.312025522585497
2026-08-19,ILI incidence,2026-08-30,3,NO,quantile,0.5,5.799187425845864
2026-08-19,ILI incidence,2026-08-30,3,NO,quantile,0.55,6.323948467312988
2026-08-19,ILI incidence,2026-08-30,3,NO,quantile,0.6,6.898665311661226
2026-08-19,ILI incidence,2026-08-30,3,NO,quantile,0.65,7.5401171942025975
2026-08-19,ILI incidence,2026-08-30,3,NO,quantile,0.7,8.272567161644071
2026-08-19,ILI incidence,2026-08-30,3,NO,quantile,0.75,9.13362712426076
2026-08-19,ILI incidence,2026-08-30,3,NO,quantile,0.8,10.18687540220088
2026-08-19,ILI incidence,2026-08-30,3,NO,quantile,0.85,11.55350902417127
2026-08-19,ILI incidence,2026-08-30,3,NO,quantile,0.9,13.512674089699454
2026-08-19,ILI incidence,2026-08-30,3,NO,quantile,0.95,16.99271511259092
2026-08-19,ILI incidence,2026-08-30,3,NO,quantile,0.975,20.680199095372735
2026-08-19,ILI incidence,2026-08-30,3,NO,quantile,0.99,25.928018241037964
2026-08-19,ILI incidence,2026-08-30,3,NO,median,,5.799187425845864
2026-08-19,ILI incidence,2026-09-06,4,NO,quantile,0.01,0.30370267570157394
2026-08-19,ILI incidence,2026-09-06,4,NO,quantile,0.025,0.6848522582529688
2026-08-19,ILI incidence,2026-09-06,4,NO,quantile,0.05,1.1006687709931726
2026-08-19,ILI incidence,2026-09-06,4,NO,quantile,0.1,1.708968464264495
2026-08-19,ILI incidence,2026-09-06,4,NO,quantile,0.15,2.2160411050914064
2026-08-19,ILI incidence,2026-09-06,4,NO,quantile,0.2,2.685919535545132
2026-08-19,ILI incidence,2026-09-06,4,NO,quantile,0.25,3.143382155199097
2026-08-19,ILI incidence,2026-09-06,4,NO,quantile,0.3,3.602387381131738
2026-08-19,ILI incidence,2026-09-06,4,NO,quantile,0.35,4.072995511374885
2026-08-19,ILI incidence,2026-09-06,4,NO,quantile,0.4,4.563976722932023
2026-08-19,ILI incidence,2026-09-06,4,NO,quantile,0.45,5.084188603777356
2026-08-19,ILI incidence,2026-09-06,4,NO,quantile,0.5,5.6436171495050464
2026-08-19,ILI incidence,2026-09-06,4,NO,quantile,0.55,6.254483991800449
2026-08-19,ILI incidence,2026-09-06,4,NO,quantile,0.6,6.932752243064483
2026-08-19,ILI incidence,2026-09-06,4,NO,quantile,0.65,7.700510128627213
2026-08-19,ILI incidence,2026-09-06,4,NO,quantile,0.7,8.59016379415329
2026-08-19,ILI incidence,2026-09-06,4,NO,quantile,0.75,9.652565265748866
2026-08-19,ILI incidence,2026-09-06,4,NO,quantile,0.8,10.974664233322663
2026-08-19,ILI incidence,2026-09-06,4,NO,quantile,0.85,12.724217877477377
2026-08-19,ILI incidence,2026-09-06,4,NO,quantile,0.9,15.293157122883407
2026-08-19,ILI incidence,2026-09-06,4,NO,quantile,0.95,20.011236725497536
2026-08-19,ILI incidence,2026-09-06,4,NO,quantile,0.975,25.196747289263257
2026-08-19,ILI incidence,2026-09-06,4,NO,quantile,0.99,32.85560960473241
2026-08-19,ILI incidence,2026-09-06,4,NO,median,,5.6436171495050464
2026-08-19,ILI incidence,2026-08-16,1,SI,quantile,0.01,0
2026-08-19,ILI incidence,2026-08-16,1,SI,quantile,0.025,0
2026-08-19,ILI incidence,2026-08-16,1,SI,quantile,0.05,0
2026-08-19,ILI incidence,2026-08-16,1,SI,quantile,0.1,0
2026-08-19,ILI incidence,2026-08-16,1,SI,quantile,0.15,0
2026-08-19,ILI incidence,2026-08-16,1,SI,quantile,0.2,0
2026-08-19,ILI incidence,2026-08-16,1,SI,quantile,0.25,0
2026-08-19,ILI incidence,2026-08-16,1,SI,quantile,0.3,0
2026-08-19,ILI incidence,2026-08-16,1,SI,quantile,0.35,0
2026-08-19,ILI incidence,2026-08-16,1,SI,quantile,0.4,0
2026-08-19,ILI incidence,2026-08-16,1,SI,quantile,0.45,0
2026-08-19,ILI incidence,2026-08-16,1,SI,quantile,0.5,0
2026-08-19,ILI incidence,2026-08-16,1,SI,quantile,0.55,0.05343958972514784
2026-08-19,ILI incidence,2026-08-16,1,SI,quantile,0.6,0.1532270089795531
2026-08-19,ILI incidence,2026-08-16,1,SI,quantile,0.65,0.26630936103922265
2026-08-19,ILI incidence,2026-08-16,1,SI,quantile,0.7,0.3975020738297952
2026-08-19,ILI incidence,2026-08-16,1,SI,quantile,0.75,0.5543686735207174
2026-08-19,ILI incidence,2026-08-16,1,SI,quantile,0.8,0.7498534516781719
2026-08-19,ILI incidence,2026-08-16,1,SI,quantile,0.85,1.008954915149626
2026-08-19,ILI incidence,2026-08-16,1,SI,quantile,0.9,1.3901451279739772
2026-08-19,ILI incidence,2026-08-16,1,SI,quantile,0.95,2.0921359980526306
2026-08-19,ILI incidence,2026-08-16,1,SI,quantile,0.975,2.8659673038784
2026-08-19,ILI incidence,2026-08-16,1,SI,quantile,0.99,4.012347386713219
2026-08-19,ILI incidence,2026-08-16,1,SI,median,,0
2026-08-19,ILI incidence,2026-08-23,2,SI,quantile,0.01,0
2026-08-19,ILI incidence,2026-08-23,2,SI,quantile,0.025,0
2026-08-19,ILI incidence,2026-08-23,2,SI,quantile,0.05,0
2026-08-19,ILI incidence,2026-08-23,2,SI,quantile,0.1,0
2026-08-19,ILI incidence,2026-08-23,2,SI,quantile,0.15,0
2026-08-19,ILI incidence,2026-08-23,2,SI,quantile,0.2,0
2026-08-19,ILI incidence,2026-08-23,2,SI,quantile,0.25,0
2026-08-19,ILI incidence,2026-08-23,2,SI,quantile,0.3,0
2026-08-19,ILI incidence,2026-08-23,2,SI,quantile,0.35,0
2026-08-19,ILI incidence,2026-08-23,2,SI,quantile,0.4,0
2026-08-19,ILI incidence,2026-08-23,2,SI,quantile,0.45,0
2026-08-19,ILI incidence,2026-08-23,2,SI,quantile,0.5,0
2026-08-19,ILI incidence,2026-08-23,2,SI,quantile,0.55,0.036474628143377874
2026-08-19,ILI incidence,2026-08-23,2,SI,quantile,0.6,0.17031482872121328
2026-08-19,ILI incidence,2026-08-23,2,SI,quantile,0.65,0.3268378489716981
2026-08-19,ILI incidence,2026-08-23,2,SI,quantile,0.7,0.5144976425105516
2026-08-19,ILI incidence,2026-08-23,2,SI,quantile,0.75,0.7468957728896433
2026-08-19,ILI incidence,2026-08-23,2,SI,quantile,0.8,1.0478830139859654
2026-08-19,ILI incidence,2026-08-23,2,SI,quantile,0.85,1.4647764692395926
2026-08-19,ILI incidence,2026-08-23,2,SI,quantile,0.9,2.1119326406383383
2026-08-19,ILI incidence,2026-08-23,2,SI,quantile,0.95,3.3964472418753555
2026-08-19,ILI incidence,2026-08-23,2,SI,quantile,0.975,4.932895048155979
2026-08-19,ILI incidence,2026-08-23,2,SI,quantile,0.99,7.406425640174952
2026-08-19,ILI incidence,2026-08-23,2,SI,median,,0
2026-08-19,ILI incidence,2026-08-30,3,SI,quantile,0.01,0
2026-08-19,ILI incidence,2026-08-30,3,SI,quantile,0.025,0
2026-08-19,ILI incidence,2026-08-30,3,SI,quantile,0.05,0
2026-08-19,ILI incidence,2026-08-30,3,SI,quantile,0.1,0
2026-08-19,ILI incidence,2026-08-30,3,SI,quantile,0.15,0
2026-08-19,ILI incidence,2026-08-30,3,SI,quantile,0.2,0
2026-08-19,ILI incidence,2026-08-30,3,SI,quantile,0.25,0
2026-08-19,ILI incidence,2026-08-30,3,SI,quantile,0.3,0
2026-08-19,ILI incidence,2026-08-30,3,SI,quantile,0.35,0
2026-08-19,ILI incidence,2026-08-30,3,SI,quantile,0.4,0
2026-08-19,ILI incidence,2026-08-30,3,SI,quantile,0.45,0
2026-08-19,ILI incidence,2026-08-30,3,SI,quantile,0.5,0
2026-08-19,ILI incidence,2026-08-30,3,SI,quantile,0.55,0.018239380391937177
2026-08-19,ILI incidence,2026-08-30,3,SI,quantile,0.6,0.1840345117542781
2026-08-19,ILI incidence,2026-08-30,3,SI,quantile,0.65,0.3838173379729488
2026-08-19,ILI incidence,2026-08-30,3,SI,quantile,0.7,0.6309458891482318
2026-08-19,ILI incidence,2026-08-30,3,SI,quantile,0.75,0.9473726188899247
2026-08-19,ILI incidence,2026-08-30,3,SI,quantile,0.8,1.3724812950818137
2026-08-19,ILI incidence,2026-08-30,3,SI,quantile,0.85,1.9864775315107357
2026-08-19,ILI incidence,2026-08-30,3,SI,quantile,0.9,2.98958108299442
2026-08-19,ILI incidence,2026-08-30,3,SI,quantile,0.95,5.128221909471944
2026-08-19,ILI incidence,2026-08-30,3,SI,quantile,0.975,7.892316633089376
2026-08-19,ILI incidence,2026-08-30,3,SI,quantile,0.99,12.708923891656207
2026-08-19,ILI incidence,2026-08-30,3,SI,median,,0
2026-08-19,ILI incidence,2026-09-06,4,SI,quantile,0.01,0
2026-08-19,ILI incidence,2026-09-06,4,SI,quantile,0.025,0
2026-08-19,ILI incidence,2026-09-06,4,SI,quantile,0.05,0
2026-08-19,ILI incidence,2026-09-06,4,SI,quantile,0.1,0
2026-08-19,ILI incidence,2026-09-06,4,SI,quantile,0.15,0
2026-08-19,ILI incidence,2026-09-06,4,SI,quantile,0.2,0
2026-08-19,ILI incidence,2026-09-06,4,SI,quantile,0.25,0
2026-08-19,ILI incidence,2026-09-06,4,SI,quantile,0.3,0
2026-08-19,ILI incidence,2026-09-06,4,SI,quantile,0.35,0
2026-08-19,ILI incidence,2026-09-06,4,SI,quantile,0.4,0
2026-08-19,ILI incidence,2026-09-06,4,SI,quantile,0.45,0
2026-08-19,ILI incidence,2026-09-06,4,SI,quantile,0.5,0
2026-08-19,ILI incidence,2026-09-06,4,SI,quantile,0.55,0
2026-08-19,ILI incidence,2026-09-06,4,SI,quantile,0.6,0.19701396311660746
2026-08-19,ILI incidence,2026-09-06,4,SI,quantile,0.65,0.44159295149545597
2026-08-19,ILI incidence,2026-09-06,4,SI,quantile,0.7,0.7536142556706136
2026-08-19,ILI incidence,2026-09-06,4,SI,quantile,0.75,1.166511932386587
2026-08-19,ILI incidence,2026-09-06,4,SI,quantile,0.8,1.7416677556744422
2026-08-19,ILI incidence,2026-09-06,4,SI,quantile,0.85,2.6074809444972944
2026-08-19,ILI incidence,2026-09-06,4,SI,quantile,0.9,4.095318099980171
2026-08-19,ILI incidence,2026-09-06,4,SI,quantile,0.95,7.500517526197266
2026-08-19,ILI incidence,2026-09-06,4,SI,quantile,0.975,12.250582483405218
2026-08-19,ILI incidence,2026-09-06,4,SI,quantile,0.99,21.202125183642252
2026-08-19,ILI incidence,2026-09-06,4,SI,median,,0
