origin_date,target,target_end_date,horizon,location,output_type,output_type_id,value
2026-09-16,ILI incidence,2026-09-13,1,BE,quantile,0.01,11.7331017711851
2026-09-16,ILI incidence,2026-09-13,1,BE,quantile,0.025,14.355536110580077
2026-09-16,ILI incidence,2026-09-13,1,BE,quantile,0.05,17.0390613509683
2026-09-16,ILI incidence,2026-09-13,1,BE,quantile,0.1,20.720038834359915
2026-09-16,ILI incidence,2026-09-13,1,BE,quantile,0.15,23.6191195501988
2026-09-16,ILI incidence,2026-09-13,1,BE,quantile,0.2,26.19677361764594
2026-09-16,ILI incidence,2026-09-13,1,BE,quantile,0.25,28.62222206141538
2026-09-16,ILI incidence,2026-09-13,1,BE,quantile,0.3,30.984149129812813
2026-09-16,ILI incidence,2026-09-13,1,BE,quantile,0.35,33.34061934469115
2026-09-16,ILI incidence,2026-09-13,1,BE,quantile,0.4,35.73701679763209
2026-09-16,ILI incidence,2026-09-13,1,BE,quantile,0.45,38.21460789367295
2026-09-16,ILI incidence,2026-09-13,1,BE,quantile,0.5,40.81599966734244
2026-09-16,ILI incidence,2026-09-13,1,BE,quantile,0.55,43.589960785029454
2026-09-16,ILI incidence,2026-09-13,1,BE,quantile,0.6,46.59716440263296
2026-09-16,ILI incidence,2026-09-13,1,BE,quantile,0.65,49.91864566063811
2026-09-16,ILI incidence,2026-09-13,1,BE,quantile,0.7,53.67013741970435
2026-09-16,ILI incidence,2026-09-13,1,BE,quantile,0.75,58.029259336246945
2026-09-16,ILI incidence,2026-09-13,1,BE,quantile,0.8,63.293575876392254
2026-09-16,ILI incidence,2026-09-13,1,BE,quantile,0.85,70.02519749391541
2026-09-16,ILI incidence,2026-09-13,1,BE,quantile,0.9,79.50528093039264
2026-09-16,ILI incidence,2026-09-13,1,BE,quantile,0.95,95.93286109287068
2026-09-16,ILI incidence,2026-09-13,1,BE,quantile,0.975,112.87279581690412
2026-09-16,ILI incidence,2026-09-13,1,BE,quantile,0.99,136.325363419006
2026-09-16,ILI incidence,2026-09-13,1,BE,median,,40.81599966734244
2026-09-16,ILI incidence,2026-09-20,2,BE,quantile,0.01,9.257410874161172
2026-09-16,ILI incidence,2026-09-20,2,BE,quantile,0.025,11.785960475558824
2026-09-16,ILI incidence,2026-09-20,2,BE,quantile,0.05,14.45385587509862
2026-09-16,ILI incidence,2026-09-20,2,BE,quantile,0.1,18.22770817786594
2026-09-16,ILI incidence,2026-09-20,2,BE,quantile,0.15,21.281775952323997
2026-09-16,ILI incidence,2026-09-20,2,BE,quantile,0.2,24.05143927061876
2026-09-16,ILI incidence,2026-09-20,2,BE,quantile,0.25,26.70037586291524
2026-09-16,ILI incidence,2026-09-20,2,BE,quantile,0.3,29.317081199284022
2026-09-16,ILI incidence,2026-09-20,2,BE,quantile,0.35,31.962005484923708
2026-09-16,ILI incidence,2026-09-20,2,BE,quantile,0.4,34.684833692191745
2026-09-16,ILI incidence,2026-09-20,2,BE,quantile,0.45,37.53309109294006
2026-09-16,ILI incidence,2026-09-20,2,BE,quantile,0.5,40.558060104166664
2026-09-16,ILI incidence,2026-09-20,2,BE,quantile,0.55,43.820498709950606
2026-09-16,ILI incidence,2026-09-20,2,BE,quantile,0.6,47.397937749095725
2026-09-16,ILI incidence,2026-09-20,2,BE,quantile,0.65,51.39585195783871
2026-09-16,ILI incidence,2026-09-20,2,BE,quantile,0.7,55.966973445396086
2026-09-16,ILI incidence,2026-09-20,2,BE,quantile,0.75,61.348336649601315
2026-09-16,ILI incidence,2026-09-20,2,BE,quantile,0.8,67.94104330552786
2026-09-16,ILI incidence,2026-09-20,2,BE,quantile,0.85,76.51053431813169
2026-09-16,ILI incidence,2026-09-20,2,BE,quantile,0.9,88.82206010436839
2026-09-16,ILI incidence,2026-09-20,2,BE,quantile,0.95,110.75672748471948
2026-09-16,ILI incidence,2026-09-20,2,BE,quantile,0.975,134.07568421808725
2026-09-16,ILI incidence,2026-09-20,2,BE,quantile,0.99,167.37312854183253
2026-09-16,ILI incidence,2026-09-20,2,BE,median,,40.558060104166664
2026-09-16,ILI incidence,2026-09-27,3,BE,quantile,0.01,7.481580800182936
2026-09-16,ILI incidence,2026-09-27,3,BE,quantile,0.025,9.883083869493571
2026-09-16,ILI incidence,2026-09-27,3,BE,quantile,0.05,12.485734258783275
2026-09-16,ILI incidence,2026-09-27,3,BE,quantile,0.1,16.26787976789542
2026-09-16,ILI incidence,2026-09-27,3,BE,quantile,0.15,19.40221310909374
2026-09-16,ILI incidence,2026-09-27,3,BE,quantile,0.2,22.294259816316156
2026-09-16,ILI incidence,2026-09-27,3,BE,quantile,0.25,25.09998466241649
2026-09-16,ILI incidence,2026-09-27,3,BE,quantile,0.3,27.90647928554612
2026-09-16,ILI incidence,2026-09-27,3,BE,quantile,0.35,30.77581277711661
2026-09-16,ILI incidence,2026-09-27,3,BE,quantile,0.4,33.76145469254708
2026-09-16,ILI incidence,2026-09-27,3,BE,quantile,0.45,36.916839207960784
2026-09-16,ILI incidence,2026-09-27,3,BE,quantile,0.5,40.301711626192265
2026-09-16,ILI incidence,2026-09-27,3,BE,quantile,0.55,43.98875483521315
2026-09-16,ILI incidence,2026-09-27,3,BE,quantile,0.6,48.0724970614903
2026-09-16,ILI incidence,2026-09-27,3,BE,quantile,0.65,52.68332810928451
2026-09-16,ILI incidence,2026-09-27,3,BE,quantile,0.7,58.012077064192965
2026-09-16,ILI incidence,2026-09-27,3,BE,quantile,0.75,64.35756266974029
2026-09-16,ILI incidence,2026-09-27,3,BE,quantile,0.8,72.22968820234068
2026-09-16,ILI incidence,2026-09-27,3,BE,quantile,0.85,82.61011494840322
2026-09-16,ILI incidence,2026-09-27,3,BE,quantile,0.9,97.78638293652244
2026-09-16,ILI incidence,2026-09-27,3,BE,quantile,0.95,125.49154658687812
2026-09-16,ILI incidence,2026-09-27,3,BE,quantile,0.975,155.7415452925774
2026-09-16,ILI incidence,2026-09-27,3,BE,quantile,0.99,200.12186907614588
2026-09-16,ILI incidence,2026-09-27,3,BE,median,,40.301711626192265
2026-09-16,ILI incidence,2026-10-04,4,BE,quantile,0.01,6.1394886362979255
2026-09-16,ILI incidence,2026-10-04,4,BE,quantile,0.025,8.403750039177524
2026-09-16,ILI incidence,2026-10-04,4,BE,quantile,0.05,10.91771212541513
2026-09-16,ILI incidence,2026-10-04,4,BE,quantile,0.1,14.661038702988543
2026-09-16,ILI incidence,2026-10-04,4,BE,quantile,0.15,17.83033689138263
2026-09-16,ILI incidence,2026-10-04,4,BE,quantile,0.2,20.800646827032605
2026-09-16,ILI incidence,2026-10-04,4,BE,quantile,0.25,23.71964340732347
2026-09-16,ILI incidence,2026-10-04,4,BE,quantile,0.3,26.672620199952323
2026-09-16,ILI incidence,2026-10-04,4,BE,quantile,0.35,29.722996631247785
2026-09-16,ILI incidence,2026-10-04,4,BE,quantile,0.4,32.92785044991636
2026-09-16,ILI incidence,2026-10-04,4,BE,quantile,0.45,36.34643063329579
2026-09-16,ILI incidence,2026-10-04,4,BE,quantile,0.5,40.04694441890266
2026-09-16,ILI incidence,2026-10-04,4,BE,quantile,0.55,44.11412784455963
2026-09-16,ILI incidence,2026-10-04,4,BE,quantile,0.6,48.65984062608474
2026-09-16,ILI incidence,2026-10-04,4,BE,quantile,0.65,53.84008172610528
2026-09-16,ILI incidence,2026-10-04,4,BE,quantile,0.7,59.88515051897357
2026-09-16,ILI incidence,2026-10-04,4,BE,quantile,0.75,67.15841225401043
2026-09-16,ILI incidence,2026-10-04,4,BE,quantile,0.8,76.28447965311214
2026-09-16,ILI incidence,2026-10-04,4,BE,quantile,0.85,88.47538516422021
2026-09-16,ILI incidence,2026-10-04,4,BE,quantile,0.9,106.58236909324344
2026-09-16,ILI incidence,2026-10-04,4,BE,quantile,0.95,140.3737492899707
2026-09-16,ILI incidence,2026-10-04,4,BE,quantile,0.975,178.16805945597474
2026-09-16,ILI incidence,2026-10-04,4,BE,quantile,0.99,234.99052144470386
2026-09-16,ILI incidence,2026-10-04,4,BE,median,,40.04694441890266
2026-09-16,ILI incidence,2026-09-13,1,CH,quantile,0.01,3.4936559584127957
2026-09-16,ILI incidence,2026-09-13,1,CH,quantile,0.025,4.436293373079838
2026-09-16,ILI incidence,2026-09-13,1,CH,quantile,0.05,5.403716331326279
2026-09-16,ILI incidence,2026-09-13,1,CH,quantile,0.1,6.734629185362744
2026-09-16,ILI incidence,2026-09-13,1,CH,quantile,0.15,7.785561214354846
2026-09-16,ILI incidence,2026-09-13,1,CH,quantile,0.2,8.721741034988272
2026-09-16,ILI incidence,2026-09-13,1,CH,quantile,0.25,9.604013875345647
2026-09-16,ILI incidence,2026-09-13,1,CH,quantile,0.3,10.464354741957028
2026-09-16,ILI incidence,2026-09-13,1,CH,quantile,0.35,11.323777905209438
2026-09-16,ILI incidence,2026-09-13,1,CH,quantile,0.4,12.198784357438937
2026-09-16,ILI incidence,2026-09-13,1,CH,quantile,0.45,13.104450507808055
2026-09-16,ILI incidence,2026-09-13,1,CH,quantile,0.5,14.056410378152266
2026-09-16,ILI incidence,2026-09-13,1,CH,quantile,0.55,15.072621428947937
2026-09-16,ILI incidence,2026-09-13,1,CH,quantile,0.6,16.175482782061213
2026-09-16,ILI incidence,2026-09-13,1,CH,quantile,0.65,17.394967453892846
2026-09-16,ILI incidence,2026-09-13,1,CH,quantile,0.7,18.77394267517521
2026-09-16,ILI incidence,2026-09-13,1,CH,quantile,0.75,20.378272052472397
2026-09-16,ILI incidence,2026-09-13,1,CH,quantile,0.8,22.31840486796147
2026-09-16,ILI incidence,2026-09-13,1,CH,quantile,0.85,24.803188657422425
2026-09-16,ILI incidence,2026-09-13,1,CH,quantile,0.9,28.309161181810378
2026-09-16,ILI incidence,2026-09-13,1,CH,quantile,0.95,34.4006145410223
2026-09-16,ILI incidence,2026-09-13,1,CH,quantile,0.975,40.700378901166765
2026-09-16,ILI incidence,2026-09-13,1,CH,quantile,0.99,49.44789711836381
2026-09-16,ILI incidence,2026-09-13,1,CH,median,,14.056410378152266
2026-09-16,ILI incidence,2026-09-20,2,CH,quantile,0.01,2.950295681282756
2026-09-16,ILI incidence,2026-09-20,2,CH,quantile,0.025,3.9378410453518615
2026-09-16,ILI incidence,2026-09-20,2,CH,quantile,0.05,4.982502693276572
2026-09-16,ILI incidence,2026-09-20,2,CH,quantile,0.1,6.464062536506603
2026-09-16,ILI incidence,2026-09-20,2,CH,quantile,0.15,7.665793442257245
2026-09-16,ILI incidence,2026-09-20,2,CH,quantile,0.2,8.757433422327738
2026-09-16,ILI incidence,2026-09-20,2,CH,quantile,0.25,9.80292599051215
2026-09-16,ILI incidence,2026-09-20,2,CH,quantile,0.3,10.836943623326233
2026-09-16,ILI incidence,2026-09-20,2,CH,quantile,0.35,11.883262555999954
2026-09-16,ILI incidence,2026-09-20,2,CH,quantile,0.4,12.96151150583445
2026-09-16,ILI incidence,2026-09-20,2,CH,quantile,0.45,14.090546210547453
2026-09-16,ILI incidence,2026-09-20,2,CH,quantile,0.5,15.290785674822544
2026-09-16,ILI incidence,2026-09-20,2,CH,quantile,0.55,16.586487208628068
2026-09-16,ILI incidence,2026-09-20,2,CH,quantile,0.6,18.00866520018971
2026-09-16,ILI incidence,2026-09-20,2,CH,quantile,0.65,19.59957225504242
2026-09-16,ILI incidence,2026-09-20,2,CH,quantile,0.7,21.420458046283056
2026-09-16,ILI incidence,2026-09-20,2,CH,quantile,0.75,23.566464505642866
2026-09-16,ILI incidence,2026-09-20,2,CH,quantile,0.8,26.198719828896554
2026-09-16,ILI incidence,2026-09-20,2,CH,quantile,0.85,29.624973889739458
2026-09-16,ILI incidence,2026-09-20,2,CH,quantile,0.9,34.55566376956074
2026-09-16,ILI incidence,2026-09-20,2,CH,quantile,0.95,43.360982603695454
2026-09-16,ILI incidence,2026-09-20,2,CH,quantile,0.975,52.74609985730966
2026-09-16,ILI incidence,2026-09-20,2,CH,quantile,0.99,66.18223629701181
2026-09-16,ILI incidence,2026-09-20,2,CH,median,,15.290785674822544
2026-09-16,ILI incidence,2026-09-27,3,CH,quantile,0.01,2.3438621386655756
2026-09-16,ILI incidence,2026-09-27,3,CH,quantile,0.025,3.3445512477055033
2026-09-16,ILI incidence,2026-09-27,3,CH,quantile,0.05,4.441645411763454
2026-09-16,ILI incidence,2026-09-27,3,CH,quantile,0.1,6.054568321957693
2026-09-16,ILI incidence,2026-09-27,3,CH,quantile,0.15,7.404961432178837
2026-09-16,ILI incidence,2026-09-27,3,CH,quantile,0.2,8.660286328913978
2026-09-16,ILI incidence,2026-09-27,3,CH,quantile,0.25,9.885650416641571
2026-09-16,ILI incidence,2026-09-27,3,CH,quantile,0.3,11.117979212453914
2026-09-16,ILI incidence,2026-09-27,3,CH,quantile,0.35,12.3841144446593
2026-09-16,ILI incidence,2026-09-27,3,CH,quantile,0.4,13.707664955606537
2026-09-16,ILI incidence,2026-09-27,3,CH,quantile,0.45,15.112661394893319
2026-09-16,ILI incidence,2026-09-27,3,CH,quantile,0.5,16.626359220927082
2026-09-16,ILI incidence,2026-09-27,3,CH,quantile,0.55,18.282260811589417
2026-09-16,ILI incidence,2026-09-27,3,CH,quantile,0.6,20.12426005915556
2026-09-16,ILI incidence,2026-09-27,3,CH,quantile,0.65,22.213230929083707
2026-09-16,ILI incidence,2026-09-27,3,CH,quantile,0.7,24.638642709162248
2026-09-16,ILI incidence,2026-09-27,3,CH,quantile,0.75,27.541109395741056
2026-09-16,ILI incidence,2026-09-27,3,CH,quantile,0.8,31.16142139133563
2026-09-16,ILI incidence,2026-09-27,3,CH,quantile,0.85,35.96489768479768
2026-09-16,ILI incidence,2026-09-27,3,CH,quantile,0.9,43.04075844274238
2026-09-16,ILI incidence,2026-09-27,3,CH,quantile,0.95,56.094594718268716
2026-09-16,ILI incidence,2026-09-27,3,CH,quantile,0.975,70.51222800035922
2026-09-16,ILI incidence,2026-09-27,3,CH,quantile,0.99,91.91308268741805
2026-09-16,ILI incidence,2026-09-27,3,CH,median,,16.626359220927082
2026-09-16,ILI incidence,2026-10-04,4,CH,quantile,0.01,1.7408985299621786
2026-09-16,ILI incidence,2026-10-04,4,CH,quantile,0.025,2.720312429111689
2026-09-16,ILI incidence,2026-10-04,4,CH,quantile,0.05,3.838347807333376
2026-09-16,ILI incidence,2026-10-04,4,CH,quantile,0.1,5.550394424942798
2026-09-16,ILI incidence,2026-10-04,4,CH,quantile,0.15,7.0359523545632925
2026-09-16,ILI incidence,2026-10-04,4,CH,quantile,0.2,8.453417903701752
2026-09-16,ILI incidence,2026-10-04,4,CH,quantile,0.25,9.867152592656012
2026-09-16,ILI incidence,2026-10-04,4,CH,quantile,0.3,11.316031744555842
2026-09-16,ILI incidence,2026-10-04,4,CH,quantile,0.35,12.830530522387601
2026-09-16,ILI incidence,2026-10-04,4,CH,quantile,0.4,14.43949828958731
2026-09-16,ILI incidence,2026-10-04,4,CH,quantile,0.45,16.174130749493
2026-09-16,ILI incidence,2026-10-04,4,CH,quantile,0.5,18.07142759021937
2026-09-16,ILI incidence,2026-10-04,4,CH,quantile,0.55,20.178326614272336
2026-09-16,ILI incidence,2026-10-04,4,CH,quantile,0.6,22.55771823066815
2026-09-16,ILI incidence,2026-10-04,4,CH,quantile,0.65,25.29829345593251
2026-09-16,ILI incidence,2026-10-04,4,CH,quantile,0.7,28.532186817377962
2026-09-16,ILI incidence,2026-10-04,4,CH,quantile,0.75,32.46960919411226
2026-09-16,ILI incidence,2026-10-04,4,CH,quantile,0.8,37.474904424415236
2026-09-16,ILI incidence,2026-10-04,4,CH,quantile,0.85,44.26151155219819
2026-09-16,ILI incidence,2026-10-04,4,CH,quantile,0.9,54.526328146592014
2026-09-16,ILI incidence,2026-10-04,4,CH,quantile,0.95,74.17428775535707
2026-09-16,ILI incidence,2026-10-04,4,CH,quantile,0.975,96.76580791517745
2026-09-16,ILI incidence,2026-10-04,4,CH,quantile,0.99,131.70077179179606
2026-09-16,ILI incidence,2026-10-04,4,CH,median,,18.07142759021937
2026-09-16,ILI incidence,2026-09-13,1,DK,quantile,0.01,30.853905822910935
2026-09-16,ILI incidence,2026-09-13,1,DK,quantile,0.025,35.591346226790606
2026-09-16,ILI incidence,2026-09-13,1,DK,quantile,0.05,40.22562120349112
2026-09-16,ILI incidence,2026-09-13,1,DK,quantile,0.1,46.30166215921242
2026-09-16,ILI incidence,2026-09-13,1,DK,quantile,0.15,50.89934911427386
2026-09-16,ILI incidence,2026-09-13,1,DK,quantile,0.2,54.87011393496184
2026-09-16,ILI incidence,2026-09-13,1,DK,quantile,0.25,58.51793381996654
2026-09-16,ILI incidence,2026-09-13,1,DK,quantile,0.3,61.99632556350298
2026-09-16,ILI incidence,2026-09-13,1,DK,quantile,0.35,65.40078529764847
2026-09-16,ILI incidence,2026-09-13,1,DK,quantile,0.4,68.80125311178271
2026-09-16,ILI incidence,2026-09-13,1,DK,quantile,0.45,72.25690207372907
2026-09-16,ILI incidence,2026-09-13,1,DK,quantile,0.5,75.82475151304433
2026-09-16,ILI incidence,2026-09-13,1,DK,quantile,0.55,79.5663668264449
2026-09-16,ILI incidence,2026-09-13,1,DK,quantile,0.6,83.55496401460336
2026-09-16,ILI incidence,2026-09-13,1,DK,quantile,0.65,87.8851301770677
2026-09-16,ILI incidence,2026-09-13,1,DK,quantile,0.7,92.68867774822037
2026-09-16,ILI incidence,2026-09-13,1,DK,quantile,0.75,98.16410174610336
2026-09-16,ILI incidence,2026-09-13,1,DK,quantile,0.8,104.63863270283564
2026-09-16,ILI incidence,2026-09-13,1,DK,quantile,0.85,112.72093380295928
2026-09-16,ILI incidence,2026-09-13,1,DK,quantile,0.9,123.77452536816473
2026-09-16,ILI incidence,2026-09-13,1,DK,quantile,0.95,142.16442718736286
2026-09-16,ILI incidence,2026-09-13,1,DK,quantile,0.975,160.2961274630499
2026-09-16,ILI incidence,2026-09-13,1,DK,quantile,0.99,184.28473330250017
2026-09-16,ILI incidence,2026-09-13,1,DK,median,,75.82475151304433
2026-09-16,ILI incidence,2026-09-20,2,DK,quantile,0.01,29.139768369361587
2026-09-16,ILI incidence,2026-09-20,2,DK,quantile,0.025,33.91758478428902
2026-09-16,ILI incidence,2026-09-20,2,DK,quantile,0.05,38.62829686736313
2026-09-16,ILI incidence,2026-09-20,2,DK,quantile,0.1,44.85346553910961
2026-09-16,ILI incidence,2026-09-20,2,DK,quantile,0.15,49.59707540285116
2026-09-16,ILI incidence,2026-09-20,2,DK,quantile,0.2,53.71474032395196
2026-09-16,ILI incidence,2026-09-20,2,DK,quantile,0.25,57.51338690422998
2026-09-16,ILI incidence,2026-09-20,2,DK,quantile,0.3,61.14892788305727
2026-09-16,ILI incidence,2026-09-20,2,DK,quantile,0.35,64.71913430545534
2026-09-16,ILI incidence,2026-09-20,2,DK,quantile,0.4,68.29637024828122
2026-09-16,ILI incidence,2026-09-20,2,DK,quantile,0.45,71.94261013770074
2026-09-16,ILI incidence,2026-09-20,2,DK,quantile,0.5,75.71830825541991
2026-09-16,ILI incidence,2026-09-20,2,DK,quantile,0.55,79.68944627101546
2026-09-16,ILI incidence,2026-09-20,2,DK,quantile,0.6,83.93516760669894
2026-09-16,ILI incidence,2026-09-20,2,DK,quantile,0.65,88.55837419004263
2026-09-16,ILI incidence,2026-09-20,2,DK,quantile,0.7,93.70314327301793
2026-09-16,ILI incidence,2026-09-20,2,DK,quantile,0.75,99.58721829257416
2026-09-16,ILI incidence,2026-09-20,2,DK,quantile,0.8,106.57062515011343
2026-09-16,ILI incidence,2026-09-20,2,DK,quantile,0.85,115.3248819168305
2026-09-16,ILI incidence,2026-09-20,2,DK,quantile,0.9,127.35886562496714
2026-09-16,ILI incidence,2026-09-20,2,DK,quantile,0.95,147.5226286982054
2026-09-16,ILI incidence,2026-09-20,2,DK,quantile,0.975,167.5597345272823
2026-09-16,ILI incidence,2026-09-20,2,DK,quantile,0.99,194.28016106310568
2026-09-16,ILI incidence,2026-09-20,2,DK,median,,75.71830825541991
2026-09-16,ILI incidence,2026-09-27,3,DK,quantile,0.01,27.14849884554206
2026-09-16,ILI incidence,2026-09-27,3,DK,quantile,0.025,31.956404435287624
2026-09-16,ILI incidence,2026-09-27,3,DK,quantile,0.05,36.743341357295876
2026-09-16,ILI incidence,2026-09-27,3,DK,quantile,0.1,43.13151874598097
2026-09-16,ILI incidence,2026-09-27,3,DK,quantile,0.15,48.04180378783092
2026-09-16,ILI incidence,2026-09-27,3,DK,quantile,0.2,52.33112943227827
2026-09-16,ILI incidence,2026-09-27,3,DK,quantile,0.25,56.308764716264726
2026-09-16,ILI incidence,2026-09-27,3,DK,quantile,0.3,60.13300892533127
2026-09-16,ILI incidence,2026-09-27,3,DK,quantile,0.35,63.904178195221476
2026-09-16,ILI incidence,2026-09-27,3,DK,quantile,0.4,67.69753521536383
2026-09-16,ILI incidence,2026-09-27,3,DK,quantile,0.45,71.57853783295597
2026-09-16,ILI incidence,2026-09-27,3,DK,quantile,0.5,75.61201247823466
2026-09-16,ILI incidence,2026-09-27,3,DK,quantile,0.55,79.86964316467733
2026-09-16,ILI incidence,2026-09-27,3,DK,quantile,0.6,84.4382975686808
2026-09-16,ILI incidence,2026-09-27,3,DK,quantile,0.65,89.43178142262207
2026-09-16,ILI incidence,2026-09-27,3,DK,quantile,0.7,95.01033155646161
2026-09-16,ILI incidence,2026-09-27,3,DK,quantile,0.75,101.41715180957992
2026-09-16,ILI incidence,2026-09-27,3,DK,quantile,0.8,109.0558064013693
2026-09-16,ILI incidence,2026-09-27,3,DK,quantile,0.85,118.68157780977867
2026-09-16,ILI incidence,2026-09-27,3,DK,quantile,0.9,131.99792580783796
2026-09-16,ILI incidence,2026-09-27,3,DK,quantile,0.95,154.5082365496665
2026-09-16,ILI incidence,2026-09-27,3,DK,quantile,0.975,177.09589840087662
2026-09-16,ILI incidence,2026-09-27,3,DK,quantile,0.99,207.5155762007796
2026-09-16,ILI incidence,2026-09-27,3,DK,median,,75.61201247823466
2026-09-16,ILI incidence,2026-10-04,4,DK,quantile,0.01,24.95769517755118
2026-09-16,ILI incidence,2026-10-04,4,DK,quantile,0.025,29.774990211206784
2026-09-16,ILI incidence,2026-10-04,4,DK,quantile,0.05,34.62733570907828
2026-09-16,ILI incidence,2026-10-04,4,DK,quantile,0.1,41.17870737622714
2026-09-16,ILI incidence,2026-10-04,4,DK,quantile,0.15,46.26668243907526
2026-09-16,ILI incidence,2026-10-04,4,DK,quantile,0.2,50.744695476364925
2026-09-16,ILI incidence,2026-10-04,4,DK,quantile,0.25,54.92306011878195
2026-09-16,ILI incidence,2026-10-04,4,DK,quantile,0.3,58.962137167727086
2026-09-16,ILI incidence,2026-10-04,4,DK,quantile,0.35,62.96490492487669
2026-09-16,ILI incidence,2026-10-04,4,DK,quantile,0.4,67.00993691322462
2026-09-16,ILI incidence,2026-10-04,4,DK,quantile,0.45,71.16685818909112
2026-09-16,ILI incidence,2026-10-04,4,DK,quantile,0.5,75.50586397739758
2026-09-16,ILI incidence,2026-10-04,4,DK,quantile,0.55,80.10575089179694
2026-09-16,ILI incidence,2026-10-04,4,DK,quantile,0.6,85.06311795872153
2026-09-16,ILI incidence,2026-10-04,4,DK,quantile,0.65,90.5056034211614
2026-09-16,ILI incidence,2026-10-04,4,DK,quantile,0.7,96.61405279060584
2026-09-16,ILI incidence,2026-10-04,4,DK,quantile,0.75,103.66428715624346
2026-09-16,ILI incidence,2026-10-04,4,DK,quantile,0.8,112.11588886635859
2026-09-16,ILI incidence,2026-10-04,4,DK,quantile,0.85,122.83241050337132
2026-09-16,ILI incidence,2026-10-04,4,DK,quantile,0.9,137.77018967696065
2026-09-16,ILI incidence,2026-10-04,4,DK,quantile,0.95,163.28809806950017
2026-09-16,ILI incidence,2026-10-04,4,DK,quantile,0.975,189.19168431113346
2026-09-16,ILI incidence,2026-10-04,4,DK,quantile,0.99,224.4879403927202
2026-09-16,ILI incidence,2026-10-04,4,DK,median,,75.50586397739758
2026-09-16,ILI incidence,2026-09-13,1,EE,quantile,0.01,24.000468426363092
2026-09-16,ILI incidence,2026-09-13,1,EE,quantile,0.025,28.42049089886464
2026-09-16,ILI incidence,2026-09-13,1,EE,quantile,0.05,32.84210251173706
2026-09-16,ILI incidence,2026-09-13,1,EE,quantile,0.1,38.77080664533098
2026-09-16,ILI incidence,2026-09-13,1,EE,quantile,0.15,43.34710785552501
2026-09-16,ILI incidence,2026-09-13,1,EE,quantile,0.2,47.356912031624624
2026-09-16,ILI incidence,2026-09-13,1,EE,quantile,0.25,51.08470729181417
2026-09-16,ILI incidence,2026-09-13,1,EE,quantile,0.3,54.6766661500016
2026-09-16,ILI incidence,2026-09-13,1,EE,quantile,0.35,58.22591147391268
2026-09-16,ILI incidence,2026-09-13,1,EE,quantile,0.4,61.8027837394428
2026-09-16,ILI incidence,2026-09-13,1,EE,quantile,0.45,65.46892394630511
2026-09-16,ILI incidence,2026-09-13,1,EE,quantile,0.5,69.28582517439773
2026-09-16,ILI incidence,2026-09-13,1,EE,quantile,0.55,73.32190754940923
2026-09-16,ILI incidence,2026-09-13,1,EE,quantile,0.6,77.66048169045432
2026-09-16,ILI incidence,2026-09-13,1,EE,quantile,0.65,82.41107966944458
2026-09-16,ILI incidence,2026-09-13,1,EE,quantile,0.7,87.72832304895225
2026-09-16,ILI incidence,2026-09-13,1,EE,quantile,0.75,93.84736455881762
2026-09-16,ILI incidence,2026-09-13,1,EE,quantile,0.8,101.15907122471464
2026-09-16,ILI incidence,2026-09-13,1,EE,quantile,0.85,110.3961531953777
2026-09-16,ILI incidence,2026-09-13,1,EE,quantile,0.9,123.21415699462462
2026-09-16,ILI incidence,2026-09-13,1,EE,quantile,0.95,144.97489085474777
2026-09-16,ILI incidence,2026-09-13,1,EE,quantile,0.975,166.91348714839577
2026-09-16,ILI incidence,2026-09-13,1,EE,quantile,0.99,196.60018637237414
2026-09-16,ILI incidence,2026-09-13,1,EE,median,,69.28582517439773
2026-09-16,ILI incidence,2026-09-20,2,EE,quantile,0.01,21.17334134707505
2026-09-16,ILI incidence,2026-09-20,2,EE,quantile,0.025,25.591554711859715
2026-09-16,ILI incidence,2026-09-20,2,EE,quantile,0.05,30.089440609735963
2026-09-16,ILI incidence,2026-09-20,2,EE,quantile,0.1,36.22731582522065
2026-09-16,ILI incidence,2026-09-20,2,EE,quantile,0.15,41.039334105942864
2026-09-16,ILI incidence,2026-09-20,2,EE,quantile,0.2,45.3036161241337
2026-09-16,ILI incidence,2026-09-20,2,EE,quantile,0.25,49.3051054959524
2026-09-16,ILI incidence,2026-09-20,2,EE,quantile,0.3,53.192429581489094
2026-09-16,ILI incidence,2026-09-20,2,EE,quantile,0.35,57.062267918355104
2026-09-16,ILI incidence,2026-09-20,2,EE,quantile,0.4,60.98958308576671
2026-09-16,ILI incidence,2026-09-20,2,EE,quantile,0.45,65.04196111045273
2026-09-16,ILI incidence,2026-09-20,2,EE,quantile,0.5,69.28864721250989
2026-09-16,ILI incidence,2026-09-20,2,EE,quantile,0.55,73.80840732003522
2026-09-16,ILI incidence,2026-09-20,2,EE,quantile,0.6,78.69877648844923
2026-09-16,ILI incidence,2026-09-20,2,EE,quantile,0.65,84.08957889677687
2026-09-16,ILI incidence,2026-09-20,2,EE,quantile,0.7,90.16575811637418
2026-09-16,ILI incidence,2026-09-20,2,EE,quantile,0.75,97.2105867437688
2026-09-16,ILI incidence,2026-09-20,2,EE,quantile,0.8,105.69779901681719
2026-09-16,ILI incidence,2026-09-20,2,EE,quantile,0.85,116.5207465112123
2026-09-16,ILI incidence,2026-09-20,2,EE,quantile,0.9,131.71152693790515
2026-09-16,ILI incidence,2026-09-20,2,EE,quantile,0.95,157.91228114980964
2026-09-16,ILI incidence,2026-09-20,2,EE,quantile,0.975,184.79184182718112
2026-09-16,ILI incidence,2026-09-20,2,EE,quantile,0.99,221.8123334968813
2026-09-16,ILI incidence,2026-09-20,2,EE,median,,69.28864721250989
2026-09-16,ILI incidence,2026-09-27,3,EE,quantile,0.01,18.872019293164247
2026-09-16,ILI incidence,2026-09-27,3,EE,quantile,0.025,23.246680956245644
2026-09-16,ILI incidence,2026-09-27,3,EE,quantile,0.05,27.77199135461415
2026-09-16,ILI incidence,2026-09-27,3,EE,quantile,0.1,34.04720437020583
2026-09-16,ILI incidence,2026-09-27,3,EE,quantile,0.15,39.03719144615103
2026-09-16,ILI incidence,2026-09-27,3,EE,quantile,0.2,43.50505456586918
2026-09-16,ILI incidence,2026-09-27,3,EE,quantile,0.25,47.733397056694635
2026-09-16,ILI incidence,2026-09-27,3,EE,quantile,0.3,51.871871393159815
2026-09-16,ILI incidence,2026-09-27,3,EE,quantile,0.35,56.01986723543575
2026-09-16,ILI incidence,2026-09-27,3,EE,quantile,0.4,60.25642339988126
2026-09-16,ILI incidence,2026-09-27,3,EE,quantile,0.45,64.65470490189387
2026-09-16,ILI incidence,2026-09-27,3,EE,quantile,0.5,69.29146936392924
2026-09-16,ILI incidence,2026-09-27,3,EE,quantile,0.55,74.25569831930929
2026-09-16,ILI incidence,2026-09-27,3,EE,quantile,0.6,79.65914382702564
2026-09-16,ILI incidence,2026-09-27,3,EE,quantile,0.65,85.65208996259501
2026-09-16,ILI incidence,2026-09-27,3,EE,quantile,0.7,92.45027015592679
2026-09-16,ILI incidence,2026-09-27,3,EE,quantile,0.75,100.38613279086935
2026-09-16,ILI incidence,2026-09-27,3,EE,quantile,0.8,110.01864077096002
2026-09-16,ILI incidence,2026-09-27,3,EE,quantile,0.85,122.40752402639367
2026-09-16,ILI incidence,2026-09-27,3,EE,quantile,0.9,139.97816799163962
2026-09-16,ILI incidence,2026-09-27,3,EE,quantile,0.95,170.72571075960064
2026-09-16,ILI incidence,2026-09-27,3,EE,quantile,0.975,202.7759590377045
2026-09-16,ILI incidence,2026-09-27,3,EE,quantile,0.99,247.63556100913286
2026-09-16,ILI incidence,2026-09-27,3,EE,median,,69.29146936392924
2026-09-16,ILI incidence,2026-10-04,4,EE,quantile,0.01,16.951010450788594
2026-09-16,ILI incidence,2026-10-04,4,EE,quantile,0.025,21.25644290806569
2026-09-16,ILI incidence,2026-10-04,4,EE,quantile,0.05,25.77665986307553
2026-09-16,ILI incidence,2026-10-04,4,EE,quantile,0.1,32.13888597127809
2026-09-16,ILI incidence,2026-10-04,4,EE,quantile,0.15,37.26504294316866
2026-09-16,ILI incidence,2026-10-04,4,EE,quantile,0.2,41.89896860748767
2026-09-16,ILI incidence,2026-10-04,4,EE,quantile,0.25,46.319215564752575
2026-09-16,ILI incidence,2026-10-04,4,EE,quantile,0.3,50.67557151952713
2026-09-16,ILI incidence,2026-10-04,4,EE,quantile,0.35,55.0696094211268
2026-09-16,ILI incidence,2026-10-04,4,EE,quantile,0.4,59.58411286388158
2026-09-16,ILI incidence,2026-10-04,4,EE,quantile,0.45,64.29761958439812
2026-09-16,ILI incidence,2026-10-04,4,EE,quantile,0.5,69.29429162866053
2026-09-16,ILI incidence,2026-10-04,4,EE,quantile,0.55,74.67331653167673
2026-09-16,ILI incidence,2026-10-04,4,EE,quantile,0.6,80.560778923628
2026-09-16,ILI incidence,2026-10-04,4,EE,quantile,0.65,87.12773062965758
2026-09-16,ILI incidence,2026-10-04,4,EE,quantile,0.7,94.62134080525772
2026-09-16,ILI incidence,2026-10-04,4,EE,quantile,0.75,103.42454247394306
2026-09-16,ILI incidence,2026-10-04,4,EE,quantile,0.8,114.18429454065503
2026-09-16,ILI incidence,2026-10-04,4,EE,quantile,0.85,128.13319979580285
2026-09-16,ILI incidence,2026-10-04,4,EE,quantile,0.9,148.10843532452634
2026-09-16,ILI incidence,2026-10-04,4,EE,quantile,0.95,183.53711033574817
2026-09-16,ILI incidence,2026-10-04,4,EE,quantile,0.975,221.01604524074511
2026-09-16,ILI incidence,2026-10-04,4,EE,quantile,0.99,274.2651417100646
2026-09-16,ILI incidence,2026-10-04,4,EE,median,,69.29429162866053
2026-09-16,ILI incidence,2026-09-13,1,ES,quantile,0.01,4.050744986378684
2026-09-16,ILI incidence,2026-09-13,1,ES,quantile,0.025,4.994825432822636
2026-09-16,ILI incidence,2026-09-13,1,ES,quantile,0.05,5.946767959432572
2026-09-16,ILI incidence,2026-09-13,1,ES,quantile,0.1,7.233375091045964
2026-09-16,ILI incidence,2026-09-13,1,ES,quantile,0.15,8.233516097270595
2026-09-16,ILI incidence,2026-09-13,1,ES,quantile,0.2,9.11435041867346
2026-09-16,ILI incidence,2026-09-13,1,ES,quantile,0.25,9.936699819221188
2026-09-16,ILI incidence,2026-09-13,1,ES,quantile,0.3,10.732023151241082
2026-09-16,ILI incidence,2026-09-13,1,ES,quantile,0.35,11.520547131618601
2026-09-16,ILI incidence,2026-09-13,1,ES,quantile,0.4,12.31772891984927
2026-09-16,ILI incidence,2026-09-13,1,ES,quantile,0.45,13.137288511283746
2026-09-16,ILI incidence,2026-09-13,1,ES,quantile,0.5,13.993080294557345
2026-09-16,ILI incidence,2026-09-13,1,ES,quantile,0.55,14.900676890029128
2026-09-16,ILI incidence,2026-09-13,1,ES,quantile,0.6,15.87918849166574
2026-09-16,ILI incidence,2026-09-13,1,ES,quantile,0.65,16.953884471339688
2026-09-16,ILI incidence,2026-09-13,1,ES,quantile,0.7,18.160587549238166
2026-09-16,ILI incidence,2026-09-13,1,ES,quantile,0.75,19.553956900597406
2026-09-16,ILI incidence,2026-09-13,1,ES,quantile,0.8,21.225100714725507
2026-09-16,ILI incidence,2026-09-13,1,ES,quantile,0.85,23.34527154671794
2026-09-16,ILI incidence,2026-09-13,1,ES,quantile,0.9,26.302589063810796
2026-09-16,ILI incidence,2026-09-13,1,ES,quantile,0.95,31.359286798087503
2026-09-16,ILI incidence,2026-09-13,1,ES,quantile,0.975,36.49774855632473
2026-09-16,ILI incidence,2026-09-13,1,ES,quantile,0.99,43.50679203271692
2026-09-16,ILI incidence,2026-09-13,1,ES,median,,13.993080294557345
2026-09-16,ILI incidence,2026-09-20,2,ES,quantile,0.01,3.5702286960922187
2026-09-16,ILI incidence,2026-09-20,2,ES,quantile,0.025,4.659083768988898
2026-09-16,ILI incidence,2026-09-20,2,ES,quantile,0.05,5.800898384510496
2026-09-16,ILI incidence,2026-09-20,2,ES,quantile,0.1,7.406085870056021
2026-09-16,ILI incidence,2026-09-20,2,ES,quantile,0.15,8.698048772353905
2026-09-16,ILI incidence,2026-09-20,2,ES,quantile,0.2,9.865055727645593
2026-09-16,ILI incidence,2026-09-20,2,ES,quantile,0.25,10.977544694259604
2026-09-16,ILI incidence,2026-09-20,2,ES,quantile,0.3,12.073344169531511
2026-09-16,ILI incidence,2026-09-20,2,ES,quantile,0.35,13.178061840262874
2026-09-16,ILI incidence,2026-09-20,2,ES,quantile,0.4,14.312526526045636
2026-09-16,ILI incidence,2026-09-20,2,ES,quantile,0.45,15.496459839589455
2026-09-16,ILI incidence,2026-09-20,2,ES,quantile,0.5,16.750960345697912
2026-09-16,ILI incidence,2026-09-20,2,ES,quantile,0.55,18.10086141260121
2026-09-16,ILI incidence,2026-09-20,2,ES,quantile,0.6,19.577701051396087
2026-09-16,ILI incidence,2026-09-20,2,ES,quantile,0.65,21.224236058819287
2026-09-16,ILI incidence,2026-09-20,2,ES,quantile,0.7,23.102218155389643
2026-09-16,ILI incidence,2026-09-20,2,ES,quantile,0.75,25.307277596346943
2026-09-16,ILI incidence,2026-09-20,2,ES,quantile,0.8,28.000918273506162
2026-09-16,ILI incidence,2026-09-20,2,ES,quantile,0.85,31.490720617201
2026-09-16,ILI incidence,2026-09-20,2,ES,quantile,0.9,36.484341471810346
2026-09-16,ILI incidence,2026-09-20,2,ES,quantile,0.95,45.3316131751348
2026-09-16,ILI incidence,2026-09-20,2,ES,quantile,0.975,54.679789530812634
2026-09-16,ILI incidence,2026-09-20,2,ES,quantile,0.99,67.94547606861853
2026-09-16,ILI incidence,2026-09-20,2,ES,median,,16.750960345697912
2026-09-16,ILI incidence,2026-09-27,3,ES,quantile,0.01,2.8240072310736783
2026-09-16,ILI incidence,2026-09-27,3,ES,quantile,0.025,4.001140125594094
2026-09-16,ILI incidence,2026-09-27,3,ES,quantile,0.05,5.299538385941661
2026-09-16,ILI incidence,2026-09-27,3,ES,quantile,0.1,7.220129984363906
2026-09-16,ILI incidence,2026-09-27,3,ES,quantile,0.15,8.836785183816612
2026-09-16,ILI incidence,2026-09-27,3,ES,quantile,0.2,10.345531604224108
2026-09-16,ILI incidence,2026-09-27,3,ES,quantile,0.25,11.82304063035531
2026-09-16,ILI incidence,2026-09-27,3,ES,quantile,0.3,13.313171689639343
2026-09-16,ILI incidence,2026-09-27,3,ES,quantile,0.35,14.848151391495511
2026-09-16,ILI incidence,2026-09-27,3,ES,quantile,0.4,16.45663920113905
2026-09-16,ILI incidence,2026-09-27,3,ES,quantile,0.45,18.168085178288873
2026-09-16,ILI incidence,2026-09-27,3,ES,quantile,0.5,20.016134577024495
2026-09-16,ILI incidence,2026-09-27,3,ES,quantile,0.55,22.042359654154716
2026-09-16,ILI incidence,2026-09-27,3,ES,quantile,0.6,24.30142872694447
2026-09-16,ILI incidence,2026-09-27,3,ES,quantile,0.65,26.869364801538897
2026-09-16,ILI incidence,2026-09-27,3,ES,quantile,0.7,29.858143962551317
2026-09-16,ILI incidence,2026-09-27,3,ES,quantile,0.75,33.44408586790592
2026-09-16,ILI incidence,2026-09-27,3,ES,quantile,0.8,37.92967980408794
2026-09-16,ILI incidence,2026-09-27,3,ES,quantile,0.85,43.90063616375898
2026-09-16,ILI incidence,2026-09-27,3,ES,quantile,0.9,52.73125648861411
2026-09-16,ILI incidence,2026-09-27,3,ES,quantile,0.95,69.11274247415855
2026-09-16,ILI incidence,2026-09-27,3,ES,quantile,0.975,87.31544437222438
2026-09-16,ILI incidence,2026-09-27,3,ES,quantile,0.99,114.50132776176608
2026-09-16,ILI incidence,2026-09-27,3,ES,median,,20.016134577024495
2026-09-16,ILI incidence,2026-10-04,4,ES,quantile,0.01,2.005208774555647
2026-09-16,ILI incidence,2026-10-04,4,ES,quantile,0.025,3.1923238073411637
2026-09-16,ILI incidence,2026-10-04,4,ES,quantile,0.05,4.582153089374878
2026-09-16,ILI incidence,2026-10-04,4,ES,quantile,0.1,6.765434873416976
2026-09-16,ILI incidence,2026-10-04,4,ES,quantile,0.15,8.702704796490897
2026-09-16,ILI incidence,2026-10-04,4,ES,quantile,0.2,10.581595709899643
2026-09-16,ILI incidence,2026-10-04,4,ES,quantile,0.25,12.480959531599513
2026-09-16,ILI incidence,2026-10-04,4,ES,quantile,0.3,14.450697953133677
2026-09-16,ILI incidence,2026-10-04,4,ES,quantile,0.35,16.531982172857795
2026-09-16,ILI incidence,2026-10-04,4,ES,quantile,0.4,18.765579071559152
2026-09-16,ILI incidence,2026-10-04,4,ES,quantile,0.45,21.19709368939605
2026-09-16,ILI incidence,2026-10-04,4,ES,quantile,0.5,23.881916468629164
2026-09-16,ILI incidence,2026-10-04,4,ES,quantile,0.55,26.89147875911337
2026-09-16,ILI incidence,2026-10-04,4,ES,quantile,0.6,30.322622267246455
2026-09-16,ILI incidence,2026-10-04,4,ES,quantile,0.65,34.31316431009819
2026-09-16,ILI incidence,2026-10-04,4,ES,quantile,0.7,39.07001942758662
2026-09-16,ILI incidence,2026-10-04,4,ES,quantile,0.75,44.92475525949319
2026-09-16,ILI incidence,2026-10-04,4,ES,quantile,0.8,52.4563442430166
2026-09-16,ILI incidence,2026-10-04,4,ES,quantile,0.85,62.807956661295954
2026-09-16,ILI incidence,2026-10-04,4,ES,quantile,0.9,78.72634852314675
2026-09-16,ILI incidence,2026-10-04,4,ES,quantile,0.95,109.90877610115318
2026-09-16,ILI incidence,2026-10-04,4,ES,quantile,0.975,146.67699147373065
2026-09-16,ILI incidence,2026-10-04,4,ES,quantile,0.99,205.0122319599515
2026-09-16,ILI incidence,2026-10-04,4,ES,median,,23.881916468629164
2026-09-16,ILI incidence,2026-09-13,1,GB-NIR,quantile,0.01,0
2026-09-16,ILI incidence,2026-09-13,1,GB-NIR,quantile,0.025,0
2026-09-16,ILI incidence,2026-09-13,1,GB-NIR,quantile,0.05,0.15234623458438623
2026-09-16,ILI incidence,2026-09-13,1,GB-NIR,quantile,0.1,0.4484375212904752
2026-09-16,ILI incidence,2026-09-13,1,GB-NIR,quantile,0.15,0.6900841395019137
2026-09-16,ILI incidence,2026-09-13,1,GB-NIR,quantile,0.2,0.9105772632078644
2026-09-16,ILI incidence,2026-09-13,1,GB-NIR,quantile,0.25,1.1225295754927953
2026-09-16,ILI incidence,2026-09-13,1,GB-NIR,quantile,0.3,1.3328349599281837
2026-09-16,ILI incidence,2026-09-13,1,GB-NIR,quantile,0.35,1.5462712702905121
2026-09-16,ILI incidence,2026-09-13,1,GB-NIR,quantile,0.4,1.766830492824146
2026-09-16,ILI incidence,2026-09-13,1,GB-NIR,quantile,0.45,1.9983913965538718
2026-09-16,ILI incidence,2026-09-13,1,GB-NIR,quantile,0.5,2.245194079699907
2026-09-16,ILI incidence,2026-09-13,1,GB-NIR,quantile,0.55,2.512311510439632
2026-09-16,ILI incidence,2026-09-13,1,GB-NIR,quantile,0.6,2.806263029929919
2026-09-16,ILI incidence,2026-09-13,1,GB-NIR,quantile,0.65,3.1359633350133116
2026-09-16,ILI incidence,2026-09-13,1,GB-NIR,quantile,0.7,3.5143719104944893
2026-09-16,ILI incidence,2026-09-13,1,GB-NIR,quantile,0.75,3.9616668415441234
2026-09-16,ILI incidence,2026-09-13,1,GB-NIR,quantile,0.8,4.512095646546777
2026-09-16,ILI incidence,2026-09-13,1,GB-NIR,quantile,0.85,5.2312191261809105
2026-09-16,ILI incidence,2026-09-13,1,GB-NIR,quantile,0.9,6.2707897027802435
2026-09-16,ILI incidence,2026-09-13,1,GB-NIR,quantile,0.95,8.138993384846358
2026-09-16,ILI incidence,2026-09-13,1,GB-NIR,quantile,0.975,10.14399369414443
2026-09-16,ILI incidence,2026-09-13,1,GB-NIR,quantile,0.99,13.03460273954092
2026-09-16,ILI incidence,2026-09-13,1,GB-NIR,median,,2.245194079699907
2026-09-16,ILI incidence,2026-09-20,2,GB-NIR,quantile,0.01,0
2026-09-16,ILI incidence,2026-09-20,2,GB-NIR,quantile,0.025,0
2026-09-16,ILI incidence,2026-09-20,2,GB-NIR,quantile,0.05,5.216546121944443e-4
2026-09-16,ILI incidence,2026-09-20,2,GB-NIR,quantile,0.1,0.31090984848782255
2026-09-16,ILI incidence,2026-09-20,2,GB-NIR,quantile,0.15,0.5730620010618204
2026-09-16,ILI incidence,2026-09-20,2,GB-NIR,quantile,0.2,0.8183188550227996
2026-09-16,ILI incidence,2026-09-20,2,GB-NIR,quantile,0.25,1.0589860510958515
2026-09-16,ILI incidence,2026-09-20,2,GB-NIR,quantile,0.3,1.3021421274801375
2026-09-16,ILI incidence,2026-09-20,2,GB-NIR,quantile,0.35,1.553024004462551
2026-09-16,ILI incidence,2026-09-20,2,GB-NIR,quantile,0.4,1.8163213674265744
2026-09-16,ILI incidence,2026-09-20,2,GB-NIR,quantile,0.45,2.096881786084458
2026-09-16,ILI incidence,2026-09-20,2,GB-NIR,quantile,0.5,2.4002681111409117
2026-09-16,ILI incidence,2026-09-20,2,GB-NIR,quantile,0.55,2.733375707007522
2026-09-16,ILI incidence,2026-09-20,2,GB-NIR,quantile,0.6,3.1052925853438555
2026-09-16,ILI incidence,2026-09-20,2,GB-NIR,quantile,0.65,3.52867783751047
2026-09-16,ILI incidence,2026-09-20,2,GB-NIR,quantile,0.7,4.02220218709826
2026-09-16,ILI incidence,2026-09-20,2,GB-NIR,quantile,0.75,4.615299443863766
2026-09-16,ILI incidence,2026-09-20,2,GB-NIR,quantile,0.8,5.358523531615038
2026-09-16,ILI incidence,2026-09-20,2,GB-NIR,quantile,0.85,6.34988399684026
2026-09-16,ILI incidence,2026-09-20,2,GB-NIR,quantile,0.9,7.819693620410838
2026-09-16,ILI incidence,2026-09-20,2,GB-NIR,quantile,0.95,10.555795093833499
2026-09-16,ILI incidence,2026-09-20,2,GB-NIR,quantile,0.975,13.60764737010952
2026-09-16,ILI incidence,2026-09-20,2,GB-NIR,quantile,0.99,18.18324345491956
2026-09-16,ILI incidence,2026-09-20,2,GB-NIR,median,,2.4002681111409117
2026-09-16,ILI incidence,2026-09-27,3,GB-NIR,quantile,0.01,0
2026-09-16,ILI incidence,2026-09-27,3,GB-NIR,quantile,0.025,0
2026-09-16,ILI incidence,2026-09-27,3,GB-NIR,quantile,0.05,0
2026-09-16,ILI incidence,2026-09-27,3,GB-NIR,quantile,0.1,0.1642736816279986
2026-09-16,ILI incidence,2026-09-27,3,GB-NIR,quantile,0.15,0.4419798033561786
2026-09-16,ILI incidence,2026-09-27,3,GB-NIR,quantile,0.2,0.7092138723816994
2026-09-16,ILI incidence,2026-09-27,3,GB-NIR,quantile,0.25,0.9776169645713746
2026-09-16,ILI incidence,2026-09-27,3,GB-NIR,quantile,0.3,1.2543878653952851
2026-09-16,ILI incidence,2026-09-27,3,GB-NIR,quantile,0.35,1.5453201776432879
2026-09-16,ILI incidence,2026-09-27,3,GB-NIR,quantile,0.4,1.8560292092109671
2026-09-16,ILI incidence,2026-09-27,3,GB-NIR,quantile,0.45,2.192697636532901
2026-09-16,ILI incidence,2026-09-27,3,GB-NIR,quantile,0.5,2.5627524714056364
2026-09-16,ILI incidence,2026-09-27,3,GB-NIR,quantile,0.55,2.975699116403366
2026-09-16,ILI incidence,2026-09-27,3,GB-NIR,quantile,0.6,3.44435411639705
2026-09-16,ILI incidence,2026-09-27,3,GB-NIR,quantile,0.65,3.9868795619494968
2026-09-16,ILI incidence,2026-09-27,3,GB-NIR,quantile,0.7,4.630444240472943
2026-09-16,ILI incidence,2026-09-27,3,GB-NIR,quantile,0.75,5.418434610899528
2026-09-16,ILI incidence,2026-09-27,3,GB-NIR,quantile,0.8,6.426341066855291
2026-09-16,ILI incidence,2026-09-27,3,GB-NIR,quantile,0.85,7.8026234091239015
2026-09-16,ILI incidence,2026-09-27,3,GB-NIR,quantile,0.9,9.902252084542637
2026-09-16,ILI incidence,2026-09-27,3,GB-NIR,quantile,0.95,13.969734120298176
2026-09-16,ILI incidence,2026-09-27,3,GB-NIR,quantile,0.975,18.708176870374846
2026-09-16,ILI incidence,2026-09-27,3,GB-NIR,quantile,0.99,26.13391032535019
2026-09-16,ILI incidence,2026-09-27,3,GB-NIR,median,,2.5627524714056364
2026-09-16,ILI incidence,2026-10-04,4,GB-NIR,quantile,0.01,0
2026-09-16,ILI incidence,2026-10-04,4,GB-NIR,quantile,0.025,0
2026-09-16,ILI incidence,2026-10-04,4,GB-NIR,quantile,0.05,0
2026-09-16,ILI incidence,2026-10-04,4,GB-NIR,quantile,0.1,0.017291301441540563
2026-09-16,ILI incidence,2026-10-04,4,GB-NIR,quantile,0.15,0.3044786504294288
2026-09-16,ILI incidence,2026-10-04,4,GB-NIR,quantile,0.2,0.5895174918190527
2026-09-16,ILI incidence,2026-10-04,4,GB-NIR,quantile,0.25,0.8832083939687516
2026-09-16,ILI incidence,2026-10-04,4,GB-NIR,quantile,0.3,1.1929218441988736
2026-09-16,ILI incidence,2026-10-04,4,GB-NIR,quantile,0.35,1.5252106360664932
2026-09-16,ILI incidence,2026-10-04,4,GB-NIR,quantile,0.4,1.886962061938636
2026-09-16,ILI incidence,2026-10-04,4,GB-NIR,quantile,0.45,2.286211823652688
2026-09-16,ILI incidence,2026-10-04,4,GB-NIR,quantile,0.5,2.733001268611123
2026-09-16,ILI incidence,2026-10-04,4,GB-NIR,quantile,0.55,3.2405356742837412
2026-09-16,ILI incidence,2026-10-04,4,GB-NIR,quantile,0.6,3.8269766531308376
2026-09-16,ILI incidence,2026-10-04,4,GB-NIR,quantile,0.65,4.518469735720422
2026-09-16,ILI incidence,2026-10-04,4,GB-NIR,quantile,0.7,5.354671740042407
2026-09-16,ILI incidence,2026-10-04,4,GB-NIR,quantile,0.75,6.39976442123032
2026-09-16,ILI incidence,2026-10-04,4,GB-NIR,quantile,0.8,7.76699913223643
2026-09-16,ILI incidence,2026-10-04,4,GB-NIR,quantile,0.85,9.682657371866396
2026-09-16,ILI incidence,2026-10-04,4,GB-NIR,quantile,0.9,12.698434707645102
2026-09-16,ILI incidence,2026-10-04,4,GB-NIR,quantile,0.95,18.802992786773718
2026-09-16,ILI incidence,2026-10-04,4,GB-NIR,quantile,0.975,26.262075070108313
2026-09-16,ILI incidence,2026-10-04,4,GB-NIR,quantile,0.99,38.534527687141505
2026-09-16,ILI incidence,2026-10-04,4,GB-NIR,median,,2.733001268611123
2026-09-16,ILI incidence,2026-09-13,1,GB-WLS,quantile,0.01,0
2026-09-16,ILI incidence,2026-09-13,1,GB-WLS,quantile,0.025,0
2026-09-16,ILI incidence,2026-09-13,1,GB-WLS,quantile,0.05,0
2026-09-16,ILI incidence,2026-09-13,1,GB-WLS,quantile,0.1,0.06984388893970017
2026-09-16,ILI incidence,2026-09-13,1,GB-WLS,quantile,0.15,0.19632592016666117
2026-09-16,ILI incidence,2026-09-13,1,GB-WLS,quantile,0.2,0.3074313803293305
2026-09-16,ILI incidence,2026-09-13,1,GB-WLS,quantile,0.25,0.41093825440872966
2026-09-16,ILI incidence,2026-09-13,1,GB-WLS,quantile,0.3,0.5108559061959215
2026-09-16,ILI incidence,2026-09-13,1,GB-WLS,quantile,0.35,0.6097500894030081
2026-09-16,ILI incidence,2026-09-13,1,GB-WLS,quantile,0.4,0.7095699305088456
2026-09-16,ILI incidence,2026-09-13,1,GB-WLS,quantile,0.45,0.8120342908744864
2026-09-16,ILI incidence,2026-09-13,1,GB-WLS,quantile,0.5,0.918868245436619
2026-09-16,ILI incidence,2026-09-13,1,GB-WLS,quantile,0.55,1.032000918463884
2026-09-16,ILI incidence,2026-09-13,1,GB-WLS,quantile,0.6,1.1537904227463
2026-09-16,ILI incidence,2026-09-13,1,GB-WLS,quantile,0.65,1.2873459474138227
2026-09-16,ILI incidence,2026-09-13,1,GB-WLS,quantile,0.7,1.437065856674446
2026-09-16,ILI incidence,2026-09-13,1,GB-WLS,quantile,0.75,1.6096502322761235
2026-09-16,ILI incidence,2026-09-13,1,GB-WLS,quantile,0.8,1.8162513144036145
2026-09-16,ILI incidence,2026-09-13,1,GB-WLS,quantile,0.85,2.077802863982132
2026-09-16,ILI incidence,2026-09-13,1,GB-WLS,quantile,0.9,2.4416753522742627
2026-09-16,ILI incidence,2026-09-13,1,GB-WLS,quantile,0.95,3.0616017868526937
2026-09-16,ILI incidence,2026-09-13,1,GB-WLS,quantile,0.975,3.6890370975421547
2026-09-16,ILI incidence,2026-09-13,1,GB-WLS,quantile,0.99,4.541422407115225
2026-09-16,ILI incidence,2026-09-13,1,GB-WLS,median,,0.918868245436619
2026-09-16,ILI incidence,2026-09-20,2,GB-WLS,quantile,0.01,0
2026-09-16,ILI incidence,2026-09-20,2,GB-WLS,quantile,0.025,0
2026-09-16,ILI incidence,2026-09-20,2,GB-WLS,quantile,0.05,0
2026-09-16,ILI incidence,2026-09-20,2,GB-WLS,quantile,0.1,0
2026-09-16,ILI incidence,2026-09-20,2,GB-WLS,quantile,0.15,0.09591356203726242
2026-09-16,ILI incidence,2026-09-20,2,GB-WLS,quantile,0.2,0.21557277724869683
2026-09-16,ILI incidence,2026-09-20,2,GB-WLS,quantile,0.25,0.32858994099002126
2026-09-16,ILI incidence,2026-09-20,2,GB-WLS,quantile,0.3,0.4390103856413947
2026-09-16,ILI incidence,2026-09-20,2,GB-WLS,quantile,0.35,0.5495072079795631
2026-09-16,ILI incidence,2026-09-20,2,GB-WLS,quantile,0.4,0.6621932641361465
2026-09-16,ILI incidence,2026-09-20,2,GB-WLS,quantile,0.45,0.7790122180906229
2026-09-16,ILI incidence,2026-09-20,2,GB-WLS,quantile,0.5,0.9019919443134425
2026-09-16,ILI incidence,2026-09-20,2,GB-WLS,quantile,0.55,1.0334730247754549
2026-09-16,ILI incidence,2026-09-20,2,GB-WLS,quantile,0.6,1.176385522843102
2026-09-16,ILI incidence,2026-09-20,2,GB-WLS,quantile,0.65,1.3346605537577751
2026-09-16,ILI incidence,2026-09-20,2,GB-WLS,quantile,0.7,1.5139313741789344
2026-09-16,ILI incidence,2026-09-20,2,GB-WLS,quantile,0.75,1.7228667360958148
2026-09-16,ILI incidence,2026-09-20,2,GB-WLS,quantile,0.8,1.9760236687935486
2026-09-16,ILI incidence,2026-09-20,2,GB-WLS,quantile,0.85,2.3009659534720037
2026-09-16,ILI incidence,2026-09-20,2,GB-WLS,quantile,0.9,2.7606870006260116
2026-09-16,ILI incidence,2026-09-20,2,GB-WLS,quantile,0.95,3.562424222453606
2026-09-16,ILI incidence,2026-09-20,2,GB-WLS,quantile,0.975,4.3949956659740455
2026-09-16,ILI incidence,2026-09-20,2,GB-WLS,quantile,0.99,5.5558880097624295
2026-09-16,ILI incidence,2026-09-20,2,GB-WLS,median,,0.9019919443134425
2026-09-16,ILI incidence,2026-09-27,3,GB-WLS,quantile,0.01,0
2026-09-16,ILI incidence,2026-09-27,3,GB-WLS,quantile,0.025,0
2026-09-16,ILI incidence,2026-09-27,3,GB-WLS,quantile,0.05,0
2026-09-16,ILI incidence,2026-09-27,3,GB-WLS,quantile,0.1,0
2026-09-16,ILI incidence,2026-09-27,3,GB-WLS,quantile,0.15,0
2026-09-16,ILI incidence,2026-09-27,3,GB-WLS,quantile,0.2,0.12211373428965255
2026-09-16,ILI incidence,2026-09-27,3,GB-WLS,quantile,0.25,0.24389748728480565
2026-09-16,ILI incidence,2026-09-27,3,GB-WLS,quantile,0.3,0.3644870534788347
2026-09-16,ILI incidence,2026-09-27,3,GB-WLS,quantile,0.35,0.48664286894463515
2026-09-16,ILI incidence,2026-09-27,3,GB-WLS,quantile,0.4,0.6126538002341213
2026-09-16,ILI incidence,2026-09-27,3,GB-WLS,quantile,0.45,0.7447277740780334
2026-09-16,ILI incidence,2026-09-27,3,GB-WLS,quantile,0.5,0.8852640685313162
2026-09-16,ILI incidence,2026-09-27,3,GB-WLS,quantile,0.55,1.0371204384439912
2026-09-16,ILI incidence,2026-09-27,3,GB-WLS,quantile,0.6,1.2039576055190886
2026-09-16,ILI incidence,2026-09-27,3,GB-WLS,quantile,0.65,1.3907696208292357
2026-09-16,ILI incidence,2026-09-27,3,GB-WLS,quantile,0.7,1.6048034673788751
2026-09-16,ILI incidence,2026-09-27,3,GB-WLS,quantile,0.75,1.8573259809805136
2026-09-16,ILI incidence,2026-09-27,3,GB-WLS,quantile,0.8,2.167433477984502
2026-09-16,ILI incidence,2026-09-27,3,GB-WLS,quantile,0.85,2.5716297082738353
2026-09-16,ILI incidence,2026-09-27,3,GB-WLS,quantile,0.9,3.1542656369364224
2026-09-16,ILI incidence,2026-09-27,3,GB-WLS,quantile,0.95,4.197142240393774
2026-09-16,ILI incidence,2026-09-27,3,GB-WLS,quantile,0.975,5.311493172394
2026-09-16,ILI incidence,2026-09-27,3,GB-WLS,quantile,0.99,6.910930771290975
2026-09-16,ILI incidence,2026-09-27,3,GB-WLS,median,,0.8852640685313162
2026-09-16,ILI incidence,2026-10-04,4,GB-WLS,quantile,0.01,0
2026-09-16,ILI incidence,2026-10-04,4,GB-WLS,quantile,0.025,0
2026-09-16,ILI incidence,2026-10-04,4,GB-WLS,quantile,0.05,0
2026-09-16,ILI incidence,2026-10-04,4,GB-WLS,quantile,0.1,0
2026-09-16,ILI incidence,2026-10-04,4,GB-WLS,quantile,0.15,0
2026-09-16,ILI incidence,2026-10-04,4,GB-WLS,quantile,0.2,0.02938925233212819
2026-09-16,ILI incidence,2026-10-04,4,GB-WLS,quantile,0.25,0.1587876210382979
2026-09-16,ILI incidence,2026-10-04,4,GB-WLS,quantile,0.3,0.28879660638611737
2026-09-16,ILI incidence,2026-10-04,4,GB-WLS,quantile,0.35,0.42225521013063827
2026-09-16,ILI incidence,2026-10-04,4,GB-WLS,quantile,0.4,0.5616512298556349
2026-09-16,ILI incidence,2026-10-04,4,GB-WLS,quantile,0.45,0.7095087181284558
2026-09-16,ILI incidence,2026-10-04,4,GB-WLS,quantile,0.5,0.8686833131598009
2026-09-16,ILI incidence,2026-10-04,4,GB-WLS,quantile,0.55,1.042678863144292
2026-09-16,ILI incidence,2026-10-04,4,GB-WLS,quantile,0.6,1.2360801554932999
2026-09-16,ILI incidence,2026-10-04,4,GB-WLS,quantile,0.65,1.4552396082002352
2026-09-16,ILI incidence,2026-10-04,4,GB-WLS,quantile,0.7,1.7094867472328765
2026-09-16,ILI incidence,2026-10-04,4,GB-WLS,quantile,0.75,2.0134748261747966
2026-09-16,ILI incidence,2026-10-04,4,GB-WLS,quantile,0.8,2.3922807305114726
2026-09-16,ILI incidence,2026-10-04,4,GB-WLS,quantile,0.85,2.8943321635629258
2026-09-16,ILI incidence,2026-10-04,4,GB-WLS,quantile,0.9,3.6328977573752086
2026-09-16,ILI incidence,2026-10-04,4,GB-WLS,quantile,0.95,4.99288727415429
2026-09-16,ILI incidence,2026-10-04,4,GB-WLS,quantile,0.975,6.491892398784983
2026-09-16,ILI incidence,2026-10-04,4,GB-WLS,quantile,0.99,8.712324026572453
2026-09-16,ILI incidence,2026-10-04,4,GB-WLS,median,,0.8686833131598009
2026-09-16,ILI incidence,2026-09-13,1,GR,quantile,0.01,108.24685383998707
2026-09-16,ILI incidence,2026-09-13,1,GR,quantile,0.025,125.46849782701973
2026-09-16,ILI incidence,2026-09-13,1,GR,quantile,0.05,142.43627879912754
2026-09-16,ILI incidence,2026-09-13,1,GR,quantile,0.1,164.84320608893685
2026-09-16,ILI incidence,2026-09-13,1,GR,quantile,0.15,181.90668552084074
2026-09-16,ILI incidence,2026-09-13,1,GR,quantile,0.2,196.71179621594618
2026-09-16,ILI incidence,2026-09-13,1,GR,quantile,0.25,210.36474371617712
2026-09-16,ILI incidence,2026-09-13,1,GR,quantile,0.3,223.42715952279767
2026-09-16,ILI incidence,2026-09-13,1,GR,quantile,0.35,236.25097661589507
2026-09-16,ILI incidence,2026-09-13,1,GR,quantile,0.4,249.0964242765971
2026-09-16,ILI incidence,2026-09-13,1,GR,quantile,0.45,262.1861240743523
2026-09-16,ILI incidence,2026-09-13,1,GR,quantile,0.5,275.73699892374975
2026-09-16,ILI incidence,2026-09-13,1,GR,quantile,0.55,289.98557852422346
2026-09-16,ILI incidence,2026-09-13,1,GR,quantile,0.6,305.2153599150429
2026-09-16,ILI incidence,2026-09-13,1,GR,quantile,0.65,321.7947368887358
2026-09-16,ILI incidence,2026-09-13,1,GR,quantile,0.7,340.23929891624397
2026-09-16,ILI incidence,2026-09-13,1,GR,quantile,0.75,361.32800810035013
2026-09-16,ILI incidence,2026-09-13,1,GR,quantile,0.8,386.3484943188571
2026-09-16,ILI incidence,2026-09-13,1,GR,quantile,0.85,417.70184435985203
2026-09-16,ILI incidence,2026-09-13,1,GR,quantile,0.9,460.7817538588469
2026-09-16,ILI incidence,2026-09-13,1,GR,quantile,0.95,532.91908389211
2026-09-16,ILI incidence,2026-09-13,1,GR,quantile,0.975,604.5529075554623
2026-09-16,ILI incidence,2026-09-13,1,GR,quantile,0.99,700.0121013232515
2026-09-16,ILI incidence,2026-09-13,1,GR,median,,275.73699892374975
2026-09-16,ILI incidence,2026-09-20,2,GR,quantile,0.01,99.49069817943113
2026-09-16,ILI incidence,2026-09-20,2,GR,quantile,0.025,116.98638178044399
2026-09-16,ILI incidence,2026-09-20,2,GR,quantile,0.05,134.4512151118403
2026-09-16,ILI incidence,2026-09-20,2,GR,quantile,0.1,157.81905025302072
2026-09-16,ILI incidence,2026-09-20,2,GR,quantile,0.15,175.82241621462938
2026-09-16,ILI incidence,2026-09-20,2,GR,quantile,0.2,191.5755392989409
2026-09-16,ILI incidence,2026-09-20,2,GR,quantile,0.25,206.204204963253
2026-09-16,ILI incidence,2026-09-20,2,GR,quantile,0.3,220.2858531186377
2026-09-16,ILI incidence,2026-09-20,2,GR,quantile,0.35,234.18747665306358
2026-09-16,ILI incidence,2026-09-20,2,GR,quantile,0.4,248.1854382257978
2026-09-16,ILI incidence,2026-09-20,2,GR,quantile,0.45,262.52109845664864
2026-09-16,ILI incidence,2026-09-20,2,GR,quantile,0.5,277.43445262431766
2026-09-16,ILI incidence,2026-09-20,2,GR,quantile,0.55,293.19179284787737
2026-09-16,ILI incidence,2026-09-20,2,GR,quantile,0.6,310.11667262817315
2026-09-16,ILI incidence,2026-09-20,2,GR,quantile,0.65,328.6338117635633
2026-09-16,ILI incidence,2026-09-20,2,GR,quantile,0.7,349.34207255282433
2026-09-16,ILI incidence,2026-09-20,2,GR,quantile,0.75,373.1514049965946
2026-09-16,ILI incidence,2026-09-20,2,GR,quantile,0.8,401.5731652650746
2026-09-16,ILI incidence,2026-09-20,2,GR,quantile,0.85,437.43844048653705
2026-09-16,ILI incidence,2026-09-20,2,GR,quantile,0.9,487.13882393009044
2026-09-16,ILI incidence,2026-09-20,2,GR,quantile,0.95,571.3517824789642
2026-09-16,ILI incidence,2026-09-20,2,GR,quantile,0.975,656.0736659461926
2026-09-16,ILI incidence,2026-09-20,2,GR,quantile,0.99,770.4718457799679
2026-09-16,ILI incidence,2026-09-20,2,GR,median,,277.43445262431766
2026-09-16,ILI incidence,2026-09-27,3,GR,quantile,0.01,89.4713697240451
2026-09-16,ILI incidence,2026-09-27,3,GR,quantile,0.025,107.0984458161127
2026-09-16,ILI incidence,2026-09-27,3,GR,quantile,0.05,124.98209887376103
2026-09-16,ILI incidence,2026-09-27,3,GR,quantile,0.1,149.30272254119643
2026-09-16,ILI incidence,2026-09-27,3,GR,quantile,0.15,168.3119615911401
2026-09-16,ILI incidence,2026-09-27,3,GR,quantile,0.2,185.12027639670214
2026-09-16,ILI incidence,2026-09-27,3,GR,quantile,0.25,200.86406633009216
2026-09-16,ILI incidence,2026-09-27,3,GR,quantile,0.3,216.13426971057368
2026-09-16,ILI incidence,2026-09-27,3,GR,quantile,0.35,231.3136613201962
2026-09-16,ILI incidence,2026-09-27,3,GR,quantile,0.4,246.69748187215458
2026-09-16,ILI incidence,2026-09-27,3,GR,quantile,0.45,262.5504326301038
2026-09-16,ILI incidence,2026-09-27,3,GR,quantile,0.5,279.14231806470985
2026-09-16,ILI incidence,2026-09-27,3,GR,quantile,0.55,296.77874992455924
2026-09-16,ILI incidence,2026-09-27,3,GR,quantile,0.6,315.83696490372563
2026-09-16,ILI incidence,2026-09-27,3,GR,quantile,0.65,336.817922220687
2026-09-16,ILI incidence,2026-09-27,3,GR,quantile,0.7,360.4340494260883
2026-09-16,ILI incidence,2026-09-27,3,GR,quantile,0.75,387.77507917797277
2026-09-16,ILI incidence,2026-09-27,3,GR,quantile,0.8,420.6613035937853
2026-09-16,ILI incidence,2026-09-27,3,GR,quantile,0.85,462.5214052990797
2026-09-16,ILI incidence,2026-09-27,3,GR,quantile,0.9,521.1443566942613
2026-09-16,ILI incidence,2026-09-27,3,GR,quantile,0.95,621.9434107881368
2026-09-16,ILI incidence,2026-09-27,3,GR,quantile,0.975,725.0022822545632
2026-09-16,ILI incidence,2026-09-27,3,GR,quantile,0.99,866.45363323278
2026-09-16,ILI incidence,2026-09-27,3,GR,median,,279.14231806470985
2026-09-16,ILI incidence,2026-10-04,4,GR,quantile,0.01,78.85570109110701
2026-09-16,ILI incidence,2026-10-04,4,GR,quantile,0.025,96.40234832902776
2026-09-16,ILI incidence,2026-10-04,4,GR,quantile,0.05,114.54756486705308
2026-09-16,ILI incidence,2026-10-04,4,GR,quantile,0.1,139.7014894785281
2026-09-16,ILI incidence,2026-10-04,4,GR,quantile,0.15,159.69808758584537
2026-09-16,ILI incidence,2026-10-04,4,GR,quantile,0.2,177.59873857792172
2026-09-16,ILI incidence,2026-10-04,4,GR,quantile,0.25,194.53692060632403
2026-09-16,ILI incidence,2026-10-04,4,GR,quantile,0.3,211.11268072577195
2026-09-16,ILI incidence,2026-10-04,4,GR,quantile,0.35,227.72436341712685
2026-09-16,ILI incidence,2026-10-04,4,GR,quantile,0.4,244.68858813829203
2026-09-16,ILI incidence,2026-10-04,4,GR,quantile,0.45,262.29829280935576
2026-09-16,ILI incidence,2026-10-04,4,GR,quantile,0.5,280.8606592348964
2026-09-16,ILI incidence,2026-10-04,4,GR,quantile,0.55,300.7316609867037
2026-09-16,ILI incidence,2026-10-04,4,GR,quantile,0.6,322.3582472280419
2026-09-16,ILI incidence,2026-10-04,4,GR,quantile,0.65,346.34135899394755
2026-09-16,ILI incidence,2026-10-04,4,GR,quantile,0.7,373.5435254153465
2026-09-16,ILI incidence,2026-10-04,4,GR,quantile,0.75,405.2937627225831
2026-09-16,ILI incidence,2026-10-04,4,GR,quantile,0.8,443.82638487207873
2026-09-16,ILI incidence,2026-10-04,4,GR,quantile,0.85,493.37695505797774
2026-09-16,ILI incidence,2026-10-04,4,GR,quantile,0.9,563.6381677889367
2026-09-16,ILI incidence,2026-10-04,4,GR,quantile,0.95,686.5560840744569
2026-09-16,ILI incidence,2026-10-04,4,GR,quantile,0.975,814.6418462926744
2026-09-16,ILI incidence,2026-10-04,4,GR,quantile,0.99,993.8623597167026
2026-09-16,ILI incidence,2026-10-04,4,GR,median,,280.8606592348964
2026-09-16,ILI incidence,2026-09-13,1,HR,quantile,0.01,0
2026-09-16,ILI incidence,2026-09-13,1,HR,quantile,0.025,0
2026-09-16,ILI incidence,2026-09-13,1,HR,quantile,0.05,0
2026-09-16,ILI incidence,2026-09-13,1,HR,quantile,0.1,0
2026-09-16,ILI incidence,2026-09-13,1,HR,quantile,0.15,0
2026-09-16,ILI incidence,2026-09-13,1,HR,quantile,0.2,0
2026-09-16,ILI incidence,2026-09-13,1,HR,quantile,0.25,0
2026-09-16,ILI incidence,2026-09-13,1,HR,quantile,0.3,0.10937721331131134
2026-09-16,ILI incidence,2026-09-13,1,HR,quantile,0.35,0.22355843789544427
2026-09-16,ILI incidence,2026-09-13,1,HR,quantile,0.4,0.3427532485475111
2026-09-16,ILI incidence,2026-09-13,1,HR,quantile,0.45,0.4691160410377082
2026-09-16,ILI incidence,2026-09-13,1,HR,quantile,0.5,0.6050800986835023
2026-09-16,ILI incidence,2026-09-13,1,HR,quantile,0.55,0.75362738628195
2026-09-16,ILI incidence,2026-09-13,1,HR,quantile,0.6,0.9186564068838929
2026-09-16,ILI incidence,2026-09-13,1,HR,quantile,0.65,1.1055652459241117
2026-09-16,ILI incidence,2026-09-13,1,HR,quantile,0.7,1.3222778440707805
2026-09-16,ILI incidence,2026-09-13,1,HR,quantile,0.75,1.5812343499551602
2026-09-16,ILI incidence,2026-09-13,1,HR,quantile,0.8,1.9037152465808638
2026-09-16,ILI incidence,2026-09-13,1,HR,quantile,0.85,2.330798103210206
2026-09-16,ILI incidence,2026-09-13,1,HR,quantile,0.9,2.9585079866808206
2026-09-16,ILI incidence,2026-09-13,1,HR,quantile,0.95,4.112907647548023
2026-09-16,ILI incidence,2026-09-13,1,HR,quantile,0.975,5.383549360092519
2026-09-16,ILI incidence,2026-09-13,1,HR,quantile,0.99,7.263069290496196
2026-09-16,ILI incidence,2026-09-13,1,HR,median,,0.6050800986835023
2026-09-16,ILI incidence,2026-09-20,2,HR,quantile,0.01,0
2026-09-16,ILI incidence,2026-09-20,2,HR,quantile,0.025,0
2026-09-16,ILI incidence,2026-09-20,2,HR,quantile,0.05,0
2026-09-16,ILI incidence,2026-09-20,2,HR,quantile,0.1,0
2026-09-16,ILI incidence,2026-09-20,2,HR,quantile,0.15,0
2026-09-16,ILI incidence,2026-09-20,2,HR,quantile,0.2,0
2026-09-16,ILI incidence,2026-09-20,2,HR,quantile,0.25,0
2026-09-16,ILI incidence,2026-09-20,2,HR,quantile,0.3,0.04848252654185137
2026-09-16,ILI incidence,2026-09-20,2,HR,quantile,0.35,0.1952934165718745
2026-09-16,ILI incidence,2026-09-20,2,HR,quantile,0.4,0.35356685896108764
2026-09-16,ILI incidence,2026-09-20,2,HR,quantile,0.45,0.5266179126752184
2026-09-16,ILI incidence,2026-09-20,2,HR,quantile,0.5,0.7185120478406815
2026-09-16,ILI incidence,2026-09-20,2,HR,quantile,0.55,0.9345270575256714
2026-09-16,ILI incidence,2026-09-20,2,HR,quantile,0.6,1.1818528128269388
2026-09-16,ILI incidence,2026-09-20,2,HR,quantile,0.65,1.470760415500029
2026-09-16,ILI incidence,2026-09-20,2,HR,quantile,0.7,1.816721865946795
2026-09-16,ILI incidence,2026-09-20,2,HR,quantile,0.75,2.244609213745523
2026-09-16,ILI incidence,2026-09-20,2,HR,quantile,0.8,2.7979980168383247
2026-09-16,ILI incidence,2026-09-20,2,HR,quantile,0.85,3.563250969095159
2026-09-16,ILI incidence,2026-09-20,2,HR,quantile,0.9,4.7488349663180625
2026-09-16,ILI incidence,2026-09-20,2,HR,quantile,0.95,7.095574665566675
2026-09-16,ILI incidence,2026-09-20,2,HR,quantile,0.975,9.894187947773455
2026-09-16,ILI incidence,2026-09-20,2,HR,quantile,0.99,14.385932689360038
2026-09-16,ILI incidence,2026-09-20,2,HR,median,,0.7185120478406815
2026-09-16,ILI incidence,2026-09-27,3,HR,quantile,0.01,0
2026-09-16,ILI incidence,2026-09-27,3,HR,quantile,0.025,0
2026-09-16,ILI incidence,2026-09-27,3,HR,quantile,0.05,0
2026-09-16,ILI incidence,2026-09-27,3,HR,quantile,0.1,0
2026-09-16,ILI incidence,2026-09-27,3,HR,quantile,0.15,0
2026-09-16,ILI incidence,2026-09-27,3,HR,quantile,0.2,0
2026-09-16,ILI incidence,2026-09-27,3,HR,quantile,0.25,0
2026-09-16,ILI incidence,2026-09-27,3,HR,quantile,0.3,0
2026-09-16,ILI incidence,2026-09-27,3,HR,quantile,0.35,0.14970755921449075
2026-09-16,ILI incidence,2026-09-27,3,HR,quantile,0.4,0.35062158655107956
2026-09-16,ILI incidence,2026-09-27,3,HR,quantile,0.45,0.5783653606841492
2026-09-16,ILI incidence,2026-09-27,3,HR,quantile,0.5,0.8399602991750363
2026-09-16,ILI incidence,2026-09-27,3,HR,quantile,0.55,1.1449114298053593
2026-09-16,ILI incidence,2026-09-27,3,HR,quantile,0.6,1.5065895112674146
2026-09-16,ILI incidence,2026-09-27,3,HR,quantile,0.65,1.9446217652542175
2026-09-16,ILI incidence,2026-09-27,3,HR,quantile,0.7,2.489332713913586
2026-09-16,ILI incidence,2026-09-27,3,HR,quantile,0.75,3.190734550091501
2026-09-16,ILI incidence,2026-09-27,3,HR,quantile,0.8,4.138902373275632
2026-09-16,ILI incidence,2026-09-27,3,HR,quantile,0.85,5.518106104614692
2026-09-16,ILI incidence,2026-09-27,3,HR,quantile,0.9,7.790930248393547
2026-09-16,ILI incidence,2026-09-27,3,HR,quantile,0.95,12.695758058948861
2026-09-16,ILI incidence,2026-09-27,3,HR,quantile,0.975,19.118498328291913
2026-09-16,ILI incidence,2026-09-27,3,HR,quantile,0.99,30.46155479446012
2026-09-16,ILI incidence,2026-09-27,3,HR,median,,0.8399602991750363
2026-09-16,ILI incidence,2026-10-04,4,HR,quantile,0.01,0
2026-09-16,ILI incidence,2026-10-04,4,HR,quantile,0.025,0
2026-09-16,ILI incidence,2026-10-04,4,HR,quantile,0.05,0
2026-09-16,ILI incidence,2026-10-04,4,HR,quantile,0.1,0
2026-09-16,ILI incidence,2026-10-04,4,HR,quantile,0.15,0
2026-09-16,ILI incidence,2026-10-04,4,HR,quantile,0.2,0
2026-09-16,ILI incidence,2026-10-04,4,HR,quantile,0.25,0
2026-09-16,ILI incidence,2026-10-04,4,HR,quantile,0.3,0
2026-09-16,ILI incidence,2026-10-04,4,HR,quantile,0.35,0.09189726586702518
2026-09-16,ILI incidence,2026-10-04,4,HR,quantile,0.4,0.33647021429904056
2026-09-16,ILI incidence,2026-10-04,4,HR,quantile,0.45,0.6251185091422822
2026-09-16,ILI incidence,2026-10-04,4,HR,quantile,0.5,0.9699913694490112
2026-09-16,ILI incidence,2026-10-04,4,HR,quantile,0.55,1.3880510706581428
2026-09-16,ILI incidence,2026-10-04,4,HR,quantile,0.6,1.9038177986922444
2026-09-16,ILI incidence,2026-10-04,4,HR,quantile,0.65,2.5542409684687484
2026-09-16,ILI incidence,2026-10-04,4,HR,quantile,0.7,3.39795861096927
2026-09-16,ILI incidence,2026-10-04,4,HR,quantile,0.75,4.5344923185355706
2026-09-16,ILI incidence,2026-10-04,4,HR,quantile,0.8,6.148904556438061
2026-09-16,ILI incidence,2026-10-04,4,HR,quantile,0.85,8.634119927454714
2026-09-16,ILI incidence,2026-10-04,4,HR,quantile,0.9,13.023095836679042
2026-09-16,ILI incidence,2026-10-04,4,HR,quantile,0.95,23.461420233959483
2026-09-16,ILI incidence,2026-10-04,4,HR,quantile,0.975,38.63386216612391
2026-09-16,ILI incidence,2026-10-04,4,HR,quantile,0.99,68.46306340730415
2026-09-16,ILI incidence,2026-10-04,4,HR,median,,0.9699913694490112
2026-09-16,ILI incidence,2026-09-13,1,HU,quantile,0.01,11.079356585908585
2026-09-16,ILI incidence,2026-09-13,1,HU,quantile,0.025,13.251720096298317
2026-09-16,ILI incidence,2026-09-13,1,HU,quantile,0.05,15.430071043502053
2026-09-16,ILI incidence,2026-09-13,1,HU,quantile,0.1,18.357924083287298
2026-09-16,ILI incidence,2026-09-13,1,HU,quantile,0.15,20.622710494340414
2026-09-16,ILI incidence,2026-09-13,1,HU,quantile,0.2,22.610208609340237
2026-09-16,ILI incidence,2026-09-13,1,HU,quantile,0.25,24.46028017537018
2026-09-16,ILI incidence,2026-09-13,1,HU,quantile,0.3,26.24492916699736
2026-09-16,ILI incidence,2026-09-13,1,HU,quantile,0.35,28.010152948504455
2026-09-16,ILI incidence,2026-09-13,1,HU,quantile,0.4,29.790816576400644
2026-09-16,ILI incidence,2026-09-13,1,HU,quantile,0.45,31.61759083337408
2026-09-16,ILI incidence,2026-09-13,1,HU,quantile,0.5,33.521185577603646
2026-09-16,ILI incidence,2026-09-13,1,HU,quantile,0.55,35.53587598701491
2026-09-16,ILI incidence,2026-09-13,1,HU,quantile,0.6,37.70349624299108
2026-09-16,ILI incidence,2026-09-13,1,HU,quantile,0.65,40.07914411201977
2026-09-16,ILI incidence,2026-09-13,1,HU,quantile,0.7,42.740699283113145
2026-09-16,ILI incidence,2026-09-13,1,HU,quantile,0.75,45.80672190073507
2026-09-16,ILI incidence,2026-09-13,1,HU,quantile,0.8,49.47444829487472
2026-09-16,ILI incidence,2026-09-13,1,HU,quantile,0.85,54.113916176016545
2026-09-16,ILI incidence,2026-09-13,1,HU,quantile,0.9,60.56198611772721
2026-09-16,ILI incidence,2026-09-13,1,HU,quantile,0.95,71.53238592383691
2026-09-16,ILI incidence,2026-09-13,1,HU,quantile,0.975,82.61883657768999
2026-09-16,ILI incidence,2026-09-13,1,HU,quantile,0.99,97.65693136947097
2026-09-16,ILI incidence,2026-09-13,1,HU,median,,33.521185577603646
2026-09-16,ILI incidence,2026-09-20,2,HU,quantile,0.01,9.495606340265779
2026-09-16,ILI incidence,2026-09-20,2,HU,quantile,0.025,11.822995492828682
2026-09-16,ILI incidence,2026-09-20,2,HU,quantile,0.05,14.233467513281244
2026-09-16,ILI incidence,2026-09-20,2,HU,quantile,0.1,17.580144224274182
2026-09-16,ILI incidence,2026-09-20,2,HU,quantile,0.15,20.244267218506483
2026-09-16,ILI incidence,2026-09-20,2,HU,quantile,0.2,22.63150867611782
2026-09-16,ILI incidence,2026-09-20,2,HU,quantile,0.25,24.892236616531704
2026-09-16,ILI incidence,2026-09-20,2,HU,quantile,0.3,27.106174864659618
2026-09-16,ILI incidence,2026-09-20,2,HU,quantile,0.35,29.326358591764485
2026-09-16,ILI incidence,2026-09-20,2,HU,quantile,0.4,31.595047214623527
2026-09-16,ILI incidence,2026-09-20,2,HU,quantile,0.45,33.95143865997976
2026-09-16,ILI incidence,2026-09-20,2,HU,quantile,0.5,36.436728586663314
2026-09-16,ILI incidence,2026-09-20,2,HU,quantile,0.55,39.09873988037738
2026-09-16,ILI incidence,2026-09-20,2,HU,quantile,0.6,41.997595249462236
2026-09-16,ILI incidence,2026-09-20,2,HU,quantile,0.65,45.21420811307335
2026-09-16,ILI incidence,2026-09-20,2,HU,quantile,0.7,48.86479497904693
2026-09-16,ILI incidence,2026-09-20,2,HU,quantile,0.75,53.12852771384986
2026-09-16,ILI incidence,2026-09-20,2,HU,quantile,0.8,58.306778355961235
2026-09-16,ILI incidence,2026-09-20,2,HU,quantile,0.85,64.97114566750507
2026-09-16,ILI incidence,2026-09-20,2,HU,quantile,0.9,74.43045039663808
2026-09-16,ILI incidence,2026-09-20,2,HU,quantile,0.95,91.00194545658056
2026-09-16,ILI incidence,2026-09-20,2,HU,quantile,0.975,108.29650938856635
2026-09-16,ILI incidence,2026-09-20,2,HU,quantile,0.99,132.53289003367897
2026-09-16,ILI incidence,2026-09-20,2,HU,median,,36.436728586663314
2026-09-16,ILI incidence,2026-09-27,3,HU,quantile,0.01,7.548955612140599
2026-09-16,ILI incidence,2026-09-27,3,HU,quantile,0.025,9.926283574888265
2026-09-16,ILI incidence,2026-09-27,3,HU,quantile,0.05,12.493339116973148
2026-09-16,ILI incidence,2026-09-27,3,HU,quantile,0.1,16.21006534693535
2026-09-16,ILI incidence,2026-09-27,3,HU,quantile,0.15,19.280231143646567
2026-09-16,ILI incidence,2026-09-27,3,HU,quantile,0.2,22.1063972515649
2026-09-16,ILI incidence,2026-09-27,3,HU,quantile,0.25,24.842879347039904
2026-09-16,ILI incidence,2026-09-27,3,HU,quantile,0.3,27.575443726127784
2026-09-16,ILI incidence,2026-09-27,3,HU,quantile,0.35,30.3648448264979
2026-09-16,ILI incidence,2026-09-27,3,HU,quantile,0.4,33.26307917135711
2026-09-16,ILI incidence,2026-09-27,3,HU,quantile,0.45,36.32180375818886
2026-09-16,ILI incidence,2026-09-27,3,HU,quantile,0.5,39.598508533863544
2026-09-16,ILI incidence,2026-09-27,3,HU,quantile,0.55,43.16289485506304
2026-09-16,ILI incidence,2026-09-27,3,HU,quantile,0.6,47.10539318229371
2026-09-16,ILI incidence,2026-09-27,3,HU,quantile,0.65,51.55051967550987
2026-09-16,ILI incidence,2026-09-27,3,HU,quantile,0.7,56.6802555008843
2026-09-16,ILI incidence,2026-09-27,3,HU,quantile,0.75,62.779228043448846
2026-09-16,ILI incidence,2026-09-27,3,HU,quantile,0.8,70.3325784729406
2026-09-16,ILI incidence,2026-09-27,3,HU,quantile,0.85,80.27318093662633
2026-09-16,ILI incidence,2026-09-27,3,HU,quantile,0.9,94.77179760492302
2026-09-16,ILI incidence,2026-09-27,3,HU,quantile,0.95,121.15203967570086
2026-09-16,ILI incidence,2026-09-27,3,HU,quantile,0.975,149.850825340312
2026-09-16,ILI incidence,2026-09-27,3,HU,quantile,0.99,191.80002961221183
2026-09-16,ILI incidence,2026-09-27,3,HU,median,,39.598508533863544
2026-09-16,ILI incidence,2026-10-04,4,HU,quantile,0.01,5.604034783245158
2026-09-16,ILI incidence,2026-10-04,4,HU,quantile,0.025,7.903689466839408
2026-09-16,ILI incidence,2026-10-04,4,HU,quantile,0.05,10.512544574230798
2026-09-16,ILI incidence,2026-10-04,4,HU,quantile,0.1,14.482478986781818
2026-09-16,ILI incidence,2026-10-04,4,HU,quantile,0.15,17.90832160470123
2026-09-16,ILI incidence,2026-10-04,4,HU,quantile,0.2,21.164033019829617
2026-09-16,ILI incidence,2026-10-04,4,HU,quantile,0.25,24.400428801751765
2026-09-16,ILI incidence,2026-10-04,4,HU,quantile,0.3,27.707642351089472
2026-09-16,ILI incidence,2026-10-04,4,HU,quantile,0.35,31.155474784533105
2026-09-16,ILI incidence,2026-10-04,4,HU,quantile,0.4,34.8092629042432
2026-09-16,ILI incidence,2026-10-04,4,HU,quantile,0.45,38.73903464915434
2026-09-16,ILI incidence,2026-10-04,4,HU,quantile,0.5,43.027321761265505
2026-09-16,ILI incidence,2026-10-04,4,HU,quantile,0.55,47.77836310276985
2026-09-16,ILI incidence,2026-10-04,4,HU,quantile,0.6,53.13138680495748
2026-09-16,ILI incidence,2026-10-04,4,HU,quantile,0.65,59.282271509248034
2026-09-16,ILI incidence,2026-10-04,4,HU,quantile,0.7,66.52226594450516
2026-09-16,ILI incidence,2026-10-04,4,HU,quantile,0.75,75.31387157276335
2026-09-16,ILI incidence,2026-10-04,4,HU,quantile,0.8,86.45723577183627
2026-09-16,ILI incidence,2026-10-04,4,HU,quantile,0.85,101.51597693303744
2026-09-16,ILI incidence,2026-10-04,4,HU,quantile,0.9,124.19991553839142
2026-09-16,ILI incidence,2026-10-04,4,HU,quantile,0.95,167.37329479781963
2026-09-16,ILI incidence,2026-10-04,4,HU,quantile,0.975,216.7080713213698
2026-09-16,ILI incidence,2026-10-04,4,HU,quantile,0.99,292.51829981087565
2026-09-16,ILI incidence,2026-10-04,4,HU,median,,43.027321761265505
2026-09-16,ILI incidence,2026-09-13,1,IE,quantile,0.01,0
2026-09-16,ILI incidence,2026-09-13,1,IE,quantile,0.025,0
2026-09-16,ILI incidence,2026-09-13,1,IE,quantile,0.05,0.03240148577645563
2026-09-16,ILI incidence,2026-09-13,1,IE,quantile,0.1,0.22111864544569637
2026-09-16,ILI incidence,2026-09-13,1,IE,quantile,0.15,0.3675694225348878
2026-09-16,ILI incidence,2026-09-13,1,IE,quantile,0.2,0.4963915322091703
2026-09-16,ILI incidence,2026-09-13,1,IE,quantile,0.25,0.6165383376272535
2026-09-16,ILI incidence,2026-09-13,1,IE,quantile,0.3,0.7326332879256614
2026-09-16,ILI incidence,2026-09-13,1,IE,quantile,0.35,0.8476424028151588
2026-09-16,ILI incidence,2026-09-13,1,IE,quantile,0.4,0.9638258990109356
2026-09-16,ILI incidence,2026-09-13,1,IE,quantile,0.45,1.0831837914677984
2026-09-16,ILI incidence,2026-09-13,1,IE,quantile,0.5,1.2077298211548286
2026-09-16,ILI incidence,2026-09-13,1,IE,quantile,0.55,1.3397220078129024
2026-09-16,ILI incidence,2026-09-13,1,IE,quantile,0.6,1.4819262062238399
2026-09-16,ILI incidence,2026-09-13,1,IE,quantile,0.65,1.6379947525505796
2026-09-16,ILI incidence,2026-09-13,1,IE,quantile,0.7,1.8131001506104356
2026-09-16,ILI incidence,2026-09-13,1,IE,quantile,0.75,2.0151285928488827
2026-09-16,ILI incidence,2026-09-13,1,IE,quantile,0.8,2.2572163489996413
2026-09-16,ILI incidence,2026-09-13,1,IE,quantile,0.85,2.564039150701319
2026-09-16,ILI incidence,2026-09-13,1,IE,quantile,0.9,2.9914802557431637
2026-09-16,ILI incidence,2026-09-13,1,IE,quantile,0.95,3.7211002990281488
2026-09-16,ILI incidence,2026-09-13,1,IE,quantile,0.975,4.461112472455865
2026-09-16,ILI incidence,2026-09-13,1,IE,quantile,0.99,5.468578293938203
2026-09-16,ILI incidence,2026-09-13,1,IE,median,,1.2077298211548286
2026-09-16,ILI incidence,2026-09-20,2,IE,quantile,0.01,0
2026-09-16,ILI incidence,2026-09-20,2,IE,quantile,0.025,0
2026-09-16,ILI incidence,2026-09-20,2,IE,quantile,0.05,0
2026-09-16,ILI incidence,2026-09-20,2,IE,quantile,0.1,0.1385000601371016
2026-09-16,ILI incidence,2026-09-20,2,IE,quantile,0.15,0.30939230773072257
2026-09-16,ILI incidence,2026-09-20,2,IE,quantile,0.2,0.4633270838200574
2026-09-16,ILI incidence,2026-09-20,2,IE,quantile,0.25,0.6097341859188019
2026-09-16,ILI incidence,2026-09-20,2,IE,quantile,0.3,0.7536547766626143
2026-09-16,ILI incidence,2026-09-20,2,IE,quantile,0.35,0.8984804092377763
2026-09-16,ILI incidence,2026-09-20,2,IE,quantile,0.4,1.0469498584092056
2026-09-16,ILI incidence,2026-09-20,2,IE,quantile,0.45,1.201637845966399
2026-09-16,ILI incidence,2026-09-20,2,IE,quantile,0.5,1.3652820747484071
2026-09-16,ILI incidence,2026-09-20,2,IE,quantile,0.55,1.5410897179914818
2026-09-16,ILI incidence,2026-09-20,2,IE,quantile,0.6,1.733119851540458
2026-09-16,ILI incidence,2026-09-20,2,IE,quantile,0.65,1.946861745796102
2026-09-16,ILI incidence,2026-09-20,2,IE,quantile,0.7,2.1902284118731474
2026-09-16,ILI incidence,2026-09-20,2,IE,quantile,0.75,2.4754553528555876
2026-09-16,ILI incidence,2026-09-20,2,IE,quantile,0.8,2.8231775759397357
2026-09-16,ILI incidence,2026-09-20,2,IE,quantile,0.85,3.2726379711378737
2026-09-16,ILI incidence,2026-09-20,2,IE,quantile,0.9,3.9139736474431253
2026-09-16,ILI incidence,2026-09-20,2,IE,quantile,0.95,5.045800364196544
2026-09-16,ILI incidence,2026-09-20,2,IE,quantile,0.975,6.23658348602135
2026-09-16,ILI incidence,2026-09-20,2,IE,quantile,0.99,7.919041575556646
2026-09-16,ILI incidence,2026-09-20,2,IE,median,,1.3652820747484071
2026-09-16,ILI incidence,2026-09-27,3,IE,quantile,0.01,0
2026-09-16,ILI incidence,2026-09-27,3,IE,quantile,0.025,0
2026-09-16,ILI incidence,2026-09-27,3,IE,quantile,0.05,0
2026-09-16,ILI incidence,2026-09-27,3,IE,quantile,0.1,0.01932075806305167
2026-09-16,ILI incidence,2026-09-27,3,IE,quantile,0.15,0.21327318222528535
2026-09-16,ILI incidence,2026-09-27,3,IE,quantile,0.2,0.39341671427970715
2026-09-16,ILI incidence,2026-09-27,3,IE,quantile,0.25,0.5691363978063735
2026-09-16,ILI incidence,2026-09-27,3,IE,quantile,0.3,0.7457451490387013
2026-09-16,ILI incidence,2026-09-27,3,IE,quantile,0.35,0.927096060727143
2026-09-16,ILI incidence,2026-09-27,3,IE,quantile,0.4,1.1165700061356496
2026-09-16,ILI incidence,2026-09-27,3,IE,quantile,0.45,1.3176010621191079
2026-09-16,ILI incidence,2026-09-27,3,IE,quantile,0.5,1.5340778747601682
2026-09-16,ILI incidence,2026-09-27,3,IE,quantile,0.55,1.770774824152626
2026-09-16,ILI incidence,2026-09-27,3,IE,quantile,0.6,2.0339420178561576
2026-09-16,ILI incidence,2026-09-27,3,IE,quantile,0.65,2.3322421264905686
2026-09-16,ILI incidence,2026-09-27,3,IE,quantile,0.7,2.6784009847514434
2026-09-16,ILI incidence,2026-09-27,3,IE,quantile,0.75,3.092410758125447
2026-09-16,ILI incidence,2026-09-27,3,IE,quantile,0.8,3.608492642252018
2026-09-16,ILI incidence,2026-09-27,3,IE,quantile,0.85,4.292749208855946
2026-09-16,ILI incidence,2026-09-27,3,IE,quantile,0.9,5.299833123727867
2026-09-16,ILI incidence,2026-09-27,3,IE,quantile,0.95,7.155495952010284
2026-09-16,ILI incidence,2026-09-27,3,IE,quantile,0.975,9.202319265367507
2026-09-16,ILI incidence,2026-09-27,3,IE,quantile,0.99,12.236444609454338
2026-09-16,ILI incidence,2026-09-27,3,IE,median,,1.5340778747601682
2026-09-16,ILI incidence,2026-10-04,4,IE,quantile,0.01,0
2026-09-16,ILI incidence,2026-10-04,4,IE,quantile,0.025,0
2026-09-16,ILI incidence,2026-10-04,4,IE,quantile,0.05,0
2026-09-16,ILI incidence,2026-10-04,4,IE,quantile,0.1,0
2026-09-16,ILI incidence,2026-10-04,4,IE,quantile,0.15,0.09487736754098952
2026-09-16,ILI incidence,2026-10-04,4,IE,quantile,0.2,0.2986642274185516
2026-09-16,ILI incidence,2026-10-04,4,IE,quantile,0.25,0.5034708685802469
2026-09-16,ILI incidence,2026-10-04,4,IE,quantile,0.3,0.7147788279416079
2026-09-16,ILI incidence,2026-10-04,4,IE,quantile,0.35,0.9370101967096633
2026-09-16,ILI incidence,2026-10-04,4,IE,quantile,0.4,1.1744599454969427
2026-09-16,ILI incidence,2026-10-04,4,IE,quantile,0.45,1.431864453527088
2026-09-16,ILI incidence,2026-10-04,4,IE,quantile,0.5,1.7149196046870916
2026-09-16,ILI incidence,2026-10-04,4,IE,quantile,0.55,2.030920760910004
2026-09-16,ILI incidence,2026-10-04,4,IE,quantile,0.6,2.389709925528117
2026-09-16,ILI incidence,2026-10-04,4,IE,quantile,0.65,2.805239885899845
2026-09-16,ILI incidence,2026-10-04,4,IE,quantile,0.7,3.2983901712631294
2026-09-16,ILI incidence,2026-10-04,4,IE,quantile,0.75,3.9025149831301187
2026-09-16,ILI incidence,2026-10-04,4,IE,quantile,0.8,4.675669125471917
2026-09-16,ILI incidence,2026-10-04,4,IE,quantile,0.85,5.732067607232163
2026-09-16,ILI incidence,2026-10-04,4,IE,quantile,0.9,7.344929969334588
2026-09-16,ILI incidence,2026-10-04,4,IE,quantile,0.95,10.472792863094341
2026-09-16,ILI incidence,2026-10-04,4,IE,quantile,0.975,14.120889376894427
2026-09-16,ILI incidence,2026-10-04,4,IE,quantile,0.99,19.8447414632483
2026-09-16,ILI incidence,2026-10-04,4,IE,median,,1.7149196046870916
2026-09-16,ILI incidence,2026-09-13,1,IS,quantile,0.01,0
2026-09-16,ILI incidence,2026-09-13,1,IS,quantile,0.025,0
2026-09-16,ILI incidence,2026-09-13,1,IS,quantile,0.05,0
2026-09-16,ILI incidence,2026-09-13,1,IS,quantile,0.1,0
2026-09-16,ILI incidence,2026-09-13,1,IS,quantile,0.15,0
2026-09-16,ILI incidence,2026-09-13,1,IS,quantile,0.2,0.0500185982149941
2026-09-16,ILI incidence,2026-09-13,1,IS,quantile,0.25,0.13284095584158795
2026-09-16,ILI incidence,2026-09-13,1,IS,quantile,0.3,0.21277091256457936
2026-09-16,ILI incidence,2026-09-13,1,IS,quantile,0.35,0.2918636928498559
2026-09-16,ILI incidence,2026-09-13,1,IS,quantile,0.4,0.37167933644301976
2026-09-16,ILI incidence,2026-09-13,1,IS,quantile,0.45,0.4535923685757617
2026-09-16,ILI incidence,2026-09-13,1,IS,quantile,0.5,0.5389811258628903
2026-09-16,ILI incidence,2026-09-13,1,IS,quantile,0.55,0.6293858972875892
2026-09-16,ILI incidence,2026-09-13,1,IS,quantile,0.6,0.7266884780111993
2026-09-16,ILI incidence,2026-09-13,1,IS,quantile,0.65,0.8333690457213583
2026-09-16,ILI incidence,2026-09-13,1,IS,quantile,0.7,0.9529351184336645
2026-09-16,ILI incidence,2026-09-13,1,IS,quantile,0.75,1.090728529498369
2026-09-16,ILI incidence,2026-09-13,1,IS,quantile,0.8,1.2556390046695731
2026-09-16,ILI incidence,2026-09-13,1,IS,quantile,0.85,1.4643502391558356
2026-09-16,ILI incidence,2026-09-13,1,IS,quantile,0.9,1.7546074204954607
2026-09-16,ILI incidence,2026-09-13,1,IS,quantile,0.95,2.248871167253513
2026-09-16,ILI incidence,2026-09-13,1,IS,quantile,0.975,2.7488488890287344
2026-09-16,ILI incidence,2026-09-13,1,IS,quantile,0.99,3.427705219945535
2026-09-16,ILI incidence,2026-09-13,1,IS,median,,0.5389811258628903
2026-09-16,ILI incidence,2026-09-20,2,IS,quantile,0.01,0
2026-09-16,ILI incidence,2026-09-20,2,IS,quantile,0.025,0
2026-09-16,ILI incidence,2026-09-20,2,IS,quantile,0.05,0
2026-09-16,ILI incidence,2026-09-20,2,IS,quantile,0.1,0
2026-09-16,ILI incidence,2026-09-20,2,IS,quantile,0.15,0
2026-09-16,ILI incidence,2026-09-20,2,IS,quantile,0.2,0.009538666481238911
2026-09-16,ILI incidence,2026-09-20,2,IS,quantile,0.25,0.10671654772330674
2026-09-16,ILI incidence,2026-09-20,2,IS,quantile,0.3,0.20193203824487616
2026-09-16,ILI incidence,2026-09-20,2,IS,quantile,0.35,0.2974608546598907
2026-09-16,ILI incidence,2026-09-20,2,IS,quantile,0.4,0.39511958591050944
2026-09-16,ILI incidence,2026-09-20,2,IS,quantile,0.45,0.49659629053303744
2026-09-16,ILI incidence,2026-09-20,2,IS,quantile,0.5,0.6036678937965441
2026-09-16,ILI incidence,2026-09-20,2,IS,quantile,0.55,0.7183997647607914
2026-09-16,ILI incidence,2026-09-20,2,IS,quantile,0.6,0.8433908745646483
2026-09-16,ILI incidence,2026-09-20,2,IS,quantile,0.65,0.982141275674933
2026-09-16,ILI incidence,2026-09-20,2,IS,quantile,0.7,1.1396806406369278
2026-09-16,ILI incidence,2026-09-20,2,IS,quantile,0.75,1.3237663870521752
2026-09-16,ILI incidence,2026-09-20,2,IS,quantile,0.8,1.5474514240823654
2026-09-16,ILI incidence,2026-09-20,2,IS,quantile,0.85,1.8355016705360168
2026-09-16,ILI incidence,2026-09-20,2,IS,quantile,0.9,2.24464896563149
2026-09-16,ILI incidence,2026-09-20,2,IS,quantile,0.95,2.962137756325896
2026-09-16,ILI incidence,2026-09-20,2,IS,quantile,0.975,3.711753258611549
2026-09-16,ILI incidence,2026-09-20,2,IS,quantile,0.99,4.763421449071021
2026-09-16,ILI incidence,2026-09-20,2,IS,median,,0.6036678937965441
2026-09-16,ILI incidence,2026-09-27,3,IS,quantile,0.01,0
2026-09-16,ILI incidence,2026-09-27,3,IS,quantile,0.025,0
2026-09-16,ILI incidence,2026-09-27,3,IS,quantile,0.05,0
2026-09-16,ILI incidence,2026-09-27,3,IS,quantile,0.1,0
2026-09-16,ILI incidence,2026-09-27,3,IS,quantile,0.15,0
2026-09-16,ILI incidence,2026-09-27,3,IS,quantile,0.2,0
2026-09-16,ILI incidence,2026-09-27,3,IS,quantile,0.25,0.06231047742695295
2026-09-16,ILI incidence,2026-09-27,3,IS,quantile,0.3,0.17498272920486135
2026-09-16,ILI incidence,2026-09-27,3,IS,quantile,0.35,0.29003114174728806
2026-09-16,ILI incidence,2026-09-27,3,IS,quantile,0.4,0.40960014028940495
2026-09-16,ILI incidence,2026-09-27,3,IS,quantile,0.45,0.5358224375673639
2026-09-16,ILI incidence,2026-09-27,3,IS,quantile,0.5,0.6710735891684936
2026-09-16,ILI incidence,2026-09-27,3,IS,quantile,0.55,0.8182355408477926
2026-09-16,ILI incidence,2026-09-27,3,IS,quantile,0.6,0.9810489943929395
2026-09-16,ILI incidence,2026-09-27,3,IS,quantile,0.65,1.1646663014926726
2026-09-16,ILI incidence,2026-09-27,3,IS,quantile,0.7,1.376619563000908
2026-09-16,ILI incidence,2026-09-27,3,IS,quantile,0.75,1.6286918935227113
2026-09-16,ILI incidence,2026-09-27,3,IS,quantile,0.8,1.9409714747419735
2026-09-16,ILI incidence,2026-09-27,3,IS,quantile,0.85,2.352094118181171
2026-09-16,ILI incidence,2026-09-27,3,IS,quantile,0.9,2.9519871386862278
2026-09-16,ILI incidence,2026-09-27,3,IS,quantile,0.95,4.0441533727067
2026-09-16,ILI incidence,2026-09-27,3,IS,quantile,0.975,5.233096477415384
2026-09-16,ILI incidence,2026-09-27,3,IS,quantile,0.99,6.97215177465374
2026-09-16,ILI incidence,2026-09-27,3,IS,median,,0.6710735891684936
2026-09-16,ILI incidence,2026-10-04,4,IS,quantile,0.01,0
2026-09-16,ILI incidence,2026-10-04,4,IS,quantile,0.025,0
2026-09-16,ILI incidence,2026-10-04,4,IS,quantile,0.05,0
2026-09-16,ILI incidence,2026-10-04,4,IS,quantile,0.1,0
2026-09-16,ILI incidence,2026-10-04,4,IS,quantile,0.15,0
2026-09-16,ILI incidence,2026-10-04,4,IS,quantile,0.2,0
2026-09-16,ILI incidence,2026-10-04,4,IS,quantile,0.25,0.005024614637283431
2026-09-16,ILI incidence,2026-10-04,4,IS,quantile,0.3,0.13577644021410684
2026-09-16,ILI incidence,2026-10-04,4,IS,quantile,0.35,0.27207550906115485
2026-09-16,ILI incidence,2026-10-04,4,IS,quantile,0.4,0.41650428264235106
2026-09-16,ILI incidence,2026-10-04,4,IS,quantile,0.45,0.5718298080964506
2026-09-16,ILI incidence,2026-10-04,4,IS,quantile,0.5,0.7413124944502898
2026-09-16,ILI incidence,2026-10-04,4,IS,quantile,0.55,0.929069666264168
2026-09-16,ILI incidence,2026-10-04,4,IS,quantile,0.6,1.1406000959435678
2026-09-16,ILI incidence,2026-10-04,4,IS,quantile,0.65,1.3836393215105285
2026-09-16,ILI incidence,2026-10-04,4,IS,quantile,0.7,1.6696884139955332
2026-09-16,ILI incidence,2026-10-04,4,IS,quantile,0.75,2.017009891268197
2026-09-16,ILI incidence,2026-10-04,4,IS,quantile,0.8,2.457196733483468
2026-09-16,ILI incidence,2026-10-04,4,IS,quantile,0.85,3.0519825445403166
2026-09-16,ILI incidence,2026-10-04,4,IS,quantile,0.9,3.947823467001207
2026-09-16,ILI incidence,2026-10-04,4,IS,quantile,0.95,5.65251357770898
2026-09-16,ILI incidence,2026-10-04,4,IS,quantile,0.975,7.600078892973514
2026-09-16,ILI incidence,2026-10-04,4,IS,quantile,0.99,10.592167800555453
2026-09-16,ILI incidence,2026-10-04,4,IS,median,,0.7413124944502898
2026-09-16,ILI incidence,2026-09-13,1,LT,quantile,0.01,0
2026-09-16,ILI incidence,2026-09-13,1,LT,quantile,0.025,0.10764226659937481
2026-09-16,ILI incidence,2026-09-13,1,LT,quantile,0.05,0.30934010406090695
2026-09-16,ILI incidence,2026-09-13,1,LT,quantile,0.1,0.587876309120853
2026-09-16,ILI incidence,2026-09-13,1,LT,quantile,0.15,0.808556065603323
2026-09-16,ILI incidence,2026-09-13,1,LT,quantile,0.2,1.0056195358995494
2026-09-16,ILI incidence,2026-09-13,1,LT,quantile,0.25,1.1917094133447437
2026-09-16,ILI incidence,2026-09-13,1,LT,quantile,0.3,1.373493652094909
2026-09-16,ILI incidence,2026-09-13,1,LT,quantile,0.35,1.5553762752253961
2026-09-16,ILI incidence,2026-09-13,1,LT,quantile,0.4,1.7408363183323297
2026-09-16,ILI incidence,2026-09-13,1,LT,quantile,0.45,1.9330723560699496
2026-09-16,ILI incidence,2026-09-13,1,LT,quantile,0.5,2.135419811224777
2026-09-16,ILI incidence,2026-09-13,1,LT,quantile,0.55,2.351726858110405
2026-09-16,ILI incidence,2026-09-13,1,LT,quantile,0.6,2.5868093716017424
2026-09-16,ILI incidence,2026-09-13,1,LT,quantile,0.65,2.8471271287645066
2026-09-16,ILI incidence,2026-09-13,1,LT,quantile,0.7,3.1419354056177236
2026-09-16,ILI incidence,2026-09-13,1,LT,quantile,0.75,3.4854748228772054
2026-09-16,ILI incidence,2026-09-13,1,LT,quantile,0.8,3.9016561798753795
2026-09-16,ILI incidence,2026-09-13,1,LT,quantile,0.85,4.435749313826944
2026-09-16,ILI incidence,2026-09-13,1,LT,quantile,0.9,5.1911984807329175
2026-09-16,ILI incidence,2026-09-13,1,LT,quantile,0.95,6.508253479848736
2026-09-16,ILI incidence,2026-09-13,1,LT,quantile,0.975,7.8754805491514865
2026-09-16,ILI incidence,2026-09-13,1,LT,quantile,0.99,9.781188332740076
2026-09-16,ILI incidence,2026-09-13,1,LT,median,,2.135419811224777
2026-09-16,ILI incidence,2026-09-20,2,LT,quantile,0.01,0
2026-09-16,ILI incidence,2026-09-20,2,LT,quantile,0.025,0
2026-09-16,ILI incidence,2026-09-20,2,LT,quantile,0.05,0.06172560216839673
2026-09-16,ILI incidence,2026-09-20,2,LT,quantile,0.1,0.3857699378320736
2026-09-16,ILI incidence,2026-09-20,2,LT,quantile,0.15,0.6585902337906024
2026-09-16,ILI incidence,2026-09-20,2,LT,quantile,0.2,0.9132386898520835
2026-09-16,ILI incidence,2026-09-20,2,LT,quantile,0.25,1.1626458941321371
2026-09-16,ILI incidence,2026-09-20,2,LT,quantile,0.3,1.4142112066892318
2026-09-16,ILI incidence,2026-09-20,2,LT,quantile,0.35,1.6733737322625797
2026-09-16,ILI incidence,2026-09-20,2,LT,quantile,0.4,1.9449725810379328
2026-09-16,ILI incidence,2026-09-20,2,LT,quantile,0.45,2.2339821601048464
2026-09-16,ILI incidence,2026-09-20,2,LT,quantile,0.5,2.546087051449762
2026-09-16,ILI incidence,2026-09-20,2,LT,quantile,0.55,2.888312536656663
2026-09-16,ILI incidence,2026-09-20,2,LT,quantile,0.6,3.2698982861252315
2026-09-16,ILI incidence,2026-09-20,2,LT,quantile,0.65,3.7036945207871064
2026-09-16,ILI incidence,2026-09-20,2,LT,quantile,0.7,4.208630190108445
2026-09-16,ILI incidence,2026-09-20,2,LT,quantile,0.75,4.814513328593662
2026-09-16,ILI incidence,2026-09-20,2,LT,quantile,0.8,5.572485410815025
2026-09-16,ILI incidence,2026-09-20,2,LT,quantile,0.85,6.58157929564129
2026-09-16,ILI incidence,2026-09-20,2,LT,quantile,0.9,8.074185428016888
2026-09-16,ILI incidence,2026-09-20,2,LT,quantile,0.95,10.843675381640862
2026-09-16,ILI incidence,2026-09-20,2,LT,quantile,0.975,13.921780340430656
2026-09-16,ILI incidence,2026-09-20,2,LT,quantile,0.99,18.52004308254942
2026-09-16,ILI incidence,2026-09-20,2,LT,median,,2.546087051449762
2026-09-16,ILI incidence,2026-09-27,3,LT,quantile,0.01,0
2026-09-16,ILI incidence,2026-09-27,3,LT,quantile,0.025,0
2026-09-16,ILI incidence,2026-09-27,3,LT,quantile,0.05,0
2026-09-16,ILI incidence,2026-09-27,3,LT,quantile,0.1,0.12429637305592589
2026-09-16,ILI incidence,2026-09-27,3,LT,quantile,0.15,0.4339093118491455
2026-09-16,ILI incidence,2026-09-27,3,LT,quantile,0.2,0.7397294049495633
2026-09-16,ILI incidence,2026-09-27,3,LT,quantile,0.25,1.053581410131533
2026-09-16,ILI incidence,2026-09-27,3,LT,quantile,0.3,1.3834019386828715
2026-09-16,ILI incidence,2026-09-27,3,LT,quantile,0.35,1.7361374982632145
2026-09-16,ILI incidence,2026-09-27,3,LT,quantile,0.4,2.1190024372816376
2026-09-16,ILI incidence,2026-09-27,3,LT,quantile,0.45,2.5403454466495434
2026-09-16,ILI incidence,2026-09-27,3,LT,quantile,0.5,3.010542170921396
2026-09-16,ILI incidence,2026-09-27,3,LT,quantile,0.55,3.5431861797443123
2026-09-16,ILI incidence,2026-09-27,3,LT,quantile,0.6,4.15692078739037
2026-09-16,ILI incidence,2026-09-27,3,LT,quantile,0.65,4.8785234714807455
2026-09-16,ILI incidence,2026-09-27,3,LT,quantile,0.7,5.748525392921175
2026-09-16,ILI incidence,2026-09-27,3,LT,quantile,0.75,6.8323890279610096
2026-09-16,ILI incidence,2026-09-27,3,LT,quantile,0.8,8.245373710979619
2026-09-16,ILI incidence,2026-09-27,3,LT,quantile,0.85,10.217200677772768
2026-09-16,ILI incidence,2026-09-27,3,LT,quantile,0.9,13.3062353399043
2026-09-16,ILI incidence,2026-09-27,3,LT,quantile,0.95,19.516395196904682
2026-09-16,ILI incidence,2026-09-27,3,LT,quantile,0.975,27.048337033101348
2026-09-16,ILI incidence,2026-09-27,3,LT,quantile,0.99,39.34697811410182
2026-09-16,ILI incidence,2026-09-27,3,LT,median,,3.010542170921396
2026-09-16,ILI incidence,2026-10-04,4,LT,quantile,0.01,0
2026-09-16,ILI incidence,2026-10-04,4,LT,quantile,0.025,0
2026-09-16,ILI incidence,2026-10-04,4,LT,quantile,0.05,0
2026-09-16,ILI incidence,2026-10-04,4,LT,quantile,0.1,0
2026-09-16,ILI incidence,2026-10-04,4,LT,quantile,0.15,0.1851845043534186
2026-09-16,ILI incidence,2026-10-04,4,LT,quantile,0.2,0.5252628394634036
2026-09-16,ILI incidence,2026-10-04,4,LT,quantile,0.25,0.8938096279250629
2026-09-16,ILI incidence,2026-10-04,4,LT,quantile,0.3,1.3000840658595223
2026-09-16,ILI incidence,2026-10-04,4,LT,quantile,0.35,1.7539733587545805
2026-09-16,ILI incidence,2026-10-04,4,LT,quantile,0.4,2.267225379393063
2026-09-16,ILI incidence,2026-10-04,4,LT,quantile,0.45,2.854669815067894
2026-09-16,ILI incidence,2026-10-04,4,LT,quantile,0.5,3.5358301337140148
2026-09-16,ILI incidence,2026-10-04,4,LT,quantile,0.55,4.337358577765945
2026-09-16,ILI incidence,2026-10-04,4,LT,quantile,0.6,5.2970112596670615
2026-09-16,ILI incidence,2026-10-04,4,LT,quantile,0.65,6.47057154220697
2026-09-16,ILI incidence,2026-10-04,4,LT,quantile,0.7,7.944783935199286
2026-09-16,ILI incidence,2026-10-04,4,LT,quantile,0.75,9.863686982333896
2026-09-16,ILI incidence,2026-10-04,4,LT,quantile,0.8,12.488662065055015
2026-09-16,ILI incidence,2026-10-04,4,LT,quantile,0.85,16.35911575483532
2026-09-16,ILI incidence,2026-10-04,4,LT,quantile,0.9,22.843910988939026
2026-09-16,ILI incidence,2026-10-04,4,LT,quantile,0.95,37.16733164657861
2026-09-16,ILI incidence,2026-10-04,4,LT,quantile,0.975,56.398955496280955
2026-09-16,ILI incidence,2026-10-04,4,LT,quantile,0.99,91.24683170724131
2026-09-16,ILI incidence,2026-10-04,4,LT,median,,3.5358301337140148
2026-09-16,ILI incidence,2026-09-13,1,LU,quantile,0.01,0
2026-09-16,ILI incidence,2026-09-13,1,LU,quantile,0.025,0
2026-09-16,ILI incidence,2026-09-13,1,LU,quantile,0.05,0
2026-09-16,ILI incidence,2026-09-13,1,LU,quantile,0.1,0
2026-09-16,ILI incidence,2026-09-13,1,LU,quantile,0.15,0
2026-09-16,ILI incidence,2026-09-13,1,LU,quantile,0.2,0
2026-09-16,ILI incidence,2026-09-13,1,LU,quantile,0.25,0
2026-09-16,ILI incidence,2026-09-13,1,LU,quantile,0.3,0
2026-09-16,ILI incidence,2026-09-13,1,LU,quantile,0.35,0
2026-09-16,ILI incidence,2026-09-13,1,LU,quantile,0.4,0.023139637955189807
2026-09-16,ILI incidence,2026-09-13,1,LU,quantile,0.45,0.21963620153420438
2026-09-16,ILI incidence,2026-09-13,1,LU,quantile,0.5,0.4498266168288316
2026-09-16,ILI incidence,2026-09-13,1,LU,quantile,0.55,0.7234624687437061
2026-09-16,ILI incidence,2026-09-13,1,LU,quantile,0.6,1.0544578089715233
2026-09-16,ILI incidence,2026-09-13,1,LU,quantile,0.65,1.4635113900401087
2026-09-16,ILI incidence,2026-09-13,1,LU,quantile,0.7,1.983034945933185
2026-09-16,ILI incidence,2026-09-13,1,LU,quantile,0.75,2.6672487699667777
2026-09-16,ILI incidence,2026-09-13,1,LU,quantile,0.8,3.6153598249038206
2026-09-16,ILI incidence,2026-09-13,1,LU,quantile,0.85,5.034074187324741
2026-09-16,ILI incidence,2026-09-13,1,LU,quantile,0.9,7.454244747245873
2026-09-16,ILI incidence,2026-09-13,1,LU,quantile,0.95,12.936598254430093
2026-09-16,ILI incidence,2026-09-13,1,LU,quantile,0.975,20.500225304128726
2026-09-16,ILI incidence,2026-09-13,1,LU,quantile,0.99,34.59315157731975
2026-09-16,ILI incidence,2026-09-13,1,LU,median,,0.4498266168288316
2026-09-16,ILI incidence,2026-09-20,2,LU,quantile,0.01,0
2026-09-16,ILI incidence,2026-09-20,2,LU,quantile,0.025,0
2026-09-16,ILI incidence,2026-09-20,2,LU,quantile,0.05,0
2026-09-16,ILI incidence,2026-09-20,2,LU,quantile,0.1,0
2026-09-16,ILI incidence,2026-09-20,2,LU,quantile,0.15,0
2026-09-16,ILI incidence,2026-09-20,2,LU,quantile,0.2,0
2026-09-16,ILI incidence,2026-09-20,2,LU,quantile,0.25,0
2026-09-16,ILI incidence,2026-09-20,2,LU,quantile,0.3,0
2026-09-16,ILI incidence,2026-09-20,2,LU,quantile,0.35,0
2026-09-16,ILI incidence,2026-09-20,2,LU,quantile,0.4,0
2026-09-16,ILI incidence,2026-09-20,2,LU,quantile,0.45,0.10389492250902888
2026-09-16,ILI incidence,2026-09-20,2,LU,quantile,0.5,0.4014265939583901
2026-09-16,ILI incidence,2026-09-20,2,LU,quantile,0.55,0.7791516730504309
2026-09-16,ILI incidence,2026-09-20,2,LU,quantile,0.6,1.2673850509578481
2026-09-16,ILI incidence,2026-09-20,2,LU,quantile,0.65,1.9132241751162065
2026-09-16,ILI incidence,2026-09-20,2,LU,quantile,0.7,2.7938832484044216
2026-09-16,ILI incidence,2026-09-20,2,LU,quantile,0.75,4.04515076603186
2026-09-16,ILI incidence,2026-09-20,2,LU,quantile,0.8,5.929795082107316
2026-09-16,ILI incidence,2026-09-20,2,LU,quantile,0.85,9.032219475910583
2026-09-16,ILI incidence,2026-09-20,2,LU,quantile,0.9,14.979563700636172
2026-09-16,ILI incidence,2026-09-20,2,LU,quantile,0.95,30.85724303660921
2026-09-16,ILI incidence,2026-09-20,2,LU,quantile,0.975,56.95675211087862
2026-09-16,ILI incidence,2026-09-20,2,LU,quantile,0.99,115.22221088622068
2026-09-16,ILI incidence,2026-09-20,2,LU,median,,0.4014265939583901
2026-09-16,ILI incidence,2026-09-27,3,LU,quantile,0.01,0
2026-09-16,ILI incidence,2026-09-27,3,LU,quantile,0.025,0
2026-09-16,ILI incidence,2026-09-27,3,LU,quantile,0.05,0
2026-09-16,ILI incidence,2026-09-27,3,LU,quantile,0.1,0
2026-09-16,ILI incidence,2026-09-27,3,LU,quantile,0.15,0
2026-09-16,ILI incidence,2026-09-27,3,LU,quantile,0.2,0
2026-09-16,ILI incidence,2026-09-27,3,LU,quantile,0.25,0
2026-09-16,ILI incidence,2026-09-27,3,LU,quantile,0.3,0
2026-09-16,ILI incidence,2026-09-27,3,LU,quantile,0.35,0
2026-09-16,ILI incidence,2026-09-27,3,LU,quantile,0.4,0
2026-09-16,ILI incidence,2026-09-27,3,LU,quantile,0.45,0.013356780717713512
2026-09-16,ILI incidence,2026-09-27,3,LU,quantile,0.5,0.35464232443849975
2026-09-16,ILI incidence,2026-09-27,3,LU,quantile,0.55,0.8108684543073341
2026-09-16,ILI incidence,2026-09-27,3,LU,quantile,0.6,1.432092196145876
2026-09-16,ILI incidence,2026-09-27,3,LU,quantile,0.65,2.2989402635443517
2026-09-16,ILI incidence,2026-09-27,3,LU,quantile,0.7,3.548814485377691
2026-09-16,ILI incidence,2026-09-27,3,LU,quantile,0.75,5.433781603570937
2026-09-16,ILI incidence,2026-09-27,3,LU,quantile,0.8,8.465226742612124
2026-09-16,ILI incidence,2026-09-27,3,LU,quantile,0.85,13.844470666818355
2026-09-16,ILI incidence,2026-09-27,3,LU,quantile,0.9,25.149592681082428
2026-09-16,ILI incidence,2026-09-27,3,LU,quantile,0.95,59.52378583670206
2026-09-16,ILI incidence,2026-09-27,3,LU,quantile,0.975,124.32617537155798
2026-09-16,ILI incidence,2026-09-27,3,LU,quantile,0.99,291.1424077154138
2026-09-16,ILI incidence,2026-09-27,3,LU,median,,0.35464232443849975
2026-09-16,ILI incidence,2026-10-04,4,LU,quantile,0.01,0
2026-09-16,ILI incidence,2026-10-04,4,LU,quantile,0.025,0
2026-09-16,ILI incidence,2026-10-04,4,LU,quantile,0.05,0
2026-09-16,ILI incidence,2026-10-04,4,LU,quantile,0.1,0
2026-09-16,ILI incidence,2026-10-04,4,LU,quantile,0.15,0
2026-09-16,ILI incidence,2026-10-04,4,LU,quantile,0.2,0
2026-09-16,ILI incidence,2026-10-04,4,LU,quantile,0.25,0
2026-09-16,ILI incidence,2026-10-04,4,LU,quantile,0.3,0
2026-09-16,ILI incidence,2026-10-04,4,LU,quantile,0.35,0
2026-09-16,ILI incidence,2026-10-04,4,LU,quantile,0.4,0
2026-09-16,ILI incidence,2026-10-04,4,LU,quantile,0.45,0
2026-09-16,ILI incidence,2026-10-04,4,LU,quantile,0.5,0.30941986906138763
2026-09-16,ILI incidence,2026-10-04,4,LU,quantile,0.55,0.8293404929735122
2026-09-16,ILI incidence,2026-10-04,4,LU,quantile,0.6,1.5695057768590126
2026-09-16,ILI incidence,2026-10-04,4,LU,quantile,0.65,2.6505596943167347
2026-09-16,ILI incidence,2026-10-04,4,LU,quantile,0.7,4.285448807705136
2026-09-16,ILI incidence,2026-10-04,4,LU,quantile,0.75,6.880007456092848
2026-09-16,ILI incidence,2026-10-04,4,LU,quantile,0.8,11.293218221025091
2026-09-16,ILI incidence,2026-10-04,4,LU,quantile,0.85,19.643942476701728
2026-09-16,ILI incidence,2026-10-04,4,LU,quantile,0.9,38.632719567258214
2026-09-16,ILI incidence,2026-10-04,4,LU,quantile,0.95,103.20527247965413
2026-09-16,ILI incidence,2026-10-04,4,LU,quantile,0.975,240.00977369995778
2026-09-16,ILI incidence,2026-10-04,4,LU,quantile,0.99,637.8984996577146
2026-09-16,ILI incidence,2026-10-04,4,LU,median,,0.30941986906138763
2026-09-16,ILI incidence,2026-09-13,1,MT,quantile,0.01,3174.0474562782815
2026-09-16,ILI incidence,2026-09-13,1,MT,quantile,0.025,3687.9072948746084
2026-09-16,ILI incidence,2026-09-13,1,MT,quantile,0.05,4195.895954261487
2026-09-16,ILI incidence,2026-09-13,1,MT,quantile,0.1,4868.986265400775
2026-09-16,ILI incidence,2026-09-13,1,MT,quantile,0.15,5383.0952587766005
2026-09-16,ILI incidence,2026-09-13,1,MT,quantile,0.2,5830.129820574487
2026-09-16,ILI incidence,2026-09-13,1,MT,quantile,0.25,6243.11258126207
2026-09-16,ILI incidence,2026-09-13,1,MT,quantile,0.3,6638.8523208518645
2026-09-16,ILI incidence,2026-09-13,1,MT,quantile,0.35,7027.919139643754
2026-09-16,ILI incidence,2026-09-13,1,MT,quantile,0.4,7418.164823774341
2026-09-16,ILI incidence,2026-09-13,1,MT,quantile,0.45,7816.341831105594
2026-09-16,ILI incidence,2026-09-13,1,MT,quantile,0.5,8229.06417440503
2026-09-16,ILI incidence,2026-09-13,1,MT,quantile,0.55,8663.576499048353
2026-09-16,ILI incidence,2026-09-13,1,MT,quantile,0.6,9128.593144739834
2026-09-16,ILI incidence,2026-09-13,1,MT,quantile,0.65,9635.468277576188
2026-09-16,ILI incidence,2026-09-13,1,MT,quantile,0.7,10200.123916884822
2026-09-16,ILI incidence,2026-09-13,1,MT,quantile,0.75,10846.651356909815
2026-09-16,ILI incidence,2026-09-13,1,MT,quantile,0.8,11614.923225690069
2026-09-16,ILI incidence,2026-09-13,1,MT,quantile,0.85,12579.378514739723
2026-09-16,ILI incidence,2026-09-13,1,MT,quantile,0.9,13907.449146160168
2026-09-16,ILI incidence,2026-09-13,1,MT,quantile,0.95,16138.060165656183
2026-09-16,ILI incidence,2026-09-13,1,MT,quantile,0.975,18360.523047471306
2026-09-16,ILI incidence,2026-09-13,1,MT,quantile,0.99,21332.210683477897
2026-09-16,ILI incidence,2026-09-13,1,MT,median,,8229.06417440503
2026-09-16,ILI incidence,2026-09-20,2,MT,quantile,0.01,3356.9795785582105
2026-09-16,ILI incidence,2026-09-20,2,MT,quantile,0.025,3961.9987963842354
2026-09-16,ILI incidence,2026-09-20,2,MT,quantile,0.05,4568.843998446926
2026-09-16,ILI incidence,2026-09-20,2,MT,quantile,0.1,5384.699198930988
2026-09-16,ILI incidence,2026-09-20,2,MT,quantile,0.15,6015.935250133724
2026-09-16,ILI incidence,2026-09-20,2,MT,quantile,0.2,6569.9795364875245
2026-09-16,ILI incidence,2026-09-20,2,MT,quantile,0.25,7085.78580956658
2026-09-16,ILI incidence,2026-09-20,2,MT,quantile,0.3,7583.412682536486
2026-09-16,ILI incidence,2026-09-20,2,MT,quantile,0.35,8075.677785209616
2026-09-16,ILI incidence,2026-09-20,2,MT,quantile,0.4,8572.300319699445
2026-09-16,ILI incidence,2026-09-20,2,MT,quantile,0.45,9081.833861961011
2026-09-16,ILI incidence,2026-09-20,2,MT,quantile,0.5,9612.846316766037
2026-09-16,ILI incidence,2026-09-20,2,MT,quantile,0.55,10174.903512831714
2026-09-16,ILI incidence,2026-09-20,2,MT,quantile,0.6,10779.683932186816
2026-09-16,ILI incidence,2026-09-20,2,MT,quantile,0.65,11442.571659086205
2026-09-16,ILI incidence,2026-09-20,2,MT,quantile,0.7,12185.314863273696
2026-09-16,ILI incidence,2026-09-20,2,MT,quantile,0.75,13041.02546627391
2026-09-16,ILI incidence,2026-09-20,2,MT,quantile,0.8,14064.793461868192
2026-09-16,ILI incidence,2026-09-20,2,MT,quantile,0.85,15359.983151736886
2026-09-16,ILI incidence,2026-09-20,2,MT,quantile,0.9,17160.381946608086
2026-09-16,ILI incidence,2026-09-20,2,MT,quantile,0.95,20224.207038535045
2026-09-16,ILI incidence,2026-09-20,2,MT,quantile,0.975,23321.248062937506
2026-09-16,ILI incidence,2026-09-20,2,MT,quantile,0.99,27523.301098364675
2026-09-16,ILI incidence,2026-09-20,2,MT,median,,9612.846316766037
2026-09-16,ILI incidence,2026-09-27,3,MT,quantile,0.01,3490.46459882418
2026-09-16,ILI incidence,2026-09-27,3,MT,quantile,0.025,4195.788725818256
2026-09-16,ILI incidence,2026-09-27,3,MT,quantile,0.05,4915.359741576453
2026-09-16,ILI incidence,2026-09-27,3,MT,quantile,0.1,5899.3932985123465
2026-09-16,ILI incidence,2026-09-27,3,MT,quantile,0.15,6672.320698708366
2026-09-16,ILI incidence,2026-09-27,3,MT,quantile,0.2,7358.208917679543
2026-09-16,ILI incidence,2026-09-27,3,MT,quantile,0.25,8002.556727066191
2026-09-16,ILI incidence,2026-09-27,3,MT,quantile,0.3,8629.14228648167
2026-09-16,ILI incidence,2026-09-27,3,MT,quantile,0.35,9253.474133235215
2026-09-16,ILI incidence,2026-09-27,3,MT,quantile,0.4,9887.61676555853
2026-09-16,ILI incidence,2026-09-27,3,MT,quantile,0.45,10542.485519125368
2026-09-16,ILI incidence,2026-09-27,3,MT,quantile,0.5,11229.29942602482
2026-09-16,ILI incidence,2026-09-27,3,MT,quantile,0.55,11960.853124320085
2026-09-16,ILI incidence,2026-09-27,3,MT,quantile,0.6,12753.020930150777
2026-09-16,ILI incidence,2026-09-27,3,MT,quantile,0.65,13626.962365278556
2026-09-16,ILI incidence,2026-09-27,3,MT,quantile,0.7,14612.852357420372
2026-09-16,ILI incidence,2026-09-27,3,MT,quantile,0.75,15756.94731005851
2026-09-16,ILI incidence,2026-09-27,3,MT,quantile,0.8,17136.660665562486
2026-09-16,ILI incidence,2026-09-27,3,MT,quantile,0.85,18898.08051662856
2026-09-16,ILI incidence,2026-09-27,3,MT,quantile,0.9,21373.782801338286
2026-09-16,ILI incidence,2026-09-27,3,MT,quantile,0.95,25652.0505958729
2026-09-16,ILI incidence,2026-09-27,3,MT,quantile,0.975,30050.45920791702
2026-09-16,ILI incidence,2026-09-27,3,MT,quantile,0.99,36121.26950278879
2026-09-16,ILI incidence,2026-09-27,3,MT,median,,11229.29942602482
2026-09-16,ILI incidence,2026-10-04,4,MT,quantile,0.01,3573.693568290321
2026-09-16,ILI incidence,2026-10-04,4,MT,quantile,0.025,4385.991658714166
2026-09-16,ILI incidence,2026-10-04,4,MT,quantile,0.05,5230.783764279176
2026-09-16,ILI incidence,2026-10-04,4,MT,quantile,0.1,6408.582770027537
2026-09-16,ILI incidence,2026-10-04,4,MT,quantile,0.15,7349.626741961202
2026-09-16,ILI incidence,2026-10-04,4,MT,quantile,0.2,8195.129285018797
2026-09-16,ILI incidence,2026-10-04,4,MT,quantile,0.25,8997.593447391186
2026-09-16,ILI incidence,2026-10-04,4,MT,quantile,0.3,9784.972719594338
2026-09-16,ILI incidence,2026-10-04,4,MT,quantile,0.35,10575.969228087539
2026-09-16,ILI incidence,2026-10-04,4,MT,quantile,0.4,11385.586785845948
2026-09-16,ILI incidence,2026-10-04,4,MT,quantile,0.45,12227.83824946591
2026-09-16,ILI incidence,2026-10-04,4,MT,quantile,0.5,13117.539277771628
2026-09-16,ILI incidence,2026-10-04,4,MT,quantile,0.55,14071.969915188238
2026-09-16,ILI incidence,2026-10-04,4,MT,quantile,0.6,15112.92975078013
2026-09-16,ILI incidence,2026-10-04,4,MT,quantile,0.65,16269.830430841133
2026-09-16,ILI incidence,2026-10-04,4,MT,quantile,0.7,17584.995558504983
2026-09-16,ILI incidence,2026-10-04,4,MT,quantile,0.75,19123.774753806658
2026-09-16,ILI incidence,2026-10-04,4,MT,quantile,0.8,20996.237451707948
2026-09-16,ILI incidence,2026-10-04,4,MT,quantile,0.85,23411.435268957863
2026-09-16,ILI incidence,2026-10-04,4,MT,quantile,0.9,26848.8089434451
2026-09-16,ILI incidence,2026-10-04,4,MT,quantile,0.95,32893.33977708519
2026-09-16,ILI incidence,2026-10-04,4,MT,quantile,0.975,39227.721221885935
2026-09-16,ILI incidence,2026-10-04,4,MT,quantile,0.99,48141.888192999955
2026-09-16,ILI incidence,2026-10-04,4,MT,median,,13117.539277771628
2026-09-16,ILI incidence,2026-09-13,1,NO,quantile,0.01,2.661311285528223
2026-09-16,ILI incidence,2026-09-13,1,NO,quantile,0.025,3.364527080313441
2026-09-16,ILI incidence,2026-09-13,1,NO,quantile,0.05,4.076447097347426
2026-09-16,ILI incidence,2026-09-13,1,NO,quantile,0.1,5.042527046389473
2026-09-16,ILI incidence,2026-09-13,1,NO,quantile,0.15,5.796185034164808
2026-09-16,ILI incidence,2026-09-13,1,NO,quantile,0.2,6.461659163535313
2026-09-16,ILI incidence,2026-09-13,1,NO,quantile,0.25,7.084274237792648
2026-09-16,ILI incidence,2026-09-13,1,NO,quantile,0.3,7.687555037193645
2026-09-16,ILI incidence,2026-09-13,1,NO,quantile,0.35,8.286699729681189
2026-09-16,ILI incidence,2026-09-13,1,NO,quantile,0.4,8.8933927527596
2026-09-16,ILI incidence,2026-09-13,1,NO,quantile,0.45,9.51807322548788
2026-09-16,ILI incidence,2026-09-13,1,NO,quantile,0.5,10.17134696184274
2026-09-16,ILI incidence,2026-09-13,1,NO,quantile,0.55,10.865195294462717
2026-09-16,ILI incidence,2026-09-13,1,NO,quantile,0.6,11.614377702438063
2026-09-16,ILI incidence,2026-09-13,1,NO,quantile,0.65,12.438465394008968
2026-09-16,ILI incidence,2026-09-13,1,NO,quantile,0.7,13.365260698502246
2026-09-16,ILI incidence,2026-09-13,1,NO,quantile,0.75,14.437253768366537
2026-09-16,ILI incidence,2026-09-13,1,NO,quantile,0.8,15.72536767047178
2026-09-16,ILI incidence,2026-09-13,1,NO,quantile,0.85,17.363095223938352
2026-09-16,ILI incidence,2026-09-13,1,NO,quantile,0.9,19.653443829671044
2026-09-16,ILI incidence,2026-09-13,1,NO,quantile,0.95,23.58392465216148
2026-09-16,ILI incidence,2026-09-13,1,NO,quantile,0.975,27.593932548795287
2026-09-16,ILI incidence,2026-09-13,1,NO,quantile,0.99,33.08587339600327
2026-09-16,ILI incidence,2026-09-13,1,NO,median,,10.17134696184274
2026-09-16,ILI incidence,2026-09-20,2,NO,quantile,0.01,1.9619886869381236
2026-09-16,ILI incidence,2026-09-20,2,NO,quantile,0.025,2.6719005563613467
2026-09-16,ILI incidence,2026-09-20,2,NO,quantile,0.05,3.417133466318883
2026-09-16,ILI incidence,2026-09-20,2,NO,quantile,0.1,4.46591890299234
2026-09-16,ILI incidence,2026-09-20,2,NO,quantile,0.15,5.310848937154623
2026-09-16,ILI incidence,2026-09-20,2,NO,quantile,0.2,6.074583524609524
2026-09-16,ILI incidence,2026-09-20,2,NO,quantile,0.25,6.803051893889242
2026-09-16,ILI incidence,2026-09-20,2,NO,quantile,0.3,7.520948462814367
2026-09-16,ILI incidence,2026-09-20,2,NO,quantile,0.35,8.24501574869802
2026-09-16,ILI incidence,2026-09-20,2,NO,quantile,0.4,8.988896260296972
2026-09-16,ILI incidence,2026-09-20,2,NO,quantile,0.45,9.765530090702839
2026-09-16,ILI incidence,2026-09-20,2,NO,quantile,0.5,10.58878154650762
2026-09-16,ILI incidence,2026-09-20,2,NO,quantile,0.55,11.474987910596019
2026-09-16,ILI incidence,2026-09-20,2,NO,quantile,0.6,12.444914656535115
2026-09-16,ILI incidence,2026-09-20,2,NO,quantile,0.65,13.526731093085392
2026-09-16,ILI incidence,2026-09-20,2,NO,quantile,0.7,14.761139539660824
2026-09-16,ILI incidence,2026-09-20,2,NO,quantile,0.75,16.211196280502637
2026-09-16,ILI incidence,2026-09-20,2,NO,quantile,0.8,17.983429521399017
2026-09-16,ILI incidence,2026-09-20,2,NO,quantile,0.85,20.280791074239765
2026-09-16,ILI incidence,2026-09-20,2,NO,quantile,0.9,23.57040803498797
2026-09-16,ILI incidence,2026-09-20,2,NO,quantile,0.95,29.404301512898886
2026-09-16,ILI incidence,2026-09-20,2,NO,quantile,0.975,35.575025840503535
2026-09-16,ILI incidence,2026-09-20,2,NO,quantile,0.99,44.341110965384694
2026-09-16,ILI incidence,2026-09-20,2,NO,median,,10.58878154650762
2026-09-16,ILI incidence,2026-09-27,3,NO,quantile,0.01,1.292651709959983
2026-09-16,ILI incidence,2026-09-27,3,NO,quantile,0.025,1.976307513541292
2026-09-16,ILI incidence,2026-09-27,3,NO,quantile,0.05,2.7252567489095596
2026-09-16,ILI incidence,2026-09-27,3,NO,quantile,0.1,3.825502816133927
2026-09-16,ILI incidence,2026-09-27,3,NO,quantile,0.15,4.7460462739598785
2026-09-16,ILI incidence,2026-09-27,3,NO,quantile,0.2,5.601363596342484
2026-09-16,ILI incidence,2026-09-27,3,NO,quantile,0.25,6.43592941639065
2026-09-16,ILI incidence,2026-09-27,3,NO,quantile,0.3,7.274940842636404
2026-09-16,ILI incidence,2026-09-27,3,NO,quantile,0.35,8.136689741432818
2026-09-16,ILI incidence,2026-09-27,3,NO,quantile,0.4,9.03724274105289
2026-09-16,ILI incidence,2026-09-27,3,NO,quantile,0.45,9.99293396148673
2026-09-16,ILI incidence,2026-09-27,3,NO,quantile,0.5,11.022272456194884
2026-09-16,ILI incidence,2026-09-27,3,NO,quantile,0.55,12.147994476938953
2026-09-16,ILI incidence,2026-09-27,3,NO,quantile,0.6,13.399874421670185
2026-09-16,ILI incidence,2026-09-27,3,NO,quantile,0.65,14.819190440006802
2026-09-16,ILI incidence,2026-09-27,3,NO,quantile,0.7,16.466594355124503
2026-09-16,ILI incidence,2026-09-27,3,NO,quantile,0.75,18.437386628817485
2026-09-16,ILI incidence,2026-09-27,3,NO,quantile,0.8,20.894724158363665
2026-09-16,ILI incidence,2026-09-27,3,NO,quantile,0.85,24.153823711095214
2026-09-16,ILI incidence,2026-09-27,3,NO,quantile,0.9,28.952326320841326
2026-09-16,ILI incidence,2026-09-27,3,NO,quantile,0.95,37.79867744774631
2026-09-16,ILI incidence,2026-09-27,3,NO,quantile,0.975,47.561862090322244
2026-09-16,ILI incidence,2026-09-27,3,NO,quantile,0.99,62.0427353544708
2026-09-16,ILI incidence,2026-09-27,3,NO,median,,11.022272456194884
2026-09-16,ILI incidence,2026-10-04,4,NO,quantile,0.01,0.7104986492694882
2026-09-16,ILI incidence,2026-10-04,4,NO,quantile,0.025,1.3388867676790484
2026-09-16,ILI incidence,2026-10-04,4,NO,quantile,0.05,2.0611108036617907
2026-09-16,ILI incidence,2026-10-04,4,NO,quantile,0.1,3.174673413959092
2026-09-16,ILI incidence,2026-10-04,4,NO,quantile,0.15,4.146752406203786
2026-09-16,ILI incidence,2026-10-04,4,NO,quantile,0.2,5.078357986224442
2026-09-16,ILI incidence,2026-10-04,4,NO,quantile,0.25,6.010886127176664
2026-09-16,ILI incidence,2026-10-04,4,NO,quantile,0.3,6.969642322773115
2026-09-16,ILI incidence,2026-10-04,4,NO,quantile,0.35,7.974734282083391
2026-09-16,ILI incidence,2026-10-04,4,NO,quantile,0.4,9.045431628332869
2026-09-16,ILI incidence,2026-10-04,4,NO,quantile,0.45,10.202769333850016
2026-09-16,ILI incidence,2026-10-04,4,NO,quantile,0.5,11.471863863347146
2026-09-16,ILI incidence,2026-10-04,4,NO,quantile,0.55,12.88472649846197
2026-09-16,ILI incidence,2026-10-04,4,NO,quantile,0.6,14.484390714197604
2026-09-16,ILI incidence,2026-10-04,4,NO,quantile,0.65,16.33169844776237
2026-09-16,ILI incidence,2026-10-04,4,NO,quantile,0.7,18.517486723512103
2026-09-16,ILI incidence,2026-10-04,4,NO,quantile,0.75,21.186551800193698
2026-09-16,ILI incidence,2026-10-04,4,NO,quantile,0.8,24.590363150440627
2026-09-16,ILI incidence,2026-10-04,4,NO,quantile,0.85,29.222434644101195
2026-09-16,ILI incidence,2026-10-04,4,NO,quantile,0.9,36.259774071368504
2026-09-16,ILI incidence,2026-10-04,4,NO,quantile,0.95,49.81403392513393
2026-09-16,ILI incidence,2026-10-04,4,NO,quantile,0.975,65.5048818845638
2026-09-16,ILI incidence,2026-10-04,4,NO,quantile,0.99,89.93686703131557
2026-09-16,ILI incidence,2026-10-04,4,NO,median,,11.471863863347146
2026-09-16,ILI incidence,2026-09-13,1,SI,quantile,0.01,0
2026-09-16,ILI incidence,2026-09-13,1,SI,quantile,0.025,0
2026-09-16,ILI incidence,2026-09-13,1,SI,quantile,0.05,0
2026-09-16,ILI incidence,2026-09-13,1,SI,quantile,0.1,0
2026-09-16,ILI incidence,2026-09-13,1,SI,quantile,0.15,0
2026-09-16,ILI incidence,2026-09-13,1,SI,quantile,0.2,0
2026-09-16,ILI incidence,2026-09-13,1,SI,quantile,0.25,0
2026-09-16,ILI incidence,2026-09-13,1,SI,quantile,0.3,0
2026-09-16,ILI incidence,2026-09-13,1,SI,quantile,0.35,0
2026-09-16,ILI incidence,2026-09-13,1,SI,quantile,0.4,0
2026-09-16,ILI incidence,2026-09-13,1,SI,quantile,0.45,0
2026-09-16,ILI incidence,2026-09-13,1,SI,quantile,0.5,0
2026-09-16,ILI incidence,2026-09-13,1,SI,quantile,0.55,0.04836970228134607
2026-09-16,ILI incidence,2026-09-13,1,SI,quantile,0.6,0.1470298811021078
2026-09-16,ILI incidence,2026-09-13,1,SI,quantile,0.65,0.25877068819690185
2026-09-16,ILI incidence,2026-09-13,1,SI,quantile,0.7,0.3883293721945096
2026-09-16,ILI incidence,2026-09-13,1,SI,quantile,0.75,0.5431431569277219
2026-09-16,ILI incidence,2026-09-13,1,SI,quantile,0.8,0.7359343845781745
2026-09-16,ILI incidence,2026-09-13,1,SI,quantile,0.85,0.991260923015661
2026-09-16,ILI incidence,2026-09-13,1,SI,quantile,0.9,1.3665305763944042
2026-09-16,ILI incidence,2026-09-13,1,SI,quantile,0.95,2.0566775549454475
2026-09-16,ILI incidence,2026-09-13,1,SI,quantile,0.975,2.8163205127685433
2026-09-16,ILI incidence,2026-09-13,1,SI,quantile,0.99,3.9399790791889266
2026-09-16,ILI incidence,2026-09-13,1,SI,median,,0
2026-09-16,ILI incidence,2026-09-20,2,SI,quantile,0.01,0
2026-09-16,ILI incidence,2026-09-20,2,SI,quantile,0.025,0
2026-09-16,ILI incidence,2026-09-20,2,SI,quantile,0.05,0
2026-09-16,ILI incidence,2026-09-20,2,SI,quantile,0.1,0
2026-09-16,ILI incidence,2026-09-20,2,SI,quantile,0.15,0
2026-09-16,ILI incidence,2026-09-20,2,SI,quantile,0.2,0
2026-09-16,ILI incidence,2026-09-20,2,SI,quantile,0.25,0
2026-09-16,ILI incidence,2026-09-20,2,SI,quantile,0.3,0
2026-09-16,ILI incidence,2026-09-20,2,SI,quantile,0.35,0
2026-09-16,ILI incidence,2026-09-20,2,SI,quantile,0.4,0
2026-09-16,ILI incidence,2026-09-20,2,SI,quantile,0.45,0
2026-09-16,ILI incidence,2026-09-20,2,SI,quantile,0.5,0
2026-09-16,ILI incidence,2026-09-20,2,SI,quantile,0.55,0.04175852503364097
2026-09-16,ILI incidence,2026-09-20,2,SI,quantile,0.6,0.17523904683834157
2026-09-16,ILI incidence,2026-09-20,2,SI,quantile,0.65,0.3312007345327683
2026-09-16,ILI incidence,2026-09-20,2,SI,quantile,0.7,0.5180115277009028
2026-09-16,ILI incidence,2026-09-20,2,SI,quantile,0.75,0.7491258081394923
2026-09-16,ILI incidence,2026-09-20,2,SI,quantile,0.8,1.0481200689883425
2026-09-16,ILI incidence,2026-09-20,2,SI,quantile,0.85,1.4617309517373527
2026-09-16,ILI incidence,2026-09-20,2,SI,quantile,0.9,2.102804230969901
2026-09-16,ILI incidence,2026-09-20,2,SI,quantile,0.95,3.372511409427738
2026-09-16,ILI incidence,2026-09-20,2,SI,quantile,0.975,4.887703266575212
2026-09-16,ILI incidence,2026-09-20,2,SI,quantile,0.99,7.321205217151961
2026-09-16,ILI incidence,2026-09-20,2,SI,median,,0
2026-09-16,ILI incidence,2026-09-27,3,SI,quantile,0.01,0
2026-09-16,ILI incidence,2026-09-27,3,SI,quantile,0.025,0
2026-09-16,ILI incidence,2026-09-27,3,SI,quantile,0.05,0
2026-09-16,ILI incidence,2026-09-27,3,SI,quantile,0.1,0
2026-09-16,ILI incidence,2026-09-27,3,SI,quantile,0.15,0
2026-09-16,ILI incidence,2026-09-27,3,SI,quantile,0.2,0
2026-09-16,ILI incidence,2026-09-27,3,SI,quantile,0.25,0
2026-09-16,ILI incidence,2026-09-27,3,SI,quantile,0.3,0
2026-09-16,ILI incidence,2026-09-27,3,SI,quantile,0.35,0
2026-09-16,ILI incidence,2026-09-27,3,SI,quantile,0.4,0
2026-09-16,ILI incidence,2026-09-27,3,SI,quantile,0.45,0
2026-09-16,ILI incidence,2026-09-27,3,SI,quantile,0.5,0
2026-09-16,ILI incidence,2026-09-27,3,SI,quantile,0.55,0.033690762516077166
2026-09-16,ILI incidence,2026-09-27,3,SI,quantile,0.6,0.20063085488014343
2026-09-16,ILI incidence,2026-09-27,3,SI,quantile,0.65,0.40155988003449905
2026-09-16,ILI incidence,2026-09-27,3,SI,quantile,0.7,0.6498049735723042
2026-09-16,ILI incidence,2026-09-27,3,SI,quantile,0.75,0.9672499824900744
2026-09-16,ILI incidence,2026-09-27,3,SI,quantile,0.8,1.3931205375349616
2026-09-16,ILI incidence,2026-09-27,3,SI,quantile,0.85,2.0072177287534934
2026-09-16,ILI incidence,2026-09-27,3,SI,quantile,0.9,3.0084964294260566
2026-09-16,ILI incidence,2026-09-27,3,SI,quantile,0.95,5.1373168649517815
2026-09-16,ILI incidence,2026-09-27,3,SI,quantile,0.975,7.88046881251449
2026-09-16,ILI incidence,2026-09-27,3,SI,quantile,0.99,12.645901628251355
2026-09-16,ILI incidence,2026-09-27,3,SI,median,,0
2026-09-16,ILI incidence,2026-10-04,4,SI,quantile,0.01,0
2026-09-16,ILI incidence,2026-10-04,4,SI,quantile,0.025,0
2026-09-16,ILI incidence,2026-10-04,4,SI,quantile,0.05,0
2026-09-16,ILI incidence,2026-10-04,4,SI,quantile,0.1,0
2026-09-16,ILI incidence,2026-10-04,4,SI,quantile,0.15,0
2026-09-16,ILI incidence,2026-10-04,4,SI,quantile,0.2,0
2026-09-16,ILI incidence,2026-10-04,4,SI,quantile,0.25,0
2026-09-16,ILI incidence,2026-10-04,4,SI,quantile,0.3,0
2026-09-16,ILI incidence,2026-10-04,4,SI,quantile,0.35,0
2026-09-16,ILI incidence,2026-10-04,4,SI,quantile,0.4,0
2026-09-16,ILI incidence,2026-10-04,4,SI,quantile,0.45,0
2026-09-16,ILI incidence,2026-10-04,4,SI,quantile,0.5,0
2026-09-16,ILI incidence,2026-10-04,4,SI,quantile,0.55,0.025337353070411073
2026-09-16,ILI incidence,2026-10-04,4,SI,quantile,0.6,0.22573208939119827
2026-09-16,ILI incidence,2026-10-04,4,SI,quantile,0.65,0.4741025594939934
2026-09-16,ILI incidence,2026-10-04,4,SI,quantile,0.7,0.7905024119223387
2026-09-16,ILI incidence,2026-10-04,4,SI,quantile,0.75,1.2085474159929075
2026-09-16,ILI incidence,2026-10-04,4,SI,quantile,0.8,1.789885167072617
2026-09-16,ILI incidence,2026-10-04,4,SI,quantile,0.85,2.6633059873269778
2026-09-16,ILI incidence,2026-10-04,4,SI,quantile,0.9,4.160658076592569
2026-09-16,ILI incidence,2026-10-04,4,SI,quantile,0.95,7.5762289436812065
2026-09-16,ILI incidence,2026-10-04,4,SI,quantile,0.975,12.323747823784268
2026-09-16,ILI incidence,2026-10-04,4,SI,quantile,0.99,21.237651622226544
2026-09-16,ILI incidence,2026-10-04,4,SI,median,,0
