origin_date,target,target_end_date,horizon,location,output_type,output_type_id,value
2026-09-23,ILI incidence,2026-09-20,1,BE,quantile,0.01,16.297737719313623
2026-09-23,ILI incidence,2026-09-20,1,BE,quantile,0.025,19.86498289025438
2026-09-23,ILI incidence,2026-09-20,1,BE,quantile,0.05,23.516091231547385
2026-09-23,ILI incidence,2026-09-20,1,BE,quantile,0.1,28.52534754979467
2026-09-23,ILI incidence,2026-09-20,1,BE,quantile,0.15,32.471291499646696
2026-09-23,ILI incidence,2026-09-20,1,BE,quantile,0.2,35.98021413235728
2026-09-23,ILI incidence,2026-09-20,1,BE,quantile,0.25,39.28230846444468
2026-09-23,ILI incidence,2026-09-20,1,BE,quantile,0.3,42.498235998489186
2026-09-23,ILI incidence,2026-09-20,1,BE,quantile,0.35,45.707018964680024
2026-09-23,ILI incidence,2026-09-20,1,BE,quantile,0.4,48.97044255690244
2026-09-23,ILI incidence,2026-09-20,1,BE,quantile,0.45,52.34470554342324
2026-09-23,ILI incidence,2026-09-20,1,BE,quantile,0.5,55.88785048788388
2026-09-23,ILI incidence,2026-09-20,1,BE,quantile,0.55,59.66633042894019
2026-09-23,ILI incidence,2026-09-20,1,BE,quantile,0.6,63.76283513892568
2026-09-23,ILI incidence,2026-09-20,1,BE,quantile,0.65,68.28782022203289
2026-09-23,ILI incidence,2026-09-20,1,BE,quantile,0.7,73.39905225683715
2026-09-23,ILI incidence,2026-09-20,1,BE,quantile,0.75,79.33868108597349
2026-09-23,ILI incidence,2026-09-20,1,BE,quantile,0.8,86.51240654120951
2026-09-23,ILI incidence,2026-09-20,1,BE,quantile,0.85,95.68666454552522
2026-09-23,ILI incidence,2026-09-20,1,BE,quantile,0.9,108.60844839079078
2026-09-23,ILI incidence,2026-09-20,1,BE,quantile,0.95,131.0042213322913
2026-09-23,ILI incidence,2026-09-20,1,BE,quantile,0.975,154.1032919678743
2026-09-23,ILI incidence,2026-09-20,1,BE,quantile,0.99,186.08964060187196
2026-09-23,ILI incidence,2026-09-20,1,BE,median,,55.88785048788388
2026-09-23,ILI incidence,2026-09-27,2,BE,quantile,0.01,12.942891174647645
2026-09-23,ILI incidence,2026-09-27,2,BE,quantile,0.025,16.386126747976096
2026-09-23,ILI incidence,2026-09-27,2,BE,quantile,0.05,20.020310767345265
2026-09-23,ILI incidence,2026-09-27,2,BE,quantile,0.1,25.162720188004595
2026-09-23,ILI incidence,2026-09-27,2,BE,quantile,0.15,29.325535097802916
2026-09-23,ILI incidence,2026-09-27,2,BE,quantile,0.2,33.10149730032464
2026-09-23,ILI incidence,2026-09-27,2,BE,quantile,0.25,36.713501725200445
2026-09-23,ILI incidence,2026-09-27,2,BE,quantile,0.3,40.282104895591296
2026-09-23,ILI incidence,2026-09-27,2,BE,quantile,0.35,43.8896979614678
2026-09-23,ILI incidence,2026-09-27,2,BE,quantile,0.4,47.604037591075205
2026-09-23,ILI incidence,2026-09-27,2,BE,quantile,0.45,51.4899704582196
2026-09-23,ILI incidence,2026-09-27,2,BE,quantile,0.5,55.617501610600165
2026-09-23,ILI incidence,2026-09-27,2,BE,quantile,0.55,60.069599785311866
2026-09-23,ILI incidence,2026-09-27,2,BE,quantile,0.6,64.9521646245892
2026-09-23,ILI incidence,2026-09-27,2,BE,quantile,0.65,70.40929064343158
2026-09-23,ILI incidence,2026-09-27,2,BE,quantile,0.7,76.64966192333489
2026-09-23,ILI incidence,2026-09-27,2,BE,quantile,0.75,83.99718514561445
2026-09-23,ILI incidence,2026-09-27,2,BE,quantile,0.8,93.00002177018182
2026-09-23,ILI incidence,2026-09-27,2,BE,quantile,0.85,104.70436690690266
2026-09-23,ILI incidence,2026-09-27,2,BE,quantile,0.9,121.5232493254287
2026-09-23,ILI incidence,2026-09-27,2,BE,quantile,0.95,151.49734050583453
2026-09-23,ILI incidence,2026-09-27,2,BE,quantile,0.975,183.37352580553716
2026-09-23,ILI incidence,2026-09-27,2,BE,quantile,0.99,228.9050783997331
2026-09-23,ILI incidence,2026-09-27,2,BE,median,,55.617501610600165
2026-09-23,ILI incidence,2026-10-04,3,BE,quantile,0.01,10.537836894275715
2026-09-23,ILI incidence,2026-10-04,3,BE,quantile,0.025,13.811498232524379
2026-09-23,ILI incidence,2026-10-04,3,BE,quantile,0.05,17.360864594470016
2026-09-23,ILI incidence,2026-10-04,3,BE,quantile,0.1,22.520973498648946
2026-09-23,ILI incidence,2026-10-04,3,BE,quantile,0.15,26.79885924099108
2026-09-23,ILI incidence,2026-10-04,3,BE,quantile,0.2,30.74714289056342
2026-09-23,ILI incidence,2026-10-04,3,BE,quantile,0.25,34.57844425975745
2026-09-23,ILI incidence,2026-10-04,3,BE,quantile,0.3,38.41155720562742
2026-09-23,ILI incidence,2026-10-04,3,BE,quantile,0.35,42.33120485703131
2026-09-23,ILI incidence,2026-10-04,3,BE,quantile,0.4,46.41042767605775
2026-09-23,ILI incidence,2026-10-04,3,BE,quantile,0.45,50.72226761922335
2026-09-23,ILI incidence,2026-10-04,3,BE,quantile,0.5,55.34843751582839
2026-09-23,ILI incidence,2026-10-04,3,BE,quantile,0.55,60.38838370062348
2026-09-23,ILI incidence,2026-10-04,3,BE,quantile,0.6,65.97147792401513
2026-09-23,ILI incidence,2026-10-04,3,BE,quantile,0.65,72.27620870343719
2026-09-23,ILI incidence,2026-10-04,3,BE,quantile,0.7,79.56384054832147
2026-09-23,ILI incidence,2026-10-04,3,BE,quantile,0.75,88.24354272754432
2026-09-23,ILI incidence,2026-10-04,3,BE,quantile,0.8,99.01361134828302
2026-09-23,ILI incidence,2026-10-04,3,BE,quantile,0.85,113.21858655959794
2026-09-23,ILI incidence,2026-10-04,3,BE,quantile,0.9,133.99213417580694
2026-09-23,ILI incidence,2026-10-04,3,BE,quantile,0.95,171.93011416420526
2026-09-23,ILI incidence,2026-10-04,3,BE,quantile,0.975,213.37037365355468
2026-09-23,ILI incidence,2026-10-04,3,BE,quantile,0.99,274.19425344368557
2026-09-23,ILI incidence,2026-10-04,3,BE,median,,55.34843751582839
2026-09-23,ILI incidence,2026-10-11,4,BE,quantile,0.01,8.720553696096008
2026-09-23,ILI incidence,2026-10-11,4,BE,quantile,0.025,11.810395097033307
2026-09-23,ILI incidence,2026-10-11,4,BE,quantile,0.05,15.242715794632616
2026-09-23,ILI incidence,2026-10-11,4,BE,quantile,0.1,20.356096278812362
2026-09-23,ILI incidence,2026-10-11,4,BE,quantile,0.15,24.687292056524644
2026-09-23,ILI incidence,2026-10-11,4,BE,quantile,0.2,28.74787325526467
2026-09-23,ILI incidence,2026-10-11,4,BE,quantile,0.25,32.7393807262861
2026-09-23,ILI incidence,2026-10-11,4,BE,quantile,0.3,36.778307802812044
2026-09-23,ILI incidence,2026-10-11,4,BE,quantile,0.35,40.951352430230244
2026-09-23,ILI incidence,2026-10-11,4,BE,quantile,0.4,45.336615081182885
2026-09-23,ILI incidence,2026-10-11,4,BE,quantile,0.45,50.01522985280526
2026-09-23,ILI incidence,2026-10-11,4,BE,quantile,0.5,55.080652097879785
2026-09-23,ILI incidence,2026-10-11,4,BE,quantile,0.55,60.64903203999749
2026-09-23,ILI incidence,2026-10-11,4,BE,quantile,0.6,66.8737437815266
2026-09-23,ILI incidence,2026-10-11,4,BE,quantile,0.65,73.96872824193164
2026-09-23,ILI incidence,2026-10-11,4,BE,quantile,0.7,82.24987863774373
2026-09-23,ILI incidence,2026-10-11,4,BE,quantile,0.75,92.21568659596511
2026-09-23,ILI incidence,2026-10-11,4,BE,quantile,0.8,104.72317263610877
2026-09-23,ILI incidence,2026-10-11,4,BE,quantile,0.85,121.43562041505976
2026-09-23,ILI incidence,2026-10-11,4,BE,quantile,0.9,146.26659304508095
2026-09-23,ILI incidence,2026-10-11,4,BE,quantile,0.95,192.62769006662663
2026-09-23,ILI incidence,2026-10-11,4,BE,quantile,0.975,244.5068337784345
2026-09-23,ILI incidence,2026-10-11,4,BE,quantile,0.99,322.54530801949545
2026-09-23,ILI incidence,2026-10-11,4,BE,median,,55.080652097879785
2026-09-23,ILI incidence,2026-09-20,1,CH,quantile,0.01,2.9548760860455343
2026-09-23,ILI incidence,2026-09-20,1,CH,quantile,0.025,3.9404167679941144
2026-09-23,ILI incidence,2026-09-20,1,CH,quantile,0.05,4.982343214067088
2026-09-23,ILI incidence,2026-09-20,1,CH,quantile,0.1,6.459148015439877
2026-09-23,ILI incidence,2026-09-20,1,CH,quantile,0.15,7.656395831378976
2026-09-23,ILI incidence,2026-09-20,1,CH,quantile,0.2,8.74354947018171
2026-09-23,ILI incidence,2026-09-20,1,CH,quantile,0.25,9.784418541880836
2026-09-23,ILI incidence,2026-09-20,1,CH,quantile,0.3,10.813579918156424
2026-09-23,ILI incidence,2026-09-20,1,CH,quantile,0.35,11.854723219834748
2026-09-23,ILI incidence,2026-09-20,1,CH,quantile,0.4,12.927385862174399
2026-09-23,ILI incidence,2026-09-20,1,CH,quantile,0.45,14.050317615677292
2026-09-23,ILI incidence,2026-09-20,1,CH,quantile,0.5,15.243806267625981
2026-09-23,ILI incidence,2026-09-20,1,CH,quantile,0.55,16.531938447950875
2026-09-23,ILI incidence,2026-09-20,1,CH,quantile,0.6,17.9454966403128
2026-09-23,ILI incidence,2026-09-20,1,CH,quantile,0.65,19.526403995461298
2026-09-23,ILI incidence,2026-09-20,1,CH,quantile,0.7,21.335417704724183
2026-09-23,ILI incidence,2026-09-20,1,CH,quantile,0.75,23.46689555264116
2026-09-23,ILI incidence,2026-09-20,1,CH,quantile,0.8,26.080607828560073
2026-09-23,ILI incidence,2026-09-20,1,CH,quantile,0.85,29.481651624996417
2026-09-23,ILI incidence,2026-09-20,1,CH,quantile,0.9,34.37417966689923
2026-09-23,ILI incidence,2026-09-20,1,CH,quantile,0.95,43.10667068377363
2026-09-23,ILI incidence,2026-09-20,1,CH,quantile,0.975,52.408701016796364
2026-09-23,ILI incidence,2026-09-20,1,CH,quantile,0.99,65.71795432255854
2026-09-23,ILI incidence,2026-09-20,1,CH,median,,15.243806267625981
2026-09-23,ILI incidence,2026-09-27,2,CH,quantile,0.01,2.3518751396497484
2026-09-23,ILI incidence,2026-09-27,2,CH,quantile,0.025,3.350898312175482
2026-09-23,ILI incidence,2026-09-27,2,CH,quantile,0.05,4.445221240754876
2026-09-23,ILI incidence,2026-09-27,2,CH,quantile,0.1,6.052671988048408
2026-09-23,ILI incidence,2026-09-27,2,CH,quantile,0.15,7.397455404543319
2026-09-23,ILI incidence,2026-09-27,2,CH,quantile,0.2,8.646869217826879
2026-09-23,ILI incidence,2026-09-27,2,CH,quantile,0.25,9.865902869947583
2026-09-23,ILI incidence,2026-09-27,2,CH,quantile,0.3,11.091370861517442
2026-09-23,ILI incidence,2026-09-27,2,CH,quantile,0.35,12.349993890450651
2026-09-23,ILI incidence,2026-09-27,2,CH,quantile,0.4,13.665237636978038
2026-09-23,ILI incidence,2026-09-27,2,CH,quantile,0.45,15.060954565785849
2026-09-23,ILI incidence,2026-09-27,2,CH,quantile,0.5,16.564169770257074
2026-09-23,ILI incidence,2026-09-27,2,CH,quantile,0.55,18.20807748099858
2026-09-23,ILI incidence,2026-09-27,2,CH,quantile,0.6,20.03614461319993
2026-09-23,ILI incidence,2026-09-27,2,CH,quantile,0.65,22.10862928102798
2026-09-23,ILI incidence,2026-09-27,2,CH,quantile,0.7,24.51406811118987
2026-09-23,ILI incidence,2026-09-27,2,CH,quantile,0.75,27.391571635675835
2026-09-23,ILI incidence,2026-09-27,2,CH,quantile,0.8,30.97929325592198
2026-09-23,ILI incidence,2026-09-27,2,CH,quantile,0.85,35.73732635144489
2026-09-23,ILI incidence,2026-09-27,2,CH,quantile,0.9,42.74229515298636
2026-09-23,ILI incidence,2026-09-27,2,CH,quantile,0.95,55.655192889030246
2026-09-23,ILI incidence,2026-09-27,2,CH,quantile,0.975,69.90491148807384
2026-09-23,ILI incidence,2026-09-27,2,CH,quantile,0.99,91.03805239315955
2026-09-23,ILI incidence,2026-09-27,2,CH,median,,16.564169770257074
2026-09-23,ILI incidence,2026-10-04,3,CH,quantile,0.01,1.751452539322837
2026-09-23,ILI incidence,2026-10-04,3,CH,quantile,0.025,2.7299211053489008
2026-09-23,ILI incidence,2026-10-04,3,CH,quantile,0.05,3.8455746499279453
2026-09-23,ILI incidence,2026-10-04,3,CH,quantile,0.1,5.551963003787377
2026-09-23,ILI incidence,2026-10-04,3,CH,quantile,0.15,7.031083778564273
2026-09-23,ILI incidence,2026-10-04,3,CH,quantile,0.2,8.441344306816157
2026-09-23,ILI incidence,2026-10-04,3,CH,quantile,0.25,9.847018593954184
2026-09-23,ILI incidence,2026-10-04,3,CH,quantile,0.3,11.286850907042586
2026-09-23,ILI incidence,2026-10-04,3,CH,quantile,0.35,12.791143875684963
2026-09-23,ILI incidence,2026-10-04,3,CH,quantile,0.4,14.388523079468927
2026-09-23,ILI incidence,2026-10-04,3,CH,quantile,0.45,16.10989131588594
2026-09-23,ILI incidence,2026-10-04,3,CH,quantile,0.5,17.991857858662932
2026-09-23,ILI incidence,2026-10-04,3,CH,quantile,0.55,20.080827356791463
2026-09-23,ILI incidence,2026-10-04,3,CH,quantile,0.6,22.438939725468753
2026-09-23,ILI incidence,2026-10-04,3,CH,quantile,0.65,25.153788849929082
2026-09-23,ILI incidence,2026-10-04,3,CH,quantile,0.7,28.355826619245136
2026-09-23,ILI incidence,2026-10-04,3,CH,quantile,0.75,32.252516514048914
2026-09-23,ILI incidence,2026-10-04,3,CH,quantile,0.8,37.20331651958263
2026-09-23,ILI incidence,2026-10-04,3,CH,quantile,0.85,43.91182944528296
2026-09-23,ILI incidence,2026-10-04,3,CH,quantile,0.9,54.05077863155804
2026-09-23,ILI incidence,2026-10-04,3,CH,quantile,0.95,73.43712892319596
2026-09-23,ILI incidence,2026-10-04,3,CH,quantile,0.975,95.70195554710462
2026-09-23,ILI incidence,2026-10-04,3,CH,quantile,0.99,130.0910000331777
2026-09-23,ILI incidence,2026-10-04,3,CH,median,,17.991857858662932
2026-09-23,ILI incidence,2026-10-11,4,CH,quantile,0.01,1.1970878315955051
2026-09-23,ILI incidence,2026-10-11,4,CH,quantile,0.025,2.1240624859831616
2026-09-23,ILI incidence,2026-10-11,4,CH,quantile,0.05,3.228616669759547
2026-09-23,ILI incidence,2026-10-11,4,CH,quantile,0.1,4.994938462134034
2026-09-23,ILI incidence,2026-10-11,4,CH,quantile,0.15,6.586812689357393
2026-09-23,ILI incidence,2026-10-11,4,CH,quantile,0.2,8.14837582599404
2026-09-23,ILI incidence,2026-10-11,4,CH,quantile,0.25,9.7418473730052
2026-09-23,ILI incidence,2026-10-11,4,CH,quantile,0.3,11.408038844141133
2026-09-23,ILI incidence,2026-10-11,4,CH,quantile,0.35,13.181878751091698
2026-09-23,ILI incidence,2026-10-11,4,CH,quantile,0.4,15.099009439430606
2026-09-23,ILI incidence,2026-10-11,4,CH,quantile,0.45,17.20017459512568
2026-09-23,ILI incidence,2026-10-11,4,CH,quantile,0.5,19.535594317383882
2026-09-23,ILI incidence,2026-10-11,4,CH,quantile,0.55,22.1706916746343
2026-09-23,ILI incidence,2026-10-11,4,CH,quantile,0.6,25.194818728119486
2026-09-23,ILI incidence,2026-10-11,4,CH,quantile,0.65,28.735879242071977
2026-09-23,ILI incidence,2026-10-11,4,CH,quantile,0.7,32.9868886022463
2026-09-23,ILI incidence,2026-10-11,4,CH,quantile,0.75,38.25866932609277
2026-09-23,ILI incidence,2026-10-11,4,CH,quantile,0.8,45.09677630098317
2026-09-23,ILI incidence,2026-10-11,4,CH,quantile,0.85,54.58469033507782
2026-09-23,ILI incidence,2026-10-11,4,CH,quantile,0.9,69.34444750881599
2026-09-23,ILI incidence,2026-10-11,4,CH,quantile,0.95,98.72779916041641
2026-09-23,ILI incidence,2026-10-11,4,CH,quantile,0.975,133.98789984524092
2026-09-23,ILI incidence,2026-10-11,4,CH,quantile,0.99,190.9407262211848
2026-09-23,ILI incidence,2026-10-11,4,CH,median,,19.535594317383882
2026-09-23,ILI incidence,2026-09-20,1,DK,quantile,0.01,30.59418101486507
2026-09-23,ILI incidence,2026-09-20,1,DK,quantile,0.025,35.291401435554455
2026-09-23,ILI incidence,2026-09-20,1,DK,quantile,0.05,39.88614535695078
2026-09-23,ILI incidence,2026-09-20,1,DK,quantile,0.1,45.910111280721644
2026-09-23,ILI incidence,2026-09-20,1,DK,quantile,0.15,50.46822866278715
2026-09-23,ILI incidence,2026-09-20,1,DK,quantile,0.2,54.40471607181308
2026-09-23,ILI incidence,2026-09-20,1,DK,quantile,0.25,58.02096809842559
2026-09-23,ILI incidence,2026-09-20,1,DK,quantile,0.3,61.4691927577258
2026-09-23,ILI incidence,2026-09-20,1,DK,quantile,0.35,64.84406819244037
2026-09-23,ILI incidence,2026-09-20,1,DK,quantile,0.4,68.21493170096369
2026-09-23,ILI incidence,2026-09-20,1,DK,quantile,0.45,71.64044269786065
2026-09-23,ILI incidence,2026-09-20,1,DK,quantile,0.5,75.17712197672944
2026-09-23,ILI incidence,2026-09-20,1,DK,quantile,0.55,78.88599321722498
2026-09-23,ILI incidence,2026-09-20,1,DK,quantile,0.6,82.83962491978767
2026-09-23,ILI incidence,2026-09-20,1,DK,quantile,0.65,87.13176451517859
2026-09-23,ILI incidence,2026-09-20,1,DK,quantile,0.7,91.89305106219486
2026-09-23,ILI incidence,2026-09-20,1,DK,quantile,0.75,97.32020889559608
2026-09-23,ILI incidence,2026-09-20,1,DK,quantile,0.8,103.73754445625154
2026-09-23,ILI incidence,2026-09-20,1,DK,quantile,0.85,111.74827332173574
2026-09-23,ILI incidence,2026-09-20,1,DK,quantile,0.9,122.70369104288014
2026-09-23,ILI incidence,2026-09-20,1,DK,quantile,0.95,140.9295916011558
2026-09-23,ILI incidence,2026-09-20,1,DK,quantile,0.975,158.89886538171544
2026-09-23,ILI incidence,2026-09-20,1,DK,quantile,0.99,182.67160427191402
2026-09-23,ILI incidence,2026-09-20,1,DK,median,,75.17712197672944
2026-09-23,ILI incidence,2026-09-27,2,DK,quantile,0.01,28.909071414833
2026-09-23,ILI incidence,2026-09-27,2,DK,quantile,0.025,33.64772271759073
2026-09-23,ILI incidence,2026-09-27,2,DK,quantile,0.05,38.31949551528961
2026-09-23,ILI incidence,2026-09-27,2,DK,quantile,0.1,44.49277686146377
2026-09-23,ILI incidence,2026-09-27,2,DK,quantile,0.15,49.19655816996685
2026-09-23,ILI incidence,2026-09-27,2,DK,quantile,0.2,53.27946718944798
2026-09-23,ILI incidence,2026-09-27,2,DK,quantile,0.25,57.0459115466194
2026-09-23,ILI incidence,2026-09-27,2,DK,quantile,0.3,60.6505162773669
2026-09-23,ILI incidence,2026-09-27,2,DK,quantile,0.35,64.19023788523111
2026-09-23,ILI incidence,2026-09-27,2,DK,quantile,0.4,67.73683079933672
2026-09-23,ILI incidence,2026-09-27,2,DK,quantile,0.45,71.35174067030789
2026-09-23,ILI incidence,2026-09-27,2,DK,quantile,0.5,75.09489951364125
2026-09-23,ILI incidence,2026-09-27,2,DK,quantile,0.55,79.03171282881756
2026-09-23,ILI incidence,2026-09-27,2,DK,quantile,0.6,83.24062710856079
2026-09-23,ILI incidence,2026-09-27,2,DK,quantile,0.65,87.82363249211264
2026-09-23,ILI incidence,2026-09-27,2,DK,quantile,0.7,92.9235237859142
2026-09-23,ILI incidence,2026-09-27,2,DK,quantile,0.75,98.75609957198435
2026-09-23,ILI incidence,2026-09-27,2,DK,quantile,0.8,105.67816085558097
2026-09-23,ILI incidence,2026-09-27,2,DK,quantile,0.85,114.35519452119813
2026-09-23,ILI incidence,2026-09-27,2,DK,quantile,0.9,126.28248595649376
2026-09-23,ILI incidence,2026-09-27,2,DK,quantile,0.95,146.2662264890839
2026-09-23,ILI incidence,2026-09-27,2,DK,quantile,0.975,166.12306835252235
2026-09-23,ILI incidence,2026-09-27,2,DK,quantile,0.99,192.6012540034751
2026-09-23,ILI incidence,2026-09-27,2,DK,median,,75.09489951364125
2026-09-23,ILI incidence,2026-10-04,3,DK,quantile,0.01,26.948745393339347
2026-09-23,ILI incidence,2026-10-04,3,DK,quantile,0.025,31.718765693801608
2026-09-23,ILI incidence,2026-10-04,3,DK,quantile,0.05,36.46747603157638
2026-09-23,ILI incidence,2026-10-04,3,DK,quantile,0.1,42.803962321871076
2026-09-23,ILI incidence,2026-10-04,3,DK,quantile,0.15,47.67405336491337
2026-09-23,ILI incidence,2026-10-04,3,DK,quantile,0.2,51.927975057413704
2026-09-23,ILI incidence,2026-10-04,3,DK,quantile,0.25,55.872555236065
2026-09-23,ILI incidence,2026-10-04,3,DK,quantile,0.3,59.66483031019129
2026-09-23,ILI incidence,2026-10-04,3,DK,quantile,0.35,63.40430439694508
2026-09-23,ILI incidence,2026-10-04,3,DK,quantile,0.4,67.16561968108601
2026-09-23,ILI incidence,2026-10-04,3,DK,quantile,0.45,71.01368332485023
2026-09-23,ILI incidence,2026-10-04,3,DK,quantile,0.5,75.01276579806434
2026-09-23,ILI incidence,2026-10-04,3,DK,quantile,0.55,79.23392635268175
2026-09-23,ILI incidence,2026-10-04,3,DK,quantile,0.6,83.76326616413927
2026-09-23,ILI incidence,2026-10-04,3,DK,quantile,0.65,88.71357766182855
2026-09-23,ILI incidence,2026-10-04,3,DK,quantile,0.7,94.24366152064755
2026-09-23,ILI incidence,2026-10-04,3,DK,quantile,0.75,100.59453079413201
2026-09-23,ILI incidence,2026-10-04,3,DK,quantile,0.8,108.16609898647637
2026-09-23,ILI incidence,2026-10-04,3,DK,quantile,0.85,117.70678862419132
2026-09-23,ILI incidence,2026-10-04,3,DK,quantile,0.9,130.90451863270113
2026-09-23,ILI incidence,2026-10-04,3,DK,quantile,0.95,153.21216415543748
2026-09-23,ILI incidence,2026-10-04,3,DK,quantile,0.975,175.59408726918994
2026-09-23,ILI incidence,2026-10-04,3,DK,quantile,0.99,205.73345021234337
2026-09-23,ILI incidence,2026-10-04,3,DK,median,,75.01276579806434
2026-09-23,ILI incidence,2026-10-11,4,DK,quantile,0.01,24.789344873584955
2026-09-23,ILI incidence,2026-10-11,4,DK,quantile,0.025,29.570392542416453
2026-09-23,ILI incidence,2026-10-11,4,DK,quantile,0.05,34.38549675754053
2026-09-23,ILI incidence,2026-10-11,4,DK,quantile,0.1,40.88559845564959
2026-09-23,ILI incidence,2026-10-11,4,DK,quantile,0.15,45.933076061788704
2026-09-23,ILI incidence,2026-10-11,4,DK,quantile,0.2,50.37501175054448
2026-09-23,ILI incidence,2026-10-11,4,DK,quantile,0.25,54.519378796150505
2026-09-23,ILI incidence,2026-10-11,4,DK,quantile,0.3,58.525308065920576
2026-09-23,ILI incidence,2026-10-11,4,DK,quantile,0.35,62.494969809959294
2026-09-23,ILI incidence,2026-10-11,4,DK,quantile,0.4,66.50630346845166
2026-09-23,ILI incidence,2026-10-11,4,DK,quantile,0.45,70.62835526344651
2026-09-23,ILI incidence,2026-10-11,4,DK,quantile,0.5,74.9307207342536
2026-09-23,ILI incidence,2026-10-11,4,DK,quantile,0.55,79.49150828632045
2026-09-23,ILI incidence,2026-10-11,4,DK,quantile,0.6,84.40645917484788
2026-09-23,ILI incidence,2026-10-11,4,DK,quantile,0.65,89.80206461203616
2026-09-23,ILI incidence,2026-10-11,4,DK,quantile,0.7,95.8575306630636
2026-09-23,ILI incidence,2026-10-11,4,DK,quantile,0.75,102.84616103851228
2026-09-23,ILI incidence,2026-10-11,4,DK,quantile,0.8,111.22331936813826
2026-09-23,ILI incidence,2026-10-11,4,DK,quantile,0.85,121.84458712300902
2026-09-23,ILI incidence,2026-10-11,4,DK,quantile,0.9,136.6481311906755
2026-09-23,ILI incidence,2026-10-11,4,DK,quantile,0.95,161.93326022036425
2026-09-23,ILI incidence,2026-10-11,4,DK,quantile,0.975,187.5966738315056
2026-09-23,ILI incidence,2026-10-11,4,DK,quantile,0.99,222.5603261534791
2026-09-23,ILI incidence,2026-10-11,4,DK,median,,74.9307207342536
2026-09-23,ILI incidence,2026-09-20,1,EE,quantile,0.01,25.346574375223913
2026-09-23,ILI incidence,2026-09-20,1,EE,quantile,0.025,30.000726020764418
2026-09-23,ILI incidence,2026-09-20,1,EE,quantile,0.05,34.656014068885106
2026-09-23,ILI incidence,2026-09-20,1,EE,quantile,0.1,40.89732064702935
2026-09-23,ILI incidence,2026-09-20,1,EE,quantile,0.15,45.71442269300091
2026-09-23,ILI incidence,2026-09-20,1,EE,quantile,0.2,49.934904900716326
2026-09-23,ILI incidence,2026-09-20,1,EE,quantile,0.25,53.85832049785287
2026-09-23,ILI incidence,2026-09-20,1,EE,quantile,0.3,57.63856806737265
2026-09-23,ILI incidence,2026-09-20,1,EE,quantile,0.35,61.37367974993428
2026-09-23,ILI incidence,2026-09-20,1,EE,quantile,0.4,65.13769191327995
2026-09-23,ILI incidence,2026-09-20,1,EE,quantile,0.45,68.99547235337421
2026-09-23,ILI incidence,2026-09-20,1,EE,quantile,0.5,73.011721725636
2026-09-23,ILI incidence,2026-09-20,1,EE,quantile,0.55,77.25841827509174
2026-09-23,ILI incidence,2026-09-20,1,EE,quantile,0.6,81.82319497897525
2026-09-23,ILI incidence,2026-09-20,1,EE,quantile,0.65,86.82125689480026
2026-09-23,ILI incidence,2026-09-20,1,EE,quantile,0.7,92.41522368860284
2026-09-23,ILI incidence,2026-09-20,1,EE,quantile,0.75,98.85239983800406
2026-09-23,ILI incidence,2026-09-20,1,EE,quantile,0.8,106.54383390860013
2026-09-23,ILI incidence,2026-09-20,1,EE,quantile,0.85,116.26003741481948
2026-09-23,ILI incidence,2026-09-20,1,EE,quantile,0.9,129.7418915624947
2026-09-23,ILI incidence,2026-09-20,1,EE,quantile,0.95,152.6272378121219
2026-09-23,ILI incidence,2026-09-20,1,EE,quantile,0.975,175.6969892616054
2026-09-23,ILI incidence,2026-09-20,1,EE,quantile,0.99,206.91070879955433
2026-09-23,ILI incidence,2026-09-20,1,EE,median,,73.011721725636
2026-09-23,ILI incidence,2026-09-27,2,EE,quantile,0.01,22.38078539205509
2026-09-23,ILI incidence,2026-09-27,2,EE,quantile,0.025,27.034099936292236
2026-09-23,ILI incidence,2026-09-27,2,EE,quantile,0.05,31.770467308672288
2026-09-23,ILI incidence,2026-09-27,2,EE,quantile,0.1,38.232600914804934
2026-09-23,ILI incidence,2026-09-27,2,EE,quantile,0.15,43.29801793760388
2026-09-23,ILI incidence,2026-09-27,2,EE,quantile,0.2,47.786329512415584
2026-09-23,ILI incidence,2026-09-27,2,EE,quantile,0.25,51.99763576572991
2026-09-23,ILI incidence,2026-09-27,2,EE,quantile,0.3,56.08844410951076
2026-09-23,ILI incidence,2026-09-27,2,EE,quantile,0.35,60.160536922568134
2026-09-23,ILI incidence,2026-09-27,2,EE,quantile,0.4,64.29281132267958
2026-09-23,ILI incidence,2026-09-27,2,EE,quantile,0.45,68.55637954819971
2026-09-23,ILI incidence,2026-09-27,2,EE,quantile,0.5,73.02407972853372
2026-09-23,ILI incidence,2026-09-27,2,EE,quantile,0.55,77.77874632418447
2026-09-23,ILI incidence,2026-09-27,2,EE,quantile,0.6,82.92293529185166
2026-09-23,ILI incidence,2026-09-27,2,EE,quantile,0.65,88.59313726420822
2026-09-23,ILI incidence,2026-09-27,2,EE,quantile,0.7,94.98377509019271
2026-09-23,ILI incidence,2026-09-27,2,EE,quantile,0.75,102.39261932132437
2026-09-23,ILI incidence,2026-09-27,2,EE,quantile,0.8,111.31761918596128
2026-09-23,ILI incidence,2026-09-27,2,EE,quantile,0.85,122.6977326474195
2026-09-23,ILI incidence,2026-09-27,2,EE,quantile,0.9,138.6686493346541
2026-09-23,ILI incidence,2026-09-27,2,EE,quantile,0.95,166.2104437218757
2026-09-23,ILI incidence,2026-09-27,2,EE,quantile,0.975,194.46068509810118
2026-09-23,ILI incidence,2026-09-27,2,EE,quantile,0.99,233.36186115109288
2026-09-23,ILI incidence,2026-09-27,2,EE,median,,73.02407972853372
2026-09-23,ILI incidence,2026-10-04,3,EE,quantile,0.01,19.96496982748717
2026-09-23,ILI incidence,2026-10-04,3,EE,quantile,0.025,24.573656281191642
2026-09-23,ILI incidence,2026-10-04,3,EE,quantile,0.05,29.339915390597962
2026-09-23,ILI incidence,2026-10-04,3,EE,quantile,0.1,35.94766942289627
2026-09-23,ILI incidence,2026-10-04,3,EE,quantile,0.15,41.20097965964704
2026-09-23,ILI incidence,2026-10-04,3,EE,quantile,0.2,45.90389024833598
2026-09-23,ILI incidence,2026-10-04,3,EE,quantile,0.25,50.354115332495105
2026-09-23,ILI incidence,2026-10-04,3,EE,quantile,0.3,54.70927215890203
2026-09-23,ILI incidence,2026-10-04,3,EE,quantile,0.35,59.07400636617843
2026-09-23,ILI incidence,2026-10-04,3,EE,quantile,0.4,63.53150440373109
2026-09-23,ILI incidence,2026-10-04,3,EE,quantile,0.45,68.15874032561076
2026-09-23,ILI incidence,2026-10-04,3,EE,quantile,0.5,73.03643979489156
2026-09-23,ILI incidence,2026-10-04,3,EE,quantile,0.55,78.25815871855522
2026-09-23,ILI incidence,2026-10-04,3,EE,quantile,0.6,83.94137039188072
2026-09-23,ILI incidence,2026-10-04,3,EE,quantile,0.65,90.24402964055716
2026-09-23,ILI incidence,2026-10-04,3,EE,quantile,0.7,97.39285643272774
2026-09-23,ILI incidence,2026-10-04,3,EE,quantile,0.75,105.73719880116735
2026-09-23,ILI incidence,2026-10-04,3,EE,quantile,0.8,115.86438776146225
2026-09-23,ILI incidence,2026-10-04,3,EE,quantile,0.85,128.88784766871106
2026-09-23,ILI incidence,2026-10-04,3,EE,quantile,0.9,147.3556203441026
2026-09-23,ILI incidence,2026-10-04,3,EE,quantile,0.95,179.66610756604916
2026-09-23,ILI incidence,2026-10-04,3,EE,quantile,0.975,213.3375337977754
2026-09-23,ILI incidence,2026-10-04,3,EE,quantile,0.99,260.45491563340795
2026-09-23,ILI incidence,2026-10-04,3,EE,median,,73.03643979489156
2026-09-23,ILI incidence,2026-10-11,4,EE,quantile,0.01,17.947274073456434
2026-09-23,ILI incidence,2026-10-11,4,EE,quantile,0.025,22.484329799029304
2026-09-23,ILI incidence,2026-10-11,4,EE,quantile,0.05,27.246350696041407
2026-09-23,ILI incidence,2026-10-11,4,EE,quantile,0.1,33.94697317574209
2026-09-23,ILI incidence,2026-10-11,4,EE,quantile,0.15,39.34440054678564
2026-09-23,ILI incidence,2026-10-11,4,EE,quantile,0.2,44.22263944971705
2026-09-23,ILI incidence,2026-10-11,4,EE,quantile,0.25,48.875219207702436
2026-09-23,ILI incidence,2026-10-11,4,EE,quantile,0.3,53.45993188550685
2026-09-23,ILI incidence,2026-10-11,4,EE,quantile,0.35,58.083733373919785
2026-09-23,ILI incidence,2026-10-11,4,EE,quantile,0.4,62.83375199305858
2026-09-23,ILI incidence,2026-10-11,4,EE,quantile,0.45,67.7926078766351
2026-09-23,ILI incidence,2026-10-11,4,EE,quantile,0.5,73.04880192505406
2026-09-23,ILI incidence,2026-10-11,4,EE,quantile,0.55,78.70660272639886
2026-09-23,ILI incidence,2026-10-11,4,EE,quantile,0.6,84.89852382689567
2026-09-23,ILI incidence,2026-10-11,4,EE,quantile,0.65,91.80430929837361
2026-09-23,ILI incidence,2026-10-11,4,EE,quantile,0.7,99.6836563450627
2026-09-23,ILI incidence,2026-10-11,4,EE,quantile,0.75,108.93886650806127
2026-09-23,ILI incidence,2026-10-11,4,EE,quantile,0.8,120.24955847905952
2026-09-23,ILI incidence,2026-10-11,4,EE,quantile,0.85,134.91043595200378
2026-09-23,ILI incidence,2026-10-11,4,EE,quantile,0.9,155.90128695729194
2026-09-23,ILI incidence,2026-10-11,4,EE,quantile,0.95,193.12153893934126
2026-09-23,ILI incidence,2026-10-11,4,EE,quantile,0.975,232.48441762909215
2026-09-23,ILI incidence,2026-10-11,4,EE,quantile,0.99,288.3938750913746
2026-09-23,ILI incidence,2026-10-11,4,EE,median,,73.04880192505406
2026-09-23,ILI incidence,2026-09-20,1,ES,quantile,0.01,3.5702142770835756
2026-09-23,ILI incidence,2026-09-20,1,ES,quantile,0.025,4.659068925696943
2026-09-23,ILI incidence,2026-09-20,1,ES,quantile,0.05,5.800883658505347
2026-09-23,ILI incidence,2026-09-20,1,ES,quantile,0.1,7.406072103358678
2026-09-23,ILI incidence,2026-09-20,1,ES,quantile,0.15,8.698036341989296
2026-09-23,ILI incidence,2026-09-20,1,ES,quantile,0.2,9.865044875333368
2026-09-23,ILI incidence,2026-09-20,1,ES,quantile,0.25,10.977535637869439
2026-09-23,ILI incidence,2026-09-20,1,ES,quantile,0.3,12.073337134108431
2026-09-23,ILI incidence,2026-09-20,1,ES,quantile,0.35,13.178057073964473
2026-09-23,ILI incidence,2026-09-20,1,ES,quantile,0.4,14.312524313100122
2026-09-23,ILI incidence,2026-09-20,1,ES,quantile,0.45,15.496460514465447
2026-09-23,ILI incidence,2026-09-20,1,ES,quantile,0.5,16.750964311253103
2026-09-23,ILI incidence,2026-09-20,1,ES,quantile,0.55,18.100869165423617
2026-09-23,ILI incidence,2026-09-20,1,ES,quantile,0.6,19.5777132193554
2026-09-23,ILI incidence,2026-09-20,1,ES,quantile,0.65,21.224253459805972
2026-09-23,ILI incidence,2026-09-20,1,ES,quantile,0.7,23.102241894863386
2026-09-23,ILI incidence,2026-09-20,1,ES,quantile,0.75,25.30730924173905
2026-09-23,ILI incidence,2026-09-20,1,ES,quantile,0.8,28.000960198032622
2026-09-23,ILI incidence,2026-09-20,1,ES,quantile,0.85,31.490776778708977
2026-09-23,ILI incidence,2026-09-20,1,ES,quantile,0.9,36.48441960823574
2026-09-23,ILI incidence,2026-09-20,1,ES,quantile,0.95,45.33173419829256
2026-09-23,ILI incidence,2026-09-20,1,ES,quantile,0.975,54.67996045225328
2026-09-23,ILI incidence,2026-09-20,1,ES,quantile,0.99,67.94572439619974
2026-09-23,ILI incidence,2026-09-20,1,ES,median,,16.750964311253103
2026-09-23,ILI incidence,2026-09-27,2,ES,quantile,0.01,2.8239857785850107
2026-09-23,ILI incidence,2026-09-27,2,ES,quantile,0.025,4.001116648912129
2026-09-23,ILI incidence,2026-09-27,2,ES,quantile,0.05,5.2995137753668695
2026-09-23,ILI incidence,2026-09-27,2,ES,quantile,0.1,7.220105334301985
2026-09-23,ILI incidence,2026-09-27,2,ES,quantile,0.15,8.836761711956612
2026-09-23,ILI incidence,2026-09-27,2,ES,quantile,0.2,10.345510056268184
2026-09-23,ILI incidence,2026-09-27,2,ES,quantile,0.25,11.823021632485482
2026-09-23,ILI incidence,2026-09-27,2,ES,quantile,0.3,13.313155853113798
2026-09-23,ILI incidence,2026-09-27,2,ES,quantile,0.35,14.848139365389626
2026-09-23,ILI incidence,2026-09-27,2,ES,quantile,0.4,16.4566317122789
2026-09-23,ILI incidence,2026-09-27,2,ES,quantile,0.45,18.16808307213766
2026-09-23,ILI incidence,2026-09-27,2,ES,quantile,0.5,20.01613886814841
2026-09-23,ILI incidence,2026-09-27,2,ES,quantile,0.55,22.042371595692465
2026-09-23,ILI incidence,2026-09-27,2,ES,quantile,0.6,24.301449913423127
2026-09-23,ILI incidence,2026-09-27,2,ES,quantile,0.65,26.86939733063358
2026-09-23,ILI incidence,2026-09-27,2,ES,quantile,0.7,29.858190706364187
2026-09-23,ILI incidence,2026-09-27,2,ES,quantile,0.75,33.44415096410378
2026-09-23,ILI incidence,2026-09-27,2,ES,quantile,0.8,37.929769638807855
2026-09-23,ILI incidence,2026-09-27,2,ES,quantile,0.85,43.90076163870451
2026-09-23,ILI incidence,2026-09-27,2,ES,quantile,0.9,52.73143955737447
2026-09-23,ILI incidence,2026-09-27,2,ES,quantile,0.95,69.11304501823643
2026-09-23,ILI incidence,2026-09-27,2,ES,quantile,0.975,87.31589501544107
2026-09-23,ILI incidence,2026-09-27,2,ES,quantile,0.99,114.50202288899006
2026-09-23,ILI incidence,2026-09-27,2,ES,median,,20.01613886814841
2026-09-23,ILI incidence,2026-10-04,3,ES,quantile,0.01,2.0051833919999678
2026-09-23,ILI incidence,2026-10-04,3,ES,quantile,0.025,3.192294096993959
2026-09-23,ILI incidence,2026-10-04,3,ES,quantile,0.05,4.5821200556805675
2026-09-23,ILI incidence,2026-10-04,3,ES,quantile,0.1,6.7653993867649165
2026-09-23,ILI incidence,2026-10-04,3,ES,quantile,0.15,8.70266928079928
2026-09-23,ILI incidence,2026-10-04,3,ES,quantile,0.2,10.581561687763761
2026-09-23,ILI incidence,2026-10-04,3,ES,quantile,0.25,12.48092828926169
2026-09-23,ILI incidence,2026-10-04,3,ES,quantile,0.3,14.450670749742951
2026-09-23,ILI incidence,2026-10-04,3,ES,quantile,0.35,16.531960351757196
2026-09-23,ILI incidence,2026-10-04,3,ES,quantile,0.4,18.765564148549405
2026-09-23,ILI incidence,2026-10-04,3,ES,quantile,0.45,21.197087446198022
2026-09-23,ILI incidence,2026-10-04,3,ES,quantile,0.5,23.88192107091892
2026-09-23,ILI incidence,2026-10-04,3,ES,quantile,0.55,26.891496921839725
2026-09-23,ILI incidence,2026-10-04,3,ES,quantile,0.6,30.32265750304303
2026-09-23,ILI incidence,2026-10-04,3,ES,quantile,0.65,34.313221325953265
2026-09-23,ILI incidence,2026-10-04,3,ES,quantile,0.7,39.07010480044946
2026-09-23,ILI incidence,2026-10-04,3,ES,quantile,0.75,44.924878680097656
2026-09-23,ILI incidence,2026-10-04,3,ES,quantile,0.8,52.45652105221234
2026-09-23,ILI incidence,2026-10-04,3,ES,quantile,0.85,62.808213828807254
2026-09-23,ILI incidence,2026-10-04,3,ES,quantile,0.9,78.7267423533462
2026-09-23,ILI incidence,2026-10-04,3,ES,quantile,0.95,109.90947346240061
2026-09-23,ILI incidence,2026-10-04,3,ES,quantile,0.975,146.6780926756463
2026-09-23,ILI incidence,2026-10-04,3,ES,quantile,0.99,205.0140482033669
2026-09-23,ILI incidence,2026-10-04,3,ES,median,,23.88192107091892
2026-09-23,ILI incidence,2026-10-11,4,ES,quantile,0.01,1.242959029286948
2026-09-23,ILI incidence,2026-10-11,4,ES,quantile,0.025,2.3648110372987508
2026-09-23,ILI incidence,2026-10-11,4,ES,quantile,0.05,3.7692515432985427
2026-09-23,ILI incidence,2026-10-11,4,ES,quantile,0.1,6.130302859786882
2026-09-23,ILI incidence,2026-10-11,4,ES,quantile,0.15,8.352952533620932
2026-09-23,ILI incidence,2026-10-11,4,ES,quantile,0.2,10.603922657095996
2026-09-23,ILI incidence,2026-10-11,4,ES,quantile,0.25,12.962185889744777
2026-09-23,ILI incidence,2026-10-11,4,ES,quantile,0.3,15.485758487212596
2026-09-23,ILI incidence,2026-10-11,4,ES,quantile,0.35,18.229667434473072
2026-09-23,ILI incidence,2026-10-11,4,ES,quantile,0.4,21.2545117342186
2026-09-23,ILI incidence,2026-10-11,4,ES,quantile,0.45,24.633215973702352
2026-09-23,ILI incidence,2026-10-11,4,ES,quantile,0.5,28.458788793870614
2026-09-23,ILI incidence,2026-10-11,4,ES,quantile,0.55,32.85530079769124
2026-09-23,ILI incidence,2026-10-11,4,ES,quantile,0.6,37.995249483164976
2026-09-23,ILI incidence,2026-10-11,4,ES,quantile,0.65,44.12923794231273
2026-09-23,ILI incidence,2026-10-11,4,ES,quantile,0.7,51.64060115129151
2026-09-23,ILI incidence,2026-10-11,4,ES,quantile,0.75,61.155041055519206
2026-09-23,ILI incidence,2026-10-11,4,ES,quantile,0.8,73.78679950276904
2026-09-23,ILI incidence,2026-10-11,4,ES,quantile,0.85,91.78569885630615
2026-09-23,ILI incidence,2026-10-11,4,ES,quantile,0.9,120.7087484595031
2026-09-23,ILI incidence,2026-10-11,4,ES,quantile,0.95,180.9615152027959
2026-09-23,ILI incidence,2026-10-11,4,ES,quantile,0.975,256.91054165661495
2026-09-23,ILI incidence,2026-10-11,4,ES,quantile,0.99,385.90864428217526
2026-09-23,ILI incidence,2026-10-11,4,ES,median,,28.458788793870614
2026-09-23,ILI incidence,2026-09-20,1,GB-NIR,quantile,0.01,0
2026-09-23,ILI incidence,2026-09-20,1,GB-NIR,quantile,0.025,0
2026-09-23,ILI incidence,2026-09-20,1,GB-NIR,quantile,0.05,5.325813449064132e-4
2026-09-23,ILI incidence,2026-09-20,1,GB-NIR,quantile,0.1,0.3108918533124232
2026-09-23,ILI incidence,2026-09-20,1,GB-NIR,quantile,0.15,0.5730142476610958
2026-09-23,ILI incidence,2026-09-20,1,GB-NIR,quantile,0.2,0.8182396243977479
2026-09-23,ILI incidence,2026-09-20,1,GB-NIR,quantile,0.25,1.0588729878996075
2026-09-23,ILI incidence,2026-09-20,1,GB-NIR,quantile,0.3,1.3019922711441763
2026-09-23,ILI incidence,2026-09-20,1,GB-NIR,quantile,0.35,1.5528337287037446
2026-09-23,ILI incidence,2026-09-20,1,GB-NIR,quantile,0.4,1.81608625354919
2026-09-23,ILI incidence,2026-09-20,1,GB-NIR,quantile,0.45,2.096596424762942
2026-09-23,ILI incidence,2026-09-20,1,GB-NIR,quantile,0.5,2.3999258081013966
2026-09-23,ILI incidence,2026-09-20,1,GB-NIR,quantile,0.55,2.732968044577803
2026-09-23,ILI incidence,2026-09-20,1,GB-NIR,quantile,0.6,3.1048087522266723
2026-09-23,ILI incidence,2026-09-20,1,GB-NIR,quantile,0.65,3.5281035621789263
2026-09-23,ILI incidence,2026-09-20,1,GB-NIR,quantile,0.7,4.021517945778522
2026-09-23,ILI incidence,2026-09-20,1,GB-NIR,quantile,0.75,4.614477225419594
2026-09-23,ILI incidence,2026-09-20,1,GB-NIR,quantile,0.8,5.357520398018368
2026-09-23,ILI incidence,2026-09-20,1,GB-NIR,quantile,0.85,6.348627336199705
2026-09-23,ILI incidence,2026-09-20,1,GB-NIR,quantile,0.9,7.818039010147833
2026-09-23,ILI incidence,2026-09-20,1,GB-NIR,quantile,0.95,10.553342405957194
2026-09-23,ILI incidence,2026-09-20,1,GB-NIR,quantile,0.975,13.604234711024898
2026-09-23,ILI incidence,2026-09-20,1,GB-NIR,quantile,0.99,18.178285110451817
2026-09-23,ILI incidence,2026-09-20,1,GB-NIR,median,,2.3999258081013966
2026-09-23,ILI incidence,2026-09-27,2,GB-NIR,quantile,0.01,0
2026-09-23,ILI incidence,2026-09-27,2,GB-NIR,quantile,0.025,0
2026-09-23,ILI incidence,2026-09-27,2,GB-NIR,quantile,0.05,0
2026-09-23,ILI incidence,2026-09-27,2,GB-NIR,quantile,0.1,0.16428782502136752
2026-09-23,ILI incidence,2026-09-27,2,GB-NIR,quantile,0.15,0.4419616376822906
2026-09-23,ILI incidence,2026-09-27,2,GB-NIR,quantile,0.2,0.7091587258296479
2026-09-23,ILI incidence,2026-09-27,2,GB-NIR,quantile,0.25,0.9775197921540826
2026-09-23,ILI incidence,2026-09-27,2,GB-NIR,quantile,0.3,1.2542429368732306
2026-09-23,ILI incidence,2026-09-27,2,GB-NIR,quantile,0.35,1.5451208105130676
2026-09-23,ILI incidence,2026-09-27,2,GB-NIR,quantile,0.4,1.8557674570198648
2026-09-23,ILI incidence,2026-09-27,2,GB-NIR,quantile,0.45,2.1923638781102817
2026-09-23,ILI incidence,2026-09-27,2,GB-NIR,quantile,0.5,2.56233483622529
2026-09-23,ILI incidence,2026-09-27,2,GB-NIR,quantile,0.55,2.9751826451865004
2026-09-23,ILI incidence,2026-09-27,2,GB-NIR,quantile,0.6,3.4437194821973174
2026-09-23,ILI incidence,2026-09-27,2,GB-NIR,quantile,0.65,3.986101026310833
2026-09-23,ILI incidence,2026-09-27,2,GB-NIR,quantile,0.7,4.629486191486696
2026-09-23,ILI incidence,2026-09-27,2,GB-NIR,quantile,0.75,5.417245246158062
2026-09-23,ILI incidence,2026-09-27,2,GB-NIR,quantile,0.8,6.4248396556757825
2026-09-23,ILI incidence,2026-09-27,2,GB-NIR,quantile,0.85,7.800670665401103
2026-09-23,ILI incidence,2026-09-27,2,GB-NIR,quantile,0.9,9.899563847239724
2026-09-23,ILI incidence,2026-09-27,2,GB-NIR,quantile,0.95,13.965494043941323
2026-09-23,ILI incidence,2026-09-27,2,GB-NIR,quantile,0.975,18.70196790241793
2026-09-23,ILI incidence,2026-09-27,2,GB-NIR,quantile,0.99,26.124358627016118
2026-09-23,ILI incidence,2026-09-27,2,GB-NIR,median,,2.56233483622529
2026-09-23,ILI incidence,2026-10-04,3,GB-NIR,quantile,0.01,0
2026-09-23,ILI incidence,2026-10-04,3,GB-NIR,quantile,0.025,0
2026-09-23,ILI incidence,2026-10-04,3,GB-NIR,quantile,0.05,0
2026-09-23,ILI incidence,2026-10-04,3,GB-NIR,quantile,0.1,0.01733581703977949
2026-09-23,ILI incidence,2026-10-04,3,GB-NIR,quantile,0.15,0.30449143441163784
2026-09-23,ILI incidence,2026-10-04,3,GB-NIR,quantile,0.2,0.589490170321435
2026-09-23,ILI incidence,2026-10-04,3,GB-NIR,quantile,0.25,0.8831324219549634
2026-09-23,ILI incidence,2026-10-04,3,GB-NIR,quantile,0.3,1.192787782824408
2026-09-23,ILI incidence,2026-10-04,3,GB-NIR,quantile,0.35,1.525007608969943
2026-09-23,ILI incidence,2026-10-04,3,GB-NIR,quantile,0.4,1.8866771717925621
2026-09-23,ILI incidence,2026-10-04,3,GB-NIR,quantile,0.45,2.2858294106168087
2026-09-23,ILI incidence,2026-10-04,3,GB-NIR,quantile,0.5,2.7325018843487068
2026-09-23,ILI incidence,2026-10-04,3,GB-NIR,quantile,0.55,3.2398945823701313
2026-09-23,ILI incidence,2026-10-04,3,GB-NIR,quantile,0.6,3.826161530219002
2026-09-23,ILI incidence,2026-10-04,3,GB-NIR,quantile,0.65,4.517436964219655
2026-09-23,ILI incidence,2026-10-04,3,GB-NIR,quantile,0.7,5.3533600587295185
2026-09-23,ILI incidence,2026-10-04,3,GB-NIR,quantile,0.75,6.398083190667848
2026-09-23,ILI incidence,2026-10-04,3,GB-NIR,quantile,0.8,7.76480432329401
2026-09-23,ILI incidence,2026-10-04,3,GB-NIR,quantile,0.85,9.67969474475713
2026-09-23,ILI incidence,2026-10-04,3,GB-NIR,quantile,0.9,12.694170679259496
2026-09-23,ILI incidence,2026-10-04,3,GB-NIR,quantile,0.95,18.795832174961593
2026-09-23,ILI incidence,2026-10-04,3,GB-NIR,quantile,0.975,26.25102765521804
2026-09-23,ILI incidence,2026-10-04,3,GB-NIR,quantile,0.99,38.51650128383643
2026-09-23,ILI incidence,2026-10-04,3,GB-NIR,median,,2.7325018843487068
2026-09-23,ILI incidence,2026-10-11,4,GB-NIR,quantile,0.01,0
2026-09-23,ILI incidence,2026-10-11,4,GB-NIR,quantile,0.025,0
2026-09-23,ILI incidence,2026-10-11,4,GB-NIR,quantile,0.05,0
2026-09-23,ILI incidence,2026-10-11,4,GB-NIR,quantile,0.1,0
2026-09-23,ILI incidence,2026-10-11,4,GB-NIR,quantile,0.15,0.1664354596430897
2026-09-23,ILI incidence,2026-10-11,4,GB-NIR,quantile,0.2,0.46425886737788713
2026-09-23,ILI incidence,2026-10-11,4,GB-NIR,quantile,0.25,0.7796832095236628
2026-09-23,ILI incidence,2026-10-11,4,GB-NIR,quantile,0.3,1.120450937280609
2026-09-23,ILI incidence,2026-10-11,4,GB-NIR,quantile,0.35,1.4942087952968524
2026-09-23,ILI incidence,2026-10-11,4,GB-NIR,quantile,0.4,1.9096098365766512
2026-09-23,ILI incidence,2026-10-11,4,GB-NIR,quantile,0.45,2.377249663570725
2026-09-23,ILI incidence,2026-10-11,4,GB-NIR,quantile,0.5,2.9107975407019215
2026-09-23,ILI incidence,2026-10-11,4,GB-NIR,quantile,0.55,3.5286368873865497
2026-09-23,ILI incidence,2026-10-11,4,GB-NIR,quantile,0.6,4.256490822960307
2026-09-23,ILI incidence,2026-10-11,4,GB-NIR,quantile,0.65,5.131939488466091
2026-09-23,ILI incidence,2026-10-11,4,GB-NIR,quantile,0.7,6.212775893779727
2026-09-23,ILI incidence,2026-10-11,4,GB-NIR,quantile,0.75,7.593853851356938
2026-09-23,ILI incidence,2026-10-11,4,GB-NIR,quantile,0.8,9.445104854818771
2026-09-23,ILI incidence,2026-10-11,4,GB-NIR,quantile,0.85,12.112030569646805
2026-09-23,ILI incidence,2026-10-11,4,GB-NIR,quantile,0.9,16.455367510250316
2026-09-23,ILI incidence,2026-10-11,4,GB-NIR,quantile,0.95,25.674704584541203
2026-09-23,ILI incidence,2026-10-11,4,GB-NIR,quantile,0.975,37.53365159955603
2026-09-23,ILI incidence,2026-10-11,4,GB-NIR,quantile,0.99,58.098039656713055
2026-09-23,ILI incidence,2026-10-11,4,GB-NIR,median,,2.9107975407019215
2026-09-23,ILI incidence,2026-09-20,1,GB-WLS,quantile,0.01,0
2026-09-23,ILI incidence,2026-09-20,1,GB-WLS,quantile,0.025,0
2026-09-23,ILI incidence,2026-09-20,1,GB-WLS,quantile,0.05,0.04956437300869565
2026-09-23,ILI incidence,2026-09-20,1,GB-WLS,quantile,0.1,0.23800648253820555
2026-09-23,ILI incidence,2026-09-20,1,GB-WLS,quantile,0.15,0.3839101835039598
2026-09-23,ILI incidence,2026-09-20,1,GB-WLS,quantile,0.2,0.5120381829679839
2026-09-23,ILI incidence,2026-09-20,1,GB-WLS,quantile,0.25,0.631374232767298
2026-09-23,ILI incidence,2026-09-20,1,GB-WLS,quantile,0.3,0.7465474637334839
2026-09-23,ILI incidence,2026-09-20,1,GB-WLS,quantile,0.35,0.8605186693857647
2026-09-23,ILI incidence,2026-09-20,1,GB-WLS,quantile,0.4,0.9755355618599795
2026-09-23,ILI incidence,2026-09-20,1,GB-WLS,quantile,0.45,1.0935788452656778
2026-09-23,ILI incidence,2026-09-20,1,GB-WLS,quantile,0.5,1.2166349848544256
2026-09-23,ILI incidence,2026-09-20,1,GB-WLS,quantile,0.55,1.346924104239816
2026-09-23,ILI incidence,2026-09-20,1,GB-WLS,quantile,0.6,1.487158799335667
2026-09-23,ILI incidence,2026-09-20,1,GB-WLS,quantile,0.65,1.6409144594623832
2026-09-23,ILI incidence,2026-09-20,1,GB-WLS,quantile,0.7,1.813247711904356
2026-09-23,ILI incidence,2026-09-20,1,GB-WLS,quantile,0.75,2.0118599138015476
2026-09-23,ILI incidence,2026-09-20,1,GB-WLS,quantile,0.8,2.2495678425500567
2026-09-23,ILI incidence,2026-09-20,1,GB-WLS,quantile,0.85,2.550425970303962
2026-09-23,ILI incidence,2026-09-20,1,GB-WLS,quantile,0.9,2.968856969154802
2026-09-23,ILI incidence,2026-09-20,1,GB-WLS,quantile,0.95,3.6814381113142716
2026-09-23,ILI incidence,2026-09-20,1,GB-WLS,quantile,0.975,4.402320506413309
2026-09-23,ILI incidence,2026-09-20,1,GB-WLS,quantile,0.99,5.381202411745143
2026-09-23,ILI incidence,2026-09-20,1,GB-WLS,median,,1.2166349848544256
2026-09-23,ILI incidence,2026-09-27,2,GB-WLS,quantile,0.01,0
2026-09-23,ILI incidence,2026-09-27,2,GB-WLS,quantile,0.025,0
2026-09-23,ILI incidence,2026-09-27,2,GB-WLS,quantile,0.05,0
2026-09-23,ILI incidence,2026-09-27,2,GB-WLS,quantile,0.1,0.13854016046468098
2026-09-23,ILI incidence,2026-09-27,2,GB-WLS,quantile,0.15,0.2965421091231486
2026-09-23,ILI incidence,2026-09-27,2,GB-WLS,quantile,0.2,0.43761294857262545
2026-09-23,ILI incidence,2026-09-27,2,GB-WLS,quantile,0.25,0.5708107749196789
2026-09-23,ILI incidence,2026-09-27,2,GB-WLS,quantile,0.3,0.7009118366890983
2026-09-23,ILI incidence,2026-09-27,2,GB-WLS,quantile,0.35,0.8310697053607194
2026-09-23,ILI incidence,2026-09-27,2,GB-WLS,quantile,0.4,0.9637746207517612
2026-09-23,ILI incidence,2026-09-27,2,GB-WLS,quantile,0.45,1.1013151440348108
2026-09-23,ILI incidence,2026-09-27,2,GB-WLS,quantile,0.5,1.246076888847519
2026-09-23,ILI incidence,2026-09-27,2,GB-WLS,quantile,0.55,1.4008114179999347
2026-09-23,ILI incidence,2026-09-27,2,GB-WLS,quantile,0.6,1.5689614975692598
2026-09-23,ILI incidence,2026-09-27,2,GB-WLS,quantile,0.65,1.7551443704438965
2026-09-23,ILI incidence,2026-09-27,2,GB-WLS,quantile,0.7,1.9659746506526763
2026-09-23,ILI incidence,2026-09-27,2,GB-WLS,quantile,0.75,2.2116289696783578
2026-09-23,ILI incidence,2026-09-27,2,GB-WLS,quantile,0.8,2.5091930659249297
2026-09-23,ILI incidence,2026-09-27,2,GB-WLS,quantile,0.85,2.891012374466412
2026-09-23,ILI incidence,2026-09-27,2,GB-WLS,quantile,0.9,3.430991163768833
2026-09-23,ILI incidence,2026-09-27,2,GB-WLS,quantile,0.95,4.372184319590706
2026-09-23,ILI incidence,2026-09-27,2,GB-WLS,quantile,0.975,5.348992630635748
2026-09-23,ILI incidence,2026-09-27,2,GB-WLS,quantile,0.99,6.710178497324058
2026-09-23,ILI incidence,2026-09-27,2,GB-WLS,median,,1.246076888847519
2026-09-23,ILI incidence,2026-10-04,3,GB-WLS,quantile,0.01,0
2026-09-23,ILI incidence,2026-10-04,3,GB-WLS,quantile,0.025,0
2026-09-23,ILI incidence,2026-10-04,3,GB-WLS,quantile,0.05,0
2026-09-23,ILI incidence,2026-10-04,3,GB-WLS,quantile,0.1,0.0350608999850861
2026-09-23,ILI incidence,2026-10-04,3,GB-WLS,quantile,0.15,0.20341467414143888
2026-09-23,ILI incidence,2026-10-04,3,GB-WLS,quantile,0.2,0.3565393962886194
2026-09-23,ILI incidence,2026-10-04,3,GB-WLS,quantile,0.25,0.5033443094256014
2026-09-23,ILI incidence,2026-10-04,3,GB-WLS,quantile,0.3,0.6486711088839845
2026-09-23,ILI incidence,2026-10-04,3,GB-WLS,quantile,0.35,0.7958498182522358
2026-09-23,ILI incidence,2026-10-04,3,GB-WLS,quantile,0.4,0.9476388804577511
2026-09-23,ILI incidence,2026-10-04,3,GB-WLS,quantile,0.45,1.1066967027642436
2026-09-23,ILI incidence,2026-10-04,3,GB-WLS,quantile,0.5,1.2759098452195698
2026-09-23,ILI incidence,2026-10-04,3,GB-WLS,quantile,0.55,1.45871444938936
2026-09-23,ILI incidence,2026-10-04,3,GB-WLS,quantile,0.6,1.659510279621227
2026-09-23,ILI incidence,2026-10-04,3,GB-WLS,quantile,0.65,1.8842977686232363
2026-09-23,ILI incidence,2026-10-04,3,GB-WLS,quantile,0.7,2.141782248536912
2026-09-23,ILI incidence,2026-10-04,3,GB-WLS,quantile,0.75,2.4454952142975523
2026-09-23,ILI incidence,2026-10-04,3,GB-WLS,quantile,0.8,2.818367264333628
2026-09-23,ILI incidence,2026-10-04,3,GB-WLS,quantile,0.85,3.3042234192987623
2026-09-23,ILI incidence,2026-10-04,3,GB-WLS,quantile,0.9,4.004310010784875
2026-09-23,ILI incidence,2026-10-04,3,GB-WLS,quantile,0.95,5.256768342464437
2026-09-23,ILI incidence,2026-10-04,3,GB-WLS,quantile,0.975,6.594307891358123
2026-09-23,ILI incidence,2026-10-04,3,GB-WLS,quantile,0.99,8.512988111485365
2026-09-23,ILI incidence,2026-10-04,3,GB-WLS,median,,1.2759098452195698
2026-09-23,ILI incidence,2026-10-11,4,GB-WLS,quantile,0.01,0
2026-09-23,ILI incidence,2026-10-11,4,GB-WLS,quantile,0.025,0
2026-09-23,ILI incidence,2026-10-11,4,GB-WLS,quantile,0.05,0
2026-09-23,ILI incidence,2026-10-11,4,GB-WLS,quantile,0.1,0
2026-09-23,ILI incidence,2026-10-11,4,GB-WLS,quantile,0.15,0.10794096261436015
2026-09-23,ILI incidence,2026-10-11,4,GB-WLS,quantile,0.2,0.27162337561449346
2026-09-23,ILI incidence,2026-10-11,4,GB-WLS,quantile,0.25,0.4311907157637678
2026-09-23,ILI incidence,2026-10-11,4,GB-WLS,quantile,0.3,0.5914812477212397
2026-09-23,ILI incidence,2026-10-11,4,GB-WLS,quantile,0.35,0.7559969891922771
2026-09-23,ILI incidence,2026-10-11,4,GB-WLS,quantile,0.4,0.9278045280746925
2026-09-23,ILI incidence,2026-10-11,4,GB-WLS,quantile,0.45,1.110013185955495
2026-09-23,ILI incidence,2026-10-11,4,GB-WLS,quantile,0.5,1.3061390504195844
2026-09-23,ILI incidence,2026-10-11,4,GB-WLS,quantile,0.55,1.5204948268898257
2026-09-23,ILI incidence,2026-10-11,4,GB-WLS,quantile,0.6,1.7587222887071094
2026-09-23,ILI incidence,2026-10-11,4,GB-WLS,quantile,0.65,2.0286369239826803
2026-09-23,ILI incidence,2026-10-11,4,GB-WLS,quantile,0.7,2.341715353218967
2026-09-23,ILI incidence,2026-10-11,4,GB-WLS,quantile,0.75,2.715980869140839
2026-09-23,ILI incidence,2026-10-11,4,GB-WLS,quantile,0.8,3.182273951436418
2026-09-23,ILI incidence,2026-10-11,4,GB-WLS,quantile,0.85,3.8001450432167783
2026-09-23,ILI incidence,2026-10-11,4,GB-WLS,quantile,0.9,4.708856337184322
2026-09-23,ILI incidence,2026-10-11,4,GB-WLS,quantile,0.95,6.381545168880687
2026-09-23,ILI incidence,2026-10-11,4,GB-WLS,quantile,0.975,8.224483296830897
2026-09-23,ILI incidence,2026-10-11,4,GB-WLS,quantile,0.99,10.953274255758679
2026-09-23,ILI incidence,2026-10-11,4,GB-WLS,median,,1.3061390504195844
2026-09-23,ILI incidence,2026-09-20,1,GR,quantile,0.01,104.90340103871988
2026-09-23,ILI incidence,2026-09-20,1,GR,quantile,0.025,121.50605373311456
2026-09-23,ILI incidence,2026-09-20,1,GR,quantile,0.05,137.85259870387296
2026-09-23,ILI incidence,2026-09-20,1,GR,quantile,0.1,159.42411389616223
2026-09-23,ILI incidence,2026-09-20,1,GR,quantile,0.15,175.8412563419755
2026-09-23,ILI incidence,2026-09-20,1,GR,quantile,0.2,190.07918125534954
2026-09-23,ILI incidence,2026-09-20,1,GR,quantile,0.25,203.20422743661786
2026-09-23,ILI incidence,2026-09-20,1,GR,quantile,0.3,215.75750269357374
2026-09-23,ILI incidence,2026-09-20,1,GR,quantile,0.35,228.0778342601549
2026-09-23,ILI incidence,2026-09-20,1,GR,quantile,0.4,240.41552485769643
2026-09-23,ILI incidence,2026-09-20,1,GR,quantile,0.45,252.9844722752251
2026-09-23,ILI incidence,2026-09-20,1,GR,quantile,0.5,265.99287392100234
2026-09-23,ILI incidence,2026-09-20,1,GR,quantile,0.55,279.6675309164156
2026-09-23,ILI incidence,2026-09-20,1,GR,quantile,0.6,294.28007681616856
2026-09-23,ILI incidence,2026-09-20,1,GR,quantile,0.65,310.18329259058936
2026-09-23,ILI incidence,2026-09-20,1,GR,quantile,0.7,327.8707142256149
2026-09-23,ILI incidence,2026-09-20,1,GR,quantile,0.75,348.0877520972095
2026-09-23,ILI incidence,2026-09-20,1,GR,quantile,0.8,372.0662558645463
2026-09-23,ILI incidence,2026-09-20,1,GR,quantile,0.85,402.102738575579
2026-09-23,ILI incidence,2026-09-20,1,GR,quantile,0.9,443.3546109953086
2026-09-23,ILI incidence,2026-09-20,1,GR,quantile,0.95,512.3875447057651
2026-09-23,ILI incidence,2026-09-20,1,GR,quantile,0.975,580.8912009025655
2026-09-23,ILI incidence,2026-09-20,1,GR,quantile,0.99,672.1152543300599
2026-09-23,ILI incidence,2026-09-20,1,GR,median,,265.99287392100234
2026-09-23,ILI incidence,2026-09-27,2,GR,quantile,0.01,95.7557227085753
2026-09-23,ILI incidence,2026-09-27,2,GR,quantile,0.025,112.50601072379501
2026-09-23,ILI incidence,2026-09-27,2,GR,quantile,0.05,129.21378917206235
2026-09-23,ILI incidence,2026-09-27,2,GR,quantile,0.1,151.55129753696812
2026-09-23,ILI incidence,2026-09-27,2,GR,quantile,0.15,168.7490017167413
2026-09-23,ILI incidence,2026-09-27,2,GR,quantile,0.2,183.7896239940073
2026-09-23,ILI incidence,2026-09-27,2,GR,quantile,0.25,197.75088059443172
2026-09-23,ILI incidence,2026-09-27,2,GR,quantile,0.3,211.18520955880808
2026-09-23,ILI incidence,2026-09-27,2,GR,quantile,0.35,224.4434092259876
2026-09-23,ILI incidence,2026-09-27,2,GR,quantile,0.4,237.78935389380308
2026-09-23,ILI incidence,2026-09-27,2,GR,quantile,0.45,251.4532119334672
2026-09-23,ILI incidence,2026-09-27,2,GR,quantile,0.5,265.66357601544496
2026-09-23,ILI incidence,2026-09-27,2,GR,quantile,0.55,280.67382870171446
2026-09-23,ILI incidence,2026-09-27,2,GR,quantile,0.6,296.7915958722747
2026-09-23,ILI incidence,2026-09-27,2,GR,quantile,0.65,314.4204552596341
2026-09-23,ILI incidence,2026-09-27,2,GR,quantile,0.7,334.1292152794311
2026-09-23,ILI incidence,2026-09-27,2,GR,quantile,0.75,356.7818752836118
2026-09-23,ILI incidence,2026-09-27,2,GR,quantile,0.8,383.8130714073596
2026-09-23,ILI incidence,2026-09-27,2,GR,quantile,0.85,417.90946075785945
2026-09-23,ILI incidence,2026-09-27,2,GR,quantile,0.9,465.13476202070893
2026-09-23,ILI incidence,2026-09-27,2,GR,quantile,0.95,545.0977921422904
2026-09-23,ILI incidence,2026-09-27,2,GR,quantile,0.975,625.4819133356948
2026-09-23,ILI incidence,2026-09-27,2,GR,quantile,0.99,733.9380561966768
2026-09-23,ILI incidence,2026-09-27,2,GR,median,,265.66357601544496
2026-09-23,ILI incidence,2026-10-04,3,GR,quantile,0.01,85.31247804804165
2026-09-23,ILI incidence,2026-10-04,3,GR,quantile,0.025,102.07266807090295
2026-09-23,ILI incidence,2026-10-04,3,GR,quantile,0.05,119.06817564072456
2026-09-23,ILI incidence,2026-10-04,3,GR,quantile,0.1,142.16919162194267
2026-09-23,ILI incidence,2026-10-04,3,GR,quantile,0.15,160.2170257220224
2026-09-23,ILI incidence,2026-10-04,3,GR,quantile,0.2,176.17001283785424
2026-09-23,ILI incidence,2026-10-04,3,GR,quantile,0.25,191.1086046027038
2026-09-23,ILI incidence,2026-10-04,3,GR,quantile,0.3,205.59439350384324
2026-09-23,ILI incidence,2026-10-04,3,GR,quantile,0.35,219.99091996690836
2026-09-23,ILI incidence,2026-10-04,3,GR,quantile,0.4,234.5783720774742
2026-09-23,ILI incidence,2026-10-04,3,GR,quantile,0.45,249.60774694760937
2026-09-23,ILI incidence,2026-10-04,3,GR,quantile,0.5,265.3346841397686
2026-09-23,ILI incidence,2026-10-04,3,GR,quantile,0.55,282.0485682897082
2026-09-23,ILI incidence,2026-10-04,3,GR,quantile,0.6,300.1064358340262
2026-09-23,ILI incidence,2026-10-04,3,GR,quantile,0.65,319.98225568024344
2026-09-23,ILI incidence,2026-10-04,3,GR,quantile,0.7,342.34989818835885
2026-09-23,ILI incidence,2026-10-04,3,GR,quantile,0.75,368.2399105314827
2026-09-23,ILI incidence,2026-10-04,3,GR,quantile,0.8,399.37342008181287
2026-09-23,ILI incidence,2026-10-04,3,GR,quantile,0.85,438.99176673894345
2026-09-23,ILI incidence,2026-10-04,3,GR,quantile,0.9,494.45690083339605
2026-09-23,ILI incidence,2026-10-04,3,GR,quantile,0.95,589.78239173121
2026-09-23,ILI incidence,2026-10-04,3,GR,quantile,0.975,687.1956711068664
2026-09-23,ILI incidence,2026-10-04,3,GR,quantile,0.99,820.8297699244397
2026-09-23,ILI incidence,2026-10-04,3,GR,median,,265.3346841397686
2026-09-23,ILI incidence,2026-10-11,4,GR,quantile,0.01,74.31622607886966
2026-09-23,ILI incidence,2026-10-11,4,GR,quantile,0.025,90.87456791699056
2026-09-23,ILI incidence,2026-10-11,4,GR,quantile,0.05,107.99934392940659
2026-09-23,ILI incidence,2026-10-11,4,GR,quantile,0.1,131.7408750285807
2026-09-23,ILI incidence,2026-10-11,4,GR,quantile,0.15,150.6162079747208
2026-09-23,ILI incidence,2026-10-11,4,GR,quantile,0.2,167.5141253010613
2026-09-23,ILI incidence,2026-10-11,4,GR,quantile,0.25,183.504272627799
2026-09-23,ILI incidence,2026-10-11,4,GR,quantile,0.3,199.15295662224707
2026-09-23,ILI incidence,2026-10-11,4,GR,quantile,0.35,214.83616989114077
2026-09-23,ILI incidence,2026-10-11,4,GR,quantile,0.4,230.85281045334162
2026-09-23,ILI incidence,2026-10-11,4,GR,quantile,0.45,247.47946249450638
2026-09-23,ILI incidence,2026-10-11,4,GR,quantile,0.5,265.0061979047018
2026-09-23,ILI incidence,2026-10-11,4,GR,quantile,0.55,283.7691982804406
2026-09-23,ILI incidence,2026-10-11,4,GR,quantile,0.6,304.19059564281235
2026-09-23,ILI incidence,2026-10-11,4,GR,quantile,0.65,326.83799563995035
2026-09-23,ILI incidence,2026-10-11,4,GR,quantile,0.7,352.5261158158204
2026-09-23,ILI incidence,2026-10-11,4,GR,quantile,0.75,382.5103454024522
2026-09-23,ILI incidence,2026-10-11,4,GR,quantile,0.8,418.9012824432336
2026-09-23,ILI incidence,2026-10-11,4,GR,quantile,0.85,465.70008615116666
2026-09-23,ILI incidence,2026-10-11,4,GR,quantile,0.9,532.0633635530885
2026-09-23,ILI incidence,2026-10-11,4,GR,quantile,0.95,648.1717727176656
2026-09-23,ILI incidence,2026-10-11,4,GR,quantile,0.975,769.1728446510574
2026-09-23,ILI incidence,2026-10-11,4,GR,quantile,0.99,938.4960555991966
2026-09-23,ILI incidence,2026-10-11,4,GR,median,,265.0061979047018
2026-09-23,ILI incidence,2026-09-20,1,HR,quantile,0.01,0.20116475671827838
2026-09-23,ILI incidence,2026-09-20,1,HR,quantile,0.025,0.4523985488695732
2026-09-23,ILI incidence,2026-09-20,1,HR,quantile,0.05,0.7101174180683603
2026-09-23,ILI incidence,2026-09-20,1,HR,quantile,0.1,1.0645022011233882
2026-09-23,ILI incidence,2026-09-20,1,HR,quantile,0.15,1.3442195500236247
2026-09-23,ILI incidence,2026-09-20,1,HR,quantile,0.2,1.5933189258968783
2026-09-23,ILI incidence,2026-09-20,1,HR,quantile,0.25,1.8280161458823891
2026-09-23,ILI incidence,2026-09-20,1,HR,quantile,0.3,2.0568290730475147
2026-09-23,ILI incidence,2026-09-20,1,HR,quantile,0.35,2.2853523202385335
2026-09-23,ILI incidence,2026-09-20,1,HR,quantile,0.4,2.517975676418033
2026-09-23,ILI incidence,2026-09-20,1,HR,quantile,0.45,2.7587068455865613
2026-09-23,ILI incidence,2026-09-20,1,HR,quantile,0.5,3.0116988730758836
2026-09-23,ILI incidence,2026-09-20,1,HR,quantile,0.55,3.2817193543932337
2026-09-23,ILI incidence,2026-09-20,1,HR,quantile,0.6,3.574712655382765
2026-09-23,ILI incidence,2026-09-20,1,HR,quantile,0.65,3.898630734091202
2026-09-23,ILI incidence,2026-09-20,1,HR,quantile,0.7,4.264843883532432
2026-09-23,ILI incidence,2026-09-20,1,HR,quantile,0.75,4.690818940928219
2026-09-23,ILI incidence,2026-09-20,1,HR,quantile,0.8,5.205842130532569
2026-09-23,ILI incidence,2026-09-20,1,HR,quantile,0.85,5.86528181546653
2026-09-23,ILI incidence,2026-09-20,1,HR,quantile,0.9,6.795452017188939
2026-09-23,ILI incidence,2026-09-20,1,HR,quantile,0.95,8.410890549502009
2026-09-23,ILI incidence,2026-09-20,1,HR,quantile,0.975,10.080793120293558
2026-09-23,ILI incidence,2026-09-20,1,HR,quantile,0.99,12.398434942603757
2026-09-23,ILI incidence,2026-09-20,1,HR,median,,3.0116988730758836
2026-09-23,ILI incidence,2026-09-27,2,HR,quantile,0.01,0.019875544294381653
2026-09-23,ILI incidence,2026-09-27,2,HR,quantile,0.025,0.32093801915344633
2026-09-23,ILI incidence,2026-09-27,2,HR,quantile,0.05,0.6500494627656386
2026-09-23,ILI incidence,2026-09-27,2,HR,quantile,0.1,1.1324915568126475
2026-09-23,ILI incidence,2026-09-27,2,HR,quantile,0.15,1.5353730262459742
2026-09-23,ILI incidence,2026-09-27,2,HR,quantile,0.2,1.9091915380789284
2026-09-23,ILI incidence,2026-09-27,2,HR,quantile,0.25,2.2735254626188564
2026-09-23,ILI incidence,2026-09-27,2,HR,quantile,0.3,2.6394343286759754
2026-09-23,ILI incidence,2026-09-27,2,HR,quantile,0.35,3.0149170232797093
2026-09-23,ILI incidence,2026-09-27,2,HR,quantile,0.4,3.406972230478
2026-09-23,ILI incidence,2026-09-27,2,HR,quantile,0.45,3.8226911534361117
2026-09-23,ILI incidence,2026-09-27,2,HR,quantile,0.5,4.270088304852297
2026-09-23,ILI incidence,2026-09-27,2,HR,quantile,0.55,4.758990127566519
2026-09-23,ILI incidence,2026-09-27,2,HR,quantile,0.6,5.302247731188559
2026-09-23,ILI incidence,2026-09-27,2,HR,quantile,0.65,5.917659961563301
2026-09-23,ILI incidence,2026-09-27,2,HR,quantile,0.7,6.631359225829216
2026-09-23,ILI incidence,2026-09-27,2,HR,quantile,0.75,7.4843790152533565
2026-09-23,ILI incidence,2026-09-27,2,HR,quantile,0.8,8.546924077498621
2026-09-23,ILI incidence,2026-09-27,2,HR,quantile,0.85,9.954534284867966
2026-09-23,ILI incidence,2026-09-27,2,HR,quantile,0.9,12.02412225371407
2026-09-23,ILI incidence,2026-09-27,2,HR,quantile,0.95,15.832120107714452
2026-09-23,ILI incidence,2026-09-27,2,HR,quantile,0.975,20.02583947030342
2026-09-23,ILI incidence,2026-09-27,2,HR,quantile,0.99,26.232568617141176
2026-09-23,ILI incidence,2026-09-27,2,HR,median,,4.270088304852297
2026-09-23,ILI incidence,2026-10-04,3,HR,quantile,0.01,0
2026-09-23,ILI incidence,2026-10-04,3,HR,quantile,0.025,0.07775048871236145
2026-09-23,ILI incidence,2026-10-04,3,HR,quantile,0.05,0.45342079535886404
2026-09-23,ILI incidence,2026-10-04,3,HR,quantile,0.1,1.0517610641349209
2026-09-23,ILI incidence,2026-10-04,3,HR,quantile,0.15,1.5891222517629346
2026-09-23,ILI incidence,2026-10-04,3,HR,quantile,0.2,2.1149038041471866
2026-09-23,ILI incidence,2026-10-04,3,HR,quantile,0.25,2.650296113890978
2026-09-23,ILI incidence,2026-10-04,3,HR,quantile,0.3,3.209083771006487
2026-09-23,ILI incidence,2026-10-04,3,HR,quantile,0.35,3.802966862033256
2026-09-23,ILI incidence,2026-10-04,3,HR,quantile,0.4,4.443805280641378
2026-09-23,ILI incidence,2026-10-04,3,HR,quantile,0.45,5.145092606254576
2026-09-23,ILI incidence,2026-10-04,3,HR,quantile,0.5,5.923407889590687
2026-09-23,ILI incidence,2026-10-04,3,HR,quantile,0.55,6.800301781759805
2026-09-23,ILI incidence,2026-10-04,3,HR,quantile,0.6,7.805160055247082
2026-09-23,ILI incidence,2026-10-04,3,HR,quantile,0.65,8.979993238045102
2026-09-23,ILI incidence,2026-10-04,3,HR,quantile,0.7,10.388126113295339
2026-09-23,ILI incidence,2026-10-04,3,HR,quantile,0.75,12.13142148201027
2026-09-23,ILI incidence,2026-10-04,3,HR,quantile,0.8,14.388461352105882
2026-09-23,ILI incidence,2026-10-04,3,HR,quantile,0.85,17.513446699169428
2026-09-23,ILI incidence,2026-10-04,3,HR,quantile,0.9,22.36216318923895
2026-09-23,ILI incidence,2026-10-04,3,HR,quantile,0.95,31.97983416689125
2026-09-23,ILI incidence,2026-10-04,3,HR,quantile,0.975,43.47557881686979
2026-09-23,ILI incidence,2026-10-04,3,HR,quantile,0.99,61.969058888963794
2026-09-23,ILI incidence,2026-10-04,3,HR,median,,5.923407889590687
2026-09-23,ILI incidence,2026-10-11,4,HR,quantile,0.01,0
2026-09-23,ILI incidence,2026-10-11,4,HR,quantile,0.025,0
2026-09-23,ILI incidence,2026-10-11,4,HR,quantile,0.05,0.1941396344531512
2026-09-23,ILI incidence,2026-10-11,4,HR,quantile,0.1,0.8698774878987743
2026-09-23,ILI incidence,2026-10-11,4,HR,quantile,0.15,1.5305532346885875
2026-09-23,ILI incidence,2026-10-11,4,HR,quantile,0.2,2.2184730742417664
2026-09-23,ILI incidence,2026-10-11,4,HR,quantile,0.25,2.955899942073593
2026-09-23,ILI incidence,2026-10-11,4,HR,quantile,0.3,3.7610720399936053
2026-09-23,ILI incidence,2026-10-11,4,HR,quantile,0.35,4.652784488230593
2026-09-23,ILI incidence,2026-10-11,4,HR,quantile,0.4,5.6528904377096945
2026-09-23,ILI incidence,2026-10-11,4,HR,quantile,0.45,6.78860761694252
2026-09-23,ILI incidence,2026-10-11,4,HR,quantile,0.5,8.095446809665747
2026-09-23,ILI incidence,2026-10-11,4,HR,quantile,0.55,9.621558657994642
2026-09-23,ILI incidence,2026-10-11,4,HR,quantile,0.6,11.434768532869189
2026-09-23,ILI incidence,2026-10-11,4,HR,quantile,0.65,13.634761477233264
2026-09-23,ILI incidence,2026-10-11,4,HR,quantile,0.7,16.375740583746754
2026-09-23,ILI incidence,2026-10-11,4,HR,quantile,0.75,19.912347096447323
2026-09-23,ILI incidence,2026-10-11,4,HR,quantile,0.8,24.703851099313095
2026-09-23,ILI incidence,2026-10-11,4,HR,quantile,0.85,31.69133070723145
2026-09-23,ILI incidence,2026-10-11,4,HR,quantile,0.9,43.24201756684141
2026-09-23,ILI incidence,2026-10-11,4,HR,quantile,0.95,68.27762070751724
2026-09-23,ILI incidence,2026-10-11,4,HR,quantile,0.975,101.2154437182469
2026-09-23,ILI incidence,2026-10-11,4,HR,quantile,0.99,159.66698967445092
2026-09-23,ILI incidence,2026-10-11,4,HR,median,,8.095446809665747
2026-09-23,ILI incidence,2026-09-20,1,HU,quantile,0.01,24.22564734364181
2026-09-23,ILI incidence,2026-09-20,1,HU,quantile,0.025,28.803467437753234
2026-09-23,ILI incidence,2026-09-20,1,HU,quantile,0.05,33.39979367774031
2026-09-23,ILI incidence,2026-09-20,1,HU,quantile,0.1,39.585520086824395
2026-09-23,ILI incidence,2026-09-20,1,HU,quantile,0.15,44.37582588201345
2026-09-23,ILI incidence,2026-09-20,1,HU,quantile,0.2,48.58311307704839
2026-09-23,ILI incidence,2026-09-20,1,HU,quantile,0.25,52.50215758087094
2026-09-23,ILI incidence,2026-09-20,1,HU,quantile,0.3,56.28487863637062
2026-09-23,ILI incidence,2026-09-20,1,HU,quantile,0.35,60.0284683524834
2026-09-23,ILI incidence,2026-09-20,1,HU,quantile,0.4,63.80673455507477
2026-09-23,ILI incidence,2026-09-20,1,HU,quantile,0.45,67.68474025790742
2026-09-23,ILI incidence,2026-09-20,1,HU,quantile,0.5,71.72775954183552
2026-09-23,ILI incidence,2026-09-20,1,HU,quantile,0.55,76.00876480152527
2026-09-23,ILI incidence,2026-09-20,1,HU,quantile,0.6,80.61693447893157
2026-09-23,ILI incidence,2026-09-20,1,HU,quantile,0.65,85.66983050312473
2026-09-23,ILI incidence,2026-09-20,1,HU,quantile,0.7,91.3337385691311
2026-09-23,ILI incidence,2026-09-20,1,HU,quantile,0.75,97.86193841771693
2026-09-23,ILI incidence,2026-09-20,1,HU,quantile,0.8,105.67597655185216
2026-09-23,ILI incidence,2026-09-20,1,HU,quantile,0.85,115.56706859128903
2026-09-23,ILI incidence,2026-09-20,1,HU,quantile,0.9,129.32547067672454
2026-09-23,ILI incidence,2026-09-20,1,HU,quantile,0.95,152.76042826087368
2026-09-23,ILI incidence,2026-09-20,1,HU,quantile,0.975,176.47354461430373
2026-09-23,ILI incidence,2026-09-20,1,HU,quantile,0.99,208.68052616926147
2026-09-23,ILI incidence,2026-09-20,1,HU,median,,71.72775954183552
2026-09-23,ILI incidence,2026-09-27,2,HU,quantile,0.01,24.752227898090318
2026-09-23,ILI incidence,2026-09-27,2,HU,quantile,0.025,30.5593929642696
2026-09-23,ILI incidence,2026-09-27,2,HU,quantile,0.05,36.59095944266758
2026-09-23,ILI incidence,2026-09-27,2,HU,quantile,0.1,44.98904541305256
2026-09-23,ILI incidence,2026-09-27,2,HU,quantile,0.15,51.69120403823807
2026-09-23,ILI incidence,2026-09-27,2,HU,quantile,0.2,57.707825728181795
2026-09-23,ILI incidence,2026-09-27,2,HU,quantile,0.25,63.41420792183119
2026-09-23,ILI incidence,2026-09-27,2,HU,quantile,0.3,69.00989906385436
2026-09-23,ILI incidence,2026-09-27,2,HU,quantile,0.35,74.62816393206172
2026-09-23,ILI incidence,2026-09-27,2,HU,quantile,0.4,80.37568448097703
2026-09-23,ILI incidence,2026-09-27,2,HU,quantile,0.45,86.35188068362112
2026-09-23,ILI incidence,2026-09-27,2,HU,quantile,0.5,92.66167012672875
2026-09-23,ILI incidence,2026-09-27,2,HU,quantile,0.55,99.42724188963044
2026-09-23,ILI incidence,2026-09-27,2,HU,quantile,0.6,106.80257649296799
2026-09-23,ILI incidence,2026-09-27,2,HU,quantile,0.65,114.99525884045885
2026-09-23,ILI incidence,2026-09-27,2,HU,quantile,0.7,124.30382943313438
2026-09-23,ILI incidence,2026-09-27,2,HU,quantile,0.75,135.1890293143694
2026-09-23,ILI incidence,2026-09-27,2,HU,quantile,0.8,148.42656012411382
2026-09-23,ILI incidence,2026-09-27,2,HU,quantile,0.85,165.48904899880333
2026-09-23,ILI incidence,2026-09-27,2,HU,quantile,0.9,189.75213177698078
2026-09-23,ILI incidence,2026-09-27,2,HU,quantile,0.95,232.36750593736957
2026-09-23,ILI incidence,2026-09-27,2,HU,quantile,0.975,276.9682252082627
2026-09-23,ILI incidence,2026-09-27,2,HU,quantile,0.99,339.6504666564668
2026-09-23,ILI incidence,2026-09-27,2,HU,median,,92.66167012672875
2026-09-23,ILI incidence,2026-10-04,3,HU,quantile,0.01,23.567801683368344
2026-09-23,ILI incidence,2026-10-04,3,HU,quantile,0.025,30.564804025755016
2026-09-23,ILI incidence,2026-10-04,3,HU,quantile,0.05,38.15694032477045
2026-09-23,ILI incidence,2026-10-04,3,HU,quantile,0.1,49.203046330317584
2026-09-23,ILI incidence,2026-10-04,3,HU,quantile,0.15,58.366859372615984
2026-09-23,ILI incidence,2026-10-04,3,HU,quantile,0.2,66.82883161163618
2026-09-23,ILI incidence,2026-10-04,3,HU,quantile,0.25,75.04345976744766
2026-09-23,ILI incidence,2026-10-04,3,HU,quantile,0.3,83.2649341440495
2026-09-23,ILI incidence,2026-10-04,3,HU,quantile,0.35,91.67477690910046
2026-09-23,ILI incidence,2026-10-04,3,HU,quantile,0.4,100.42969622008292
2026-09-23,ILI incidence,2026-10-04,3,HU,quantile,0.45,109.68659758931403
2026-09-23,ILI incidence,2026-10-04,3,HU,quantile,0.5,119.62118379821537
2026-09-23,ILI incidence,2026-10-04,3,HU,quantile,0.55,130.44744077206596
2026-09-23,ILI incidence,2026-10-04,3,HU,quantile,0.6,142.44388796465785
2026-09-23,ILI incidence,2026-10-04,3,HU,quantile,0.65,155.99492856781987
2026-09-23,ILI incidence,2026-10-04,3,HU,quantile,0.7,171.66339941607
2026-09-23,ILI incidence,2026-10-04,3,HU,quantile,0.75,190.33098395808557
2026-09-23,ILI incidence,2026-10-04,3,HU,quantile,0.8,213.50273630228452
2026-09-23,ILI incidence,2026-10-04,3,HU,quantile,0.85,244.07730633960514
2026-09-23,ILI incidence,2026-10-04,3,HU,quantile,0.9,288.8124923565932
2026-09-23,ILI incidence,2026-10-04,3,HU,quantile,0.95,370.5681015985544
2026-09-23,ILI incidence,2026-10-04,3,HU,quantile,0.975,459.9396582665727
2026-09-23,ILI incidence,2026-10-04,3,HU,quantile,0.99,591.2170069751259
2026-09-23,ILI incidence,2026-10-04,3,HU,median,,119.62118379821537
2026-09-23,ILI incidence,2026-10-11,4,HU,quantile,0.01,21.178695943644076
2026-09-23,ILI incidence,2026-10-11,4,HU,quantile,0.025,29.135107065327947
2026-09-23,ILI incidence,2026-10-11,4,HU,quantile,0.05,38.226329579504835
2026-09-23,ILI incidence,2026-10-11,4,HU,quantile,0.1,52.16116977247546
2026-09-23,ILI incidence,2026-10-11,4,HU,quantile,0.15,64.26279578391683
2026-09-23,ILI incidence,2026-10-11,4,HU,quantile,0.2,75.81686828537663
2026-09-23,ILI incidence,2026-10-11,4,HU,quantile,0.25,87.3464099709662
2026-09-23,ILI incidence,2026-10-11,4,HU,quantile,0.3,99.16786021586975
2026-09-23,ILI incidence,2026-10-11,4,HU,quantile,0.35,111.52975210591961
2026-09-23,ILI incidence,2026-10-11,4,HU,quantile,0.4,124.66776706513133
2026-09-23,ILI incidence,2026-10-11,4,HU,quantile,0.45,138.83709785458478
2026-09-23,ILI incidence,2026-10-11,4,HU,quantile,0.5,154.34070619493247
2026-09-23,ILI incidence,2026-10-11,4,HU,quantile,0.55,171.56318510152178
2026-09-23,ILI incidence,2026-10-11,4,HU,quantile,0.6,191.02008251355198
2026-09-23,ILI incidence,2026-10-11,4,HU,quantile,0.65,213.438711092397
2026-09-23,ILI incidence,2026-10-11,4,HU,quantile,0.7,239.9029697663171
2026-09-23,ILI incidence,2026-10-11,4,HU,quantile,0.75,272.1376974918455
2026-09-23,ILI incidence,2026-10-11,4,HU,quantile,0.8,313.1332826989774
2026-09-23,ILI incidence,2026-10-11,4,HU,quantile,0.85,368.74718461397964
2026-09-23,ILI incidence,2026-10-11,4,HU,quantile,0.9,452.91655421461763
2026-09-23,ILI incidence,2026-10-11,4,HU,quantile,0.95,614.1667836327019
2026-09-23,ILI incidence,2026-10-11,4,HU,quantile,0.975,799.7515934431183
2026-09-23,ILI incidence,2026-10-11,4,HU,quantile,0.99,1087.0141493646142
2026-09-23,ILI incidence,2026-10-11,4,HU,median,,154.34070619493247
2026-09-23,ILI incidence,2026-09-20,1,IE,quantile,0.01,0.46395040887092365
2026-09-23,ILI incidence,2026-09-20,1,IE,quantile,0.025,0.7351264009171454
2026-09-23,ILI incidence,2026-09-20,1,IE,quantile,0.05,1.0082014519038385
2026-09-23,ILI incidence,2026-09-20,1,IE,quantile,0.1,1.3767922496769383
2026-09-23,ILI incidence,2026-09-20,1,IE,quantile,0.15,1.662981096131023
2026-09-23,ILI incidence,2026-09-20,1,IE,quantile,0.2,1.9148166875581651
2026-09-23,ILI incidence,2026-09-20,1,IE,quantile,0.25,2.1497667014790083
2026-09-23,ILI incidence,2026-09-20,1,IE,quantile,0.3,2.3768558332252523
2026-09-23,ILI incidence,2026-09-20,1,IE,quantile,0.35,2.6018775911534617
2026-09-23,ILI incidence,2026-09-20,1,IE,quantile,0.4,2.8292507068836095
2026-09-23,ILI incidence,2026-09-20,1,IE,quantile,0.45,3.062888959440903
2026-09-23,ILI incidence,2026-09-20,1,IE,quantile,0.5,3.3067365462973735
2026-09-23,ILI incidence,2026-09-20,1,IE,quantile,0.55,3.56521944467954
2026-09-23,ILI incidence,2026-09-20,1,IE,quantile,0.6,3.8437621610595682
2026-09-23,ILI incidence,2026-09-20,1,IE,quantile,0.65,4.149530823803938
2026-09-23,ILI incidence,2026-09-20,1,IE,quantile,0.7,4.492677388450474
2026-09-23,ILI incidence,2026-09-20,1,IE,quantile,0.75,4.888683650920563
2026-09-23,ILI incidence,2026-09-20,1,IE,quantile,0.8,5.363343450854079
2026-09-23,ILI incidence,2026-09-20,1,IE,quantile,0.85,5.965118793430911
2026-09-23,ILI incidence,2026-09-20,1,IE,quantile,0.9,6.803786671609405
2026-09-23,ILI incidence,2026-09-20,1,IE,quantile,0.95,8.236115062873472
2026-09-23,ILI incidence,2026-09-20,1,IE,quantile,0.975,9.689699418676021
2026-09-23,ILI incidence,2026-09-20,1,IE,quantile,0.99,11.66981420054974
2026-09-23,ILI incidence,2026-09-20,1,IE,median,,3.3067365462973735
2026-09-23,ILI incidence,2026-09-27,2,IE,quantile,0.01,0.423571036577572
2026-09-23,ILI incidence,2026-09-27,2,IE,quantile,0.025,0.7570699657030104
2026-09-23,ILI incidence,2026-09-27,2,IE,quantile,0.05,1.1057490929262195
2026-09-23,ILI incidence,2026-09-27,2,IE,quantile,0.1,1.5944639592597798
2026-09-23,ILI incidence,2026-09-27,2,IE,quantile,0.15,1.9867763778425962
2026-09-23,ILI incidence,2026-09-27,2,IE,quantile,0.2,2.3404641517952127
2026-09-23,ILI incidence,2026-09-27,2,IE,quantile,0.25,2.6770946760709426
2026-09-23,ILI incidence,2026-09-27,2,IE,quantile,0.3,3.008214009431849
2026-09-23,ILI incidence,2026-09-27,2,IE,quantile,0.35,3.3416047553865464
2026-09-23,ILI incidence,2026-09-27,2,IE,quantile,0.4,3.6835655738996804
2026-09-23,ILI incidence,2026-09-27,2,IE,quantile,0.45,4.040030928939939
2026-09-23,ILI incidence,2026-09-27,2,IE,quantile,0.5,4.417322915203367
2026-09-23,ILI incidence,2026-09-27,2,IE,quantile,0.55,4.822858625544207
2026-09-23,ILI incidence,2026-09-27,2,IE,quantile,0.6,5.2660353750853925
2026-09-23,ILI incidence,2026-09-27,2,IE,quantile,0.65,5.759571453660487
2026-09-23,ILI incidence,2026-09-27,2,IE,quantile,0.7,6.321811534645929
2026-09-23,ILI incidence,2026-09-27,2,IE,quantile,0.75,6.981134605689797
2026-09-23,ILI incidence,2026-09-27,2,IE,quantile,0.8,7.785422095254578
2026-09-23,ILI incidence,2026-09-27,2,IE,quantile,0.85,8.825773293675798
2026-09-23,ILI incidence,2026-09-27,2,IE,quantile,0.9,10.311541816892511
2026-09-23,ILI incidence,2026-09-27,2,IE,quantile,0.95,12.936792216210993
2026-09-23,ILI incidence,2026-09-27,2,IE,quantile,0.975,15.70245814932332
2026-09-23,ILI incidence,2026-09-27,2,IE,quantile,0.99,19.615330611208556
2026-09-23,ILI incidence,2026-09-27,2,IE,median,,4.417322915203367
2026-09-23,ILI incidence,2026-10-04,3,IE,quantile,0.01,0.2842563622569778
2026-09-23,ILI incidence,2026-10-04,3,IE,quantile,0.025,0.6703133609888432
2026-09-23,ILI incidence,2026-10-04,3,IE,quantile,0.05,1.093967849925109
2026-09-23,ILI incidence,2026-10-04,3,IE,quantile,0.1,1.7174158278545546
2026-09-23,ILI incidence,2026-10-04,3,IE,quantile,0.15,2.2398299742442096
2026-09-23,ILI incidence,2026-10-04,3,IE,quantile,0.2,2.7257661201584558
2026-09-23,ILI incidence,2026-10-04,3,IE,quantile,0.25,3.2003462896289223
2026-09-23,ILI incidence,2026-10-04,3,IE,quantile,0.3,3.6778374158524025
2026-09-23,ILI incidence,2026-10-04,3,IE,quantile,0.35,4.168627771631771
2026-09-23,ILI incidence,2026-10-04,3,IE,quantile,0.4,4.68187030414331
2026-09-23,ILI incidence,2026-10-04,3,IE,quantile,0.45,5.226895529537322
2026-09-23,ILI incidence,2026-10-04,3,IE,quantile,0.5,5.814298309660555
2026-09-23,ILI incidence,2026-10-04,3,IE,quantile,0.55,6.4571126547377515
2026-09-23,ILI incidence,2026-10-04,3,IE,quantile,0.6,7.1724254457518715
2026-09-23,ILI incidence,2026-10-04,3,IE,quantile,0.65,7.983943805723694
2026-09-23,ILI incidence,2026-10-04,3,IE,quantile,0.7,8.926523161254702
2026-09-23,ILI incidence,2026-10-04,3,IE,quantile,0.75,10.054960294034462
2026-09-23,ILI incidence,2026-10-04,3,IE,quantile,0.8,11.463117639565588
2026-09-23,ILI incidence,2026-10-04,3,IE,quantile,0.85,13.332437758211388
2026-09-23,ILI incidence,2026-10-04,3,IE,quantile,0.9,16.087801203286457
2026-09-23,ILI incidence,2026-10-04,3,IE,quantile,0.95,21.175441449448904
2026-09-23,ILI incidence,2026-10-04,3,IE,quantile,0.975,26.799970076005916
2026-09-23,ILI incidence,2026-10-04,3,IE,quantile,0.99,35.156847509353575
2026-09-23,ILI incidence,2026-10-04,3,IE,median,,5.814298309660555
2026-09-23,ILI incidence,2026-10-11,4,IE,quantile,0.01,0.09069278064627762
2026-09-23,ILI incidence,2026-10-11,4,IE,quantile,0.025,0.5090886416538909
2026-09-23,ILI incidence,2026-10-11,4,IE,quantile,0.05,0.9952306968649405
2026-09-23,ILI incidence,2026-10-11,4,IE,quantile,0.1,1.7530830237963744
2026-09-23,ILI incidence,2026-10-11,4,IE,quantile,0.15,2.421049636229456
2026-09-23,ILI incidence,2026-10-11,4,IE,quantile,0.2,3.0657237811900018
2026-09-23,ILI incidence,2026-10-11,4,IE,quantile,0.25,3.7147942170515185
2026-09-23,ILI incidence,2026-10-11,4,IE,quantile,0.3,4.385530197699784
2026-09-23,ILI incidence,2026-10-11,4,IE,quantile,0.35,5.091959631238911
2026-09-23,ILI incidence,2026-10-11,4,IE,quantile,0.4,5.847789117844475
2026-09-23,ILI incidence,2026-10-11,4,IE,quantile,0.45,6.668201947260959
2026-09-23,ILI incidence,2026-10-11,4,IE,quantile,0.5,7.5715144140156045
2026-09-23,ILI incidence,2026-10-11,4,IE,quantile,0.55,8.581236886428202
2026-09-23,ILI incidence,2026-10-11,4,IE,quantile,0.6,9.729135796285183
2026-09-23,ILI incidence,2026-10-11,4,IE,quantile,0.65,11.06029977167391
2026-09-23,ILI incidence,2026-10-11,4,IE,quantile,0.7,12.642270426978106
2026-09-23,ILI incidence,2026-10-11,4,IE,quantile,0.75,14.58304688759537
2026-09-23,ILI incidence,2026-10-11,4,IE,quantile,0.8,17.070794599866545
2026-09-23,ILI incidence,2026-10-11,4,IE,quantile,0.85,20.47611615207489
2026-09-23,ILI incidence,2026-10-11,4,IE,quantile,0.9,25.68675761487366
2026-09-23,ILI incidence,2026-10-11,4,IE,quantile,0.95,35.82324027247588
2026-09-23,ILI incidence,2026-10-11,4,IE,quantile,0.975,47.68558235860595
2026-09-23,ILI incidence,2026-10-11,4,IE,quantile,0.99,66.36164450097759
2026-09-23,ILI incidence,2026-10-11,4,IE,median,,7.5715144140156045
2026-09-23,ILI incidence,2026-09-20,1,IS,quantile,0.01,0
2026-09-23,ILI incidence,2026-09-20,1,IS,quantile,0.025,0
2026-09-23,ILI incidence,2026-09-20,1,IS,quantile,0.05,0
2026-09-23,ILI incidence,2026-09-20,1,IS,quantile,0.1,0
2026-09-23,ILI incidence,2026-09-20,1,IS,quantile,0.15,0
2026-09-23,ILI incidence,2026-09-20,1,IS,quantile,0.2,0
2026-09-23,ILI incidence,2026-09-20,1,IS,quantile,0.25,0.05239698654764058
2026-09-23,ILI incidence,2026-09-20,1,IS,quantile,0.3,0.1266010857999309
2026-09-23,ILI incidence,2026-09-20,1,IS,quantile,0.35,0.20002484619353966
2026-09-23,ILI incidence,2026-09-20,1,IS,quantile,0.4,0.2741166926716081
2026-09-23,ILI incidence,2026-09-20,1,IS,quantile,0.45,0.350152602163754
2026-09-23,ILI incidence,2026-09-20,1,IS,quantile,0.5,0.4294118930422697
2026-09-23,ILI incidence,2026-09-20,1,IS,quantile,0.55,0.5133240173712397
2026-09-23,ILI incidence,2026-09-20,1,IS,quantile,0.6,0.6036351864179728
2026-09-23,ILI incidence,2026-09-20,1,IS,quantile,0.65,0.7026467130674356
2026-09-23,ILI incidence,2026-09-20,1,IS,quantile,0.7,0.8136129866410704
2026-09-23,ILI incidence,2026-09-20,1,IS,quantile,0.75,0.9414901278588863
2026-09-23,ILI incidence,2026-09-20,1,IS,quantile,0.8,1.0945256783450623
2026-09-23,ILI incidence,2026-09-20,1,IS,quantile,0.85,1.288197590890754
2026-09-23,ILI incidence,2026-09-20,1,IS,quantile,0.9,1.5575218369034918
2026-09-23,ILI incidence,2026-09-20,1,IS,quantile,0.95,2.0160983927904237
2026-09-23,ILI incidence,2026-09-20,1,IS,quantile,0.975,2.479930035722959
2026-09-23,ILI incidence,2026-09-20,1,IS,quantile,0.99,3.109644537995499
2026-09-23,ILI incidence,2026-09-20,1,IS,median,,0.4294118930422697
2026-09-23,ILI incidence,2026-09-27,2,IS,quantile,0.01,0
2026-09-23,ILI incidence,2026-09-27,2,IS,quantile,0.025,0
2026-09-23,ILI incidence,2026-09-27,2,IS,quantile,0.05,0
2026-09-23,ILI incidence,2026-09-27,2,IS,quantile,0.1,0
2026-09-23,ILI incidence,2026-09-27,2,IS,quantile,0.15,0
2026-09-23,ILI incidence,2026-09-27,2,IS,quantile,0.2,0
2026-09-23,ILI incidence,2026-09-27,2,IS,quantile,0.25,1.6742935975644357e-5
2026-09-23,ILI incidence,2026-09-27,2,IS,quantile,0.3,0.08593188823848141
2026-09-23,ILI incidence,2026-09-27,2,IS,quantile,0.35,0.17212055008488814
2026-09-23,ILI incidence,2026-09-27,2,IS,quantile,0.4,0.26022205562115697
2026-09-23,ILI incidence,2026-09-27,2,IS,quantile,0.45,0.35175911068778154
2026-09-23,ILI incidence,2026-09-27,2,IS,quantile,0.5,0.44833400013041746
2026-09-23,ILI incidence,2026-09-27,2,IS,quantile,0.55,0.5518085725099873
2026-09-23,ILI incidence,2026-09-27,2,IS,quantile,0.6,0.6645252053614035
2026-09-23,ILI incidence,2026-09-27,2,IS,quantile,0.65,0.7896379137639535
2026-09-23,ILI incidence,2026-09-27,2,IS,quantile,0.7,0.9316785874448021
2026-09-23,ILI incidence,2026-09-27,2,IS,quantile,0.75,1.0976362553442534
2026-09-23,ILI incidence,2026-09-27,2,IS,quantile,0.8,1.2992699396063911
2026-09-23,ILI incidence,2026-09-27,2,IS,quantile,0.85,1.558888744464058
2026-09-23,ILI incidence,2026-09-27,2,IS,quantile,0.9,1.9275917045412316
2026-09-23,ILI incidence,2026-09-27,2,IS,quantile,0.95,2.57400952916501
2026-09-23,ILI incidence,2026-09-27,2,IS,quantile,0.975,3.249203140725159
2026-09-23,ILI incidence,2026-09-27,2,IS,quantile,0.99,4.196221890231539
2026-09-23,ILI incidence,2026-09-27,2,IS,median,,0.44833400013041746
2026-09-23,ILI incidence,2026-10-04,3,IS,quantile,0.01,0
2026-09-23,ILI incidence,2026-10-04,3,IS,quantile,0.025,0
2026-09-23,ILI incidence,2026-10-04,3,IS,quantile,0.05,0
2026-09-23,ILI incidence,2026-10-04,3,IS,quantile,0.1,0
2026-09-23,ILI incidence,2026-10-04,3,IS,quantile,0.15,0
2026-09-23,ILI incidence,2026-10-04,3,IS,quantile,0.2,0
2026-09-23,ILI incidence,2026-10-04,3,IS,quantile,0.25,0
2026-09-23,ILI incidence,2026-10-04,3,IS,quantile,0.3,0.032586300831548565
2026-09-23,ILI incidence,2026-10-04,3,IS,quantile,0.35,0.13347709768366922
2026-09-23,ILI incidence,2026-10-04,3,IS,quantile,0.4,0.23831283631763522
2026-09-23,ILI incidence,2026-10-04,3,IS,quantile,0.45,0.3489624849188331
2026-09-23,ILI incidence,2026-10-04,3,IS,quantile,0.5,0.4675065920376209
2026-09-23,ILI incidence,2026-10-04,3,IS,quantile,0.55,0.5964681166084858
2026-09-23,ILI incidence,2026-10-04,3,IS,quantile,0.6,0.7391207896043053
2026-09-23,ILI incidence,2026-10-04,3,IS,quantile,0.65,0.8999727494052046
2026-09-23,ILI incidence,2026-10-04,3,IS,quantile,0.7,1.0856131791982757
2026-09-23,ILI incidence,2026-10-04,3,IS,quantile,0.75,1.3063485618149517
2026-09-23,ILI incidence,2026-10-04,3,IS,quantile,0.8,1.5797471739470157
2026-09-23,ILI incidence,2026-10-04,3,IS,quantile,0.85,1.9395931632077583
2026-09-23,ILI incidence,2026-10-04,3,IS,quantile,0.9,2.464507156137963
2026-09-23,ILI incidence,2026-10-04,3,IS,quantile,0.95,3.419765081432222
2026-09-23,ILI incidence,2026-10-04,3,IS,quantile,0.975,4.45919037744114
2026-09-23,ILI incidence,2026-10-04,3,IS,quantile,0.99,5.978837526488603
2026-09-23,ILI incidence,2026-10-04,3,IS,median,,0.4675065920376209
2026-09-23,ILI incidence,2026-10-11,4,IS,quantile,0.01,0
2026-09-23,ILI incidence,2026-10-11,4,IS,quantile,0.025,0
2026-09-23,ILI incidence,2026-10-11,4,IS,quantile,0.05,0
2026-09-23,ILI incidence,2026-10-11,4,IS,quantile,0.1,0
2026-09-23,ILI incidence,2026-10-11,4,IS,quantile,0.15,0
2026-09-23,ILI incidence,2026-10-11,4,IS,quantile,0.2,0
2026-09-23,ILI incidence,2026-10-11,4,IS,quantile,0.25,0
2026-09-23,ILI incidence,2026-10-11,4,IS,quantile,0.3,0
2026-09-23,ILI incidence,2026-10-11,4,IS,quantile,0.35,0.08713212225168232
2026-09-23,ILI incidence,2026-10-11,4,IS,quantile,0.4,0.2102241732690444
2026-09-23,ILI incidence,2026-10-11,4,IS,quantile,0.45,0.3425667706442008
2026-09-23,ILI incidence,2026-10-11,4,IS,quantile,0.5,0.486932984711693
2026-09-23,ILI incidence,2026-10-11,4,IS,quantile,0.55,0.6468228987693025
2026-09-23,ILI incidence,2026-10-11,4,IS,quantile,0.6,0.8269092205053026
2026-09-23,ILI incidence,2026-10-11,4,IS,quantile,0.65,1.0337635654111987
2026-09-23,ILI incidence,2026-10-11,4,IS,quantile,0.7,1.27715424980321
2026-09-23,ILI incidence,2026-10-11,4,IS,quantile,0.75,1.572589084753091
2026-09-23,ILI incidence,2026-10-11,4,IS,quantile,0.8,1.9468898819605105
2026-09-23,ILI incidence,2026-10-11,4,IS,quantile,0.85,2.4524549425029436
2026-09-23,ILI incidence,2026-10-11,4,IS,quantile,0.9,3.213557973898137
2026-09-23,ILI incidence,2026-10-11,4,IS,quantile,0.95,4.66090753920478
2026-09-23,ILI incidence,2026-10-11,4,IS,quantile,0.975,6.313286892761285
2026-09-23,ILI incidence,2026-10-11,4,IS,quantile,0.99,8.850029050835316
2026-09-23,ILI incidence,2026-10-11,4,IS,median,,0.486932984711693
2026-09-23,ILI incidence,2026-09-20,1,LT,quantile,0.01,0.1464877476477795
2026-09-23,ILI incidence,2026-09-20,1,LT,quantile,0.025,0.3924800239900299
2026-09-23,ILI incidence,2026-09-20,1,LT,quantile,0.05,0.645865905849516
2026-09-23,ILI incidence,2026-09-20,1,LT,quantile,0.1,0.9957397706347066
2026-09-23,ILI incidence,2026-09-20,1,LT,quantile,0.15,1.2729102607964262
2026-09-23,ILI incidence,2026-09-20,1,LT,quantile,0.2,1.5204002445772478
2026-09-23,ILI incidence,2026-09-20,1,LT,quantile,0.25,1.7540939698779825
2026-09-23,ILI incidence,2026-09-20,1,LT,quantile,0.3,1.9823680845415947
2026-09-23,ILI incidence,2026-09-20,1,LT,quantile,0.35,2.2107543000165766
2026-09-23,ILI incidence,2026-09-20,1,LT,quantile,0.4,2.4436216652652036
2026-09-23,ILI incidence,2026-09-20,1,LT,quantile,0.45,2.684986238764766
2026-09-23,ILI incidence,2026-09-20,1,LT,quantile,0.5,2.9390351776697132
2026-09-23,ILI incidence,2026-09-20,1,LT,quantile,0.55,3.2105986632179526
2026-09-23,ILI incidence,2026-09-20,1,LT,quantile,0.6,3.505720906400599
2026-09-23,ILI incidence,2026-09-20,1,LT,quantile,0.65,3.8325087132451605
2026-09-23,ILI incidence,2026-09-20,1,LT,quantile,0.7,4.202576506683736
2026-09-23,ILI incidence,2026-09-20,1,LT,quantile,0.75,4.63379401742305
2026-09-23,ILI incidence,2026-09-20,1,LT,quantile,0.8,5.15616434901672
2026-09-23,ILI incidence,2026-09-20,1,LT,quantile,0.85,5.826489544502598
2026-09-23,ILI incidence,2026-09-20,1,LT,quantile,0.9,6.774559769375599
2026-09-23,ILI incidence,2026-09-20,1,LT,quantile,0.95,8.427255328501902
2026-09-23,ILI incidence,2026-09-20,1,LT,quantile,0.975,10.142707876311025
2026-09-23,ILI incidence,2026-09-20,1,LT,quantile,0.99,12.53350540618795
2026-09-23,ILI incidence,2026-09-20,1,LT,median,,2.9390351776697132
2026-09-23,ILI incidence,2026-09-27,2,LT,quantile,0.01,0
2026-09-23,ILI incidence,2026-09-27,2,LT,quantile,0.025,0.09596419540766177
2026-09-23,ILI incidence,2026-09-27,2,LT,quantile,0.05,0.3806835070537129
2026-09-23,ILI incidence,2026-09-27,2,LT,quantile,0.1,0.8019014854913158
2026-09-23,ILI incidence,2026-09-27,2,LT,quantile,0.15,1.156506219443325
2026-09-23,ILI incidence,2026-09-27,2,LT,quantile,0.2,1.4874724349608814
2026-09-23,ILI incidence,2026-09-27,2,LT,quantile,0.25,1.811611063348944
2026-09-23,ILI incidence,2026-09-27,2,LT,quantile,0.3,2.138540692330664
2026-09-23,ILI incidence,2026-09-27,2,LT,quantile,0.35,2.475330592519644
2026-09-23,ILI incidence,2026-09-27,2,LT,quantile,0.4,2.8282691845421986
2026-09-23,ILI incidence,2026-09-27,2,LT,quantile,0.45,3.2038198033029976
2026-09-23,ILI incidence,2026-09-27,2,LT,quantile,0.5,3.60936774346586
2026-09-23,ILI incidence,2026-09-27,2,LT,quantile,0.55,4.054039418580711
2026-09-23,ILI incidence,2026-09-27,2,LT,quantile,0.6,4.549837268573444
2026-09-23,ILI incidence,2026-09-27,2,LT,quantile,0.65,5.11345321801453
2026-09-23,ILI incidence,2026-09-27,2,LT,quantile,0.7,5.769474439640352
2026-09-23,ILI incidence,2026-09-27,2,LT,quantile,0.75,6.556618079741397
2026-09-23,ILI incidence,2026-09-27,2,LT,quantile,0.8,7.541309120009476
2026-09-23,ILI incidence,2026-09-27,2,LT,quantile,0.85,8.852172371655865
2026-09-23,ILI incidence,2026-09-27,2,LT,quantile,0.9,10.791028069833931
2026-09-23,ILI incidence,2026-09-27,2,LT,quantile,0.95,14.388226835447371
2026-09-23,ILI incidence,2026-09-27,2,LT,quantile,0.975,18.385917061460802
2026-09-23,ILI incidence,2026-09-27,2,LT,quantile,0.99,24.35736864159472
2026-09-23,ILI incidence,2026-09-27,2,LT,median,,3.60936774346586
2026-09-23,ILI incidence,2026-10-04,3,LT,quantile,0.01,0
2026-09-23,ILI incidence,2026-10-04,3,LT,quantile,0.025,0
2026-09-23,ILI incidence,2026-10-04,3,LT,quantile,0.05,0.05418408808910136
2026-09-23,ILI incidence,2026-10-04,3,LT,quantile,0.1,0.5118527126458785
2026-09-23,ILI incidence,2026-10-04,3,LT,quantile,0.15,0.9282442956906669
2026-09-23,ILI incidence,2026-10-04,3,LT,quantile,0.2,1.3395448222729516
2026-09-23,ILI incidence,2026-10-04,3,LT,quantile,0.25,1.7616559031322918
2026-09-23,ILI incidence,2026-10-04,3,LT,quantile,0.3,2.205251345835779
2026-09-23,ILI incidence,2026-10-04,3,LT,quantile,0.35,2.6796741132517647
2026-09-23,ILI incidence,2026-10-04,3,LT,quantile,0.4,3.1946279946212703
2026-09-23,ILI incidence,2026-10-04,3,LT,quantile,0.45,3.7613430129738976
2026-09-23,ILI incidence,2026-10-04,3,LT,quantile,0.5,4.393776082409265
2026-09-23,ILI incidence,2026-10-04,3,LT,quantile,0.55,5.110213094897167
2026-09-23,ILI incidence,2026-10-04,3,LT,quantile,0.6,5.935733148321062
2026-09-23,ILI incidence,2026-10-04,3,LT,quantile,0.65,6.906357881638774
2026-09-23,ILI incidence,2026-10-04,3,LT,quantile,0.7,8.076611250773595
2026-09-23,ILI incidence,2026-10-04,3,LT,quantile,0.75,9.534556602136039
2026-09-23,ILI incidence,2026-10-04,3,LT,quantile,0.8,11.435248151777461
2026-09-23,ILI incidence,2026-10-04,3,LT,quantile,0.85,14.087725394644393
2026-09-23,ILI incidence,2026-10-04,3,LT,quantile,0.9,18.243157871017207
2026-09-23,ILI incidence,2026-10-04,3,LT,quantile,0.95,26.597476338223046
2026-09-23,ILI incidence,2026-10-04,3,LT,quantile,0.975,36.73031813343449
2026-09-23,ILI incidence,2026-10-04,3,LT,quantile,0.99,53.27650133856207
2026-09-23,ILI incidence,2026-10-04,3,LT,median,,4.393776082409265
2026-09-23,ILI incidence,2026-10-11,4,LT,quantile,0.01,0
2026-09-23,ILI incidence,2026-10-11,4,LT,quantile,0.025,0
2026-09-23,ILI incidence,2026-10-11,4,LT,quantile,0.05,0
2026-09-23,ILI incidence,2026-10-11,4,LT,quantile,0.1,0.199621287062971
2026-09-23,ILI incidence,2026-10-11,4,LT,quantile,0.15,0.6480358715427463
2026-09-23,ILI incidence,2026-10-11,4,LT,quantile,0.2,1.1212071807798285
2026-09-23,ILI incidence,2026-10-11,4,LT,quantile,0.25,1.6340512679488288
2026-09-23,ILI incidence,2026-10-11,4,LT,quantile,0.3,2.199455464453816
2026-09-23,ILI incidence,2026-10-11,4,LT,quantile,0.35,2.831186468551661
2026-09-23,ILI incidence,2026-10-11,4,LT,quantile,0.4,3.54560547998937
2026-09-23,ILI incidence,2026-10-11,4,LT,quantile,0.45,4.363368654802165
2026-09-23,ILI incidence,2026-10-11,4,LT,quantile,0.5,5.311672692068629
2026-09-23,ILI incidence,2026-10-11,4,LT,quantile,0.55,6.427647572973765
2026-09-23,ILI incidence,2026-10-11,4,LT,quantile,0.6,7.7638956674035935
2026-09-23,ILI incidence,2026-10-11,4,LT,quantile,0.65,9.398139714370236
2026-09-23,ILI incidence,2026-10-11,4,LT,quantile,0.7,11.451247599599125
2026-09-23,ILI incidence,2026-10-11,4,LT,quantile,0.75,14.123931966148346
2026-09-23,ILI incidence,2026-10-11,4,LT,quantile,0.8,17.780443764648837
2026-09-23,ILI incidence,2026-10-11,4,LT,quantile,0.85,23.17253948150583
2026-09-23,ILI incidence,2026-10-11,4,LT,quantile,0.9,32.20815710876405
2026-09-23,ILI incidence,2026-10-11,4,LT,quantile,0.95,52.17000386248309
2026-09-23,ILI incidence,2026-10-11,4,LT,quantile,0.975,78.9783091753491
2026-09-23,ILI incidence,2026-10-11,4,LT,quantile,0.99,127.56661534764868
2026-09-23,ILI incidence,2026-10-11,4,LT,median,,5.311672692068629
2026-09-23,ILI incidence,2026-09-20,1,LU,quantile,0.01,0
2026-09-23,ILI incidence,2026-09-20,1,LU,quantile,0.025,0
2026-09-23,ILI incidence,2026-09-20,1,LU,quantile,0.05,0
2026-09-23,ILI incidence,2026-09-20,1,LU,quantile,0.1,0
2026-09-23,ILI incidence,2026-09-20,1,LU,quantile,0.15,0
2026-09-23,ILI incidence,2026-09-20,1,LU,quantile,0.2,0
2026-09-23,ILI incidence,2026-09-20,1,LU,quantile,0.25,0
2026-09-23,ILI incidence,2026-09-20,1,LU,quantile,0.3,0
2026-09-23,ILI incidence,2026-09-20,1,LU,quantile,0.35,0
2026-09-23,ILI incidence,2026-09-20,1,LU,quantile,0.4,0
2026-09-23,ILI incidence,2026-09-20,1,LU,quantile,0.45,0
2026-09-23,ILI incidence,2026-09-20,1,LU,quantile,0.5,0
2026-09-23,ILI incidence,2026-09-20,1,LU,quantile,0.55,0.16973249199212548
2026-09-23,ILI incidence,2026-09-20,1,LU,quantile,0.6,0.393883449523696
2026-09-23,ILI incidence,2026-09-20,1,LU,quantile,0.65,0.67079473985509
2026-09-23,ILI incidence,2026-09-20,1,LU,quantile,0.7,1.022355506467671
2026-09-23,ILI incidence,2026-09-20,1,LU,quantile,0.75,1.4851737746399158
2026-09-23,ILI incidence,2026-09-20,1,LU,quantile,0.8,2.1262120467050813
2026-09-23,ILI incidence,2026-09-20,1,LU,quantile,0.85,3.0849456334261447
2026-09-23,ILI incidence,2026-09-20,1,LU,quantile,0.9,4.7194196149546785
2026-09-23,ILI incidence,2026-09-20,1,LU,quantile,0.95,8.418711966792898
2026-09-23,ILI incidence,2026-09-20,1,LU,quantile,0.975,13.517573117592477
2026-09-23,ILI incidence,2026-09-20,1,LU,quantile,0.99,23.008846398140875
2026-09-23,ILI incidence,2026-09-20,1,LU,median,,0
2026-09-23,ILI incidence,2026-09-27,2,LU,quantile,0.01,0
2026-09-23,ILI incidence,2026-09-27,2,LU,quantile,0.025,0
2026-09-23,ILI incidence,2026-09-27,2,LU,quantile,0.05,0
2026-09-23,ILI incidence,2026-09-27,2,LU,quantile,0.1,0
2026-09-23,ILI incidence,2026-09-27,2,LU,quantile,0.15,0
2026-09-23,ILI incidence,2026-09-27,2,LU,quantile,0.2,0
2026-09-23,ILI incidence,2026-09-27,2,LU,quantile,0.25,0
2026-09-23,ILI incidence,2026-09-27,2,LU,quantile,0.3,0
2026-09-23,ILI incidence,2026-09-27,2,LU,quantile,0.35,0
2026-09-23,ILI incidence,2026-09-27,2,LU,quantile,0.4,0
2026-09-23,ILI incidence,2026-09-27,2,LU,quantile,0.45,0
2026-09-23,ILI incidence,2026-09-27,2,LU,quantile,0.5,0
2026-09-23,ILI incidence,2026-09-27,2,LU,quantile,0.55,0.20540329767577803
2026-09-23,ILI incidence,2026-09-27,2,LU,quantile,0.6,0.5353862280216153
2026-09-23,ILI incidence,2026-09-27,2,LU,quantile,0.65,0.9716580811340068
2026-09-23,ILI incidence,2026-09-27,2,LU,quantile,0.7,1.56622280089337
2026-09-23,ILI incidence,2026-09-27,2,LU,quantile,0.75,2.4104969879055007
2026-09-23,ILI incidence,2026-09-27,2,LU,quantile,0.8,3.681302813366389
2026-09-23,ILI incidence,2026-09-27,2,LU,quantile,0.85,5.7716884392404895
2026-09-23,ILI incidence,2026-09-27,2,LU,quantile,0.9,9.775291118280462
2026-09-23,ILI incidence,2026-09-27,2,LU,quantile,0.95,20.449950318147486
2026-09-23,ILI incidence,2026-09-27,2,LU,quantile,0.975,37.972820641254145
2026-09-23,ILI incidence,2026-09-27,2,LU,quantile,0.99,77.03608243522729
2026-09-23,ILI incidence,2026-09-27,2,LU,median,,0
2026-09-23,ILI incidence,2026-10-04,3,LU,quantile,0.01,0
2026-09-23,ILI incidence,2026-10-04,3,LU,quantile,0.025,0
2026-09-23,ILI incidence,2026-10-04,3,LU,quantile,0.05,0
2026-09-23,ILI incidence,2026-10-04,3,LU,quantile,0.1,0
2026-09-23,ILI incidence,2026-10-04,3,LU,quantile,0.15,0
2026-09-23,ILI incidence,2026-10-04,3,LU,quantile,0.2,0
2026-09-23,ILI incidence,2026-10-04,3,LU,quantile,0.25,0
2026-09-23,ILI incidence,2026-10-04,3,LU,quantile,0.3,0
2026-09-23,ILI incidence,2026-10-04,3,LU,quantile,0.35,0
2026-09-23,ILI incidence,2026-10-04,3,LU,quantile,0.4,0
2026-09-23,ILI incidence,2026-10-04,3,LU,quantile,0.45,0
2026-09-23,ILI incidence,2026-10-04,3,LU,quantile,0.5,0
2026-09-23,ILI incidence,2026-10-04,3,LU,quantile,0.55,0.2247767149096802
2026-09-23,ILI incidence,2026-10-04,3,LU,quantile,0.6,0.6438706989478251
2026-09-23,ILI incidence,2026-10-04,3,LU,quantile,0.65,1.2282822023546482
2026-09-23,ILI incidence,2026-10-04,3,LU,quantile,0.7,2.070339271293081
2026-09-23,ILI incidence,2026-10-04,3,LU,quantile,0.75,3.339328315884913
2026-09-23,ILI incidence,2026-10-04,3,LU,quantile,0.8,5.378485605175621
2026-09-23,ILI incidence,2026-10-04,3,LU,quantile,0.85,8.99356439400031
2026-09-23,ILI incidence,2026-10-04,3,LU,quantile,0.9,16.582414315770105
2026-09-23,ILI incidence,2026-10-04,3,LU,quantile,0.95,39.619648996241004
2026-09-23,ILI incidence,2026-10-04,3,LU,quantile,0.975,82.97595464471048
2026-09-23,ILI incidence,2026-10-04,3,LU,quantile,0.99,194.38780353818058
2026-09-23,ILI incidence,2026-10-04,3,LU,median,,0
2026-09-23,ILI incidence,2026-10-11,4,LU,quantile,0.01,0
2026-09-23,ILI incidence,2026-10-11,4,LU,quantile,0.025,0
2026-09-23,ILI incidence,2026-10-11,4,LU,quantile,0.05,0
2026-09-23,ILI incidence,2026-10-11,4,LU,quantile,0.1,0
2026-09-23,ILI incidence,2026-10-11,4,LU,quantile,0.15,0
2026-09-23,ILI incidence,2026-10-11,4,LU,quantile,0.2,0
2026-09-23,ILI incidence,2026-10-11,4,LU,quantile,0.25,0
2026-09-23,ILI incidence,2026-10-11,4,LU,quantile,0.3,0
2026-09-23,ILI incidence,2026-10-11,4,LU,quantile,0.35,0
2026-09-23,ILI incidence,2026-10-11,4,LU,quantile,0.4,0
2026-09-23,ILI incidence,2026-10-11,4,LU,quantile,0.45,0
2026-09-23,ILI incidence,2026-10-11,4,LU,quantile,0.5,0
2026-09-23,ILI incidence,2026-10-11,4,LU,quantile,0.55,0.23515962295975412
2026-09-23,ILI incidence,2026-10-11,4,LU,quantile,0.6,0.7335980674188789
2026-09-23,ILI incidence,2026-10-11,4,LU,quantile,0.65,1.461033217286185
2026-09-23,ILI incidence,2026-10-11,4,LU,quantile,0.7,2.5602520538645903
2026-09-23,ILI incidence,2026-10-11,4,LU,quantile,0.75,4.303199047197723
2026-09-23,ILI incidence,2026-10-11,4,LU,quantile,0.8,7.265046610648833
2026-09-23,ILI incidence,2026-10-11,4,LU,quantile,0.85,12.86338528627799
2026-09-23,ILI incidence,2026-10-11,4,LU,quantile,0.9,25.57648610843733
2026-09-23,ILI incidence,2026-10-11,4,LU,quantile,0.95,68.72607577516828
2026-09-23,ILI incidence,2026-10-11,4,LU,quantile,0.975,159.9631549432118
2026-09-23,ILI incidence,2026-10-11,4,LU,quantile,0.99,424.7724694592718
2026-09-23,ILI incidence,2026-10-11,4,LU,median,,0
2026-09-23,ILI incidence,2026-09-20,1,MT,quantile,0.01,4028.086305352264
2026-09-23,ILI incidence,2026-09-20,1,MT,quantile,0.025,4747.697042310184
2026-09-23,ILI incidence,2026-09-20,1,MT,quantile,0.05,5468.590196826553
2026-09-23,ILI incidence,2026-09-20,1,MT,quantile,0.1,6436.576047235953
2026-09-23,ILI incidence,2026-09-20,1,MT,quantile,0.15,7184.697413405342
2026-09-23,ILI incidence,2026-09-20,1,MT,quantile,0.2,7840.811018675973
2026-09-23,ILI incidence,2026-09-20,1,MT,quantile,0.25,8451.241595486776
2026-09-23,ILI incidence,2026-09-20,1,MT,quantile,0.3,9039.819000616715
2026-09-23,ILI incidence,2026-09-20,1,MT,quantile,0.35,9621.749213657054
2026-09-23,ILI incidence,2026-09-20,1,MT,quantile,0.4,10208.541761260994
2026-09-23,ILI incidence,2026-09-20,1,MT,quantile,0.45,10810.305752644332
2026-09-23,ILI incidence,2026-09-20,1,MT,quantile,0.5,11437.148087143814
2026-09-23,ILI incidence,2026-09-20,1,MT,quantile,0.55,12100.334904105523
2026-09-23,ILI incidence,2026-09-20,1,MT,quantile,0.6,12813.603703356863
2026-09-23,ILI incidence,2026-09-20,1,MT,quantile,0.65,13595.03464234004
2026-09-23,ILI incidence,2026-09-20,1,MT,quantile,0.7,14470.170328098273
2026-09-23,ILI incidence,2026-09-20,1,MT,quantile,0.75,15477.87979601664
2026-09-23,ILI incidence,2026-09-20,1,MT,quantile,0.8,16682.803186769666
2026-09-23,ILI incidence,2026-09-20,1,MT,quantile,0.85,18206.172406029553
2026-09-23,ILI incidence,2026-09-20,1,MT,quantile,0.9,20322.058042880217
2026-09-23,ILI incidence,2026-09-20,1,MT,quantile,0.95,23918.75028391336
2026-09-23,ILI incidence,2026-09-20,1,MT,quantile,0.975,27549.974614245737
2026-09-23,ILI incidence,2026-09-20,1,MT,quantile,0.99,32470.68756093277
2026-09-23,ILI incidence,2026-09-20,1,MT,median,,11437.148087143814
2026-09-23,ILI incidence,2026-09-27,2,MT,quantile,0.01,4302.525136229876
2026-09-23,ILI incidence,2026-09-27,2,MT,quantile,0.025,5177.199028070411
2026-09-23,ILI incidence,2026-09-27,2,MT,quantile,0.05,6070.387490369211
2026-09-23,ILI incidence,2026-09-27,2,MT,quantile,0.1,7293.011564917942
2026-09-23,ILI incidence,2026-09-27,2,MT,quantile,0.15,8254.153452033868
2026-09-23,ILI incidence,2026-09-27,2,MT,quantile,0.2,9107.583912667566
2026-09-23,ILI incidence,2026-09-27,2,MT,quantile,0.25,9909.73174042627
2026-09-23,ILI incidence,2026-09-27,2,MT,quantile,0.3,10690.112899819642
2026-09-23,ILI incidence,2026-09-27,2,MT,quantile,0.35,11468.001311685175
2026-09-23,ILI incidence,2026-09-27,2,MT,quantile,0.4,12258.412807187113
2026-09-23,ILI incidence,2026-09-27,2,MT,quantile,0.45,13074.954137865316
2026-09-23,ILI incidence,2026-09-27,2,MT,quantile,0.5,13931.630508265464
2026-09-23,ILI incidence,2026-09-27,2,MT,quantile,0.55,14844.432374049293
2026-09-23,ILI incidence,2026-09-27,2,MT,quantile,0.6,15833.2162004731
2026-09-23,ILI incidence,2026-09-27,2,MT,quantile,0.65,16924.466098087592
2026-09-23,ILI incidence,2026-09-27,2,MT,quantile,0.7,18155.967819797723
2026-09-23,ILI incidence,2026-09-27,2,MT,quantile,0.75,19585.666046870556
2026-09-23,ILI incidence,2026-09-27,2,MT,quantile,0.8,21310.566621226808
2026-09-23,ILI incidence,2026-09-27,2,MT,quantile,0.85,23513.78915658722
2026-09-23,ILI incidence,2026-09-27,2,MT,quantile,0.9,26612.365108097878
2026-09-23,ILI incidence,2026-09-27,2,MT,quantile,0.95,31971.624575152025
2026-09-23,ILI incidence,2026-09-27,2,MT,quantile,0.975,37486.58821890723
2026-09-23,ILI incidence,2026-09-27,2,MT,quantile,0.99,45105.78728134669
2026-09-23,ILI incidence,2026-09-27,2,MT,median,,13931.630508265464
2026-09-23,ILI incidence,2026-10-04,3,MT,quantile,0.01,4479.21267887757
2026-09-23,ILI incidence,2026-10-04,3,MT,quantile,0.025,5524.792117038216
2026-09-23,ILI incidence,2026-10-04,3,MT,quantile,0.05,6617.23299146706
2026-09-23,ILI incidence,2026-10-04,3,MT,quantile,0.1,8147.38823768066
2026-09-23,ILI incidence,2026-10-04,3,MT,quantile,0.15,9374.980741449517
2026-09-23,ILI incidence,2026-10-04,3,MT,quantile,0.2,10481.234119715136
2026-09-23,ILI incidence,2026-10-04,3,MT,quantile,0.25,11533.761418359005
2026-09-23,ILI incidence,2026-10-04,3,MT,quantile,0.3,12568.733661353514
2026-09-23,ILI incidence,2026-10-04,3,MT,quantile,0.35,13610.508639388805
2026-09-23,ILI incidence,2026-10-04,3,MT,quantile,0.4,14678.777719438063
2026-09-23,ILI incidence,2026-10-04,3,MT,quantile,0.45,15792.073122804391
2026-09-23,ILI incidence,2026-10-04,3,MT,quantile,0.5,16970.118795566315
2026-09-23,ILI incidence,2026-10-04,3,MT,quantile,0.55,18236.03790475963
2026-09-23,ILI incidence,2026-10-04,3,MT,quantile,0.6,19619.11133123952
2026-09-23,ILI incidence,2026-10-04,3,MT,quantile,0.65,21158.95227301689
2026-09-23,ILI incidence,2026-10-04,3,MT,quantile,0.7,22912.681461585576
2026-09-23,ILI incidence,2026-10-04,3,MT,quantile,0.75,24968.642867064973
2026-09-23,ILI incidence,2026-10-04,3,MT,quantile,0.8,27475.85940648036
2026-09-23,ILI incidence,2026-10-04,3,MT,quantile,0.85,30717.799570475363
2026-09-23,ILI incidence,2026-10-04,3,MT,quantile,0.9,35345.729288294846
2026-09-23,ILI incidence,2026-10-04,3,MT,quantile,0.95,43517.99873343364
2026-09-23,ILI incidence,2026-10-04,3,MT,quantile,0.975,52121.63998950439
2026-09-23,ILI incidence,2026-10-04,3,MT,quantile,0.99,64285.87515910109
2026-09-23,ILI incidence,2026-10-04,3,MT,median,,16970.118795566315
2026-09-23,ILI incidence,2026-10-11,4,MT,quantile,0.01,4558.301868970489
2026-09-23,ILI incidence,2026-10-11,4,MT,quantile,0.025,5783.834708549048
2026-09-23,ILI incidence,2026-10-11,4,MT,quantile,0.05,7098.279912146051
2026-09-23,ILI incidence,2026-10-11,4,MT,quantile,0.1,8988.534895440494
2026-09-23,ILI incidence,2026-10-11,4,MT,quantile,0.15,10540.658712060203
2026-09-23,ILI incidence,2026-10-11,4,MT,quantile,0.2,11963.221625034606
2026-09-23,ILI incidence,2026-10-11,4,MT,quantile,0.25,13335.704574334959
2026-09-23,ILI incidence,2026-10-11,4,MT,quantile,0.3,14701.911197399553
2026-09-23,ILI incidence,2026-10-11,4,MT,quantile,0.35,16092.532130027565
2026-09-23,ILI incidence,2026-10-11,4,MT,quantile,0.4,17533.521569753753
2026-09-23,ILI incidence,2026-10-11,4,MT,quantile,0.45,19050.38344138401
2026-09-23,ILI incidence,2026-10-11,4,MT,quantile,0.5,20671.25398440241
2026-09-23,ILI incidence,2026-10-11,4,MT,quantile,0.55,22430.026392936667
2026-09-23,ILI incidence,2026-10-11,4,MT,quantile,0.6,24370.471049018346
2026-09-23,ILI incidence,2026-10-11,4,MT,quantile,0.65,26552.654060708013
2026-09-23,ILI incidence,2026-10-11,4,MT,quantile,0.7,29064.134044421324
2026-09-23,ILI incidence,2026-10-11,4,MT,quantile,0.75,32041.554621627805
2026-09-23,ILI incidence,2026-10-11,4,MT,quantile,0.8,35717.335733721855
2026-09-23,ILI incidence,2026-10-11,4,MT,quantile,0.85,40537.41017512166
2026-09-23,ILI incidence,2026-10-11,4,MT,quantile,0.9,47536.730234785544
2026-09-23,ILI incidence,2026-10-11,4,MT,quantile,0.95,60194.13106737885
2026-09-23,ILI incidence,2026-10-11,4,MT,quantile,0.975,73871.8254696887
2026-09-23,ILI incidence,2026-10-11,4,MT,quantile,0.99,93728.71939059984
2026-09-23,ILI incidence,2026-10-11,4,MT,median,,20671.25398440241
2026-09-23,ILI incidence,2026-09-20,1,NO,quantile,0.01,3.6428131151965033
2026-09-23,ILI incidence,2026-09-20,1,NO,quantile,0.025,4.534220977056553
2026-09-23,ILI incidence,2026-09-20,1,NO,quantile,0.05,5.436613868203698
2026-09-23,ILI incidence,2026-09-20,1,NO,quantile,0.1,6.661100555276211
2026-09-23,ILI incidence,2026-09-20,1,NO,quantile,0.15,7.616301059071095
2026-09-23,ILI incidence,2026-09-20,1,NO,quantile,0.2,8.459706343827806
2026-09-23,ILI incidence,2026-09-20,1,NO,quantile,0.25,9.24877052736551
2026-09-23,ILI incidence,2026-09-20,1,NO,quantile,0.3,10.013312423024233
2026-09-23,ILI incidence,2026-09-20,1,NO,quantile,0.35,10.772595200126123
2026-09-23,ILI incidence,2026-09-20,1,NO,quantile,0.4,11.541427287142191
2026-09-23,ILI incidence,2026-09-20,1,NO,quantile,0.45,12.333037680168559
2026-09-23,ILI incidence,2026-09-20,1,NO,quantile,0.5,13.160865522658153
2026-09-23,ILI incidence,2026-09-20,1,NO,quantile,0.55,14.04009192511884
2026-09-23,ILI incidence,2026-09-20,1,NO,quantile,0.6,14.989417134076696
2026-09-23,ILI incidence,2026-09-20,1,NO,quantile,0.65,16.033636928980624
2026-09-23,ILI incidence,2026-09-20,1,NO,quantile,0.7,17.207974553739508
2026-09-23,ILI incidence,2026-09-20,1,NO,quantile,0.75,18.56626034463038
2026-09-23,ILI incidence,2026-09-20,1,NO,quantile,0.8,20.198344331444144
2026-09-23,ILI incidence,2026-09-20,1,NO,quantile,0.85,22.27334095872773
2026-09-23,ILI incidence,2026-09-20,1,NO,quantile,0.9,25.17510511759345
2026-09-23,ILI incidence,2026-09-20,1,NO,quantile,0.95,30.154597193006893
2026-09-23,ILI incidence,2026-09-20,1,NO,quantile,0.975,35.234569089697395
2026-09-23,ILI incidence,2026-09-20,1,NO,quantile,0.99,42.191510701658096
2026-09-23,ILI incidence,2026-09-20,1,NO,median,,13.160865522658153
2026-09-23,ILI incidence,2026-09-27,2,NO,quantile,0.01,2.9341654395302283
2026-09-23,ILI incidence,2026-09-27,2,NO,quantile,0.025,3.814503382746101
2026-09-23,ILI incidence,2026-09-27,2,NO,quantile,0.05,4.727661832003335
2026-09-23,ILI incidence,2026-09-27,2,NO,quantile,0.1,5.997430108306823
2026-09-23,ILI incidence,2026-09-27,2,NO,quantile,0.15,7.009600932763881
2026-09-23,ILI incidence,2026-09-27,2,NO,quantile,0.2,7.9174723183959586
2026-09-23,ILI incidence,2026-09-27,2,NO,quantile,0.25,8.777929971776251
2026-09-23,ILI incidence,2026-09-27,2,NO,quantile,0.3,9.621180418497548
2026-09-23,ILI incidence,2026-09-27,2,NO,quantile,0.35,10.467360158115195
2026-09-23,ILI incidence,2026-09-27,2,NO,quantile,0.4,11.332554398802493
2026-09-23,ILI incidence,2026-09-27,2,NO,quantile,0.45,12.231720878164849
2026-09-23,ILI incidence,2026-09-27,2,NO,quantile,0.5,13.180614554962496
2026-09-23,ILI incidence,2026-09-27,2,NO,quantile,0.55,14.197556765896953
2026-09-23,ILI incidence,2026-09-27,2,NO,quantile,0.6,15.305610553474658
2026-09-23,ILI incidence,2026-09-27,2,NO,quantile,0.65,16.53584315690193
2026-09-23,ILI incidence,2026-09-27,2,NO,quantile,0.7,17.932907759122696
2026-09-23,ILI incidence,2026-09-27,2,NO,quantile,0.75,19.565685143671
2026-09-23,ILI incidence,2026-09-27,2,NO,quantile,0.8,21.550092893653687
2026-09-23,ILI incidence,2026-09-27,2,NO,quantile,0.85,24.106098399215
2026-09-23,ILI incidence,2026-09-27,2,NO,quantile,0.9,27.73766883611964
2026-09-23,ILI incidence,2026-09-27,2,NO,quantile,0.95,34.10853731496921
2026-09-23,ILI incidence,2026-09-27,2,NO,quantile,0.975,40.76751227905802
2026-09-23,ILI incidence,2026-09-27,2,NO,quantile,0.99,50.11371960514856
2026-09-23,ILI incidence,2026-09-27,2,NO,median,,13.180614554962496
2026-09-23,ILI incidence,2026-10-04,3,NO,quantile,0.01,2.39454835200415
2026-09-23,ILI incidence,2026-10-04,3,NO,quantile,0.025,3.252720928903929
2026-09-23,ILI incidence,2026-10-04,3,NO,quantile,0.05,4.162419421419927
2026-09-23,ILI incidence,2026-10-04,3,NO,quantile,0.1,5.455275994881596
2026-09-23,ILI incidence,2026-10-04,3,NO,quantile,0.15,6.505882616106989
2026-09-23,ILI incidence,2026-10-04,3,NO,quantile,0.2,7.46152656986666
2026-09-23,ILI incidence,2026-10-04,3,NO,quantile,0.25,8.377787229742546
2026-09-23,ILI incidence,2026-10-04,3,NO,quantile,0.3,9.284873130403057
2026-09-23,ILI incidence,2026-10-04,3,NO,quantile,0.35,10.203564895843778
2026-09-23,ILI incidence,2026-10-04,3,NO,quantile,0.4,11.151079820584409
2026-09-23,ILI incidence,2026-10-04,3,NO,quantile,0.45,12.144014080235149
2026-09-23,ILI incidence,2026-10-04,3,NO,quantile,0.5,13.20039112967068
2026-09-23,ILI incidence,2026-10-04,3,NO,quantile,0.55,14.341668610874018
2026-09-23,ILI incidence,2026-10-04,3,NO,quantile,0.6,15.595324136874222
2026-09-23,ILI incidence,2026-10-04,3,NO,quantile,0.65,16.99883430946492
2026-09-23,ILI incidence,2026-10-04,3,NO,quantile,0.7,18.606572261891102
2026-09-23,ILI incidence,2026-10-04,3,NO,quantile,0.75,20.503058588925338
2026-09-23,ILI incidence,2026-10-04,3,NO,quantile,0.8,22.831528102003873
2026-09-23,ILI incidence,2026-10-04,3,NO,quantile,0.85,25.865742318285616
2026-09-23,ILI incidence,2026-10-04,3,NO,quantile,0.9,30.23818538440794
2026-09-23,ILI incidence,2026-10-04,3,NO,quantile,0.95,38.06135704490382
2026-09-23,ILI incidence,2026-10-04,3,NO,quantile,0.975,46.41696236522204
2026-09-23,ILI incidence,2026-10-04,3,NO,quantile,0.99,58.40440003353448
2026-09-23,ILI incidence,2026-10-04,3,NO,median,,13.20039112967068
2026-09-23,ILI incidence,2026-10-11,4,NO,quantile,0.01,1.967053690607898
2026-09-23,ILI incidence,2026-10-11,4,NO,quantile,0.025,2.7976254388194266
2026-09-23,ILI incidence,2026-10-11,4,NO,quantile,0.05,3.6956814012956514
2026-09-23,ILI incidence,2026-10-11,4,NO,quantile,0.1,4.9976863035449
2026-09-23,ILI incidence,2026-10-11,4,NO,quantile,0.15,6.074468481788354
2026-09-23,ILI incidence,2026-10-11,4,NO,quantile,0.2,7.06652911305531
2026-09-23,ILI incidence,2026-10-11,4,NO,quantile,0.25,8.027791701251141
2026-09-23,ILI incidence,2026-10-11,4,NO,quantile,0.3,8.98827735916728
2026-09-23,ILI incidence,2026-10-11,4,NO,quantile,0.35,9.969299253869679
2026-09-23,ILI incidence,2026-10-11,4,NO,quantile,0.4,10.989141722881044
2026-09-23,ILI incidence,2026-10-11,4,NO,quantile,0.45,12.066008935537765
2026-09-23,ILI incidence,2026-10-11,4,NO,quantile,0.5,13.220195285193903
2026-09-23,ILI incidence,2026-10-11,4,NO,quantile,0.55,14.47633672582731
2026-09-23,ILI incidence,2026-10-11,4,NO,quantile,0.6,15.866424521709472
2026-09-23,ILI incidence,2026-10-11,4,NO,quantile,0.65,17.43453709020795
2026-09-23,ILI incidence,2026-10-11,4,NO,quantile,0.7,19.2451280313575
2026-09-23,ILI incidence,2026-10-11,4,NO,quantile,0.75,21.399049583856314
2026-09-23,ILI incidence,2026-10-11,4,NO,quantile,0.8,24.068272997586632
2026-09-23,ILI incidence,2026-10-11,4,NO,quantile,0.85,27.58362497049861
2026-09-23,ILI incidence,2026-10-11,4,NO,quantile,0.9,32.71532683020342
2026-09-23,ILI incidence,2026-10-11,4,NO,quantile,0.95,42.0638147411907
2026-09-23,ILI incidence,2026-10-11,4,NO,quantile,0.975,52.24747192864639
2026-09-23,ILI incidence,2026-10-11,4,NO,quantile,0.99,67.15311586344123
2026-09-23,ILI incidence,2026-10-11,4,NO,median,,13.220195285193903
2026-09-23,ILI incidence,2026-09-20,1,SI,quantile,0.01,0
2026-09-23,ILI incidence,2026-09-20,1,SI,quantile,0.025,0
2026-09-23,ILI incidence,2026-09-20,1,SI,quantile,0.05,0
2026-09-23,ILI incidence,2026-09-20,1,SI,quantile,0.1,0
2026-09-23,ILI incidence,2026-09-20,1,SI,quantile,0.15,0
2026-09-23,ILI incidence,2026-09-20,1,SI,quantile,0.2,0
2026-09-23,ILI incidence,2026-09-20,1,SI,quantile,0.25,0
2026-09-23,ILI incidence,2026-09-20,1,SI,quantile,0.3,0
2026-09-23,ILI incidence,2026-09-20,1,SI,quantile,0.35,0
2026-09-23,ILI incidence,2026-09-20,1,SI,quantile,0.4,0
2026-09-23,ILI incidence,2026-09-20,1,SI,quantile,0.45,0
2026-09-23,ILI incidence,2026-09-20,1,SI,quantile,0.5,0
2026-09-23,ILI incidence,2026-09-20,1,SI,quantile,0.55,0.04880485206935825
2026-09-23,ILI incidence,2026-09-20,1,SI,quantile,0.6,0.14726186659274298
2026-09-23,ILI incidence,2026-09-20,1,SI,quantile,0.65,0.2587484406542626
2026-09-23,ILI incidence,2026-09-20,1,SI,quantile,0.7,0.38798314049642957
2026-09-23,ILI incidence,2026-09-20,1,SI,quantile,0.75,0.5423725388584162
2026-09-23,ILI incidence,2026-09-20,1,SI,quantile,0.8,0.7345843664376972
2026-09-23,ILI incidence,2026-09-20,1,SI,quantile,0.85,0.98906656701092
2026-09-23,ILI incidence,2026-09-20,1,SI,quantile,0.9,1.3629573716516896
2026-09-23,ILI incidence,2026-09-20,1,SI,quantile,0.95,2.050215273341463
2026-09-23,ILI incidence,2026-09-20,1,SI,quantile,0.975,2.8062532043300616
2026-09-23,ILI incidence,2026-09-20,1,SI,quantile,0.99,3.923940654839953
2026-09-23,ILI incidence,2026-09-20,1,SI,median,,0
2026-09-23,ILI incidence,2026-09-27,2,SI,quantile,0.01,0
2026-09-23,ILI incidence,2026-09-27,2,SI,quantile,0.025,0
2026-09-23,ILI incidence,2026-09-27,2,SI,quantile,0.05,0
2026-09-23,ILI incidence,2026-09-27,2,SI,quantile,0.1,0
2026-09-23,ILI incidence,2026-09-27,2,SI,quantile,0.15,0
2026-09-23,ILI incidence,2026-09-27,2,SI,quantile,0.2,0
2026-09-23,ILI incidence,2026-09-27,2,SI,quantile,0.25,0
2026-09-23,ILI incidence,2026-09-27,2,SI,quantile,0.3,0
2026-09-23,ILI incidence,2026-09-27,2,SI,quantile,0.35,0
2026-09-23,ILI incidence,2026-09-27,2,SI,quantile,0.4,0
2026-09-23,ILI incidence,2026-09-27,2,SI,quantile,0.45,0
2026-09-23,ILI incidence,2026-09-27,2,SI,quantile,0.5,0
2026-09-23,ILI incidence,2026-09-27,2,SI,quantile,0.55,0.04641094471371998
2026-09-23,ILI incidence,2026-09-27,2,SI,quantile,0.6,0.18015317683001464
2026-09-23,ILI incidence,2026-09-27,2,SI,quantile,0.65,0.3363756125078732
2026-09-23,ILI incidence,2026-09-27,2,SI,quantile,0.7,0.5234424044483637
2026-09-23,ILI incidence,2026-09-27,2,SI,quantile,0.75,0.7547990331058492
2026-09-23,ILI incidence,2026-09-27,2,SI,quantile,0.8,1.0540012217968764
2026-09-23,ILI incidence,2026-09-27,2,SI,quantile,0.85,1.4677328495636317
2026-09-23,ILI incidence,2026-09-27,2,SI,quantile,0.9,2.1086779022010256
2026-09-23,ILI incidence,2026-09-27,2,SI,quantile,0.95,3.3772586634133415
2026-09-23,ILI incidence,2026-09-27,2,SI,quantile,0.975,4.88997594801814
2026-09-23,ILI incidence,2026-09-27,2,SI,quantile,0.99,7.317652626700912
2026-09-23,ILI incidence,2026-09-27,2,SI,median,,0
2026-09-23,ILI incidence,2026-10-04,3,SI,quantile,0.01,0
2026-09-23,ILI incidence,2026-10-04,3,SI,quantile,0.025,0
2026-09-23,ILI incidence,2026-10-04,3,SI,quantile,0.05,0
2026-09-23,ILI incidence,2026-10-04,3,SI,quantile,0.1,0
2026-09-23,ILI incidence,2026-10-04,3,SI,quantile,0.15,0
2026-09-23,ILI incidence,2026-10-04,3,SI,quantile,0.2,0
2026-09-23,ILI incidence,2026-10-04,3,SI,quantile,0.25,0
2026-09-23,ILI incidence,2026-10-04,3,SI,quantile,0.3,0
2026-09-23,ILI incidence,2026-10-04,3,SI,quantile,0.35,0
2026-09-23,ILI incidence,2026-10-04,3,SI,quantile,0.4,0
2026-09-23,ILI incidence,2026-10-04,3,SI,quantile,0.45,0
2026-09-23,ILI incidence,2026-10-04,3,SI,quantile,0.5,0
2026-09-23,ILI incidence,2026-10-04,3,SI,quantile,0.55,0.04256839900532605
2026-09-23,ILI incidence,2026-10-04,3,SI,quantile,0.6,0.21058097907004703
2026-09-23,ILI incidence,2026-10-04,3,SI,quantile,0.65,0.4127394607561936
2026-09-23,ILI incidence,2026-10-04,3,SI,quantile,0.7,0.6624243385232134
2026-09-23,ILI incidence,2026-10-04,3,SI,quantile,0.75,0.9816023976933212
2026-09-23,ILI incidence,2026-10-04,3,SI,quantile,0.8,1.409638742643795
2026-09-23,ILI incidence,2026-10-04,3,SI,quantile,0.85,2.026596604056271
2026-09-23,ILI incidence,2026-10-04,3,SI,quantile,0.9,3.032017624230475
2026-09-23,ILI incidence,2026-10-04,3,SI,quantile,0.95,5.168091204032787
2026-09-23,ILI incidence,2026-10-04,3,SI,quantile,0.975,7.9184289955744145
2026-09-23,ILI incidence,2026-10-04,3,SI,quantile,0.99,12.692504560479765
2026-09-23,ILI incidence,2026-10-04,3,SI,median,,0
2026-09-23,ILI incidence,2026-10-11,4,SI,quantile,0.01,0
2026-09-23,ILI incidence,2026-10-11,4,SI,quantile,0.025,0
2026-09-23,ILI incidence,2026-10-11,4,SI,quantile,0.05,0
2026-09-23,ILI incidence,2026-10-11,4,SI,quantile,0.1,0
2026-09-23,ILI incidence,2026-10-11,4,SI,quantile,0.15,0
2026-09-23,ILI incidence,2026-10-11,4,SI,quantile,0.2,0
2026-09-23,ILI incidence,2026-10-11,4,SI,quantile,0.25,0
2026-09-23,ILI incidence,2026-10-11,4,SI,quantile,0.3,0
2026-09-23,ILI incidence,2026-10-11,4,SI,quantile,0.35,0
2026-09-23,ILI incidence,2026-10-11,4,SI,quantile,0.4,0
2026-09-23,ILI incidence,2026-10-11,4,SI,quantile,0.45,0
2026-09-23,ILI incidence,2026-10-11,4,SI,quantile,0.5,0
2026-09-23,ILI incidence,2026-10-11,4,SI,quantile,0.55,0.03842430321480306
2026-09-23,ILI incidence,2026-10-11,4,SI,quantile,0.6,0.24103260558435413
2026-09-23,ILI incidence,2026-10-11,4,SI,quantile,0.65,0.4920757200086896
2026-09-23,ILI incidence,2026-10-11,4,SI,quantile,0.7,0.8117859931918137
2026-09-23,ILI incidence,2026-10-11,4,SI,quantile,0.75,1.2340719514115643
2026-09-23,ILI incidence,2026-10-11,4,SI,quantile,0.8,1.821104173927373
2026-09-23,ILI incidence,2026-10-11,4,SI,quantile,0.85,2.7027317591914573
2026-09-23,ILI incidence,2026-10-11,4,SI,quantile,0.9,4.213422881417893
2026-09-23,ILI incidence,2026-10-11,4,SI,quantile,0.95,7.657082974017795
2026-09-23,ILI incidence,2026-10-11,4,SI,quantile,0.975,12.440159318490094
2026-09-23,ILI incidence,2026-10-11,4,SI,quantile,0.99,21.414103545924323
2026-09-23,ILI incidence,2026-10-11,4,SI,median,,0
2026-09-23,ILI incidence,2026-09-20,1,SK,quantile,0.01,18.066409288052363
2026-09-23,ILI incidence,2026-09-20,1,SK,quantile,0.025,21.375629452267578
2026-09-23,ILI incidence,2026-09-20,1,SK,quantile,0.05,24.677607538148493
2026-09-23,ILI incidence,2026-09-20,1,SK,quantile,0.1,29.093746325703442
2026-09-23,ILI incidence,2026-09-20,1,SK,quantile,0.15,32.4948007708423
2026-09-23,ILI incidence,2026-09-20,1,SK,quantile,0.2,35.46993870361322
2026-09-23,ILI incidence,2026-09-20,1,SK,quantile,0.25,38.23208531876907
2026-09-23,ILI incidence,2026-09-20,1,SK,quantile,0.3,40.8904170217832
2026-09-23,ILI incidence,2026-09-20,1,SK,quantile,0.35,43.51428798542671
2026-09-23,ILI incidence,2026-09-20,1,SK,quantile,0.4,46.15589328324786
2026-09-23,ILI incidence,2026-09-20,1,SK,quantile,0.45,48.86078633056042
2026-09-23,ILI incidence,2026-09-20,1,SK,quantile,0.5,51.67423312472998
2026-09-23,ILI incidence,2026-09-20,1,SK,quantile,0.55,54.64643158420914
2026-09-23,ILI incidence,2026-09-20,1,SK,quantile,0.6,57.838347491639375
2026-09-23,ILI incidence,2026-09-20,1,SK,quantile,0.65,61.32998349174435
2026-09-23,ILI incidence,2026-09-20,1,SK,quantile,0.7,65.23411826708745
2026-09-23,ILI incidence,2026-09-20,1,SK,quantile,0.75,69.72208404764592
2026-09-23,ILI incidence,2026-09-20,1,SK,quantile,0.8,75.07840687167132
2026-09-23,ILI incidence,2026-09-20,1,SK,quantile,0.85,81.83598562836382
2026-09-23,ILI incidence,2026-09-20,1,SK,quantile,0.9,91.19772125574815
2026-09-23,ILI incidence,2026-09-20,1,SK,quantile,0.95,107.05425821530652
2026-09-23,ILI incidence,2026-09-20,1,SK,quantile,0.975,122.99985623632239
2026-09-23,ILI incidence,2026-09-20,1,SK,quantile,0.99,144.5216235716203
2026-09-23,ILI incidence,2026-09-20,1,SK,median,,51.67423312472998
2026-09-23,ILI incidence,2026-09-27,2,SK,quantile,0.01,16.1106957658724
2026-09-23,ILI incidence,2026-09-27,2,SK,quantile,0.025,19.566953383029897
2026-09-23,ILI incidence,2026-09-27,2,SK,quantile,0.05,23.092970273431863
2026-09-23,ILI incidence,2026-09-27,2,SK,quantile,0.1,27.914823326799347
2026-09-23,ILI incidence,2026-09-27,2,SK,quantile,0.15,31.702185799645854
2026-09-23,ILI incidence,2026-09-27,2,SK,quantile,0.2,35.063021064598125
2026-09-23,ILI incidence,2026-09-27,2,SK,quantile,0.25,38.22028366776577
2026-09-23,ILI incidence,2026-09-27,2,SK,quantile,0.3,41.29049048455823
2026-09-23,ILI incidence,2026-09-27,2,SK,quantile,0.35,44.34963442321947
2026-09-23,ILI incidence,2026-09-27,2,SK,quantile,0.4,47.45683095827626
2026-09-23,ILI incidence,2026-09-27,2,SK,quantile,0.45,50.66556337830839
2026-09-23,ILI incidence,2026-09-27,2,SK,quantile,0.5,54.03080177381299
2026-09-23,ILI incidence,2026-09-27,2,SK,quantile,0.55,57.61523509758451
2026-09-23,ILI incidence,2026-09-27,2,SK,quantile,0.6,61.49664049380972
2026-09-23,ILI incidence,2026-09-27,2,SK,quantile,0.65,65.77868923058251
2026-09-23,ILI incidence,2026-09-27,2,SK,quantile,0.7,70.60922252662154
2026-09-23,ILI incidence,2026-09-27,2,SK,quantile,0.75,76.21487099690873
2026-09-23,ILI incidence,2026-09-27,2,SK,quantile,0.8,82.97491542497447
2026-09-23,ILI incidence,2026-09-27,2,SK,quantile,0.85,91.60509870571082
2026-09-23,ILI incidence,2026-09-27,2,SK,quantile,0.9,103.73483132307004
2026-09-23,ILI incidence,2026-09-27,2,SK,quantile,0.95,124.69596481875898
2026-09-23,ILI incidence,2026-09-27,2,SK,quantile,0.975,146.24539349456919
2026-09-23,ILI incidence,2026-09-27,2,SK,quantile,0.99,175.98807724165593
2026-09-23,ILI incidence,2026-09-27,2,SK,median,,54.03080177381299
2026-09-23,ILI incidence,2026-10-04,3,SK,quantile,0.01,13.963079690183045
2026-09-23,ILI incidence,2026-10-04,3,SK,quantile,0.025,17.496531955409104
2026-09-23,ILI incidence,2026-10-04,3,SK,quantile,0.05,21.196014509825837
2026-09-23,ILI incidence,2026-10-04,3,SK,quantile,0.1,26.388602922643123
2026-09-23,ILI incidence,2026-10-04,3,SK,quantile,0.15,30.562115267495752
2026-09-23,ILI incidence,2026-10-04,3,SK,quantile,0.2,34.3281443380915
2026-09-23,ILI incidence,2026-10-04,3,SK,quantile,0.25,37.915231712362576
2026-09-23,ILI incidence,2026-10-04,3,SK,quantile,0.3,41.445908770527105
2026-09-23,ILI incidence,2026-10-04,3,SK,quantile,0.35,45.00293396332027
2026-09-23,ILI incidence,2026-10-04,3,SK,quantile,0.4,48.65344359370555
2026-09-23,ILI incidence,2026-10-04,3,SK,quantile,0.45,52.46083955228928
2026-09-23,ILI incidence,2026-10-04,3,SK,quantile,0.5,56.49279975857441
2026-09-23,ILI incidence,2026-10-04,3,SK,quantile,0.55,60.828846156569384
2026-09-23,ILI incidence,2026-10-04,3,SK,quantile,0.6,65.56984460386055
2026-09-23,ILI incidence,2026-10-04,3,SK,quantile,0.65,70.85241764612363
2026-09-23,ILI incidence,2026-10-04,3,SK,quantile,0.7,76.87374849127269
2026-09-23,ILI incidence,2026-10-04,3,SK,quantile,0.75,83.93902974833034
2026-09-23,ILI incidence,2026-10-04,3,SK,quantile,0.8,92.5634204968859
2026-09-23,ILI incidence,2026-10-04,3,SK,quantile,0.85,103.72751892784652
2026-09-23,ILI incidence,2026-10-04,3,SK,quantile,0.9,119.68603986174213
2026-09-23,ILI incidence,2026-10-04,3,SK,quantile,0.95,147.91961899809854
2026-09-23,ILI incidence,2026-10-04,3,SK,quantile,0.975,177.70496112720733
2026-09-23,ILI incidence,2026-10-04,3,SK,quantile,0.99,219.90519415252126
2026-09-23,ILI incidence,2026-10-04,3,SK,median,,56.49279975857441
2026-09-23,ILI incidence,2026-10-11,4,SK,quantile,0.01,11.79385894753622
2026-09-23,ILI incidence,2026-10-11,4,SK,quantile,0.025,15.322137865788907
2026-09-23,ILI incidence,2026-10-11,4,SK,quantile,0.05,19.125644316102957
2026-09-23,ILI incidence,2026-10-11,4,SK,quantile,0.1,24.62332876902489
2026-09-23,ILI incidence,2026-10-11,4,SK,quantile,0.15,29.157925954172466
2026-09-23,ILI incidence,2026-10-11,4,SK,quantile,0.2,33.32764274147738
2026-09-23,ILI incidence,2026-10-11,4,SK,quantile,0.25,37.3614529956243
2026-09-23,ILI incidence,2026-10-11,4,SK,quantile,0.3,41.38634780430665
2026-09-23,ILI incidence,2026-10-11,4,SK,quantile,0.35,45.492037495166606
2026-09-23,ILI incidence,2026-10-11,4,SK,quantile,0.4,49.75507257566757
2026-09-23,ILI incidence,2026-10-11,4,SK,quantile,0.45,54.25129853218806
2026-09-23,ILI incidence,2026-10-11,4,SK,quantile,0.5,59.064943951368164
2026-09-23,ILI incidence,2026-10-11,4,SK,quantile,0.55,64.2979674274838
2026-09-23,ILI incidence,2026-10-11,4,SK,quantile,0.6,70.08250089687803
2026-09-23,ILI incidence,2026-10-11,4,SK,quantile,0.65,76.60033085786084
2026-09-23,ILI incidence,2026-10-11,4,SK,quantile,0.7,84.11696993894887
2026-09-23,ILI incidence,2026-10-11,4,SK,quantile,0.75,93.04746718776592
2026-09-23,ILI incidence,2026-10-11,4,SK,quantile,0.8,104.09890000462431
2026-09-23,ILI incidence,2026-10-11,4,SK,quantile,0.85,118.6301594931745
2026-09-23,ILI incidence,2026-10-11,4,SK,quantile,0.9,139.8012801304074
2026-09-23,ILI incidence,2026-10-11,4,SK,quantile,0.95,178.26370133622606
2026-09-23,ILI incidence,2026-10-11,4,SK,quantile,0.975,220.0370676651935
2026-09-23,ILI incidence,2026-10-11,4,SK,quantile,0.99,280.994471462871
2026-09-23,ILI incidence,2026-10-11,4,SK,median,,59.064943951368164
