origin_date,target,target_end_date,horizon,location,output_type,output_type_id,value
2026-08-26,ILI incidence,2026-08-23,1,BE,quantile,0.01,9.841383183579957
2026-08-26,ILI incidence,2026-08-23,1,BE,quantile,0.025,12.079864116089574
2026-08-26,ILI incidence,2026-08-23,1,BE,quantile,0.05,14.371408766255323
2026-08-26,ILI incidence,2026-08-23,1,BE,quantile,0.1,17.515972128873752
2026-08-26,ILI incidence,2026-08-23,1,BE,quantile,0.15,19.99346165818235
2026-08-26,ILI incidence,2026-08-23,1,BE,quantile,0.2,22.196836556407604
2026-08-26,ILI incidence,2026-08-23,1,BE,quantile,0.25,24.27054806424069
2026-08-26,ILI incidence,2026-08-23,1,BE,quantile,0.3,26.29032747127778
2026-08-26,ILI incidence,2026-08-23,1,BE,quantile,0.35,28.30578401477958
2026-08-26,ILI incidence,2026-08-23,1,BE,quantile,0.4,30.35571738671208
2026-08-26,ILI incidence,2026-08-23,1,BE,quantile,0.45,32.47543026572958
2026-08-26,ILI incidence,2026-08-23,1,BE,quantile,0.5,34.70139395592289
2026-08-26,ILI incidence,2026-08-23,1,BE,quantile,0.55,37.075374096113315
2026-08-26,ILI incidence,2026-08-23,1,BE,quantile,0.6,39.64934999497579
2026-08-26,ILI incidence,2026-08-23,1,BE,quantile,0.65,42.492763399648425
2026-08-26,ILI incidence,2026-08-23,1,BE,quantile,0.7,45.70480893779943
2026-08-26,ILI incidence,2026-08-23,1,BE,quantile,0.75,49.4377478144064
2026-08-26,ILI incidence,2026-08-23,1,BE,quantile,0.8,53.9466961711178
2026-08-26,ILI incidence,2026-08-23,1,BE,quantile,0.85,59.71364271166913
2026-08-26,ILI incidence,2026-08-23,1,BE,quantile,0.9,67.83730011714675
2026-08-26,ILI incidence,2026-08-23,1,BE,quantile,0.95,81.91950007822955
2026-08-26,ILI incidence,2026-08-23,1,BE,quantile,0.975,96.44669509434202
2026-08-26,ILI incidence,2026-08-23,1,BE,quantile,0.99,116.56705844752935
2026-08-26,ILI incidence,2026-08-23,1,BE,median,,34.70139395592289
2026-08-26,ILI incidence,2026-08-30,2,BE,quantile,0.01,7.712210325643232
2026-08-26,ILI incidence,2026-08-30,2,BE,quantile,0.025,9.867324288246866
2026-08-26,ILI incidence,2026-08-30,2,BE,quantile,0.05,12.142651731281674
2026-08-26,ILI incidence,2026-08-30,2,BE,quantile,0.1,15.363259655174936
2026-08-26,ILI incidence,2026-08-30,2,BE,quantile,0.15,17.971074039850304
2026-08-26,ILI incidence,2026-08-30,2,BE,quantile,0.2,20.337012217013108
2026-08-26,ILI incidence,2026-08-30,2,BE,quantile,0.25,22.600588271528114
2026-08-26,ILI incidence,2026-08-30,2,BE,quantile,0.3,24.837286654681783
2026-08-26,ILI incidence,2026-08-30,2,BE,quantile,0.35,27.098718902031095
2026-08-26,ILI incidence,2026-08-30,2,BE,quantile,0.4,29.427351527213048
2026-08-26,ILI incidence,2026-08-30,2,BE,quantile,0.45,31.863847851924326
2026-08-26,ILI incidence,2026-08-30,2,BE,quantile,0.5,34.452124518984945
2026-08-26,ILI incidence,2026-08-30,2,BE,quantile,0.55,37.24424755654469
2026-08-26,ILI incidence,2026-08-30,2,BE,quantile,0.6,40.30668854913424
2026-08-26,ILI incidence,2026-08-30,2,BE,quantile,0.65,43.72990876529831
2026-08-26,ILI incidence,2026-08-30,2,BE,quantile,0.7,47.644935116740236
2026-08-26,ILI incidence,2026-08-30,2,BE,quantile,0.75,52.25516120400647
2026-08-26,ILI incidence,2026-08-30,2,BE,quantile,0.8,57.90483260385722
2026-08-26,ILI incidence,2026-08-30,2,BE,quantile,0.85,65.25102670884583
2026-08-26,ILI incidence,2026-08-30,2,BE,quantile,0.9,75.80945969173872
2026-08-26,ILI incidence,2026-08-30,2,BE,quantile,0.95,94.63162431810433
2026-08-26,ILI incidence,2026-08-30,2,BE,quantile,0.975,114.65433215873702
2026-08-26,ILI incidence,2026-08-30,2,BE,quantile,0.99,143.26340571809132
2026-08-26,ILI incidence,2026-08-30,2,BE,median,,34.452124518984945
2026-08-26,ILI incidence,2026-09-06,3,BE,quantile,0.01,6.188452409379656
2026-08-26,ILI incidence,2026-09-06,3,BE,quantile,0.025,8.232089564946493
2026-08-26,ILI incidence,2026-09-06,3,BE,quantile,0.05,10.448736664823166
2026-08-26,ILI incidence,2026-09-06,3,BE,quantile,0.1,13.672636013315932
2026-08-26,ILI incidence,2026-09-06,3,BE,quantile,0.15,16.346303765215172
2026-08-26,ILI incidence,2026-09-06,3,BE,quantile,0.2,18.81461560872885
2026-08-26,ILI incidence,2026-09-06,3,BE,quantile,0.25,21.21031076910714
2026-08-26,ILI incidence,2026-09-06,3,BE,quantile,0.3,23.60759183367306
2026-08-26,ILI incidence,2026-09-06,3,BE,quantile,0.35,26.059415637474352
2026-08-26,ILI incidence,2026-09-06,3,BE,quantile,0.4,28.611469791924222
2026-08-26,ILI incidence,2026-09-06,3,BE,quantile,0.45,31.30947253726302
2026-08-26,ILI incidence,2026-09-06,3,BE,quantile,0.5,34.20459549734474
2026-08-26,ILI incidence,2026-09-06,3,BE,quantile,0.55,37.35913887799586
2026-08-26,ILI incidence,2026-09-06,3,BE,quantile,0.6,40.85417180709046
2026-08-26,ILI incidence,2026-09-06,3,BE,quantile,0.65,44.8015635199188
2026-08-26,ILI incidence,2026-09-06,3,BE,quantile,0.7,49.36508864860636
2026-08-26,ILI incidence,2026-09-06,3,BE,quantile,0.75,54.80126982534286
2026-08-26,ILI incidence,2026-09-06,3,BE,quantile,0.8,61.54794786862757
2026-08-26,ILI incidence,2026-09-06,3,BE,quantile,0.85,70.44827860197991
2026-08-26,ILI incidence,2026-09-06,3,BE,quantile,0.9,83.46768140413899
2026-08-26,ILI incidence,2026-09-06,3,BE,quantile,0.95,107.2533016887071
2026-08-26,ILI incidence,2026-09-06,3,BE,quantile,0.975,133.2451820265512
2026-08-26,ILI incidence,2026-09-06,3,BE,quantile,0.99,171.4103428040388
2026-08-26,ILI incidence,2026-09-06,3,BE,median,,34.20459549734474
2026-08-26,ILI incidence,2026-09-13,4,BE,quantile,0.01,5.039057183688818
2026-08-26,ILI incidence,2026-09-13,4,BE,quantile,0.025,6.96290309988194
2026-08-26,ILI incidence,2026-09-13,4,BE,quantile,0.05,9.101038469209689
2026-08-26,ILI incidence,2026-09-13,4,BE,quantile,0.1,12.287952802347501
2026-08-26,ILI incidence,2026-09-13,4,BE,quantile,0.15,14.98854408758727
2026-08-26,ILI incidence,2026-09-13,4,BE,quantile,0.2,17.521204236806806
2026-08-26,ILI incidence,2026-09-13,4,BE,quantile,0.25,20.011433047492627
2026-08-26,ILI incidence,2026-09-13,4,BE,quantile,0.3,22.531824547388744
2026-08-26,ILI incidence,2026-09-13,4,BE,quantile,0.35,25.136454104764216
2026-08-26,ILI incidence,2026-09-13,4,BE,quantile,0.4,27.874078304934226
2026-08-26,ILI incidence,2026-09-13,4,BE,quantile,0.45,30.795385567526086
2026-08-26,ILI incidence,2026-09-13,4,BE,quantile,0.5,33.95879473931033
2026-08-26,ILI incidence,2026-09-13,4,BE,quantile,0.55,37.43694007200308
2026-08-26,ILI incidence,2026-09-13,4,BE,quantile,0.6,41.32576072969876
2026-08-26,ILI incidence,2026-09-13,4,BE,quantile,0.65,45.75910989021504
2026-08-26,ILI incidence,2026-09-13,4,BE,quantile,0.7,50.93466095942172
2026-08-26,ILI incidence,2026-09-13,4,BE,quantile,0.75,57.16439682447415
2026-08-26,ILI incidence,2026-09-13,4,BE,quantile,0.8,64.98476610913576
2026-08-26,ILI incidence,2026-09-13,4,BE,quantile,0.85,75.43706161926433
2026-08-26,ILI incidence,2026-09-13,4,BE,quantile,0.9,90.97182950629742
2026-08-26,ILI incidence,2026-09-13,4,BE,quantile,0.95,119.98927584035333
2026-08-26,ILI incidence,2026-09-13,4,BE,quantile,0.975,152.476353321862
2026-08-26,ILI incidence,2026-09-13,4,BE,quantile,0.99,201.36889508615795
2026-08-26,ILI incidence,2026-09-13,4,BE,median,,33.95879473931033
2026-08-26,ILI incidence,2026-08-23,1,CH,quantile,0.01,2.145007405085485
2026-08-26,ILI incidence,2026-08-23,1,CH,quantile,0.025,2.688656449647543
2026-08-26,ILI incidence,2026-08-23,1,CH,quantile,0.05,3.2308151347378837
2026-08-26,ILI incidence,2026-08-23,1,CH,quantile,0.1,3.9555072950191983
2026-08-26,ILI incidence,2026-08-23,1,CH,quantile,0.15,4.513348461976869
2026-08-26,ILI incidence,2026-08-23,1,CH,quantile,0.2,5.0011561803256095
2026-08-26,ILI incidence,2026-08-23,1,CH,quantile,0.25,5.4539080111760025
2026-08-26,ILI incidence,2026-08-23,1,CH,quantile,0.3,5.8895305306051435
2026-08-26,ILI incidence,2026-08-23,1,CH,quantile,0.35,6.319404530050665
2026-08-26,ILI incidence,2026-08-23,1,CH,quantile,0.4,6.752088269943376
2026-08-26,ILI incidence,2026-08-23,1,CH,quantile,0.45,7.195044391725904
2026-08-26,ILI incidence,2026-08-23,1,CH,quantile,0.5,7.655682116274354
2026-08-26,ILI incidence,2026-08-23,1,CH,quantile,0.55,8.142211965762536
2026-08-26,ILI incidence,2026-08-23,1,CH,quantile,0.6,8.664600077952793
2026-08-26,ILI incidence,2026-08-23,1,CH,quantile,0.65,9.235919136645002
2026-08-26,ILI incidence,2026-08-23,1,CH,quantile,0.7,9.874591899284468
2026-08-26,ILI incidence,2026-08-23,1,CH,quantile,0.75,10.60859943591603
2026-08-26,ILI incidence,2026-08-23,1,CH,quantile,0.8,11.48439978009815
2026-08-26,ILI incidence,2026-08-23,1,CH,quantile,0.85,12.588989234888315
2026-08-26,ILI incidence,2026-08-23,1,CH,quantile,0.9,14.118700959898693
2026-08-26,ILI incidence,2026-08-23,1,CH,quantile,0.95,16.70836836685215
2026-08-26,ILI incidence,2026-08-23,1,CH,quantile,0.975,19.31114415796312
2026-08-26,ILI incidence,2026-08-23,1,CH,quantile,0.99,22.822148328440974
2026-08-26,ILI incidence,2026-08-23,1,CH,median,,7.655682116274354
2026-08-26,ILI incidence,2026-08-30,2,CH,quantile,0.01,1.632855871618652
2026-08-26,ILI incidence,2026-08-30,2,CH,quantile,0.025,2.1621728209194244
2026-08-26,ILI incidence,2026-08-30,2,CH,quantile,0.05,2.7017775260193897
2026-08-26,ILI incidence,2026-08-30,2,CH,quantile,0.1,3.439148017074679
2026-08-26,ILI incidence,2026-08-30,2,CH,quantile,0.15,4.017944693423801
2026-08-26,ILI incidence,2026-08-30,2,CH,quantile,0.2,4.531315130531986
2026-08-26,ILI incidence,2026-08-30,2,CH,quantile,0.25,5.013401577570977
2026-08-26,ILI incidence,2026-08-30,2,CH,quantile,0.3,5.48203497535736
2026-08-26,ILI incidence,2026-08-30,2,CH,quantile,0.35,5.948834039891453
2026-08-26,ILI incidence,2026-08-30,2,CH,quantile,0.4,6.4228267908357894
2026-08-26,ILI incidence,2026-08-30,2,CH,quantile,0.45,6.912171280918378
2026-08-26,ILI incidence,2026-08-30,2,CH,quantile,0.5,7.425243143235235
2026-08-26,ILI incidence,2026-08-30,2,CH,quantile,0.55,7.9715856118818795
2026-08-26,ILI incidence,2026-08-30,2,CH,quantile,0.6,8.5630309076146
2026-08-26,ILI incidence,2026-08-30,2,CH,quantile,0.65,9.215342835233578
2026-08-26,ILI incidence,2026-08-30,2,CH,quantile,0.7,9.950993367436887
2026-08-26,ILI incidence,2026-08-30,2,CH,quantile,0.75,10.804420693837244
2026-08-26,ILI incidence,2026-08-30,2,CH,quantile,0.8,11.83324496028221
2026-08-26,ILI incidence,2026-08-30,2,CH,quantile,0.85,13.146174651079841
2026-08-26,ILI incidence,2026-08-30,2,CH,quantile,0.9,14.990618413622997
2026-08-26,ILI incidence,2026-08-30,2,CH,quantile,0.95,18.175847690383463
2026-08-26,ILI incidence,2026-08-30,2,CH,quantile,0.975,21.44808428971096
2026-08-26,ILI incidence,2026-08-30,2,CH,quantile,0.99,25.96111199546661
2026-08-26,ILI incidence,2026-08-30,2,CH,median,,7.425243143235235
2026-08-26,ILI incidence,2026-09-06,3,CH,quantile,0.01,1.1061805528685738
2026-08-26,ILI incidence,2026-09-06,3,CH,quantile,0.025,1.6090026580156334
2026-08-26,ILI incidence,2026-09-06,3,CH,quantile,0.05,2.1364727946047797
2026-08-26,ILI incidence,2026-09-06,3,CH,quantile,0.1,2.878272835269485
2026-08-26,ILI incidence,2026-09-06,3,CH,quantile,0.15,3.4755161033788866
2026-08-26,ILI incidence,2026-09-06,3,CH,quantile,0.2,4.015121973660344
2026-08-26,ILI incidence,2026-09-06,3,CH,quantile,0.25,4.529619201064834
2026-08-26,ILI incidence,2026-09-06,3,CH,quantile,0.3,5.036484084628311
2026-08-26,ILI incidence,2026-09-06,3,CH,quantile,0.35,5.547553298085416
2026-08-26,ILI incidence,2026-09-06,3,CH,quantile,0.4,6.072460476268802
2026-08-26,ILI incidence,2026-09-06,3,CH,quantile,0.45,6.620332653494959
2026-08-26,ILI incidence,2026-09-06,3,CH,quantile,0.5,7.2009391136431855
2026-08-26,ILI incidence,2026-09-06,3,CH,quantile,0.55,7.82578299450444
2026-08-26,ILI incidence,2026-09-06,3,CH,quantile,0.6,8.50947729879212
2026-08-26,ILI incidence,2026-09-06,3,CH,quantile,0.65,9.271837323622703
2026-08-26,ILI incidence,2026-09-06,3,CH,quantile,0.7,10.141485905172209
2026-08-26,ILI incidence,2026-09-06,3,CH,quantile,0.75,11.162754775723323
2026-08-26,ILI incidence,2026-09-06,3,CH,quantile,0.8,12.410521757778023
2026-08-26,ILI incidence,2026-09-06,3,CH,quantile,0.85,14.027407072651755
2026-08-26,ILI incidence,2026-09-06,3,CH,quantile,0.9,16.341586113811772
2026-08-26,ILI incidence,2026-09-06,3,CH,quantile,0.95,20.44300516853594
2026-08-26,ILI incidence,2026-09-06,3,CH,quantile,0.975,24.778203843163606
2026-08-26,ILI incidence,2026-09-06,3,CH,quantile,0.99,30.932401167640748
2026-08-26,ILI incidence,2026-09-06,3,CH,median,,7.2009391136431855
2026-08-26,ILI incidence,2026-09-13,4,CH,quantile,0.01,0.6203833499466778
2026-08-26,ILI incidence,2026-09-13,4,CH,quantile,0.025,1.0829844832512974
2026-08-26,ILI incidence,2026-09-13,4,CH,quantile,0.05,1.5851798240759782
2026-08-26,ILI incidence,2026-09-13,4,CH,quantile,0.1,2.3162067266403246
2026-08-26,ILI incidence,2026-09-13,4,CH,quantile,0.15,2.9229290439369846
2026-08-26,ILI incidence,2026-09-13,4,CH,quantile,0.2,3.483361801356838
2026-08-26,ILI incidence,2026-09-13,4,CH,quantile,0.25,4.027555856551486
2026-08-26,ILI incidence,2026-09-13,4,CH,quantile,0.3,4.572328886421095
2026-08-26,ILI incidence,2026-09-13,4,CH,quantile,0.35,5.1297006889633385
2026-08-26,ILI incidence,2026-09-13,4,CH,quantile,0.4,5.710057138755202
2026-08-26,ILI incidence,2026-09-13,4,CH,quantile,0.45,6.323805412653825
2026-08-26,ILI incidence,2026-09-13,4,CH,quantile,0.5,6.982606697788122
2026-08-26,ILI incidence,2026-09-13,4,CH,quantile,0.55,7.70066940630004
2026-08-26,ILI incidence,2026-09-13,4,CH,quantile,0.6,8.496492857494953
2026-08-26,ILI incidence,2026-09-13,4,CH,quantile,0.65,9.395615206188564
2026-08-26,ILI incidence,2026-09-13,4,CH,quantile,0.7,10.435435881549004
2026-08-26,ILI incidence,2026-09-13,4,CH,quantile,0.75,11.674550320218652
2026-08-26,ILI incidence,2026-09-13,4,CH,quantile,0.8,13.212997414638064
2026-08-26,ILI incidence,2026-09-13,4,CH,quantile,0.85,15.243477508229798
2026-08-26,ILI incidence,2026-09-13,4,CH,quantile,0.9,18.215330932076437
2026-08-26,ILI incidence,2026-09-13,4,CH,quantile,0.95,23.648966040243614
2026-08-26,ILI incidence,2026-09-13,4,CH,quantile,0.975,29.5916871699923
2026-08-26,ILI incidence,2026-09-13,4,CH,quantile,0.99,38.32526811860211
2026-08-26,ILI incidence,2026-09-13,4,CH,median,,6.982606697788122
2026-08-26,ILI incidence,2026-08-23,1,DK,quantile,0.01,27.419988805366106
2026-08-26,ILI incidence,2026-08-23,1,DK,quantile,0.025,31.652654568010668
2026-08-26,ILI incidence,2026-08-23,1,DK,quantile,0.05,35.793844527404126
2026-08-26,ILI incidence,2026-08-23,1,DK,quantile,0.1,41.22431317546062
2026-08-26,ILI incidence,2026-08-23,1,DK,quantile,0.15,45.33411645884716
2026-08-26,ILI incidence,2026-08-23,1,DK,quantile,0.2,48.88390937393376
2026-08-26,ILI incidence,2026-08-23,1,DK,quantile,0.25,52.14528739927831
2026-08-26,ILI incidence,2026-08-23,1,DK,quantile,0.3,55.25543044002093
2026-08-26,ILI incidence,2026-08-23,1,DK,quantile,0.35,58.299686550063456
2026-08-26,ILI incidence,2026-08-23,1,DK,quantile,0.4,61.34057734186559
2026-08-26,ILI incidence,2026-08-23,1,DK,quantile,0.45,64.43101311993287
2026-08-26,ILI incidence,2026-08-23,1,DK,quantile,0.5,67.62199176077108
2026-08-26,ILI incidence,2026-08-23,1,DK,quantile,0.55,70.9685899495998
2026-08-26,ILI incidence,2026-08-23,1,DK,quantile,0.6,74.53631926429017
2026-08-26,ILI incidence,2026-08-23,1,DK,quantile,0.65,78.40982536627412
2026-08-26,ILI incidence,2026-08-23,1,DK,quantile,0.7,82.70707887900726
2026-08-26,ILI incidence,2026-08-23,1,DK,quantile,0.75,87.60574443481664
2026-08-26,ILI incidence,2026-08-23,1,DK,quantile,0.8,93.39873122045148
2026-08-26,ILI incidence,2026-08-23,1,DK,quantile,0.85,100.63089561441701
2026-08-26,ILI incidence,2026-08-23,1,DK,quantile,0.9,110.52289756964093
2026-08-26,ILI incidence,2026-08-23,1,DK,quantile,0.95,126.98275944521312
2026-08-26,ILI incidence,2026-08-23,1,DK,quantile,0.975,143.21423971540275
2026-08-26,ILI incidence,2026-08-23,1,DK,quantile,0.99,164.6924563012568
2026-08-26,ILI incidence,2026-08-23,1,DK,median,,67.62199176077108
2026-08-26,ILI incidence,2026-08-30,2,DK,quantile,0.01,25.22694000490636
2026-08-26,ILI incidence,2026-08-30,2,DK,quantile,0.025,29.393940039969003
2026-08-26,ILI incidence,2026-08-30,2,DK,quantile,0.05,33.50359931204152
2026-08-26,ILI incidence,2026-08-30,2,DK,quantile,0.1,38.936050774588544
2026-08-26,ILI incidence,2026-08-30,2,DK,quantile,0.15,43.07666696495705
2026-08-26,ILI incidence,2026-08-30,2,DK,quantile,0.2,46.67157552061692
2026-08-26,ILI incidence,2026-08-30,2,DK,quantile,0.25,49.98847521933554
2026-08-26,ILI incidence,2026-08-30,2,DK,quantile,0.3,53.16338150017795
2026-08-26,ILI incidence,2026-08-30,2,DK,quantile,0.35,56.281613792559774
2026-08-26,ILI incidence,2026-08-30,2,DK,quantile,0.4,59.40634504743768
2026-08-26,ILI incidence,2026-08-30,2,DK,quantile,0.45,62.591702543643095
2026-08-26,ILI incidence,2026-08-30,2,DK,quantile,0.5,65.89050954177584
2026-08-26,ILI incidence,2026-08-30,2,DK,quantile,0.55,69.36044150080205
2026-08-26,ILI incidence,2026-08-30,2,DK,quantile,0.6,73.07070007703103
2026-08-26,ILI incidence,2026-08-30,2,DK,quantile,0.65,77.11128162278786
2026-08-26,ILI incidence,2026-08-30,2,DK,quantile,0.7,81.60821504919717
2026-08-26,ILI incidence,2026-08-30,2,DK,quantile,0.75,86.75199194545974
2026-08-26,ILI incidence,2026-08-30,2,DK,quantile,0.8,92.85761258977796
2026-08-26,ILI incidence,2026-08-30,2,DK,quantile,0.85,100.51267268724537
2026-08-26,ILI incidence,2026-08-30,2,DK,quantile,0.9,111.03762465179572
2026-08-26,ILI incidence,2026-08-30,2,DK,quantile,0.95,128.67749324624486
2026-08-26,ILI incidence,2026-08-30,2,DK,quantile,0.975,146.21159089195092
2026-08-26,ILI incidence,2026-08-30,2,DK,quantile,0.99,169.6009266014783
2026-08-26,ILI incidence,2026-08-30,2,DK,median,,65.89050954177584
2026-08-26,ILI incidence,2026-09-06,3,DK,quantile,0.01,22.8837137013871
2026-08-26,ILI incidence,2026-09-06,3,DK,quantile,0.025,26.976583605880087
2026-08-26,ILI incidence,2026-09-06,3,DK,quantile,0.05,31.05341422350243
2026-08-26,ILI incidence,2026-09-06,3,DK,quantile,0.1,36.49637730162652
2026-08-26,ILI incidence,2026-09-06,3,DK,quantile,0.15,40.68177333247177
2026-08-26,ILI incidence,2026-09-06,3,DK,quantile,0.2,44.338928953053184
2026-08-26,ILI incidence,2026-09-06,3,DK,quantile,0.25,47.73113351493144
2026-08-26,ILI incidence,2026-09-06,3,DK,quantile,0.3,50.99319940778382
2026-08-26,ILI incidence,2026-09-06,3,DK,quantile,0.35,54.210600826334904
2026-08-26,ILI incidence,2026-09-06,3,DK,quantile,0.4,57.44750565443532
2026-08-26,ILI incidence,2026-09-06,3,DK,quantile,0.45,60.759761795198834
2026-08-26,ILI incidence,2026-09-06,3,DK,quantile,0.5,64.20271638847719
2026-08-26,ILI incidence,2026-09-06,3,DK,quantile,0.55,67.83760721963621
2026-08-26,ILI incidence,2026-09-06,3,DK,quantile,0.6,71.73867681492021
2026-08-26,ILI incidence,2026-09-06,3,DK,quantile,0.65,76.00322330867154
2026-08-26,ILI incidence,2026-09-06,3,DK,quantile,0.7,80.76827494481373
2026-08-26,ILI incidence,2026-09-06,3,DK,quantile,0.75,86.24184967159746
2026-08-26,ILI incidence,2026-09-06,3,DK,quantile,0.8,92.76918075939457
2026-08-26,ILI incidence,2026-09-06,3,DK,quantile,0.85,100.99648154422897
2026-08-26,ILI incidence,2026-09-06,3,DK,quantile,0.9,112.38146590102124
2026-08-26,ILI incidence,2026-09-06,3,DK,quantile,0.95,131.63467644326485
2026-08-26,ILI incidence,2026-09-06,3,DK,quantile,0.975,150.96259430127975
2026-08-26,ILI incidence,2026-09-06,3,DK,quantile,0.99,177.0039016373439
2026-08-26,ILI incidence,2026-09-06,3,DK,median,,64.20271638847719
2026-08-26,ILI incidence,2026-09-13,4,DK,quantile,0.01,20.4710966023339
2026-08-26,ILI incidence,2026-09-13,4,DK,quantile,0.025,24.473155488183625
2026-08-26,ILI incidence,2026-09-13,4,DK,quantile,0.05,28.506885356788406
2026-08-26,ILI incidence,2026-09-13,4,DK,quantile,0.1,33.956465882616875
2026-08-26,ILI incidence,2026-09-13,4,DK,quantile,0.15,38.19113932059367
2026-08-26,ILI incidence,2026-09-13,4,DK,quantile,0.2,41.91967028084081
2026-08-26,ILI incidence,2026-09-13,4,DK,quantile,0.25,45.39987657192105
2026-08-26,ILI incidence,2026-09-13,4,DK,quantile,0.3,48.76506256471536
2026-08-26,ILI incidence,2026-09-13,4,DK,quantile,0.35,52.100895737271784
2026-08-26,ILI incidence,2026-09-13,4,DK,quantile,0.4,55.4728027529733
2026-08-26,ILI incidence,2026-09-13,4,DK,quantile,0.45,58.93881856975131
2026-08-26,ILI incidence,2026-09-13,4,DK,quantile,0.5,62.55750993017882
2026-08-26,ILI incidence,2026-09-13,4,DK,quantile,0.55,66.39467285001476
2026-08-26,ILI incidence,2026-09-13,4,DK,quantile,0.6,70.53101796974465
2026-08-26,ILI incidence,2026-09-13,4,DK,quantile,0.65,75.07323779454431
2026-08-26,ILI incidence,2026-09-13,4,DK,quantile,0.7,80.17255078845064
2026-08-26,ILI incidence,2026-09-13,4,DK,quantile,0.75,86.05965116660082
2026-08-26,ILI incidence,2026-09-13,4,DK,quantile,0.8,93.11901447733214
2026-08-26,ILI incidence,2026-09-13,4,DK,quantile,0.85,102.07322365599425
2026-08-26,ILI incidence,2026-09-13,4,DK,quantile,0.9,114.55965302927167
2026-08-26,ILI incidence,2026-09-13,4,DK,quantile,0.95,135.90218468264823
2026-08-26,ILI incidence,2026-09-13,4,DK,quantile,0.975,157.58094496375332
2026-08-26,ILI incidence,2026-09-13,4,DK,quantile,0.99,187.13929923288967
2026-08-26,ILI incidence,2026-09-13,4,DK,median,,62.55750993017882
2026-08-26,ILI incidence,2026-08-23,1,EE,quantile,0.01,6.13801330477567
2026-08-26,ILI incidence,2026-08-23,1,EE,quantile,0.025,7.393357934401639
2026-08-26,ILI incidence,2026-08-23,1,EE,quantile,0.05,8.648234304625458
2026-08-26,ILI incidence,2026-08-23,1,EE,quantile,0.1,10.329595767999404
2026-08-26,ILI incidence,2026-08-23,1,EE,quantile,0.15,11.626575808248733
2026-08-26,ILI incidence,2026-08-23,1,EE,quantile,0.2,12.762466308155961
2026-08-26,ILI incidence,2026-08-23,1,EE,quantile,0.25,13.818058316832248
2026-08-26,ILI incidence,2026-08-23,1,EE,quantile,0.3,14.834838168620562
2026-08-26,ILI incidence,2026-08-23,1,EE,quantile,0.35,15.839213878787579
2026-08-26,ILI incidence,2026-08-23,1,EE,quantile,0.4,16.851111706305872
2026-08-26,ILI incidence,2026-08-23,1,EE,quantile,0.45,17.88797300233601
2026-08-26,ILI incidence,2026-08-23,1,EE,quantile,0.5,18.967177665734216
2026-08-26,ILI incidence,2026-08-23,1,EE,quantile,0.55,20.108044991682622
2026-08-26,ILI incidence,2026-08-23,1,EE,quantile,0.6,21.334081512366506
2026-08-26,ILI incidence,2026-08-23,1,EE,quantile,0.65,22.6761755509991
2026-08-26,ILI incidence,2026-08-23,1,EE,quantile,0.7,24.177913388787513
2026-08-26,ILI incidence,2026-08-23,1,EE,quantile,0.75,25.90556180914164
2026-08-26,ILI incidence,2026-08-23,1,EE,quantile,0.8,27.969239597609278
2026-08-26,ILI incidence,2026-08-23,1,EE,quantile,0.85,30.57532097297028
2026-08-26,ILI incidence,2026-08-23,1,EE,quantile,0.9,34.18997430262211
2026-08-26,ILI incidence,2026-08-23,1,EE,quantile,0.95,40.32239862208363
2026-08-26,ILI incidence,2026-08-23,1,EE,quantile,0.975,46.50043868627385
2026-08-26,ILI incidence,2026-08-23,1,EE,quantile,0.99,54.854222584350445
2026-08-26,ILI incidence,2026-08-23,1,EE,median,,18.967177665734216
2026-08-26,ILI incidence,2026-08-30,2,EE,quantile,0.01,5.0886549938568795
2026-08-26,ILI incidence,2026-08-30,2,EE,quantile,0.025,6.296531042357437
2026-08-26,ILI incidence,2026-08-30,2,EE,quantile,0.05,7.525356119163964
2026-08-26,ILI incidence,2026-08-30,2,EE,quantile,0.1,9.201088081316882
2026-08-26,ILI incidence,2026-08-30,2,EE,quantile,0.15,10.514051717976786
2026-08-26,ILI incidence,2026-08-30,2,EE,quantile,0.2,11.677056529608482
2026-08-26,ILI incidence,2026-08-30,2,EE,quantile,0.25,12.767996321891596
2026-08-26,ILI incidence,2026-08-30,2,EE,quantile,0.3,13.82747592841521
2026-08-26,ILI incidence,2026-08-30,2,EE,quantile,0.35,14.881885859613332
2026-08-26,ILI incidence,2026-08-30,2,EE,quantile,0.4,15.951667247099518
2026-08-26,ILI incidence,2026-08-30,2,EE,quantile,0.45,17.055229304620802
2026-08-26,ILI incidence,2026-08-30,2,EE,quantile,0.5,18.211413980808686
2026-08-26,ILI incidence,2026-08-30,2,EE,quantile,0.55,19.441636099717368
2026-08-26,ILI incidence,2026-08-30,2,EE,quantile,0.6,20.77239688356683
2026-08-26,ILI incidence,2026-08-30,2,EE,quantile,0.65,22.23895476925416
2026-08-26,ILI incidence,2026-08-30,2,EE,quantile,0.7,23.89152091184405
2026-08-26,ILI incidence,2026-08-30,2,EE,quantile,0.75,25.806981823140383
2026-08-26,ILI incidence,2026-08-30,2,EE,quantile,0.8,28.11388982765783
2026-08-26,ILI incidence,2026-08-30,2,EE,quantile,0.85,31.054609114337467
2026-08-26,ILI incidence,2026-08-30,2,EE,quantile,0.9,35.18030000328813
2026-08-26,ILI incidence,2026-08-30,2,EE,quantile,0.95,42.29184869032836
2026-08-26,ILI incidence,2026-08-30,2,EE,quantile,0.975,49.58272554443432
2026-08-26,ILI incidence,2026-08-30,2,EE,quantile,0.99,59.61739867251331
2026-08-26,ILI incidence,2026-08-30,2,EE,median,,18.211413980808686
2026-08-26,ILI incidence,2026-09-06,3,EE,quantile,0.01,4.232940990838357
2026-08-26,ILI incidence,2026-09-06,3,EE,quantile,0.025,5.383530433657696
2026-08-26,ILI incidence,2026-09-06,3,EE,quantile,0.05,6.573500831375234
2026-08-26,ILI incidence,2026-09-06,3,EE,quantile,0.1,8.223287284386956
2026-08-26,ILI incidence,2026-09-06,3,EE,quantile,0.15,9.534944880810931
2026-08-26,ILI incidence,2026-09-06,3,EE,quantile,0.2,10.709204214909116
2026-08-26,ILI incidence,2026-09-06,3,EE,quantile,0.25,11.820391882301115
2026-08-26,ILI incidence,2026-09-06,3,EE,quantile,0.3,12.907859595174774
2026-08-26,ILI incidence,2026-09-06,3,EE,quantile,0.35,13.997735084719139
2026-08-26,ILI incidence,2026-09-06,3,EE,quantile,0.4,15.110789376785903
2026-08-26,ILI incidence,2026-09-06,3,EE,quantile,0.45,16.266243429593228
2026-08-26,ILI incidence,2026-09-06,3,EE,quantile,0.5,17.484256039102032
2026-08-26,ILI incidence,2026-09-06,3,EE,quantile,0.55,18.788190912070856
2026-08-26,ILI incidence,2026-09-06,3,EE,quantile,0.6,20.207385518389952
2026-08-26,ILI incidence,2026-09-06,3,EE,quantile,0.65,21.781287933749258
2026-08-26,ILI incidence,2026-09-06,3,EE,quantile,0.7,23.566520749002894
2026-08-26,ILI incidence,2026-09-06,3,EE,quantile,0.75,25.650333660296383
2026-08-26,ILI incidence,2026-09-06,3,EE,quantile,0.8,28.179414334924722
2026-08-26,ILI incidence,2026-09-06,3,EE,quantile,0.85,31.431847075101167
2026-08-26,ILI incidence,2026-09-06,3,EE,quantile,0.9,36.044028965404785
2026-08-26,ILI incidence,2026-09-06,3,EE,quantile,0.95,44.113578109562056
2026-08-26,ILI incidence,2026-09-06,3,EE,quantile,0.975,52.5233167398417
2026-08-26,ILI incidence,2026-09-06,3,EE,quantile,0.99,64.29172064375642
2026-08-26,ILI incidence,2026-09-06,3,EE,median,,17.484256039102032
2026-08-26,ILI incidence,2026-09-13,4,EE,quantile,0.01,3.5228267549774763
2026-08-26,ILI incidence,2026-09-13,4,EE,quantile,0.025,4.6112658924983325
2026-08-26,ILI incidence,2026-09-13,4,EE,quantile,0.05,5.7546956474395135
2026-08-26,ILI incidence,2026-09-13,4,EE,quantile,0.1,7.365057667721485
2026-08-26,ILI incidence,2026-09-13,4,EE,quantile,0.15,8.663251177856772
2026-08-26,ILI incidence,2026-09-13,4,EE,quantile,0.2,9.837246278423581
2026-08-26,ILI incidence,2026-09-13,4,EE,quantile,0.25,10.957467187026854
2026-08-26,ILI incidence,2026-09-13,4,EE,quantile,0.3,12.061808341605525
2026-08-26,ILI incidence,2026-09-13,4,EE,quantile,0.35,13.175989130967992
2026-08-26,ILI incidence,2026-09-13,4,EE,quantile,0.4,14.32099272631969
2026-08-26,ILI incidence,2026-09-13,4,EE,quantile,0.45,15.516746061832833
2026-08-26,ILI incidence,2026-09-13,4,EE,quantile,0.5,16.784621242890903
2026-08-26,ILI incidence,2026-09-13,4,EE,quantile,0.55,18.149822342064148
2026-08-26,ILI incidence,2026-09-13,4,EE,quantile,0.6,19.644403297035193
2026-08-26,ILI incidence,2026-09-13,4,EE,quantile,0.65,21.31186478988847
2026-08-26,ILI incidence,2026-09-13,4,EE,quantile,0.7,23.21508144056939
2026-08-26,ILI incidence,2026-09-13,4,EE,quantile,0.75,25.45148406480643
2026-08-26,ILI incidence,2026-09-13,4,EE,quantile,0.8,28.185712368907748
2026-08-26,ILI incidence,2026-09-13,4,EE,quantile,0.85,31.73150484568462
2026-08-26,ILI incidence,2026-09-13,4,EE,quantile,0.9,36.811186164749984
2026-08-26,ILI incidence,2026-09-13,4,EE,quantile,0.95,45.82561128760592
2026-08-26,ILI incidence,2026-09-13,4,EE,quantile,0.975,55.367450556199145
2026-08-26,ILI incidence,2026-09-13,4,EE,quantile,0.99,68.9325377442324
2026-08-26,ILI incidence,2026-09-13,4,EE,median,,16.784621242890903
2026-08-26,ILI incidence,2026-08-23,1,ES,quantile,0.01,1.834688948442349
2026-08-26,ILI incidence,2026-08-23,1,ES,quantile,0.025,2.36579174860246
2026-08-26,ILI incidence,2026-08-23,1,ES,quantile,0.05,2.9015010709338216
2026-08-26,ILI incidence,2026-08-23,1,ES,quantile,0.1,3.6257932524417944
2026-08-26,ILI incidence,2026-08-23,1,ES,quantile,0.15,4.188991510062653
2026-08-26,ILI incidence,2026-08-23,1,ES,quantile,0.2,4.685115715331066
2026-08-26,ILI incidence,2026-08-23,1,ES,quantile,0.25,5.148383166587501
2026-08-26,ILI incidence,2026-08-23,1,ES,quantile,0.3,5.596497278162773
2026-08-26,ILI incidence,2026-08-23,1,ES,quantile,0.35,6.040845224094881
2026-08-26,ILI incidence,2026-08-23,1,ES,quantile,0.4,6.490133475333068
2026-08-26,ILI incidence,2026-08-23,1,ES,quantile,0.45,6.952094320673975
2026-08-26,ILI incidence,2026-08-23,1,ES,quantile,0.5,7.4345398706708625
2026-08-26,ILI incidence,2026-08-23,1,ES,quantile,0.55,7.946254906079496
2026-08-26,ILI incidence,2026-08-23,1,ES,quantile,0.6,8.49802337491362
2026-08-26,ILI incidence,2026-08-23,1,ES,quantile,0.65,9.10410832302905
2026-08-26,ILI incidence,2026-08-23,1,ES,quantile,0.7,9.784733143974018
2026-08-26,ILI incidence,2026-08-23,1,ES,quantile,0.75,10.570759483004318
2026-08-26,ILI incidence,2026-08-23,1,ES,quantile,0.8,11.513634971068235
2026-08-26,ILI incidence,2026-08-23,1,ES,quantile,0.85,12.710075010139589
2026-08-26,ILI incidence,2026-08-23,1,ES,quantile,0.9,14.379300143252916
2026-08-26,ILI incidence,2026-08-23,1,ES,quantile,0.95,17.234382494455843
2026-08-26,ILI incidence,2026-08-23,1,ES,quantile,0.975,20.136620487430836
2026-08-26,ILI incidence,2026-08-23,1,ES,quantile,0.99,24.096743989857657
2026-08-26,ILI incidence,2026-08-23,1,ES,median,,7.4345398706708625
2026-08-26,ILI incidence,2026-08-30,2,ES,quantile,0.01,1.486582797239607
2026-08-26,ILI incidence,2026-08-30,2,ES,quantile,0.025,2.0816071826105653
2026-08-26,ILI incidence,2026-08-30,2,ES,quantile,0.05,2.7060592772880776
2026-08-26,ILI incidence,2026-08-30,2,ES,quantile,0.1,3.584616159572991
2026-08-26,ILI incidence,2026-08-30,2,ES,quantile,0.15,4.292227353102428
2026-08-26,ILI incidence,2026-08-30,2,ES,quantile,0.2,4.931721908640161
2026-08-26,ILI incidence,2026-08-30,2,ES,quantile,0.25,5.541595031983595
2026-08-26,ILI incidence,2026-08-30,2,ES,quantile,0.3,6.1425378126014625
2026-08-26,ILI incidence,2026-08-30,2,ES,quantile,0.35,6.7485727722959234
2026-08-26,ILI incidence,2026-08-30,2,ES,quantile,0.4,7.371120581961414
2026-08-26,ILI incidence,2026-08-30,2,ES,quantile,0.45,8.021008803660271
2026-08-26,ILI incidence,2026-08-30,2,ES,quantile,0.5,8.709833704375528
2026-08-26,ILI incidence,2026-08-30,2,ES,quantile,0.55,9.451255798395026
2026-08-26,ILI incidence,2026-08-30,2,ES,quantile,0.6,10.262634392077572
2026-08-26,ILI incidence,2026-08-30,2,ES,quantile,0.65,11.167514371642321
2026-08-26,ILI incidence,2026-08-30,2,ES,quantile,0.7,12.19991199770603
2026-08-26,ILI incidence,2026-08-30,2,ES,quantile,0.75,13.412520204271711
2026-08-26,ILI incidence,2026-08-30,2,ES,quantile,0.8,14.894351087042235
2026-08-26,ILI incidence,2026-08-30,2,ES,quantile,0.85,16.814969818210354
2026-08-26,ILI incidence,2026-08-30,2,ES,quantile,0.9,19.564615942768107
2026-08-26,ILI incidence,2026-08-30,2,ES,quantile,0.95,24.43965530837847
2026-08-26,ILI incidence,2026-08-30,2,ES,quantile,0.975,29.59470755995497
2026-08-26,ILI incidence,2026-08-30,2,ES,quantile,0.99,36.91583802127546
2026-08-26,ILI incidence,2026-08-30,2,ES,median,,8.709833704375528
2026-08-26,ILI incidence,2026-09-06,3,ES,quantile,0.01,1.0152415019675272
2026-08-26,ILI incidence,2026-09-06,3,ES,quantile,0.025,1.639414143967624
2026-08-26,ILI incidence,2026-09-06,3,ES,quantile,0.05,2.328811350664145
2026-08-26,ILI incidence,2026-09-06,3,ES,quantile,0.1,3.349946992335588
2026-08-26,ILI incidence,2026-09-06,3,ES,quantile,0.15,4.210507578794124
2026-08-26,ILI incidence,2026-09-06,3,ES,quantile,0.2,5.014322898524589
2026-08-26,ILI incidence,2026-09-06,3,ES,quantile,0.25,5.802058290507
2026-08-26,ILI incidence,2026-09-06,3,ES,quantile,0.3,6.59702125928234
2026-08-26,ILI incidence,2026-09-06,3,ES,quantile,0.35,7.416378689807441
2026-08-26,ILI incidence,2026-09-06,3,ES,quantile,0.4,8.275434571274538
2026-08-26,ILI incidence,2026-09-06,3,ES,quantile,0.45,9.189947829322211
2026-08-26,ILI incidence,2026-09-06,3,ES,quantile,0.5,10.177950666217557
2026-08-26,ILI incidence,2026-09-06,3,ES,quantile,0.55,11.261748851829449
2026-08-26,ILI incidence,2026-09-06,3,ES,quantile,0.6,12.47069834154678
2026-08-26,ILI incidence,2026-09-06,3,ES,quantile,0.65,13.845646292948851
2026-08-26,ILI incidence,2026-09-06,3,ES,quantile,0.7,15.44678576405574
2026-08-26,ILI incidence,2026-09-06,3,ES,quantile,0.75,17.368937130510908
2026-08-26,ILI incidence,2026-09-06,3,ES,quantile,0.8,19.77483753442054
2026-08-26,ILI incidence,2026-09-06,3,ES,quantile,0.85,22.979733107942273
2026-08-26,ILI incidence,2026-09-06,3,ES,quantile,0.9,27.723701993735514
2026-08-26,ILI incidence,2026-09-06,3,ES,quantile,0.95,36.534893970925935
2026-08-26,ILI incidence,2026-09-06,3,ES,quantile,0.975,46.33875560300332
2026-08-26,ILI incidence,2026-09-06,3,ES,quantile,0.99,61.00079790655627
2026-08-26,ILI incidence,2026-09-06,3,ES,median,,10.177950666217557
2026-08-26,ILI incidence,2026-09-13,4,ES,quantile,0.01,0.5330793539658463
2026-08-26,ILI incidence,2026-09-13,4,ES,quantile,0.025,1.1432859742847437
2026-08-26,ILI incidence,2026-09-13,4,ES,quantile,0.05,1.8591139760084978
2026-08-26,ILI incidence,2026-09-13,4,ES,quantile,0.1,2.985868401582731
2026-08-26,ILI incidence,2026-09-13,4,ES,quantile,0.15,3.9874176436637034
2026-08-26,ILI incidence,2026-09-13,4,ES,quantile,0.2,4.960032691669308
2026-08-26,ILI incidence,2026-09-13,4,ES,quantile,0.25,5.944287690318406
2026-08-26,ILI incidence,2026-09-13,4,ES,quantile,0.3,6.965960608436764
2026-08-26,ILI incidence,2026-09-13,4,ES,quantile,0.35,8.046406940905767
2026-08-26,ILI incidence,2026-09-13,4,ES,quantile,0.4,9.206845655760416
2026-08-26,ILI incidence,2026-09-13,4,ES,quantile,0.45,10.471073971518967
2026-08-26,ILI incidence,2026-09-13,4,ES,quantile,0.5,11.868045416688215
2026-08-26,ILI incidence,2026-09-13,4,ES,quantile,0.55,13.43514297415206
2026-08-26,ILI incidence,2026-09-13,4,ES,quantile,0.6,15.223091680875847
2026-08-26,ILI incidence,2026-09-13,4,ES,quantile,0.65,17.30412824977022
2026-08-26,ILI incidence,2026-09-13,4,ES,quantile,0.7,19.786770232152236
2026-08-26,ILI incidence,2026-09-13,4,ES,quantile,0.75,22.845007613496247
2026-08-26,ILI incidence,2026-09-13,4,ES,quantile,0.8,26.782832983013815
2026-08-26,ILI incidence,2026-09-13,4,ES,quantile,0.85,32.200867598549976
2026-08-26,ILI incidence,2026-09-13,4,ES,quantile,0.9,40.54341693273128
2026-08-26,ILI incidence,2026-09-13,4,ES,quantile,0.95,56.915352180929716
2026-08-26,ILI incidence,2026-09-13,4,ES,quantile,0.975,76.25828229768075
2026-08-26,ILI incidence,2026-09-13,4,ES,quantile,0.99,107.00914670046458
2026-08-26,ILI incidence,2026-09-13,4,ES,median,,11.868045416688215
2026-08-26,ILI incidence,2026-08-23,1,FI,quantile,0.01,2.534127605084377
2026-08-26,ILI incidence,2026-08-23,1,FI,quantile,0.025,3.4380981975402243
2026-08-26,ILI incidence,2026-08-23,1,FI,quantile,0.05,4.3984488362331735
2026-08-26,ILI incidence,2026-08-23,1,FI,quantile,0.1,5.766306280382118
2026-08-26,ILI incidence,2026-08-23,1,FI,quantile,0.15,6.880024347752947
2026-08-26,ILI incidence,2026-08-23,1,FI,quantile,0.2,7.894510914428469
2026-08-26,ILI incidence,2026-08-23,1,FI,quantile,0.25,8.868325851283272
2026-08-26,ILI incidence,2026-08-23,1,FI,quantile,0.3,9.83337810966587
2026-08-26,ILI incidence,2026-08-23,1,FI,quantile,0.35,10.811691869230744
2026-08-26,ILI incidence,2026-08-23,1,FI,quantile,0.4,11.821584129093226
2026-08-26,ILI incidence,2026-08-23,1,FI,quantile,0.45,12.880775004099302
2026-08-26,ILI incidence,2026-08-23,1,FI,quantile,0.5,14.008566094993236
2026-08-26,ILI incidence,2026-08-23,1,FI,quantile,0.55,15.227988434453927
2026-08-26,ILI incidence,2026-08-23,1,FI,quantile,0.6,16.568582318674167
2026-08-26,ILI incidence,2026-08-23,1,FI,quantile,0.65,18.07068510774238
2026-08-26,ILI incidence,2026-08-23,1,FI,quantile,0.7,19.792873095308966
2026-08-26,ILI incidence,2026-08-23,1,FI,quantile,0.75,21.82626857102496
2026-08-26,ILI incidence,2026-08-23,1,FI,quantile,0.8,24.32540106981866
2026-08-26,ILI incidence,2026-08-23,1,FI,quantile,0.85,27.58583251611583
2026-08-26,ILI incidence,2026-08-23,1,FI,quantile,0.9,32.29099317908197
2026-08-26,ILI incidence,2026-08-23,1,FI,quantile,0.95,40.72625564512267
2026-08-26,ILI incidence,2026-08-23,1,FI,quantile,0.975,49.755311442326175
2026-08-26,ILI incidence,2026-08-23,1,FI,quantile,0.99,62.73766920688266
2026-08-26,ILI incidence,2026-08-23,1,FI,median,,14.008566094993236
2026-08-26,ILI incidence,2026-08-30,2,FI,quantile,0.01,1.4936049101885138
2026-08-26,ILI incidence,2026-08-30,2,FI,quantile,0.025,2.325967283950677
2026-08-26,ILI incidence,2026-08-30,2,FI,quantile,0.05,3.260911917088407
2026-08-26,ILI incidence,2026-08-30,2,FI,quantile,0.1,4.66944688673455
2026-08-26,ILI incidence,2026-08-30,2,FI,quantile,0.15,5.874302380782402
2026-08-26,ILI incidence,2026-08-30,2,FI,quantile,0.2,7.012003932314839
2026-08-26,ILI incidence,2026-08-30,2,FI,quantile,0.25,8.136986335641726
2026-08-26,ILI incidence,2026-08-30,2,FI,quantile,0.3,9.28125793550793
2026-08-26,ILI incidence,2026-08-30,2,FI,quantile,0.35,10.46913830792116
2026-08-26,ILI incidence,2026-08-30,2,FI,quantile,0.4,11.722983686440413
2026-08-26,ILI incidence,2026-08-30,2,FI,quantile,0.45,13.066410304819726
2026-08-26,ILI incidence,2026-08-30,2,FI,quantile,0.5,14.526959522946969
2026-08-26,ILI incidence,2026-08-30,2,FI,quantile,0.55,16.1391610796841
2026-08-26,ILI incidence,2026-08-30,2,FI,quantile,0.6,17.948894219220982
2026-08-26,ILI incidence,2026-08-30,2,FI,quantile,0.65,20.02045206488855
2026-08-26,ILI incidence,2026-08-30,2,FI,quantile,0.7,22.449122037353415
2026-08-26,ILI incidence,2026-08-30,2,FI,quantile,0.75,25.38577570011231
2026-08-26,ILI incidence,2026-08-30,2,FI,quantile,0.8,29.09065822532348
2026-08-26,ILI incidence,2026-08-30,2,FI,quantile,0.85,34.070681892203055
2026-08-26,ILI incidence,2026-08-30,2,FI,quantile,0.9,41.5238082027598
2026-08-26,ILI incidence,2026-08-30,2,FI,quantile,0.95,55.58095654602831
2026-08-26,ILI incidence,2026-08-30,2,FI,quantile,0.975,71.48612251557213
2026-08-26,ILI incidence,2026-08-30,2,FI,quantile,0.99,95.68190459610851
2026-08-26,ILI incidence,2026-08-30,2,FI,median,,14.526959522946969
2026-08-26,ILI incidence,2026-09-06,3,FI,quantile,0.01,0.6567134552637448
2026-08-26,ILI incidence,2026-09-06,3,FI,quantile,0.025,1.369343287116878
2026-08-26,ILI incidence,2026-09-06,3,FI,quantile,0.05,2.2230264372546524
2026-08-26,ILI incidence,2026-09-06,3,FI,quantile,0.1,3.59554981088191
2026-08-26,ILI incidence,2026-09-06,3,FI,quantile,0.15,4.838351131440562
2026-08-26,ILI incidence,2026-09-06,3,FI,quantile,0.2,6.061688360444584
2026-08-26,ILI incidence,2026-09-06,3,FI,quantile,0.25,7.313573187292988
2026-08-26,ILI incidence,2026-09-06,3,FI,quantile,0.3,8.625857221469497
2026-08-26,ILI incidence,2026-09-06,3,FI,quantile,0.35,10.026106766683608
2026-08-26,ILI incidence,2026-09-06,3,FI,quantile,0.4,11.542701355717202
2026-08-26,ILI incidence,2026-09-06,3,FI,quantile,0.45,13.208283984959023
2026-08-26,ILI incidence,2026-09-06,3,FI,quantile,0.5,15.063258174537829
2026-08-26,ILI incidence,2026-09-06,3,FI,quantile,0.55,17.16041004353564
2026-08-26,ILI incidence,2026-09-06,3,FI,quantile,0.6,19.571984922868488
2026-08-26,ILI incidence,2026-09-06,3,FI,quantile,0.65,22.401574884211403
2026-08-26,ILI incidence,2026-09-06,3,FI,quantile,0.7,25.8057438672943
2026-08-26,ILI incidence,2026-09-06,3,FI,quantile,0.75,30.036987029385138
2026-08-26,ILI incidence,2026-09-06,3,FI,quantile,0.8,35.539174487956544
2026-08-26,ILI incidence,2026-09-06,3,FI,quantile,0.85,43.19539992932738
2026-08-26,ILI incidence,2026-09-06,3,FI,quantile,0.9,55.14741952548643
2026-08-26,ILI incidence,2026-09-06,3,FI,quantile,0.95,79.05775571659365
2026-08-26,ILI incidence,2026-09-06,3,FI,quantile,0.975,107.90286122102493
2026-08-26,ILI incidence,2026-09-06,3,FI,quantile,0.99,154.7470680050576
2026-08-26,ILI incidence,2026-09-06,3,FI,median,,15.063258174537829
2026-08-26,ILI incidence,2026-09-13,4,FI,quantile,0.01,0.04693310014708496
2026-08-26,ILI incidence,2026-09-13,4,FI,quantile,0.025,0.6181358424645609
2026-08-26,ILI incidence,2026-09-13,4,FI,quantile,0.05,1.3531413220229296
2026-08-26,ILI incidence,2026-09-13,4,FI,quantile,0.1,2.623710388637417
2026-08-26,ILI incidence,2026-09-13,4,FI,quantile,0.15,3.8491155378392525
2026-08-26,ILI incidence,2026-09-13,4,FI,quantile,0.2,5.112345788942519
2026-08-26,ILI incidence,2026-09-13,4,FI,quantile,0.25,6.455330510090173
2026-08-26,ILI incidence,2026-09-13,4,FI,quantile,0.3,7.911075778478731
2026-08-26,ILI incidence,2026-09-13,4,FI,quantile,0.35,9.5126297459061
2026-08-26,ILI incidence,2026-09-13,4,FI,quantile,0.4,11.297723905390283
2026-08-26,ILI incidence,2026-09-13,4,FI,quantile,0.45,13.312820078633804
2026-08-26,ILI incidence,2026-09-13,4,FI,quantile,0.5,15.618080494357336
2026-08-26,ILI incidence,2026-09-13,4,FI,quantile,0.55,18.29463221082425
2026-08-26,ILI incidence,2026-09-13,4,FI,quantile,0.6,21.456236734660667
2026-08-26,ILI incidence,2026-09-13,4,FI,quantile,0.65,25.26941174490467
2026-08-26,ILI incidence,2026-09-13,4,FI,quantile,0.7,29.990713824238753
2026-08-26,ILI incidence,2026-09-13,4,FI,quantile,0.75,36.042033071931485
2026-08-26,ILI incidence,2026-09-13,4,FI,quantile,0.8,44.180788007204285
2026-08-26,ILI incidence,2026-09-13,4,FI,quantile,0.85,55.950715478310954
2026-08-26,ILI incidence,2026-09-13,4,FI,quantile,0.9,75.20934613949147
2026-08-26,ILI incidence,2026-09-13,4,FI,quantile,0.95,116.35827199682676
2026-08-26,ILI incidence,2026-09-13,4,FI,quantile,0.975,169.66589347426057
2026-08-26,ILI incidence,2026-09-13,4,FI,quantile,0.99,262.78055988309245
2026-08-26,ILI incidence,2026-09-13,4,FI,median,,15.618080494357336
2026-08-26,ILI incidence,2026-08-23,1,GB-ENG,quantile,0.01,0
2026-08-26,ILI incidence,2026-08-23,1,GB-ENG,quantile,0.025,0
2026-08-26,ILI incidence,2026-08-23,1,GB-ENG,quantile,0.05,0
2026-08-26,ILI incidence,2026-08-23,1,GB-ENG,quantile,0.1,0.025534199274337865
2026-08-26,ILI incidence,2026-08-23,1,GB-ENG,quantile,0.15,0.14998164075639053
2026-08-26,ILI incidence,2026-08-23,1,GB-ENG,quantile,0.2,0.25957283480570514
2026-08-26,ILI incidence,2026-08-23,1,GB-ENG,quantile,0.25,0.36187907318209334
2026-08-26,ILI incidence,2026-08-23,1,GB-ENG,quantile,0.3,0.4608159394700255
2026-08-26,ILI incidence,2026-08-23,1,GB-ENG,quantile,0.35,0.5589005288914406
2026-08-26,ILI incidence,2026-08-23,1,GB-ENG,quantile,0.4,0.6580559511000741
2026-08-26,ILI incidence,2026-08-23,1,GB-ENG,quantile,0.45,0.7599887579394162
2026-08-26,ILI incidence,2026-08-23,1,GB-ENG,quantile,0.5,0.8664218119034368
2026-08-26,ILI incidence,2026-08-23,1,GB-ENG,quantile,0.55,0.979291267762076
2026-08-26,ILI incidence,2026-08-23,1,GB-ENG,quantile,0.6,1.1009727552545394
2026-08-26,ILI incidence,2026-08-23,1,GB-ENG,quantile,0.65,1.2346072218129938
2026-08-26,ILI incidence,2026-08-23,1,GB-ENG,quantile,0.7,1.3846470221379912
2026-08-26,ILI incidence,2026-08-23,1,GB-ENG,quantile,0.75,1.557885239993797
2026-08-26,ILI incidence,2026-08-23,1,GB-ENG,quantile,0.8,1.7656442594574209
2026-08-26,ILI incidence,2026-08-23,1,GB-ENG,quantile,0.85,2.029205212056818
2026-08-26,ILI incidence,2026-08-23,1,GB-ENG,quantile,0.9,2.396795916132134
2026-08-26,ILI incidence,2026-08-23,1,GB-ENG,quantile,0.95,3.025249019269176
2026-08-26,ILI incidence,2026-08-23,1,GB-ENG,quantile,0.975,3.6637656499441515
2026-08-26,ILI incidence,2026-08-23,1,GB-ENG,quantile,0.99,4.534589304251353
2026-08-26,ILI incidence,2026-08-23,1,GB-ENG,median,,0.8664218119034368
2026-08-26,ILI incidence,2026-08-30,2,GB-ENG,quantile,0.01,0
2026-08-26,ILI incidence,2026-08-30,2,GB-ENG,quantile,0.025,0
2026-08-26,ILI incidence,2026-08-30,2,GB-ENG,quantile,0.05,0
2026-08-26,ILI incidence,2026-08-30,2,GB-ENG,quantile,0.1,0
2026-08-26,ILI incidence,2026-08-30,2,GB-ENG,quantile,0.15,0.07265501023833676
2026-08-26,ILI incidence,2026-08-30,2,GB-ENG,quantile,0.2,0.18807625456758448
2026-08-26,ILI incidence,2026-08-30,2,GB-ENG,quantile,0.25,0.2969464677614213
2026-08-26,ILI incidence,2026-08-30,2,GB-ENG,quantile,0.3,0.4031917845837947
2026-08-26,ILI incidence,2026-08-30,2,GB-ENG,quantile,0.35,0.5093980368205926
2026-08-26,ILI incidence,2026-08-30,2,GB-ENG,quantile,0.4,0.6176009954196076
2026-08-26,ILI incidence,2026-08-30,2,GB-ENG,quantile,0.45,0.7296657283070282
2026-08-26,ILI incidence,2026-08-30,2,GB-ENG,quantile,0.5,0.8475309905134403
2026-08-26,ILI incidence,2026-08-30,2,GB-ENG,quantile,0.55,0.9734279896084497
2026-08-26,ILI incidence,2026-08-30,2,GB-ENG,quantile,0.6,1.110143830631201
2026-08-26,ILI incidence,2026-08-30,2,GB-ENG,quantile,0.65,1.2614119520769513
2026-08-26,ILI incidence,2026-08-30,2,GB-ENG,quantile,0.7,1.432576072927925
2026-08-26,ILI incidence,2026-08-30,2,GB-ENG,quantile,0.75,1.6318516960836336
2026-08-26,ILI incidence,2026-08-30,2,GB-ENG,quantile,0.8,1.8730232994597755
2026-08-26,ILI incidence,2026-08-30,2,GB-ENG,quantile,0.85,2.182170155667429
2026-08-26,ILI incidence,2026-08-30,2,GB-ENG,quantile,0.9,2.618836150470407
2026-08-26,ILI incidence,2026-08-30,2,GB-ENG,quantile,0.95,3.3786516516308565
2026-08-26,ILI incidence,2026-08-30,2,GB-ENG,quantile,0.975,4.165737184702774
2026-08-26,ILI incidence,2026-08-30,2,GB-ENG,quantile,0.99,5.260455295625369
2026-08-26,ILI incidence,2026-08-30,2,GB-ENG,median,,0.8475309905134403
2026-08-26,ILI incidence,2026-09-06,3,GB-ENG,quantile,0.01,0
2026-08-26,ILI incidence,2026-09-06,3,GB-ENG,quantile,0.025,0
2026-08-26,ILI incidence,2026-09-06,3,GB-ENG,quantile,0.05,0
2026-08-26,ILI incidence,2026-09-06,3,GB-ENG,quantile,0.1,0
2026-08-26,ILI incidence,2026-09-06,3,GB-ENG,quantile,0.15,0
2026-08-26,ILI incidence,2026-09-06,3,GB-ENG,quantile,0.2,0.11108392308838866
2026-08-26,ILI incidence,2026-09-06,3,GB-ENG,quantile,0.25,0.22666365815769485
2026-08-26,ILI incidence,2026-09-06,3,GB-ENG,quantile,0.3,0.3406692288998603
2026-08-26,ILI incidence,2026-09-06,3,GB-ENG,quantile,0.35,0.45574973516905914
2026-08-26,ILI incidence,2026-09-06,3,GB-ENG,quantile,0.4,0.5740708687768015
2026-08-26,ILI incidence,2026-09-06,3,GB-ENG,quantile,0.45,0.6976934195866511
2026-08-26,ILI incidence,2026-09-06,3,GB-ENG,quantile,0.5,0.8288313708820776
2026-08-26,ILI incidence,2026-09-06,3,GB-ENG,quantile,0.55,0.9700990441117205
2026-08-26,ILI incidence,2026-09-06,3,GB-ENG,quantile,0.6,1.124824396071507
2026-08-26,ILI incidence,2026-09-06,3,GB-ENG,quantile,0.65,1.2975269047423197
2026-08-26,ILI incidence,2026-09-06,3,GB-ENG,quantile,0.7,1.4947422608237115
2026-08-26,ILI incidence,2026-09-06,3,GB-ENG,quantile,0.75,1.7266024886933176
2026-08-26,ILI incidence,2026-09-06,3,GB-ENG,quantile,0.8,2.0102354229243478
2026-08-26,ILI incidence,2026-09-06,3,GB-ENG,quantile,0.85,2.3782929773754113
2026-08-26,ILI incidence,2026-09-06,3,GB-ENG,quantile,0.9,2.9059851240046077
2026-08-26,ILI incidence,2026-09-06,3,GB-ENG,quantile,0.95,3.8434563828594897
2026-08-26,ILI incidence,2026-09-06,3,GB-ENG,quantile,0.975,4.836970271280931
2026-08-26,ILI incidence,2026-09-06,3,GB-ENG,quantile,0.99,6.251115049828123
2026-08-26,ILI incidence,2026-09-06,3,GB-ENG,median,,0.8288313708820776
2026-08-26,ILI incidence,2026-09-13,4,GB-ENG,quantile,0.01,0
2026-08-26,ILI incidence,2026-09-13,4,GB-ENG,quantile,0.025,0
2026-08-26,ILI incidence,2026-09-13,4,GB-ENG,quantile,0.05,0
2026-08-26,ILI incidence,2026-09-13,4,GB-ENG,quantile,0.1,0
2026-08-26,ILI incidence,2026-09-13,4,GB-ENG,quantile,0.15,0
2026-08-26,ILI incidence,2026-09-13,4,GB-ENG,quantile,0.2,0.031202557611506254
2026-08-26,ILI incidence,2026-09-13,4,GB-ENG,quantile,0.25,0.1531343748795415
2026-08-26,ILI incidence,2026-09-13,4,GB-ENG,quantile,0.3,0.27487231533482426
2026-08-26,ILI incidence,2026-09-13,4,GB-ENG,quantile,0.35,0.39912439788787935
2026-08-26,ILI incidence,2026-09-13,4,GB-ENG,quantile,0.4,0.5282068716126929
2026-08-26,ILI incidence,2026-09-13,4,GB-ENG,quantile,0.45,0.664419598305326
2026-08-26,ILI incidence,2026-09-13,4,GB-ENG,quantile,0.5,0.8103210177778546
2026-08-26,ILI incidence,2026-09-13,4,GB-ENG,quantile,0.55,0.9690120152064305
2026-08-26,ILI incidence,2026-09-13,4,GB-ENG,quantile,0.6,1.1445147566636735
2026-08-26,ILI incidence,2026-09-13,4,GB-ENG,quantile,0.65,1.3423665489327536
2026-08-26,ILI incidence,2026-09-13,4,GB-ENG,quantile,0.7,1.5706591538522265
2026-08-26,ILI incidence,2026-09-13,4,GB-ENG,quantile,0.75,1.8420470838453644
2026-08-26,ILI incidence,2026-09-13,4,GB-ENG,quantile,0.8,2.1780974195788594
2026-08-26,ILI incidence,2026-09-13,4,GB-ENG,quantile,0.85,2.620276724978495
2026-08-26,ILI incidence,2026-09-13,4,GB-ENG,quantile,0.9,3.265063349768403
2026-08-26,ILI incidence,2026-09-13,4,GB-ENG,quantile,0.95,4.437890765579421
2026-08-26,ILI incidence,2026-09-13,4,GB-ENG,quantile,0.975,5.713366028529543
2026-08-26,ILI incidence,2026-09-13,4,GB-ENG,quantile,0.99,7.577096577763836
2026-08-26,ILI incidence,2026-09-13,4,GB-ENG,median,,0.8103210177778546
2026-08-26,ILI incidence,2026-08-23,1,GB-NIR,quantile,0.01,0
2026-08-26,ILI incidence,2026-08-23,1,GB-NIR,quantile,0.025,0.10182106078931619
2026-08-26,ILI incidence,2026-08-23,1,GB-NIR,quantile,0.05,0.2938979636571979
2026-08-26,ILI incidence,2026-08-23,1,GB-NIR,quantile,0.1,0.5572639522300256
2026-08-26,ILI incidence,2026-08-23,1,GB-NIR,quantile,0.15,0.7646138996125278
2026-08-26,ILI incidence,2026-08-23,1,GB-NIR,quantile,0.2,0.9489273584983988
2026-08-26,ILI incidence,2026-08-23,1,GB-NIR,quantile,0.25,1.12232085132458
2026-08-26,ILI incidence,2026-08-23,1,GB-NIR,quantile,0.3,1.2911419863738725
2026-08-26,ILI incidence,2026-08-23,1,GB-NIR,quantile,0.35,1.459544645796909
2026-08-26,ILI incidence,2026-08-23,1,GB-NIR,quantile,0.4,1.6307735472271907
2026-08-26,ILI incidence,2026-08-23,1,GB-NIR,quantile,0.45,1.8077770895468777
2026-08-26,ILI incidence,2026-08-23,1,GB-NIR,quantile,0.5,1.9935976576557066
2026-08-26,ILI incidence,2026-08-23,1,GB-NIR,quantile,0.55,2.191715955402988
2026-08-26,ILI incidence,2026-08-23,1,GB-NIR,quantile,0.6,2.4064607899707666
2026-08-26,ILI incidence,2026-08-23,1,GB-NIR,quantile,0.65,2.6436122236025152
2026-08-26,ILI incidence,2026-08-23,1,GB-NIR,quantile,0.7,2.9114236434141976
2026-08-26,ILI incidence,2026-08-23,1,GB-NIR,quantile,0.75,3.2225599066835793
2026-08-26,ILI incidence,2026-08-23,1,GB-NIR,quantile,0.8,3.598235484172406
2026-08-26,ILI incidence,2026-08-23,1,GB-NIR,quantile,0.85,4.078519974193517
2026-08-26,ILI incidence,2026-08-23,1,GB-NIR,quantile,0.9,4.754725731041645
2026-08-26,ILI incidence,2026-08-23,1,GB-NIR,quantile,0.95,5.926069278748783
2026-08-26,ILI incidence,2026-08-23,1,GB-NIR,quantile,0.975,7.133468541163889
2026-08-26,ILI incidence,2026-08-23,1,GB-NIR,quantile,0.99,8.80438911883203
2026-08-26,ILI incidence,2026-08-23,1,GB-NIR,median,,1.9935976576557066
2026-08-26,ILI incidence,2026-08-30,2,GB-NIR,quantile,0.01,0
2026-08-26,ILI incidence,2026-08-30,2,GB-NIR,quantile,0.025,0
2026-08-26,ILI incidence,2026-08-30,2,GB-NIR,quantile,0.05,0.17374635243279712
2026-08-26,ILI incidence,2026-08-30,2,GB-NIR,quantile,0.1,0.4636156220539043
2026-08-26,ILI incidence,2026-08-30,2,GB-NIR,quantile,0.15,0.6986286794440226
2026-08-26,ILI incidence,2026-08-30,2,GB-NIR,quantile,0.2,0.9120411897781626
2026-08-26,ILI incidence,2026-08-30,2,GB-NIR,quantile,0.25,1.1163760105697915
2026-08-26,ILI incidence,2026-08-30,2,GB-NIR,quantile,0.3,1.318419545484201
2026-08-26,ILI incidence,2026-08-30,2,GB-NIR,quantile,0.35,1.5228218814705525
2026-08-26,ILI incidence,2026-08-30,2,GB-NIR,quantile,0.4,1.7334185534144098
2026-08-26,ILI incidence,2026-08-30,2,GB-NIR,quantile,0.45,1.9538909232847899
2026-08-26,ILI incidence,2026-08-30,2,GB-NIR,quantile,0.5,2.18822274090159
2026-08-26,ILI incidence,2026-08-30,2,GB-NIR,quantile,0.55,2.441144073897831
2026-08-26,ILI incidence,2026-08-30,2,GB-NIR,quantile,0.6,2.718700245487426
2026-08-26,ILI incidence,2026-08-30,2,GB-NIR,quantile,0.65,3.0291248146607197
2026-08-26,ILI incidence,2026-08-30,2,GB-NIR,quantile,0.7,3.3843506518916717
2026-08-26,ILI incidence,2026-08-30,2,GB-NIR,quantile,0.75,3.8029103499738657
2026-08-26,ILI incidence,2026-08-30,2,GB-NIR,quantile,0.8,4.316184766281827
2026-08-26,ILI incidence,2026-08-30,2,GB-NIR,quantile,0.85,4.984100214844529
2026-08-26,ILI incidence,2026-08-30,2,GB-NIR,quantile,0.9,5.944968400472351
2026-08-26,ILI incidence,2026-08-30,2,GB-NIR,quantile,0.95,7.660102946887772
2026-08-26,ILI incidence,2026-08-30,2,GB-NIR,quantile,0.975,9.487236139313044
2026-08-26,ILI incidence,2026-08-30,2,GB-NIR,quantile,0.99,12.101678259305134
2026-08-26,ILI incidence,2026-08-30,2,GB-NIR,median,,2.18822274090159
2026-08-26,ILI incidence,2026-09-06,3,GB-NIR,quantile,0.01,0
2026-08-26,ILI incidence,2026-09-06,3,GB-NIR,quantile,0.025,0
2026-08-26,ILI incidence,2026-09-06,3,GB-NIR,quantile,0.05,0.033199064979831494
2026-08-26,ILI incidence,2026-09-06,3,GB-NIR,quantile,0.1,0.34373287183425294
2026-08-26,ILI incidence,2026-09-06,3,GB-NIR,quantile,0.15,0.6044093839283331
2026-08-26,ILI incidence,2026-09-06,3,GB-NIR,quantile,0.2,0.8472009457908147
2026-08-26,ILI incidence,2026-09-06,3,GB-NIR,quantile,0.25,1.084574357232877
2026-08-26,ILI incidence,2026-09-06,3,GB-NIR,quantile,0.3,1.3236297662999892
2026-08-26,ILI incidence,2026-09-06,3,GB-NIR,quantile,0.35,1.569555526136127
2026-08-26,ILI incidence,2026-09-06,3,GB-NIR,quantile,0.4,1.8269398317047991
2026-08-26,ILI incidence,2026-09-06,3,GB-NIR,quantile,0.45,2.100474758112727
2026-08-26,ILI incidence,2026-09-06,3,GB-NIR,quantile,0.5,2.395501135433844
2026-08-26,ILI incidence,2026-09-06,3,GB-NIR,quantile,0.55,2.718600814460603
2026-08-26,ILI incidence,2026-09-06,3,GB-NIR,quantile,0.6,3.078412929566899
2026-08-26,ILI incidence,2026-09-06,3,GB-NIR,quantile,0.65,3.4869347416163734
2026-08-26,ILI incidence,2026-09-06,3,GB-NIR,quantile,0.7,3.9618179832027662
2026-08-26,ILI incidence,2026-09-06,3,GB-NIR,quantile,0.75,4.530830752440521
2026-08-26,ILI incidence,2026-09-06,3,GB-NIR,quantile,0.8,5.241566726676076
2026-08-26,ILI incidence,2026-09-06,3,GB-NIR,quantile,0.85,6.186088585759317
2026-08-26,ILI incidence,2026-09-06,3,GB-NIR,quantile,0.9,7.5801487798645315
2026-08-26,ILI incidence,2026-09-06,3,GB-NIR,quantile,0.95,10.15896089294039
2026-08-26,ILI incidence,2026-09-06,3,GB-NIR,quantile,0.975,13.01566110815606
2026-08-26,ILI incidence,2026-09-06,3,GB-NIR,quantile,0.99,17.268826900101963
2026-08-26,ILI incidence,2026-09-06,3,GB-NIR,median,,2.395501135433844
2026-08-26,ILI incidence,2026-09-13,4,GB-NIR,quantile,0.01,0
2026-08-26,ILI incidence,2026-09-13,4,GB-NIR,quantile,0.025,0
2026-08-26,ILI incidence,2026-09-13,4,GB-NIR,quantile,0.05,0
2026-08-26,ILI incidence,2026-09-13,4,GB-NIR,quantile,0.1,0.20969816124522556
2026-08-26,ILI incidence,2026-09-13,4,GB-NIR,quantile,0.15,0.4915576716499295
2026-08-26,ILI incidence,2026-09-13,4,GB-NIR,quantile,0.2,0.7617106613998486
2026-08-26,ILI incidence,2026-09-13,4,GB-NIR,quantile,0.25,1.032155112399686
2026-08-26,ILI incidence,2026-09-13,4,GB-NIR,quantile,0.3,1.3102276153341612
2026-08-26,ILI incidence,2026-09-13,4,GB-NIR,quantile,0.35,1.6017597540054185
2026-08-26,ILI incidence,2026-09-13,4,GB-NIR,quantile,0.4,1.9123417176903899
2026-08-26,ILI incidence,2026-09-13,4,GB-NIR,quantile,0.45,2.2480772219944427
2026-08-26,ILI incidence,2026-09-13,4,GB-NIR,quantile,0.5,2.6162554807799108
2026-08-26,ILI incidence,2026-09-13,4,GB-NIR,quantile,0.55,3.0261677320100118
2026-08-26,ILI incidence,2026-09-13,4,GB-NIR,quantile,0.6,3.490305386498945
2026-08-26,ILI incidence,2026-09-13,4,GB-NIR,quantile,0.65,4.026330229813954
2026-08-26,ILI incidence,2026-09-13,4,GB-NIR,quantile,0.7,4.660612666678383
2026-08-26,ILI incidence,2026-09-13,4,GB-NIR,quantile,0.75,5.435189726648531
2026-08-26,ILI incidence,2026-09-13,4,GB-NIR,quantile,0.8,6.423071216404838
2026-08-26,ILI incidence,2026-09-13,4,GB-NIR,quantile,0.85,7.767548148376267
2026-08-26,ILI incidence,2026-09-13,4,GB-NIR,quantile,0.9,9.810385698866714
2026-08-26,ILI incidence,2026-09-13,4,GB-NIR,quantile,0.95,13.745588221510744
2026-08-26,ILI incidence,2026-09-13,4,GB-NIR,quantile,0.975,18.301858926902625
2026-08-26,ILI incidence,2026-09-13,4,GB-NIR,quantile,0.99,25.39755552477887
2026-08-26,ILI incidence,2026-09-13,4,GB-NIR,median,,2.6162554807799108
2026-08-26,ILI incidence,2026-08-23,1,GB-WLS,quantile,0.01,0
2026-08-26,ILI incidence,2026-08-23,1,GB-WLS,quantile,0.025,0
2026-08-26,ILI incidence,2026-08-23,1,GB-WLS,quantile,0.05,0
2026-08-26,ILI incidence,2026-08-23,1,GB-WLS,quantile,0.1,0
2026-08-26,ILI incidence,2026-08-23,1,GB-WLS,quantile,0.15,0.11499079634564557
2026-08-26,ILI incidence,2026-08-23,1,GB-WLS,quantile,0.2,0.2239842224216464
2026-08-26,ILI incidence,2026-08-23,1,GB-WLS,quantile,0.25,0.3259437662918947
2026-08-26,ILI incidence,2026-08-23,1,GB-WLS,quantile,0.3,0.4247249798928223
2026-08-26,ILI incidence,2026-08-23,1,GB-WLS,quantile,0.35,0.522817946893007
2026-08-26,ILI incidence,2026-08-23,1,GB-WLS,quantile,0.4,0.6221362959242729
2026-08-26,ILI incidence,2026-08-23,1,GB-WLS,quantile,0.45,0.724388968456646
2026-08-26,ILI incidence,2026-08-23,1,GB-WLS,quantile,0.5,0.8313115013916561
2026-08-26,ILI incidence,2026-08-23,1,GB-WLS,quantile,0.55,0.9448638772787878
2026-08-26,ILI incidence,2026-08-23,1,GB-WLS,quantile,0.6,1.0674599437518073
2026-08-26,ILI incidence,2026-08-23,1,GB-WLS,quantile,0.65,1.2022999019494702
2026-08-26,ILI incidence,2026-08-23,1,GB-WLS,quantile,0.7,1.353929258250004
2026-08-26,ILI incidence,2026-08-23,1,GB-WLS,quantile,0.75,1.5292941528796895
2026-08-26,ILI incidence,2026-08-23,1,GB-WLS,quantile,0.8,1.739987782272292
2026-08-26,ILI incidence,2026-08-23,1,GB-WLS,quantile,0.85,2.0078291463221376
2026-08-26,ILI incidence,2026-08-23,1,GB-WLS,quantile,0.9,2.382338896662589
2026-08-26,ILI incidence,2026-08-23,1,GB-WLS,quantile,0.95,3.024884117153679
2026-08-26,ILI incidence,2026-08-23,1,GB-WLS,quantile,0.975,3.6802582999810474
2026-08-26,ILI incidence,2026-08-23,1,GB-WLS,quantile,0.99,4.577593302408073
2026-08-26,ILI incidence,2026-08-23,1,GB-WLS,median,,0.8313115013916561
2026-08-26,ILI incidence,2026-08-30,2,GB-WLS,quantile,0.01,0
2026-08-26,ILI incidence,2026-08-30,2,GB-WLS,quantile,0.025,0
2026-08-26,ILI incidence,2026-08-30,2,GB-WLS,quantile,0.05,0
2026-08-26,ILI incidence,2026-08-30,2,GB-WLS,quantile,0.1,0
2026-08-26,ILI incidence,2026-08-30,2,GB-WLS,quantile,0.15,0.012221449167556298
2026-08-26,ILI incidence,2026-08-30,2,GB-WLS,quantile,0.2,0.12812458607023025
2026-08-26,ILI incidence,2026-08-30,2,GB-WLS,quantile,0.25,0.23808032877001573
2026-08-26,ILI incidence,2026-08-30,2,GB-WLS,quantile,0.3,0.3459281343985272
2026-08-26,ILI incidence,2026-08-30,2,GB-WLS,quantile,0.35,0.4542338727115225
2026-08-26,ILI incidence,2026-08-30,2,GB-WLS,quantile,0.4,0.5650532632727958
2026-08-26,ILI incidence,2026-08-30,2,GB-WLS,quantile,0.45,0.6803036647878988
2026-08-26,ILI incidence,2026-08-30,2,GB-WLS,quantile,0.5,0.8020099078483429
2026-08-26,ILI incidence,2026-08-30,2,GB-WLS,quantile,0.55,0.9325314679912253
2026-08-26,ILI incidence,2026-08-30,2,GB-WLS,quantile,0.6,1.0748429361394747
2026-08-26,ILI incidence,2026-08-30,2,GB-WLS,quantile,0.65,1.2329556262699928
2026-08-26,ILI incidence,2026-08-30,2,GB-WLS,quantile,0.7,1.4126397427859194
2026-08-26,ILI incidence,2026-08-30,2,GB-WLS,quantile,0.75,1.6228021175407896
2026-08-26,ILI incidence,2026-08-30,2,GB-WLS,quantile,0.8,1.8784406864982914
2026-08-26,ILI incidence,2026-08-30,2,GB-WLS,quantile,0.85,2.2080328970050007
2026-08-26,ILI incidence,2026-08-30,2,GB-WLS,quantile,0.9,2.6768687419293937
2026-08-26,ILI incidence,2026-08-30,2,GB-WLS,quantile,0.95,3.500696345816812
2026-08-26,ILI incidence,2026-08-30,2,GB-WLS,quantile,0.975,4.363329694458221
2026-08-26,ILI incidence,2026-08-30,2,GB-WLS,quantile,0.99,5.576288942512566
2026-08-26,ILI incidence,2026-08-30,2,GB-WLS,median,,0.8020099078483429
2026-08-26,ILI incidence,2026-09-06,3,GB-WLS,quantile,0.01,0
2026-08-26,ILI incidence,2026-09-06,3,GB-WLS,quantile,0.025,0
2026-08-26,ILI incidence,2026-09-06,3,GB-WLS,quantile,0.05,0
2026-08-26,ILI incidence,2026-09-06,3,GB-WLS,quantile,0.1,0
2026-08-26,ILI incidence,2026-09-06,3,GB-WLS,quantile,0.15,0
2026-08-26,ILI incidence,2026-09-06,3,GB-WLS,quantile,0.2,0.03324190187911191
2026-08-26,ILI incidence,2026-09-06,3,GB-WLS,quantile,0.25,0.15021658108118574
2026-08-26,ILI incidence,2026-09-06,3,GB-WLS,quantile,0.3,0.2665074845726325
2026-08-26,ILI incidence,2026-09-06,3,GB-WLS,quantile,0.35,0.38473848679356504
2026-08-26,ILI incidence,2026-09-06,3,GB-WLS,quantile,0.4,0.507117854276347
2026-08-26,ILI incidence,2026-09-06,3,GB-WLS,quantile,0.45,0.6358058617084934
2026-08-26,ILI incidence,2026-09-06,3,GB-WLS,quantile,0.5,0.7731771489343005
2026-08-26,ILI incidence,2026-09-06,3,GB-WLS,quantile,0.55,0.9220845670640314
2026-08-26,ILI incidence,2026-09-06,3,GB-WLS,quantile,0.6,1.0862052642939881
2026-08-26,ILI incidence,2026-09-06,3,GB-WLS,quantile,0.65,1.2705783304855176
2026-08-26,ILI incidence,2026-09-06,3,GB-WLS,quantile,0.7,1.4825413507633023
2026-08-26,ILI incidence,2026-09-06,3,GB-WLS,quantile,0.75,1.733534930045363
2026-08-26,ILI incidence,2026-09-06,3,GB-WLS,quantile,0.8,2.043002026712848
2026-08-26,ILI incidence,2026-09-06,3,GB-WLS,quantile,0.85,2.448213430597884
2026-08-26,ILI incidence,2026-09-06,3,GB-WLS,quantile,0.9,3.03557797608066
2026-08-26,ILI incidence,2026-09-06,3,GB-WLS,quantile,0.95,4.095113126091392
2026-08-26,ILI incidence,2026-09-06,3,GB-WLS,quantile,0.975,5.236938298917268
2026-08-26,ILI incidence,2026-09-06,3,GB-WLS,quantile,0.99,6.890025473273107
2026-08-26,ILI incidence,2026-09-06,3,GB-WLS,median,,0.7731771489343005
2026-08-26,ILI incidence,2026-09-13,4,GB-WLS,quantile,0.01,0
2026-08-26,ILI incidence,2026-09-13,4,GB-WLS,quantile,0.025,0
2026-08-26,ILI incidence,2026-09-13,4,GB-WLS,quantile,0.05,0
2026-08-26,ILI incidence,2026-09-13,4,GB-WLS,quantile,0.1,0
2026-08-26,ILI incidence,2026-09-13,4,GB-WLS,quantile,0.15,0
2026-08-26,ILI incidence,2026-09-13,4,GB-WLS,quantile,0.2,0
2026-08-26,ILI incidence,2026-09-13,4,GB-WLS,quantile,0.25,0.06382363709236638
2026-08-26,ILI incidence,2026-09-13,4,GB-WLS,quantile,0.3,0.18763976532874915
2026-08-26,ILI incidence,2026-09-13,4,GB-WLS,quantile,0.35,0.31520224561061627
2026-08-26,ILI incidence,2026-09-13,4,GB-WLS,quantile,0.4,0.44889302492622973
2026-08-26,ILI incidence,2026-09-13,4,GB-WLS,quantile,0.45,0.5911611461511381
2026-08-26,ILI incidence,2026-09-13,4,GB-WLS,quantile,0.5,0.7448057237748602
2026-08-26,ILI incidence,2026-09-13,4,GB-WLS,quantile,0.55,0.9132864204744371
2026-08-26,ILI incidence,2026-09-13,4,GB-WLS,quantile,0.6,1.101153750721187
2026-08-26,ILI incidence,2026-09-13,4,GB-WLS,quantile,0.65,1.314736782025565
2026-08-26,ILI incidence,2026-09-13,4,GB-WLS,quantile,0.7,1.5633589431681019
2026-08-26,ILI incidence,2026-09-13,4,GB-WLS,quantile,0.75,1.861702736779094
2026-08-26,ILI incidence,2026-09-13,4,GB-WLS,quantile,0.8,2.234959846233199
2026-08-26,ILI incidence,2026-09-13,4,GB-WLS,quantile,0.85,2.731914771595209
2026-08-26,ILI incidence,2026-09-13,4,GB-WLS,quantile,0.9,3.4670510862906516
2026-08-26,ILI incidence,2026-09-13,4,GB-WLS,quantile,0.95,4.831239516881271
2026-08-26,ILI incidence,2026-09-13,4,GB-WLS,quantile,0.975,6.34764281032741
2026-08-26,ILI incidence,2026-09-13,4,GB-WLS,quantile,0.99,8.613240311563962
2026-08-26,ILI incidence,2026-09-13,4,GB-WLS,median,,0.7448057237748602
2026-08-26,ILI incidence,2026-08-23,1,GR,quantile,0.01,103.88857506929615
2026-08-26,ILI incidence,2026-08-23,1,GR,quantile,0.025,120.3625222033678
2026-08-26,ILI incidence,2026-08-23,1,GR,quantile,0.05,136.5861124699911
2026-08-26,ILI incidence,2026-08-23,1,GR,quantile,0.1,158.00035248412254
2026-08-26,ILI incidence,2026-08-23,1,GR,quantile,0.15,174.30116236655581
2026-08-26,ILI incidence,2026-08-23,1,GR,quantile,0.2,188.44031541682023
2026-08-26,ILI incidence,2026-08-23,1,GR,quantile,0.25,201.4759195256288
2026-08-26,ILI incidence,2026-08-23,1,GR,quantile,0.3,213.94499937815533
2026-08-26,ILI incidence,2026-08-23,1,GR,quantile,0.35,226.18390654205476
2026-08-26,ILI incidence,2026-08-23,1,GR,quantile,0.4,238.4411929293998
2026-08-26,ILI incidence,2026-08-23,1,GR,quantile,0.45,250.92933694065854
2026-08-26,ILI incidence,2026-08-23,1,GR,quantile,0.5,263.8552290347916
2026-08-26,ILI incidence,2026-08-23,1,GR,quantile,0.55,277.44431775563794
2026-08-26,ILI incidence,2026-08-23,1,GR,quantile,0.6,291.96668417349315
2026-08-26,ILI incidence,2026-08-23,1,GR,quantile,0.65,307.7731583402741
2026-08-26,ILI incidence,2026-08-23,1,GR,quantile,0.7,325.3546142036976
2026-08-26,ILI incidence,2026-08-23,1,GR,quantile,0.75,345.45251895345876
2026-08-26,ILI incidence,2026-08-23,1,GR,quantile,0.8,369.2923118171894
2026-08-26,ILI incidence,2026-08-23,1,GR,quantile,0.85,399.15874053585253
2026-08-26,ILI incidence,2026-08-23,1,GR,quantile,0.9,440.1832505470505
2026-08-26,ILI incidence,2026-08-23,1,GR,quantile,0.95,508.8500937903304
2026-08-26,ILI incidence,2026-08-23,1,GR,quantile,0.975,577.0062170224516
2026-08-26,ILI incidence,2026-08-23,1,GR,quantile,0.99,667.7886864773158
2026-08-26,ILI incidence,2026-08-23,1,GR,median,,263.8552290347916
2026-08-26,ILI incidence,2026-08-30,2,GR,quantile,0.01,96.62207446856118
2026-08-26,ILI incidence,2026-08-30,2,GR,quantile,0.025,113.57680335612092
2026-08-26,ILI incidence,2026-08-30,2,GR,quantile,0.05,130.4959551087243
2026-08-26,ILI incidence,2026-08-30,2,GR,quantile,0.1,153.12605288713962
2026-08-26,ILI incidence,2026-08-30,2,GR,quantile,0.15,170.55584217457212
2026-08-26,ILI incidence,2026-08-30,2,GR,quantile,0.2,185.80377506796717
2026-08-26,ILI incidence,2026-08-30,2,GR,quantile,0.25,199.96078234110183
2026-08-26,ILI incidence,2026-08-30,2,GR,quantile,0.3,213.5862744406749
2026-08-26,ILI incidence,2026-08-30,2,GR,quantile,0.35,227.03565201791704
2026-08-26,ILI incidence,2026-08-30,2,GR,quantile,0.4,240.57641965314335
2026-08-26,ILI incidence,2026-08-30,2,GR,quantile,0.45,254.44207648904495
2026-08-26,ILI incidence,2026-08-30,2,GR,quantile,0.5,268.8646807066021
2026-08-26,ILI incidence,2026-08-30,2,GR,quantile,0.55,284.10160461367684
2026-08-26,ILI incidence,2026-08-30,2,GR,quantile,0.6,300.46545758663694
2026-08-26,ILI incidence,2026-08-30,2,GR,quantile,0.65,318.36649049576766
2026-08-26,ILI incidence,2026-08-30,2,GR,quantile,0.7,338.38305738660006
2026-08-26,ILI incidence,2026-08-30,2,GR,quantile,0.75,361.3938215430668
2026-08-26,ILI incidence,2026-08-30,2,GR,quantile,0.8,388.8579986746989
2026-08-26,ILI incidence,2026-08-30,2,GR,quantile,0.85,423.50869040512754
2026-08-26,ILI incidence,2026-08-30,2,GR,quantile,0.9,471.51548021024433
2026-08-26,ILI incidence,2026-08-30,2,GR,quantile,0.95,552.8341147654389
2026-08-26,ILI incidence,2026-08-30,2,GR,quantile,0.975,634.6168418010392
2026-08-26,ILI incidence,2026-08-30,2,GR,quantile,0.99,745.0089973434228
2026-08-26,ILI incidence,2026-08-30,2,GR,median,,268.8646807066021
2026-08-26,ILI incidence,2026-09-06,3,GR,quantile,0.01,87.6733642715926
2026-08-26,ILI incidence,2026-09-06,3,GR,quantile,0.025,104.97405642224734
2026-08-26,ILI incidence,2026-09-06,3,GR,quantile,0.05,122.5302467726538
2026-08-26,ILI incidence,2026-09-06,3,GR,quantile,0.1,146.4105544997813
2026-08-26,ILI incidence,2026-09-06,3,GR,quantile,0.15,165.07910535032184
2026-08-26,ILI incidence,2026-09-06,3,GR,quantile,0.2,181.58840679070042
2026-08-26,ILI incidence,2026-09-06,3,GR,quantile,0.25,197.05384219174346
2026-08-26,ILI incidence,2026-09-06,3,GR,quantile,0.3,212.055528870317
2026-08-26,ILI incidence,2026-09-06,3,GR,quantile,0.35,226.96932864715134
2026-08-26,ILI incidence,2026-09-06,3,GR,quantile,0.4,242.08524257821438
2026-08-26,ILI incidence,2026-09-06,3,GR,quantile,0.45,257.66336317260476
2026-08-26,ILI incidence,2026-09-06,3,GR,quantile,0.5,273.96888111097917
2026-08-26,ILI incidence,2026-09-06,3,GR,quantile,0.55,291.3022597868684
2026-08-26,ILI incidence,2026-09-06,3,GR,quantile,0.6,310.0344535007979
2026-08-26,ILI incidence,2026-09-06,3,GR,quantile,0.65,330.65814905060756
2026-08-26,ILI incidence,2026-09-06,3,GR,quantile,0.7,353.8740836734865
2026-08-26,ILI incidence,2026-09-06,3,GR,quantile,0.75,380.754197458209
2026-08-26,ILI incidence,2026-09-06,3,GR,quantile,0.8,413.0891905918895
2026-08-26,ILI incidence,2026-09-06,3,GR,quantile,0.85,454.2522451270378
2026-08-26,ILI incidence,2026-09-06,3,GR,quantile,0.9,511.90686637730516
2026-08-26,ILI incidence,2026-09-06,3,GR,quantile,0.95,611.05969837147
2026-08-26,ILI incidence,2026-09-06,3,GR,quantile,0.975,712.4565584445372
2026-08-26,ILI incidence,2026-09-06,3,GR,quantile,0.99,851.6561070565531
2026-08-26,ILI incidence,2026-09-06,3,GR,median,,273.96888111097917
2026-08-26,ILI incidence,2026-09-13,4,GR,quantile,0.01,77.75625188105887
2026-08-26,ILI incidence,2026-09-13,4,GR,quantile,0.025,95.18009307647401
2026-08-26,ILI incidence,2026-09-13,4,GR,quantile,0.05,113.21893694891882
2026-08-26,ILI incidence,2026-09-13,4,GR,quantile,0.1,138.25415118628672
2026-08-26,ILI incidence,2026-09-13,4,GR,quantile,0.15,158.17658956659807
2026-08-26,ILI incidence,2026-09-13,4,GR,quantile,0.2,176.02402913873655
2026-08-26,ILI incidence,2026-09-13,4,GR,quantile,0.25,192.9221456615889
2026-08-26,ILI incidence,2026-09-13,4,GR,quantile,0.3,209.46753229509252
2026-08-26,ILI incidence,2026-09-13,4,GR,quantile,0.35,226.0568551749077
2026-08-26,ILI incidence,2026-09-13,4,GR,quantile,0.4,243.005986002738
2026-08-26,ILI incidence,2026-09-13,4,GR,quantile,0.45,260.6077250810818
2026-08-26,ILI incidence,2026-09-13,4,GR,quantile,0.5,279.16962198374983
2026-08-26,ILI incidence,2026-09-13,4,GR,quantile,0.55,299.0485442782273
2026-08-26,ILI incidence,2026-09-13,4,GR,quantile,0.6,320.69299765308415
2026-08-26,ILI incidence,2026-09-13,4,GR,quantile,0.65,344.7064400105896
2026-08-26,ILI incidence,2026-09-13,4,GR,quantile,0.7,371.9554683639327
2026-08-26,ILI incidence,2026-09-13,4,GR,quantile,0.75,403.77593115898185
2026-08-26,ILI incidence,2026-09-13,4,GR,quantile,0.8,442.41447578847897
2026-08-26,ILI incidence,2026-09-13,4,GR,quantile,0.85,492.1316677674875
2026-08-26,ILI incidence,2026-09-13,4,GR,quantile,0.9,562.6817029426352
2026-08-26,ILI incidence,2026-09-13,4,GR,quantile,0.95,686.2329508514152
2026-08-26,ILI incidence,2026-09-13,4,GR,quantile,0.975,815.125401543382
2026-08-26,ILI incidence,2026-09-13,4,GR,quantile,0.99,995.6829960504455
2026-08-26,ILI incidence,2026-09-13,4,GR,median,,279.16962198374983
2026-08-26,ILI incidence,2026-08-23,1,HR,quantile,0.01,0
2026-08-26,ILI incidence,2026-08-23,1,HR,quantile,0.025,0
2026-08-26,ILI incidence,2026-08-23,1,HR,quantile,0.05,0
2026-08-26,ILI incidence,2026-08-23,1,HR,quantile,0.1,0
2026-08-26,ILI incidence,2026-08-23,1,HR,quantile,0.15,0
2026-08-26,ILI incidence,2026-08-23,1,HR,quantile,0.2,0
2026-08-26,ILI incidence,2026-08-23,1,HR,quantile,0.25,0
2026-08-26,ILI incidence,2026-08-23,1,HR,quantile,0.3,0
2026-08-26,ILI incidence,2026-08-23,1,HR,quantile,0.35,0
2026-08-26,ILI incidence,2026-08-23,1,HR,quantile,0.4,0
2026-08-26,ILI incidence,2026-08-23,1,HR,quantile,0.45,0.04248878758940511
2026-08-26,ILI incidence,2026-08-23,1,HR,quantile,0.5,0.21886761008098454
2026-08-26,ILI incidence,2026-08-23,1,HR,quantile,0.55,0.4250879900011597
2026-08-26,ILI incidence,2026-08-23,1,HR,quantile,0.6,0.6703999033677663
2026-08-26,ILI incidence,2026-08-23,1,HR,quantile,0.65,0.9684096979296195
2026-08-26,ILI incidence,2026-08-23,1,HR,quantile,0.7,1.340182509815976
2026-08-26,ILI incidence,2026-08-23,1,HR,quantile,0.75,1.8205342648283986
2026-08-26,ILI incidence,2026-08-23,1,HR,quantile,0.8,2.472319212570104
2026-08-26,ILI incidence,2026-08-23,1,HR,quantile,0.85,3.424473937298316
2026-08-26,ILI incidence,2026-08-23,1,HR,quantile,0.9,5.001780467030168
2026-08-26,ILI incidence,2026-08-23,1,HR,quantile,0.95,8.430706253585727
2026-08-26,ILI incidence,2026-08-23,1,HR,quantile,0.975,12.956421114896722
2026-08-26,ILI incidence,2026-08-23,1,HR,quantile,0.99,21.01420728205657
2026-08-26,ILI incidence,2026-08-23,1,HR,median,,0.21886761008098454
2026-08-26,ILI incidence,2026-08-30,2,HR,quantile,0.01,0
2026-08-26,ILI incidence,2026-08-30,2,HR,quantile,0.025,0
2026-08-26,ILI incidence,2026-08-30,2,HR,quantile,0.05,0
2026-08-26,ILI incidence,2026-08-30,2,HR,quantile,0.1,0
2026-08-26,ILI incidence,2026-08-30,2,HR,quantile,0.15,0
2026-08-26,ILI incidence,2026-08-30,2,HR,quantile,0.2,0
2026-08-26,ILI incidence,2026-08-30,2,HR,quantile,0.25,0
2026-08-26,ILI incidence,2026-08-30,2,HR,quantile,0.3,0
2026-08-26,ILI incidence,2026-08-30,2,HR,quantile,0.35,0
2026-08-26,ILI incidence,2026-08-30,2,HR,quantile,0.4,0
2026-08-26,ILI incidence,2026-08-30,2,HR,quantile,0.45,0.014584679127479738
2026-08-26,ILI incidence,2026-08-30,2,HR,quantile,0.5,0.23542980078086662
2026-08-26,ILI incidence,2026-08-30,2,HR,quantile,0.55,0.5043463833595685
2026-08-26,ILI incidence,2026-08-30,2,HR,quantile,0.6,0.8376191481082622
2026-08-26,ILI incidence,2026-08-30,2,HR,quantile,0.65,1.2598596780249323
2026-08-26,ILI incidence,2026-08-30,2,HR,quantile,0.7,1.8102471169076528
2026-08-26,ILI incidence,2026-08-30,2,HR,quantile,0.75,2.5555010600424066
2026-08-26,ILI incidence,2026-08-30,2,HR,quantile,0.8,3.620156625491065
2026-08-26,ILI incidence,2026-08-30,2,HR,quantile,0.85,5.269791187297245
2026-08-26,ILI incidence,2026-08-30,2,HR,quantile,0.9,8.206394878442227
2026-08-26,ILI incidence,2026-08-30,2,HR,quantile,0.95,15.269209652221978
2026-08-26,ILI incidence,2026-08-30,2,HR,quantile,0.975,25.65890161231663
2026-08-26,ILI incidence,2026-08-30,2,HR,quantile,0.99,46.33874230721948
2026-08-26,ILI incidence,2026-08-30,2,HR,median,,0.23542980078086662
2026-08-26,ILI incidence,2026-09-06,3,HR,quantile,0.01,0
2026-08-26,ILI incidence,2026-09-06,3,HR,quantile,0.025,0
2026-08-26,ILI incidence,2026-09-06,3,HR,quantile,0.05,0
2026-08-26,ILI incidence,2026-09-06,3,HR,quantile,0.1,0
2026-08-26,ILI incidence,2026-09-06,3,HR,quantile,0.15,0
2026-08-26,ILI incidence,2026-09-06,3,HR,quantile,0.2,0
2026-08-26,ILI incidence,2026-09-06,3,HR,quantile,0.25,0
2026-08-26,ILI incidence,2026-09-06,3,HR,quantile,0.3,0
2026-08-26,ILI incidence,2026-09-06,3,HR,quantile,0.35,0
2026-08-26,ILI incidence,2026-09-06,3,HR,quantile,0.4,0
2026-08-26,ILI incidence,2026-09-06,3,HR,quantile,0.45,0
2026-08-26,ILI incidence,2026-09-06,3,HR,quantile,0.5,0.2522168052328537
2026-08-26,ILI incidence,2026-09-06,3,HR,quantile,0.55,0.5940238925090529
2026-08-26,ILI incidence,2026-09-06,3,HR,quantile,0.6,1.03703599971328
2026-08-26,ILI incidence,2026-09-06,3,HR,quantile,0.65,1.624695427022227
2026-08-26,ILI incidence,2026-09-06,3,HR,quantile,0.7,2.428363600171788
2026-08-26,ILI incidence,2026-09-06,3,HR,quantile,0.75,3.5738056339039694
2026-08-26,ILI incidence,2026-09-06,3,HR,quantile,0.8,5.304978800477712
2026-08-26,ILI incidence,2026-09-06,3,HR,quantile,0.85,8.165966439500371
2026-08-26,ILI incidence,2026-09-06,3,HR,quantile,0.9,13.676875640748634
2026-08-26,ILI incidence,2026-09-06,3,HR,quantile,0.95,28.489488832039687
2026-08-26,ILI incidence,2026-09-06,3,HR,quantile,0.975,53.01367490313656
2026-08-26,ILI incidence,2026-09-06,3,HR,quantile,0.99,108.17116324891857
2026-08-26,ILI incidence,2026-09-06,3,HR,median,,0.2522168052328537
2026-08-26,ILI incidence,2026-09-13,4,HR,quantile,0.01,0
2026-08-26,ILI incidence,2026-09-13,4,HR,quantile,0.025,0
2026-08-26,ILI incidence,2026-09-13,4,HR,quantile,0.05,0
2026-08-26,ILI incidence,2026-09-13,4,HR,quantile,0.1,0
2026-08-26,ILI incidence,2026-09-13,4,HR,quantile,0.15,0
2026-08-26,ILI incidence,2026-09-13,4,HR,quantile,0.2,0
2026-08-26,ILI incidence,2026-09-13,4,HR,quantile,0.25,0
2026-08-26,ILI incidence,2026-09-13,4,HR,quantile,0.3,0
2026-08-26,ILI incidence,2026-09-13,4,HR,quantile,0.35,0
2026-08-26,ILI incidence,2026-09-13,4,HR,quantile,0.4,0
2026-08-26,ILI incidence,2026-09-13,4,HR,quantile,0.45,0
2026-08-26,ILI incidence,2026-09-13,4,HR,quantile,0.5,0.2692318718793991
2026-08-26,ILI incidence,2026-09-13,4,HR,quantile,0.55,0.6947680373807514
2026-08-26,ILI incidence,2026-09-13,4,HR,quantile,0.6,1.273539410546097
2026-08-26,ILI incidence,2026-09-13,4,HR,quantile,0.65,2.0802018339173
2026-08-26,ILI incidence,2026-09-13,4,HR,quantile,0.7,3.2418698618405966
2026-08-26,ILI incidence,2026-09-13,4,HR,quantile,0.75,4.99151474479929
2026-08-26,ILI incidence,2026-09-13,4,HR,quantile,0.8,7.8012769313155435
2026-08-26,ILI incidence,2026-09-13,4,HR,quantile,0.85,12.778918632706656
2026-08-26,ILI incidence,2026-09-13,4,HR,quantile,0.9,23.2188631996041
2026-08-26,ILI incidence,2026-09-13,4,HR,quantile,0.95,54.87141677355473
2026-08-26,ILI incidence,2026-09-13,4,HR,quantile,0.975,114.36370959812011
2026-08-26,ILI incidence,2026-09-13,4,HR,quantile,0.99,267.03080660480356
2026-08-26,ILI incidence,2026-09-13,4,HR,median,,0.2692318718793991
2026-08-26,ILI incidence,2026-08-23,1,HU,quantile,0.01,4.5273627686538145
2026-08-26,ILI incidence,2026-08-23,1,HU,quantile,0.025,5.518618492948498
2026-08-26,ILI incidence,2026-08-23,1,HU,quantile,0.05,6.51221222586857
2026-08-26,ILI incidence,2026-08-23,1,HU,quantile,0.1,7.847139320829257
2026-08-26,ILI incidence,2026-08-23,1,HU,quantile,0.15,8.879383759030617
2026-08-26,ILI incidence,2026-08-23,1,HU,quantile,0.2,9.78501385714209
2026-08-26,ILI incidence,2026-08-23,1,HU,quantile,0.25,10.627845873378964
2026-08-26,ILI incidence,2026-08-23,1,HU,quantile,0.3,11.440723065613964
2026-08-26,ILI incidence,2026-08-23,1,HU,quantile,0.35,12.244616722638371
2026-08-26,ILI incidence,2026-08-23,1,HU,quantile,0.4,13.055413467748137
2026-08-26,ILI incidence,2026-08-23,1,HU,quantile,0.45,13.88707984313483
2026-08-26,ILI incidence,2026-08-23,1,HU,quantile,0.5,14.75359167779076
2026-08-26,ILI incidence,2026-08-23,1,HU,quantile,0.55,15.670539378144358
2026-08-26,ILI incidence,2026-08-23,1,HU,quantile,0.6,16.65694416034275
2026-08-26,ILI incidence,2026-08-23,1,HU,quantile,0.65,17.737850701739372
2026-08-26,ILI incidence,2026-08-23,1,HU,quantile,0.7,18.94865165325586
2026-08-26,ILI incidence,2026-08-23,1,HU,quantile,0.75,20.34321812079888
2026-08-26,ILI incidence,2026-08-23,1,HU,quantile,0.8,22.011157337198092
2026-08-26,ILI incidence,2026-08-23,1,HU,quantile,0.85,24.120559824766833
2026-08-26,ILI incidence,2026-08-23,1,HU,quantile,0.9,27.051513800202766
2026-08-26,ILI incidence,2026-08-23,1,HU,quantile,0.95,32.03629387571832
2026-08-26,ILI incidence,2026-08-23,1,HU,quantile,0.975,37.07181706047406
2026-08-26,ILI incidence,2026-08-23,1,HU,quantile,0.99,43.899468541848826
2026-08-26,ILI incidence,2026-08-23,1,HU,median,,14.75359167779076
2026-08-26,ILI incidence,2026-08-30,2,HU,quantile,0.01,2.7735028452447983
2026-08-26,ILI incidence,2026-08-30,2,HU,quantile,0.025,3.6058726199385758
2026-08-26,ILI incidence,2026-08-30,2,HU,quantile,0.05,4.467194518996025
2026-08-26,ILI incidence,2026-08-30,2,HU,quantile,0.1,5.66198436680069
2026-08-26,ILI incidence,2026-08-30,2,HU,quantile,0.15,6.612351456382769
2026-08-26,ILI incidence,2026-08-30,2,HU,quantile,0.2,7.46346131626648
2026-08-26,ILI incidence,2026-08-30,2,HU,quantile,0.25,8.269086894014807
2026-08-26,ILI incidence,2026-08-30,2,HU,quantile,0.3,9.057713077630464
2026-08-26,ILI incidence,2026-08-30,2,HU,quantile,0.35,9.848266294880132
2026-08-26,ILI incidence,2026-08-30,2,HU,quantile,0.4,10.655805810143129
2026-08-26,ILI incidence,2026-08-30,2,HU,quantile,0.45,11.494279478358166
2026-08-26,ILI incidence,2026-08-30,2,HU,quantile,0.5,12.37832716753621
2026-08-26,ILI incidence,2026-08-30,2,HU,quantile,0.55,13.324926708391237
2026-08-26,ILI incidence,2026-08-30,2,HU,quantile,0.6,14.355406628848053
2026-08-26,ILI incidence,2026-08-30,2,HU,quantile,0.65,15.498455415507948
2026-08-26,ILI incidence,2026-08-30,2,HU,quantile,0.7,16.795261847318876
2026-08-26,ILI incidence,2026-08-30,2,HU,quantile,0.75,18.309306283147205
2026-08-26,ILI incidence,2026-08-30,2,HU,quantile,0.8,20.14733335611102
2026-08-26,ILI incidence,2026-08-30,2,HU,quantile,0.85,22.511741257238917
2026-08-26,ILI incidence,2026-08-30,2,HU,quantile,0.9,25.865814740359337
2026-08-26,ILI incidence,2026-08-30,2,HU,quantile,0.95,31.737016614236815
2026-08-26,ILI incidence,2026-08-30,2,HU,quantile,0.975,37.85900730880923
2026-08-26,ILI incidence,2026-08-30,2,HU,quantile,0.99,46.430635444512696
2026-08-26,ILI incidence,2026-08-30,2,HU,median,,12.37832716753621
2026-08-26,ILI incidence,2026-09-06,3,HU,quantile,0.01,1.4174602735126998
2026-08-26,ILI incidence,2026-09-06,3,HU,quantile,0.025,2.084643236987742
2026-08-26,ILI incidence,2026-09-06,3,HU,quantile,0.05,2.803977971865829
2026-08-26,ILI incidence,2026-09-06,3,HU,quantile,0.1,3.843878841844992
2026-08-26,ILI incidence,2026-09-06,3,HU,quantile,0.15,4.701722805005309
2026-08-26,ILI incidence,2026-09-06,3,HU,quantile,0.2,5.490615622494973
2026-08-26,ILI incidence,2026-09-06,3,HU,quantile,0.25,6.253856170375581
2026-08-26,ILI incidence,2026-09-06,3,HU,quantile,0.3,7.015462944575544
2026-08-26,ILI incidence,2026-09-06,3,HU,quantile,0.35,7.792407486924086
2026-08-26,ILI incidence,2026-09-06,3,HU,quantile,0.4,8.599175589327206
2026-08-26,ILI incidence,2026-09-06,3,HU,quantile,0.45,9.450123102988842
2026-08-26,ILI incidence,2026-09-06,3,HU,quantile,0.5,10.361195684130736
2026-08-26,ILI incidence,2026-09-06,3,HU,quantile,0.55,11.351698262405503
2026-08-26,ILI incidence,2026-09-06,3,HU,quantile,0.6,12.446651347499493
2026-08-26,ILI incidence,2026-09-06,3,HU,quantile,0.65,13.68048058112316
2026-08-26,ILI incidence,2026-09-06,3,HU,quantile,0.7,15.103470038553848
2026-08-26,ILI incidence,2026-09-06,3,HU,quantile,0.75,16.794227558612832
2026-08-26,ILI incidence,2026-09-06,3,HU,quantile,0.8,18.886675606819278
2026-08-26,ILI incidence,2026-09-06,3,HU,quantile,0.85,21.63820458963732
2026-08-26,ILI incidence,2026-09-06,3,HU,quantile,0.9,25.647398002206558
2026-08-26,ILI incidence,2026-09-06,3,HU,quantile,0.95,32.93204911483738
2026-08-26,ILI incidence,2026-09-06,3,HU,quantile,0.975,40.84495821927163
2026-08-26,ILI incidence,2026-09-06,3,HU,quantile,0.99,52.39354230030649
2026-08-26,ILI incidence,2026-09-06,3,HU,median,,10.361195684130736
2026-08-26,ILI incidence,2026-09-13,4,HU,quantile,0.01,0.46989193011188535
2026-08-26,ILI incidence,2026-09-13,4,HU,quantile,0.025,0.9768906896656613
2026-08-26,ILI incidence,2026-09-13,4,HU,quantile,0.05,1.550758787192298
2026-08-26,ILI incidence,2026-09-13,4,HU,quantile,0.1,2.4220323320036252
2026-08-26,ILI incidence,2026-09-13,4,HU,quantile,0.15,3.17239246355199
2026-08-26,ILI incidence,2026-09-13,4,HU,quantile,0.2,3.8844484718349914
2026-08-26,ILI incidence,2026-09-13,4,HU,quantile,0.25,4.5914275940164035
2026-08-26,ILI incidence,2026-09-13,4,HU,quantile,0.3,5.313112974011843
2026-08-26,ILI incidence,2026-09-13,4,HU,quantile,0.35,6.064758018152072
2026-08-26,ILI incidence,2026-09-13,4,HU,quantile,0.4,6.860582012187121
2026-08-26,ILI incidence,2026-09-13,4,HU,quantile,0.45,7.7157755159732275
2026-08-26,ILI incidence,2026-09-13,4,HU,quantile,0.5,8.648199341874832
2026-08-26,ILI incidence,2026-09-13,4,HU,quantile,0.55,9.680374955728714
2026-08-26,ILI incidence,2026-09-13,4,HU,quantile,0.6,10.842348365073965
2026-08-26,ILI incidence,2026-09-13,4,HU,quantile,0.65,12.176353712522898
2026-08-26,ILI incidence,2026-09-13,4,HU,quantile,0.7,13.745142519031907
2026-08-26,ILI incidence,2026-09-13,4,HU,quantile,0.75,15.648297590434812
2026-08-26,ILI incidence,2026-09-13,4,HU,quantile,0.8,18.05798598906761
2026-08-26,ILI incidence,2026-09-13,4,HU,quantile,0.85,21.310401371329224
2026-08-26,ILI incidence,2026-09-13,4,HU,quantile,0.9,26.20247546172377
2026-08-26,ILI incidence,2026-09-13,4,HU,quantile,0.95,35.49414088386561
2026-08-26,ILI incidence,2026-09-13,4,HU,quantile,0.975,46.087960415402264
2026-08-26,ILI incidence,2026-09-13,4,HU,quantile,0.99,62.329656169667025
2026-08-26,ILI incidence,2026-09-13,4,HU,median,,8.648199341874832
2026-08-26,ILI incidence,2026-08-23,1,IE,quantile,0.01,0
2026-08-26,ILI incidence,2026-08-23,1,IE,quantile,0.025,0
2026-08-26,ILI incidence,2026-08-23,1,IE,quantile,0.05,0
2026-08-26,ILI incidence,2026-08-23,1,IE,quantile,0.1,0.0627101010346447
2026-08-26,ILI incidence,2026-08-23,1,IE,quantile,0.15,0.19044343221006432
2026-08-26,ILI incidence,2026-08-23,1,IE,quantile,0.2,0.3028248566958649
2026-08-26,ILI incidence,2026-08-23,1,IE,quantile,0.25,0.4076563616583013
2026-08-26,ILI incidence,2026-08-23,1,IE,quantile,0.3,0.5089679488556027
2026-08-26,ILI incidence,2026-08-23,1,IE,quantile,0.35,0.609345921866683
2026-08-26,ILI incidence,2026-08-23,1,IE,quantile,0.4,0.7107620923575375
2026-08-26,ILI incidence,2026-08-23,1,IE,quantile,0.45,0.8149621948550498
2026-08-26,ILI incidence,2026-08-23,1,IE,quantile,0.5,0.9237048219710573
2026-08-26,ILI incidence,2026-08-23,1,IE,quantile,0.55,1.0389627136945658
2026-08-26,ILI incidence,2026-08-23,1,IE,quantile,0.6,1.1631530524358205
2026-08-26,ILI incidence,2026-08-23,1,IE,quantile,0.65,1.299468493251171
2026-08-26,ILI incidence,2026-08-23,1,IE,quantile,0.7,1.452431309015711
2026-08-26,ILI incidence,2026-08-23,1,IE,quantile,0.75,1.628937248374403
2026-08-26,ILI incidence,2026-08-23,1,IE,quantile,0.8,1.840474084490534
2026-08-26,ILI incidence,2026-08-23,1,IE,quantile,0.85,2.1086233431557866
2026-08-26,ILI incidence,2026-08-23,1,IE,quantile,0.9,2.4822669310019636
2026-08-26,ILI incidence,2026-08-23,1,IE,quantile,0.95,3.1202457985904237
2026-08-26,ILI incidence,2026-08-23,1,IE,quantile,0.975,3.7675219865148764
2026-08-26,ILI incidence,2026-08-23,1,IE,quantile,0.99,4.649025503584956
2026-08-26,ILI incidence,2026-08-23,1,IE,median,,0.9237048219710573
2026-08-26,ILI incidence,2026-08-30,2,IE,quantile,0.01,0
2026-08-26,ILI incidence,2026-08-30,2,IE,quantile,0.025,0
2026-08-26,ILI incidence,2026-08-30,2,IE,quantile,0.05,0
2026-08-26,ILI incidence,2026-08-30,2,IE,quantile,0.1,0
2026-08-26,ILI incidence,2026-08-30,2,IE,quantile,0.15,0.1059184000674771
2026-08-26,ILI incidence,2026-08-30,2,IE,quantile,0.2,0.23646183833157175
2026-08-26,ILI incidence,2026-08-30,2,IE,quantile,0.25,0.3606707580241715
2026-08-26,ILI incidence,2026-08-30,2,IE,quantile,0.3,0.48281268549464196
2026-08-26,ILI incidence,2026-08-30,2,IE,quantile,0.35,0.6057617350088635
2026-08-26,ILI incidence,2026-08-30,2,IE,quantile,0.4,0.7318417212817825
2026-08-26,ILI incidence,2026-08-30,2,IE,quantile,0.45,0.8632399637633525
2026-08-26,ILI incidence,2026-08-30,2,IE,quantile,0.5,1.0022847106492683
2026-08-26,ILI incidence,2026-08-30,2,IE,quantile,0.55,1.151705706441696
2026-08-26,ILI incidence,2026-08-30,2,IE,quantile,0.6,1.3149598564541742
2026-08-26,ILI incidence,2026-08-30,2,IE,quantile,0.65,1.4967241248140066
2026-08-26,ILI incidence,2026-08-30,2,IE,quantile,0.7,1.7037427597690407
2026-08-26,ILI incidence,2026-08-30,2,IE,quantile,0.75,1.946446845320244
2026-08-26,ILI incidence,2026-08-30,2,IE,quantile,0.8,2.2424325104198863
2026-08-26,ILI incidence,2026-08-30,2,IE,quantile,0.85,2.6251716783581953
2026-08-26,ILI incidence,2026-08-30,2,IE,quantile,0.9,3.1715681781899683
2026-08-26,ILI incidence,2026-08-30,2,IE,quantile,0.95,4.136498999991238
2026-08-26,ILI incidence,2026-08-30,2,IE,quantile,0.975,5.152446576365085
2026-08-26,ILI incidence,2026-08-30,2,IE,quantile,0.99,6.588960425848632
2026-08-26,ILI incidence,2026-08-30,2,IE,median,,1.0022847106492683
2026-08-26,ILI incidence,2026-09-06,3,IE,quantile,0.01,0
2026-08-26,ILI incidence,2026-09-06,3,IE,quantile,0.025,0
2026-08-26,ILI incidence,2026-09-06,3,IE,quantile,0.05,0
2026-08-26,ILI incidence,2026-09-06,3,IE,quantile,0.1,0
2026-08-26,ILI incidence,2026-09-06,3,IE,quantile,0.15,0
2026-08-26,ILI incidence,2026-09-06,3,IE,quantile,0.2,0.14230750017157034
2026-08-26,ILI incidence,2026-09-06,3,IE,quantile,0.25,0.28717912894878883
2026-08-26,ILI incidence,2026-09-06,3,IE,quantile,0.3,0.43287150090503856
2026-08-26,ILI incidence,2026-09-06,3,IE,quantile,0.35,0.5825581387534615
2026-08-26,ILI incidence,2026-09-06,3,IE,quantile,0.4,0.7390301393053167
2026-08-26,ILI incidence,2026-09-06,3,IE,quantile,0.45,0.9051282906603986
2026-08-26,ILI incidence,2026-09-06,3,IE,quantile,0.5,1.0840744492015362
2026-08-26,ILI incidence,2026-09-06,3,IE,quantile,0.55,1.2798287816665046
2026-08-26,ILI incidence,2026-09-06,3,IE,quantile,0.6,1.497579663311479
2026-08-26,ILI incidence,2026-09-06,3,IE,quantile,0.65,1.7445224307751754
2026-08-26,ILI incidence,2026-09-06,3,IE,quantile,0.7,2.03123225430285
2026-08-26,ILI incidence,2026-09-06,3,IE,quantile,0.75,2.374329347121889
2026-08-26,ILI incidence,2026-09-06,3,IE,quantile,0.8,2.802274176753921
2026-08-26,ILI incidence,2026-09-06,3,IE,quantile,0.85,3.3700648903294956
2026-08-26,ILI incidence,2026-09-06,3,IE,quantile,0.9,4.206439344068063
2026-08-26,ILI incidence,2026-09-06,3,IE,quantile,0.95,5.7493617835302535
2026-08-26,ILI incidence,2026-09-06,3,IE,quantile,0.975,7.45341404914573
2026-08-26,ILI incidence,2026-09-06,3,IE,quantile,0.99,9.982728214911806
2026-08-26,ILI incidence,2026-09-06,3,IE,median,,1.0840744492015362
2026-08-26,ILI incidence,2026-09-13,4,IE,quantile,0.01,0
2026-08-26,ILI incidence,2026-09-13,4,IE,quantile,0.025,0
2026-08-26,ILI incidence,2026-09-13,4,IE,quantile,0.05,0
2026-08-26,ILI incidence,2026-09-13,4,IE,quantile,0.1,0
2026-08-26,ILI incidence,2026-09-13,4,IE,quantile,0.15,0
2026-08-26,ILI incidence,2026-09-13,4,IE,quantile,0.2,0.03267881955379859
2026-08-26,ILI incidence,2026-09-13,4,IE,quantile,0.25,0.1966730781324979
2026-08-26,ILI incidence,2026-09-13,4,IE,quantile,0.3,0.3660251790032203
2026-08-26,ILI incidence,2026-09-13,4,IE,quantile,0.35,0.5442778452116181
2026-08-26,ILI incidence,2026-09-13,4,IE,quantile,0.4,0.7348836929225318
2026-08-26,ILI incidence,2026-09-13,4,IE,quantile,0.45,0.9416599101906293
2026-08-26,ILI incidence,2026-09-13,4,IE,quantile,0.5,1.169205151862415
2026-08-26,ILI incidence,2026-09-13,4,IE,quantile,0.55,1.4234166684754128
2026-08-26,ILI incidence,2026-09-13,4,IE,quantile,0.6,1.7122573173419973
2026-08-26,ILI incidence,2026-09-13,4,IE,quantile,0.65,2.0470235686257867
2026-08-26,ILI incidence,2026-09-13,4,IE,quantile,0.7,2.444629764657766
2026-08-26,ILI incidence,2026-09-13,4,IE,quantile,0.75,2.9321106798940195
2026-08-26,ILI incidence,2026-09-13,4,IE,quantile,0.8,3.5565483689300246
2026-08-26,ILI incidence,2026-09-13,4,IE,quantile,0.85,4.410628926943825
2026-08-26,ILI incidence,2026-09-13,4,IE,quantile,0.9,5.716242797385244
2026-08-26,ILI incidence,2026-09-13,4,IE,quantile,0.95,8.252704038644243
2026-08-26,ILI incidence,2026-09-13,4,IE,quantile,0.975,11.216698348090626
2026-08-26,ILI incidence,2026-09-13,4,IE,quantile,0.99,15.876269545775973
2026-08-26,ILI incidence,2026-09-13,4,IE,median,,1.169205151862415
2026-08-26,ILI incidence,2026-08-23,1,IS,quantile,0.01,0
2026-08-26,ILI incidence,2026-08-23,1,IS,quantile,0.025,0
2026-08-26,ILI incidence,2026-08-23,1,IS,quantile,0.05,0
2026-08-26,ILI incidence,2026-08-23,1,IS,quantile,0.1,0
2026-08-26,ILI incidence,2026-08-23,1,IS,quantile,0.15,0
2026-08-26,ILI incidence,2026-08-23,1,IS,quantile,0.2,0
2026-08-26,ILI incidence,2026-08-23,1,IS,quantile,0.25,0
2026-08-26,ILI incidence,2026-08-23,1,IS,quantile,0.3,0.06719903024086071
2026-08-26,ILI incidence,2026-08-23,1,IS,quantile,0.35,0.13702365696094443
2026-08-26,ILI incidence,2026-08-23,1,IS,quantile,0.4,0.20750005700363983
2026-08-26,ILI incidence,2026-08-23,1,IS,quantile,0.45,0.2798418212393958
2026-08-26,ILI incidence,2026-08-23,1,IS,quantile,0.5,0.3552668087922064
2026-08-26,ILI incidence,2026-08-23,1,IS,quantile,0.55,0.4351368212324145
2026-08-26,ILI incidence,2026-08-23,1,IS,quantile,0.6,0.5211163861736152
2026-08-26,ILI incidence,2026-08-23,1,IS,quantile,0.65,0.6154000945970657
2026-08-26,ILI incidence,2026-08-23,1,IS,quantile,0.7,0.7210923838632683
2026-08-26,ILI incidence,2026-08-23,1,IS,quantile,0.75,0.842922156664037
2026-08-26,ILI incidence,2026-08-23,1,IS,quantile,0.8,0.9887604623213901
2026-08-26,ILI incidence,2026-08-23,1,IS,quantile,0.85,1.1733816492361981
2026-08-26,ILI incidence,2026-08-23,1,IS,quantile,0.9,1.4302173966474472
2026-08-26,ILI incidence,2026-08-23,1,IS,quantile,0.95,1.867761056979612
2026-08-26,ILI incidence,2026-08-23,1,IS,quantile,0.975,2.310576397941811
2026-08-26,ILI incidence,2026-08-23,1,IS,quantile,0.99,2.912112622484054
2026-08-26,ILI incidence,2026-08-23,1,IS,median,,0.3552668087922064
2026-08-26,ILI incidence,2026-08-30,2,IS,quantile,0.01,0
2026-08-26,ILI incidence,2026-08-30,2,IS,quantile,0.025,0
2026-08-26,ILI incidence,2026-08-30,2,IS,quantile,0.05,0
2026-08-26,ILI incidence,2026-08-30,2,IS,quantile,0.1,0
2026-08-26,ILI incidence,2026-08-30,2,IS,quantile,0.15,0
2026-08-26,ILI incidence,2026-08-30,2,IS,quantile,0.2,0
2026-08-26,ILI incidence,2026-08-30,2,IS,quantile,0.25,0
2026-08-26,ILI incidence,2026-08-30,2,IS,quantile,0.3,0.060374209312644034
2026-08-26,ILI incidence,2026-08-30,2,IS,quantile,0.35,0.14502433496331224
2026-08-26,ILI incidence,2026-08-30,2,IS,quantile,0.4,0.2315892284437555
2026-08-26,ILI incidence,2026-08-30,2,IS,quantile,0.45,0.3215656757507983
2026-08-26,ILI incidence,2026-08-30,2,IS,quantile,0.5,0.4165310709283092
2026-08-26,ILI incidence,2026-08-30,2,IS,quantile,0.55,0.5183205131030284
2026-08-26,ILI incidence,2026-08-30,2,IS,quantile,0.6,0.6292447421294889
2026-08-26,ILI incidence,2026-08-30,2,IS,quantile,0.65,0.7524171440160659
2026-08-26,ILI incidence,2026-08-30,2,IS,quantile,0.7,0.8923133524777027
2026-08-26,ILI incidence,2026-08-30,2,IS,quantile,0.75,1.0558382788514455
2026-08-26,ILI incidence,2026-08-30,2,IS,quantile,0.8,1.2546133982617458
2026-08-26,ILI incidence,2026-08-30,2,IS,quantile,0.85,1.510694511310203
2026-08-26,ILI incidence,2026-08-30,2,IS,quantile,0.9,1.8746207299150077
2026-08-26,ILI incidence,2026-08-30,2,IS,quantile,0.95,2.513267905930807
2026-08-26,ILI incidence,2026-08-30,2,IS,quantile,0.975,3.181038529759718
2026-08-26,ILI incidence,2026-08-30,2,IS,quantile,0.99,4.118633087794136
2026-08-26,ILI incidence,2026-08-30,2,IS,median,,0.4165310709283092
2026-08-26,ILI incidence,2026-09-06,3,IS,quantile,0.01,0
2026-08-26,ILI incidence,2026-09-06,3,IS,quantile,0.025,0
2026-08-26,ILI incidence,2026-09-06,3,IS,quantile,0.05,0
2026-08-26,ILI incidence,2026-09-06,3,IS,quantile,0.1,0
2026-08-26,ILI incidence,2026-09-06,3,IS,quantile,0.15,0
2026-08-26,ILI incidence,2026-09-06,3,IS,quantile,0.2,0
2026-08-26,ILI incidence,2026-09-06,3,IS,quantile,0.25,0
2026-08-26,ILI incidence,2026-09-06,3,IS,quantile,0.3,0.03936064854592969
2026-08-26,ILI incidence,2026-09-06,3,IS,quantile,0.35,0.14161548173887928
2026-08-26,ILI incidence,2026-09-06,3,IS,quantile,0.4,0.2479322599730056
2026-08-26,ILI incidence,2026-09-06,3,IS,quantile,0.45,0.36020951474676655
2026-08-26,ILI incidence,2026-09-06,3,IS,quantile,0.5,0.4805647583039241
2026-08-26,ILI incidence,2026-09-06,3,IS,quantile,0.55,0.6115693793978942
2026-08-26,ILI incidence,2026-09-06,3,IS,quantile,0.6,0.7565632958146102
2026-08-26,ILI incidence,2026-09-06,3,IS,quantile,0.65,0.9201491558196548
2026-08-26,ILI incidence,2026-09-06,3,IS,quantile,0.7,1.1090581085576758
2026-08-26,ILI incidence,2026-09-06,3,IS,quantile,0.75,1.3338238078907154
2026-08-26,ILI incidence,2026-09-06,3,IS,quantile,0.8,1.6124100589645538
2026-08-26,ILI incidence,2026-09-06,3,IS,quantile,0.85,1.9793785589228117
2026-08-26,ILI incidence,2026-09-06,3,IS,quantile,0.9,2.5152063447560926
2026-08-26,ILI incidence,2026-09-06,3,IS,quantile,0.95,3.491656062603022
2026-08-26,ILI incidence,2026-09-06,3,IS,quantile,0.975,4.555727188406641
2026-08-26,ILI incidence,2026-09-06,3,IS,quantile,0.99,6.113766845586102
2026-08-26,ILI incidence,2026-09-06,3,IS,median,,0.4805647583039241
2026-08-26,ILI incidence,2026-09-13,4,IS,quantile,0.01,0
2026-08-26,ILI incidence,2026-09-13,4,IS,quantile,0.025,0
2026-08-26,ILI incidence,2026-09-13,4,IS,quantile,0.05,0
2026-08-26,ILI incidence,2026-09-13,4,IS,quantile,0.1,0
2026-08-26,ILI incidence,2026-09-13,4,IS,quantile,0.15,0
2026-08-26,ILI incidence,2026-09-13,4,IS,quantile,0.2,0
2026-08-26,ILI incidence,2026-09-13,4,IS,quantile,0.25,0
2026-08-26,ILI incidence,2026-09-13,4,IS,quantile,0.3,0.007442954992656681
2026-08-26,ILI incidence,2026-09-13,4,IS,quantile,0.35,0.1289095347795246
2026-08-26,ILI incidence,2026-09-13,4,IS,quantile,0.4,0.25768421697410804
2026-08-26,ILI incidence,2026-09-13,4,IS,quantile,0.45,0.3962396547081284
2026-08-26,ILI incidence,2026-09-13,4,IS,quantile,0.5,0.5474930614095113
2026-08-26,ILI incidence,2026-09-13,4,IS,quantile,0.55,0.7151316158623067
2026-08-26,ILI incidence,2026-09-13,4,IS,quantile,0.6,0.9040827123299124
2026-08-26,ILI incidence,2026-09-13,4,IS,quantile,0.65,1.1212813793607226
2026-08-26,ILI incidence,2026-09-13,4,IS,quantile,0.7,1.3770425543628293
2026-08-26,ILI incidence,2026-09-13,4,IS,quantile,0.75,1.6877511864856074
2026-08-26,ILI incidence,2026-09-13,4,IS,quantile,0.8,2.081762469234387
2026-08-26,ILI incidence,2026-09-13,4,IS,quantile,0.85,2.6145054909538405
2026-08-26,ILI incidence,2026-09-13,4,IS,quantile,0.9,3.417543736803969
2026-08-26,ILI incidence,2026-09-13,4,IS,quantile,0.95,4.947350883367275
2026-08-26,ILI incidence,2026-09-13,4,IS,quantile,0.975,6.697250099347333
2026-08-26,ILI incidence,2026-09-13,4,IS,quantile,0.99,9.389001209076023
2026-08-26,ILI incidence,2026-09-13,4,IS,median,,0.5474930614095113
2026-08-26,ILI incidence,2026-08-23,1,LT,quantile,0.01,0
2026-08-26,ILI incidence,2026-08-23,1,LT,quantile,0.025,0
2026-08-26,ILI incidence,2026-08-23,1,LT,quantile,0.05,0
2026-08-26,ILI incidence,2026-08-23,1,LT,quantile,0.1,0
2026-08-26,ILI incidence,2026-08-23,1,LT,quantile,0.15,0.09776754104697782
2026-08-26,ILI incidence,2026-08-23,1,LT,quantile,0.2,0.21767164820567575
2026-08-26,ILI incidence,2026-08-23,1,LT,quantile,0.25,0.33092377011713126
2026-08-26,ILI incidence,2026-08-23,1,LT,quantile,0.3,0.44157691132071375
2026-08-26,ILI incidence,2026-08-23,1,LT,quantile,0.35,0.5523094542240166
2026-08-26,ILI incidence,2026-08-23,1,LT,quantile,0.4,0.6652386390721585
2026-08-26,ILI incidence,2026-08-23,1,LT,quantile,0.45,0.782312358483469
2026-08-26,ILI incidence,2026-08-23,1,LT,quantile,0.5,0.9055630801103312
2026-08-26,ILI incidence,2026-08-23,1,LT,quantile,0.55,1.0373368534397955
2026-08-26,ILI incidence,2026-08-23,1,LT,quantile,0.6,1.1805707404812544
2026-08-26,ILI incidence,2026-08-23,1,LT,quantile,0.65,1.339205396448969
2026-08-26,ILI incidence,2026-08-23,1,LT,quantile,0.7,1.5188879093192766
2026-08-26,ILI incidence,2026-08-23,1,LT,quantile,0.75,1.7283085130863678
2026-08-26,ILI incidence,2026-08-23,1,LT,quantile,0.8,1.9820606052792278
2026-08-26,ILI incidence,2026-08-23,1,LT,quantile,0.85,2.3077773904814163
2026-08-26,ILI incidence,2026-08-23,1,LT,quantile,0.9,2.7686124093199433
2026-08-26,ILI incidence,2026-08-23,1,LT,quantile,0.95,3.572336581935347
2026-08-26,ILI incidence,2026-08-23,1,LT,quantile,0.975,4.407021856466144
2026-08-26,ILI incidence,2026-08-23,1,LT,quantile,0.99,5.57093292427603
2026-08-26,ILI incidence,2026-08-23,1,LT,median,,0.9055630801103312
2026-08-26,ILI incidence,2026-08-30,2,LT,quantile,0.01,0
2026-08-26,ILI incidence,2026-08-30,2,LT,quantile,0.025,0
2026-08-26,ILI incidence,2026-08-30,2,LT,quantile,0.05,0
2026-08-26,ILI incidence,2026-08-30,2,LT,quantile,0.1,0
2026-08-26,ILI incidence,2026-08-30,2,LT,quantile,0.15,0
2026-08-26,ILI incidence,2026-08-30,2,LT,quantile,0.2,0.05185695637255372
2026-08-26,ILI incidence,2026-08-30,2,LT,quantile,0.25,0.1895694693357146
2026-08-26,ILI incidence,2026-08-30,2,LT,quantile,0.3,0.32853930571383416
2026-08-26,ILI incidence,2026-08-30,2,LT,quantile,0.35,0.4717677743775175
2026-08-26,ILI incidence,2026-08-30,2,LT,quantile,0.4,0.6219300263955734
2026-08-26,ILI incidence,2026-08-30,2,LT,quantile,0.45,0.7817803282253897
2026-08-26,ILI incidence,2026-08-30,2,LT,quantile,0.5,0.9544699052778112
2026-08-26,ILI incidence,2026-08-30,2,LT,quantile,0.55,1.1438965006652855
2026-08-26,ILI incidence,2026-08-30,2,LT,quantile,0.6,1.3551895263482878
2026-08-26,ILI incidence,2026-08-30,2,LT,quantile,0.65,1.5954859707757238
2026-08-26,ILI incidence,2026-08-30,2,LT,quantile,0.7,1.875302668282116
2026-08-26,ILI incidence,2026-08-30,2,LT,quantile,0.75,2.211205994358458
2026-08-26,ILI incidence,2026-08-30,2,LT,quantile,0.8,2.6316274636906813
2026-08-26,ILI incidence,2026-08-30,2,LT,quantile,0.85,3.191641445240726
2026-08-26,ILI incidence,2026-08-30,2,LT,quantile,0.9,4.020536779141358
2026-08-26,ILI incidence,2026-08-30,2,LT,quantile,0.95,5.559948202201169
2026-08-26,ILI incidence,2026-08-30,2,LT,quantile,0.975,7.272626871542261
2026-08-26,ILI incidence,2026-08-30,2,LT,quantile,0.99,9.833754150913617
2026-08-26,ILI incidence,2026-08-30,2,LT,median,,0.9544699052778112
2026-08-26,ILI incidence,2026-09-06,3,LT,quantile,0.01,0
2026-08-26,ILI incidence,2026-09-06,3,LT,quantile,0.025,0
2026-08-26,ILI incidence,2026-09-06,3,LT,quantile,0.05,0
2026-08-26,ILI incidence,2026-09-06,3,LT,quantile,0.1,0
2026-08-26,ILI incidence,2026-09-06,3,LT,quantile,0.15,0
2026-08-26,ILI incidence,2026-09-06,3,LT,quantile,0.2,0
2026-08-26,ILI incidence,2026-09-06,3,LT,quantile,0.25,0.022866405740353368
2026-08-26,ILI incidence,2026-09-06,3,LT,quantile,0.3,0.1880741041574916
2026-08-26,ILI incidence,2026-09-06,3,LT,quantile,0.35,0.36489274719504716
2026-08-26,ILI incidence,2026-09-06,3,LT,quantile,0.4,0.5569498535222774
2026-08-26,ILI incidence,2026-09-06,3,LT,quantile,0.45,0.7684515353379462
2026-08-26,ILI incidence,2026-09-06,3,LT,quantile,0.5,1.0046319381961268
2026-08-26,ILI incidence,2026-09-06,3,LT,quantile,0.55,1.2723547280406682
2026-08-26,ILI incidence,2026-09-06,3,LT,quantile,0.6,1.5810395874631569
2026-08-26,ILI incidence,2026-09-06,3,LT,quantile,0.65,1.9442234313973525
2026-08-26,ILI incidence,2026-09-06,3,LT,quantile,0.7,2.3824061929922027
2026-08-26,ILI incidence,2026-09-06,3,LT,quantile,0.75,2.9287136473382613
2026-08-26,ILI incidence,2026-09-06,3,LT,quantile,0.8,3.6415001358441232
2026-08-26,ILI incidence,2026-09-06,3,LT,quantile,0.85,4.6371387632154955
2026-08-26,ILI incidence,2026-09-06,3,LT,quantile,0.9,6.198692921952051
2026-08-26,ILI incidence,2026-09-06,3,LT,quantile,0.95,9.343095161897631
2026-08-26,ILI incidence,2026-09-06,3,LT,quantile,0.975,13.163442834113093
2026-08-26,ILI incidence,2026-09-06,3,LT,quantile,0.99,19.412719916569355
2026-08-26,ILI incidence,2026-09-06,3,LT,median,,1.0046319381961268
2026-08-26,ILI incidence,2026-09-13,4,LT,quantile,0.01,0
2026-08-26,ILI incidence,2026-09-13,4,LT,quantile,0.025,0
2026-08-26,ILI incidence,2026-09-13,4,LT,quantile,0.05,0
2026-08-26,ILI incidence,2026-09-13,4,LT,quantile,0.1,0
2026-08-26,ILI incidence,2026-09-13,4,LT,quantile,0.15,0
2026-08-26,ILI incidence,2026-09-13,4,LT,quantile,0.2,0
2026-08-26,ILI incidence,2026-09-13,4,LT,quantile,0.25,0
2026-08-26,ILI incidence,2026-09-13,4,LT,quantile,0.3,0.03839796455881772
2026-08-26,ILI incidence,2026-09-13,4,LT,quantile,0.35,0.24465084464376075
2026-08-26,ILI incidence,2026-09-13,4,LT,quantile,0.4,0.47812337329404175
2026-08-26,ILI incidence,2026-09-13,4,LT,quantile,0.45,0.7456137035169634
2026-08-26,ILI incidence,2026-09-13,4,LT,quantile,0.5,1.0560813941336993
2026-08-26,ILI incidence,2026-09-13,4,LT,quantile,0.55,1.421767594276734
2026-08-26,ILI incidence,2026-09-13,4,LT,quantile,0.6,1.8600256079313144
2026-08-26,ILI incidence,2026-09-13,4,LT,quantile,0.65,2.396511332873235
2026-08-26,ILI incidence,2026-09-13,4,LT,quantile,0.7,3.0711469432616765
2026-08-26,ILI incidence,2026-09-13,4,LT,quantile,0.75,3.950269834203331
2026-08-26,ILI incidence,2026-09-13,4,LT,quantile,0.8,5.154354610319368
2026-08-26,ILI incidence,2026-09-13,4,LT,quantile,0.85,6.932248959118861
2026-08-26,ILI incidence,2026-09-13,4,LT,quantile,0.9,9.916174975976967
2026-08-26,ILI incidence,2026-09-13,4,LT,quantile,0.95,16.52291972790242
2026-08-26,ILI incidence,2026-09-13,4,LT,quantile,0.975,25.41668298215841
2026-08-26,ILI incidence,2026-09-13,4,LT,quantile,0.99,41.5753075085077
2026-08-26,ILI incidence,2026-09-13,4,LT,median,,1.0560813941336993
2026-08-26,ILI incidence,2026-08-23,1,LU,quantile,0.01,0
2026-08-26,ILI incidence,2026-08-23,1,LU,quantile,0.025,0
2026-08-26,ILI incidence,2026-08-23,1,LU,quantile,0.05,0
2026-08-26,ILI incidence,2026-08-23,1,LU,quantile,0.1,0
2026-08-26,ILI incidence,2026-08-23,1,LU,quantile,0.15,0
2026-08-26,ILI incidence,2026-08-23,1,LU,quantile,0.2,0
2026-08-26,ILI incidence,2026-08-23,1,LU,quantile,0.25,0
2026-08-26,ILI incidence,2026-08-23,1,LU,quantile,0.3,0
2026-08-26,ILI incidence,2026-08-23,1,LU,quantile,0.35,0
2026-08-26,ILI incidence,2026-08-23,1,LU,quantile,0.4,0
2026-08-26,ILI incidence,2026-08-23,1,LU,quantile,0.45,0
2026-08-26,ILI incidence,2026-08-23,1,LU,quantile,0.5,0
2026-08-26,ILI incidence,2026-08-23,1,LU,quantile,0.55,0.11098121077132128
2026-08-26,ILI incidence,2026-08-23,1,LU,quantile,0.6,0.282630371612149
2026-08-26,ILI incidence,2026-08-23,1,LU,quantile,0.65,0.48796084430371245
2026-08-26,ILI incidence,2026-08-23,1,LU,quantile,0.7,0.7400199658469537
2026-08-26,ILI incidence,2026-08-23,1,LU,quantile,0.75,1.060139844182347
2026-08-26,ILI incidence,2026-08-23,1,LU,quantile,0.8,1.486377230988619
2026-08-26,ILI incidence,2026-08-23,1,LU,quantile,0.85,2.095734810673046
2026-08-26,ILI incidence,2026-08-23,1,LU,quantile,0.9,3.078899222520211
2026-08-26,ILI incidence,2026-08-23,1,LU,quantile,0.95,5.138663530309092
2026-08-26,ILI incidence,2026-08-23,1,LU,quantile,0.975,7.750953375311964
2026-08-26,ILI incidence,2026-08-23,1,LU,quantile,0.99,12.215761351331144
2026-08-26,ILI incidence,2026-08-23,1,LU,median,,0
2026-08-26,ILI incidence,2026-08-30,2,LU,quantile,0.01,0
2026-08-26,ILI incidence,2026-08-30,2,LU,quantile,0.025,0
2026-08-26,ILI incidence,2026-08-30,2,LU,quantile,0.05,0
2026-08-26,ILI incidence,2026-08-30,2,LU,quantile,0.1,0
2026-08-26,ILI incidence,2026-08-30,2,LU,quantile,0.15,0
2026-08-26,ILI incidence,2026-08-30,2,LU,quantile,0.2,0
2026-08-26,ILI incidence,2026-08-30,2,LU,quantile,0.25,0
2026-08-26,ILI incidence,2026-08-30,2,LU,quantile,0.3,0
2026-08-26,ILI incidence,2026-08-30,2,LU,quantile,0.35,0
2026-08-26,ILI incidence,2026-08-30,2,LU,quantile,0.4,0
2026-08-26,ILI incidence,2026-08-30,2,LU,quantile,0.45,0
2026-08-26,ILI incidence,2026-08-30,2,LU,quantile,0.5,0
2026-08-26,ILI incidence,2026-08-30,2,LU,quantile,0.55,0.12738930656103653
2026-08-26,ILI incidence,2026-08-30,2,LU,quantile,0.6,0.37113255592203465
2026-08-26,ILI incidence,2026-08-30,2,LU,quantile,0.65,0.6785698045125732
2026-08-26,ILI incidence,2026-08-30,2,LU,quantile,0.7,1.0774499717806596
2026-08-26,ILI incidence,2026-08-30,2,LU,quantile,0.75,1.6148754166419312
2026-08-26,ILI incidence,2026-08-30,2,LU,quantile,0.8,2.3784472090060618
2026-08-26,ILI incidence,2026-08-30,2,LU,quantile,0.85,3.5541927390103716
2026-08-26,ILI incidence,2026-08-30,2,LU,quantile,0.9,5.631265436428827
2026-08-26,ILI incidence,2026-08-30,2,LU,quantile,0.95,10.573405576328884
2026-08-26,ILI incidence,2026-08-30,2,LU,quantile,0.975,17.7604297314257
2026-08-26,ILI incidence,2026-08-30,2,LU,quantile,0.99,31.897223044504464
2026-08-26,ILI incidence,2026-08-30,2,LU,median,,0
2026-08-26,ILI incidence,2026-09-06,3,LU,quantile,0.01,0
2026-08-26,ILI incidence,2026-09-06,3,LU,quantile,0.025,0
2026-08-26,ILI incidence,2026-09-06,3,LU,quantile,0.05,0
2026-08-26,ILI incidence,2026-09-06,3,LU,quantile,0.1,0
2026-08-26,ILI incidence,2026-09-06,3,LU,quantile,0.15,0
2026-08-26,ILI incidence,2026-09-06,3,LU,quantile,0.2,0
2026-08-26,ILI incidence,2026-09-06,3,LU,quantile,0.25,0
2026-08-26,ILI incidence,2026-09-06,3,LU,quantile,0.3,0
2026-08-26,ILI incidence,2026-09-06,3,LU,quantile,0.35,0
2026-08-26,ILI incidence,2026-09-06,3,LU,quantile,0.4,0
2026-08-26,ILI incidence,2026-09-06,3,LU,quantile,0.45,0
2026-08-26,ILI incidence,2026-09-06,3,LU,quantile,0.5,0
2026-08-26,ILI incidence,2026-09-06,3,LU,quantile,0.55,0.1318879793593044
2026-08-26,ILI incidence,2026-09-06,3,LU,quantile,0.6,0.4345223937393299
2026-08-26,ILI incidence,2026-09-06,3,LU,quantile,0.65,0.8325957038449436
2026-08-26,ILI incidence,2026-09-06,3,LU,quantile,0.7,1.3722113498935498
2026-08-26,ILI incidence,2026-09-06,3,LU,quantile,0.75,2.134097974173629
2026-08-26,ILI incidence,2026-09-06,3,LU,quantile,0.8,3.2737229201833573
2026-08-26,ILI incidence,2026-09-06,3,LU,quantile,0.85,5.134913283613303
2026-08-26,ILI incidence,2026-09-06,3,LU,quantile,0.9,8.66836145335423
2026-08-26,ILI incidence,2026-09-06,3,LU,quantile,0.95,17.97332783569534
2026-08-26,ILI incidence,2026-09-06,3,LU,quantile,0.975,33.04832248224966
2026-08-26,ILI incidence,2026-09-06,3,LU,quantile,0.99,66.20011932312774
2026-08-26,ILI incidence,2026-09-06,3,LU,median,,0
2026-08-26,ILI incidence,2026-09-13,4,LU,quantile,0.01,0
2026-08-26,ILI incidence,2026-09-13,4,LU,quantile,0.025,0
2026-08-26,ILI incidence,2026-09-13,4,LU,quantile,0.05,0
2026-08-26,ILI incidence,2026-09-13,4,LU,quantile,0.1,0
2026-08-26,ILI incidence,2026-09-13,4,LU,quantile,0.15,0
2026-08-26,ILI incidence,2026-09-13,4,LU,quantile,0.2,0
2026-08-26,ILI incidence,2026-09-13,4,LU,quantile,0.25,0
2026-08-26,ILI incidence,2026-09-13,4,LU,quantile,0.3,0
2026-08-26,ILI incidence,2026-09-13,4,LU,quantile,0.35,0
2026-08-26,ILI incidence,2026-09-13,4,LU,quantile,0.4,0
2026-08-26,ILI incidence,2026-09-13,4,LU,quantile,0.45,0
2026-08-26,ILI incidence,2026-09-13,4,LU,quantile,0.5,0
2026-08-26,ILI incidence,2026-09-13,4,LU,quantile,0.55,0.12984954244988112
2026-08-26,ILI incidence,2026-09-13,4,LU,quantile,0.6,0.4834400734287012
2026-08-26,ILI incidence,2026-09-13,4,LU,quantile,0.65,0.9655773518755348
2026-08-26,ILI incidence,2026-09-13,4,LU,quantile,0.7,1.6441844668172525
2026-08-26,ILI incidence,2026-09-13,4,LU,quantile,0.75,2.641572314124892
2026-08-26,ILI incidence,2026-09-13,4,LU,quantile,0.8,4.200784992992932
2026-08-26,ILI incidence,2026-09-13,4,LU,quantile,0.85,6.879231274991547
2026-08-26,ILI incidence,2026-09-13,4,LU,quantile,0.9,12.28883930660131
2026-08-26,ILI incidence,2026-09-13,4,LU,quantile,0.95,27.836330214677126
2026-08-26,ILI incidence,2026-09-13,4,LU,quantile,0.975,55.462842671662585
2026-08-26,ILI incidence,2026-09-13,4,LU,quantile,0.99,122.33028960153901
2026-08-26,ILI incidence,2026-09-13,4,LU,median,,0
2026-08-26,ILI incidence,2026-08-23,1,MT,quantile,0.01,1443.6080963481988
2026-08-26,ILI incidence,2026-08-23,1,MT,quantile,0.025,1677.1364866843478
2026-08-26,ILI incidence,2026-08-23,1,MT,quantile,0.05,1907.9620416222892
2026-08-26,ILI incidence,2026-08-23,1,MT,quantile,0.1,2213.762354626841
2026-08-26,ILI incidence,2026-08-23,1,MT,quantile,0.15,2447.302690250627
2026-08-26,ILI incidence,2026-08-23,1,MT,quantile,0.2,2650.353978021613
2026-08-26,ILI incidence,2026-08-23,1,MT,quantile,0.25,2837.9233477411035
2026-08-26,ILI incidence,2026-08-23,1,MT,quantile,0.3,3017.648668839089
2026-08-26,ILI incidence,2026-08-23,1,MT,quantile,0.35,3194.332205188737
2026-08-26,ILI incidence,2026-08-23,1,MT,quantile,0.4,3371.5404858587535
2026-08-26,ILI incidence,2026-08-23,1,MT,quantile,0.45,3552.3399683136154
2026-08-26,ILI incidence,2026-08-23,1,MT,quantile,0.5,3739.733539879116
2026-08-26,ILI incidence,2026-08-23,1,MT,quantile,0.55,3937.0097432719176
2026-08-26,ILI incidence,2026-08-23,1,MT,quantile,0.6,4148.123628033622
2026-08-26,ILI incidence,2026-08-23,1,MT,quantile,0.65,4378.227735273936
2026-08-26,ILI incidence,2026-08-23,1,MT,quantile,0.7,4634.546879245805
2026-08-26,ILI incidence,2026-08-23,1,MT,quantile,0.75,4928.01205927616
2026-08-26,ILI incidence,2026-08-23,1,MT,quantile,0.8,5276.713776573099
2026-08-26,ILI incidence,2026-08-23,1,MT,quantile,0.85,5714.4237799510465
2026-08-26,ILI incidence,2026-08-23,1,MT,quantile,0.9,6317.098818658221
2026-08-26,ILI incidence,2026-08-23,1,MT,quantile,0.95,7329.207259901736
2026-08-26,ILI incidence,2026-08-23,1,MT,quantile,0.975,8337.46801342363
2026-08-26,ILI incidence,2026-08-23,1,MT,quantile,0.99,9685.424610072061
2026-08-26,ILI incidence,2026-08-23,1,MT,median,,3739.733539879116
2026-08-26,ILI incidence,2026-08-30,2,MT,quantile,0.01,1438.5578103707983
2026-08-26,ILI incidence,2026-08-30,2,MT,quantile,0.025,1696.346060274395
2026-08-26,ILI incidence,2026-08-30,2,MT,quantile,0.05,1954.6892559801609
2026-08-26,ILI incidence,2026-08-30,2,MT,quantile,0.1,2301.710646010502
2026-08-26,ILI incidence,2026-08-30,2,MT,quantile,0.15,2569.9991050681715
2026-08-26,ILI incidence,2026-08-30,2,MT,quantile,0.2,2805.3482822902374
2026-08-26,ILI incidence,2026-08-30,2,MT,quantile,0.25,3024.353967612042
2026-08-26,ILI incidence,2026-08-30,2,MT,quantile,0.3,3235.555790953072
2026-08-26,ILI incidence,2026-08-30,2,MT,quantile,0.35,3444.405248817542
2026-08-26,ILI incidence,2026-08-30,2,MT,quantile,0.4,3655.030841764151
2026-08-26,ILI incidence,2026-08-30,2,MT,quantile,0.45,3871.0608941231244
2026-08-26,ILI incidence,2026-08-30,2,MT,quantile,0.5,4096.12499795957
2026-08-26,ILI incidence,2026-08-30,2,MT,quantile,0.55,4334.270985635345
2026-08-26,ILI incidence,2026-08-30,2,MT,quantile,0.6,4590.436444448925
2026-08-26,ILI incidence,2026-08-30,2,MT,quantile,0.65,4871.121575442042
2026-08-26,ILI incidence,2026-08-30,2,MT,quantile,0.7,5185.511320406464
2026-08-26,ILI incidence,2026-08-30,2,MT,quantile,0.75,5547.584869278946
2026-08-26,ILI incidence,2026-08-30,2,MT,quantile,0.8,5980.593002849212
2026-08-26,ILI incidence,2026-08-30,2,MT,quantile,0.85,6528.1478382136975
2026-08-26,ILI incidence,2026-08-30,2,MT,quantile,0.9,7288.857836888058
2026-08-26,ILI incidence,2026-08-30,2,MT,quantile,0.95,8582.384705711904
2026-08-26,ILI incidence,2026-08-30,2,MT,quantile,0.975,9888.81189032924
2026-08-26,ILI incidence,2026-08-30,2,MT,quantile,0.99,11659.826073099064
2026-08-26,ILI incidence,2026-08-30,2,MT,median,,4096.12499795957
2026-08-26,ILI incidence,2026-09-06,3,MT,quantile,0.01,1414.964124615102
2026-08-26,ILI incidence,2026-09-06,3,MT,quantile,0.025,1697.041669403765
2026-08-26,ILI incidence,2026-09-06,3,MT,quantile,0.05,1984.1957481954048
2026-08-26,ILI incidence,2026-09-06,3,MT,quantile,0.1,2376.0362098693886
2026-08-26,ILI incidence,2026-09-06,3,MT,quantile,0.15,2683.2246949567025
2026-08-26,ILI incidence,2026-09-06,3,MT,quantile,0.2,2955.4407410908198
2026-08-26,ILI incidence,2026-09-06,3,MT,quantile,0.25,3210.8762925989836
2026-08-26,ILI incidence,2026-09-06,3,MT,quantile,0.3,3459.0200154650497
2026-08-26,ILI incidence,2026-09-06,3,MT,quantile,0.35,3706.0438530070924
2026-08-26,ILI incidence,2026-09-06,3,MT,quantile,0.4,3956.7330960584636
2026-08-26,ILI incidence,2026-09-06,3,MT,quantile,0.45,4215.401899011979
2026-08-26,ILI incidence,2026-09-06,3,MT,quantile,0.5,4486.470092261338
2026-08-26,ILI incidence,2026-09-06,3,MT,quantile,0.55,4774.964984186811
2026-08-26,ILI incidence,2026-09-06,3,MT,quantile,0.6,5087.111638704228
2026-08-26,ILI incidence,2026-09-06,3,MT,quantile,0.65,5431.195740712619
2026-08-26,ILI incidence,2026-09-06,3,MT,quantile,0.7,5819.020618069572
2026-08-26,ILI incidence,2026-09-06,3,MT,quantile,0.75,6268.664829664169
2026-08-26,ILI incidence,2026-09-06,3,MT,quantile,0.8,6810.361901848923
2026-08-26,ILI incidence,2026-09-06,3,MT,quantile,0.85,7501.124493070731
2026-08-26,ILI incidence,2026-09-06,3,MT,quantile,0.9,8470.636967636468
2026-08-26,ILI incidence,2026-09-06,3,MT,quantile,0.95,10142.77944706228
2026-08-26,ILI incidence,2026-09-06,3,MT,quantile,0.975,11858.183547604478
2026-08-26,ILI incidence,2026-09-06,3,MT,quantile,0.99,14220.679404775798
2026-08-26,ILI incidence,2026-09-06,3,MT,median,,4486.470092261338
2026-08-26,ILI incidence,2026-09-13,4,MT,quantile,0.01,1375.3717878083032
2026-08-26,ILI incidence,2026-09-13,4,MT,quantile,0.025,1680.8843123753938
2026-08-26,ILI incidence,2026-09-13,4,MT,quantile,0.05,1997.3558687370798
2026-08-26,ILI incidence,2026-09-13,4,MT,quantile,0.1,2436.8157698749314
2026-08-26,ILI incidence,2026-09-13,4,MT,quantile,0.15,2786.6998315512424
2026-08-26,ILI incidence,2026-09-13,4,MT,quantile,0.2,3100.2543693411835
2026-08-26,ILI incidence,2026-09-13,4,MT,quantile,0.25,3397.218278846719
2026-08-26,ILI incidence,2026-09-13,4,MT,quantile,0.3,3688.058697581614
2026-08-26,ILI incidence,2026-09-13,4,MT,quantile,0.35,3979.740329616951
2026-08-26,ILI incidence,2026-09-13,4,MT,quantile,0.4,4277.814292401052
2026-08-26,ILI incidence,2026-09-13,4,MT,quantile,0.45,4587.430977531858
2026-08-26,ILI incidence,2026-09-13,4,MT,quantile,0.5,4914.004582402152
2026-08-26,ILI incidence,2026-09-13,4,MT,quantile,0.55,5263.821496351347
2026-08-26,ILI incidence,2026-09-13,4,MT,quantile,0.6,5644.786050573914
2026-08-26,ILI incidence,2026-09-13,4,MT,quantile,0.65,6067.537016921849
2026-08-26,ILI incidence,2026-09-13,4,MT,quantile,0.7,6547.3561052771
2026-08-26,ILI incidence,2026-09-13,4,MT,quantile,0.75,7107.8046919789385
2026-08-26,ILI incidence,2026-09-13,4,MT,quantile,0.8,7788.5158436055835
2026-08-26,ILI incidence,2026-09-13,4,MT,quantile,0.85,8664.663989939549
2026-08-26,ILI incidence,2026-09-13,4,MT,quantile,0.9,9908.391162185115
2026-08-26,ILI incidence,2026-09-13,4,MT,quantile,0.95,12087.572622603526
2026-08-26,ILI incidence,2026-09-13,4,MT,quantile,0.975,14362.21741470781
2026-08-26,ILI incidence,2026-09-13,4,MT,quantile,0.99,17550.41325840567
2026-08-26,ILI incidence,2026-09-13,4,MT,median,,4914.004582402152
2026-08-26,ILI incidence,2026-08-23,1,NO,quantile,0.01,2.1204452817790393
2026-08-26,ILI incidence,2026-08-23,1,NO,quantile,0.025,2.652646142517814
2026-08-26,ILI incidence,2026-08-23,1,NO,quantile,0.05,3.182420162729259
2026-08-26,ILI incidence,2026-08-23,1,NO,quantile,0.1,3.889263233522753
2026-08-26,ILI incidence,2026-08-23,1,NO,quantile,0.15,4.4324831941781255
2026-08-26,ILI incidence,2026-08-23,1,NO,quantile,0.2,4.906945887749024
2026-08-26,ILI incidence,2026-08-23,1,NO,quantile,0.25,5.346884308456405
2026-08-26,ILI incidence,2026-08-23,1,NO,quantile,0.3,5.769817820189385
2026-08-26,ILI incidence,2026-08-23,1,NO,quantile,0.35,6.186846205760004
2026-08-26,ILI incidence,2026-08-23,1,NO,quantile,0.4,6.6062947784971975
2026-08-26,ILI incidence,2026-08-23,1,NO,quantile,0.45,7.035401972871135
2026-08-26,ILI incidence,2026-08-23,1,NO,quantile,0.5,7.481334190672294
2026-08-26,ILI incidence,2026-08-23,1,NO,quantile,0.55,7.952013837854638
2026-08-26,ILI incidence,2026-08-23,1,NO,quantile,0.6,8.45703943228965
2026-08-26,ILI incidence,2026-08-23,1,NO,quantile,0.65,9.008984134962441
2026-08-26,ILI incidence,2026-08-23,1,NO,quantile,0.7,9.625548805662623
2026-08-26,ILI incidence,2026-08-23,1,NO,quantile,0.75,10.333597109691347
2026-08-26,ILI incidence,2026-08-23,1,NO,quantile,0.8,11.177702491410257
2026-08-26,ILI incidence,2026-08-23,1,NO,quantile,0.85,12.241279739430382
2026-08-26,ILI incidence,2026-08-23,1,NO,quantile,0.9,13.712447708003355
2026-08-26,ILI incidence,2026-08-23,1,NO,quantile,0.95,16.198900840925216
2026-08-26,ILI incidence,2026-08-23,1,NO,quantile,0.975,18.693402220528952
2026-08-26,ILI incidence,2026-08-23,1,NO,quantile,0.99,22.05216825108247
2026-08-26,ILI incidence,2026-08-23,1,NO,median,,7.481334190672294
2026-08-26,ILI incidence,2026-08-30,2,NO,quantile,0.01,1.6942083621484332
2026-08-26,ILI incidence,2026-08-30,2,NO,quantile,0.025,2.23608398618808
2026-08-26,ILI incidence,2026-08-30,2,NO,quantile,0.05,2.788526898088917
2026-08-26,ILI incidence,2026-08-30,2,NO,quantile,0.1,3.543489432251911
2026-08-26,ILI incidence,2026-08-30,2,NO,quantile,0.15,4.136128683069537
2026-08-26,ILI incidence,2026-08-30,2,NO,quantile,0.2,4.661798725260297
2026-08-26,ILI incidence,2026-08-30,2,NO,quantile,0.25,5.155452112735954
2026-08-26,ILI incidence,2026-08-30,2,NO,quantile,0.3,5.635344037728344
2026-08-26,ILI incidence,2026-08-30,2,NO,quantile,0.35,6.1133706183456
2026-08-26,ILI incidence,2026-08-30,2,NO,quantile,0.4,6.598776341107119
2026-08-26,ILI incidence,2026-08-30,2,NO,quantile,0.45,7.099915746330881
2026-08-26,ILI incidence,2026-08-30,2,NO,quantile,0.5,7.625367020569168
2026-08-26,ILI incidence,2026-08-30,2,NO,quantile,0.55,8.184904950798137
2026-08-26,ILI incidence,2026-08-30,2,NO,quantile,0.6,8.790649559858323
2026-08-26,ILI incidence,2026-08-30,2,NO,quantile,0.65,9.458748774828388
2026-08-26,ILI incidence,2026-08-30,2,NO,quantile,0.7,10.21222288045709
2026-08-26,ILI incidence,2026-08-30,2,NO,quantile,0.75,11.08635123415079
2026-08-26,ILI incidence,2026-08-30,2,NO,quantile,0.8,12.140162667315927
2026-08-26,ILI incidence,2026-08-30,2,NO,quantile,0.85,13.485025751936565
2026-08-26,ILI incidence,2026-08-30,2,NO,quantile,0.9,15.374409437692595
2026-08-26,ILI incidence,2026-08-30,2,NO,quantile,0.95,18.637436460343203
2026-08-26,ILI incidence,2026-08-30,2,NO,quantile,0.975,21.989810078185755
2026-08-26,ILI incidence,2026-08-30,2,NO,quantile,0.99,26.613660949443478
2026-08-26,ILI incidence,2026-08-30,2,NO,median,,7.625367020569168
2026-08-26,ILI incidence,2026-09-06,3,NO,quantile,0.01,1.2189759054673033
2026-08-26,ILI incidence,2026-09-06,3,NO,quantile,0.025,1.7552835875781376
2026-08-26,ILI incidence,2026-09-06,3,NO,quantile,0.05,2.3191225652630596
2026-08-26,ILI incidence,2026-09-06,3,NO,quantile,0.1,3.1138288052497582
2026-08-26,ILI incidence,2026-09-06,3,NO,quantile,0.15,3.754920713772812
2026-08-26,ILI incidence,2026-09-06,3,NO,quantile,0.2,4.3349686649928305
2026-08-26,ILI incidence,2026-09-06,3,NO,quantile,0.25,4.88867566331131
2026-08-26,ILI incidence,2026-09-06,3,NO,quantile,0.3,5.434730679448485
2026-08-26,ILI incidence,2026-09-06,3,NO,quantile,0.35,5.985832485883254
2026-08-26,ILI incidence,2026-09-06,3,NO,quantile,0.4,6.552354948881194
2026-08-26,ILI incidence,2026-09-06,3,NO,quantile,0.45,7.144162359044309
2026-08-26,ILI incidence,2026-09-06,3,NO,quantile,0.5,7.771845863748759
2026-08-26,ILI incidence,2026-09-06,3,NO,quantile,0.55,8.447905931285426
2026-08-26,ILI incidence,2026-09-06,3,NO,quantile,0.6,9.188249940340116
2026-08-26,ILI incidence,2026-09-06,3,NO,quantile,0.65,10.01447537038066
2026-08-26,ILI incidence,2026-09-06,3,NO,quantile,0.7,10.95780891080917
2026-08-26,ILI incidence,2026-09-06,3,NO,quantile,0.75,12.066652717310378
2026-08-26,ILI incidence,2026-09-06,3,NO,quantile,0.8,13.422817581341802
2026-08-26,ILI incidence,2026-09-06,3,NO,quantile,0.85,15.182242457690464
2026-08-26,ILI incidence,2026-09-06,3,NO,quantile,0.9,17.70405490845279
2026-08-26,ILI incidence,2026-09-06,3,NO,quantile,0.95,22.182415938071216
2026-08-26,ILI incidence,2026-09-06,3,NO,quantile,0.975,26.926446556813488
2026-08-26,ILI incidence,2026-09-06,3,NO,quantile,0.99,33.6760321587007
2026-08-26,ILI incidence,2026-09-06,3,NO,median,,7.771845863748759
2026-08-26,ILI incidence,2026-09-13,4,NO,quantile,0.01,0.7553879594329085
2026-08-26,ILI incidence,2026-09-13,4,NO,quantile,0.025,1.2676092332375246
2026-08-26,ILI incidence,2026-09-13,4,NO,quantile,0.05,1.8261950956762263
2026-08-26,ILI incidence,2026-09-13,4,NO,quantile,0.1,2.643023103016852
2026-08-26,ILI incidence,2026-09-13,4,NO,quantile,0.15,3.3236813575785007
2026-08-26,ILI incidence,2026-09-13,4,NO,quantile,0.2,3.9542496654510115
2026-08-26,ILI incidence,2026-09-13,4,NO,quantile,0.25,4.568025237426195
2026-08-26,ILI incidence,2026-09-13,4,NO,quantile,0.3,5.183755246554011
2026-08-26,ILI incidence,2026-09-13,4,NO,quantile,0.35,5.814942116803576
2026-08-26,ILI incidence,2026-09-13,4,NO,quantile,0.4,6.473348235311342
2026-08-26,ILI incidence,2026-09-13,4,NO,quantile,0.45,7.170845658377933
2026-08-26,ILI incidence,2026-09-13,4,NO,quantile,0.5,7.920812259220101
2026-08-26,ILI incidence,2026-09-13,4,NO,quantile,0.55,8.73961505228701
2026-08-26,ILI incidence,2026-09-13,4,NO,quantile,0.6,9.64862613898204
2026-08-26,ILI incidence,2026-09-13,4,NO,quantile,0.65,10.677412661808145
2026-08-26,ILI incidence,2026-09-13,4,NO,quantile,0.7,11.869346892181623
2026-08-26,ILI incidence,2026-09-13,4,NO,quantile,0.75,13.292480362577834
2026-08-26,ILI incidence,2026-09-13,4,NO,quantile,0.8,15.063157236345496
2026-08-26,ILI incidence,2026-09-13,4,NO,quantile,0.85,17.405817816514904
2026-08-26,ILI incidence,2026-09-13,4,NO,quantile,0.9,20.844739688405852
2026-08-26,ILI incidence,2026-09-13,4,NO,quantile,0.95,27.158314861561305
2026-08-26,ILI incidence,2026-09-13,4,NO,quantile,0.975,34.094623093694125
2026-08-26,ILI incidence,2026-09-13,4,NO,quantile,0.99,44.33521546425604
2026-08-26,ILI incidence,2026-09-13,4,NO,median,,7.920812259220101
2026-08-26,ILI incidence,2026-08-23,1,SI,quantile,0.01,0
2026-08-26,ILI incidence,2026-08-23,1,SI,quantile,0.025,0
2026-08-26,ILI incidence,2026-08-23,1,SI,quantile,0.05,0
2026-08-26,ILI incidence,2026-08-23,1,SI,quantile,0.1,0
2026-08-26,ILI incidence,2026-08-23,1,SI,quantile,0.15,0
2026-08-26,ILI incidence,2026-08-23,1,SI,quantile,0.2,0
2026-08-26,ILI incidence,2026-08-23,1,SI,quantile,0.25,0.04955637482874109
2026-08-26,ILI incidence,2026-08-23,1,SI,quantile,0.3,0.16724905985147376
2026-08-26,ILI incidence,2026-08-23,1,SI,quantile,0.35,0.28805847114210636
2026-08-26,ILI incidence,2026-08-23,1,SI,quantile,0.4,0.41423658075484204
2026-08-26,ILI incidence,2026-08-23,1,SI,quantile,0.45,0.5480677515070798
2026-08-26,ILI incidence,2026-08-23,1,SI,quantile,0.5,0.6921360707108364
2026-08-26,ILI incidence,2026-08-23,1,SI,quantile,0.55,0.8496118655098888
2026-08-26,ILI incidence,2026-08-23,1,SI,quantile,0.6,1.0246432038071194
2026-08-26,ILI incidence,2026-08-23,1,SI,quantile,0.65,1.2229770976637675
2026-08-26,ILI incidence,2026-08-23,1,SI,quantile,0.7,1.4530535772417346
2026-08-26,ILI incidence,2026-08-23,1,SI,quantile,0.75,1.7281283316181333
2026-08-26,ILI incidence,2026-08-23,1,SI,quantile,0.8,2.0708857037216384
2026-08-26,ILI incidence,2026-08-23,1,SI,quantile,0.85,2.525131299646448
2026-08-26,ILI incidence,2026-08-23,1,SI,quantile,0.9,3.193318282208417
2026-08-26,ILI incidence,2026-08-23,1,SI,quantile,0.95,4.423580523357069
2026-08-26,ILI incidence,2026-08-23,1,SI,quantile,0.975,5.779438100648874
2026-08-26,ILI incidence,2026-08-23,1,SI,quantile,0.99,7.787588990506862
2026-08-26,ILI incidence,2026-08-23,1,SI,median,,0.6921360707108364
2026-08-26,ILI incidence,2026-08-30,2,SI,quantile,0.01,0
2026-08-26,ILI incidence,2026-08-30,2,SI,quantile,0.025,0
2026-08-26,ILI incidence,2026-08-30,2,SI,quantile,0.05,0
2026-08-26,ILI incidence,2026-08-30,2,SI,quantile,0.1,0
2026-08-26,ILI incidence,2026-08-30,2,SI,quantile,0.15,0
2026-08-26,ILI incidence,2026-08-30,2,SI,quantile,0.2,0
2026-08-26,ILI incidence,2026-08-30,2,SI,quantile,0.25,0
2026-08-26,ILI incidence,2026-08-30,2,SI,quantile,0.3,0.04758166382694262
2026-08-26,ILI incidence,2026-08-30,2,SI,quantile,0.35,0.1957563023159774
2026-08-26,ILI incidence,2026-08-30,2,SI,quantile,0.4,0.3556939439791247
2026-08-26,ILI incidence,2026-08-30,2,SI,quantile,0.45,0.5307680802250738
2026-08-26,ILI incidence,2026-08-30,2,SI,quantile,0.5,0.725126092154313
2026-08-26,ILI incidence,2026-08-30,2,SI,quantile,0.55,0.9441612823505128
2026-08-26,ILI incidence,2026-08-30,2,SI,quantile,0.6,1.195230012680088
2026-08-26,ILI incidence,2026-08-30,2,SI,quantile,0.65,1.488851639809457
2026-08-26,ILI incidence,2026-08-30,2,SI,quantile,0.7,1.8408859534250577
2026-08-26,ILI incidence,2026-08-30,2,SI,quantile,0.75,2.2768499251263052
2026-08-26,ILI incidence,2026-08-30,2,SI,quantile,0.8,2.841488671449545
2026-08-26,ILI incidence,2026-08-30,2,SI,quantile,0.85,3.623571855625963
2026-08-26,ILI incidence,2026-08-30,2,SI,quantile,0.9,4.83764096381711
2026-08-26,ILI incidence,2026-08-30,2,SI,quantile,0.95,7.24744850601982
2026-08-26,ILI incidence,2026-08-30,2,SI,quantile,0.975,10.129959049673685
2026-08-26,ILI incidence,2026-08-30,2,SI,quantile,0.99,14.770625533913769
2026-08-26,ILI incidence,2026-08-30,2,SI,median,,0.725126092154313
2026-08-26,ILI incidence,2026-09-06,3,SI,quantile,0.01,0
2026-08-26,ILI incidence,2026-09-06,3,SI,quantile,0.025,0
2026-08-26,ILI incidence,2026-09-06,3,SI,quantile,0.05,0
2026-08-26,ILI incidence,2026-09-06,3,SI,quantile,0.1,0
2026-08-26,ILI incidence,2026-09-06,3,SI,quantile,0.15,0
2026-08-26,ILI incidence,2026-09-06,3,SI,quantile,0.2,0
2026-08-26,ILI incidence,2026-09-06,3,SI,quantile,0.25,0
2026-08-26,ILI incidence,2026-09-06,3,SI,quantile,0.3,0
2026-08-26,ILI incidence,2026-09-06,3,SI,quantile,0.35,0.114919685879743
2026-08-26,ILI incidence,2026-09-06,3,SI,quantile,0.4,0.3033060642119296
2026-08-26,ILI incidence,2026-09-06,3,SI,quantile,0.45,0.5158158394212478
2026-08-26,ILI incidence,2026-09-06,3,SI,quantile,0.5,0.758759280686643
2026-08-26,ILI incidence,2026-09-06,3,SI,quantile,0.55,1.0406398501432887
2026-08-26,ILI incidence,2026-09-06,3,SI,quantile,0.6,1.3733751360021373
2026-08-26,ILI incidence,2026-09-06,3,SI,quantile,0.65,1.7744009246375807
2026-08-26,ILI incidence,2026-09-06,3,SI,quantile,0.7,2.2705680728741786
2026-08-26,ILI incidence,2026-09-06,3,SI,quantile,0.75,2.906009216623605
2026-08-26,ILI incidence,2026-09-06,3,SI,quantile,0.8,3.759912664080133
2026-08-26,ILI incidence,2026-09-06,3,SI,quantile,0.85,4.993575335174563
2026-08-26,ILI incidence,2026-09-06,3,SI,quantile,0.9,7.0097368618533995
2026-08-26,ILI incidence,2026-09-06,3,SI,quantile,0.95,11.310306285616988
2026-08-26,ILI incidence,2026-09-06,3,SI,quantile,0.975,16.871476175209086
2026-08-26,ILI incidence,2026-09-06,3,SI,quantile,0.99,26.56730814929552
2026-08-26,ILI incidence,2026-09-06,3,SI,median,,0.758759280686643
2026-08-26,ILI incidence,2026-09-13,4,SI,quantile,0.01,0
2026-08-26,ILI incidence,2026-09-13,4,SI,quantile,0.025,0
2026-08-26,ILI incidence,2026-09-13,4,SI,quantile,0.05,0
2026-08-26,ILI incidence,2026-09-13,4,SI,quantile,0.1,0
2026-08-26,ILI incidence,2026-09-13,4,SI,quantile,0.15,0
2026-08-26,ILI incidence,2026-09-13,4,SI,quantile,0.2,0
2026-08-26,ILI incidence,2026-09-13,4,SI,quantile,0.25,0
2026-08-26,ILI incidence,2026-09-13,4,SI,quantile,0.3,0
2026-08-26,ILI incidence,2026-09-13,4,SI,quantile,0.35,0.04051940580039215
2026-08-26,ILI incidence,2026-09-13,4,SI,quantile,0.4,0.25371239467840545
2026-08-26,ILI incidence,2026-09-13,4,SI,quantile,0.45,0.5014669952191877
2026-08-26,ILI incidence,2026-09-13,4,SI,quantile,0.5,0.7930481844903758
2026-08-26,ILI incidence,2026-09-13,4,SI,quantile,0.55,1.1412537219540395
2026-08-26,ILI incidence,2026-09-13,4,SI,quantile,0.6,1.5644013775016807
2026-08-26,ILI incidence,2026-09-13,4,SI,quantile,0.65,2.0898239609776086
2026-08-26,ILI incidence,2026-09-13,4,SI,quantile,0.7,2.760455526724418
2026-08-26,ILI incidence,2026-09-13,4,SI,quantile,0.75,3.6483606983337307
2026-08-26,ILI incidence,2026-09-13,4,SI,quantile,0.8,4.885891982807022
2026-08-26,ILI incidence,2026-09-13,4,SI,quantile,0.85,6.7500247272085625
2026-08-26,ILI incidence,2026-09-13,4,SI,quantile,0.9,9.955943904768288
2026-08-26,ILI incidence,2026-09-13,4,SI,quantile,0.95,17.301482673536462
2026-08-26,ILI incidence,2026-09-13,4,SI,quantile,0.975,27.560360478281265
2026-08-26,ILI incidence,2026-09-13,4,SI,quantile,0.99,46.91709079121784
2026-08-26,ILI incidence,2026-09-13,4,SI,median,,0.7930481844903758
