origin_date,target,target_end_date,horizon,location,output_type,output_type_id,value
2026-08-12,ILI incidence,2026-08-09,1,BE,quantile,0.01,3.8774400353043195
2026-08-12,ILI incidence,2026-08-09,1,BE,quantile,0.025,4.884365101572953
2026-08-12,ILI incidence,2026-08-09,1,BE,quantile,0.05,5.91513568484149
2026-08-12,ILI incidence,2026-08-09,1,BE,quantile,0.1,7.329573770124933
2026-08-12,ILI incidence,2026-08-09,1,BE,quantile,0.15,8.443936269529221
2026-08-12,ILI incidence,2026-08-09,1,BE,quantile,0.2,9.434988545916132
2026-08-12,ILI incidence,2026-08-09,1,BE,quantile,0.25,10.367708245943941
2026-08-12,ILI incidence,2026-08-09,1,BE,quantile,0.3,11.276160391709539
2026-08-12,ILI incidence,2026-08-09,1,BE,quantile,0.35,12.18265926768708
2026-08-12,ILI incidence,2026-08-09,1,BE,quantile,0.4,13.10465637902929
2026-08-12,ILI incidence,2026-08-09,1,BE,quantile,0.45,14.058029722059501
2026-08-12,ILI incidence,2026-08-09,1,BE,quantile,0.5,15.05918233701269
2026-08-12,ILI incidence,2026-08-09,1,BE,quantile,0.55,16.126897880644343
2026-08-12,ILI incidence,2026-08-09,1,BE,quantile,0.6,17.28455301590051
2026-08-12,ILI incidence,2026-08-09,1,BE,quantile,0.65,18.563377319898596
2026-08-12,ILI incidence,2026-08-09,1,BE,quantile,0.7,20.007980435608044
2026-08-12,ILI incidence,2026-08-09,1,BE,quantile,0.75,21.686836410095204
2026-08-12,ILI incidence,2026-08-09,1,BE,quantile,0.8,23.714673734294788
2026-08-12,ILI incidence,2026-08-09,1,BE,quantile,0.85,26.308246262262912
2026-08-12,ILI incidence,2026-08-09,1,BE,quantile,0.9,29.961648753073273
2026-08-12,ILI incidence,2026-08-09,1,BE,quantile,0.95,36.294617067131604
2026-08-12,ILI incidence,2026-08-09,1,BE,quantile,0.975,42.827555374577585
2026-08-12,ILI incidence,2026-08-09,1,BE,quantile,0.99,51.87555263963983
2026-08-12,ILI incidence,2026-08-09,1,BE,median,,15.05918233701269
2026-08-12,ILI incidence,2026-08-16,2,BE,quantile,0.01,2.904951884020061
2026-08-12,ILI incidence,2026-08-16,2,BE,quantile,0.025,3.8707301913391445
2026-08-12,ILI incidence,2026-08-16,2,BE,quantile,0.05,4.8903456447075815
2026-08-12,ILI incidence,2026-08-16,2,BE,quantile,0.1,6.333509287300245
2026-08-12,ILI incidence,2026-08-16,2,BE,quantile,0.15,7.502043311135397
2026-08-12,ILI incidence,2026-08-16,2,BE,quantile,0.2,8.562171997563652
2026-08-12,ILI incidence,2026-08-16,2,BE,quantile,0.25,9.576416024327827
2026-08-12,ILI incidence,2026-08-16,2,BE,quantile,0.3,10.578601084986825
2026-08-12,ILI incidence,2026-08-16,2,BE,quantile,0.35,11.591853897823471
2026-08-12,ILI incidence,2026-08-16,2,BE,quantile,0.4,12.635202267344097
2026-08-12,ILI incidence,2026-08-16,2,BE,quantile,0.45,13.726865029807048
2026-08-12,ILI incidence,2026-08-16,2,BE,quantile,0.5,14.886517721908193
2026-08-12,ILI incidence,2026-08-16,2,BE,quantile,0.55,16.13748613962885
2026-08-12,ILI incidence,2026-08-16,2,BE,quantile,0.6,17.509549061325572
2026-08-12,ILI incidence,2026-08-16,2,BE,quantile,0.65,19.043231709679215
2026-08-12,ILI incidence,2026-08-16,2,BE,quantile,0.7,20.79723124374228
2026-08-12,ILI incidence,2026-08-16,2,BE,quantile,0.75,22.862662431959606
2026-08-12,ILI incidence,2026-08-16,2,BE,quantile,0.8,25.39373621315402
2026-08-12,ILI incidence,2026-08-16,2,BE,quantile,0.85,28.6847988292357
2026-08-12,ILI incidence,2026-08-16,2,BE,quantile,0.9,33.41482589591357
2026-08-12,ILI incidence,2026-08-16,2,BE,quantile,0.95,41.84662743947212
2026-08-12,ILI incidence,2026-08-16,2,BE,quantile,0.975,50.81593629991522
2026-08-12,ILI incidence,2026-08-16,2,BE,quantile,0.99,63.631128071335425
2026-08-12,ILI incidence,2026-08-16,2,BE,median,,14.886517721908193
2026-08-12,ILI incidence,2026-08-23,3,BE,quantile,0.01,2.20988625427611
2026-08-12,ILI incidence,2026-08-23,3,BE,quantile,0.025,3.1222603127659836
2026-08-12,ILI incidence,2026-08-23,3,BE,quantile,0.05,4.111834318108817
2026-08-12,ILI incidence,2026-08-23,3,BE,quantile,0.1,5.551016126270592
2026-08-12,ILI incidence,2026-08-23,3,BE,quantile,0.15,6.744526487685762
2026-08-12,ILI incidence,2026-08-23,3,BE,quantile,0.2,7.846338589976336
2026-08-12,ILI incidence,2026-08-23,3,BE,quantile,0.25,8.915713010932834
2026-08-12,ILI incidence,2026-08-23,3,BE,quantile,0.3,9.985775283499223
2026-08-12,ILI incidence,2026-08-23,3,BE,quantile,0.35,11.080164814992415
2026-08-12,ILI incidence,2026-08-23,3,BE,quantile,0.4,12.219274636911369
2026-08-12,ILI incidence,2026-08-23,3,BE,quantile,0.45,13.423510138206835
2026-08-12,ILI incidence,2026-08-23,3,BE,quantile,0.5,14.7157095568199
2026-08-12,ILI incidence,2026-08-23,3,BE,quantile,0.55,16.12367686559729
2026-08-12,ILI incidence,2026-08-23,3,BE,quantile,0.6,17.683591472158646
2026-08-12,ILI incidence,2026-08-23,3,BE,quantile,0.65,19.445377249141078
2026-08-12,ILI incidence,2026-08-23,3,BE,quantile,0.7,21.482120788078827
2026-08-12,ILI incidence,2026-08-23,3,BE,quantile,0.75,23.90829722502074
2026-08-12,ILI incidence,2026-08-23,3,BE,quantile,0.8,26.91929388212361
2026-08-12,ILI incidence,2026-08-23,3,BE,quantile,0.85,30.89136576226298
2026-08-12,ILI incidence,2026-08-23,3,BE,quantile,0.9,36.70155989753683
2026-08-12,ILI incidence,2026-08-23,3,BE,quantile,0.95,47.31602737971653
2026-08-12,ILI incidence,2026-08-23,3,BE,quantile,0.975,58.91458766188337
2026-08-12,ILI incidence,2026-08-23,3,BE,quantile,0.99,75.94463520172924
2026-08-12,ILI incidence,2026-08-23,3,BE,median,,14.7157095568199
2026-08-12,ILI incidence,2026-08-30,4,BE,quantile,0.01,1.686467007754679
2026-08-12,ILI incidence,2026-08-30,4,BE,quantile,0.025,2.542121042620695
2026-08-12,ILI incidence,2026-08-30,4,BE,quantile,0.05,3.493041656280382
2026-08-12,ILI incidence,2026-08-30,4,BE,quantile,0.1,4.910337294201318
2026-08-12,ILI incidence,2026-08-30,4,BE,quantile,0.15,6.111307502114485
2026-08-12,ILI incidence,2026-08-30,4,BE,quantile,0.2,7.23756609555344
2026-08-12,ILI incidence,2026-08-30,4,BE,quantile,0.25,8.344930123742897
2026-08-12,ILI incidence,2026-08-30,4,BE,quantile,0.3,9.465684262185635
2026-08-12,ILI incidence,2026-08-30,4,BE,quantile,0.35,10.623875485087186
2026-08-12,ILI incidence,2026-08-30,4,BE,quantile,0.4,11.841183820806513
2026-08-12,ILI incidence,2026-08-30,4,BE,quantile,0.45,13.140146810557605
2026-08-12,ILI incidence,2026-08-30,4,BE,quantile,0.5,14.546737881626461
2026-08-12,ILI incidence,2026-08-30,4,BE,quantile,0.55,16.093249596216033
2026-08-12,ILI incidence,2026-08-30,4,BE,quantile,0.6,17.82233461749626
2026-08-12,ILI incidence,2026-08-30,4,BE,quantile,0.65,19.793500332147303
2026-08-12,ILI incidence,2026-08-30,4,BE,quantile,0.7,22.094625511807948
2026-08-12,ILI incidence,2026-08-30,4,BE,quantile,0.75,24.864405143694274
2026-08-12,ILI incidence,2026-08-30,4,BE,quantile,0.8,28.341319505826746
2026-08-12,ILI incidence,2026-08-30,4,BE,quantile,0.85,32.98827271751807
2026-08-12,ILI incidence,2026-08-30,4,BE,quantile,0.9,39.89463032797372
2026-08-12,ILI incidence,2026-08-30,4,BE,quantile,0.95,52.79452879591018
2026-08-12,ILI incidence,2026-08-30,4,BE,quantile,0.975,67.23625049842252
2026-08-12,ILI incidence,2026-08-30,4,BE,quantile,0.99,88.96985932167112
2026-08-12,ILI incidence,2026-08-30,4,BE,median,,14.546737881626461
2026-08-12,ILI incidence,2026-08-09,1,CH,quantile,0.01,1.288854982945253
2026-08-12,ILI incidence,2026-08-09,1,CH,quantile,0.025,1.8603478358905274
2026-08-12,ILI incidence,2026-08-09,1,CH,quantile,0.05,2.464756204346081
2026-08-12,ILI incidence,2026-08-09,1,CH,quantile,0.1,3.321743797999982
2026-08-12,ILI incidence,2026-08-09,1,CH,quantile,0.15,4.016727861421043
2026-08-12,ILI incidence,2026-08-09,1,CH,quantile,0.2,4.647951390003844
2026-08-12,ILI incidence,2026-08-09,1,CH,quantile,0.25,5.252417598020829
2026-08-12,ILI incidence,2026-08-09,1,CH,quantile,0.3,5.850185802684788
2026-08-12,ILI incidence,2026-08-09,1,CH,quantile,0.35,6.455006716526226
2026-08-12,ILI incidence,2026-08-09,1,CH,quantile,0.4,7.078227940481643
2026-08-12,ILI incidence,2026-08-09,1,CH,quantile,0.45,7.730746108534442
2026-08-12,ILI incidence,2026-08-09,1,CH,quantile,0.5,8.424357563205925
2026-08-12,ILI incidence,2026-08-09,1,CH,quantile,0.55,9.173072767782724
2026-08-12,ILI incidence,2026-08-09,1,CH,quantile,0.6,9.99480184683439
2026-08-12,ILI incidence,2026-08-09,1,CH,quantile,0.65,10.913941711449338
2026-08-12,ILI incidence,2026-08-09,1,CH,quantile,0.7,11.96585494722584
2026-08-12,ILI incidence,2026-08-09,1,CH,quantile,0.75,13.205467579016446
2026-08-12,ILI incidence,2026-08-09,1,CH,quantile,0.8,14.725793185181127
2026-08-12,ILI incidence,2026-08-09,1,CH,quantile,0.85,16.704471506652133
2026-08-12,ILI incidence,2026-08-09,1,CH,quantile,0.9,19.55154577193127
2026-08-12,ILI incidence,2026-08-09,1,CH,quantile,0.95,24.63485285566284
2026-08-12,ILI incidence,2026-08-09,1,CH,quantile,0.975,30.051648462014544
2026-08-12,ILI incidence,2026-08-09,1,CH,quantile,0.99,37.80478061780342
2026-08-12,ILI incidence,2026-08-09,1,CH,median,,8.424357563205925
2026-08-12,ILI incidence,2026-08-16,2,CH,quantile,0.01,0.7493681223554876
2026-08-12,ILI incidence,2026-08-16,2,CH,quantile,0.025,1.2718102818820798
2026-08-12,ILI incidence,2026-08-16,2,CH,quantile,0.05,1.8443330972313174
2026-08-12,ILI incidence,2026-08-16,2,CH,quantile,0.1,2.6856719891268646
2026-08-12,ILI incidence,2026-08-16,2,CH,quantile,0.15,3.3897960182670346
2026-08-12,ILI incidence,2026-08-16,2,CH,quantile,0.2,4.044164438565906
2026-08-12,ILI incidence,2026-08-16,2,CH,quantile,0.25,4.682766130727082
2026-08-12,ILI incidence,2026-08-16,2,CH,quantile,0.3,5.324866088738571
2026-08-12,ILI incidence,2026-08-16,2,CH,quantile,0.35,5.9844576142481625
2026-08-12,ILI incidence,2026-08-16,2,CH,quantile,0.4,6.673838861544631
2026-08-12,ILI incidence,2026-08-16,2,CH,quantile,0.45,7.405519078363852
2026-08-12,ILI incidence,2026-08-16,2,CH,quantile,0.5,8.19367868233375
2026-08-12,ILI incidence,2026-08-16,2,CH,quantile,0.55,9.055741581928658
2026-08-12,ILI incidence,2026-08-16,2,CH,quantile,0.6,10.014529916384596
2026-08-12,ILI incidence,2026-08-16,2,CH,quantile,0.65,11.101688116994405
2026-08-12,ILI incidence,2026-08-16,2,CH,quantile,0.7,12.363718144877824
2026-08-12,ILI incidence,2026-08-16,2,CH,quantile,0.75,13.873694565217603
2026-08-12,ILI incidence,2026-08-16,2,CH,quantile,0.8,15.756735182493134
2026-08-12,ILI incidence,2026-08-16,2,CH,quantile,0.85,18.254591184254082
2026-08-12,ILI incidence,2026-08-16,2,CH,quantile,0.9,21.933057516608184
2026-08-12,ILI incidence,2026-08-16,2,CH,quantile,0.95,28.71653629326103
2026-08-12,ILI incidence,2026-08-16,2,CH,quantile,0.975,36.2054516999432
2026-08-12,ILI incidence,2026-08-16,2,CH,quantile,0.99,47.316718839136406
2026-08-12,ILI incidence,2026-08-16,2,CH,median,,8.19367868233375
2026-08-12,ILI incidence,2026-08-23,3,CH,quantile,0.01,0.29466730126491614
2026-08-12,ILI incidence,2026-08-23,3,CH,quantile,0.025,0.7560707356043892
2026-08-12,ILI incidence,2026-08-23,3,CH,quantile,0.05,1.2824401557996237
2026-08-12,ILI incidence,2026-08-23,3,CH,quantile,0.1,2.0879458974896394
2026-08-12,ILI incidence,2026-08-23,3,CH,quantile,0.15,2.7864926621711246
2026-08-12,ILI incidence,2026-08-23,3,CH,quantile,0.2,3.4527438321322803
2026-08-12,ILI incidence,2026-08-23,3,CH,quantile,0.25,4.117013588790283
2026-08-12,ILI incidence,2026-08-23,3,CH,quantile,0.3,4.797591780094871
2026-08-12,ILI incidence,2026-08-23,3,CH,quantile,0.35,5.508798005132657
2026-08-12,ILI incidence,2026-08-23,3,CH,quantile,0.4,6.264172179858443
2026-08-12,ILI incidence,2026-08-23,3,CH,quantile,0.45,7.078342157750319
2026-08-12,ILI incidence,2026-08-23,3,CH,quantile,0.5,7.968646101034098
2026-08-12,ILI incidence,2026-08-23,3,CH,quantile,0.55,8.957069323737876
2026-08-12,ILI incidence,2026-08-23,3,CH,quantile,0.6,10.073059791812595
2026-08-12,ILI incidence,2026-08-23,3,CH,quantile,0.65,11.358136298309471
2026-08-12,ILI incidence,2026-08-23,3,CH,quantile,0.7,12.874142219147055
2026-08-12,ILI incidence,2026-08-23,3,CH,quantile,0.75,14.719444846072854
2026-08-12,ILI incidence,2026-08-23,3,CH,quantile,0.8,17.06450492506226
2026-08-12,ILI incidence,2026-08-23,3,CH,quantile,0.85,20.24303941988175
2026-08-12,ILI incidence,2026-08-23,3,CH,quantile,0.9,25.048582311945793
2026-08-12,ILI incidence,2026-08-23,3,CH,quantile,0.95,34.241499182884
2026-08-12,ILI incidence,2026-08-23,3,CH,quantile,0.975,44.80488203279018
2026-08-12,ILI incidence,2026-08-23,3,CH,quantile,0.99,61.12917620380611
2026-08-12,ILI incidence,2026-08-23,3,CH,median,,7.968646101034098
2026-08-12,ILI incidence,2026-08-30,4,CH,quantile,0.01,0
2026-08-12,ILI incidence,2026-08-30,4,CH,quantile,0.025,0.3258498068154274
2026-08-12,ILI incidence,2026-08-30,4,CH,quantile,0.05,0.7957399575379487
2026-08-12,ILI incidence,2026-08-30,4,CH,quantile,0.1,1.547661594339338
2026-08-12,ILI incidence,2026-08-30,4,CH,quantile,0.15,2.2257209728891896
2026-08-12,ILI incidence,2026-08-30,4,CH,quantile,0.2,2.8911562733491665
2026-08-12,ILI incidence,2026-08-30,4,CH,quantile,0.25,3.570430708653335
2026-08-12,ILI incidence,2026-08-30,4,CH,quantile,0.3,4.28092673563536
2026-08-12,ILI incidence,2026-08-30,4,CH,quantile,0.35,5.037541949500972
2026-08-12,ILI incidence,2026-08-30,4,CH,quantile,0.4,5.855495383664559
2026-08-12,ILI incidence,2026-08-30,4,CH,quantile,0.45,6.752197982799584
2026-08-12,ILI incidence,2026-08-30,4,CH,quantile,0.5,7.749121615502869
2026-08-12,ILI incidence,2026-08-30,4,CH,quantile,0.55,8.874248466396331
2026-08-12,ILI incidence,2026-08-30,4,CH,quantile,0.6,10.165805643346784
2026-08-12,ILI incidence,2026-08-30,4,CH,quantile,0.65,11.678525413672114
2026-08-12,ILI incidence,2026-08-30,4,CH,quantile,0.7,13.495018180487975
2026-08-12,ILI incidence,2026-08-30,4,CH,quantile,0.75,15.748340347427334
2026-08-12,ILI incidence,2026-08-30,4,CH,quantile,0.8,18.6720778261045
2026-08-12,ILI incidence,2026-08-30,4,CH,quantile,0.85,22.730238816749992
2026-08-12,ILI incidence,2026-08-30,4,CH,quantile,0.9,29.046034847383183
2026-08-12,ILI incidence,2026-08-30,4,CH,quantile,0.95,41.62706786778275
2026-08-12,ILI incidence,2026-08-30,4,CH,quantile,0.975,56.73438940774058
2026-08-12,ILI incidence,2026-08-30,4,CH,quantile,0.99,81.15261607738326
2026-08-12,ILI incidence,2026-08-30,4,CH,median,,7.749121615502869
2026-08-12,ILI incidence,2026-08-09,1,DK,quantile,0.01,36.4690840234415
2026-08-12,ILI incidence,2026-08-09,1,DK,quantile,0.025,42.058090808945714
2026-08-12,ILI incidence,2026-08-09,1,DK,quantile,0.05,47.52732548262708
2026-08-12,ILI incidence,2026-08-09,1,DK,quantile,0.1,54.70063553523977
2026-08-12,ILI incidence,2026-08-09,1,DK,quantile,0.15,60.13032644537848
2026-08-12,ILI incidence,2026-08-09,1,DK,quantile,0.2,64.82071928264835
2026-08-12,ILI incidence,2026-08-09,1,DK,quantile,0.25,69.13045151686967
2026-08-12,ILI incidence,2026-08-09,1,DK,quantile,0.3,73.2406914765309
2026-08-12,ILI incidence,2026-08-09,1,DK,quantile,0.35,77.26417612577224
2026-08-12,ILI incidence,2026-08-09,1,DK,quantile,0.4,81.28351099295486
2026-08-12,ILI incidence,2026-08-09,1,DK,quantile,0.45,85.36862279096512
2026-08-12,ILI incidence,2026-08-09,1,DK,quantile,0.5,89.58693025364661
2026-08-12,ILI incidence,2026-08-09,1,DK,quantile,0.55,94.01126297497767
2026-08-12,ILI incidence,2026-08-09,1,DK,quantile,0.6,98.72826674206496
2026-08-12,ILI incidence,2026-08-09,1,DK,quantile,0.65,103.84991140252761
2026-08-12,ILI incidence,2026-08-09,1,DK,quantile,0.7,109.53226700310475
2026-08-12,ILI incidence,2026-08-09,1,DK,quantile,0.75,116.01039641538755
2026-08-12,ILI incidence,2026-08-09,1,DK,quantile,0.8,123.67186658262936
2026-08-12,ILI incidence,2026-08-09,1,DK,quantile,0.85,133.23765927556926
2026-08-12,ILI incidence,2026-08-09,1,DK,quantile,0.9,146.32312933103614
2026-08-12,ILI incidence,2026-08-09,1,DK,quantile,0.95,168.10043673675767
2026-08-12,ILI incidence,2026-08-09,1,DK,quantile,0.975,189.57955842004418
2026-08-12,ILI incidence,2026-08-09,1,DK,quantile,0.99,218.00700662031616
2026-08-12,ILI incidence,2026-08-09,1,DK,median,,89.58693025364661
2026-08-12,ILI incidence,2026-08-16,2,DK,quantile,0.01,35.08917760528507
2026-08-12,ILI incidence,2026-08-16,2,DK,quantile,0.025,40.83752336732207
2026-08-12,ILI incidence,2026-08-16,2,DK,quantile,0.05,46.50857826293097
2026-08-12,ILI incidence,2026-08-16,2,DK,quantile,0.1,54.0073967787519
2026-08-12,ILI incidence,2026-08-16,2,DK,quantile,0.15,59.72462060307288
2026-08-12,ILI incidence,2026-08-16,2,DK,quantile,0.2,64.68937283676054
2026-08-12,ILI incidence,2026-08-16,2,DK,quantile,0.25,69.27095868521963
2026-08-12,ILI incidence,2026-08-16,2,DK,quantile,0.3,73.65706434890214
2026-08-12,ILI incidence,2026-08-16,2,DK,quantile,0.35,77.96546058851509
2026-08-12,ILI incidence,2026-08-16,2,DK,quantile,0.4,82.28338620901319
2026-08-12,ILI incidence,2026-08-16,2,DK,quantile,0.45,86.6856256801194
2026-08-12,ILI incidence,2026-08-16,2,DK,quantile,0.5,91.24519797920834
2026-08-12,ILI incidence,2026-08-16,2,DK,quantile,0.55,96.04186386563691
2026-08-12,ILI incidence,2026-08-16,2,DK,quantile,0.6,101.17135658807368
2026-08-12,ILI incidence,2026-08-16,2,DK,quantile,0.65,106.75820829519657
2026-08-12,ILI incidence,2026-08-16,2,DK,quantile,0.7,112.97684364411354
2026-08-12,ILI incidence,2026-08-16,2,DK,quantile,0.75,120.09094154158898
2026-08-12,ILI incidence,2026-08-16,2,DK,quantile,0.8,128.5365777257278
2026-08-12,ILI incidence,2026-08-16,2,DK,quantile,0.85,139.12729047487466
2026-08-12,ILI incidence,2026-08-16,2,DK,quantile,0.9,153.69149693537662
2026-08-12,ILI incidence,2026-08-16,2,DK,quantile,0.95,178.10821290273608
2026-08-12,ILI incidence,2026-08-16,2,DK,quantile,0.975,202.386239560958
2026-08-12,ILI incidence,2026-08-16,2,DK,quantile,0.99,234.7819466902238
2026-08-12,ILI incidence,2026-08-16,2,DK,median,,91.24519797920834
2026-08-12,ILI incidence,2026-08-23,3,DK,quantile,0.01,33.29188333132465
2026-08-12,ILI incidence,2026-08-23,3,DK,quantile,0.025,39.18973793650516
2026-08-12,ILI incidence,2026-08-23,3,DK,quantile,0.05,45.067376089650004
2026-08-12,ILI incidence,2026-08-23,3,DK,quantile,0.1,52.918470264960305
2026-08-12,ILI incidence,2026-08-23,3,DK,quantile,0.15,58.958256055430425
2026-08-12,ILI incidence,2026-08-23,3,DK,quantile,0.2,64.23743775474016
2026-08-12,ILI incidence,2026-08-23,3,DK,quantile,0.25,69.1354411571362
2026-08-12,ILI incidence,2026-08-23,3,DK,quantile,0.3,73.84662078243616
2026-08-12,ILI incidence,2026-08-23,3,DK,quantile,0.35,78.49426927739914
2026-08-12,ILI incidence,2026-08-23,3,DK,quantile,0.4,83.17101077483798
2026-08-12,ILI incidence,2026-08-23,3,DK,quantile,0.45,87.95752313169008
2026-08-12,ILI incidence,2026-08-23,3,DK,quantile,0.5,92.93382164950589
2026-08-12,ILI incidence,2026-08-23,3,DK,quantile,0.55,98.18849512726474
2026-08-12,ILI incidence,2026-08-23,3,DK,quantile,0.6,103.82899953862608
2026-08-12,ILI incidence,2026-08-23,3,DK,quantile,0.65,109.99621305896815
2026-08-12,ILI incidence,2026-08-23,3,DK,quantile,0.7,116.88859346542147
2026-08-12,ILI incidence,2026-08-23,3,DK,quantile,0.75,124.80747627882275
2026-08-12,ILI incidence,2026-08-23,3,DK,quantile,0.8,134.25305642525882
2026-08-12,ILI incidence,2026-08-23,3,DK,quantile,0.85,146.1617660380906
2026-08-12,ILI incidence,2026-08-23,3,DK,quantile,0.9,162.6463869676084
2026-08-12,ILI incidence,2026-08-23,3,DK,quantile,0.95,190.53604130849507
2026-08-12,ILI incidence,2026-08-23,3,DK,quantile,0.975,218.5476582510024
2026-08-12,ILI incidence,2026-08-23,3,DK,quantile,0.99,256.30761896128087
2026-08-12,ILI incidence,2026-08-23,3,DK,median,,92.93382164950589
2026-08-12,ILI incidence,2026-08-30,4,DK,quantile,0.01,31.158467952311888
2026-08-12,ILI incidence,2026-08-30,4,DK,quantile,0.025,37.18153472991779
2026-08-12,ILI incidence,2026-08-30,4,DK,quantile,0.05,43.25653420396936
2026-08-12,ILI incidence,2026-08-30,4,DK,quantile,0.1,51.46966464208052
2026-08-12,ILI incidence,2026-08-30,4,DK,quantile,0.15,57.85577833996259
2026-08-12,ILI incidence,2026-08-30,4,DK,quantile,0.2,63.481153968486595
2026-08-12,ILI incidence,2026-08-30,4,DK,quantile,0.25,68.7338366885152
2026-08-12,ILI incidence,2026-08-30,4,DK,quantile,0.3,73.81458535085231
2026-08-12,ILI incidence,2026-08-30,4,DK,quantile,0.35,78.85252410800763
2026-08-12,ILI incidence,2026-08-30,4,DK,quantile,0.4,83.9463719730193
2026-08-12,ILI incidence,2026-08-30,4,DK,quantile,0.45,89.1837948929961
2026-08-12,ILI incidence,2026-08-30,4,DK,quantile,0.5,94.6533569549059
2026-08-12,ILI incidence,2026-08-30,4,DK,quantile,0.55,100.45464279473589
2026-08-12,ILI incidence,2026-08-30,4,DK,quantile,0.6,106.70989371563432
2026-08-12,ILI incidence,2026-08-30,4,DK,quantile,0.65,113.58078249808419
2026-08-12,ILI incidence,2026-08-30,4,DK,quantile,0.7,121.29653688294378
2026-08-12,ILI incidence,2026-08-30,4,DK,quantile,0.75,130.20695965161977
2026-08-12,ILI incidence,2026-08-30,4,DK,quantile,0.8,140.89517608841578
2026-08-12,ILI incidence,2026-08-30,4,DK,quantile,0.85,154.45737317231547
2026-08-12,ILI incidence,2026-08-30,4,DK,quantile,0.9,173.37818135785696
2026-08-12,ILI incidence,2026-08-30,4,DK,quantile,0.95,205.73929536764348
2026-08-12,ILI incidence,2026-08-30,4,DK,quantile,0.975,238.63323531815362
2026-08-12,ILI incidence,2026-08-30,4,DK,quantile,0.99,283.5149436319736
2026-08-12,ILI incidence,2026-08-30,4,DK,median,,94.6533569549059
2026-08-12,ILI incidence,2026-08-09,1,EE,quantile,0.01,19.362199635718003
2026-08-12,ILI incidence,2026-08-09,1,EE,quantile,0.025,22.916192307460022
2026-08-12,ILI incidence,2026-08-09,1,EE,quantile,0.05,26.465139468284637
2026-08-12,ILI incidence,2026-08-09,1,EE,quantile,0.1,31.215247130199856
2026-08-12,ILI incidence,2026-08-09,1,EE,quantile,0.15,34.87600897419026
2026-08-12,ILI incidence,2026-08-09,1,EE,quantile,0.2,38.079923577439075
2026-08-12,ILI incidence,2026-08-09,1,EE,quantile,0.25,41.05568770648906
2026-08-12,ILI incidence,2026-08-09,1,EE,quantile,0.3,43.92063760304849
2026-08-12,ILI incidence,2026-08-09,1,EE,quantile,0.35,46.74937530020332
2026-08-12,ILI incidence,2026-08-09,1,EE,quantile,0.4,49.5981073123697
2026-08-12,ILI incidence,2026-08-09,1,EE,quantile,0.45,52.51594847646768
2026-08-12,ILI incidence,2026-08-09,1,EE,quantile,0.5,55.551761698442974
2026-08-12,ILI incidence,2026-08-09,1,EE,quantile,0.55,58.759788291966245
2026-08-12,ILI incidence,2026-08-09,1,EE,quantile,0.6,62.20595613298056
2026-08-12,ILI incidence,2026-08-09,1,EE,quantile,0.65,65.97682914364465
2026-08-12,ILI incidence,2026-08-09,1,EE,quantile,0.7,70.19448702973102
2026-08-12,ILI incidence,2026-08-09,1,EE,quantile,0.75,75.04445261999663
2026-08-12,ILI incidence,2026-08-09,1,EE,quantile,0.8,80.83490289739854
2026-08-12,ILI incidence,2026-08-09,1,EE,quantile,0.85,88.14318628636329
2026-08-12,ILI incidence,2026-08-09,1,EE,quantile,0.9,98.27292310601136
2026-08-12,ILI incidence,2026-08-09,1,EE,quantile,0.95,115.44221777539074
2026-08-12,ILI incidence,2026-08-09,1,EE,quantile,0.975,132.72119232374288
2026-08-12,ILI incidence,2026-08-09,1,EE,quantile,0.99,156.06072076749436
2026-08-12,ILI incidence,2026-08-09,1,EE,median,,55.551761698442974
2026-08-12,ILI incidence,2026-08-16,2,EE,quantile,0.01,17.163124320955212
2026-08-12,ILI incidence,2026-08-16,2,EE,quantile,0.025,20.716896067495405
2026-08-12,ILI incidence,2026-08-16,2,EE,quantile,0.05,24.32469502620675
2026-08-12,ILI incidence,2026-08-16,2,EE,quantile,0.1,29.234210369967236
2026-08-12,ILI incidence,2026-08-16,2,EE,quantile,0.15,33.07370846970143
2026-08-12,ILI incidence,2026-08-16,2,EE,quantile,0.2,36.47005991762372
2026-08-12,ILI incidence,2026-08-16,2,EE,quantile,0.25,39.65238872742897
2026-08-12,ILI incidence,2026-08-16,2,EE,quantile,0.3,42.73990893189333
2026-08-12,ILI incidence,2026-08-16,2,EE,quantile,0.35,45.80990066331892
2026-08-12,ILI incidence,2026-08-16,2,EE,quantile,0.4,48.922029379791546
2026-08-12,ILI incidence,2026-08-16,2,EE,quantile,0.45,52.12984457562283
2026-08-12,ILI incidence,2026-08-16,2,EE,quantile,0.5,55.487980720227924
2026-08-12,ILI incidence,2026-08-16,2,EE,quantile,0.55,59.058371925162646
2026-08-12,ILI incidence,2026-08-16,2,EE,quantile,0.6,62.917513079716976
2026-08-12,ILI incidence,2026-08-16,2,EE,quantile,0.65,67.16703134662454
2026-08-12,ILI incidence,2026-08-16,2,EE,quantile,0.7,71.95149998637001
2026-08-12,ILI incidence,2026-08-16,2,EE,quantile,0.75,77.49211487284346
2026-08-12,ILI incidence,2026-08-16,2,EE,quantile,0.8,84.15844311068295
2026-08-12,ILI incidence,2026-08-16,2,EE,quantile,0.85,92.64674727689847
2026-08-12,ILI incidence,2026-08-16,2,EE,quantile,0.9,104.53912031446583
2026-08-12,ILI incidence,2026-08-16,2,EE,quantile,0.95,124.99922575757806
2026-08-12,ILI incidence,2026-08-16,2,EE,quantile,0.975,145.93130896476433
2026-08-12,ILI incidence,2026-08-16,2,EE,quantile,0.99,174.67968535938698
2026-08-12,ILI incidence,2026-08-16,2,EE,median,,55.487980720227924
2026-08-12,ILI incidence,2026-08-23,3,EE,quantile,0.01,15.354462891938649
2026-08-12,ILI incidence,2026-08-23,3,EE,quantile,0.025,18.87653984585236
2026-08-12,ILI incidence,2026-08-23,3,EE,quantile,0.05,22.50668160101935
2026-08-12,ILI incidence,2026-08-23,3,EE,quantile,0.1,27.522220510448214
2026-08-12,ILI incidence,2026-08-23,3,EE,quantile,0.15,31.497678841329744
2026-08-12,ILI incidence,2026-08-23,3,EE,quantile,0.2,35.04882176080522
2026-08-12,ILI incidence,2026-08-23,3,EE,quantile,0.25,38.403091430957375
2026-08-12,ILI incidence,2026-08-23,3,EE,quantile,0.3,41.68050130710534
2026-08-12,ILI incidence,2026-08-23,3,EE,quantile,0.35,44.96036892415609
2026-08-12,ILI incidence,2026-08-23,3,EE,quantile,0.4,48.30540180508498
2026-08-12,ILI incidence,2026-08-23,3,EE,quantile,0.45,51.77329904609147
2026-08-12,ILI incidence,2026-08-23,3,EE,quantile,0.5,55.42427167634388
2026-08-12,ILI incidence,2026-08-23,3,EE,quantile,0.55,59.32782660461045
2026-08-12,ILI incidence,2026-08-23,3,EE,quantile,0.6,63.570986497416996
2026-08-12,ILI incidence,2026-08-23,3,EE,quantile,0.65,68.27051520103352
2026-08-12,ILI incidence,2026-08-23,3,EE,quantile,0.7,73.59374507571324
2026-08-12,ILI incidence,2026-08-23,3,EE,quantile,0.75,79.79818914169164
2026-08-12,ILI incidence,2026-08-23,3,EE,quantile,0.8,87.31629658607594
2026-08-12,ILI incidence,2026-08-23,3,EE,quantile,0.85,96.96694864732663
2026-08-12,ILI incidence,2026-08-23,3,EE,quantile,0.9,110.62168923838222
2026-08-12,ILI incidence,2026-08-23,3,EE,quantile,0.95,134.43802091009732
2026-08-12,ILI incidence,2026-08-23,3,EE,quantile,0.975,159.1736750408399
2026-08-12,ILI incidence,2026-08-23,3,EE,quantile,0.99,193.6684801110254
2026-08-12,ILI incidence,2026-08-23,3,EE,median,,55.42427167634388
2026-08-12,ILI incidence,2026-08-30,4,EE,quantile,0.01,13.83234222249532
2026-08-12,ILI incidence,2026-08-30,4,EE,quantile,0.025,17.30285929399902
2026-08-12,ILI incidence,2026-08-30,4,EE,quantile,0.05,20.930568684840775
2026-08-12,ILI incidence,2026-08-30,4,EE,quantile,0.1,26.014134165283235
2026-08-12,ILI incidence,2026-08-30,4,EE,quantile,0.15,30.0941538091132
2026-08-12,ILI incidence,2026-08-30,4,EE,quantile,0.2,33.771970461609634
2026-08-12,ILI incidence,2026-08-30,4,EE,quantile,0.25,37.27201772229226
2026-08-12,ILI incidence,2026-08-30,4,EE,quantile,0.3,40.71441847451639
2026-08-12,ILI incidence,2026-08-30,4,EE,quantile,0.35,44.18011658500607
2026-08-12,ILI incidence,2026-08-30,4,EE,quantile,0.4,47.73459850705393
2026-08-12,ILI incidence,2026-08-30,4,EE,quantile,0.45,51.439542244257844
2026-08-12,ILI incidence,2026-08-30,4,EE,quantile,0.5,55.360634485661485
2026-08-12,ILI incidence,2026-08-30,4,EE,quantile,0.55,59.57492082654794
2026-08-12,ILI incidence,2026-08-30,4,EE,quantile,0.6,64.17999977298591
2026-08-12,ILI incidence,2026-08-30,4,EE,quantile,0.65,69.30794428451138
2026-08-12,ILI incidence,2026-08-30,4,EE,quantile,0.7,75.14923654196194
2026-08-12,ILI incidence,2026-08-30,4,EE,quantile,0.75,81.99852761032012
2026-08-12,ILI incidence,2026-08-30,4,EE,quantile,0.8,90.35292241011786
2026-08-12,ILI incidence,2026-08-30,4,EE,quantile,0.85,101.15814648396533
2026-08-12,ILI incidence,2026-08-30,4,EE,quantile,0.9,116.5873748235318
2026-08-12,ILI incidence,2026-08-30,4,EE,quantile,0.95,143.84444818898206
2026-08-12,ILI incidence,2026-08-30,4,EE,quantile,0.975,172.55327212004653
2026-08-12,ILI incidence,2026-08-30,4,EE,quantile,0.99,213.16180074436906
2026-08-12,ILI incidence,2026-08-30,4,EE,median,,55.360634485661485
2026-08-12,ILI incidence,2026-08-09,1,ES,quantile,0.01,0.7449481987192546
2026-08-12,ILI incidence,2026-08-09,1,ES,quantile,0.025,1.0718369305669793
2026-08-12,ILI incidence,2026-08-09,1,ES,quantile,0.05,1.4015547446797831
2026-08-12,ILI incidence,2026-08-09,1,ES,quantile,0.1,1.8473329461695775
2026-08-12,ILI incidence,2026-08-09,1,ES,quantile,0.15,2.193957316906912
2026-08-12,ILI incidence,2026-08-09,1,ES,quantile,0.2,2.4992967856349377
2026-08-12,ILI incidence,2026-08-09,1,ES,quantile,0.25,2.7844117292815174
2026-08-12,ILI incidence,2026-08-09,1,ES,quantile,0.3,3.0601982326057238
2026-08-12,ILI incidence,2026-08-09,1,ES,quantile,0.35,3.3336647093327976
2026-08-12,ILI incidence,2026-08-09,1,ES,quantile,0.4,3.6101695427108647
2026-08-12,ILI incidence,2026-08-09,1,ES,quantile,0.45,3.894471412198156
2026-08-12,ILI incidence,2026-08-09,1,ES,quantile,0.5,4.191377984430873
2026-08-12,ILI incidence,2026-08-09,1,ES,quantile,0.55,4.506295390768226
2026-08-12,ILI incidence,2026-08-09,1,ES,quantile,0.6,4.845859925009662
2026-08-12,ILI incidence,2026-08-09,1,ES,quantile,0.65,5.218848753848977
2026-08-12,ILI incidence,2026-08-09,1,ES,quantile,0.7,5.637706789980431
2026-08-12,ILI incidence,2026-08-09,1,ES,quantile,0.75,6.121425284861957
2026-08-12,ILI incidence,2026-08-09,1,ES,quantile,0.8,6.701663227842928
2026-08-12,ILI incidence,2026-08-09,1,ES,quantile,0.85,7.43793535830117
2026-08-12,ILI incidence,2026-08-09,1,ES,quantile,0.9,8.465140145794695
2026-08-12,ILI incidence,2026-08-09,1,ES,quantile,0.95,10.222065804220104
2026-08-12,ILI incidence,2026-08-09,1,ES,quantile,0.975,12.007976148903913
2026-08-12,ILI incidence,2026-08-09,1,ES,quantile,0.99,14.444816870216794
2026-08-12,ILI incidence,2026-08-09,1,ES,median,,4.191377984430873
2026-08-12,ILI incidence,2026-08-16,2,ES,quantile,0.01,0.4084572189841982
2026-08-12,ILI incidence,2026-08-16,2,ES,quantile,0.025,0.7454168939979444
2026-08-12,ILI incidence,2026-08-16,2,ES,quantile,0.05,1.0990271566623457
2026-08-12,ILI incidence,2026-08-16,2,ES,quantile,0.1,1.5965099874875577
2026-08-12,ILI incidence,2026-08-16,2,ES,quantile,0.15,1.9971805586252382
2026-08-12,ILI incidence,2026-08-16,2,ES,quantile,0.2,2.3592720736884036
2026-08-12,ILI incidence,2026-08-16,2,ES,quantile,0.25,2.7045841062350218
2026-08-12,ILI incidence,2026-08-16,2,ES,quantile,0.3,3.0448333728273456
2026-08-12,ILI incidence,2026-08-16,2,ES,quantile,0.35,3.387959925682246
2026-08-12,ILI incidence,2026-08-16,2,ES,quantile,0.4,3.740430118250929
2026-08-12,ILI incidence,2026-08-16,2,ES,quantile,0.45,4.108374079774278
2026-08-12,ILI incidence,2026-08-16,2,ES,quantile,0.5,4.498356778620997
2026-08-12,ILI incidence,2026-08-16,2,ES,quantile,0.55,4.918111475959748
2026-08-12,ILI incidence,2026-08-16,2,ES,quantile,0.6,5.377465021288429
2026-08-12,ILI incidence,2026-08-16,2,ES,quantile,0.65,5.8897455257199
2026-08-12,ILI incidence,2026-08-16,2,ES,quantile,0.7,6.474208324155341
2026-08-12,ILI incidence,2026-08-16,2,ES,quantile,0.75,7.160680496934988
2026-08-12,ILI incidence,2026-08-16,2,ES,quantile,0.8,7.999547104802833
2026-08-12,ILI incidence,2026-08-16,2,ES,quantile,0.85,9.086788791554964
2026-08-12,ILI incidence,2026-08-16,2,ES,quantile,0.9,10.643293270849531
2026-08-12,ILI incidence,2026-08-16,2,ES,quantile,0.95,13.402828076354718
2026-08-12,ILI incidence,2026-08-16,2,ES,quantile,0.975,16.320748623992102
2026-08-12,ILI incidence,2026-08-16,2,ES,quantile,0.99,20.464569074246516
2026-08-12,ILI incidence,2026-08-16,2,ES,median,,4.498356778620997
2026-08-12,ILI incidence,2026-08-23,3,ES,quantile,0.01,0.05037751618470265
2026-08-12,ILI incidence,2026-08-23,3,ES,quantile,0.025,0.3756082789583133
2026-08-12,ILI incidence,2026-08-23,3,ES,quantile,0.05,0.7348011319108334
2026-08-12,ILI incidence,2026-08-23,3,ES,quantile,0.1,1.2668023915775017
2026-08-12,ILI incidence,2026-08-23,3,ES,quantile,0.15,1.715119432647421
2026-08-12,ILI incidence,2026-08-23,3,ES,quantile,0.2,2.1338566204589116
2026-08-12,ILI incidence,2026-08-23,3,ES,quantile,0.25,2.5442027231927344
2026-08-12,ILI incidence,2026-08-23,3,ES,quantile,0.3,2.9583010046036704
2026-08-12,ILI incidence,2026-08-23,3,ES,quantile,0.35,3.3850943887544327
2026-08-12,ILI incidence,2026-08-23,3,ES,quantile,0.4,3.83255438239832
2026-08-12,ILI incidence,2026-08-23,3,ES,quantile,0.45,4.308888617275301
2026-08-12,ILI incidence,2026-08-23,3,ES,quantile,0.5,4.823487974851119
2026-08-12,ILI incidence,2026-08-23,3,ES,quantile,0.55,5.387968299595045
2026-08-12,ILI incidence,2026-08-23,3,ES,quantile,0.6,6.017616256271721
2026-08-12,ILI incidence,2026-08-23,3,ES,quantile,0.65,6.733701760264377
2026-08-12,ILI incidence,2026-08-23,3,ES,quantile,0.7,7.56756779077522
2026-08-12,ILI incidence,2026-08-23,3,ES,quantile,0.75,8.56858702559927
2026-08-12,ILI incidence,2026-08-23,3,ES,quantile,0.8,9.8214945035582
2026-08-12,ILI incidence,2026-08-23,3,ES,quantile,0.85,11.490431096862721
2026-08-12,ILI incidence,2026-08-23,3,ES,quantile,0.9,13.960727198472306
2026-08-12,ILI incidence,2026-08-23,3,ES,quantile,0.95,18.548645414982726
2026-08-12,ILI incidence,2026-08-23,3,ES,quantile,0.975,23.653102712435253
2026-08-12,ILI incidence,2026-08-23,3,ES,quantile,0.99,31.286498588067815
2026-08-12,ILI incidence,2026-08-23,3,ES,median,,4.823487974851119
2026-08-12,ILI incidence,2026-08-30,4,ES,quantile,0.01,0
2026-08-12,ILI incidence,2026-08-30,4,ES,quantile,0.025,0.027876283845113203
2026-08-12,ILI incidence,2026-08-30,4,ES,quantile,0.05,0.37105106081614303
2026-08-12,ILI incidence,2026-08-30,4,ES,quantile,0.1,0.9111758797093144
2026-08-12,ILI incidence,2026-08-30,4,ES,quantile,0.15,1.391241502361121
2026-08-12,ILI incidence,2026-08-30,4,ES,quantile,0.2,1.8574096246983407
2026-08-12,ILI incidence,2026-08-30,4,ES,quantile,0.25,2.3291327451285637
2026-08-12,ILI incidence,2026-08-30,4,ES,quantile,0.3,2.8187672946552973
2026-08-12,ILI incidence,2026-08-30,4,ES,quantile,0.35,3.3365478159460658
2026-08-12,ILI incidence,2026-08-30,4,ES,quantile,0.4,3.8926417406039127
2026-08-12,ILI incidence,2026-08-30,4,ES,quantile,0.45,4.498450538571634
2026-08-12,ILI incidence,2026-08-30,4,ES,quantile,0.5,5.1678449687183345
2026-08-12,ILI incidence,2026-08-30,4,ES,quantile,0.55,5.918733066938992
2026-08-12,ILI incidence,2026-08-30,4,ES,quantile,0.6,6.775413278767559
2026-08-12,ILI incidence,2026-08-30,4,ES,quantile,0.65,7.772487511438808
2026-08-12,ILI incidence,2026-08-30,4,ES,quantile,0.7,8.961934997031022
2026-08-12,ILI incidence,2026-08-30,4,ES,quantile,0.75,10.427093621848046
2026-08-12,ILI incidence,2026-08-30,4,ES,quantile,0.8,12.31356597574289
2026-08-12,ILI incidence,2026-08-30,4,ES,quantile,0.85,14.909021117516145
2026-08-12,ILI incidence,2026-08-30,4,ES,quantile,0.9,18.905186101412202
2026-08-12,ILI incidence,2026-08-30,4,ES,quantile,0.95,26.746823328008418
2026-08-12,ILI incidence,2026-08-30,4,ES,quantile,0.975,36.01059374172361
2026-08-12,ILI incidence,2026-08-30,4,ES,quantile,0.99,50.73645903673365
2026-08-12,ILI incidence,2026-08-30,4,ES,median,,5.1678449687183345
2026-08-12,ILI incidence,2026-08-09,1,GB-ENG,quantile,0.01,0
2026-08-12,ILI incidence,2026-08-09,1,GB-ENG,quantile,0.025,0
2026-08-12,ILI incidence,2026-08-09,1,GB-ENG,quantile,0.05,0
2026-08-12,ILI incidence,2026-08-09,1,GB-ENG,quantile,0.1,0.04430116859321731
2026-08-12,ILI incidence,2026-08-09,1,GB-ENG,quantile,0.15,0.16511978130486993
2026-08-12,ILI incidence,2026-08-09,1,GB-ENG,quantile,0.2,0.27103551273399296
2026-08-12,ILI incidence,2026-08-09,1,GB-ENG,quantile,0.25,0.36954296046682034
2026-08-12,ILI incidence,2026-08-09,1,GB-ENG,quantile,0.3,0.4644953715800513
2026-08-12,ILI incidence,2026-08-09,1,GB-ENG,quantile,0.35,0.5583497237444566
2026-08-12,ILI incidence,2026-08-09,1,GB-ENG,quantile,0.4,0.6529639878474933
2026-08-12,ILI incidence,2026-08-09,1,GB-ENG,quantile,0.45,0.749968380902243
2026-08-12,ILI incidence,2026-08-09,1,GB-ENG,quantile,0.5,0.850991153616443
2026-08-12,ILI incidence,2026-08-09,1,GB-ENG,quantile,0.55,0.9578458034766766
2026-08-12,ILI incidence,2026-08-09,1,GB-ENG,quantile,0.6,1.072742223034104
2026-08-12,ILI incidence,2026-08-09,1,GB-ENG,quantile,0.65,1.198587517655418
2026-08-12,ILI incidence,2026-08-09,1,GB-ENG,quantile,0.7,1.3394872508677316
2026-08-12,ILI incidence,2026-08-09,1,GB-ENG,quantile,0.75,1.501687314429693
2026-08-12,ILI incidence,2026-08-09,1,GB-ENG,quantile,0.8,1.6955724025339425
2026-08-12,ILI incidence,2026-08-09,1,GB-ENG,quantile,0.85,1.940614609537581
2026-08-12,ILI incidence,2026-08-09,1,GB-ENG,quantile,0.9,2.280823917282155
2026-08-12,ILI incidence,2026-08-09,1,GB-ENG,quantile,0.95,2.8587931192633493
2026-08-12,ILI incidence,2026-08-09,1,GB-ENG,quantile,0.975,3.441937805274936
2026-08-12,ILI incidence,2026-08-09,1,GB-ENG,quantile,0.99,4.231651655038716
2026-08-12,ILI incidence,2026-08-09,1,GB-ENG,median,,0.850991153616443
2026-08-12,ILI incidence,2026-08-16,2,GB-ENG,quantile,0.01,0
2026-08-12,ILI incidence,2026-08-16,2,GB-ENG,quantile,0.025,0
2026-08-12,ILI incidence,2026-08-16,2,GB-ENG,quantile,0.05,0
2026-08-12,ILI incidence,2026-08-16,2,GB-ENG,quantile,0.1,0
2026-08-12,ILI incidence,2026-08-16,2,GB-ENG,quantile,0.15,0.08281987666401713
2026-08-12,ILI incidence,2026-08-16,2,GB-ENG,quantile,0.2,0.19393800239231496
2026-08-12,ILI incidence,2026-08-16,2,GB-ENG,quantile,0.25,0.298312162713678
2026-08-12,ILI incidence,2026-08-16,2,GB-ENG,quantile,0.3,0.3997970396120798
2026-08-12,ILI incidence,2026-08-16,2,GB-ENG,quantile,0.35,0.5009059179505955
2026-08-12,ILI incidence,2026-08-16,2,GB-ENG,quantile,0.4,0.6035931743269225
2026-08-12,ILI incidence,2026-08-16,2,GB-ENG,quantile,0.45,0.7096262873488053
2026-08-12,ILI incidence,2026-08-16,2,GB-ENG,quantile,0.5,0.8208212181438161
2026-08-12,ILI incidence,2026-08-16,2,GB-ENG,quantile,0.55,0.9392483216809071
2026-08-12,ILI incidence,2026-08-16,2,GB-ENG,quantile,0.6,1.067475692414507
2026-08-12,ILI incidence,2026-08-16,2,GB-ENG,quantile,0.65,1.208925868564576
2026-08-12,ILI incidence,2026-08-16,2,GB-ENG,quantile,0.7,1.3684790113297511
2026-08-12,ILI incidence,2026-08-16,2,GB-ENG,quantile,0.75,1.5536153813063271
2026-08-12,ILI incidence,2026-08-16,2,GB-ENG,quantile,0.8,1.7768526521474524
2026-08-12,ILI incidence,2026-08-16,2,GB-ENG,quantile,0.85,2.061811091478004
2026-08-12,ILI incidence,2026-08-16,2,GB-ENG,quantile,0.9,2.4622580174704316
2026-08-12,ILI incidence,2026-08-16,2,GB-ENG,quantile,0.95,3.1541116869112704
2026-08-12,ILI incidence,2026-08-16,2,GB-ENG,quantile,0.975,3.86521319170666
2026-08-12,ILI incidence,2026-08-16,2,GB-ENG,quantile,0.99,4.846443610540677
2026-08-12,ILI incidence,2026-08-16,2,GB-ENG,median,,0.8208212181438161
2026-08-12,ILI incidence,2026-08-23,3,GB-ENG,quantile,0.01,0
2026-08-12,ILI incidence,2026-08-23,3,GB-ENG,quantile,0.025,0
2026-08-12,ILI incidence,2026-08-23,3,GB-ENG,quantile,0.05,0
2026-08-12,ILI incidence,2026-08-23,3,GB-ENG,quantile,0.1,0
2026-08-12,ILI incidence,2026-08-23,3,GB-ENG,quantile,0.15,0
2026-08-12,ILI incidence,2026-08-23,3,GB-ENG,quantile,0.2,0.11130480827838163
2026-08-12,ILI incidence,2026-08-23,3,GB-ENG,quantile,0.25,0.2217963476861715
2026-08-12,ILI incidence,2026-08-23,3,GB-ENG,quantile,0.3,0.33035280551402857
2026-08-12,ILI incidence,2026-08-23,3,GB-ENG,quantile,0.35,0.4395382130628649
2026-08-12,ILI incidence,2026-08-23,3,GB-ENG,quantile,0.4,0.5514191262330705
2026-08-12,ILI incidence,2026-08-23,3,GB-ENG,quantile,0.45,0.6679345989231058
2026-08-12,ILI incidence,2026-08-23,3,GB-ENG,quantile,0.5,0.7911430327292936
2026-08-12,ILI incidence,2026-08-23,3,GB-ENG,quantile,0.55,0.9234527335580462
2026-08-12,ILI incidence,2026-08-23,3,GB-ENG,quantile,0.6,1.0679088645015988
2026-08-12,ILI incidence,2026-08-23,3,GB-ENG,quantile,0.65,1.2286267461206948
2026-08-12,ILI incidence,2026-08-23,3,GB-ENG,quantile,0.7,1.4115357598355978
2026-08-12,ILI incidence,2026-08-23,3,GB-ENG,quantile,0.75,1.625800420643214
2026-08-12,ILI incidence,2026-08-23,3,GB-ENG,quantile,0.8,1.8868707665044497
2026-08-12,ILI incidence,2026-08-23,3,GB-ENG,quantile,0.85,2.2241178728931206
2026-08-12,ILI incidence,2026-08-23,3,GB-ENG,quantile,0.9,2.7049742749400725
2026-08-12,ILI incidence,2026-08-23,3,GB-ENG,quantile,0.95,3.5526994720921925
2026-08-12,ILI incidence,2026-08-23,3,GB-ENG,quantile,0.975,4.4435575982420525
2026-08-12,ILI incidence,2026-08-23,3,GB-ENG,quantile,0.99,5.700785010193557
2026-08-12,ILI incidence,2026-08-23,3,GB-ENG,median,,0.7911430327292936
2026-08-12,ILI incidence,2026-08-30,4,GB-ENG,quantile,0.01,0
2026-08-12,ILI incidence,2026-08-30,4,GB-ENG,quantile,0.025,0
2026-08-12,ILI incidence,2026-08-30,4,GB-ENG,quantile,0.05,0
2026-08-12,ILI incidence,2026-08-30,4,GB-ENG,quantile,0.1,0
2026-08-12,ILI incidence,2026-08-30,4,GB-ENG,quantile,0.15,0
2026-08-12,ILI incidence,2026-08-30,4,GB-ENG,quantile,0.2,0.026067073845390754
2026-08-12,ILI incidence,2026-08-30,4,GB-ENG,quantile,0.25,0.1423691306786561
2026-08-12,ILI incidence,2026-08-30,4,GB-ENG,quantile,0.3,0.2580047344107561
2026-08-12,ILI incidence,2026-08-30,4,GB-ENG,quantile,0.35,0.37558192411389535
2026-08-12,ILI incidence,2026-08-30,4,GB-ENG,quantile,0.4,0.4972965951685282
2026-08-12,ILI incidence,2026-08-30,4,GB-ENG,quantile,0.45,0.6252977909453212
2026-08-12,ILI incidence,2026-08-30,4,GB-ENG,quantile,0.5,0.7619485821706249
2026-08-12,ILI incidence,2026-08-30,4,GB-ENG,quantile,0.55,0.9100886148423475
2026-08-12,ILI incidence,2026-08-30,4,GB-ENG,quantile,0.6,1.0733786587310403
2026-08-12,ILI incidence,2026-08-30,4,GB-ENG,quantile,0.65,1.2568359992174725
2026-08-12,ILI incidence,2026-08-30,4,GB-ENG,quantile,0.7,1.467767188226993
2026-08-12,ILI incidence,2026-08-30,4,GB-ENG,quantile,0.75,1.7175653848146126
2026-08-12,ILI incidence,2026-08-30,4,GB-ENG,quantile,0.8,2.0255944132175325
2026-08-12,ILI incidence,2026-08-30,4,GB-ENG,quantile,0.85,2.4289763858312963
2026-08-12,ILI incidence,2026-08-30,4,GB-ENG,quantile,0.9,3.013783716531119
2026-08-12,ILI incidence,2026-08-30,4,GB-ENG,quantile,0.95,4.068943693896724
2026-08-12,ILI incidence,2026-08-30,4,GB-ENG,quantile,0.975,5.206334614801299
2026-08-12,ILI incidence,2026-08-30,4,GB-ENG,quantile,0.99,6.853414792881795
2026-08-12,ILI incidence,2026-08-30,4,GB-ENG,median,,0.7619485821706249
2026-08-12,ILI incidence,2026-08-09,1,GB-NIR,quantile,0.01,0
2026-08-12,ILI incidence,2026-08-09,1,GB-NIR,quantile,0.025,0
2026-08-12,ILI incidence,2026-08-09,1,GB-NIR,quantile,0.05,0.07138524981339045
2026-08-12,ILI incidence,2026-08-09,1,GB-NIR,quantile,0.1,0.254237008271299
2026-08-12,ILI incidence,2026-08-09,1,GB-NIR,quantile,0.15,0.3949276123712766
2026-08-12,ILI incidence,2026-08-09,1,GB-NIR,quantile,0.2,0.5179160766706057
2026-08-12,ILI incidence,2026-08-09,1,GB-NIR,quantile,0.25,0.6320360141402839
2026-08-12,ILI incidence,2026-08-09,1,GB-NIR,quantile,0.3,0.7418129967740119
2026-08-12,ILI incidence,2026-08-09,1,GB-NIR,quantile,0.35,0.8501185276297629
2026-08-12,ILI incidence,2026-08-09,1,GB-NIR,quantile,0.4,0.9591104295859425
2026-08-12,ILI incidence,2026-08-09,1,GB-NIR,quantile,0.45,1.0706687979218628
2026-08-12,ILI incidence,2026-08-09,1,GB-NIR,quantile,0.5,1.186658844290251
2026-08-12,ILI incidence,2026-08-09,1,GB-NIR,quantile,0.55,1.309146159014662
2026-08-12,ILI incidence,2026-08-09,1,GB-NIR,quantile,0.6,1.440636744669539
2026-08-12,ILI incidence,2026-08-09,1,GB-NIR,quantile,0.65,1.584416527863464
2026-08-12,ILI incidence,2026-08-09,1,GB-NIR,quantile,0.7,1.7451149521610447
2026-08-12,ILI incidence,2026-08-09,1,GB-NIR,quantile,0.75,1.9297618801822463
2026-08-12,ILI incidence,2026-08-09,1,GB-NIR,quantile,0.8,2.1500271818719123
2026-08-12,ILI incidence,2026-08-09,1,GB-NIR,quantile,0.85,2.42775987722016
2026-08-12,ILI incidence,2026-08-09,1,GB-NIR,quantile,0.9,2.812259461154821
2026-08-12,ILI incidence,2026-08-09,1,GB-NIR,quantile,0.95,3.4628922249448477
2026-08-12,ILI incidence,2026-08-09,1,GB-NIR,quantile,0.975,4.116496052199103
2026-08-12,ILI incidence,2026-08-09,1,GB-NIR,quantile,0.99,4.99773267399537
2026-08-12,ILI incidence,2026-08-09,1,GB-NIR,median,,1.186658844290251
2026-08-12,ILI incidence,2026-08-16,2,GB-NIR,quantile,0.01,0
2026-08-12,ILI incidence,2026-08-16,2,GB-NIR,quantile,0.025,0
2026-08-12,ILI incidence,2026-08-16,2,GB-NIR,quantile,0.05,0
2026-08-12,ILI incidence,2026-08-16,2,GB-NIR,quantile,0.1,0.14768070945635725
2026-08-12,ILI incidence,2026-08-16,2,GB-NIR,quantile,0.15,0.2997207410130076
2026-08-12,ILI incidence,2026-08-16,2,GB-NIR,quantile,0.2,0.43479733098025797
2026-08-12,ILI incidence,2026-08-16,2,GB-NIR,quantile,0.25,0.5618153782927648
2026-08-12,ILI incidence,2026-08-16,2,GB-NIR,quantile,0.3,0.6854364278394309
2026-08-12,ILI incidence,2026-08-16,2,GB-NIR,quantile,0.35,0.8087077976301529
2026-08-12,ILI incidence,2026-08-16,2,GB-NIR,quantile,0.4,0.9340067697940915
2026-08-12,ILI incidence,2026-08-16,2,GB-NIR,quantile,0.45,1.0634905976144555
2026-08-12,ILI incidence,2026-08-16,2,GB-NIR,quantile,0.5,1.1993825662814435
2026-08-12,ILI incidence,2026-08-16,2,GB-NIR,quantile,0.55,1.3442237529238068
2026-08-12,ILI incidence,2026-08-16,2,GB-NIR,quantile,0.6,1.5011720477988613
2026-08-12,ILI incidence,2026-08-16,2,GB-NIR,quantile,0.65,1.6744417640045381
2026-08-12,ILI incidence,2026-08-16,2,GB-NIR,quantile,0.7,1.8700481329121894
2026-08-12,ILI incidence,2026-08-16,2,GB-NIR,quantile,0.75,2.097218621416335
2026-08-12,ILI incidence,2026-08-16,2,GB-NIR,quantile,0.8,2.3714055416857382
2026-08-12,ILI incidence,2026-08-16,2,GB-NIR,quantile,0.85,2.721786934855369
2026-08-12,ILI incidence,2026-08-16,2,GB-NIR,quantile,0.9,3.214833997823413
2026-08-12,ILI incidence,2026-08-16,2,GB-NIR,quantile,0.95,4.068267671374506
2026-08-12,ILI incidence,2026-08-16,2,GB-NIR,quantile,0.975,4.947249972097676
2026-08-12,ILI incidence,2026-08-16,2,GB-NIR,quantile,0.99,6.162663663613131
2026-08-12,ILI incidence,2026-08-16,2,GB-NIR,median,,1.1993825662814435
2026-08-12,ILI incidence,2026-08-23,3,GB-NIR,quantile,0.01,0
2026-08-12,ILI incidence,2026-08-23,3,GB-NIR,quantile,0.025,0
2026-08-12,ILI incidence,2026-08-23,3,GB-NIR,quantile,0.05,0
2026-08-12,ILI incidence,2026-08-23,3,GB-NIR,quantile,0.1,0.021197567452714283
2026-08-12,ILI incidence,2026-08-23,3,GB-NIR,quantile,0.15,0.1839137633891963
2026-08-12,ILI incidence,2026-08-23,3,GB-NIR,quantile,0.2,0.33153436236280975
2026-08-12,ILI incidence,2026-08-23,3,GB-NIR,quantile,0.25,0.47276534305012463
2026-08-12,ILI incidence,2026-08-23,3,GB-NIR,quantile,0.3,0.6123168998011996
2026-08-12,ILI incidence,2026-08-23,3,GB-NIR,quantile,0.35,0.7534093873291949
2026-08-12,ILI incidence,2026-08-23,3,GB-NIR,quantile,0.4,0.8986923769605444
2026-08-12,ILI incidence,2026-08-23,3,GB-NIR,quantile,0.45,1.0507027777344113
2026-08-12,ILI incidence,2026-08-23,3,GB-NIR,quantile,0.5,1.2121803250153196
2026-08-12,ILI incidence,2026-08-23,3,GB-NIR,quantile,0.55,1.3863730246620256
2026-08-12,ILI incidence,2026-08-23,3,GB-NIR,quantile,0.6,1.577427417820501
2026-08-12,ILI incidence,2026-08-23,3,GB-NIR,quantile,0.65,1.7909864209402153
2026-08-12,ILI incidence,2026-08-23,3,GB-NIR,quantile,0.7,2.0352232808502406
2026-08-12,ILI incidence,2026-08-23,3,GB-NIR,quantile,0.75,2.3228251964768907
2026-08-12,ILI incidence,2026-08-23,3,GB-NIR,quantile,0.8,2.6752651142257666
2026-08-12,ILI incidence,2026-08-23,3,GB-NIR,quantile,0.85,3.133528928978362
2026-08-12,ILI incidence,2026-08-23,3,GB-NIR,quantile,0.9,3.792159662690821
2026-08-12,ILI incidence,2026-08-23,3,GB-NIR,quantile,0.95,4.966238539638027
2026-08-12,ILI incidence,2026-08-23,3,GB-NIR,quantile,0.975,6.215157526411315
2026-08-12,ILI incidence,2026-08-23,3,GB-NIR,quantile,0.99,7.9995844403230745
2026-08-12,ILI incidence,2026-08-23,3,GB-NIR,median,,1.2121803250153196
2026-08-12,ILI incidence,2026-08-30,4,GB-NIR,quantile,0.01,0
2026-08-12,ILI incidence,2026-08-30,4,GB-NIR,quantile,0.025,0
2026-08-12,ILI incidence,2026-08-30,4,GB-NIR,quantile,0.05,0
2026-08-12,ILI incidence,2026-08-30,4,GB-NIR,quantile,0.1,0
2026-08-12,ILI incidence,2026-08-30,4,GB-NIR,quantile,0.15,0.05818805057266019
2026-08-12,ILI incidence,2026-08-30,4,GB-NIR,quantile,0.2,0.21683974075001156
2026-08-12,ILI incidence,2026-08-30,4,GB-NIR,quantile,0.25,0.37177631167463643
2026-08-12,ILI incidence,2026-08-30,4,GB-NIR,quantile,0.3,0.5276565644780513
2026-08-12,ILI incidence,2026-08-30,4,GB-NIR,quantile,0.35,0.6878721970780688
2026-08-12,ILI incidence,2026-08-30,4,GB-NIR,quantile,0.4,0.8554110869821174
2026-08-12,ILI incidence,2026-08-30,4,GB-NIR,quantile,0.45,1.0333186394851794
2026-08-12,ILI incidence,2026-08-30,4,GB-NIR,quantile,0.5,1.2250525512980133
2026-08-12,ILI incidence,2026-08-30,4,GB-NIR,quantile,0.55,1.434866213242071
2026-08-12,ILI incidence,2026-08-30,4,GB-NIR,quantile,0.6,1.6683352766262285
2026-08-12,ILI incidence,2026-08-30,4,GB-NIR,quantile,0.65,1.933195335884077
2026-08-12,ILI incidence,2026-08-30,4,GB-NIR,quantile,0.7,2.2408192856680076
2026-08-12,ILI incidence,2026-08-30,4,GB-NIR,quantile,0.75,2.609086127164489
2026-08-12,ILI incidence,2026-08-30,4,GB-NIR,quantile,0.8,3.068620287652906
2026-08-12,ILI incidence,2026-08-30,4,GB-NIR,quantile,0.85,3.6786191295191273
2026-08-12,ILI incidence,2026-08-30,4,GB-NIR,quantile,0.9,4.5776990135156765
2026-08-12,ILI incidence,2026-08-30,4,GB-NIR,quantile,0.95,6.237666633200288
2026-08-12,ILI incidence,2026-08-30,4,GB-NIR,quantile,0.975,8.072640217498131
2026-08-12,ILI incidence,2026-08-30,4,GB-NIR,quantile,0.99,10.798776274594612
2026-08-12,ILI incidence,2026-08-30,4,GB-NIR,median,,1.2250525512980133
2026-08-12,ILI incidence,2026-08-09,1,GB-WLS,quantile,0.01,0
2026-08-12,ILI incidence,2026-08-09,1,GB-WLS,quantile,0.025,0
2026-08-12,ILI incidence,2026-08-09,1,GB-WLS,quantile,0.05,0
2026-08-12,ILI incidence,2026-08-09,1,GB-WLS,quantile,0.1,0
2026-08-12,ILI incidence,2026-08-09,1,GB-WLS,quantile,0.15,0
2026-08-12,ILI incidence,2026-08-09,1,GB-WLS,quantile,0.2,0
2026-08-12,ILI incidence,2026-08-09,1,GB-WLS,quantile,0.25,0
2026-08-12,ILI incidence,2026-08-09,1,GB-WLS,quantile,0.3,0
2026-08-12,ILI incidence,2026-08-09,1,GB-WLS,quantile,0.35,0
2026-08-12,ILI incidence,2026-08-09,1,GB-WLS,quantile,0.4,0
2026-08-12,ILI incidence,2026-08-09,1,GB-WLS,quantile,0.45,0.08030902971604603
2026-08-12,ILI incidence,2026-08-09,1,GB-WLS,quantile,0.5,0.17292555828858092
2026-08-12,ILI incidence,2026-08-09,1,GB-WLS,quantile,0.55,0.2734822420656702
2026-08-12,ILI incidence,2026-08-09,1,GB-WLS,quantile,0.6,0.38449319993647335
2026-08-12,ILI incidence,2026-08-09,1,GB-WLS,quantile,0.65,0.5094113881623157
2026-08-12,ILI incidence,2026-08-09,1,GB-WLS,quantile,0.7,0.6532733819949232
2026-08-12,ILI incidence,2026-08-09,1,GB-WLS,quantile,0.75,0.823943446084991
2026-08-12,ILI incidence,2026-08-09,1,GB-WLS,quantile,0.8,1.0348048127937526
2026-08-12,ILI incidence,2026-08-09,1,GB-WLS,quantile,0.85,1.311548879590799
2026-08-12,ILI incidence,2026-08-09,1,GB-WLS,quantile,0.9,1.7138396052522724
2026-08-12,ILI incidence,2026-08-09,1,GB-WLS,quantile,0.95,2.4424057255737095
2026-08-12,ILI incidence,2026-08-09,1,GB-WLS,quantile,0.975,3.230972605627441
2026-08-12,ILI incidence,2026-08-09,1,GB-WLS,quantile,0.99,4.3776704037644505
2026-08-12,ILI incidence,2026-08-09,1,GB-WLS,median,,0.17292555828858092
2026-08-12,ILI incidence,2026-08-16,2,GB-WLS,quantile,0.01,0
2026-08-12,ILI incidence,2026-08-16,2,GB-WLS,quantile,0.025,0
2026-08-12,ILI incidence,2026-08-16,2,GB-WLS,quantile,0.05,0
2026-08-12,ILI incidence,2026-08-16,2,GB-WLS,quantile,0.1,0
2026-08-12,ILI incidence,2026-08-16,2,GB-WLS,quantile,0.15,0
2026-08-12,ILI incidence,2026-08-16,2,GB-WLS,quantile,0.2,0
2026-08-12,ILI incidence,2026-08-16,2,GB-WLS,quantile,0.25,0
2026-08-12,ILI incidence,2026-08-16,2,GB-WLS,quantile,0.3,0
2026-08-12,ILI incidence,2026-08-16,2,GB-WLS,quantile,0.35,0
2026-08-12,ILI incidence,2026-08-16,2,GB-WLS,quantile,0.4,0
2026-08-12,ILI incidence,2026-08-16,2,GB-WLS,quantile,0.45,0
2026-08-12,ILI incidence,2026-08-16,2,GB-WLS,quantile,0.5,0.08672495241134559
2026-08-12,ILI incidence,2026-08-16,2,GB-WLS,quantile,0.55,0.1936997731643446
2026-08-12,ILI incidence,2026-08-16,2,GB-WLS,quantile,0.6,0.3131897316198544
2026-08-12,ILI incidence,2026-08-16,2,GB-WLS,quantile,0.65,0.4492760576632735
2026-08-12,ILI incidence,2026-08-16,2,GB-WLS,quantile,0.7,0.6079805205974627
2026-08-12,ILI incidence,2026-08-16,2,GB-WLS,quantile,0.75,0.7987996248091136
2026-08-12,ILI incidence,2026-08-16,2,GB-WLS,quantile,0.8,1.0380497462793241
2026-08-12,ILI incidence,2026-08-16,2,GB-WLS,quantile,0.85,1.3573756355467768
2026-08-12,ILI incidence,2026-08-16,2,GB-WLS,quantile,0.9,1.8311732736739423
2026-08-12,ILI incidence,2026-08-16,2,GB-WLS,quantile,0.95,2.7140970051460096
2026-08-12,ILI incidence,2026-08-16,2,GB-WLS,quantile,0.975,3.7000497411622666
2026-08-12,ILI incidence,2026-08-16,2,GB-WLS,quantile,0.99,5.180011167399428
2026-08-12,ILI incidence,2026-08-16,2,GB-WLS,median,,0.08672495241134559
2026-08-12,ILI incidence,2026-08-23,3,GB-WLS,quantile,0.01,0
2026-08-12,ILI incidence,2026-08-23,3,GB-WLS,quantile,0.025,0
2026-08-12,ILI incidence,2026-08-23,3,GB-WLS,quantile,0.05,0
2026-08-12,ILI incidence,2026-08-23,3,GB-WLS,quantile,0.1,0
2026-08-12,ILI incidence,2026-08-23,3,GB-WLS,quantile,0.15,0
2026-08-12,ILI incidence,2026-08-23,3,GB-WLS,quantile,0.2,0
2026-08-12,ILI incidence,2026-08-23,3,GB-WLS,quantile,0.25,0
2026-08-12,ILI incidence,2026-08-23,3,GB-WLS,quantile,0.3,0
2026-08-12,ILI incidence,2026-08-23,3,GB-WLS,quantile,0.35,0
2026-08-12,ILI incidence,2026-08-23,3,GB-WLS,quantile,0.4,0
2026-08-12,ILI incidence,2026-08-23,3,GB-WLS,quantile,0.45,0
2026-08-12,ILI incidence,2026-08-23,3,GB-WLS,quantile,0.5,0.00685939857657214
2026-08-12,ILI incidence,2026-08-23,3,GB-WLS,quantile,0.55,0.11972113678190222
2026-08-12,ILI incidence,2026-08-23,3,GB-WLS,quantile,0.6,0.24736702380263464
2026-08-12,ILI incidence,2026-08-23,3,GB-WLS,quantile,0.65,0.3946106862894365
2026-08-12,ILI incidence,2026-08-23,3,GB-WLS,quantile,0.7,0.5686324361292707
2026-08-12,ILI incidence,2026-08-23,3,GB-WLS,quantile,0.75,0.7808683308607398
2026-08-12,ILI incidence,2026-08-23,3,GB-WLS,quantile,0.8,1.0511626489568817
2026-08-12,ILI incidence,2026-08-23,3,GB-WLS,quantile,0.85,1.4184233923290201
2026-08-12,ILI incidence,2026-08-23,3,GB-WLS,quantile,0.9,1.9753373966985017
2026-08-12,ILI incidence,2026-08-23,3,GB-WLS,quantile,0.95,3.0451584530278826
2026-08-12,ILI incidence,2026-08-23,3,GB-WLS,quantile,0.975,4.2800684330268215
2026-08-12,ILI incidence,2026-08-23,3,GB-WLS,quantile,0.99,6.197314354405448
2026-08-12,ILI incidence,2026-08-23,3,GB-WLS,median,,0.00685939857657214
2026-08-12,ILI incidence,2026-08-30,4,GB-WLS,quantile,0.01,0
2026-08-12,ILI incidence,2026-08-30,4,GB-WLS,quantile,0.025,0
2026-08-12,ILI incidence,2026-08-30,4,GB-WLS,quantile,0.05,0
2026-08-12,ILI incidence,2026-08-30,4,GB-WLS,quantile,0.1,0
2026-08-12,ILI incidence,2026-08-30,4,GB-WLS,quantile,0.15,0
2026-08-12,ILI incidence,2026-08-30,4,GB-WLS,quantile,0.2,0
2026-08-12,ILI incidence,2026-08-30,4,GB-WLS,quantile,0.25,0
2026-08-12,ILI incidence,2026-08-30,4,GB-WLS,quantile,0.3,0
2026-08-12,ILI incidence,2026-08-30,4,GB-WLS,quantile,0.35,0
2026-08-12,ILI incidence,2026-08-30,4,GB-WLS,quantile,0.4,0
2026-08-12,ILI incidence,2026-08-30,4,GB-WLS,quantile,0.45,0
2026-08-12,ILI incidence,2026-08-30,4,GB-WLS,quantile,0.5,0
2026-08-12,ILI incidence,2026-08-30,4,GB-WLS,quantile,0.55,0.051024144392497695
2026-08-12,ILI incidence,2026-08-30,4,GB-WLS,quantile,0.6,0.18642907851727664
2026-08-12,ILI incidence,2026-08-30,4,GB-WLS,quantile,0.65,0.3447393810269581
2026-08-12,ILI incidence,2026-08-30,4,GB-WLS,quantile,0.7,0.5344886253589183
2026-08-12,ILI incidence,2026-08-30,4,GB-WLS,quantile,0.75,0.7694037984699615
2026-08-12,ILI incidence,2026-08-30,4,GB-WLS,quantile,0.8,1.073550673506697
2026-08-12,ILI incidence,2026-08-30,4,GB-WLS,quantile,0.85,1.4946618086339138
2026-08-12,ILI incidence,2026-08-30,4,GB-WLS,quantile,0.9,2.1480648582015713
2026-08-12,ILI incidence,2026-08-30,4,GB-WLS,quantile,0.95,3.4441458602092228
2026-08-12,ILI incidence,2026-08-30,4,GB-WLS,quantile,0.975,4.993347255298581
2026-08-12,ILI incidence,2026-08-30,4,GB-WLS,quantile,0.99,7.485634707048412
2026-08-12,ILI incidence,2026-08-30,4,GB-WLS,median,,0
2026-08-12,ILI incidence,2026-08-09,1,GR,quantile,0.01,81.13244140022908
2026-08-12,ILI incidence,2026-08-09,1,GR,quantile,0.025,94.06658054747474
2026-08-12,ILI incidence,2026-08-09,1,GR,quantile,0.05,106.80841914769839
2026-08-12,ILI incidence,2026-08-09,1,GR,quantile,0.1,123.63257825349622
2026-08-12,ILI incidence,2026-08-09,1,GR,quantile,0.15,136.44316428297896
2026-08-12,ILI incidence,2026-08-09,1,GR,quantile,0.2,147.55733320752816
2026-08-12,ILI incidence,2026-08-09,1,GR,quantile,0.25,157.80587400786126
2026-08-12,ILI incidence,2026-08-09,1,GR,quantile,0.3,167.61054561020288
2026-08-12,ILI incidence,2026-08-09,1,GR,quantile,0.35,177.23559777257913
2026-08-12,ILI incidence,2026-08-09,1,GR,quantile,0.4,186.87639021904042
2026-08-12,ILI incidence,2026-08-09,1,GR,quantile,0.45,196.70001624569477
2026-08-12,ILI incidence,2026-08-09,1,GR,quantile,0.5,206.8692593643279
2026-08-12,ILI incidence,2026-08-09,1,GR,quantile,0.55,217.56158542230352
2026-08-12,ILI incidence,2026-08-09,1,GR,quantile,0.6,228.98967000748303
2026-08-12,ILI incidence,2026-08-09,1,GR,quantile,0.65,241.42984863106767
2026-08-12,ILI incidence,2026-08-09,1,GR,quantile,0.7,255.26884031659011
2026-08-12,ILI incidence,2026-08-09,1,GR,quantile,0.75,271.0908735815102
2026-08-12,ILI incidence,2026-08-09,1,GR,quantile,0.8,289.86163608168863
2026-08-12,ILI incidence,2026-08-09,1,GR,quantile,0.85,313.3817971165945
2026-08-12,ILI incidence,2026-08-09,1,GR,quantile,0.9,345.6961014060711
2026-08-12,ILI incidence,2026-08-09,1,GR,quantile,0.95,399.8001353723282
2026-08-12,ILI incidence,2026-08-09,1,GR,quantile,0.975,453.5196507525167
2026-08-12,ILI incidence,2026-08-09,1,GR,quantile,0.99,525.0969752270593
2026-08-12,ILI incidence,2026-08-09,1,GR,median,,206.8692593643279
2026-08-12,ILI incidence,2026-08-16,2,GR,quantile,0.01,71.35717777321592
2026-08-12,ILI incidence,2026-08-16,2,GR,quantile,0.025,83.9317485177379
2026-08-12,ILI incidence,2026-08-16,2,GR,quantile,0.05,96.48099819162348
2026-08-12,ILI incidence,2026-08-16,2,GR,quantile,0.1,113.267591153249
2026-08-12,ILI incidence,2026-08-16,2,GR,quantile,0.15,126.19766510385229
2026-08-12,ILI incidence,2026-08-16,2,GR,quantile,0.2,137.50977555524108
2026-08-12,ILI incidence,2026-08-16,2,GR,quantile,0.25,148.01302616105755
2026-08-12,ILI incidence,2026-08-16,2,GR,quantile,0.3,158.12233971755563
2026-08-12,ILI incidence,2026-08-16,2,GR,quantile,0.35,168.10134703886538
2026-08-12,ILI incidence,2026-08-16,2,GR,quantile,0.4,178.14850306225668
2026-08-12,ILI incidence,2026-08-16,2,GR,quantile,0.45,188.4370584322896
2026-08-12,ILI incidence,2026-08-16,2,GR,quantile,0.5,199.1392171583343
2026-08-12,ILI incidence,2026-08-16,2,GR,quantile,0.55,210.4459893762972
2026-08-12,ILI incidence,2026-08-16,2,GR,quantile,0.6,222.58939963249912
2026-08-12,ILI incidence,2026-08-16,2,GR,quantile,0.65,235.87396313611092
2026-08-12,ILI incidence,2026-08-16,2,GR,quantile,0.7,250.72899239572757
2026-08-12,ILI incidence,2026-08-16,2,GR,quantile,0.75,267.80674311960854
2026-08-12,ILI incidence,2026-08-16,2,GR,quantile,0.8,288.1904638801159
2026-08-12,ILI incidence,2026-08-16,2,GR,quantile,0.85,313.9091314848183
2026-08-12,ILI incidence,2026-08-16,2,GR,quantile,0.9,349.5430178451083
2026-08-12,ILI incidence,2026-08-16,2,GR,quantile,0.95,409.9078383256941
2026-08-12,ILI incidence,2026-08-16,2,GR,quantile,0.975,470.6222960650022
2026-08-12,ILI incidence,2026-08-16,2,GR,quantile,0.99,552.5830373359049
2026-08-12,ILI incidence,2026-08-16,2,GR,median,,199.1392171583343
2026-08-12,ILI incidence,2026-08-23,3,GR,quantile,0.01,61.40925623294459
2026-08-12,ILI incidence,2026-08-23,3,GR,quantile,0.025,73.53523350140271
2026-08-12,ILI incidence,2026-08-23,3,GR,quantile,0.05,85.83258190064818
2026-08-12,ILI incidence,2026-08-23,3,GR,quantile,0.1,102.54918700997952
2026-08-12,ILI incidence,2026-08-23,3,GR,quantile,0.15,115.61020988023344
2026-08-12,ILI incidence,2026-08-23,3,GR,quantile,0.2,127.15589295214579
2026-08-12,ILI incidence,2026-08-23,3,GR,quantile,0.25,137.96794952652857
2026-08-12,ILI incidence,2026-08-23,3,GR,quantile,0.3,148.452727832421
2026-08-12,ILI incidence,2026-08-23,3,GR,quantile,0.35,158.87330193586857
2026-08-12,ILI incidence,2026-08-23,3,GR,quantile,0.4,169.43245649815336
2026-08-12,ILI incidence,2026-08-23,3,GR,quantile,0.45,180.3118763769734
2026-08-12,ILI incidence,2026-08-23,3,GR,quantile,0.5,191.69663235318177
2026-08-12,ILI incidence,2026-08-23,3,GR,quantile,0.55,203.79624866412257
2026-08-12,ILI incidence,2026-08-23,3,GR,quantile,0.6,216.86925379826124
2026-08-12,ILI incidence,2026-08-23,3,GR,quantile,0.65,231.2588679325106
2026-08-12,ILI incidence,2026-08-23,3,GR,quantile,0.7,247.4530905444082
2026-08-12,ILI incidence,2026-08-23,3,GR,quantile,0.75,266.1982442481742
2026-08-12,ILI incidence,2026-08-23,3,GR,quantile,0.8,288.74080914189886
2026-08-12,ILI incidence,2026-08-23,3,GR,quantile,0.85,317.4283105089542
2026-08-12,ILI incidence,2026-08-23,3,GR,quantile,0.9,357.5927923961268
2026-08-12,ILI incidence,2026-08-23,3,GR,quantile,0.95,426.6274102127105
2026-08-12,ILI incidence,2026-08-23,3,GR,quantile,0.975,497.1803957125658
2026-08-12,ILI incidence,2026-08-23,3,GR,quantile,0.99,593.9757193333777
2026-08-12,ILI incidence,2026-08-23,3,GR,median,,191.69663235318177
2026-08-12,ILI incidence,2026-08-30,4,GR,quantile,0.01,51.78850273320715
2026-08-12,ILI incidence,2026-08-30,4,GR,quantile,0.025,63.3444650573649
2026-08-12,ILI incidence,2026-08-30,4,GR,quantile,0.05,75.287209465057785
2026-08-12,ILI incidence,2026-08-30,4,GR,quantile,0.1,91.83258195545504
2026-08-12,ILI incidence,2026-08-30,4,GR,quantile,0.15,104.97839140906234
2026-08-12,ILI incidence,2026-08-30,4,GR,quantile,0.2,116.74159833394764
2026-08-12,ILI incidence,2026-08-30,4,GR,quantile,0.25,127.86864755000582
2026-08-12,ILI incidence,2026-08-30,4,GR,quantile,0.3,138.7544538624404
2026-08-12,ILI incidence,2026-08-30,4,GR,quantile,0.35,149.6609637648674
2026-08-12,ILI incidence,2026-08-30,4,GR,quantile,0.4,160.79617281269944
2026-08-12,ILI incidence,2026-08-30,4,GR,quantile,0.45,172.35232155235096
2026-08-12,ILI incidence,2026-08-30,4,GR,quantile,0.5,184.53081523703972
2026-08-12,ILI incidence,2026-08-30,4,GR,quantile,0.55,197.56488274444905
2026-08-12,ILI incidence,2026-08-30,4,GR,quantile,0.6,211.74720411568842
2026-08-12,ILI incidence,2026-08-30,4,GR,quantile,0.65,227.47114834763426
2026-08-12,ILI incidence,2026-08-30,4,GR,quantile,0.7,245.30115499862103
2026-08-12,ILI incidence,2026-08-30,4,GR,quantile,0.75,266.106732761851
2026-08-12,ILI incidence,2026-08-30,4,GR,quantile,0.8,291.3493810988635
2026-08-12,ILI incidence,2026-08-30,4,GR,quantile,0.85,323.79907408348487
2026-08-12,ILI incidence,2026-08-30,4,GR,quantile,0.9,369.7931275577095
2026-08-12,ILI incidence,2026-08-30,4,GR,quantile,0.95,450.2117253192608
2026-08-12,ILI incidence,2026-08-30,4,GR,quantile,0.975,533.9595085114573
2026-08-12,ILI incidence,2026-08-30,4,GR,quantile,0.99,651.0678106080711
2026-08-12,ILI incidence,2026-08-30,4,GR,median,,184.53081523703972
2026-08-12,ILI incidence,2026-08-09,1,HR,quantile,0.01,0
2026-08-12,ILI incidence,2026-08-09,1,HR,quantile,0.025,0
2026-08-12,ILI incidence,2026-08-09,1,HR,quantile,0.05,0
2026-08-12,ILI incidence,2026-08-09,1,HR,quantile,0.1,0
2026-08-12,ILI incidence,2026-08-09,1,HR,quantile,0.15,0
2026-08-12,ILI incidence,2026-08-09,1,HR,quantile,0.2,0
2026-08-12,ILI incidence,2026-08-09,1,HR,quantile,0.25,0
2026-08-12,ILI incidence,2026-08-09,1,HR,quantile,0.3,0
2026-08-12,ILI incidence,2026-08-09,1,HR,quantile,0.35,0
2026-08-12,ILI incidence,2026-08-09,1,HR,quantile,0.4,0
2026-08-12,ILI incidence,2026-08-09,1,HR,quantile,0.45,0.08433882987066488
2026-08-12,ILI incidence,2026-08-09,1,HR,quantile,0.5,0.1853097754267894
2026-08-12,ILI incidence,2026-08-09,1,HR,quantile,0.55,0.2956828852932285
2026-08-12,ILI incidence,2026-08-09,1,HR,quantile,0.6,0.41836662307539685
2026-08-12,ILI incidence,2026-08-09,1,HR,quantile,0.65,0.5573908171792188
2026-08-12,ILI incidence,2026-08-09,1,HR,quantile,0.7,0.7186739379307829
2026-08-12,ILI incidence,2026-08-09,1,HR,quantile,0.75,0.9115117700219606
2026-08-12,ILI incidence,2026-08-09,1,HR,quantile,0.8,1.1518127540829632
2026-08-12,ILI incidence,2026-08-09,1,HR,quantile,0.85,1.4702989308849395
2026-08-12,ILI incidence,2026-08-09,1,HR,quantile,0.9,1.9388271953512781
2026-08-12,ILI incidence,2026-08-09,1,HR,quantile,0.95,2.8015839005112007
2026-08-12,ILI incidence,2026-08-09,1,HR,quantile,0.975,3.7525445050561714
2026-08-12,ILI incidence,2026-08-09,1,HR,quantile,0.99,5.1611959571105945
2026-08-12,ILI incidence,2026-08-09,1,HR,median,,0.1853097754267894
2026-08-12,ILI incidence,2026-08-16,2,HR,quantile,0.01,0
2026-08-12,ILI incidence,2026-08-16,2,HR,quantile,0.025,0
2026-08-12,ILI incidence,2026-08-16,2,HR,quantile,0.05,0
2026-08-12,ILI incidence,2026-08-16,2,HR,quantile,0.1,0
2026-08-12,ILI incidence,2026-08-16,2,HR,quantile,0.15,0
2026-08-12,ILI incidence,2026-08-16,2,HR,quantile,0.2,0
2026-08-12,ILI incidence,2026-08-16,2,HR,quantile,0.25,0
2026-08-12,ILI incidence,2026-08-16,2,HR,quantile,0.3,0
2026-08-12,ILI incidence,2026-08-16,2,HR,quantile,0.35,0
2026-08-12,ILI incidence,2026-08-16,2,HR,quantile,0.4,0
2026-08-12,ILI incidence,2026-08-16,2,HR,quantile,0.45,0.06649538020044954
2026-08-12,ILI incidence,2026-08-16,2,HR,quantile,0.5,0.20164136421555656
2026-08-12,ILI incidence,2026-08-16,2,HR,quantile,0.55,0.35391300797049174
2026-08-12,ILI incidence,2026-08-16,2,HR,quantile,0.6,0.5284154112328809
2026-08-12,ILI incidence,2026-08-16,2,HR,quantile,0.65,0.7324472932496866
2026-08-12,ILI incidence,2026-08-16,2,HR,quantile,0.7,0.9770108935093278
2026-08-12,ILI incidence,2026-08-16,2,HR,quantile,0.75,1.2798049080776286
2026-08-12,ILI incidence,2026-08-16,2,HR,quantile,0.8,1.6718593936693802
2026-08-12,ILI incidence,2026-08-16,2,HR,quantile,0.85,2.214722692766099
2026-08-12,ILI incidence,2026-08-16,2,HR,quantile,0.9,3.0571110315644985
2026-08-12,ILI incidence,2026-08-16,2,HR,quantile,0.95,4.728261875664108
2026-08-12,ILI incidence,2026-08-16,2,HR,quantile,0.975,6.726044455196051
2026-08-12,ILI incidence,2026-08-16,2,HR,quantile,0.99,9.940418911101572
2026-08-12,ILI incidence,2026-08-16,2,HR,median,,0.20164136421555656
2026-08-12,ILI incidence,2026-08-23,3,HR,quantile,0.01,0
2026-08-12,ILI incidence,2026-08-23,3,HR,quantile,0.025,0
2026-08-12,ILI incidence,2026-08-23,3,HR,quantile,0.05,0
2026-08-12,ILI incidence,2026-08-23,3,HR,quantile,0.1,0
2026-08-12,ILI incidence,2026-08-23,3,HR,quantile,0.15,0
2026-08-12,ILI incidence,2026-08-23,3,HR,quantile,0.2,0
2026-08-12,ILI incidence,2026-08-23,3,HR,quantile,0.25,0
2026-08-12,ILI incidence,2026-08-23,3,HR,quantile,0.3,0
2026-08-12,ILI incidence,2026-08-23,3,HR,quantile,0.35,0
2026-08-12,ILI incidence,2026-08-23,3,HR,quantile,0.4,0
2026-08-12,ILI incidence,2026-08-23,3,HR,quantile,0.45,0.04359368291986665
2026-08-12,ILI incidence,2026-08-23,3,HR,quantile,0.5,0.21819797501788019
2026-08-12,ILI incidence,2026-08-23,3,HR,quantile,0.55,0.42201541713588053
2026-08-12,ILI incidence,2026-08-23,3,HR,quantile,0.6,0.6640758302710206
2026-08-12,ILI incidence,2026-08-23,3,HR,quantile,0.65,0.9576468234652584
2026-08-12,ILI incidence,2026-08-23,3,HR,quantile,0.7,1.3232462960799203
2026-08-12,ILI incidence,2026-08-23,3,HR,quantile,0.75,1.7947461492631605
2026-08-12,ILI incidence,2026-08-23,3,HR,quantile,0.8,2.4332176155376355
2026-08-12,ILI incidence,2026-08-23,3,HR,quantile,0.85,3.3637525974448215
2026-08-12,ILI incidence,2026-08-23,3,HR,quantile,0.9,4.900864738192876
2026-08-12,ILI incidence,2026-08-23,3,HR,quantile,0.95,8.229107638933773
2026-08-12,ILI incidence,2026-08-23,3,HR,quantile,0.975,12.603086430633393
2026-08-12,ILI incidence,2026-08-23,3,HR,quantile,0.99,20.356459055179055
2026-08-12,ILI incidence,2026-08-23,3,HR,median,,0.21819797501788019
2026-08-12,ILI incidence,2026-08-30,4,HR,quantile,0.01,0
2026-08-12,ILI incidence,2026-08-30,4,HR,quantile,0.025,0
2026-08-12,ILI incidence,2026-08-30,4,HR,quantile,0.05,0
2026-08-12,ILI incidence,2026-08-30,4,HR,quantile,0.1,0
2026-08-12,ILI incidence,2026-08-30,4,HR,quantile,0.15,0
2026-08-12,ILI incidence,2026-08-30,4,HR,quantile,0.2,0
2026-08-12,ILI incidence,2026-08-30,4,HR,quantile,0.25,0
2026-08-12,ILI incidence,2026-08-30,4,HR,quantile,0.3,0
2026-08-12,ILI incidence,2026-08-30,4,HR,quantile,0.35,0
2026-08-12,ILI incidence,2026-08-30,4,HR,quantile,0.4,0
2026-08-12,ILI incidence,2026-08-30,4,HR,quantile,0.45,0.016913141737180837
2026-08-12,ILI incidence,2026-08-30,4,HR,quantile,0.5,0.23498270826124412
2026-08-12,ILI incidence,2026-08-30,4,HR,quantile,0.55,0.4998156942871508
2026-08-12,ILI incidence,2026-08-30,4,HR,quantile,0.6,0.8271501082633193
2026-08-12,ILI incidence,2026-08-30,4,HR,quantile,0.65,1.240730027468412
2026-08-12,ILI incidence,2026-08-30,4,HR,quantile,0.7,1.7782845187510774
2026-08-12,ILI incidence,2026-08-30,4,HR,quantile,0.75,2.5039360770981913
2026-08-12,ILI incidence,2026-08-30,4,HR,quantile,0.8,3.537105497881184
2026-08-12,ILI incidence,2026-08-30,4,HR,quantile,0.85,5.131802300715095
2026-08-12,ILI incidence,2026-08-30,4,HR,quantile,0.9,7.957278353638831
2026-08-12,ILI incidence,2026-08-30,4,HR,quantile,0.95,14.707973892458643
2026-08-12,ILI incidence,2026-08-30,4,HR,quantile,0.975,24.56850276680619
2026-08-12,ILI incidence,2026-08-30,4,HR,quantile,0.99,44.052483173054966
2026-08-12,ILI incidence,2026-08-30,4,HR,median,,0.23498270826124412
2026-08-12,ILI incidence,2026-08-09,1,HU,quantile,0.01,8.344505028621343
2026-08-12,ILI incidence,2026-08-09,1,HU,quantile,0.025,10.022215684782438
2026-08-12,ILI incidence,2026-08-09,1,HU,quantile,0.05,11.704152547510917
2026-08-12,ILI incidence,2026-08-09,1,HU,quantile,0.1,13.964254800383987
2026-08-12,ILI incidence,2026-08-09,1,HU,quantile,0.15,15.712147701852974
2026-08-12,ILI incidence,2026-08-09,1,HU,quantile,0.2,17.245803768236023
2026-08-12,ILI incidence,2026-08-09,1,HU,quantile,0.25,18.673234774206605
2026-08-12,ILI incidence,2026-08-09,1,HU,quantile,0.3,20.05003671508789
2026-08-12,ILI incidence,2026-08-09,1,HU,quantile,0.35,21.411715617753618
2026-08-12,ILI incidence,2026-08-09,1,HU,quantile,0.4,22.78517504329583
2026-08-12,ILI incidence,2026-08-09,1,HU,quantile,0.45,24.19407303909315
2026-08-12,ILI incidence,2026-08-09,1,HU,quantile,0.5,25.6620891978334
2026-08-12,ILI incidence,2026-08-09,1,HU,quantile,0.55,27.215644183065834
2026-08-12,ILI incidence,2026-08-09,1,HU,quantile,0.6,28.886977880097287
2026-08-12,ILI incidence,2026-08-09,1,HU,quantile,0.65,30.718544555781612
2026-08-12,ILI incidence,2026-08-09,1,HU,quantile,0.7,32.77034491743671
2026-08-12,ILI incidence,2026-08-09,1,HU,quantile,0.75,35.13371204847491
2026-08-12,ILI incidence,2026-08-09,1,HU,quantile,0.8,37.960574684616944
2026-08-12,ILI incidence,2026-08-09,1,HU,quantile,0.85,41.53594529411722
2026-08-12,ILI incidence,2026-08-09,1,HU,quantile,0.9,46.50433682638065
2026-08-12,ILI incidence,2026-08-09,1,HU,quantile,0.95,54.95548366840901
2026-08-12,ILI incidence,2026-08-09,1,HU,quantile,0.975,63.494020142852605
2026-08-12,ILI incidence,2026-08-09,1,HU,quantile,0.99,75.0732642570051
2026-08-12,ILI incidence,2026-08-09,1,HU,median,,25.6620891978334
2026-08-12,ILI incidence,2026-08-16,2,HU,quantile,0.01,5.809340368790363
2026-08-12,ILI incidence,2026-08-16,2,HU,quantile,0.025,7.314619913136495
2026-08-12,ILI incidence,2026-08-16,2,HU,quantile,0.05,8.872822157130406
2026-08-12,ILI incidence,2026-08-16,2,HU,quantile,0.1,11.035082811858095
2026-08-12,ILI incidence,2026-08-16,2,HU,quantile,0.15,12.75555495703901
2026-08-12,ILI incidence,2026-08-16,2,HU,quantile,0.2,14.296700112117252
2026-08-12,ILI incidence,2026-08-16,2,HU,quantile,0.25,15.755766276210593
2026-08-12,ILI incidence,2026-08-16,2,HU,quantile,0.3,17.184286730640096
2026-08-12,ILI incidence,2026-08-16,2,HU,quantile,0.35,18.616518974866356
2026-08-12,ILI incidence,2026-08-16,2,HU,quantile,0.4,20.079736875299666
2026-08-12,ILI incidence,2026-08-16,2,HU,quantile,0.45,21.599216599023766
2026-08-12,ILI incidence,2026-08-16,2,HU,quantile,0.5,23.201502382547115
2026-08-12,ILI incidence,2026-08-16,2,HU,quantile,0.55,24.917390322182012
2026-08-12,ILI incidence,2026-08-16,2,HU,quantile,0.6,26.78558010649302
2026-08-12,ILI incidence,2026-08-16,2,HU,quantile,0.65,28.85813733429858
2026-08-12,ILI incidence,2026-08-16,2,HU,quantile,0.7,31.209826332397284
2026-08-12,ILI incidence,2026-08-16,2,HU,quantile,0.75,33.95588968700366
2026-08-12,ILI incidence,2026-08-16,2,HU,quantile,0.8,37.29013534157362
2026-08-12,ILI incidence,2026-08-16,2,HU,quantile,0.85,41.580086328884335
2026-08-12,ILI incidence,2026-08-16,2,HU,quantile,0.9,47.66711153788942
2026-08-12,ILI incidence,2026-08-16,2,HU,quantile,0.95,58.325764026795156
2026-08-12,ILI incidence,2026-08-16,2,HU,quantile,0.975,69.44371524993585
2026-08-12,ILI incidence,2026-08-16,2,HU,quantile,0.99,85.01607290141699
2026-08-12,ILI incidence,2026-08-16,2,HU,median,,23.201502382547115
2026-08-12,ILI incidence,2026-08-23,3,HU,quantile,0.01,3.6542106698556385
2026-08-12,ILI incidence,2026-08-23,3,HU,quantile,0.025,4.942753003986727
2026-08-12,ILI incidence,2026-08-23,3,HU,quantile,0.05,6.332893012484055
2026-08-12,ILI incidence,2026-08-23,3,HU,quantile,0.1,8.34381398300156
2026-08-12,ILI incidence,2026-08-23,3,HU,quantile,0.15,10.00360706223125
2026-08-12,ILI incidence,2026-08-23,3,HU,quantile,0.2,11.530611844753263
2026-08-12,ILI incidence,2026-08-23,3,HU,quantile,0.25,13.008459307419317
2026-08-12,ILI incidence,2026-08-23,3,HU,quantile,0.3,14.483577749203793
2026-08-12,ILI incidence,2026-08-23,3,HU,quantile,0.35,15.988807521480872
2026-08-12,ILI incidence,2026-08-23,3,HU,quantile,0.4,17.55221044898072
2026-08-12,ILI incidence,2026-08-23,3,HU,quantile,0.45,19.201625036099188
2026-08-12,ILI incidence,2026-08-23,3,HU,quantile,0.5,20.96799782741863
2026-08-12,ILI incidence,2026-08-23,3,HU,quantile,0.55,22.888817245300945
2026-08-12,ILI incidence,2026-08-23,3,HU,quantile,0.6,25.01269158047871
2026-08-12,ILI incidence,2026-08-23,3,HU,quantile,0.65,27.40652164286828
2026-08-12,ILI incidence,2026-08-23,3,HU,quantile,0.7,30.168050198881577
2026-08-12,ILI incidence,2026-08-23,3,HU,quantile,0.75,33.45010746398595
2026-08-12,ILI incidence,2026-08-23,3,HU,quantile,0.8,37.51311767729346
2026-08-12,ILI incidence,2026-08-23,3,HU,quantile,0.85,42.857702825641645
2026-08-12,ILI incidence,2026-08-23,3,HU,quantile,0.9,50.64838784498618
2026-08-12,ILI incidence,2026-08-23,3,HU,quantile,0.95,64.81207822395172
2026-08-12,ILI incidence,2026-08-23,3,HU,quantile,0.975,80.20696388049778
2026-08-12,ILI incidence,2026-08-23,3,HU,quantile,0.99,102.68953250679526
2026-08-12,ILI incidence,2026-08-23,3,HU,median,,20.96799782741863
2026-08-12,ILI incidence,2026-08-30,4,HU,quantile,0.01,2.0182626036766633
2026-08-12,ILI incidence,2026-08-30,4,HU,quantile,0.025,3.063483689583096
2026-08-12,ILI incidence,2026-08-30,4,HU,quantile,0.05,4.247679872694549
2026-08-12,ILI incidence,2026-08-30,4,HU,quantile,0.1,6.047296785724312
2026-08-12,ILI incidence,2026-08-30,4,HU,quantile,0.15,7.598462782227214
2026-08-12,ILI incidence,2026-08-30,4,HU,quantile,0.2,9.071343519992732
2026-08-12,ILI incidence,2026-08-30,4,HU,quantile,0.25,10.534459077458093
2026-08-12,ILI incidence,2026-08-30,4,HU,quantile,0.3,12.028669710489998
2026-08-12,ILI incidence,2026-08-30,4,HU,quantile,0.35,13.585537611968226
2026-08-12,ILI incidence,2026-08-30,4,HU,quantile,0.4,15.234535754487087
2026-08-12,ILI incidence,2026-08-30,4,HU,quantile,0.45,17.00719336867858
2026-08-12,ILI incidence,2026-08-30,4,HU,quantile,0.5,18.940618599508557
2026-08-12,ILI incidence,2026-08-30,4,HU,quantile,0.55,21.081634932776076
2026-08-12,ILI incidence,2026-08-30,4,HU,quantile,0.6,23.492740423523696
2026-08-12,ILI incidence,2026-08-30,4,HU,quantile,0.65,26.26181788491574
2026-08-12,ILI incidence,2026-08-30,4,HU,quantile,0.7,29.51948349039177
2026-08-12,ILI incidence,2026-08-30,4,HU,quantile,0.75,33.47307476326789
2026-08-12,ILI incidence,2026-08-30,4,HU,quantile,0.8,38.48115455914402
2026-08-12,ILI incidence,2026-08-30,4,HU,quantile,0.85,45.24411132568411
2026-08-12,ILI incidence,2026-08-30,4,HU,quantile,0.9,55.422807527638284
2026-08-12,ILI incidence,2026-08-30,4,HU,quantile,0.95,74.77220405536941
2026-08-12,ILI incidence,2026-08-30,4,HU,quantile,0.975,96.85403375689748
2026-08-12,ILI incidence,2026-08-30,4,HU,quantile,0.99,130.74078015832688
2026-08-12,ILI incidence,2026-08-30,4,HU,median,,18.940618599508557
2026-08-12,ILI incidence,2026-08-09,1,IE,quantile,0.01,0
2026-08-12,ILI incidence,2026-08-09,1,IE,quantile,0.025,0
2026-08-12,ILI incidence,2026-08-09,1,IE,quantile,0.05,0
2026-08-12,ILI incidence,2026-08-09,1,IE,quantile,0.1,0
2026-08-12,ILI incidence,2026-08-09,1,IE,quantile,0.15,0
2026-08-12,ILI incidence,2026-08-09,1,IE,quantile,0.2,0
2026-08-12,ILI incidence,2026-08-09,1,IE,quantile,0.25,0
2026-08-12,ILI incidence,2026-08-09,1,IE,quantile,0.3,0.03988782118704459
2026-08-12,ILI incidence,2026-08-09,1,IE,quantile,0.35,0.10914094116049311
2026-08-12,ILI incidence,2026-08-09,1,IE,quantile,0.4,0.1791151796711039
2026-08-12,ILI incidence,2026-08-09,1,IE,quantile,0.45,0.25101501800843695
2026-08-12,ILI incidence,2026-08-09,1,IE,quantile,0.5,0.3260541303100297
2026-08-12,ILI incidence,2026-08-09,1,IE,quantile,0.55,0.40559428240247586
2026-08-12,ILI incidence,2026-08-09,1,IE,quantile,0.6,0.4913043160064934
2026-08-12,ILI incidence,2026-08-09,1,IE,quantile,0.65,0.5853887375868181
2026-08-12,ILI incidence,2026-08-09,1,IE,quantile,0.7,0.6909704303537589
2026-08-12,ILI incidence,2026-08-09,1,IE,quantile,0.75,0.8128116336469244
2026-08-12,ILI incidence,2026-08-09,1,IE,quantile,0.8,0.9588463445674951
2026-08-12,ILI incidence,2026-08-09,1,IE,quantile,0.85,1.143980661162575
2026-08-12,ILI incidence,2026-08-09,1,IE,quantile,0.9,1.4019789650015344
2026-08-12,ILI incidence,2026-08-09,1,IE,quantile,0.95,1.8425680332711032
2026-08-12,ILI incidence,2026-08-09,1,IE,quantile,0.975,2.289655021061673
2026-08-12,ILI incidence,2026-08-09,1,IE,quantile,0.99,2.8986340615811894
2026-08-12,ILI incidence,2026-08-09,1,IE,median,,0.3260541303100297
2026-08-12,ILI incidence,2026-08-16,2,IE,quantile,0.01,0
2026-08-12,ILI incidence,2026-08-16,2,IE,quantile,0.025,0
2026-08-12,ILI incidence,2026-08-16,2,IE,quantile,0.05,0
2026-08-12,ILI incidence,2026-08-16,2,IE,quantile,0.1,0
2026-08-12,ILI incidence,2026-08-16,2,IE,quantile,0.15,0
2026-08-12,ILI incidence,2026-08-16,2,IE,quantile,0.2,0
2026-08-12,ILI incidence,2026-08-16,2,IE,quantile,0.25,0
2026-08-12,ILI incidence,2026-08-16,2,IE,quantile,0.3,0
2026-08-12,ILI incidence,2026-08-16,2,IE,quantile,0.35,0
2026-08-12,ILI incidence,2026-08-16,2,IE,quantile,0.4,0.0380443904260197
2026-08-12,ILI incidence,2026-08-16,2,IE,quantile,0.45,0.11696344606730924
2026-08-12,ILI incidence,2026-08-16,2,IE,quantile,0.5,0.20048697672085147
2026-08-12,ILI incidence,2026-08-16,2,IE,quantile,0.55,0.2902561729755333
2026-08-12,ILI incidence,2026-08-16,2,IE,quantile,0.6,0.38835004992889144
2026-08-12,ILI incidence,2026-08-16,2,IE,quantile,0.65,0.49758200286096343
2026-08-12,ILI incidence,2026-08-16,2,IE,quantile,0.7,0.6220096668456951
2026-08-12,ILI incidence,2026-08-16,2,IE,quantile,0.75,0.7679096946205899
2026-08-12,ILI incidence,2026-08-16,2,IE,quantile,0.8,0.9458714402005759
2026-08-12,ILI incidence,2026-08-16,2,IE,quantile,0.85,1.176040859230707
2026-08-12,ILI incidence,2026-08-16,2,IE,quantile,0.9,1.5047113458193646
2026-08-12,ILI incidence,2026-08-16,2,IE,quantile,0.95,2.0853412821916155
2026-08-12,ILI incidence,2026-08-16,2,IE,quantile,0.975,2.6969021130368915
2026-08-12,ILI incidence,2026-08-16,2,IE,quantile,0.99,3.56196091848608
2026-08-12,ILI incidence,2026-08-16,2,IE,median,,0.20048697672085147
2026-08-12,ILI incidence,2026-08-23,3,IE,quantile,0.01,0
2026-08-12,ILI incidence,2026-08-23,3,IE,quantile,0.025,0
2026-08-12,ILI incidence,2026-08-23,3,IE,quantile,0.05,0
2026-08-12,ILI incidence,2026-08-23,3,IE,quantile,0.1,0
2026-08-12,ILI incidence,2026-08-23,3,IE,quantile,0.15,0
2026-08-12,ILI incidence,2026-08-23,3,IE,quantile,0.2,0
2026-08-12,ILI incidence,2026-08-23,3,IE,quantile,0.25,0
2026-08-12,ILI incidence,2026-08-23,3,IE,quantile,0.3,0
2026-08-12,ILI incidence,2026-08-23,3,IE,quantile,0.35,0
2026-08-12,ILI incidence,2026-08-23,3,IE,quantile,0.4,0
2026-08-12,ILI incidence,2026-08-23,3,IE,quantile,0.45,0
2026-08-12,ILI incidence,2026-08-23,3,IE,quantile,0.5,0.0868100693107372
2026-08-12,ILI incidence,2026-08-23,3,IE,quantile,0.55,0.18917700274850935
2026-08-12,ILI incidence,2026-08-23,3,IE,quantile,0.6,0.30307417451890606
2026-08-12,ILI incidence,2026-08-23,3,IE,quantile,0.65,0.43227243719328534
2026-08-12,ILI incidence,2026-08-23,3,IE,quantile,0.7,0.582315191974772
2026-08-12,ILI incidence,2026-08-23,3,IE,quantile,0.75,0.7619163506666602
2026-08-12,ILI incidence,2026-08-23,3,IE,quantile,0.8,0.9860005425540288
2026-08-12,ILI incidence,2026-08-23,3,IE,quantile,0.85,1.283414789458647
2026-08-12,ILI incidence,2026-08-23,3,IE,quantile,0.9,1.721700295793926
2026-08-12,ILI incidence,2026-08-23,3,IE,quantile,0.95,2.530713068698895
2026-08-12,ILI incidence,2026-08-23,3,IE,quantile,0.975,3.424785912037354
2026-08-12,ILI incidence,2026-08-23,3,IE,quantile,0.99,4.752718649132485
2026-08-12,ILI incidence,2026-08-23,3,IE,median,,0.0868100693107372
2026-08-12,ILI incidence,2026-08-30,4,IE,quantile,0.01,0
2026-08-12,ILI incidence,2026-08-30,4,IE,quantile,0.025,0
2026-08-12,ILI incidence,2026-08-30,4,IE,quantile,0.05,0
2026-08-12,ILI incidence,2026-08-30,4,IE,quantile,0.1,0
2026-08-12,ILI incidence,2026-08-30,4,IE,quantile,0.15,0
2026-08-12,ILI incidence,2026-08-30,4,IE,quantile,0.2,0
2026-08-12,ILI incidence,2026-08-30,4,IE,quantile,0.25,0
2026-08-12,ILI incidence,2026-08-30,4,IE,quantile,0.3,0
2026-08-12,ILI incidence,2026-08-30,4,IE,quantile,0.35,0
2026-08-12,ILI incidence,2026-08-30,4,IE,quantile,0.4,0
2026-08-12,ILI incidence,2026-08-30,4,IE,quantile,0.45,0
2026-08-12,ILI incidence,2026-08-30,4,IE,quantile,0.5,0
2026-08-12,ILI incidence,2026-08-30,4,IE,quantile,0.55,0.09958737680562968
2026-08-12,ILI incidence,2026-08-30,4,IE,quantile,0.6,0.23108326622938002
2026-08-12,ILI incidence,2026-08-30,4,IE,quantile,0.65,0.38354228405173463
2026-08-12,ILI incidence,2026-08-30,4,IE,quantile,0.7,0.5646884551714728
2026-08-12,ILI incidence,2026-08-30,4,IE,quantile,0.75,0.7868706739084919
2026-08-12,ILI incidence,2026-08-30,4,IE,quantile,0.8,1.0716009617538198
2026-08-12,ILI incidence,2026-08-30,4,IE,quantile,0.85,1.4612412079367
2026-08-12,ILI incidence,2026-08-30,4,IE,quantile,0.9,2.0572443114347454
2026-08-12,ILI incidence,2026-08-30,4,IE,quantile,0.95,3.216121487071394
2026-08-12,ILI incidence,2026-08-30,4,IE,quantile,0.975,4.571607666031817
2026-08-12,ILI incidence,2026-08-30,4,IE,quantile,0.99,6.704554937120666
2026-08-12,ILI incidence,2026-08-30,4,IE,median,,0
2026-08-12,ILI incidence,2026-08-09,1,IS,quantile,0.01,0
2026-08-12,ILI incidence,2026-08-09,1,IS,quantile,0.025,0
2026-08-12,ILI incidence,2026-08-09,1,IS,quantile,0.05,0
2026-08-12,ILI incidence,2026-08-09,1,IS,quantile,0.1,0
2026-08-12,ILI incidence,2026-08-09,1,IS,quantile,0.15,0
2026-08-12,ILI incidence,2026-08-09,1,IS,quantile,0.2,0
2026-08-12,ILI incidence,2026-08-09,1,IS,quantile,0.25,0
2026-08-12,ILI incidence,2026-08-09,1,IS,quantile,0.3,0
2026-08-12,ILI incidence,2026-08-09,1,IS,quantile,0.35,0
2026-08-12,ILI incidence,2026-08-09,1,IS,quantile,0.4,0
2026-08-12,ILI incidence,2026-08-09,1,IS,quantile,0.45,0
2026-08-12,ILI incidence,2026-08-09,1,IS,quantile,0.5,0
2026-08-12,ILI incidence,2026-08-09,1,IS,quantile,0.55,0.01734298978341653
2026-08-12,ILI incidence,2026-08-09,1,IS,quantile,0.6,0.09185430795941851
2026-08-12,ILI incidence,2026-08-09,1,IS,quantile,0.65,0.17460753606422696
2026-08-12,ILI incidence,2026-08-09,1,IS,quantile,0.7,0.26861374234436974
2026-08-12,ILI incidence,2026-08-09,1,IS,quantile,0.75,0.3785191108915511
2026-08-12,ILI incidence,2026-08-09,1,IS,quantile,0.8,0.5121446791165958
2026-08-12,ILI incidence,2026-08-09,1,IS,quantile,0.85,0.6843358368951584
2026-08-12,ILI incidence,2026-08-09,1,IS,quantile,0.9,0.9291155669606732
2026-08-12,ILI incidence,2026-08-09,1,IS,quantile,0.95,1.3588521760219585
2026-08-12,ILI incidence,2026-08-09,1,IS,quantile,0.975,1.8083892441383553
2026-08-12,ILI incidence,2026-08-09,1,IS,quantile,0.99,2.4398594025119364
2026-08-12,ILI incidence,2026-08-09,1,IS,median,,0
2026-08-12,ILI incidence,2026-08-16,2,IS,quantile,0.01,0
2026-08-12,ILI incidence,2026-08-16,2,IS,quantile,0.025,0
2026-08-12,ILI incidence,2026-08-16,2,IS,quantile,0.05,0
2026-08-12,ILI incidence,2026-08-16,2,IS,quantile,0.1,0
2026-08-12,ILI incidence,2026-08-16,2,IS,quantile,0.15,0
2026-08-12,ILI incidence,2026-08-16,2,IS,quantile,0.2,0
2026-08-12,ILI incidence,2026-08-16,2,IS,quantile,0.25,0
2026-08-12,ILI incidence,2026-08-16,2,IS,quantile,0.3,0
2026-08-12,ILI incidence,2026-08-16,2,IS,quantile,0.35,0
2026-08-12,ILI incidence,2026-08-16,2,IS,quantile,0.4,0
2026-08-12,ILI incidence,2026-08-16,2,IS,quantile,0.45,0
2026-08-12,ILI incidence,2026-08-16,2,IS,quantile,0.5,0
2026-08-12,ILI incidence,2026-08-16,2,IS,quantile,0.55,0
2026-08-12,ILI incidence,2026-08-16,2,IS,quantile,0.6,0.06282862820103685
2026-08-12,ILI incidence,2026-08-16,2,IS,quantile,0.65,0.16199387591286896
2026-08-12,ILI incidence,2026-08-16,2,IS,quantile,0.7,0.276528722824942
2026-08-12,ILI incidence,2026-08-16,2,IS,quantile,0.75,0.4128272922595233
2026-08-12,ILI incidence,2026-08-16,2,IS,quantile,0.8,0.5817953251847012
2026-08-12,ILI incidence,2026-08-16,2,IS,quantile,0.85,0.8044178809635796
2026-08-12,ILI incidence,2026-08-16,2,IS,quantile,0.9,1.1295665570843827
2026-08-12,ILI incidence,2026-08-16,2,IS,quantile,0.95,1.7223128127453289
2026-08-12,ILI incidence,2026-08-16,2,IS,quantile,0.975,2.3685130138533625
2026-08-12,ILI incidence,2026-08-16,2,IS,quantile,0.99,3.3150884780038394
2026-08-12,ILI incidence,2026-08-16,2,IS,median,,0
2026-08-12,ILI incidence,2026-08-23,3,IS,quantile,0.01,0
2026-08-12,ILI incidence,2026-08-23,3,IS,quantile,0.025,0
2026-08-12,ILI incidence,2026-08-23,3,IS,quantile,0.05,0
2026-08-12,ILI incidence,2026-08-23,3,IS,quantile,0.1,0
2026-08-12,ILI incidence,2026-08-23,3,IS,quantile,0.15,0
2026-08-12,ILI incidence,2026-08-23,3,IS,quantile,0.2,0
2026-08-12,ILI incidence,2026-08-23,3,IS,quantile,0.25,0
2026-08-12,ILI incidence,2026-08-23,3,IS,quantile,0.3,0
2026-08-12,ILI incidence,2026-08-23,3,IS,quantile,0.35,0
2026-08-12,ILI incidence,2026-08-23,3,IS,quantile,0.4,0
2026-08-12,ILI incidence,2026-08-23,3,IS,quantile,0.45,0
2026-08-12,ILI incidence,2026-08-23,3,IS,quantile,0.5,0
2026-08-12,ILI incidence,2026-08-23,3,IS,quantile,0.55,0
2026-08-12,ILI incidence,2026-08-23,3,IS,quantile,0.6,0.0400829306504098
2026-08-12,ILI incidence,2026-08-23,3,IS,quantile,0.65,0.15883712023627305
2026-08-12,ILI incidence,2026-08-23,3,IS,quantile,0.7,0.2986893947784579
2026-08-12,ILI incidence,2026-08-23,3,IS,quantile,0.75,0.46860539358469055
2026-08-12,ILI incidence,2026-08-23,3,IS,quantile,0.8,0.6841018621643178
2026-08-12,ILI incidence,2026-08-23,3,IS,quantile,0.85,0.9755135888393645
2026-08-12,ILI incidence,2026-08-23,3,IS,quantile,0.9,1.4148486861231504
2026-08-12,ILI incidence,2026-08-23,3,IS,quantile,0.95,2.2519820131110677
2026-08-12,ILI incidence,2026-08-23,3,IS,quantile,0.975,3.2097892682513107
2026-08-12,ILI incidence,2026-08-23,3,IS,quantile,0.99,4.683489254459838
2026-08-12,ILI incidence,2026-08-23,3,IS,median,,0
2026-08-12,ILI incidence,2026-08-30,4,IS,quantile,0.01,0
2026-08-12,ILI incidence,2026-08-30,4,IS,quantile,0.025,0
2026-08-12,ILI incidence,2026-08-30,4,IS,quantile,0.05,0
2026-08-12,ILI incidence,2026-08-30,4,IS,quantile,0.1,0
2026-08-12,ILI incidence,2026-08-30,4,IS,quantile,0.15,0
2026-08-12,ILI incidence,2026-08-30,4,IS,quantile,0.2,0
2026-08-12,ILI incidence,2026-08-30,4,IS,quantile,0.25,0
2026-08-12,ILI incidence,2026-08-30,4,IS,quantile,0.3,0
2026-08-12,ILI incidence,2026-08-30,4,IS,quantile,0.35,0
2026-08-12,ILI incidence,2026-08-30,4,IS,quantile,0.4,0
2026-08-12,ILI incidence,2026-08-30,4,IS,quantile,0.45,0
2026-08-12,ILI incidence,2026-08-30,4,IS,quantile,0.5,0
2026-08-12,ILI incidence,2026-08-30,4,IS,quantile,0.55,0
2026-08-12,ILI incidence,2026-08-30,4,IS,quantile,0.6,0.02235111738531148
2026-08-12,ILI incidence,2026-08-30,4,IS,quantile,0.65,0.16351597218074598
2026-08-12,ILI incidence,2026-08-30,4,IS,quantile,0.7,0.3334276753374634
2026-08-12,ILI incidence,2026-08-30,4,IS,quantile,0.75,0.5447295680633963
2026-08-12,ILI incidence,2026-08-30,4,IS,quantile,0.8,0.8196556228942045
2026-08-12,ILI incidence,2026-08-30,4,IS,quantile,0.85,1.2024586688977554
2026-08-12,ILI incidence,2026-08-30,4,IS,quantile,0.9,1.8005172616145475
2026-08-12,ILI incidence,2026-08-30,4,IS,quantile,0.95,2.998266621839628
2026-08-12,ILI incidence,2026-08-30,4,IS,quantile,0.975,4.444941892246883
2026-08-12,ILI incidence,2026-08-30,4,IS,quantile,0.99,6.7971964414363715
2026-08-12,ILI incidence,2026-08-30,4,IS,median,,0
2026-08-12,ILI incidence,2026-08-09,1,LT,quantile,0.01,0
2026-08-12,ILI incidence,2026-08-09,1,LT,quantile,0.025,0
2026-08-12,ILI incidence,2026-08-09,1,LT,quantile,0.05,0
2026-08-12,ILI incidence,2026-08-09,1,LT,quantile,0.1,0.08150093089067378
2026-08-12,ILI incidence,2026-08-09,1,LT,quantile,0.15,0.23247667678332418
2026-08-12,ILI incidence,2026-08-09,1,LT,quantile,0.2,0.36736119452119453
2026-08-12,ILI incidence,2026-08-09,1,LT,quantile,0.25,0.49478568650461274
2026-08-12,ILI incidence,2026-08-09,1,LT,quantile,0.3,0.6193057095196544
2026-08-12,ILI incidence,2026-08-09,1,LT,quantile,0.35,0.7439331119117771
2026-08-12,ILI incidence,2026-08-09,1,LT,quantile,0.4,0.8710500350676513
2026-08-12,ILI incidence,2026-08-09,1,LT,quantile,0.45,1.0028493163476
2026-08-12,ILI incidence,2026-08-09,1,LT,quantile,0.5,1.1416201452978267
2026-08-12,ILI incidence,2026-08-09,1,LT,quantile,0.55,1.2900059476813275
2026-08-12,ILI incidence,2026-08-09,1,LT,quantile,0.6,1.4513170469969023
2026-08-12,ILI incidence,2026-08-09,1,LT,quantile,0.65,1.6299958498508693
2026-08-12,ILI incidence,2026-08-09,1,LT,quantile,0.7,1.8324094825220003
2026-08-12,ILI incidence,2026-08-09,1,LT,quantile,0.75,2.068357483052025
2026-08-12,ILI incidence,2026-08-09,1,LT,quantile,0.8,2.354297946382441
2026-08-12,ILI incidence,2026-08-09,1,LT,quantile,0.85,2.7213984922749366
2026-08-12,ILI incidence,2026-08-09,1,LT,quantile,0.9,3.2408995829233627
2026-08-12,ILI incidence,2026-08-09,1,LT,quantile,0.95,4.147219911282162
2026-08-12,ILI incidence,2026-08-09,1,LT,quantile,0.975,5.0887719922109556
2026-08-12,ILI incidence,2026-08-09,1,LT,quantile,0.99,6.4021516127317994
2026-08-12,ILI incidence,2026-08-09,1,LT,median,,1.1416201452978267
2026-08-12,ILI incidence,2026-08-16,2,LT,quantile,0.01,0
2026-08-12,ILI incidence,2026-08-16,2,LT,quantile,0.025,0
2026-08-12,ILI incidence,2026-08-16,2,LT,quantile,0.05,0
2026-08-12,ILI incidence,2026-08-16,2,LT,quantile,0.1,0
2026-08-12,ILI incidence,2026-08-16,2,LT,quantile,0.15,0.096409222921084
2026-08-12,ILI incidence,2026-08-16,2,LT,quantile,0.2,0.26608586447203164
2026-08-12,ILI incidence,2026-08-16,2,LT,quantile,0.25,0.4324333624856087
2026-08-12,ILI incidence,2026-08-16,2,LT,quantile,0.3,0.6003648447012688
2026-08-12,ILI incidence,2026-08-16,2,LT,quantile,0.35,0.7735038127575984
2026-08-12,ILI incidence,2026-08-16,2,LT,quantile,0.4,0.9550848855415299
2026-08-12,ILI incidence,2026-08-16,2,LT,quantile,0.45,1.1484426315424994
2026-08-12,ILI incidence,2026-08-16,2,LT,quantile,0.5,1.357395926962798
2026-08-12,ILI incidence,2026-08-16,2,LT,quantile,0.55,1.5866716080153602
2026-08-12,ILI incidence,2026-08-16,2,LT,quantile,0.6,1.8424932326769508
2026-08-12,ILI incidence,2026-08-16,2,LT,quantile,0.65,2.1335233206066766
2026-08-12,ILI incidence,2026-08-16,2,LT,quantile,0.7,2.4725303888427663
2026-08-12,ILI incidence,2026-08-16,2,LT,quantile,0.75,2.8796328694952638
2026-08-12,ILI incidence,2026-08-16,2,LT,quantile,0.8,3.3893670345796316
2026-08-12,ILI incidence,2026-08-16,2,LT,quantile,0.85,4.068650865280792
2026-08-12,ILI incidence,2026-08-16,2,LT,quantile,0.9,5.07462776004216
2026-08-12,ILI incidence,2026-08-16,2,LT,quantile,0.95,6.944327931674204
2026-08-12,ILI incidence,2026-08-16,2,LT,quantile,0.975,9.026192946593545
2026-08-12,ILI incidence,2026-08-16,2,LT,quantile,0.99,12.14201981866952
2026-08-12,ILI incidence,2026-08-16,2,LT,median,,1.357395926962798
2026-08-12,ILI incidence,2026-08-23,3,LT,quantile,0.01,0
2026-08-12,ILI incidence,2026-08-23,3,LT,quantile,0.025,0
2026-08-12,ILI incidence,2026-08-23,3,LT,quantile,0.05,0
2026-08-12,ILI incidence,2026-08-23,3,LT,quantile,0.1,0
2026-08-12,ILI incidence,2026-08-23,3,LT,quantile,0.15,0
2026-08-12,ILI incidence,2026-08-23,3,LT,quantile,0.2,0.11669891293222756
2026-08-12,ILI incidence,2026-08-23,3,LT,quantile,0.25,0.3202446925993927
2026-08-12,ILI incidence,2026-08-23,3,LT,quantile,0.3,0.5344676759397478
2026-08-12,ILI incidence,2026-08-23,3,LT,quantile,0.35,0.7638879643260328
2026-08-12,ILI incidence,2026-08-23,3,LT,quantile,0.4,1.0132242638403213
2026-08-12,ILI incidence,2026-08-23,3,LT,quantile,0.45,1.2879566516675531
2026-08-12,ILI incidence,2026-08-23,3,LT,quantile,0.5,1.5949118795233845
2026-08-12,ILI incidence,2026-08-23,3,LT,quantile,0.55,1.9430486183310753
2026-08-12,ILI incidence,2026-08-23,3,LT,quantile,0.6,2.3446684422762636
2026-08-12,ILI incidence,2026-08-23,3,LT,quantile,0.65,2.8174576836371963
2026-08-12,ILI incidence,2026-08-23,3,LT,quantile,0.7,3.388210822601901
2026-08-12,ILI incidence,2026-08-23,3,LT,quantile,0.75,4.100242174982014
2026-08-12,ILI incidence,2026-08-23,3,LT,quantile,0.8,5.029886466720548
2026-08-12,ILI incidence,2026-08-23,3,LT,quantile,0.85,6.329447494055976
2026-08-12,ILI incidence,2026-08-23,3,LT,quantile,0.9,8.369605772629967
2026-08-12,ILI incidence,2026-08-23,3,LT,quantile,0.95,12.483194608514555
2026-08-12,ILI incidence,2026-08-23,3,LT,quantile,0.975,17.48826860041301
2026-08-12,ILI incidence,2026-08-23,3,LT,quantile,0.99,25.687544683687907
2026-08-12,ILI incidence,2026-08-23,3,LT,median,,1.5949118795233845
2026-08-12,ILI incidence,2026-08-30,4,LT,quantile,0.01,0
2026-08-12,ILI incidence,2026-08-30,4,LT,quantile,0.025,0
2026-08-12,ILI incidence,2026-08-30,4,LT,quantile,0.05,0
2026-08-12,ILI incidence,2026-08-30,4,LT,quantile,0.1,0
2026-08-12,ILI incidence,2026-08-30,4,LT,quantile,0.15,0
2026-08-12,ILI incidence,2026-08-30,4,LT,quantile,0.2,0
2026-08-12,ILI incidence,2026-08-30,4,LT,quantile,0.25,0.1813016514532162
2026-08-12,ILI incidence,2026-08-30,4,LT,quantile,0.3,0.4377637720488743
2026-08-12,ILI incidence,2026-08-30,4,LT,quantile,0.35,0.7248664044494983
2026-08-12,ILI incidence,2026-08-30,4,LT,quantile,0.4,1.0501384659311306
2026-08-12,ILI incidence,2026-08-30,4,LT,quantile,0.45,1.4231114624270083
2026-08-12,ILI incidence,2026-08-30,4,LT,quantile,0.5,1.8563584018603647
2026-08-12,ILI incidence,2026-08-30,4,LT,quantile,0.55,2.367068930335708
2026-08-12,ILI incidence,2026-08-30,4,LT,quantile,0.6,2.9796255011354806
2026-08-12,ILI incidence,2026-08-30,4,LT,quantile,0.65,3.7300957910895303
2026-08-12,ILI incidence,2026-08-30,4,LT,quantile,0.7,4.674634093924686
2026-08-12,ILI incidence,2026-08-30,4,LT,quantile,0.75,5.906604515317077
2026-08-12,ILI incidence,2026-08-30,4,LT,quantile,0.8,7.595674138476802
2026-08-12,ILI incidence,2026-08-30,4,LT,quantile,0.85,10.092564009345512
2026-08-12,ILI incidence,2026-08-30,4,LT,quantile,0.9,14.289146758452508
2026-08-12,ILI incidence,2026-08-30,4,LT,quantile,0.95,23.59930723158914
2026-08-12,ILI incidence,2026-08-30,4,LT,quantile,0.975,36.15910123195703
2026-08-12,ILI incidence,2026-08-30,4,LT,quantile,0.99,59.02841385573933
2026-08-12,ILI incidence,2026-08-30,4,LT,median,,1.8563584018603647
2026-08-12,ILI incidence,2026-08-09,1,LU,quantile,0.01,0
2026-08-12,ILI incidence,2026-08-09,1,LU,quantile,0.025,0
2026-08-12,ILI incidence,2026-08-09,1,LU,quantile,0.05,0
2026-08-12,ILI incidence,2026-08-09,1,LU,quantile,0.1,0
2026-08-12,ILI incidence,2026-08-09,1,LU,quantile,0.15,0
2026-08-12,ILI incidence,2026-08-09,1,LU,quantile,0.2,0
2026-08-12,ILI incidence,2026-08-09,1,LU,quantile,0.25,0
2026-08-12,ILI incidence,2026-08-09,1,LU,quantile,0.3,0
2026-08-12,ILI incidence,2026-08-09,1,LU,quantile,0.35,0.09636780894271513
2026-08-12,ILI incidence,2026-08-09,1,LU,quantile,0.4,0.2726105949312123
2026-08-12,ILI incidence,2026-08-09,1,LU,quantile,0.45,0.47004800468472485
2026-08-12,ILI incidence,2026-08-09,1,LU,quantile,0.5,0.6942380436726383
2026-08-12,ILI incidence,2026-08-09,1,LU,quantile,0.55,0.9526182406834403
2026-08-12,ILI incidence,2026-08-09,1,LU,quantile,0.6,1.255554495664751
2026-08-12,ILI incidence,2026-08-09,1,LU,quantile,0.65,1.6181382973983962
2026-08-12,ILI incidence,2026-08-09,1,LU,quantile,0.7,2.0635008920978537
2026-08-12,ILI incidence,2026-08-09,1,LU,quantile,0.75,2.629476381841114
2026-08-12,ILI incidence,2026-08-09,1,LU,quantile,0.8,3.38359049403795
2026-08-12,ILI incidence,2026-08-09,1,LU,quantile,0.85,4.462540560143729
2026-08-12,ILI incidence,2026-08-09,1,LU,quantile,0.9,6.2050481343137305
2026-08-12,ILI incidence,2026-08-09,1,LU,quantile,0.95,9.860603474506496
2026-08-12,ILI incidence,2026-08-09,1,LU,quantile,0.975,14.503533382322075
2026-08-12,ILI incidence,2026-08-09,1,LU,quantile,0.99,22.450901593751293
2026-08-12,ILI incidence,2026-08-09,1,LU,median,,0.6942380436726383
2026-08-12,ILI incidence,2026-08-16,2,LU,quantile,0.01,0
2026-08-12,ILI incidence,2026-08-16,2,LU,quantile,0.025,0
2026-08-12,ILI incidence,2026-08-16,2,LU,quantile,0.05,0
2026-08-12,ILI incidence,2026-08-16,2,LU,quantile,0.1,0
2026-08-12,ILI incidence,2026-08-16,2,LU,quantile,0.15,0
2026-08-12,ILI incidence,2026-08-16,2,LU,quantile,0.2,0
2026-08-12,ILI incidence,2026-08-16,2,LU,quantile,0.25,0
2026-08-12,ILI incidence,2026-08-16,2,LU,quantile,0.3,0
2026-08-12,ILI incidence,2026-08-16,2,LU,quantile,0.35,0
2026-08-12,ILI incidence,2026-08-16,2,LU,quantile,0.4,0.10844607864123845
2026-08-12,ILI incidence,2026-08-16,2,LU,quantile,0.45,0.3491998561867544
2026-08-12,ILI incidence,2026-08-16,2,LU,quantile,0.5,0.6371354903956223
2026-08-12,ILI incidence,2026-08-16,2,LU,quantile,0.55,0.9865200856810084
2026-08-12,ILI incidence,2026-08-16,2,LU,quantile,0.6,1.4179909745347192
2026-08-12,ILI incidence,2026-08-16,2,LU,quantile,0.65,1.9626666093252454
2026-08-12,ILI incidence,2026-08-16,2,LU,quantile,0.7,2.669964966698924
2026-08-12,ILI incidence,2026-08-16,2,LU,quantile,0.75,3.6238211273481724
2026-08-12,ILI incidence,2026-08-16,2,LU,quantile,0.8,4.980443315694734
2026-08-12,ILI incidence,2026-08-16,2,LU,quantile,0.85,7.0718128180344095
2026-08-12,ILI incidence,2026-08-16,2,LU,quantile,0.9,10.771718075707915
2026-08-12,ILI incidence,2026-08-16,2,LU,quantile,0.95,19.5929258243158
2026-08-12,ILI incidence,2026-08-16,2,LU,quantile,0.975,32.4486561935611
2026-08-12,ILI incidence,2026-08-16,2,LU,quantile,0.99,57.7918560110853
2026-08-12,ILI incidence,2026-08-16,2,LU,median,,0.6371354903956223
2026-08-12,ILI incidence,2026-08-23,3,LU,quantile,0.01,0
2026-08-12,ILI incidence,2026-08-23,3,LU,quantile,0.025,0
2026-08-12,ILI incidence,2026-08-23,3,LU,quantile,0.05,0
2026-08-12,ILI incidence,2026-08-23,3,LU,quantile,0.1,0
2026-08-12,ILI incidence,2026-08-23,3,LU,quantile,0.15,0
2026-08-12,ILI incidence,2026-08-23,3,LU,quantile,0.2,0
2026-08-12,ILI incidence,2026-08-23,3,LU,quantile,0.25,0
2026-08-12,ILI incidence,2026-08-23,3,LU,quantile,0.3,0
2026-08-12,ILI incidence,2026-08-23,3,LU,quantile,0.35,0
2026-08-12,ILI incidence,2026-08-23,3,LU,quantile,0.4,0
2026-08-12,ILI incidence,2026-08-23,3,LU,quantile,0.45,0.2516547590879554
2026-08-12,ILI incidence,2026-08-23,3,LU,quantile,0.5,0.5819575200324001
2026-08-12,ILI incidence,2026-08-23,3,LU,quantile,0.55,0.9994248230323723
2026-08-12,ILI incidence,2026-08-23,3,LU,quantile,0.6,1.5366111574494639
2026-08-12,ILI incidence,2026-08-23,3,LU,quantile,0.65,2.2439421833138735
2026-08-12,ILI incidence,2026-08-23,3,LU,quantile,0.7,3.203823362548408
2026-08-12,ILI incidence,2026-08-23,3,LU,quantile,0.75,4.560663953368768
2026-08-12,ILI incidence,2026-08-23,3,LU,quantile,0.8,6.592815212749469
2026-08-12,ILI incidence,2026-08-23,3,LU,quantile,0.85,9.916508070448439
2026-08-12,ILI incidence,2026-08-23,3,LU,quantile,0.9,16.237819537293433
2026-08-12,ILI incidence,2026-08-23,3,LU,quantile,0.95,32.926489681686576
2026-08-12,ILI incidence,2026-08-23,3,LU,quantile,0.975,60.03643644755203
2026-08-12,ILI incidence,2026-08-23,3,LU,quantile,0.99,119.82037995684593
2026-08-12,ILI incidence,2026-08-23,3,LU,median,,0.5819575200324001
2026-08-12,ILI incidence,2026-08-30,4,LU,quantile,0.01,0
2026-08-12,ILI incidence,2026-08-30,4,LU,quantile,0.025,0
2026-08-12,ILI incidence,2026-08-30,4,LU,quantile,0.05,0
2026-08-12,ILI incidence,2026-08-30,4,LU,quantile,0.1,0
2026-08-12,ILI incidence,2026-08-30,4,LU,quantile,0.15,0
2026-08-12,ILI incidence,2026-08-30,4,LU,quantile,0.2,0
2026-08-12,ILI incidence,2026-08-30,4,LU,quantile,0.25,0
2026-08-12,ILI incidence,2026-08-30,4,LU,quantile,0.3,0
2026-08-12,ILI incidence,2026-08-30,4,LU,quantile,0.35,0
2026-08-12,ILI incidence,2026-08-30,4,LU,quantile,0.4,0
2026-08-12,ILI incidence,2026-08-30,4,LU,quantile,0.45,0.16793312584200315
2026-08-12,ILI incidence,2026-08-30,4,LU,quantile,0.5,0.5286392664924131
2026-08-12,ILI incidence,2026-08-30,4,LU,quantile,0.55,1.0007464086420437
2026-08-12,ILI incidence,2026-08-30,4,LU,quantile,0.6,1.6300386799365754
2026-08-12,ILI incidence,2026-08-30,4,LU,quantile,0.65,2.4891565042793964
2026-08-12,ILI incidence,2026-08-30,4,LU,quantile,0.7,3.699906547781369
2026-08-12,ILI incidence,2026-08-30,4,LU,quantile,0.75,5.481842422819655
2026-08-12,ILI incidence,2026-08-30,4,LU,quantile,0.8,8.271713112180693
2026-08-12,ILI incidence,2026-08-30,4,LU,quantile,0.85,13.07243881349476
2026-08-12,ILI incidence,2026-08-30,4,LU,quantile,0.9,22.78877900740944
2026-08-12,ILI incidence,2026-08-30,4,LU,quantile,0.95,50.797240365646346
2026-08-12,ILI incidence,2026-08-30,4,LU,quantile,0.975,100.72187990305565
2026-08-12,ILI incidence,2026-08-30,4,LU,quantile,0.99,221.95411236628618
2026-08-12,ILI incidence,2026-08-30,4,LU,median,,0.5286392664924131
2026-08-12,ILI incidence,2026-08-09,1,MT,quantile,0.01,728.2529996869445
2026-08-12,ILI incidence,2026-08-09,1,MT,quantile,0.025,845.1566071210867
2026-08-12,ILI incidence,2026-08-09,1,MT,quantile,0.05,960.5827954826743
2026-08-12,ILI incidence,2026-08-09,1,MT,quantile,0.1,1113.3357406103512
2026-08-12,ILI incidence,2026-08-09,1,MT,quantile,0.15,1229.881872766617
2026-08-12,ILI incidence,2026-08-09,1,MT,quantile,0.2,1331.142295554078
2026-08-12,ILI incidence,2026-08-09,1,MT,quantile,0.25,1424.6284034361931
2026-08-12,ILI incidence,2026-08-09,1,MT,quantile,0.3,1514.1599709861714
2026-08-12,ILI incidence,2026-08-09,1,MT,quantile,0.35,1602.1359240802649
2026-08-12,ILI incidence,2026-08-09,1,MT,quantile,0.4,1690.3352580092183
2026-08-12,ILI incidence,2026-08-09,1,MT,quantile,0.45,1780.284950421587
2026-08-12,ILI incidence,2026-08-09,1,MT,quantile,0.5,1873.4778262608995
2026-08-12,ILI incidence,2026-08-09,1,MT,quantile,0.55,1971.5463465641421
2026-08-12,ILI incidence,2026-08-09,1,MT,quantile,0.6,2076.451590100203
2026-08-12,ILI incidence,2026-08-09,1,MT,quantile,0.65,2190.746232097951
2026-08-12,ILI incidence,2026-08-09,1,MT,quantile,0.7,2318.0073579206614
2026-08-12,ILI incidence,2026-08-09,1,MT,quantile,0.75,2463.6444421805822
2026-08-12,ILI incidence,2026-08-09,1,MT,quantile,0.8,2636.606457561163
2026-08-12,ILI incidence,2026-08-09,1,MT,quantile,0.85,2853.5932789197914
2026-08-12,ILI incidence,2026-08-09,1,MT,quantile,0.9,3152.149444187493
2026-08-12,ILI incidence,2026-08-09,1,MT,quantile,0.95,3653.045327818156
2026-08-12,ILI incidence,2026-08-09,1,MT,quantile,0.975,4151.502139170763
2026-08-12,ILI incidence,2026-08-09,1,MT,quantile,0.99,4817.173010809884
2026-08-12,ILI incidence,2026-08-09,1,MT,median,,1873.4778262608995
2026-08-12,ILI incidence,2026-08-16,2,MT,quantile,0.01,676.7950339342433
2026-08-12,ILI incidence,2026-08-16,2,MT,quantile,0.025,794.2730369780558
2026-08-12,ILI incidence,2026-08-16,2,MT,quantile,0.05,911.4718204466258
2026-08-12,ILI incidence,2026-08-16,2,MT,quantile,0.1,1068.1864110654337
2026-08-12,ILI incidence,2026-08-16,2,MT,quantile,0.15,1188.85867874785
2026-08-12,ILI incidence,2026-08-16,2,MT,quantile,0.2,1294.4062082359337
2026-08-12,ILI incidence,2026-08-16,2,MT,quantile,0.25,1392.3877077320867
2026-08-12,ILI incidence,2026-08-16,2,MT,quantile,0.3,1486.6782799568623
2026-08-12,ILI incidence,2026-08-16,2,MT,quantile,0.35,1579.7390599064236
2026-08-12,ILI incidence,2026-08-16,2,MT,quantile,0.4,1673.4217669344414
2026-08-12,ILI incidence,2026-08-16,2,MT,quantile,0.45,1769.3420078403506
2026-08-12,ILI incidence,2026-08-16,2,MT,quantile,0.5,1869.1047286965365
2026-08-12,ILI incidence,2026-08-16,2,MT,quantile,0.55,1974.4893013918315
2026-08-12,ILI incidence,2026-08-16,2,MT,quantile,0.6,2087.6563740126508
2026-08-12,ILI incidence,2026-08-16,2,MT,quantile,0.65,2211.440867058844
2026-08-12,ILI incidence,2026-08-16,2,MT,quantile,0.7,2349.8387152056534
2026-08-12,ILI incidence,2026-08-16,2,MT,quantile,0.75,2508.9200150010133
2026-08-12,ILI incidence,2026-08-16,2,MT,quantile,0.8,2698.764501712332
2026-08-12,ILI incidence,2026-08-16,2,MT,quantile,0.85,2938.249642632794
2026-08-12,ILI incidence,2026-08-16,2,MT,quantile,0.9,3269.984049271754
2026-08-12,ILI incidence,2026-08-16,2,MT,quantile,0.95,3831.7667966571626
2026-08-12,ILI incidence,2026-08-16,2,MT,quantile,0.975,4396.59872858565
2026-08-12,ILI incidence,2026-08-16,2,MT,quantile,0.99,5158.807200110638
2026-08-12,ILI incidence,2026-08-16,2,MT,median,,1869.1047286965365
2026-08-12,ILI incidence,2026-08-23,3,MT,quantile,0.01,631.5180735446052
2026-08-12,ILI incidence,2026-08-23,3,MT,quantile,0.025,748.9975757925108
2026-08-12,ILI incidence,2026-08-23,3,MT,quantile,0.05,867.3457691485836
2026-08-12,ILI incidence,2026-08-23,3,MT,quantile,0.1,1027.1518794531307
2026-08-12,ILI incidence,2026-08-23,3,MT,quantile,0.15,1151.2746521344586
2026-08-12,ILI incidence,2026-08-23,3,MT,quantile,0.2,1260.5254995222012
2026-08-12,ILI incidence,2026-08-23,3,MT,quantile,0.25,1362.4721516519087
2026-08-12,ILI incidence,2026-08-23,3,MT,quantile,0.3,1461.0257761213425
2026-08-12,ILI incidence,2026-08-23,3,MT,quantile,0.35,1558.6983406695451
2026-08-12,ILI incidence,2026-08-23,3,MT,quantile,0.4,1657.4068374549604
2026-08-12,ILI incidence,2026-08-23,3,MT,quantile,0.45,1758.8502627201685
2026-08-12,ILI incidence,2026-08-23,3,MT,quantile,0.5,1864.7418334306694
2026-08-12,ILI incidence,2026-08-23,3,MT,quantile,0.55,1977.00498301073
2026-08-12,ILI incidence,2026-08-23,3,MT,quantile,0.6,2097.997972267932
2026-08-12,ILI incidence,2026-08-23,3,MT,quantile,0.65,2230.8370791616817
2026-08-12,ILI incidence,2026-08-23,3,MT,quantile,0.7,2379.9379053822713
2026-08-12,ILI incidence,2026-08-23,3,MT,quantile,0.75,2552.0353405427854
2026-08-12,ILI incidence,2026-08-23,3,MT,quantile,0.8,2758.3517454317416
2026-08-12,ILI incidence,2026-08-23,3,MT,quantile,0.85,3019.9747151558818
2026-08-12,ILI incidence,2026-08-23,3,MT,quantile,0.9,3384.6793520279903
2026-08-12,ILI incidence,2026-08-23,3,MT,quantile,0.95,4007.763228530914
2026-08-12,ILI incidence,2026-08-23,3,MT,quantile,0.975,4640.3384541075675
2026-08-12,ILI incidence,2026-08-23,3,MT,quantile,0.99,5502.388337199432
2026-08-12,ILI incidence,2026-08-23,3,MT,median,,1864.7418334306694
2026-08-12,ILI incidence,2026-08-30,4,MT,quantile,0.01,591.2359776232962
2026-08-12,ILI incidence,2026-08-30,4,MT,quantile,0.025,708.2883273459605
2026-08-12,ILI incidence,2026-08-30,4,MT,quantile,0.05,827.3030039585921
2026-08-12,ILI incidence,2026-08-30,4,MT,quantile,0.1,989.5089598747302
2026-08-12,ILI incidence,2026-08-30,4,MT,quantile,0.15,1116.5357626164443
2026-08-12,ILI incidence,2026-08-30,4,MT,quantile,0.2,1229.0129684949766
2026-08-12,ILI incidence,2026-08-30,4,MT,quantile,0.25,1334.4886129673148
2026-08-12,ILI incidence,2026-08-30,4,MT,quantile,0.3,1436.8953582274846
2026-08-12,ILI incidence,2026-08-30,4,MT,quantile,0.35,1538.7873760807695
2026-08-12,ILI incidence,2026-08-30,4,MT,quantile,0.4,1642.1413049850826
2026-08-12,ILI incidence,2026-08-30,4,MT,quantile,0.45,1748.7356386345061
2026-08-12,ILI incidence,2026-08-30,4,MT,quantile,0.5,1860.389116661658
2026-08-12,ILI incidence,2026-08-30,4,MT,quantile,0.55,1979.167384788695
2026-08-12,ILI incidence,2026-08-30,4,MT,quantile,0.6,2107.6253708763793
2026-08-12,ILI incidence,2026-08-30,4,MT,quantile,0.65,2249.160962122814
2026-08-12,ILI incidence,2026-08-30,4,MT,quantile,0.7,2408.61167570465
2026-08-12,ILI incidence,2026-08-30,4,MT,quantile,0.75,2593.3833664954395
2026-08-12,ILI incidence,2026-08-30,4,MT,quantile,0.8,2815.856027027017
2026-08-12,ILI incidence,2026-08-30,4,MT,quantile,0.85,3099.365607552937
2026-08-12,ILI incidence,2026-08-30,4,MT,quantile,0.9,3496.968805920397
2026-08-12,ILI incidence,2026-08-30,4,MT,quantile,0.95,4181.973413192734
2026-08-12,ILI incidence,2026-08-30,4,MT,quantile,0.975,4883.853324163754
2026-08-12,ILI incidence,2026-08-30,4,MT,quantile,0.99,5849.319086542061
2026-08-12,ILI incidence,2026-08-30,4,MT,median,,1860.389116661658
2026-08-12,ILI incidence,2026-08-09,1,NO,quantile,0.01,1.3864096282870717
2026-08-12,ILI incidence,2026-08-09,1,NO,quantile,0.025,1.7938828626892294
2026-08-12,ILI incidence,2026-08-09,1,NO,quantile,0.05,2.1995604792863936
2026-08-12,ILI incidence,2026-08-09,1,NO,quantile,0.1,2.740913348180239
2026-08-12,ILI incidence,2026-08-09,1,NO,quantile,0.15,3.157008422329934
2026-08-12,ILI incidence,2026-08-09,1,NO,quantile,0.2,3.5204730051262922
2026-08-12,ILI incidence,2026-08-09,1,NO,quantile,0.25,3.857517701247664
2026-08-12,ILI incidence,2026-08-09,1,NO,quantile,0.3,4.1815579148268
2026-08-12,ILI incidence,2026-08-09,1,NO,quantile,0.35,4.5010947183347865
2026-08-12,ILI incidence,2026-08-09,1,NO,quantile,0.4,4.822505672065347
2026-08-12,ILI incidence,2026-08-09,1,NO,quantile,0.45,5.151337097365133
2026-08-12,ILI incidence,2026-08-09,1,NO,quantile,0.5,5.493081427873035
2026-08-12,ILI incidence,2026-08-09,1,NO,quantile,0.55,5.85381174233625
2026-08-12,ILI incidence,2026-08-09,1,NO,quantile,0.6,6.240887137519058
2026-08-12,ILI incidence,2026-08-09,1,NO,quantile,0.65,6.663948466197624
2026-08-12,ILI incidence,2026-08-09,1,NO,quantile,0.7,7.13656956498555
2026-08-12,ILI incidence,2026-08-09,1,NO,quantile,0.75,7.679352093387294
2026-08-12,ILI incidence,2026-08-09,1,NO,quantile,0.8,8.326481184862617
2026-08-12,ILI incidence,2026-08-09,1,NO,quantile,0.85,9.141934330111296
2026-08-12,ILI incidence,2026-08-09,1,NO,quantile,0.9,10.270003473750188
2026-08-12,ILI incidence,2026-08-09,1,NO,quantile,0.95,12.176843101397724
2026-08-12,ILI incidence,2026-08-09,1,NO,quantile,0.975,14.090148191971384
2026-08-12,ILI incidence,2026-08-09,1,NO,quantile,0.99,16.666751729983428
2026-08-12,ILI incidence,2026-08-09,1,NO,median,,5.493081427873035
2026-08-12,ILI incidence,2026-08-16,2,NO,quantile,0.01,0.9170021904651346
2026-08-12,ILI incidence,2026-08-16,2,NO,quantile,0.025,1.3033640416612178
2026-08-12,ILI incidence,2026-08-16,2,NO,quantile,0.05,1.697387614442908
2026-08-12,ILI incidence,2026-08-16,2,NO,quantile,0.1,2.2360304682176935
2026-08-12,ILI incidence,2026-08-16,2,NO,quantile,0.15,2.658981762289045
2026-08-12,ILI incidence,2026-08-16,2,NO,quantile,0.2,3.0342170467248835
2026-08-12,ILI incidence,2026-08-16,2,NO,quantile,0.25,3.386658641959264
2026-08-12,ILI incidence,2026-08-16,2,NO,quantile,0.3,3.729326929816934
2026-08-12,ILI incidence,2026-08-16,2,NO,quantile,0.35,4.070710171357493
2026-08-12,ILI incidence,2026-08-16,2,NO,quantile,0.4,4.417407904913658
2026-08-12,ILI incidence,2026-08-16,2,NO,quantile,0.45,4.775387508331338
2026-08-12,ILI incidence,2026-08-16,2,NO,quantile,0.5,5.15077906860192
2026-08-12,ILI incidence,2026-08-16,2,NO,quantile,0.55,5.5505705194978665
2026-08-12,ILI incidence,2026-08-16,2,NO,quantile,0.6,5.983428941438456
2026-08-12,ILI incidence,2026-08-16,2,NO,quantile,0.65,6.460904266319641
2026-08-12,ILI incidence,2026-08-16,2,NO,quantile,0.7,6.999464556411189
2026-08-12,ILI incidence,2026-08-16,2,NO,quantile,0.75,7.624350841636067
2026-08-12,ILI incidence,2026-08-16,2,NO,quantile,0.8,8.377800627129096
2026-08-12,ILI incidence,2026-08-16,2,NO,quantile,0.85,9.339511265310026
2026-08-12,ILI incidence,2026-08-16,2,NO,quantile,0.9,10.6908921353847
2026-08-12,ILI incidence,2026-08-16,2,NO,quantile,0.95,13.025452978349554
2026-08-12,ILI incidence,2026-08-16,2,NO,quantile,0.975,15.424708585563607
2026-08-12,ILI incidence,2026-08-16,2,NO,quantile,0.99,18.7350234334224
2026-08-12,ILI incidence,2026-08-16,2,NO,median,,5.15077906860192
2026-08-12,ILI incidence,2026-08-23,3,NO,quantile,0.01,0.4684287142744583
2026-08-12,ILI incidence,2026-08-23,3,NO,quantile,0.025,0.8244057480232374
2026-08-12,ILI incidence,2026-08-23,3,NO,quantile,0.05,1.1988600919128265
2026-08-12,ILI incidence,2026-08-23,3,NO,quantile,0.1,1.7269251870336917
2026-08-12,ILI incidence,2026-08-23,3,NO,quantile,0.15,2.153122070647424
2026-08-12,ILI incidence,2026-08-23,3,NO,quantile,0.2,2.5388722295235766
2026-08-12,ILI incidence,2026-08-23,3,NO,quantile,0.25,2.90721127961676
2026-08-12,ILI incidence,2026-08-23,3,NO,quantile,0.3,3.2705521824767807
2026-08-12,ILI incidence,2026-08-23,3,NO,quantile,0.35,3.637336014830021
2026-08-12,ILI incidence,2026-08-23,3,NO,quantile,0.4,4.014464803295822
2026-08-12,ILI incidence,2026-08-23,3,NO,quantile,0.45,4.4085074406560745
2026-08-12,ILI incidence,2026-08-23,3,NO,quantile,0.5,4.826522209985454
2026-08-12,ILI incidence,2026-08-23,3,NO,quantile,0.55,5.276844662958567
2026-08-12,ILI incidence,2026-08-23,3,NO,quantile,0.6,5.77008661844446
2026-08-12,ILI incidence,2026-08-23,3,NO,quantile,0.65,6.320660171031005
2026-08-12,ILI incidence,2026-08-23,3,NO,quantile,0.7,6.949407854739021
2026-08-12,ILI incidence,2026-08-23,3,NO,quantile,0.75,7.68864226527919
2026-08-12,ILI incidence,2026-08-23,3,NO,quantile,0.8,8.592988630737905
2026-08-12,ILI incidence,2026-08-23,3,NO,quantile,0.85,9.766586355625375
2026-08-12,ILI incidence,2026-08-23,3,NO,quantile,0.9,11.449318824321065
2026-08-12,ILI incidence,2026-08-23,3,NO,quantile,0.95,14.439072812459603
2026-08-12,ILI incidence,2026-08-23,3,NO,quantile,0.975,17.6079007371234
2026-08-12,ILI incidence,2026-08-23,3,NO,quantile,0.99,22.118834937947558
2026-08-12,ILI incidence,2026-08-23,3,NO,median,,4.826522209985454
2026-08-12,ILI incidence,2026-08-30,4,NO,quantile,0.01,0.0801088705468811
2026-08-12,ILI incidence,2026-08-30,4,NO,quantile,0.025,0.3964938329390657
2026-08-12,ILI incidence,2026-08-30,4,NO,quantile,0.05,0.7417934704580649
2026-08-12,ILI incidence,2026-08-30,4,NO,quantile,0.1,1.2471376020111533
2026-08-12,ILI incidence,2026-08-30,4,NO,quantile,0.15,1.668537024555218
2026-08-12,ILI incidence,2026-08-30,4,NO,quantile,0.2,2.059127461437277
2026-08-12,ILI incidence,2026-08-30,4,NO,quantile,0.25,2.439478300990907
2026-08-12,ILI incidence,2026-08-30,4,NO,quantile,0.3,2.8211831853929192
2026-08-12,ILI incidence,2026-08-30,4,NO,quantile,0.35,3.2126038002254536
2026-08-12,ILI incidence,2026-08-30,4,NO,quantile,0.4,3.6210348102867354
2026-08-12,ILI incidence,2026-08-30,4,NO,quantile,0.45,4.053848277433981
2026-08-12,ILI incidence,2026-08-30,4,NO,quantile,0.5,4.519359529063739
2026-08-12,ILI incidence,2026-08-30,4,NO,quantile,0.55,5.027749140608157
2026-08-12,ILI incidence,2026-08-30,4,NO,quantile,0.6,5.592317708417447
2026-08-12,ILI incidence,2026-08-30,4,NO,quantile,0.65,6.231472755504885
2026-08-12,ILI incidence,2026-08-30,4,NO,quantile,0.7,6.972224343370303
2026-08-12,ILI incidence,2026-08-30,4,NO,quantile,0.75,7.856962290557343
2026-08-12,ILI incidence,2026-08-30,4,NO,quantile,0.8,8.9581759815768
2026-08-12,ILI incidence,2026-08-30,4,NO,quantile,0.85,10.415741783138358
2026-08-12,ILI incidence,2026-08-30,4,NO,quantile,0.9,12.556503875776231
2026-08-12,ILI incidence,2026-08-30,4,NO,quantile,0.95,16.489633603377374
2026-08-12,ILI incidence,2026-08-30,4,NO,quantile,0.975,20.81415262461522
2026-08-12,ILI incidence,2026-08-30,4,NO,quantile,0.99,27.20394354843368
2026-08-12,ILI incidence,2026-08-30,4,NO,median,,4.519359529063739
2026-08-12,ILI incidence,2026-08-09,1,SI,quantile,0.01,0
2026-08-12,ILI incidence,2026-08-09,1,SI,quantile,0.025,0
2026-08-12,ILI incidence,2026-08-09,1,SI,quantile,0.05,0
2026-08-12,ILI incidence,2026-08-09,1,SI,quantile,0.1,0
2026-08-12,ILI incidence,2026-08-09,1,SI,quantile,0.15,0
2026-08-12,ILI incidence,2026-08-09,1,SI,quantile,0.2,0
2026-08-12,ILI incidence,2026-08-09,1,SI,quantile,0.25,0
2026-08-12,ILI incidence,2026-08-09,1,SI,quantile,0.3,0
2026-08-12,ILI incidence,2026-08-09,1,SI,quantile,0.35,0
2026-08-12,ILI incidence,2026-08-09,1,SI,quantile,0.4,0
2026-08-12,ILI incidence,2026-08-09,1,SI,quantile,0.45,0
2026-08-12,ILI incidence,2026-08-09,1,SI,quantile,0.5,0.048978195816372416
2026-08-12,ILI incidence,2026-08-09,1,SI,quantile,0.55,0.14693303205192487
2026-08-12,ILI incidence,2026-08-09,1,SI,quantile,0.6,0.2558398866795282
2026-08-12,ILI incidence,2026-08-09,1,SI,quantile,0.65,0.3792830025207099
2026-08-12,ILI incidence,2026-08-09,1,SI,quantile,0.7,0.5225276717775182
2026-08-12,ILI incidence,2026-08-09,1,SI,quantile,0.75,0.693845462425549
2026-08-12,ILI incidence,2026-08-09,1,SI,quantile,0.8,0.9073948096042554
2026-08-12,ILI incidence,2026-08-09,1,SI,quantile,0.85,1.1905239868286843
2026-08-12,ILI incidence,2026-08-09,1,SI,quantile,0.9,1.6072151343127072
2026-08-12,ILI incidence,2026-08-09,1,SI,quantile,0.95,2.3749723927295747
2026-08-12,ILI incidence,2026-08-09,1,SI,quantile,0.975,3.2217692686986172
2026-08-12,ILI incidence,2026-08-09,1,SI,quantile,0.99,4.4769492767476144
2026-08-12,ILI incidence,2026-08-09,1,SI,median,,0.048978195816372416
2026-08-12,ILI incidence,2026-08-16,2,SI,quantile,0.01,0
2026-08-12,ILI incidence,2026-08-16,2,SI,quantile,0.025,0
2026-08-12,ILI incidence,2026-08-16,2,SI,quantile,0.05,0
2026-08-12,ILI incidence,2026-08-16,2,SI,quantile,0.1,0
2026-08-12,ILI incidence,2026-08-16,2,SI,quantile,0.15,0
2026-08-12,ILI incidence,2026-08-16,2,SI,quantile,0.2,0
2026-08-12,ILI incidence,2026-08-16,2,SI,quantile,0.25,0
2026-08-12,ILI incidence,2026-08-16,2,SI,quantile,0.3,0
2026-08-12,ILI incidence,2026-08-16,2,SI,quantile,0.35,0
2026-08-12,ILI incidence,2026-08-16,2,SI,quantile,0.4,0
2026-08-12,ILI incidence,2026-08-16,2,SI,quantile,0.45,0
2026-08-12,ILI incidence,2026-08-16,2,SI,quantile,0.5,0.0053359151815619565
2026-08-12,ILI incidence,2026-08-16,2,SI,quantile,0.55,0.13329885350781434
2026-08-12,ILI incidence,2026-08-16,2,SI,quantile,0.6,0.2800176520948541
2026-08-12,ILI incidence,2026-08-16,2,SI,quantile,0.65,0.45165314760323283
2026-08-12,ILI incidence,2026-08-16,2,SI,quantile,0.7,0.6574959001159586
2026-08-12,ILI incidence,2026-08-16,2,SI,quantile,0.75,0.9124967198882141
2026-08-12,ILI incidence,2026-08-16,2,SI,quantile,0.8,1.2428782893329773
2026-08-12,ILI incidence,2026-08-16,2,SI,quantile,0.85,1.7006766908595115
2026-08-12,ILI incidence,2026-08-16,2,SI,quantile,0.9,2.4116931399226127
2026-08-12,ILI incidence,2026-08-16,2,SI,quantile,0.95,3.823967223541798
2026-08-12,ILI incidence,2026-08-16,2,SI,quantile,0.975,5.51453982519754
2026-08-12,ILI incidence,2026-08-16,2,SI,quantile,0.99,8.238346308619201
2026-08-12,ILI incidence,2026-08-16,2,SI,median,,0.0053359151815619565
2026-08-12,ILI incidence,2026-08-23,3,SI,quantile,0.01,0
2026-08-12,ILI incidence,2026-08-23,3,SI,quantile,0.025,0
2026-08-12,ILI incidence,2026-08-23,3,SI,quantile,0.05,0
2026-08-12,ILI incidence,2026-08-23,3,SI,quantile,0.1,0
2026-08-12,ILI incidence,2026-08-23,3,SI,quantile,0.15,0
2026-08-12,ILI incidence,2026-08-23,3,SI,quantile,0.2,0
2026-08-12,ILI incidence,2026-08-23,3,SI,quantile,0.25,0
2026-08-12,ILI incidence,2026-08-23,3,SI,quantile,0.3,0
2026-08-12,ILI incidence,2026-08-23,3,SI,quantile,0.35,0
2026-08-12,ILI incidence,2026-08-23,3,SI,quantile,0.4,0
2026-08-12,ILI incidence,2026-08-23,3,SI,quantile,0.45,0
2026-08-12,ILI incidence,2026-08-23,3,SI,quantile,0.5,0
2026-08-12,ILI incidence,2026-08-23,3,SI,quantile,0.55,0.11808137394652296
2026-08-12,ILI incidence,2026-08-23,3,SI,quantile,0.6,0.3005644530154252
2026-08-12,ILI incidence,2026-08-23,3,SI,quantile,0.65,0.5205304321188562
2026-08-12,ILI incidence,2026-08-23,3,SI,quantile,0.7,0.7927211670794905
2026-08-12,ILI incidence,2026-08-23,3,SI,quantile,0.75,1.1413690112728512
2026-08-12,ILI incidence,2026-08-23,3,SI,quantile,0.8,1.6099592743702105
2026-08-12,ILI incidence,2026-08-23,3,SI,quantile,0.85,2.287077026468456
2026-08-12,ILI incidence,2026-08-23,3,SI,quantile,0.9,3.3939423318426236
2026-08-12,ILI incidence,2026-08-23,3,SI,quantile,0.95,5.755713866127592
2026-08-12,ILI incidence,2026-08-23,3,SI,quantile,0.975,8.810859179060607
2026-08-12,ILI incidence,2026-08-23,3,SI,quantile,0.99,14.139400273812235
2026-08-12,ILI incidence,2026-08-23,3,SI,median,,0
2026-08-12,ILI incidence,2026-08-30,4,SI,quantile,0.01,0
2026-08-12,ILI incidence,2026-08-30,4,SI,quantile,0.025,0
2026-08-12,ILI incidence,2026-08-30,4,SI,quantile,0.05,0
2026-08-12,ILI incidence,2026-08-30,4,SI,quantile,0.1,0
2026-08-12,ILI incidence,2026-08-30,4,SI,quantile,0.15,0
2026-08-12,ILI incidence,2026-08-30,4,SI,quantile,0.2,0
2026-08-12,ILI incidence,2026-08-30,4,SI,quantile,0.25,0
2026-08-12,ILI incidence,2026-08-30,4,SI,quantile,0.3,0
2026-08-12,ILI incidence,2026-08-30,4,SI,quantile,0.35,0
2026-08-12,ILI incidence,2026-08-30,4,SI,quantile,0.4,0
2026-08-12,ILI incidence,2026-08-30,4,SI,quantile,0.45,0
2026-08-12,ILI incidence,2026-08-30,4,SI,quantile,0.5,0
2026-08-12,ILI incidence,2026-08-30,4,SI,quantile,0.55,0.10262539953601624
2026-08-12,ILI incidence,2026-08-30,4,SI,quantile,0.6,0.3203717518761102
2026-08-12,ILI incidence,2026-08-30,4,SI,quantile,0.65,0.5907160175206054
2026-08-12,ILI incidence,2026-08-30,4,SI,quantile,0.7,0.9357323409581202
2026-08-12,ILI incidence,2026-08-30,4,SI,quantile,0.75,1.3924690135168212
2026-08-12,ILI incidence,2026-08-30,4,SI,quantile,0.8,2.028961933321293
2026-08-12,ILI incidence,2026-08-30,4,SI,quantile,0.85,2.987575154198434
2026-08-12,ILI incidence,2026-08-30,4,SI,quantile,0.9,4.63586137025094
2026-08-12,ILI incidence,2026-08-30,4,SI,quantile,0.95,8.411428364896421
2026-08-12,ILI incidence,2026-08-30,4,SI,quantile,0.975,13.682852953443245
2026-08-12,ILI incidence,2026-08-30,4,SI,quantile,0.99,23.62605093501889
2026-08-12,ILI incidence,2026-08-30,4,SI,median,,0
