origin_date,target,target_end_date,horizon,location,output_type,output_type_id,value
2026-09-30,ARI incidence,2026-09-27,1,BE,quantile,0.01,686.9692124118541
2026-09-30,ARI incidence,2026-09-27,1,BE,quantile,0.025,712.6427428950377
2026-09-30,ARI incidence,2026-09-27,1,BE,quantile,0.05,739.0200429317935
2026-09-30,ARI incidence,2026-09-27,1,BE,quantile,0.1,766.4628916282373
2026-09-30,ARI incidence,2026-09-27,1,BE,quantile,0.15,785.507254783723
2026-09-30,ARI incidence,2026-09-27,1,BE,quantile,0.2,800.9795930557468
2026-09-30,ARI incidence,2026-09-27,1,BE,quantile,0.25,814.4958319908008
2026-09-30,ARI incidence,2026-09-27,1,BE,quantile,0.3,826.8278606735896
2026-09-30,ARI incidence,2026-09-27,1,BE,quantile,0.35,838.4217314845004
2026-09-30,ARI incidence,2026-09-27,1,BE,quantile,0.4,849.5732861151662
2026-09-30,ARI incidence,2026-09-27,1,BE,quantile,0.45,864.2303967424573
2026-09-30,ARI incidence,2026-09-27,1,BE,quantile,0.5,875.1715989405094
2026-09-30,ARI incidence,2026-09-27,1,BE,quantile,0.55,886.3424185607462
2026-09-30,ARI incidence,2026-09-27,1,BE,quantile,0.6,897.7451866281508
2026-09-30,ARI incidence,2026-09-27,1,BE,quantile,0.65,909.6848686994949
2026-09-30,ARI incidence,2026-09-27,1,BE,quantile,0.7,922.4391947895051
2026-09-30,ARI incidence,2026-09-27,1,BE,quantile,0.75,936.4035877828375
2026-09-30,ARI incidence,2026-09-27,1,BE,quantile,0.8,952.2022434320777
2026-09-30,ARI incidence,2026-09-27,1,BE,quantile,0.85,970.9538833558271
2026-09-30,ARI incidence,2026-09-27,1,BE,quantile,0.9,998.6774588562473
2026-09-30,ARI incidence,2026-09-27,1,BE,quantile,0.95,1048.2411231428075
2026-09-30,ARI incidence,2026-09-27,1,BE,quantile,0.975,1081.8302327107317
2026-09-30,ARI incidence,2026-09-27,1,BE,quantile,0.99,1122.2391267223556
2026-09-30,ARI incidence,2026-10-04,2,BE,quantile,0.01,550.4718602570683
2026-09-30,ARI incidence,2026-10-04,2,BE,quantile,0.025,591.69497146869
2026-09-30,ARI incidence,2026-10-04,2,BE,quantile,0.05,629.6054962265503
2026-09-30,ARI incidence,2026-10-04,2,BE,quantile,0.1,680.5017524168552
2026-09-30,ARI incidence,2026-10-04,2,BE,quantile,0.15,714.1093623298639
2026-09-30,ARI incidence,2026-10-04,2,BE,quantile,0.2,743.9031257183784
2026-09-30,ARI incidence,2026-10-04,2,BE,quantile,0.25,776.4639466592726
2026-09-30,ARI incidence,2026-10-04,2,BE,quantile,0.3,797.3187194124719
2026-09-30,ARI incidence,2026-10-04,2,BE,quantile,0.35,825.055468319702
2026-09-30,ARI incidence,2026-10-04,2,BE,quantile,0.4,856.6036646310233
2026-09-30,ARI incidence,2026-10-04,2,BE,quantile,0.45,889.1734895323297
2026-09-30,ARI incidence,2026-10-04,2,BE,quantile,0.5,907.9358432049165
2026-09-30,ARI incidence,2026-10-04,2,BE,quantile,0.55,934.4020455424047
2026-09-30,ARI incidence,2026-10-04,2,BE,quantile,0.6,958.2537779111561
2026-09-30,ARI incidence,2026-10-04,2,BE,quantile,0.65,993.2931530784466
2026-09-30,ARI incidence,2026-10-04,2,BE,quantile,0.7,1021.6056591751573
2026-09-30,ARI incidence,2026-10-04,2,BE,quantile,0.75,1061.297706686212
2026-09-30,ARI incidence,2026-10-04,2,BE,quantile,0.8,1099.4381332830822
2026-09-30,ARI incidence,2026-10-04,2,BE,quantile,0.85,1156.0578155177777
2026-09-30,ARI incidence,2026-10-04,2,BE,quantile,0.9,1239.5082675977108
2026-09-30,ARI incidence,2026-10-04,2,BE,quantile,0.95,1336.6291685893816
2026-09-30,ARI incidence,2026-10-04,2,BE,quantile,0.975,1427.0038783645869
2026-09-30,ARI incidence,2026-10-04,2,BE,quantile,0.99,1539.788927225603
2026-09-30,ARI incidence,2026-10-11,3,BE,quantile,0.01,460.013576984329
2026-09-30,ARI incidence,2026-10-11,3,BE,quantile,0.025,504.8027592298994
2026-09-30,ARI incidence,2026-10-11,3,BE,quantile,0.05,551.0304523751718
2026-09-30,ARI incidence,2026-10-11,3,BE,quantile,0.1,616.5487420043567
2026-09-30,ARI incidence,2026-10-11,3,BE,quantile,0.15,665.0923353622989
2026-09-30,ARI incidence,2026-10-11,3,BE,quantile,0.2,695.9436086574649
2026-09-30,ARI incidence,2026-10-11,3,BE,quantile,0.25,731.7817659169565
2026-09-30,ARI incidence,2026-10-11,3,BE,quantile,0.3,769.756466282179
2026-09-30,ARI incidence,2026-10-11,3,BE,quantile,0.35,799.9094596488604
2026-09-30,ARI incidence,2026-10-11,3,BE,quantile,0.4,832.4289968026452
2026-09-30,ARI incidence,2026-10-11,3,BE,quantile,0.45,862.558169204217
2026-09-30,ARI incidence,2026-10-11,3,BE,quantile,0.5,885.6900810427667
2026-09-30,ARI incidence,2026-10-11,3,BE,quantile,0.55,916.7247283131874
2026-09-30,ARI incidence,2026-10-11,3,BE,quantile,0.6,953.7956546332667
2026-09-30,ARI incidence,2026-10-11,3,BE,quantile,0.65,982.063090217027
2026-09-30,ARI incidence,2026-10-11,3,BE,quantile,0.7,1018.7538471983188
2026-09-30,ARI incidence,2026-10-11,3,BE,quantile,0.75,1066.5330508501477
2026-09-30,ARI incidence,2026-10-11,3,BE,quantile,0.8,1119.7049562943744
2026-09-30,ARI incidence,2026-10-11,3,BE,quantile,0.85,1175.3963167857708
2026-09-30,ARI incidence,2026-10-11,3,BE,quantile,0.9,1269.1277990792396
2026-09-30,ARI incidence,2026-10-11,3,BE,quantile,0.95,1407.7399222610338
2026-09-30,ARI incidence,2026-10-11,3,BE,quantile,0.975,1519.1598128545115
2026-09-30,ARI incidence,2026-10-11,3,BE,quantile,0.99,1659.8362321884329
2026-09-30,ARI incidence,2026-10-18,4,BE,quantile,0.01,422.0181562821968
2026-09-30,ARI incidence,2026-10-18,4,BE,quantile,0.025,475.13497836769477
2026-09-30,ARI incidence,2026-10-18,4,BE,quantile,0.05,526.123101007862
2026-09-30,ARI incidence,2026-10-18,4,BE,quantile,0.1,583.171518848966
2026-09-30,ARI incidence,2026-10-18,4,BE,quantile,0.15,623.0519846058099
2026-09-30,ARI incidence,2026-10-18,4,BE,quantile,0.2,663.899569114152
2026-09-30,ARI incidence,2026-10-18,4,BE,quantile,0.25,705.3463686701621
2026-09-30,ARI incidence,2026-10-18,4,BE,quantile,0.3,739.8561463608108
2026-09-30,ARI incidence,2026-10-18,4,BE,quantile,0.35,779.9581755506684
2026-09-30,ARI incidence,2026-10-18,4,BE,quantile,0.4,820.095518200354
2026-09-30,ARI incidence,2026-10-18,4,BE,quantile,0.45,847.7581371087665
2026-09-30,ARI incidence,2026-10-18,4,BE,quantile,0.5,880.842875445005
2026-09-30,ARI incidence,2026-10-18,4,BE,quantile,0.55,911.2551730566279
2026-09-30,ARI incidence,2026-10-18,4,BE,quantile,0.6,940.3292473045369
2026-09-30,ARI incidence,2026-10-18,4,BE,quantile,0.65,972.8673340141452
2026-09-30,ARI incidence,2026-10-18,4,BE,quantile,0.7,1017.194325584443
2026-09-30,ARI incidence,2026-10-18,4,BE,quantile,0.75,1067.7753227890023
2026-09-30,ARI incidence,2026-10-18,4,BE,quantile,0.8,1122.071379295895
2026-09-30,ARI incidence,2026-10-18,4,BE,quantile,0.85,1176.8381654699756
2026-09-30,ARI incidence,2026-10-18,4,BE,quantile,0.9,1249.5573099878015
2026-09-30,ARI incidence,2026-10-18,4,BE,quantile,0.95,1399.1272647435435
2026-09-30,ARI incidence,2026-10-18,4,BE,quantile,0.975,1547.560121880159
2026-09-30,ARI incidence,2026-10-18,4,BE,quantile,0.99,1740.0417181545358
2026-09-30,ARI incidence,2026-09-27,1,BG,quantile,0.01,241.6309105170133
2026-09-30,ARI incidence,2026-09-27,1,BG,quantile,0.025,250.68603076554115
2026-09-30,ARI incidence,2026-09-27,1,BG,quantile,0.05,258.7437795199557
2026-09-30,ARI incidence,2026-09-27,1,BG,quantile,0.1,268.3545323931574
2026-09-30,ARI incidence,2026-09-27,1,BG,quantile,0.15,275.038966858954
2026-09-30,ARI incidence,2026-09-27,1,BG,quantile,0.2,280.46965478860386
2026-09-30,ARI incidence,2026-09-27,1,BG,quantile,0.25,285.2137709604364
2026-09-30,ARI incidence,2026-09-27,1,BG,quantile,0.3,289.54224155517994
2026-09-30,ARI incidence,2026-09-27,1,BG,quantile,0.35,293.61162720509526
2026-09-30,ARI incidence,2026-09-27,1,BG,quantile,0.4,297.52576605738983
2026-09-30,ARI incidence,2026-09-27,1,BG,quantile,0.45,301.36222913505736
2026-09-30,ARI incidence,2026-09-27,1,BG,quantile,0.5,305.1860007196239
2026-09-30,ARI incidence,2026-09-27,1,BG,quantile,0.55,309.05812896954797
2026-09-30,ARI incidence,2026-09-27,1,BG,quantile,0.6,313.7018872169142
2026-09-30,ARI incidence,2026-09-27,1,BG,quantile,0.65,318.47990175456016
2026-09-30,ARI incidence,2026-09-27,1,BG,quantile,0.7,324.7319959789074
2026-09-30,ARI incidence,2026-09-27,1,BG,quantile,0.75,329.65775544907876
2026-09-30,ARI incidence,2026-09-27,1,BG,quantile,0.8,335.2305272092047
2026-09-30,ARI incidence,2026-09-27,1,BG,quantile,0.85,341.8449257703371
2026-09-30,ARI incidence,2026-09-27,1,BG,quantile,0.9,350.3525205265259
2026-09-30,ARI incidence,2026-09-27,1,BG,quantile,0.95,363.3519361654498
2026-09-30,ARI incidence,2026-09-27,1,BG,quantile,0.975,375.01584909757844
2026-09-30,ARI incidence,2026-09-27,1,BG,quantile,0.99,389.0479513919867
2026-09-30,ARI incidence,2026-10-04,2,BG,quantile,0.01,169.89880353140367
2026-09-30,ARI incidence,2026-10-04,2,BG,quantile,0.025,190.76736139319738
2026-09-30,ARI incidence,2026-10-04,2,BG,quantile,0.05,211.35642327021108
2026-09-30,ARI incidence,2026-10-04,2,BG,quantile,0.1,237.95371656056517
2026-09-30,ARI incidence,2026-10-04,2,BG,quantile,0.15,256.95646891828363
2026-09-30,ARI incidence,2026-10-04,2,BG,quantile,0.2,274.65861645204876
2026-09-30,ARI incidence,2026-10-04,2,BG,quantile,0.25,289.10719311634693
2026-09-30,ARI incidence,2026-10-04,2,BG,quantile,0.3,302.11631976199004
2026-09-30,ARI incidence,2026-10-04,2,BG,quantile,0.35,317.6816760291393
2026-09-30,ARI incidence,2026-10-04,2,BG,quantile,0.4,332.6991793207961
2026-09-30,ARI incidence,2026-10-04,2,BG,quantile,0.45,346.45888540449295
2026-09-30,ARI incidence,2026-10-04,2,BG,quantile,0.5,358.87734175012065
2026-09-30,ARI incidence,2026-10-04,2,BG,quantile,0.55,372.56603313055393
2026-09-30,ARI incidence,2026-10-04,2,BG,quantile,0.6,387.83568021880166
2026-09-30,ARI incidence,2026-10-04,2,BG,quantile,0.65,405.152832647069
2026-09-30,ARI incidence,2026-10-04,2,BG,quantile,0.7,418.8004192446144
2026-09-30,ARI incidence,2026-10-04,2,BG,quantile,0.75,438.9266701472343
2026-09-30,ARI incidence,2026-10-04,2,BG,quantile,0.8,462.4757084688165
2026-09-30,ARI incidence,2026-10-04,2,BG,quantile,0.85,491.0184829415081
2026-09-30,ARI incidence,2026-10-04,2,BG,quantile,0.9,530.665536634823
2026-09-30,ARI incidence,2026-10-04,2,BG,quantile,0.95,595.9692250421137
2026-09-30,ARI incidence,2026-10-04,2,BG,quantile,0.975,658.0070978306024
2026-09-30,ARI incidence,2026-10-04,2,BG,quantile,0.99,737.142462815003
2026-09-30,ARI incidence,2026-10-11,3,BG,quantile,0.01,171.3627848360024
2026-09-30,ARI incidence,2026-10-11,3,BG,quantile,0.025,197.37857649618368
2026-09-30,ARI incidence,2026-10-11,3,BG,quantile,0.05,221.42796174400965
2026-09-30,ARI incidence,2026-10-11,3,BG,quantile,0.1,251.83037909477048
2026-09-30,ARI incidence,2026-10-11,3,BG,quantile,0.15,274.657120034261
2026-09-30,ARI incidence,2026-10-11,3,BG,quantile,0.2,294.26011432453083
2026-09-30,ARI incidence,2026-10-11,3,BG,quantile,0.25,312.6207339840841
2026-09-30,ARI incidence,2026-10-11,3,BG,quantile,0.3,329.3237505230277
2026-09-30,ARI incidence,2026-10-11,3,BG,quantile,0.35,345.8066774239693
2026-09-30,ARI incidence,2026-10-11,3,BG,quantile,0.4,362.64219789855383
2026-09-30,ARI incidence,2026-10-11,3,BG,quantile,0.45,379.06192303633713
2026-09-30,ARI incidence,2026-10-11,3,BG,quantile,0.5,395.30003477143646
2026-09-30,ARI incidence,2026-10-11,3,BG,quantile,0.55,411.1706002555872
2026-09-30,ARI incidence,2026-10-11,3,BG,quantile,0.6,431.67885852632753
2026-09-30,ARI incidence,2026-10-11,3,BG,quantile,0.65,454.1048412767958
2026-09-30,ARI incidence,2026-10-11,3,BG,quantile,0.7,476.9820933389507
2026-09-30,ARI incidence,2026-10-11,3,BG,quantile,0.75,502.96208146582404
2026-09-30,ARI incidence,2026-10-11,3,BG,quantile,0.8,533.557125143182
2026-09-30,ARI incidence,2026-10-11,3,BG,quantile,0.85,571.57145348958
2026-09-30,ARI incidence,2026-10-11,3,BG,quantile,0.9,623.2659543045127
2026-09-30,ARI incidence,2026-10-11,3,BG,quantile,0.95,708.5933292074919
2026-09-30,ARI incidence,2026-10-11,3,BG,quantile,0.975,796.7095895824095
2026-09-30,ARI incidence,2026-10-11,3,BG,quantile,0.99,916.1923992581421
2026-09-30,ARI incidence,2026-10-18,4,BG,quantile,0.01,168.23472439573993
2026-09-30,ARI incidence,2026-10-18,4,BG,quantile,0.025,194.59490767163405
2026-09-30,ARI incidence,2026-10-18,4,BG,quantile,0.05,219.6770900429603
2026-09-30,ARI incidence,2026-10-18,4,BG,quantile,0.1,253.5746598540258
2026-09-30,ARI incidence,2026-10-18,4,BG,quantile,0.15,278.04992474021043
2026-09-30,ARI incidence,2026-10-18,4,BG,quantile,0.2,299.1419998623269
2026-09-30,ARI incidence,2026-10-18,4,BG,quantile,0.25,318.9772253407743
2026-09-30,ARI incidence,2026-10-18,4,BG,quantile,0.3,337.9504385464532
2026-09-30,ARI incidence,2026-10-18,4,BG,quantile,0.35,356.4415473464968
2026-09-30,ARI incidence,2026-10-18,4,BG,quantile,0.4,374.9680011871139
2026-09-30,ARI incidence,2026-10-18,4,BG,quantile,0.45,395.0220444095988
2026-09-30,ARI incidence,2026-10-18,4,BG,quantile,0.5,413.26665347284813
2026-09-30,ARI incidence,2026-10-18,4,BG,quantile,0.55,433.6865502380969
2026-09-30,ARI incidence,2026-10-18,4,BG,quantile,0.6,455.46666641234066
2026-09-30,ARI incidence,2026-10-18,4,BG,quantile,0.65,479.1256637724623
2026-09-30,ARI incidence,2026-10-18,4,BG,quantile,0.7,504.8563221344807
2026-09-30,ARI incidence,2026-10-18,4,BG,quantile,0.75,535.340859874704
2026-09-30,ARI incidence,2026-10-18,4,BG,quantile,0.8,569.1882929457742
2026-09-30,ARI incidence,2026-10-18,4,BG,quantile,0.85,612.9151964173495
2026-09-30,ARI incidence,2026-10-18,4,BG,quantile,0.9,675.6891293267836
2026-09-30,ARI incidence,2026-10-18,4,BG,quantile,0.95,776.6831756580773
2026-09-30,ARI incidence,2026-10-18,4,BG,quantile,0.975,876.4096535667693
2026-09-30,ARI incidence,2026-10-18,4,BG,quantile,0.99,1001.2727918650193
2026-09-30,ARI incidence,2026-09-27,1,CY,quantile,0.01,1965.0518552025048
2026-09-30,ARI incidence,2026-09-27,1,CY,quantile,0.025,2252.1786424112565
2026-09-30,ARI incidence,2026-09-27,1,CY,quantile,0.05,2537.249856624921
2026-09-30,ARI incidence,2026-09-27,1,CY,quantile,0.1,3097.5074501244667
2026-09-30,ARI incidence,2026-09-27,1,CY,quantile,0.15,3378.7713055098816
2026-09-30,ARI incidence,2026-09-27,1,CY,quantile,0.2,3620.410139348666
2026-09-30,ARI incidence,2026-09-27,1,CY,quantile,0.25,3841.4374366133475
2026-09-30,ARI incidence,2026-09-27,1,CY,quantile,0.3,3952.8773215185047
2026-09-30,ARI incidence,2026-09-27,1,CY,quantile,0.35,4046.8836854216374
2026-09-30,ARI incidence,2026-09-27,1,CY,quantile,0.4,4187.463635097136
2026-09-30,ARI incidence,2026-09-27,1,CY,quantile,0.45,4457.450943453705
2026-09-30,ARI incidence,2026-09-27,1,CY,quantile,0.5,4705.395517654739
2026-09-30,ARI incidence,2026-09-27,1,CY,quantile,0.55,5057.517957123764
2026-09-30,ARI incidence,2026-09-27,1,CY,quantile,0.6,5337.790101943341
2026-09-30,ARI incidence,2026-09-27,1,CY,quantile,0.65,5593.477275296905
2026-09-30,ARI incidence,2026-09-27,1,CY,quantile,0.7,5876.196636617346
2026-09-30,ARI incidence,2026-09-27,1,CY,quantile,0.75,6084.334615404541
2026-09-30,ARI incidence,2026-09-27,1,CY,quantile,0.8,6439.440612797411
2026-09-30,ARI incidence,2026-09-27,1,CY,quantile,0.85,7121.831350316552
2026-09-30,ARI incidence,2026-09-27,1,CY,quantile,0.9,8173.812312407799
2026-09-30,ARI incidence,2026-09-27,1,CY,quantile,0.95,9822.041721591033
2026-09-30,ARI incidence,2026-09-27,1,CY,quantile,0.975,10233.29847627565
2026-09-30,ARI incidence,2026-09-27,1,CY,quantile,0.99,12090.153379636096
2026-09-30,ARI incidence,2026-10-04,2,CY,quantile,0.01,1612.1071043429606
2026-09-30,ARI incidence,2026-10-04,2,CY,quantile,0.025,1866.9646054015614
2026-09-30,ARI incidence,2026-10-04,2,CY,quantile,0.05,2127.139162072482
2026-09-30,ARI incidence,2026-10-04,2,CY,quantile,0.1,2534.957268836332
2026-09-30,ARI incidence,2026-10-04,2,CY,quantile,0.15,2919.8596033304484
2026-09-30,ARI incidence,2026-10-04,2,CY,quantile,0.2,3267.019355703675
2026-09-30,ARI incidence,2026-10-04,2,CY,quantile,0.25,3543.053555817439
2026-09-30,ARI incidence,2026-10-04,2,CY,quantile,0.3,3771.361392264348
2026-09-30,ARI incidence,2026-10-04,2,CY,quantile,0.35,4056.7493096346925
2026-09-30,ARI incidence,2026-10-04,2,CY,quantile,0.4,4375.886289125685
2026-09-30,ARI incidence,2026-10-04,2,CY,quantile,0.45,4693.465079247662
2026-09-30,ARI incidence,2026-10-04,2,CY,quantile,0.5,4952.556124956808
2026-09-30,ARI incidence,2026-10-04,2,CY,quantile,0.55,5178.192471605981
2026-09-30,ARI incidence,2026-10-04,2,CY,quantile,0.6,5417.993894191077
2026-09-30,ARI incidence,2026-10-04,2,CY,quantile,0.65,5677.522215171814
2026-09-30,ARI incidence,2026-10-04,2,CY,quantile,0.7,5964.488824368043
2026-09-30,ARI incidence,2026-10-04,2,CY,quantile,0.75,6290.461683937001
2026-09-30,ARI incidence,2026-10-04,2,CY,quantile,0.8,6681.25734761326
2026-09-30,ARI incidence,2026-10-04,2,CY,quantile,0.85,7391.843483987118
2026-09-30,ARI incidence,2026-10-04,2,CY,quantile,0.9,8400.852297614652
2026-09-30,ARI incidence,2026-10-04,2,CY,quantile,0.95,10303.926427444621
2026-09-30,ARI incidence,2026-10-04,2,CY,quantile,0.975,12210.458737167479
2026-09-30,ARI incidence,2026-10-04,2,CY,quantile,0.99,14433.783689290562
2026-09-30,ARI incidence,2026-10-11,3,CY,quantile,0.01,1550.3260415216341
2026-09-30,ARI incidence,2026-10-11,3,CY,quantile,0.025,1861.2840861883228
2026-09-30,ARI incidence,2026-10-11,3,CY,quantile,0.05,2163.0641016123836
2026-09-30,ARI incidence,2026-10-11,3,CY,quantile,0.1,2544.345727974157
2026-09-30,ARI incidence,2026-10-11,3,CY,quantile,0.15,2930.6730233238277
2026-09-30,ARI incidence,2026-10-11,3,CY,quantile,0.2,3279.1180083740846
2026-09-30,ARI incidence,2026-10-11,3,CY,quantile,0.25,3610.8787629648978
2026-09-30,ARI incidence,2026-10-11,3,CY,quantile,0.3,3937.311796218782
2026-09-30,ARI incidence,2026-10-11,3,CY,quantile,0.35,4146.809615369132
2026-09-30,ARI incidence,2026-10-11,3,CY,quantile,0.4,4410.402139555681
2026-09-30,ARI incidence,2026-10-11,3,CY,quantile,0.45,4634.193589112303
2026-09-30,ARI incidence,2026-10-11,3,CY,quantile,0.5,4974.243316665076
2026-09-30,ARI incidence,2026-10-11,3,CY,quantile,0.55,5346.152752579515
2026-09-30,ARI incidence,2026-10-11,3,CY,quantile,0.6,5671.175616397378
2026-09-30,ARI incidence,2026-10-11,3,CY,quantile,0.65,5945.813831555126
2026-09-30,ARI incidence,2026-10-11,3,CY,quantile,0.7,6249.6444573314675
2026-09-30,ARI incidence,2026-10-11,3,CY,quantile,0.75,6594.963572840675
2026-09-30,ARI incidence,2026-10-11,3,CY,quantile,0.8,7001.9886873521855
2026-09-30,ARI incidence,2026-10-11,3,CY,quantile,0.85,7508.233929336933
2026-09-30,ARI incidence,2026-10-11,3,CY,quantile,0.9,8462.178660328504
2026-09-30,ARI incidence,2026-10-11,3,CY,quantile,0.95,10297.007720304046
2026-09-30,ARI incidence,2026-10-11,3,CY,quantile,0.975,12236.643625975674
2026-09-30,ARI incidence,2026-10-11,3,CY,quantile,0.99,14803.84756674349
2026-09-30,ARI incidence,2026-10-18,4,CY,quantile,0.01,1612.092245846109
2026-09-30,ARI incidence,2026-10-18,4,CY,quantile,0.025,1899.6714584834701
2026-09-30,ARI incidence,2026-10-18,4,CY,quantile,0.05,2182.6305434031287
2026-09-30,ARI incidence,2026-10-18,4,CY,quantile,0.1,2561.530480345194
2026-09-30,ARI incidence,2026-10-18,4,CY,quantile,0.15,2931.896617511005
2026-09-30,ARI incidence,2026-10-18,4,CY,quantile,0.2,3280.4870332606843
2026-09-30,ARI incidence,2026-10-18,4,CY,quantile,0.25,3612.3862550433023
2026-09-30,ARI incidence,2026-10-18,4,CY,quantile,0.3,3938.955531854648
2026-09-30,ARI incidence,2026-10-18,4,CY,quantile,0.35,4149.752895171827
2026-09-30,ARI incidence,2026-10-18,4,CY,quantile,0.4,4355.941327401516
2026-09-30,ARI incidence,2026-10-18,4,CY,quantile,0.45,4654.347020656673
2026-09-30,ARI incidence,2026-10-18,4,CY,quantile,0.5,4920.14899383167
2026-09-30,ARI incidence,2026-10-18,4,CY,quantile,0.55,5288.014770409136
2026-09-30,ARI incidence,2026-10-18,4,CY,quantile,0.6,5689.984766774388
2026-09-30,ARI incidence,2026-10-18,4,CY,quantile,0.65,6053.93904544794
2026-09-30,ARI incidence,2026-10-18,4,CY,quantile,0.7,6366.937549947931
2026-09-30,ARI incidence,2026-10-18,4,CY,quantile,0.75,6722.888297607731
2026-09-30,ARI incidence,2026-10-18,4,CY,quantile,0.8,7142.719060711383
2026-09-30,ARI incidence,2026-10-18,4,CY,quantile,0.85,7665.281246369658
2026-09-30,ARI incidence,2026-10-18,4,CY,quantile,0.9,8386.750689031183
2026-09-30,ARI incidence,2026-10-18,4,CY,quantile,0.95,10234.40174669345
2026-09-30,ARI incidence,2026-10-18,4,CY,quantile,0.975,12163.534994779788
2026-09-30,ARI incidence,2026-10-18,4,CY,quantile,0.99,14453.168055930952
2026-09-30,ARI incidence,2026-09-27,1,CZ,quantile,0.01,307.84122606064085
2026-09-30,ARI incidence,2026-09-27,1,CZ,quantile,0.025,329.828350138636
2026-09-30,ARI incidence,2026-09-27,1,CZ,quantile,0.05,349.9885989773748
2026-09-30,ARI incidence,2026-09-27,1,CZ,quantile,0.1,374.7614901346644
2026-09-30,ARI incidence,2026-09-27,1,CZ,quantile,0.15,392.45606424180824
2026-09-30,ARI incidence,2026-09-27,1,CZ,quantile,0.2,407.11153722023414
2026-09-30,ARI incidence,2026-09-27,1,CZ,quantile,0.25,425.0512785920614
2026-09-30,ARI incidence,2026-09-27,1,CZ,quantile,0.3,433.2915729829266
2026-09-30,ARI incidence,2026-09-27,1,CZ,quantile,0.35,443.61091755790846
2026-09-30,ARI incidence,2026-09-27,1,CZ,quantile,0.4,454.7635990060004
2026-09-30,ARI incidence,2026-09-27,1,CZ,quantile,0.45,465.62765676009326
2026-09-30,ARI incidence,2026-09-27,1,CZ,quantile,0.5,475.578518839208
2026-09-30,ARI incidence,2026-09-27,1,CZ,quantile,0.55,488.3723242497074
2026-09-30,ARI incidence,2026-09-27,1,CZ,quantile,0.6,500.2441977
2026-09-30,ARI incidence,2026-09-27,1,CZ,quantile,0.65,512.8174761416487
2026-09-30,ARI incidence,2026-09-27,1,CZ,quantile,0.7,526.4092929810412
2026-09-30,ARI incidence,2026-09-27,1,CZ,quantile,0.75,542.1992549517598
2026-09-30,ARI incidence,2026-09-27,1,CZ,quantile,0.8,556.97088226038
2026-09-30,ARI incidence,2026-09-27,1,CZ,quantile,0.85,579.6210153727056
2026-09-30,ARI incidence,2026-09-27,1,CZ,quantile,0.9,606.9624057344362
2026-09-30,ARI incidence,2026-09-27,1,CZ,quantile,0.95,649.872592985145
2026-09-30,ARI incidence,2026-09-27,1,CZ,quantile,0.975,689.5359212077624
2026-09-30,ARI incidence,2026-09-27,1,CZ,quantile,0.99,737.1790399345606
2026-09-30,ARI incidence,2026-10-04,2,CZ,quantile,0.01,265.7282649918786
2026-09-30,ARI incidence,2026-10-04,2,CZ,quantile,0.025,290.63087765486597
2026-09-30,ARI incidence,2026-10-04,2,CZ,quantile,0.05,315.2234199125502
2026-09-30,ARI incidence,2026-10-04,2,CZ,quantile,0.1,348.82752900857747
2026-09-30,ARI incidence,2026-10-04,2,CZ,quantile,0.15,368.1918914696266
2026-09-30,ARI incidence,2026-10-04,2,CZ,quantile,0.2,389.2598527333994
2026-09-30,ARI incidence,2026-10-04,2,CZ,quantile,0.25,403.72823094699453
2026-09-30,ARI incidence,2026-10-04,2,CZ,quantile,0.3,427.80327814362255
2026-09-30,ARI incidence,2026-10-04,2,CZ,quantile,0.35,441.68533620303947
2026-09-30,ARI incidence,2026-10-04,2,CZ,quantile,0.4,454.1705908487055
2026-09-30,ARI incidence,2026-10-04,2,CZ,quantile,0.45,470.91302539091964
2026-09-30,ARI incidence,2026-10-04,2,CZ,quantile,0.5,487.9911639490963
2026-09-30,ARI incidence,2026-10-04,2,CZ,quantile,0.55,504.8246459504266
2026-09-30,ARI incidence,2026-10-04,2,CZ,quantile,0.6,520.224859755674
2026-09-30,ARI incidence,2026-10-04,2,CZ,quantile,0.65,539.832874433918
2026-09-30,ARI incidence,2026-10-04,2,CZ,quantile,0.7,561.2955901294987
2026-09-30,ARI incidence,2026-10-04,2,CZ,quantile,0.75,585.4137652875357
2026-09-30,ARI incidence,2026-10-04,2,CZ,quantile,0.8,613.4898033579675
2026-09-30,ARI incidence,2026-10-04,2,CZ,quantile,0.85,638.850595018261
2026-09-30,ARI incidence,2026-10-04,2,CZ,quantile,0.9,678.1934350404741
2026-09-30,ARI incidence,2026-10-04,2,CZ,quantile,0.95,741.143070801023
2026-09-30,ARI incidence,2026-10-04,2,CZ,quantile,0.975,800.4484212272441
2026-09-30,ARI incidence,2026-10-04,2,CZ,quantile,0.99,880.4303047481578
2026-09-30,ARI incidence,2026-10-11,3,CZ,quantile,0.01,264.11913713953516
2026-09-30,ARI incidence,2026-10-11,3,CZ,quantile,0.025,296.3105487449725
2026-09-30,ARI incidence,2026-10-11,3,CZ,quantile,0.05,322.11805227771055
2026-09-30,ARI incidence,2026-10-11,3,CZ,quantile,0.1,348.814513710205
2026-09-30,ARI incidence,2026-10-11,3,CZ,quantile,0.15,374.42516741574315
2026-09-30,ARI incidence,2026-10-11,3,CZ,quantile,0.2,396.1104287805697
2026-09-30,ARI incidence,2026-10-11,3,CZ,quantile,0.25,415.7100236724014
2026-09-30,ARI incidence,2026-10-11,3,CZ,quantile,0.3,434.37448586213884
2026-09-30,ARI incidence,2026-10-11,3,CZ,quantile,0.35,449.91402064071167
2026-09-30,ARI incidence,2026-10-11,3,CZ,quantile,0.4,465.1720655932206
2026-09-30,ARI incidence,2026-10-11,3,CZ,quantile,0.45,481.000133319112
2026-09-30,ARI incidence,2026-10-11,3,CZ,quantile,0.5,497.96450018189245
2026-09-30,ARI incidence,2026-10-11,3,CZ,quantile,0.55,517.4206725749636
2026-09-30,ARI incidence,2026-10-11,3,CZ,quantile,0.6,536.9658522003294
2026-09-30,ARI incidence,2026-10-11,3,CZ,quantile,0.65,557.942082308399
2026-09-30,ARI incidence,2026-10-11,3,CZ,quantile,0.7,580.9336340418737
2026-09-30,ARI incidence,2026-10-11,3,CZ,quantile,0.75,600.9708236305619
2026-09-30,ARI incidence,2026-10-11,3,CZ,quantile,0.8,621.2017129542203
2026-09-30,ARI incidence,2026-10-11,3,CZ,quantile,0.85,654.4119500315101
2026-09-30,ARI incidence,2026-10-11,3,CZ,quantile,0.9,702.7709501600956
2026-09-30,ARI incidence,2026-10-11,3,CZ,quantile,0.95,779.1540383622498
2026-09-30,ARI incidence,2026-10-11,3,CZ,quantile,0.975,851.3959434384619
2026-09-30,ARI incidence,2026-10-11,3,CZ,quantile,0.99,937.9403501579145
2026-09-30,ARI incidence,2026-10-18,4,CZ,quantile,0.01,256.8191961521843
2026-09-30,ARI incidence,2026-10-18,4,CZ,quantile,0.025,286.95285353105885
2026-09-30,ARI incidence,2026-10-18,4,CZ,quantile,0.05,316.7895163727772
2026-09-30,ARI incidence,2026-10-18,4,CZ,quantile,0.1,350.9289372036789
2026-09-30,ARI incidence,2026-10-18,4,CZ,quantile,0.15,377.24739592888807
2026-09-30,ARI incidence,2026-10-18,4,CZ,quantile,0.2,397.33284434053843
2026-09-30,ARI incidence,2026-10-18,4,CZ,quantile,0.25,414.8415758002594
2026-09-30,ARI incidence,2026-10-18,4,CZ,quantile,0.3,431.2198747021355
2026-09-30,ARI incidence,2026-10-18,4,CZ,quantile,0.35,450.2024021169916
2026-09-30,ARI incidence,2026-10-18,4,CZ,quantile,0.4,462.44992134741216
2026-09-30,ARI incidence,2026-10-18,4,CZ,quantile,0.45,477.93370235655897
2026-09-30,ARI incidence,2026-10-18,4,CZ,quantile,0.5,493.676978233102
2026-09-30,ARI incidence,2026-10-18,4,CZ,quantile,0.55,509.9377594221875
2026-09-30,ARI incidence,2026-10-18,4,CZ,quantile,0.6,527.9629623724716
2026-09-30,ARI incidence,2026-10-18,4,CZ,quantile,0.65,545.7028769696245
2026-09-30,ARI incidence,2026-10-18,4,CZ,quantile,0.7,568.4528391114223
2026-09-30,ARI incidence,2026-10-18,4,CZ,quantile,0.75,594.0668477308462
2026-09-30,ARI incidence,2026-10-18,4,CZ,quantile,0.8,623.9473228640477
2026-09-30,ARI incidence,2026-10-18,4,CZ,quantile,0.85,660.6755989446644
2026-09-30,ARI incidence,2026-10-18,4,CZ,quantile,0.9,705.3439832258387
2026-09-30,ARI incidence,2026-10-18,4,CZ,quantile,0.95,777.6988703311539
2026-09-30,ARI incidence,2026-10-18,4,CZ,quantile,0.975,843.4214882611661
2026-09-30,ARI incidence,2026-10-18,4,CZ,quantile,0.99,931.1563899682654
2026-09-30,ARI incidence,2026-09-27,1,DE,quantile,0.01,858.7797880423747
2026-09-30,ARI incidence,2026-09-27,1,DE,quantile,0.025,890.8649194681632
2026-09-30,ARI incidence,2026-09-27,1,DE,quantile,0.05,919.4159816015969
2026-09-30,ARI incidence,2026-09-27,1,DE,quantile,0.1,953.4697287829656
2026-09-30,ARI incidence,2026-09-27,1,DE,quantile,0.15,977.154610924038
2026-09-30,ARI incidence,2026-09-27,1,DE,quantile,0.2,996.39707681422
2026-09-30,ARI incidence,2026-09-27,1,DE,quantile,0.25,1013.2068027973692
2026-09-30,ARI incidence,2026-09-27,1,DE,quantile,0.3,1034.4546353917888
2026-09-30,ARI incidence,2026-09-27,1,DE,quantile,0.35,1048.95635470276
2026-09-30,ARI incidence,2026-09-27,1,DE,quantile,0.4,1062.9048209029097
2026-09-30,ARI incidence,2026-09-27,1,DE,quantile,0.45,1086.15675965182
2026-09-30,ARI incidence,2026-09-27,1,DE,quantile,0.5,1103.2554360011582
2026-09-30,ARI incidence,2026-09-27,1,DE,quantile,0.55,1121.1566547378045
2026-09-30,ARI incidence,2026-09-27,1,DE,quantile,0.6,1138.3639806842655
2026-09-30,ARI incidence,2026-09-27,1,DE,quantile,0.65,1156.2713174215614
2026-09-30,ARI incidence,2026-09-27,1,DE,quantile,0.7,1174.2809372644178
2026-09-30,ARI incidence,2026-09-27,1,DE,quantile,0.75,1192.0552069925745
2026-09-30,ARI incidence,2026-09-27,1,DE,quantile,0.8,1212.1642039797737
2026-09-30,ARI incidence,2026-09-27,1,DE,quantile,0.85,1236.0318827086323
2026-09-30,ARI incidence,2026-09-27,1,DE,quantile,0.9,1266.7311091828935
2026-09-30,ARI incidence,2026-09-27,1,DE,quantile,0.95,1313.6389665705574
2026-09-30,ARI incidence,2026-09-27,1,DE,quantile,0.975,1355.727838885887
2026-09-30,ARI incidence,2026-09-27,1,DE,quantile,0.99,1406.3623971154598
2026-09-30,ARI incidence,2026-10-04,2,DE,quantile,0.01,577.3448222105227
2026-09-30,ARI incidence,2026-10-04,2,DE,quantile,0.025,644.845638700848
2026-09-30,ARI incidence,2026-10-04,2,DE,quantile,0.05,707.0868047132865
2026-09-30,ARI incidence,2026-10-04,2,DE,quantile,0.1,786.3271924839265
2026-09-30,ARI incidence,2026-10-04,2,DE,quantile,0.15,844.7414540900108
2026-09-30,ARI incidence,2026-10-04,2,DE,quantile,0.2,895.2119090414129
2026-09-30,ARI incidence,2026-10-04,2,DE,quantile,0.25,942.5551266486243
2026-09-30,ARI incidence,2026-10-04,2,DE,quantile,0.3,982.2197239844279
2026-09-30,ARI incidence,2026-10-04,2,DE,quantile,0.35,1021.8275284069001
2026-09-30,ARI incidence,2026-10-04,2,DE,quantile,0.4,1062.0100604015963
2026-09-30,ARI incidence,2026-10-04,2,DE,quantile,0.45,1102.3889963599631
2026-09-30,ARI incidence,2026-10-04,2,DE,quantile,0.5,1143.7440718195974
2026-09-30,ARI incidence,2026-10-04,2,DE,quantile,0.55,1186.4020196525041
2026-09-30,ARI incidence,2026-10-04,2,DE,quantile,0.6,1227.8079913205763
2026-09-30,ARI incidence,2026-10-04,2,DE,quantile,0.65,1279.925949246606
2026-09-30,ARI incidence,2026-10-04,2,DE,quantile,0.7,1327.7156182886854
2026-09-30,ARI incidence,2026-10-04,2,DE,quantile,0.75,1392.7738738838896
2026-09-30,ARI incidence,2026-10-04,2,DE,quantile,0.8,1462.4757615937433
2026-09-30,ARI incidence,2026-10-04,2,DE,quantile,0.85,1565.416279385594
2026-09-30,ARI incidence,2026-10-04,2,DE,quantile,0.9,1692.906163558234
2026-09-30,ARI incidence,2026-10-04,2,DE,quantile,0.95,1891.5982847631292
2026-09-30,ARI incidence,2026-10-04,2,DE,quantile,0.975,2081.827924571713
2026-09-30,ARI incidence,2026-10-04,2,DE,quantile,0.99,2325.7505434701275
2026-09-30,ARI incidence,2026-10-11,3,DE,quantile,0.01,540.5710635496074
2026-09-30,ARI incidence,2026-10-11,3,DE,quantile,0.025,609.4480727372481
2026-09-30,ARI incidence,2026-10-11,3,DE,quantile,0.05,676.5288276247559
2026-09-30,ARI incidence,2026-10-11,3,DE,quantile,0.1,762.7408099171822
2026-09-30,ARI incidence,2026-10-11,3,DE,quantile,0.15,827.0704809337662
2026-09-30,ARI incidence,2026-10-11,3,DE,quantile,0.2,881.22444341133
2026-09-30,ARI incidence,2026-10-11,3,DE,quantile,0.25,934.9590408633969
2026-09-30,ARI incidence,2026-10-11,3,DE,quantile,0.3,989.5008210679795
2026-09-30,ARI incidence,2026-10-11,3,DE,quantile,0.35,1027.1035692485248
2026-09-30,ARI incidence,2026-10-11,3,DE,quantile,0.4,1076.9864466893496
2026-09-30,ARI incidence,2026-10-11,3,DE,quantile,0.45,1122.8015303871578
2026-09-30,ARI incidence,2026-10-11,3,DE,quantile,0.5,1174.1935710169962
2026-09-30,ARI incidence,2026-10-11,3,DE,quantile,0.55,1221.145955920971
2026-09-30,ARI incidence,2026-10-11,3,DE,quantile,0.6,1272.6655506341435
2026-09-30,ARI incidence,2026-10-11,3,DE,quantile,0.65,1330.3021122099346
2026-09-30,ARI incidence,2026-10-11,3,DE,quantile,0.7,1393.8672906161598
2026-09-30,ARI incidence,2026-10-11,3,DE,quantile,0.75,1465.8732527629672
2026-09-30,ARI incidence,2026-10-11,3,DE,quantile,0.8,1553.7014039634464
2026-09-30,ARI incidence,2026-10-11,3,DE,quantile,0.85,1655.1808403037744
2026-09-30,ARI incidence,2026-10-11,3,DE,quantile,0.9,1789.7380428310635
2026-09-30,ARI incidence,2026-10-11,3,DE,quantile,0.95,2030.051467047585
2026-09-30,ARI incidence,2026-10-11,3,DE,quantile,0.975,2256.4340771852726
2026-09-30,ARI incidence,2026-10-11,3,DE,quantile,0.99,2551.5657757496897
2026-09-30,ARI incidence,2026-10-18,4,DE,quantile,0.01,517.4297771494682
2026-09-30,ARI incidence,2026-10-18,4,DE,quantile,0.025,586.3167620529923
2026-09-30,ARI incidence,2026-10-18,4,DE,quantile,0.05,653.5724119036355
2026-09-30,ARI incidence,2026-10-18,4,DE,quantile,0.1,736.3953591484776
2026-09-30,ARI incidence,2026-10-18,4,DE,quantile,0.15,803.9860344242699
2026-09-30,ARI incidence,2026-10-18,4,DE,quantile,0.2,862.0694965339894
2026-09-30,ARI incidence,2026-10-18,4,DE,quantile,0.25,914.9349360467811
2026-09-30,ARI incidence,2026-10-18,4,DE,quantile,0.3,968.290588494036
2026-09-30,ARI incidence,2026-10-18,4,DE,quantile,0.35,1017.5814796073188
2026-09-30,ARI incidence,2026-10-18,4,DE,quantile,0.4,1067.3463902622248
2026-09-30,ARI incidence,2026-10-18,4,DE,quantile,0.45,1117.807472063153
2026-09-30,ARI incidence,2026-10-18,4,DE,quantile,0.5,1169.8922869769426
2026-09-30,ARI incidence,2026-10-18,4,DE,quantile,0.55,1224.1981818848424
2026-09-30,ARI incidence,2026-10-18,4,DE,quantile,0.6,1276.0335950876922
2026-09-30,ARI incidence,2026-10-18,4,DE,quantile,0.65,1338.7201004798517
2026-09-30,ARI incidence,2026-10-18,4,DE,quantile,0.7,1392.2276182046378
2026-09-30,ARI incidence,2026-10-18,4,DE,quantile,0.75,1460.018679065696
2026-09-30,ARI incidence,2026-10-18,4,DE,quantile,0.8,1550.444162981636
2026-09-30,ARI incidence,2026-10-18,4,DE,quantile,0.85,1662.9337070675217
2026-09-30,ARI incidence,2026-10-18,4,DE,quantile,0.9,1816.9291072880444
2026-09-30,ARI incidence,2026-10-18,4,DE,quantile,0.95,2080.1012119006796
2026-09-30,ARI incidence,2026-10-18,4,DE,quantile,0.975,2334.816343213779
2026-09-30,ARI incidence,2026-10-18,4,DE,quantile,0.99,2680.168750764029
2026-09-30,ARI incidence,2026-09-27,1,EE,quantile,0.01,240.4974315083666
2026-09-30,ARI incidence,2026-09-27,1,EE,quantile,0.025,249.5097416015115
2026-09-30,ARI incidence,2026-09-27,1,EE,quantile,0.05,257.5293803882219
2026-09-30,ARI incidence,2026-09-27,1,EE,quantile,0.1,267.09466022203236
2026-09-30,ARI incidence,2026-09-27,1,EE,quantile,0.15,273.7474562700471
2026-09-30,ARI incidence,2026-09-27,1,EE,quantile,0.2,279.1866069748929
2026-09-30,ARI incidence,2026-09-27,1,EE,quantile,0.25,283.90881593358773
2026-09-30,ARI incidence,2026-09-27,1,EE,quantile,0.3,288.4038753285612
2026-09-30,ARI incidence,2026-09-27,1,EE,quantile,0.35,293.68143238956634
2026-09-30,ARI incidence,2026-09-27,1,EE,quantile,0.4,300.5120404490689
2026-09-30,ARI incidence,2026-09-27,1,EE,quantile,0.45,307.27139386517365
2026-09-30,ARI incidence,2026-09-27,1,EE,quantile,0.5,316.0391695664103
2026-09-30,ARI incidence,2026-09-27,1,EE,quantile,0.55,321.0216302235641
2026-09-30,ARI incidence,2026-09-27,1,EE,quantile,0.6,328.2407714660478
2026-09-30,ARI incidence,2026-09-27,1,EE,quantile,0.65,333.1860891146315
2026-09-30,ARI incidence,2026-09-27,1,EE,quantile,0.7,337.8664224641828
2026-09-30,ARI incidence,2026-09-27,1,EE,quantile,0.75,342.99080235372924
2026-09-30,ARI incidence,2026-09-27,1,EE,quantile,0.8,348.7882838811061
2026-09-30,ARI incidence,2026-09-27,1,EE,quantile,0.85,355.6693935198053
2026-09-30,ARI incidence,2026-09-27,1,EE,quantile,0.9,364.5200383271745
2026-09-30,ARI incidence,2026-09-27,1,EE,quantile,0.95,378.04362681730345
2026-09-30,ARI incidence,2026-09-27,1,EE,quantile,0.975,390.17786139062434
2026-09-30,ARI incidence,2026-09-27,1,EE,quantile,0.99,404.7757773548442
2026-09-30,ARI incidence,2026-10-04,2,EE,quantile,0.01,213.9009359143586
2026-09-30,ARI incidence,2026-10-04,2,EE,quantile,0.025,229.86435218950587
2026-09-30,ARI incidence,2026-10-04,2,EE,quantile,0.05,242.6453184061163
2026-09-30,ARI incidence,2026-10-04,2,EE,quantile,0.1,261.63786068318916
2026-09-30,ARI incidence,2026-10-04,2,EE,quantile,0.15,275.2096340437678
2026-09-30,ARI incidence,2026-10-04,2,EE,quantile,0.2,285.23849329026916
2026-09-30,ARI incidence,2026-10-04,2,EE,quantile,0.25,295.21142501862215
2026-09-30,ARI incidence,2026-10-04,2,EE,quantile,0.3,304.69300860094654
2026-09-30,ARI incidence,2026-10-04,2,EE,quantile,0.35,314.1590898276733
2026-09-30,ARI incidence,2026-10-04,2,EE,quantile,0.4,323.8019231924301
2026-09-30,ARI incidence,2026-10-04,2,EE,quantile,0.45,331.1076180028281
2026-09-30,ARI incidence,2026-10-04,2,EE,quantile,0.5,337.7077349804349
2026-09-30,ARI incidence,2026-10-04,2,EE,quantile,0.55,346.13473917968037
2026-09-30,ARI incidence,2026-10-04,2,EE,quantile,0.6,354.9122877635435
2026-09-30,ARI incidence,2026-10-04,2,EE,quantile,0.65,363.1121922151025
2026-09-30,ARI incidence,2026-10-04,2,EE,quantile,0.7,368.2117731597695
2026-09-30,ARI incidence,2026-10-04,2,EE,quantile,0.75,381.28231722691487
2026-09-30,ARI incidence,2026-10-04,2,EE,quantile,0.8,398.30767130391536
2026-09-30,ARI incidence,2026-10-04,2,EE,quantile,0.85,413.2603728152605
2026-09-30,ARI incidence,2026-10-04,2,EE,quantile,0.9,432.5643311168237
2026-09-30,ARI incidence,2026-10-04,2,EE,quantile,0.95,457.568705102938
2026-09-30,ARI incidence,2026-10-04,2,EE,quantile,0.975,488.16955328676227
2026-09-30,ARI incidence,2026-10-04,2,EE,quantile,0.99,525.4593543300556
2026-09-30,ARI incidence,2026-10-11,3,EE,quantile,0.01,210.16020194093088
2026-09-30,ARI incidence,2026-10-11,3,EE,quantile,0.025,227.11683531010542
2026-09-30,ARI incidence,2026-10-11,3,EE,quantile,0.05,243.8260717816943
2026-09-30,ARI incidence,2026-10-11,3,EE,quantile,0.1,264.0467438118171
2026-09-30,ARI incidence,2026-10-11,3,EE,quantile,0.15,277.81147505750545
2026-09-30,ARI incidence,2026-10-11,3,EE,quantile,0.2,289.25930115192375
2026-09-30,ARI incidence,2026-10-11,3,EE,quantile,0.25,301.1353802906033
2026-09-30,ARI incidence,2026-10-11,3,EE,quantile,0.3,313.0336365371978
2026-09-30,ARI incidence,2026-10-11,3,EE,quantile,0.35,322.8021883537235
2026-09-30,ARI incidence,2026-10-11,3,EE,quantile,0.4,330.95275111016235
2026-09-30,ARI incidence,2026-10-11,3,EE,quantile,0.45,339.56920149642434
2026-09-30,ARI incidence,2026-10-11,3,EE,quantile,0.5,348.797593440097
2026-09-30,ARI incidence,2026-10-11,3,EE,quantile,0.55,360.99493571502916
2026-09-30,ARI incidence,2026-10-11,3,EE,quantile,0.6,371.71005503910163
2026-09-30,ARI incidence,2026-10-11,3,EE,quantile,0.65,382.70277083749227
2026-09-30,ARI incidence,2026-10-11,3,EE,quantile,0.7,394.6384998899641
2026-09-30,ARI incidence,2026-10-11,3,EE,quantile,0.75,407.62622404291574
2026-09-30,ARI incidence,2026-10-11,3,EE,quantile,0.8,422.5346183116261
2026-09-30,ARI incidence,2026-10-11,3,EE,quantile,0.85,440.6000535854205
2026-09-30,ARI incidence,2026-10-11,3,EE,quantile,0.9,466.43726981907116
2026-09-30,ARI incidence,2026-10-11,3,EE,quantile,0.95,505.3779175913391
2026-09-30,ARI incidence,2026-10-11,3,EE,quantile,0.975,541.7707485082597
2026-09-30,ARI incidence,2026-10-11,3,EE,quantile,0.99,587.3864276153835
2026-09-30,ARI incidence,2026-10-18,4,EE,quantile,0.01,196.32448834302542
2026-09-30,ARI incidence,2026-10-18,4,EE,quantile,0.025,215.66525341949728
2026-09-30,ARI incidence,2026-10-18,4,EE,quantile,0.05,232.4567413932957
2026-09-30,ARI incidence,2026-10-18,4,EE,quantile,0.1,251.05488281659092
2026-09-30,ARI incidence,2026-10-18,4,EE,quantile,0.15,263.4941147727427
2026-09-30,ARI incidence,2026-10-18,4,EE,quantile,0.2,277.24903257644115
2026-09-30,ARI incidence,2026-10-18,4,EE,quantile,0.25,290.514569695067
2026-09-30,ARI incidence,2026-10-18,4,EE,quantile,0.3,303.59113912368974
2026-09-30,ARI incidence,2026-10-18,4,EE,quantile,0.35,316.15603889835694
2026-09-30,ARI incidence,2026-10-18,4,EE,quantile,0.4,328.0835869059925
2026-09-30,ARI incidence,2026-10-18,4,EE,quantile,0.45,339.05996073708945
2026-09-30,ARI incidence,2026-10-18,4,EE,quantile,0.5,347.99905570532076
2026-09-30,ARI incidence,2026-10-18,4,EE,quantile,0.55,355.9910545555704
2026-09-30,ARI incidence,2026-10-18,4,EE,quantile,0.6,366.64893679635355
2026-09-30,ARI incidence,2026-10-18,4,EE,quantile,0.65,378.0454729189689
2026-09-30,ARI incidence,2026-10-18,4,EE,quantile,0.7,390.9225689142981
2026-09-30,ARI incidence,2026-10-18,4,EE,quantile,0.75,404.2669267766354
2026-09-30,ARI incidence,2026-10-18,4,EE,quantile,0.8,420.2414855527993
2026-09-30,ARI incidence,2026-10-18,4,EE,quantile,0.85,439.65824387321555
2026-09-30,ARI incidence,2026-10-18,4,EE,quantile,0.9,465.3654714923635
2026-09-30,ARI incidence,2026-10-18,4,EE,quantile,0.95,513.9889440869794
2026-09-30,ARI incidence,2026-10-18,4,EE,quantile,0.975,554.7714785682597
2026-09-30,ARI incidence,2026-10-18,4,EE,quantile,0.99,608.817790125835
2026-09-30,ARI incidence,2026-09-27,1,ES,quantile,0.01,322.2616771400849
2026-09-30,ARI incidence,2026-09-27,1,ES,quantile,0.025,334.3252939988747
2026-09-30,ARI incidence,2026-09-27,1,ES,quantile,0.05,345.06014959751917
2026-09-30,ARI incidence,2026-09-27,1,ES,quantile,0.1,357.8639551266795
2026-09-30,ARI incidence,2026-09-27,1,ES,quantile,0.15,366.7691943428582
2026-09-30,ARI incidence,2026-09-27,1,ES,quantile,0.2,374.0041393209577
2026-09-30,ARI incidence,2026-09-27,1,ES,quantile,0.25,380.32440392301334
2026-09-30,ARI incidence,2026-09-27,1,ES,quantile,0.3,386.09092695610866
2026-09-30,ARI incidence,2026-09-27,1,ES,quantile,0.35,391.870521099946
2026-09-30,ARI incidence,2026-09-27,1,ES,quantile,0.4,397.43735096394755
2026-09-30,ARI incidence,2026-09-27,1,ES,quantile,0.45,404.4943664954203
2026-09-30,ARI incidence,2026-09-27,1,ES,quantile,0.5,409.73647471318895
2026-09-30,ARI incidence,2026-09-27,1,ES,quantile,0.55,418.7240824136818
2026-09-30,ARI incidence,2026-09-27,1,ES,quantile,0.6,425.0702072172054
2026-09-30,ARI incidence,2026-09-27,1,ES,quantile,0.65,430.7304671486217
2026-09-30,ARI incidence,2026-09-27,1,ES,quantile,0.7,438.8588409426296
2026-09-30,ARI incidence,2026-09-27,1,ES,quantile,0.75,445.51044065668475
2026-09-30,ARI incidence,2026-09-27,1,ES,quantile,0.8,453.03574660607495
2026-09-30,ARI incidence,2026-09-27,1,ES,quantile,0.85,461.9676345401688
2026-09-30,ARI incidence,2026-09-27,1,ES,quantile,0.9,473.4560385497924
2026-09-30,ARI incidence,2026-09-27,1,ES,quantile,0.95,491.01006445592054
2026-09-30,ARI incidence,2026-09-27,1,ES,quantile,0.975,506.760667057189
2026-09-30,ARI incidence,2026-09-27,1,ES,quantile,0.99,525.7092024402671
2026-09-30,ARI incidence,2026-10-04,2,ES,quantile,0.01,276.570676847216
2026-09-30,ARI incidence,2026-10-04,2,ES,quantile,0.025,298.3075176110941
2026-09-30,ARI incidence,2026-10-04,2,ES,quantile,0.05,318.3591078221001
2026-09-30,ARI incidence,2026-10-04,2,ES,quantile,0.1,341.3160012509931
2026-09-30,ARI incidence,2026-10-04,2,ES,quantile,0.15,356.5039279739592
2026-09-30,ARI incidence,2026-10-04,2,ES,quantile,0.2,370.3222598245992
2026-09-30,ARI incidence,2026-10-04,2,ES,quantile,0.25,383.1544227762889
2026-09-30,ARI incidence,2026-10-04,2,ES,quantile,0.3,394.1246709702441
2026-09-30,ARI incidence,2026-10-04,2,ES,quantile,0.35,403.48282002873617
2026-09-30,ARI incidence,2026-10-04,2,ES,quantile,0.4,410.8467626547123
2026-09-30,ARI incidence,2026-10-04,2,ES,quantile,0.45,425.2967879291084
2026-09-30,ARI incidence,2026-10-04,2,ES,quantile,0.5,437.2893213438706
2026-09-30,ARI incidence,2026-10-04,2,ES,quantile,0.55,449.29452251976613
2026-09-30,ARI incidence,2026-10-04,2,ES,quantile,0.6,462.893160686783
2026-09-30,ARI incidence,2026-10-04,2,ES,quantile,0.65,475.5066450708214
2026-09-30,ARI incidence,2026-10-04,2,ES,quantile,0.7,489.4922825802963
2026-09-30,ARI incidence,2026-10-04,2,ES,quantile,0.75,507.0676503701217
2026-09-30,ARI incidence,2026-10-04,2,ES,quantile,0.8,525.7301416274922
2026-09-30,ARI incidence,2026-10-04,2,ES,quantile,0.85,549.2992496460856
2026-09-30,ARI incidence,2026-10-04,2,ES,quantile,0.9,580.4585814648749
2026-09-30,ARI incidence,2026-10-04,2,ES,quantile,0.95,620.6702730124277
2026-09-30,ARI incidence,2026-10-04,2,ES,quantile,0.975,655.4823374338237
2026-09-30,ARI incidence,2026-10-04,2,ES,quantile,0.99,706.0147887644646
2026-09-30,ARI incidence,2026-10-11,3,ES,quantile,0.01,251.32129257183885
2026-09-30,ARI incidence,2026-10-11,3,ES,quantile,0.025,273.6669275754504
2026-09-30,ARI incidence,2026-10-11,3,ES,quantile,0.05,294.4619268348032
2026-09-30,ARI incidence,2026-10-11,3,ES,quantile,0.1,320.39862241057386
2026-09-30,ARI incidence,2026-10-11,3,ES,quantile,0.15,339.1723828913422
2026-09-30,ARI incidence,2026-10-11,3,ES,quantile,0.2,354.872228134249
2026-09-30,ARI incidence,2026-10-11,3,ES,quantile,0.25,368.9175205942177
2026-09-30,ARI incidence,2026-10-11,3,ES,quantile,0.3,382.002424442096
2026-09-30,ARI incidence,2026-10-11,3,ES,quantile,0.35,392.058605007736
2026-09-30,ARI incidence,2026-10-11,3,ES,quantile,0.4,405.812078037057
2026-09-30,ARI incidence,2026-10-11,3,ES,quantile,0.45,416.93648722030264
2026-09-30,ARI incidence,2026-10-11,3,ES,quantile,0.5,428.28856636685134
2026-09-30,ARI incidence,2026-10-11,3,ES,quantile,0.55,443.63723837888966
2026-09-30,ARI incidence,2026-10-11,3,ES,quantile,0.6,458.50481479731525
2026-09-30,ARI incidence,2026-10-11,3,ES,quantile,0.65,472.5992479560405
2026-09-30,ARI incidence,2026-10-11,3,ES,quantile,0.7,487.92078014529704
2026-09-30,ARI incidence,2026-10-11,3,ES,quantile,0.75,504.58137482456146
2026-09-30,ARI incidence,2026-10-11,3,ES,quantile,0.8,524.535273191268
2026-09-30,ARI incidence,2026-10-11,3,ES,quantile,0.85,548.724851768415
2026-09-30,ARI incidence,2026-10-11,3,ES,quantile,0.9,580.9048234587723
2026-09-30,ARI incidence,2026-10-11,3,ES,quantile,0.95,631.9864921590549
2026-09-30,ARI incidence,2026-10-11,3,ES,quantile,0.975,680.4735049152558
2026-09-30,ARI incidence,2026-10-11,3,ES,quantile,0.99,740.2113608306356
2026-09-30,ARI incidence,2026-10-18,4,ES,quantile,0.01,218.66503747043586
2026-09-30,ARI incidence,2026-10-18,4,ES,quantile,0.025,242.4641040989338
2026-09-30,ARI incidence,2026-10-18,4,ES,quantile,0.05,264.9849372089035
2026-09-30,ARI incidence,2026-10-18,4,ES,quantile,0.1,293.54745108006733
2026-09-30,ARI incidence,2026-10-18,4,ES,quantile,0.15,314.5317538442416
2026-09-30,ARI incidence,2026-10-18,4,ES,quantile,0.2,332.270558630835
2026-09-30,ARI incidence,2026-10-18,4,ES,quantile,0.25,350.78290301057194
2026-09-30,ARI incidence,2026-10-18,4,ES,quantile,0.3,363.6196771055526
2026-09-30,ARI incidence,2026-10-18,4,ES,quantile,0.35,377.82158210502433
2026-09-30,ARI incidence,2026-10-18,4,ES,quantile,0.4,389.739138600413
2026-09-30,ARI incidence,2026-10-18,4,ES,quantile,0.45,401.3184574384893
2026-09-30,ARI incidence,2026-10-18,4,ES,quantile,0.5,419.9712184664988
2026-09-30,ARI incidence,2026-10-18,4,ES,quantile,0.55,438.40600179868136
2026-09-30,ARI incidence,2026-10-18,4,ES,quantile,0.6,455.45224013974587
2026-09-30,ARI incidence,2026-10-18,4,ES,quantile,0.65,473.19264624193784
2026-09-30,ARI incidence,2026-10-18,4,ES,quantile,0.7,494.75409485434704
2026-09-30,ARI incidence,2026-10-18,4,ES,quantile,0.75,519.619467400181
2026-09-30,ARI incidence,2026-10-18,4,ES,quantile,0.8,541.2830429323882
2026-09-30,ARI incidence,2026-10-18,4,ES,quantile,0.85,567.1455407436039
2026-09-30,ARI incidence,2026-10-18,4,ES,quantile,0.9,602.7143295339621
2026-09-30,ARI incidence,2026-10-18,4,ES,quantile,0.95,668.8512023128762
2026-09-30,ARI incidence,2026-10-18,4,ES,quantile,0.975,730.8135486375346
2026-09-30,ARI incidence,2026-10-18,4,ES,quantile,0.99,810.1000823719091
2026-09-30,ARI incidence,2026-09-27,1,GB-ENG,quantile,0.01,169.10696051495415
2026-09-30,ARI incidence,2026-09-27,1,GB-ENG,quantile,0.025,182.64562887870645
2026-09-30,ARI incidence,2026-09-27,1,GB-ENG,quantile,0.05,195.1483910647998
2026-09-30,ARI incidence,2026-09-27,1,GB-ENG,quantile,0.1,214.40273945789573
2026-09-30,ARI incidence,2026-09-27,1,GB-ENG,quantile,0.15,229.18011369449937
2026-09-30,ARI incidence,2026-09-27,1,GB-ENG,quantile,0.2,240.8461843927961
2026-09-30,ARI incidence,2026-09-27,1,GB-ENG,quantile,0.25,252.51867258155005
2026-09-30,ARI incidence,2026-09-27,1,GB-ENG,quantile,0.3,261.80808454880855
2026-09-30,ARI incidence,2026-09-27,1,GB-ENG,quantile,0.35,267.86131938781665
2026-09-30,ARI incidence,2026-09-27,1,GB-ENG,quantile,0.4,278.52064911225483
2026-09-30,ARI incidence,2026-09-27,1,GB-ENG,quantile,0.45,288.9533546026968
2026-09-30,ARI incidence,2026-09-27,1,GB-ENG,quantile,0.5,297.4510157333537
2026-09-30,ARI incidence,2026-09-27,1,GB-ENG,quantile,0.55,305.508985038411
2026-09-30,ARI incidence,2026-09-27,1,GB-ENG,quantile,0.6,313.23487691398714
2026-09-30,ARI incidence,2026-09-27,1,GB-ENG,quantile,0.65,322.8553500068198
2026-09-30,ARI incidence,2026-09-27,1,GB-ENG,quantile,0.7,332.5467693574984
2026-09-30,ARI incidence,2026-09-27,1,GB-ENG,quantile,0.75,343.3309509690276
2026-09-30,ARI incidence,2026-09-27,1,GB-ENG,quantile,0.8,357.6018283784869
2026-09-30,ARI incidence,2026-09-27,1,GB-ENG,quantile,0.85,372.8187591823579
2026-09-30,ARI incidence,2026-09-27,1,GB-ENG,quantile,0.9,392.4506950616614
2026-09-30,ARI incidence,2026-09-27,1,GB-ENG,quantile,0.95,423.460593813586
2026-09-30,ARI incidence,2026-09-27,1,GB-ENG,quantile,0.975,452.3295599355597
2026-09-30,ARI incidence,2026-09-27,1,GB-ENG,quantile,0.99,488.3736522309156
2026-09-30,ARI incidence,2026-10-04,2,GB-ENG,quantile,0.01,166.11500197049241
2026-09-30,ARI incidence,2026-10-04,2,GB-ENG,quantile,0.025,183.74394135542326
2026-09-30,ARI incidence,2026-10-04,2,GB-ENG,quantile,0.05,200.77503272938986
2026-09-30,ARI incidence,2026-10-04,2,GB-ENG,quantile,0.1,221.14909106945436
2026-09-30,ARI incidence,2026-10-04,2,GB-ENG,quantile,0.15,234.3018268715309
2026-09-30,ARI incidence,2026-10-04,2,GB-ENG,quantile,0.2,247.86127623677723
2026-09-30,ARI incidence,2026-10-04,2,GB-ENG,quantile,0.25,259.52717931349696
2026-09-30,ARI incidence,2026-10-04,2,GB-ENG,quantile,0.3,270.33000654803374
2026-09-30,ARI incidence,2026-10-04,2,GB-ENG,quantile,0.35,281.59762147727207
2026-09-30,ARI incidence,2026-10-04,2,GB-ENG,quantile,0.4,290.9869224535507
2026-09-30,ARI incidence,2026-10-04,2,GB-ENG,quantile,0.45,299.15814201224686
2026-09-30,ARI incidence,2026-10-04,2,GB-ENG,quantile,0.5,307.1032203613411
2026-09-30,ARI incidence,2026-10-04,2,GB-ENG,quantile,0.55,315.59000065662957
2026-09-30,ARI incidence,2026-10-04,2,GB-ENG,quantile,0.6,325.1267584838813
2026-09-30,ARI incidence,2026-10-04,2,GB-ENG,quantile,0.65,336.2838736623903
2026-09-30,ARI incidence,2026-10-04,2,GB-ENG,quantile,0.7,348.3607384219258
2026-09-30,ARI incidence,2026-10-04,2,GB-ENG,quantile,0.75,358.99558668793554
2026-09-30,ARI incidence,2026-10-04,2,GB-ENG,quantile,0.8,371.9197353899492
2026-09-30,ARI incidence,2026-10-04,2,GB-ENG,quantile,0.85,387.5118873460234
2026-09-30,ARI incidence,2026-10-04,2,GB-ENG,quantile,0.9,408.7531142371535
2026-09-30,ARI incidence,2026-10-04,2,GB-ENG,quantile,0.95,446.00990702937463
2026-09-30,ARI incidence,2026-10-04,2,GB-ENG,quantile,0.975,486.76848645741813
2026-09-30,ARI incidence,2026-10-04,2,GB-ENG,quantile,0.99,538.8544847782023
2026-09-30,ARI incidence,2026-10-11,3,GB-ENG,quantile,0.01,163.38698285476494
2026-09-30,ARI incidence,2026-10-11,3,GB-ENG,quantile,0.025,181.84166274269973
2026-09-30,ARI incidence,2026-10-11,3,GB-ENG,quantile,0.05,199.04668224427724
2026-09-30,ARI incidence,2026-10-11,3,GB-ENG,quantile,0.1,217.68930811345362
2026-09-30,ARI incidence,2026-10-11,3,GB-ENG,quantile,0.15,232.1192321074139
2026-09-30,ARI incidence,2026-10-11,3,GB-ENG,quantile,0.2,244.9546025477352
2026-09-30,ARI incidence,2026-10-11,3,GB-ENG,quantile,0.25,256.2957284663366
2026-09-30,ARI incidence,2026-10-11,3,GB-ENG,quantile,0.3,266.41168284184124
2026-09-30,ARI incidence,2026-10-11,3,GB-ENG,quantile,0.35,274.5969292657259
2026-09-30,ARI incidence,2026-10-11,3,GB-ENG,quantile,0.4,285.68586866875506
2026-09-30,ARI incidence,2026-10-11,3,GB-ENG,quantile,0.45,295.26062490095353
2026-09-30,ARI incidence,2026-10-11,3,GB-ENG,quantile,0.5,304.98203875260117
2026-09-30,ARI incidence,2026-10-11,3,GB-ENG,quantile,0.55,313.21919004762344
2026-09-30,ARI incidence,2026-10-11,3,GB-ENG,quantile,0.6,325.05925292798975
2026-09-30,ARI incidence,2026-10-11,3,GB-ENG,quantile,0.65,336.8252894828645
2026-09-30,ARI incidence,2026-10-11,3,GB-ENG,quantile,0.7,349.1156233872254
2026-09-30,ARI incidence,2026-10-11,3,GB-ENG,quantile,0.75,361.30043064289475
2026-09-30,ARI incidence,2026-10-11,3,GB-ENG,quantile,0.8,373.8032793266915
2026-09-30,ARI incidence,2026-10-11,3,GB-ENG,quantile,0.85,391.30668966023836
2026-09-30,ARI incidence,2026-10-11,3,GB-ENG,quantile,0.9,419.404335127256
2026-09-30,ARI incidence,2026-10-11,3,GB-ENG,quantile,0.95,464.7932305139589
2026-09-30,ARI incidence,2026-10-11,3,GB-ENG,quantile,0.975,503.1083794751901
2026-09-30,ARI incidence,2026-10-11,3,GB-ENG,quantile,0.99,551.623796570897
2026-09-30,ARI incidence,2026-10-18,4,GB-ENG,quantile,0.01,161.79853888723557
2026-09-30,ARI incidence,2026-10-18,4,GB-ENG,quantile,0.025,178.24877663126532
2026-09-30,ARI incidence,2026-10-18,4,GB-ENG,quantile,0.05,190.65583116424932
2026-09-30,ARI incidence,2026-10-18,4,GB-ENG,quantile,0.1,212.4136233675179
2026-09-30,ARI incidence,2026-10-18,4,GB-ENG,quantile,0.15,226.29033545104735
2026-09-30,ARI incidence,2026-10-18,4,GB-ENG,quantile,0.2,239.6321323726237
2026-09-30,ARI incidence,2026-10-18,4,GB-ENG,quantile,0.25,251.11272290871034
2026-09-30,ARI incidence,2026-10-18,4,GB-ENG,quantile,0.3,261.3403722245354
2026-09-30,ARI incidence,2026-10-18,4,GB-ENG,quantile,0.35,274.02844460693456
2026-09-30,ARI incidence,2026-10-18,4,GB-ENG,quantile,0.4,280.8520612082415
2026-09-30,ARI incidence,2026-10-18,4,GB-ENG,quantile,0.45,290.5436426610004
2026-09-30,ARI incidence,2026-10-18,4,GB-ENG,quantile,0.5,299.6024148159927
2026-09-30,ARI incidence,2026-10-18,4,GB-ENG,quantile,0.55,308.20929580240255
2026-09-30,ARI incidence,2026-10-18,4,GB-ENG,quantile,0.6,317.2072927353795
2026-09-30,ARI incidence,2026-10-18,4,GB-ENG,quantile,0.65,330.5077333123354
2026-09-30,ARI incidence,2026-10-18,4,GB-ENG,quantile,0.7,342.2533619559157
2026-09-30,ARI incidence,2026-10-18,4,GB-ENG,quantile,0.75,356.23156349561674
2026-09-30,ARI incidence,2026-10-18,4,GB-ENG,quantile,0.8,374.3407736815681
2026-09-30,ARI incidence,2026-10-18,4,GB-ENG,quantile,0.85,392.4048186109717
2026-09-30,ARI incidence,2026-10-18,4,GB-ENG,quantile,0.9,413.02897253041573
2026-09-30,ARI incidence,2026-10-18,4,GB-ENG,quantile,0.95,445.6025755435569
2026-09-30,ARI incidence,2026-10-18,4,GB-ENG,quantile,0.975,482.3193722569617
2026-09-30,ARI incidence,2026-10-18,4,GB-ENG,quantile,0.99,535.6106524087035
2026-09-30,ARI incidence,2026-09-27,1,GB-NIR,quantile,0.01,139.76490314269716
2026-09-30,ARI incidence,2026-09-27,1,GB-NIR,quantile,0.025,151.5718133812146
2026-09-30,ARI incidence,2026-09-27,1,GB-NIR,quantile,0.05,162.85433612382252
2026-09-30,ARI incidence,2026-09-27,1,GB-NIR,quantile,0.1,176.90169281141755
2026-09-30,ARI incidence,2026-09-27,1,GB-NIR,quantile,0.15,185.80809272861165
2026-09-30,ARI incidence,2026-09-27,1,GB-NIR,quantile,0.2,193.04248856356548
2026-09-30,ARI incidence,2026-09-27,1,GB-NIR,quantile,0.25,202.88368785556844
2026-09-30,ARI incidence,2026-09-27,1,GB-NIR,quantile,0.3,207.48546079596505
2026-09-30,ARI incidence,2026-09-27,1,GB-NIR,quantile,0.35,216.92304304392576
2026-09-30,ARI incidence,2026-09-27,1,GB-NIR,quantile,0.4,223.08976162020554
2026-09-30,ARI incidence,2026-09-27,1,GB-NIR,quantile,0.45,228.99270238968754
2026-09-30,ARI incidence,2026-09-27,1,GB-NIR,quantile,0.5,233.05199134423904
2026-09-30,ARI incidence,2026-09-27,1,GB-NIR,quantile,0.55,243.32706867636884
2026-09-30,ARI incidence,2026-09-27,1,GB-NIR,quantile,0.6,250.6464203728932
2026-09-30,ARI incidence,2026-09-27,1,GB-NIR,quantile,0.65,257.7333871955149
2026-09-30,ARI incidence,2026-09-27,1,GB-NIR,quantile,0.7,265.8133735744454
2026-09-30,ARI incidence,2026-09-27,1,GB-NIR,quantile,0.75,270.2179545187627
2026-09-30,ARI incidence,2026-09-27,1,GB-NIR,quantile,0.8,284.32667731736734
2026-09-30,ARI incidence,2026-09-27,1,GB-NIR,quantile,0.85,293.4162638236039
2026-09-30,ARI incidence,2026-09-27,1,GB-NIR,quantile,0.9,305.76890483784763
2026-09-30,ARI incidence,2026-09-27,1,GB-NIR,quantile,0.95,330.8016910527249
2026-09-30,ARI incidence,2026-09-27,1,GB-NIR,quantile,0.975,354.1623017171295
2026-09-30,ARI incidence,2026-09-27,1,GB-NIR,quantile,0.99,383.3997598735155
2026-09-30,ARI incidence,2026-10-04,2,GB-NIR,quantile,0.01,125.93535197741747
2026-09-30,ARI incidence,2026-10-04,2,GB-NIR,quantile,0.025,141.36462970826187
2026-09-30,ARI incidence,2026-10-04,2,GB-NIR,quantile,0.05,153.53986593302673
2026-09-30,ARI incidence,2026-10-04,2,GB-NIR,quantile,0.1,169.2787838511084
2026-09-30,ARI incidence,2026-10-04,2,GB-NIR,quantile,0.15,183.40589032997133
2026-09-30,ARI incidence,2026-10-04,2,GB-NIR,quantile,0.2,194.60411769988428
2026-09-30,ARI incidence,2026-10-04,2,GB-NIR,quantile,0.25,203.49433416220927
2026-09-30,ARI incidence,2026-10-04,2,GB-NIR,quantile,0.3,215.13206395401784
2026-09-30,ARI incidence,2026-10-04,2,GB-NIR,quantile,0.35,228.53653913062928
2026-09-30,ARI incidence,2026-10-04,2,GB-NIR,quantile,0.4,235.5315822669388
2026-09-30,ARI incidence,2026-10-04,2,GB-NIR,quantile,0.45,244.30994843893714
2026-09-30,ARI incidence,2026-10-04,2,GB-NIR,quantile,0.5,251.08721209356213
2026-09-30,ARI incidence,2026-10-04,2,GB-NIR,quantile,0.55,261.5616057209622
2026-09-30,ARI incidence,2026-10-04,2,GB-NIR,quantile,0.6,268.12467931079954
2026-09-30,ARI incidence,2026-10-04,2,GB-NIR,quantile,0.65,275.0805930608059
2026-09-30,ARI incidence,2026-10-04,2,GB-NIR,quantile,0.7,282.6057363914565
2026-09-30,ARI incidence,2026-10-04,2,GB-NIR,quantile,0.75,296.4096651398428
2026-09-30,ARI incidence,2026-10-04,2,GB-NIR,quantile,0.8,314.0291988787486
2026-09-30,ARI incidence,2026-10-04,2,GB-NIR,quantile,0.85,329.9094737471992
2026-09-30,ARI incidence,2026-10-04,2,GB-NIR,quantile,0.9,349.01722648809977
2026-09-30,ARI incidence,2026-10-04,2,GB-NIR,quantile,0.95,379.6590437624253
2026-09-30,ARI incidence,2026-10-04,2,GB-NIR,quantile,0.975,412.7571912663007
2026-09-30,ARI incidence,2026-10-04,2,GB-NIR,quantile,0.99,459.5928330261829
2026-09-30,ARI incidence,2026-10-11,3,GB-NIR,quantile,0.01,118.34792809960393
2026-09-30,ARI incidence,2026-10-11,3,GB-NIR,quantile,0.025,135.26909731523267
2026-09-30,ARI incidence,2026-10-11,3,GB-NIR,quantile,0.05,152.5696952202241
2026-09-30,ARI incidence,2026-10-11,3,GB-NIR,quantile,0.1,174.0906367691896
2026-09-30,ARI incidence,2026-10-11,3,GB-NIR,quantile,0.15,187.73915444878457
2026-09-30,ARI incidence,2026-10-11,3,GB-NIR,quantile,0.2,196.38052891322258
2026-09-30,ARI incidence,2026-10-11,3,GB-NIR,quantile,0.25,208.5414065340591
2026-09-30,ARI incidence,2026-10-11,3,GB-NIR,quantile,0.3,219.31478320135895
2026-09-30,ARI incidence,2026-10-11,3,GB-NIR,quantile,0.35,227.13962812439917
2026-09-30,ARI incidence,2026-10-11,3,GB-NIR,quantile,0.4,234.82146083647942
2026-09-30,ARI incidence,2026-10-11,3,GB-NIR,quantile,0.45,242.5306820287331
2026-09-30,ARI incidence,2026-10-11,3,GB-NIR,quantile,0.5,250.04046800278485
2026-09-30,ARI incidence,2026-10-11,3,GB-NIR,quantile,0.55,256.6088788415685
2026-09-30,ARI incidence,2026-10-11,3,GB-NIR,quantile,0.6,266.7955730226954
2026-09-30,ARI incidence,2026-10-11,3,GB-NIR,quantile,0.65,279.61991603126626
2026-09-30,ARI incidence,2026-10-11,3,GB-NIR,quantile,0.7,289.1404504092097
2026-09-30,ARI incidence,2026-10-11,3,GB-NIR,quantile,0.75,301.5611638785661
2026-09-30,ARI incidence,2026-10-11,3,GB-NIR,quantile,0.8,321.9275996097635
2026-09-30,ARI incidence,2026-10-11,3,GB-NIR,quantile,0.85,337.90331335802205
2026-09-30,ARI incidence,2026-10-11,3,GB-NIR,quantile,0.9,368.70689580387716
2026-09-30,ARI incidence,2026-10-11,3,GB-NIR,quantile,0.95,419.58693310339436
2026-09-30,ARI incidence,2026-10-11,3,GB-NIR,quantile,0.975,458.5011405535686
2026-09-30,ARI incidence,2026-10-11,3,GB-NIR,quantile,0.99,508.17609266200253
2026-09-30,ARI incidence,2026-10-18,4,GB-NIR,quantile,0.01,117.4074895843322
2026-09-30,ARI incidence,2026-10-18,4,GB-NIR,quantile,0.025,135.396842726272
2026-09-30,ARI incidence,2026-10-18,4,GB-NIR,quantile,0.05,152.333629991676
2026-09-30,ARI incidence,2026-10-18,4,GB-NIR,quantile,0.1,175.30826807174014
2026-09-30,ARI incidence,2026-10-18,4,GB-NIR,quantile,0.15,188.49997239681386
2026-09-30,ARI incidence,2026-10-18,4,GB-NIR,quantile,0.2,199.13065825794985
2026-09-30,ARI incidence,2026-10-18,4,GB-NIR,quantile,0.25,212.38696571074811
2026-09-30,ARI incidence,2026-10-18,4,GB-NIR,quantile,0.3,221.76448793903887
2026-09-30,ARI incidence,2026-10-18,4,GB-NIR,quantile,0.35,230.71180479132124
2026-09-30,ARI incidence,2026-10-18,4,GB-NIR,quantile,0.4,238.34125955100328
2026-09-30,ARI incidence,2026-10-18,4,GB-NIR,quantile,0.45,245.9618622897091
2026-09-30,ARI incidence,2026-10-18,4,GB-NIR,quantile,0.5,254.12461020858427
2026-09-30,ARI incidence,2026-10-18,4,GB-NIR,quantile,0.55,264.6667886660679
2026-09-30,ARI incidence,2026-10-18,4,GB-NIR,quantile,0.6,273.3669811031398
2026-09-30,ARI incidence,2026-10-18,4,GB-NIR,quantile,0.65,282.70784805084537
2026-09-30,ARI incidence,2026-10-18,4,GB-NIR,quantile,0.7,294.58931626010576
2026-09-30,ARI incidence,2026-10-18,4,GB-NIR,quantile,0.75,306.6339928161811
2026-09-30,ARI incidence,2026-10-18,4,GB-NIR,quantile,0.8,326.2153502723035
2026-09-30,ARI incidence,2026-10-18,4,GB-NIR,quantile,0.85,350.6183897376505
2026-09-30,ARI incidence,2026-10-18,4,GB-NIR,quantile,0.9,383.92490083542566
2026-09-30,ARI incidence,2026-10-18,4,GB-NIR,quantile,0.95,428.39938535715845
2026-09-30,ARI incidence,2026-10-18,4,GB-NIR,quantile,0.975,467.91710651933784
2026-09-30,ARI incidence,2026-10-18,4,GB-NIR,quantile,0.99,518.4600217554078
2026-09-30,ARI incidence,2026-09-27,1,GB-SCT,quantile,0.01,110.50163046767688
2026-09-30,ARI incidence,2026-09-27,1,GB-SCT,quantile,0.025,114.93576983760454
2026-09-30,ARI incidence,2026-09-27,1,GB-SCT,quantile,0.05,118.64719664684618
2026-09-30,ARI incidence,2026-09-27,1,GB-SCT,quantile,0.1,123.07393188390296
2026-09-30,ARI incidence,2026-09-27,1,GB-SCT,quantile,0.15,126.15279142022307
2026-09-30,ARI incidence,2026-09-27,1,GB-SCT,quantile,0.2,128.65416972692225
2026-09-30,ARI incidence,2026-09-27,1,GB-SCT,quantile,0.25,130.97465445903399
2026-09-30,ARI incidence,2026-09-27,1,GB-SCT,quantile,0.3,133.99922401320106
2026-09-30,ARI incidence,2026-09-27,1,GB-SCT,quantile,0.35,137.52468788083775
2026-09-30,ARI incidence,2026-09-27,1,GB-SCT,quantile,0.4,140.95510075412687
2026-09-30,ARI incidence,2026-09-27,1,GB-SCT,quantile,0.45,143.5315668946493
2026-09-30,ARI incidence,2026-09-27,1,GB-SCT,quantile,0.5,145.6887926715646
2026-09-30,ARI incidence,2026-09-27,1,GB-SCT,quantile,0.55,147.62288456623503
2026-09-30,ARI incidence,2026-09-27,1,GB-SCT,quantile,0.6,149.53275993162944
2026-09-30,ARI incidence,2026-09-27,1,GB-SCT,quantile,0.65,152.50638788339938
2026-09-30,ARI incidence,2026-09-27,1,GB-SCT,quantile,0.7,155.04424338303937
2026-09-30,ARI incidence,2026-09-27,1,GB-SCT,quantile,0.75,157.54120243147992
2026-09-30,ARI incidence,2026-09-27,1,GB-SCT,quantile,0.8,160.2194517588672
2026-09-30,ARI incidence,2026-09-27,1,GB-SCT,quantile,0.85,164.75449355310738
2026-09-30,ARI incidence,2026-09-27,1,GB-SCT,quantile,0.9,169.11355263647192
2026-09-30,ARI incidence,2026-09-27,1,GB-SCT,quantile,0.95,175.4074502104001
2026-09-30,ARI incidence,2026-09-27,1,GB-SCT,quantile,0.975,182.32475505419563
2026-09-30,ARI incidence,2026-09-27,1,GB-SCT,quantile,0.99,189.16611255045228
2026-09-30,ARI incidence,2026-10-04,2,GB-SCT,quantile,0.01,91.67981860346822
2026-09-30,ARI incidence,2026-10-04,2,GB-SCT,quantile,0.025,98.4873695715984
2026-09-30,ARI incidence,2026-10-04,2,GB-SCT,quantile,0.05,104.14281591102522
2026-09-30,ARI incidence,2026-10-04,2,GB-SCT,quantile,0.1,111.3274715598167
2026-09-30,ARI incidence,2026-10-04,2,GB-SCT,quantile,0.15,119.42749831970285
2026-09-30,ARI incidence,2026-10-04,2,GB-SCT,quantile,0.2,123.80702170961126
2026-09-30,ARI incidence,2026-10-04,2,GB-SCT,quantile,0.25,127.7754155872151
2026-09-30,ARI incidence,2026-10-04,2,GB-SCT,quantile,0.3,133.06631222374702
2026-09-30,ARI incidence,2026-10-04,2,GB-SCT,quantile,0.35,138.58664380316094
2026-09-30,ARI incidence,2026-10-04,2,GB-SCT,quantile,0.4,142.53745951388333
2026-09-30,ARI incidence,2026-10-04,2,GB-SCT,quantile,0.45,146.46631927557402
2026-09-30,ARI incidence,2026-10-04,2,GB-SCT,quantile,0.5,150.4378688334439
2026-09-30,ARI incidence,2026-10-04,2,GB-SCT,quantile,0.55,154.51637980438818
2026-09-30,ARI incidence,2026-10-04,2,GB-SCT,quantile,0.6,158.72774575384756
2026-09-30,ARI incidence,2026-10-04,2,GB-SCT,quantile,0.65,163.29528995019788
2026-09-30,ARI incidence,2026-10-04,2,GB-SCT,quantile,0.7,168.19956123528397
2026-09-30,ARI incidence,2026-10-04,2,GB-SCT,quantile,0.75,172.31030855765587
2026-09-30,ARI incidence,2026-10-04,2,GB-SCT,quantile,0.8,179.3446253745416
2026-09-30,ARI incidence,2026-10-04,2,GB-SCT,quantile,0.85,187.55065371616604
2026-09-30,ARI incidence,2026-10-04,2,GB-SCT,quantile,0.9,198.41361392663742
2026-09-30,ARI incidence,2026-10-04,2,GB-SCT,quantile,0.95,213.4419590664488
2026-09-30,ARI incidence,2026-10-04,2,GB-SCT,quantile,0.975,228.23052122158398
2026-09-30,ARI incidence,2026-10-04,2,GB-SCT,quantile,0.99,250.45675513101716
2026-09-30,ARI incidence,2026-10-11,3,GB-SCT,quantile,0.01,83.09635105405619
2026-09-30,ARI incidence,2026-10-11,3,GB-SCT,quantile,0.025,90.00844233307886
2026-09-30,ARI incidence,2026-10-11,3,GB-SCT,quantile,0.05,98.91921157049606
2026-09-30,ARI incidence,2026-10-11,3,GB-SCT,quantile,0.1,106.30474435853134
2026-09-30,ARI incidence,2026-10-11,3,GB-SCT,quantile,0.15,111.54408084172277
2026-09-30,ARI incidence,2026-10-11,3,GB-SCT,quantile,0.2,117.57956541622774
2026-09-30,ARI incidence,2026-10-11,3,GB-SCT,quantile,0.25,122.41695191958415
2026-09-30,ARI incidence,2026-10-11,3,GB-SCT,quantile,0.3,128.4936645523132
2026-09-30,ARI incidence,2026-10-11,3,GB-SCT,quantile,0.35,132.4241246855758
2026-09-30,ARI incidence,2026-10-11,3,GB-SCT,quantile,0.4,136.26400165534073
2026-09-30,ARI incidence,2026-10-11,3,GB-SCT,quantile,0.45,140.48780634215214
2026-09-30,ARI incidence,2026-10-11,3,GB-SCT,quantile,0.5,145.44710239733206
2026-09-30,ARI incidence,2026-10-11,3,GB-SCT,quantile,0.55,149.77181190198138
2026-09-30,ARI incidence,2026-10-11,3,GB-SCT,quantile,0.6,153.66371478985386
2026-09-30,ARI incidence,2026-10-11,3,GB-SCT,quantile,0.65,157.79191493853625
2026-09-30,ARI incidence,2026-10-11,3,GB-SCT,quantile,0.7,163.3519690478187
2026-09-30,ARI incidence,2026-10-11,3,GB-SCT,quantile,0.75,169.7668688311226
2026-09-30,ARI incidence,2026-10-11,3,GB-SCT,quantile,0.8,178.86586539557737
2026-09-30,ARI incidence,2026-10-11,3,GB-SCT,quantile,0.85,189.48509057768166
2026-09-30,ARI incidence,2026-10-11,3,GB-SCT,quantile,0.9,200.96797803048764
2026-09-30,ARI incidence,2026-10-11,3,GB-SCT,quantile,0.95,218.18629526002047
2026-09-30,ARI incidence,2026-10-11,3,GB-SCT,quantile,0.975,236.04130067994856
2026-09-30,ARI incidence,2026-10-11,3,GB-SCT,quantile,0.99,258.7715582445738
2026-09-30,ARI incidence,2026-10-18,4,GB-SCT,quantile,0.01,81.83522362516666
2026-09-30,ARI incidence,2026-10-18,4,GB-SCT,quantile,0.025,88.47362594039046
2026-09-30,ARI incidence,2026-10-18,4,GB-SCT,quantile,0.05,96.47919233347423
2026-09-30,ARI incidence,2026-10-18,4,GB-SCT,quantile,0.1,104.422787184904
2026-09-30,ARI incidence,2026-10-18,4,GB-SCT,quantile,0.15,109.81521871213155
2026-09-30,ARI incidence,2026-10-18,4,GB-SCT,quantile,0.2,117.79387159395537
2026-09-30,ARI incidence,2026-10-18,4,GB-SCT,quantile,0.25,124.76097879360559
2026-09-30,ARI incidence,2026-10-18,4,GB-SCT,quantile,0.3,129.93794198249972
2026-09-30,ARI incidence,2026-10-18,4,GB-SCT,quantile,0.35,133.94884189664683
2026-09-30,ARI incidence,2026-10-18,4,GB-SCT,quantile,0.4,137.34327276945695
2026-09-30,ARI incidence,2026-10-18,4,GB-SCT,quantile,0.45,140.70866780815442
2026-09-30,ARI incidence,2026-10-18,4,GB-SCT,quantile,0.5,146.28909766908635
2026-09-30,ARI incidence,2026-10-18,4,GB-SCT,quantile,0.55,151.41779580653707
2026-09-30,ARI incidence,2026-10-18,4,GB-SCT,quantile,0.6,155.67345822671365
2026-09-30,ARI incidence,2026-10-18,4,GB-SCT,quantile,0.65,160.05746480023325
2026-09-30,ARI incidence,2026-10-18,4,GB-SCT,quantile,0.7,166.09610410776773
2026-09-30,ARI incidence,2026-10-18,4,GB-SCT,quantile,0.75,171.9802825411465
2026-09-30,ARI incidence,2026-10-18,4,GB-SCT,quantile,0.8,180.22890594522573
2026-09-30,ARI incidence,2026-10-18,4,GB-SCT,quantile,0.85,193.1557591919456
2026-09-30,ARI incidence,2026-10-18,4,GB-SCT,quantile,0.9,204.8530812541185
2026-09-30,ARI incidence,2026-10-18,4,GB-SCT,quantile,0.95,224.01336152098872
2026-09-30,ARI incidence,2026-10-18,4,GB-SCT,quantile,0.975,244.69340527511358
2026-09-30,ARI incidence,2026-10-18,4,GB-SCT,quantile,0.99,267.82119091600276
2026-09-30,ARI incidence,2026-09-27,1,GB-WLS,quantile,0.01,41.75623448536346
2026-09-30,ARI incidence,2026-09-27,1,GB-WLS,quantile,0.025,47.54516022180845
2026-09-30,ARI incidence,2026-09-27,1,GB-WLS,quantile,0.05,53.14707002822459
2026-09-30,ARI incidence,2026-09-27,1,GB-WLS,quantile,0.1,60.41261448713777
2026-09-30,ARI incidence,2026-09-27,1,GB-WLS,quantile,0.15,65.98943396888266
2026-09-30,ARI incidence,2026-09-27,1,GB-WLS,quantile,0.2,71.31654745475956
2026-09-30,ARI incidence,2026-09-27,1,GB-WLS,quantile,0.25,76.22310238518313
2026-09-30,ARI incidence,2026-09-27,1,GB-WLS,quantile,0.3,80.91241160362159
2026-09-30,ARI incidence,2026-09-27,1,GB-WLS,quantile,0.35,83.69409553177411
2026-09-30,ARI incidence,2026-09-27,1,GB-WLS,quantile,0.4,88.02442495477825
2026-09-30,ARI incidence,2026-09-27,1,GB-WLS,quantile,0.45,90.70194903223656
2026-09-30,ARI incidence,2026-09-27,1,GB-WLS,quantile,0.5,95.37934880787714
2026-09-30,ARI incidence,2026-09-27,1,GB-WLS,quantile,0.55,100.29532659513097
2026-09-30,ARI incidence,2026-09-27,1,GB-WLS,quantile,0.6,103.3645500114026
2026-09-30,ARI incidence,2026-09-27,1,GB-WLS,quantile,0.65,107.82903733906836
2026-09-30,ARI incidence,2026-09-27,1,GB-WLS,quantile,0.7,111.22601227783343
2026-09-30,ARI incidence,2026-09-27,1,GB-WLS,quantile,0.75,117.59051515419326
2026-09-30,ARI incidence,2026-09-27,1,GB-WLS,quantile,0.8,125.10333433469486
2026-09-30,ARI incidence,2026-09-27,1,GB-WLS,quantile,0.85,134.70387340121766
2026-09-30,ARI incidence,2026-09-27,1,GB-WLS,quantile,0.9,148.29476381171304
2026-09-30,ARI incidence,2026-09-27,1,GB-WLS,quantile,0.95,168.40808644811327
2026-09-30,ARI incidence,2026-09-27,1,GB-WLS,quantile,0.975,189.2086796342174
2026-09-30,ARI incidence,2026-09-27,1,GB-WLS,quantile,0.99,216.6258727930156
2026-09-30,ARI incidence,2026-10-04,2,GB-WLS,quantile,0.01,43.3667684967219
2026-09-30,ARI incidence,2026-10-04,2,GB-WLS,quantile,0.025,49.04223831639433
2026-09-30,ARI incidence,2026-10-04,2,GB-WLS,quantile,0.05,55.685008828301314
2026-09-30,ARI incidence,2026-10-04,2,GB-WLS,quantile,0.1,64.3402194049555
2026-09-30,ARI incidence,2026-10-04,2,GB-WLS,quantile,0.15,70.95316379146496
2026-09-30,ARI incidence,2026-10-04,2,GB-WLS,quantile,0.2,76.15295027729177
2026-09-30,ARI incidence,2026-10-04,2,GB-WLS,quantile,0.25,80.52292178565884
2026-09-30,ARI incidence,2026-10-04,2,GB-WLS,quantile,0.3,83.80578046232068
2026-09-30,ARI incidence,2026-10-04,2,GB-WLS,quantile,0.35,88.41856767825091
2026-09-30,ARI incidence,2026-10-04,2,GB-WLS,quantile,0.4,91.76458200277806
2026-09-30,ARI incidence,2026-10-04,2,GB-WLS,quantile,0.45,95.89091996099577
2026-09-30,ARI incidence,2026-10-04,2,GB-WLS,quantile,0.5,100.15870110245623
2026-09-30,ARI incidence,2026-10-04,2,GB-WLS,quantile,0.55,105.33900910250954
2026-09-30,ARI incidence,2026-10-04,2,GB-WLS,quantile,0.6,110.87457294323008
2026-09-30,ARI incidence,2026-10-04,2,GB-WLS,quantile,0.65,116.89902680586805
2026-09-30,ARI incidence,2026-10-04,2,GB-WLS,quantile,0.7,123.59932101315466
2026-09-30,ARI incidence,2026-10-04,2,GB-WLS,quantile,0.75,131.53757075630114
2026-09-30,ARI incidence,2026-10-04,2,GB-WLS,quantile,0.8,141.67565501440814
2026-09-30,ARI incidence,2026-10-04,2,GB-WLS,quantile,0.85,154.17112822256303
2026-09-30,ARI incidence,2026-10-04,2,GB-WLS,quantile,0.9,172.95124171757442
2026-09-30,ARI incidence,2026-10-04,2,GB-WLS,quantile,0.95,197.64707508422472
2026-09-30,ARI incidence,2026-10-04,2,GB-WLS,quantile,0.975,221.41933031770947
2026-09-30,ARI incidence,2026-10-04,2,GB-WLS,quantile,0.99,253.99689539877377
2026-09-30,ARI incidence,2026-10-11,3,GB-WLS,quantile,0.01,43.61425614116586
2026-09-30,ARI incidence,2026-10-11,3,GB-WLS,quantile,0.025,49.84030094964956
2026-09-30,ARI incidence,2026-10-11,3,GB-WLS,quantile,0.05,56.33533323512888
2026-09-30,ARI incidence,2026-10-11,3,GB-WLS,quantile,0.1,64.24011059208172
2026-09-30,ARI incidence,2026-10-11,3,GB-WLS,quantile,0.15,71.31667134187536
2026-09-30,ARI incidence,2026-10-11,3,GB-WLS,quantile,0.2,76.89670280539804
2026-09-30,ARI incidence,2026-10-11,3,GB-WLS,quantile,0.25,82.47370780209806
2026-09-30,ARI incidence,2026-10-11,3,GB-WLS,quantile,0.3,87.00366915750838
2026-09-30,ARI incidence,2026-10-11,3,GB-WLS,quantile,0.35,91.4205121746473
2026-09-30,ARI incidence,2026-10-11,3,GB-WLS,quantile,0.4,95.81646808942713
2026-09-30,ARI incidence,2026-10-11,3,GB-WLS,quantile,0.45,100.56027101643619
2026-09-30,ARI incidence,2026-10-11,3,GB-WLS,quantile,0.5,104.84981662942711
2026-09-30,ARI incidence,2026-10-11,3,GB-WLS,quantile,0.55,109.63836898574844
2026-09-30,ARI incidence,2026-10-11,3,GB-WLS,quantile,0.6,116.78993057310541
2026-09-30,ARI incidence,2026-10-11,3,GB-WLS,quantile,0.65,123.40133362710276
2026-09-30,ARI incidence,2026-10-11,3,GB-WLS,quantile,0.7,130.18095702242803
2026-09-30,ARI incidence,2026-10-11,3,GB-WLS,quantile,0.75,137.91232880767961
2026-09-30,ARI incidence,2026-10-11,3,GB-WLS,quantile,0.8,149.70423353301902
2026-09-30,ARI incidence,2026-10-11,3,GB-WLS,quantile,0.85,163.46884547111713
2026-09-30,ARI incidence,2026-10-11,3,GB-WLS,quantile,0.9,180.3391831635445
2026-09-30,ARI incidence,2026-10-11,3,GB-WLS,quantile,0.95,214.20392919054066
2026-09-30,ARI incidence,2026-10-11,3,GB-WLS,quantile,0.975,248.6578013904002
2026-09-30,ARI incidence,2026-10-11,3,GB-WLS,quantile,0.99,295.7115507621499
2026-09-30,ARI incidence,2026-10-18,4,GB-WLS,quantile,0.01,42.195148455687786
2026-09-30,ARI incidence,2026-10-18,4,GB-WLS,quantile,0.025,48.67280347605016
2026-09-30,ARI incidence,2026-10-18,4,GB-WLS,quantile,0.05,55.117603936527615
2026-09-30,ARI incidence,2026-10-18,4,GB-WLS,quantile,0.1,63.5198065628732
2026-09-30,ARI incidence,2026-10-18,4,GB-WLS,quantile,0.15,69.88845291530397
2026-09-30,ARI incidence,2026-10-18,4,GB-WLS,quantile,0.2,75.92129824566855
2026-09-30,ARI incidence,2026-10-18,4,GB-WLS,quantile,0.25,82.12906164733934
2026-09-30,ARI incidence,2026-10-18,4,GB-WLS,quantile,0.3,87.71790366465974
2026-09-30,ARI incidence,2026-10-18,4,GB-WLS,quantile,0.35,91.58985003824425
2026-09-30,ARI incidence,2026-10-18,4,GB-WLS,quantile,0.4,94.75993526017331
2026-09-30,ARI incidence,2026-10-18,4,GB-WLS,quantile,0.45,99.57270347949506
2026-09-30,ARI incidence,2026-10-18,4,GB-WLS,quantile,0.5,104.54526647283785
2026-09-30,ARI incidence,2026-10-18,4,GB-WLS,quantile,0.55,109.76368526867286
2026-09-30,ARI incidence,2026-10-18,4,GB-WLS,quantile,0.6,116.87715671070843
2026-09-30,ARI incidence,2026-10-18,4,GB-WLS,quantile,0.65,122.90691904903157
2026-09-30,ARI incidence,2026-10-18,4,GB-WLS,quantile,0.7,131.2989255953774
2026-09-30,ARI incidence,2026-10-18,4,GB-WLS,quantile,0.75,141.13261199244454
2026-09-30,ARI incidence,2026-10-18,4,GB-WLS,quantile,0.8,152.94540512965676
2026-09-30,ARI incidence,2026-10-18,4,GB-WLS,quantile,0.85,167.95939262611702
2026-09-30,ARI incidence,2026-10-18,4,GB-WLS,quantile,0.9,188.94785959198606
2026-09-30,ARI incidence,2026-10-18,4,GB-WLS,quantile,0.95,224.1983022918209
2026-09-30,ARI incidence,2026-10-18,4,GB-WLS,quantile,0.975,255.0661624455141
2026-09-30,ARI incidence,2026-10-18,4,GB-WLS,quantile,0.99,296.3149383559314
2026-09-30,ARI incidence,2026-09-27,1,HU,quantile,0.01,2075.1664471474764
2026-09-30,ARI incidence,2026-09-27,1,HU,quantile,0.025,2152.6445110017266
2026-09-30,ARI incidence,2026-09-27,1,HU,quantile,0.05,2221.5886267581845
2026-09-30,ARI incidence,2026-09-27,1,HU,quantile,0.1,2303.820435741019
2026-09-30,ARI incidence,2026-09-27,1,HU,quantile,0.15,2361.013868629106
2026-09-30,ARI incidence,2026-09-27,1,HU,quantile,0.2,2407.4799086514454
2026-09-30,ARI incidence,2026-09-27,1,HU,quantile,0.25,2448.071452622748
2026-09-30,ARI incidence,2026-09-27,1,HU,quantile,0.3,2485.1066135826927
2026-09-30,ARI incidence,2026-09-27,1,HU,quantile,0.35,2519.9249620211895
2026-09-30,ARI incidence,2026-09-27,1,HU,quantile,0.4,2557.0675817456754
2026-09-30,ARI incidence,2026-09-27,1,HU,quantile,0.45,2595.1811877993987
2026-09-30,ARI incidence,2026-09-27,1,HU,quantile,0.5,2628.010990618898
2026-09-30,ARI incidence,2026-09-27,1,HU,quantile,0.55,2675.090161484609
2026-09-30,ARI incidence,2026-09-27,1,HU,quantile,0.6,2709.4791161866087
2026-09-30,ARI incidence,2026-09-27,1,HU,quantile,0.65,2745.487318190776
2026-09-30,ARI incidence,2026-09-27,1,HU,quantile,0.7,2783.9523573716338
2026-09-30,ARI incidence,2026-09-27,1,HU,quantile,0.75,2826.066766660396
2026-09-30,ARI incidence,2026-09-27,1,HU,quantile,0.8,2884.7496538416003
2026-09-30,ARI incidence,2026-09-27,1,HU,quantile,0.85,2941.518735806255
2026-09-30,ARI incidence,2026-09-27,1,HU,quantile,0.9,3019.0064184045973
2026-09-30,ARI incidence,2026-09-27,1,HU,quantile,0.95,3139.8603961275358
2026-09-30,ARI incidence,2026-09-27,1,HU,quantile,0.975,3240.4080525195336
2026-09-30,ARI incidence,2026-09-27,1,HU,quantile,0.99,3370.1808359717634
2026-09-30,ARI incidence,2026-10-04,2,HU,quantile,0.01,1441.700500450443
2026-09-30,ARI incidence,2026-10-04,2,HU,quantile,0.025,1586.7414091178289
2026-09-30,ARI incidence,2026-10-04,2,HU,quantile,0.05,1748.795119494608
2026-09-30,ARI incidence,2026-10-04,2,HU,quantile,0.1,1919.6471367081906
2026-09-30,ARI incidence,2026-10-04,2,HU,quantile,0.15,2020.3821728071846
2026-09-30,ARI incidence,2026-10-04,2,HU,quantile,0.2,2126.010936310593
2026-09-30,ARI incidence,2026-10-04,2,HU,quantile,0.25,2221.019272516743
2026-09-30,ARI incidence,2026-10-04,2,HU,quantile,0.3,2303.3698222864305
2026-09-30,ARI incidence,2026-10-04,2,HU,quantile,0.35,2395.5030068259143
2026-09-30,ARI incidence,2026-10-04,2,HU,quantile,0.4,2479.672155274956
2026-09-30,ARI incidence,2026-10-04,2,HU,quantile,0.45,2563.887570154647
2026-09-30,ARI incidence,2026-10-04,2,HU,quantile,0.5,2653.5950507237567
2026-09-30,ARI incidence,2026-10-04,2,HU,quantile,0.55,2738.091270938001
2026-09-30,ARI incidence,2026-10-04,2,HU,quantile,0.6,2825.0971302316007
2026-09-30,ARI incidence,2026-10-04,2,HU,quantile,0.65,2915.632715364548
2026-09-30,ARI incidence,2026-10-04,2,HU,quantile,0.7,3016.4388850360547
2026-09-30,ARI incidence,2026-10-04,2,HU,quantile,0.75,3129.136848300142
2026-09-30,ARI incidence,2026-10-04,2,HU,quantile,0.8,3259.5915024147266
2026-09-30,ARI incidence,2026-10-04,2,HU,quantile,0.85,3397.4792423852414
2026-09-30,ARI incidence,2026-10-04,2,HU,quantile,0.9,3569.524481700719
2026-09-30,ARI incidence,2026-10-04,2,HU,quantile,0.95,3877.0333131716866
2026-09-30,ARI incidence,2026-10-04,2,HU,quantile,0.975,4165.118976249295
2026-09-30,ARI incidence,2026-10-04,2,HU,quantile,0.99,4550.418116062104
2026-09-30,ARI incidence,2026-10-11,3,HU,quantile,0.01,1294.1490600626416
2026-09-30,ARI incidence,2026-10-11,3,HU,quantile,0.025,1478.3687768742468
2026-09-30,ARI incidence,2026-10-11,3,HU,quantile,0.05,1619.5710759486567
2026-09-30,ARI incidence,2026-10-11,3,HU,quantile,0.1,1831.7629245235503
2026-09-30,ARI incidence,2026-10-11,3,HU,quantile,0.15,1956.283067006611
2026-09-30,ARI incidence,2026-10-11,3,HU,quantile,0.2,2061.254055001152
2026-09-30,ARI incidence,2026-10-11,3,HU,quantile,0.25,2153.9058350829473
2026-09-30,ARI incidence,2026-10-11,3,HU,quantile,0.3,2244.3644230534355
2026-09-30,ARI incidence,2026-10-11,3,HU,quantile,0.35,2337.991403767981
2026-09-30,ARI incidence,2026-10-11,3,HU,quantile,0.4,2442.798047140656
2026-09-30,ARI incidence,2026-10-11,3,HU,quantile,0.45,2521.251118361144
2026-09-30,ARI incidence,2026-10-11,3,HU,quantile,0.5,2593.027963075864
2026-09-30,ARI incidence,2026-10-11,3,HU,quantile,0.55,2681.925532603111
2026-09-30,ARI incidence,2026-10-11,3,HU,quantile,0.6,2790.6897284122924
2026-09-30,ARI incidence,2026-10-11,3,HU,quantile,0.65,2870.093462949837
2026-09-30,ARI incidence,2026-10-11,3,HU,quantile,0.7,2999.836126850392
2026-09-30,ARI incidence,2026-10-11,3,HU,quantile,0.75,3136.297398876577
2026-09-30,ARI incidence,2026-10-11,3,HU,quantile,0.8,3266.710781977942
2026-09-30,ARI incidence,2026-10-11,3,HU,quantile,0.85,3448.1094059032234
2026-09-30,ARI incidence,2026-10-11,3,HU,quantile,0.9,3694.6910960961086
2026-09-30,ARI incidence,2026-10-11,3,HU,quantile,0.95,4074.386685563177
2026-09-30,ARI incidence,2026-10-11,3,HU,quantile,0.975,4422.98586174695
2026-09-30,ARI incidence,2026-10-11,3,HU,quantile,0.99,4850.543618557167
2026-09-30,ARI incidence,2026-10-18,4,HU,quantile,0.01,1218.5655292435667
2026-09-30,ARI incidence,2026-10-18,4,HU,quantile,0.025,1406.7382882158367
2026-09-30,ARI incidence,2026-10-18,4,HU,quantile,0.05,1547.3123433948317
2026-09-30,ARI incidence,2026-10-18,4,HU,quantile,0.1,1721.3754348965763
2026-09-30,ARI incidence,2026-10-18,4,HU,quantile,0.15,1873.1795740875318
2026-09-30,ARI incidence,2026-10-18,4,HU,quantile,0.2,1981.928123769108
2026-09-30,ARI incidence,2026-10-18,4,HU,quantile,0.25,2080.239997578836
2026-09-30,ARI incidence,2026-10-18,4,HU,quantile,0.3,2196.956088036313
2026-09-30,ARI incidence,2026-10-18,4,HU,quantile,0.35,2312.9786923023426
2026-09-30,ARI incidence,2026-10-18,4,HU,quantile,0.4,2420.94329120904
2026-09-30,ARI incidence,2026-10-18,4,HU,quantile,0.45,2518.81059381748
2026-09-30,ARI incidence,2026-10-18,4,HU,quantile,0.5,2616.1250338649706
2026-09-30,ARI incidence,2026-10-18,4,HU,quantile,0.55,2714.763704808477
2026-09-30,ARI incidence,2026-10-18,4,HU,quantile,0.6,2803.1253031665565
2026-09-30,ARI incidence,2026-10-18,4,HU,quantile,0.65,2932.3716117385634
2026-09-30,ARI incidence,2026-10-18,4,HU,quantile,0.7,3064.4893630765514
2026-09-30,ARI incidence,2026-10-18,4,HU,quantile,0.75,3206.4172259183674
2026-09-30,ARI incidence,2026-10-18,4,HU,quantile,0.8,3372.206657483018
2026-09-30,ARI incidence,2026-10-18,4,HU,quantile,0.85,3576.3010768350737
2026-09-30,ARI incidence,2026-10-18,4,HU,quantile,0.9,3850.7323381142196
2026-09-30,ARI incidence,2026-10-18,4,HU,quantile,0.95,4296.679594396999
2026-09-30,ARI incidence,2026-10-18,4,HU,quantile,0.975,4609.453315960947
2026-09-30,ARI incidence,2026-10-18,4,HU,quantile,0.99,5090.595210163484
2026-09-30,ARI incidence,2026-09-27,1,IE,quantile,0.01,48.73677027494153
2026-09-30,ARI incidence,2026-09-27,1,IE,quantile,0.025,50.592839507040196
2026-09-30,ARI incidence,2026-09-27,1,IE,quantile,0.05,52.24446895702928
2026-09-30,ARI incidence,2026-09-27,1,IE,quantile,0.1,54.214419197912605
2026-09-30,ARI incidence,2026-09-27,1,IE,quantile,0.15,56.38477553103272
2026-09-30,ARI incidence,2026-09-27,1,IE,quantile,0.2,57.51371244336265
2026-09-30,ARI incidence,2026-09-27,1,IE,quantile,0.25,58.499923656117915
2026-09-30,ARI incidence,2026-09-27,1,IE,quantile,0.3,59.399729712684135
2026-09-30,ARI incidence,2026-09-27,1,IE,quantile,0.35,60.2456766562732
2026-09-30,ARI incidence,2026-09-27,1,IE,quantile,0.4,61.059350490686064
2026-09-30,ARI incidence,2026-09-27,1,IE,quantile,0.45,61.8568767617242
2026-09-30,ARI incidence,2026-09-27,1,IE,quantile,0.5,62.65176445416612
2026-09-30,ARI incidence,2026-09-27,1,IE,quantile,0.55,63.456704291673894
2026-09-30,ARI incidence,2026-09-27,1,IE,quantile,0.6,64.28503901658955
2026-09-30,ARI incidence,2026-09-27,1,IE,quantile,0.65,65.15237743011626
2026-09-30,ARI incidence,2026-09-27,1,IE,quantile,0.7,66.07889484607756
2026-09-30,ARI incidence,2026-09-27,1,IE,quantile,0.75,67.0933162459959
2026-09-30,ARI incidence,2026-09-27,1,IE,quantile,0.8,68.24098555616807
2026-09-30,ARI incidence,2026-09-27,1,IE,quantile,0.85,69.60317097411387
2026-09-30,ARI incidence,2026-09-27,1,IE,quantile,0.9,71.35524758573561
2026-09-30,ARI incidence,2026-09-27,1,IE,quantile,0.95,74.03238537281831
2026-09-30,ARI incidence,2026-09-27,1,IE,quantile,0.975,76.74433875324874
2026-09-30,ARI incidence,2026-09-27,1,IE,quantile,0.99,79.64560755947721
2026-09-30,ARI incidence,2026-10-04,2,IE,quantile,0.01,37.62394277686194
2026-09-30,ARI incidence,2026-10-04,2,IE,quantile,0.025,41.333953364770025
2026-09-30,ARI incidence,2026-10-04,2,IE,quantile,0.05,44.70431362863513
2026-09-30,ARI incidence,2026-10-04,2,IE,quantile,0.1,48.924472465838406
2026-09-30,ARI incidence,2026-10-04,2,IE,quantile,0.15,51.952891217637884
2026-09-30,ARI incidence,2026-10-04,2,IE,quantile,0.2,54.55970747929112
2026-09-30,ARI incidence,2026-10-04,2,IE,quantile,0.25,56.681498876467074
2026-09-30,ARI incidence,2026-10-04,2,IE,quantile,0.3,58.29878612635461
2026-09-30,ARI incidence,2026-10-04,2,IE,quantile,0.35,60.255298575508185
2026-09-30,ARI incidence,2026-10-04,2,IE,quantile,0.4,62.60927144356075
2026-09-30,ARI incidence,2026-10-04,2,IE,quantile,0.45,65.1224218512817
2026-09-30,ARI incidence,2026-10-04,2,IE,quantile,0.5,68.4838146057565
2026-09-30,ARI incidence,2026-10-04,2,IE,quantile,0.55,71.9352776988668
2026-09-30,ARI incidence,2026-10-04,2,IE,quantile,0.6,74.14198340337427
2026-09-30,ARI incidence,2026-10-04,2,IE,quantile,0.65,76.49297839031388
2026-09-30,ARI incidence,2026-10-04,2,IE,quantile,0.7,79.05022191468771
2026-09-30,ARI incidence,2026-10-04,2,IE,quantile,0.75,81.90464407565392
2026-09-30,ARI incidence,2026-10-04,2,IE,quantile,0.8,85.20311346267695
2026-09-30,ARI incidence,2026-10-04,2,IE,quantile,0.85,89.2138799088566
2026-09-30,ARI incidence,2026-10-04,2,IE,quantile,0.9,94.52650448175382
2026-09-30,ARI incidence,2026-10-04,2,IE,quantile,0.95,102.98150709329094
2026-09-30,ARI incidence,2026-10-04,2,IE,quantile,0.975,111.46591712462497
2026-09-30,ARI incidence,2026-10-04,2,IE,quantile,0.99,120.91221718080473
2026-09-30,ARI incidence,2026-10-11,3,IE,quantile,0.01,36.763652420140744
2026-09-30,ARI incidence,2026-10-11,3,IE,quantile,0.025,41.189114147128016
2026-09-30,ARI incidence,2026-10-11,3,IE,quantile,0.05,45.28435886779159
2026-09-30,ARI incidence,2026-10-11,3,IE,quantile,0.1,50.92453410858008
2026-09-30,ARI incidence,2026-10-11,3,IE,quantile,0.15,54.41029602560175
2026-09-30,ARI incidence,2026-10-11,3,IE,quantile,0.2,57.61278799485316
2026-09-30,ARI incidence,2026-10-11,3,IE,quantile,0.25,60.56473606983889
2026-09-30,ARI incidence,2026-10-11,3,IE,quantile,0.3,63.34216651834614
2026-09-30,ARI incidence,2026-10-11,3,IE,quantile,0.35,65.93547757266526
2026-09-30,ARI incidence,2026-10-11,3,IE,quantile,0.4,68.44702721254262
2026-09-30,ARI incidence,2026-10-11,3,IE,quantile,0.45,70.93798485566802
2026-09-30,ARI incidence,2026-10-11,3,IE,quantile,0.5,73.95076417578105
2026-09-30,ARI incidence,2026-10-11,3,IE,quantile,0.55,76.69833649708411
2026-09-30,ARI incidence,2026-10-11,3,IE,quantile,0.6,79.27997800787243
2026-09-30,ARI incidence,2026-10-11,3,IE,quantile,0.65,82.03849046583714
2026-09-30,ARI incidence,2026-10-11,3,IE,quantile,0.7,85.04818916854293
2026-09-30,ARI incidence,2026-10-11,3,IE,quantile,0.75,88.41862285192882
2026-09-30,ARI incidence,2026-10-11,3,IE,quantile,0.8,92.34733385998324
2026-09-30,ARI incidence,2026-10-11,3,IE,quantile,0.85,100.00033214357445
2026-09-30,ARI incidence,2026-10-11,3,IE,quantile,0.9,108.41650139376512
2026-09-30,ARI incidence,2026-10-11,3,IE,quantile,0.95,118.76387219047596
2026-09-30,ARI incidence,2026-10-11,3,IE,quantile,0.975,127.68314745622983
2026-09-30,ARI incidence,2026-10-11,3,IE,quantile,0.99,145.8828560516893
2026-09-30,ARI incidence,2026-10-18,4,IE,quantile,0.01,34.85500170110488
2026-09-30,ARI incidence,2026-10-18,4,IE,quantile,0.025,38.416479935715074
2026-09-30,ARI incidence,2026-10-18,4,IE,quantile,0.05,42.89736941282762
2026-09-30,ARI incidence,2026-10-18,4,IE,quantile,0.1,49.17508012128448
2026-09-30,ARI incidence,2026-10-18,4,IE,quantile,0.15,53.40010589151123
2026-09-30,ARI incidence,2026-10-18,4,IE,quantile,0.2,56.46833851570429
2026-09-30,ARI incidence,2026-10-18,4,IE,quantile,0.25,59.238162054417366
2026-09-30,ARI incidence,2026-10-18,4,IE,quantile,0.3,62.53013937209342
2026-09-30,ARI incidence,2026-10-18,4,IE,quantile,0.35,66.37872695547253
2026-09-30,ARI incidence,2026-10-18,4,IE,quantile,0.4,69.447651048443
2026-09-30,ARI incidence,2026-10-18,4,IE,quantile,0.45,72.7473061121519
2026-09-30,ARI incidence,2026-10-18,4,IE,quantile,0.5,75.4378429629663
2026-09-30,ARI incidence,2026-10-18,4,IE,quantile,0.55,78.22653917616583
2026-09-30,ARI incidence,2026-10-18,4,IE,quantile,0.6,81.1643939328415
2026-09-30,ARI incidence,2026-10-18,4,IE,quantile,0.65,84.31543640084143
2026-09-30,ARI incidence,2026-10-18,4,IE,quantile,0.7,87.76702995483446
2026-09-30,ARI incidence,2026-10-18,4,IE,quantile,0.75,91.64866621013712
2026-09-30,ARI incidence,2026-10-18,4,IE,quantile,0.8,96.17112137005691
2026-09-30,ARI incidence,2026-10-18,4,IE,quantile,0.85,102.34904986456138
2026-09-30,ARI incidence,2026-10-18,4,IE,quantile,0.9,113.48303188093479
2026-09-30,ARI incidence,2026-10-18,4,IE,quantile,0.95,126.20671959093335
2026-09-30,ARI incidence,2026-10-18,4,IE,quantile,0.975,142.0033155182836
2026-09-30,ARI incidence,2026-10-18,4,IE,quantile,0.99,161.12452380755875
2026-09-30,ARI incidence,2026-09-27,1,IS,quantile,0.01,46.3056542222389
2026-09-30,ARI incidence,2026-09-27,1,IS,quantile,0.025,50.61421731105666
2026-09-30,ARI incidence,2026-09-27,1,IS,quantile,0.05,54.5292221260934
2026-09-30,ARI incidence,2026-09-27,1,IS,quantile,0.1,60.17950324525264
2026-09-30,ARI incidence,2026-09-27,1,IS,quantile,0.15,65.63865254980175
2026-09-30,ARI incidence,2026-09-27,1,IS,quantile,0.2,70.76906915924909
2026-09-30,ARI incidence,2026-09-27,1,IS,quantile,0.25,78.08622070970725
2026-09-30,ARI incidence,2026-09-27,1,IS,quantile,0.3,85.2908916400811
2026-09-30,ARI incidence,2026-09-27,1,IS,quantile,0.35,91.20229156729228
2026-09-30,ARI incidence,2026-09-27,1,IS,quantile,0.4,95.15926638784438
2026-09-30,ARI incidence,2026-09-27,1,IS,quantile,0.45,99.14924338281338
2026-09-30,ARI incidence,2026-09-27,1,IS,quantile,0.5,103.23756704318133
2026-09-30,ARI incidence,2026-09-27,1,IS,quantile,0.55,107.49278552758757
2026-09-30,ARI incidence,2026-09-27,1,IS,quantile,0.6,111.99452243382807
2026-09-30,ARI incidence,2026-09-27,1,IS,quantile,0.65,116.84382143204925
2026-09-30,ARI incidence,2026-09-27,1,IS,quantile,0.7,122.1796494716444
2026-09-30,ARI incidence,2026-09-27,1,IS,quantile,0.75,128.20921081534917
2026-09-30,ARI incidence,2026-09-27,1,IS,quantile,0.8,131.83293511798232
2026-09-30,ARI incidence,2026-09-27,1,IS,quantile,0.85,136.28954476484208
2026-09-30,ARI incidence,2026-09-27,1,IS,quantile,0.9,148.7043315009951
2026-09-30,ARI incidence,2026-09-27,1,IS,quantile,0.95,168.73661757425126
2026-09-30,ARI incidence,2026-09-27,1,IS,quantile,0.975,188.45029924281795
2026-09-30,ARI incidence,2026-09-27,1,IS,quantile,0.99,214.26817062000416
2026-09-30,ARI incidence,2026-10-04,2,IS,quantile,0.01,42.56347179409079
2026-09-30,ARI incidence,2026-10-04,2,IS,quantile,0.025,48.92843591211494
2026-09-30,ARI incidence,2026-10-04,2,IS,quantile,0.05,54.40514141652131
2026-09-30,ARI incidence,2026-10-04,2,IS,quantile,0.1,61.71171910747709
2026-09-30,ARI incidence,2026-10-04,2,IS,quantile,0.15,67.85419626721455
2026-09-30,ARI incidence,2026-10-04,2,IS,quantile,0.2,72.6841928178033
2026-09-30,ARI incidence,2026-10-04,2,IS,quantile,0.25,78.19601877358751
2026-09-30,ARI incidence,2026-10-04,2,IS,quantile,0.3,85.41069219127135
2026-09-30,ARI incidence,2026-10-04,2,IS,quantile,0.35,92.50589529774936
2026-09-30,ARI incidence,2026-10-04,2,IS,quantile,0.4,96.47036030816196
2026-09-30,ARI incidence,2026-10-04,2,IS,quantile,0.45,100.46593635334756
2026-09-30,ARI incidence,2026-10-04,2,IS,quantile,0.5,104.55804467899637
2026-09-30,ARI incidence,2026-10-04,2,IS,quantile,0.55,108.8151872136682
2026-09-30,ARI incidence,2026-10-04,2,IS,quantile,0.6,113.31681140015193
2026-09-30,ARI incidence,2026-10-04,2,IS,quantile,0.65,118.16361809030462
2026-09-30,ARI incidence,2026-10-04,2,IS,quantile,0.7,123.49398149247341
2026-09-30,ARI incidence,2026-10-04,2,IS,quantile,0.75,129.51408696474937
2026-09-30,ARI incidence,2026-10-04,2,IS,quantile,0.8,136.560951255779
2026-09-30,ARI incidence,2026-10-04,2,IS,quantile,0.85,145.2565730310007
2026-09-30,ARI incidence,2026-10-04,2,IS,quantile,0.9,156.9827655146899
2026-09-30,ARI incidence,2026-10-04,2,IS,quantile,0.95,176.1141821171578
2026-09-30,ARI incidence,2026-10-04,2,IS,quantile,0.975,194.5742979754046
2026-09-30,ARI incidence,2026-10-04,2,IS,quantile,0.99,220.91226728509668
2026-09-30,ARI incidence,2026-10-11,3,IS,quantile,0.01,43.2478946243367
2026-09-30,ARI incidence,2026-10-11,3,IS,quantile,0.025,49.42378173965546
2026-09-30,ARI incidence,2026-10-11,3,IS,quantile,0.05,55.42055517734835
2026-09-30,ARI incidence,2026-10-11,3,IS,quantile,0.1,60.538453163518334
2026-09-30,ARI incidence,2026-10-11,3,IS,quantile,0.15,69.01647981516713
2026-09-30,ARI incidence,2026-10-11,3,IS,quantile,0.2,74.13391083954421
2026-09-30,ARI incidence,2026-10-11,3,IS,quantile,0.25,81.25120802746892
2026-09-30,ARI incidence,2026-10-11,3,IS,quantile,0.3,87.0401962369345
2026-09-30,ARI incidence,2026-10-11,3,IS,quantile,0.35,91.00456715231722
2026-09-30,ARI incidence,2026-10-11,3,IS,quantile,0.4,94.93130509629188
2026-09-30,ARI incidence,2026-10-11,3,IS,quantile,0.45,98.88991024678376
2026-09-30,ARI incidence,2026-10-11,3,IS,quantile,0.5,102.94520632917227
2026-09-30,ARI incidence,2026-10-11,3,IS,quantile,0.55,107.16513792154578
2026-09-30,ARI incidence,2026-10-11,3,IS,quantile,0.6,111.62857216389358
2026-09-30,ARI incidence,2026-10-11,3,IS,quantile,0.65,116.43553883500955
2026-09-30,ARI incidence,2026-10-11,3,IS,quantile,0.7,121.72355561017547
2026-09-30,ARI incidence,2026-10-11,3,IS,quantile,0.75,128.0149243350165
2026-09-30,ARI incidence,2026-10-11,3,IS,quantile,0.8,135.93801528825912
2026-09-30,ARI incidence,2026-10-11,3,IS,quantile,0.85,145.78953078987914
2026-09-30,ARI incidence,2026-10-11,3,IS,quantile,0.9,159.19802458172836
2026-09-30,ARI incidence,2026-10-11,3,IS,quantile,0.95,181.3570966090545
2026-09-30,ARI incidence,2026-10-11,3,IS,quantile,0.975,203.04436708722167
2026-09-30,ARI incidence,2026-10-11,3,IS,quantile,0.99,231.52380070425636
2026-09-30,ARI incidence,2026-10-18,4,IS,quantile,0.01,43.362872913200974
2026-09-30,ARI incidence,2026-10-18,4,IS,quantile,0.025,48.93511130193025
2026-09-30,ARI incidence,2026-10-18,4,IS,quantile,0.05,54.7767710535958
2026-09-30,ARI incidence,2026-10-18,4,IS,quantile,0.1,61.05214306785326
2026-09-30,ARI incidence,2026-10-18,4,IS,quantile,0.15,68.70836679653787
2026-09-30,ARI incidence,2026-10-18,4,IS,quantile,0.2,74.65097356825889
2026-09-30,ARI incidence,2026-10-18,4,IS,quantile,0.25,80.99213562295019
2026-09-30,ARI incidence,2026-10-18,4,IS,quantile,0.3,85.48672047717
2026-09-30,ARI incidence,2026-10-18,4,IS,quantile,0.35,89.87126789074699
2026-09-30,ARI incidence,2026-10-18,4,IS,quantile,0.4,94.23713249054211
2026-09-30,ARI incidence,2026-10-18,4,IS,quantile,0.45,98.66069893143917
2026-09-30,ARI incidence,2026-10-18,4,IS,quantile,0.5,103.21468763100779
2026-09-30,ARI incidence,2026-10-18,4,IS,quantile,0.55,107.97677052716685
2026-09-30,ARI incidence,2026-10-18,4,IS,quantile,0.6,113.03851453745821
2026-09-30,ARI incidence,2026-10-18,4,IS,quantile,0.65,118.51743791102551
2026-09-30,ARI incidence,2026-10-18,4,IS,quantile,0.7,124.5765169277685
2026-09-30,ARI incidence,2026-10-18,4,IS,quantile,0.75,131.46027848295893
2026-09-30,ARI incidence,2026-10-18,4,IS,quantile,0.8,139.57063585136774
2026-09-30,ARI incidence,2026-10-18,4,IS,quantile,0.85,149.65310513790672
2026-09-30,ARI incidence,2026-10-18,4,IS,quantile,0.9,163.37280720817603
2026-09-30,ARI incidence,2026-10-18,4,IS,quantile,0.95,186.03899811690536
2026-09-30,ARI incidence,2026-10-18,4,IS,quantile,0.975,208.21482485227517
2026-09-30,ARI incidence,2026-10-18,4,IS,quantile,0.99,237.32552346304587
2026-09-30,ARI incidence,2026-09-27,1,LT,quantile,0.01,568.010297435317
2026-09-30,ARI incidence,2026-09-27,1,LT,quantile,0.025,589.2445404360974
2026-09-30,ARI incidence,2026-09-27,1,LT,quantile,0.05,608.1399030980712
2026-09-30,ARI incidence,2026-09-27,1,LT,quantile,0.1,630.6769948265315
2026-09-30,ARI incidence,2026-09-27,1,LT,quantile,0.15,646.3518737455272
2026-09-30,ARI incidence,2026-09-27,1,LT,quantile,0.2,661.1221739651138
2026-09-30,ARI incidence,2026-09-27,1,LT,quantile,0.25,673.7159362361688
2026-09-30,ARI incidence,2026-09-27,1,LT,quantile,0.3,683.919073949438
2026-09-30,ARI incidence,2026-09-27,1,LT,quantile,0.35,694.9835562928293
2026-09-30,ARI incidence,2026-09-27,1,LT,quantile,0.4,704.9446313724407
2026-09-30,ARI incidence,2026-09-27,1,LT,quantile,0.45,714.0163320192105
2026-09-30,ARI incidence,2026-09-27,1,LT,quantile,0.5,723.7249209415058
2026-09-30,ARI incidence,2026-09-27,1,LT,quantile,0.55,733.3179495097052
2026-09-30,ARI incidence,2026-09-27,1,LT,quantile,0.6,745.0942232148598
2026-09-30,ARI incidence,2026-09-27,1,LT,quantile,0.65,755.0059459755496
2026-09-30,ARI incidence,2026-09-27,1,LT,quantile,0.7,768.0243129258802
2026-09-30,ARI incidence,2026-09-27,1,LT,quantile,0.75,779.6542360625479
2026-09-30,ARI incidence,2026-09-27,1,LT,quantile,0.8,792.8117935939106
2026-09-30,ARI incidence,2026-09-27,1,LT,quantile,0.85,808.4286930033574
2026-09-30,ARI incidence,2026-09-27,1,LT,quantile,0.9,831.5383642971444
2026-09-30,ARI incidence,2026-09-27,1,LT,quantile,0.95,862.3409461755759
2026-09-30,ARI incidence,2026-09-27,1,LT,quantile,0.975,889.9790109286005
2026-09-30,ARI incidence,2026-09-27,1,LT,quantile,0.99,925.4466553803908
2026-09-30,ARI incidence,2026-10-04,2,LT,quantile,0.01,450.1950535747175
2026-09-30,ARI incidence,2026-10-04,2,LT,quantile,0.025,488.45733614517957
2026-09-30,ARI incidence,2026-10-04,2,LT,quantile,0.05,521.5458349265876
2026-09-30,ARI incidence,2026-10-04,2,LT,quantile,0.1,562.4803556807511
2026-09-30,ARI incidence,2026-10-04,2,LT,quantile,0.15,592.147970059439
2026-09-30,ARI incidence,2026-10-04,2,LT,quantile,0.2,619.033538069094
2026-09-30,ARI incidence,2026-10-04,2,LT,quantile,0.25,641.4306289947592
2026-09-30,ARI incidence,2026-10-04,2,LT,quantile,0.3,660.2907485165175
2026-09-30,ARI incidence,2026-10-04,2,LT,quantile,0.35,677.7332944549147
2026-09-30,ARI incidence,2026-10-04,2,LT,quantile,0.4,694.4416515121904
2026-09-30,ARI incidence,2026-10-04,2,LT,quantile,0.45,710.9985586317105
2026-09-30,ARI incidence,2026-10-04,2,LT,quantile,0.5,727.677772074974
2026-09-30,ARI incidence,2026-10-04,2,LT,quantile,0.55,746.4697551015837
2026-09-30,ARI incidence,2026-10-04,2,LT,quantile,0.6,768.1704150012465
2026-09-30,ARI incidence,2026-10-04,2,LT,quantile,0.65,795.779514162914
2026-09-30,ARI incidence,2026-10-04,2,LT,quantile,0.7,818.7828435274549
2026-09-30,ARI incidence,2026-10-04,2,LT,quantile,0.75,844.727570983089
2026-09-30,ARI incidence,2026-10-04,2,LT,quantile,0.8,886.9779052520423
2026-09-30,ARI incidence,2026-10-04,2,LT,quantile,0.85,941.3214749874394
2026-09-30,ARI incidence,2026-10-04,2,LT,quantile,0.9,1004.1613707991088
2026-09-30,ARI incidence,2026-10-04,2,LT,quantile,0.95,1086.306331137561
2026-09-30,ARI incidence,2026-10-04,2,LT,quantile,0.975,1156.3675368941183
2026-09-30,ARI incidence,2026-10-04,2,LT,quantile,0.99,1243.5244592812837
2026-09-30,ARI incidence,2026-10-11,3,LT,quantile,0.01,428.79583689967166
2026-09-30,ARI incidence,2026-10-11,3,LT,quantile,0.025,464.4096002030019
2026-09-30,ARI incidence,2026-10-11,3,LT,quantile,0.05,495.8585590263237
2026-09-30,ARI incidence,2026-10-11,3,LT,quantile,0.1,540.416399402724
2026-09-30,ARI incidence,2026-10-11,3,LT,quantile,0.15,571.9458827885161
2026-09-30,ARI incidence,2026-10-11,3,LT,quantile,0.2,600.4415113760238
2026-09-30,ARI incidence,2026-10-11,3,LT,quantile,0.25,623.6265815625795
2026-09-30,ARI incidence,2026-10-11,3,LT,quantile,0.3,650.3795120009838
2026-09-30,ARI incidence,2026-10-11,3,LT,quantile,0.35,670.8793614197411
2026-09-30,ARI incidence,2026-10-11,3,LT,quantile,0.4,692.2042321665317
2026-09-30,ARI incidence,2026-10-11,3,LT,quantile,0.45,712.1095629154138
2026-09-30,ARI incidence,2026-10-11,3,LT,quantile,0.5,732.5875393468593
2026-09-30,ARI incidence,2026-10-11,3,LT,quantile,0.55,749.0633324116523
2026-09-30,ARI incidence,2026-10-11,3,LT,quantile,0.6,775.8750597039897
2026-09-30,ARI incidence,2026-10-11,3,LT,quantile,0.65,800.7810329666744
2026-09-30,ARI incidence,2026-10-11,3,LT,quantile,0.7,823.8001197193989
2026-09-30,ARI incidence,2026-10-11,3,LT,quantile,0.75,847.575482358972
2026-09-30,ARI incidence,2026-10-11,3,LT,quantile,0.8,879.311488689491
2026-09-30,ARI incidence,2026-10-11,3,LT,quantile,0.85,924.9446625964401
2026-09-30,ARI incidence,2026-10-11,3,LT,quantile,0.9,983.7601018243063
2026-09-30,ARI incidence,2026-10-11,3,LT,quantile,0.95,1069.334202016244
2026-09-30,ARI incidence,2026-10-11,3,LT,quantile,0.975,1149.5564410595377
2026-09-30,ARI incidence,2026-10-11,3,LT,quantile,0.99,1250.422247285593
2026-09-30,ARI incidence,2026-10-18,4,LT,quantile,0.01,396.4802965120293
2026-09-30,ARI incidence,2026-10-18,4,LT,quantile,0.025,438.93363638561834
2026-09-30,ARI incidence,2026-10-18,4,LT,quantile,0.05,479.0551623303668
2026-09-30,ARI incidence,2026-10-18,4,LT,quantile,0.1,529.8746661547891
2026-09-30,ARI incidence,2026-10-18,4,LT,quantile,0.15,567.1679886834249
2026-09-30,ARI incidence,2026-10-18,4,LT,quantile,0.2,598.6672268238108
2026-09-30,ARI incidence,2026-10-18,4,LT,quantile,0.25,622.465966481087
2026-09-30,ARI incidence,2026-10-18,4,LT,quantile,0.3,648.3599172620362
2026-09-30,ARI incidence,2026-10-18,4,LT,quantile,0.35,673.1830176276408
2026-09-30,ARI incidence,2026-10-18,4,LT,quantile,0.4,695.5037215280984
2026-09-30,ARI incidence,2026-10-18,4,LT,quantile,0.45,714.5610318507516
2026-09-30,ARI incidence,2026-10-18,4,LT,quantile,0.5,735.0665163105846
2026-09-30,ARI incidence,2026-10-18,4,LT,quantile,0.55,765.9744002579819
2026-09-30,ARI incidence,2026-10-18,4,LT,quantile,0.6,791.2711951390452
2026-09-30,ARI incidence,2026-10-18,4,LT,quantile,0.65,822.9630042510923
2026-09-30,ARI incidence,2026-10-18,4,LT,quantile,0.7,855.5837147972818
2026-09-30,ARI incidence,2026-10-18,4,LT,quantile,0.75,889.088573778028
2026-09-30,ARI incidence,2026-10-18,4,LT,quantile,0.8,921.3817230569593
2026-09-30,ARI incidence,2026-10-18,4,LT,quantile,0.85,975.5656355438541
2026-09-30,ARI incidence,2026-10-18,4,LT,quantile,0.9,1037.8951594223577
2026-09-30,ARI incidence,2026-10-18,4,LT,quantile,0.95,1137.6690931536111
2026-09-30,ARI incidence,2026-10-18,4,LT,quantile,0.975,1231.935858158742
2026-09-30,ARI incidence,2026-10-18,4,LT,quantile,0.99,1351.396783031161
2026-09-30,ARI incidence,2026-09-27,1,LU,quantile,0.01,1273.858655958868
2026-09-30,ARI incidence,2026-09-27,1,LU,quantile,0.025,1505.7189207380131
2026-09-30,ARI incidence,2026-09-27,1,LU,quantile,0.05,1738.5888756990257
2026-09-30,ARI incidence,2026-09-27,1,LU,quantile,0.1,2051.0113483191108
2026-09-30,ARI incidence,2026-09-27,1,LU,quantile,0.15,2294.923049741019
2026-09-30,ARI incidence,2026-09-27,1,LU,quantile,0.2,2508.2507533577996
2026-09-30,ARI incidence,2026-09-27,1,LU,quantile,0.25,2706.9961718637783
2026-09-30,ARI incidence,2026-09-27,1,LU,quantile,0.3,2898.8560895784685
2026-09-30,ARI incidence,2026-09-27,1,LU,quantile,0.35,3088.756386430803
2026-09-30,ARI incidence,2026-09-27,1,LU,quantile,0.4,3280.439488312728
2026-09-30,ARI incidence,2026-09-27,1,LU,quantile,0.45,3476.539547790237
2026-09-30,ARI incidence,2026-09-27,1,LU,quantile,0.5,3666.9043884709426
2026-09-30,ARI incidence,2026-09-27,1,LU,quantile,0.55,3899.6337175613944
2026-09-30,ARI incidence,2026-09-27,1,LU,quantile,0.6,4148.602434114473
2026-09-30,ARI incidence,2026-09-27,1,LU,quantile,0.65,4411.918865046634
2026-09-30,ARI incidence,2026-09-27,1,LU,quantile,0.7,4707.517852911099
2026-09-30,ARI incidence,2026-09-27,1,LU,quantile,0.75,5017.981373340788
2026-09-30,ARI incidence,2026-09-27,1,LU,quantile,0.8,5405.876079251524
2026-09-30,ARI incidence,2026-09-27,1,LU,quantile,0.85,5908.2607118102405
2026-09-30,ARI incidence,2026-09-27,1,LU,quantile,0.9,6607.213636864749
2026-09-30,ARI incidence,2026-09-27,1,LU,quantile,0.95,7798.088660947188
2026-09-30,ARI incidence,2026-09-27,1,LU,quantile,0.975,9003.47169570866
2026-09-30,ARI incidence,2026-09-27,1,LU,quantile,0.99,10354.948694424878
2026-09-30,ARI incidence,2026-10-04,2,LU,quantile,0.01,1355.144700514415
2026-09-30,ARI incidence,2026-10-04,2,LU,quantile,0.025,1607.8608022401204
2026-09-30,ARI incidence,2026-10-04,2,LU,quantile,0.05,1858.5945164076406
2026-09-30,ARI incidence,2026-10-04,2,LU,quantile,0.1,2196.029909110508
2026-09-30,ARI incidence,2026-10-04,2,LU,quantile,0.15,2457.6451684785366
2026-09-30,ARI incidence,2026-10-04,2,LU,quantile,0.2,2687.6120761503735
2026-09-30,ARI incidence,2026-10-04,2,LU,quantile,0.25,2886.018638214737
2026-09-30,ARI incidence,2026-10-04,2,LU,quantile,0.3,3068.283226523048
2026-09-30,ARI incidence,2026-10-04,2,LU,quantile,0.35,3259.4010486067086
2026-09-30,ARI incidence,2026-10-04,2,LU,quantile,0.4,3447.072232464129
2026-09-30,ARI incidence,2026-10-04,2,LU,quantile,0.45,3659.842407745949
2026-09-30,ARI incidence,2026-10-04,2,LU,quantile,0.5,3886.3050422038837
2026-09-30,ARI incidence,2026-10-04,2,LU,quantile,0.55,4131.630152437573
2026-09-30,ARI incidence,2026-10-04,2,LU,quantile,0.6,4394.146481823725
2026-09-30,ARI incidence,2026-10-04,2,LU,quantile,0.65,4683.015340477917
2026-09-30,ARI incidence,2026-10-04,2,LU,quantile,0.7,5008.01032807106
2026-09-30,ARI incidence,2026-10-04,2,LU,quantile,0.75,5384.074080474811
2026-09-30,ARI incidence,2026-10-04,2,LU,quantile,0.8,5820.731433292858
2026-09-30,ARI incidence,2026-10-04,2,LU,quantile,0.85,6365.261238640399
2026-09-30,ARI incidence,2026-10-04,2,LU,quantile,0.9,7123.335163007601
2026-09-30,ARI incidence,2026-10-04,2,LU,quantile,0.95,8416.091628067725
2026-09-30,ARI incidence,2026-10-04,2,LU,quantile,0.975,9642.904410045747
2026-09-30,ARI incidence,2026-10-04,2,LU,quantile,0.99,11300.327918011018
2026-09-30,ARI incidence,2026-10-11,3,LU,quantile,0.01,1411.2874856946785
2026-09-30,ARI incidence,2026-10-11,3,LU,quantile,0.025,1690.880424457732
2026-09-30,ARI incidence,2026-10-11,3,LU,quantile,0.05,1962.1025065203999
2026-09-30,ARI incidence,2026-10-11,3,LU,quantile,0.1,2315.8935722234974
2026-09-30,ARI incidence,2026-10-11,3,LU,quantile,0.15,2592.2673461016466
2026-09-30,ARI incidence,2026-10-11,3,LU,quantile,0.2,2842.873176735464
2026-09-30,ARI incidence,2026-10-11,3,LU,quantile,0.25,3077.0853271318106
2026-09-30,ARI incidence,2026-10-11,3,LU,quantile,0.3,3303.80898541715
2026-09-30,ARI incidence,2026-10-11,3,LU,quantile,0.35,3528.7832770454656
2026-09-30,ARI incidence,2026-10-11,3,LU,quantile,0.4,3756.4069740988302
2026-09-30,ARI incidence,2026-10-11,3,LU,quantile,0.45,3990.597029408435
2026-09-30,ARI incidence,2026-10-11,3,LU,quantile,0.5,4235.320667367148
2026-09-30,ARI incidence,2026-10-11,3,LU,quantile,0.55,4495.048239474149
2026-09-30,ARI incidence,2026-10-11,3,LU,quantile,0.6,4775.276011747767
2026-09-30,ARI incidence,2026-10-11,3,LU,quantile,0.65,5066.277171677587
2026-09-30,ARI incidence,2026-10-11,3,LU,quantile,0.7,5352.503338568699
2026-09-30,ARI incidence,2026-10-11,3,LU,quantile,0.75,5679.550925635072
2026-09-30,ARI incidence,2026-10-11,3,LU,quantile,0.8,6067.298752409439
2026-09-30,ARI incidence,2026-10-11,3,LU,quantile,0.85,6629.414957205901
2026-09-30,ARI incidence,2026-10-11,3,LU,quantile,0.9,7460.10754056264
2026-09-30,ARI incidence,2026-10-11,3,LU,quantile,0.95,8886.55254186498
2026-09-30,ARI incidence,2026-10-11,3,LU,quantile,0.975,10342.857522585313
2026-09-30,ARI incidence,2026-10-11,3,LU,quantile,0.99,12338.737666026875
2026-09-30,ARI incidence,2026-10-18,4,LU,quantile,0.01,1415.6477364496764
2026-09-30,ARI incidence,2026-10-18,4,LU,quantile,0.025,1683.3231512560285
2026-09-30,ARI incidence,2026-10-18,4,LU,quantile,0.05,1953.655448360896
2026-09-30,ARI incidence,2026-10-18,4,LU,quantile,0.1,2310.567301067207
2026-09-30,ARI incidence,2026-10-18,4,LU,quantile,0.15,2576.2280578461728
2026-09-30,ARI incidence,2026-10-18,4,LU,quantile,0.2,2829.970348240749
2026-09-30,ARI incidence,2026-10-18,4,LU,quantile,0.25,3067.4782430904734
2026-09-30,ARI incidence,2026-10-18,4,LU,quantile,0.3,3297.7021925022027
2026-09-30,ARI incidence,2026-10-18,4,LU,quantile,0.35,3526.430599799677
2026-09-30,ARI incidence,2026-10-18,4,LU,quantile,0.4,3758.1193616364453
2026-09-30,ARI incidence,2026-10-18,4,LU,quantile,0.45,3996.7550013670243
2026-09-30,ARI incidence,2026-10-18,4,LU,quantile,0.5,4246.392928536282
2026-09-30,ARI incidence,2026-10-18,4,LU,quantile,0.55,4510.1870547772705
2026-09-30,ARI incidence,2026-10-18,4,LU,quantile,0.6,4790.65487954824
2026-09-30,ARI incidence,2026-10-18,4,LU,quantile,0.65,5098.878465201838
2026-09-30,ARI incidence,2026-10-18,4,LU,quantile,0.7,5440.167790316291
2026-09-30,ARI incidence,2026-10-18,4,LU,quantile,0.75,5773.229930031958
2026-09-30,ARI incidence,2026-10-18,4,LU,quantile,0.8,6168.156305606713
2026-09-30,ARI incidence,2026-10-18,4,LU,quantile,0.85,6667.890994167079
2026-09-30,ARI incidence,2026-10-18,4,LU,quantile,0.9,7486.415626257934
2026-09-30,ARI incidence,2026-10-18,4,LU,quantile,0.95,8887.981240455792
2026-09-30,ARI incidence,2026-10-18,4,LU,quantile,0.975,10314.422439044592
2026-09-30,ARI incidence,2026-10-18,4,LU,quantile,0.99,12262.272448593718
2026-09-30,ARI incidence,2026-09-27,1,NL,quantile,0.01,93.19149613327781
2026-09-30,ARI incidence,2026-09-27,1,NL,quantile,0.025,96.70653100229748
2026-09-30,ARI incidence,2026-09-27,1,NL,quantile,0.05,99.83439693035074
2026-09-30,ARI incidence,2026-09-27,1,NL,quantile,0.1,103.5651011009767
2026-09-30,ARI incidence,2026-09-27,1,NL,quantile,0.15,106.15986097597546
2026-09-30,ARI incidence,2026-09-27,1,NL,quantile,0.2,108.26793909275135
2026-09-30,ARI incidence,2026-09-27,1,NL,quantile,0.25,110.20161197885633
2026-09-30,ARI incidence,2026-09-27,1,NL,quantile,0.3,112.3816837088989
2026-09-30,ARI incidence,2026-09-27,1,NL,quantile,0.35,113.9715376135561
2026-09-30,ARI incidence,2026-09-27,1,NL,quantile,0.4,116.05456977324252
2026-09-30,ARI incidence,2026-09-27,1,NL,quantile,0.45,117.55885621433937
2026-09-30,ARI incidence,2026-09-27,1,NL,quantile,0.5,119.99904428159392
2026-09-30,ARI incidence,2026-09-27,1,NL,quantile,0.55,122.30938063474053
2026-09-30,ARI incidence,2026-09-27,1,NL,quantile,0.6,123.90076868547783
2026-09-30,ARI incidence,2026-09-27,1,NL,quantile,0.65,125.56005536442939
2026-09-30,ARI incidence,2026-09-27,1,NL,quantile,0.7,127.57195998728072
2026-09-30,ARI incidence,2026-09-27,1,NL,quantile,0.75,129.51624104448103
2026-09-30,ARI incidence,2026-09-27,1,NL,quantile,0.8,131.71590885914534
2026-09-30,ARI incidence,2026-09-27,1,NL,quantile,0.85,134.32672449175183
2026-09-30,ARI incidence,2026-09-27,1,NL,quantile,0.9,137.68481686856438
2026-09-30,ARI incidence,2026-09-27,1,NL,quantile,0.95,142.81590736019044
2026-09-30,ARI incidence,2026-09-27,1,NL,quantile,0.975,149.02061613052672
2026-09-30,ARI incidence,2026-09-27,1,NL,quantile,0.99,154.70258526284002
2026-09-30,ARI incidence,2026-10-04,2,NL,quantile,0.01,72.09381582237381
2026-09-30,ARI incidence,2026-10-04,2,NL,quantile,0.025,79.00972479654105
2026-09-30,ARI incidence,2026-10-04,2,NL,quantile,0.05,85.11090342683188
2026-09-30,ARI incidence,2026-10-04,2,NL,quantile,0.1,92.72479995196302
2026-09-30,ARI incidence,2026-10-04,2,NL,quantile,0.15,100.10697925062716
2026-09-30,ARI incidence,2026-10-04,2,NL,quantile,0.2,104.6631969380962
2026-09-30,ARI incidence,2026-10-04,2,NL,quantile,0.25,108.7353119331304
2026-09-30,ARI incidence,2026-10-04,2,NL,quantile,0.3,112.76173494939366
2026-09-30,ARI incidence,2026-10-04,2,NL,quantile,0.35,116.21034202996366
2026-09-30,ARI incidence,2026-10-04,2,NL,quantile,0.4,119.94694081376024
2026-09-30,ARI incidence,2026-10-04,2,NL,quantile,0.45,123.24397011608077
2026-09-30,ARI incidence,2026-10-04,2,NL,quantile,0.5,126.8271312231982
2026-09-30,ARI incidence,2026-10-04,2,NL,quantile,0.55,130.29415339435386
2026-09-30,ARI incidence,2026-10-04,2,NL,quantile,0.6,134.36843508435075
2026-09-30,ARI incidence,2026-10-04,2,NL,quantile,0.65,138.4714643950801
2026-09-30,ARI incidence,2026-10-04,2,NL,quantile,0.7,142.93010078640938
2026-09-30,ARI incidence,2026-10-04,2,NL,quantile,0.75,147.62017619376326
2026-09-30,ARI incidence,2026-10-04,2,NL,quantile,0.8,153.40463181682014
2026-09-30,ARI incidence,2026-10-04,2,NL,quantile,0.85,160.6087791155264
2026-09-30,ARI incidence,2026-10-04,2,NL,quantile,0.9,170.1947390348101
2026-09-30,ARI incidence,2026-10-04,2,NL,quantile,0.95,184.45991343093903
2026-09-30,ARI incidence,2026-10-04,2,NL,quantile,0.975,198.6022450472246
2026-09-30,ARI incidence,2026-10-04,2,NL,quantile,0.99,216.40720637474237
2026-09-30,ARI incidence,2026-10-11,3,NL,quantile,0.01,66.75757253304523
2026-09-30,ARI incidence,2026-10-11,3,NL,quantile,0.025,74.4621294564451
2026-09-30,ARI incidence,2026-10-11,3,NL,quantile,0.05,81.16663428799366
2026-09-30,ARI incidence,2026-10-11,3,NL,quantile,0.1,88.92333830395452
2026-09-30,ARI incidence,2026-10-11,3,NL,quantile,0.15,96.7012365098991
2026-09-30,ARI incidence,2026-10-11,3,NL,quantile,0.2,102.94402778564013
2026-09-30,ARI incidence,2026-10-11,3,NL,quantile,0.25,107.11353133634157
2026-09-30,ARI incidence,2026-10-11,3,NL,quantile,0.3,111.4567850218946
2026-09-30,ARI incidence,2026-10-11,3,NL,quantile,0.35,115.05130140951546
2026-09-30,ARI incidence,2026-10-11,3,NL,quantile,0.4,119.51298249613998
2026-09-30,ARI incidence,2026-10-11,3,NL,quantile,0.45,122.97328162925524
2026-09-30,ARI incidence,2026-10-11,3,NL,quantile,0.5,127.33924855517544
2026-09-30,ARI incidence,2026-10-11,3,NL,quantile,0.55,132.6724420211954
2026-09-30,ARI incidence,2026-10-11,3,NL,quantile,0.6,137.09144703849188
2026-09-30,ARI incidence,2026-10-11,3,NL,quantile,0.65,142.36782532575867
2026-09-30,ARI incidence,2026-10-11,3,NL,quantile,0.7,147.19367613628944
2026-09-30,ARI incidence,2026-10-11,3,NL,quantile,0.75,154.09701623448916
2026-09-30,ARI incidence,2026-10-11,3,NL,quantile,0.8,160.74836866544436
2026-09-30,ARI incidence,2026-10-11,3,NL,quantile,0.85,172.20605137599188
2026-09-30,ARI incidence,2026-10-11,3,NL,quantile,0.9,184.1459266859522
2026-09-30,ARI incidence,2026-10-11,3,NL,quantile,0.95,199.55084038842315
2026-09-30,ARI incidence,2026-10-11,3,NL,quantile,0.975,213.9465684466548
2026-09-30,ARI incidence,2026-10-11,3,NL,quantile,0.99,237.36151051870885
2026-09-30,ARI incidence,2026-10-18,4,NL,quantile,0.01,64.91300413279691
2026-09-30,ARI incidence,2026-10-18,4,NL,quantile,0.025,72.04642012422687
2026-09-30,ARI incidence,2026-10-18,4,NL,quantile,0.05,78.7960388786794
2026-09-30,ARI incidence,2026-10-18,4,NL,quantile,0.1,87.35553852291332
2026-09-30,ARI incidence,2026-10-18,4,NL,quantile,0.15,93.6434782627473
2026-09-30,ARI incidence,2026-10-18,4,NL,quantile,0.2,101.72737007946233
2026-09-30,ARI incidence,2026-10-18,4,NL,quantile,0.25,106.9241533102807
2026-09-30,ARI incidence,2026-10-18,4,NL,quantile,0.3,111.57054632296806
2026-09-30,ARI incidence,2026-10-18,4,NL,quantile,0.35,116.62576664716309
2026-09-30,ARI incidence,2026-10-18,4,NL,quantile,0.4,120.76022447606466
2026-09-30,ARI incidence,2026-10-18,4,NL,quantile,0.45,124.90944142047577
2026-09-30,ARI incidence,2026-10-18,4,NL,quantile,0.5,129.90372888470935
2026-09-30,ARI incidence,2026-10-18,4,NL,quantile,0.55,135.27919543743525
2026-09-30,ARI incidence,2026-10-18,4,NL,quantile,0.6,140.40197375289512
2026-09-30,ARI incidence,2026-10-18,4,NL,quantile,0.65,145.88359507802465
2026-09-30,ARI incidence,2026-10-18,4,NL,quantile,0.7,151.73880895145874
2026-09-30,ARI incidence,2026-10-18,4,NL,quantile,0.75,160.13062869945065
2026-09-30,ARI incidence,2026-10-18,4,NL,quantile,0.8,168.0289418641745
2026-09-30,ARI incidence,2026-10-18,4,NL,quantile,0.85,181.43317494308232
2026-09-30,ARI incidence,2026-10-18,4,NL,quantile,0.9,196.33128786630854
2026-09-30,ARI incidence,2026-10-18,4,NL,quantile,0.95,214.91756985802704
2026-09-30,ARI incidence,2026-10-18,4,NL,quantile,0.975,234.40899213341274
2026-09-30,ARI incidence,2026-10-18,4,NL,quantile,0.99,265.25292908001757
2026-09-30,ARI incidence,2026-09-27,1,RO,quantile,0.01,431.8345341168422
2026-09-30,ARI incidence,2026-09-27,1,RO,quantile,0.025,447.98698746117964
2026-09-30,ARI incidence,2026-09-27,1,RO,quantile,0.05,462.36030240639764
2026-09-30,ARI incidence,2026-09-27,1,RO,quantile,0.1,479.50380589551935
2026-09-30,ARI incidence,2026-09-27,1,RO,quantile,0.15,491.4273647762008
2026-09-30,ARI incidence,2026-09-27,1,RO,quantile,0.2,501.1145008018102
2026-09-30,ARI incidence,2026-09-27,1,RO,quantile,0.25,514.3192821579842
2026-09-30,ARI incidence,2026-09-27,1,RO,quantile,0.3,530.2871238565082
2026-09-30,ARI incidence,2026-09-27,1,RO,quantile,0.35,542.4002668524404
2026-09-30,ARI incidence,2026-09-27,1,RO,quantile,0.4,553.6540432162583
2026-09-30,ARI incidence,2026-09-27,1,RO,quantile,0.45,560.781616427463
2026-09-30,ARI incidence,2026-09-27,1,RO,quantile,0.5,581.5540759614346
2026-09-30,ARI incidence,2026-09-27,1,RO,quantile,0.55,602.2830053340797
2026-09-30,ARI incidence,2026-09-27,1,RO,quantile,0.6,615.8355746980961
2026-09-30,ARI incidence,2026-09-27,1,RO,quantile,0.65,624.0301947576709
2026-09-30,ARI incidence,2026-09-27,1,RO,quantile,0.7,633.4842943904976
2026-09-30,ARI incidence,2026-09-27,1,RO,quantile,0.75,649.351707676519
2026-09-30,ARI incidence,2026-09-27,1,RO,quantile,0.8,660.3124815838574
2026-09-30,ARI incidence,2026-09-27,1,RO,quantile,0.85,673.3219733512977
2026-09-30,ARI incidence,2026-09-27,1,RO,quantile,0.9,697.1165650731299
2026-09-30,ARI incidence,2026-09-27,1,RO,quantile,0.95,722.9484449044992
2026-09-30,ARI incidence,2026-09-27,1,RO,quantile,0.975,746.1265552283386
2026-09-30,ARI incidence,2026-09-27,1,RO,quantile,0.99,774.0107484378184
2026-09-30,ARI incidence,2026-10-04,2,RO,quantile,0.01,255.70279105252717
2026-09-30,ARI incidence,2026-10-04,2,RO,quantile,0.025,289.9058669270735
2026-09-30,ARI incidence,2026-10-04,2,RO,quantile,0.05,324.88977872578425
2026-09-30,ARI incidence,2026-10-04,2,RO,quantile,0.1,375.6866263999873
2026-09-30,ARI incidence,2026-10-04,2,RO,quantile,0.15,409.60637488360317
2026-09-30,ARI incidence,2026-10-04,2,RO,quantile,0.2,435.4389052738372
2026-09-30,ARI incidence,2026-10-04,2,RO,quantile,0.25,465.3375774324416
2026-09-30,ARI incidence,2026-10-04,2,RO,quantile,0.3,490.63909074683306
2026-09-30,ARI incidence,2026-10-04,2,RO,quantile,0.35,515.2891218326005
2026-09-30,ARI incidence,2026-10-04,2,RO,quantile,0.4,540.7248664046006
2026-09-30,ARI incidence,2026-10-04,2,RO,quantile,0.45,575.2808457921327
2026-09-30,ARI incidence,2026-10-04,2,RO,quantile,0.5,607.2614922743011
2026-09-30,ARI incidence,2026-10-04,2,RO,quantile,0.55,628.0591685474452
2026-09-30,ARI incidence,2026-10-04,2,RO,quantile,0.6,672.7862718799114
2026-09-30,ARI incidence,2026-10-04,2,RO,quantile,0.65,711.8692915526178
2026-09-30,ARI incidence,2026-10-04,2,RO,quantile,0.7,752.6974434700546
2026-09-30,ARI incidence,2026-10-04,2,RO,quantile,0.75,799.384673965322
2026-09-30,ARI incidence,2026-10-04,2,RO,quantile,0.8,854.7842100380592
2026-09-30,ARI incidence,2026-10-04,2,RO,quantile,0.85,913.9001956482847
2026-09-30,ARI incidence,2026-10-04,2,RO,quantile,0.9,1008.9061077793851
2026-09-30,ARI incidence,2026-10-04,2,RO,quantile,0.95,1174.5052219137133
2026-09-30,ARI incidence,2026-10-04,2,RO,quantile,0.975,1338.2234362304691
2026-09-30,ARI incidence,2026-10-04,2,RO,quantile,0.99,1549.8512234891223
2026-09-30,ARI incidence,2026-10-11,3,RO,quantile,0.01,244.31637027535834
2026-09-30,ARI incidence,2026-10-11,3,RO,quantile,0.025,277.3029025922806
2026-09-30,ARI incidence,2026-10-11,3,RO,quantile,0.05,309.19957287537704
2026-09-30,ARI incidence,2026-10-11,3,RO,quantile,0.1,358.2410521240324
2026-09-30,ARI incidence,2026-10-11,3,RO,quantile,0.15,398.15976995620827
2026-09-30,ARI incidence,2026-10-11,3,RO,quantile,0.2,425.1163605742727
2026-09-30,ARI incidence,2026-10-11,3,RO,quantile,0.25,456.4938359720238
2026-09-30,ARI incidence,2026-10-11,3,RO,quantile,0.3,483.5539337948868
2026-09-30,ARI incidence,2026-10-11,3,RO,quantile,0.35,508.9434844242829
2026-09-30,ARI incidence,2026-10-11,3,RO,quantile,0.4,542.5992709146554
2026-09-30,ARI incidence,2026-10-11,3,RO,quantile,0.45,579.788076159017
2026-09-30,ARI incidence,2026-10-11,3,RO,quantile,0.5,614.9396769098263
2026-09-30,ARI incidence,2026-10-11,3,RO,quantile,0.55,645.3802253353035
2026-09-30,ARI incidence,2026-10-11,3,RO,quantile,0.6,677.7178620441373
2026-09-30,ARI incidence,2026-10-11,3,RO,quantile,0.65,711.0995306198887
2026-09-30,ARI incidence,2026-10-11,3,RO,quantile,0.7,744.846513680167
2026-09-30,ARI incidence,2026-10-11,3,RO,quantile,0.75,788.0548810349643
2026-09-30,ARI incidence,2026-10-11,3,RO,quantile,0.8,837.4647909913149
2026-09-30,ARI incidence,2026-10-11,3,RO,quantile,0.85,898.9764962361677
2026-09-30,ARI incidence,2026-10-11,3,RO,quantile,0.9,982.8232472377322
2026-09-30,ARI incidence,2026-10-11,3,RO,quantile,0.95,1180.9172565835722
2026-09-30,ARI incidence,2026-10-11,3,RO,quantile,0.975,1348.3834185169235
2026-09-30,ARI incidence,2026-10-11,3,RO,quantile,0.99,1549.9779542445037
2026-09-30,ARI incidence,2026-10-18,4,RO,quantile,0.01,239.75526649330644
2026-09-30,ARI incidence,2026-10-18,4,RO,quantile,0.025,273.487676439618
2026-09-30,ARI incidence,2026-10-18,4,RO,quantile,0.05,304.43110203125025
2026-09-30,ARI incidence,2026-10-18,4,RO,quantile,0.1,348.91979070887794
2026-09-30,ARI incidence,2026-10-18,4,RO,quantile,0.15,384.771223052781
2026-09-30,ARI incidence,2026-10-18,4,RO,quantile,0.2,410.8405527373892
2026-09-30,ARI incidence,2026-10-18,4,RO,quantile,0.25,439.80543284579636
2026-09-30,ARI incidence,2026-10-18,4,RO,quantile,0.3,467.5488350608899
2026-09-30,ARI incidence,2026-10-18,4,RO,quantile,0.35,494.8135649763656
2026-09-30,ARI incidence,2026-10-18,4,RO,quantile,0.4,531.2818229654837
2026-09-30,ARI incidence,2026-10-18,4,RO,quantile,0.45,563.0888291181049
2026-09-30,ARI incidence,2026-10-18,4,RO,quantile,0.5,599.0529105941769
2026-09-30,ARI incidence,2026-10-18,4,RO,quantile,0.55,636.8250041754998
2026-09-30,ARI incidence,2026-10-18,4,RO,quantile,0.6,663.219569107327
2026-09-30,ARI incidence,2026-10-18,4,RO,quantile,0.65,690.9634144887159
2026-09-30,ARI incidence,2026-10-18,4,RO,quantile,0.7,739.198050695907
2026-09-30,ARI incidence,2026-10-18,4,RO,quantile,0.75,781.8552335652321
2026-09-30,ARI incidence,2026-10-18,4,RO,quantile,0.8,832.2551186774411
2026-09-30,ARI incidence,2026-10-18,4,RO,quantile,0.85,895.1120273799058
2026-09-30,ARI incidence,2026-10-18,4,RO,quantile,0.9,980.9798767780907
2026-09-30,ARI incidence,2026-10-18,4,RO,quantile,0.95,1131.0782042419673
2026-09-30,ARI incidence,2026-10-18,4,RO,quantile,0.975,1285.8545510969097
2026-09-30,ARI incidence,2026-10-18,4,RO,quantile,0.99,1492.6131955001354
2026-09-30,ARI incidence,2026-09-27,1,SI,quantile,0.01,503.7284875580028
2026-09-30,ARI incidence,2026-09-27,1,SI,quantile,0.025,522.563868527484
2026-09-30,ARI incidence,2026-09-27,1,SI,quantile,0.05,539.3245956452892
2026-09-30,ARI incidence,2026-09-27,1,SI,quantile,0.1,559.3156405030314
2026-09-30,ARI incidence,2026-09-27,1,SI,quantile,0.15,573.2197062967524
2026-09-30,ARI incidence,2026-09-27,1,SI,quantile,0.2,584.5158786896295
2026-09-30,ARI incidence,2026-09-27,1,SI,quantile,0.25,594.3839259381671
2026-09-30,ARI incidence,2026-09-27,1,SI,quantile,0.3,603.5339954758391
2026-09-30,ARI incidence,2026-09-27,1,SI,quantile,0.35,617.6052538349185
2026-09-30,ARI incidence,2026-09-27,1,SI,quantile,0.4,627.2649561910858
2026-09-30,ARI incidence,2026-09-27,1,SI,quantile,0.45,635.3384410871622
2026-09-30,ARI incidence,2026-09-27,1,SI,quantile,0.5,643.3852106696152
2026-09-30,ARI incidence,2026-09-27,1,SI,quantile,0.55,654.2722820166053
2026-09-30,ARI incidence,2026-09-27,1,SI,quantile,0.6,670.7903479549109
2026-09-30,ARI incidence,2026-09-27,1,SI,quantile,0.65,682.35100516096
2026-09-30,ARI incidence,2026-09-27,1,SI,quantile,0.7,695.6748485196814
2026-09-30,ARI incidence,2026-09-27,1,SI,quantile,0.75,706.6140175955677
2026-09-30,ARI incidence,2026-09-27,1,SI,quantile,0.8,721.5893392308075
2026-09-30,ARI incidence,2026-09-27,1,SI,quantile,0.85,743.8196757367705
2026-09-30,ARI incidence,2026-09-27,1,SI,quantile,0.9,762.3038340009036
2026-09-30,ARI incidence,2026-09-27,1,SI,quantile,0.95,790.5472941618939
2026-09-30,ARI incidence,2026-09-27,1,SI,quantile,0.975,815.8892227379127
2026-09-30,ARI incidence,2026-09-27,1,SI,quantile,0.99,846.3765579035405
2026-09-30,ARI incidence,2026-10-04,2,SI,quantile,0.01,401.40876505984056
2026-09-30,ARI incidence,2026-10-04,2,SI,quantile,0.025,438.1077001500587
2026-09-30,ARI incidence,2026-10-04,2,SI,quantile,0.05,473.3933150835531
2026-09-30,ARI incidence,2026-10-04,2,SI,quantile,0.1,517.1667446966175
2026-09-30,ARI incidence,2026-10-04,2,SI,quantile,0.15,549.8119796317974
2026-09-30,ARI incidence,2026-10-04,2,SI,quantile,0.2,578.1039262521842
2026-09-30,ARI incidence,2026-10-04,2,SI,quantile,0.25,600.8769794392872
2026-09-30,ARI incidence,2026-10-04,2,SI,quantile,0.3,622.0163984558839
2026-09-30,ARI incidence,2026-10-04,2,SI,quantile,0.35,643.9234648432705
2026-09-30,ARI incidence,2026-10-04,2,SI,quantile,0.4,662.1666442364536
2026-09-30,ARI incidence,2026-10-04,2,SI,quantile,0.45,684.7680249516158
2026-09-30,ARI incidence,2026-10-04,2,SI,quantile,0.5,708.8871559565191
2026-09-30,ARI incidence,2026-10-04,2,SI,quantile,0.55,734.3805710768596
2026-09-30,ARI incidence,2026-10-04,2,SI,quantile,0.6,761.4528860535727
2026-09-30,ARI incidence,2026-10-04,2,SI,quantile,0.65,790.3595536683358
2026-09-30,ARI incidence,2026-10-04,2,SI,quantile,0.7,822.0096695518833
2026-09-30,ARI incidence,2026-10-04,2,SI,quantile,0.75,857.5867056072061
2026-09-30,ARI incidence,2026-10-04,2,SI,quantile,0.8,899.0161335173268
2026-09-30,ARI incidence,2026-10-04,2,SI,quantile,0.85,935.9718356532334
2026-09-30,ARI incidence,2026-10-04,2,SI,quantile,0.9,983.8226735962082
2026-09-30,ARI incidence,2026-10-04,2,SI,quantile,0.95,1062.1108713320143
2026-09-30,ARI incidence,2026-10-04,2,SI,quantile,0.975,1148.636692934709
2026-09-30,ARI incidence,2026-10-04,2,SI,quantile,0.99,1263.4175508731641
2026-09-30,ARI incidence,2026-10-11,3,SI,quantile,0.01,387.14754747092775
2026-09-30,ARI incidence,2026-10-11,3,SI,quantile,0.025,425.4342277955674
2026-09-30,ARI incidence,2026-10-11,3,SI,quantile,0.05,461.70903274660276
2026-09-30,ARI incidence,2026-10-11,3,SI,quantile,0.1,509.4840532603225
2026-09-30,ARI incidence,2026-10-11,3,SI,quantile,0.15,546.0170586045884
2026-09-30,ARI incidence,2026-10-11,3,SI,quantile,0.2,576.3379559364671
2026-09-30,ARI incidence,2026-10-11,3,SI,quantile,0.25,601.6770005242972
2026-09-30,ARI incidence,2026-10-11,3,SI,quantile,0.3,629.7084110518236
2026-09-30,ARI incidence,2026-10-11,3,SI,quantile,0.35,651.2900533941801
2026-09-30,ARI incidence,2026-10-11,3,SI,quantile,0.4,674.9030922409519
2026-09-30,ARI incidence,2026-10-11,3,SI,quantile,0.45,700.2239560067753
2026-09-30,ARI incidence,2026-10-11,3,SI,quantile,0.5,731.7322813115071
2026-09-30,ARI incidence,2026-10-11,3,SI,quantile,0.55,761.6682929714073
2026-09-30,ARI incidence,2026-10-11,3,SI,quantile,0.6,788.1946761511856
2026-09-30,ARI incidence,2026-10-11,3,SI,quantile,0.65,812.5127011852969
2026-09-30,ARI incidence,2026-10-11,3,SI,quantile,0.7,838.9516235743989
2026-09-30,ARI incidence,2026-10-11,3,SI,quantile,0.75,869.2513295325128
2026-09-30,ARI incidence,2026-10-11,3,SI,quantile,0.8,911.9400976457292
2026-09-30,ARI incidence,2026-10-11,3,SI,quantile,0.85,968.9297016019077
2026-09-30,ARI incidence,2026-10-11,3,SI,quantile,0.9,1045.7166147775336
2026-09-30,ARI incidence,2026-10-11,3,SI,quantile,0.95,1181.9871017003413
2026-09-30,ARI incidence,2026-10-11,3,SI,quantile,0.975,1291.4358535521992
2026-09-30,ARI incidence,2026-10-11,3,SI,quantile,0.99,1447.3305504084233
2026-09-30,ARI incidence,2026-10-18,4,SI,quantile,0.01,349.6967460259507
2026-09-30,ARI incidence,2026-10-18,4,SI,quantile,0.025,393.15689396450233
2026-09-30,ARI incidence,2026-10-18,4,SI,quantile,0.05,437.97817356792973
2026-09-30,ARI incidence,2026-10-18,4,SI,quantile,0.1,496.0157179490705
2026-09-30,ARI incidence,2026-10-18,4,SI,quantile,0.15,538.077379700207
2026-09-30,ARI incidence,2026-10-18,4,SI,quantile,0.2,569.1931089996585
2026-09-30,ARI incidence,2026-10-18,4,SI,quantile,0.25,600.1159092219079
2026-09-30,ARI incidence,2026-10-18,4,SI,quantile,0.3,626.6444268486606
2026-09-30,ARI incidence,2026-10-18,4,SI,quantile,0.35,657.1201688197623
2026-09-30,ARI incidence,2026-10-18,4,SI,quantile,0.4,683.6120208832642
2026-09-30,ARI incidence,2026-10-18,4,SI,quantile,0.45,710.2577490829651
2026-09-30,ARI incidence,2026-10-18,4,SI,quantile,0.5,732.4884094634533
2026-09-30,ARI incidence,2026-10-18,4,SI,quantile,0.55,765.7718734641985
2026-09-30,ARI incidence,2026-10-18,4,SI,quantile,0.6,795.6153385338636
2026-09-30,ARI incidence,2026-10-18,4,SI,quantile,0.65,827.6821504928437
2026-09-30,ARI incidence,2026-10-18,4,SI,quantile,0.7,862.8736874707358
2026-09-30,ARI incidence,2026-10-18,4,SI,quantile,0.75,903.2437666076324
2026-09-30,ARI incidence,2026-10-18,4,SI,quantile,0.8,955.6400243894957
2026-09-30,ARI incidence,2026-10-18,4,SI,quantile,0.85,1020.5583753549062
2026-09-30,ARI incidence,2026-10-18,4,SI,quantile,0.9,1089.7610600989942
2026-09-30,ARI incidence,2026-10-18,4,SI,quantile,0.95,1206.7108762047033
2026-09-30,ARI incidence,2026-10-18,4,SI,quantile,0.975,1326.0467258443036
2026-09-30,ARI incidence,2026-10-18,4,SI,quantile,0.99,1479.7042477111145
2026-09-30,ARI incidence,2026-09-27,1,SK,quantile,0.01,1127.2223318306337
2026-09-30,ARI incidence,2026-09-27,1,SK,quantile,0.025,1169.3251708808384
2026-09-30,ARI incidence,2026-09-27,1,SK,quantile,0.05,1206.7905241284711
2026-09-30,ARI incidence,2026-09-27,1,SK,quantile,0.1,1251.4766262172104
2026-09-30,ARI incidence,2026-09-27,1,SK,quantile,0.15,1282.5564678235164
2026-09-30,ARI incidence,2026-09-27,1,SK,quantile,0.2,1307.8068698038776
2026-09-30,ARI incidence,2026-09-27,1,SK,quantile,0.25,1329.864975162762
2026-09-30,ARI incidence,2026-09-27,1,SK,quantile,0.3,1349.99048420747
2026-09-30,ARI incidence,2026-09-27,1,SK,quantile,0.35,1375.414785767401
2026-09-30,ARI incidence,2026-09-27,1,SK,quantile,0.4,1393.7001956609718
2026-09-30,ARI incidence,2026-09-27,1,SK,quantile,0.45,1415.9388848490062
2026-09-30,ARI incidence,2026-09-27,1,SK,quantile,0.5,1435.441562324799
2026-09-30,ARI incidence,2026-09-27,1,SK,quantile,0.55,1453.605969907163
2026-09-30,ARI incidence,2026-09-27,1,SK,quantile,0.6,1472.298299774944
2026-09-30,ARI incidence,2026-09-27,1,SK,quantile,0.65,1491.870781473924
2026-09-30,ARI incidence,2026-09-27,1,SK,quantile,0.7,1513.6608796021433
2026-09-30,ARI incidence,2026-09-27,1,SK,quantile,0.75,1547.4774478908992
2026-09-30,ARI incidence,2026-09-27,1,SK,quantile,0.8,1573.5748668804051
2026-09-30,ARI incidence,2026-09-27,1,SK,quantile,0.85,1604.5502484275194
2026-09-30,ARI incidence,2026-09-27,1,SK,quantile,0.9,1644.3915118340983
2026-09-30,ARI incidence,2026-09-27,1,SK,quantile,0.95,1705.268077085391
2026-09-30,ARI incidence,2026-09-27,1,SK,quantile,0.975,1759.8904527054392
2026-09-30,ARI incidence,2026-09-27,1,SK,quantile,0.99,1825.6031148724421
2026-09-30,ARI incidence,2026-10-04,2,SK,quantile,0.01,890.215268717201
2026-09-30,ARI incidence,2026-10-04,2,SK,quantile,0.025,967.43884639662
2026-09-30,ARI incidence,2026-10-04,2,SK,quantile,0.05,1039.186551026095
2026-09-30,ARI incidence,2026-10-04,2,SK,quantile,0.1,1128.5286499006122
2026-09-30,ARI incidence,2026-10-04,2,SK,quantile,0.15,1189.7555522651755
2026-09-30,ARI incidence,2026-10-04,2,SK,quantile,0.2,1238.2168851525162
2026-09-30,ARI incidence,2026-10-04,2,SK,quantile,0.25,1290.3761487734373
2026-09-30,ARI incidence,2026-10-04,2,SK,quantile,0.3,1325.1233730982176
2026-09-30,ARI incidence,2026-10-04,2,SK,quantile,0.35,1366.979367429262
2026-09-30,ARI incidence,2026-10-04,2,SK,quantile,0.4,1415.5884356302054
2026-09-30,ARI incidence,2026-10-04,2,SK,quantile,0.45,1465.5768820800606
2026-09-30,ARI incidence,2026-10-04,2,SK,quantile,0.5,1506.7039216815497
2026-09-30,ARI incidence,2026-10-04,2,SK,quantile,0.55,1553.2135143947185
2026-09-30,ARI incidence,2026-10-04,2,SK,quantile,0.6,1606.1673093237678
2026-09-30,ARI incidence,2026-10-04,2,SK,quantile,0.65,1651.505370526976
2026-09-30,ARI incidence,2026-10-04,2,SK,quantile,0.7,1700.3251693257648
2026-09-30,ARI incidence,2026-10-04,2,SK,quantile,0.75,1759.2381624225316
2026-09-30,ARI incidence,2026-10-04,2,SK,quantile,0.8,1832.9433191804385
2026-09-30,ARI incidence,2026-10-04,2,SK,quantile,0.85,1921.8130285541386
2026-09-30,ARI incidence,2026-10-04,2,SK,quantile,0.9,2020.8997096458693
2026-09-30,ARI incidence,2026-10-04,2,SK,quantile,0.95,2192.5842237129596
2026-09-30,ARI incidence,2026-10-04,2,SK,quantile,0.975,2355.0979782452487
2026-09-30,ARI incidence,2026-10-04,2,SK,quantile,0.99,2559.2532722913575
2026-09-30,ARI incidence,2026-10-11,3,SK,quantile,0.01,791.6570127139643
2026-09-30,ARI incidence,2026-10-11,3,SK,quantile,0.025,876.1769920754593
2026-09-30,ARI incidence,2026-10-11,3,SK,quantile,0.05,956.0427008256794
2026-09-30,ARI incidence,2026-10-11,3,SK,quantile,0.1,1054.335476936851
2026-09-30,ARI incidence,2026-10-11,3,SK,quantile,0.15,1131.403730386969
2026-09-30,ARI incidence,2026-10-11,3,SK,quantile,0.2,1194.2202951011975
2026-09-30,ARI incidence,2026-10-11,3,SK,quantile,0.25,1250.61267438458
2026-09-30,ARI incidence,2026-10-11,3,SK,quantile,0.3,1304.6292493356382
2026-09-30,ARI incidence,2026-10-11,3,SK,quantile,0.35,1354.8091736327092
2026-09-30,ARI incidence,2026-10-11,3,SK,quantile,0.4,1403.0635791469265
2026-09-30,ARI incidence,2026-10-11,3,SK,quantile,0.45,1451.4516716299381
2026-09-30,ARI incidence,2026-10-11,3,SK,quantile,0.5,1507.2548700220614
2026-09-30,ARI incidence,2026-10-11,3,SK,quantile,0.55,1566.3915010277221
2026-09-30,ARI incidence,2026-10-11,3,SK,quantile,0.6,1616.7119154288255
2026-09-30,ARI incidence,2026-10-11,3,SK,quantile,0.65,1676.8413933062225
2026-09-30,ARI incidence,2026-10-11,3,SK,quantile,0.7,1743.1416757363834
2026-09-30,ARI incidence,2026-10-11,3,SK,quantile,0.75,1816.521346261376
2026-09-30,ARI incidence,2026-10-11,3,SK,quantile,0.8,1894.7633361535925
2026-09-30,ARI incidence,2026-10-11,3,SK,quantile,0.85,1981.030844236054
2026-09-30,ARI incidence,2026-10-11,3,SK,quantile,0.9,2095.173822252389
2026-09-30,ARI incidence,2026-10-11,3,SK,quantile,0.95,2282.289614937999
2026-09-30,ARI incidence,2026-10-11,3,SK,quantile,0.975,2461.9272371136003
2026-09-30,ARI incidence,2026-10-11,3,SK,quantile,0.99,2693.455055656622
2026-09-30,ARI incidence,2026-10-18,4,SK,quantile,0.01,718.1243421139657
2026-09-30,ARI incidence,2026-10-18,4,SK,quantile,0.025,808.4338841872913
2026-09-30,ARI incidence,2026-10-18,4,SK,quantile,0.05,895.1253671081732
2026-09-30,ARI incidence,2026-10-18,4,SK,quantile,0.1,1002.4877194853198
2026-09-30,ARI incidence,2026-10-18,4,SK,quantile,0.15,1079.2369040452506
2026-09-30,ARI incidence,2026-10-18,4,SK,quantile,0.2,1143.1872798543873
2026-09-30,ARI incidence,2026-10-18,4,SK,quantile,0.25,1203.099228065345
2026-09-30,ARI incidence,2026-10-18,4,SK,quantile,0.3,1260.5650725057362
2026-09-30,ARI incidence,2026-10-18,4,SK,quantile,0.35,1308.1889720789677
2026-09-30,ARI incidence,2026-10-18,4,SK,quantile,0.4,1365.73809867297
2026-09-30,ARI incidence,2026-10-18,4,SK,quantile,0.45,1423.0956408539482
2026-09-30,ARI incidence,2026-10-18,4,SK,quantile,0.5,1473.7686168527534
2026-09-30,ARI incidence,2026-10-18,4,SK,quantile,0.55,1538.0300440451267
2026-09-30,ARI incidence,2026-10-18,4,SK,quantile,0.6,1596.4236502153146
2026-09-30,ARI incidence,2026-10-18,4,SK,quantile,0.65,1668.0985874200733
2026-09-30,ARI incidence,2026-10-18,4,SK,quantile,0.7,1729.4396023974873
2026-09-30,ARI incidence,2026-10-18,4,SK,quantile,0.75,1798.167710809068
2026-09-30,ARI incidence,2026-10-18,4,SK,quantile,0.8,1883.5580913555323
2026-09-30,ARI incidence,2026-10-18,4,SK,quantile,0.85,1991.0234263043171
2026-09-30,ARI incidence,2026-10-18,4,SK,quantile,0.9,2118.797031170774
2026-09-30,ARI incidence,2026-10-18,4,SK,quantile,0.95,2322.5786719205466
2026-09-30,ARI incidence,2026-10-18,4,SK,quantile,0.975,2529.7561600531626
2026-09-30,ARI incidence,2026-10-18,4,SK,quantile,0.99,2808.6886961386967
2026-09-30,ILI incidence,2026-09-27,1,BE,quantile,0.01,16.82385068653298
2026-09-30,ILI incidence,2026-09-27,1,BE,quantile,0.025,20.10716333389586
2026-09-30,ILI incidence,2026-09-27,1,BE,quantile,0.05,23.410815613157652
2026-09-30,ILI incidence,2026-09-27,1,BE,quantile,0.1,27.8664239308982
2026-09-30,ILI incidence,2026-09-27,1,BE,quantile,0.15,31.32347286723967
2026-09-30,ILI incidence,2026-09-27,1,BE,quantile,0.2,34.36397154414969
2026-09-30,ILI incidence,2026-09-27,1,BE,quantile,0.25,37.19939321894653
2026-09-30,ILI incidence,2026-09-27,1,BE,quantile,0.3,39.93892151131969
2026-09-30,ILI incidence,2026-09-27,1,BE,quantile,0.35,42.65258215059745
2026-09-30,ILI incidence,2026-09-27,1,BE,quantile,0.4,45.354818316117644
2026-09-30,ILI incidence,2026-09-27,1,BE,quantile,0.45,48.19358061512002
2026-09-30,ILI incidence,2026-09-27,1,BE,quantile,0.5,51.147491559007996
2026-09-30,ILI incidence,2026-09-27,1,BE,quantile,0.55,54.260864237610576
2026-09-30,ILI incidence,2026-09-27,1,BE,quantile,0.6,57.685466277539774
2026-09-30,ILI incidence,2026-09-27,1,BE,quantile,0.65,61.40378234439531
2026-09-30,ILI incidence,2026-09-27,1,BE,quantile,0.7,65.7360014515216
2026-09-30,ILI incidence,2026-09-27,1,BE,quantile,0.75,70.75487849048841
2026-09-30,ILI incidence,2026-09-27,1,BE,quantile,0.8,76.78904416725102
2026-09-30,ILI incidence,2026-09-27,1,BE,quantile,0.85,84.46598622853503
2026-09-30,ILI incidence,2026-09-27,1,BE,quantile,0.9,95.2106685914903
2026-09-30,ILI incidence,2026-09-27,1,BE,quantile,0.95,113.67008321921244
2026-09-30,ILI incidence,2026-09-27,1,BE,quantile,0.975,132.52592372860428
2026-09-30,ILI incidence,2026-09-27,1,BE,quantile,0.99,158.381938828261
2026-09-30,ILI incidence,2026-10-04,2,BE,quantile,0.01,18.15841347751238
2026-09-30,ILI incidence,2026-10-04,2,BE,quantile,0.025,22.04355212842759
2026-09-30,ILI incidence,2026-10-04,2,BE,quantile,0.05,26.009537631177096
2026-09-30,ILI incidence,2026-10-04,2,BE,quantile,0.1,31.436390365478974
2026-09-30,ILI incidence,2026-10-04,2,BE,quantile,0.15,35.70127570459478
2026-09-30,ILI incidence,2026-10-04,2,BE,quantile,0.2,39.48735447411656
2026-09-30,ILI incidence,2026-10-04,2,BE,quantile,0.25,43.12283040732808
2026-09-30,ILI incidence,2026-10-04,2,BE,quantile,0.3,46.763993064390924
2026-09-30,ILI incidence,2026-10-04,2,BE,quantile,0.35,50.40577164234851
2026-09-30,ILI incidence,2026-10-04,2,BE,quantile,0.4,54.11788495913603
2026-09-30,ILI incidence,2026-10-04,2,BE,quantile,0.45,57.96433899214573
2026-09-30,ILI incidence,2026-10-04,2,BE,quantile,0.5,60.876217492374415
2026-09-30,ILI incidence,2026-10-04,2,BE,quantile,0.55,64.92149756991225
2026-09-30,ILI incidence,2026-10-04,2,BE,quantile,0.6,69.30293428117034
2026-09-30,ILI incidence,2026-10-04,2,BE,quantile,0.65,74.1377629489043
2026-09-30,ILI incidence,2026-10-04,2,BE,quantile,0.7,79.59321830727893
2026-09-30,ILI incidence,2026-10-04,2,BE,quantile,0.75,85.92572097071361
2026-09-30,ILI incidence,2026-10-04,2,BE,quantile,0.8,93.564496517333
2026-09-30,ILI incidence,2026-10-04,2,BE,quantile,0.85,102.28258949501996
2026-09-30,ILI incidence,2026-10-04,2,BE,quantile,0.9,113.38886351868541
2026-09-30,ILI incidence,2026-10-04,2,BE,quantile,0.95,134.35921536410785
2026-09-30,ILI incidence,2026-10-04,2,BE,quantile,0.975,157.83784314007778
2026-09-30,ILI incidence,2026-10-04,2,BE,quantile,0.99,190.49270205694233
2026-09-30,ILI incidence,2026-10-11,3,BE,quantile,0.01,20.62240684349468
2026-09-30,ILI incidence,2026-10-11,3,BE,quantile,0.025,25.4550144753566
2026-09-30,ILI incidence,2026-10-11,3,BE,quantile,0.05,30.466776074535304
2026-09-30,ILI incidence,2026-10-11,3,BE,quantile,0.1,37.43433223857846
2026-09-30,ILI incidence,2026-10-11,3,BE,quantile,0.15,42.98738591811343
2026-09-30,ILI incidence,2026-10-11,3,BE,quantile,0.2,47.96757312285073
2026-09-30,ILI incidence,2026-10-11,3,BE,quantile,0.25,52.222950926736694
2026-09-30,ILI incidence,2026-10-11,3,BE,quantile,0.3,55.28921870261293
2026-09-30,ILI incidence,2026-10-11,3,BE,quantile,0.35,58.2880457822556
2026-09-30,ILI incidence,2026-10-11,3,BE,quantile,0.4,61.28123395976332
2026-09-30,ILI incidence,2026-10-11,3,BE,quantile,0.45,65.7633376005058
2026-09-30,ILI incidence,2026-10-11,3,BE,quantile,0.5,70.69618275387012
2026-09-30,ILI incidence,2026-10-11,3,BE,quantile,0.55,75.59295552975411
2026-09-30,ILI incidence,2026-10-11,3,BE,quantile,0.6,77.80830744318773
2026-09-30,ILI incidence,2026-10-11,3,BE,quantile,0.65,82.50875480333467
2026-09-30,ILI incidence,2026-10-11,3,BE,quantile,0.7,89.44495345328757
2026-09-30,ILI incidence,2026-10-11,3,BE,quantile,0.75,97.57792079572855
2026-09-30,ILI incidence,2026-10-11,3,BE,quantile,0.8,104.42096681490507
2026-09-30,ILI incidence,2026-10-11,3,BE,quantile,0.85,116.69055104258037
2026-09-30,ILI incidence,2026-10-11,3,BE,quantile,0.9,130.81919644253446
2026-09-30,ILI incidence,2026-10-11,3,BE,quantile,0.95,157.65513949622877
2026-09-30,ILI incidence,2026-10-11,3,BE,quantile,0.975,185.07174600424005
2026-09-30,ILI incidence,2026-10-11,3,BE,quantile,0.99,221.64327117877102
2026-09-30,ILI incidence,2026-10-18,4,BE,quantile,0.01,19.370918738218794
2026-09-30,ILI incidence,2026-10-18,4,BE,quantile,0.025,23.182718392623457
2026-09-30,ILI incidence,2026-10-18,4,BE,quantile,0.05,27.798206359563917
2026-09-30,ILI incidence,2026-10-18,4,BE,quantile,0.1,34.324199349868
2026-09-30,ILI incidence,2026-10-18,4,BE,quantile,0.15,39.54361255001159
2026-09-30,ILI incidence,2026-10-18,4,BE,quantile,0.2,44.23654396678924
2026-09-30,ILI incidence,2026-10-18,4,BE,quantile,0.25,48.69327811411808
2026-09-30,ILI incidence,2026-10-18,4,BE,quantile,0.3,53.1327972819644
2026-09-30,ILI incidence,2026-10-18,4,BE,quantile,0.35,57.634590192428234
2026-09-30,ILI incidence,2026-10-18,4,BE,quantile,0.4,62.25204356010905
2026-09-30,ILI incidence,2026-10-18,4,BE,quantile,0.45,67.06528822077993
2026-09-30,ILI incidence,2026-10-18,4,BE,quantile,0.5,72.15968498617657
2026-09-30,ILI incidence,2026-10-18,4,BE,quantile,0.55,77.63537563986333
2026-09-30,ILI incidence,2026-10-18,4,BE,quantile,0.6,82.40064213632502
2026-09-30,ILI incidence,2026-10-18,4,BE,quantile,0.65,86.61630291902475
2026-09-30,ILI incidence,2026-10-18,4,BE,quantile,0.7,92.4978389741704
2026-09-30,ILI incidence,2026-10-18,4,BE,quantile,0.75,100.45704920211887
2026-09-30,ILI incidence,2026-10-18,4,BE,quantile,0.8,108.23652398239915
2026-09-30,ILI incidence,2026-10-18,4,BE,quantile,0.85,121.36305912977892
2026-09-30,ILI incidence,2026-10-18,4,BE,quantile,0.9,138.11358814314045
2026-09-30,ILI incidence,2026-10-18,4,BE,quantile,0.95,170.1451188089928
2026-09-30,ILI incidence,2026-10-18,4,BE,quantile,0.975,197.17534197240408
2026-09-30,ILI incidence,2026-10-18,4,BE,quantile,0.99,244.01669286341922
2026-09-30,ILI incidence,2026-09-27,1,CH,quantile,0.01,7.352353952611651
2026-09-30,ILI incidence,2026-09-27,1,CH,quantile,0.025,8.905440616606613
2026-09-30,ILI incidence,2026-09-27,1,CH,quantile,0.05,10.570961426989578
2026-09-30,ILI incidence,2026-09-27,1,CH,quantile,0.1,12.8088226704934
2026-09-30,ILI incidence,2026-09-27,1,CH,quantile,0.15,14.569967281164569
2026-09-30,ILI incidence,2026-09-27,1,CH,quantile,0.2,16.128518608066614
2026-09-30,ILI incidence,2026-09-27,1,CH,quantile,0.25,17.58937805262514
2026-09-30,ILI incidence,2026-09-27,1,CH,quantile,0.3,18.95985861126911
2026-09-30,ILI incidence,2026-09-27,1,CH,quantile,0.35,20.060819608252068
2026-09-30,ILI incidence,2026-09-27,1,CH,quantile,0.4,21.486519816023034
2026-09-30,ILI incidence,2026-09-27,1,CH,quantile,0.45,22.978143241609573
2026-09-30,ILI incidence,2026-09-27,1,CH,quantile,0.5,24.4746539907783
2026-09-30,ILI incidence,2026-09-27,1,CH,quantile,0.55,25.975962009408022
2026-09-30,ILI incidence,2026-09-27,1,CH,quantile,0.6,27.59211116281366
2026-09-30,ILI incidence,2026-09-27,1,CH,quantile,0.65,29.346418499470303
2026-09-30,ILI incidence,2026-09-27,1,CH,quantile,0.7,31.103168791944142
2026-09-30,ILI incidence,2026-09-27,1,CH,quantile,0.75,33.11324243764827
2026-09-30,ILI incidence,2026-09-27,1,CH,quantile,0.8,35.50000497609401
2026-09-30,ILI incidence,2026-09-27,1,CH,quantile,0.85,38.49363934130584
2026-09-30,ILI incidence,2026-09-27,1,CH,quantile,0.9,43.39222167424641
2026-09-30,ILI incidence,2026-09-27,1,CH,quantile,0.95,52.12567193321625
2026-09-30,ILI incidence,2026-09-27,1,CH,quantile,0.975,59.87428843873697
2026-09-30,ILI incidence,2026-09-27,1,CH,quantile,0.99,69.48431221200745
2026-09-30,ILI incidence,2026-10-04,2,CH,quantile,0.01,7.880350675581168
2026-09-30,ILI incidence,2026-10-04,2,CH,quantile,0.025,9.524641055311807
2026-09-30,ILI incidence,2026-10-04,2,CH,quantile,0.05,11.119850906051552
2026-09-30,ILI incidence,2026-10-04,2,CH,quantile,0.1,13.61315712666361
2026-09-30,ILI incidence,2026-10-04,2,CH,quantile,0.15,15.661842616975767
2026-09-30,ILI incidence,2026-10-04,2,CH,quantile,0.2,17.348540935752084
2026-09-30,ILI incidence,2026-10-04,2,CH,quantile,0.25,18.94940828250533
2026-09-30,ILI incidence,2026-10-04,2,CH,quantile,0.3,20.605307786869925
2026-09-30,ILI incidence,2026-10-04,2,CH,quantile,0.35,22.26219651570267
2026-09-30,ILI incidence,2026-10-04,2,CH,quantile,0.4,23.94146759950551
2026-09-30,ILI incidence,2026-10-04,2,CH,quantile,0.45,25.530003259701704
2026-09-30,ILI incidence,2026-10-04,2,CH,quantile,0.5,27.399361204771786
2026-09-30,ILI incidence,2026-10-04,2,CH,quantile,0.55,29.373579961095405
2026-09-30,ILI incidence,2026-10-04,2,CH,quantile,0.6,31.22703625373889
2026-09-30,ILI incidence,2026-10-04,2,CH,quantile,0.65,33.26167263065576
2026-09-30,ILI incidence,2026-10-04,2,CH,quantile,0.7,35.54504593811644
2026-09-30,ILI incidence,2026-10-04,2,CH,quantile,0.75,38.33494297222104
2026-09-30,ILI incidence,2026-10-04,2,CH,quantile,0.8,41.96576896349196
2026-09-30,ILI incidence,2026-10-04,2,CH,quantile,0.85,46.62305791668771
2026-09-30,ILI incidence,2026-10-04,2,CH,quantile,0.9,53.20675422932872
2026-09-30,ILI incidence,2026-10-04,2,CH,quantile,0.95,64.67556420819676
2026-09-30,ILI incidence,2026-10-04,2,CH,quantile,0.975,76.57072700798727
2026-09-30,ILI incidence,2026-10-04,2,CH,quantile,0.99,93.13590835351619
2026-09-30,ILI incidence,2026-10-11,3,CH,quantile,0.01,7.633372687286277
2026-09-30,ILI incidence,2026-10-11,3,CH,quantile,0.025,9.543252839495114
2026-09-30,ILI incidence,2026-10-11,3,CH,quantile,0.05,11.663116559760217
2026-09-30,ILI incidence,2026-10-11,3,CH,quantile,0.1,14.641380715237984
2026-09-30,ILI incidence,2026-10-11,3,CH,quantile,0.15,17.037149580905652
2026-09-30,ILI incidence,2026-10-11,3,CH,quantile,0.2,19.200325058807962
2026-09-30,ILI incidence,2026-10-11,3,CH,quantile,0.25,21.214806394834888
2026-09-30,ILI incidence,2026-10-11,3,CH,quantile,0.3,23.242960885818757
2026-09-30,ILI incidence,2026-10-11,3,CH,quantile,0.35,25.28727834046862
2026-09-30,ILI incidence,2026-10-11,3,CH,quantile,0.4,27.386313191725204
2026-09-30,ILI incidence,2026-10-11,3,CH,quantile,0.45,29.576546589752255
2026-09-30,ILI incidence,2026-10-11,3,CH,quantile,0.5,31.896985095767285
2026-09-30,ILI incidence,2026-10-11,3,CH,quantile,0.55,34.393520495013604
2026-09-30,ILI incidence,2026-10-11,3,CH,quantile,0.6,37.124416548275335
2026-09-30,ILI incidence,2026-10-11,3,CH,quantile,0.65,39.96070645863854
2026-09-30,ILI incidence,2026-10-11,3,CH,quantile,0.7,42.97706392430615
2026-09-30,ILI incidence,2026-10-11,3,CH,quantile,0.75,46.66835860877266
2026-09-30,ILI incidence,2026-10-11,3,CH,quantile,0.8,51.54083788502454
2026-09-30,ILI incidence,2026-10-11,3,CH,quantile,0.85,57.852390466950666
2026-09-30,ILI incidence,2026-10-11,3,CH,quantile,0.9,66.88180567068741
2026-09-30,ILI incidence,2026-10-11,3,CH,quantile,0.95,82.8746719885628
2026-09-30,ILI incidence,2026-10-11,3,CH,quantile,0.975,99.767577819538
2026-09-30,ILI incidence,2026-10-11,3,CH,quantile,0.99,123.73193176377336
2026-09-30,ILI incidence,2026-10-18,4,CH,quantile,0.01,8.35275407912414
2026-09-30,ILI incidence,2026-10-18,4,CH,quantile,0.025,10.623228222492772
2026-09-30,ILI incidence,2026-10-18,4,CH,quantile,0.05,12.918580530934147
2026-09-30,ILI incidence,2026-10-18,4,CH,quantile,0.1,16.25327214753063
2026-09-30,ILI incidence,2026-10-18,4,CH,quantile,0.15,18.94365267631051
2026-09-30,ILI incidence,2026-10-18,4,CH,quantile,0.2,21.378039594790167
2026-09-30,ILI incidence,2026-10-18,4,CH,quantile,0.25,23.702019394178063
2026-09-30,ILI incidence,2026-10-18,4,CH,quantile,0.3,25.994006125334316
2026-09-30,ILI incidence,2026-10-18,4,CH,quantile,0.35,28.307289525952868
2026-09-30,ILI incidence,2026-10-18,4,CH,quantile,0.4,30.68541148464422
2026-09-30,ILI incidence,2026-10-18,4,CH,quantile,0.45,33.16978295932726
2026-09-30,ILI incidence,2026-10-18,4,CH,quantile,0.5,35.804873467345274
2026-09-30,ILI incidence,2026-10-18,4,CH,quantile,0.55,38.643175742722526
2026-09-30,ILI incidence,2026-10-18,4,CH,quantile,0.6,41.513817954845464
2026-09-30,ILI incidence,2026-10-18,4,CH,quantile,0.65,44.54457087609559
2026-09-30,ILI incidence,2026-10-18,4,CH,quantile,0.7,48.26745608138893
2026-09-30,ILI incidence,2026-10-18,4,CH,quantile,0.75,52.85837560324613
2026-09-30,ILI incidence,2026-10-18,4,CH,quantile,0.8,58.475741676051555
2026-09-30,ILI incidence,2026-10-18,4,CH,quantile,0.85,65.7671101716678
2026-09-30,ILI incidence,2026-10-18,4,CH,quantile,0.9,76.22434266169263
2026-09-30,ILI incidence,2026-10-18,4,CH,quantile,0.95,94.81064219129618
2026-09-30,ILI incidence,2026-10-18,4,CH,quantile,0.975,114.51793752815728
2026-09-30,ILI incidence,2026-10-18,4,CH,quantile,0.99,142.5831426717994
2026-09-30,ILI incidence,2026-09-27,1,CZ,quantile,0.01,1.7980074782490432
2026-09-30,ILI incidence,2026-09-27,1,CZ,quantile,0.025,2.213933496007299
2026-09-30,ILI incidence,2026-09-27,1,CZ,quantile,0.05,2.6265528552482844
2026-09-30,ILI incidence,2026-09-27,1,CZ,quantile,0.1,3.245414788435016
2026-09-30,ILI incidence,2026-09-27,1,CZ,quantile,0.15,3.5893294582377404
2026-09-30,ILI incidence,2026-09-27,1,CZ,quantile,0.2,3.934122224928743
2026-09-30,ILI incidence,2026-09-27,1,CZ,quantile,0.25,4.256275403691924
2026-09-30,ILI incidence,2026-09-27,1,CZ,quantile,0.3,4.57209286488253
2026-09-30,ILI incidence,2026-09-27,1,CZ,quantile,0.35,4.875338467175851
2026-09-30,ILI incidence,2026-09-27,1,CZ,quantile,0.4,5.163285270408822
2026-09-30,ILI incidence,2026-09-27,1,CZ,quantile,0.45,5.455301921802576
2026-09-30,ILI incidence,2026-09-27,1,CZ,quantile,0.5,5.756193873028877
2026-09-30,ILI incidence,2026-09-27,1,CZ,quantile,0.55,6.071110879536792
2026-09-30,ILI incidence,2026-09-27,1,CZ,quantile,0.6,6.4061403370552
2026-09-30,ILI incidence,2026-09-27,1,CZ,quantile,0.65,6.769110818885991
2026-09-30,ILI incidence,2026-09-27,1,CZ,quantile,0.7,7.170540669081255
2026-09-30,ILI incidence,2026-09-27,1,CZ,quantile,0.75,7.621309848130992
2026-09-30,ILI incidence,2026-09-27,1,CZ,quantile,0.8,8.152588070369028
2026-09-30,ILI incidence,2026-09-27,1,CZ,quantile,0.85,8.813318529587166
2026-09-30,ILI incidence,2026-09-27,1,CZ,quantile,0.9,9.734050036985417
2026-09-30,ILI incidence,2026-09-27,1,CZ,quantile,0.95,11.265534109891764
2026-09-30,ILI incidence,2026-09-27,1,CZ,quantile,0.975,12.749946352388838
2026-09-30,ILI incidence,2026-09-27,1,CZ,quantile,0.99,14.7032168381873
2026-09-30,ILI incidence,2026-10-04,2,CZ,quantile,0.01,1.4677425316004924
2026-09-30,ILI incidence,2026-10-04,2,CZ,quantile,0.025,1.9197750832994547
2026-09-30,ILI incidence,2026-10-04,2,CZ,quantile,0.05,2.3826625046022625
2026-09-30,ILI incidence,2026-10-04,2,CZ,quantile,0.1,2.984264184309738
2026-09-30,ILI incidence,2026-10-04,2,CZ,quantile,0.15,3.4878927060501552
2026-09-30,ILI incidence,2026-10-04,2,CZ,quantile,0.2,3.9003244535240778
2026-09-30,ILI incidence,2026-10-04,2,CZ,quantile,0.25,4.245763174731354
2026-09-30,ILI incidence,2026-10-04,2,CZ,quantile,0.3,4.576682077677779
2026-09-30,ILI incidence,2026-10-04,2,CZ,quantile,0.35,4.93289934807774
2026-09-30,ILI incidence,2026-10-04,2,CZ,quantile,0.4,5.302038337347366
2026-09-30,ILI incidence,2026-10-04,2,CZ,quantile,0.45,5.681030393229385
2026-09-30,ILI incidence,2026-10-04,2,CZ,quantile,0.5,6.076259365900072
2026-09-30,ILI incidence,2026-10-04,2,CZ,quantile,0.55,6.494868854994789
2026-09-30,ILI incidence,2026-10-04,2,CZ,quantile,0.6,6.945595366619949
2026-09-30,ILI incidence,2026-10-04,2,CZ,quantile,0.65,7.439962263932946
2026-09-30,ILI incidence,2026-10-04,2,CZ,quantile,0.7,8.01633480922733
2026-09-30,ILI incidence,2026-10-04,2,CZ,quantile,0.75,8.68490051673836
2026-09-30,ILI incidence,2026-10-04,2,CZ,quantile,0.8,9.487878888333718
2026-09-30,ILI incidence,2026-10-04,2,CZ,quantile,0.85,10.508254211344713
2026-09-30,ILI incidence,2026-10-04,2,CZ,quantile,0.9,11.934315699741774
2026-09-30,ILI incidence,2026-10-04,2,CZ,quantile,0.95,14.379382655590318
2026-09-30,ILI incidence,2026-10-04,2,CZ,quantile,0.975,16.871447836247082
2026-09-30,ILI incidence,2026-10-04,2,CZ,quantile,0.99,20.320070960806888
2026-09-30,ILI incidence,2026-10-11,3,CZ,quantile,0.01,1.1223947303914024
2026-09-30,ILI incidence,2026-10-11,3,CZ,quantile,0.025,1.604942026039173
2026-09-30,ILI incidence,2026-10-11,3,CZ,quantile,0.05,2.106839427162591
2026-09-30,ILI incidence,2026-10-11,3,CZ,quantile,0.1,2.8066445578772807
2026-09-30,ILI incidence,2026-10-11,3,CZ,quantile,0.15,3.365824927466039
2026-09-30,ILI incidence,2026-10-11,3,CZ,quantile,0.2,3.8682637150099275
2026-09-30,ILI incidence,2026-10-11,3,CZ,quantile,0.25,4.345150756918958
2026-09-30,ILI incidence,2026-10-11,3,CZ,quantile,0.3,4.8130936265025985
2026-09-30,ILI incidence,2026-10-11,3,CZ,quantile,0.35,5.283204974257571
2026-09-30,ILI incidence,2026-10-11,3,CZ,quantile,0.4,5.726962800988027
2026-09-30,ILI incidence,2026-10-11,3,CZ,quantile,0.45,6.155977002978314
2026-09-30,ILI incidence,2026-10-11,3,CZ,quantile,0.5,6.674884423922734
2026-09-30,ILI incidence,2026-10-11,3,CZ,quantile,0.55,7.23723227962624
2026-09-30,ILI incidence,2026-10-11,3,CZ,quantile,0.6,7.850860831317817
2026-09-30,ILI incidence,2026-10-11,3,CZ,quantile,0.65,8.533174194194137
2026-09-30,ILI incidence,2026-10-11,3,CZ,quantile,0.7,9.298065637672828
2026-09-30,ILI incidence,2026-10-11,3,CZ,quantile,0.75,10.163575331267355
2026-09-30,ILI incidence,2026-10-11,3,CZ,quantile,0.8,11.213229822726529
2026-09-30,ILI incidence,2026-10-11,3,CZ,quantile,0.85,12.561930781386405
2026-09-30,ILI incidence,2026-10-11,3,CZ,quantile,0.9,14.472467579225516
2026-09-30,ILI incidence,2026-10-11,3,CZ,quantile,0.95,17.810268963710474
2026-09-30,ILI incidence,2026-10-11,3,CZ,quantile,0.975,21.38804331695432
2026-09-30,ILI incidence,2026-10-11,3,CZ,quantile,0.99,26.479490731041317
2026-09-30,ILI incidence,2026-10-18,4,CZ,quantile,0.01,1.1586621994603503
2026-09-30,ILI incidence,2026-10-18,4,CZ,quantile,0.025,1.681317907760739
2026-09-30,ILI incidence,2026-10-18,4,CZ,quantile,0.05,2.230979619305289
2026-09-30,ILI incidence,2026-10-18,4,CZ,quantile,0.1,2.926847654693109
2026-09-30,ILI incidence,2026-10-18,4,CZ,quantile,0.15,3.4854201268691662
2026-09-30,ILI incidence,2026-10-18,4,CZ,quantile,0.2,3.954942909903
2026-09-30,ILI incidence,2026-10-18,4,CZ,quantile,0.25,4.459096291598461
2026-09-30,ILI incidence,2026-10-18,4,CZ,quantile,0.3,4.955008488233957
2026-09-30,ILI incidence,2026-10-18,4,CZ,quantile,0.35,5.410246689913324
2026-09-30,ILI incidence,2026-10-18,4,CZ,quantile,0.4,5.874361436670855
2026-09-30,ILI incidence,2026-10-18,4,CZ,quantile,0.45,6.395675752181347
2026-09-30,ILI incidence,2026-10-18,4,CZ,quantile,0.5,6.954701475391719
2026-09-30,ILI incidence,2026-10-18,4,CZ,quantile,0.55,7.555982939616522
2026-09-30,ILI incidence,2026-10-18,4,CZ,quantile,0.6,8.213523598647965
2026-09-30,ILI incidence,2026-10-18,4,CZ,quantile,0.65,8.946295734533182
2026-09-30,ILI incidence,2026-10-18,4,CZ,quantile,0.7,9.7816865234119
2026-09-30,ILI incidence,2026-10-18,4,CZ,quantile,0.75,10.762091172991951
2026-09-30,ILI incidence,2026-10-18,4,CZ,quantile,0.8,11.959081755464151
2026-09-30,ILI incidence,2026-10-18,4,CZ,quantile,0.85,13.508913845509994
2026-09-30,ILI incidence,2026-10-18,4,CZ,quantile,0.9,15.726544522286643
2026-09-30,ILI incidence,2026-10-18,4,CZ,quantile,0.95,19.67886647052722
2026-09-30,ILI incidence,2026-10-18,4,CZ,quantile,0.975,23.78637145367208
2026-09-30,ILI incidence,2026-10-18,4,CZ,quantile,0.99,29.653602973321064
2026-09-30,ILI incidence,2026-09-27,1,DK,quantile,0.01,69.85559288712616
2026-09-30,ILI incidence,2026-09-27,1,DK,quantile,0.025,74.66350148180335
2026-09-30,ILI incidence,2026-09-27,1,DK,quantile,0.05,78.98954855879828
2026-09-30,ILI incidence,2026-09-27,1,DK,quantile,0.1,84.01652407766608
2026-09-30,ILI incidence,2026-09-27,1,DK,quantile,0.15,87.7294390278866
2026-09-30,ILI incidence,2026-09-27,1,DK,quantile,0.2,90.83676218576586
2026-09-30,ILI incidence,2026-09-27,1,DK,quantile,0.25,93.80725970029557
2026-09-30,ILI incidence,2026-09-27,1,DK,quantile,0.3,96.76753370292911
2026-09-30,ILI incidence,2026-09-27,1,DK,quantile,0.35,99.59311693497827
2026-09-30,ILI incidence,2026-09-27,1,DK,quantile,0.4,102.09715329140143
2026-09-30,ILI incidence,2026-09-27,1,DK,quantile,0.45,104.59121469229122
2026-09-30,ILI incidence,2026-09-27,1,DK,quantile,0.5,106.97884020483426
2026-09-30,ILI incidence,2026-09-27,1,DK,quantile,0.55,109.42045463686031
2026-09-30,ILI incidence,2026-09-27,1,DK,quantile,0.6,111.95796143187873
2026-09-30,ILI incidence,2026-09-27,1,DK,quantile,0.65,114.54255305182997
2026-09-30,ILI incidence,2026-09-27,1,DK,quantile,0.7,117.35275706580082
2026-09-30,ILI incidence,2026-09-27,1,DK,quantile,0.75,120.74803419124615
2026-09-30,ILI incidence,2026-09-27,1,DK,quantile,0.8,124.3688867158555
2026-09-30,ILI incidence,2026-09-27,1,DK,quantile,0.85,129.13520210985237
2026-09-30,ILI incidence,2026-09-27,1,DK,quantile,0.9,134.63586855970382
2026-09-30,ILI incidence,2026-09-27,1,DK,quantile,0.95,143.6937767874589
2026-09-30,ILI incidence,2026-09-27,1,DK,quantile,0.975,152.0386015216401
2026-09-30,ILI incidence,2026-09-27,1,DK,quantile,0.99,162.85240710222666
2026-09-30,ILI incidence,2026-10-04,2,DK,quantile,0.01,67.31610047013389
2026-09-30,ILI incidence,2026-10-04,2,DK,quantile,0.025,72.9406011958446
2026-09-30,ILI incidence,2026-10-04,2,DK,quantile,0.05,78.67241015720207
2026-09-30,ILI incidence,2026-10-04,2,DK,quantile,0.1,85.83441400526222
2026-09-30,ILI incidence,2026-10-04,2,DK,quantile,0.15,91.0268661554604
2026-09-30,ILI incidence,2026-10-04,2,DK,quantile,0.2,94.92705907779299
2026-09-30,ILI incidence,2026-10-04,2,DK,quantile,0.25,97.41713427658411
2026-09-30,ILI incidence,2026-10-04,2,DK,quantile,0.3,102.14801290715873
2026-09-30,ILI incidence,2026-10-04,2,DK,quantile,0.35,105.49259646296099
2026-09-30,ILI incidence,2026-10-04,2,DK,quantile,0.4,109.02423907149765
2026-09-30,ILI incidence,2026-10-04,2,DK,quantile,0.45,112.94934676371638
2026-09-30,ILI incidence,2026-10-04,2,DK,quantile,0.5,116.64244169722087
2026-09-30,ILI incidence,2026-10-04,2,DK,quantile,0.55,120.38226766395876
2026-09-30,ILI incidence,2026-10-04,2,DK,quantile,0.6,124.80906644966147
2026-09-30,ILI incidence,2026-10-04,2,DK,quantile,0.65,129.25826792628263
2026-09-30,ILI incidence,2026-10-04,2,DK,quantile,0.7,133.48956236539928
2026-09-30,ILI incidence,2026-10-04,2,DK,quantile,0.75,137.87360093479182
2026-09-30,ILI incidence,2026-10-04,2,DK,quantile,0.8,142.6042127247816
2026-09-30,ILI incidence,2026-10-04,2,DK,quantile,0.85,149.17035417291916
2026-09-30,ILI incidence,2026-10-04,2,DK,quantile,0.9,159.36678402858078
2026-09-30,ILI incidence,2026-10-04,2,DK,quantile,0.95,173.47999049226473
2026-09-30,ILI incidence,2026-10-04,2,DK,quantile,0.975,185.7749538202322
2026-09-30,ILI incidence,2026-10-04,2,DK,quantile,0.99,201.16392066495303
2026-09-30,ILI incidence,2026-10-11,3,DK,quantile,0.01,65.139581222129
2026-09-30,ILI incidence,2026-10-11,3,DK,quantile,0.025,71.1107067899951
2026-09-30,ILI incidence,2026-10-11,3,DK,quantile,0.05,76.4871016277904
2026-09-30,ILI incidence,2026-10-11,3,DK,quantile,0.1,83.36588763864924
2026-09-30,ILI incidence,2026-10-11,3,DK,quantile,0.15,89.38166865694053
2026-09-30,ILI incidence,2026-10-11,3,DK,quantile,0.2,94.37732196905722
2026-09-30,ILI incidence,2026-10-11,3,DK,quantile,0.25,98.38972022730671
2026-09-30,ILI incidence,2026-10-11,3,DK,quantile,0.3,102.13663035881916
2026-09-30,ILI incidence,2026-10-11,3,DK,quantile,0.35,107.372802254439
2026-09-30,ILI incidence,2026-10-11,3,DK,quantile,0.4,110.20805361743226
2026-09-30,ILI incidence,2026-10-11,3,DK,quantile,0.45,115.30137448795428
2026-09-30,ILI incidence,2026-10-11,3,DK,quantile,0.5,119.30580307338413
2026-09-30,ILI incidence,2026-10-11,3,DK,quantile,0.55,124.28493559266379
2026-09-30,ILI incidence,2026-10-11,3,DK,quantile,0.6,128.8617450428489
2026-09-30,ILI incidence,2026-10-11,3,DK,quantile,0.65,133.93029491080816
2026-09-30,ILI incidence,2026-10-11,3,DK,quantile,0.7,140.32671843832773
2026-09-30,ILI incidence,2026-10-11,3,DK,quantile,0.75,147.20229282049638
2026-09-30,ILI incidence,2026-10-11,3,DK,quantile,0.8,153.90026078497527
2026-09-30,ILI incidence,2026-10-11,3,DK,quantile,0.85,161.22338415541202
2026-09-30,ILI incidence,2026-10-11,3,DK,quantile,0.9,176.17369275489125
2026-09-30,ILI incidence,2026-10-11,3,DK,quantile,0.95,192.91835515024684
2026-09-30,ILI incidence,2026-10-11,3,DK,quantile,0.975,208.77395000058667
2026-09-30,ILI incidence,2026-10-11,3,DK,quantile,0.99,231.52193525463358
2026-09-30,ILI incidence,2026-10-18,4,DK,quantile,0.01,67.29490839532284
2026-09-30,ILI incidence,2026-10-18,4,DK,quantile,0.025,74.25124085155072
2026-09-30,ILI incidence,2026-10-18,4,DK,quantile,0.05,80.16303117339571
2026-09-30,ILI incidence,2026-10-18,4,DK,quantile,0.1,86.46772027347951
2026-09-30,ILI incidence,2026-10-18,4,DK,quantile,0.15,91.25733273723341
2026-09-30,ILI incidence,2026-10-18,4,DK,quantile,0.2,95.94745434544035
2026-09-30,ILI incidence,2026-10-18,4,DK,quantile,0.25,99.34955733137731
2026-09-30,ILI incidence,2026-10-18,4,DK,quantile,0.3,103.40226402712784
2026-09-30,ILI incidence,2026-10-18,4,DK,quantile,0.35,107.44124521025944
2026-09-30,ILI incidence,2026-10-18,4,DK,quantile,0.4,111.68455523773423
2026-09-30,ILI incidence,2026-10-18,4,DK,quantile,0.45,115.42007667943976
2026-09-30,ILI incidence,2026-10-18,4,DK,quantile,0.5,119.44146173015395
2026-09-30,ILI incidence,2026-10-18,4,DK,quantile,0.55,125.96011482683377
2026-09-30,ILI incidence,2026-10-18,4,DK,quantile,0.6,130.93338834079307
2026-09-30,ILI incidence,2026-10-18,4,DK,quantile,0.65,136.27848528580168
2026-09-30,ILI incidence,2026-10-18,4,DK,quantile,0.7,143.2904450853543
2026-09-30,ILI incidence,2026-10-18,4,DK,quantile,0.75,150.15151624323943
2026-09-30,ILI incidence,2026-10-18,4,DK,quantile,0.8,156.9896403689345
2026-09-30,ILI incidence,2026-10-18,4,DK,quantile,0.85,165.35173117423454
2026-09-30,ILI incidence,2026-10-18,4,DK,quantile,0.9,176.5047674793857
2026-09-30,ILI incidence,2026-10-18,4,DK,quantile,0.95,196.4465367046541
2026-09-30,ILI incidence,2026-10-18,4,DK,quantile,0.975,211.42769655513902
2026-09-30,ILI incidence,2026-10-18,4,DK,quantile,0.99,233.06500034350523
2026-09-30,ILI incidence,2026-09-27,1,EE,quantile,0.01,79.51326337323668
2026-09-30,ILI incidence,2026-09-27,1,EE,quantile,0.025,90.14183889484809
2026-09-30,ILI incidence,2026-09-27,1,EE,quantile,0.05,99.89846638114108
2026-09-30,ILI incidence,2026-09-27,1,EE,quantile,0.1,114.50630783348487
2026-09-30,ILI incidence,2026-09-27,1,EE,quantile,0.15,125.79811608040353
2026-09-30,ILI incidence,2026-09-27,1,EE,quantile,0.2,133.56183320060117
2026-09-30,ILI incidence,2026-09-27,1,EE,quantile,0.25,142.0802013808751
2026-09-30,ILI incidence,2026-09-27,1,EE,quantile,0.3,150.1885612517598
2026-09-30,ILI incidence,2026-09-27,1,EE,quantile,0.35,158.11178506040477
2026-09-30,ILI incidence,2026-09-27,1,EE,quantile,0.4,166.01375425685075
2026-09-30,ILI incidence,2026-09-27,1,EE,quantile,0.45,173.2881903196685
2026-09-30,ILI incidence,2026-09-27,1,EE,quantile,0.5,180.11889055906806
2026-09-30,ILI incidence,2026-09-27,1,EE,quantile,0.55,189.10028377303064
2026-09-30,ILI incidence,2026-09-27,1,EE,quantile,0.6,198.68268066121902
2026-09-30,ILI incidence,2026-09-27,1,EE,quantile,0.65,208.6901183351921
2026-09-30,ILI incidence,2026-09-27,1,EE,quantile,0.7,219.51437284238764
2026-09-30,ILI incidence,2026-09-27,1,EE,quantile,0.75,231.823134074437
2026-09-30,ILI incidence,2026-09-27,1,EE,quantile,0.8,246.33971544708606
2026-09-30,ILI incidence,2026-09-27,1,EE,quantile,0.85,264.4068327343738
2026-09-30,ILI incidence,2026-09-27,1,EE,quantile,0.9,289.02593784267134
2026-09-30,ILI incidence,2026-09-27,1,EE,quantile,0.95,329.7777651360183
2026-09-30,ILI incidence,2026-09-27,1,EE,quantile,0.975,363.1171344567007
2026-09-30,ILI incidence,2026-09-27,1,EE,quantile,0.99,405.80348050120887
2026-09-30,ILI incidence,2026-10-04,2,EE,quantile,0.01,76.86021268393155
2026-09-30,ILI incidence,2026-10-04,2,EE,quantile,0.025,89.58034894857354
2026-09-30,ILI incidence,2026-10-04,2,EE,quantile,0.05,98.90709665097378
2026-09-30,ILI incidence,2026-10-04,2,EE,quantile,0.1,113.82862725149442
2026-09-30,ILI incidence,2026-10-04,2,EE,quantile,0.15,125.48506384719282
2026-09-30,ILI incidence,2026-10-04,2,EE,quantile,0.2,135.09739605231238
2026-09-30,ILI incidence,2026-10-04,2,EE,quantile,0.25,145.80071557344306
2026-09-30,ILI incidence,2026-10-04,2,EE,quantile,0.3,155.15399519175298
2026-09-30,ILI incidence,2026-10-04,2,EE,quantile,0.35,164.35235826310944
2026-09-30,ILI incidence,2026-10-04,2,EE,quantile,0.4,173.58122382004672
2026-09-30,ILI incidence,2026-10-04,2,EE,quantile,0.45,183.00022956876356
2026-09-30,ILI incidence,2026-10-04,2,EE,quantile,0.5,192.58974864814547
2026-09-30,ILI incidence,2026-10-04,2,EE,quantile,0.55,198.80166660386772
2026-09-30,ILI incidence,2026-10-04,2,EE,quantile,0.6,205.80649509033196
2026-09-30,ILI incidence,2026-10-04,2,EE,quantile,0.65,217.44286599373072
2026-09-30,ILI incidence,2026-10-04,2,EE,quantile,0.7,227.9719780150619
2026-09-30,ILI incidence,2026-10-04,2,EE,quantile,0.75,241.96149356210637
2026-09-30,ILI incidence,2026-10-04,2,EE,quantile,0.8,258.02894603750906
2026-09-30,ILI incidence,2026-10-04,2,EE,quantile,0.85,278.10347289347715
2026-09-30,ILI incidence,2026-10-04,2,EE,quantile,0.9,307.57183416877984
2026-09-30,ILI incidence,2026-10-04,2,EE,quantile,0.95,358.61226293129334
2026-09-30,ILI incidence,2026-10-04,2,EE,quantile,0.975,409.67136977309633
2026-09-30,ILI incidence,2026-10-04,2,EE,quantile,0.99,478.22179420345634
2026-09-30,ILI incidence,2026-10-11,3,EE,quantile,0.01,80.08073404422515
2026-09-30,ILI incidence,2026-10-11,3,EE,quantile,0.025,88.58020075941687
2026-09-30,ILI incidence,2026-10-11,3,EE,quantile,0.05,100.41487836627255
2026-09-30,ILI incidence,2026-10-11,3,EE,quantile,0.1,114.55905693268149
2026-09-30,ILI incidence,2026-10-11,3,EE,quantile,0.15,124.09369835755186
2026-09-30,ILI incidence,2026-10-11,3,EE,quantile,0.2,135.52425102192643
2026-09-30,ILI incidence,2026-10-11,3,EE,quantile,0.25,146.20157634476104
2026-09-30,ILI incidence,2026-10-11,3,EE,quantile,0.3,156.6593308038827
2026-09-30,ILI incidence,2026-10-11,3,EE,quantile,0.35,163.8150821174537
2026-09-30,ILI incidence,2026-10-11,3,EE,quantile,0.4,173.97290988488328
2026-09-30,ILI incidence,2026-10-11,3,EE,quantile,0.45,182.75637353183402
2026-09-30,ILI incidence,2026-10-11,3,EE,quantile,0.5,192.82142017155297
2026-09-30,ILI incidence,2026-10-11,3,EE,quantile,0.55,202.65363366522163
2026-09-30,ILI incidence,2026-10-11,3,EE,quantile,0.6,213.14831195414484
2026-09-30,ILI incidence,2026-10-11,3,EE,quantile,0.65,224.3739112097958
2026-09-30,ILI incidence,2026-10-11,3,EE,quantile,0.7,231.62417736299417
2026-09-30,ILI incidence,2026-10-11,3,EE,quantile,0.75,243.990255408994
2026-09-30,ILI incidence,2026-10-11,3,EE,quantile,0.8,259.3034290808111
2026-09-30,ILI incidence,2026-10-11,3,EE,quantile,0.85,280.5499519169751
2026-09-30,ILI incidence,2026-10-11,3,EE,quantile,0.9,317.4835480781442
2026-09-30,ILI incidence,2026-10-11,3,EE,quantile,0.95,359.3776261989717
2026-09-30,ILI incidence,2026-10-11,3,EE,quantile,0.975,408.11973397704844
2026-09-30,ILI incidence,2026-10-11,3,EE,quantile,0.99,473.77307208340073
2026-09-30,ILI incidence,2026-10-18,4,EE,quantile,0.01,79.49206722932193
2026-09-30,ILI incidence,2026-10-18,4,EE,quantile,0.025,89.72415362963525
2026-09-30,ILI incidence,2026-10-18,4,EE,quantile,0.05,99.54070318919975
2026-09-30,ILI incidence,2026-10-18,4,EE,quantile,0.1,111.58845422381283
2026-09-30,ILI incidence,2026-10-18,4,EE,quantile,0.15,123.21363967259222
2026-09-30,ILI incidence,2026-10-18,4,EE,quantile,0.2,131.6559743974483
2026-09-30,ILI incidence,2026-10-18,4,EE,quantile,0.25,140.3351270761832
2026-09-30,ILI incidence,2026-10-18,4,EE,quantile,0.3,151.05712265091395
2026-09-30,ILI incidence,2026-10-18,4,EE,quantile,0.35,160.2172384590124
2026-09-30,ILI incidence,2026-10-18,4,EE,quantile,0.4,170.1803562203859
2026-09-30,ILI incidence,2026-10-18,4,EE,quantile,0.45,182.77446276964417
2026-09-30,ILI incidence,2026-10-18,4,EE,quantile,0.5,192.62062780032062
2026-09-30,ILI incidence,2026-10-18,4,EE,quantile,0.55,199.35703217031386
2026-09-30,ILI incidence,2026-10-18,4,EE,quantile,0.6,207.39275434405477
2026-09-30,ILI incidence,2026-10-18,4,EE,quantile,0.65,218.215515688155
2026-09-30,ILI incidence,2026-10-18,4,EE,quantile,0.7,228.26269867061487
2026-09-30,ILI incidence,2026-10-18,4,EE,quantile,0.75,236.48754437396474
2026-09-30,ILI incidence,2026-10-18,4,EE,quantile,0.8,252.93557946108373
2026-09-30,ILI incidence,2026-10-18,4,EE,quantile,0.85,269.9296747459102
2026-09-30,ILI incidence,2026-10-18,4,EE,quantile,0.9,295.29515441578116
2026-09-30,ILI incidence,2026-10-18,4,EE,quantile,0.95,337.3239486511568
2026-09-30,ILI incidence,2026-10-18,4,EE,quantile,0.975,378.57644669564775
2026-09-30,ILI incidence,2026-10-18,4,EE,quantile,0.99,432.9064720249706
2026-09-30,ILI incidence,2026-09-27,1,ES,quantile,0.01,9.91602768501635
2026-09-30,ILI incidence,2026-09-27,1,ES,quantile,0.025,10.80563519393558
2026-09-30,ILI incidence,2026-09-27,1,ES,quantile,0.05,11.661096702320572
2026-09-30,ILI incidence,2026-09-27,1,ES,quantile,0.1,12.724602906271588
2026-09-30,ILI incidence,2026-09-27,1,ES,quantile,0.15,13.465554577519846
2026-09-30,ILI incidence,2026-09-27,1,ES,quantile,0.2,14.022506725084844
2026-09-30,ILI incidence,2026-09-27,1,ES,quantile,0.25,14.51738108030919
2026-09-30,ILI incidence,2026-09-27,1,ES,quantile,0.3,15.00277527148237
2026-09-30,ILI incidence,2026-09-27,1,ES,quantile,0.35,15.490786000212328
2026-09-30,ILI incidence,2026-09-27,1,ES,quantile,0.4,15.966897206639434
2026-09-30,ILI incidence,2026-09-27,1,ES,quantile,0.45,16.442069722846355
2026-09-30,ILI incidence,2026-09-27,1,ES,quantile,0.5,16.92195410160629
2026-09-30,ILI incidence,2026-09-27,1,ES,quantile,0.55,17.41504155893644
2026-09-30,ILI incidence,2026-09-27,1,ES,quantile,0.6,17.929970641836498
2026-09-30,ILI incidence,2026-09-27,1,ES,quantile,0.65,18.477327449155357
2026-09-30,ILI incidence,2026-09-27,1,ES,quantile,0.7,19.071295970297626
2026-09-30,ILI incidence,2026-09-27,1,ES,quantile,0.75,19.732618373295523
2026-09-30,ILI incidence,2026-09-27,1,ES,quantile,0.8,20.494705378345245
2026-09-30,ILI incidence,2026-09-27,1,ES,quantile,0.85,21.418438250904778
2026-09-30,ILI incidence,2026-09-27,1,ES,quantile,0.9,22.637309454349662
2026-09-30,ILI incidence,2026-09-27,1,ES,quantile,0.95,24.56681714560664
2026-09-30,ILI incidence,2026-09-27,1,ES,quantile,0.975,26.367478766153972
2026-09-30,ILI incidence,2026-09-27,1,ES,quantile,0.99,28.41709630865848
2026-09-30,ILI incidence,2026-10-04,2,ES,quantile,0.01,9.690946774791168
2026-09-30,ILI incidence,2026-10-04,2,ES,quantile,0.025,10.953722433887897
2026-09-30,ILI incidence,2026-10-04,2,ES,quantile,0.05,12.158447804097513
2026-09-30,ILI incidence,2026-10-04,2,ES,quantile,0.1,13.652292711890222
2026-09-30,ILI incidence,2026-10-04,2,ES,quantile,0.15,14.628343626719467
2026-09-30,ILI incidence,2026-10-04,2,ES,quantile,0.2,15.715477498538597
2026-09-30,ILI incidence,2026-10-04,2,ES,quantile,0.25,16.716610120510044
2026-09-30,ILI incidence,2026-10-04,2,ES,quantile,0.3,17.699419087102427
2026-09-30,ILI incidence,2026-10-04,2,ES,quantile,0.35,18.696005893657283
2026-09-30,ILI incidence,2026-10-04,2,ES,quantile,0.4,19.6532367730346
2026-09-30,ILI incidence,2026-10-04,2,ES,quantile,0.45,20.623624800379663
2026-09-30,ILI incidence,2026-10-04,2,ES,quantile,0.5,21.488553209317658
2026-09-30,ILI incidence,2026-10-04,2,ES,quantile,0.55,22.49451223717402
2026-09-30,ILI incidence,2026-10-04,2,ES,quantile,0.6,23.57696862544704
2026-09-30,ILI incidence,2026-10-04,2,ES,quantile,0.65,24.748211780794755
2026-09-30,ILI incidence,2026-10-04,2,ES,quantile,0.7,26.042983147774404
2026-09-30,ILI incidence,2026-10-04,2,ES,quantile,0.75,27.51338427549319
2026-09-30,ILI incidence,2026-10-04,2,ES,quantile,0.8,29.2450192580138
2026-09-30,ILI incidence,2026-10-04,2,ES,quantile,0.85,31.396622444723548
2026-09-30,ILI incidence,2026-10-04,2,ES,quantile,0.9,32.99602993517649
2026-09-30,ILI incidence,2026-10-04,2,ES,quantile,0.95,37.60903884886784
2026-09-30,ILI incidence,2026-10-04,2,ES,quantile,0.975,41.26999255663442
2026-09-30,ILI incidence,2026-10-04,2,ES,quantile,0.99,47.60765003765627
2026-09-30,ILI incidence,2026-10-11,3,ES,quantile,0.01,7.64615031799531
2026-09-30,ILI incidence,2026-10-11,3,ES,quantile,0.025,9.276300268532529
2026-09-30,ILI incidence,2026-10-11,3,ES,quantile,0.05,10.922105686199963
2026-09-30,ILI incidence,2026-10-11,3,ES,quantile,0.1,13.149333828305432
2026-09-30,ILI incidence,2026-10-11,3,ES,quantile,0.15,14.782506690693697
2026-09-30,ILI incidence,2026-10-11,3,ES,quantile,0.2,16.410370347830508
2026-09-30,ILI incidence,2026-10-11,3,ES,quantile,0.25,17.837651914839775
2026-09-30,ILI incidence,2026-10-11,3,ES,quantile,0.3,19.06000860812331
2026-09-30,ILI incidence,2026-10-11,3,ES,quantile,0.35,20.376919286130057
2026-09-30,ILI incidence,2026-10-11,3,ES,quantile,0.4,21.856881185799672
2026-09-30,ILI incidence,2026-10-11,3,ES,quantile,0.45,23.400276259056263
2026-09-30,ILI incidence,2026-10-11,3,ES,quantile,0.5,24.88945104616301
2026-09-30,ILI incidence,2026-10-11,3,ES,quantile,0.55,26.469511752880255
2026-09-30,ILI incidence,2026-10-11,3,ES,quantile,0.6,28.173834801736852
2026-09-30,ILI incidence,2026-10-11,3,ES,quantile,0.65,30.04659310283797
2026-09-30,ILI incidence,2026-10-11,3,ES,quantile,0.7,32.327951749885926
2026-09-30,ILI incidence,2026-10-11,3,ES,quantile,0.75,34.581062783289674
2026-09-30,ILI incidence,2026-10-11,3,ES,quantile,0.8,37.49795622269416
2026-09-30,ILI incidence,2026-10-11,3,ES,quantile,0.85,41.201104373335426
2026-09-30,ILI incidence,2026-10-11,3,ES,quantile,0.9,46.68522779198092
2026-09-30,ILI incidence,2026-10-11,3,ES,quantile,0.95,56.48076987439236
2026-09-30,ILI incidence,2026-10-11,3,ES,quantile,0.975,65.56876329742012
2026-09-30,ILI incidence,2026-10-11,3,ES,quantile,0.99,77.9571045206282
2026-09-30,ILI incidence,2026-10-18,4,ES,quantile,0.01,7.099300008671265
2026-09-30,ILI incidence,2026-10-18,4,ES,quantile,0.025,8.716469969592806
2026-09-30,ILI incidence,2026-10-18,4,ES,quantile,0.05,10.50685059326793
2026-09-30,ILI incidence,2026-10-18,4,ES,quantile,0.1,13.093462697994685
2026-09-30,ILI incidence,2026-10-18,4,ES,quantile,0.15,15.023946810073086
2026-09-30,ILI incidence,2026-10-18,4,ES,quantile,0.2,16.668457782937423
2026-09-30,ILI incidence,2026-10-18,4,ES,quantile,0.25,18.210652871090822
2026-09-30,ILI incidence,2026-10-18,4,ES,quantile,0.3,19.70998069640897
2026-09-30,ILI incidence,2026-10-18,4,ES,quantile,0.35,21.203593423935217
2026-09-30,ILI incidence,2026-10-18,4,ES,quantile,0.4,22.78034689556346
2026-09-30,ILI incidence,2026-10-18,4,ES,quantile,0.45,24.286416788972534
2026-09-30,ILI incidence,2026-10-18,4,ES,quantile,0.5,25.949445249689585
2026-09-30,ILI incidence,2026-10-18,4,ES,quantile,0.55,27.76743743265831
2026-09-30,ILI incidence,2026-10-18,4,ES,quantile,0.6,29.570627860751276
2026-09-30,ILI incidence,2026-10-18,4,ES,quantile,0.65,31.6589750389299
2026-09-30,ILI incidence,2026-10-18,4,ES,quantile,0.7,34.268148886736576
2026-09-30,ILI incidence,2026-10-18,4,ES,quantile,0.75,37.364273910918065
2026-09-30,ILI incidence,2026-10-18,4,ES,quantile,0.8,40.872822144065964
2026-09-30,ILI incidence,2026-10-18,4,ES,quantile,0.85,45.36945508159526
2026-09-30,ILI incidence,2026-10-18,4,ES,quantile,0.9,52.069186702564096
2026-09-30,ILI incidence,2026-10-18,4,ES,quantile,0.95,63.66166003049979
2026-09-30,ILI incidence,2026-10-18,4,ES,quantile,0.975,76.21693926852397
2026-09-30,ILI incidence,2026-10-18,4,ES,quantile,0.99,93.55235531380723
2026-09-30,ILI incidence,2026-09-27,1,GB-ENG,quantile,0.01,1.8519943600738573
2026-09-30,ILI incidence,2026-09-27,1,GB-ENG,quantile,0.025,2.332084705953518
2026-09-30,ILI incidence,2026-09-27,1,GB-ENG,quantile,0.05,2.730532941368818
2026-09-30,ILI incidence,2026-09-27,1,GB-ENG,quantile,0.1,3.1687001938199786
2026-09-30,ILI incidence,2026-09-27,1,GB-ENG,quantile,0.15,3.6423906024314463
2026-09-30,ILI incidence,2026-09-27,1,GB-ENG,quantile,0.2,3.9329215451906667
2026-09-30,ILI incidence,2026-09-27,1,GB-ENG,quantile,0.25,4.258737823183679
2026-09-30,ILI incidence,2026-09-27,1,GB-ENG,quantile,0.3,4.603923907945058
2026-09-30,ILI incidence,2026-09-27,1,GB-ENG,quantile,0.35,4.939646465817394
2026-09-30,ILI incidence,2026-09-27,1,GB-ENG,quantile,0.4,5.276792976259582
2026-09-30,ILI incidence,2026-09-27,1,GB-ENG,quantile,0.45,5.598529944258621
2026-09-30,ILI incidence,2026-09-27,1,GB-ENG,quantile,0.5,5.864433956410829
2026-09-30,ILI incidence,2026-09-27,1,GB-ENG,quantile,0.55,6.208634774025651
2026-09-30,ILI incidence,2026-09-27,1,GB-ENG,quantile,0.6,6.606835980837683
2026-09-30,ILI incidence,2026-09-27,1,GB-ENG,quantile,0.65,7.019182684920124
2026-09-30,ILI incidence,2026-09-27,1,GB-ENG,quantile,0.7,7.4338706210302155
2026-09-30,ILI incidence,2026-09-27,1,GB-ENG,quantile,0.75,7.943974527290091
2026-09-30,ILI incidence,2026-09-27,1,GB-ENG,quantile,0.8,8.603254644956362
2026-09-30,ILI incidence,2026-09-27,1,GB-ENG,quantile,0.85,9.415774129898601
2026-09-30,ILI incidence,2026-09-27,1,GB-ENG,quantile,0.9,10.399537466365695
2026-09-30,ILI incidence,2026-09-27,1,GB-ENG,quantile,0.95,12.198198674988483
2026-09-30,ILI incidence,2026-09-27,1,GB-ENG,quantile,0.975,13.987407763289884
2026-09-30,ILI incidence,2026-09-27,1,GB-ENG,quantile,0.99,16.258110457492517
2026-09-30,ILI incidence,2026-10-04,2,GB-ENG,quantile,0.01,1.9862820817593794
2026-09-30,ILI incidence,2026-10-04,2,GB-ENG,quantile,0.025,2.4620226855325074
2026-09-30,ILI incidence,2026-10-04,2,GB-ENG,quantile,0.05,2.90901872011366
2026-09-30,ILI incidence,2026-10-04,2,GB-ENG,quantile,0.1,3.494883558571965
2026-09-30,ILI incidence,2026-10-04,2,GB-ENG,quantile,0.15,3.9952802285526916
2026-09-30,ILI incidence,2026-10-04,2,GB-ENG,quantile,0.2,4.349865355860929
2026-09-30,ILI incidence,2026-10-04,2,GB-ENG,quantile,0.25,4.740292412839812
2026-09-30,ILI incidence,2026-10-04,2,GB-ENG,quantile,0.3,5.116910152500297
2026-09-30,ILI incidence,2026-10-04,2,GB-ENG,quantile,0.35,5.486361905422088
2026-09-30,ILI incidence,2026-10-04,2,GB-ENG,quantile,0.4,5.831828350600661
2026-09-30,ILI incidence,2026-10-04,2,GB-ENG,quantile,0.45,6.1835739066091815
2026-09-30,ILI incidence,2026-10-04,2,GB-ENG,quantile,0.5,6.547419580525098
2026-09-30,ILI incidence,2026-10-04,2,GB-ENG,quantile,0.55,6.9296939190790345
2026-09-30,ILI incidence,2026-10-04,2,GB-ENG,quantile,0.6,7.337964509820472
2026-09-30,ILI incidence,2026-10-04,2,GB-ENG,quantile,0.65,7.7820481118817355
2026-09-30,ILI incidence,2026-10-04,2,GB-ENG,quantile,0.7,8.27566635953918
2026-09-30,ILI incidence,2026-10-04,2,GB-ENG,quantile,0.75,8.839530021753859
2026-09-30,ILI incidence,2026-10-04,2,GB-ENG,quantile,0.8,9.50784662452304
2026-09-30,ILI incidence,2026-10-04,2,GB-ENG,quantile,0.85,10.34435598760437
2026-09-30,ILI incidence,2026-10-04,2,GB-ENG,quantile,0.9,11.492122168476923
2026-09-30,ILI incidence,2026-10-04,2,GB-ENG,quantile,0.95,13.410321761599524
2026-09-30,ILI incidence,2026-10-04,2,GB-ENG,quantile,0.975,15.311049985958814
2026-09-30,ILI incidence,2026-10-04,2,GB-ENG,quantile,0.99,17.838469954120743
2026-09-30,ILI incidence,2026-10-11,3,GB-ENG,quantile,0.01,1.831061743793775
2026-09-30,ILI incidence,2026-10-11,3,GB-ENG,quantile,0.025,2.342191143754019
2026-09-30,ILI incidence,2026-10-11,3,GB-ENG,quantile,0.05,2.854087346852021
2026-09-30,ILI incidence,2026-10-11,3,GB-ENG,quantile,0.1,3.488319142955586
2026-09-30,ILI incidence,2026-10-11,3,GB-ENG,quantile,0.15,3.972583280840979
2026-09-30,ILI incidence,2026-10-11,3,GB-ENG,quantile,0.2,4.324067528680759
2026-09-30,ILI incidence,2026-10-11,3,GB-ENG,quantile,0.25,4.76477820279468
2026-09-30,ILI incidence,2026-10-11,3,GB-ENG,quantile,0.3,5.236804927815545
2026-09-30,ILI incidence,2026-10-11,3,GB-ENG,quantile,0.35,5.712973135198417
2026-09-30,ILI incidence,2026-10-11,3,GB-ENG,quantile,0.4,6.158583276465779
2026-09-30,ILI incidence,2026-10-11,3,GB-ENG,quantile,0.45,6.529873095958024
2026-09-30,ILI incidence,2026-10-11,3,GB-ENG,quantile,0.5,6.914073068994137
2026-09-30,ILI incidence,2026-10-11,3,GB-ENG,quantile,0.55,7.317876243491931
2026-09-30,ILI incidence,2026-10-11,3,GB-ENG,quantile,0.6,7.723707626530023
2026-09-30,ILI incidence,2026-10-11,3,GB-ENG,quantile,0.65,8.199039792548028
2026-09-30,ILI incidence,2026-10-11,3,GB-ENG,quantile,0.7,8.602394125944425
2026-09-30,ILI incidence,2026-10-11,3,GB-ENG,quantile,0.75,9.10006225856923
2026-09-30,ILI incidence,2026-10-11,3,GB-ENG,quantile,0.8,9.799047545119633
2026-09-30,ILI incidence,2026-10-11,3,GB-ENG,quantile,0.85,10.60518350817523
2026-09-30,ILI incidence,2026-10-11,3,GB-ENG,quantile,0.9,11.933661769502008
2026-09-30,ILI incidence,2026-10-11,3,GB-ENG,quantile,0.95,14.163779001388049
2026-09-30,ILI incidence,2026-10-11,3,GB-ENG,quantile,0.975,16.19858669443661
2026-09-30,ILI incidence,2026-10-11,3,GB-ENG,quantile,0.99,18.884141472248885
2026-09-30,ILI incidence,2026-10-18,4,GB-ENG,quantile,0.01,1.8252446063102514
2026-09-30,ILI incidence,2026-10-18,4,GB-ENG,quantile,0.025,2.201568739788312
2026-09-30,ILI incidence,2026-10-18,4,GB-ENG,quantile,0.05,2.7926695368041363
2026-09-30,ILI incidence,2026-10-18,4,GB-ENG,quantile,0.1,3.384727490124095
2026-09-30,ILI incidence,2026-10-18,4,GB-ENG,quantile,0.15,3.8845716910743873
2026-09-30,ILI incidence,2026-10-18,4,GB-ENG,quantile,0.2,4.286165717890853
2026-09-30,ILI incidence,2026-10-18,4,GB-ENG,quantile,0.25,4.773023447894731
2026-09-30,ILI incidence,2026-10-18,4,GB-ENG,quantile,0.3,5.192230077339332
2026-09-30,ILI incidence,2026-10-18,4,GB-ENG,quantile,0.35,5.532345636299228
2026-09-30,ILI incidence,2026-10-18,4,GB-ENG,quantile,0.4,5.891423420157596
2026-09-30,ILI incidence,2026-10-18,4,GB-ENG,quantile,0.45,6.257611041598922
2026-09-30,ILI incidence,2026-10-18,4,GB-ENG,quantile,0.5,6.636985337002737
2026-09-30,ILI incidence,2026-10-18,4,GB-ENG,quantile,0.55,7.109799215628218
2026-09-30,ILI incidence,2026-10-18,4,GB-ENG,quantile,0.6,7.529306443845879
2026-09-30,ILI incidence,2026-10-18,4,GB-ENG,quantile,0.65,7.94642215767111
2026-09-30,ILI incidence,2026-10-18,4,GB-ENG,quantile,0.7,8.446392438619537
2026-09-30,ILI incidence,2026-10-18,4,GB-ENG,quantile,0.75,9.039125135018473
2026-09-30,ILI incidence,2026-10-18,4,GB-ENG,quantile,0.8,9.743030199605798
2026-09-30,ILI incidence,2026-10-18,4,GB-ENG,quantile,0.85,10.759042903210876
2026-09-30,ILI incidence,2026-10-18,4,GB-ENG,quantile,0.9,12.049823070120283
2026-09-30,ILI incidence,2026-10-18,4,GB-ENG,quantile,0.95,13.965883652240839
2026-09-30,ILI incidence,2026-10-18,4,GB-ENG,quantile,0.975,15.906774634760332
2026-09-30,ILI incidence,2026-10-18,4,GB-ENG,quantile,0.99,18.67858152426108
2026-09-30,ILI incidence,2026-09-27,1,GB-NIR,quantile,0.01,2.4505940623875366
2026-09-30,ILI incidence,2026-09-27,1,GB-NIR,quantile,0.025,3.0116372131172104
2026-09-30,ILI incidence,2026-09-27,1,GB-NIR,quantile,0.05,3.51376890848403
2026-09-30,ILI incidence,2026-09-27,1,GB-NIR,quantile,0.1,4.141876090596603
2026-09-30,ILI incidence,2026-09-27,1,GB-NIR,quantile,0.15,4.689619752646808
2026-09-30,ILI incidence,2026-09-27,1,GB-NIR,quantile,0.2,5.099931094964441
2026-09-30,ILI incidence,2026-09-27,1,GB-NIR,quantile,0.25,5.549724224345363
2026-09-30,ILI incidence,2026-09-27,1,GB-NIR,quantile,0.3,5.917851828543627
2026-09-30,ILI incidence,2026-09-27,1,GB-NIR,quantile,0.35,6.277421684780996
2026-09-30,ILI incidence,2026-09-27,1,GB-NIR,quantile,0.4,6.635884537159901
2026-09-30,ILI incidence,2026-09-27,1,GB-NIR,quantile,0.45,6.999498250934302
2026-09-30,ILI incidence,2026-09-27,1,GB-NIR,quantile,0.5,7.3865857436488325
2026-09-30,ILI incidence,2026-09-27,1,GB-NIR,quantile,0.55,7.830781457424946
2026-09-30,ILI incidence,2026-09-27,1,GB-NIR,quantile,0.6,8.394754619091618
2026-09-30,ILI incidence,2026-09-27,1,GB-NIR,quantile,0.65,9.031349413346952
2026-09-30,ILI incidence,2026-09-27,1,GB-NIR,quantile,0.7,9.748963235641556
2026-09-30,ILI incidence,2026-09-27,1,GB-NIR,quantile,0.75,10.312778065658877
2026-09-30,ILI incidence,2026-09-27,1,GB-NIR,quantile,0.8,10.958725135418106
2026-09-30,ILI incidence,2026-09-27,1,GB-NIR,quantile,0.85,11.836646964752301
2026-09-30,ILI incidence,2026-09-27,1,GB-NIR,quantile,0.9,13.260901620798439
2026-09-30,ILI incidence,2026-09-27,1,GB-NIR,quantile,0.95,15.34603735859239
2026-09-30,ILI incidence,2026-09-27,1,GB-NIR,quantile,0.975,17.71064748510635
2026-09-30,ILI incidence,2026-09-27,1,GB-NIR,quantile,0.99,20.85506170018382
2026-09-30,ILI incidence,2026-10-04,2,GB-NIR,quantile,0.01,2.2003412414173957
2026-09-30,ILI incidence,2026-10-04,2,GB-NIR,quantile,0.025,2.752924602950848
2026-09-30,ILI incidence,2026-10-04,2,GB-NIR,quantile,0.05,3.285873592154645
2026-09-30,ILI incidence,2026-10-04,2,GB-NIR,quantile,0.1,4.084498805013649
2026-09-30,ILI incidence,2026-10-04,2,GB-NIR,quantile,0.15,4.757857164971572
2026-09-30,ILI incidence,2026-10-04,2,GB-NIR,quantile,0.2,5.310015987039497
2026-09-30,ILI incidence,2026-10-04,2,GB-NIR,quantile,0.25,5.783266278958011
2026-09-30,ILI incidence,2026-10-04,2,GB-NIR,quantile,0.3,6.232153301551405
2026-09-30,ILI incidence,2026-10-04,2,GB-NIR,quantile,0.35,6.656878480285845
2026-09-30,ILI incidence,2026-10-04,2,GB-NIR,quantile,0.4,7.0829421674153625
2026-09-30,ILI incidence,2026-10-04,2,GB-NIR,quantile,0.45,7.517715590196228
2026-09-30,ILI incidence,2026-10-04,2,GB-NIR,quantile,0.5,7.968422245166656
2026-09-30,ILI incidence,2026-10-04,2,GB-NIR,quantile,0.55,8.465480045321163
2026-09-30,ILI incidence,2026-10-04,2,GB-NIR,quantile,0.6,9.072829787597286
2026-09-30,ILI incidence,2026-10-04,2,GB-NIR,quantile,0.65,9.78297482486984
2026-09-30,ILI incidence,2026-10-04,2,GB-NIR,quantile,0.7,10.546763853249967
2026-09-30,ILI incidence,2026-10-04,2,GB-NIR,quantile,0.75,11.308006903216441
2026-09-30,ILI incidence,2026-10-04,2,GB-NIR,quantile,0.8,12.214890182595093
2026-09-30,ILI incidence,2026-10-04,2,GB-NIR,quantile,0.85,13.446155818269666
2026-09-30,ILI incidence,2026-10-04,2,GB-NIR,quantile,0.9,15.187045325183076
2026-09-30,ILI incidence,2026-10-04,2,GB-NIR,quantile,0.95,18.249329072006855
2026-09-30,ILI incidence,2026-10-04,2,GB-NIR,quantile,0.975,21.208700326116578
2026-09-30,ILI incidence,2026-10-04,2,GB-NIR,quantile,0.99,25.290341783768262
2026-09-30,ILI incidence,2026-10-11,3,GB-NIR,quantile,0.01,1.7426260799087134
2026-09-30,ILI incidence,2026-10-11,3,GB-NIR,quantile,0.025,2.3665961862684872
2026-09-30,ILI incidence,2026-10-11,3,GB-NIR,quantile,0.05,3.015355426133229
2026-09-30,ILI incidence,2026-10-11,3,GB-NIR,quantile,0.1,3.920191731544918
2026-09-30,ILI incidence,2026-10-11,3,GB-NIR,quantile,0.15,4.625856409101704
2026-09-30,ILI incidence,2026-10-11,3,GB-NIR,quantile,0.2,5.248292217408769
2026-09-30,ILI incidence,2026-10-11,3,GB-NIR,quantile,0.25,5.836890770821268
2026-09-30,ILI incidence,2026-10-11,3,GB-NIR,quantile,0.3,6.412577269407109
2026-09-30,ILI incidence,2026-10-11,3,GB-NIR,quantile,0.35,6.989220902171451
2026-09-30,ILI incidence,2026-10-11,3,GB-NIR,quantile,0.4,7.469712691367114
2026-09-30,ILI incidence,2026-10-11,3,GB-NIR,quantile,0.45,8.00622286870037
2026-09-30,ILI incidence,2026-10-11,3,GB-NIR,quantile,0.5,8.607425864213731
2026-09-30,ILI incidence,2026-10-11,3,GB-NIR,quantile,0.55,9.254420407274377
2026-09-30,ILI incidence,2026-10-11,3,GB-NIR,quantile,0.6,9.957020129947523
2026-09-30,ILI incidence,2026-10-11,3,GB-NIR,quantile,0.65,10.733842641839848
2026-09-30,ILI incidence,2026-10-11,3,GB-NIR,quantile,0.7,11.61871617858312
2026-09-30,ILI incidence,2026-10-11,3,GB-NIR,quantile,0.75,12.71873374457353
2026-09-30,ILI incidence,2026-10-11,3,GB-NIR,quantile,0.8,14.06513737972051
2026-09-30,ILI incidence,2026-10-11,3,GB-NIR,quantile,0.85,15.80220221396639
2026-09-30,ILI incidence,2026-10-11,3,GB-NIR,quantile,0.9,18.27514094019152
2026-09-30,ILI incidence,2026-10-11,3,GB-NIR,quantile,0.95,22.505727499474645
2026-09-30,ILI incidence,2026-10-11,3,GB-NIR,quantile,0.975,26.99958946981579
2026-09-30,ILI incidence,2026-10-11,3,GB-NIR,quantile,0.99,33.31566896816089
2026-09-30,ILI incidence,2026-10-18,4,GB-NIR,quantile,0.01,1.5903590286644629
2026-09-30,ILI incidence,2026-10-18,4,GB-NIR,quantile,0.025,2.2060367250976984
2026-09-30,ILI incidence,2026-10-18,4,GB-NIR,quantile,0.05,2.839537827830525
2026-09-30,ILI incidence,2026-10-18,4,GB-NIR,quantile,0.1,3.739550958593021
2026-09-30,ILI incidence,2026-10-18,4,GB-NIR,quantile,0.15,4.463156500106644
2026-09-30,ILI incidence,2026-10-18,4,GB-NIR,quantile,0.2,5.116260407216943
2026-09-30,ILI incidence,2026-10-18,4,GB-NIR,quantile,0.25,5.738448549077942
2026-09-30,ILI incidence,2026-10-18,4,GB-NIR,quantile,0.3,6.3370110649035825
2026-09-30,ILI incidence,2026-10-18,4,GB-NIR,quantile,0.35,6.883012421762809
2026-09-30,ILI incidence,2026-10-18,4,GB-NIR,quantile,0.4,7.429804404298186
2026-09-30,ILI incidence,2026-10-18,4,GB-NIR,quantile,0.45,8.0395898128648
2026-09-30,ILI incidence,2026-10-18,4,GB-NIR,quantile,0.5,8.721703545819304
2026-09-30,ILI incidence,2026-10-18,4,GB-NIR,quantile,0.55,9.455288546200455
2026-09-30,ILI incidence,2026-10-18,4,GB-NIR,quantile,0.6,10.257414248849596
2026-09-30,ILI incidence,2026-10-18,4,GB-NIR,quantile,0.65,11.099074815601211
2026-09-30,ILI incidence,2026-10-18,4,GB-NIR,quantile,0.7,12.05010674339993
2026-09-30,ILI incidence,2026-10-18,4,GB-NIR,quantile,0.75,13.160455478366625
2026-09-30,ILI incidence,2026-10-18,4,GB-NIR,quantile,0.8,14.508404927994205
2026-09-30,ILI incidence,2026-10-18,4,GB-NIR,quantile,0.85,16.339471131152894
2026-09-30,ILI incidence,2026-10-18,4,GB-NIR,quantile,0.9,18.98509365785944
2026-09-30,ILI incidence,2026-10-18,4,GB-NIR,quantile,0.95,23.633781847970447
2026-09-30,ILI incidence,2026-10-18,4,GB-NIR,quantile,0.975,28.058910752243314
2026-09-30,ILI incidence,2026-10-18,4,GB-NIR,quantile,0.99,34.7293673103287
2026-09-30,ILI incidence,2026-09-27,1,GB-SCT,quantile,0.01,1.8926221797372285
2026-09-30,ILI incidence,2026-09-27,1,GB-SCT,quantile,0.025,2.1773669881343705
2026-09-30,ILI incidence,2026-09-27,1,GB-SCT,quantile,0.05,2.452129329422169
2026-09-30,ILI incidence,2026-09-27,1,GB-SCT,quantile,0.1,2.8147057556475614
2026-09-30,ILI incidence,2026-09-27,1,GB-SCT,quantile,0.15,3.0949918102359923
2026-09-30,ILI incidence,2026-09-27,1,GB-SCT,quantile,0.2,3.314668496904538
2026-09-30,ILI incidence,2026-09-27,1,GB-SCT,quantile,0.25,3.5304261126468797
2026-09-30,ILI incidence,2026-09-27,1,GB-SCT,quantile,0.3,3.7333626529524713
2026-09-30,ILI incidence,2026-09-27,1,GB-SCT,quantile,0.35,3.92951946016286
2026-09-30,ILI incidence,2026-09-27,1,GB-SCT,quantile,0.4,4.164973694835429
2026-09-30,ILI incidence,2026-09-27,1,GB-SCT,quantile,0.45,4.350744519293032
2026-09-30,ILI incidence,2026-09-27,1,GB-SCT,quantile,0.5,4.524077502310467
2026-09-30,ILI incidence,2026-09-27,1,GB-SCT,quantile,0.55,4.717603781019996
2026-09-30,ILI incidence,2026-09-27,1,GB-SCT,quantile,0.6,4.890795018547543
2026-09-30,ILI incidence,2026-09-27,1,GB-SCT,quantile,0.65,5.115488342880309
2026-09-30,ILI incidence,2026-09-27,1,GB-SCT,quantile,0.7,5.351517451588424
2026-09-30,ILI incidence,2026-09-27,1,GB-SCT,quantile,0.75,5.594727342903776
2026-09-30,ILI incidence,2026-09-27,1,GB-SCT,quantile,0.8,5.882948668631931
2026-09-30,ILI incidence,2026-09-27,1,GB-SCT,quantile,0.85,6.239273360633206
2026-09-30,ILI incidence,2026-09-27,1,GB-SCT,quantile,0.9,6.719619810872656
2026-09-30,ILI incidence,2026-09-27,1,GB-SCT,quantile,0.95,7.510816338265719
2026-09-30,ILI incidence,2026-09-27,1,GB-SCT,quantile,0.975,8.216965358318152
2026-09-30,ILI incidence,2026-09-27,1,GB-SCT,quantile,0.99,9.2821338839098
2026-09-30,ILI incidence,2026-10-04,2,GB-SCT,quantile,0.01,1.6025808673772186
2026-09-30,ILI incidence,2026-10-04,2,GB-SCT,quantile,0.025,1.975847658630675
2026-09-30,ILI incidence,2026-10-04,2,GB-SCT,quantile,0.05,2.339423224625513
2026-09-30,ILI incidence,2026-10-04,2,GB-SCT,quantile,0.1,2.82006062386
2026-09-30,ILI incidence,2026-10-04,2,GB-SCT,quantile,0.15,3.212347949279767
2026-09-30,ILI incidence,2026-10-04,2,GB-SCT,quantile,0.2,3.557758148272496
2026-09-30,ILI incidence,2026-10-04,2,GB-SCT,quantile,0.25,3.8367121996336895
2026-09-30,ILI incidence,2026-10-04,2,GB-SCT,quantile,0.3,4.146606868238786
2026-09-30,ILI incidence,2026-10-04,2,GB-SCT,quantile,0.35,4.451467328992948
2026-09-30,ILI incidence,2026-10-04,2,GB-SCT,quantile,0.4,4.732630359823175
2026-09-30,ILI incidence,2026-10-04,2,GB-SCT,quantile,0.45,4.9309906400396635
2026-09-30,ILI incidence,2026-10-04,2,GB-SCT,quantile,0.5,5.268735775351791
2026-09-30,ILI incidence,2026-10-04,2,GB-SCT,quantile,0.55,5.529651671362275
2026-09-30,ILI incidence,2026-10-04,2,GB-SCT,quantile,0.6,5.788361732485535
2026-09-30,ILI incidence,2026-10-04,2,GB-SCT,quantile,0.65,6.130231458697285
2026-09-30,ILI incidence,2026-10-04,2,GB-SCT,quantile,0.7,6.482013634164291
2026-09-30,ILI incidence,2026-10-04,2,GB-SCT,quantile,0.75,6.923168751351122
2026-09-30,ILI incidence,2026-10-04,2,GB-SCT,quantile,0.8,7.461832375377641
2026-09-30,ILI incidence,2026-10-04,2,GB-SCT,quantile,0.85,8.15001948688645
2026-09-30,ILI incidence,2026-10-04,2,GB-SCT,quantile,0.9,9.143700840074468
2026-09-30,ILI incidence,2026-10-04,2,GB-SCT,quantile,0.95,10.364344921114162
2026-09-30,ILI incidence,2026-10-04,2,GB-SCT,quantile,0.975,11.484165699243803
2026-09-30,ILI incidence,2026-10-04,2,GB-SCT,quantile,0.99,13.123583526286929
2026-09-30,ILI incidence,2026-10-11,3,GB-SCT,quantile,0.01,1.4723293866963285
2026-09-30,ILI incidence,2026-10-11,3,GB-SCT,quantile,0.025,1.8909819758222879
2026-09-30,ILI incidence,2026-10-11,3,GB-SCT,quantile,0.05,2.3071508761391284
2026-09-30,ILI incidence,2026-10-11,3,GB-SCT,quantile,0.1,2.8083203771007064
2026-09-30,ILI incidence,2026-10-11,3,GB-SCT,quantile,0.15,3.1577755496045277
2026-09-30,ILI incidence,2026-10-11,3,GB-SCT,quantile,0.2,3.4651103667238297
2026-09-30,ILI incidence,2026-10-11,3,GB-SCT,quantile,0.25,3.778138113198471
2026-09-30,ILI incidence,2026-10-11,3,GB-SCT,quantile,0.3,4.039917324446799
2026-09-30,ILI incidence,2026-10-11,3,GB-SCT,quantile,0.35,4.293785523757897
2026-09-30,ILI incidence,2026-10-11,3,GB-SCT,quantile,0.4,4.595601238286823
2026-09-30,ILI incidence,2026-10-11,3,GB-SCT,quantile,0.45,4.903979466632951
2026-09-30,ILI incidence,2026-10-11,3,GB-SCT,quantile,0.5,5.253487485796553
2026-09-30,ILI incidence,2026-10-11,3,GB-SCT,quantile,0.55,5.626772134334146
2026-09-30,ILI incidence,2026-10-11,3,GB-SCT,quantile,0.6,5.992544684744919
2026-09-30,ILI incidence,2026-10-11,3,GB-SCT,quantile,0.65,6.368999893224154
2026-09-30,ILI incidence,2026-10-11,3,GB-SCT,quantile,0.7,6.779284980920245
2026-09-30,ILI incidence,2026-10-11,3,GB-SCT,quantile,0.75,7.263114620160926
2026-09-30,ILI incidence,2026-10-11,3,GB-SCT,quantile,0.8,7.864194794198259
2026-09-30,ILI incidence,2026-10-11,3,GB-SCT,quantile,0.85,8.620231824400026
2026-09-30,ILI incidence,2026-10-11,3,GB-SCT,quantile,0.9,9.60167665874086
2026-09-30,ILI incidence,2026-10-11,3,GB-SCT,quantile,0.95,11.096091816973846
2026-09-30,ILI incidence,2026-10-11,3,GB-SCT,quantile,0.975,12.431101824902814
2026-09-30,ILI incidence,2026-10-11,3,GB-SCT,quantile,0.99,14.31279358498732
2026-09-30,ILI incidence,2026-10-18,4,GB-SCT,quantile,0.01,1.616392492028496
2026-09-30,ILI incidence,2026-10-18,4,GB-SCT,quantile,0.025,1.9967203422177442
2026-09-30,ILI incidence,2026-10-18,4,GB-SCT,quantile,0.05,2.351166197741065
2026-09-30,ILI incidence,2026-10-18,4,GB-SCT,quantile,0.1,2.8628411384784345
2026-09-30,ILI incidence,2026-10-18,4,GB-SCT,quantile,0.15,3.2120151786818107
2026-09-30,ILI incidence,2026-10-18,4,GB-SCT,quantile,0.2,3.5683075311379735
2026-09-30,ILI incidence,2026-10-18,4,GB-SCT,quantile,0.25,3.8997192019983995
2026-09-30,ILI incidence,2026-10-18,4,GB-SCT,quantile,0.3,4.216841198928283
2026-09-30,ILI incidence,2026-10-18,4,GB-SCT,quantile,0.35,4.546581130170257
2026-09-30,ILI incidence,2026-10-18,4,GB-SCT,quantile,0.4,4.918332131117422
2026-09-30,ILI incidence,2026-10-18,4,GB-SCT,quantile,0.45,5.253013225549888
2026-09-30,ILI incidence,2026-10-18,4,GB-SCT,quantile,0.5,5.569215204197052
2026-09-30,ILI incidence,2026-10-18,4,GB-SCT,quantile,0.55,5.873874909135804
2026-09-30,ILI incidence,2026-10-18,4,GB-SCT,quantile,0.6,6.220114490777531
2026-09-30,ILI incidence,2026-10-18,4,GB-SCT,quantile,0.65,6.673091364864127
2026-09-30,ILI incidence,2026-10-18,4,GB-SCT,quantile,0.7,7.085961352425389
2026-09-30,ILI incidence,2026-10-18,4,GB-SCT,quantile,0.75,7.6093048554843286
2026-09-30,ILI incidence,2026-10-18,4,GB-SCT,quantile,0.8,8.232028521166637
2026-09-30,ILI incidence,2026-10-18,4,GB-SCT,quantile,0.85,8.976895846727567
2026-09-30,ILI incidence,2026-10-18,4,GB-SCT,quantile,0.9,9.827262915389582
2026-09-30,ILI incidence,2026-10-18,4,GB-SCT,quantile,0.95,11.239433222703937
2026-09-30,ILI incidence,2026-10-18,4,GB-SCT,quantile,0.975,12.808487051391682
2026-09-30,ILI incidence,2026-10-18,4,GB-SCT,quantile,0.99,14.887469730908824
2026-09-30,ILI incidence,2026-09-27,1,GB-WLS,quantile,0.01,0.3583461842966921
2026-09-30,ILI incidence,2026-09-27,1,GB-WLS,quantile,0.025,0.6105747687537644
2026-09-30,ILI incidence,2026-09-27,1,GB-WLS,quantile,0.05,0.8544514563919582
2026-09-30,ILI incidence,2026-09-27,1,GB-WLS,quantile,0.1,1.1791132207160038
2026-09-30,ILI incidence,2026-09-27,1,GB-WLS,quantile,0.15,1.4251187034493433
2026-09-30,ILI incidence,2026-09-27,1,GB-WLS,quantile,0.2,1.6227664038810237
2026-09-30,ILI incidence,2026-09-27,1,GB-WLS,quantile,0.25,1.8059242188477733
2026-09-30,ILI incidence,2026-09-27,1,GB-WLS,quantile,0.3,1.9916655300221133
2026-09-30,ILI incidence,2026-09-27,1,GB-WLS,quantile,0.35,2.1806658606556457
2026-09-30,ILI incidence,2026-09-27,1,GB-WLS,quantile,0.4,2.3710376276225285
2026-09-30,ILI incidence,2026-09-27,1,GB-WLS,quantile,0.45,2.566062615519598
2026-09-30,ILI incidence,2026-09-27,1,GB-WLS,quantile,0.5,2.7690081282273247
2026-09-30,ILI incidence,2026-09-27,1,GB-WLS,quantile,0.55,2.9848978280107072
2026-09-30,ILI incidence,2026-09-27,1,GB-WLS,quantile,0.6,3.213961349539196
2026-09-30,ILI incidence,2026-09-27,1,GB-WLS,quantile,0.65,3.456860421780541
2026-09-30,ILI incidence,2026-09-27,1,GB-WLS,quantile,0.7,3.7250859363599504
2026-09-30,ILI incidence,2026-09-27,1,GB-WLS,quantile,0.75,4.050788061821388
2026-09-30,ILI incidence,2026-09-27,1,GB-WLS,quantile,0.8,4.438861624397493
2026-09-30,ILI incidence,2026-09-27,1,GB-WLS,quantile,0.85,4.940745431719413
2026-09-30,ILI incidence,2026-09-27,1,GB-WLS,quantile,0.9,5.59984189726232
2026-09-30,ILI incidence,2026-09-27,1,GB-WLS,quantile,0.95,6.715156900976363
2026-09-30,ILI incidence,2026-09-27,1,GB-WLS,quantile,0.975,7.8600701458699165
2026-09-30,ILI incidence,2026-09-27,1,GB-WLS,quantile,0.99,9.406568784003596
2026-09-30,ILI incidence,2026-10-04,2,GB-WLS,quantile,0.01,0.33515733500305156
2026-09-30,ILI incidence,2026-10-04,2,GB-WLS,quantile,0.025,0.6080848691484202
2026-09-30,ILI incidence,2026-10-04,2,GB-WLS,quantile,0.05,0.8870405326295123
2026-09-30,ILI incidence,2026-10-04,2,GB-WLS,quantile,0.1,1.2377081084929906
2026-09-30,ILI incidence,2026-10-04,2,GB-WLS,quantile,0.15,1.5178333240202184
2026-09-30,ILI incidence,2026-10-04,2,GB-WLS,quantile,0.2,1.779191136576031
2026-09-30,ILI incidence,2026-10-04,2,GB-WLS,quantile,0.25,2.0025302954093673
2026-09-30,ILI incidence,2026-10-04,2,GB-WLS,quantile,0.3,2.244884701852573
2026-09-30,ILI incidence,2026-10-04,2,GB-WLS,quantile,0.35,2.487218402965936
2026-09-30,ILI incidence,2026-10-04,2,GB-WLS,quantile,0.4,2.733882895728444
2026-09-30,ILI incidence,2026-10-04,2,GB-WLS,quantile,0.45,2.9891276324984233
2026-09-30,ILI incidence,2026-10-04,2,GB-WLS,quantile,0.5,3.2573550399596995
2026-09-30,ILI incidence,2026-10-04,2,GB-WLS,quantile,0.55,3.5167146801229245
2026-09-30,ILI incidence,2026-10-04,2,GB-WLS,quantile,0.6,3.768978388451609
2026-09-30,ILI incidence,2026-10-04,2,GB-WLS,quantile,0.65,4.090159176531415
2026-09-30,ILI incidence,2026-10-04,2,GB-WLS,quantile,0.7,4.45389240551348
2026-09-30,ILI incidence,2026-10-04,2,GB-WLS,quantile,0.75,4.884981405858111
2026-09-30,ILI incidence,2026-10-04,2,GB-WLS,quantile,0.8,5.391219421688678
2026-09-30,ILI incidence,2026-10-04,2,GB-WLS,quantile,0.85,6.056552558563009
2026-09-30,ILI incidence,2026-10-04,2,GB-WLS,quantile,0.9,6.992958130975109
2026-09-30,ILI incidence,2026-10-04,2,GB-WLS,quantile,0.95,8.567887294586164
2026-09-30,ILI incidence,2026-10-04,2,GB-WLS,quantile,0.975,10.157215296970348
2026-09-30,ILI incidence,2026-10-04,2,GB-WLS,quantile,0.99,12.352041985670251
2026-09-30,ILI incidence,2026-10-11,3,GB-WLS,quantile,0.01,0.36978617158605726
2026-09-30,ILI incidence,2026-10-11,3,GB-WLS,quantile,0.025,0.651248658730552
2026-09-30,ILI incidence,2026-10-11,3,GB-WLS,quantile,0.05,0.9421762579177289
2026-09-30,ILI incidence,2026-10-11,3,GB-WLS,quantile,0.1,1.3857934806945458
2026-09-30,ILI incidence,2026-10-11,3,GB-WLS,quantile,0.15,1.7395197584990083
2026-09-30,ILI incidence,2026-10-11,3,GB-WLS,quantile,0.2,1.9695907806157498
2026-09-30,ILI incidence,2026-10-11,3,GB-WLS,quantile,0.25,2.2655847484242884
2026-09-30,ILI incidence,2026-10-11,3,GB-WLS,quantile,0.3,2.5426637470323294
2026-09-30,ILI incidence,2026-10-11,3,GB-WLS,quantile,0.35,2.7839821187502554
2026-09-30,ILI incidence,2026-10-11,3,GB-WLS,quantile,0.4,3.059164860074074
2026-09-30,ILI incidence,2026-10-11,3,GB-WLS,quantile,0.45,3.318520882269979
2026-09-30,ILI incidence,2026-10-11,3,GB-WLS,quantile,0.5,3.60980287702587
2026-09-30,ILI incidence,2026-10-11,3,GB-WLS,quantile,0.55,3.910033579747817
2026-09-30,ILI incidence,2026-10-11,3,GB-WLS,quantile,0.6,4.268446122212459
2026-09-30,ILI incidence,2026-10-11,3,GB-WLS,quantile,0.65,4.620083543960224
2026-09-30,ILI incidence,2026-10-11,3,GB-WLS,quantile,0.7,5.016085858747091
2026-09-30,ILI incidence,2026-10-11,3,GB-WLS,quantile,0.75,5.467906100339268
2026-09-30,ILI incidence,2026-10-11,3,GB-WLS,quantile,0.8,6.026865164766345
2026-09-30,ILI incidence,2026-10-11,3,GB-WLS,quantile,0.85,6.730056306544699
2026-09-30,ILI incidence,2026-10-11,3,GB-WLS,quantile,0.9,7.715649974339927
2026-09-30,ILI incidence,2026-10-11,3,GB-WLS,quantile,0.95,9.412264878322791
2026-09-30,ILI incidence,2026-10-11,3,GB-WLS,quantile,0.975,11.329944100305593
2026-09-30,ILI incidence,2026-10-11,3,GB-WLS,quantile,0.99,13.82426168556965
2026-09-30,ILI incidence,2026-10-18,4,GB-WLS,quantile,0.01,0.4168608085912066
2026-09-30,ILI incidence,2026-10-18,4,GB-WLS,quantile,0.025,0.7108435068536518
2026-09-30,ILI incidence,2026-10-18,4,GB-WLS,quantile,0.05,1.0120291466984257
2026-09-30,ILI incidence,2026-10-18,4,GB-WLS,quantile,0.1,1.425652638471858
2026-09-30,ILI incidence,2026-10-18,4,GB-WLS,quantile,0.15,1.7517567779248053
2026-09-30,ILI incidence,2026-10-18,4,GB-WLS,quantile,0.2,2.0419256423660657
2026-09-30,ILI incidence,2026-10-18,4,GB-WLS,quantile,0.25,2.3151317445462007
2026-09-30,ILI incidence,2026-10-18,4,GB-WLS,quantile,0.3,2.584044341412882
2026-09-30,ILI incidence,2026-10-18,4,GB-WLS,quantile,0.35,2.852425861706391
2026-09-30,ILI incidence,2026-10-18,4,GB-WLS,quantile,0.4,3.1504338300935717
2026-09-30,ILI incidence,2026-10-18,4,GB-WLS,quantile,0.45,3.4166606258496324
2026-09-30,ILI incidence,2026-10-18,4,GB-WLS,quantile,0.5,3.7420349096312595
2026-09-30,ILI incidence,2026-10-18,4,GB-WLS,quantile,0.55,4.079367663548755
2026-09-30,ILI incidence,2026-10-18,4,GB-WLS,quantile,0.6,4.440182375745344
2026-09-30,ILI incidence,2026-10-18,4,GB-WLS,quantile,0.65,4.870421391550302
2026-09-30,ILI incidence,2026-10-18,4,GB-WLS,quantile,0.7,5.301953120525468
2026-09-30,ILI incidence,2026-10-18,4,GB-WLS,quantile,0.75,5.770185150777103
2026-09-30,ILI incidence,2026-10-18,4,GB-WLS,quantile,0.8,6.332636056514679
2026-09-30,ILI incidence,2026-10-18,4,GB-WLS,quantile,0.85,7.092620222513104
2026-09-30,ILI incidence,2026-10-18,4,GB-WLS,quantile,0.9,8.309136272396286
2026-09-30,ILI incidence,2026-10-18,4,GB-WLS,quantile,0.95,10.095665677012063
2026-09-30,ILI incidence,2026-10-18,4,GB-WLS,quantile,0.975,11.917175794764578
2026-09-30,ILI incidence,2026-10-18,4,GB-WLS,quantile,0.99,14.722251354967321
2026-09-30,ILI incidence,2026-09-27,1,GR,quantile,0.01,216.00503997372095
2026-09-30,ILI incidence,2026-09-27,1,GR,quantile,0.025,231.74976483190227
2026-09-30,ILI incidence,2026-09-27,1,GR,quantile,0.05,246.70443038236596
2026-09-30,ILI incidence,2026-09-27,1,GR,quantile,0.1,263.41097605257147
2026-09-30,ILI incidence,2026-09-27,1,GR,quantile,0.15,275.9562443527961
2026-09-30,ILI incidence,2026-09-27,1,GR,quantile,0.2,286.34998846062035
2026-09-30,ILI incidence,2026-09-27,1,GR,quantile,0.25,295.57721239581866
2026-09-30,ILI incidence,2026-09-27,1,GR,quantile,0.3,303.67657528808655
2026-09-30,ILI incidence,2026-09-27,1,GR,quantile,0.35,311.20050024442924
2026-09-30,ILI incidence,2026-09-27,1,GR,quantile,0.4,319.249737475291
2026-09-30,ILI incidence,2026-09-27,1,GR,quantile,0.45,327.23493661502346
2026-09-30,ILI incidence,2026-09-27,1,GR,quantile,0.5,335.2879031540086
2026-09-30,ILI incidence,2026-09-27,1,GR,quantile,0.55,342.9333385517306
2026-09-30,ILI incidence,2026-09-27,1,GR,quantile,0.6,350.5318592823644
2026-09-30,ILI incidence,2026-09-27,1,GR,quantile,0.65,358.6451441222906
2026-09-30,ILI incidence,2026-09-27,1,GR,quantile,0.7,367.3980574386877
2026-09-30,ILI incidence,2026-09-27,1,GR,quantile,0.75,378.3111906732802
2026-09-30,ILI incidence,2026-09-27,1,GR,quantile,0.8,388.6455424176862
2026-09-30,ILI incidence,2026-09-27,1,GR,quantile,0.85,402.02472218904967
2026-09-30,ILI incidence,2026-09-27,1,GR,quantile,0.9,420.39222979023054
2026-09-30,ILI incidence,2026-09-27,1,GR,quantile,0.95,447.34142053703465
2026-09-30,ILI incidence,2026-09-27,1,GR,quantile,0.975,475.7714350755816
2026-09-30,ILI incidence,2026-09-27,1,GR,quantile,0.99,508.5366469001435
2026-09-30,ILI incidence,2026-10-04,2,GR,quantile,0.01,194.87692288615742
2026-09-30,ILI incidence,2026-10-04,2,GR,quantile,0.025,214.57328595112412
2026-09-30,ILI incidence,2026-10-04,2,GR,quantile,0.05,234.70210228499386
2026-09-30,ILI incidence,2026-10-04,2,GR,quantile,0.1,256.8004613828022
2026-09-30,ILI incidence,2026-10-04,2,GR,quantile,0.15,275.22594817018677
2026-09-30,ILI incidence,2026-10-04,2,GR,quantile,0.2,290.8612213728105
2026-09-30,ILI incidence,2026-10-04,2,GR,quantile,0.25,302.68623209383287
2026-09-30,ILI incidence,2026-10-04,2,GR,quantile,0.3,315.81029137035836
2026-09-30,ILI incidence,2026-10-04,2,GR,quantile,0.35,328.9371980949072
2026-09-30,ILI incidence,2026-10-04,2,GR,quantile,0.4,341.89592716147666
2026-09-30,ILI incidence,2026-10-04,2,GR,quantile,0.45,354.0868815459032
2026-09-30,ILI incidence,2026-10-04,2,GR,quantile,0.5,362.67112282586174
2026-09-30,ILI incidence,2026-10-04,2,GR,quantile,0.55,374.0273253764404
2026-09-30,ILI incidence,2026-10-04,2,GR,quantile,0.6,387.85534603346935
2026-09-30,ILI incidence,2026-10-04,2,GR,quantile,0.65,401.840748191937
2026-09-30,ILI incidence,2026-10-04,2,GR,quantile,0.7,417.8199774774523
2026-09-30,ILI incidence,2026-10-04,2,GR,quantile,0.75,435.7758988787897
2026-09-30,ILI incidence,2026-10-04,2,GR,quantile,0.8,456.6780218878657
2026-09-30,ILI incidence,2026-10-04,2,GR,quantile,0.85,476.42001491726415
2026-09-30,ILI incidence,2026-10-04,2,GR,quantile,0.9,506.9268377041025
2026-09-30,ILI incidence,2026-10-04,2,GR,quantile,0.95,560.2342933883511
2026-09-30,ILI incidence,2026-10-04,2,GR,quantile,0.975,605.8872634169281
2026-09-30,ILI incidence,2026-10-04,2,GR,quantile,0.99,668.5850049587118
2026-09-30,ILI incidence,2026-10-11,3,GR,quantile,0.01,193.36888403328493
2026-09-30,ILI incidence,2026-10-11,3,GR,quantile,0.025,216.66322110041347
2026-09-30,ILI incidence,2026-10-11,3,GR,quantile,0.05,235.93479458015233
2026-09-30,ILI incidence,2026-10-11,3,GR,quantile,0.1,267.4162025080215
2026-09-30,ILI incidence,2026-10-11,3,GR,quantile,0.15,286.7133682565904
2026-09-30,ILI incidence,2026-10-11,3,GR,quantile,0.2,306.2903124758347
2026-09-30,ILI incidence,2026-10-11,3,GR,quantile,0.25,323.5416345055214
2026-09-30,ILI incidence,2026-10-11,3,GR,quantile,0.3,341.05917511784935
2026-09-30,ILI incidence,2026-10-11,3,GR,quantile,0.35,357.5183124856354
2026-09-30,ILI incidence,2026-10-11,3,GR,quantile,0.4,373.86814062628423
2026-09-30,ILI incidence,2026-10-11,3,GR,quantile,0.45,388.4930995476042
2026-09-30,ILI incidence,2026-10-11,3,GR,quantile,0.5,404.6480102768615
2026-09-30,ILI incidence,2026-10-11,3,GR,quantile,0.55,425.0870176394171
2026-09-30,ILI incidence,2026-10-11,3,GR,quantile,0.6,442.79509279207394
2026-09-30,ILI incidence,2026-10-11,3,GR,quantile,0.65,458.6172889309351
2026-09-30,ILI incidence,2026-10-11,3,GR,quantile,0.7,474.4785658926536
2026-09-30,ILI incidence,2026-10-11,3,GR,quantile,0.75,491.6768496441446
2026-09-30,ILI incidence,2026-10-11,3,GR,quantile,0.8,517.2857621048493
2026-09-30,ILI incidence,2026-10-11,3,GR,quantile,0.85,547.2894733685308
2026-09-30,ILI incidence,2026-10-11,3,GR,quantile,0.9,585.1056315378225
2026-09-30,ILI incidence,2026-10-11,3,GR,quantile,0.95,645.5468518497407
2026-09-30,ILI incidence,2026-10-11,3,GR,quantile,0.975,703.1701813518147
2026-09-30,ILI incidence,2026-10-11,3,GR,quantile,0.99,776.6575403668107
2026-09-30,ILI incidence,2026-10-18,4,GR,quantile,0.01,210.51243171657993
2026-09-30,ILI incidence,2026-10-18,4,GR,quantile,0.025,235.67874367135923
2026-09-30,ILI incidence,2026-10-18,4,GR,quantile,0.05,257.6497014541849
2026-09-30,ILI incidence,2026-10-18,4,GR,quantile,0.1,289.67187591160575
2026-09-30,ILI incidence,2026-10-18,4,GR,quantile,0.15,314.0900483205526
2026-09-30,ILI incidence,2026-10-18,4,GR,quantile,0.2,335.3890650576323
2026-09-30,ILI incidence,2026-10-18,4,GR,quantile,0.25,356.1689957666983
2026-09-30,ILI incidence,2026-10-18,4,GR,quantile,0.3,375.92174067667804
2026-09-30,ILI incidence,2026-10-18,4,GR,quantile,0.35,395.1994477890885
2026-09-30,ILI incidence,2026-10-18,4,GR,quantile,0.4,412.6946621688478
2026-09-30,ILI incidence,2026-10-18,4,GR,quantile,0.45,427.19615478289444
2026-09-30,ILI incidence,2026-10-18,4,GR,quantile,0.5,444.5982970503377
2026-09-30,ILI incidence,2026-10-18,4,GR,quantile,0.55,467.16466796056903
2026-09-30,ILI incidence,2026-10-18,4,GR,quantile,0.6,488.04003611732384
2026-09-30,ILI incidence,2026-10-18,4,GR,quantile,0.65,508.88034075720043
2026-09-30,ILI incidence,2026-10-18,4,GR,quantile,0.7,527.0663331209354
2026-09-30,ILI incidence,2026-10-18,4,GR,quantile,0.75,547.9001321219134
2026-09-30,ILI incidence,2026-10-18,4,GR,quantile,0.8,580.9152603784011
2026-09-30,ILI incidence,2026-10-18,4,GR,quantile,0.85,628.238064791303
2026-09-30,ILI incidence,2026-10-18,4,GR,quantile,0.9,673.1503102189192
2026-09-30,ILI incidence,2026-10-18,4,GR,quantile,0.95,745.6806993122166
2026-09-30,ILI incidence,2026-10-18,4,GR,quantile,0.975,813.7724776931101
2026-09-30,ILI incidence,2026-10-18,4,GR,quantile,0.99,900.8958282942197
2026-09-30,ILI incidence,2026-09-27,1,HR,quantile,0.01,0.8603255506258768
2026-09-30,ILI incidence,2026-09-27,1,HR,quantile,0.025,1.0848687519993905
2026-09-30,ILI incidence,2026-09-27,1,HR,quantile,0.05,1.2995489142828358
2026-09-30,ILI incidence,2026-09-27,1,HR,quantile,0.1,1.6120723773650723
2026-09-30,ILI incidence,2026-09-27,1,HR,quantile,0.15,1.8178200224611345
2026-09-30,ILI incidence,2026-09-27,1,HR,quantile,0.2,1.9783890400365292
2026-09-30,ILI incidence,2026-09-27,1,HR,quantile,0.25,2.1251739114247012
2026-09-30,ILI incidence,2026-09-27,1,HR,quantile,0.3,2.271573744734524
2026-09-30,ILI incidence,2026-09-27,1,HR,quantile,0.35,2.429830218734705
2026-09-30,ILI incidence,2026-09-27,1,HR,quantile,0.4,2.5870729835503243
2026-09-30,ILI incidence,2026-09-27,1,HR,quantile,0.45,2.7048364047561195
2026-09-30,ILI incidence,2026-09-27,1,HR,quantile,0.5,2.83551199241231
2026-09-30,ILI incidence,2026-09-27,1,HR,quantile,0.55,2.9883862562031447
2026-09-30,ILI incidence,2026-09-27,1,HR,quantile,0.6,3.149965886516177
2026-09-30,ILI incidence,2026-09-27,1,HR,quantile,0.65,3.323853754672637
2026-09-30,ILI incidence,2026-09-27,1,HR,quantile,0.7,3.4980971995274786
2026-09-30,ILI incidence,2026-09-27,1,HR,quantile,0.75,3.7298656733891864
2026-09-30,ILI incidence,2026-09-27,1,HR,quantile,0.8,4.002031009598515
2026-09-30,ILI incidence,2026-09-27,1,HR,quantile,0.85,4.339101389968128
2026-09-30,ILI incidence,2026-09-27,1,HR,quantile,0.9,4.7576523854385515
2026-09-30,ILI incidence,2026-09-27,1,HR,quantile,0.95,5.397407836191491
2026-09-30,ILI incidence,2026-09-27,1,HR,quantile,0.975,6.056152685789284
2026-09-30,ILI incidence,2026-09-27,1,HR,quantile,0.99,6.9078375497177475
2026-09-30,ILI incidence,2026-10-04,2,HR,quantile,0.01,0.624474764160611
2026-09-30,ILI incidence,2026-10-04,2,HR,quantile,0.025,0.9110868891354275
2026-09-30,ILI incidence,2026-10-04,2,HR,quantile,0.05,1.197719922685692
2026-09-30,ILI incidence,2026-10-04,2,HR,quantile,0.1,1.5819405176667822
2026-09-30,ILI incidence,2026-10-04,2,HR,quantile,0.15,1.8858180538989797
2026-09-30,ILI incidence,2026-10-04,2,HR,quantile,0.2,2.162508526270337
2026-09-30,ILI incidence,2026-10-04,2,HR,quantile,0.25,2.406240776245119
2026-09-30,ILI incidence,2026-10-04,2,HR,quantile,0.3,2.6371651007999772
2026-09-30,ILI incidence,2026-10-04,2,HR,quantile,0.35,2.873161105108371
2026-09-30,ILI incidence,2026-10-04,2,HR,quantile,0.4,3.1069912493414957
2026-09-30,ILI incidence,2026-10-04,2,HR,quantile,0.45,3.3466772793546786
2026-09-30,ILI incidence,2026-10-04,2,HR,quantile,0.5,3.6176125281237574
2026-09-30,ILI incidence,2026-10-04,2,HR,quantile,0.55,3.9062940802263135
2026-09-30,ILI incidence,2026-10-04,2,HR,quantile,0.6,4.2181185278804225
2026-09-30,ILI incidence,2026-10-04,2,HR,quantile,0.65,4.561256157055998
2026-09-30,ILI incidence,2026-10-04,2,HR,quantile,0.7,4.938515058973432
2026-09-30,ILI incidence,2026-10-04,2,HR,quantile,0.75,5.32517499067778
2026-09-30,ILI incidence,2026-10-04,2,HR,quantile,0.8,5.8170077355013685
2026-09-30,ILI incidence,2026-10-04,2,HR,quantile,0.85,6.479440248283451
2026-09-30,ILI incidence,2026-10-04,2,HR,quantile,0.9,7.211276430704555
2026-09-30,ILI incidence,2026-10-04,2,HR,quantile,0.95,8.544031168284356
2026-09-30,ILI incidence,2026-10-04,2,HR,quantile,0.975,9.908496535032594
2026-09-30,ILI incidence,2026-10-04,2,HR,quantile,0.99,11.918387254345813
2026-09-30,ILI incidence,2026-10-11,3,HR,quantile,0.01,0.47175889139076577
2026-09-30,ILI incidence,2026-10-11,3,HR,quantile,0.025,0.8118131144101017
2026-09-30,ILI incidence,2026-10-11,3,HR,quantile,0.05,1.1754472772153057
2026-09-30,ILI incidence,2026-10-11,3,HR,quantile,0.1,1.677995907511691
2026-09-30,ILI incidence,2026-10-11,3,HR,quantile,0.15,2.059642485918357
2026-09-30,ILI incidence,2026-10-11,3,HR,quantile,0.2,2.4172146533732852
2026-09-30,ILI incidence,2026-10-11,3,HR,quantile,0.25,2.744032786214932
2026-09-30,ILI incidence,2026-10-11,3,HR,quantile,0.3,3.041405278115625
2026-09-30,ILI incidence,2026-10-11,3,HR,quantile,0.35,3.3384064676230136
2026-09-30,ILI incidence,2026-10-11,3,HR,quantile,0.4,3.6871968026415454
2026-09-30,ILI incidence,2026-10-11,3,HR,quantile,0.45,4.045181996399446
2026-09-30,ILI incidence,2026-10-11,3,HR,quantile,0.5,4.401769518526384
2026-09-30,ILI incidence,2026-10-11,3,HR,quantile,0.55,4.783560226787614
2026-09-30,ILI incidence,2026-10-11,3,HR,quantile,0.6,5.199152014058631
2026-09-30,ILI incidence,2026-10-11,3,HR,quantile,0.65,5.660108311674969
2026-09-30,ILI incidence,2026-10-11,3,HR,quantile,0.7,6.166525560723137
2026-09-30,ILI incidence,2026-10-11,3,HR,quantile,0.75,6.747736296191709
2026-09-30,ILI incidence,2026-10-11,3,HR,quantile,0.8,7.428433552506065
2026-09-30,ILI incidence,2026-10-11,3,HR,quantile,0.85,8.407863332227898
2026-09-30,ILI incidence,2026-10-11,3,HR,quantile,0.9,9.815759980193523
2026-09-30,ILI incidence,2026-10-11,3,HR,quantile,0.95,12.205733781354436
2026-09-30,ILI incidence,2026-10-11,3,HR,quantile,0.975,14.672433761534192
2026-09-30,ILI incidence,2026-10-11,3,HR,quantile,0.99,18.306828800400563
2026-09-30,ILI incidence,2026-10-18,4,HR,quantile,0.01,0.6305977699600089
2026-09-30,ILI incidence,2026-10-18,4,HR,quantile,0.025,0.9977467916597265
2026-09-30,ILI incidence,2026-10-18,4,HR,quantile,0.05,1.3834710889026662
2026-09-30,ILI incidence,2026-10-18,4,HR,quantile,0.1,1.9294262462297092
2026-09-30,ILI incidence,2026-10-18,4,HR,quantile,0.15,2.35918316655469
2026-09-30,ILI incidence,2026-10-18,4,HR,quantile,0.2,2.7561451063865574
2026-09-30,ILI incidence,2026-10-18,4,HR,quantile,0.25,3.133885908395077
2026-09-30,ILI incidence,2026-10-18,4,HR,quantile,0.3,3.5160992902146266
2026-09-30,ILI incidence,2026-10-18,4,HR,quantile,0.35,3.9018890987468917
2026-09-30,ILI incidence,2026-10-18,4,HR,quantile,0.4,4.301783820959585
2026-09-30,ILI incidence,2026-10-18,4,HR,quantile,0.45,4.719710415134996
2026-09-30,ILI incidence,2026-10-18,4,HR,quantile,0.5,5.163162593733441
2026-09-30,ILI incidence,2026-10-18,4,HR,quantile,0.55,5.623677185993837
2026-09-30,ILI incidence,2026-10-18,4,HR,quantile,0.6,6.115915147383621
2026-09-30,ILI incidence,2026-10-18,4,HR,quantile,0.65,6.663157342194437
2026-09-30,ILI incidence,2026-10-18,4,HR,quantile,0.7,7.285475453176449
2026-09-30,ILI incidence,2026-10-18,4,HR,quantile,0.75,8.013870711853471
2026-09-30,ILI incidence,2026-10-18,4,HR,quantile,0.8,8.890123316976556
2026-09-30,ILI incidence,2026-10-18,4,HR,quantile,0.85,10.044812023286877
2026-09-30,ILI incidence,2026-10-18,4,HR,quantile,0.9,11.717880689992672
2026-09-30,ILI incidence,2026-10-18,4,HR,quantile,0.95,14.671539341135938
2026-09-30,ILI incidence,2026-10-18,4,HR,quantile,0.975,17.7731392136493
2026-09-30,ILI incidence,2026-10-18,4,HR,quantile,0.99,22.09797867865381
2026-09-30,ILI incidence,2026-09-27,1,HU,quantile,0.01,70.65581421991226
2026-09-30,ILI incidence,2026-09-27,1,HU,quantile,0.025,78.37287669858411
2026-09-30,ILI incidence,2026-09-27,1,HU,quantile,0.05,85.56698757716927
2026-09-30,ILI incidence,2026-09-27,1,HU,quantile,0.1,94.46405164341853
2026-09-30,ILI incidence,2026-09-27,1,HU,quantile,0.15,100.48470814987435
2026-09-30,ILI incidence,2026-09-27,1,HU,quantile,0.2,105.5393995731084
2026-09-30,ILI incidence,2026-09-27,1,HU,quantile,0.25,110.34009552883475
2026-09-30,ILI incidence,2026-09-27,1,HU,quantile,0.3,115.51479401544022
2026-09-30,ILI incidence,2026-09-27,1,HU,quantile,0.35,120.17786915618046
2026-09-30,ILI incidence,2026-09-27,1,HU,quantile,0.4,124.57389780654752
2026-09-30,ILI incidence,2026-09-27,1,HU,quantile,0.45,128.78173172331785
2026-09-30,ILI incidence,2026-09-27,1,HU,quantile,0.5,133.06049190322577
2026-09-30,ILI incidence,2026-09-27,1,HU,quantile,0.55,138.19541475645948
2026-09-30,ILI incidence,2026-09-27,1,HU,quantile,0.6,143.54819288226832
2026-09-30,ILI incidence,2026-09-27,1,HU,quantile,0.65,149.7870261316703
2026-09-30,ILI incidence,2026-09-27,1,HU,quantile,0.7,154.5173036509782
2026-09-30,ILI incidence,2026-09-27,1,HU,quantile,0.75,160.64978890866033
2026-09-30,ILI incidence,2026-09-27,1,HU,quantile,0.8,168.56752504698133
2026-09-30,ILI incidence,2026-09-27,1,HU,quantile,0.85,177.53104890061445
2026-09-30,ILI incidence,2026-09-27,1,HU,quantile,0.9,187.20979313340922
2026-09-30,ILI incidence,2026-09-27,1,HU,quantile,0.95,205.00201087177942
2026-09-30,ILI incidence,2026-09-27,1,HU,quantile,0.975,226.4947542580581
2026-09-30,ILI incidence,2026-09-27,1,HU,quantile,0.99,255.98672409344792
2026-09-30,ILI incidence,2026-10-04,2,HU,quantile,0.01,61.68728907622311
2026-09-30,ILI incidence,2026-10-04,2,HU,quantile,0.025,71.04210466980842
2026-09-30,ILI incidence,2026-10-04,2,HU,quantile,0.05,80.93892458551608
2026-09-30,ILI incidence,2026-10-04,2,HU,quantile,0.1,93.28346063824844
2026-09-30,ILI incidence,2026-10-04,2,HU,quantile,0.15,102.40158482552542
2026-09-30,ILI incidence,2026-10-04,2,HU,quantile,0.2,111.46094896501222
2026-09-30,ILI incidence,2026-10-04,2,HU,quantile,0.25,119.86308041121079
2026-09-30,ILI incidence,2026-10-04,2,HU,quantile,0.3,126.55417866644473
2026-09-30,ILI incidence,2026-10-04,2,HU,quantile,0.35,132.8524879215046
2026-09-30,ILI incidence,2026-10-04,2,HU,quantile,0.4,140.36537478001458
2026-09-30,ILI incidence,2026-10-04,2,HU,quantile,0.45,148.70116840087294
2026-09-30,ILI incidence,2026-10-04,2,HU,quantile,0.5,155.88554726278582
2026-09-30,ILI incidence,2026-10-04,2,HU,quantile,0.55,163.50296699462092
2026-09-30,ILI incidence,2026-10-04,2,HU,quantile,0.6,171.2032949326844
2026-09-30,ILI incidence,2026-10-04,2,HU,quantile,0.65,179.4165039546508
2026-09-30,ILI incidence,2026-10-04,2,HU,quantile,0.7,188.22045272663877
2026-09-30,ILI incidence,2026-10-04,2,HU,quantile,0.75,199.22739988272735
2026-09-30,ILI incidence,2026-10-04,2,HU,quantile,0.8,211.88740702784057
2026-09-30,ILI incidence,2026-10-04,2,HU,quantile,0.85,227.4733728261166
2026-09-30,ILI incidence,2026-10-04,2,HU,quantile,0.9,249.57743460104814
2026-09-30,ILI incidence,2026-10-04,2,HU,quantile,0.95,294.4229976550322
2026-09-30,ILI incidence,2026-10-04,2,HU,quantile,0.975,331.3927566142352
2026-09-30,ILI incidence,2026-10-04,2,HU,quantile,0.99,375.4709872484253
2026-09-30,ILI incidence,2026-10-11,3,HU,quantile,0.01,45.18431982842668
2026-09-30,ILI incidence,2026-10-11,3,HU,quantile,0.025,55.361481586324786
2026-09-30,ILI incidence,2026-10-11,3,HU,quantile,0.05,65.89085119513486
2026-09-30,ILI incidence,2026-10-11,3,HU,quantile,0.1,80.51160751328607
2026-09-30,ILI incidence,2026-10-11,3,HU,quantile,0.15,92.19219304537884
2026-09-30,ILI incidence,2026-10-11,3,HU,quantile,0.2,102.65811686806816
2026-09-30,ILI incidence,2026-10-11,3,HU,quantile,0.25,112.58113731113062
2026-09-30,ILI incidence,2026-10-11,3,HU,quantile,0.3,122.48818263614803
2026-09-30,ILI incidence,2026-10-11,3,HU,quantile,0.35,132.43831148701875
2026-09-30,ILI incidence,2026-10-11,3,HU,quantile,0.4,142.62034750559118
2026-09-30,ILI incidence,2026-10-11,3,HU,quantile,0.45,153.2104755926876
2026-09-30,ILI incidence,2026-10-11,3,HU,quantile,0.5,164.3948205875564
2026-09-30,ILI incidence,2026-10-11,3,HU,quantile,0.55,176.39032690258512
2026-09-30,ILI incidence,2026-10-11,3,HU,quantile,0.6,189.4705506726684
2026-09-30,ILI incidence,2026-10-11,3,HU,quantile,0.65,204.00444266975876
2026-09-30,ILI incidence,2026-10-11,3,HU,quantile,0.7,219.41189128163964
2026-09-30,ILI incidence,2026-10-11,3,HU,quantile,0.75,236.41845463132248
2026-09-30,ILI incidence,2026-10-11,3,HU,quantile,0.8,259.011362366621
2026-09-30,ILI incidence,2026-10-11,3,HU,quantile,0.85,288.21186750161297
2026-09-30,ILI incidence,2026-10-11,3,HU,quantile,0.9,330.0967321365738
2026-09-30,ILI incidence,2026-10-11,3,HU,quantile,0.95,404.7644547672037
2026-09-30,ILI incidence,2026-10-11,3,HU,quantile,0.975,483.03598796022567
2026-09-30,ILI incidence,2026-10-11,3,HU,quantile,0.99,593.2182057260429
2026-09-30,ILI incidence,2026-10-18,4,HU,quantile,0.01,43.66888299521881
2026-09-30,ILI incidence,2026-10-18,4,HU,quantile,0.025,54.35766551991594
2026-09-30,ILI incidence,2026-10-18,4,HU,quantile,0.05,65.57503565522917
2026-09-30,ILI incidence,2026-10-18,4,HU,quantile,0.1,81.35697056371629
2026-09-30,ILI incidence,2026-10-18,4,HU,quantile,0.15,94.06808649181974
2026-09-30,ILI incidence,2026-10-18,4,HU,quantile,0.2,105.55556823335458
2026-09-30,ILI incidence,2026-10-18,4,HU,quantile,0.25,116.51092817002566
2026-09-30,ILI incidence,2026-10-18,4,HU,quantile,0.3,127.09636407867616
2026-09-30,ILI incidence,2026-10-18,4,HU,quantile,0.35,137.12073792615857
2026-09-30,ILI incidence,2026-10-18,4,HU,quantile,0.4,147.3573102141785
2026-09-30,ILI incidence,2026-10-18,4,HU,quantile,0.45,157.98283750613635
2026-09-30,ILI incidence,2026-10-18,4,HU,quantile,0.5,169.18263502562573
2026-09-30,ILI incidence,2026-10-18,4,HU,quantile,0.55,181.171420000901
2026-09-30,ILI incidence,2026-10-18,4,HU,quantile,0.6,195.0663468093208
2026-09-30,ILI incidence,2026-10-18,4,HU,quantile,0.65,210.85779543927873
2026-09-30,ILI incidence,2026-10-18,4,HU,quantile,0.7,228.877999192653
2026-09-30,ILI incidence,2026-10-18,4,HU,quantile,0.75,250.04797710333443
2026-09-30,ILI incidence,2026-10-18,4,HU,quantile,0.8,275.9238054054417
2026-09-30,ILI incidence,2026-10-18,4,HU,quantile,0.85,309.4702195568846
2026-09-30,ILI incidence,2026-10-18,4,HU,quantile,0.9,357.5115385230922
2026-09-30,ILI incidence,2026-10-18,4,HU,quantile,0.95,442.72371085581733
2026-09-30,ILI incidence,2026-10-18,4,HU,quantile,0.975,532.8725176440553
2026-09-30,ILI incidence,2026-10-18,4,HU,quantile,0.99,658.9884123348974
2026-09-30,ILI incidence,2026-09-27,1,IE,quantile,0.01,2.2587805315337572
2026-09-30,ILI incidence,2026-09-27,1,IE,quantile,0.025,2.7269500257688124
2026-09-30,ILI incidence,2026-09-27,1,IE,quantile,0.05,3.217399652323378
2026-09-30,ILI incidence,2026-09-27,1,IE,quantile,0.1,3.8158564476931787
2026-09-30,ILI incidence,2026-09-27,1,IE,quantile,0.15,4.230744029237715
2026-09-30,ILI incidence,2026-09-27,1,IE,quantile,0.2,4.666188876806417
2026-09-30,ILI incidence,2026-09-27,1,IE,quantile,0.25,5.029301984609146
2026-09-30,ILI incidence,2026-09-27,1,IE,quantile,0.3,5.343075888141765
2026-09-30,ILI incidence,2026-09-27,1,IE,quantile,0.35,5.6483924188119845
2026-09-30,ILI incidence,2026-09-27,1,IE,quantile,0.4,5.951685782400426
2026-09-30,ILI incidence,2026-09-27,1,IE,quantile,0.45,6.261786508361903
2026-09-30,ILI incidence,2026-09-27,1,IE,quantile,0.5,6.606937975807032
2026-09-30,ILI incidence,2026-09-27,1,IE,quantile,0.55,6.9632294950427225
2026-09-30,ILI incidence,2026-09-27,1,IE,quantile,0.6,7.357302195906021
2026-09-30,ILI incidence,2026-09-27,1,IE,quantile,0.65,7.75372567287905
2026-09-30,ILI incidence,2026-09-27,1,IE,quantile,0.7,8.174787442311162
2026-09-30,ILI incidence,2026-09-27,1,IE,quantile,0.75,8.6519295156299
2026-09-30,ILI incidence,2026-09-27,1,IE,quantile,0.8,9.212507158288798
2026-09-30,ILI incidence,2026-09-27,1,IE,quantile,0.85,9.907152065303238
2026-09-30,ILI incidence,2026-09-27,1,IE,quantile,0.9,10.855400809201557
2026-09-30,ILI incidence,2026-09-27,1,IE,quantile,0.95,12.56531378688501
2026-09-30,ILI incidence,2026-09-27,1,IE,quantile,0.975,14.246904084650033
2026-09-30,ILI incidence,2026-09-27,1,IE,quantile,0.99,16.432315668005803
2026-09-30,ILI incidence,2026-10-04,2,IE,quantile,0.01,2.164739440869795
2026-09-30,ILI incidence,2026-10-04,2,IE,quantile,0.025,2.7298133825643043
2026-09-30,ILI incidence,2026-10-04,2,IE,quantile,0.05,3.2907906542882275
2026-09-30,ILI incidence,2026-10-04,2,IE,quantile,0.1,4.046756129090059
2026-09-30,ILI incidence,2026-10-04,2,IE,quantile,0.15,4.630687986038126
2026-09-30,ILI incidence,2026-10-04,2,IE,quantile,0.2,5.162986573011556
2026-09-30,ILI incidence,2026-10-04,2,IE,quantile,0.25,5.66129748542837
2026-09-30,ILI incidence,2026-10-04,2,IE,quantile,0.3,6.143705631219467
2026-09-30,ILI incidence,2026-10-04,2,IE,quantile,0.35,6.630480330057469
2026-09-30,ILI incidence,2026-10-04,2,IE,quantile,0.4,7.102255708527995
2026-09-30,ILI incidence,2026-10-04,2,IE,quantile,0.45,7.586448275348381
2026-09-30,ILI incidence,2026-10-04,2,IE,quantile,0.5,8.091206310864186
2026-09-30,ILI incidence,2026-10-04,2,IE,quantile,0.55,8.603231284662932
2026-09-30,ILI incidence,2026-10-04,2,IE,quantile,0.6,9.191522068221284
2026-09-30,ILI incidence,2026-10-04,2,IE,quantile,0.65,9.831563494257027
2026-09-30,ILI incidence,2026-10-04,2,IE,quantile,0.7,10.538469687326424
2026-09-30,ILI incidence,2026-10-04,2,IE,quantile,0.75,11.353178080178882
2026-09-30,ILI incidence,2026-10-04,2,IE,quantile,0.8,12.337477576264959
2026-09-30,ILI incidence,2026-10-04,2,IE,quantile,0.85,13.562411710398406
2026-09-30,ILI incidence,2026-10-04,2,IE,quantile,0.9,15.278872648008264
2026-09-30,ILI incidence,2026-10-04,2,IE,quantile,0.95,18.242515158622762
2026-09-30,ILI incidence,2026-10-04,2,IE,quantile,0.975,21.266580349727743
2026-09-30,ILI incidence,2026-10-04,2,IE,quantile,0.99,25.385179910352093
2026-09-30,ILI incidence,2026-10-11,3,IE,quantile,0.01,1.8257633264551387
2026-09-30,ILI incidence,2026-10-11,3,IE,quantile,0.025,2.4412022679127587
2026-09-30,ILI incidence,2026-10-11,3,IE,quantile,0.05,3.0558715352396644
2026-09-30,ILI incidence,2026-10-11,3,IE,quantile,0.1,3.824871639472234
2026-09-30,ILI incidence,2026-10-11,3,IE,quantile,0.15,4.482777611844492
2026-09-30,ILI incidence,2026-10-11,3,IE,quantile,0.2,5.038362942302656
2026-09-30,ILI incidence,2026-10-11,3,IE,quantile,0.25,5.56009574862675
2026-09-30,ILI incidence,2026-10-11,3,IE,quantile,0.3,6.132709310549689
2026-09-30,ILI incidence,2026-10-11,3,IE,quantile,0.35,6.713046069695211
2026-09-30,ILI incidence,2026-10-11,3,IE,quantile,0.4,7.309292010505495
2026-09-30,ILI incidence,2026-10-11,3,IE,quantile,0.45,7.930000921788461
2026-09-30,ILI incidence,2026-10-11,3,IE,quantile,0.5,8.555181486937203
2026-09-30,ILI incidence,2026-10-11,3,IE,quantile,0.55,9.248682393910514
2026-09-30,ILI incidence,2026-10-11,3,IE,quantile,0.6,10.004931479720577
2026-09-30,ILI incidence,2026-10-11,3,IE,quantile,0.65,10.845268295008882
2026-09-30,ILI incidence,2026-10-11,3,IE,quantile,0.7,11.800394530766491
2026-09-30,ILI incidence,2026-10-11,3,IE,quantile,0.75,12.833057181791046
2026-09-30,ILI incidence,2026-10-11,3,IE,quantile,0.8,14.12932948203459
2026-09-30,ILI incidence,2026-10-11,3,IE,quantile,0.85,15.74315520621948
2026-09-30,ILI incidence,2026-10-11,3,IE,quantile,0.9,17.779932244761685
2026-09-30,ILI incidence,2026-10-11,3,IE,quantile,0.95,21.938326529007487
2026-09-30,ILI incidence,2026-10-11,3,IE,quantile,0.975,25.9641863258193
2026-09-30,ILI incidence,2026-10-11,3,IE,quantile,0.99,31.541662986523882
2026-09-30,ILI incidence,2026-10-18,4,IE,quantile,0.01,1.7031143290597117
2026-09-30,ILI incidence,2026-10-18,4,IE,quantile,0.025,2.3352509547843687
2026-09-30,ILI incidence,2026-10-18,4,IE,quantile,0.05,2.96527751818144
2026-09-30,ILI incidence,2026-10-18,4,IE,quantile,0.1,3.822686265451522
2026-09-30,ILI incidence,2026-10-18,4,IE,quantile,0.15,4.526937300300914
2026-09-30,ILI incidence,2026-10-18,4,IE,quantile,0.2,5.110315235832962
2026-09-30,ILI incidence,2026-10-18,4,IE,quantile,0.25,5.6510685688638524
2026-09-30,ILI incidence,2026-10-18,4,IE,quantile,0.3,6.178499349055084
2026-09-30,ILI incidence,2026-10-18,4,IE,quantile,0.35,6.768524150903723
2026-09-30,ILI incidence,2026-10-18,4,IE,quantile,0.4,7.396703760817562
2026-09-30,ILI incidence,2026-10-18,4,IE,quantile,0.45,8.052780665360771
2026-09-30,ILI incidence,2026-10-18,4,IE,quantile,0.5,8.748485372471515
2026-09-30,ILI incidence,2026-10-18,4,IE,quantile,0.55,9.497654872046304
2026-09-30,ILI incidence,2026-10-18,4,IE,quantile,0.6,10.291889802305775
2026-09-30,ILI incidence,2026-10-18,4,IE,quantile,0.65,11.03734219777061
2026-09-30,ILI incidence,2026-10-18,4,IE,quantile,0.7,11.87885914093335
2026-09-30,ILI incidence,2026-10-18,4,IE,quantile,0.75,13.003691296949636
2026-09-30,ILI incidence,2026-10-18,4,IE,quantile,0.8,14.285760725514637
2026-09-30,ILI incidence,2026-10-18,4,IE,quantile,0.85,16.158460029517542
2026-09-30,ILI incidence,2026-10-18,4,IE,quantile,0.9,18.71104552195428
2026-09-30,ILI incidence,2026-10-18,4,IE,quantile,0.95,23.211686846958763
2026-09-30,ILI incidence,2026-10-18,4,IE,quantile,0.975,27.295960018295517
2026-09-30,ILI incidence,2026-10-18,4,IE,quantile,0.99,32.9294158966799
2026-09-30,ILI incidence,2026-09-27,1,IS,quantile,0.01,0.0
2026-09-30,ILI incidence,2026-09-27,1,IS,quantile,0.025,0.0
2026-09-30,ILI incidence,2026-09-27,1,IS,quantile,0.05,0.0
2026-09-30,ILI incidence,2026-09-27,1,IS,quantile,0.1,0.0
2026-09-30,ILI incidence,2026-09-27,1,IS,quantile,0.15,0.04111407844159987
2026-09-30,ILI incidence,2026-09-27,1,IS,quantile,0.2,0.12840069089859574
2026-09-30,ILI incidence,2026-09-27,1,IS,quantile,0.25,0.2096961441458976
2026-09-30,ILI incidence,2026-09-27,1,IS,quantile,0.3,0.28520514747551245
2026-09-30,ILI incidence,2026-09-27,1,IS,quantile,0.35,0.35206812793109993
2026-09-30,ILI incidence,2026-09-27,1,IS,quantile,0.4,0.425620125301407
2026-09-30,ILI incidence,2026-09-27,1,IS,quantile,0.45,0.5005886447547883
2026-09-30,ILI incidence,2026-09-27,1,IS,quantile,0.5,0.5801633330552322
2026-09-30,ILI incidence,2026-09-27,1,IS,quantile,0.55,0.6662675919132091
2026-09-30,ILI incidence,2026-09-27,1,IS,quantile,0.6,0.7471467748614052
2026-09-30,ILI incidence,2026-09-27,1,IS,quantile,0.65,0.8358996617138499
2026-09-30,ILI incidence,2026-09-27,1,IS,quantile,0.7,0.9337530958320419
2026-09-30,ILI incidence,2026-09-27,1,IS,quantile,0.75,1.04521167097976
2026-09-30,ILI incidence,2026-09-27,1,IS,quantile,0.8,1.1945244782398192
2026-09-30,ILI incidence,2026-09-27,1,IS,quantile,0.85,1.3924060347221423
2026-09-30,ILI incidence,2026-09-27,1,IS,quantile,0.9,1.6397526308501482
2026-09-30,ILI incidence,2026-09-27,1,IS,quantile,0.95,2.0658908813080594
2026-09-30,ILI incidence,2026-09-27,1,IS,quantile,0.975,2.5254285062230934
2026-09-30,ILI incidence,2026-09-27,1,IS,quantile,0.99,3.147025550721277
2026-09-30,ILI incidence,2026-10-04,2,IS,quantile,0.01,0.0
2026-09-30,ILI incidence,2026-10-04,2,IS,quantile,0.025,0.0
2026-09-30,ILI incidence,2026-10-04,2,IS,quantile,0.05,0.0
2026-09-30,ILI incidence,2026-10-04,2,IS,quantile,0.1,0.0
2026-09-30,ILI incidence,2026-10-04,2,IS,quantile,0.15,0.05163119717669516
2026-09-30,ILI incidence,2026-10-04,2,IS,quantile,0.2,0.1550652740656884
2026-09-30,ILI incidence,2026-10-04,2,IS,quantile,0.25,0.25457151592534194
2026-09-30,ILI incidence,2026-10-04,2,IS,quantile,0.3,0.3427296033464877
2026-09-30,ILI incidence,2026-10-04,2,IS,quantile,0.35,0.4232304864481188
2026-09-30,ILI incidence,2026-10-04,2,IS,quantile,0.4,0.5166207849913594
2026-09-30,ILI incidence,2026-10-04,2,IS,quantile,0.45,0.6198088472034324
2026-09-30,ILI incidence,2026-10-04,2,IS,quantile,0.5,0.720631363731725
2026-09-30,ILI incidence,2026-10-04,2,IS,quantile,0.55,0.8185694801121148
2026-09-30,ILI incidence,2026-10-04,2,IS,quantile,0.6,0.9466034557055838
2026-09-30,ILI incidence,2026-10-04,2,IS,quantile,0.65,1.0884172471672124
2026-09-30,ILI incidence,2026-10-04,2,IS,quantile,0.7,1.2334571923401594
2026-09-30,ILI incidence,2026-10-04,2,IS,quantile,0.75,1.3857141221063576
2026-09-30,ILI incidence,2026-10-04,2,IS,quantile,0.8,1.595683496887545
2026-09-30,ILI incidence,2026-10-04,2,IS,quantile,0.85,1.8638638102505976
2026-09-30,ILI incidence,2026-10-04,2,IS,quantile,0.9,2.2410034903168667
2026-09-30,ILI incidence,2026-10-04,2,IS,quantile,0.95,2.893240294603804
2026-09-30,ILI incidence,2026-10-04,2,IS,quantile,0.975,3.564359498451984
2026-09-30,ILI incidence,2026-10-04,2,IS,quantile,0.99,4.4914502803996985
2026-09-30,ILI incidence,2026-10-11,3,IS,quantile,0.01,0.0
2026-09-30,ILI incidence,2026-10-11,3,IS,quantile,0.025,0.0
2026-09-30,ILI incidence,2026-10-11,3,IS,quantile,0.05,0.0
2026-09-30,ILI incidence,2026-10-11,3,IS,quantile,0.1,0.0
2026-09-30,ILI incidence,2026-10-11,3,IS,quantile,0.15,0.14124470660461444
2026-09-30,ILI incidence,2026-10-11,3,IS,quantile,0.2,0.27764480645802664
2026-09-30,ILI incidence,2026-10-11,3,IS,quantile,0.25,0.40008752770353656
2026-09-30,ILI incidence,2026-10-11,3,IS,quantile,0.3,0.5266717240476577
2026-09-30,ILI incidence,2026-10-11,3,IS,quantile,0.35,0.6548425810060452
2026-09-30,ILI incidence,2026-10-11,3,IS,quantile,0.4,0.7864000677591052
2026-09-30,ILI incidence,2026-10-11,3,IS,quantile,0.45,0.9236295238782439
2026-09-30,ILI incidence,2026-10-11,3,IS,quantile,0.5,1.068971608034538
2026-09-30,ILI incidence,2026-10-11,3,IS,quantile,0.55,1.2252951837746724
2026-09-30,ILI incidence,2026-10-11,3,IS,quantile,0.6,1.3962401211855888
2026-09-30,ILI incidence,2026-10-11,3,IS,quantile,0.65,1.5519811280377545
2026-09-30,ILI incidence,2026-10-11,3,IS,quantile,0.7,1.693168149736279
2026-09-30,ILI incidence,2026-10-11,3,IS,quantile,0.75,1.9370194277650516
2026-09-30,ILI incidence,2026-10-11,3,IS,quantile,0.8,2.2346289870670564
2026-09-30,ILI incidence,2026-10-11,3,IS,quantile,0.85,2.6198003721955425
2026-09-30,ILI incidence,2026-10-11,3,IS,quantile,0.9,3.170247600336449
2026-09-30,ILI incidence,2026-10-11,3,IS,quantile,0.95,4.129954146081906
2026-09-30,ILI incidence,2026-10-11,3,IS,quantile,0.975,5.093657380613443
2026-09-30,ILI incidence,2026-10-11,3,IS,quantile,0.99,6.459854751842453
2026-09-30,ILI incidence,2026-10-18,4,IS,quantile,0.01,0.0
2026-09-30,ILI incidence,2026-10-18,4,IS,quantile,0.025,0.0
2026-09-30,ILI incidence,2026-10-18,4,IS,quantile,0.05,0.0
2026-09-30,ILI incidence,2026-10-18,4,IS,quantile,0.1,0.07042925618905706
2026-09-30,ILI incidence,2026-10-18,4,IS,quantile,0.15,0.23485024185447767
2026-09-30,ILI incidence,2026-10-18,4,IS,quantile,0.2,0.38423937974844125
2026-09-30,ILI incidence,2026-10-18,4,IS,quantile,0.25,0.5267254033923586
2026-09-30,ILI incidence,2026-10-18,4,IS,quantile,0.3,0.6671393642242316
2026-09-30,ILI incidence,2026-10-18,4,IS,quantile,0.35,0.8087563477505542
2026-09-30,ILI incidence,2026-10-18,4,IS,quantile,0.4,0.9542447394693876
2026-09-30,ILI incidence,2026-10-18,4,IS,quantile,0.45,1.1061352651088974
2026-09-30,ILI incidence,2026-10-18,4,IS,quantile,0.5,1.2671391539621282
2026-09-30,ILI incidence,2026-10-18,4,IS,quantile,0.55,1.4404510140341609
2026-09-30,ILI incidence,2026-10-18,4,IS,quantile,0.6,1.6301311394721703
2026-09-30,ILI incidence,2026-10-18,4,IS,quantile,0.65,1.8416873006805679
2026-09-30,ILI incidence,2026-10-18,4,IS,quantile,0.7,2.0717766855069657
2026-09-30,ILI incidence,2026-10-18,4,IS,quantile,0.75,2.327575809973476
2026-09-30,ILI incidence,2026-10-18,4,IS,quantile,0.8,2.666745785825616
2026-09-30,ILI incidence,2026-10-18,4,IS,quantile,0.85,3.087910126117428
2026-09-30,ILI incidence,2026-10-18,4,IS,quantile,0.9,3.687222372463676
2026-09-30,ILI incidence,2026-10-18,4,IS,quantile,0.95,4.740852389372406
2026-09-30,ILI incidence,2026-10-18,4,IS,quantile,0.975,5.844725104537879
2026-09-30,ILI incidence,2026-10-18,4,IS,quantile,0.99,7.397767329796313
2026-09-30,ILI incidence,2026-09-27,1,LT,quantile,0.01,2.044293183285868
2026-09-30,ILI incidence,2026-09-27,1,LT,quantile,0.025,2.370222620540761
2026-09-30,ILI incidence,2026-09-27,1,LT,quantile,0.05,2.7008486844612234
2026-09-30,ILI incidence,2026-09-27,1,LT,quantile,0.1,3.0690886082606497
2026-09-30,ILI incidence,2026-09-27,1,LT,quantile,0.15,3.3183897778170746
2026-09-30,ILI incidence,2026-09-27,1,LT,quantile,0.2,3.5643827536387684
2026-09-30,ILI incidence,2026-09-27,1,LT,quantile,0.25,3.7258711631899986
2026-09-30,ILI incidence,2026-09-27,1,LT,quantile,0.3,3.9105281902053126
2026-09-30,ILI incidence,2026-09-27,1,LT,quantile,0.35,4.114379874259292
2026-09-30,ILI incidence,2026-09-27,1,LT,quantile,0.4,4.31563467031301
2026-09-30,ILI incidence,2026-09-27,1,LT,quantile,0.45,4.5025844135318716
2026-09-30,ILI incidence,2026-09-27,1,LT,quantile,0.5,4.702540132095564
2026-09-30,ILI incidence,2026-09-27,1,LT,quantile,0.55,4.885235971774481
2026-09-30,ILI incidence,2026-09-27,1,LT,quantile,0.6,5.11895404956185
2026-09-30,ILI incidence,2026-09-27,1,LT,quantile,0.65,5.3750101198480085
2026-09-30,ILI incidence,2026-09-27,1,LT,quantile,0.7,5.626255872029811
2026-09-30,ILI incidence,2026-09-27,1,LT,quantile,0.75,5.855706137967815
2026-09-30,ILI incidence,2026-09-27,1,LT,quantile,0.8,6.191108205994108
2026-09-30,ILI incidence,2026-09-27,1,LT,quantile,0.85,6.6028261159837704
2026-09-30,ILI incidence,2026-09-27,1,LT,quantile,0.9,7.154513491018136
2026-09-30,ILI incidence,2026-09-27,1,LT,quantile,0.95,8.00029423523994
2026-09-30,ILI incidence,2026-09-27,1,LT,quantile,0.975,8.66586010858008
2026-09-30,ILI incidence,2026-09-27,1,LT,quantile,0.99,9.59880869727168
2026-09-30,ILI incidence,2026-10-04,2,LT,quantile,0.01,1.9067998307210643
2026-09-30,ILI incidence,2026-10-04,2,LT,quantile,0.025,2.3238016827755907
2026-09-30,ILI incidence,2026-10-04,2,LT,quantile,0.05,2.7415244028484365
2026-09-30,ILI incidence,2026-10-04,2,LT,quantile,0.1,3.2555888086718863
2026-09-30,ILI incidence,2026-10-04,2,LT,quantile,0.15,3.6744784330400933
2026-09-30,ILI incidence,2026-10-04,2,LT,quantile,0.2,4.036613757828053
2026-09-30,ILI incidence,2026-10-04,2,LT,quantile,0.25,4.370990086786935
2026-09-30,ILI incidence,2026-10-04,2,LT,quantile,0.3,4.698988453969354
2026-09-30,ILI incidence,2026-10-04,2,LT,quantile,0.35,5.020781937870707
2026-09-30,ILI incidence,2026-10-04,2,LT,quantile,0.4,5.342917681433628
2026-09-30,ILI incidence,2026-10-04,2,LT,quantile,0.45,5.625718896339422
2026-09-30,ILI incidence,2026-10-04,2,LT,quantile,0.5,5.95241670278417
2026-09-30,ILI incidence,2026-10-04,2,LT,quantile,0.55,6.2952231697992875
2026-09-30,ILI incidence,2026-10-04,2,LT,quantile,0.6,6.660870385535937
2026-09-30,ILI incidence,2026-10-04,2,LT,quantile,0.65,7.073981747578379
2026-09-30,ILI incidence,2026-10-04,2,LT,quantile,0.7,7.562405209842103
2026-09-30,ILI incidence,2026-10-04,2,LT,quantile,0.75,8.15023811631258
2026-09-30,ILI incidence,2026-10-04,2,LT,quantile,0.8,8.78984303186855
2026-09-30,ILI incidence,2026-10-04,2,LT,quantile,0.85,9.556337310351685
2026-09-30,ILI incidence,2026-10-04,2,LT,quantile,0.9,10.538458652694041
2026-09-30,ILI incidence,2026-10-04,2,LT,quantile,0.95,12.237558486508462
2026-09-30,ILI incidence,2026-10-04,2,LT,quantile,0.975,13.837758756502708
2026-09-30,ILI incidence,2026-10-04,2,LT,quantile,0.99,15.947501102439315
2026-09-30,ILI incidence,2026-10-11,3,LT,quantile,0.01,1.6229153017697389
2026-09-30,ILI incidence,2026-10-11,3,LT,quantile,0.025,2.132622819695764
2026-09-30,ILI incidence,2026-10-11,3,LT,quantile,0.05,2.6495461918136103
2026-09-30,ILI incidence,2026-10-11,3,LT,quantile,0.1,3.401292402267829
2026-09-30,ILI incidence,2026-10-11,3,LT,quantile,0.15,4.040030715604312
2026-09-30,ILI incidence,2026-10-11,3,LT,quantile,0.2,4.611829311592324
2026-09-30,ILI incidence,2026-10-11,3,LT,quantile,0.25,5.098685669004244
2026-09-30,ILI incidence,2026-10-11,3,LT,quantile,0.3,5.610011017741203
2026-09-30,ILI incidence,2026-10-11,3,LT,quantile,0.35,6.138155222971656
2026-09-30,ILI incidence,2026-10-11,3,LT,quantile,0.4,6.678280143094709
2026-09-30,ILI incidence,2026-10-11,3,LT,quantile,0.45,7.23972565187688
2026-09-30,ILI incidence,2026-10-11,3,LT,quantile,0.5,7.8323368724425935
2026-09-30,ILI incidence,2026-10-11,3,LT,quantile,0.55,8.467569422112922
2026-09-30,ILI incidence,2026-10-11,3,LT,quantile,0.6,9.159850015171136
2026-09-30,ILI incidence,2026-10-11,3,LT,quantile,0.65,9.928618416318624
2026-09-30,ILI incidence,2026-10-11,3,LT,quantile,0.7,10.759839583775962
2026-09-30,ILI incidence,2026-10-11,3,LT,quantile,0.75,11.782947991600217
2026-09-30,ILI incidence,2026-10-11,3,LT,quantile,0.8,12.824927040749728
2026-09-30,ILI incidence,2026-10-11,3,LT,quantile,0.85,14.122818950849052
2026-09-30,ILI incidence,2026-10-11,3,LT,quantile,0.9,16.23753353537511
2026-09-30,ILI incidence,2026-10-11,3,LT,quantile,0.95,19.657441877045144
2026-09-30,ILI incidence,2026-10-11,3,LT,quantile,0.975,23.366054960971496
2026-09-30,ILI incidence,2026-10-11,3,LT,quantile,0.99,28.44000651969929
2026-09-30,ILI incidence,2026-10-18,4,LT,quantile,0.01,1.8942818764404632
2026-09-30,ILI incidence,2026-10-18,4,LT,quantile,0.025,2.547453412464994
2026-09-30,ILI incidence,2026-10-18,4,LT,quantile,0.05,3.189039845301964
2026-09-30,ILI incidence,2026-10-18,4,LT,quantile,0.1,4.118788083220846
2026-09-30,ILI incidence,2026-10-18,4,LT,quantile,0.15,4.832470785442098
2026-09-30,ILI incidence,2026-10-18,4,LT,quantile,0.2,5.525051561133258
2026-09-30,ILI incidence,2026-10-18,4,LT,quantile,0.25,6.18441033720735
2026-09-30,ILI incidence,2026-10-18,4,LT,quantile,0.3,6.833128840345915
2026-09-30,ILI incidence,2026-10-18,4,LT,quantile,0.35,7.486439346881099
2026-09-30,ILI incidence,2026-10-18,4,LT,quantile,0.4,8.156680248337622
2026-09-30,ILI incidence,2026-10-18,4,LT,quantile,0.45,8.855486348175873
2026-09-30,ILI incidence,2026-10-18,4,LT,quantile,0.5,9.59526139657818
2026-09-30,ILI incidence,2026-10-18,4,LT,quantile,0.55,10.390565629731476
2026-09-30,ILI incidence,2026-10-18,4,LT,quantile,0.6,11.144275733579043
2026-09-30,ILI incidence,2026-10-18,4,LT,quantile,0.65,11.940266036574506
2026-09-30,ILI incidence,2026-10-18,4,LT,quantile,0.7,13.039220316399739
2026-09-30,ILI incidence,2026-10-18,4,LT,quantile,0.75,14.085070706001307
2026-09-30,ILI incidence,2026-10-18,4,LT,quantile,0.8,15.416264360127894
2026-09-30,ILI incidence,2026-10-18,4,LT,quantile,0.85,17.391612248883224
2026-09-30,ILI incidence,2026-10-18,4,LT,quantile,0.9,19.94745673074161
2026-09-30,ILI incidence,2026-10-18,4,LT,quantile,0.95,24.22483351886457
2026-09-30,ILI incidence,2026-10-18,4,LT,quantile,0.975,28.870314585769343
2026-09-30,ILI incidence,2026-10-18,4,LT,quantile,0.99,35.94982511904871
2026-09-30,ILI incidence,2026-09-27,1,LU,quantile,0.01,0.0
2026-09-30,ILI incidence,2026-09-27,1,LU,quantile,0.025,0.0
2026-09-30,ILI incidence,2026-09-27,1,LU,quantile,0.05,0.1072201814452512
2026-09-30,ILI incidence,2026-09-27,1,LU,quantile,0.1,0.3767275332288242
2026-09-30,ILI incidence,2026-09-27,1,LU,quantile,0.15,0.5947169777681253
2026-09-30,ILI incidence,2026-09-27,1,LU,quantile,0.2,0.7923307051122088
2026-09-30,ILI incidence,2026-09-27,1,LU,quantile,0.25,0.9812708579562519
2026-09-30,ILI incidence,2026-09-27,1,LU,quantile,0.3,1.167860246563002
2026-09-30,ILI incidence,2026-09-27,1,LU,quantile,0.35,1.3564140876290087
2026-09-30,ILI incidence,2026-09-27,1,LU,quantile,0.4,1.5504755271329675
2026-09-30,ILI incidence,2026-09-27,1,LU,quantile,0.45,1.753430369323183
2026-09-30,ILI incidence,2026-09-27,1,LU,quantile,0.5,1.9689290762976779
2026-09-30,ILI incidence,2026-09-27,1,LU,quantile,0.55,2.201293905337608
2026-09-30,ILI incidence,2026-09-27,1,LU,quantile,0.6,2.4560378118955546
2026-09-30,ILI incidence,2026-09-27,1,LU,quantile,0.65,2.7406582766422227
2026-09-30,ILI incidence,2026-09-27,1,LU,quantile,0.7,3.066009270690141
2026-09-30,ILI incidence,2026-09-27,1,LU,quantile,0.75,3.4489322722781477
2026-09-30,ILI incidence,2026-09-27,1,LU,quantile,0.8,3.9179204679941866
2026-09-30,ILI incidence,2026-09-27,1,LU,quantile,0.85,4.527338068741269
2026-09-30,ILI incidence,2026-09-27,1,LU,quantile,0.9,5.4025303826190925
2026-09-30,ILI incidence,2026-09-27,1,LU,quantile,0.95,6.960963869517069
2026-09-30,ILI incidence,2026-09-27,1,LU,quantile,0.975,8.616769171759685
2026-09-30,ILI incidence,2026-09-27,1,LU,quantile,0.99,10.979695820358854
2026-09-30,ILI incidence,2026-10-04,2,LU,quantile,0.01,0.0
2026-09-30,ILI incidence,2026-10-04,2,LU,quantile,0.025,0.20173401566780227
2026-09-30,ILI incidence,2026-10-04,2,LU,quantile,0.05,0.451636064121421
2026-09-30,ILI incidence,2026-10-04,2,LU,quantile,0.1,0.8049095662071244
2026-09-30,ILI incidence,2026-10-04,2,LU,quantile,0.15,1.0906438932210631
2026-09-30,ILI incidence,2026-10-04,2,LU,quantile,0.2,1.349664453953117
2026-09-30,ILI incidence,2026-10-04,2,LU,quantile,0.25,1.5973115792702384
2026-09-30,ILI incidence,2026-10-04,2,LU,quantile,0.3,1.8418735149222318
2026-09-30,ILI incidence,2026-10-04,2,LU,quantile,0.35,2.089006561252779
2026-09-30,ILI incidence,2026-10-04,2,LU,quantile,0.4,2.3433547259731453
2026-09-30,ILI incidence,2026-10-04,2,LU,quantile,0.45,2.609355531637873
2026-09-30,ILI incidence,2026-10-04,2,LU,quantile,0.5,2.8917931356227835
2026-09-30,ILI incidence,2026-10-04,2,LU,quantile,0.55,3.196331915134878
2026-09-30,ILI incidence,2026-10-04,2,LU,quantile,0.6,3.5301964798461754
2026-09-30,ILI incidence,2026-10-04,2,LU,quantile,0.65,3.903211925952652
2026-09-30,ILI incidence,2026-10-04,2,LU,quantile,0.7,4.329601662759114
2026-09-30,ILI incidence,2026-10-04,2,LU,quantile,0.75,4.831435062071442
2026-09-30,ILI incidence,2026-10-04,2,LU,quantile,0.8,5.446049683817035
2026-09-30,ILI incidence,2026-10-04,2,LU,quantile,0.85,6.244683735758094
2026-09-30,ILI incidence,2026-10-04,2,LU,quantile,0.9,7.391585979739062
2026-09-30,ILI incidence,2026-10-04,2,LU,quantile,0.95,9.433781706606686
2026-09-30,ILI incidence,2026-10-04,2,LU,quantile,0.975,11.603499287705494
2026-09-30,ILI incidence,2026-10-04,2,LU,quantile,0.99,14.699697860984443
2026-09-30,ILI incidence,2026-10-11,3,LU,quantile,0.01,0.5452571518417295
2026-09-30,ILI incidence,2026-10-11,3,LU,quantile,0.025,0.9249407272516145
2026-09-30,ILI incidence,2026-10-11,3,LU,quantile,0.05,1.3253102195552293
2026-09-30,ILI incidence,2026-10-11,3,LU,quantile,0.1,1.8913116435263808
2026-09-30,ILI incidence,2026-10-11,3,LU,quantile,0.15,2.34911858349812
2026-09-30,ILI incidence,2026-10-11,3,LU,quantile,0.2,2.764133796748476
2026-09-30,ILI incidence,2026-10-11,3,LU,quantile,0.25,3.160933345433639
2026-09-30,ILI incidence,2026-10-11,3,LU,quantile,0.3,3.5527959753411773
2026-09-30,ILI incidence,2026-10-11,3,LU,quantile,0.35,3.94878421771125
2026-09-30,ILI incidence,2026-10-11,3,LU,quantile,0.4,4.35633915218791
2026-09-30,ILI incidence,2026-10-11,3,LU,quantile,0.45,4.782571419772767
2026-09-30,ILI incidence,2026-10-11,3,LU,quantile,0.5,5.2351474782895515
2026-09-30,ILI incidence,2026-10-11,3,LU,quantile,0.55,5.72314464514617
2026-09-30,ILI incidence,2026-10-11,3,LU,quantile,0.6,6.25814086289521
2026-09-30,ILI incidence,2026-10-11,3,LU,quantile,0.65,6.8558818420255765
2026-09-30,ILI incidence,2026-10-11,3,LU,quantile,0.7,7.539162371120131
2026-09-30,ILI incidence,2026-10-11,3,LU,quantile,0.75,8.343351803192345
2026-09-30,ILI incidence,2026-10-11,3,LU,quantile,0.8,9.32828963455105
2026-09-30,ILI incidence,2026-10-11,3,LU,quantile,0.85,10.608147966923843
2026-09-30,ILI incidence,2026-10-11,3,LU,quantile,0.9,12.446168683706556
2026-09-30,ILI incidence,2026-10-11,3,LU,quantile,0.95,15.719087091724342
2026-09-30,ILI incidence,2026-10-11,3,LU,quantile,0.975,19.196499313268895
2026-09-30,ILI incidence,2026-10-11,3,LU,quantile,0.99,24.15896077858922
2026-09-30,ILI incidence,2026-10-18,4,LU,quantile,0.01,0.8388393370614995
2026-09-30,ILI incidence,2026-10-18,4,LU,quantile,0.025,1.2906599455342762
2026-09-30,ILI incidence,2026-10-18,4,LU,quantile,0.05,1.767096880714599
2026-09-30,ILI incidence,2026-10-18,4,LU,quantile,0.1,2.440635014581927
2026-09-30,ILI incidence,2026-10-18,4,LU,quantile,0.15,2.985422637173768
2026-09-30,ILI incidence,2026-10-18,4,LU,quantile,0.2,3.4792885124174453
2026-09-30,ILI incidence,2026-10-18,4,LU,quantile,0.25,3.951477971624669
2026-09-30,ILI incidence,2026-10-18,4,LU,quantile,0.3,4.417792632441389
2026-09-30,ILI incidence,2026-10-18,4,LU,quantile,0.35,4.889016853826268
2026-09-30,ILI incidence,2026-10-18,4,LU,quantile,0.4,5.37400548449339
2026-09-30,ILI incidence,2026-10-18,4,LU,quantile,0.45,5.881220159840888
2026-09-30,ILI incidence,2026-10-18,4,LU,quantile,0.5,6.419783941538282
2026-09-30,ILI incidence,2026-10-18,4,LU,quantile,0.55,7.000498815660964
2026-09-30,ILI incidence,2026-10-18,4,LU,quantile,0.6,7.637142511571752
2026-09-30,ILI incidence,2026-10-18,4,LU,quantile,0.65,8.348452399714166
2026-09-30,ILI incidence,2026-10-18,4,LU,quantile,0.7,9.16155424802611
2026-09-30,ILI incidence,2026-10-18,4,LU,quantile,0.75,10.118537546688392
2026-09-30,ILI incidence,2026-10-18,4,LU,quantile,0.8,11.290611240265362
2026-09-30,ILI incidence,2026-10-18,4,LU,quantile,0.85,12.813640045500899
2026-09-30,ILI incidence,2026-10-18,4,LU,quantile,0.9,15.00088167032704
2026-09-30,ILI incidence,2026-10-18,4,LU,quantile,0.95,18.895650970085274
2026-09-30,ILI incidence,2026-10-18,4,LU,quantile,0.975,23.033769764227777
2026-09-30,ILI incidence,2026-10-18,4,LU,quantile,0.99,28.939099425121835
2026-09-30,ILI incidence,2026-09-27,1,MT,quantile,0.01,4914.951892018157
2026-09-30,ILI incidence,2026-09-27,1,MT,quantile,0.025,5406.761628000778
2026-09-30,ILI incidence,2026-09-27,1,MT,quantile,0.05,5855.029038790532
2026-09-30,ILI incidence,2026-09-27,1,MT,quantile,0.1,6606.519344297675
2026-09-30,ILI incidence,2026-09-27,1,MT,quantile,0.15,7167.301084207949
2026-09-30,ILI incidence,2026-09-27,1,MT,quantile,0.2,7646.744817420474
2026-09-30,ILI incidence,2026-09-27,1,MT,quantile,0.25,8083.541589438747
2026-09-30,ILI incidence,2026-09-27,1,MT,quantile,0.3,8463.419064005753
2026-09-30,ILI incidence,2026-09-27,1,MT,quantile,0.35,8899.021812006185
2026-09-30,ILI incidence,2026-09-27,1,MT,quantile,0.4,9250.047223760796
2026-09-30,ILI incidence,2026-09-27,1,MT,quantile,0.45,9581.149264179707
2026-09-30,ILI incidence,2026-09-27,1,MT,quantile,0.5,9918.569696810702
2026-09-30,ILI incidence,2026-09-27,1,MT,quantile,0.55,10336.007471110235
2026-09-30,ILI incidence,2026-09-27,1,MT,quantile,0.6,10805.57601306884
2026-09-30,ILI incidence,2026-09-27,1,MT,quantile,0.65,11313.340677579905
2026-09-30,ILI incidence,2026-09-27,1,MT,quantile,0.7,11792.606212869545
2026-09-30,ILI incidence,2026-09-27,1,MT,quantile,0.75,12292.603957566298
2026-09-30,ILI incidence,2026-09-27,1,MT,quantile,0.8,12874.359623245136
2026-09-30,ILI incidence,2026-09-27,1,MT,quantile,0.85,13732.150634385562
2026-09-30,ILI incidence,2026-09-27,1,MT,quantile,0.9,14822.862893723184
2026-09-30,ILI incidence,2026-09-27,1,MT,quantile,0.95,16300.53331995229
2026-09-30,ILI incidence,2026-09-27,1,MT,quantile,0.975,17744.71781778768
2026-09-30,ILI incidence,2026-09-27,1,MT,quantile,0.99,19655.79914079029
2026-09-30,ILI incidence,2026-10-04,2,MT,quantile,0.01,4029.183245682933
2026-09-30,ILI incidence,2026-10-04,2,MT,quantile,0.025,4642.414803406236
2026-09-30,ILI incidence,2026-10-04,2,MT,quantile,0.05,5230.216589705306
2026-09-30,ILI incidence,2026-10-04,2,MT,quantile,0.1,6046.614908482847
2026-09-30,ILI incidence,2026-10-04,2,MT,quantile,0.15,6650.752493153973
2026-09-30,ILI incidence,2026-10-04,2,MT,quantile,0.2,7173.659613319803
2026-09-30,ILI incidence,2026-10-04,2,MT,quantile,0.25,7654.9085057902685
2026-09-30,ILI incidence,2026-10-04,2,MT,quantile,0.3,8114.534060878237
2026-09-30,ILI incidence,2026-10-04,2,MT,quantile,0.35,8505.4215458322
2026-09-30,ILI incidence,2026-10-04,2,MT,quantile,0.4,8923.650156489266
2026-09-30,ILI incidence,2026-10-04,2,MT,quantile,0.45,9421.882440994437
2026-09-30,ILI incidence,2026-10-04,2,MT,quantile,0.5,9939.364132654566
2026-09-30,ILI incidence,2026-10-04,2,MT,quantile,0.55,10445.815107182152
2026-09-30,ILI incidence,2026-10-04,2,MT,quantile,0.6,10977.038870701064
2026-09-30,ILI incidence,2026-10-04,2,MT,quantile,0.65,11554.505491060638
2026-09-30,ILI incidence,2026-10-04,2,MT,quantile,0.7,12195.972503055491
2026-09-30,ILI incidence,2026-10-04,2,MT,quantile,0.75,12973.143556869893
2026-09-30,ILI incidence,2026-10-04,2,MT,quantile,0.8,13920.99922079541
2026-09-30,ILI incidence,2026-10-04,2,MT,quantile,0.85,15013.782448044489
2026-09-30,ILI incidence,2026-10-04,2,MT,quantile,0.9,16378.944892334062
2026-09-30,ILI incidence,2026-10-04,2,MT,quantile,0.95,18847.41532168527
2026-09-30,ILI incidence,2026-10-04,2,MT,quantile,0.975,21301.698619177583
2026-09-30,ILI incidence,2026-10-04,2,MT,quantile,0.99,24559.90449340565
2026-09-30,ILI incidence,2026-10-11,3,MT,quantile,0.01,2941.029048697703
2026-09-30,ILI incidence,2026-10-11,3,MT,quantile,0.025,3553.0682324244035
2026-09-30,ILI incidence,2026-10-11,3,MT,quantile,0.05,4210.102046451983
2026-09-30,ILI incidence,2026-10-11,3,MT,quantile,0.1,5147.283341055395
2026-09-30,ILI incidence,2026-10-11,3,MT,quantile,0.15,5894.774332998979
2026-09-30,ILI incidence,2026-10-11,3,MT,quantile,0.2,6565.524166988951
2026-09-30,ILI incidence,2026-10-11,3,MT,quantile,0.25,7201.466193021509
2026-09-30,ILI incidence,2026-10-11,3,MT,quantile,0.3,7824.881927370433
2026-09-30,ILI incidence,2026-10-11,3,MT,quantile,0.35,8450.638254589972
2026-09-30,ILI incidence,2026-10-11,3,MT,quantile,0.4,9090.62374352953
2026-09-30,ILI incidence,2026-10-11,3,MT,quantile,0.45,9755.9056872017
2026-09-30,ILI incidence,2026-10-11,3,MT,quantile,0.5,10172.235590515314
2026-09-30,ILI incidence,2026-10-11,3,MT,quantile,0.55,10530.642679778312
2026-09-30,ILI incidence,2026-10-11,3,MT,quantile,0.6,11130.679334456141
2026-09-30,ILI incidence,2026-10-11,3,MT,quantile,0.65,11914.873810308742
2026-09-30,ILI incidence,2026-10-11,3,MT,quantile,0.7,12801.15766307681
2026-09-30,ILI incidence,2026-10-11,3,MT,quantile,0.75,13831.694040023569
2026-09-30,ILI incidence,2026-10-11,3,MT,quantile,0.8,15127.736191068936
2026-09-30,ILI incidence,2026-10-11,3,MT,quantile,0.85,16850.353272138578
2026-09-30,ILI incidence,2026-10-11,3,MT,quantile,0.9,19008.600206396637
2026-09-30,ILI incidence,2026-10-11,3,MT,quantile,0.95,22952.410621761846
2026-09-30,ILI incidence,2026-10-11,3,MT,quantile,0.975,26845.26806001134
2026-09-30,ILI incidence,2026-10-11,3,MT,quantile,0.99,32430.17824192502
2026-09-30,ILI incidence,2026-10-18,4,MT,quantile,0.01,2823.7565194281965
2026-09-30,ILI incidence,2026-10-18,4,MT,quantile,0.025,3478.2307075812323
2026-09-30,ILI incidence,2026-10-18,4,MT,quantile,0.05,4170.934694793264
2026-09-30,ILI incidence,2026-10-18,4,MT,quantile,0.1,5089.986978314525
2026-09-30,ILI incidence,2026-10-18,4,MT,quantile,0.15,5799.640240668425
2026-09-30,ILI incidence,2026-10-18,4,MT,quantile,0.2,6433.556014537384
2026-09-30,ILI incidence,2026-10-18,4,MT,quantile,0.25,7032.332887024429
2026-09-30,ILI incidence,2026-10-18,4,MT,quantile,0.3,7622.9013155336015
2026-09-30,ILI incidence,2026-10-18,4,MT,quantile,0.35,8267.754778742055
2026-09-30,ILI incidence,2026-10-18,4,MT,quantile,0.4,8930.020894079285
2026-09-30,ILI incidence,2026-10-18,4,MT,quantile,0.45,9621.213817724209
2026-09-30,ILI incidence,2026-10-18,4,MT,quantile,0.5,10353.65480155968
2026-09-30,ILI incidence,2026-10-18,4,MT,quantile,0.55,11061.325200044957
2026-09-30,ILI incidence,2026-10-18,4,MT,quantile,0.6,11525.222017109661
2026-09-30,ILI incidence,2026-10-18,4,MT,quantile,0.65,12364.185452457652
2026-09-30,ILI incidence,2026-10-18,4,MT,quantile,0.7,13247.005188647483
2026-09-30,ILI incidence,2026-10-18,4,MT,quantile,0.75,14177.323789691554
2026-09-30,ILI incidence,2026-10-18,4,MT,quantile,0.8,15540.944473681533
2026-09-30,ILI incidence,2026-10-18,4,MT,quantile,0.85,17367.997216057058
2026-09-30,ILI incidence,2026-10-18,4,MT,quantile,0.9,19924.941612179497
2026-09-30,ILI incidence,2026-10-18,4,MT,quantile,0.95,24176.87773411248
2026-09-30,ILI incidence,2026-10-18,4,MT,quantile,0.975,28593.009897926804
2026-09-30,ILI incidence,2026-10-18,4,MT,quantile,0.99,34751.570934256575
2026-09-30,ILI incidence,2026-09-27,1,NO,quantile,0.01,9.896540337140141
2026-09-30,ILI incidence,2026-09-27,1,NO,quantile,0.025,10.561855585337284
2026-09-30,ILI incidence,2026-09-27,1,NO,quantile,0.05,11.16646532442187
2026-09-30,ILI incidence,2026-09-27,1,NO,quantile,0.1,11.888359461508514
2026-09-30,ILI incidence,2026-09-27,1,NO,quantile,0.15,12.329528372216107
2026-09-30,ILI incidence,2026-09-27,1,NO,quantile,0.2,12.7168661973695
2026-09-30,ILI incidence,2026-09-27,1,NO,quantile,0.25,13.090543358600007
2026-09-30,ILI incidence,2026-09-27,1,NO,quantile,0.3,13.488219857847344
2026-09-30,ILI incidence,2026-09-27,1,NO,quantile,0.35,13.840841865572008
2026-09-30,ILI incidence,2026-09-27,1,NO,quantile,0.4,14.151921834460437
2026-09-30,ILI incidence,2026-09-27,1,NO,quantile,0.45,14.437607907723788
2026-09-30,ILI incidence,2026-09-27,1,NO,quantile,0.5,14.734858029119264
2026-09-30,ILI incidence,2026-09-27,1,NO,quantile,0.55,15.039600485256454
2026-09-30,ILI incidence,2026-09-27,1,NO,quantile,0.6,15.410000581139771
2026-09-30,ILI incidence,2026-09-27,1,NO,quantile,0.65,15.801830041694508
2026-09-30,ILI incidence,2026-09-27,1,NO,quantile,0.7,16.224888767897493
2026-09-30,ILI incidence,2026-09-27,1,NO,quantile,0.75,16.654449584102597
2026-09-30,ILI incidence,2026-09-27,1,NO,quantile,0.8,17.090431004486202
2026-09-30,ILI incidence,2026-09-27,1,NO,quantile,0.85,17.676236928770976
2026-09-30,ILI incidence,2026-09-27,1,NO,quantile,0.9,18.37253289058831
2026-09-30,ILI incidence,2026-09-27,1,NO,quantile,0.95,19.45258485730103
2026-09-30,ILI incidence,2026-09-27,1,NO,quantile,0.975,20.4380138739153
2026-09-30,ILI incidence,2026-09-27,1,NO,quantile,0.99,21.647450958696986
2026-09-30,ILI incidence,2026-10-04,2,NO,quantile,0.01,8.861088716281106
2026-09-30,ILI incidence,2026-10-04,2,NO,quantile,0.025,9.664351240276329
2026-09-30,ILI incidence,2026-10-04,2,NO,quantile,0.05,10.407344329300162
2026-09-30,ILI incidence,2026-10-04,2,NO,quantile,0.1,11.194056861527269
2026-09-30,ILI incidence,2026-10-04,2,NO,quantile,0.15,11.766185243380825
2026-09-30,ILI incidence,2026-10-04,2,NO,quantile,0.2,12.302542101625113
2026-09-30,ILI incidence,2026-10-04,2,NO,quantile,0.25,12.805495525630858
2026-09-30,ILI incidence,2026-10-04,2,NO,quantile,0.3,13.290678575503469
2026-09-30,ILI incidence,2026-10-04,2,NO,quantile,0.35,13.70643937374129
2026-09-30,ILI incidence,2026-10-04,2,NO,quantile,0.4,14.268382811049268
2026-09-30,ILI incidence,2026-10-04,2,NO,quantile,0.45,14.725150250627923
2026-09-30,ILI incidence,2026-10-04,2,NO,quantile,0.5,15.165059094490722
2026-09-30,ILI incidence,2026-10-04,2,NO,quantile,0.55,15.586882730114986
2026-09-30,ILI incidence,2026-10-04,2,NO,quantile,0.6,16.018799362093063
2026-09-30,ILI incidence,2026-10-04,2,NO,quantile,0.65,16.4500334701163
2026-09-30,ILI incidence,2026-10-04,2,NO,quantile,0.7,16.973321625953343
2026-09-30,ILI incidence,2026-10-04,2,NO,quantile,0.75,17.671044918072734
2026-09-30,ILI incidence,2026-10-04,2,NO,quantile,0.8,18.4084794421069
2026-09-30,ILI incidence,2026-10-04,2,NO,quantile,0.85,19.23368315457391
2026-09-30,ILI incidence,2026-10-04,2,NO,quantile,0.9,20.56416136979992
2026-09-30,ILI incidence,2026-10-04,2,NO,quantile,0.95,22.526460100776987
2026-09-30,ILI incidence,2026-10-04,2,NO,quantile,0.975,24.185856165077244
2026-09-30,ILI incidence,2026-10-04,2,NO,quantile,0.99,26.344212124415662
2026-09-30,ILI incidence,2026-10-11,3,NO,quantile,0.01,6.509583333664581
2026-09-30,ILI incidence,2026-10-11,3,NO,quantile,0.025,7.52926999561923
2026-09-30,ILI incidence,2026-10-11,3,NO,quantile,0.05,8.516329943343912
2026-09-30,ILI incidence,2026-10-11,3,NO,quantile,0.1,9.796932629693192
2026-09-30,ILI incidence,2026-10-11,3,NO,quantile,0.15,10.75694643700834
2026-09-30,ILI incidence,2026-10-11,3,NO,quantile,0.2,11.513552658013607
2026-09-30,ILI incidence,2026-10-11,3,NO,quantile,0.25,12.332771060022978
2026-09-30,ILI incidence,2026-10-11,3,NO,quantile,0.3,13.004488976494184
2026-09-30,ILI incidence,2026-10-11,3,NO,quantile,0.35,13.477259324015234
2026-09-30,ILI incidence,2026-10-11,3,NO,quantile,0.4,14.215960432159928
2026-09-30,ILI incidence,2026-10-11,3,NO,quantile,0.45,14.866715230587824
2026-09-30,ILI incidence,2026-10-11,3,NO,quantile,0.5,15.633520193767337
2026-09-30,ILI incidence,2026-10-11,3,NO,quantile,0.55,16.2485858884179
2026-09-30,ILI incidence,2026-10-11,3,NO,quantile,0.6,17.26567577276699
2026-09-30,ILI incidence,2026-10-11,3,NO,quantile,0.65,18.135525181121587
2026-09-30,ILI incidence,2026-10-11,3,NO,quantile,0.7,19.20024311317673
2026-09-30,ILI incidence,2026-10-11,3,NO,quantile,0.75,20.306564671365663
2026-09-30,ILI incidence,2026-10-11,3,NO,quantile,0.8,21.70118963290126
2026-09-30,ILI incidence,2026-10-11,3,NO,quantile,0.85,23.524947406678876
2026-09-30,ILI incidence,2026-10-11,3,NO,quantile,0.9,26.382330655790877
2026-09-30,ILI incidence,2026-10-11,3,NO,quantile,0.95,30.770059437831108
2026-09-30,ILI incidence,2026-10-11,3,NO,quantile,0.975,35.06634486422221
2026-09-30,ILI incidence,2026-10-11,3,NO,quantile,0.99,40.797403708545794
2026-09-30,ILI incidence,2026-10-18,4,NO,quantile,0.01,5.694155970999361
2026-09-30,ILI incidence,2026-10-18,4,NO,quantile,0.025,7.002416527413876
2026-09-30,ILI incidence,2026-10-18,4,NO,quantile,0.05,8.056595433841501
2026-09-30,ILI incidence,2026-10-18,4,NO,quantile,0.1,9.42707302568924
2026-09-30,ILI incidence,2026-10-18,4,NO,quantile,0.15,10.467058873769815
2026-09-30,ILI incidence,2026-10-18,4,NO,quantile,0.2,11.323654106701973
2026-09-30,ILI incidence,2026-10-18,4,NO,quantile,0.25,12.139498738777055
2026-09-30,ILI incidence,2026-10-18,4,NO,quantile,0.3,12.870452827185048
2026-09-30,ILI incidence,2026-10-18,4,NO,quantile,0.35,13.719016203375878
2026-09-30,ILI incidence,2026-10-18,4,NO,quantile,0.4,14.550813528884836
2026-09-30,ILI incidence,2026-10-18,4,NO,quantile,0.45,15.49530252903958
2026-09-30,ILI incidence,2026-10-18,4,NO,quantile,0.5,16.146918253639527
2026-09-30,ILI incidence,2026-10-18,4,NO,quantile,0.55,17.01526255332518
2026-09-30,ILI incidence,2026-10-18,4,NO,quantile,0.6,17.910925313196415
2026-09-30,ILI incidence,2026-10-18,4,NO,quantile,0.65,18.90413952325703
2026-09-30,ILI incidence,2026-10-18,4,NO,quantile,0.7,20.064549777760213
2026-09-30,ILI incidence,2026-10-18,4,NO,quantile,0.75,21.90427660584448
2026-09-30,ILI incidence,2026-10-18,4,NO,quantile,0.8,23.60803001843577
2026-09-30,ILI incidence,2026-10-18,4,NO,quantile,0.85,25.83996604059451
2026-09-30,ILI incidence,2026-10-18,4,NO,quantile,0.9,28.632768675387897
2026-09-30,ILI incidence,2026-10-18,4,NO,quantile,0.95,33.3154963553087
2026-09-30,ILI incidence,2026-10-18,4,NO,quantile,0.975,38.06978683608419
2026-09-30,ILI incidence,2026-10-18,4,NO,quantile,0.99,44.84614395846974
2026-09-30,ILI incidence,2026-09-27,1,RO,quantile,0.01,0.0
2026-09-30,ILI incidence,2026-09-27,1,RO,quantile,0.025,0.0
2026-09-30,ILI incidence,2026-09-27,1,RO,quantile,0.05,0.0
2026-09-30,ILI incidence,2026-09-27,1,RO,quantile,0.1,0.0
2026-09-30,ILI incidence,2026-09-27,1,RO,quantile,0.15,0.012883300693183445
2026-09-30,ILI incidence,2026-09-27,1,RO,quantile,0.2,0.12080818192907783
2026-09-30,ILI incidence,2026-09-27,1,RO,quantile,0.25,0.2183020804270288
2026-09-30,ILI incidence,2026-09-27,1,RO,quantile,0.3,0.3186685982764535
2026-09-30,ILI incidence,2026-09-27,1,RO,quantile,0.35,0.41903950734903167
2026-09-30,ILI incidence,2026-09-27,1,RO,quantile,0.4,0.5213368809599787
2026-09-30,ILI incidence,2026-09-27,1,RO,quantile,0.45,0.6273244369518188
2026-09-30,ILI incidence,2026-09-27,1,RO,quantile,0.5,0.728126436145367
2026-09-30,ILI incidence,2026-09-27,1,RO,quantile,0.55,0.8163569277707665
2026-09-30,ILI incidence,2026-09-27,1,RO,quantile,0.6,0.8969691749801703
2026-09-30,ILI incidence,2026-09-27,1,RO,quantile,0.65,1.0232098173300328
2026-09-30,ILI incidence,2026-09-27,1,RO,quantile,0.7,1.1824521933011987
2026-09-30,ILI incidence,2026-09-27,1,RO,quantile,0.75,1.3432557619078151
2026-09-30,ILI incidence,2026-09-27,1,RO,quantile,0.8,1.5269020854178947
2026-09-30,ILI incidence,2026-09-27,1,RO,quantile,0.85,1.7592074841475753
2026-09-30,ILI incidence,2026-09-27,1,RO,quantile,0.9,2.0903099897941515
2026-09-30,ILI incidence,2026-09-27,1,RO,quantile,0.95,2.674403075090219
2026-09-30,ILI incidence,2026-09-27,1,RO,quantile,0.975,3.2881933957691816
2026-09-30,ILI incidence,2026-09-27,1,RO,quantile,0.99,4.169021775727003
2026-09-30,ILI incidence,2026-10-04,2,RO,quantile,0.01,0.0
2026-09-30,ILI incidence,2026-10-04,2,RO,quantile,0.025,0.0
2026-09-30,ILI incidence,2026-10-04,2,RO,quantile,0.05,0.0
2026-09-30,ILI incidence,2026-10-04,2,RO,quantile,0.1,0.0
2026-09-30,ILI incidence,2026-10-04,2,RO,quantile,0.15,0.08374776750256864
2026-09-30,ILI incidence,2026-10-04,2,RO,quantile,0.2,0.19919536119255365
2026-09-30,ILI incidence,2026-10-04,2,RO,quantile,0.25,0.3079922919074905
2026-09-30,ILI incidence,2026-10-04,2,RO,quantile,0.3,0.41408214978752256
2026-09-30,ILI incidence,2026-10-04,2,RO,quantile,0.35,0.5200565256981167
2026-09-30,ILI incidence,2026-10-04,2,RO,quantile,0.4,0.6279502436177005
2026-09-30,ILI incidence,2026-10-04,2,RO,quantile,0.45,0.7396222970601729
2026-09-30,ILI incidence,2026-10-04,2,RO,quantile,0.5,0.8570002890713715
2026-09-30,ILI incidence,2026-10-04,2,RO,quantile,0.55,0.9822981571567408
2026-09-30,ILI incidence,2026-10-04,2,RO,quantile,0.6,1.1182773166014364
2026-09-30,ILI incidence,2026-10-04,2,RO,quantile,0.65,1.2686327878677979
2026-09-30,ILI incidence,2026-10-04,2,RO,quantile,0.7,1.4386490375607348
2026-09-30,ILI incidence,2026-10-04,2,RO,quantile,0.75,1.63644525655588
2026-09-30,ILI incidence,2026-10-04,2,RO,quantile,0.8,1.8756366020143762
2026-09-30,ILI incidence,2026-10-04,2,RO,quantile,0.85,2.181967407008277
2026-09-30,ILI incidence,2026-10-04,2,RO,quantile,0.9,2.626696484616371
2026-09-30,ILI incidence,2026-10-04,2,RO,quantile,0.95,3.408225392390369
2026-09-30,ILI incidence,2026-10-04,2,RO,quantile,0.975,4.206777230007015
2026-09-30,ILI incidence,2026-10-04,2,RO,quantile,0.99,5.292476350122872
2026-09-30,ILI incidence,2026-10-11,3,RO,quantile,0.01,0.0
2026-09-30,ILI incidence,2026-10-11,3,RO,quantile,0.025,0.0
2026-09-30,ILI incidence,2026-10-11,3,RO,quantile,0.05,0.0
2026-09-30,ILI incidence,2026-10-11,3,RO,quantile,0.1,0.0
2026-09-30,ILI incidence,2026-10-11,3,RO,quantile,0.15,0.1455145371477356
2026-09-30,ILI incidence,2026-10-11,3,RO,quantile,0.2,0.28443047435876373
2026-09-30,ILI incidence,2026-10-11,3,RO,quantile,0.25,0.41695922002998065
2026-09-30,ILI incidence,2026-10-11,3,RO,quantile,0.3,0.5454162550447171
2026-09-30,ILI incidence,2026-10-11,3,RO,quantile,0.35,0.6705877347361646
2026-09-30,ILI incidence,2026-10-11,3,RO,quantile,0.4,0.7938229381463506
2026-09-30,ILI incidence,2026-10-11,3,RO,quantile,0.45,0.9082932493053282
2026-09-30,ILI incidence,2026-10-11,3,RO,quantile,0.5,1.050145232532591
2026-09-30,ILI incidence,2026-10-11,3,RO,quantile,0.55,1.2025417089360642
2026-09-30,ILI incidence,2026-10-11,3,RO,quantile,0.6,1.369001380357839
2026-09-30,ILI incidence,2026-10-11,3,RO,quantile,0.65,1.554282787669655
2026-09-30,ILI incidence,2026-10-11,3,RO,quantile,0.7,1.765245611132
2026-09-30,ILI incidence,2026-10-11,3,RO,quantile,0.75,2.0124966976756844
2026-09-30,ILI incidence,2026-10-11,3,RO,quantile,0.8,2.3139244368332657
2026-09-30,ILI incidence,2026-10-11,3,RO,quantile,0.85,2.7036946865356577
2026-09-30,ILI incidence,2026-10-11,3,RO,quantile,0.9,3.259509096651747
2026-09-30,ILI incidence,2026-10-11,3,RO,quantile,0.95,4.240679826912276
2026-09-30,ILI incidence,2026-10-11,3,RO,quantile,0.975,5.2729750329560225
2026-09-30,ILI incidence,2026-10-11,3,RO,quantile,0.99,6.731527932583066
2026-09-30,ILI incidence,2026-10-18,4,RO,quantile,0.01,0.0
2026-09-30,ILI incidence,2026-10-18,4,RO,quantile,0.025,0.0
2026-09-30,ILI incidence,2026-10-18,4,RO,quantile,0.05,0.0
2026-09-30,ILI incidence,2026-10-18,4,RO,quantile,0.1,0.07291668254079793
2026-09-30,ILI incidence,2026-10-18,4,RO,quantile,0.15,0.23997061125231503
2026-09-30,ILI incidence,2026-10-18,4,RO,quantile,0.2,0.39110182008884375
2026-09-30,ILI incidence,2026-10-18,4,RO,quantile,0.25,0.5353572689904904
2026-09-30,ILI incidence,2026-10-18,4,RO,quantile,0.3,0.6685964542936182
2026-09-30,ILI incidence,2026-10-18,4,RO,quantile,0.35,0.786120083581092
2026-09-30,ILI incidence,2026-10-18,4,RO,quantile,0.4,0.9277089010263184
2026-09-30,ILI incidence,2026-10-18,4,RO,quantile,0.45,1.078120147327987
2026-09-30,ILI incidence,2026-10-18,4,RO,quantile,0.5,1.2376003916333693
2026-09-30,ILI incidence,2026-10-18,4,RO,quantile,0.55,1.4093195569445491
2026-09-30,ILI incidence,2026-10-18,4,RO,quantile,0.6,1.597308914210097
2026-09-30,ILI incidence,2026-10-18,4,RO,quantile,0.65,1.8070391779784498
2026-09-30,ILI incidence,2026-10-18,4,RO,quantile,0.7,2.0464173861863406
2026-09-30,ILI incidence,2026-10-18,4,RO,quantile,0.75,2.3276961024604974
2026-09-30,ILI incidence,2026-10-18,4,RO,quantile,0.8,2.671579508341132
2026-09-30,ILI incidence,2026-10-18,4,RO,quantile,0.85,3.1175209588872215
2026-09-30,ILI incidence,2026-10-18,4,RO,quantile,0.9,3.756352688432558
2026-09-30,ILI incidence,2026-10-18,4,RO,quantile,0.95,4.889973572942679
2026-09-30,ILI incidence,2026-10-18,4,RO,quantile,0.975,6.0898588613098275
2026-09-30,ILI incidence,2026-10-18,4,RO,quantile,0.99,7.795578823178333
2026-09-30,ILI incidence,2026-09-27,1,SI,quantile,0.01,0.0
2026-09-30,ILI incidence,2026-09-27,1,SI,quantile,0.025,0.0
2026-09-30,ILI incidence,2026-09-27,1,SI,quantile,0.05,0.0
2026-09-30,ILI incidence,2026-09-27,1,SI,quantile,0.1,0.0
2026-09-30,ILI incidence,2026-09-27,1,SI,quantile,0.15,0.038410374362199816
2026-09-30,ILI incidence,2026-09-27,1,SI,quantile,0.2,0.12882526110271464
2026-09-30,ILI incidence,2026-09-27,1,SI,quantile,0.25,0.2253436200679182
2026-09-30,ILI incidence,2026-09-27,1,SI,quantile,0.3,0.3190333907541226
2026-09-30,ILI incidence,2026-09-27,1,SI,quantile,0.35,0.4068451397578689
2026-09-30,ILI incidence,2026-09-27,1,SI,quantile,0.4,0.467845944614371
2026-09-30,ILI incidence,2026-09-27,1,SI,quantile,0.45,0.5363616448883092
2026-09-30,ILI incidence,2026-09-27,1,SI,quantile,0.5,0.631294625223171
2026-09-30,ILI incidence,2026-09-27,1,SI,quantile,0.55,0.711990918919688
2026-09-30,ILI incidence,2026-09-27,1,SI,quantile,0.6,0.7879133353370276
2026-09-30,ILI incidence,2026-09-27,1,SI,quantile,0.65,0.8868369845017213
2026-09-30,ILI incidence,2026-09-27,1,SI,quantile,0.7,0.9796501311894935
2026-09-30,ILI incidence,2026-09-27,1,SI,quantile,0.75,1.0849385311416537
2026-09-30,ILI incidence,2026-09-27,1,SI,quantile,0.8,1.2195551936082538
2026-09-30,ILI incidence,2026-09-27,1,SI,quantile,0.85,1.4303265655635902
2026-09-30,ILI incidence,2026-09-27,1,SI,quantile,0.9,1.72418863213281
2026-09-30,ILI incidence,2026-09-27,1,SI,quantile,0.95,2.2108786598455454
2026-09-30,ILI incidence,2026-09-27,1,SI,quantile,0.975,2.6663983914172977
2026-09-30,ILI incidence,2026-09-27,1,SI,quantile,0.99,3.256194627764631
2026-09-30,ILI incidence,2026-10-04,2,SI,quantile,0.01,0.0
2026-09-30,ILI incidence,2026-10-04,2,SI,quantile,0.025,0.0
2026-09-30,ILI incidence,2026-10-04,2,SI,quantile,0.05,0.0
2026-09-30,ILI incidence,2026-10-04,2,SI,quantile,0.1,0.036862642931235
2026-09-30,ILI incidence,2026-10-04,2,SI,quantile,0.15,0.17309765458049303
2026-09-30,ILI incidence,2026-10-04,2,SI,quantile,0.2,0.2816244958161497
2026-09-30,ILI incidence,2026-10-04,2,SI,quantile,0.25,0.38269830071425465
2026-09-30,ILI incidence,2026-10-04,2,SI,quantile,0.3,0.480241177710275
2026-09-30,ILI incidence,2026-10-04,2,SI,quantile,0.35,0.576761380595715
2026-09-30,ILI incidence,2026-10-04,2,SI,quantile,0.4,0.6741627564498907
2026-09-30,ILI incidence,2026-10-04,2,SI,quantile,0.45,0.7741226861704744
2026-09-30,ILI incidence,2026-10-04,2,SI,quantile,0.5,0.8754555166958218
2026-09-30,ILI incidence,2026-10-04,2,SI,quantile,0.55,0.9817361975304776
2026-09-30,ILI incidence,2026-10-04,2,SI,quantile,0.6,1.0959000880868122
2026-09-30,ILI incidence,2026-10-04,2,SI,quantile,0.65,1.220636602800031
2026-09-30,ILI incidence,2026-10-04,2,SI,quantile,0.7,1.3340168154936183
2026-09-30,ILI incidence,2026-10-04,2,SI,quantile,0.75,1.4767392097536731
2026-09-30,ILI incidence,2026-10-04,2,SI,quantile,0.8,1.6770325650502378
2026-09-30,ILI incidence,2026-10-04,2,SI,quantile,0.85,1.9517345351843773
2026-09-30,ILI incidence,2026-10-04,2,SI,quantile,0.9,2.3292922573428236
2026-09-30,ILI incidence,2026-10-04,2,SI,quantile,0.95,2.964762160503371
2026-09-30,ILI incidence,2026-10-04,2,SI,quantile,0.975,3.5523682891584687
2026-09-30,ILI incidence,2026-10-04,2,SI,quantile,0.99,4.38824588769039
2026-09-30,ILI incidence,2026-10-11,3,SI,quantile,0.01,0.0
2026-09-30,ILI incidence,2026-10-11,3,SI,quantile,0.025,0.0
2026-09-30,ILI incidence,2026-10-11,3,SI,quantile,0.05,0.0
2026-09-30,ILI incidence,2026-10-11,3,SI,quantile,0.1,0.09508270165895397
2026-09-30,ILI incidence,2026-10-11,3,SI,quantile,0.15,0.2517140709885623
2026-09-30,ILI incidence,2026-10-11,3,SI,quantile,0.2,0.3920279762817876
2026-09-30,ILI incidence,2026-10-11,3,SI,quantile,0.25,0.5248755553143759
2026-09-30,ILI incidence,2026-10-11,3,SI,quantile,0.3,0.6549210692392995
2026-09-30,ILI incidence,2026-10-11,3,SI,quantile,0.35,0.7684703587280822
2026-09-30,ILI incidence,2026-10-11,3,SI,quantile,0.4,0.8793360162321863
2026-09-30,ILI incidence,2026-10-11,3,SI,quantile,0.45,0.9932105536771736
2026-09-30,ILI incidence,2026-10-11,3,SI,quantile,0.5,1.1120142960799617
2026-09-30,ILI incidence,2026-10-11,3,SI,quantile,0.55,1.2624881895162776
2026-09-30,ILI incidence,2026-10-11,3,SI,quantile,0.6,1.4123944439950842
2026-09-30,ILI incidence,2026-10-11,3,SI,quantile,0.65,1.5717047322367548
2026-09-30,ILI incidence,2026-10-11,3,SI,quantile,0.7,1.7645909827325792
2026-09-30,ILI incidence,2026-10-11,3,SI,quantile,0.75,2.004640954913289
2026-09-30,ILI incidence,2026-10-11,3,SI,quantile,0.8,2.296555147444505
2026-09-30,ILI incidence,2026-10-11,3,SI,quantile,0.85,2.6728005164071096
2026-09-30,ILI incidence,2026-10-11,3,SI,quantile,0.9,3.2077971856755205
2026-09-30,ILI incidence,2026-10-11,3,SI,quantile,0.95,4.147387314857795
2026-09-30,ILI incidence,2026-10-11,3,SI,quantile,0.975,5.130668685592093
2026-09-30,ILI incidence,2026-10-11,3,SI,quantile,0.99,6.512464189512394
2026-09-30,ILI incidence,2026-10-18,4,SI,quantile,0.01,0.0
2026-09-30,ILI incidence,2026-10-18,4,SI,quantile,0.025,0.0
2026-09-30,ILI incidence,2026-10-18,4,SI,quantile,0.05,0.0
2026-09-30,ILI incidence,2026-10-18,4,SI,quantile,0.1,0.20436932844086744
2026-09-30,ILI incidence,2026-10-18,4,SI,quantile,0.15,0.386437700731325
2026-09-30,ILI incidence,2026-10-18,4,SI,quantile,0.2,0.5515370818060106
2026-09-30,ILI incidence,2026-10-18,4,SI,quantile,0.25,0.6981192975252833
2026-09-30,ILI incidence,2026-10-18,4,SI,quantile,0.3,0.8458799280173781
2026-09-30,ILI incidence,2026-10-18,4,SI,quantile,0.35,0.9982597542669825
2026-09-30,ILI incidence,2026-10-18,4,SI,quantile,0.4,1.1544687241493485
2026-09-30,ILI incidence,2026-10-18,4,SI,quantile,0.45,1.3146481589376686
2026-09-30,ILI incidence,2026-10-18,4,SI,quantile,0.5,1.475734607989721
2026-09-30,ILI incidence,2026-10-18,4,SI,quantile,0.55,1.6569877972198603
2026-09-30,ILI incidence,2026-10-18,4,SI,quantile,0.6,1.854603580650838
2026-09-30,ILI incidence,2026-10-18,4,SI,quantile,0.65,2.0699340986647137
2026-09-30,ILI incidence,2026-10-18,4,SI,quantile,0.7,2.3144619468431964
2026-09-30,ILI incidence,2026-10-18,4,SI,quantile,0.75,2.600241965348069
2026-09-30,ILI incidence,2026-10-18,4,SI,quantile,0.8,2.94756066457169
2026-09-30,ILI incidence,2026-10-18,4,SI,quantile,0.85,3.3949136289156288
2026-09-30,ILI incidence,2026-10-18,4,SI,quantile,0.9,4.030496800272273
2026-09-30,ILI incidence,2026-10-18,4,SI,quantile,0.95,5.145463208260904
2026-09-30,ILI incidence,2026-10-18,4,SI,quantile,0.975,6.310807627307355
2026-09-30,ILI incidence,2026-10-18,4,SI,quantile,0.99,7.946365369680365
2026-09-30,ILI incidence,2026-09-27,1,SK,quantile,0.01,76.77872803134987
2026-09-30,ILI incidence,2026-09-27,1,SK,quantile,0.025,84.58876559639813
2026-09-30,ILI incidence,2026-09-27,1,SK,quantile,0.05,91.93025994103479
2026-09-30,ILI incidence,2026-09-27,1,SK,quantile,0.1,101.37985075267687
2026-09-30,ILI incidence,2026-09-27,1,SK,quantile,0.15,108.70917764259083
2026-09-30,ILI incidence,2026-09-27,1,SK,quantile,0.2,114.52951156666359
2026-09-30,ILI incidence,2026-09-27,1,SK,quantile,0.25,120.40995502523435
2026-09-30,ILI incidence,2026-09-27,1,SK,quantile,0.3,125.24997784952734
2026-09-30,ILI incidence,2026-09-27,1,SK,quantile,0.35,129.90705196379707
2026-09-30,ILI incidence,2026-09-27,1,SK,quantile,0.4,134.48950633464668
2026-09-30,ILI incidence,2026-09-27,1,SK,quantile,0.45,140.05221213780717
2026-09-30,ILI incidence,2026-09-27,1,SK,quantile,0.5,144.90055654106746
2026-09-30,ILI incidence,2026-09-27,1,SK,quantile,0.55,149.91555159869455
2026-09-30,ILI incidence,2026-09-27,1,SK,quantile,0.6,155.18793755206
2026-09-30,ILI incidence,2026-09-27,1,SK,quantile,0.65,160.83101967379883
2026-09-30,ILI incidence,2026-09-27,1,SK,quantile,0.7,167.04388369525248
2026-09-30,ILI incidence,2026-09-27,1,SK,quantile,0.75,174.27300690084567
2026-09-30,ILI incidence,2026-09-27,1,SK,quantile,0.8,183.42337745352137
2026-09-30,ILI incidence,2026-09-27,1,SK,quantile,0.85,194.11866622862732
2026-09-30,ILI incidence,2026-09-27,1,SK,quantile,0.9,207.56584556241387
2026-09-30,ILI incidence,2026-09-27,1,SK,quantile,0.95,229.13328507901394
2026-09-30,ILI incidence,2026-09-27,1,SK,quantile,0.975,249.814356627457
2026-09-30,ILI incidence,2026-09-27,1,SK,quantile,0.99,276.0870466557812
2026-09-30,ILI incidence,2026-10-04,2,SK,quantile,0.01,71.9175315881727
2026-09-30,ILI incidence,2026-10-04,2,SK,quantile,0.025,82.72612070812042
2026-09-30,ILI incidence,2026-10-04,2,SK,quantile,0.05,93.66672285318904
2026-09-30,ILI incidence,2026-10-04,2,SK,quantile,0.1,107.5070328502934
2026-09-30,ILI incidence,2026-10-04,2,SK,quantile,0.15,118.43323473537005
2026-09-30,ILI incidence,2026-10-04,2,SK,quantile,0.2,128.96011380266341
2026-09-30,ILI incidence,2026-10-04,2,SK,quantile,0.25,137.74331773099115
2026-09-30,ILI incidence,2026-10-04,2,SK,quantile,0.3,146.0831384245996
2026-09-30,ILI incidence,2026-10-04,2,SK,quantile,0.35,153.7968830509259
2026-09-30,ILI incidence,2026-10-04,2,SK,quantile,0.4,162.07876516979434
2026-09-30,ILI incidence,2026-10-04,2,SK,quantile,0.45,170.5819642442842
2026-09-30,ILI incidence,2026-10-04,2,SK,quantile,0.5,179.35854456064789
2026-09-30,ILI incidence,2026-10-04,2,SK,quantile,0.55,188.39196215585008
2026-09-30,ILI incidence,2026-10-04,2,SK,quantile,0.6,198.0344704626197
2026-09-30,ILI incidence,2026-10-04,2,SK,quantile,0.65,208.5169917601102
2026-09-30,ILI incidence,2026-10-04,2,SK,quantile,0.7,220.1620240392879
2026-09-30,ILI incidence,2026-10-04,2,SK,quantile,0.75,233.45600932728124
2026-09-30,ILI incidence,2026-10-04,2,SK,quantile,0.8,249.20195609847417
2026-09-30,ILI incidence,2026-10-04,2,SK,quantile,0.85,268.8953703856683
2026-09-30,ILI incidence,2026-10-04,2,SK,quantile,0.9,295.89104906230347
2026-09-30,ILI incidence,2026-10-04,2,SK,quantile,0.95,341.7554197822894
2026-09-30,ILI incidence,2026-10-04,2,SK,quantile,0.975,388.656120639962
2026-09-30,ILI incidence,2026-10-04,2,SK,quantile,0.99,451.23429402722127
2026-09-30,ILI incidence,2026-10-11,3,SK,quantile,0.01,54.125788467857866
2026-09-30,ILI incidence,2026-10-11,3,SK,quantile,0.025,66.28849359584076
2026-09-30,ILI incidence,2026-10-11,3,SK,quantile,0.05,78.87475429064826
2026-09-30,ILI incidence,2026-10-11,3,SK,quantile,0.1,96.04584519879509
2026-09-30,ILI incidence,2026-10-11,3,SK,quantile,0.15,109.90290595862737
2026-09-30,ILI incidence,2026-10-11,3,SK,quantile,0.2,122.6613916127106
2026-09-30,ILI incidence,2026-10-11,3,SK,quantile,0.25,134.435221614531
2026-09-30,ILI incidence,2026-10-11,3,SK,quantile,0.3,145.96082873840638
2026-09-30,ILI incidence,2026-10-11,3,SK,quantile,0.35,157.5147957114347
2026-09-30,ILI incidence,2026-10-11,3,SK,quantile,0.4,168.69495591767577
2026-09-30,ILI incidence,2026-10-11,3,SK,quantile,0.45,178.87511445637563
2026-09-30,ILI incidence,2026-10-11,3,SK,quantile,0.5,190.3346543138508
2026-09-30,ILI incidence,2026-10-11,3,SK,quantile,0.55,204.14143360161182
2026-09-30,ILI incidence,2026-10-11,3,SK,quantile,0.6,219.19153657388568
2026-09-30,ILI incidence,2026-10-11,3,SK,quantile,0.65,235.4898774091168
2026-09-30,ILI incidence,2026-10-11,3,SK,quantile,0.7,252.73340277997195
2026-09-30,ILI incidence,2026-10-11,3,SK,quantile,0.75,274.9950872922733
2026-09-30,ILI incidence,2026-10-11,3,SK,quantile,0.8,302.257341691923
2026-09-30,ILI incidence,2026-10-11,3,SK,quantile,0.85,337.4518501048583
2026-09-30,ILI incidence,2026-10-11,3,SK,quantile,0.9,387.59412161349985
2026-09-30,ILI incidence,2026-10-11,3,SK,quantile,0.95,473.31731868515254
2026-09-30,ILI incidence,2026-10-11,3,SK,quantile,0.975,562.0385442576901
2026-09-30,ILI incidence,2026-10-11,3,SK,quantile,0.99,690.0762282059655
2026-09-30,ILI incidence,2026-10-18,4,SK,quantile,0.01,49.223023319750695
2026-09-30,ILI incidence,2026-10-18,4,SK,quantile,0.025,60.56242848052266
2026-09-30,ILI incidence,2026-10-18,4,SK,quantile,0.05,72.17308781727758
2026-09-30,ILI incidence,2026-10-18,4,SK,quantile,0.1,87.9267460503371
2026-09-30,ILI incidence,2026-10-18,4,SK,quantile,0.15,100.38941192530999
2026-09-30,ILI incidence,2026-10-18,4,SK,quantile,0.2,111.85455621089127
2026-09-30,ILI incidence,2026-10-18,4,SK,quantile,0.25,122.71851133929566
2026-09-30,ILI incidence,2026-10-18,4,SK,quantile,0.3,133.36313168200147
2026-09-30,ILI incidence,2026-10-18,4,SK,quantile,0.35,144.23422362570784
2026-09-30,ILI incidence,2026-10-18,4,SK,quantile,0.4,155.2431474168354
2026-09-30,ILI incidence,2026-10-18,4,SK,quantile,0.45,166.3054088253164
2026-09-30,ILI incidence,2026-10-18,4,SK,quantile,0.5,178.2756733397763
2026-09-30,ILI incidence,2026-10-18,4,SK,quantile,0.55,191.11834847777396
2026-09-30,ILI incidence,2026-10-18,4,SK,quantile,0.6,205.2167913732635
2026-09-30,ILI incidence,2026-10-18,4,SK,quantile,0.65,220.60839496539674
2026-09-30,ILI incidence,2026-10-18,4,SK,quantile,0.7,238.66321986129068
2026-09-30,ILI incidence,2026-10-18,4,SK,quantile,0.75,260.55660070925705
2026-09-30,ILI incidence,2026-10-18,4,SK,quantile,0.8,287.2974008157011
2026-09-30,ILI incidence,2026-10-18,4,SK,quantile,0.85,319.8612874479259
2026-09-30,ILI incidence,2026-10-18,4,SK,quantile,0.9,365.6624467413461
2026-09-30,ILI incidence,2026-10-18,4,SK,quantile,0.95,445.88333396001616
2026-09-30,ILI incidence,2026-10-18,4,SK,quantile,0.975,532.3407971937313
2026-09-30,ILI incidence,2026-10-18,4,SK,quantile,0.99,659.5759868818187
