origin_date,target,target_end_date,horizon,location,output_type,output_type_id,value
2026-08-12,ARI incidence,2026-08-09,1,BE,quantile,0.01,168.1142290459433
2026-08-12,ARI incidence,2026-08-09,1,BE,quantile,0.025,177.6711348916881
2026-08-12,ARI incidence,2026-08-09,1,BE,quantile,0.05,186.77484476055068
2026-08-12,ARI incidence,2026-08-09,1,BE,quantile,0.1,194.9404257698392
2026-08-12,ARI incidence,2026-08-09,1,BE,quantile,0.15,200.52791157922275
2026-08-12,ARI incidence,2026-08-09,1,BE,quantile,0.2,205.71094192374645
2026-08-12,ARI incidence,2026-08-09,1,BE,quantile,0.25,210.26362742504926
2026-08-12,ARI incidence,2026-08-09,1,BE,quantile,0.3,214.43747091304886
2026-08-12,ARI incidence,2026-08-09,1,BE,quantile,0.35,220.2105373366549
2026-08-12,ARI incidence,2026-08-09,1,BE,quantile,0.4,226.47046891418483
2026-08-12,ARI incidence,2026-08-09,1,BE,quantile,0.45,230.05913957875148
2026-08-12,ARI incidence,2026-08-09,1,BE,quantile,0.5,232.9834043992128
2026-08-12,ARI incidence,2026-08-09,1,BE,quantile,0.55,240.20226272039352
2026-08-12,ARI incidence,2026-08-09,1,BE,quantile,0.6,248.1507130774862
2026-08-12,ARI incidence,2026-08-09,1,BE,quantile,0.65,256.45989736661636
2026-08-12,ARI incidence,2026-08-09,1,BE,quantile,0.7,260.1342688263286
2026-08-12,ARI incidence,2026-08-09,1,BE,quantile,0.75,264.15834539790336
2026-08-12,ARI incidence,2026-08-09,1,BE,quantile,0.8,268.7123604206667
2026-08-12,ARI incidence,2026-08-09,1,BE,quantile,0.85,274.1194318730467
2026-08-12,ARI incidence,2026-08-09,1,BE,quantile,0.9,281.07702717700226
2026-08-12,ARI incidence,2026-08-09,1,BE,quantile,0.95,291.7142016155083
2026-08-12,ARI incidence,2026-08-09,1,BE,quantile,0.975,301.26467267700775
2026-08-12,ARI incidence,2026-08-09,1,BE,quantile,0.99,312.7616339779153
2026-08-12,ARI incidence,2026-08-16,2,BE,quantile,0.01,125.63519806940405
2026-08-12,ARI incidence,2026-08-16,2,BE,quantile,0.025,138.26339949991413
2026-08-12,ARI incidence,2026-08-16,2,BE,quantile,0.05,150.12707262275273
2026-08-12,ARI incidence,2026-08-16,2,BE,quantile,0.1,165.06479789160744
2026-08-12,ARI incidence,2026-08-16,2,BE,quantile,0.15,177.27976453783958
2026-08-12,ARI incidence,2026-08-16,2,BE,quantile,0.2,185.98591180894158
2026-08-12,ARI incidence,2026-08-16,2,BE,quantile,0.25,193.89230490362132
2026-08-12,ARI incidence,2026-08-16,2,BE,quantile,0.3,202.23767206532725
2026-08-12,ARI incidence,2026-08-16,2,BE,quantile,0.35,210.28956340020304
2026-08-12,ARI incidence,2026-08-16,2,BE,quantile,0.4,218.22479065783602
2026-08-12,ARI incidence,2026-08-16,2,BE,quantile,0.45,226.1857514968593
2026-08-12,ARI incidence,2026-08-16,2,BE,quantile,0.5,234.3026972040218
2026-08-12,ARI incidence,2026-08-16,2,BE,quantile,0.55,242.7096470473547
2026-08-12,ARI incidence,2026-08-16,2,BE,quantile,0.6,251.55975451199978
2026-08-12,ARI incidence,2026-08-16,2,BE,quantile,0.65,261.0449321797139
2026-08-12,ARI incidence,2026-08-16,2,BE,quantile,0.7,271.42665569250704
2026-08-12,ARI incidence,2026-08-16,2,BE,quantile,0.75,283.0920750507211
2026-08-12,ARI incidence,2026-08-16,2,BE,quantile,0.8,296.67083305963547
2026-08-12,ARI incidence,2026-08-16,2,BE,quantile,0.85,307.9208174548249
2026-08-12,ARI incidence,2026-08-16,2,BE,quantile,0.9,327.46783574562687
2026-08-12,ARI incidence,2026-08-16,2,BE,quantile,0.95,354.48280863545455
2026-08-12,ARI incidence,2026-08-16,2,BE,quantile,0.975,384.0504095972751
2026-08-12,ARI incidence,2026-08-16,2,BE,quantile,0.99,422.44806054602515
2026-08-12,ARI incidence,2026-08-23,3,BE,quantile,0.01,110.14661558212141
2026-08-12,ARI incidence,2026-08-23,3,BE,quantile,0.025,124.8667861031543
2026-08-12,ARI incidence,2026-08-23,3,BE,quantile,0.05,139.15407739788847
2026-08-12,ARI incidence,2026-08-23,3,BE,quantile,0.1,157.46286079199677
2026-08-12,ARI incidence,2026-08-23,3,BE,quantile,0.15,171.2124496592567
2026-08-12,ARI incidence,2026-08-23,3,BE,quantile,0.2,182.98614847308798
2026-08-12,ARI incidence,2026-08-23,3,BE,quantile,0.25,193.7263984609571
2026-08-12,ARI incidence,2026-08-23,3,BE,quantile,0.3,203.90475969552858
2026-08-12,ARI incidence,2026-08-23,3,BE,quantile,0.35,213.81084779701078
2026-08-12,ARI incidence,2026-08-23,3,BE,quantile,0.4,223.65322332722505
2026-08-12,ARI incidence,2026-08-23,3,BE,quantile,0.45,233.60485213876177
2026-08-12,ARI incidence,2026-08-23,3,BE,quantile,0.5,243.82900810394221
2026-08-12,ARI incidence,2026-08-23,3,BE,quantile,0.55,254.49873612037126
2026-08-12,ARI incidence,2026-08-23,3,BE,quantile,0.6,265.81675126401876
2026-08-12,ARI incidence,2026-08-23,3,BE,quantile,0.65,278.0419749462686
2026-08-12,ARI incidence,2026-08-23,3,BE,quantile,0.7,291.53221495795367
2026-08-12,ARI incidence,2026-08-23,3,BE,quantile,0.75,306.8228924424877
2026-08-12,ARI incidence,2026-08-23,3,BE,quantile,0.8,320.06691502743064
2026-08-12,ARI incidence,2026-08-23,3,BE,quantile,0.85,340.76142712017213
2026-08-12,ARI incidence,2026-08-23,3,BE,quantile,0.9,369.77681963062867
2026-08-12,ARI incidence,2026-08-23,3,BE,quantile,0.95,402.9440640523073
2026-08-12,ARI incidence,2026-08-23,3,BE,quantile,0.975,446.28957679355483
2026-08-12,ARI incidence,2026-08-23,3,BE,quantile,0.99,503.6993640137126
2026-08-12,ARI incidence,2026-08-30,4,BE,quantile,0.01,107.78768799007155
2026-08-12,ARI incidence,2026-08-30,4,BE,quantile,0.025,123.47721275654322
2026-08-12,ARI incidence,2026-08-30,4,BE,quantile,0.05,138.76929550011954
2026-08-12,ARI incidence,2026-08-30,4,BE,quantile,0.1,158.74590282353066
2026-08-12,ARI incidence,2026-08-30,4,BE,quantile,0.15,173.81317672747207
2026-08-12,ARI incidence,2026-08-30,4,BE,quantile,0.2,186.79538800506157
2026-08-12,ARI incidence,2026-08-30,4,BE,quantile,0.25,198.69867444435124
2026-08-12,ARI incidence,2026-08-30,4,BE,quantile,0.3,210.02983543747192
2026-08-12,ARI incidence,2026-08-30,4,BE,quantile,0.35,221.10299381699053
2026-08-12,ARI incidence,2026-08-30,4,BE,quantile,0.4,232.14711984759737
2026-08-12,ARI incidence,2026-08-30,4,BE,quantile,0.45,243.35486077751153
2026-08-12,ARI incidence,2026-08-30,4,BE,quantile,0.5,254.91080317322852
2026-08-12,ARI incidence,2026-08-30,4,BE,quantile,0.55,267.0132450501847
2026-08-12,ARI incidence,2026-08-30,4,BE,quantile,0.6,279.89705428733737
2026-08-12,ARI incidence,2026-08-30,4,BE,quantile,0.65,293.86472944497996
2026-08-12,ARI incidence,2026-08-30,4,BE,quantile,0.7,309.33687272230156
2026-08-12,ARI incidence,2026-08-30,4,BE,quantile,0.75,326.9457881380016
2026-08-12,ARI incidence,2026-08-30,4,BE,quantile,0.8,347.67217712070055
2026-08-12,ARI incidence,2026-08-30,4,BE,quantile,0.85,373.6304506717147
2026-08-12,ARI incidence,2026-08-30,4,BE,quantile,0.9,407.83868208693855
2026-08-12,ARI incidence,2026-08-30,4,BE,quantile,0.95,451.9621459009175
2026-08-12,ARI incidence,2026-08-30,4,BE,quantile,0.975,507.6438179445867
2026-08-12,ARI incidence,2026-08-30,4,BE,quantile,0.99,581.0478514188425
2026-08-12,ARI incidence,2026-08-09,1,BG,quantile,0.01,162.458311707566
2026-08-12,ARI incidence,2026-08-09,1,BG,quantile,0.025,171.21770522726035
2026-08-12,ARI incidence,2026-08-09,1,BG,quantile,0.05,179.33022345891374
2026-08-12,ARI incidence,2026-08-09,1,BG,quantile,0.1,189.1588507356541
2026-08-12,ARI incidence,2026-08-09,1,BG,quantile,0.15,196.06263741347544
2026-08-12,ARI incidence,2026-08-09,1,BG,quantile,0.2,200.58046489828783
2026-08-12,ARI incidence,2026-08-09,1,BG,quantile,0.25,206.3929124700327
2026-08-12,ARI incidence,2026-08-09,1,BG,quantile,0.3,210.42569330476138
2026-08-12,ARI incidence,2026-08-09,1,BG,quantile,0.35,213.38674719814819
2026-08-12,ARI incidence,2026-08-09,1,BG,quantile,0.4,216.23483434077247
2026-08-12,ARI incidence,2026-08-09,1,BG,quantile,0.45,219.0263988497731
2026-08-12,ARI incidence,2026-08-09,1,BG,quantile,0.5,221.80872601922113
2026-08-12,ARI incidence,2026-08-09,1,BG,quantile,0.55,224.62623689625315
2026-08-12,ARI incidence,2026-08-09,1,BG,quantile,0.6,227.52563467069535
2026-08-12,ARI incidence,2026-08-09,1,BG,quantile,0.65,230.561554243019
2026-08-12,ARI incidence,2026-08-09,1,BG,quantile,0.7,233.8046143982556
2026-08-12,ARI incidence,2026-08-09,1,BG,quantile,0.75,237.355359841056
2026-08-12,ARI incidence,2026-08-09,1,BG,quantile,0.8,241.3725056526654
2026-08-12,ARI incidence,2026-08-09,1,BG,quantile,0.85,246.14051065327592
2026-08-12,ARI incidence,2026-08-09,1,BG,quantile,0.9,252.273230693036
2026-08-12,ARI incidence,2026-08-09,1,BG,quantile,0.95,261.64389065074033
2026-08-12,ARI incidence,2026-08-09,1,BG,quantile,0.975,270.05185036240647
2026-08-12,ARI incidence,2026-08-09,1,BG,quantile,0.99,282.86181286322153
2026-08-12,ARI incidence,2026-08-16,2,BG,quantile,0.01,141.55460032310214
2026-08-12,ARI incidence,2026-08-16,2,BG,quantile,0.025,151.32763421329574
2026-08-12,ARI incidence,2026-08-16,2,BG,quantile,0.05,160.26722084914013
2026-08-12,ARI incidence,2026-08-16,2,BG,quantile,0.1,171.2270381794346
2026-08-12,ARI incidence,2026-08-16,2,BG,quantile,0.15,179.03933990961846
2026-08-12,ARI incidence,2026-08-16,2,BG,quantile,0.2,185.500276840546
2026-08-12,ARI incidence,2026-08-16,2,BG,quantile,0.25,191.8631568187795
2026-08-12,ARI incidence,2026-08-16,2,BG,quantile,0.3,198.27763587140646
2026-08-12,ARI incidence,2026-08-16,2,BG,quantile,0.35,204.41189457359164
2026-08-12,ARI incidence,2026-08-16,2,BG,quantile,0.4,210.40721655792848
2026-08-12,ARI incidence,2026-08-16,2,BG,quantile,0.45,216.37425704610342
2026-08-12,ARI incidence,2026-08-16,2,BG,quantile,0.5,222.4111055245501
2026-08-12,ARI incidence,2026-08-16,2,BG,quantile,0.55,228.61560743191242
2026-08-12,ARI incidence,2026-08-16,2,BG,quantile,0.6,235.09658593667254
2026-08-12,ARI incidence,2026-08-16,2,BG,quantile,0.65,241.98749678208074
2026-08-12,ARI incidence,2026-08-16,2,BG,quantile,0.7,248.517099144571
2026-08-12,ARI incidence,2026-08-16,2,BG,quantile,0.75,254.74896028268208
2026-08-12,ARI incidence,2026-08-16,2,BG,quantile,0.8,266.34192502143105
2026-08-12,ARI incidence,2026-08-16,2,BG,quantile,0.85,275.5515371973746
2026-08-12,ARI incidence,2026-08-16,2,BG,quantile,0.9,287.59138666316466
2026-08-12,ARI incidence,2026-08-16,2,BG,quantile,0.95,305.8461691726945
2026-08-12,ARI incidence,2026-08-16,2,BG,quantile,0.975,321.91609345867937
2026-08-12,ARI incidence,2026-08-16,2,BG,quantile,0.99,341.0069922391616
2026-08-12,ARI incidence,2026-08-23,3,BG,quantile,0.01,121.16523537538855
2026-08-12,ARI incidence,2026-08-23,3,BG,quantile,0.025,133.03548650038962
2026-08-12,ARI incidence,2026-08-23,3,BG,quantile,0.05,144.16304629043006
2026-08-12,ARI incidence,2026-08-23,3,BG,quantile,0.1,158.14371218446234
2026-08-12,ARI incidence,2026-08-23,3,BG,quantile,0.15,168.3293989655223
2026-08-12,ARI incidence,2026-08-23,3,BG,quantile,0.2,178.53444562168698
2026-08-12,ARI incidence,2026-08-23,3,BG,quantile,0.25,188.41036123744504
2026-08-12,ARI incidence,2026-08-23,3,BG,quantile,0.3,197.74137575683514
2026-08-12,ARI incidence,2026-08-23,3,BG,quantile,0.35,206.79780159639046
2026-08-12,ARI incidence,2026-08-23,3,BG,quantile,0.4,214.00327796608565
2026-08-12,ARI incidence,2026-08-23,3,BG,quantile,0.45,220.87921008731837
2026-08-12,ARI incidence,2026-08-23,3,BG,quantile,0.5,227.86078536389124
2026-08-12,ARI incidence,2026-08-23,3,BG,quantile,0.55,235.06204049836194
2026-08-12,ARI incidence,2026-08-23,3,BG,quantile,0.6,242.61144431313775
2026-08-12,ARI incidence,2026-08-23,3,BG,quantile,0.65,250.66817381277923
2026-08-12,ARI incidence,2026-08-23,3,BG,quantile,0.7,259.4472843408161
2026-08-12,ARI incidence,2026-08-23,3,BG,quantile,0.75,268.72625137734093
2026-08-12,ARI incidence,2026-08-23,3,BG,quantile,0.8,276.8936607688331
2026-08-12,ARI incidence,2026-08-23,3,BG,quantile,0.85,286.726437121935
2026-08-12,ARI incidence,2026-08-23,3,BG,quantile,0.9,303.45315310146594
2026-08-12,ARI incidence,2026-08-23,3,BG,quantile,0.95,331.6319244015732
2026-08-12,ARI incidence,2026-08-23,3,BG,quantile,0.975,353.3541198830624
2026-08-12,ARI incidence,2026-08-23,3,BG,quantile,0.99,380.4006554180512
2026-08-12,ARI incidence,2026-08-30,4,BG,quantile,0.01,114.67954227738454
2026-08-12,ARI incidence,2026-08-30,4,BG,quantile,0.025,127.75497076564892
2026-08-12,ARI incidence,2026-08-30,4,BG,quantile,0.05,140.17668220632788
2026-08-12,ARI incidence,2026-08-30,4,BG,quantile,0.1,155.9926131187057
2026-08-12,ARI incidence,2026-08-30,4,BG,quantile,0.15,168.22200712980225
2026-08-12,ARI incidence,2026-08-30,4,BG,quantile,0.2,180.16703405462076
2026-08-12,ARI incidence,2026-08-30,4,BG,quantile,0.25,190.67426980949608
2026-08-12,ARI incidence,2026-08-30,4,BG,quantile,0.3,199.01359407762976
2026-08-12,ARI incidence,2026-08-30,4,BG,quantile,0.35,207.06476147279423
2026-08-12,ARI incidence,2026-08-30,4,BG,quantile,0.4,215.00399623146694
2026-08-12,ARI incidence,2026-08-30,4,BG,quantile,0.45,222.97351797424122
2026-08-12,ARI incidence,2026-08-30,4,BG,quantile,0.5,231.10371218415924
2026-08-12,ARI incidence,2026-08-30,4,BG,quantile,0.55,239.52903082882668
2026-08-12,ARI incidence,2026-08-30,4,BG,quantile,0.6,248.40340988848368
2026-08-12,ARI incidence,2026-08-30,4,BG,quantile,0.65,257.9200248438568
2026-08-12,ARI incidence,2026-08-30,4,BG,quantile,0.7,268.34235874366647
2026-08-12,ARI incidence,2026-08-30,4,BG,quantile,0.75,278.67507039112223
2026-08-12,ARI incidence,2026-08-30,4,BG,quantile,0.8,291.00284203395665
2026-08-12,ARI incidence,2026-08-30,4,BG,quantile,0.85,307.93726148129025
2026-08-12,ARI incidence,2026-08-30,4,BG,quantile,0.9,324.8670995694093
2026-08-12,ARI incidence,2026-08-30,4,BG,quantile,0.95,351.68117205515193
2026-08-12,ARI incidence,2026-08-30,4,BG,quantile,0.975,376.7188257794237
2026-08-12,ARI incidence,2026-08-30,4,BG,quantile,0.99,408.0738388900079
2026-08-12,ARI incidence,2026-08-09,1,CY,quantile,0.01,2850.6549907320014
2026-08-12,ARI incidence,2026-08-09,1,CY,quantile,0.025,2957.0733610531324
2026-08-12,ARI incidence,2026-08-09,1,CY,quantile,0.05,3051.7701279732382
2026-08-12,ARI incidence,2026-08-09,1,CY,quantile,0.1,3223.2852843226156
2026-08-12,ARI incidence,2026-08-09,1,CY,quantile,0.15,3544.383989661803
2026-08-12,ARI incidence,2026-08-09,1,CY,quantile,0.2,3782.8217151134877
2026-08-12,ARI incidence,2026-08-09,1,CY,quantile,0.25,3855.9516696133614
2026-08-12,ARI incidence,2026-08-09,1,CY,quantile,0.3,4081.656950518149
2026-08-12,ARI incidence,2026-08-09,1,CY,quantile,0.35,4158.142973096219
2026-08-12,ARI incidence,2026-08-09,1,CY,quantile,0.4,4340.804828561272
2026-08-12,ARI incidence,2026-08-09,1,CY,quantile,0.45,4450.135109854518
2026-08-12,ARI incidence,2026-08-09,1,CY,quantile,0.5,4578.50078656359
2026-08-12,ARI incidence,2026-08-09,1,CY,quantile,0.55,4764.427602102915
2026-08-12,ARI incidence,2026-08-09,1,CY,quantile,0.6,4892.472223908476
2026-08-12,ARI incidence,2026-08-09,1,CY,quantile,0.65,5002.818067961448
2026-08-12,ARI incidence,2026-08-09,1,CY,quantile,0.7,5121.79989967395
2026-08-12,ARI incidence,2026-08-09,1,CY,quantile,0.75,5385.324165108139
2026-08-12,ARI incidence,2026-08-09,1,CY,quantile,0.8,5631.492485955319
2026-08-12,ARI incidence,2026-08-09,1,CY,quantile,0.85,5759.263575998188
2026-08-12,ARI incidence,2026-08-09,1,CY,quantile,0.9,6059.949228437112
2026-08-12,ARI incidence,2026-08-09,1,CY,quantile,0.95,6420.9790648623075
2026-08-12,ARI incidence,2026-08-09,1,CY,quantile,0.975,7152.295787481187
2026-08-12,ARI incidence,2026-08-09,1,CY,quantile,0.99,8107.950779991609
2026-08-12,ARI incidence,2026-08-16,2,CY,quantile,0.01,1909.9078374361743
2026-08-12,ARI incidence,2026-08-16,2,CY,quantile,0.025,2218.872230291925
2026-08-12,ARI incidence,2026-08-16,2,CY,quantile,0.05,2507.170547008283
2026-08-12,ARI incidence,2026-08-16,2,CY,quantile,0.1,2817.7186400195687
2026-08-12,ARI incidence,2026-08-16,2,CY,quantile,0.15,3114.352272140599
2026-08-12,ARI incidence,2026-08-16,2,CY,quantile,0.2,3359.9698257000523
2026-08-12,ARI incidence,2026-08-16,2,CY,quantile,0.25,3593.024625286228
2026-08-12,ARI incidence,2026-08-16,2,CY,quantile,0.3,3816.055784085588
2026-08-12,ARI incidence,2026-08-16,2,CY,quantile,0.35,4035.0638120723534
2026-08-12,ARI incidence,2026-08-16,2,CY,quantile,0.4,4254.488941722708
2026-08-12,ARI incidence,2026-08-16,2,CY,quantile,0.45,4478.1329436143615
2026-08-12,ARI incidence,2026-08-16,2,CY,quantile,0.5,4709.703407796202
2026-08-12,ARI incidence,2026-08-16,2,CY,quantile,0.55,4953.2460283208975
2026-08-12,ARI incidence,2026-08-16,2,CY,quantile,0.6,5202.76475056599
2026-08-12,ARI incidence,2026-08-16,2,CY,quantile,0.65,5450.890339110331
2026-08-12,ARI incidence,2026-08-16,2,CY,quantile,0.7,5723.947340397799
2026-08-12,ARI incidence,2026-08-16,2,CY,quantile,0.75,6041.60707180531
2026-08-12,ARI incidence,2026-08-16,2,CY,quantile,0.8,6407.60206957608
2026-08-12,ARI incidence,2026-08-16,2,CY,quantile,0.85,6885.630011651054
2026-08-12,ARI incidence,2026-08-16,2,CY,quantile,0.9,7551.7876366954215
2026-08-12,ARI incidence,2026-08-16,2,CY,quantile,0.95,8659.486504858396
2026-08-12,ARI incidence,2026-08-16,2,CY,quantile,0.975,9750.991218351228
2026-08-12,ARI incidence,2026-08-16,2,CY,quantile,0.99,11194.216431368208
2026-08-12,ARI incidence,2026-08-23,3,CY,quantile,0.01,1853.14252127478
2026-08-12,ARI incidence,2026-08-23,3,CY,quantile,0.025,2141.737699284044
2026-08-12,ARI incidence,2026-08-23,3,CY,quantile,0.05,2427.512600866035
2026-08-12,ARI incidence,2026-08-23,3,CY,quantile,0.1,2804.608355941592
2026-08-12,ARI incidence,2026-08-23,3,CY,quantile,0.15,3091.5836474930925
2026-08-12,ARI incidence,2026-08-23,3,CY,quantile,0.2,3355.4086065660385
2026-08-12,ARI incidence,2026-08-23,3,CY,quantile,0.25,3607.405286429953
2026-08-12,ARI incidence,2026-08-23,3,CY,quantile,0.3,3849.7900153176884
2026-08-12,ARI incidence,2026-08-23,3,CY,quantile,0.35,4064.2003127819107
2026-08-12,ARI incidence,2026-08-23,3,CY,quantile,0.4,4273.801912677492
2026-08-12,ARI incidence,2026-08-23,3,CY,quantile,0.45,4486.874316843354
2026-08-12,ARI incidence,2026-08-23,3,CY,quantile,0.5,4706.934943547607
2026-08-12,ARI incidence,2026-08-23,3,CY,quantile,0.55,4946.10566725972
2026-08-12,ARI incidence,2026-08-23,3,CY,quantile,0.6,5183.954036570538
2026-08-12,ARI incidence,2026-08-23,3,CY,quantile,0.65,5461.623244662254
2026-08-12,ARI incidence,2026-08-23,3,CY,quantile,0.7,5782.410830136794
2026-08-12,ARI incidence,2026-08-23,3,CY,quantile,0.75,6149.757104017834
2026-08-12,ARI incidence,2026-08-23,3,CY,quantile,0.8,6586.3370096018625
2026-08-12,ARI incidence,2026-08-23,3,CY,quantile,0.85,7051.971644637601
2026-08-12,ARI incidence,2026-08-23,3,CY,quantile,0.9,7766.528092415597
2026-08-12,ARI incidence,2026-08-23,3,CY,quantile,0.95,8808.670538393888
2026-08-12,ARI incidence,2026-08-23,3,CY,quantile,0.975,9932.273918085568
2026-08-12,ARI incidence,2026-08-23,3,CY,quantile,0.99,11420.101566420532
2026-08-12,ARI incidence,2026-08-30,4,CY,quantile,0.01,1858.5749505356823
2026-08-12,ARI incidence,2026-08-30,4,CY,quantile,0.025,2154.2046890189536
2026-08-12,ARI incidence,2026-08-30,4,CY,quantile,0.05,2457.578587666477
2026-08-12,ARI incidence,2026-08-30,4,CY,quantile,0.1,2860.7185985745036
2026-08-12,ARI incidence,2026-08-30,4,CY,quantile,0.15,3169.4305277217377
2026-08-12,ARI incidence,2026-08-30,4,CY,quantile,0.2,3410.674362952227
2026-08-12,ARI incidence,2026-08-30,4,CY,quantile,0.25,3620.3364015694115
2026-08-12,ARI incidence,2026-08-30,4,CY,quantile,0.3,3834.2482405244073
2026-08-12,ARI incidence,2026-08-30,4,CY,quantile,0.35,4060.632610745964
2026-08-12,ARI incidence,2026-08-30,4,CY,quantile,0.4,4287.793091049156
2026-08-12,ARI incidence,2026-08-30,4,CY,quantile,0.45,4519.658549417956
2026-08-12,ARI incidence,2026-08-30,4,CY,quantile,0.5,4760.083244892896
2026-08-12,ARI incidence,2026-08-30,4,CY,quantile,0.55,5013.294580535938
2026-08-12,ARI incidence,2026-08-30,4,CY,quantile,0.6,5284.382899937165
2026-08-12,ARI incidence,2026-08-30,4,CY,quantile,0.65,5579.985735841001
2026-08-12,ARI incidence,2026-08-30,4,CY,quantile,0.7,5884.3557712545735
2026-08-12,ARI incidence,2026-08-30,4,CY,quantile,0.75,6231.278861701683
2026-08-12,ARI incidence,2026-08-30,4,CY,quantile,0.8,6641.71209846324
2026-08-12,ARI incidence,2026-08-30,4,CY,quantile,0.85,7154.359789290775
2026-08-12,ARI incidence,2026-08-30,4,CY,quantile,0.9,7868.991822201191
2026-08-12,ARI incidence,2026-08-30,4,CY,quantile,0.95,9143.39411238637
2026-08-12,ARI incidence,2026-08-30,4,CY,quantile,0.975,10241.91985892252
2026-08-12,ARI incidence,2026-08-30,4,CY,quantile,0.99,11850.23418272455
2026-08-12,ARI incidence,2026-08-09,1,DE,quantile,0.01,417.7987135347772
2026-08-12,ARI incidence,2026-08-09,1,DE,quantile,0.025,433.91502644134016
2026-08-12,ARI incidence,2026-08-09,1,DE,quantile,0.05,448.2711396919413
2026-08-12,ARI incidence,2026-08-09,1,DE,quantile,0.1,465.41193481788275
2026-08-12,ARI incidence,2026-08-09,1,DE,quantile,0.15,477.34469793747485
2026-08-12,ARI incidence,2026-08-09,1,DE,quantile,0.2,487.0458381437271
2026-08-12,ARI incidence,2026-08-09,1,DE,quantile,0.25,495.52520131775424
2026-08-12,ARI incidence,2026-08-09,1,DE,quantile,0.3,503.26541168491167
2026-08-12,ARI incidence,2026-08-09,1,DE,quantile,0.35,510.545538260702
2026-08-12,ARI incidence,2026-08-09,1,DE,quantile,0.4,517.5508278611076
2026-08-12,ARI incidence,2026-08-09,1,DE,quantile,0.45,525.0996744650128
2026-08-12,ARI incidence,2026-08-09,1,DE,quantile,0.5,533.483044893435
2026-08-12,ARI incidence,2026-08-09,1,DE,quantile,0.55,540.7169828945387
2026-08-12,ARI incidence,2026-08-09,1,DE,quantile,0.6,548.3970923618082
2026-08-12,ARI incidence,2026-08-09,1,DE,quantile,0.65,555.7014473198183
2026-08-12,ARI incidence,2026-08-09,1,DE,quantile,0.7,564.4791428559515
2026-08-12,ARI incidence,2026-08-09,1,DE,quantile,0.75,573.0734639754744
2026-08-12,ARI incidence,2026-08-09,1,DE,quantile,0.8,582.7688859148826
2026-08-12,ARI incidence,2026-08-09,1,DE,quantile,0.85,594.2769458422432
2026-08-12,ARI incidence,2026-08-09,1,DE,quantile,0.9,609.0795581445474
2026-08-12,ARI incidence,2026-08-09,1,DE,quantile,0.95,632.1257045419384
2026-08-12,ARI incidence,2026-08-09,1,DE,quantile,0.975,654.0940113859492
2026-08-12,ARI incidence,2026-08-09,1,DE,quantile,0.99,679.5227629828896
2026-08-12,ARI incidence,2026-08-16,2,DE,quantile,0.01,355.78974652059685
2026-08-12,ARI incidence,2026-08-16,2,DE,quantile,0.025,380.56008880371667
2026-08-12,ARI incidence,2026-08-16,2,DE,quantile,0.05,403.2351222906326
2026-08-12,ARI incidence,2026-08-16,2,DE,quantile,0.1,431.05538428747013
2026-08-12,ARI incidence,2026-08-16,2,DE,quantile,0.15,450.1083732260248
2026-08-12,ARI incidence,2026-08-16,2,DE,quantile,0.2,467.30705834787403
2026-08-12,ARI incidence,2026-08-16,2,DE,quantile,0.25,481.2786162788909
2026-08-12,ARI incidence,2026-08-16,2,DE,quantile,0.3,495.34148838893583
2026-08-12,ARI incidence,2026-08-16,2,DE,quantile,0.35,506.79861512201677
2026-08-12,ARI incidence,2026-08-16,2,DE,quantile,0.4,514.0417847324273
2026-08-12,ARI incidence,2026-08-16,2,DE,quantile,0.45,526.2902761776901
2026-08-12,ARI incidence,2026-08-16,2,DE,quantile,0.5,541.7017722051406
2026-08-12,ARI incidence,2026-08-16,2,DE,quantile,0.55,555.8110568668948
2026-08-12,ARI incidence,2026-08-16,2,DE,quantile,0.6,568.5182147204281
2026-08-12,ARI incidence,2026-08-16,2,DE,quantile,0.65,584.9344277641543
2026-08-12,ARI incidence,2026-08-16,2,DE,quantile,0.7,602.9441583962425
2026-08-12,ARI incidence,2026-08-16,2,DE,quantile,0.75,623.0010122560349
2026-08-12,ARI incidence,2026-08-16,2,DE,quantile,0.8,643.9921979782488
2026-08-12,ARI incidence,2026-08-16,2,DE,quantile,0.85,667.4176753585965
2026-08-12,ARI incidence,2026-08-16,2,DE,quantile,0.9,696.9767559873756
2026-08-12,ARI incidence,2026-08-16,2,DE,quantile,0.95,743.2092570867562
2026-08-12,ARI incidence,2026-08-16,2,DE,quantile,0.975,785.7818855300225
2026-08-12,ARI incidence,2026-08-16,2,DE,quantile,0.99,838.3531831220447
2026-08-12,ARI incidence,2026-08-23,3,DE,quantile,0.01,318.34031722758544
2026-08-12,ARI incidence,2026-08-23,3,DE,quantile,0.025,350.91075198532604
2026-08-12,ARI incidence,2026-08-23,3,DE,quantile,0.05,381.12815271012306
2026-08-12,ARI incidence,2026-08-23,3,DE,quantile,0.1,419.50068488305544
2026-08-12,ARI incidence,2026-08-23,3,DE,quantile,0.15,447.54443404128295
2026-08-12,ARI incidence,2026-08-23,3,DE,quantile,0.2,471.16065326890606
2026-08-12,ARI incidence,2026-08-23,3,DE,quantile,0.25,487.35964883579726
2026-08-12,ARI incidence,2026-08-23,3,DE,quantile,0.3,510.2749936574809
2026-08-12,ARI incidence,2026-08-23,3,DE,quantile,0.35,524.137587816862
2026-08-12,ARI incidence,2026-08-23,3,DE,quantile,0.4,532.0327698843469
2026-08-12,ARI incidence,2026-08-23,3,DE,quantile,0.45,549.7459278686226
2026-08-12,ARI incidence,2026-08-23,3,DE,quantile,0.5,569.7561994135692
2026-08-12,ARI incidence,2026-08-23,3,DE,quantile,0.55,593.0546947186217
2026-08-12,ARI incidence,2026-08-23,3,DE,quantile,0.6,607.0633199415446
2026-08-12,ARI incidence,2026-08-23,3,DE,quantile,0.65,621.5186195651027
2026-08-12,ARI incidence,2026-08-23,3,DE,quantile,0.7,642.8087567505413
2026-08-12,ARI incidence,2026-08-23,3,DE,quantile,0.75,672.878602157612
2026-08-12,ARI incidence,2026-08-23,3,DE,quantile,0.8,699.7463931110475
2026-08-12,ARI incidence,2026-08-23,3,DE,quantile,0.85,734.0707702642512
2026-08-12,ARI incidence,2026-08-23,3,DE,quantile,0.9,774.6320653066408
2026-08-12,ARI incidence,2026-08-23,3,DE,quantile,0.95,838.9033083614786
2026-08-12,ARI incidence,2026-08-23,3,DE,quantile,0.975,901.7010171998211
2026-08-12,ARI incidence,2026-08-23,3,DE,quantile,0.99,987.2438679970701
2026-08-12,ARI incidence,2026-08-30,4,DE,quantile,0.01,323.94153499308857
2026-08-12,ARI incidence,2026-08-30,4,DE,quantile,0.025,356.4856848080301
2026-08-12,ARI incidence,2026-08-30,4,DE,quantile,0.05,387.2764801017514
2026-08-12,ARI incidence,2026-08-30,4,DE,quantile,0.1,425.5636345863354
2026-08-12,ARI incidence,2026-08-30,4,DE,quantile,0.15,455.76587150488695
2026-08-12,ARI incidence,2026-08-30,4,DE,quantile,0.2,478.84804377600756
2026-08-12,ARI incidence,2026-08-30,4,DE,quantile,0.25,500.78930114090355
2026-08-12,ARI incidence,2026-08-30,4,DE,quantile,0.3,525.9327069767224
2026-08-12,ARI incidence,2026-08-30,4,DE,quantile,0.35,544.0688417493151
2026-08-12,ARI incidence,2026-08-30,4,DE,quantile,0.4,552.5173736528368
2026-08-12,ARI incidence,2026-08-30,4,DE,quantile,0.45,571.8607195547721
2026-08-12,ARI incidence,2026-08-30,4,DE,quantile,0.5,595.4292501620585
2026-08-12,ARI incidence,2026-08-30,4,DE,quantile,0.55,616.5222879056877
2026-08-12,ARI incidence,2026-08-30,4,DE,quantile,0.6,635.5012120644037
2026-08-12,ARI incidence,2026-08-30,4,DE,quantile,0.65,650.5265558390923
2026-08-12,ARI incidence,2026-08-30,4,DE,quantile,0.7,678.4764148069125
2026-08-12,ARI incidence,2026-08-30,4,DE,quantile,0.75,706.5473907372677
2026-08-12,ARI incidence,2026-08-30,4,DE,quantile,0.8,739.1856490722957
2026-08-12,ARI incidence,2026-08-30,4,DE,quantile,0.85,780.6218178462198
2026-08-12,ARI incidence,2026-08-30,4,DE,quantile,0.9,836.0691561200963
2026-08-12,ARI incidence,2026-08-30,4,DE,quantile,0.95,923.7743592905567
2026-08-12,ARI incidence,2026-08-30,4,DE,quantile,0.975,996.9960417680061
2026-08-12,ARI incidence,2026-08-30,4,DE,quantile,0.99,1089.452188414952
2026-08-12,ARI incidence,2026-08-09,1,EE,quantile,0.01,44.70920476277789
2026-08-12,ARI incidence,2026-08-09,1,EE,quantile,0.025,49.96285278467115
2026-08-12,ARI incidence,2026-08-09,1,EE,quantile,0.05,54.11977625353607
2026-08-12,ARI incidence,2026-08-09,1,EE,quantile,0.1,57.81208646332338
2026-08-12,ARI incidence,2026-08-09,1,EE,quantile,0.15,59.915021471135475
2026-08-12,ARI incidence,2026-08-09,1,EE,quantile,0.2,64.2295219620192
2026-08-12,ARI incidence,2026-08-09,1,EE,quantile,0.25,68.17372019589514
2026-08-12,ARI incidence,2026-08-09,1,EE,quantile,0.3,71.50084418598829
2026-08-12,ARI incidence,2026-08-09,1,EE,quantile,0.35,72.9091487792937
2026-08-12,ARI incidence,2026-08-09,1,EE,quantile,0.4,75.826868918108
2026-08-12,ARI incidence,2026-08-09,1,EE,quantile,0.45,79.14280130336789
2026-08-12,ARI incidence,2026-08-09,1,EE,quantile,0.5,81.4374503021092
2026-08-12,ARI incidence,2026-08-09,1,EE,quantile,0.55,83.74889794907068
2026-08-12,ARI incidence,2026-08-09,1,EE,quantile,0.6,86.0221995603533
2026-08-12,ARI incidence,2026-08-09,1,EE,quantile,0.65,87.79976802966101
2026-08-12,ARI incidence,2026-08-09,1,EE,quantile,0.7,91.17395112121815
2026-08-12,ARI incidence,2026-08-09,1,EE,quantile,0.75,92.9532739797645
2026-08-12,ARI incidence,2026-08-09,1,EE,quantile,0.8,94.53673757542064
2026-08-12,ARI incidence,2026-08-09,1,EE,quantile,0.85,98.44225822431389
2026-08-12,ARI incidence,2026-08-09,1,EE,quantile,0.9,105.74090239026683
2026-08-12,ARI incidence,2026-08-09,1,EE,quantile,0.95,117.39242390548907
2026-08-12,ARI incidence,2026-08-09,1,EE,quantile,0.975,122.34343761604784
2026-08-12,ARI incidence,2026-08-09,1,EE,quantile,0.99,134.93733410941195
2026-08-12,ARI incidence,2026-08-16,2,EE,quantile,0.01,39.09061605595686
2026-08-12,ARI incidence,2026-08-16,2,EE,quantile,0.025,44.12165196865594
2026-08-12,ARI incidence,2026-08-16,2,EE,quantile,0.05,49.077101956104826
2026-08-12,ARI incidence,2026-08-16,2,EE,quantile,0.1,55.838831607908304
2026-08-12,ARI incidence,2026-08-16,2,EE,quantile,0.15,60.86865916877745
2026-08-12,ARI incidence,2026-08-16,2,EE,quantile,0.2,64.19914598735566
2026-08-12,ARI incidence,2026-08-16,2,EE,quantile,0.25,67.31587073927368
2026-08-12,ARI incidence,2026-08-16,2,EE,quantile,0.3,70.70574896479333
2026-08-12,ARI incidence,2026-08-16,2,EE,quantile,0.35,73.9969496978487
2026-08-12,ARI incidence,2026-08-16,2,EE,quantile,0.4,77.25955009967048
2026-08-12,ARI incidence,2026-08-16,2,EE,quantile,0.45,80.55118218511063
2026-08-12,ARI incidence,2026-08-16,2,EE,quantile,0.5,83.92576934184154
2026-08-12,ARI incidence,2026-08-16,2,EE,quantile,0.55,86.88224245981345
2026-08-12,ARI incidence,2026-08-16,2,EE,quantile,0.6,89.97964183879542
2026-08-12,ARI incidence,2026-08-16,2,EE,quantile,0.65,93.20831210334535
2026-08-12,ARI incidence,2026-08-16,2,EE,quantile,0.7,96.16908236894443
2026-08-12,ARI incidence,2026-08-16,2,EE,quantile,0.75,99.46869576221312
2026-08-12,ARI incidence,2026-08-16,2,EE,quantile,0.8,103.27499256353296
2026-08-12,ARI incidence,2026-08-16,2,EE,quantile,0.85,107.8940797691006
2026-08-12,ARI incidence,2026-08-16,2,EE,quantile,0.9,113.99773520796622
2026-08-12,ARI incidence,2026-08-16,2,EE,quantile,0.95,126.31541178411432
2026-08-12,ARI incidence,2026-08-16,2,EE,quantile,0.975,137.5841614481857
2026-08-12,ARI incidence,2026-08-16,2,EE,quantile,0.99,151.94647712445988
2026-08-12,ARI incidence,2026-08-23,3,EE,quantile,0.01,39.782675716967226
2026-08-12,ARI incidence,2026-08-23,3,EE,quantile,0.025,45.21466995376292
2026-08-12,ARI incidence,2026-08-23,3,EE,quantile,0.05,50.461733552036264
2026-08-12,ARI incidence,2026-08-23,3,EE,quantile,0.1,57.23422919742142
2026-08-12,ARI incidence,2026-08-23,3,EE,quantile,0.15,61.92805245892362
2026-08-12,ARI incidence,2026-08-23,3,EE,quantile,0.2,66.64135157609672
2026-08-12,ARI incidence,2026-08-23,3,EE,quantile,0.25,70.66520618582003
2026-08-12,ARI incidence,2026-08-23,3,EE,quantile,0.3,74.431728049788
2026-08-12,ARI incidence,2026-08-23,3,EE,quantile,0.35,78.09845768863653
2026-08-12,ARI incidence,2026-08-23,3,EE,quantile,0.4,81.74250143380105
2026-08-12,ARI incidence,2026-08-23,3,EE,quantile,0.45,85.42786457222618
2026-08-12,ARI incidence,2026-08-23,3,EE,quantile,0.5,89.21502388645584
2026-08-12,ARI incidence,2026-08-23,3,EE,quantile,0.55,92.53541194504646
2026-08-12,ARI incidence,2026-08-23,3,EE,quantile,0.6,96.02403549370035
2026-08-12,ARI incidence,2026-08-23,3,EE,quantile,0.65,99.76660502945825
2026-08-12,ARI incidence,2026-08-23,3,EE,quantile,0.7,103.86705151728565
2026-08-12,ARI incidence,2026-08-23,3,EE,quantile,0.75,108.45342993884877
2026-08-12,ARI incidence,2026-08-23,3,EE,quantile,0.8,112.12507525815988
2026-08-12,ARI incidence,2026-08-23,3,EE,quantile,0.85,116.5605664326948
2026-08-12,ARI incidence,2026-08-23,3,EE,quantile,0.9,124.21897560495233
2026-08-12,ARI incidence,2026-08-23,3,EE,quantile,0.95,140.38450615106692
2026-08-12,ARI incidence,2026-08-23,3,EE,quantile,0.975,156.0864340680267
2026-08-12,ARI incidence,2026-08-23,3,EE,quantile,0.99,174.821403007743
2026-08-12,ARI incidence,2026-08-30,4,EE,quantile,0.01,40.513281428435604
2026-08-12,ARI incidence,2026-08-30,4,EE,quantile,0.025,46.2962808853725
2026-08-12,ARI incidence,2026-08-30,4,EE,quantile,0.05,51.91032806323473
2026-08-12,ARI incidence,2026-08-30,4,EE,quantile,0.1,58.59606641344395
2026-08-12,ARI incidence,2026-08-30,4,EE,quantile,0.15,63.55546461974845
2026-08-12,ARI incidence,2026-08-30,4,EE,quantile,0.2,68.48802126586507
2026-08-12,ARI incidence,2026-08-30,4,EE,quantile,0.25,73.0190159082994
2026-08-12,ARI incidence,2026-08-30,4,EE,quantile,0.3,77.33923272256301
2026-08-12,ARI incidence,2026-08-30,4,EE,quantile,0.35,81.56733085770824
2026-08-12,ARI incidence,2026-08-30,4,EE,quantile,0.4,85.49863371574983
2026-08-12,ARI incidence,2026-08-30,4,EE,quantile,0.45,88.90461648819411
2026-08-12,ARI incidence,2026-08-30,4,EE,quantile,0.5,92.38751353742094
2026-08-12,ARI incidence,2026-08-30,4,EE,quantile,0.55,96.00533771641439
2026-08-12,ARI incidence,2026-08-30,4,EE,quantile,0.6,99.82503399257752
2026-08-12,ARI incidence,2026-08-30,4,EE,quantile,0.65,103.9311277338612
2026-08-12,ARI incidence,2026-08-30,4,EE,quantile,0.7,108.4394330443057
2026-08-12,ARI incidence,2026-08-30,4,EE,quantile,0.75,113.5221495802015
2026-08-12,ARI incidence,2026-08-30,4,EE,quantile,0.8,119.4602637503725
2026-08-12,ARI incidence,2026-08-30,4,EE,quantile,0.85,126.77157533606646
2026-08-12,ARI incidence,2026-08-30,4,EE,quantile,0.9,135.58489914536096
2026-08-12,ARI incidence,2026-08-30,4,EE,quantile,0.95,149.00078663130967
2026-08-12,ARI incidence,2026-08-30,4,EE,quantile,0.975,165.88132462908166
2026-08-12,ARI incidence,2026-08-30,4,EE,quantile,0.99,187.74560695466832
2026-08-12,ARI incidence,2026-08-09,1,ES,quantile,0.01,155.1565335448662
2026-08-12,ARI incidence,2026-08-09,1,ES,quantile,0.025,160.98397878055283
2026-08-12,ARI incidence,2026-08-09,1,ES,quantile,0.05,166.18110111668034
2026-08-12,ARI incidence,2026-08-09,1,ES,quantile,0.1,172.36650322261062
2026-08-12,ARI incidence,2026-08-09,1,ES,quantile,0.15,176.66854138287053
2026-08-12,ARI incidence,2026-08-09,1,ES,quantile,0.2,180.16367477910185
2026-08-12,ARI incidence,2026-08-09,1,ES,quantile,0.25,183.21693390922104
2026-08-12,ARI incidence,2026-08-09,1,ES,quantile,0.3,186.0026851340657
2026-08-12,ARI incidence,2026-08-09,1,ES,quantile,0.35,188.62168973119716
2026-08-12,ARI incidence,2026-08-09,1,ES,quantile,0.4,191.22235259885048
2026-08-12,ARI incidence,2026-08-09,1,ES,quantile,0.45,194.01199171834347
2026-08-12,ARI incidence,2026-08-09,1,ES,quantile,0.5,196.7184479576626
2026-08-12,ARI incidence,2026-08-09,1,ES,quantile,0.55,199.2186855594885
2026-08-12,ARI incidence,2026-08-09,1,ES,quantile,0.6,201.7915890187391
2026-08-12,ARI incidence,2026-08-09,1,ES,quantile,0.65,204.4856409343383
2026-08-12,ARI incidence,2026-08-09,1,ES,quantile,0.7,208.88941194344523
2026-08-12,ARI incidence,2026-08-09,1,ES,quantile,0.75,212.27943697995428
2026-08-12,ARI incidence,2026-08-09,1,ES,quantile,0.8,215.87402587983928
2026-08-12,ARI incidence,2026-08-09,1,ES,quantile,0.85,220.14049367000388
2026-08-12,ARI incidence,2026-08-09,1,ES,quantile,0.9,225.62812685602933
2026-08-12,ARI incidence,2026-08-09,1,ES,quantile,0.95,234.01311285225222
2026-08-12,ARI incidence,2026-08-09,1,ES,quantile,0.975,241.53666680264217
2026-08-12,ARI incidence,2026-08-09,1,ES,quantile,0.99,250.58777534319864
2026-08-12,ARI incidence,2026-08-16,2,ES,quantile,0.01,134.03001761438338
2026-08-12,ARI incidence,2026-08-16,2,ES,quantile,0.025,143.10644274176474
2026-08-12,ARI incidence,2026-08-16,2,ES,quantile,0.05,151.98828198854977
2026-08-12,ARI incidence,2026-08-16,2,ES,quantile,0.1,161.30027120993287
2026-08-12,ARI incidence,2026-08-16,2,ES,quantile,0.15,167.89811992302958
2026-08-12,ARI incidence,2026-08-16,2,ES,quantile,0.2,173.3326506675432
2026-08-12,ARI incidence,2026-08-16,2,ES,quantile,0.25,178.78984563805267
2026-08-12,ARI incidence,2026-08-16,2,ES,quantile,0.3,184.09602655661243
2026-08-12,ARI incidence,2026-08-16,2,ES,quantile,0.35,186.90786113936346
2026-08-12,ARI incidence,2026-08-16,2,ES,quantile,0.4,191.90254742285492
2026-08-12,ARI incidence,2026-08-16,2,ES,quantile,0.45,195.4313885416314
2026-08-12,ARI incidence,2026-08-16,2,ES,quantile,0.5,198.96730249533528
2026-08-12,ARI incidence,2026-08-16,2,ES,quantile,0.55,204.2941209984523
2026-08-12,ARI incidence,2026-08-16,2,ES,quantile,0.6,209.43915234421948
2026-08-12,ARI incidence,2026-08-16,2,ES,quantile,0.65,212.74394744417367
2026-08-12,ARI incidence,2026-08-16,2,ES,quantile,0.7,216.7064140111495
2026-08-12,ARI incidence,2026-08-16,2,ES,quantile,0.75,221.99418465736935
2026-08-12,ARI incidence,2026-08-16,2,ES,quantile,0.8,228.2013688867816
2026-08-12,ARI incidence,2026-08-16,2,ES,quantile,0.85,235.576240119614
2026-08-12,ARI incidence,2026-08-16,2,ES,quantile,0.9,245.19356379865738
2026-08-12,ARI incidence,2026-08-16,2,ES,quantile,0.95,260.17172426619277
2026-08-12,ARI incidence,2026-08-16,2,ES,quantile,0.975,273.8990498186953
2026-08-12,ARI incidence,2026-08-16,2,ES,quantile,0.99,290.76976116072063
2026-08-12,ARI incidence,2026-08-23,3,ES,quantile,0.01,138.99414164580233
2026-08-12,ARI incidence,2026-08-23,3,ES,quantile,0.025,147.37528975607478
2026-08-12,ARI incidence,2026-08-23,3,ES,quantile,0.05,155.60191509525814
2026-08-12,ARI incidence,2026-08-23,3,ES,quantile,0.1,166.21061415660307
2026-08-12,ARI incidence,2026-08-23,3,ES,quantile,0.15,173.77134914930792
2026-08-12,ARI incidence,2026-08-23,3,ES,quantile,0.2,181.0703606616957
2026-08-12,ARI incidence,2026-08-23,3,ES,quantile,0.25,186.50365983547414
2026-08-12,ARI incidence,2026-08-23,3,ES,quantile,0.3,190.68622888345243
2026-08-12,ARI incidence,2026-08-23,3,ES,quantile,0.35,196.67209850958582
2026-08-12,ARI incidence,2026-08-23,3,ES,quantile,0.4,202.43456132579618
2026-08-12,ARI incidence,2026-08-23,3,ES,quantile,0.45,208.26009283333275
2026-08-12,ARI incidence,2026-08-23,3,ES,quantile,0.5,212.35842509201592
2026-08-12,ARI incidence,2026-08-23,3,ES,quantile,0.55,217.58241356339133
2026-08-12,ARI incidence,2026-08-23,3,ES,quantile,0.6,223.5697751631633
2026-08-12,ARI incidence,2026-08-23,3,ES,quantile,0.65,227.06277634232512
2026-08-12,ARI incidence,2026-08-23,3,ES,quantile,0.7,232.01752719232314
2026-08-12,ARI incidence,2026-08-23,3,ES,quantile,0.75,237.00230627121616
2026-08-12,ARI incidence,2026-08-23,3,ES,quantile,0.8,244.2598456589544
2026-08-12,ARI incidence,2026-08-23,3,ES,quantile,0.85,253.03355503198839
2026-08-12,ARI incidence,2026-08-23,3,ES,quantile,0.9,264.5201487421983
2026-08-12,ARI incidence,2026-08-23,3,ES,quantile,0.95,282.3571538583926
2026-08-12,ARI incidence,2026-08-23,3,ES,quantile,0.975,298.38072418730144
2026-08-12,ARI incidence,2026-08-23,3,ES,quantile,0.99,318.15431384276104
2026-08-12,ARI incidence,2026-08-30,4,ES,quantile,0.01,141.26695827630306
2026-08-12,ARI incidence,2026-08-30,4,ES,quantile,0.025,150.3864213312351
2026-08-12,ARI incidence,2026-08-30,4,ES,quantile,0.05,159.00331724691557
2026-08-12,ARI incidence,2026-08-30,4,ES,quantile,0.1,170.62856025350527
2026-08-12,ARI incidence,2026-08-30,4,ES,quantile,0.15,180.48020159266747
2026-08-12,ARI incidence,2026-08-30,4,ES,quantile,0.2,189.0423679996381
2026-08-12,ARI incidence,2026-08-30,4,ES,quantile,0.25,192.74794476194273
2026-08-12,ARI incidence,2026-08-30,4,ES,quantile,0.3,197.985181878263
2026-08-12,ARI incidence,2026-08-30,4,ES,quantile,0.35,203.76483184402008
2026-08-12,ARI incidence,2026-08-30,4,ES,quantile,0.4,209.99291454751838
2026-08-12,ARI incidence,2026-08-30,4,ES,quantile,0.45,218.31118797501216
2026-08-12,ARI incidence,2026-08-30,4,ES,quantile,0.5,223.77323737537597
2026-08-12,ARI incidence,2026-08-30,4,ES,quantile,0.55,230.29554996455923
2026-08-12,ARI incidence,2026-08-30,4,ES,quantile,0.6,236.4034626687732
2026-08-12,ARI incidence,2026-08-30,4,ES,quantile,0.65,241.01470399273543
2026-08-12,ARI incidence,2026-08-30,4,ES,quantile,0.7,245.97122310869892
2026-08-12,ARI incidence,2026-08-30,4,ES,quantile,0.75,251.43402948337783
2026-08-12,ARI incidence,2026-08-30,4,ES,quantile,0.8,257.65943416635287
2026-08-12,ARI incidence,2026-08-30,4,ES,quantile,0.85,267.4960430501744
2026-08-12,ARI incidence,2026-08-30,4,ES,quantile,0.9,280.50719112553355
2026-08-12,ARI incidence,2026-08-30,4,ES,quantile,0.95,300.960451478171
2026-08-12,ARI incidence,2026-08-30,4,ES,quantile,0.975,319.9002608193417
2026-08-12,ARI incidence,2026-08-30,4,ES,quantile,0.99,343.42053295504417
2026-08-12,ARI incidence,2026-08-09,1,GB-ENG,quantile,0.01,95.1014087131839
2026-08-12,ARI incidence,2026-08-09,1,GB-ENG,quantile,0.025,103.26554403936827
2026-08-12,ARI incidence,2026-08-09,1,GB-ENG,quantile,0.05,110.83977343345016
2026-08-12,ARI incidence,2026-08-09,1,GB-ENG,quantile,0.1,120.78384913078887
2026-08-12,ARI incidence,2026-08-09,1,GB-ENG,quantile,0.15,128.07016118637
2026-08-12,ARI incidence,2026-08-09,1,GB-ENG,quantile,0.2,134.17075801375907
2026-08-12,ARI incidence,2026-08-09,1,GB-ENG,quantile,0.25,139.80022673087657
2026-08-12,ARI incidence,2026-08-09,1,GB-ENG,quantile,0.3,144.72773907506578
2026-08-12,ARI incidence,2026-08-09,1,GB-ENG,quantile,0.35,149.28763878866022
2026-08-12,ARI incidence,2026-08-09,1,GB-ENG,quantile,0.4,154.13866730346325
2026-08-12,ARI incidence,2026-08-09,1,GB-ENG,quantile,0.45,158.00498820423667
2026-08-12,ARI incidence,2026-08-09,1,GB-ENG,quantile,0.5,162.59879393481287
2026-08-12,ARI incidence,2026-08-09,1,GB-ENG,quantile,0.55,167.85524182340072
2026-08-12,ARI incidence,2026-08-09,1,GB-ENG,quantile,0.6,172.7915314425216
2026-08-12,ARI incidence,2026-08-09,1,GB-ENG,quantile,0.65,179.79024733399476
2026-08-12,ARI incidence,2026-08-09,1,GB-ENG,quantile,0.7,185.86226017566608
2026-08-12,ARI incidence,2026-08-09,1,GB-ENG,quantile,0.75,192.6306233980731
2026-08-12,ARI incidence,2026-08-09,1,GB-ENG,quantile,0.8,200.74442164088077
2026-08-12,ARI incidence,2026-08-09,1,GB-ENG,quantile,0.85,211.95610428571524
2026-08-12,ARI incidence,2026-08-09,1,GB-ENG,quantile,0.9,226.95234451159695
2026-08-12,ARI incidence,2026-08-09,1,GB-ENG,quantile,0.95,247.2942429391502
2026-08-12,ARI incidence,2026-08-09,1,GB-ENG,quantile,0.975,265.9680465083453
2026-08-12,ARI incidence,2026-08-09,1,GB-ENG,quantile,0.99,292.2595847863308
2026-08-12,ARI incidence,2026-08-16,2,GB-ENG,quantile,0.01,92.4078607265258
2026-08-12,ARI incidence,2026-08-16,2,GB-ENG,quantile,0.025,100.81704119181688
2026-08-12,ARI incidence,2026-08-16,2,GB-ENG,quantile,0.05,108.65246461270975
2026-08-12,ARI incidence,2026-08-16,2,GB-ENG,quantile,0.1,118.43745571872972
2026-08-12,ARI incidence,2026-08-16,2,GB-ENG,quantile,0.15,125.52801037901988
2026-08-12,ARI incidence,2026-08-16,2,GB-ENG,quantile,0.2,131.70952779717948
2026-08-12,ARI incidence,2026-08-16,2,GB-ENG,quantile,0.25,137.84727936049603
2026-08-12,ARI incidence,2026-08-16,2,GB-ENG,quantile,0.3,142.98937491436948
2026-08-12,ARI incidence,2026-08-16,2,GB-ENG,quantile,0.35,147.52356082796072
2026-08-12,ARI incidence,2026-08-16,2,GB-ENG,quantile,0.4,151.95801266319458
2026-08-12,ARI incidence,2026-08-16,2,GB-ENG,quantile,0.45,157.71142408342928
2026-08-12,ARI incidence,2026-08-16,2,GB-ENG,quantile,0.5,162.7518202280571
2026-08-12,ARI incidence,2026-08-16,2,GB-ENG,quantile,0.55,169.68949082965867
2026-08-12,ARI incidence,2026-08-16,2,GB-ENG,quantile,0.6,174.7601303425501
2026-08-12,ARI incidence,2026-08-16,2,GB-ENG,quantile,0.65,180.4666034019126
2026-08-12,ARI incidence,2026-08-16,2,GB-ENG,quantile,0.7,186.0718144694659
2026-08-12,ARI incidence,2026-08-16,2,GB-ENG,quantile,0.75,193.2688873510882
2026-08-12,ARI incidence,2026-08-16,2,GB-ENG,quantile,0.8,202.60668092925917
2026-08-12,ARI incidence,2026-08-16,2,GB-ENG,quantile,0.85,213.43668570758894
2026-08-12,ARI incidence,2026-08-16,2,GB-ENG,quantile,0.9,227.9173446160356
2026-08-12,ARI incidence,2026-08-16,2,GB-ENG,quantile,0.95,252.5885766392978
2026-08-12,ARI incidence,2026-08-16,2,GB-ENG,quantile,0.975,274.3724690813565
2026-08-12,ARI incidence,2026-08-16,2,GB-ENG,quantile,0.99,296.04994915232135
2026-08-12,ARI incidence,2026-08-23,3,GB-ENG,quantile,0.01,87.27249531506612
2026-08-12,ARI incidence,2026-08-23,3,GB-ENG,quantile,0.025,96.83693130910191
2026-08-12,ARI incidence,2026-08-23,3,GB-ENG,quantile,0.05,105.88773332187715
2026-08-12,ARI incidence,2026-08-23,3,GB-ENG,quantile,0.1,117.18581175055793
2026-08-12,ARI incidence,2026-08-23,3,GB-ENG,quantile,0.15,124.64505981742836
2026-08-12,ARI incidence,2026-08-23,3,GB-ENG,quantile,0.2,132.92919839341226
2026-08-12,ARI incidence,2026-08-23,3,GB-ENG,quantile,0.25,139.3639371126445
2026-08-12,ARI incidence,2026-08-23,3,GB-ENG,quantile,0.3,144.84131879042997
2026-08-12,ARI incidence,2026-08-23,3,GB-ENG,quantile,0.35,149.55044745069256
2026-08-12,ARI incidence,2026-08-23,3,GB-ENG,quantile,0.4,155.41927994304524
2026-08-12,ARI incidence,2026-08-23,3,GB-ENG,quantile,0.45,160.3376653121299
2026-08-12,ARI incidence,2026-08-23,3,GB-ENG,quantile,0.5,166.10460567287674
2026-08-12,ARI incidence,2026-08-23,3,GB-ENG,quantile,0.55,172.69573459430362
2026-08-12,ARI incidence,2026-08-23,3,GB-ENG,quantile,0.6,179.1109041284044
2026-08-12,ARI incidence,2026-08-23,3,GB-ENG,quantile,0.65,185.4142563950787
2026-08-12,ARI incidence,2026-08-23,3,GB-ENG,quantile,0.7,192.37428011659648
2026-08-12,ARI incidence,2026-08-23,3,GB-ENG,quantile,0.75,200.00760916700207
2026-08-12,ARI incidence,2026-08-23,3,GB-ENG,quantile,0.8,208.95752384306996
2026-08-12,ARI incidence,2026-08-23,3,GB-ENG,quantile,0.85,219.89393019154733
2026-08-12,ARI incidence,2026-08-23,3,GB-ENG,quantile,0.9,236.4166651347922
2026-08-12,ARI incidence,2026-08-23,3,GB-ENG,quantile,0.95,263.52192610174336
2026-08-12,ARI incidence,2026-08-23,3,GB-ENG,quantile,0.975,288.2593750742364
2026-08-12,ARI incidence,2026-08-23,3,GB-ENG,quantile,0.99,321.4050545588263
2026-08-12,ARI incidence,2026-08-30,4,GB-ENG,quantile,0.01,88.12947897901837
2026-08-12,ARI incidence,2026-08-30,4,GB-ENG,quantile,0.025,97.6196501522641
2026-08-12,ARI incidence,2026-08-30,4,GB-ENG,quantile,0.05,106.58607878178859
2026-08-12,ARI incidence,2026-08-30,4,GB-ENG,quantile,0.1,119.92109791912887
2026-08-12,ARI incidence,2026-08-30,4,GB-ENG,quantile,0.15,127.71793953302348
2026-08-12,ARI incidence,2026-08-30,4,GB-ENG,quantile,0.2,134.15806881644778
2026-08-12,ARI incidence,2026-08-30,4,GB-ENG,quantile,0.25,140.19751697856228
2026-08-12,ARI incidence,2026-08-30,4,GB-ENG,quantile,0.3,145.6010658262495
2026-08-12,ARI incidence,2026-08-30,4,GB-ENG,quantile,0.35,151.34129097959712
2026-08-12,ARI incidence,2026-08-30,4,GB-ENG,quantile,0.4,157.43466824519857
2026-08-12,ARI incidence,2026-08-30,4,GB-ENG,quantile,0.45,163.20786691668894
2026-08-12,ARI incidence,2026-08-30,4,GB-ENG,quantile,0.5,170.4038325184013
2026-08-12,ARI incidence,2026-08-30,4,GB-ENG,quantile,0.55,176.02401856734792
2026-08-12,ARI incidence,2026-08-30,4,GB-ENG,quantile,0.6,182.91375638703283
2026-08-12,ARI incidence,2026-08-30,4,GB-ENG,quantile,0.65,190.31677352713206
2026-08-12,ARI incidence,2026-08-30,4,GB-ENG,quantile,0.7,198.44116243637686
2026-08-12,ARI incidence,2026-08-30,4,GB-ENG,quantile,0.75,207.0997209793408
2026-08-12,ARI incidence,2026-08-30,4,GB-ENG,quantile,0.8,215.80219566606254
2026-08-12,ARI incidence,2026-08-30,4,GB-ENG,quantile,0.85,228.53697504503856
2026-08-12,ARI incidence,2026-08-30,4,GB-ENG,quantile,0.9,246.3184157166554
2026-08-12,ARI incidence,2026-08-30,4,GB-ENG,quantile,0.95,274.6633789634579
2026-08-12,ARI incidence,2026-08-30,4,GB-ENG,quantile,0.975,300.7571717955656
2026-08-12,ARI incidence,2026-08-30,4,GB-ENG,quantile,0.99,335.9865003190591
2026-08-12,ARI incidence,2026-08-09,1,GB-NIR,quantile,0.01,65.25295021191828
2026-08-12,ARI incidence,2026-08-09,1,GB-NIR,quantile,0.025,69.16661329029895
2026-08-12,ARI incidence,2026-08-09,1,GB-NIR,quantile,0.05,72.71699821001451
2026-08-12,ARI incidence,2026-08-09,1,GB-NIR,quantile,0.1,78.44649749988717
2026-08-12,ARI incidence,2026-08-09,1,GB-NIR,quantile,0.15,83.04498066980312
2026-08-12,ARI incidence,2026-08-09,1,GB-NIR,quantile,0.2,87.04988220980783
2026-08-12,ARI incidence,2026-08-09,1,GB-NIR,quantile,0.25,90.32626736433794
2026-08-12,ARI incidence,2026-08-09,1,GB-NIR,quantile,0.3,93.52764442313486
2026-08-12,ARI incidence,2026-08-09,1,GB-NIR,quantile,0.35,96.40540554752418
2026-08-12,ARI incidence,2026-08-09,1,GB-NIR,quantile,0.4,99.12176007551085
2026-08-12,ARI incidence,2026-08-09,1,GB-NIR,quantile,0.45,101.46742196247904
2026-08-12,ARI incidence,2026-08-09,1,GB-NIR,quantile,0.5,104.56885253297406
2026-08-12,ARI incidence,2026-08-09,1,GB-NIR,quantile,0.55,107.06654724703729
2026-08-12,ARI incidence,2026-08-09,1,GB-NIR,quantile,0.6,109.83819535484967
2026-08-12,ARI incidence,2026-08-09,1,GB-NIR,quantile,0.65,112.95311935145818
2026-08-12,ARI incidence,2026-08-09,1,GB-NIR,quantile,0.7,116.6959504089954
2026-08-12,ARI incidence,2026-08-09,1,GB-NIR,quantile,0.75,120.68452729374123
2026-08-12,ARI incidence,2026-08-09,1,GB-NIR,quantile,0.8,124.09963581661165
2026-08-12,ARI incidence,2026-08-09,1,GB-NIR,quantile,0.85,128.20152003769718
2026-08-12,ARI incidence,2026-08-09,1,GB-NIR,quantile,0.9,136.81999070794862
2026-08-12,ARI incidence,2026-08-09,1,GB-NIR,quantile,0.95,146.5612431572903
2026-08-12,ARI incidence,2026-08-09,1,GB-NIR,quantile,0.975,156.40499456523554
2026-08-12,ARI incidence,2026-08-09,1,GB-NIR,quantile,0.99,166.72959554382095
2026-08-12,ARI incidence,2026-08-16,2,GB-NIR,quantile,0.01,57.09711065190066
2026-08-12,ARI incidence,2026-08-16,2,GB-NIR,quantile,0.025,63.841076265537744
2026-08-12,ARI incidence,2026-08-16,2,GB-NIR,quantile,0.05,70.2641536294995
2026-08-12,ARI incidence,2026-08-16,2,GB-NIR,quantile,0.1,76.49337195930514
2026-08-12,ARI incidence,2026-08-16,2,GB-NIR,quantile,0.15,82.1804885142334
2026-08-12,ARI incidence,2026-08-16,2,GB-NIR,quantile,0.2,86.9353358665219
2026-08-12,ARI incidence,2026-08-16,2,GB-NIR,quantile,0.25,90.38588518294364
2026-08-12,ARI incidence,2026-08-16,2,GB-NIR,quantile,0.3,94.06636232184715
2026-08-12,ARI incidence,2026-08-16,2,GB-NIR,quantile,0.35,97.29975131906914
2026-08-12,ARI incidence,2026-08-16,2,GB-NIR,quantile,0.4,100.39699382928603
2026-08-12,ARI incidence,2026-08-16,2,GB-NIR,quantile,0.45,103.41894114173985
2026-08-12,ARI incidence,2026-08-16,2,GB-NIR,quantile,0.5,106.61884447477377
2026-08-12,ARI incidence,2026-08-16,2,GB-NIR,quantile,0.55,109.37046262224355
2026-08-12,ARI incidence,2026-08-16,2,GB-NIR,quantile,0.6,112.67371038595971
2026-08-12,ARI incidence,2026-08-16,2,GB-NIR,quantile,0.65,116.36132061514903
2026-08-12,ARI incidence,2026-08-16,2,GB-NIR,quantile,0.7,120.73694102683449
2026-08-12,ARI incidence,2026-08-16,2,GB-NIR,quantile,0.75,125.33390911060837
2026-08-12,ARI incidence,2026-08-16,2,GB-NIR,quantile,0.8,130.20205275922558
2026-08-12,ARI incidence,2026-08-16,2,GB-NIR,quantile,0.85,136.68241392177822
2026-08-12,ARI incidence,2026-08-16,2,GB-NIR,quantile,0.9,146.0514804825163
2026-08-12,ARI incidence,2026-08-16,2,GB-NIR,quantile,0.95,161.2060806901308
2026-08-12,ARI incidence,2026-08-16,2,GB-NIR,quantile,0.975,175.44135409610004
2026-08-12,ARI incidence,2026-08-16,2,GB-NIR,quantile,0.99,193.68653489035265
2026-08-12,ARI incidence,2026-08-23,3,GB-NIR,quantile,0.01,57.07719272866037
2026-08-12,ARI incidence,2026-08-23,3,GB-NIR,quantile,0.025,64.36555082220423
2026-08-12,ARI incidence,2026-08-23,3,GB-NIR,quantile,0.05,70.24112040771273
2026-08-12,ARI incidence,2026-08-23,3,GB-NIR,quantile,0.1,78.40174811080338
2026-08-12,ARI incidence,2026-08-23,3,GB-NIR,quantile,0.15,84.47006275322448
2026-08-12,ARI incidence,2026-08-23,3,GB-NIR,quantile,0.2,88.47814405728707
2026-08-12,ARI incidence,2026-08-23,3,GB-NIR,quantile,0.25,92.0661871865789
2026-08-12,ARI incidence,2026-08-23,3,GB-NIR,quantile,0.3,95.49482979317563
2026-08-12,ARI incidence,2026-08-23,3,GB-NIR,quantile,0.35,99.64685172723904
2026-08-12,ARI incidence,2026-08-23,3,GB-NIR,quantile,0.4,102.81234406334463
2026-08-12,ARI incidence,2026-08-23,3,GB-NIR,quantile,0.45,105.52517414233135
2026-08-12,ARI incidence,2026-08-23,3,GB-NIR,quantile,0.5,109.60563135869747
2026-08-12,ARI incidence,2026-08-23,3,GB-NIR,quantile,0.55,114.24846056638742
2026-08-12,ARI incidence,2026-08-23,3,GB-NIR,quantile,0.6,117.63448167525466
2026-08-12,ARI incidence,2026-08-23,3,GB-NIR,quantile,0.65,122.32753576033926
2026-08-12,ARI incidence,2026-08-23,3,GB-NIR,quantile,0.7,126.16799458094528
2026-08-12,ARI incidence,2026-08-23,3,GB-NIR,quantile,0.75,132.64061988317962
2026-08-12,ARI incidence,2026-08-23,3,GB-NIR,quantile,0.8,139.25867388534388
2026-08-12,ARI incidence,2026-08-23,3,GB-NIR,quantile,0.85,147.38759311088637
2026-08-12,ARI incidence,2026-08-23,3,GB-NIR,quantile,0.9,158.28825260009634
2026-08-12,ARI incidence,2026-08-23,3,GB-NIR,quantile,0.95,175.9348862406834
2026-08-12,ARI incidence,2026-08-23,3,GB-NIR,quantile,0.975,192.63353732902362
2026-08-12,ARI incidence,2026-08-23,3,GB-NIR,quantile,0.99,210.92766024840978
2026-08-12,ARI incidence,2026-08-30,4,GB-NIR,quantile,0.01,56.883316496765225
2026-08-12,ARI incidence,2026-08-30,4,GB-NIR,quantile,0.025,64.01524419879354
2026-08-12,ARI incidence,2026-08-30,4,GB-NIR,quantile,0.05,71.38100409089174
2026-08-12,ARI incidence,2026-08-30,4,GB-NIR,quantile,0.1,80.80220914244472
2026-08-12,ARI incidence,2026-08-30,4,GB-NIR,quantile,0.15,86.63467499134501
2026-08-12,ARI incidence,2026-08-30,4,GB-NIR,quantile,0.2,90.38078783720093
2026-08-12,ARI incidence,2026-08-30,4,GB-NIR,quantile,0.25,95.60680539429615
2026-08-12,ARI incidence,2026-08-30,4,GB-NIR,quantile,0.3,98.8233758234544
2026-08-12,ARI incidence,2026-08-30,4,GB-NIR,quantile,0.35,102.21407597768436
2026-08-12,ARI incidence,2026-08-30,4,GB-NIR,quantile,0.4,106.69184075071648
2026-08-12,ARI incidence,2026-08-30,4,GB-NIR,quantile,0.45,109.62272006150302
2026-08-12,ARI incidence,2026-08-30,4,GB-NIR,quantile,0.5,113.64520169436399
2026-08-12,ARI incidence,2026-08-30,4,GB-NIR,quantile,0.55,117.97446965003368
2026-08-12,ARI incidence,2026-08-30,4,GB-NIR,quantile,0.6,122.17421073623596
2026-08-12,ARI incidence,2026-08-30,4,GB-NIR,quantile,0.65,126.23132180300723
2026-08-12,ARI incidence,2026-08-30,4,GB-NIR,quantile,0.7,131.07452857045104
2026-08-12,ARI incidence,2026-08-30,4,GB-NIR,quantile,0.75,136.58736138539004
2026-08-12,ARI incidence,2026-08-30,4,GB-NIR,quantile,0.8,144.90612389719624
2026-08-12,ARI incidence,2026-08-30,4,GB-NIR,quantile,0.85,155.5031850673373
2026-08-12,ARI incidence,2026-08-30,4,GB-NIR,quantile,0.9,166.97430791975324
2026-08-12,ARI incidence,2026-08-30,4,GB-NIR,quantile,0.95,185.57560297275185
2026-08-12,ARI incidence,2026-08-30,4,GB-NIR,quantile,0.975,205.10967417982582
2026-08-12,ARI incidence,2026-08-30,4,GB-NIR,quantile,0.99,230.40797266036424
2026-08-12,ARI incidence,2026-08-09,1,GB-WLS,quantile,0.01,52.315005478955
2026-08-12,ARI incidence,2026-08-09,1,GB-WLS,quantile,0.025,56.53010765009688
2026-08-12,ARI incidence,2026-08-09,1,GB-WLS,quantile,0.05,59.91943371951442
2026-08-12,ARI incidence,2026-08-09,1,GB-WLS,quantile,0.1,64.79363097396818
2026-08-12,ARI incidence,2026-08-09,1,GB-WLS,quantile,0.15,69.80118461330358
2026-08-12,ARI incidence,2026-08-09,1,GB-WLS,quantile,0.2,74.9504618758725
2026-08-12,ARI incidence,2026-08-09,1,GB-WLS,quantile,0.25,77.24857553577567
2026-08-12,ARI incidence,2026-08-09,1,GB-WLS,quantile,0.3,80.91186797683577
2026-08-12,ARI incidence,2026-08-09,1,GB-WLS,quantile,0.35,84.08309043904795
2026-08-12,ARI incidence,2026-08-09,1,GB-WLS,quantile,0.4,87.3413006889162
2026-08-12,ARI incidence,2026-08-09,1,GB-WLS,quantile,0.45,90.96344045616078
2026-08-12,ARI incidence,2026-08-09,1,GB-WLS,quantile,0.5,94.6731219246276
2026-08-12,ARI incidence,2026-08-09,1,GB-WLS,quantile,0.55,98.53244695285285
2026-08-12,ARI incidence,2026-08-09,1,GB-WLS,quantile,0.6,102.61344226792765
2026-08-12,ARI incidence,2026-08-09,1,GB-WLS,quantile,0.65,107.00740478452514
2026-08-12,ARI incidence,2026-08-09,1,GB-WLS,quantile,0.7,113.74694247035303
2026-08-12,ARI incidence,2026-08-09,1,GB-WLS,quantile,0.75,117.42867961784496
2026-08-12,ARI incidence,2026-08-09,1,GB-WLS,quantile,0.8,123.6861835964968
2026-08-12,ARI incidence,2026-08-09,1,GB-WLS,quantile,0.85,129.47159186792
2026-08-12,ARI incidence,2026-08-09,1,GB-WLS,quantile,0.9,140.2222909501351
2026-08-12,ARI incidence,2026-08-09,1,GB-WLS,quantile,0.95,152.23104459672032
2026-08-12,ARI incidence,2026-08-09,1,GB-WLS,quantile,0.975,159.36475746566762
2026-08-12,ARI incidence,2026-08-09,1,GB-WLS,quantile,0.99,179.3750507839843
2026-08-12,ARI incidence,2026-08-16,2,GB-WLS,quantile,0.01,47.0022445128064
2026-08-12,ARI incidence,2026-08-16,2,GB-WLS,quantile,0.025,52.09208907892925
2026-08-12,ARI incidence,2026-08-16,2,GB-WLS,quantile,0.05,57.63690417619044
2026-08-12,ARI incidence,2026-08-16,2,GB-WLS,quantile,0.1,64.75217073345254
2026-08-12,ARI incidence,2026-08-16,2,GB-WLS,quantile,0.15,70.03441434896214
2026-08-12,ARI incidence,2026-08-16,2,GB-WLS,quantile,0.2,74.53360318466136
2026-08-12,ARI incidence,2026-08-16,2,GB-WLS,quantile,0.25,78.20148751229775
2026-08-12,ARI incidence,2026-08-16,2,GB-WLS,quantile,0.3,81.96285719795378
2026-08-12,ARI incidence,2026-08-16,2,GB-WLS,quantile,0.35,84.63284350395081
2026-08-12,ARI incidence,2026-08-16,2,GB-WLS,quantile,0.4,88.33913115171934
2026-08-12,ARI incidence,2026-08-16,2,GB-WLS,quantile,0.45,92.41294983657073
2026-08-12,ARI incidence,2026-08-16,2,GB-WLS,quantile,0.5,96.6035060223255
2026-08-12,ARI incidence,2026-08-16,2,GB-WLS,quantile,0.55,100.98205285794938
2026-08-12,ARI incidence,2026-08-16,2,GB-WLS,quantile,0.6,105.63238230593419
2026-08-12,ARI incidence,2026-08-16,2,GB-WLS,quantile,0.65,110.20355885000518
2026-08-12,ARI incidence,2026-08-16,2,GB-WLS,quantile,0.7,115.18763100851739
2026-08-12,ARI incidence,2026-08-16,2,GB-WLS,quantile,0.75,120.81712819042009
2026-08-12,ARI incidence,2026-08-16,2,GB-WLS,quantile,0.8,127.40739680609995
2026-08-12,ARI incidence,2026-08-16,2,GB-WLS,quantile,0.85,135.5404845696319
2026-08-12,ARI incidence,2026-08-16,2,GB-WLS,quantile,0.9,146.50955364873963
2026-08-12,ARI incidence,2026-08-16,2,GB-WLS,quantile,0.95,164.8673923535648
2026-08-12,ARI incidence,2026-08-16,2,GB-WLS,quantile,0.975,183.5288192661832
2026-08-12,ARI incidence,2026-08-16,2,GB-WLS,quantile,0.99,207.88231064533767
2026-08-12,ARI incidence,2026-08-23,3,GB-WLS,quantile,0.01,48.2214114706299
2026-08-12,ARI incidence,2026-08-23,3,GB-WLS,quantile,0.025,54.98212211449657
2026-08-12,ARI incidence,2026-08-23,3,GB-WLS,quantile,0.05,59.78004782061114
2026-08-12,ARI incidence,2026-08-23,3,GB-WLS,quantile,0.1,66.99621998849122
2026-08-12,ARI incidence,2026-08-23,3,GB-WLS,quantile,0.15,72.45385668165689
2026-08-12,ARI incidence,2026-08-23,3,GB-WLS,quantile,0.2,75.98668420500431
2026-08-12,ARI incidence,2026-08-23,3,GB-WLS,quantile,0.25,81.7266283010662
2026-08-12,ARI incidence,2026-08-23,3,GB-WLS,quantile,0.3,85.98857875246311
2026-08-12,ARI incidence,2026-08-23,3,GB-WLS,quantile,0.35,89.40989220066488
2026-08-12,ARI incidence,2026-08-23,3,GB-WLS,quantile,0.4,92.78072582988624
2026-08-12,ARI incidence,2026-08-23,3,GB-WLS,quantile,0.45,96.30836679390723
2026-08-12,ARI incidence,2026-08-23,3,GB-WLS,quantile,0.5,100.712837330086
2026-08-12,ARI incidence,2026-08-23,3,GB-WLS,quantile,0.55,105.31666750350075
2026-08-12,ARI incidence,2026-08-23,3,GB-WLS,quantile,0.6,110.20816277402155
2026-08-12,ARI incidence,2026-08-23,3,GB-WLS,quantile,0.65,115.50054585094858
2026-08-12,ARI incidence,2026-08-23,3,GB-WLS,quantile,0.7,121.35072382409726
2026-08-12,ARI incidence,2026-08-23,3,GB-WLS,quantile,0.75,127.99399088615421
2026-08-12,ARI incidence,2026-08-23,3,GB-WLS,quantile,0.8,135.81691641414795
2026-08-12,ARI incidence,2026-08-23,3,GB-WLS,quantile,0.85,145.5362682330505
2026-08-12,ARI incidence,2026-08-23,3,GB-WLS,quantile,0.9,158.7522698234162
2026-08-12,ARI incidence,2026-08-23,3,GB-WLS,quantile,0.95,180.5643242292528
2026-08-12,ARI incidence,2026-08-23,3,GB-WLS,quantile,0.975,198.31437636675344
2026-08-12,ARI incidence,2026-08-23,3,GB-WLS,quantile,0.99,222.52293148573642
2026-08-12,ARI incidence,2026-08-30,4,GB-WLS,quantile,0.01,49.71324390865712
2026-08-12,ARI incidence,2026-08-30,4,GB-WLS,quantile,0.025,55.8419911589132
2026-08-12,ARI incidence,2026-08-30,4,GB-WLS,quantile,0.05,60.74138783594178
2026-08-12,ARI incidence,2026-08-30,4,GB-WLS,quantile,0.1,67.16940081499075
2026-08-12,ARI incidence,2026-08-30,4,GB-WLS,quantile,0.15,71.68138354912679
2026-08-12,ARI incidence,2026-08-30,4,GB-WLS,quantile,0.2,75.47941116654701
2026-08-12,ARI incidence,2026-08-30,4,GB-WLS,quantile,0.25,81.58140515702198
2026-08-12,ARI incidence,2026-08-30,4,GB-WLS,quantile,0.3,88.06429275662288
2026-08-12,ARI incidence,2026-08-30,4,GB-WLS,quantile,0.35,92.99770849110881
2026-08-12,ARI incidence,2026-08-30,4,GB-WLS,quantile,0.4,96.76058666664078
2026-08-12,ARI incidence,2026-08-30,4,GB-WLS,quantile,0.45,100.54452604374269
2026-08-12,ARI incidence,2026-08-30,4,GB-WLS,quantile,0.5,104.41144064395962
2026-08-12,ARI incidence,2026-08-30,4,GB-WLS,quantile,0.55,108.42561112401522
2026-08-12,ARI incidence,2026-08-30,4,GB-WLS,quantile,0.6,112.66105909864254
2026-08-12,ARI incidence,2026-08-30,4,GB-WLS,quantile,0.65,117.21109255749634
2026-08-12,ARI incidence,2026-08-30,4,GB-WLS,quantile,0.7,122.2034045765751
2026-08-12,ARI incidence,2026-08-30,4,GB-WLS,quantile,0.75,127.82768580280597
2026-08-12,ARI incidence,2026-08-30,4,GB-WLS,quantile,0.8,135.0274352437521
2026-08-12,ARI incidence,2026-08-30,4,GB-WLS,quantile,0.85,144.69070302384876
2026-08-12,ARI incidence,2026-08-30,4,GB-WLS,quantile,0.9,157.83044369066073
2026-08-12,ARI incidence,2026-08-30,4,GB-WLS,quantile,0.95,179.51663495988814
2026-08-12,ARI incidence,2026-08-30,4,GB-WLS,quantile,0.975,200.71008330590553
2026-08-12,ARI incidence,2026-08-30,4,GB-WLS,quantile,0.99,229.84445072625758
2026-08-12,ARI incidence,2026-08-09,1,HU,quantile,0.01,259.04575708270823
2026-08-12,ARI incidence,2026-08-09,1,HU,quantile,0.025,284.71483691954387
2026-08-12,ARI incidence,2026-08-09,1,HU,quantile,0.05,311.3519491588851
2026-08-12,ARI incidence,2026-08-09,1,HU,quantile,0.1,345.15930990673405
2026-08-12,ARI incidence,2026-08-09,1,HU,quantile,0.15,369.46511747974574
2026-08-12,ARI incidence,2026-08-09,1,HU,quantile,0.2,383.5171275632938
2026-08-12,ARI incidence,2026-08-09,1,HU,quantile,0.25,396.7775237951364
2026-08-12,ARI incidence,2026-08-09,1,HU,quantile,0.3,405.4379106503502
2026-08-12,ARI incidence,2026-08-09,1,HU,quantile,0.35,418.1277182854442
2026-08-12,ARI incidence,2026-08-09,1,HU,quantile,0.4,433.6944705595631
2026-08-12,ARI incidence,2026-08-09,1,HU,quantile,0.45,445.763096795971
2026-08-12,ARI incidence,2026-08-09,1,HU,quantile,0.5,456.067040537798
2026-08-12,ARI incidence,2026-08-09,1,HU,quantile,0.55,461.8469000639601
2026-08-12,ARI incidence,2026-08-09,1,HU,quantile,0.6,477.89828778289257
2026-08-12,ARI incidence,2026-08-09,1,HU,quantile,0.65,496.77994638586097
2026-08-12,ARI incidence,2026-08-09,1,HU,quantile,0.7,515.5809574064632
2026-08-12,ARI incidence,2026-08-09,1,HU,quantile,0.75,537.6198028672644
2026-08-12,ARI incidence,2026-08-09,1,HU,quantile,0.8,561.2147027780939
2026-08-12,ARI incidence,2026-08-09,1,HU,quantile,0.85,588.0577116048472
2026-08-12,ARI incidence,2026-08-09,1,HU,quantile,0.9,628.9244049343977
2026-08-12,ARI incidence,2026-08-09,1,HU,quantile,0.95,682.52545648142
2026-08-12,ARI incidence,2026-08-09,1,HU,quantile,0.975,744.640953440809
2026-08-12,ARI incidence,2026-08-09,1,HU,quantile,0.99,815.4797430782512
2026-08-12,ARI incidence,2026-08-16,2,HU,quantile,0.01,235.91747544180936
2026-08-12,ARI incidence,2026-08-16,2,HU,quantile,0.025,264.212828567947
2026-08-12,ARI incidence,2026-08-16,2,HU,quantile,0.05,291.26322415882447
2026-08-12,ARI incidence,2026-08-16,2,HU,quantile,0.1,324.4591160600116
2026-08-12,ARI incidence,2026-08-16,2,HU,quantile,0.15,345.7247399718188
2026-08-12,ARI incidence,2026-08-16,2,HU,quantile,0.2,369.62127286248585
2026-08-12,ARI incidence,2026-08-16,2,HU,quantile,0.25,388.8864704197953
2026-08-12,ARI incidence,2026-08-16,2,HU,quantile,0.3,401.3509113834762
2026-08-12,ARI incidence,2026-08-16,2,HU,quantile,0.35,415.0479513349684
2026-08-12,ARI incidence,2026-08-16,2,HU,quantile,0.4,431.4292769354543
2026-08-12,ARI incidence,2026-08-16,2,HU,quantile,0.45,445.22263013263427
2026-08-12,ARI incidence,2026-08-16,2,HU,quantile,0.5,459.22678659551804
2026-08-12,ARI incidence,2026-08-16,2,HU,quantile,0.55,473.6704465371443
2026-08-12,ARI incidence,2026-08-16,2,HU,quantile,0.6,489.0032328283766
2026-08-12,ARI incidence,2026-08-16,2,HU,quantile,0.65,506.9280427986382
2026-08-12,ARI incidence,2026-08-16,2,HU,quantile,0.7,522.572086670385
2026-08-12,ARI incidence,2026-08-16,2,HU,quantile,0.75,543.6539949709345
2026-08-12,ARI incidence,2026-08-16,2,HU,quantile,0.8,570.0874003580557
2026-08-12,ARI incidence,2026-08-16,2,HU,quantile,0.85,604.098281528355
2026-08-12,ARI incidence,2026-08-16,2,HU,quantile,0.9,648.9870275189039
2026-08-12,ARI incidence,2026-08-16,2,HU,quantile,0.95,722.3536446738685
2026-08-12,ARI incidence,2026-08-16,2,HU,quantile,0.975,795.0239906921547
2026-08-12,ARI incidence,2026-08-16,2,HU,quantile,0.99,886.5150169643326
2026-08-12,ARI incidence,2026-08-23,3,HU,quantile,0.01,223.6312609419977
2026-08-12,ARI incidence,2026-08-23,3,HU,quantile,0.025,254.4285726169075
2026-08-12,ARI incidence,2026-08-23,3,HU,quantile,0.05,284.2725189018731
2026-08-12,ARI incidence,2026-08-23,3,HU,quantile,0.1,323.0334645107948
2026-08-12,ARI incidence,2026-08-23,3,HU,quantile,0.15,351.3226843032571
2026-08-12,ARI incidence,2026-08-23,3,HU,quantile,0.2,374.68324503375527
2026-08-12,ARI incidence,2026-08-23,3,HU,quantile,0.25,397.51881001980274
2026-08-12,ARI incidence,2026-08-23,3,HU,quantile,0.3,419.20639869863
2026-08-12,ARI incidence,2026-08-23,3,HU,quantile,0.35,432.3934580081493
2026-08-12,ARI incidence,2026-08-23,3,HU,quantile,0.4,453.5554044825693
2026-08-12,ARI incidence,2026-08-23,3,HU,quantile,0.45,475.01281438623096
2026-08-12,ARI incidence,2026-08-23,3,HU,quantile,0.5,497.118722664947
2026-08-12,ARI incidence,2026-08-23,3,HU,quantile,0.55,520.2512234345754
2026-08-12,ARI incidence,2026-08-23,3,HU,quantile,0.6,542.0033049667213
2026-08-12,ARI incidence,2026-08-23,3,HU,quantile,0.65,563.3644137178894
2026-08-12,ARI incidence,2026-08-23,3,HU,quantile,0.7,586.7858563594458
2026-08-12,ARI incidence,2026-08-23,3,HU,quantile,0.75,607.1061817638554
2026-08-12,ARI incidence,2026-08-23,3,HU,quantile,0.8,643.1564756058518
2026-08-12,ARI incidence,2026-08-23,3,HU,quantile,0.85,681.7062029774967
2026-08-12,ARI incidence,2026-08-23,3,HU,quantile,0.9,735.7597916940697
2026-08-12,ARI incidence,2026-08-23,3,HU,quantile,0.95,817.127990377081
2026-08-12,ARI incidence,2026-08-23,3,HU,quantile,0.975,897.1500305645595
2026-08-12,ARI incidence,2026-08-23,3,HU,quantile,0.99,1016.6637138703506
2026-08-12,ARI incidence,2026-08-30,4,HU,quantile,0.01,224.34360774506553
2026-08-12,ARI incidence,2026-08-30,4,HU,quantile,0.025,258.9162203437583
2026-08-12,ARI incidence,2026-08-30,4,HU,quantile,0.05,291.0562792790134
2026-08-12,ARI incidence,2026-08-30,4,HU,quantile,0.1,333.0745136252065
2026-08-12,ARI incidence,2026-08-30,4,HU,quantile,0.15,364.78836926166764
2026-08-12,ARI incidence,2026-08-30,4,HU,quantile,0.2,392.1271806644562
2026-08-12,ARI incidence,2026-08-30,4,HU,quantile,0.25,414.5256395243624
2026-08-12,ARI incidence,2026-08-30,4,HU,quantile,0.3,439.3333539609445
2026-08-12,ARI incidence,2026-08-30,4,HU,quantile,0.35,459.8879313825369
2026-08-12,ARI incidence,2026-08-30,4,HU,quantile,0.4,483.22399767829853
2026-08-12,ARI incidence,2026-08-30,4,HU,quantile,0.45,505.80184677972943
2026-08-12,ARI incidence,2026-08-30,4,HU,quantile,0.5,526.6372411754586
2026-08-12,ARI incidence,2026-08-30,4,HU,quantile,0.55,548.329210310179
2026-08-12,ARI incidence,2026-08-30,4,HU,quantile,0.6,571.2842933184095
2026-08-12,ARI incidence,2026-08-30,4,HU,quantile,0.65,596.0187519591368
2026-08-12,ARI incidence,2026-08-30,4,HU,quantile,0.7,623.242972362209
2026-08-12,ARI incidence,2026-08-30,4,HU,quantile,0.75,653.0040708506972
2026-08-12,ARI incidence,2026-08-30,4,HU,quantile,0.8,690.0729506338214
2026-08-12,ARI incidence,2026-08-30,4,HU,quantile,0.85,734.6136794448653
2026-08-12,ARI incidence,2026-08-30,4,HU,quantile,0.9,797.9041169174758
2026-08-12,ARI incidence,2026-08-30,4,HU,quantile,0.95,905.5515057132405
2026-08-12,ARI incidence,2026-08-30,4,HU,quantile,0.975,1007.4833218759328
2026-08-12,ARI incidence,2026-08-30,4,HU,quantile,0.99,1148.6223670484042
2026-08-12,ARI incidence,2026-08-09,1,IE,quantile,0.01,13.413518952928417
2026-08-12,ARI incidence,2026-08-09,1,IE,quantile,0.025,14.033354060069641
2026-08-12,ARI incidence,2026-08-09,1,IE,quantile,0.05,14.514631795342904
2026-08-12,ARI incidence,2026-08-09,1,IE,quantile,0.1,15.088667580873887
2026-08-12,ARI incidence,2026-08-09,1,IE,quantile,0.15,15.602099030234271
2026-08-12,ARI incidence,2026-08-09,1,IE,quantile,0.2,16.35170081194625
2026-08-12,ARI incidence,2026-08-09,1,IE,quantile,0.25,16.717882457186327
2026-08-12,ARI incidence,2026-08-09,1,IE,quantile,0.3,17.076911979386896
2026-08-12,ARI incidence,2026-08-09,1,IE,quantile,0.35,17.798001135456012
2026-08-12,ARI incidence,2026-08-09,1,IE,quantile,0.4,18.50882350027703
2026-08-12,ARI incidence,2026-08-09,1,IE,quantile,0.45,19.185688312230393
2026-08-12,ARI incidence,2026-08-09,1,IE,quantile,0.5,19.440946494055567
2026-08-12,ARI incidence,2026-08-09,1,IE,quantile,0.55,19.713082332265248
2026-08-12,ARI incidence,2026-08-09,1,IE,quantile,0.6,20.13446166309106
2026-08-12,ARI incidence,2026-08-09,1,IE,quantile,0.65,20.427302944291228
2026-08-12,ARI incidence,2026-08-09,1,IE,quantile,0.7,20.74030590791341
2026-08-12,ARI incidence,2026-08-09,1,IE,quantile,0.75,21.083216747197365
2026-08-12,ARI incidence,2026-08-09,1,IE,quantile,0.8,21.471432854649066
2026-08-12,ARI incidence,2026-08-09,1,IE,quantile,0.85,22.687487596327355
2026-08-12,ARI incidence,2026-08-09,1,IE,quantile,0.9,23.276574927815645
2026-08-12,ARI incidence,2026-08-09,1,IE,quantile,0.95,24.481351202780157
2026-08-12,ARI incidence,2026-08-09,1,IE,quantile,0.975,25.42082086159822
2026-08-12,ARI incidence,2026-08-09,1,IE,quantile,0.99,26.406802130504502
2026-08-12,ARI incidence,2026-08-16,2,IE,quantile,0.01,9.700933038365873
2026-08-12,ARI incidence,2026-08-16,2,IE,quantile,0.025,10.928887169813073
2026-08-12,ARI incidence,2026-08-16,2,IE,quantile,0.05,12.097121549795819
2026-08-12,ARI incidence,2026-08-16,2,IE,quantile,0.1,13.572813660042922
2026-08-12,ARI incidence,2026-08-16,2,IE,quantile,0.15,14.566324312536217
2026-08-12,ARI incidence,2026-08-16,2,IE,quantile,0.2,15.51650503241541
2026-08-12,ARI incidence,2026-08-16,2,IE,quantile,0.25,16.342861121073
2026-08-12,ARI incidence,2026-08-16,2,IE,quantile,0.3,17.105327967392387
2026-08-12,ARI incidence,2026-08-16,2,IE,quantile,0.35,17.84175860902587
2026-08-12,ARI incidence,2026-08-16,2,IE,quantile,0.4,18.56823767330045
2026-08-12,ARI incidence,2026-08-16,2,IE,quantile,0.45,19.29776404933588
2026-08-12,ARI incidence,2026-08-16,2,IE,quantile,0.5,20.042273065698417
2026-08-12,ARI incidence,2026-08-16,2,IE,quantile,0.55,20.814090197087697
2026-08-12,ARI incidence,2026-08-16,2,IE,quantile,0.6,21.6273445347384
2026-08-12,ARI incidence,2026-08-16,2,IE,quantile,0.65,22.499783908669272
2026-08-12,ARI incidence,2026-08-16,2,IE,quantile,0.7,23.45563298101292
2026-08-12,ARI incidence,2026-08-16,2,IE,quantile,0.75,24.530807903051596
2026-08-12,ARI incidence,2026-08-16,2,IE,quantile,0.8,25.78378284324653
2026-08-12,ARI incidence,2026-08-16,2,IE,quantile,0.85,27.32209865583048
2026-08-12,ARI incidence,2026-08-16,2,IE,quantile,0.9,29.383786281812164
2026-08-12,ARI incidence,2026-08-16,2,IE,quantile,0.95,32.71878252595312
2026-08-12,ARI incidence,2026-08-16,2,IE,quantile,0.975,35.90644029891115
2026-08-12,ARI incidence,2026-08-16,2,IE,quantile,0.99,40.32616373767098
2026-08-12,ARI incidence,2026-08-23,3,IE,quantile,0.01,9.474406530501053
2026-08-12,ARI incidence,2026-08-23,3,IE,quantile,0.025,10.7713628561848
2026-08-12,ARI incidence,2026-08-23,3,IE,quantile,0.05,12.039919467738967
2026-08-12,ARI incidence,2026-08-23,3,IE,quantile,0.1,13.711638652241767
2026-08-12,ARI incidence,2026-08-23,3,IE,quantile,0.15,14.959001998399469
2026-08-12,ARI incidence,2026-08-23,3,IE,quantile,0.2,15.991665207190577
2026-08-12,ARI incidence,2026-08-23,3,IE,quantile,0.25,16.984830626736468
2026-08-12,ARI incidence,2026-08-23,3,IE,quantile,0.3,17.916379870838366
2026-08-12,ARI incidence,2026-08-23,3,IE,quantile,0.35,18.810370464388424
2026-08-12,ARI incidence,2026-08-23,3,IE,quantile,0.4,19.697715988641356
2026-08-12,ARI incidence,2026-08-23,3,IE,quantile,0.45,20.500603036302167
2026-08-12,ARI incidence,2026-08-23,3,IE,quantile,0.5,21.476226913505567
2026-08-12,ARI incidence,2026-08-23,3,IE,quantile,0.55,22.47325611059062
2026-08-12,ARI incidence,2026-08-23,3,IE,quantile,0.6,23.489781724825555
2026-08-12,ARI incidence,2026-08-23,3,IE,quantile,0.65,24.58672729898931
2026-08-12,ARI incidence,2026-08-23,3,IE,quantile,0.7,25.795959386799623
2026-08-12,ARI incidence,2026-08-23,3,IE,quantile,0.75,27.165103112022564
2026-08-12,ARI incidence,2026-08-23,3,IE,quantile,0.8,28.772189689870583
2026-08-12,ARI incidence,2026-08-23,3,IE,quantile,0.85,30.761544162667196
2026-08-12,ARI incidence,2026-08-23,3,IE,quantile,0.9,33.60273086255728
2026-08-12,ARI incidence,2026-08-23,3,IE,quantile,0.95,38.08969818190955
2026-08-12,ARI incidence,2026-08-23,3,IE,quantile,0.975,42.30389957704406
2026-08-12,ARI incidence,2026-08-23,3,IE,quantile,0.99,47.77831771160855
2026-08-12,ARI incidence,2026-08-30,4,IE,quantile,0.01,9.35143225053261
2026-08-12,ARI incidence,2026-08-30,4,IE,quantile,0.025,10.80142996856369
2026-08-12,ARI incidence,2026-08-30,4,IE,quantile,0.05,12.209950112166581
2026-08-12,ARI incidence,2026-08-30,4,IE,quantile,0.1,14.043762435930743
2026-08-12,ARI incidence,2026-08-30,4,IE,quantile,0.15,15.408369648361967
2026-08-12,ARI incidence,2026-08-30,4,IE,quantile,0.2,16.60837986047289
2026-08-12,ARI incidence,2026-08-30,4,IE,quantile,0.25,17.693506763633778
2026-08-12,ARI incidence,2026-08-30,4,IE,quantile,0.3,18.724857854268986
2026-08-12,ARI incidence,2026-08-30,4,IE,quantile,0.35,19.731284552474648
2026-08-12,ARI incidence,2026-08-30,4,IE,quantile,0.4,20.608483441783775
2026-08-12,ARI incidence,2026-08-30,4,IE,quantile,0.45,21.31807688693736
2026-08-12,ARI incidence,2026-08-30,4,IE,quantile,0.5,22.300511943928473
2026-08-12,ARI incidence,2026-08-30,4,IE,quantile,0.55,23.446070881926474
2026-08-12,ARI incidence,2026-08-30,4,IE,quantile,0.6,24.66778905484329
2026-08-12,ARI incidence,2026-08-30,4,IE,quantile,0.65,25.994733663497968
2026-08-12,ARI incidence,2026-08-30,4,IE,quantile,0.7,27.467440840934774
2026-08-12,ARI incidence,2026-08-30,4,IE,quantile,0.75,29.13742651250447
2026-08-12,ARI incidence,2026-08-30,4,IE,quantile,0.8,30.945439493951163
2026-08-12,ARI incidence,2026-08-30,4,IE,quantile,0.85,33.1902485499808
2026-08-12,ARI incidence,2026-08-30,4,IE,quantile,0.9,36.24017197746448
2026-08-12,ARI incidence,2026-08-30,4,IE,quantile,0.95,41.2681683422891
2026-08-12,ARI incidence,2026-08-30,4,IE,quantile,0.975,46.17579682498816
2026-08-12,ARI incidence,2026-08-30,4,IE,quantile,0.99,52.602810988164336
2026-08-12,ARI incidence,2026-08-09,1,IS,quantile,0.01,21.205264049947196
2026-08-12,ARI incidence,2026-08-09,1,IS,quantile,0.025,23.345080010793193
2026-08-12,ARI incidence,2026-08-09,1,IS,quantile,0.05,25.06541544017718
2026-08-12,ARI incidence,2026-08-09,1,IS,quantile,0.1,27.033111629544354
2026-08-12,ARI incidence,2026-08-09,1,IS,quantile,0.15,27.931914923759493
2026-08-12,ARI incidence,2026-08-09,1,IS,quantile,0.2,28.666763718884766
2026-08-12,ARI incidence,2026-08-09,1,IS,quantile,0.25,29.31205575046813
2026-08-12,ARI incidence,2026-08-09,1,IS,quantile,0.3,29.903501235281965
2026-08-12,ARI incidence,2026-08-09,1,IS,quantile,0.35,30.66114242772551
2026-08-12,ARI incidence,2026-08-09,1,IS,quantile,0.4,31.973300108681745
2026-08-12,ARI incidence,2026-08-09,1,IS,quantile,0.45,33.294564229700875
2026-08-12,ARI incidence,2026-08-09,1,IS,quantile,0.5,34.646560927913434
2026-08-12,ARI incidence,2026-08-09,1,IS,quantile,0.55,36.05185747445574
2026-08-12,ARI incidence,2026-08-09,1,IS,quantile,0.6,37.22752512589339
2026-08-12,ARI incidence,2026-08-09,1,IS,quantile,0.65,38.24099782599279
2026-08-12,ARI incidence,2026-08-09,1,IS,quantile,0.7,39.44130697772971
2026-08-12,ARI incidence,2026-08-09,1,IS,quantile,0.75,41.5553281846074
2026-08-12,ARI incidence,2026-08-09,1,IS,quantile,0.8,44.039687587651116
2026-08-12,ARI incidence,2026-08-09,1,IS,quantile,0.85,47.11915143605712
2026-08-12,ARI incidence,2026-08-09,1,IS,quantile,0.9,51.294683366730844
2026-08-12,ARI incidence,2026-08-09,1,IS,quantile,0.95,58.13196835906697
2026-08-12,ARI incidence,2026-08-09,1,IS,quantile,0.975,64.63193592254915
2026-08-12,ARI incidence,2026-08-09,1,IS,quantile,0.99,71.92754892466871
2026-08-12,ARI incidence,2026-08-16,2,IS,quantile,0.01,16.460603805984316
2026-08-12,ARI incidence,2026-08-16,2,IS,quantile,0.025,18.543211938214668
2026-08-12,ARI incidence,2026-08-16,2,IS,quantile,0.05,20.53199099963252
2026-08-12,ARI incidence,2026-08-16,2,IS,quantile,0.1,23.077380931096588
2026-08-12,ARI incidence,2026-08-16,2,IS,quantile,0.15,24.962640964321437
2026-08-12,ARI incidence,2026-08-16,2,IS,quantile,0.2,26.565716327644843
2026-08-12,ARI incidence,2026-08-16,2,IS,quantile,0.25,28.01967082388208
2026-08-12,ARI incidence,2026-08-16,2,IS,quantile,0.3,29.390609114401695
2026-08-12,ARI incidence,2026-08-16,2,IS,quantile,0.35,30.718735562857823
2026-08-12,ARI incidence,2026-08-16,2,IS,quantile,0.4,31.7667142665627
2026-08-12,ARI incidence,2026-08-16,2,IS,quantile,0.45,32.93687615044612
2026-08-12,ARI incidence,2026-08-16,2,IS,quantile,0.5,34.340788962419495
2026-08-12,ARI incidence,2026-08-16,2,IS,quantile,0.55,35.80277934095751
2026-08-12,ARI incidence,2026-08-16,2,IS,quantile,0.6,37.54383945839047
2026-08-12,ARI incidence,2026-08-16,2,IS,quantile,0.65,39.202015410622394
2026-08-12,ARI incidence,2026-08-16,2,IS,quantile,0.7,40.958918661462015
2026-08-12,ARI incidence,2026-08-16,2,IS,quantile,0.75,43.25884292681307
2026-08-12,ARI incidence,2026-08-16,2,IS,quantile,0.8,46.21499392861888
2026-08-12,ARI incidence,2026-08-16,2,IS,quantile,0.85,49.910864356570116
2026-08-12,ARI incidence,2026-08-16,2,IS,quantile,0.9,54.4216677680496
2026-08-12,ARI incidence,2026-08-16,2,IS,quantile,0.95,60.677190142551495
2026-08-12,ARI incidence,2026-08-16,2,IS,quantile,0.975,67.19946648155528
2026-08-12,ARI incidence,2026-08-16,2,IS,quantile,0.99,75.17303345195296
2026-08-12,ARI incidence,2026-08-23,3,IS,quantile,0.01,17.220012735797415
2026-08-12,ARI incidence,2026-08-23,3,IS,quantile,0.025,19.431841341948235
2026-08-12,ARI incidence,2026-08-23,3,IS,quantile,0.05,21.676071142595497
2026-08-12,ARI incidence,2026-08-23,3,IS,quantile,0.1,24.582504020392133
2026-08-12,ARI incidence,2026-08-23,3,IS,quantile,0.15,26.751111154642732
2026-08-12,ARI incidence,2026-08-23,3,IS,quantile,0.2,28.605020311322615
2026-08-12,ARI incidence,2026-08-23,3,IS,quantile,0.25,30.293906524884203
2026-08-12,ARI incidence,2026-08-23,3,IS,quantile,0.3,31.892532515077693
2026-08-12,ARI incidence,2026-08-23,3,IS,quantile,0.35,33.44670695352187
2026-08-12,ARI incidence,2026-08-23,3,IS,quantile,0.4,34.98931471172698
2026-08-12,ARI incidence,2026-08-23,3,IS,quantile,0.45,36.54752571356275
2026-08-12,ARI incidence,2026-08-23,3,IS,quantile,0.5,38.14688605615779
2026-08-12,ARI incidence,2026-08-23,3,IS,quantile,0.55,39.814372152896524
2026-08-12,ARI incidence,2026-08-23,3,IS,quantile,0.6,41.581491205623
2026-08-12,ARI incidence,2026-08-23,3,IS,quantile,0.65,43.48839449186069
2026-08-12,ARI incidence,2026-08-23,3,IS,quantile,0.7,45.59047421147411
2026-08-12,ARI incidence,2026-08-23,3,IS,quantile,0.75,47.97051400965902
2026-08-12,ARI incidence,2026-08-23,3,IS,quantile,0.8,50.911828956173125
2026-08-12,ARI incidence,2026-08-23,3,IS,quantile,0.85,54.319799781671804
2026-08-12,ARI incidence,2026-08-23,3,IS,quantile,0.9,59.21939173946701
2026-08-12,ARI incidence,2026-08-23,3,IS,quantile,0.95,66.5813141640371
2026-08-12,ARI incidence,2026-08-23,3,IS,quantile,0.975,74.03335101337088
2026-08-12,ARI incidence,2026-08-23,3,IS,quantile,0.99,83.88102203749688
2026-08-12,ARI incidence,2026-08-30,4,IS,quantile,0.01,17.748667545718213
2026-08-12,ARI incidence,2026-08-30,4,IS,quantile,0.025,20.05987670039959
2026-08-12,ARI incidence,2026-08-30,4,IS,quantile,0.05,22.318917135568284
2026-08-12,ARI incidence,2026-08-30,4,IS,quantile,0.1,25.337069727198113
2026-08-12,ARI incidence,2026-08-30,4,IS,quantile,0.15,27.59112340807276
2026-08-12,ARI incidence,2026-08-30,4,IS,quantile,0.2,29.51937609718327
2026-08-12,ARI incidence,2026-08-30,4,IS,quantile,0.25,31.27696187047419
2026-08-12,ARI incidence,2026-08-30,4,IS,quantile,0.3,32.941424464497366
2026-08-12,ARI incidence,2026-08-30,4,IS,quantile,0.35,34.56032202061589
2026-08-12,ARI incidence,2026-08-30,4,IS,quantile,0.4,36.167838877427876
2026-08-12,ARI incidence,2026-08-30,4,IS,quantile,0.45,37.79226196202376
2026-08-12,ARI incidence,2026-08-30,4,IS,quantile,0.5,39.4602306370855
2026-08-12,ARI incidence,2026-08-30,4,IS,quantile,0.55,41.19991772608533
2026-08-12,ARI incidence,2026-08-30,4,IS,quantile,0.6,43.04426818047592
2026-08-12,ARI incidence,2026-08-30,4,IS,quantile,0.65,45.0353048056509
2026-08-12,ARI incidence,2026-08-30,4,IS,quantile,0.7,47.231041832627895
2026-08-12,ARI incidence,2026-08-30,4,IS,quantile,0.75,49.718226510148995
2026-08-12,ARI incidence,2026-08-30,4,IS,quantile,0.8,52.97168007524502
2026-08-12,ARI incidence,2026-08-30,4,IS,quantile,0.85,57.14147688583015
2026-08-12,ARI incidence,2026-08-30,4,IS,quantile,0.9,62.639758898140585
2026-08-12,ARI incidence,2026-08-30,4,IS,quantile,0.95,70.59122218312012
2026-08-12,ARI incidence,2026-08-30,4,IS,quantile,0.975,78.28819138861017
2026-08-12,ARI incidence,2026-08-30,4,IS,quantile,0.99,88.76956919087888
2026-08-12,ARI incidence,2026-08-09,1,LT,quantile,0.01,154.0159265091797
2026-08-12,ARI incidence,2026-08-09,1,LT,quantile,0.025,159.80079036165756
2026-08-12,ARI incidence,2026-08-09,1,LT,quantile,0.05,164.94847101243627
2026-08-12,ARI incidence,2026-08-09,1,LT,quantile,0.1,171.42256467946706
2026-08-12,ARI incidence,2026-08-09,1,LT,quantile,0.15,175.8920243443379
2026-08-12,ARI incidence,2026-08-09,1,LT,quantile,0.2,179.49444369542607
2026-08-12,ARI incidence,2026-08-09,1,LT,quantile,0.25,182.79166192509723
2026-08-12,ARI incidence,2026-08-09,1,LT,quantile,0.3,185.71761938000543
2026-08-12,ARI incidence,2026-08-09,1,LT,quantile,0.35,188.61303033877374
2026-08-12,ARI incidence,2026-08-09,1,LT,quantile,0.4,191.13203831696586
2026-08-12,ARI incidence,2026-08-09,1,LT,quantile,0.45,194.17097883783003
2026-08-12,ARI incidence,2026-08-09,1,LT,quantile,0.5,196.63950420379962
2026-08-12,ARI incidence,2026-08-09,1,LT,quantile,0.55,199.3364118487054
2026-08-12,ARI incidence,2026-08-09,1,LT,quantile,0.6,202.16640590257643
2026-08-12,ARI incidence,2026-08-09,1,LT,quantile,0.65,204.86544104303576
2026-08-12,ARI incidence,2026-08-09,1,LT,quantile,0.7,207.74863128133657
2026-08-12,ARI incidence,2026-08-09,1,LT,quantile,0.75,210.9984136012273
2026-08-12,ARI incidence,2026-08-09,1,LT,quantile,0.8,214.74183129926735
2026-08-12,ARI incidence,2026-08-09,1,LT,quantile,0.85,218.9859652536656
2026-08-12,ARI incidence,2026-08-09,1,LT,quantile,0.9,224.4448704232935
2026-08-12,ARI incidence,2026-08-09,1,LT,quantile,0.95,232.78595702653553
2026-08-12,ARI incidence,2026-08-09,1,LT,quantile,0.975,240.27011799986286
2026-08-12,ARI incidence,2026-08-09,1,LT,quantile,0.99,249.27383101208414
2026-08-12,ARI incidence,2026-08-16,2,LT,quantile,0.01,108.35146062000973
2026-08-12,ARI incidence,2026-08-16,2,LT,quantile,0.025,119.4540078869364
2026-08-12,ARI incidence,2026-08-16,2,LT,quantile,0.05,129.90031904668982
2026-08-12,ARI incidence,2026-08-16,2,LT,quantile,0.1,143.07350370409594
2026-08-12,ARI incidence,2026-08-16,2,LT,quantile,0.15,152.7024289737741
2026-08-12,ARI incidence,2026-08-16,2,LT,quantile,0.2,160.8121125932547
2026-08-12,ARI incidence,2026-08-16,2,LT,quantile,0.25,168.10966714106192
2026-08-12,ARI incidence,2026-08-16,2,LT,quantile,0.3,174.82748436377187
2026-08-12,ARI incidence,2026-08-16,2,LT,quantile,0.35,181.00954881741046
2026-08-12,ARI incidence,2026-08-16,2,LT,quantile,0.4,187.26304586831804
2026-08-12,ARI incidence,2026-08-16,2,LT,quantile,0.45,194.3130655559069
2026-08-12,ARI incidence,2026-08-16,2,LT,quantile,0.5,199.4514234571983
2026-08-12,ARI incidence,2026-08-16,2,LT,quantile,0.55,206.1711184475777
2026-08-12,ARI incidence,2026-08-16,2,LT,quantile,0.6,213.2298449829474
2026-08-12,ARI incidence,2026-08-16,2,LT,quantile,0.65,220.77844895375426
2026-08-12,ARI incidence,2026-08-16,2,LT,quantile,0.7,228.814243890911
2026-08-12,ARI incidence,2026-08-16,2,LT,quantile,0.75,237.5316980499602
2026-08-12,ARI incidence,2026-08-16,2,LT,quantile,0.8,248.3448222152679
2026-08-12,ARI incidence,2026-08-16,2,LT,quantile,0.85,261.569053960593
2026-08-12,ARI incidence,2026-08-16,2,LT,quantile,0.9,278.31257579294805
2026-08-12,ARI incidence,2026-08-16,2,LT,quantile,0.95,305.70958795290096
2026-08-12,ARI incidence,2026-08-16,2,LT,quantile,0.975,331.9744578328799
2026-08-12,ARI incidence,2026-08-16,2,LT,quantile,0.99,365.3538667635126
2026-08-12,ARI incidence,2026-08-23,3,LT,quantile,0.01,104.41457899514829
2026-08-12,ARI incidence,2026-08-23,3,LT,quantile,0.025,117.02294109586083
2026-08-12,ARI incidence,2026-08-23,3,LT,quantile,0.05,129.06657027527143
2026-08-12,ARI incidence,2026-08-23,3,LT,quantile,0.1,144.8816629788497
2026-08-12,ARI incidence,2026-08-23,3,LT,quantile,0.15,155.9078609868022
2026-08-12,ARI incidence,2026-08-23,3,LT,quantile,0.2,165.02253503464124
2026-08-12,ARI incidence,2026-08-23,3,LT,quantile,0.25,173.71879960795167
2026-08-12,ARI incidence,2026-08-23,3,LT,quantile,0.3,182.06437512235638
2026-08-12,ARI incidence,2026-08-23,3,LT,quantile,0.35,190.28566009432825
2026-08-12,ARI incidence,2026-08-23,3,LT,quantile,0.4,198.62992031884565
2026-08-12,ARI incidence,2026-08-23,3,LT,quantile,0.45,206.06845012389994
2026-08-12,ARI incidence,2026-08-23,3,LT,quantile,0.5,214.55643569296805
2026-08-12,ARI incidence,2026-08-23,3,LT,quantile,0.55,222.66630776579007
2026-08-12,ARI incidence,2026-08-23,3,LT,quantile,0.6,231.4461386820539
2026-08-12,ARI incidence,2026-08-23,3,LT,quantile,0.65,241.25119813574847
2026-08-12,ARI incidence,2026-08-23,3,LT,quantile,0.7,252.2817288608357
2026-08-12,ARI incidence,2026-08-23,3,LT,quantile,0.75,264.7495434314181
2026-08-12,ARI incidence,2026-08-23,3,LT,quantile,0.8,278.99601407644815
2026-08-12,ARI incidence,2026-08-23,3,LT,quantile,0.85,296.3314801504226
2026-08-12,ARI incidence,2026-08-23,3,LT,quantile,0.9,319.6763024276117
2026-08-12,ARI incidence,2026-08-23,3,LT,quantile,0.95,360.87101822228755
2026-08-12,ARI incidence,2026-08-23,3,LT,quantile,0.975,400.05789519544663
2026-08-12,ARI incidence,2026-08-23,3,LT,quantile,0.99,446.6263976770761
2026-08-12,ARI incidence,2026-08-30,4,LT,quantile,0.01,105.41262151882137
2026-08-12,ARI incidence,2026-08-30,4,LT,quantile,0.025,118.60880483497436
2026-08-12,ARI incidence,2026-08-30,4,LT,quantile,0.05,132.33790149315882
2026-08-12,ARI incidence,2026-08-30,4,LT,quantile,0.1,149.71804394227036
2026-08-12,ARI incidence,2026-08-30,4,LT,quantile,0.15,162.74677504666906
2026-08-12,ARI incidence,2026-08-30,4,LT,quantile,0.2,173.47563817038605
2026-08-12,ARI incidence,2026-08-30,4,LT,quantile,0.25,182.91228024638855
2026-08-12,ARI incidence,2026-08-30,4,LT,quantile,0.3,191.36552359446372
2026-08-12,ARI incidence,2026-08-30,4,LT,quantile,0.35,201.36457092998458
2026-08-12,ARI incidence,2026-08-30,4,LT,quantile,0.4,210.87225856951534
2026-08-12,ARI incidence,2026-08-30,4,LT,quantile,0.45,220.27444527817045
2026-08-12,ARI incidence,2026-08-30,4,LT,quantile,0.5,229.71792974190623
2026-08-12,ARI incidence,2026-08-30,4,LT,quantile,0.55,240.39788522161004
2026-08-12,ARI incidence,2026-08-30,4,LT,quantile,0.6,250.02619517488992
2026-08-12,ARI incidence,2026-08-30,4,LT,quantile,0.65,262.2706001609201
2026-08-12,ARI incidence,2026-08-30,4,LT,quantile,0.7,273.4796241747875
2026-08-12,ARI incidence,2026-08-30,4,LT,quantile,0.75,286.2220635561263
2026-08-12,ARI incidence,2026-08-30,4,LT,quantile,0.8,302.3298308140541
2026-08-12,ARI incidence,2026-08-30,4,LT,quantile,0.85,322.24904398362844
2026-08-12,ARI incidence,2026-08-30,4,LT,quantile,0.9,352.22443551680385
2026-08-12,ARI incidence,2026-08-30,4,LT,quantile,0.95,402.3369471637001
2026-08-12,ARI incidence,2026-08-30,4,LT,quantile,0.975,447.1180867784081
2026-08-12,ARI incidence,2026-08-30,4,LT,quantile,0.99,499.75721674212167
2026-08-12,ARI incidence,2026-08-09,1,LU,quantile,0.01,1507.5289848995199
2026-08-12,ARI incidence,2026-08-09,1,LU,quantile,0.025,1714.299901375841
2026-08-12,ARI incidence,2026-08-09,1,LU,quantile,0.05,1914.8571295340184
2026-08-12,ARI incidence,2026-08-09,1,LU,quantile,0.1,2183.205572616112
2026-08-12,ARI incidence,2026-08-09,1,LU,quantile,0.15,2385.185352842206
2026-08-12,ARI incidence,2026-08-09,1,LU,quantile,0.2,2558.951599315663
2026-08-12,ARI incidence,2026-08-09,1,LU,quantile,0.25,2717.028428892147
2026-08-12,ARI incidence,2026-08-09,1,LU,quantile,0.3,2866.392502810811
2026-08-12,ARI incidence,2026-08-09,1,LU,quantile,0.35,3012.1178742761886
2026-08-12,ARI incidence,2026-08-09,1,LU,quantile,0.4,3157.239166100635
2026-08-12,ARI incidence,2026-08-09,1,LU,quantile,0.45,3283.4812441638196
2026-08-12,ARI incidence,2026-08-09,1,LU,quantile,0.5,3400.0862620590265
2026-08-12,ARI incidence,2026-08-09,1,LU,quantile,0.55,3531.0432105047585
2026-08-12,ARI incidence,2026-08-09,1,LU,quantile,0.6,3668.992586723538
2026-08-12,ARI incidence,2026-08-09,1,LU,quantile,0.65,3784.0824514605515
2026-08-12,ARI incidence,2026-08-09,1,LU,quantile,0.7,3933.08812617608
2026-08-12,ARI incidence,2026-08-09,1,LU,quantile,0.75,4122.699640737996
2026-08-12,ARI incidence,2026-08-09,1,LU,quantile,0.8,4325.1076788364
2026-08-12,ARI incidence,2026-08-09,1,LU,quantile,0.85,4657.943043228714
2026-08-12,ARI incidence,2026-08-09,1,LU,quantile,0.9,5059.351817797129
2026-08-12,ARI incidence,2026-08-09,1,LU,quantile,0.95,5718.788964965417
2026-08-12,ARI incidence,2026-08-09,1,LU,quantile,0.975,6370.67954875945
2026-08-12,ARI incidence,2026-08-09,1,LU,quantile,0.99,7376.112374991616
2026-08-12,ARI incidence,2026-08-16,2,LU,quantile,0.01,1522.9148240715508
2026-08-12,ARI incidence,2026-08-16,2,LU,quantile,0.025,1734.8951754794175
2026-08-12,ARI incidence,2026-08-16,2,LU,quantile,0.05,1940.4373962088855
2026-08-12,ARI incidence,2026-08-16,2,LU,quantile,0.1,2189.3962512732855
2026-08-12,ARI incidence,2026-08-16,2,LU,quantile,0.15,2375.163083134183
2026-08-12,ARI incidence,2026-08-16,2,LU,quantile,0.2,2533.9776251708163
2026-08-12,ARI incidence,2026-08-16,2,LU,quantile,0.25,2683.5653386203367
2026-08-12,ARI incidence,2026-08-16,2,LU,quantile,0.3,2833.4532362197215
2026-08-12,ARI incidence,2026-08-16,2,LU,quantile,0.35,2979.8071170925887
2026-08-12,ARI incidence,2026-08-16,2,LU,quantile,0.4,3125.664056486403
2026-08-12,ARI incidence,2026-08-16,2,LU,quantile,0.45,3273.5718122081994
2026-08-12,ARI incidence,2026-08-16,2,LU,quantile,0.5,3408.9662937212365
2026-08-12,ARI incidence,2026-08-16,2,LU,quantile,0.55,3548.7497219392176
2026-08-12,ARI incidence,2026-08-16,2,LU,quantile,0.6,3712.092526199551
2026-08-12,ARI incidence,2026-08-16,2,LU,quantile,0.65,3888.823395920166
2026-08-12,ARI incidence,2026-08-16,2,LU,quantile,0.7,4084.1822577827656
2026-08-12,ARI incidence,2026-08-16,2,LU,quantile,0.75,4319.628414115682
2026-08-12,ARI incidence,2026-08-16,2,LU,quantile,0.8,4590.925751530846
2026-08-12,ARI incidence,2026-08-16,2,LU,quantile,0.85,4897.4152368694495
2026-08-12,ARI incidence,2026-08-16,2,LU,quantile,0.9,5333.185337286888
2026-08-12,ARI incidence,2026-08-16,2,LU,quantile,0.95,6045.594797472617
2026-08-12,ARI incidence,2026-08-16,2,LU,quantile,0.975,6756.500541967893
2026-08-12,ARI incidence,2026-08-16,2,LU,quantile,0.99,7688.825219383696
2026-08-12,ARI incidence,2026-08-23,3,LU,quantile,0.01,1575.2471333955168
2026-08-12,ARI incidence,2026-08-23,3,LU,quantile,0.025,1802.357505741344
2026-08-12,ARI incidence,2026-08-23,3,LU,quantile,0.05,2018.0917173862267
2026-08-12,ARI incidence,2026-08-23,3,LU,quantile,0.1,2302.2496375906094
2026-08-12,ARI incidence,2026-08-23,3,LU,quantile,0.15,2517.4804612310136
2026-08-12,ARI incidence,2026-08-23,3,LU,quantile,0.2,2702.794424139701
2026-08-12,ARI incidence,2026-08-23,3,LU,quantile,0.25,2872.607331546108
2026-08-12,ARI incidence,2026-08-23,3,LU,quantile,0.3,3036.361268631835
2026-08-12,ARI incidence,2026-08-23,3,LU,quantile,0.35,3197.0875043901465
2026-08-12,ARI incidence,2026-08-23,3,LU,quantile,0.4,3357.458266514351
2026-08-12,ARI incidence,2026-08-23,3,LU,quantile,0.45,3520.2689962060585
2026-08-12,ARI incidence,2026-08-23,3,LU,quantile,0.5,3688.2024699497806
2026-08-12,ARI incidence,2026-08-23,3,LU,quantile,0.55,3864.1448892282
2026-08-12,ARI incidence,2026-08-23,3,LU,quantile,0.6,4051.518680962856
2026-08-12,ARI incidence,2026-08-23,3,LU,quantile,0.65,4254.735606233494
2026-08-12,ARI incidence,2026-08-23,3,LU,quantile,0.7,4475.783316240609
2026-08-12,ARI incidence,2026-08-23,3,LU,quantile,0.75,4718.840141969621
2026-08-12,ARI incidence,2026-08-23,3,LU,quantile,0.8,5005.055863503778
2026-08-12,ARI incidence,2026-08-23,3,LU,quantile,0.85,5360.654030594771
2026-08-12,ARI incidence,2026-08-23,3,LU,quantile,0.9,5860.810748274596
2026-08-12,ARI incidence,2026-08-23,3,LU,quantile,0.95,6690.687365213505
2026-08-12,ARI incidence,2026-08-23,3,LU,quantile,0.975,7512.846432701603
2026-08-12,ARI incidence,2026-08-23,3,LU,quantile,0.99,8602.4583455426
2026-08-12,ARI incidence,2026-08-30,4,LU,quantile,0.01,1612.964012546648
2026-08-12,ARI incidence,2026-08-30,4,LU,quantile,0.025,1858.0399219844223
2026-08-12,ARI incidence,2026-08-30,4,LU,quantile,0.05,2085.764821056222
2026-08-12,ARI incidence,2026-08-30,4,LU,quantile,0.1,2401.1573225862517
2026-08-12,ARI incidence,2026-08-30,4,LU,quantile,0.15,2645.2862251454385
2026-08-12,ARI incidence,2026-08-30,4,LU,quantile,0.2,2856.887935450519
2026-08-12,ARI incidence,2026-08-30,4,LU,quantile,0.25,3051.8580377475505
2026-08-12,ARI incidence,2026-08-30,4,LU,quantile,0.3,3238.257294183989
2026-08-12,ARI incidence,2026-08-30,4,LU,quantile,0.35,3421.1284966984426
2026-08-12,ARI incidence,2026-08-30,4,LU,quantile,0.4,3604.1924547007097
2026-08-12,ARI incidence,2026-08-30,4,LU,quantile,0.45,3790.6244187183775
2026-08-12,ARI incidence,2026-08-30,4,LU,quantile,0.5,3983.510753049253
2026-08-12,ARI incidence,2026-08-30,4,LU,quantile,0.55,4186.209540794015
2026-08-12,ARI incidence,2026-08-30,4,LU,quantile,0.6,4402.738813017999
2026-08-12,ARI incidence,2026-08-30,4,LU,quantile,0.65,4638.313210033487
2026-08-12,ARI incidence,2026-08-30,4,LU,quantile,0.7,4900.224107659091
2026-08-12,ARI incidence,2026-08-30,4,LU,quantile,0.75,5199.479598088007
2026-08-12,ARI incidence,2026-08-30,4,LU,quantile,0.8,5554.2653916999725
2026-08-12,ARI incidence,2026-08-30,4,LU,quantile,0.85,5987.0759878868585
2026-08-12,ARI incidence,2026-08-30,4,LU,quantile,0.9,6552.303829457047
2026-08-12,ARI incidence,2026-08-30,4,LU,quantile,0.95,7496.651711747928
2026-08-12,ARI incidence,2026-08-30,4,LU,quantile,0.975,8469.538563051714
2026-08-12,ARI incidence,2026-08-30,4,LU,quantile,0.99,9758.03994361097
2026-08-12,ARI incidence,2026-08-09,1,NL,quantile,0.01,68.9543825073809
2026-08-12,ARI incidence,2026-08-09,1,NL,quantile,0.025,72.69471390446967
2026-08-12,ARI incidence,2026-08-09,1,NL,quantile,0.05,76.27212490804675
2026-08-12,ARI incidence,2026-08-09,1,NL,quantile,0.1,80.15646615191875
2026-08-12,ARI incidence,2026-08-09,1,NL,quantile,0.15,83.03443901457376
2026-08-12,ARI incidence,2026-08-09,1,NL,quantile,0.2,85.39437546054351
2026-08-12,ARI incidence,2026-08-09,1,NL,quantile,0.25,87.47173891674382
2026-08-12,ARI incidence,2026-08-09,1,NL,quantile,0.3,89.38979329633645
2026-08-12,ARI incidence,2026-08-09,1,NL,quantile,0.35,91.2092394525951
2026-08-12,ARI incidence,2026-08-09,1,NL,quantile,0.4,92.93055938943539
2026-08-12,ARI incidence,2026-08-09,1,NL,quantile,0.45,95.09623345258834
2026-08-12,ARI incidence,2026-08-09,1,NL,quantile,0.5,96.5473827294866
2026-08-12,ARI incidence,2026-08-09,1,NL,quantile,0.55,98.02445880714207
2026-08-12,ARI incidence,2026-08-09,1,NL,quantile,0.6,99.94653354099674
2026-08-12,ARI incidence,2026-08-09,1,NL,quantile,0.65,101.80499437138576
2026-08-12,ARI incidence,2026-08-09,1,NL,quantile,0.7,103.43919077240903
2026-08-12,ARI incidence,2026-08-09,1,NL,quantile,0.75,105.6081298375812
2026-08-12,ARI incidence,2026-08-09,1,NL,quantile,0.8,108.03771510334471
2026-08-12,ARI incidence,2026-08-09,1,NL,quantile,0.85,110.97889924450809
2026-08-12,ARI incidence,2026-08-09,1,NL,quantile,0.9,114.79255155296431
2026-08-12,ARI incidence,2026-08-09,1,NL,quantile,0.95,120.68517192344538
2026-08-12,ARI incidence,2026-08-09,1,NL,quantile,0.975,126.03844639470327
2026-08-12,ARI incidence,2026-08-09,1,NL,quantile,0.99,132.55958920696838
2026-08-12,ARI incidence,2026-08-16,2,NL,quantile,0.01,61.5919381226077
2026-08-12,ARI incidence,2026-08-16,2,NL,quantile,0.025,66.0043781990765
2026-08-12,ARI incidence,2026-08-16,2,NL,quantile,0.05,70.36118302882979
2026-08-12,ARI incidence,2026-08-16,2,NL,quantile,0.1,75.89181310093228
2026-08-12,ARI incidence,2026-08-16,2,NL,quantile,0.15,79.03918375144883
2026-08-12,ARI incidence,2026-08-16,2,NL,quantile,0.2,82.43736484984325
2026-08-12,ARI incidence,2026-08-16,2,NL,quantile,0.25,84.97363746965297
2026-08-12,ARI incidence,2026-08-16,2,NL,quantile,0.3,87.07212097781176
2026-08-12,ARI incidence,2026-08-16,2,NL,quantile,0.35,89.30761203148931
2026-08-12,ARI incidence,2026-08-16,2,NL,quantile,0.4,91.94562126695538
2026-08-12,ARI incidence,2026-08-16,2,NL,quantile,0.45,94.85262977085641
2026-08-12,ARI incidence,2026-08-16,2,NL,quantile,0.5,97.5555000884811
2026-08-12,ARI incidence,2026-08-16,2,NL,quantile,0.55,100.69414721257105
2026-08-12,ARI incidence,2026-08-16,2,NL,quantile,0.6,102.44409455427095
2026-08-12,ARI incidence,2026-08-16,2,NL,quantile,0.65,104.0082914922392
2026-08-12,ARI incidence,2026-08-16,2,NL,quantile,0.7,107.2035656434233
2026-08-12,ARI incidence,2026-08-16,2,NL,quantile,0.75,110.67345237657841
2026-08-12,ARI incidence,2026-08-16,2,NL,quantile,0.8,113.82895585652977
2026-08-12,ARI incidence,2026-08-16,2,NL,quantile,0.85,117.61979273357558
2026-08-12,ARI incidence,2026-08-16,2,NL,quantile,0.9,122.56782688866089
2026-08-12,ARI incidence,2026-08-16,2,NL,quantile,0.95,130.2837539559629
2026-08-12,ARI incidence,2026-08-16,2,NL,quantile,0.975,137.87679691222323
2026-08-12,ARI incidence,2026-08-16,2,NL,quantile,0.99,147.6669641888262
2026-08-12,ARI incidence,2026-08-23,3,NL,quantile,0.01,56.32315691340064
2026-08-12,ARI incidence,2026-08-23,3,NL,quantile,0.025,61.33098312365864
2026-08-12,ARI incidence,2026-08-23,3,NL,quantile,0.05,65.98653562821717
2026-08-12,ARI incidence,2026-08-23,3,NL,quantile,0.1,71.78727101831859
2026-08-12,ARI incidence,2026-08-23,3,NL,quantile,0.15,75.98604565765383
2026-08-12,ARI incidence,2026-08-23,3,NL,quantile,0.2,80.16202843579579
2026-08-12,ARI incidence,2026-08-23,3,NL,quantile,0.25,84.45622884194674
2026-08-12,ARI incidence,2026-08-23,3,NL,quantile,0.3,87.41653203129545
2026-08-12,ARI incidence,2026-08-23,3,NL,quantile,0.35,89.6480466217389
2026-08-12,ARI incidence,2026-08-23,3,NL,quantile,0.4,93.62500569088239
2026-08-12,ARI incidence,2026-08-23,3,NL,quantile,0.45,97.37599300992834
2026-08-12,ARI incidence,2026-08-23,3,NL,quantile,0.5,101.2126534566001
2026-08-12,ARI incidence,2026-08-23,3,NL,quantile,0.55,103.745804521419
2026-08-12,ARI incidence,2026-08-23,3,NL,quantile,0.6,107.53240667654553
2026-08-12,ARI incidence,2026-08-23,3,NL,quantile,0.65,111.03226107647268
2026-08-12,ARI incidence,2026-08-23,3,NL,quantile,0.7,114.74723681521856
2026-08-12,ARI incidence,2026-08-23,3,NL,quantile,0.75,118.20104560126141
2026-08-12,ARI incidence,2026-08-23,3,NL,quantile,0.8,123.30434393374418
2026-08-12,ARI incidence,2026-08-23,3,NL,quantile,0.85,128.87009008864422
2026-08-12,ARI incidence,2026-08-23,3,NL,quantile,0.9,136.82245431048634
2026-08-12,ARI incidence,2026-08-23,3,NL,quantile,0.95,153.00769566276222
2026-08-12,ARI incidence,2026-08-23,3,NL,quantile,0.975,168.10635368079886
2026-08-12,ARI incidence,2026-08-23,3,NL,quantile,0.99,184.4359914948155
2026-08-12,ARI incidence,2026-08-30,4,NL,quantile,0.01,54.19730312499574
2026-08-12,ARI incidence,2026-08-30,4,NL,quantile,0.025,60.16597484988836
2026-08-12,ARI incidence,2026-08-30,4,NL,quantile,0.05,65.17442270109035
2026-08-12,ARI incidence,2026-08-30,4,NL,quantile,0.1,72.4760512554668
2026-08-12,ARI incidence,2026-08-30,4,NL,quantile,0.15,78.40546479056277
2026-08-12,ARI incidence,2026-08-30,4,NL,quantile,0.2,82.88851341863312
2026-08-12,ARI incidence,2026-08-30,4,NL,quantile,0.25,86.51856776593189
2026-08-12,ARI incidence,2026-08-30,4,NL,quantile,0.3,90.18359841178787
2026-08-12,ARI incidence,2026-08-30,4,NL,quantile,0.35,92.34798647997707
2026-08-12,ARI incidence,2026-08-30,4,NL,quantile,0.4,95.96133021650175
2026-08-12,ARI incidence,2026-08-30,4,NL,quantile,0.45,100.18068631485635
2026-08-12,ARI incidence,2026-08-30,4,NL,quantile,0.5,104.53572852479036
2026-08-12,ARI incidence,2026-08-30,4,NL,quantile,0.55,107.93729172246594
2026-08-12,ARI incidence,2026-08-30,4,NL,quantile,0.6,111.29088977742305
2026-08-12,ARI incidence,2026-08-30,4,NL,quantile,0.65,116.36278703689811
2026-08-12,ARI incidence,2026-08-30,4,NL,quantile,0.7,121.48170654571915
2026-08-12,ARI incidence,2026-08-30,4,NL,quantile,0.75,126.16846816281667
2026-08-12,ARI incidence,2026-08-30,4,NL,quantile,0.8,131.96882663822586
2026-08-12,ARI incidence,2026-08-30,4,NL,quantile,0.85,138.8494770369068
2026-08-12,ARI incidence,2026-08-30,4,NL,quantile,0.9,148.01497038119243
2026-08-12,ARI incidence,2026-08-30,4,NL,quantile,0.95,164.5827340287267
2026-08-12,ARI incidence,2026-08-30,4,NL,quantile,0.975,182.03651023571814
2026-08-12,ARI incidence,2026-08-30,4,NL,quantile,0.99,200.576976945644
2026-08-12,ARI incidence,2026-08-09,1,RO,quantile,0.01,288.7259235966543
2026-08-12,ARI incidence,2026-08-09,1,RO,quantile,0.025,304.9756756190715
2026-08-12,ARI incidence,2026-08-09,1,RO,quantile,0.05,316.1373591226421
2026-08-12,ARI incidence,2026-08-09,1,RO,quantile,0.1,331.7949998083943
2026-08-12,ARI incidence,2026-08-09,1,RO,quantile,0.15,342.7935706106247
2026-08-12,ARI incidence,2026-08-09,1,RO,quantile,0.2,349.96925219849925
2026-08-12,ARI incidence,2026-08-09,1,RO,quantile,0.25,355.92178229025603
2026-08-12,ARI incidence,2026-08-09,1,RO,quantile,0.3,361.35332857596984
2026-08-12,ARI incidence,2026-08-09,1,RO,quantile,0.35,366.689790313703
2026-08-12,ARI incidence,2026-08-09,1,RO,quantile,0.4,371.58594163298073
2026-08-12,ARI incidence,2026-08-09,1,RO,quantile,0.45,376.3762249290207
2026-08-12,ARI incidence,2026-08-09,1,RO,quantile,0.5,383.3892294014498
2026-08-12,ARI incidence,2026-08-09,1,RO,quantile,0.55,392.4447221020225
2026-08-12,ARI incidence,2026-08-09,1,RO,quantile,0.6,400.2203519632564
2026-08-12,ARI incidence,2026-08-09,1,RO,quantile,0.65,411.4792110087056
2026-08-12,ARI incidence,2026-08-09,1,RO,quantile,0.7,421.8783791129674
2026-08-12,ARI incidence,2026-08-09,1,RO,quantile,0.75,430.38191933087285
2026-08-12,ARI incidence,2026-08-09,1,RO,quantile,0.8,440.05238876747865
2026-08-12,ARI incidence,2026-08-09,1,RO,quantile,0.85,452.81616537160625
2026-08-12,ARI incidence,2026-08-09,1,RO,quantile,0.9,471.1418006078125
2026-08-12,ARI incidence,2026-08-09,1,RO,quantile,0.95,499.6731620759186
2026-08-12,ARI incidence,2026-08-09,1,RO,quantile,0.975,518.919368130704
2026-08-12,ARI incidence,2026-08-09,1,RO,quantile,0.99,544.751174550194
2026-08-12,ARI incidence,2026-08-16,2,RO,quantile,0.01,194.84208153271038
2026-08-12,ARI incidence,2026-08-16,2,RO,quantile,0.025,214.8864705207808
2026-08-12,ARI incidence,2026-08-16,2,RO,quantile,0.05,235.68430446959854
2026-08-12,ARI incidence,2026-08-16,2,RO,quantile,0.1,260.8326467357191
2026-08-12,ARI incidence,2026-08-16,2,RO,quantile,0.15,282.8603392484887
2026-08-12,ARI incidence,2026-08-16,2,RO,quantile,0.2,302.1889225745669
2026-08-12,ARI incidence,2026-08-16,2,RO,quantile,0.25,314.73437941713917
2026-08-12,ARI incidence,2026-08-16,2,RO,quantile,0.3,330.25311715123024
2026-08-12,ARI incidence,2026-08-16,2,RO,quantile,0.35,344.69841658608027
2026-08-12,ARI incidence,2026-08-16,2,RO,quantile,0.4,358.327137172431
2026-08-12,ARI incidence,2026-08-16,2,RO,quantile,0.45,373.3845759840521
2026-08-12,ARI incidence,2026-08-16,2,RO,quantile,0.5,387.4263402831611
2026-08-12,ARI incidence,2026-08-16,2,RO,quantile,0.55,404.0569007439216
2026-08-12,ARI incidence,2026-08-16,2,RO,quantile,0.6,421.6848862400651
2026-08-12,ARI incidence,2026-08-16,2,RO,quantile,0.65,440.2279468522413
2026-08-12,ARI incidence,2026-08-16,2,RO,quantile,0.7,460.40452973094585
2026-08-12,ARI incidence,2026-08-16,2,RO,quantile,0.75,483.2145518642278
2026-08-12,ARI incidence,2026-08-16,2,RO,quantile,0.8,509.944016862086
2026-08-12,ARI incidence,2026-08-16,2,RO,quantile,0.85,543.4254518680033
2026-08-12,ARI incidence,2026-08-16,2,RO,quantile,0.9,587.5697348526832
2026-08-12,ARI incidence,2026-08-16,2,RO,quantile,0.95,645.342815536464
2026-08-12,ARI incidence,2026-08-16,2,RO,quantile,0.975,700.2890842779042
2026-08-12,ARI incidence,2026-08-16,2,RO,quantile,0.99,783.5327343278121
2026-08-12,ARI incidence,2026-08-23,3,RO,quantile,0.01,196.79462704612968
2026-08-12,ARI incidence,2026-08-23,3,RO,quantile,0.025,218.42896193738744
2026-08-12,ARI incidence,2026-08-23,3,RO,quantile,0.05,241.7138719135953
2026-08-12,ARI incidence,2026-08-23,3,RO,quantile,0.1,271.6427430594379
2026-08-12,ARI incidence,2026-08-23,3,RO,quantile,0.15,294.08486444950734
2026-08-12,ARI incidence,2026-08-23,3,RO,quantile,0.2,313.1301722499593
2026-08-12,ARI incidence,2026-08-23,3,RO,quantile,0.25,330.11292393572813
2026-08-12,ARI incidence,2026-08-23,3,RO,quantile,0.3,346.40709535087245
2026-08-12,ARI incidence,2026-08-23,3,RO,quantile,0.35,362.22099806034464
2026-08-12,ARI incidence,2026-08-23,3,RO,quantile,0.4,377.8919469909106
2026-08-12,ARI incidence,2026-08-23,3,RO,quantile,0.45,393.696995631971
2026-08-12,ARI incidence,2026-08-23,3,RO,quantile,0.5,406.5257871518351
2026-08-12,ARI incidence,2026-08-23,3,RO,quantile,0.55,418.6171016381094
2026-08-12,ARI incidence,2026-08-23,3,RO,quantile,0.6,438.6639414271366
2026-08-12,ARI incidence,2026-08-23,3,RO,quantile,0.65,460.5801603514769
2026-08-12,ARI incidence,2026-08-23,3,RO,quantile,0.7,484.85989919551776
2026-08-12,ARI incidence,2026-08-23,3,RO,quantile,0.75,508.9007029302424
2026-08-12,ARI incidence,2026-08-23,3,RO,quantile,0.8,536.9192067963401
2026-08-12,ARI incidence,2026-08-23,3,RO,quantile,0.85,571.3192943694571
2026-08-12,ARI incidence,2026-08-23,3,RO,quantile,0.9,607.4477209930469
2026-08-12,ARI incidence,2026-08-23,3,RO,quantile,0.95,665.2328884004662
2026-08-12,ARI incidence,2026-08-23,3,RO,quantile,0.975,725.2060549300895
2026-08-12,ARI incidence,2026-08-23,3,RO,quantile,0.99,808.7437131715146
2026-08-12,ARI incidence,2026-08-30,4,RO,quantile,0.01,202.78562689231381
2026-08-12,ARI incidence,2026-08-30,4,RO,quantile,0.025,227.7252622686537
2026-08-12,ARI incidence,2026-08-30,4,RO,quantile,0.05,252.0114886507863
2026-08-12,ARI incidence,2026-08-30,4,RO,quantile,0.1,282.50823187509303
2026-08-12,ARI incidence,2026-08-30,4,RO,quantile,0.15,302.4587582371549
2026-08-12,ARI incidence,2026-08-30,4,RO,quantile,0.2,320.90955429035466
2026-08-12,ARI incidence,2026-08-30,4,RO,quantile,0.25,342.06357174831766
2026-08-12,ARI incidence,2026-08-30,4,RO,quantile,0.3,357.77078221366145
2026-08-12,ARI incidence,2026-08-30,4,RO,quantile,0.35,374.4445771336766
2026-08-12,ARI incidence,2026-08-30,4,RO,quantile,0.4,391.8599883828915
2026-08-12,ARI incidence,2026-08-30,4,RO,quantile,0.45,409.4781101835
2026-08-12,ARI incidence,2026-08-30,4,RO,quantile,0.5,426.25476367432316
2026-08-12,ARI incidence,2026-08-30,4,RO,quantile,0.55,439.1859500045071
2026-08-12,ARI incidence,2026-08-30,4,RO,quantile,0.6,452.72640333273523
2026-08-12,ARI incidence,2026-08-30,4,RO,quantile,0.65,469.9587824768453
2026-08-12,ARI incidence,2026-08-30,4,RO,quantile,0.7,494.79906123836054
2026-08-12,ARI incidence,2026-08-30,4,RO,quantile,0.75,523.0774957511957
2026-08-12,ARI incidence,2026-08-30,4,RO,quantile,0.8,556.468918183606
2026-08-12,ARI incidence,2026-08-30,4,RO,quantile,0.85,592.4139825729937
2026-08-12,ARI incidence,2026-08-30,4,RO,quantile,0.9,633.0975857008697
2026-08-12,ARI incidence,2026-08-30,4,RO,quantile,0.95,701.1591438545511
2026-08-12,ARI incidence,2026-08-30,4,RO,quantile,0.975,768.6861591620512
2026-08-12,ARI incidence,2026-08-30,4,RO,quantile,0.99,864.1103024595359
2026-08-12,ARI incidence,2026-08-09,1,SI,quantile,0.01,223.97759758770397
2026-08-12,ARI incidence,2026-08-09,1,SI,quantile,0.025,232.58953578336263
2026-08-12,ARI incidence,2026-08-09,1,SI,quantile,0.05,240.14311246561914
2026-08-12,ARI incidence,2026-08-09,1,SI,quantile,0.1,249.70012510441444
2026-08-12,ARI incidence,2026-08-09,1,SI,quantile,0.15,256.4481437029155
2026-08-12,ARI incidence,2026-08-09,1,SI,quantile,0.2,261.94056222641086
2026-08-12,ARI incidence,2026-08-09,1,SI,quantile,0.25,266.70066603356366
2026-08-12,ARI incidence,2026-08-09,1,SI,quantile,0.3,270.7488700850153
2026-08-12,ARI incidence,2026-08-09,1,SI,quantile,0.35,276.4438190244658
2026-08-12,ARI incidence,2026-08-09,1,SI,quantile,0.4,282.5399369411665
2026-08-12,ARI incidence,2026-08-09,1,SI,quantile,0.45,286.260098553237
2026-08-12,ARI incidence,2026-08-09,1,SI,quantile,0.5,291.005014036637
2026-08-12,ARI incidence,2026-08-09,1,SI,quantile,0.55,294.9681251377249
2026-08-12,ARI incidence,2026-08-09,1,SI,quantile,0.6,300.0758589146945
2026-08-12,ARI incidence,2026-08-09,1,SI,quantile,0.65,304.4817401663189
2026-08-12,ARI incidence,2026-08-09,1,SI,quantile,0.7,308.76008185219774
2026-08-12,ARI incidence,2026-08-09,1,SI,quantile,0.75,314.47631264690966
2026-08-12,ARI incidence,2026-08-09,1,SI,quantile,0.8,319.8577034864365
2026-08-12,ARI incidence,2026-08-09,1,SI,quantile,0.85,326.24634027318655
2026-08-12,ARI incidence,2026-08-09,1,SI,quantile,0.9,334.46573067158033
2026-08-12,ARI incidence,2026-08-09,1,SI,quantile,0.95,346.92540722185186
2026-08-12,ARI incidence,2026-08-09,1,SI,quantile,0.975,358.06352392362794
2026-08-12,ARI incidence,2026-08-09,1,SI,quantile,0.99,371.4630771630186
2026-08-12,ARI incidence,2026-08-16,2,SI,quantile,0.01,158.87222633485104
2026-08-12,ARI incidence,2026-08-16,2,SI,quantile,0.025,175.0272429658703
2026-08-12,ARI incidence,2026-08-16,2,SI,quantile,0.05,190.22122512076652
2026-08-12,ARI incidence,2026-08-16,2,SI,quantile,0.1,209.53757597276564
2026-08-12,ARI incidence,2026-08-16,2,SI,quantile,0.15,223.7479055548772
2026-08-12,ARI incidence,2026-08-16,2,SI,quantile,0.2,236.13704513384965
2026-08-12,ARI incidence,2026-08-16,2,SI,quantile,0.25,246.4510381379299
2026-08-12,ARI incidence,2026-08-16,2,SI,quantile,0.3,255.67721972257638
2026-08-12,ARI incidence,2026-08-16,2,SI,quantile,0.35,265.2846438164981
2026-08-12,ARI incidence,2026-08-16,2,SI,quantile,0.4,275.3523798317299
2026-08-12,ARI incidence,2026-08-16,2,SI,quantile,0.45,285.45517789612666
2026-08-12,ARI incidence,2026-08-16,2,SI,quantile,0.5,293.9092240838001
2026-08-12,ARI incidence,2026-08-16,2,SI,quantile,0.55,303.48349307173766
2026-08-12,ARI incidence,2026-08-16,2,SI,quantile,0.6,313.8716472236407
2026-08-12,ARI incidence,2026-08-16,2,SI,quantile,0.65,324.8880365434707
2026-08-12,ARI incidence,2026-08-16,2,SI,quantile,0.7,336.9900198997959
2026-08-12,ARI incidence,2026-08-16,2,SI,quantile,0.75,350.713276472131
2026-08-12,ARI incidence,2026-08-16,2,SI,quantile,0.8,365.9803823382863
2026-08-12,ARI incidence,2026-08-16,2,SI,quantile,0.85,385.61784672360744
2026-08-12,ARI incidence,2026-08-16,2,SI,quantile,0.9,411.5329051047699
2026-08-12,ARI incidence,2026-08-16,2,SI,quantile,0.95,453.97359170449636
2026-08-12,ARI incidence,2026-08-16,2,SI,quantile,0.975,493.9998279388444
2026-08-12,ARI incidence,2026-08-16,2,SI,quantile,0.99,544.9871038249238
2026-08-12,ARI incidence,2026-08-23,3,SI,quantile,0.01,155.65307458339132
2026-08-12,ARI incidence,2026-08-23,3,SI,quantile,0.025,174.02947865215117
2026-08-12,ARI incidence,2026-08-23,3,SI,quantile,0.05,191.5493310786324
2026-08-12,ARI incidence,2026-08-23,3,SI,quantile,0.1,213.83479360740898
2026-08-12,ARI incidence,2026-08-23,3,SI,quantile,0.15,230.4927052477771
2026-08-12,ARI incidence,2026-08-23,3,SI,quantile,0.2,245.07382803757352
2026-08-12,ARI incidence,2026-08-23,3,SI,quantile,0.25,258.13851215201936
2026-08-12,ARI incidence,2026-08-23,3,SI,quantile,0.3,269.30841362176204
2026-08-12,ARI incidence,2026-08-23,3,SI,quantile,0.35,280.93296239089545
2026-08-12,ARI incidence,2026-08-23,3,SI,quantile,0.4,291.7937966303019
2026-08-12,ARI incidence,2026-08-23,3,SI,quantile,0.45,303.80674031469437
2026-08-12,ARI incidence,2026-08-23,3,SI,quantile,0.5,315.81659222636966
2026-08-12,ARI incidence,2026-08-23,3,SI,quantile,0.55,328.10153966445773
2026-08-12,ARI incidence,2026-08-23,3,SI,quantile,0.6,341.0724356598562
2026-08-12,ARI incidence,2026-08-23,3,SI,quantile,0.65,354.792246821713
2026-08-12,ARI incidence,2026-08-23,3,SI,quantile,0.7,370.32678100941246
2026-08-12,ARI incidence,2026-08-23,3,SI,quantile,0.75,387.5886002039927
2026-08-12,ARI incidence,2026-08-23,3,SI,quantile,0.8,407.1351744920277
2026-08-12,ARI incidence,2026-08-23,3,SI,quantile,0.85,432.2811024044833
2026-08-12,ARI incidence,2026-08-23,3,SI,quantile,0.9,465.2856483007233
2026-08-12,ARI incidence,2026-08-23,3,SI,quantile,0.95,515.537861861391
2026-08-12,ARI incidence,2026-08-23,3,SI,quantile,0.975,565.3851866470435
2026-08-12,ARI incidence,2026-08-23,3,SI,quantile,0.99,635.2543330455526
2026-08-12,ARI incidence,2026-08-30,4,SI,quantile,0.01,158.33748963756491
2026-08-12,ARI incidence,2026-08-30,4,SI,quantile,0.025,178.63421104501165
2026-08-12,ARI incidence,2026-08-30,4,SI,quantile,0.05,197.51589418573514
2026-08-12,ARI incidence,2026-08-30,4,SI,quantile,0.1,221.76137582230862
2026-08-12,ARI incidence,2026-08-30,4,SI,quantile,0.15,239.77131816644402
2026-08-12,ARI incidence,2026-08-30,4,SI,quantile,0.2,257.99071861854003
2026-08-12,ARI incidence,2026-08-30,4,SI,quantile,0.25,269.8004199999316
2026-08-12,ARI incidence,2026-08-30,4,SI,quantile,0.3,283.8546537141588
2026-08-12,ARI incidence,2026-08-30,4,SI,quantile,0.35,297.6520320525252
2026-08-12,ARI incidence,2026-08-30,4,SI,quantile,0.4,309.63548722814073
2026-08-12,ARI incidence,2026-08-30,4,SI,quantile,0.45,323.62087962663645
2026-08-12,ARI incidence,2026-08-30,4,SI,quantile,0.5,338.0237761703885
2026-08-12,ARI incidence,2026-08-30,4,SI,quantile,0.55,352.13786136666585
2026-08-12,ARI incidence,2026-08-30,4,SI,quantile,0.6,368.09206765172826
2026-08-12,ARI incidence,2026-08-30,4,SI,quantile,0.65,385.2443983177794
2026-08-12,ARI incidence,2026-08-30,4,SI,quantile,0.7,401.31547136116586
2026-08-12,ARI incidence,2026-08-30,4,SI,quantile,0.75,420.8113427868876
2026-08-12,ARI incidence,2026-08-30,4,SI,quantile,0.8,445.02251065976753
2026-08-12,ARI incidence,2026-08-30,4,SI,quantile,0.85,476.6977947800908
2026-08-12,ARI incidence,2026-08-30,4,SI,quantile,0.9,515.0381042637848
2026-08-12,ARI incidence,2026-08-30,4,SI,quantile,0.95,583.0535848478725
2026-08-12,ARI incidence,2026-08-30,4,SI,quantile,0.975,649.265855396294
2026-08-12,ARI incidence,2026-08-30,4,SI,quantile,0.99,735.7463662911438
2026-08-12,ILI incidence,2026-08-09,1,BE,quantile,0.01,6.29541312915255
2026-08-12,ILI incidence,2026-08-09,1,BE,quantile,0.025,7.508032894074631
2026-08-12,ILI incidence,2026-08-09,1,BE,quantile,0.05,8.710979034447872
2026-08-12,ILI incidence,2026-08-09,1,BE,quantile,0.1,10.297790985663973
2026-08-12,ILI incidence,2026-08-09,1,BE,quantile,0.15,11.48109990245478
2026-08-12,ILI incidence,2026-08-09,1,BE,quantile,0.2,12.541118566119318
2026-08-12,ILI incidence,2026-08-09,1,BE,quantile,0.25,13.54252432912181
2026-08-12,ILI incidence,2026-08-09,1,BE,quantile,0.3,14.504776795130711
2026-08-12,ILI incidence,2026-08-09,1,BE,quantile,0.35,15.453193093368219
2026-08-12,ILI incidence,2026-08-09,1,BE,quantile,0.4,16.36864130354385
2026-08-12,ILI incidence,2026-08-09,1,BE,quantile,0.45,17.10273834959317
2026-08-12,ILI incidence,2026-08-09,1,BE,quantile,0.5,17.955225461498753
2026-08-12,ILI incidence,2026-08-09,1,BE,quantile,0.55,19.00809472519016
2026-08-12,ILI incidence,2026-08-09,1,BE,quantile,0.6,20.137845880606598
2026-08-12,ILI incidence,2026-08-09,1,BE,quantile,0.65,21.372615295815642
2026-08-12,ILI incidence,2026-08-09,1,BE,quantile,0.7,22.75201694053046
2026-08-12,ILI incidence,2026-08-09,1,BE,quantile,0.75,24.336174098433254
2026-08-12,ILI incidence,2026-08-09,1,BE,quantile,0.8,26.224850650801674
2026-08-12,ILI incidence,2026-08-09,1,BE,quantile,0.85,28.60475292153502
2026-08-12,ILI incidence,2026-08-09,1,BE,quantile,0.9,31.03729256026734
2026-08-12,ILI incidence,2026-08-09,1,BE,quantile,0.95,35.83682253944147
2026-08-12,ILI incidence,2026-08-09,1,BE,quantile,0.975,40.91521606789568
2026-08-12,ILI incidence,2026-08-09,1,BE,quantile,0.99,47.79464418728085
2026-08-12,ILI incidence,2026-08-16,2,BE,quantile,0.01,6.155002485222125
2026-08-12,ILI incidence,2026-08-16,2,BE,quantile,0.025,7.377899894467395
2026-08-12,ILI incidence,2026-08-16,2,BE,quantile,0.05,8.595569870324647
2026-08-12,ILI incidence,2026-08-16,2,BE,quantile,0.1,10.220694819665699
2026-08-12,ILI incidence,2026-08-16,2,BE,quantile,0.15,11.469946889490945
2026-08-12,ILI incidence,2026-08-16,2,BE,quantile,0.2,12.561278652581283
2026-08-12,ILI incidence,2026-08-16,2,BE,quantile,0.25,13.573353997529763
2026-08-12,ILI incidence,2026-08-16,2,BE,quantile,0.3,14.546439811936136
2026-08-12,ILI incidence,2026-08-16,2,BE,quantile,0.35,15.506056153953715
2026-08-12,ILI incidence,2026-08-16,2,BE,quantile,0.4,16.471351939335406
2026-08-12,ILI incidence,2026-08-16,2,BE,quantile,0.45,17.458983766981213
2026-08-12,ILI incidence,2026-08-16,2,BE,quantile,0.5,18.5168128342506
2026-08-12,ILI incidence,2026-08-16,2,BE,quantile,0.55,19.649053004266754
2026-08-12,ILI incidence,2026-08-16,2,BE,quantile,0.6,20.866835395681697
2026-08-12,ILI incidence,2026-08-16,2,BE,quantile,0.65,22.20103620572779
2026-08-12,ILI incidence,2026-08-16,2,BE,quantile,0.7,23.69527755280941
2026-08-12,ILI incidence,2026-08-16,2,BE,quantile,0.75,25.4159430251254
2026-08-12,ILI incidence,2026-08-16,2,BE,quantile,0.8,27.502332297273107
2026-08-12,ILI incidence,2026-08-16,2,BE,quantile,0.85,30.07481050102607
2026-08-12,ILI incidence,2026-08-16,2,BE,quantile,0.9,33.68819641811065
2026-08-12,ILI incidence,2026-08-16,2,BE,quantile,0.95,39.250806404097474
2026-08-12,ILI incidence,2026-08-16,2,BE,quantile,0.975,45.24735411406127
2026-08-12,ILI incidence,2026-08-16,2,BE,quantile,0.99,53.09422658244302
2026-08-12,ILI incidence,2026-08-23,3,BE,quantile,0.01,6.148023977448787
2026-08-12,ILI incidence,2026-08-23,3,BE,quantile,0.025,7.396036869785581
2026-08-12,ILI incidence,2026-08-23,3,BE,quantile,0.05,8.704786917253744
2026-08-12,ILI incidence,2026-08-23,3,BE,quantile,0.1,10.491759685809948
2026-08-12,ILI incidence,2026-08-23,3,BE,quantile,0.15,11.879812046535351
2026-08-12,ILI incidence,2026-08-23,3,BE,quantile,0.2,13.10161417234423
2026-08-12,ILI incidence,2026-08-23,3,BE,quantile,0.25,14.241777058492916
2026-08-12,ILI incidence,2026-08-23,3,BE,quantile,0.3,15.330695979568413
2026-08-12,ILI incidence,2026-08-23,3,BE,quantile,0.35,16.346278007840557
2026-08-12,ILI incidence,2026-08-23,3,BE,quantile,0.4,17.368304357196337
2026-08-12,ILI incidence,2026-08-23,3,BE,quantile,0.45,18.436113628503605
2026-08-12,ILI incidence,2026-08-23,3,BE,quantile,0.5,19.621539972387733
2026-08-12,ILI incidence,2026-08-23,3,BE,quantile,0.55,20.879266553018454
2026-08-12,ILI incidence,2026-08-23,3,BE,quantile,0.6,22.235854065735765
2026-08-12,ILI incidence,2026-08-23,3,BE,quantile,0.65,23.726452443523826
2026-08-12,ILI incidence,2026-08-23,3,BE,quantile,0.7,25.40092157699641
2026-08-12,ILI incidence,2026-08-23,3,BE,quantile,0.75,27.33537479725265
2026-08-12,ILI incidence,2026-08-23,3,BE,quantile,0.8,29.65673240364787
2026-08-12,ILI incidence,2026-08-23,3,BE,quantile,0.85,32.60365584996962
2026-08-12,ILI incidence,2026-08-23,3,BE,quantile,0.9,36.717278364763416
2026-08-12,ILI incidence,2026-08-23,3,BE,quantile,0.95,43.7585348385584
2026-08-12,ILI incidence,2026-08-23,3,BE,quantile,0.975,50.87082910110261
2026-08-12,ILI incidence,2026-08-23,3,BE,quantile,0.99,59.03173528692335
2026-08-12,ILI incidence,2026-08-30,4,BE,quantile,0.01,6.376833143679397
2026-08-12,ILI incidence,2026-08-30,4,BE,quantile,0.025,7.71273573139294
2026-08-12,ILI incidence,2026-08-30,4,BE,quantile,0.05,9.110165182952946
2026-08-12,ILI incidence,2026-08-30,4,BE,quantile,0.1,11.001684094201307
2026-08-12,ILI incidence,2026-08-30,4,BE,quantile,0.15,12.473987862563405
2026-08-12,ILI incidence,2026-08-30,4,BE,quantile,0.2,13.771901620500865
2026-08-12,ILI incidence,2026-08-30,4,BE,quantile,0.25,14.984593227660634
2026-08-12,ILI incidence,2026-08-30,4,BE,quantile,0.3,16.158241715605836
2026-08-12,ILI incidence,2026-08-30,4,BE,quantile,0.35,17.322590585831353
2026-08-12,ILI incidence,2026-08-30,4,BE,quantile,0.4,18.50042003505104
2026-08-12,ILI incidence,2026-08-30,4,BE,quantile,0.45,19.711998806812883
2026-08-12,ILI incidence,2026-08-30,4,BE,quantile,0.5,20.9051852015267
2026-08-12,ILI incidence,2026-08-30,4,BE,quantile,0.55,22.134342955403095
2026-08-12,ILI incidence,2026-08-30,4,BE,quantile,0.6,23.45397042221181
2026-08-12,ILI incidence,2026-08-30,4,BE,quantile,0.65,24.89706798784038
2026-08-12,ILI incidence,2026-08-30,4,BE,quantile,0.7,26.51013528667722
2026-08-12,ILI incidence,2026-08-30,4,BE,quantile,0.75,28.36379000502097
2026-08-12,ILI incidence,2026-08-30,4,BE,quantile,0.8,30.575270949144485
2026-08-12,ILI incidence,2026-08-30,4,BE,quantile,0.85,33.396755242114935
2026-08-12,ILI incidence,2026-08-30,4,BE,quantile,0.9,37.55679126387876
2026-08-12,ILI incidence,2026-08-30,4,BE,quantile,0.95,44.6657888762272
2026-08-12,ILI incidence,2026-08-30,4,BE,quantile,0.975,52.10286903849968
2026-08-12,ILI incidence,2026-08-30,4,BE,quantile,0.99,62.16110060279462
2026-08-12,ILI incidence,2026-08-09,1,CH,quantile,0.01,3.355112298388871
2026-08-12,ILI incidence,2026-08-09,1,CH,quantile,0.025,3.9714787441261112
2026-08-12,ILI incidence,2026-08-09,1,CH,quantile,0.05,4.6620983754895775
2026-08-12,ILI incidence,2026-08-09,1,CH,quantile,0.1,5.538582500613206
2026-08-12,ILI incidence,2026-08-09,1,CH,quantile,0.15,6.2786820530321545
2026-08-12,ILI incidence,2026-08-09,1,CH,quantile,0.2,6.888200746932845
2026-08-12,ILI incidence,2026-08-09,1,CH,quantile,0.25,7.451633793201875
2026-08-12,ILI incidence,2026-08-09,1,CH,quantile,0.3,7.99183059789236
2026-08-12,ILI incidence,2026-08-09,1,CH,quantile,0.35,8.468505454745296
2026-08-12,ILI incidence,2026-08-09,1,CH,quantile,0.4,8.90901224672429
2026-08-12,ILI incidence,2026-08-09,1,CH,quantile,0.45,9.3547039107405
2026-08-12,ILI incidence,2026-08-09,1,CH,quantile,0.5,9.859047639113687
2026-08-12,ILI incidence,2026-08-09,1,CH,quantile,0.55,10.431629879015427
2026-08-12,ILI incidence,2026-08-09,1,CH,quantile,0.6,11.044370036098325
2026-08-12,ILI incidence,2026-08-09,1,CH,quantile,0.65,11.631197800736869
2026-08-12,ILI incidence,2026-08-09,1,CH,quantile,0.7,12.193005073996932
2026-08-12,ILI incidence,2026-08-09,1,CH,quantile,0.75,12.972114123577743
2026-08-12,ILI incidence,2026-08-09,1,CH,quantile,0.8,13.925474034419556
2026-08-12,ILI incidence,2026-08-09,1,CH,quantile,0.85,15.119140016589807
2026-08-12,ILI incidence,2026-08-09,1,CH,quantile,0.9,16.75758799808957
2026-08-12,ILI incidence,2026-08-09,1,CH,quantile,0.95,19.37819544231294
2026-08-12,ILI incidence,2026-08-09,1,CH,quantile,0.975,22.16408463746452
2026-08-12,ILI incidence,2026-08-09,1,CH,quantile,0.99,25.827798993450482
2026-08-12,ILI incidence,2026-08-16,2,CH,quantile,0.01,3.567180799740902
2026-08-12,ILI incidence,2026-08-16,2,CH,quantile,0.025,4.273814609672061
2026-08-12,ILI incidence,2026-08-16,2,CH,quantile,0.05,4.961896684455686
2026-08-12,ILI incidence,2026-08-16,2,CH,quantile,0.1,5.896411630790613
2026-08-12,ILI incidence,2026-08-16,2,CH,quantile,0.15,6.603772954093335
2026-08-12,ILI incidence,2026-08-16,2,CH,quantile,0.2,7.178870249679209
2026-08-12,ILI incidence,2026-08-16,2,CH,quantile,0.25,7.71321839850219
2026-08-12,ILI incidence,2026-08-16,2,CH,quantile,0.3,8.331461356153783
2026-08-12,ILI incidence,2026-08-16,2,CH,quantile,0.35,8.937767517293995
2026-08-12,ILI incidence,2026-08-16,2,CH,quantile,0.4,9.487040396757026
2026-08-12,ILI incidence,2026-08-16,2,CH,quantile,0.45,10.047346758845098
2026-08-12,ILI incidence,2026-08-16,2,CH,quantile,0.5,10.627989654367724
2026-08-12,ILI incidence,2026-08-16,2,CH,quantile,0.55,11.23915084351148
2026-08-12,ILI incidence,2026-08-16,2,CH,quantile,0.6,11.893069759118568
2026-08-12,ILI incidence,2026-08-16,2,CH,quantile,0.65,12.540340112583252
2026-08-12,ILI incidence,2026-08-16,2,CH,quantile,0.7,13.19185699636529
2026-08-12,ILI incidence,2026-08-16,2,CH,quantile,0.75,13.930159626183974
2026-08-12,ILI incidence,2026-08-16,2,CH,quantile,0.8,14.797580720509949
2026-08-12,ILI incidence,2026-08-16,2,CH,quantile,0.85,16.01315411682829
2026-08-12,ILI incidence,2026-08-16,2,CH,quantile,0.9,17.72266070603656
2026-08-12,ILI incidence,2026-08-16,2,CH,quantile,0.95,20.600313350893817
2026-08-12,ILI incidence,2026-08-16,2,CH,quantile,0.975,23.793184117989107
2026-08-12,ILI incidence,2026-08-16,2,CH,quantile,0.99,28.10360182474908
2026-08-12,ILI incidence,2026-08-23,3,CH,quantile,0.01,3.657706326816588
2026-08-12,ILI incidence,2026-08-23,3,CH,quantile,0.025,4.472135473204336
2026-08-12,ILI incidence,2026-08-23,3,CH,quantile,0.05,5.188060669211779
2026-08-12,ILI incidence,2026-08-23,3,CH,quantile,0.1,6.231582228138958
2026-08-12,ILI incidence,2026-08-23,3,CH,quantile,0.15,6.987178177645201
2026-08-12,ILI incidence,2026-08-23,3,CH,quantile,0.2,7.596516424604158
2026-08-12,ILI incidence,2026-08-23,3,CH,quantile,0.25,8.188426375629232
2026-08-12,ILI incidence,2026-08-23,3,CH,quantile,0.3,8.889022141934273
2026-08-12,ILI incidence,2026-08-23,3,CH,quantile,0.35,9.585826392013654
2026-08-12,ILI incidence,2026-08-23,3,CH,quantile,0.4,10.240233784389543
2026-08-12,ILI incidence,2026-08-23,3,CH,quantile,0.45,10.873032354054144
2026-08-12,ILI incidence,2026-08-23,3,CH,quantile,0.5,11.528909786505457
2026-08-12,ILI incidence,2026-08-23,3,CH,quantile,0.55,12.19341220056403
2026-08-12,ILI incidence,2026-08-23,3,CH,quantile,0.6,12.904729728228945
2026-08-12,ILI incidence,2026-08-23,3,CH,quantile,0.65,13.68026055472106
2026-08-12,ILI incidence,2026-08-23,3,CH,quantile,0.7,14.5357705573826
2026-08-12,ILI incidence,2026-08-23,3,CH,quantile,0.75,15.502441638377752
2026-08-12,ILI incidence,2026-08-23,3,CH,quantile,0.8,16.649820959165385
2026-08-12,ILI incidence,2026-08-23,3,CH,quantile,0.85,18.088300379123364
2026-08-12,ILI incidence,2026-08-23,3,CH,quantile,0.9,20.06594477960371
2026-08-12,ILI incidence,2026-08-23,3,CH,quantile,0.95,23.380200108080547
2026-08-12,ILI incidence,2026-08-23,3,CH,quantile,0.975,26.955879574699942
2026-08-12,ILI incidence,2026-08-23,3,CH,quantile,0.99,31.61463890760522
2026-08-12,ILI incidence,2026-08-30,4,CH,quantile,0.01,3.927880836724682
2026-08-12,ILI incidence,2026-08-30,4,CH,quantile,0.025,4.714042324446862
2026-08-12,ILI incidence,2026-08-30,4,CH,quantile,0.05,5.4854274476792515
2026-08-12,ILI incidence,2026-08-30,4,CH,quantile,0.1,6.684093079910965
2026-08-12,ILI incidence,2026-08-30,4,CH,quantile,0.15,7.458849567800328
2026-08-12,ILI incidence,2026-08-30,4,CH,quantile,0.2,8.1129574916068
2026-08-12,ILI incidence,2026-08-30,4,CH,quantile,0.25,8.794892394585126
2026-08-12,ILI incidence,2026-08-30,4,CH,quantile,0.3,9.45067277349418
2026-08-12,ILI incidence,2026-08-30,4,CH,quantile,0.35,10.097480677856833
2026-08-12,ILI incidence,2026-08-30,4,CH,quantile,0.4,10.730214535637757
2026-08-12,ILI incidence,2026-08-30,4,CH,quantile,0.45,11.36289189583666
2026-08-12,ILI incidence,2026-08-30,4,CH,quantile,0.5,12.018845680548685
2026-08-12,ILI incidence,2026-08-30,4,CH,quantile,0.55,12.70960324509664
2026-08-12,ILI incidence,2026-08-30,4,CH,quantile,0.6,13.449040325648761
2026-08-12,ILI incidence,2026-08-30,4,CH,quantile,0.65,14.255245581316752
2026-08-12,ILI incidence,2026-08-30,4,CH,quantile,0.7,15.153594721314576
2026-08-12,ILI incidence,2026-08-30,4,CH,quantile,0.75,16.182494652395565
2026-08-12,ILI incidence,2026-08-30,4,CH,quantile,0.8,17.40552701531362
2026-08-12,ILI incidence,2026-08-30,4,CH,quantile,0.85,18.97621024530621
2026-08-12,ILI incidence,2026-08-30,4,CH,quantile,0.9,21.05729955263699
2026-08-12,ILI incidence,2026-08-30,4,CH,quantile,0.95,24.61326544834713
2026-08-12,ILI incidence,2026-08-30,4,CH,quantile,0.975,28.158619469170294
2026-08-12,ILI incidence,2026-08-30,4,CH,quantile,0.99,32.90238174429789
2026-08-12,ILI incidence,2026-08-09,1,DK,quantile,0.01,42.07020280616004
2026-08-12,ILI incidence,2026-08-09,1,DK,quantile,0.025,46.737455895435076
2026-08-12,ILI incidence,2026-08-09,1,DK,quantile,0.05,51.086490448794166
2026-08-12,ILI incidence,2026-08-09,1,DK,quantile,0.1,56.594626742569794
2026-08-12,ILI incidence,2026-08-09,1,DK,quantile,0.15,60.63636983776436
2026-08-12,ILI incidence,2026-08-09,1,DK,quantile,0.2,64.55961856279443
2026-08-12,ILI incidence,2026-08-09,1,DK,quantile,0.25,68.26794912918768
2026-08-12,ILI incidence,2026-08-09,1,DK,quantile,0.3,71.49057798162406
2026-08-12,ILI incidence,2026-08-09,1,DK,quantile,0.35,74.91291472493954
2026-08-12,ILI incidence,2026-08-09,1,DK,quantile,0.4,78.56937072558003
2026-08-12,ILI incidence,2026-08-09,1,DK,quantile,0.45,81.7514211164666
2026-08-12,ILI incidence,2026-08-09,1,DK,quantile,0.5,85.32708797406681
2026-08-12,ILI incidence,2026-08-09,1,DK,quantile,0.55,89.05725844385927
2026-08-12,ILI incidence,2026-08-09,1,DK,quantile,0.6,92.71191433166265
2026-08-12,ILI incidence,2026-08-09,1,DK,quantile,0.65,96.71432753788716
2026-08-12,ILI incidence,2026-08-09,1,DK,quantile,0.7,101.44450244333515
2026-08-12,ILI incidence,2026-08-09,1,DK,quantile,0.75,106.81139806604509
2026-08-12,ILI incidence,2026-08-09,1,DK,quantile,0.8,113.01884879374522
2026-08-12,ILI incidence,2026-08-09,1,DK,quantile,0.85,120.60262889046454
2026-08-12,ILI incidence,2026-08-09,1,DK,quantile,0.9,129.93257356767364
2026-08-12,ILI incidence,2026-08-09,1,DK,quantile,0.95,145.09379337062725
2026-08-12,ILI incidence,2026-08-09,1,DK,quantile,0.975,159.6585499216735
2026-08-12,ILI incidence,2026-08-09,1,DK,quantile,0.99,177.62917391535024
2026-08-12,ILI incidence,2026-08-16,2,DK,quantile,0.01,38.99579769159928
2026-08-12,ILI incidence,2026-08-16,2,DK,quantile,0.025,44.561863447822276
2026-08-12,ILI incidence,2026-08-16,2,DK,quantile,0.05,49.84484499884011
2026-08-12,ILI incidence,2026-08-16,2,DK,quantile,0.1,56.53825117624935
2026-08-12,ILI incidence,2026-08-16,2,DK,quantile,0.15,61.90064326837687
2026-08-12,ILI incidence,2026-08-16,2,DK,quantile,0.2,66.30223742294724
2026-08-12,ILI incidence,2026-08-16,2,DK,quantile,0.25,70.2116760044329
2026-08-12,ILI incidence,2026-08-16,2,DK,quantile,0.3,73.04947897723844
2026-08-12,ILI incidence,2026-08-16,2,DK,quantile,0.35,76.58702160758538
2026-08-12,ILI incidence,2026-08-16,2,DK,quantile,0.4,80.09994345459857
2026-08-12,ILI incidence,2026-08-16,2,DK,quantile,0.45,83.6956725277872
2026-08-12,ILI incidence,2026-08-16,2,DK,quantile,0.5,87.33054133792521
2026-08-12,ILI incidence,2026-08-16,2,DK,quantile,0.55,91.09807645163794
2026-08-12,ILI incidence,2026-08-16,2,DK,quantile,0.6,95.12962104027147
2026-08-12,ILI incidence,2026-08-16,2,DK,quantile,0.65,99.48209957212495
2026-08-12,ILI incidence,2026-08-16,2,DK,quantile,0.7,104.0302169558802
2026-08-12,ILI incidence,2026-08-16,2,DK,quantile,0.75,108.99313444359473
2026-08-12,ILI incidence,2026-08-16,2,DK,quantile,0.8,116.05569726839727
2026-08-12,ILI incidence,2026-08-16,2,DK,quantile,0.85,124.01738690244275
2026-08-12,ILI incidence,2026-08-16,2,DK,quantile,0.9,135.06376986722458
2026-08-12,ILI incidence,2026-08-16,2,DK,quantile,0.95,153.53482646877126
2026-08-12,ILI incidence,2026-08-16,2,DK,quantile,0.975,170.250325013855
2026-08-12,ILI incidence,2026-08-16,2,DK,quantile,0.99,191.72577839126967
2026-08-12,ILI incidence,2026-08-23,3,DK,quantile,0.01,39.2750467040585
2026-08-12,ILI incidence,2026-08-23,3,DK,quantile,0.025,44.508218516003865
2026-08-12,ILI incidence,2026-08-23,3,DK,quantile,0.05,49.37728430347589
2026-08-12,ILI incidence,2026-08-23,3,DK,quantile,0.1,56.66434454287256
2026-08-12,ILI incidence,2026-08-23,3,DK,quantile,0.15,62.18420847277717
2026-08-12,ILI incidence,2026-08-23,3,DK,quantile,0.2,66.9456716669078
2026-08-12,ILI incidence,2026-08-23,3,DK,quantile,0.25,71.29055153930597
2026-08-12,ILI incidence,2026-08-23,3,DK,quantile,0.3,74.9012558973487
2026-08-12,ILI incidence,2026-08-23,3,DK,quantile,0.35,78.40790434712645
2026-08-12,ILI incidence,2026-08-23,3,DK,quantile,0.4,81.8850561255849
2026-08-12,ILI incidence,2026-08-23,3,DK,quantile,0.45,85.58015585698747
2026-08-12,ILI incidence,2026-08-23,3,DK,quantile,0.5,89.74264508947248
2026-08-12,ILI incidence,2026-08-23,3,DK,quantile,0.55,93.8551973765044
2026-08-12,ILI incidence,2026-08-23,3,DK,quantile,0.6,98.13435025846485
2026-08-12,ILI incidence,2026-08-23,3,DK,quantile,0.65,102.54692693273707
2026-08-12,ILI incidence,2026-08-23,3,DK,quantile,0.7,107.4098441911205
2026-08-12,ILI incidence,2026-08-23,3,DK,quantile,0.75,112.86917536715961
2026-08-12,ILI incidence,2026-08-23,3,DK,quantile,0.8,119.3731137850639
2026-08-12,ILI incidence,2026-08-23,3,DK,quantile,0.85,127.63649539814614
2026-08-12,ILI incidence,2026-08-23,3,DK,quantile,0.9,139.75637118891925
2026-08-12,ILI incidence,2026-08-23,3,DK,quantile,0.95,159.69366575908907
2026-08-12,ILI incidence,2026-08-23,3,DK,quantile,0.975,179.32141529645008
2026-08-12,ILI incidence,2026-08-23,3,DK,quantile,0.99,205.17668949773758
2026-08-12,ILI incidence,2026-08-30,4,DK,quantile,0.01,40.29204940123058
2026-08-12,ILI incidence,2026-08-30,4,DK,quantile,0.025,45.4774612130164
2026-08-12,ILI incidence,2026-08-30,4,DK,quantile,0.05,50.86429556194219
2026-08-12,ILI incidence,2026-08-30,4,DK,quantile,0.1,58.46815948530779
2026-08-12,ILI incidence,2026-08-30,4,DK,quantile,0.15,64.0767946051602
2026-08-12,ILI incidence,2026-08-30,4,DK,quantile,0.2,69.18311421941827
2026-08-12,ILI incidence,2026-08-30,4,DK,quantile,0.25,72.6083229447496
2026-08-12,ILI incidence,2026-08-30,4,DK,quantile,0.3,76.46622502347378
2026-08-12,ILI incidence,2026-08-30,4,DK,quantile,0.35,80.22141237513657
2026-08-12,ILI incidence,2026-08-30,4,DK,quantile,0.4,83.95289940115168
2026-08-12,ILI incidence,2026-08-30,4,DK,quantile,0.45,88.1449461707811
2026-08-12,ILI incidence,2026-08-30,4,DK,quantile,0.5,92.2853015321401
2026-08-12,ILI incidence,2026-08-30,4,DK,quantile,0.55,96.36020636427753
2026-08-12,ILI incidence,2026-08-30,4,DK,quantile,0.6,101.07860878195797
2026-08-12,ILI incidence,2026-08-30,4,DK,quantile,0.65,105.58273766200587
2026-08-12,ILI incidence,2026-08-30,4,DK,quantile,0.7,110.64708215839323
2026-08-12,ILI incidence,2026-08-30,4,DK,quantile,0.75,116.15882525484427
2026-08-12,ILI incidence,2026-08-30,4,DK,quantile,0.8,122.92866777210929
2026-08-12,ILI incidence,2026-08-30,4,DK,quantile,0.85,132.0809356158052
2026-08-12,ILI incidence,2026-08-30,4,DK,quantile,0.9,144.5771081589498
2026-08-12,ILI incidence,2026-08-30,4,DK,quantile,0.95,165.26236107810723
2026-08-12,ILI incidence,2026-08-30,4,DK,quantile,0.975,185.57998025941583
2026-08-12,ILI incidence,2026-08-30,4,DK,quantile,0.99,212.34551454562165
2026-08-12,ILI incidence,2026-08-09,1,EE,quantile,0.01,18.320412249319627
2026-08-12,ILI incidence,2026-08-09,1,EE,quantile,0.025,21.008076815874567
2026-08-12,ILI incidence,2026-08-09,1,EE,quantile,0.05,23.443964559532077
2026-08-12,ILI incidence,2026-08-09,1,EE,quantile,0.1,26.95709612692263
2026-08-12,ILI incidence,2026-08-09,1,EE,quantile,0.15,29.73879603048395
2026-08-12,ILI incidence,2026-08-09,1,EE,quantile,0.2,32.19206856004755
2026-08-12,ILI incidence,2026-08-09,1,EE,quantile,0.25,34.343196844714456
2026-08-12,ILI incidence,2026-08-09,1,EE,quantile,0.3,36.36126515028889
2026-08-12,ILI incidence,2026-08-09,1,EE,quantile,0.35,37.9099051917416
2026-08-12,ILI incidence,2026-08-09,1,EE,quantile,0.4,40.08254273538768
2026-08-12,ILI incidence,2026-08-09,1,EE,quantile,0.45,42.16622325103425
2026-08-12,ILI incidence,2026-08-09,1,EE,quantile,0.5,44.41440156639112
2026-08-12,ILI incidence,2026-08-09,1,EE,quantile,0.55,46.02032664593405
2026-08-12,ILI incidence,2026-08-09,1,EE,quantile,0.6,47.93578746661632
2026-08-12,ILI incidence,2026-08-09,1,EE,quantile,0.65,49.82507612215261
2026-08-12,ILI incidence,2026-08-09,1,EE,quantile,0.7,51.895094195724035
2026-08-12,ILI incidence,2026-08-09,1,EE,quantile,0.75,54.75521280121435
2026-08-12,ILI incidence,2026-08-09,1,EE,quantile,0.8,58.65717174753672
2026-08-12,ILI incidence,2026-08-09,1,EE,quantile,0.85,63.06300733585644
2026-08-12,ILI incidence,2026-08-09,1,EE,quantile,0.9,69.70061455024815
2026-08-12,ILI incidence,2026-08-09,1,EE,quantile,0.95,80.82438562800469
2026-08-12,ILI incidence,2026-08-09,1,EE,quantile,0.975,89.60860307385138
2026-08-12,ILI incidence,2026-08-09,1,EE,quantile,0.99,103.35511278851214
2026-08-12,ILI incidence,2026-08-16,2,EE,quantile,0.01,16.593979609816746
2026-08-12,ILI incidence,2026-08-16,2,EE,quantile,0.025,19.51584897991816
2026-08-12,ILI incidence,2026-08-16,2,EE,quantile,0.05,22.231634639390492
2026-08-12,ILI incidence,2026-08-16,2,EE,quantile,0.1,26.185527402883444
2026-08-12,ILI incidence,2026-08-16,2,EE,quantile,0.15,29.10739270428221
2026-08-12,ILI incidence,2026-08-16,2,EE,quantile,0.2,31.644706957590643
2026-08-12,ILI incidence,2026-08-16,2,EE,quantile,0.25,33.86292035298494
2026-08-12,ILI incidence,2026-08-16,2,EE,quantile,0.3,36.19339682650941
2026-08-12,ILI incidence,2026-08-16,2,EE,quantile,0.35,38.45653338452476
2026-08-12,ILI incidence,2026-08-16,2,EE,quantile,0.4,40.67963256874337
2026-08-12,ILI incidence,2026-08-16,2,EE,quantile,0.45,42.63420247433401
2026-08-12,ILI incidence,2026-08-16,2,EE,quantile,0.5,44.4568947846954
2026-08-12,ILI incidence,2026-08-16,2,EE,quantile,0.55,46.6032493585857
2026-08-12,ILI incidence,2026-08-16,2,EE,quantile,0.6,49.18587136843803
2026-08-12,ILI incidence,2026-08-16,2,EE,quantile,0.65,52.11422931651699
2026-08-12,ILI incidence,2026-08-16,2,EE,quantile,0.7,55.193349712023014
2026-08-12,ILI incidence,2026-08-16,2,EE,quantile,0.75,58.326960022032466
2026-08-12,ILI incidence,2026-08-16,2,EE,quantile,0.8,62.59529532207087
2026-08-12,ILI incidence,2026-08-16,2,EE,quantile,0.85,67.95967095590699
2026-08-12,ILI incidence,2026-08-16,2,EE,quantile,0.9,75.35672855835233
2026-08-12,ILI incidence,2026-08-16,2,EE,quantile,0.95,87.80463624909048
2026-08-12,ILI incidence,2026-08-16,2,EE,quantile,0.975,99.97185782715111
2026-08-12,ILI incidence,2026-08-16,2,EE,quantile,0.99,116.88768312609344
2026-08-12,ILI incidence,2026-08-23,3,EE,quantile,0.01,16.54387634051665
2026-08-12,ILI incidence,2026-08-23,3,EE,quantile,0.025,19.508385063178075
2026-08-12,ILI incidence,2026-08-23,3,EE,quantile,0.05,22.29667760817813
2026-08-12,ILI incidence,2026-08-23,3,EE,quantile,0.1,26.28565014590145
2026-08-12,ILI incidence,2026-08-23,3,EE,quantile,0.15,29.356073947769307
2026-08-12,ILI incidence,2026-08-23,3,EE,quantile,0.2,32.040936771333804
2026-08-12,ILI incidence,2026-08-23,3,EE,quantile,0.25,34.532786451497465
2026-08-12,ILI incidence,2026-08-23,3,EE,quantile,0.3,36.785884615504166
2026-08-12,ILI incidence,2026-08-23,3,EE,quantile,0.35,39.15291736220608
2026-08-12,ILI incidence,2026-08-23,3,EE,quantile,0.4,41.67737198415435
2026-08-12,ILI incidence,2026-08-23,3,EE,quantile,0.45,44.11509965377566
2026-08-12,ILI incidence,2026-08-23,3,EE,quantile,0.5,46.65008643950166
2026-08-12,ILI incidence,2026-08-23,3,EE,quantile,0.55,49.21493043059029
2026-08-12,ILI incidence,2026-08-23,3,EE,quantile,0.6,51.98300686039488
2026-08-12,ILI incidence,2026-08-23,3,EE,quantile,0.65,54.91302679065599
2026-08-12,ILI incidence,2026-08-23,3,EE,quantile,0.7,57.937800662455714
2026-08-12,ILI incidence,2026-08-23,3,EE,quantile,0.75,61.38584166503284
2026-08-12,ILI incidence,2026-08-23,3,EE,quantile,0.8,65.46329642763018
2026-08-12,ILI incidence,2026-08-23,3,EE,quantile,0.85,71.13503778219295
2026-08-12,ILI incidence,2026-08-23,3,EE,quantile,0.9,79.24191026540215
2026-08-12,ILI incidence,2026-08-23,3,EE,quantile,0.95,93.16170854964773
2026-08-12,ILI incidence,2026-08-23,3,EE,quantile,0.975,107.56882819198941
2026-08-12,ILI incidence,2026-08-23,3,EE,quantile,0.99,126.77872347810735
2026-08-12,ILI incidence,2026-08-30,4,EE,quantile,0.01,17.037014819144108
2026-08-12,ILI incidence,2026-08-30,4,EE,quantile,0.025,19.998803974970535
2026-08-12,ILI incidence,2026-08-30,4,EE,quantile,0.05,23.082024471426102
2026-08-12,ILI incidence,2026-08-30,4,EE,quantile,0.1,27.202712306881498
2026-08-12,ILI incidence,2026-08-30,4,EE,quantile,0.15,30.374263796267755
2026-08-12,ILI incidence,2026-08-30,4,EE,quantile,0.2,33.14739198908613
2026-08-12,ILI incidence,2026-08-30,4,EE,quantile,0.25,35.37343708045795
2026-08-12,ILI incidence,2026-08-30,4,EE,quantile,0.3,37.49149875200461
2026-08-12,ILI incidence,2026-08-30,4,EE,quantile,0.35,39.95007712251396
2026-08-12,ILI incidence,2026-08-30,4,EE,quantile,0.4,42.53204086607243
2026-08-12,ILI incidence,2026-08-30,4,EE,quantile,0.45,45.18496563408402
2026-08-12,ILI incidence,2026-08-30,4,EE,quantile,0.5,47.37583354400614
2026-08-12,ILI incidence,2026-08-30,4,EE,quantile,0.55,50.06301886505461
2026-08-12,ILI incidence,2026-08-30,4,EE,quantile,0.6,52.445109887390885
2026-08-12,ILI incidence,2026-08-30,4,EE,quantile,0.65,55.46873303266901
2026-08-12,ILI incidence,2026-08-30,4,EE,quantile,0.7,58.99085777016439
2026-08-12,ILI incidence,2026-08-30,4,EE,quantile,0.75,63.03864238674737
2026-08-12,ILI incidence,2026-08-30,4,EE,quantile,0.8,67.76196454956391
2026-08-12,ILI incidence,2026-08-30,4,EE,quantile,0.85,73.95934449518361
2026-08-12,ILI incidence,2026-08-30,4,EE,quantile,0.9,82.39443599125329
2026-08-12,ILI incidence,2026-08-30,4,EE,quantile,0.95,96.67364440727468
2026-08-12,ILI incidence,2026-08-30,4,EE,quantile,0.975,111.14777748488598
2026-08-12,ILI incidence,2026-08-30,4,EE,quantile,0.99,130.8066482856252
2026-08-12,ILI incidence,2026-08-09,1,ES,quantile,0.01,2.1262047117767184
2026-08-12,ILI incidence,2026-08-09,1,ES,quantile,0.025,2.3797025205238667
2026-08-12,ILI incidence,2026-08-09,1,ES,quantile,0.05,2.610432244128649
2026-08-12,ILI incidence,2026-08-09,1,ES,quantile,0.1,2.89606538323559
2026-08-12,ILI incidence,2026-08-09,1,ES,quantile,0.15,3.13344814523753
2026-08-12,ILI incidence,2026-08-09,1,ES,quantile,0.2,3.33289684425816
2026-08-12,ILI incidence,2026-08-09,1,ES,quantile,0.25,3.5116586298324517
2026-08-12,ILI incidence,2026-08-09,1,ES,quantile,0.3,3.660660602661955
2026-08-12,ILI incidence,2026-08-09,1,ES,quantile,0.35,3.7943645417284304
2026-08-12,ILI incidence,2026-08-09,1,ES,quantile,0.4,3.9247814683919118
2026-08-12,ILI incidence,2026-08-09,1,ES,quantile,0.45,4.065774797508965
2026-08-12,ILI incidence,2026-08-09,1,ES,quantile,0.5,4.219176100991147
2026-08-12,ILI incidence,2026-08-09,1,ES,quantile,0.55,4.349086441017309
2026-08-12,ILI incidence,2026-08-09,1,ES,quantile,0.6,4.528969148488559
2026-08-12,ILI incidence,2026-08-09,1,ES,quantile,0.65,4.684181682234088
2026-08-12,ILI incidence,2026-08-09,1,ES,quantile,0.7,4.852470161254668
2026-08-12,ILI incidence,2026-08-09,1,ES,quantile,0.75,5.018466004988098
2026-08-12,ILI incidence,2026-08-09,1,ES,quantile,0.8,5.240311767700145
2026-08-12,ILI incidence,2026-08-09,1,ES,quantile,0.85,5.516123767567893
2026-08-12,ILI incidence,2026-08-09,1,ES,quantile,0.9,5.859958175393578
2026-08-12,ILI incidence,2026-08-09,1,ES,quantile,0.95,6.417674364926431
2026-08-12,ILI incidence,2026-08-09,1,ES,quantile,0.975,7.01072958427107
2026-08-12,ILI incidence,2026-08-09,1,ES,quantile,0.99,7.725138987152818
2026-08-12,ILI incidence,2026-08-16,2,ES,quantile,0.01,1.6477845892032168
2026-08-12,ILI incidence,2026-08-16,2,ES,quantile,0.025,1.9599043822872892
2026-08-12,ILI incidence,2026-08-16,2,ES,quantile,0.05,2.2479495814739634
2026-08-12,ILI incidence,2026-08-16,2,ES,quantile,0.1,2.6223243322250376
2026-08-12,ILI incidence,2026-08-16,2,ES,quantile,0.15,2.898607217706058
2026-08-12,ILI incidence,2026-08-16,2,ES,quantile,0.2,3.1575491791341452
2026-08-12,ILI incidence,2026-08-16,2,ES,quantile,0.25,3.3933626891584896
2026-08-12,ILI incidence,2026-08-16,2,ES,quantile,0.3,3.604732484644353
2026-08-12,ILI incidence,2026-08-16,2,ES,quantile,0.35,3.794387648960024
2026-08-12,ILI incidence,2026-08-16,2,ES,quantile,0.4,3.981569654791518
2026-08-12,ILI incidence,2026-08-16,2,ES,quantile,0.45,4.182444269520464
2026-08-12,ILI incidence,2026-08-16,2,ES,quantile,0.5,4.38816840122646
2026-08-12,ILI incidence,2026-08-16,2,ES,quantile,0.55,4.589707863358667
2026-08-12,ILI incidence,2026-08-16,2,ES,quantile,0.6,4.821195088348533
2026-08-12,ILI incidence,2026-08-16,2,ES,quantile,0.65,5.040353549162971
2026-08-12,ILI incidence,2026-08-16,2,ES,quantile,0.7,5.301344281645072
2026-08-12,ILI incidence,2026-08-16,2,ES,quantile,0.75,5.609519057379333
2026-08-12,ILI incidence,2026-08-16,2,ES,quantile,0.8,5.945368009923374
2026-08-12,ILI incidence,2026-08-16,2,ES,quantile,0.85,6.380043448129002
2026-08-12,ILI incidence,2026-08-16,2,ES,quantile,0.9,7.011040123475056
2026-08-12,ILI incidence,2026-08-16,2,ES,quantile,0.95,8.009242936400314
2026-08-12,ILI incidence,2026-08-16,2,ES,quantile,0.975,8.862815463047484
2026-08-12,ILI incidence,2026-08-16,2,ES,quantile,0.99,10.12285551558071
2026-08-12,ILI incidence,2026-08-23,3,ES,quantile,0.01,1.4202163400859484
2026-08-12,ILI incidence,2026-08-23,3,ES,quantile,0.025,1.7616674948683892
2026-08-12,ILI incidence,2026-08-23,3,ES,quantile,0.05,2.096549275512242
2026-08-12,ILI incidence,2026-08-23,3,ES,quantile,0.1,2.5261632868407133
2026-08-12,ILI incidence,2026-08-23,3,ES,quantile,0.15,2.851667387227267
2026-08-12,ILI incidence,2026-08-23,3,ES,quantile,0.2,3.1424763261916904
2026-08-12,ILI incidence,2026-08-23,3,ES,quantile,0.25,3.4146390113649576
2026-08-12,ILI incidence,2026-08-23,3,ES,quantile,0.3,3.682994909844118
2026-08-12,ILI incidence,2026-08-23,3,ES,quantile,0.35,3.94169833199727
2026-08-12,ILI incidence,2026-08-23,3,ES,quantile,0.4,4.200385171169664
2026-08-12,ILI incidence,2026-08-23,3,ES,quantile,0.45,4.453285239234615
2026-08-12,ILI incidence,2026-08-23,3,ES,quantile,0.5,4.680220566740752
2026-08-12,ILI incidence,2026-08-23,3,ES,quantile,0.55,4.964129925788516
2026-08-12,ILI incidence,2026-08-23,3,ES,quantile,0.6,5.21519418166291
2026-08-12,ILI incidence,2026-08-23,3,ES,quantile,0.65,5.4968408379738545
2026-08-12,ILI incidence,2026-08-23,3,ES,quantile,0.7,5.867198372776422
2026-08-12,ILI incidence,2026-08-23,3,ES,quantile,0.75,6.293141508850501
2026-08-12,ILI incidence,2026-08-23,3,ES,quantile,0.8,6.752438952795588
2026-08-12,ILI incidence,2026-08-23,3,ES,quantile,0.85,7.2947103444256784
2026-08-12,ILI incidence,2026-08-23,3,ES,quantile,0.9,8.012133800143484
2026-08-12,ILI incidence,2026-08-23,3,ES,quantile,0.95,9.191173416340542
2026-08-12,ILI incidence,2026-08-23,3,ES,quantile,0.975,10.402864761989903
2026-08-12,ILI incidence,2026-08-23,3,ES,quantile,0.99,11.933713318711387
2026-08-12,ILI incidence,2026-08-30,4,ES,quantile,0.01,1.5222425785494549
2026-08-12,ILI incidence,2026-08-30,4,ES,quantile,0.025,1.9089781436173765
2026-08-12,ILI incidence,2026-08-30,4,ES,quantile,0.05,2.281466630865613
2026-08-12,ILI incidence,2026-08-30,4,ES,quantile,0.1,2.733396708780991
2026-08-12,ILI incidence,2026-08-30,4,ES,quantile,0.15,3.0898747756745077
2026-08-12,ILI incidence,2026-08-30,4,ES,quantile,0.2,3.401495730598671
2026-08-12,ILI incidence,2026-08-30,4,ES,quantile,0.25,3.687694497602922
2026-08-12,ILI incidence,2026-08-30,4,ES,quantile,0.3,3.9233354176875785
2026-08-12,ILI incidence,2026-08-30,4,ES,quantile,0.35,4.202055573490857
2026-08-12,ILI incidence,2026-08-30,4,ES,quantile,0.4,4.492158039806306
2026-08-12,ILI incidence,2026-08-30,4,ES,quantile,0.45,4.726533461225191
2026-08-12,ILI incidence,2026-08-30,4,ES,quantile,0.5,4.9798015091985155
2026-08-12,ILI incidence,2026-08-30,4,ES,quantile,0.55,5.290436491394556
2026-08-12,ILI incidence,2026-08-30,4,ES,quantile,0.6,5.605740762208144
2026-08-12,ILI incidence,2026-08-30,4,ES,quantile,0.65,5.910253548123617
2026-08-12,ILI incidence,2026-08-30,4,ES,quantile,0.7,6.239012451905562
2026-08-12,ILI incidence,2026-08-30,4,ES,quantile,0.75,6.618590161424832
2026-08-12,ILI incidence,2026-08-30,4,ES,quantile,0.8,7.064735290907307
2026-08-12,ILI incidence,2026-08-30,4,ES,quantile,0.85,7.664989162600065
2026-08-12,ILI incidence,2026-08-30,4,ES,quantile,0.9,8.526319351822384
2026-08-12,ILI incidence,2026-08-30,4,ES,quantile,0.95,9.962918281565287
2026-08-12,ILI incidence,2026-08-30,4,ES,quantile,0.975,11.254337755043917
2026-08-12,ILI incidence,2026-08-30,4,ES,quantile,0.99,12.911270388676463
2026-08-12,ILI incidence,2026-08-09,1,GB-ENG,quantile,0.01,0.17264161957160773
2026-08-12,ILI incidence,2026-08-09,1,GB-ENG,quantile,0.025,0.2925762080176202
2026-08-12,ILI incidence,2026-08-09,1,GB-ENG,quantile,0.05,0.43009946821342127
2026-08-12,ILI incidence,2026-08-09,1,GB-ENG,quantile,0.1,0.5822657048552098
2026-08-12,ILI incidence,2026-08-09,1,GB-ENG,quantile,0.15,0.6855082266350518
2026-08-12,ILI incidence,2026-08-09,1,GB-ENG,quantile,0.2,0.7952205644767337
2026-08-12,ILI incidence,2026-08-09,1,GB-ENG,quantile,0.25,0.8950181272438311
2026-08-12,ILI incidence,2026-08-09,1,GB-ENG,quantile,0.3,0.9910272666482609
2026-08-12,ILI incidence,2026-08-09,1,GB-ENG,quantile,0.35,1.0809667945028323
2026-08-12,ILI incidence,2026-08-09,1,GB-ENG,quantile,0.4,1.1717915135300114
2026-08-12,ILI incidence,2026-08-09,1,GB-ENG,quantile,0.45,1.2634367135655247
2026-08-12,ILI incidence,2026-08-09,1,GB-ENG,quantile,0.5,1.3483308653011128
2026-08-12,ILI incidence,2026-08-09,1,GB-ENG,quantile,0.55,1.4213611544659837
2026-08-12,ILI incidence,2026-08-09,1,GB-ENG,quantile,0.6,1.4978946823440422
2026-08-12,ILI incidence,2026-08-09,1,GB-ENG,quantile,0.65,1.5770843753152501
2026-08-12,ILI incidence,2026-08-09,1,GB-ENG,quantile,0.7,1.6877247213669428
2026-08-12,ILI incidence,2026-08-09,1,GB-ENG,quantile,0.75,1.8124579642866179
2026-08-12,ILI incidence,2026-08-09,1,GB-ENG,quantile,0.8,1.9581781225089108
2026-08-12,ILI incidence,2026-08-09,1,GB-ENG,quantile,0.85,2.13758909207315
2026-08-12,ILI incidence,2026-08-09,1,GB-ENG,quantile,0.9,2.398914117335147
2026-08-12,ILI incidence,2026-08-09,1,GB-ENG,quantile,0.95,2.771025762319606
2026-08-12,ILI incidence,2026-08-09,1,GB-ENG,quantile,0.975,3.160443445878567
2026-08-12,ILI incidence,2026-08-09,1,GB-ENG,quantile,0.99,3.6886741817879924
2026-08-12,ILI incidence,2026-08-16,2,GB-ENG,quantile,0.01,0.23652341062155222
2026-08-12,ILI incidence,2026-08-16,2,GB-ENG,quantile,0.025,0.3679135547098002
2026-08-12,ILI incidence,2026-08-16,2,GB-ENG,quantile,0.05,0.4920298058319781
2026-08-12,ILI incidence,2026-08-16,2,GB-ENG,quantile,0.1,0.6665486337508271
2026-08-12,ILI incidence,2026-08-16,2,GB-ENG,quantile,0.15,0.7818390847248864
2026-08-12,ILI incidence,2026-08-16,2,GB-ENG,quantile,0.2,0.8835443052735559
2026-08-12,ILI incidence,2026-08-16,2,GB-ENG,quantile,0.25,0.9914961760330688
2026-08-12,ILI incidence,2026-08-16,2,GB-ENG,quantile,0.3,1.0937030732525501
2026-08-12,ILI incidence,2026-08-16,2,GB-ENG,quantile,0.35,1.1802367393171993
2026-08-12,ILI incidence,2026-08-16,2,GB-ENG,quantile,0.4,1.259058766591216
2026-08-12,ILI incidence,2026-08-16,2,GB-ENG,quantile,0.45,1.3380312211257768
2026-08-12,ILI incidence,2026-08-16,2,GB-ENG,quantile,0.5,1.4184465239156323
2026-08-12,ILI incidence,2026-08-16,2,GB-ENG,quantile,0.55,1.4889656798427104
2026-08-12,ILI incidence,2026-08-16,2,GB-ENG,quantile,0.6,1.5771213212079418
2026-08-12,ILI incidence,2026-08-16,2,GB-ENG,quantile,0.65,1.6826827947461078
2026-08-12,ILI incidence,2026-08-16,2,GB-ENG,quantile,0.7,1.784990800694258
2026-08-12,ILI incidence,2026-08-16,2,GB-ENG,quantile,0.75,1.9017122649341838
2026-08-12,ILI incidence,2026-08-16,2,GB-ENG,quantile,0.8,2.062000097047139
2026-08-12,ILI incidence,2026-08-16,2,GB-ENG,quantile,0.85,2.260044086417367
2026-08-12,ILI incidence,2026-08-16,2,GB-ENG,quantile,0.9,2.526743055487282
2026-08-12,ILI incidence,2026-08-16,2,GB-ENG,quantile,0.95,2.8976971202067294
2026-08-12,ILI incidence,2026-08-16,2,GB-ENG,quantile,0.975,3.3108899793103346
2026-08-12,ILI incidence,2026-08-16,2,GB-ENG,quantile,0.99,3.781950438648909
2026-08-12,ILI incidence,2026-08-23,3,GB-ENG,quantile,0.01,0.3050633410151208
2026-08-12,ILI incidence,2026-08-23,3,GB-ENG,quantile,0.025,0.4710926312789269
2026-08-12,ILI incidence,2026-08-23,3,GB-ENG,quantile,0.05,0.6023567033030094
2026-08-12,ILI incidence,2026-08-23,3,GB-ENG,quantile,0.1,0.7976345134554941
2026-08-12,ILI incidence,2026-08-23,3,GB-ENG,quantile,0.15,0.9508136288780541
2026-08-12,ILI incidence,2026-08-23,3,GB-ENG,quantile,0.2,1.0674289358693057
2026-08-12,ILI incidence,2026-08-23,3,GB-ENG,quantile,0.25,1.1634384090148309
2026-08-12,ILI incidence,2026-08-23,3,GB-ENG,quantile,0.3,1.256760522141772
2026-08-12,ILI incidence,2026-08-23,3,GB-ENG,quantile,0.35,1.3412788953641028
2026-08-12,ILI incidence,2026-08-23,3,GB-ENG,quantile,0.4,1.4256061990816782
2026-08-12,ILI incidence,2026-08-23,3,GB-ENG,quantile,0.45,1.5112007362062738
2026-08-12,ILI incidence,2026-08-23,3,GB-ENG,quantile,0.5,1.598386657684051
2026-08-12,ILI incidence,2026-08-23,3,GB-ENG,quantile,0.55,1.670389338038572
2026-08-12,ILI incidence,2026-08-23,3,GB-ENG,quantile,0.6,1.7496555471958712
2026-08-12,ILI incidence,2026-08-23,3,GB-ENG,quantile,0.65,1.8425418097718447
2026-08-12,ILI incidence,2026-08-23,3,GB-ENG,quantile,0.7,1.9438277800969563
2026-08-12,ILI incidence,2026-08-23,3,GB-ENG,quantile,0.75,2.0815918751946287
2026-08-12,ILI incidence,2026-08-23,3,GB-ENG,quantile,0.8,2.2373228581750295
2026-08-12,ILI incidence,2026-08-23,3,GB-ENG,quantile,0.85,2.4015703646806434
2026-08-12,ILI incidence,2026-08-23,3,GB-ENG,quantile,0.9,2.620121288725688
2026-08-12,ILI incidence,2026-08-23,3,GB-ENG,quantile,0.95,3.028624064490672
2026-08-12,ILI incidence,2026-08-23,3,GB-ENG,quantile,0.975,3.420283640849421
2026-08-12,ILI incidence,2026-08-23,3,GB-ENG,quantile,0.99,3.8877328721002495
2026-08-12,ILI incidence,2026-08-30,4,GB-ENG,quantile,0.01,0.3654442751903331
2026-08-12,ILI incidence,2026-08-30,4,GB-ENG,quantile,0.025,0.5231644434081892
2026-08-12,ILI incidence,2026-08-30,4,GB-ENG,quantile,0.05,0.6772400210054733
2026-08-12,ILI incidence,2026-08-30,4,GB-ENG,quantile,0.1,0.8624372951477834
2026-08-12,ILI incidence,2026-08-30,4,GB-ENG,quantile,0.15,1.0149881110573937
2026-08-12,ILI incidence,2026-08-30,4,GB-ENG,quantile,0.2,1.144924656668862
2026-08-12,ILI incidence,2026-08-30,4,GB-ENG,quantile,0.25,1.2389596672133398
2026-08-12,ILI incidence,2026-08-30,4,GB-ENG,quantile,0.3,1.326914272611345
2026-08-12,ILI incidence,2026-08-30,4,GB-ENG,quantile,0.35,1.4218764273308442
2026-08-12,ILI incidence,2026-08-30,4,GB-ENG,quantile,0.4,1.5181034520604677
2026-08-12,ILI incidence,2026-08-30,4,GB-ENG,quantile,0.45,1.614596435218152
2026-08-12,ILI incidence,2026-08-30,4,GB-ENG,quantile,0.5,1.699945374135838
2026-08-12,ILI incidence,2026-08-30,4,GB-ENG,quantile,0.55,1.788080380255427
2026-08-12,ILI incidence,2026-08-30,4,GB-ENG,quantile,0.6,1.8675144887112252
2026-08-12,ILI incidence,2026-08-30,4,GB-ENG,quantile,0.65,1.9794176446914784
2026-08-12,ILI incidence,2026-08-30,4,GB-ENG,quantile,0.7,2.087246998628138
2026-08-12,ILI incidence,2026-08-30,4,GB-ENG,quantile,0.75,2.2079940619349134
2026-08-12,ILI incidence,2026-08-30,4,GB-ENG,quantile,0.8,2.3480172102127277
2026-08-12,ILI incidence,2026-08-30,4,GB-ENG,quantile,0.85,2.518963658451057
2026-08-12,ILI incidence,2026-08-30,4,GB-ENG,quantile,0.9,2.7818076208196256
2026-08-12,ILI incidence,2026-08-30,4,GB-ENG,quantile,0.95,3.2517798445610246
2026-08-12,ILI incidence,2026-08-30,4,GB-ENG,quantile,0.975,3.654486679781893
2026-08-12,ILI incidence,2026-08-30,4,GB-ENG,quantile,0.99,4.1387064597829255
2026-08-12,ILI incidence,2026-08-09,1,GB-NIR,quantile,0.01,0.44110216648714695
2026-08-12,ILI incidence,2026-08-09,1,GB-NIR,quantile,0.025,0.5528961264651551
2026-08-12,ILI incidence,2026-08-09,1,GB-NIR,quantile,0.05,0.655957411749821
2026-08-12,ILI incidence,2026-08-09,1,GB-NIR,quantile,0.1,0.7802569655220262
2026-08-12,ILI incidence,2026-08-09,1,GB-NIR,quantile,0.15,0.8676750313834337
2026-08-12,ILI incidence,2026-08-09,1,GB-NIR,quantile,0.2,0.9461959992176477
2026-08-12,ILI incidence,2026-08-09,1,GB-NIR,quantile,0.25,1.018303088465178
2026-08-12,ILI incidence,2026-08-09,1,GB-NIR,quantile,0.3,1.080207543290236
2026-08-12,ILI incidence,2026-08-09,1,GB-NIR,quantile,0.35,1.140896893133482
2026-08-12,ILI incidence,2026-08-09,1,GB-NIR,quantile,0.4,1.1992953566480575
2026-08-12,ILI incidence,2026-08-09,1,GB-NIR,quantile,0.45,1.2601607454430628
2026-08-12,ILI incidence,2026-08-09,1,GB-NIR,quantile,0.5,1.3234452550876252
2026-08-12,ILI incidence,2026-08-09,1,GB-NIR,quantile,0.55,1.385915871495782
2026-08-12,ILI incidence,2026-08-09,1,GB-NIR,quantile,0.6,1.4605487907551902
2026-08-12,ILI incidence,2026-08-09,1,GB-NIR,quantile,0.65,1.5185620591011433
2026-08-12,ILI incidence,2026-08-09,1,GB-NIR,quantile,0.7,1.5905544449044344
2026-08-12,ILI incidence,2026-08-09,1,GB-NIR,quantile,0.75,1.6852263482868348
2026-08-12,ILI incidence,2026-08-09,1,GB-NIR,quantile,0.8,1.794724955298895
2026-08-12,ILI incidence,2026-08-09,1,GB-NIR,quantile,0.85,1.9280072216757158
2026-08-12,ILI incidence,2026-08-09,1,GB-NIR,quantile,0.9,2.07800257897116
2026-08-12,ILI incidence,2026-08-09,1,GB-NIR,quantile,0.95,2.3130786751074006
2026-08-12,ILI incidence,2026-08-09,1,GB-NIR,quantile,0.975,2.531463201131171
2026-08-12,ILI incidence,2026-08-09,1,GB-NIR,quantile,0.99,2.8035452688409457
2026-08-12,ILI incidence,2026-08-16,2,GB-NIR,quantile,0.01,0.29492689229504343
2026-08-12,ILI incidence,2026-08-16,2,GB-NIR,quantile,0.025,0.42892500153626556
2026-08-12,ILI incidence,2026-08-16,2,GB-NIR,quantile,0.05,0.5536731025390467
2026-08-12,ILI incidence,2026-08-16,2,GB-NIR,quantile,0.1,0.7039817087895441
2026-08-12,ILI incidence,2026-08-16,2,GB-NIR,quantile,0.15,0.813525938100184
2026-08-12,ILI incidence,2026-08-16,2,GB-NIR,quantile,0.2,0.9055891969344558
2026-08-12,ILI incidence,2026-08-16,2,GB-NIR,quantile,0.25,1.0077908741475579
2026-08-12,ILI incidence,2026-08-16,2,GB-NIR,quantile,0.3,1.089890457002385
2026-08-12,ILI incidence,2026-08-16,2,GB-NIR,quantile,0.35,1.171871522591021
2026-08-12,ILI incidence,2026-08-16,2,GB-NIR,quantile,0.4,1.2413723820660623
2026-08-12,ILI incidence,2026-08-16,2,GB-NIR,quantile,0.45,1.3107313883926848
2026-08-12,ILI incidence,2026-08-16,2,GB-NIR,quantile,0.5,1.3852321757981902
2026-08-12,ILI incidence,2026-08-16,2,GB-NIR,quantile,0.55,1.4741742422595756
2026-08-12,ILI incidence,2026-08-16,2,GB-NIR,quantile,0.6,1.560697278405523
2026-08-12,ILI incidence,2026-08-16,2,GB-NIR,quantile,0.65,1.6690643400109446
2026-08-12,ILI incidence,2026-08-16,2,GB-NIR,quantile,0.7,1.7882337383572096
2026-08-12,ILI incidence,2026-08-16,2,GB-NIR,quantile,0.75,1.9104917695657688
2026-08-12,ILI incidence,2026-08-16,2,GB-NIR,quantile,0.8,2.0195654023194756
2026-08-12,ILI incidence,2026-08-16,2,GB-NIR,quantile,0.85,2.193910514743382
2026-08-12,ILI incidence,2026-08-16,2,GB-NIR,quantile,0.9,2.4388519354689175
2026-08-12,ILI incidence,2026-08-16,2,GB-NIR,quantile,0.95,2.846516356604365
2026-08-12,ILI incidence,2026-08-16,2,GB-NIR,quantile,0.975,3.2390424428856837
2026-08-12,ILI incidence,2026-08-16,2,GB-NIR,quantile,0.99,3.746074986791533
2026-08-12,ILI incidence,2026-08-23,3,GB-NIR,quantile,0.01,0.24652553909958275
2026-08-12,ILI incidence,2026-08-23,3,GB-NIR,quantile,0.025,0.38146866482973785
2026-08-12,ILI incidence,2026-08-23,3,GB-NIR,quantile,0.05,0.5163847514505844
2026-08-12,ILI incidence,2026-08-23,3,GB-NIR,quantile,0.1,0.7059704636540451
2026-08-12,ILI incidence,2026-08-23,3,GB-NIR,quantile,0.15,0.8333273075776947
2026-08-12,ILI incidence,2026-08-23,3,GB-NIR,quantile,0.2,0.933318845926677
2026-08-12,ILI incidence,2026-08-23,3,GB-NIR,quantile,0.25,1.0234379648211125
2026-08-12,ILI incidence,2026-08-23,3,GB-NIR,quantile,0.3,1.107942216376785
2026-08-12,ILI incidence,2026-08-23,3,GB-NIR,quantile,0.35,1.201522228896891
2026-08-12,ILI incidence,2026-08-23,3,GB-NIR,quantile,0.4,1.299936297710025
2026-08-12,ILI incidence,2026-08-23,3,GB-NIR,quantile,0.45,1.3879273002653436
2026-08-12,ILI incidence,2026-08-23,3,GB-NIR,quantile,0.5,1.4767006907389584
2026-08-12,ILI incidence,2026-08-23,3,GB-NIR,quantile,0.55,1.5751755933434022
2026-08-12,ILI incidence,2026-08-23,3,GB-NIR,quantile,0.6,1.679248316144593
2026-08-12,ILI incidence,2026-08-23,3,GB-NIR,quantile,0.65,1.7912379157802216
2026-08-12,ILI incidence,2026-08-23,3,GB-NIR,quantile,0.7,1.9143277834833934
2026-08-12,ILI incidence,2026-08-23,3,GB-NIR,quantile,0.75,2.0562828969866453
2026-08-12,ILI incidence,2026-08-23,3,GB-NIR,quantile,0.8,2.2157704453029496
2026-08-12,ILI incidence,2026-08-23,3,GB-NIR,quantile,0.85,2.407425075034158
2026-08-12,ILI incidence,2026-08-23,3,GB-NIR,quantile,0.9,2.630439298221003
2026-08-12,ILI incidence,2026-08-23,3,GB-NIR,quantile,0.95,3.1127042671316856
2026-08-12,ILI incidence,2026-08-23,3,GB-NIR,quantile,0.975,3.5497316490439994
2026-08-12,ILI incidence,2026-08-23,3,GB-NIR,quantile,0.99,4.097501240680452
2026-08-12,ILI incidence,2026-08-30,4,GB-NIR,quantile,0.01,0.28479334908347065
2026-08-12,ILI incidence,2026-08-30,4,GB-NIR,quantile,0.025,0.422698163676573
2026-08-12,ILI incidence,2026-08-30,4,GB-NIR,quantile,0.05,0.5760202023020842
2026-08-12,ILI incidence,2026-08-30,4,GB-NIR,quantile,0.1,0.7909696534990573
2026-08-12,ILI incidence,2026-08-30,4,GB-NIR,quantile,0.15,0.937878293932808
2026-08-12,ILI incidence,2026-08-30,4,GB-NIR,quantile,0.2,1.0267237832596965
2026-08-12,ILI incidence,2026-08-30,4,GB-NIR,quantile,0.25,1.1178575039614285
2026-08-12,ILI incidence,2026-08-30,4,GB-NIR,quantile,0.3,1.2274201140674799
2026-08-12,ILI incidence,2026-08-30,4,GB-NIR,quantile,0.35,1.3132827967610423
2026-08-12,ILI incidence,2026-08-30,4,GB-NIR,quantile,0.4,1.3978165678038161
2026-08-12,ILI incidence,2026-08-30,4,GB-NIR,quantile,0.45,1.482543005709866
2026-08-12,ILI incidence,2026-08-30,4,GB-NIR,quantile,0.5,1.5688485691843568
2026-08-12,ILI incidence,2026-08-30,4,GB-NIR,quantile,0.55,1.6739016781940554
2026-08-12,ILI incidence,2026-08-30,4,GB-NIR,quantile,0.6,1.7948206985045398
2026-08-12,ILI incidence,2026-08-30,4,GB-NIR,quantile,0.65,1.8994095239531308
2026-08-12,ILI incidence,2026-08-30,4,GB-NIR,quantile,0.7,2.0326028711638724
2026-08-12,ILI incidence,2026-08-30,4,GB-NIR,quantile,0.75,2.177108056711388
2026-08-12,ILI incidence,2026-08-30,4,GB-NIR,quantile,0.8,2.349580338287392
2026-08-12,ILI incidence,2026-08-30,4,GB-NIR,quantile,0.85,2.5624701381497244
2026-08-12,ILI incidence,2026-08-30,4,GB-NIR,quantile,0.9,2.836101902261045
2026-08-12,ILI incidence,2026-08-30,4,GB-NIR,quantile,0.95,3.2385865638200637
2026-08-12,ILI incidence,2026-08-30,4,GB-NIR,quantile,0.975,3.7282468600598273
2026-08-12,ILI incidence,2026-08-30,4,GB-NIR,quantile,0.99,4.35726828968932
2026-08-12,ILI incidence,2026-08-09,1,GB-WLS,quantile,0.01,0.0
2026-08-12,ILI incidence,2026-08-09,1,GB-WLS,quantile,0.025,0.0
2026-08-12,ILI incidence,2026-08-09,1,GB-WLS,quantile,0.05,0.0
2026-08-12,ILI incidence,2026-08-09,1,GB-WLS,quantile,0.1,0.0
2026-08-12,ILI incidence,2026-08-09,1,GB-WLS,quantile,0.15,0.018042685105566975
2026-08-12,ILI incidence,2026-08-09,1,GB-WLS,quantile,0.2,0.11038832562325791
2026-08-12,ILI incidence,2026-08-09,1,GB-WLS,quantile,0.25,0.18803662668260251
2026-08-12,ILI incidence,2026-08-09,1,GB-WLS,quantile,0.3,0.2623839840051107
2026-08-12,ILI incidence,2026-08-09,1,GB-WLS,quantile,0.35,0.33508888019833455
2026-08-12,ILI incidence,2026-08-09,1,GB-WLS,quantile,0.4,0.4076330629340835
2026-08-12,ILI incidence,2026-08-09,1,GB-WLS,quantile,0.45,0.4815700114792995
2026-08-12,ILI incidence,2026-08-09,1,GB-WLS,quantile,0.5,0.5581253995222202
2026-08-12,ILI incidence,2026-08-09,1,GB-WLS,quantile,0.55,0.6228905433766667
2026-08-12,ILI incidence,2026-08-09,1,GB-WLS,quantile,0.6,0.6994865840923508
2026-08-12,ILI incidence,2026-08-09,1,GB-WLS,quantile,0.65,0.7773333165393499
2026-08-12,ILI incidence,2026-08-09,1,GB-WLS,quantile,0.7,0.8632342339040332
2026-08-12,ILI incidence,2026-08-09,1,GB-WLS,quantile,0.75,0.9605983755041593
2026-08-12,ILI incidence,2026-08-09,1,GB-WLS,quantile,0.8,1.0750168379519542
2026-08-12,ILI incidence,2026-08-09,1,GB-WLS,quantile,0.85,1.2168401560655329
2026-08-12,ILI incidence,2026-08-09,1,GB-WLS,quantile,0.9,1.4362593270615425
2026-08-12,ILI incidence,2026-08-09,1,GB-WLS,quantile,0.95,1.8236190208326477
2026-08-12,ILI incidence,2026-08-09,1,GB-WLS,quantile,0.975,2.209136451107934
2026-08-12,ILI incidence,2026-08-09,1,GB-WLS,quantile,0.99,2.7162044144692423
2026-08-12,ILI incidence,2026-08-16,2,GB-WLS,quantile,0.01,0.0
2026-08-12,ILI incidence,2026-08-16,2,GB-WLS,quantile,0.025,0.0
2026-08-12,ILI incidence,2026-08-16,2,GB-WLS,quantile,0.05,0.0
2026-08-12,ILI incidence,2026-08-16,2,GB-WLS,quantile,0.1,0.0
2026-08-12,ILI incidence,2026-08-16,2,GB-WLS,quantile,0.15,0.016152515905254506
2026-08-12,ILI incidence,2026-08-16,2,GB-WLS,quantile,0.2,0.10604145769327036
2026-08-12,ILI incidence,2026-08-16,2,GB-WLS,quantile,0.25,0.18567295035973524
2026-08-12,ILI incidence,2026-08-16,2,GB-WLS,quantile,0.3,0.2620588709834854
2026-08-12,ILI incidence,2026-08-16,2,GB-WLS,quantile,0.35,0.3372278898561721
2026-08-12,ILI incidence,2026-08-16,2,GB-WLS,quantile,0.4,0.4126916052864063
2026-08-12,ILI incidence,2026-08-16,2,GB-WLS,quantile,0.45,0.48975453425343485
2026-08-12,ILI incidence,2026-08-16,2,GB-WLS,quantile,0.5,0.5696988614818937
2026-08-12,ILI incidence,2026-08-16,2,GB-WLS,quantile,0.55,0.6539332212687795
2026-08-12,ILI incidence,2026-08-16,2,GB-WLS,quantile,0.6,0.7444127376510643
2026-08-12,ILI incidence,2026-08-16,2,GB-WLS,quantile,0.65,0.8464497976331654
2026-08-12,ILI incidence,2026-08-16,2,GB-WLS,quantile,0.7,0.9604474543826056
2026-08-12,ILI incidence,2026-08-16,2,GB-WLS,quantile,0.75,1.080976904365885
2026-08-12,ILI incidence,2026-08-16,2,GB-WLS,quantile,0.8,1.2277234714838894
2026-08-12,ILI incidence,2026-08-16,2,GB-WLS,quantile,0.85,1.4157695325231388
2026-08-12,ILI incidence,2026-08-16,2,GB-WLS,quantile,0.9,1.6750867088219612
2026-08-12,ILI incidence,2026-08-16,2,GB-WLS,quantile,0.95,2.1115085416474293
2026-08-12,ILI incidence,2026-08-16,2,GB-WLS,quantile,0.975,2.547300279511358
2026-08-12,ILI incidence,2026-08-16,2,GB-WLS,quantile,0.99,3.131310544988121
2026-08-12,ILI incidence,2026-08-23,3,GB-WLS,quantile,0.01,0.0
2026-08-12,ILI incidence,2026-08-23,3,GB-WLS,quantile,0.025,0.0
2026-08-12,ILI incidence,2026-08-23,3,GB-WLS,quantile,0.05,0.0
2026-08-12,ILI incidence,2026-08-23,3,GB-WLS,quantile,0.1,0.009439256849475653
2026-08-12,ILI incidence,2026-08-23,3,GB-WLS,quantile,0.15,0.11939114382966791
2026-08-12,ILI incidence,2026-08-23,3,GB-WLS,quantile,0.2,0.22065768666521973
2026-08-12,ILI incidence,2026-08-23,3,GB-WLS,quantile,0.25,0.3105453671933517
2026-08-12,ILI incidence,2026-08-23,3,GB-WLS,quantile,0.3,0.3968946345024955
2026-08-12,ILI incidence,2026-08-23,3,GB-WLS,quantile,0.35,0.4731779133493813
2026-08-12,ILI incidence,2026-08-23,3,GB-WLS,quantile,0.4,0.5575090535359639
2026-08-12,ILI incidence,2026-08-23,3,GB-WLS,quantile,0.45,0.6415512188703121
2026-08-12,ILI incidence,2026-08-23,3,GB-WLS,quantile,0.5,0.7196184596322819
2026-08-12,ILI incidence,2026-08-23,3,GB-WLS,quantile,0.55,0.8129360995775445
2026-08-12,ILI incidence,2026-08-23,3,GB-WLS,quantile,0.6,0.9149649742882399
2026-08-12,ILI incidence,2026-08-23,3,GB-WLS,quantile,0.65,1.026458128263732
2026-08-12,ILI incidence,2026-08-23,3,GB-WLS,quantile,0.7,1.1509874648047
2026-08-12,ILI incidence,2026-08-23,3,GB-WLS,quantile,0.75,1.29397307441363
2026-08-12,ILI incidence,2026-08-23,3,GB-WLS,quantile,0.8,1.4644071072795972
2026-08-12,ILI incidence,2026-08-23,3,GB-WLS,quantile,0.85,1.6791154879116936
2026-08-12,ILI incidence,2026-08-23,3,GB-WLS,quantile,0.9,1.975768443352963
2026-08-12,ILI incidence,2026-08-23,3,GB-WLS,quantile,0.95,2.4685677531670773
2026-08-12,ILI incidence,2026-08-23,3,GB-WLS,quantile,0.975,2.961624342000696
2026-08-12,ILI incidence,2026-08-23,3,GB-WLS,quantile,0.99,3.6236918313585633
2026-08-12,ILI incidence,2026-08-30,4,GB-WLS,quantile,0.01,0.0
2026-08-12,ILI incidence,2026-08-30,4,GB-WLS,quantile,0.025,0.0
2026-08-12,ILI incidence,2026-08-30,4,GB-WLS,quantile,0.05,0.0
2026-08-12,ILI incidence,2026-08-30,4,GB-WLS,quantile,0.1,0.05711618082459539
2026-08-12,ILI incidence,2026-08-30,4,GB-WLS,quantile,0.15,0.1703886763532931
2026-08-12,ILI incidence,2026-08-30,4,GB-WLS,quantile,0.2,0.2763614244509103
2026-08-12,ILI incidence,2026-08-30,4,GB-WLS,quantile,0.25,0.3632558781580291
2026-08-12,ILI incidence,2026-08-30,4,GB-WLS,quantile,0.3,0.43988252655929183
2026-08-12,ILI incidence,2026-08-30,4,GB-WLS,quantile,0.35,0.5284235721200872
2026-08-12,ILI incidence,2026-08-30,4,GB-WLS,quantile,0.4,0.617469530107862
2026-08-12,ILI incidence,2026-08-30,4,GB-WLS,quantile,0.45,0.7023283696375016
2026-08-12,ILI incidence,2026-08-30,4,GB-WLS,quantile,0.5,0.7864657083733894
2026-08-12,ILI incidence,2026-08-30,4,GB-WLS,quantile,0.55,0.8848912574614738
2026-08-12,ILI incidence,2026-08-30,4,GB-WLS,quantile,0.6,0.9904585807390454
2026-08-12,ILI incidence,2026-08-30,4,GB-WLS,quantile,0.65,1.1057882945536546
2026-08-12,ILI incidence,2026-08-30,4,GB-WLS,quantile,0.7,1.2345676620055235
2026-08-12,ILI incidence,2026-08-30,4,GB-WLS,quantile,0.75,1.382390180179514
2026-08-12,ILI incidence,2026-08-30,4,GB-WLS,quantile,0.8,1.5585333960195351
2026-08-12,ILI incidence,2026-08-30,4,GB-WLS,quantile,0.85,1.7803531723728359
2026-08-12,ILI incidence,2026-08-30,4,GB-WLS,quantile,0.9,2.086975449934165
2026-08-12,ILI incidence,2026-08-30,4,GB-WLS,quantile,0.95,2.6047241598492956
2026-08-12,ILI incidence,2026-08-30,4,GB-WLS,quantile,0.975,3.1236182905517236
2026-08-12,ILI incidence,2026-08-30,4,GB-WLS,quantile,0.99,3.767657546479782
2026-08-12,ILI incidence,2026-08-09,1,GR,quantile,0.01,128.5229106809799
2026-08-12,ILI incidence,2026-08-09,1,GR,quantile,0.025,140.75106284343542
2026-08-12,ILI incidence,2026-08-09,1,GR,quantile,0.05,152.83843476684837
2026-08-12,ILI incidence,2026-08-09,1,GR,quantile,0.1,167.6152609039921
2026-08-12,ILI incidence,2026-08-09,1,GR,quantile,0.15,178.3789006077328
2026-08-12,ILI incidence,2026-08-09,1,GR,quantile,0.2,187.4214501693462
2026-08-12,ILI incidence,2026-08-09,1,GR,quantile,0.25,195.13687316823024
2026-08-12,ILI incidence,2026-08-09,1,GR,quantile,0.3,202.16829761239407
2026-08-12,ILI incidence,2026-08-09,1,GR,quantile,0.35,208.9087818547028
2026-08-12,ILI incidence,2026-08-09,1,GR,quantile,0.4,215.5115060386119
2026-08-12,ILI incidence,2026-08-09,1,GR,quantile,0.45,223.0721028467991
2026-08-12,ILI incidence,2026-08-09,1,GR,quantile,0.5,231.35833371878763
2026-08-12,ILI incidence,2026-08-09,1,GR,quantile,0.55,238.6477185513035
2026-08-12,ILI incidence,2026-08-09,1,GR,quantile,0.6,245.49271861815743
2026-08-12,ILI incidence,2026-08-09,1,GR,quantile,0.65,253.8326432675528
2026-08-12,ILI incidence,2026-08-09,1,GR,quantile,0.7,263.70719857700595
2026-08-12,ILI incidence,2026-08-09,1,GR,quantile,0.75,274.0308837693214
2026-08-12,ILI incidence,2026-08-09,1,GR,quantile,0.8,285.3000792829785
2026-08-12,ILI incidence,2026-08-09,1,GR,quantile,0.85,299.0198038854956
2026-08-12,ILI incidence,2026-08-09,1,GR,quantile,0.9,316.5065714797146
2026-08-12,ILI incidence,2026-08-09,1,GR,quantile,0.95,343.63591419682837
2026-08-12,ILI incidence,2026-08-09,1,GR,quantile,0.975,372.0517957633216
2026-08-12,ILI incidence,2026-08-09,1,GR,quantile,0.99,408.02628270696306
2026-08-12,ILI incidence,2026-08-16,2,GR,quantile,0.01,112.45915112562287
2026-08-12,ILI incidence,2026-08-16,2,GR,quantile,0.025,126.38599481663465
2026-08-12,ILI incidence,2026-08-16,2,GR,quantile,0.05,139.38539381720136
2026-08-12,ILI incidence,2026-08-16,2,GR,quantile,0.1,156.58645798084808
2026-08-12,ILI incidence,2026-08-16,2,GR,quantile,0.15,169.40259357815847
2026-08-12,ILI incidence,2026-08-16,2,GR,quantile,0.2,180.32779951975468
2026-08-12,ILI incidence,2026-08-16,2,GR,quantile,0.25,190.14203500414985
2026-08-12,ILI incidence,2026-08-16,2,GR,quantile,0.3,199.17777520065053
2026-08-12,ILI incidence,2026-08-16,2,GR,quantile,0.35,208.2041247537653
2026-08-12,ILI incidence,2026-08-16,2,GR,quantile,0.4,217.4631037640377
2026-08-12,ILI incidence,2026-08-16,2,GR,quantile,0.45,226.8111195365561
2026-08-12,ILI incidence,2026-08-16,2,GR,quantile,0.5,235.1020029748041
2026-08-12,ILI incidence,2026-08-16,2,GR,quantile,0.55,243.5105513816411
2026-08-12,ILI incidence,2026-08-16,2,GR,quantile,0.6,253.3386961188193
2026-08-12,ILI incidence,2026-08-16,2,GR,quantile,0.65,264.9194329329824
2026-08-12,ILI incidence,2026-08-16,2,GR,quantile,0.7,277.3878602440844
2026-08-12,ILI incidence,2026-08-16,2,GR,quantile,0.75,290.78824641097447
2026-08-12,ILI incidence,2026-08-16,2,GR,quantile,0.8,305.5673445287494
2026-08-12,ILI incidence,2026-08-16,2,GR,quantile,0.85,323.7415999483921
2026-08-12,ILI incidence,2026-08-16,2,GR,quantile,0.9,352.72540040284576
2026-08-12,ILI incidence,2026-08-16,2,GR,quantile,0.95,399.7991252834916
2026-08-12,ILI incidence,2026-08-16,2,GR,quantile,0.975,442.18025021059634
2026-08-12,ILI incidence,2026-08-16,2,GR,quantile,0.99,497.1236722052645
2026-08-12,ILI incidence,2026-08-23,3,GR,quantile,0.01,109.3332601925053
2026-08-12,ILI incidence,2026-08-23,3,GR,quantile,0.025,123.54301801941871
2026-08-12,ILI incidence,2026-08-23,3,GR,quantile,0.05,137.94945853684231
2026-08-12,ILI incidence,2026-08-23,3,GR,quantile,0.1,156.63930835398983
2026-08-12,ILI incidence,2026-08-23,3,GR,quantile,0.15,170.4445988611585
2026-08-12,ILI incidence,2026-08-23,3,GR,quantile,0.2,182.475947370121
2026-08-12,ILI incidence,2026-08-23,3,GR,quantile,0.25,192.7959808973968
2026-08-12,ILI incidence,2026-08-23,3,GR,quantile,0.3,202.5574650157268
2026-08-12,ILI incidence,2026-08-23,3,GR,quantile,0.35,212.08159534810528
2026-08-12,ILI incidence,2026-08-23,3,GR,quantile,0.4,221.58631684246572
2026-08-12,ILI incidence,2026-08-23,3,GR,quantile,0.45,231.26550379061925
2026-08-12,ILI incidence,2026-08-23,3,GR,quantile,0.5,241.05368743908977
2026-08-12,ILI incidence,2026-08-23,3,GR,quantile,0.55,250.8969665076675
2026-08-12,ILI incidence,2026-08-23,3,GR,quantile,0.6,262.3738791664515
2026-08-12,ILI incidence,2026-08-23,3,GR,quantile,0.65,274.40022026519347
2026-08-12,ILI incidence,2026-08-23,3,GR,quantile,0.7,287.46969135952236
2026-08-12,ILI incidence,2026-08-23,3,GR,quantile,0.75,302.2703825368958
2026-08-12,ILI incidence,2026-08-23,3,GR,quantile,0.8,319.64699342085083
2026-08-12,ILI incidence,2026-08-23,3,GR,quantile,0.85,341.1621234134558
2026-08-12,ILI incidence,2026-08-23,3,GR,quantile,0.9,371.607656375465
2026-08-12,ILI incidence,2026-08-23,3,GR,quantile,0.95,423.7395123491058
2026-08-12,ILI incidence,2026-08-23,3,GR,quantile,0.975,474.8276548144106
2026-08-12,ILI incidence,2026-08-23,3,GR,quantile,0.99,541.8995898481323
2026-08-12,ILI incidence,2026-08-30,4,GR,quantile,0.01,112.70414867275584
2026-08-12,ILI incidence,2026-08-30,4,GR,quantile,0.025,127.29398488020834
2026-08-12,ILI incidence,2026-08-30,4,GR,quantile,0.05,142.13766870530986
2026-08-12,ILI incidence,2026-08-30,4,GR,quantile,0.1,161.05269341615323
2026-08-12,ILI incidence,2026-08-30,4,GR,quantile,0.15,175.09937240586618
2026-08-12,ILI incidence,2026-08-30,4,GR,quantile,0.2,187.12658818024858
2026-08-12,ILI incidence,2026-08-30,4,GR,quantile,0.25,198.42653265029622
2026-08-12,ILI incidence,2026-08-30,4,GR,quantile,0.3,208.49379218991442
2026-08-12,ILI incidence,2026-08-30,4,GR,quantile,0.35,218.2693447525896
2026-08-12,ILI incidence,2026-08-30,4,GR,quantile,0.4,227.97011883457023
2026-08-12,ILI incidence,2026-08-30,4,GR,quantile,0.45,238.34723381439517
2026-08-12,ILI incidence,2026-08-30,4,GR,quantile,0.5,248.73588866241442
2026-08-12,ILI incidence,2026-08-30,4,GR,quantile,0.55,259.4228819203247
2026-08-12,ILI incidence,2026-08-30,4,GR,quantile,0.6,270.7505908178827
2026-08-12,ILI incidence,2026-08-30,4,GR,quantile,0.65,282.9767479126589
2026-08-12,ILI incidence,2026-08-30,4,GR,quantile,0.7,296.45703887563997
2026-08-12,ILI incidence,2026-08-30,4,GR,quantile,0.75,311.72317170078264
2026-08-12,ILI incidence,2026-08-30,4,GR,quantile,0.8,329.64649196936824
2026-08-12,ILI incidence,2026-08-30,4,GR,quantile,0.85,353.4087803101682
2026-08-12,ILI incidence,2026-08-30,4,GR,quantile,0.9,383.9744272721771
2026-08-12,ILI incidence,2026-08-30,4,GR,quantile,0.95,436.35150544764093
2026-08-12,ILI incidence,2026-08-30,4,GR,quantile,0.975,485.49001555053775
2026-08-12,ILI incidence,2026-08-30,4,GR,quantile,0.99,553.8459670333698
2026-08-12,ILI incidence,2026-08-09,1,HR,quantile,0.01,0.0
2026-08-12,ILI incidence,2026-08-09,1,HR,quantile,0.025,0.0
2026-08-12,ILI incidence,2026-08-09,1,HR,quantile,0.05,0.0
2026-08-12,ILI incidence,2026-08-09,1,HR,quantile,0.1,0.0
2026-08-12,ILI incidence,2026-08-09,1,HR,quantile,0.15,0.0
2026-08-12,ILI incidence,2026-08-09,1,HR,quantile,0.2,0.0
2026-08-12,ILI incidence,2026-08-09,1,HR,quantile,0.25,0.0
2026-08-12,ILI incidence,2026-08-09,1,HR,quantile,0.3,0.0
2026-08-12,ILI incidence,2026-08-09,1,HR,quantile,0.35,0.01388998444402712
2026-08-12,ILI incidence,2026-08-09,1,HR,quantile,0.4,0.05615194779561932
2026-08-12,ILI incidence,2026-08-09,1,HR,quantile,0.45,0.0827597421199242
2026-08-12,ILI incidence,2026-08-09,1,HR,quantile,0.5,0.11774972312421281
2026-08-12,ILI incidence,2026-08-09,1,HR,quantile,0.55,0.15387042475197366
2026-08-12,ILI incidence,2026-08-09,1,HR,quantile,0.6,0.19176885708979402
2026-08-12,ILI incidence,2026-08-09,1,HR,quantile,0.65,0.2244542189513254
2026-08-12,ILI incidence,2026-08-09,1,HR,quantile,0.7,0.2481379521277028
2026-08-12,ILI incidence,2026-08-09,1,HR,quantile,0.75,0.2753119859322983
2026-08-12,ILI incidence,2026-08-09,1,HR,quantile,0.8,0.32911321398156673
2026-08-12,ILI incidence,2026-08-09,1,HR,quantile,0.85,0.3829995765720035
2026-08-12,ILI incidence,2026-08-09,1,HR,quantile,0.9,0.4444727104895122
2026-08-12,ILI incidence,2026-08-09,1,HR,quantile,0.95,0.5496524167067037
2026-08-12,ILI incidence,2026-08-09,1,HR,quantile,0.975,0.643711809549679
2026-08-12,ILI incidence,2026-08-09,1,HR,quantile,0.99,0.7644913631407926
2026-08-12,ILI incidence,2026-08-16,2,HR,quantile,0.01,0.0
2026-08-12,ILI incidence,2026-08-16,2,HR,quantile,0.025,0.0
2026-08-12,ILI incidence,2026-08-16,2,HR,quantile,0.05,0.0
2026-08-12,ILI incidence,2026-08-16,2,HR,quantile,0.1,0.0
2026-08-12,ILI incidence,2026-08-16,2,HR,quantile,0.15,0.0
2026-08-12,ILI incidence,2026-08-16,2,HR,quantile,0.2,0.0
2026-08-12,ILI incidence,2026-08-16,2,HR,quantile,0.25,0.0
2026-08-12,ILI incidence,2026-08-16,2,HR,quantile,0.3,0.023783393598211324
2026-08-12,ILI incidence,2026-08-16,2,HR,quantile,0.35,0.05368082338142295
2026-08-12,ILI incidence,2026-08-16,2,HR,quantile,0.4,0.0916126188874603
2026-08-12,ILI incidence,2026-08-16,2,HR,quantile,0.45,0.133355268661228
2026-08-12,ILI incidence,2026-08-16,2,HR,quantile,0.5,0.16315392469043677
2026-08-12,ILI incidence,2026-08-16,2,HR,quantile,0.55,0.19634442370112098
2026-08-12,ILI incidence,2026-08-16,2,HR,quantile,0.6,0.22563460283611025
2026-08-12,ILI incidence,2026-08-16,2,HR,quantile,0.65,0.2595003396394553
2026-08-12,ILI incidence,2026-08-16,2,HR,quantile,0.7,0.29018815568587525
2026-08-12,ILI incidence,2026-08-16,2,HR,quantile,0.75,0.3186039499853984
2026-08-12,ILI incidence,2026-08-16,2,HR,quantile,0.8,0.3509833691549932
2026-08-12,ILI incidence,2026-08-16,2,HR,quantile,0.85,0.38973042919008805
2026-08-12,ILI incidence,2026-08-16,2,HR,quantile,0.9,0.4565832351093799
2026-08-12,ILI incidence,2026-08-16,2,HR,quantile,0.95,0.5685209863244061
2026-08-12,ILI incidence,2026-08-16,2,HR,quantile,0.975,0.6725535218105891
2026-08-12,ILI incidence,2026-08-16,2,HR,quantile,0.99,0.8022200474617572
2026-08-12,ILI incidence,2026-08-23,3,HR,quantile,0.01,0.0
2026-08-12,ILI incidence,2026-08-23,3,HR,quantile,0.025,0.0
2026-08-12,ILI incidence,2026-08-23,3,HR,quantile,0.05,0.0
2026-08-12,ILI incidence,2026-08-23,3,HR,quantile,0.1,0.0
2026-08-12,ILI incidence,2026-08-23,3,HR,quantile,0.15,0.0
2026-08-12,ILI incidence,2026-08-23,3,HR,quantile,0.2,0.038447534997064846
2026-08-12,ILI incidence,2026-08-23,3,HR,quantile,0.25,0.08534709353284888
2026-08-12,ILI incidence,2026-08-23,3,HR,quantile,0.3,0.11008121884843967
2026-08-12,ILI incidence,2026-08-23,3,HR,quantile,0.35,0.14273997211229678
2026-08-12,ILI incidence,2026-08-23,3,HR,quantile,0.4,0.17846442305613716
2026-08-12,ILI incidence,2026-08-23,3,HR,quantile,0.45,0.20061624019960184
2026-08-12,ILI incidence,2026-08-23,3,HR,quantile,0.5,0.23003018142687703
2026-08-12,ILI incidence,2026-08-23,3,HR,quantile,0.55,0.26634914532371573
2026-08-12,ILI incidence,2026-08-23,3,HR,quantile,0.6,0.3043518215559723
2026-08-12,ILI incidence,2026-08-23,3,HR,quantile,0.65,0.34482953597668387
2026-08-12,ILI incidence,2026-08-23,3,HR,quantile,0.7,0.38884712391950016
2026-08-12,ILI incidence,2026-08-23,3,HR,quantile,0.75,0.43796672754424165
2026-08-12,ILI incidence,2026-08-23,3,HR,quantile,0.8,0.49145722108016926
2026-08-12,ILI incidence,2026-08-23,3,HR,quantile,0.85,0.5251798653849774
2026-08-12,ILI incidence,2026-08-23,3,HR,quantile,0.9,0.5686960043796034
2026-08-12,ILI incidence,2026-08-23,3,HR,quantile,0.95,0.6668760318978115
2026-08-12,ILI incidence,2026-08-23,3,HR,quantile,0.975,0.7793254416676099
2026-08-12,ILI incidence,2026-08-23,3,HR,quantile,0.99,0.9196445334876078
2026-08-12,ILI incidence,2026-08-30,4,HR,quantile,0.01,0.0
2026-08-12,ILI incidence,2026-08-30,4,HR,quantile,0.025,0.0
2026-08-12,ILI incidence,2026-08-30,4,HR,quantile,0.05,0.0
2026-08-12,ILI incidence,2026-08-30,4,HR,quantile,0.1,0.0
2026-08-12,ILI incidence,2026-08-30,4,HR,quantile,0.15,0.05312101168593295
2026-08-12,ILI incidence,2026-08-30,4,HR,quantile,0.2,0.10219362753216052
2026-08-12,ILI incidence,2026-08-30,4,HR,quantile,0.25,0.1461119658602912
2026-08-12,ILI incidence,2026-08-30,4,HR,quantile,0.3,0.19250889055973566
2026-08-12,ILI incidence,2026-08-30,4,HR,quantile,0.35,0.23000335559716417
2026-08-12,ILI incidence,2026-08-30,4,HR,quantile,0.4,0.25440081058462943
2026-08-12,ILI incidence,2026-08-30,4,HR,quantile,0.45,0.29385198784122085
2026-08-12,ILI incidence,2026-08-30,4,HR,quantile,0.5,0.33903452409308554
2026-08-12,ILI incidence,2026-08-30,4,HR,quantile,0.55,0.372902268938006
2026-08-12,ILI incidence,2026-08-30,4,HR,quantile,0.6,0.40819315940514694
2026-08-12,ILI incidence,2026-08-30,4,HR,quantile,0.65,0.45111504800575336
2026-08-12,ILI incidence,2026-08-30,4,HR,quantile,0.7,0.4986535739384587
2026-08-12,ILI incidence,2026-08-30,4,HR,quantile,0.75,0.5517037726962483
2026-08-12,ILI incidence,2026-08-30,4,HR,quantile,0.8,0.6080327608400059
2026-08-12,ILI incidence,2026-08-30,4,HR,quantile,0.85,0.6663034770912144
2026-08-12,ILI incidence,2026-08-30,4,HR,quantile,0.9,0.7275199231121904
2026-08-12,ILI incidence,2026-08-30,4,HR,quantile,0.95,0.8568870960873534
2026-08-12,ILI incidence,2026-08-30,4,HR,quantile,0.975,0.9726059866741452
2026-08-12,ILI incidence,2026-08-30,4,HR,quantile,0.99,1.1091843122370073
2026-08-12,ILI incidence,2026-08-09,1,HU,quantile,0.01,11.868187530381782
2026-08-12,ILI incidence,2026-08-09,1,HU,quantile,0.025,13.581184421785538
2026-08-12,ILI incidence,2026-08-09,1,HU,quantile,0.05,15.326690746072487
2026-08-12,ILI incidence,2026-08-09,1,HU,quantile,0.1,17.5422042809646
2026-08-12,ILI incidence,2026-08-09,1,HU,quantile,0.15,19.26840697268714
2026-08-12,ILI incidence,2026-08-09,1,HU,quantile,0.2,20.68310178601651
2026-08-12,ILI incidence,2026-08-09,1,HU,quantile,0.25,22.08454388003765
2026-08-12,ILI incidence,2026-08-09,1,HU,quantile,0.3,23.329101084922662
2026-08-12,ILI incidence,2026-08-09,1,HU,quantile,0.35,24.674879078219792
2026-08-12,ILI incidence,2026-08-09,1,HU,quantile,0.4,25.93532903275465
2026-08-12,ILI incidence,2026-08-09,1,HU,quantile,0.45,27.213694092346778
2026-08-12,ILI incidence,2026-08-09,1,HU,quantile,0.5,28.465234257518187
2026-08-12,ILI incidence,2026-08-09,1,HU,quantile,0.55,29.909838725263857
2026-08-12,ILI incidence,2026-08-09,1,HU,quantile,0.6,31.37683613138258
2026-08-12,ILI incidence,2026-08-09,1,HU,quantile,0.65,32.96630346657258
2026-08-12,ILI incidence,2026-08-09,1,HU,quantile,0.7,34.72588352452583
2026-08-12,ILI incidence,2026-08-09,1,HU,quantile,0.75,36.72714663456243
2026-08-12,ILI incidence,2026-08-09,1,HU,quantile,0.8,39.0281401468228
2026-08-12,ILI incidence,2026-08-09,1,HU,quantile,0.85,41.63531850252677
2026-08-12,ILI incidence,2026-08-09,1,HU,quantile,0.9,45.750193643439765
2026-08-12,ILI incidence,2026-08-09,1,HU,quantile,0.95,52.59077593087944
2026-08-12,ILI incidence,2026-08-09,1,HU,quantile,0.975,58.567166949630746
2026-08-12,ILI incidence,2026-08-09,1,HU,quantile,0.99,66.27127549853326
2026-08-12,ILI incidence,2026-08-16,2,HU,quantile,0.01,10.943879249826328
2026-08-12,ILI incidence,2026-08-16,2,HU,quantile,0.025,12.830943221879636
2026-08-12,ILI incidence,2026-08-16,2,HU,quantile,0.05,14.700172960536365
2026-08-12,ILI incidence,2026-08-16,2,HU,quantile,0.1,17.056000867781847
2026-08-12,ILI incidence,2026-08-16,2,HU,quantile,0.15,18.8420479389306
2026-08-12,ILI incidence,2026-08-16,2,HU,quantile,0.2,20.547370955269194
2026-08-12,ILI incidence,2026-08-16,2,HU,quantile,0.25,22.126727715573207
2026-08-12,ILI incidence,2026-08-16,2,HU,quantile,0.3,23.64096780751854
2026-08-12,ILI incidence,2026-08-16,2,HU,quantile,0.35,25.058913677450636
2026-08-12,ILI incidence,2026-08-16,2,HU,quantile,0.4,26.52782127964641
2026-08-12,ILI incidence,2026-08-16,2,HU,quantile,0.45,28.12350927162371
2026-08-12,ILI incidence,2026-08-16,2,HU,quantile,0.5,29.60019461878328
2026-08-12,ILI incidence,2026-08-16,2,HU,quantile,0.55,31.120402956133702
2026-08-12,ILI incidence,2026-08-16,2,HU,quantile,0.6,32.74248061893093
2026-08-12,ILI incidence,2026-08-16,2,HU,quantile,0.65,34.52992329827128
2026-08-12,ILI incidence,2026-08-16,2,HU,quantile,0.7,36.574465882528706
2026-08-12,ILI incidence,2026-08-16,2,HU,quantile,0.75,38.91303632416651
2026-08-12,ILI incidence,2026-08-16,2,HU,quantile,0.8,41.69204537526113
2026-08-12,ILI incidence,2026-08-16,2,HU,quantile,0.85,45.36698597087123
2026-08-12,ILI incidence,2026-08-16,2,HU,quantile,0.9,50.60140024046954
2026-08-12,ILI incidence,2026-08-16,2,HU,quantile,0.95,59.34799572008309
2026-08-12,ILI incidence,2026-08-16,2,HU,quantile,0.975,67.2721632186363
2026-08-12,ILI incidence,2026-08-16,2,HU,quantile,0.99,77.83413698950125
2026-08-12,ILI incidence,2026-08-23,3,HU,quantile,0.01,10.850064892125648
2026-08-12,ILI incidence,2026-08-23,3,HU,quantile,0.025,12.857284869026786
2026-08-12,ILI incidence,2026-08-23,3,HU,quantile,0.05,14.853504206044919
2026-08-12,ILI incidence,2026-08-23,3,HU,quantile,0.1,17.514460718969218
2026-08-12,ILI incidence,2026-08-23,3,HU,quantile,0.15,19.5730982622238
2026-08-12,ILI incidence,2026-08-23,3,HU,quantile,0.2,21.379082134302063
2026-08-12,ILI incidence,2026-08-23,3,HU,quantile,0.25,23.05428993105415
2026-08-12,ILI incidence,2026-08-23,3,HU,quantile,0.3,24.665282779157092
2026-08-12,ILI incidence,2026-08-23,3,HU,quantile,0.35,26.254265265003546
2026-08-12,ILI incidence,2026-08-23,3,HU,quantile,0.4,27.98685649805374
2026-08-12,ILI incidence,2026-08-23,3,HU,quantile,0.45,29.832068226699448
2026-08-12,ILI incidence,2026-08-23,3,HU,quantile,0.5,31.49185941532834
2026-08-12,ILI incidence,2026-08-23,3,HU,quantile,0.55,33.24100259843242
2026-08-12,ILI incidence,2026-08-23,3,HU,quantile,0.6,35.15099236175604
2026-08-12,ILI incidence,2026-08-23,3,HU,quantile,0.65,37.34372222540614
2026-08-12,ILI incidence,2026-08-23,3,HU,quantile,0.7,39.75264178577368
2026-08-12,ILI incidence,2026-08-23,3,HU,quantile,0.75,42.35627215648802
2026-08-12,ILI incidence,2026-08-23,3,HU,quantile,0.8,45.45175115768045
2026-08-12,ILI incidence,2026-08-23,3,HU,quantile,0.85,49.40083546478937
2026-08-12,ILI incidence,2026-08-23,3,HU,quantile,0.9,55.473559480676045
2026-08-12,ILI incidence,2026-08-23,3,HU,quantile,0.95,65.56390459703474
2026-08-12,ILI incidence,2026-08-23,3,HU,quantile,0.975,75.17764875255881
2026-08-12,ILI incidence,2026-08-23,3,HU,quantile,0.99,87.87256975897145
2026-08-12,ILI incidence,2026-08-30,4,HU,quantile,0.01,11.518546964625509
2026-08-12,ILI incidence,2026-08-30,4,HU,quantile,0.025,13.647058054483342
2026-08-12,ILI incidence,2026-08-30,4,HU,quantile,0.05,15.719549399898451
2026-08-12,ILI incidence,2026-08-30,4,HU,quantile,0.1,18.461069516569545
2026-08-12,ILI incidence,2026-08-30,4,HU,quantile,0.15,20.56043652268358
2026-08-12,ILI incidence,2026-08-30,4,HU,quantile,0.2,22.389312862820027
2026-08-12,ILI incidence,2026-08-30,4,HU,quantile,0.25,24.08147774549777
2026-08-12,ILI incidence,2026-08-30,4,HU,quantile,0.3,25.70517808921579
2026-08-12,ILI incidence,2026-08-30,4,HU,quantile,0.35,27.303463471235958
2026-08-12,ILI incidence,2026-08-30,4,HU,quantile,0.4,29.19842749223875
2026-08-12,ILI incidence,2026-08-30,4,HU,quantile,0.45,31.14966080155474
2026-08-12,ILI incidence,2026-08-30,4,HU,quantile,0.5,32.921661593188055
2026-08-12,ILI incidence,2026-08-30,4,HU,quantile,0.55,34.73178264791168
2026-08-12,ILI incidence,2026-08-30,4,HU,quantile,0.6,36.670030807700776
2026-08-12,ILI incidence,2026-08-30,4,HU,quantile,0.65,38.78392443021042
2026-08-12,ILI incidence,2026-08-30,4,HU,quantile,0.7,41.140154589901165
2026-08-12,ILI incidence,2026-08-30,4,HU,quantile,0.75,44.05791308153674
2026-08-12,ILI incidence,2026-08-30,4,HU,quantile,0.8,47.64477827478111
2026-08-12,ILI incidence,2026-08-30,4,HU,quantile,0.85,51.98370938042237
2026-08-12,ILI incidence,2026-08-30,4,HU,quantile,0.9,58.128890337390075
2026-08-12,ILI incidence,2026-08-30,4,HU,quantile,0.95,68.57210254871475
2026-08-12,ILI incidence,2026-08-30,4,HU,quantile,0.975,79.11259572629965
2026-08-12,ILI incidence,2026-08-30,4,HU,quantile,0.99,93.05380654470213
2026-08-12,ILI incidence,2026-08-09,1,IE,quantile,0.01,0.0
2026-08-12,ILI incidence,2026-08-09,1,IE,quantile,0.025,0.0
2026-08-12,ILI incidence,2026-08-09,1,IE,quantile,0.05,0.0
2026-08-12,ILI incidence,2026-08-09,1,IE,quantile,0.1,0.0
2026-08-12,ILI incidence,2026-08-09,1,IE,quantile,0.15,0.07733990311169434
2026-08-12,ILI incidence,2026-08-09,1,IE,quantile,0.2,0.1473785467274466
2026-08-12,ILI incidence,2026-08-09,1,IE,quantile,0.25,0.2094121187112766
2026-08-12,ILI incidence,2026-08-09,1,IE,quantile,0.3,0.27076411147758617
2026-08-12,ILI incidence,2026-08-09,1,IE,quantile,0.35,0.3299326355001698
2026-08-12,ILI incidence,2026-08-09,1,IE,quantile,0.4,0.3860735963157583
2026-08-12,ILI incidence,2026-08-09,1,IE,quantile,0.45,0.4445703653606477
2026-08-12,ILI incidence,2026-08-09,1,IE,quantile,0.5,0.5045495089038045
2026-08-12,ILI incidence,2026-08-09,1,IE,quantile,0.55,0.5670190106506424
2026-08-12,ILI incidence,2026-08-09,1,IE,quantile,0.6,0.6388477221974679
2026-08-12,ILI incidence,2026-08-09,1,IE,quantile,0.65,0.7207990080519566
2026-08-12,ILI incidence,2026-08-09,1,IE,quantile,0.7,0.8000374030189088
2026-08-12,ILI incidence,2026-08-09,1,IE,quantile,0.75,0.887122053179497
2026-08-12,ILI incidence,2026-08-09,1,IE,quantile,0.8,0.9913926378340723
2026-08-12,ILI incidence,2026-08-09,1,IE,quantile,0.85,1.122434559723381
2026-08-12,ILI incidence,2026-08-09,1,IE,quantile,0.9,1.303098632835435
2026-08-12,ILI incidence,2026-08-09,1,IE,quantile,0.95,1.5995406742306963
2026-08-12,ILI incidence,2026-08-09,1,IE,quantile,0.975,1.8828726122871282
2026-08-12,ILI incidence,2026-08-09,1,IE,quantile,0.99,2.2506286239974727
2026-08-12,ILI incidence,2026-08-16,2,IE,quantile,0.01,0.0
2026-08-12,ILI incidence,2026-08-16,2,IE,quantile,0.025,0.0
2026-08-12,ILI incidence,2026-08-16,2,IE,quantile,0.05,0.0
2026-08-12,ILI incidence,2026-08-16,2,IE,quantile,0.1,0.0
2026-08-12,ILI incidence,2026-08-16,2,IE,quantile,0.15,0.07030628267505822
2026-08-12,ILI incidence,2026-08-16,2,IE,quantile,0.2,0.15172665846316755
2026-08-12,ILI incidence,2026-08-16,2,IE,quantile,0.25,0.2230548058887538
2026-08-12,ILI incidence,2026-08-16,2,IE,quantile,0.3,0.29480818356805605
2026-08-12,ILI incidence,2026-08-16,2,IE,quantile,0.35,0.3651279863925746
2026-08-12,ILI incidence,2026-08-16,2,IE,quantile,0.4,0.43538265534266013
2026-08-12,ILI incidence,2026-08-16,2,IE,quantile,0.45,0.5053529176866851
2026-08-12,ILI incidence,2026-08-16,2,IE,quantile,0.5,0.5672811625913687
2026-08-12,ILI incidence,2026-08-16,2,IE,quantile,0.55,0.6467214917496102
2026-08-12,ILI incidence,2026-08-16,2,IE,quantile,0.6,0.7384452114882027
2026-08-12,ILI incidence,2026-08-16,2,IE,quantile,0.65,0.8299466596953934
2026-08-12,ILI incidence,2026-08-16,2,IE,quantile,0.7,0.9270401386227246
2026-08-12,ILI incidence,2026-08-16,2,IE,quantile,0.75,1.0399243641779674
2026-08-12,ILI incidence,2026-08-16,2,IE,quantile,0.8,1.164421737056527
2026-08-12,ILI incidence,2026-08-16,2,IE,quantile,0.85,1.333984342431068
2026-08-12,ILI incidence,2026-08-16,2,IE,quantile,0.9,1.5457400714433787
2026-08-12,ILI incidence,2026-08-16,2,IE,quantile,0.95,1.8791133795388713
2026-08-12,ILI incidence,2026-08-16,2,IE,quantile,0.975,2.240275159790704
2026-08-12,ILI incidence,2026-08-16,2,IE,quantile,0.99,2.717543973202509
2026-08-12,ILI incidence,2026-08-23,3,IE,quantile,0.01,0.0
2026-08-12,ILI incidence,2026-08-23,3,IE,quantile,0.025,0.0
2026-08-12,ILI incidence,2026-08-23,3,IE,quantile,0.05,0.0
2026-08-12,ILI incidence,2026-08-23,3,IE,quantile,0.1,0.040456406905661844
2026-08-12,ILI incidence,2026-08-23,3,IE,quantile,0.15,0.1437020279963267
2026-08-12,ILI incidence,2026-08-23,3,IE,quantile,0.2,0.22214824646901138
2026-08-12,ILI incidence,2026-08-23,3,IE,quantile,0.25,0.3090581591838545
2026-08-12,ILI incidence,2026-08-23,3,IE,quantile,0.3,0.3927142786713399
2026-08-12,ILI incidence,2026-08-23,3,IE,quantile,0.35,0.47363242776020553
2026-08-12,ILI incidence,2026-08-23,3,IE,quantile,0.4,0.5454555597720784
2026-08-12,ILI incidence,2026-08-23,3,IE,quantile,0.45,0.6182753654000132
2026-08-12,ILI incidence,2026-08-23,3,IE,quantile,0.5,0.6932898196114208
2026-08-12,ILI incidence,2026-08-23,3,IE,quantile,0.55,0.7717815363832979
2026-08-12,ILI incidence,2026-08-23,3,IE,quantile,0.6,0.8552655202990975
2026-08-12,ILI incidence,2026-08-23,3,IE,quantile,0.65,0.9483715050021899
2026-08-12,ILI incidence,2026-08-23,3,IE,quantile,0.7,1.0543000526578923
2026-08-12,ILI incidence,2026-08-23,3,IE,quantile,0.75,1.1629502291280254
2026-08-12,ILI incidence,2026-08-23,3,IE,quantile,0.8,1.3087670574232078
2026-08-12,ILI incidence,2026-08-23,3,IE,quantile,0.85,1.4782497450873713
2026-08-12,ILI incidence,2026-08-23,3,IE,quantile,0.9,1.7235565584728358
2026-08-12,ILI incidence,2026-08-23,3,IE,quantile,0.95,2.132698969364732
2026-08-12,ILI incidence,2026-08-23,3,IE,quantile,0.975,2.5415058909935926
2026-08-12,ILI incidence,2026-08-23,3,IE,quantile,0.99,3.0517394779387175
2026-08-12,ILI incidence,2026-08-30,4,IE,quantile,0.01,0.0
2026-08-12,ILI incidence,2026-08-30,4,IE,quantile,0.025,0.0
2026-08-12,ILI incidence,2026-08-30,4,IE,quantile,0.05,0.0
2026-08-12,ILI incidence,2026-08-30,4,IE,quantile,0.1,0.10218269345770607
2026-08-12,ILI incidence,2026-08-30,4,IE,quantile,0.15,0.20526711697073619
2026-08-12,ILI incidence,2026-08-30,4,IE,quantile,0.2,0.29176093245458956
2026-08-12,ILI incidence,2026-08-30,4,IE,quantile,0.25,0.37237648644507226
2026-08-12,ILI incidence,2026-08-30,4,IE,quantile,0.3,0.4591762015550594
2026-08-12,ILI incidence,2026-08-30,4,IE,quantile,0.35,0.5365192555953269
2026-08-12,ILI incidence,2026-08-30,4,IE,quantile,0.4,0.6135574197114357
2026-08-12,ILI incidence,2026-08-30,4,IE,quantile,0.45,0.6917671181126865
2026-08-12,ILI incidence,2026-08-30,4,IE,quantile,0.5,0.7724370690412018
2026-08-12,ILI incidence,2026-08-30,4,IE,quantile,0.55,0.8569536729239777
2026-08-12,ILI incidence,2026-08-30,4,IE,quantile,0.6,0.9469608737402041
2026-08-12,ILI incidence,2026-08-30,4,IE,quantile,0.65,1.0445778028952677
2026-08-12,ILI incidence,2026-08-30,4,IE,quantile,0.7,1.1527528128413738
2026-08-12,ILI incidence,2026-08-30,4,IE,quantile,0.75,1.2759203603456895
2026-08-12,ILI incidence,2026-08-30,4,IE,quantile,0.8,1.428855224341196
2026-08-12,ILI incidence,2026-08-30,4,IE,quantile,0.85,1.618104899218048
2026-08-12,ILI incidence,2026-08-30,4,IE,quantile,0.9,1.8524553001960984
2026-08-12,ILI incidence,2026-08-30,4,IE,quantile,0.95,2.284056409560842
2026-08-12,ILI incidence,2026-08-30,4,IE,quantile,0.975,2.7198342494807797
2026-08-12,ILI incidence,2026-08-30,4,IE,quantile,0.99,3.3019344572771216
2026-08-12,ILI incidence,2026-08-09,1,IS,quantile,0.01,0.0
2026-08-12,ILI incidence,2026-08-09,1,IS,quantile,0.025,0.0
2026-08-12,ILI incidence,2026-08-09,1,IS,quantile,0.05,0.0
2026-08-12,ILI incidence,2026-08-09,1,IS,quantile,0.1,0.0
2026-08-12,ILI incidence,2026-08-09,1,IS,quantile,0.15,0.0
2026-08-12,ILI incidence,2026-08-09,1,IS,quantile,0.2,0.0
2026-08-12,ILI incidence,2026-08-09,1,IS,quantile,0.25,0.0
2026-08-12,ILI incidence,2026-08-09,1,IS,quantile,0.3,0.0
2026-08-12,ILI incidence,2026-08-09,1,IS,quantile,0.35,0.0
2026-08-12,ILI incidence,2026-08-09,1,IS,quantile,0.4,0.0
2026-08-12,ILI incidence,2026-08-09,1,IS,quantile,0.45,0.0
2026-08-12,ILI incidence,2026-08-09,1,IS,quantile,0.5,0.03219579823384803
2026-08-12,ILI incidence,2026-08-09,1,IS,quantile,0.55,0.07871107657549993
2026-08-12,ILI incidence,2026-08-09,1,IS,quantile,0.6,0.12588253129973725
2026-08-12,ILI incidence,2026-08-09,1,IS,quantile,0.65,0.18582044977534806
2026-08-12,ILI incidence,2026-08-09,1,IS,quantile,0.7,0.2457293426003509
2026-08-12,ILI incidence,2026-08-09,1,IS,quantile,0.75,0.30668450353320165
2026-08-12,ILI incidence,2026-08-09,1,IS,quantile,0.8,0.38529894996314024
2026-08-12,ILI incidence,2026-08-09,1,IS,quantile,0.85,0.4894519909194821
2026-08-12,ILI incidence,2026-08-09,1,IS,quantile,0.9,0.6216368713869637
2026-08-12,ILI incidence,2026-08-09,1,IS,quantile,0.95,0.838102810365218
2026-08-12,ILI incidence,2026-08-09,1,IS,quantile,0.975,1.0491215817600774
2026-08-12,ILI incidence,2026-08-09,1,IS,quantile,0.99,1.3113670854179182
2026-08-12,ILI incidence,2026-08-16,2,IS,quantile,0.01,0.0
2026-08-12,ILI incidence,2026-08-16,2,IS,quantile,0.025,0.0
2026-08-12,ILI incidence,2026-08-16,2,IS,quantile,0.05,0.0
2026-08-12,ILI incidence,2026-08-16,2,IS,quantile,0.1,0.0
2026-08-12,ILI incidence,2026-08-16,2,IS,quantile,0.15,0.0
2026-08-12,ILI incidence,2026-08-16,2,IS,quantile,0.2,0.0
2026-08-12,ILI incidence,2026-08-16,2,IS,quantile,0.25,0.0
2026-08-12,ILI incidence,2026-08-16,2,IS,quantile,0.3,0.0
2026-08-12,ILI incidence,2026-08-16,2,IS,quantile,0.35,0.0
2026-08-12,ILI incidence,2026-08-16,2,IS,quantile,0.4,0.0
2026-08-12,ILI incidence,2026-08-16,2,IS,quantile,0.45,0.027731629358433287
2026-08-12,ILI incidence,2026-08-16,2,IS,quantile,0.5,0.07080619435968821
2026-08-12,ILI incidence,2026-08-16,2,IS,quantile,0.55,0.11768030394601746
2026-08-12,ILI incidence,2026-08-16,2,IS,quantile,0.6,0.16951365751624328
2026-08-12,ILI incidence,2026-08-16,2,IS,quantile,0.65,0.23088298611457547
2026-08-12,ILI incidence,2026-08-16,2,IS,quantile,0.7,0.27403181361610485
2026-08-12,ILI incidence,2026-08-16,2,IS,quantile,0.75,0.33174323626943136
2026-08-12,ILI incidence,2026-08-16,2,IS,quantile,0.8,0.37957300085541834
2026-08-12,ILI incidence,2026-08-16,2,IS,quantile,0.85,0.44633686353093055
2026-08-12,ILI incidence,2026-08-16,2,IS,quantile,0.9,0.5627762090180304
2026-08-12,ILI incidence,2026-08-16,2,IS,quantile,0.95,0.7731735639369037
2026-08-12,ILI incidence,2026-08-16,2,IS,quantile,0.975,0.9420465986611462
2026-08-12,ILI incidence,2026-08-16,2,IS,quantile,0.99,1.1568769530585963
2026-08-12,ILI incidence,2026-08-23,3,IS,quantile,0.01,0.0
2026-08-12,ILI incidence,2026-08-23,3,IS,quantile,0.025,0.0
2026-08-12,ILI incidence,2026-08-23,3,IS,quantile,0.05,0.0
2026-08-12,ILI incidence,2026-08-23,3,IS,quantile,0.1,0.0
2026-08-12,ILI incidence,2026-08-23,3,IS,quantile,0.15,0.0
2026-08-12,ILI incidence,2026-08-23,3,IS,quantile,0.2,0.0
2026-08-12,ILI incidence,2026-08-23,3,IS,quantile,0.25,0.0
2026-08-12,ILI incidence,2026-08-23,3,IS,quantile,0.3,0.0
2026-08-12,ILI incidence,2026-08-23,3,IS,quantile,0.35,0.0
2026-08-12,ILI incidence,2026-08-23,3,IS,quantile,0.4,0.03005527274575684
2026-08-12,ILI incidence,2026-08-23,3,IS,quantile,0.45,0.0841387778473859
2026-08-12,ILI incidence,2026-08-23,3,IS,quantile,0.5,0.1348644687700504
2026-08-12,ILI incidence,2026-08-23,3,IS,quantile,0.55,0.17087077887569524
2026-08-12,ILI incidence,2026-08-23,3,IS,quantile,0.6,0.20862749098638575
2026-08-12,ILI incidence,2026-08-23,3,IS,quantile,0.65,0.25974893891748896
2026-08-12,ILI incidence,2026-08-23,3,IS,quantile,0.7,0.31742162463451856
2026-08-12,ILI incidence,2026-08-23,3,IS,quantile,0.75,0.3826251525503435
2026-08-12,ILI incidence,2026-08-23,3,IS,quantile,0.8,0.43645271985777917
2026-08-12,ILI incidence,2026-08-23,3,IS,quantile,0.85,0.513074611201001
2026-08-12,ILI incidence,2026-08-23,3,IS,quantile,0.9,0.6418841894272318
2026-08-12,ILI incidence,2026-08-23,3,IS,quantile,0.95,0.8008340844043897
2026-08-12,ILI incidence,2026-08-23,3,IS,quantile,0.975,1.0017332834368553
2026-08-12,ILI incidence,2026-08-23,3,IS,quantile,0.99,1.2193171153234297
2026-08-12,ILI incidence,2026-08-30,4,IS,quantile,0.01,0.0
2026-08-12,ILI incidence,2026-08-30,4,IS,quantile,0.025,0.0
2026-08-12,ILI incidence,2026-08-30,4,IS,quantile,0.05,0.0
2026-08-12,ILI incidence,2026-08-30,4,IS,quantile,0.1,0.0
2026-08-12,ILI incidence,2026-08-30,4,IS,quantile,0.15,0.0
2026-08-12,ILI incidence,2026-08-30,4,IS,quantile,0.2,0.0
2026-08-12,ILI incidence,2026-08-30,4,IS,quantile,0.25,0.0
2026-08-12,ILI incidence,2026-08-30,4,IS,quantile,0.3,0.0
2026-08-12,ILI incidence,2026-08-30,4,IS,quantile,0.35,0.04513033145288731
2026-08-12,ILI incidence,2026-08-30,4,IS,quantile,0.4,0.09048038283128647
2026-08-12,ILI incidence,2026-08-30,4,IS,quantile,0.45,0.13622917228552012
2026-08-12,ILI incidence,2026-08-30,4,IS,quantile,0.5,0.18528084997741603
2026-08-12,ILI incidence,2026-08-30,4,IS,quantile,0.55,0.23195868268311706
2026-08-12,ILI incidence,2026-08-30,4,IS,quantile,0.6,0.27323609296984286
2026-08-12,ILI incidence,2026-08-30,4,IS,quantile,0.65,0.3210256205202738
2026-08-12,ILI incidence,2026-08-30,4,IS,quantile,0.7,0.38940804608886426
2026-08-12,ILI incidence,2026-08-30,4,IS,quantile,0.75,0.4671799779834601
2026-08-12,ILI incidence,2026-08-30,4,IS,quantile,0.8,0.5255356440925217
2026-08-12,ILI incidence,2026-08-30,4,IS,quantile,0.85,0.5870300829656072
2026-08-12,ILI incidence,2026-08-30,4,IS,quantile,0.9,0.7146593680501302
2026-08-12,ILI incidence,2026-08-30,4,IS,quantile,0.95,0.8810959720413677
2026-08-12,ILI incidence,2026-08-30,4,IS,quantile,0.975,1.0933690631045392
2026-08-12,ILI incidence,2026-08-30,4,IS,quantile,0.99,1.3683731729331514
2026-08-12,ILI incidence,2026-08-09,1,LT,quantile,0.01,0.1966673646580657
2026-08-12,ILI incidence,2026-08-09,1,LT,quantile,0.025,0.28991453587830807
2026-08-12,ILI incidence,2026-08-09,1,LT,quantile,0.05,0.3759035007530021
2026-08-12,ILI incidence,2026-08-09,1,LT,quantile,0.1,0.47183300480315926
2026-08-12,ILI incidence,2026-08-09,1,LT,quantile,0.15,0.552060436159373
2026-08-12,ILI incidence,2026-08-09,1,LT,quantile,0.2,0.6172409238831817
2026-08-12,ILI incidence,2026-08-09,1,LT,quantile,0.25,0.6674082870607394
2026-08-12,ILI incidence,2026-08-09,1,LT,quantile,0.3,0.7227648213717786
2026-08-12,ILI incidence,2026-08-09,1,LT,quantile,0.35,0.7757715349056516
2026-08-12,ILI incidence,2026-08-09,1,LT,quantile,0.4,0.8274337324039881
2026-08-12,ILI incidence,2026-08-09,1,LT,quantile,0.45,0.8767282203616256
2026-08-12,ILI incidence,2026-08-09,1,LT,quantile,0.5,0.918782264421727
2026-08-12,ILI incidence,2026-08-09,1,LT,quantile,0.55,0.9739928243299062
2026-08-12,ILI incidence,2026-08-09,1,LT,quantile,0.6,1.0296479635705904
2026-08-12,ILI incidence,2026-08-09,1,LT,quantile,0.65,1.0852536924172276
2026-08-12,ILI incidence,2026-08-09,1,LT,quantile,0.7,1.1506132657420025
2026-08-12,ILI incidence,2026-08-09,1,LT,quantile,0.75,1.2139320428820488
2026-08-12,ILI incidence,2026-08-09,1,LT,quantile,0.8,1.2951325458522198
2026-08-12,ILI incidence,2026-08-09,1,LT,quantile,0.85,1.4013216335352112
2026-08-12,ILI incidence,2026-08-09,1,LT,quantile,0.9,1.5296662399557435
2026-08-12,ILI incidence,2026-08-09,1,LT,quantile,0.95,1.7090454843681089
2026-08-12,ILI incidence,2026-08-09,1,LT,quantile,0.975,1.910785829896152
2026-08-12,ILI incidence,2026-08-09,1,LT,quantile,0.99,2.142715722255699
2026-08-12,ILI incidence,2026-08-16,2,LT,quantile,0.01,0.1702842636106437
2026-08-12,ILI incidence,2026-08-16,2,LT,quantile,0.025,0.2790082883204684
2026-08-12,ILI incidence,2026-08-16,2,LT,quantile,0.05,0.38056227507832163
2026-08-12,ILI incidence,2026-08-16,2,LT,quantile,0.1,0.5076948937259633
2026-08-12,ILI incidence,2026-08-16,2,LT,quantile,0.15,0.5832204162078294
2026-08-12,ILI incidence,2026-08-16,2,LT,quantile,0.2,0.6488710419242153
2026-08-12,ILI incidence,2026-08-16,2,LT,quantile,0.25,0.6983536230788878
2026-08-12,ILI incidence,2026-08-16,2,LT,quantile,0.3,0.7495787482642202
2026-08-12,ILI incidence,2026-08-16,2,LT,quantile,0.35,0.8072213607490554
2026-08-12,ILI incidence,2026-08-16,2,LT,quantile,0.4,0.8664527526843722
2026-08-12,ILI incidence,2026-08-16,2,LT,quantile,0.45,0.9242446826811921
2026-08-12,ILI incidence,2026-08-16,2,LT,quantile,0.5,0.9743727773248229
2026-08-12,ILI incidence,2026-08-16,2,LT,quantile,0.55,1.0244568500254276
2026-08-12,ILI incidence,2026-08-16,2,LT,quantile,0.6,1.0807029131457417
2026-08-12,ILI incidence,2026-08-16,2,LT,quantile,0.65,1.1495979359526831
2026-08-12,ILI incidence,2026-08-16,2,LT,quantile,0.7,1.224673150670456
2026-08-12,ILI incidence,2026-08-16,2,LT,quantile,0.75,1.3086353625346752
2026-08-12,ILI incidence,2026-08-16,2,LT,quantile,0.8,1.410850257855158
2026-08-12,ILI incidence,2026-08-16,2,LT,quantile,0.85,1.557965745188953
2026-08-12,ILI incidence,2026-08-16,2,LT,quantile,0.9,1.7120848179223676
2026-08-12,ILI incidence,2026-08-16,2,LT,quantile,0.95,1.927617965692304
2026-08-12,ILI incidence,2026-08-16,2,LT,quantile,0.975,2.1279534160332325
2026-08-12,ILI incidence,2026-08-16,2,LT,quantile,0.99,2.3781860656866742
2026-08-12,ILI incidence,2026-08-23,3,LT,quantile,0.01,0.1721053298573111
2026-08-12,ILI incidence,2026-08-23,3,LT,quantile,0.025,0.2618800210536248
2026-08-12,ILI incidence,2026-08-23,3,LT,quantile,0.05,0.3512969480484059
2026-08-12,ILI incidence,2026-08-23,3,LT,quantile,0.1,0.5037747119346085
2026-08-12,ILI incidence,2026-08-23,3,LT,quantile,0.15,0.5994674697066351
2026-08-12,ILI incidence,2026-08-23,3,LT,quantile,0.2,0.6719930769207065
2026-08-12,ILI incidence,2026-08-23,3,LT,quantile,0.25,0.731228763450789
2026-08-12,ILI incidence,2026-08-23,3,LT,quantile,0.3,0.792252913291742
2026-08-12,ILI incidence,2026-08-23,3,LT,quantile,0.35,0.856709417404953
2026-08-12,ILI incidence,2026-08-23,3,LT,quantile,0.4,0.9200144974354114
2026-08-12,ILI incidence,2026-08-23,3,LT,quantile,0.45,0.9833165035161537
2026-08-12,ILI incidence,2026-08-23,3,LT,quantile,0.5,1.0476521949921769
2026-08-12,ILI incidence,2026-08-23,3,LT,quantile,0.55,1.1185604910604665
2026-08-12,ILI incidence,2026-08-23,3,LT,quantile,0.6,1.1837749231876964
2026-08-12,ILI incidence,2026-08-23,3,LT,quantile,0.65,1.2547414545604234
2026-08-12,ILI incidence,2026-08-23,3,LT,quantile,0.7,1.3261515346952004
2026-08-12,ILI incidence,2026-08-23,3,LT,quantile,0.75,1.4159928516724523
2026-08-12,ILI incidence,2026-08-23,3,LT,quantile,0.8,1.520124577378256
2026-08-12,ILI incidence,2026-08-23,3,LT,quantile,0.85,1.6644370711751084
2026-08-12,ILI incidence,2026-08-23,3,LT,quantile,0.9,1.8356280036006363
2026-08-12,ILI incidence,2026-08-23,3,LT,quantile,0.95,2.1097983298322385
2026-08-12,ILI incidence,2026-08-23,3,LT,quantile,0.975,2.3689783815151304
2026-08-12,ILI incidence,2026-08-23,3,LT,quantile,0.99,2.6976109168254343
2026-08-12,ILI incidence,2026-08-30,4,LT,quantile,0.01,0.23351388886404698
2026-08-12,ILI incidence,2026-08-30,4,LT,quantile,0.025,0.355122464356179
2026-08-12,ILI incidence,2026-08-30,4,LT,quantile,0.05,0.46925936773891513
2026-08-12,ILI incidence,2026-08-30,4,LT,quantile,0.1,0.6128333347751282
2026-08-12,ILI incidence,2026-08-30,4,LT,quantile,0.15,0.6962393725888061
2026-08-12,ILI incidence,2026-08-30,4,LT,quantile,0.2,0.7586011657500386
2026-08-12,ILI incidence,2026-08-30,4,LT,quantile,0.25,0.8360517211932628
2026-08-12,ILI incidence,2026-08-30,4,LT,quantile,0.3,0.8948009241442954
2026-08-12,ILI incidence,2026-08-30,4,LT,quantile,0.35,0.9500125148302643
2026-08-12,ILI incidence,2026-08-30,4,LT,quantile,0.4,1.0124567263896962
2026-08-12,ILI incidence,2026-08-30,4,LT,quantile,0.45,1.0825997022197882
2026-08-12,ILI incidence,2026-08-30,4,LT,quantile,0.5,1.1584323443997622
2026-08-12,ILI incidence,2026-08-30,4,LT,quantile,0.55,1.248422341168788
2026-08-12,ILI incidence,2026-08-30,4,LT,quantile,0.6,1.3438833834419672
2026-08-12,ILI incidence,2026-08-30,4,LT,quantile,0.65,1.4086117305602555
2026-08-12,ILI incidence,2026-08-30,4,LT,quantile,0.7,1.49188501458941
2026-08-12,ILI incidence,2026-08-30,4,LT,quantile,0.75,1.5654250720387064
2026-08-12,ILI incidence,2026-08-30,4,LT,quantile,0.8,1.6818263028214324
2026-08-12,ILI incidence,2026-08-30,4,LT,quantile,0.85,1.8241887109047465
2026-08-12,ILI incidence,2026-08-30,4,LT,quantile,0.9,2.0140980773480153
2026-08-12,ILI incidence,2026-08-30,4,LT,quantile,0.95,2.319314418588016
2026-08-12,ILI incidence,2026-08-30,4,LT,quantile,0.975,2.5975416489171614
2026-08-12,ILI incidence,2026-08-30,4,LT,quantile,0.99,2.889108785249202
2026-08-12,ILI incidence,2026-08-09,1,LU,quantile,0.01,11.24326663144583
2026-08-12,ILI incidence,2026-08-09,1,LU,quantile,0.025,13.796526743720516
2026-08-12,ILI incidence,2026-08-09,1,LU,quantile,0.05,16.414461556730583
2026-08-12,ILI incidence,2026-08-09,1,LU,quantile,0.1,20.01263797682544
2026-08-12,ILI incidence,2026-08-09,1,LU,quantile,0.15,22.851507088123917
2026-08-12,ILI incidence,2026-08-09,1,LU,quantile,0.2,25.37886442171501
2026-08-12,ILI incidence,2026-08-09,1,LU,quantile,0.25,27.759501419816438
2026-08-12,ILI incidence,2026-08-09,1,LU,quantile,0.3,30.079941545792476
2026-08-12,ILI incidence,2026-08-09,1,LU,quantile,0.35,32.39697959522154
2026-08-12,ILI incidence,2026-08-09,1,LU,quantile,0.4,34.755146230646325
2026-08-12,ILI incidence,2026-08-09,1,LU,quantile,0.45,37.195064640215165
2026-08-12,ILI incidence,2026-08-09,1,LU,quantile,0.5,39.75880184406536
2026-08-12,ILI incidence,2026-08-09,1,LU,quantile,0.55,42.49462275852892
2026-08-12,ILI incidence,2026-08-09,1,LU,quantile,0.6,45.462680282366605
2026-08-12,ILI incidence,2026-08-09,1,LU,quantile,0.65,48.74341835396046
2026-08-12,ILI incidence,2026-08-09,1,LU,quantile,0.7,52.4518356579305
2026-08-12,ILI incidence,2026-08-09,1,LU,quantile,0.75,56.76455938902673
2026-08-12,ILI incidence,2026-08-09,1,LU,quantile,0.8,61.977689304783894
2026-08-12,ILI incidence,2026-08-09,1,LU,quantile,0.85,68.65094162083228
2026-08-12,ILI incidence,2026-08-09,1,LU,quantile,0.9,78.06098842020641
2026-08-12,ILI incidence,2026-08-09,1,LU,quantile,0.95,94.39657154209915
2026-08-12,ILI incidence,2026-08-09,1,LU,quantile,0.975,111.27499240447187
2026-08-12,ILI incidence,2026-08-09,1,LU,quantile,0.99,134.68927131725812
2026-08-12,ILI incidence,2026-08-16,2,LU,quantile,0.01,9.597000534973951
2026-08-12,ILI incidence,2026-08-16,2,LU,quantile,0.025,11.78447037320694
2026-08-12,ILI incidence,2026-08-16,2,LU,quantile,0.05,14.023705166252517
2026-08-12,ILI incidence,2026-08-16,2,LU,quantile,0.1,17.09636318527416
2026-08-12,ILI incidence,2026-08-16,2,LU,quantile,0.15,19.51711513769979
2026-08-12,ILI incidence,2026-08-16,2,LU,quantile,0.2,21.669974451923697
2026-08-12,ILI incidence,2026-08-16,2,LU,quantile,0.25,23.69609998597559
2026-08-12,ILI incidence,2026-08-16,2,LU,quantile,0.3,25.66949417741356
2026-08-12,ILI incidence,2026-08-16,2,LU,quantile,0.35,27.638631259300485
2026-08-12,ILI incidence,2026-08-16,2,LU,quantile,0.4,29.64142084885427
2026-08-12,ILI incidence,2026-08-16,2,LU,quantile,0.45,31.712353500402546
2026-08-12,ILI incidence,2026-08-16,2,LU,quantile,0.5,33.887059388702006
2026-08-12,ILI incidence,2026-08-16,2,LU,quantile,0.55,36.20633896842194
2026-08-12,ILI incidence,2026-08-16,2,LU,quantile,0.6,38.72096851495483
2026-08-12,ILI incidence,2026-08-16,2,LU,quantile,0.65,41.49878081710213
2026-08-12,ILI incidence,2026-08-16,2,LU,quantile,0.7,44.63667029806628
2026-08-12,ILI incidence,2026-08-16,2,LU,quantile,0.75,48.28336512574825
2026-08-12,ILI incidence,2026-08-16,2,LU,quantile,0.8,52.6880584215895
2026-08-12,ILI incidence,2026-08-16,2,LU,quantile,0.85,58.3215422647023
2026-08-12,ILI incidence,2026-08-16,2,LU,quantile,0.9,66.25698972383778
2026-08-12,ILI incidence,2026-08-16,2,LU,quantile,0.95,80.01243330605197
2026-08-12,ILI incidence,2026-08-16,2,LU,quantile,0.975,94.2019815651944
2026-08-12,ILI incidence,2026-08-16,2,LU,quantile,0.99,113.85390689317468
2026-08-12,ILI incidence,2026-08-23,3,LU,quantile,0.01,18.73624037053864
2026-08-12,ILI incidence,2026-08-23,3,LU,quantile,0.025,22.836121196707523
2026-08-12,ILI incidence,2026-08-23,3,LU,quantile,0.05,27.037242888668448
2026-08-12,ILI incidence,2026-08-23,3,LU,quantile,0.1,32.80780423505302
2026-08-12,ILI incidence,2026-08-23,3,LU,quantile,0.15,37.358120194751535
2026-08-12,ILI incidence,2026-08-23,3,LU,quantile,0.2,41.40750168192966
2026-08-12,ILI incidence,2026-08-23,3,LU,quantile,0.25,45.22054440799626
2026-08-12,ILI incidence,2026-08-23,3,LU,quantile,0.3,48.93609287970798
2026-08-12,ILI incidence,2026-08-23,3,LU,quantile,0.35,52.64521282529191
2026-08-12,ILI incidence,2026-08-23,3,LU,quantile,0.4,56.41923553661326
2026-08-12,ILI incidence,2026-08-23,3,LU,quantile,0.45,60.32316652269386
2026-08-12,ILI incidence,2026-08-23,3,LU,quantile,0.5,64.42425964835205
2026-08-12,ILI incidence,2026-08-23,3,LU,quantile,0.55,68.7996204900959
2026-08-12,ILI incidence,2026-08-23,3,LU,quantile,0.6,73.54529323723997
2026-08-12,ILI incidence,2026-08-23,3,LU,quantile,0.65,78.78966854833598
2026-08-12,ILI incidence,2026-08-23,3,LU,quantile,0.7,84.7162325624066
2026-08-12,ILI incidence,2026-08-23,3,LU,quantile,0.75,91.60673593006135
2026-08-12,ILI incidence,2026-08-23,3,LU,quantile,0.8,99.93340991032458
2026-08-12,ILI incidence,2026-08-23,3,LU,quantile,0.85,110.58872564147856
2026-08-12,ILI incidence,2026-08-23,3,LU,quantile,0.9,125.60786014895926
2026-08-12,ILI incidence,2026-08-23,3,LU,quantile,0.95,151.6660009877408
2026-08-12,ILI incidence,2026-08-23,3,LU,quantile,0.975,178.57341780617497
2026-08-12,ILI incidence,2026-08-23,3,LU,quantile,0.99,215.87685547874017
2026-08-12,ILI incidence,2026-08-30,4,LU,quantile,0.01,19.722414299915936
2026-08-12,ILI incidence,2026-08-30,4,LU,quantile,0.025,24.02715661481887
2026-08-12,ILI incidence,2026-08-30,4,LU,quantile,0.05,28.438198565601624
2026-08-12,ILI incidence,2026-08-30,4,LU,quantile,0.1,34.497101412233214
2026-08-12,ILI incidence,2026-08-30,4,LU,quantile,0.15,39.27478605439785
2026-08-12,ILI incidence,2026-08-30,4,LU,quantile,0.2,43.526505696046335
2026-08-12,ILI incidence,2026-08-30,4,LU,quantile,0.25,47.53007727955743
2026-08-12,ILI incidence,2026-08-30,4,LU,quantile,0.3,51.43128304806664
2026-08-12,ILI incidence,2026-08-30,4,LU,quantile,0.35,55.32573907198132
2026-08-12,ILI incidence,2026-08-30,4,LU,quantile,0.4,59.28834090155957
2026-08-12,ILI incidence,2026-08-30,4,LU,quantile,0.45,63.38734221959195
2026-08-12,ILI incidence,2026-08-30,4,LU,quantile,0.5,67.69335740976399
2026-08-12,ILI incidence,2026-08-30,4,LU,quantile,0.55,72.28734483452146
2026-08-12,ILI incidence,2026-08-30,4,LU,quantile,0.6,77.27014778745568
2026-08-12,ILI incidence,2026-08-30,4,LU,quantile,0.65,82.77657230906867
2026-08-12,ILI incidence,2026-08-30,4,LU,quantile,0.7,88.99927291307395
2026-08-12,ILI incidence,2026-08-30,4,LU,quantile,0.75,96.23407867337747
2026-08-12,ILI incidence,2026-08-30,4,LU,quantile,0.8,104.97681714432342
2026-08-12,ILI incidence,2026-08-30,4,LU,quantile,0.85,116.16455416677023
2026-08-12,ILI incidence,2026-08-30,4,LU,quantile,0.9,131.93415981845112
2026-08-12,ILI incidence,2026-08-30,4,LU,quantile,0.95,159.2943652176952
2026-08-12,ILI incidence,2026-08-30,4,LU,quantile,0.975,187.54628293777216
2026-08-12,ILI incidence,2026-08-30,4,LU,quantile,0.99,226.71368644264194
2026-08-12,ILI incidence,2026-08-09,1,MT,quantile,0.01,783.5975016181471
2026-08-12,ILI incidence,2026-08-09,1,MT,quantile,0.025,910.6376188462274
2026-08-12,ILI incidence,2026-08-09,1,MT,quantile,0.05,1037.8410340727573
2026-08-12,ILI incidence,2026-08-09,1,MT,quantile,0.1,1206.6790426221296
2026-08-12,ILI incidence,2026-08-09,1,MT,quantile,0.15,1335.8363364929837
2026-08-12,ILI incidence,2026-08-09,1,MT,quantile,0.2,1448.2681674376838
2026-08-12,ILI incidence,2026-08-09,1,MT,quantile,0.25,1552.2312849555997
2026-08-12,ILI incidence,2026-08-09,1,MT,quantile,0.3,1651.9340389656397
2026-08-12,ILI incidence,2026-08-09,1,MT,quantile,0.35,1751.6622075559058
2026-08-12,ILI incidence,2026-08-09,1,MT,quantile,0.4,1853.8973714340718
2026-08-12,ILI incidence,2026-08-09,1,MT,quantile,0.45,1949.012622094705
2026-08-12,ILI incidence,2026-08-09,1,MT,quantile,0.5,2053.2781826983705
2026-08-12,ILI incidence,2026-08-09,1,MT,quantile,0.55,2165.3735784941105
2026-08-12,ILI incidence,2026-08-09,1,MT,quantile,0.6,2287.0834503869955
2026-08-12,ILI incidence,2026-08-09,1,MT,quantile,0.65,2420.0708212225663
2026-08-12,ILI incidence,2026-08-09,1,MT,quantile,0.7,2567.6319143507826
2026-08-12,ILI incidence,2026-08-09,1,MT,quantile,0.75,2718.8175015978754
2026-08-12,ILI incidence,2026-08-09,1,MT,quantile,0.8,2927.3015910445
2026-08-12,ILI incidence,2026-08-09,1,MT,quantile,0.85,3155.750558547275
2026-08-12,ILI incidence,2026-08-09,1,MT,quantile,0.9,3493.354628153408
2026-08-12,ILI incidence,2026-08-09,1,MT,quantile,0.95,4061.275856938237
2026-08-12,ILI incidence,2026-08-09,1,MT,quantile,0.975,4628.096874316618
2026-08-12,ILI incidence,2026-08-09,1,MT,quantile,0.99,5387.321505618967
2026-08-12,ILI incidence,2026-08-16,2,MT,quantile,0.01,787.164513327868
2026-08-12,ILI incidence,2026-08-16,2,MT,quantile,0.025,917.9632248456114
2026-08-12,ILI incidence,2026-08-16,2,MT,quantile,0.05,1041.0985972446126
2026-08-12,ILI incidence,2026-08-16,2,MT,quantile,0.1,1213.1510106244705
2026-08-12,ILI incidence,2026-08-16,2,MT,quantile,0.15,1351.9196251463059
2026-08-12,ILI incidence,2026-08-16,2,MT,quantile,0.2,1473.4346996801
2026-08-12,ILI incidence,2026-08-16,2,MT,quantile,0.25,1586.3458467274218
2026-08-12,ILI incidence,2026-08-16,2,MT,quantile,0.3,1693.4114047967626
2026-08-12,ILI incidence,2026-08-16,2,MT,quantile,0.35,1796.0627253598382
2026-08-12,ILI incidence,2026-08-16,2,MT,quantile,0.4,1899.213265055101
2026-08-12,ILI incidence,2026-08-16,2,MT,quantile,0.45,1986.29109284102
2026-08-12,ILI incidence,2026-08-16,2,MT,quantile,0.5,2095.7094401223217
2026-08-12,ILI incidence,2026-08-16,2,MT,quantile,0.55,2216.675009553558
2026-08-12,ILI incidence,2026-08-16,2,MT,quantile,0.6,2346.7399467478745
2026-08-12,ILI incidence,2026-08-16,2,MT,quantile,0.65,2488.45509575201
2026-08-12,ILI incidence,2026-08-16,2,MT,quantile,0.7,2639.271982570638
2026-08-12,ILI incidence,2026-08-16,2,MT,quantile,0.75,2814.1172994742974
2026-08-12,ILI incidence,2026-08-16,2,MT,quantile,0.8,3018.3366834210096
2026-08-12,ILI incidence,2026-08-16,2,MT,quantile,0.85,3277.627257881364
2026-08-12,ILI incidence,2026-08-16,2,MT,quantile,0.9,3635.738603499394
2026-08-12,ILI incidence,2026-08-16,2,MT,quantile,0.95,4239.709954074559
2026-08-12,ILI incidence,2026-08-16,2,MT,quantile,0.975,4857.344947612881
2026-08-12,ILI incidence,2026-08-16,2,MT,quantile,0.99,5719.1984846842915
2026-08-12,ILI incidence,2026-08-23,3,MT,quantile,0.01,785.5381243840434
2026-08-12,ILI incidence,2026-08-23,3,MT,quantile,0.025,921.4952656295993
2026-08-12,ILI incidence,2026-08-23,3,MT,quantile,0.05,1055.025000260933
2026-08-12,ILI incidence,2026-08-23,3,MT,quantile,0.1,1233.1363149378292
2026-08-12,ILI incidence,2026-08-23,3,MT,quantile,0.15,1365.9345430064473
2026-08-12,ILI incidence,2026-08-23,3,MT,quantile,0.2,1476.0390603064316
2026-08-12,ILI incidence,2026-08-23,3,MT,quantile,0.25,1590.6964111249429
2026-08-12,ILI incidence,2026-08-23,3,MT,quantile,0.3,1701.2280198140143
2026-08-12,ILI incidence,2026-08-23,3,MT,quantile,0.35,1810.492341167967
2026-08-12,ILI incidence,2026-08-23,3,MT,quantile,0.4,1914.455983089902
2026-08-12,ILI incidence,2026-08-23,3,MT,quantile,0.45,2014.463532525013
2026-08-12,ILI incidence,2026-08-23,3,MT,quantile,0.5,2117.982068387765
2026-08-12,ILI incidence,2026-08-23,3,MT,quantile,0.55,2226.8175385905533
2026-08-12,ILI incidence,2026-08-23,3,MT,quantile,0.6,2351.7532082545654
2026-08-12,ILI incidence,2026-08-23,3,MT,quantile,0.65,2504.2235390128
2026-08-12,ILI incidence,2026-08-23,3,MT,quantile,0.7,2675.6098470096827
2026-08-12,ILI incidence,2026-08-23,3,MT,quantile,0.75,2855.305329217709
2026-08-12,ILI incidence,2026-08-23,3,MT,quantile,0.8,3067.6253920488216
2026-08-12,ILI incidence,2026-08-23,3,MT,quantile,0.85,3335.1108036628293
2026-08-12,ILI incidence,2026-08-23,3,MT,quantile,0.9,3680.0149858597024
2026-08-12,ILI incidence,2026-08-23,3,MT,quantile,0.95,4286.377783679559
2026-08-12,ILI incidence,2026-08-23,3,MT,quantile,0.975,4944.166194252306
2026-08-12,ILI incidence,2026-08-23,3,MT,quantile,0.99,5800.9232422534205
2026-08-12,ILI incidence,2026-08-30,4,MT,quantile,0.01,801.42860917188
2026-08-12,ILI incidence,2026-08-30,4,MT,quantile,0.025,938.4433359519368
2026-08-12,ILI incidence,2026-08-30,4,MT,quantile,0.05,1074.8545646379832
2026-08-12,ILI incidence,2026-08-30,4,MT,quantile,0.1,1257.8226953936896
2026-08-12,ILI incidence,2026-08-30,4,MT,quantile,0.15,1396.8024019838672
2026-08-12,ILI incidence,2026-08-30,4,MT,quantile,0.2,1515.494436604265
2026-08-12,ILI incidence,2026-08-30,4,MT,quantile,0.25,1623.0996668291518
2026-08-12,ILI incidence,2026-08-30,4,MT,quantile,0.3,1728.6936236986705
2026-08-12,ILI incidence,2026-08-30,4,MT,quantile,0.35,1835.4753813008654
2026-08-12,ILI incidence,2026-08-30,4,MT,quantile,0.4,1944.2864061280002
2026-08-12,ILI incidence,2026-08-30,4,MT,quantile,0.45,2055.6947191460154
2026-08-12,ILI incidence,2026-08-30,4,MT,quantile,0.5,2171.564354060396
2026-08-12,ILI incidence,2026-08-30,4,MT,quantile,0.55,2293.961828118921
2026-08-12,ILI incidence,2026-08-30,4,MT,quantile,0.6,2425.396369020476
2026-08-12,ILI incidence,2026-08-30,4,MT,quantile,0.65,2572.0861209305826
2026-08-12,ILI incidence,2026-08-30,4,MT,quantile,0.7,2734.964224299005
2026-08-12,ILI incidence,2026-08-30,4,MT,quantile,0.75,2926.3351535354473
2026-08-12,ILI incidence,2026-08-30,4,MT,quantile,0.8,3168.7130121543905
2026-08-12,ILI incidence,2026-08-30,4,MT,quantile,0.85,3446.1816802906346
2026-08-12,ILI incidence,2026-08-30,4,MT,quantile,0.9,3824.8683982341818
2026-08-12,ILI incidence,2026-08-30,4,MT,quantile,0.95,4475.039786533689
2026-08-12,ILI incidence,2026-08-30,4,MT,quantile,0.975,5106.751027043355
2026-08-12,ILI incidence,2026-08-30,4,MT,quantile,0.99,5991.806919808034
2026-08-12,ILI incidence,2026-08-09,1,NO,quantile,0.01,4.032712263484601
2026-08-12,ILI incidence,2026-08-09,1,NO,quantile,0.025,4.349351036886139
2026-08-12,ILI incidence,2026-08-09,1,NO,quantile,0.05,4.596664217873207
2026-08-12,ILI incidence,2026-08-09,1,NO,quantile,0.1,4.926861322519711
2026-08-12,ILI incidence,2026-08-09,1,NO,quantile,0.15,5.162585881152906
2026-08-12,ILI incidence,2026-08-09,1,NO,quantile,0.2,5.356600885544577
2026-08-12,ILI incidence,2026-08-09,1,NO,quantile,0.25,5.523508199052957
2026-08-12,ILI incidence,2026-08-09,1,NO,quantile,0.3,5.673560417730223
2026-08-12,ILI incidence,2026-08-09,1,NO,quantile,0.35,5.81568543714384
2026-08-12,ILI incidence,2026-08-09,1,NO,quantile,0.4,5.953345928225802
2026-08-12,ILI incidence,2026-08-09,1,NO,quantile,0.45,6.09299752595202
2026-08-12,ILI incidence,2026-08-09,1,NO,quantile,0.5,6.242128046043246
2026-08-12,ILI incidence,2026-08-09,1,NO,quantile,0.55,6.394394040514845
2026-08-12,ILI incidence,2026-08-09,1,NO,quantile,0.6,6.5523925899543665
2026-08-12,ILI incidence,2026-08-09,1,NO,quantile,0.65,6.72697279893483
2026-08-12,ILI incidence,2026-08-09,1,NO,quantile,0.7,6.903806663088381
2026-08-12,ILI incidence,2026-08-09,1,NO,quantile,0.75,7.090803119971379
2026-08-12,ILI incidence,2026-08-09,1,NO,quantile,0.8,7.30884764861827
2026-08-12,ILI incidence,2026-08-09,1,NO,quantile,0.85,7.570432824731841
2026-08-12,ILI incidence,2026-08-09,1,NO,quantile,0.9,7.906460560277794
2026-08-12,ILI incidence,2026-08-09,1,NO,quantile,0.95,8.408333309850502
2026-08-12,ILI incidence,2026-08-09,1,NO,quantile,0.975,8.925082544898201
2026-08-12,ILI incidence,2026-08-09,1,NO,quantile,0.99,9.501482904806824
2026-08-12,ILI incidence,2026-08-16,2,NO,quantile,0.01,3.41564620609919
2026-08-12,ILI incidence,2026-08-16,2,NO,quantile,0.025,3.786812614028742
2026-08-12,ILI incidence,2026-08-16,2,NO,quantile,0.05,4.114074802624241
2026-08-12,ILI incidence,2026-08-16,2,NO,quantile,0.1,4.556573189733948
2026-08-12,ILI incidence,2026-08-16,2,NO,quantile,0.15,4.8830858428739745
2026-08-12,ILI incidence,2026-08-16,2,NO,quantile,0.2,5.1436267339663235
2026-08-12,ILI incidence,2026-08-16,2,NO,quantile,0.25,5.376324247828025
2026-08-12,ILI incidence,2026-08-16,2,NO,quantile,0.3,5.5792249083953465
2026-08-12,ILI incidence,2026-08-16,2,NO,quantile,0.35,5.774262959485715
2026-08-12,ILI incidence,2026-08-16,2,NO,quantile,0.4,5.9646785218742675
2026-08-12,ILI incidence,2026-08-16,2,NO,quantile,0.45,6.154000563432933
2026-08-12,ILI incidence,2026-08-16,2,NO,quantile,0.5,6.355106343367219
2026-08-12,ILI incidence,2026-08-16,2,NO,quantile,0.55,6.573085701761612
2026-08-12,ILI incidence,2026-08-16,2,NO,quantile,0.6,6.773344852671708
2026-08-12,ILI incidence,2026-08-16,2,NO,quantile,0.65,7.014423815744382
2026-08-12,ILI incidence,2026-08-16,2,NO,quantile,0.7,7.3011754332380185
2026-08-12,ILI incidence,2026-08-16,2,NO,quantile,0.75,7.603400115315913
2026-08-12,ILI incidence,2026-08-16,2,NO,quantile,0.8,7.93372951909634
2026-08-12,ILI incidence,2026-08-16,2,NO,quantile,0.85,8.32497117806283
2026-08-12,ILI incidence,2026-08-16,2,NO,quantile,0.9,8.825093831027969
2026-08-12,ILI incidence,2026-08-16,2,NO,quantile,0.95,9.616112973565473
2026-08-12,ILI incidence,2026-08-16,2,NO,quantile,0.975,10.353598233142588
2026-08-12,ILI incidence,2026-08-16,2,NO,quantile,0.99,11.275738098433367
2026-08-12,ILI incidence,2026-08-23,3,NO,quantile,0.01,3.2195604920804226
2026-08-12,ILI incidence,2026-08-23,3,NO,quantile,0.025,3.6482825750455756
2026-08-12,ILI incidence,2026-08-23,3,NO,quantile,0.05,4.035490308783287
2026-08-12,ILI incidence,2026-08-23,3,NO,quantile,0.1,4.514867031242746
2026-08-12,ILI incidence,2026-08-23,3,NO,quantile,0.15,4.842175778216125
2026-08-12,ILI incidence,2026-08-23,3,NO,quantile,0.2,5.1596898639938615
2026-08-12,ILI incidence,2026-08-23,3,NO,quantile,0.25,5.408554223041703
2026-08-12,ILI incidence,2026-08-23,3,NO,quantile,0.3,5.640599489752887
2026-08-12,ILI incidence,2026-08-23,3,NO,quantile,0.35,5.928452909357616
2026-08-12,ILI incidence,2026-08-23,3,NO,quantile,0.4,6.191486297292345
2026-08-12,ILI incidence,2026-08-23,3,NO,quantile,0.45,6.428984531851174
2026-08-12,ILI incidence,2026-08-23,3,NO,quantile,0.5,6.668116710219757
2026-08-12,ILI incidence,2026-08-23,3,NO,quantile,0.55,6.900688014852612
2026-08-12,ILI incidence,2026-08-23,3,NO,quantile,0.6,7.14423239833577
2026-08-12,ILI incidence,2026-08-23,3,NO,quantile,0.65,7.403847355838453
2026-08-12,ILI incidence,2026-08-23,3,NO,quantile,0.7,7.686403756789167
2026-08-12,ILI incidence,2026-08-23,3,NO,quantile,0.75,8.001993885604525
2026-08-12,ILI incidence,2026-08-23,3,NO,quantile,0.8,8.366929524789015
2026-08-12,ILI incidence,2026-08-23,3,NO,quantile,0.85,8.811020604167439
2026-08-12,ILI incidence,2026-08-23,3,NO,quantile,0.9,9.409124903721686
2026-08-12,ILI incidence,2026-08-23,3,NO,quantile,0.95,10.400777519017842
2026-08-12,ILI incidence,2026-08-23,3,NO,quantile,0.975,11.337080384965386
2026-08-12,ILI incidence,2026-08-23,3,NO,quantile,0.99,12.52283935107391
2026-08-12,ILI incidence,2026-08-30,4,NO,quantile,0.01,3.340123963615069
2026-08-12,ILI incidence,2026-08-30,4,NO,quantile,0.025,3.7678758729643254
2026-08-12,ILI incidence,2026-08-30,4,NO,quantile,0.05,4.149210745280402
2026-08-12,ILI incidence,2026-08-30,4,NO,quantile,0.1,4.656647428222801
2026-08-12,ILI incidence,2026-08-30,4,NO,quantile,0.15,5.0531995068107625
2026-08-12,ILI incidence,2026-08-30,4,NO,quantile,0.2,5.348884947195995
2026-08-12,ILI incidence,2026-08-30,4,NO,quantile,0.25,5.614041431317843
2026-08-12,ILI incidence,2026-08-30,4,NO,quantile,0.3,5.861584721417463
2026-08-12,ILI incidence,2026-08-30,4,NO,quantile,0.35,6.107726561179524
2026-08-12,ILI incidence,2026-08-30,4,NO,quantile,0.4,6.427174521416707
2026-08-12,ILI incidence,2026-08-30,4,NO,quantile,0.45,6.684827625828039
2026-08-12,ILI incidence,2026-08-30,4,NO,quantile,0.5,6.981811388458482
2026-08-12,ILI incidence,2026-08-30,4,NO,quantile,0.55,7.2379217411150085
2026-08-12,ILI incidence,2026-08-30,4,NO,quantile,0.6,7.506576877608339
2026-08-12,ILI incidence,2026-08-30,4,NO,quantile,0.65,7.793464243145564
2026-08-12,ILI incidence,2026-08-30,4,NO,quantile,0.7,8.106277530031775
2026-08-12,ILI incidence,2026-08-30,4,NO,quantile,0.75,8.45634783545162
2026-08-12,ILI incidence,2026-08-30,4,NO,quantile,0.8,8.862027113315454
2026-08-12,ILI incidence,2026-08-30,4,NO,quantile,0.85,9.3569135102748
2026-08-12,ILI incidence,2026-08-30,4,NO,quantile,0.9,10.01502570376413
2026-08-12,ILI incidence,2026-08-30,4,NO,quantile,0.95,11.068150024909091
2026-08-12,ILI incidence,2026-08-30,4,NO,quantile,0.975,12.053104990098435
2026-08-12,ILI incidence,2026-08-30,4,NO,quantile,0.99,13.261739259683827
2026-08-12,ILI incidence,2026-08-09,1,RO,quantile,0.01,0.0
2026-08-12,ILI incidence,2026-08-09,1,RO,quantile,0.025,0.0
2026-08-12,ILI incidence,2026-08-09,1,RO,quantile,0.05,0.0
2026-08-12,ILI incidence,2026-08-09,1,RO,quantile,0.1,0.0
2026-08-12,ILI incidence,2026-08-09,1,RO,quantile,0.15,0.0
2026-08-12,ILI incidence,2026-08-09,1,RO,quantile,0.2,0.0
2026-08-12,ILI incidence,2026-08-09,1,RO,quantile,0.25,0.0
2026-08-12,ILI incidence,2026-08-09,1,RO,quantile,0.3,0.0
2026-08-12,ILI incidence,2026-08-09,1,RO,quantile,0.35,0.0
2026-08-12,ILI incidence,2026-08-09,1,RO,quantile,0.4,0.0
2026-08-12,ILI incidence,2026-08-09,1,RO,quantile,0.45,0.015805313233935907
2026-08-12,ILI incidence,2026-08-09,1,RO,quantile,0.5,0.0645548279461411
2026-08-12,ILI incidence,2026-08-09,1,RO,quantile,0.55,0.11859530914648657
2026-08-12,ILI incidence,2026-08-09,1,RO,quantile,0.6,0.17631707040904018
2026-08-12,ILI incidence,2026-08-09,1,RO,quantile,0.65,0.2320132360683045
2026-08-12,ILI incidence,2026-08-09,1,RO,quantile,0.7,0.30247232173526
2026-08-12,ILI incidence,2026-08-09,1,RO,quantile,0.75,0.3810756065685326
2026-08-12,ILI incidence,2026-08-09,1,RO,quantile,0.8,0.46582093784728573
2026-08-12,ILI incidence,2026-08-09,1,RO,quantile,0.85,0.5711872624125001
2026-08-12,ILI incidence,2026-08-09,1,RO,quantile,0.9,0.724964169658286
2026-08-12,ILI incidence,2026-08-09,1,RO,quantile,0.95,0.9743251910041792
2026-08-12,ILI incidence,2026-08-09,1,RO,quantile,0.975,1.1889456440224455
2026-08-12,ILI incidence,2026-08-09,1,RO,quantile,0.99,1.487947474072637
2026-08-12,ILI incidence,2026-08-16,2,RO,quantile,0.01,0.0
2026-08-12,ILI incidence,2026-08-16,2,RO,quantile,0.025,0.0
2026-08-12,ILI incidence,2026-08-16,2,RO,quantile,0.05,0.0
2026-08-12,ILI incidence,2026-08-16,2,RO,quantile,0.1,0.0
2026-08-12,ILI incidence,2026-08-16,2,RO,quantile,0.15,0.0
2026-08-12,ILI incidence,2026-08-16,2,RO,quantile,0.2,0.0
2026-08-12,ILI incidence,2026-08-16,2,RO,quantile,0.25,0.0
2026-08-12,ILI incidence,2026-08-16,2,RO,quantile,0.3,0.0
2026-08-12,ILI incidence,2026-08-16,2,RO,quantile,0.35,0.0
2026-08-12,ILI incidence,2026-08-16,2,RO,quantile,0.4,0.01048977987834932
2026-08-12,ILI incidence,2026-08-16,2,RO,quantile,0.45,0.0653295217999973
2026-08-12,ILI incidence,2026-08-16,2,RO,quantile,0.5,0.11934846022358671
2026-08-12,ILI incidence,2026-08-16,2,RO,quantile,0.55,0.17277582918228593
2026-08-12,ILI incidence,2026-08-16,2,RO,quantile,0.6,0.2271345052869748
2026-08-12,ILI incidence,2026-08-16,2,RO,quantile,0.65,0.2874251107410779
2026-08-12,ILI incidence,2026-08-16,2,RO,quantile,0.7,0.35782420807372006
2026-08-12,ILI incidence,2026-08-16,2,RO,quantile,0.75,0.432630584035263
2026-08-12,ILI incidence,2026-08-16,2,RO,quantile,0.8,0.5210035630918117
2026-08-12,ILI incidence,2026-08-16,2,RO,quantile,0.85,0.6385509464419181
2026-08-12,ILI incidence,2026-08-16,2,RO,quantile,0.9,0.805064822134194
2026-08-12,ILI incidence,2026-08-16,2,RO,quantile,0.95,1.0748081723963945
2026-08-12,ILI incidence,2026-08-16,2,RO,quantile,0.975,1.339965282030495
2026-08-12,ILI incidence,2026-08-16,2,RO,quantile,0.99,1.6911616072763973
2026-08-12,ILI incidence,2026-08-23,3,RO,quantile,0.01,0.0
2026-08-12,ILI incidence,2026-08-23,3,RO,quantile,0.025,0.0
2026-08-12,ILI incidence,2026-08-23,3,RO,quantile,0.05,0.0
2026-08-12,ILI incidence,2026-08-23,3,RO,quantile,0.1,0.0
2026-08-12,ILI incidence,2026-08-23,3,RO,quantile,0.15,0.0
2026-08-12,ILI incidence,2026-08-23,3,RO,quantile,0.2,0.0
2026-08-12,ILI incidence,2026-08-23,3,RO,quantile,0.25,0.0
2026-08-12,ILI incidence,2026-08-23,3,RO,quantile,0.3,0.0
2026-08-12,ILI incidence,2026-08-23,3,RO,quantile,0.35,0.013767155939628468
2026-08-12,ILI incidence,2026-08-23,3,RO,quantile,0.4,0.060386765950759404
2026-08-12,ILI incidence,2026-08-23,3,RO,quantile,0.45,0.11907541291046456
2026-08-12,ILI incidence,2026-08-23,3,RO,quantile,0.5,0.17105342284933228
2026-08-12,ILI incidence,2026-08-23,3,RO,quantile,0.55,0.22667987835719172
2026-08-12,ILI incidence,2026-08-23,3,RO,quantile,0.6,0.29754192157902126
2026-08-12,ILI incidence,2026-08-23,3,RO,quantile,0.65,0.3684743437561473
2026-08-12,ILI incidence,2026-08-23,3,RO,quantile,0.7,0.4396722900311764
2026-08-12,ILI incidence,2026-08-23,3,RO,quantile,0.75,0.5194473139379422
2026-08-12,ILI incidence,2026-08-23,3,RO,quantile,0.8,0.6142125491181509
2026-08-12,ILI incidence,2026-08-23,3,RO,quantile,0.85,0.7213767841946528
2026-08-12,ILI incidence,2026-08-23,3,RO,quantile,0.9,0.8678879571940682
2026-08-12,ILI incidence,2026-08-23,3,RO,quantile,0.95,1.1184677721956695
2026-08-12,ILI incidence,2026-08-23,3,RO,quantile,0.975,1.3598954892884265
2026-08-12,ILI incidence,2026-08-23,3,RO,quantile,0.99,1.6754099058192213
2026-08-12,ILI incidence,2026-08-30,4,RO,quantile,0.01,0.0
2026-08-12,ILI incidence,2026-08-30,4,RO,quantile,0.025,0.0
2026-08-12,ILI incidence,2026-08-30,4,RO,quantile,0.05,0.0
2026-08-12,ILI incidence,2026-08-30,4,RO,quantile,0.1,0.0
2026-08-12,ILI incidence,2026-08-30,4,RO,quantile,0.15,0.0
2026-08-12,ILI incidence,2026-08-30,4,RO,quantile,0.2,0.0
2026-08-12,ILI incidence,2026-08-30,4,RO,quantile,0.25,0.0
2026-08-12,ILI incidence,2026-08-30,4,RO,quantile,0.3,0.016269291302762626
2026-08-12,ILI incidence,2026-08-30,4,RO,quantile,0.35,0.0691839987196747
2026-08-12,ILI incidence,2026-08-30,4,RO,quantile,0.4,0.12194021884864029
2026-08-12,ILI incidence,2026-08-30,4,RO,quantile,0.45,0.1750135414376342
2026-08-12,ILI incidence,2026-08-30,4,RO,quantile,0.5,0.2306207960059616
2026-08-12,ILI incidence,2026-08-30,4,RO,quantile,0.55,0.29008428930045366
2026-08-12,ILI incidence,2026-08-30,4,RO,quantile,0.6,0.3498290890369234
2026-08-12,ILI incidence,2026-08-30,4,RO,quantile,0.65,0.420197788212964
2026-08-12,ILI incidence,2026-08-30,4,RO,quantile,0.7,0.5019104984743512
2026-08-12,ILI incidence,2026-08-30,4,RO,quantile,0.75,0.5953736566660421
2026-08-12,ILI incidence,2026-08-30,4,RO,quantile,0.8,0.6964480435964737
2026-08-12,ILI incidence,2026-08-30,4,RO,quantile,0.85,0.8210462158640894
2026-08-12,ILI incidence,2026-08-30,4,RO,quantile,0.9,0.9909013687971508
2026-08-12,ILI incidence,2026-08-30,4,RO,quantile,0.95,1.2429891337442294
2026-08-12,ILI incidence,2026-08-30,4,RO,quantile,0.975,1.5163493736714848
2026-08-12,ILI incidence,2026-08-30,4,RO,quantile,0.99,1.8763475736421817
2026-08-12,ILI incidence,2026-08-09,1,SI,quantile,0.01,0.0
2026-08-12,ILI incidence,2026-08-09,1,SI,quantile,0.025,0.0
2026-08-12,ILI incidence,2026-08-09,1,SI,quantile,0.05,0.00873024842299468
2026-08-12,ILI incidence,2026-08-09,1,SI,quantile,0.1,0.07879278257352687
2026-08-12,ILI incidence,2026-08-09,1,SI,quantile,0.15,0.12926208118663277
2026-08-12,ILI incidence,2026-08-09,1,SI,quantile,0.2,0.1683020174094339
2026-08-12,ILI incidence,2026-08-09,1,SI,quantile,0.25,0.2088930025128282
2026-08-12,ILI incidence,2026-08-09,1,SI,quantile,0.3,0.2476151474131087
2026-08-12,ILI incidence,2026-08-09,1,SI,quantile,0.35,0.28902344083977805
2026-08-12,ILI incidence,2026-08-09,1,SI,quantile,0.4,0.3415223924331046
2026-08-12,ILI incidence,2026-08-09,1,SI,quantile,0.45,0.3943499387309183
2026-08-12,ILI incidence,2026-08-09,1,SI,quantile,0.5,0.4268428780724477
2026-08-12,ILI incidence,2026-08-09,1,SI,quantile,0.55,0.47226012843510234
2026-08-12,ILI incidence,2026-08-09,1,SI,quantile,0.6,0.5083195053133542
2026-08-12,ILI incidence,2026-08-09,1,SI,quantile,0.65,0.5447107371980083
2026-08-12,ILI incidence,2026-08-09,1,SI,quantile,0.7,0.5972107211983011
2026-08-12,ILI incidence,2026-08-09,1,SI,quantile,0.75,0.6686345128597879
2026-08-12,ILI incidence,2026-08-09,1,SI,quantile,0.8,0.7221282925911021
2026-08-12,ILI incidence,2026-08-09,1,SI,quantile,0.85,0.8146559588346011
2026-08-12,ILI incidence,2026-08-09,1,SI,quantile,0.9,0.9048757163534644
2026-08-12,ILI incidence,2026-08-09,1,SI,quantile,0.95,1.0184721638816951
2026-08-12,ILI incidence,2026-08-09,1,SI,quantile,0.975,1.1489877966232511
2026-08-12,ILI incidence,2026-08-09,1,SI,quantile,0.99,1.349163354869066
2026-08-12,ILI incidence,2026-08-16,2,SI,quantile,0.01,0.0
2026-08-12,ILI incidence,2026-08-16,2,SI,quantile,0.025,0.032256421805123475
2026-08-12,ILI incidence,2026-08-16,2,SI,quantile,0.05,0.09949586351053133
2026-08-12,ILI incidence,2026-08-16,2,SI,quantile,0.1,0.1704554977606147
2026-08-12,ILI incidence,2026-08-16,2,SI,quantile,0.15,0.21908984541890758
2026-08-12,ILI incidence,2026-08-16,2,SI,quantile,0.2,0.2507878015981107
2026-08-12,ILI incidence,2026-08-16,2,SI,quantile,0.25,0.298973665746044
2026-08-12,ILI incidence,2026-08-16,2,SI,quantile,0.3,0.33538478682016176
2026-08-12,ILI incidence,2026-08-16,2,SI,quantile,0.35,0.36948757132778415
2026-08-12,ILI incidence,2026-08-16,2,SI,quantile,0.4,0.41712236333172026
2026-08-12,ILI incidence,2026-08-16,2,SI,quantile,0.45,0.4634399146378999
2026-08-12,ILI incidence,2026-08-16,2,SI,quantile,0.5,0.49235734357609523
2026-08-12,ILI incidence,2026-08-16,2,SI,quantile,0.55,0.5280523937944328
2026-08-12,ILI incidence,2026-08-16,2,SI,quantile,0.6,0.5778579068280498
2026-08-12,ILI incidence,2026-08-16,2,SI,quantile,0.65,0.6310425242946586
2026-08-12,ILI incidence,2026-08-16,2,SI,quantile,0.7,0.6890323522425335
2026-08-12,ILI incidence,2026-08-16,2,SI,quantile,0.75,0.7539276721755814
2026-08-12,ILI incidence,2026-08-16,2,SI,quantile,0.8,0.804620837927661
2026-08-12,ILI incidence,2026-08-16,2,SI,quantile,0.85,0.8520500904810434
2026-08-12,ILI incidence,2026-08-16,2,SI,quantile,0.9,0.9135018475677418
2026-08-12,ILI incidence,2026-08-16,2,SI,quantile,0.95,1.0149163201521567
2026-08-12,ILI incidence,2026-08-16,2,SI,quantile,0.975,1.1478177481203282
2026-08-12,ILI incidence,2026-08-16,2,SI,quantile,0.99,1.3031657328572541
2026-08-12,ILI incidence,2026-08-23,3,SI,quantile,0.01,0.05568317598417797
2026-08-12,ILI incidence,2026-08-23,3,SI,quantile,0.025,0.09946868743710213
2026-08-12,ILI incidence,2026-08-23,3,SI,quantile,0.05,0.14412105809240666
2026-08-12,ILI incidence,2026-08-23,3,SI,quantile,0.1,0.22693764728482907
2026-08-12,ILI incidence,2026-08-23,3,SI,quantile,0.15,0.2873511659839127
2026-08-12,ILI incidence,2026-08-23,3,SI,quantile,0.2,0.33148158370021563
2026-08-12,ILI incidence,2026-08-23,3,SI,quantile,0.25,0.3697927118691875
2026-08-12,ILI incidence,2026-08-23,3,SI,quantile,0.3,0.42186670699900214
2026-08-12,ILI incidence,2026-08-23,3,SI,quantile,0.35,0.44509314020677104
2026-08-12,ILI incidence,2026-08-23,3,SI,quantile,0.4,0.4674834794955911
2026-08-12,ILI incidence,2026-08-23,3,SI,quantile,0.45,0.5039209346428414
2026-08-12,ILI incidence,2026-08-23,3,SI,quantile,0.5,0.5549331177501504
2026-08-12,ILI incidence,2026-08-23,3,SI,quantile,0.55,0.5900687930988197
2026-08-12,ILI incidence,2026-08-23,3,SI,quantile,0.6,0.6357030949892476
2026-08-12,ILI incidence,2026-08-23,3,SI,quantile,0.65,0.6850282087694892
2026-08-12,ILI incidence,2026-08-23,3,SI,quantile,0.7,0.7386200287126445
2026-08-12,ILI incidence,2026-08-23,3,SI,quantile,0.75,0.7983678155134597
2026-08-12,ILI incidence,2026-08-23,3,SI,quantile,0.8,0.8534299948181068
2026-08-12,ILI incidence,2026-08-23,3,SI,quantile,0.85,0.903841103371563
2026-08-12,ILI incidence,2026-08-23,3,SI,quantile,0.9,0.9692222578561492
2026-08-12,ILI incidence,2026-08-23,3,SI,quantile,0.95,1.0702798146835089
2026-08-12,ILI incidence,2026-08-23,3,SI,quantile,0.975,1.1621226279688148
2026-08-12,ILI incidence,2026-08-23,3,SI,quantile,0.99,1.3052862991228595
2026-08-12,ILI incidence,2026-08-30,4,SI,quantile,0.01,0.10824421258580562
2026-08-12,ILI incidence,2026-08-30,4,SI,quantile,0.025,0.1558708305257609
2026-08-12,ILI incidence,2026-08-30,4,SI,quantile,0.05,0.22130706464910815
2026-08-12,ILI incidence,2026-08-30,4,SI,quantile,0.1,0.3028822647419613
2026-08-12,ILI incidence,2026-08-30,4,SI,quantile,0.15,0.3631360406986733
2026-08-12,ILI incidence,2026-08-30,4,SI,quantile,0.2,0.4032718617073884
2026-08-12,ILI incidence,2026-08-30,4,SI,quantile,0.25,0.451530372391845
2026-08-12,ILI incidence,2026-08-30,4,SI,quantile,0.3,0.4908254859475717
2026-08-12,ILI incidence,2026-08-30,4,SI,quantile,0.35,0.5335402936767951
2026-08-12,ILI incidence,2026-08-30,4,SI,quantile,0.4,0.5745548893268028
2026-08-12,ILI incidence,2026-08-30,4,SI,quantile,0.45,0.6004647465027124
2026-08-12,ILI incidence,2026-08-30,4,SI,quantile,0.5,0.6366609309195909
2026-08-12,ILI incidence,2026-08-30,4,SI,quantile,0.55,0.6736757299102696
2026-08-12,ILI incidence,2026-08-30,4,SI,quantile,0.6,0.7121444086760339
2026-08-12,ILI incidence,2026-08-30,4,SI,quantile,0.65,0.75283429832594
2026-08-12,ILI incidence,2026-08-30,4,SI,quantile,0.7,0.8105728470032559
2026-08-12,ILI incidence,2026-08-30,4,SI,quantile,0.75,0.847722823805713
2026-08-12,ILI incidence,2026-08-30,4,SI,quantile,0.8,0.8973905559185914
2026-08-12,ILI incidence,2026-08-30,4,SI,quantile,0.85,0.9681881435198011
2026-08-12,ILI incidence,2026-08-30,4,SI,quantile,0.9,1.0559486265853009
2026-08-12,ILI incidence,2026-08-30,4,SI,quantile,0.95,1.193272339391718
2026-08-12,ILI incidence,2026-08-30,4,SI,quantile,0.975,1.3197866067857784
2026-08-12,ILI incidence,2026-08-30,4,SI,quantile,0.99,1.476090649451935
