origin_date,target,target_end_date,horizon,location,output_type,output_type_id,value
2026-09-02,ARI incidence,2026-08-30,1,BE,quantile,0.01,174.53949861177776
2026-09-02,ARI incidence,2026-08-30,1,BE,quantile,0.025,197.11799496308967
2026-09-02,ARI incidence,2026-08-30,1,BE,quantile,0.05,205.434318677346
2026-09-02,ARI incidence,2026-08-30,1,BE,quantile,0.1,232.5938514470807
2026-09-02,ARI incidence,2026-08-30,1,BE,quantile,0.15,263.48526817146546
2026-09-02,ARI incidence,2026-08-30,1,BE,quantile,0.2,290.92504252289535
2026-09-02,ARI incidence,2026-08-30,1,BE,quantile,0.25,316.72389602717163
2026-09-02,ARI incidence,2026-08-30,1,BE,quantile,0.3,341.55513191632394
2026-09-02,ARI incidence,2026-08-30,1,BE,quantile,0.35,359.6957720143908
2026-09-02,ARI incidence,2026-08-30,1,BE,quantile,0.4,377.7969681844955
2026-09-02,ARI incidence,2026-08-30,1,BE,quantile,0.45,401.3644106173853
2026-09-02,ARI incidence,2026-08-30,1,BE,quantile,0.5,424.45322984443015
2026-09-02,ARI incidence,2026-08-30,1,BE,quantile,0.55,435.0689751687181
2026-09-02,ARI incidence,2026-08-30,1,BE,quantile,0.6,461.00536789751834
2026-09-02,ARI incidence,2026-08-30,1,BE,quantile,0.65,489.43496113172506
2026-09-02,ARI incidence,2026-08-30,1,BE,quantile,0.7,521.2907966370782
2026-09-02,ARI incidence,2026-08-30,1,BE,quantile,0.75,557.9935116347201
2026-09-02,ARI incidence,2026-08-30,1,BE,quantile,0.8,568.2451775000471
2026-09-02,ARI incidence,2026-08-30,1,BE,quantile,0.85,593.8864488945527
2026-09-02,ARI incidence,2026-08-30,1,BE,quantile,0.9,613.9049293105948
2026-09-02,ARI incidence,2026-08-30,1,BE,quantile,0.95,644.8211405400117
2026-09-02,ARI incidence,2026-08-30,1,BE,quantile,0.975,672.8923795460208
2026-09-02,ARI incidence,2026-08-30,1,BE,quantile,0.99,715.0243712146673
2026-09-02,ARI incidence,2026-09-06,2,BE,quantile,0.01,150.44774687868454
2026-09-02,ARI incidence,2026-09-06,2,BE,quantile,0.025,168.79009815290436
2026-09-02,ARI incidence,2026-09-06,2,BE,quantile,0.05,190.169135569628
2026-09-02,ARI incidence,2026-09-06,2,BE,quantile,0.1,232.36928160819426
2026-09-02,ARI incidence,2026-09-06,2,BE,quantile,0.15,266.7501680708084
2026-09-02,ARI incidence,2026-09-06,2,BE,quantile,0.2,297.65262942575475
2026-09-02,ARI incidence,2026-09-06,2,BE,quantile,0.25,321.3748946245888
2026-09-02,ARI incidence,2026-09-06,2,BE,quantile,0.3,348.5129482058551
2026-09-02,ARI incidence,2026-09-06,2,BE,quantile,0.35,375.6956072506574
2026-09-02,ARI incidence,2026-09-06,2,BE,quantile,0.4,399.6048253365677
2026-09-02,ARI incidence,2026-09-06,2,BE,quantile,0.45,421.03866978808543
2026-09-02,ARI incidence,2026-09-06,2,BE,quantile,0.5,451.30848067285933
2026-09-02,ARI incidence,2026-09-06,2,BE,quantile,0.55,483.7493282814957
2026-09-02,ARI incidence,2026-09-06,2,BE,quantile,0.6,519.0969790654887
2026-09-02,ARI incidence,2026-09-06,2,BE,quantile,0.65,558.3425666306728
2026-09-02,ARI incidence,2026-09-06,2,BE,quantile,0.7,587.4773550267257
2026-09-02,ARI incidence,2026-09-06,2,BE,quantile,0.75,596.3764103214537
2026-09-02,ARI incidence,2026-09-06,2,BE,quantile,0.8,646.5348669760706
2026-09-02,ARI incidence,2026-09-06,2,BE,quantile,0.85,717.8651657246448
2026-09-02,ARI incidence,2026-09-06,2,BE,quantile,0.9,780.3065266321811
2026-09-02,ARI incidence,2026-09-06,2,BE,quantile,0.95,920.045826815918
2026-09-02,ARI incidence,2026-09-06,2,BE,quantile,0.975,1061.3361181866753
2026-09-02,ARI incidence,2026-09-06,2,BE,quantile,0.99,1253.0877195241117
2026-09-02,ARI incidence,2026-09-13,3,BE,quantile,0.01,169.67612621979848
2026-09-02,ARI incidence,2026-09-13,3,BE,quantile,0.025,204.7694084436295
2026-09-02,ARI incidence,2026-09-13,3,BE,quantile,0.05,240.67080931486265
2026-09-02,ARI incidence,2026-09-13,3,BE,quantile,0.1,289.9036357210278
2026-09-02,ARI incidence,2026-09-13,3,BE,quantile,0.15,328.6696388665388
2026-09-02,ARI incidence,2026-09-13,3,BE,quantile,0.2,363.1317578513555
2026-09-02,ARI incidence,2026-09-13,3,BE,quantile,0.25,395.55443771564234
2026-09-02,ARI incidence,2026-09-13,3,BE,quantile,0.3,429.24906356895065
2026-09-02,ARI incidence,2026-09-13,3,BE,quantile,0.35,461.4455969316589
2026-09-02,ARI incidence,2026-09-13,3,BE,quantile,0.4,490.64087350330584
2026-09-02,ARI incidence,2026-09-13,3,BE,quantile,0.45,525.0125969295832
2026-09-02,ARI incidence,2026-09-13,3,BE,quantile,0.5,562.1727131521301
2026-09-02,ARI incidence,2026-09-13,3,BE,quantile,0.55,601.958002698916
2026-09-02,ARI incidence,2026-09-13,3,BE,quantile,0.6,640.5678069413935
2026-09-02,ARI incidence,2026-09-13,3,BE,quantile,0.65,677.1066941402995
2026-09-02,ARI incidence,2026-09-13,3,BE,quantile,0.7,713.1883495740004
2026-09-02,ARI incidence,2026-09-13,3,BE,quantile,0.75,754.2829739118224
2026-09-02,ARI incidence,2026-09-13,3,BE,quantile,0.8,820.7196443542648
2026-09-02,ARI incidence,2026-09-13,3,BE,quantile,0.85,906.2511027410354
2026-09-02,ARI incidence,2026-09-13,3,BE,quantile,0.9,1010.1873542606249
2026-09-02,ARI incidence,2026-09-13,3,BE,quantile,0.95,1186.536696434682
2026-09-02,ARI incidence,2026-09-13,3,BE,quantile,0.975,1364.2163922405375
2026-09-02,ARI incidence,2026-09-13,3,BE,quantile,0.99,1614.6375528264566
2026-09-02,ARI incidence,2026-09-20,4,BE,quantile,0.01,183.49473114020475
2026-09-02,ARI incidence,2026-09-20,4,BE,quantile,0.025,221.86128158668504
2026-09-02,ARI incidence,2026-09-20,4,BE,quantile,0.05,261.1819046382852
2026-09-02,ARI incidence,2026-09-20,4,BE,quantile,0.1,315.2009736930286
2026-09-02,ARI incidence,2026-09-20,4,BE,quantile,0.15,357.803555951503
2026-09-02,ARI incidence,2026-09-20,4,BE,quantile,0.2,395.7202604560167
2026-09-02,ARI incidence,2026-09-20,4,BE,quantile,0.25,431.4272088498916
2026-09-02,ARI incidence,2026-09-20,4,BE,quantile,0.3,464.6106373720056
2026-09-02,ARI incidence,2026-09-20,4,BE,quantile,0.35,501.0691542852293
2026-09-02,ARI incidence,2026-09-20,4,BE,quantile,0.4,538.8271016736883
2026-09-02,ARI incidence,2026-09-20,4,BE,quantile,0.45,577.7786497907096
2026-09-02,ARI incidence,2026-09-20,4,BE,quantile,0.5,618.8556927606226
2026-09-02,ARI incidence,2026-09-20,4,BE,quantile,0.55,660.0948469930305
2026-09-02,ARI incidence,2026-09-20,4,BE,quantile,0.6,696.7494485695893
2026-09-02,ARI incidence,2026-09-20,4,BE,quantile,0.65,733.6720237194447
2026-09-02,ARI incidence,2026-09-20,4,BE,quantile,0.7,791.9483662310345
2026-09-02,ARI incidence,2026-09-20,4,BE,quantile,0.75,855.6686749803448
2026-09-02,ARI incidence,2026-09-20,4,BE,quantile,0.8,923.2029825850574
2026-09-02,ARI incidence,2026-09-20,4,BE,quantile,0.85,1008.6708913373751
2026-09-02,ARI incidence,2026-09-20,4,BE,quantile,0.9,1127.5258054439787
2026-09-02,ARI incidence,2026-09-20,4,BE,quantile,0.95,1329.9026595917628
2026-09-02,ARI incidence,2026-09-20,4,BE,quantile,0.975,1534.6024541999254
2026-09-02,ARI incidence,2026-09-20,4,BE,quantile,0.99,1812.515457559629
2026-09-02,ARI incidence,2026-08-30,1,BG,quantile,0.01,109.31540422836113
2026-09-02,ARI incidence,2026-08-30,1,BG,quantile,0.025,123.18002039583772
2026-09-02,ARI incidence,2026-08-30,1,BG,quantile,0.05,137.44277124276556
2026-09-02,ARI incidence,2026-08-30,1,BG,quantile,0.1,152.61405778959343
2026-09-02,ARI incidence,2026-08-30,1,BG,quantile,0.15,159.52098067865998
2026-09-02,ARI incidence,2026-08-30,1,BG,quantile,0.2,163.9767523320453
2026-09-02,ARI incidence,2026-08-30,1,BG,quantile,0.25,168.27123135306488
2026-09-02,ARI incidence,2026-08-30,1,BG,quantile,0.3,174.6410632910842
2026-09-02,ARI incidence,2026-08-30,1,BG,quantile,0.35,183.20334872270075
2026-09-02,ARI incidence,2026-08-30,1,BG,quantile,0.4,190.99329871374846
2026-09-02,ARI incidence,2026-08-30,1,BG,quantile,0.45,197.65926180466246
2026-09-02,ARI incidence,2026-08-30,1,BG,quantile,0.5,204.44546315107354
2026-09-02,ARI incidence,2026-08-30,1,BG,quantile,0.55,212.06314821194124
2026-09-02,ARI incidence,2026-08-30,1,BG,quantile,0.6,222.106418946174
2026-09-02,ARI incidence,2026-08-30,1,BG,quantile,0.65,232.123671172201
2026-09-02,ARI incidence,2026-08-30,1,BG,quantile,0.7,243.9260005261878
2026-09-02,ARI incidence,2026-08-30,1,BG,quantile,0.75,257.3626696829743
2026-09-02,ARI incidence,2026-08-30,1,BG,quantile,0.8,269.7002565985024
2026-09-02,ARI incidence,2026-08-30,1,BG,quantile,0.85,284.6741621588184
2026-09-02,ARI incidence,2026-08-30,1,BG,quantile,0.9,305.8581208651535
2026-09-02,ARI incidence,2026-08-30,1,BG,quantile,0.95,330.26573962222244
2026-09-02,ARI incidence,2026-08-30,1,BG,quantile,0.975,366.70296141019037
2026-09-02,ARI incidence,2026-08-30,1,BG,quantile,0.99,407.0039684004391
2026-09-02,ARI incidence,2026-09-06,2,BG,quantile,0.01,113.83953480291449
2026-09-02,ARI incidence,2026-09-06,2,BG,quantile,0.025,125.80957109874215
2026-09-02,ARI incidence,2026-09-06,2,BG,quantile,0.05,135.56235885485228
2026-09-02,ARI incidence,2026-09-06,2,BG,quantile,0.1,146.23014239812437
2026-09-02,ARI incidence,2026-09-06,2,BG,quantile,0.15,157.38057275139423
2026-09-02,ARI incidence,2026-09-06,2,BG,quantile,0.2,164.42605759247232
2026-09-02,ARI incidence,2026-09-06,2,BG,quantile,0.25,174.63662941652902
2026-09-02,ARI incidence,2026-09-06,2,BG,quantile,0.3,185.7471616391207
2026-09-02,ARI incidence,2026-09-06,2,BG,quantile,0.35,193.1859405067813
2026-09-02,ARI incidence,2026-09-06,2,BG,quantile,0.4,200.24654628532346
2026-09-02,ARI incidence,2026-09-06,2,BG,quantile,0.45,207.3220172269527
2026-09-02,ARI incidence,2026-09-06,2,BG,quantile,0.5,214.5281407523035
2026-09-02,ARI incidence,2026-09-06,2,BG,quantile,0.55,222.10530980920703
2026-09-02,ARI incidence,2026-09-06,2,BG,quantile,0.6,229.8232380310542
2026-09-02,ARI incidence,2026-09-06,2,BG,quantile,0.65,238.21597688748528
2026-09-02,ARI incidence,2026-09-06,2,BG,quantile,0.7,252.6165496604108
2026-09-02,ARI incidence,2026-09-06,2,BG,quantile,0.75,264.9710814434998
2026-09-02,ARI incidence,2026-09-06,2,BG,quantile,0.8,276.62446353546017
2026-09-02,ARI incidence,2026-09-06,2,BG,quantile,0.85,290.8538847456072
2026-09-02,ARI incidence,2026-09-06,2,BG,quantile,0.9,306.6313522402108
2026-09-02,ARI incidence,2026-09-06,2,BG,quantile,0.95,340.1624360106777
2026-09-02,ARI incidence,2026-09-06,2,BG,quantile,0.975,368.8909237589307
2026-09-02,ARI incidence,2026-09-06,2,BG,quantile,0.99,405.3492919073812
2026-09-02,ARI incidence,2026-09-13,3,BG,quantile,0.01,116.15714602779084
2026-09-02,ARI incidence,2026-09-13,3,BG,quantile,0.025,131.2269302902373
2026-09-02,ARI incidence,2026-09-13,3,BG,quantile,0.05,145.7292806598141
2026-09-02,ARI incidence,2026-09-13,3,BG,quantile,0.1,164.2250228374411
2026-09-02,ARI incidence,2026-09-13,3,BG,quantile,0.15,176.2842206869351
2026-09-02,ARI incidence,2026-09-13,3,BG,quantile,0.2,187.21158539656764
2026-09-02,ARI incidence,2026-09-13,3,BG,quantile,0.25,198.0000892130351
2026-09-02,ARI incidence,2026-09-13,3,BG,quantile,0.3,208.04044749472735
2026-09-02,ARI incidence,2026-09-13,3,BG,quantile,0.35,218.14716048985522
2026-09-02,ARI incidence,2026-09-13,3,BG,quantile,0.4,228.04957768676815
2026-09-02,ARI incidence,2026-09-13,3,BG,quantile,0.45,238.2290504614184
2026-09-02,ARI incidence,2026-09-13,3,BG,quantile,0.5,249.5949074702585
2026-09-02,ARI incidence,2026-09-13,3,BG,quantile,0.55,262.30862750603455
2026-09-02,ARI incidence,2026-09-13,3,BG,quantile,0.6,273.6498069500863
2026-09-02,ARI incidence,2026-09-13,3,BG,quantile,0.65,289.83884752776027
2026-09-02,ARI incidence,2026-09-13,3,BG,quantile,0.7,308.5878265793744
2026-09-02,ARI incidence,2026-09-13,3,BG,quantile,0.75,323.5149927513457
2026-09-02,ARI incidence,2026-09-13,3,BG,quantile,0.8,340.9855869976469
2026-09-02,ARI incidence,2026-09-13,3,BG,quantile,0.85,361.83062107219234
2026-09-02,ARI incidence,2026-09-13,3,BG,quantile,0.9,389.3072095660747
2026-09-02,ARI incidence,2026-09-13,3,BG,quantile,0.95,433.8762623504065
2026-09-02,ARI incidence,2026-09-13,3,BG,quantile,0.975,481.57250630142585
2026-09-02,ARI incidence,2026-09-13,3,BG,quantile,0.99,540.3614218541838
2026-09-02,ARI incidence,2026-09-20,4,BG,quantile,0.01,122.4781502931545
2026-09-02,ARI incidence,2026-09-20,4,BG,quantile,0.025,139.57311207272807
2026-09-02,ARI incidence,2026-09-20,4,BG,quantile,0.05,156.1570291309807
2026-09-02,ARI incidence,2026-09-20,4,BG,quantile,0.1,177.1065419698328
2026-09-02,ARI incidence,2026-09-20,4,BG,quantile,0.15,191.11046228458744
2026-09-02,ARI incidence,2026-09-20,4,BG,quantile,0.2,202.63322243534594
2026-09-02,ARI incidence,2026-09-20,4,BG,quantile,0.25,213.01306813294926
2026-09-02,ARI incidence,2026-09-20,4,BG,quantile,0.3,224.01749871003602
2026-09-02,ARI incidence,2026-09-20,4,BG,quantile,0.35,234.351893247376
2026-09-02,ARI incidence,2026-09-20,4,BG,quantile,0.4,248.4450105979329
2026-09-02,ARI incidence,2026-09-20,4,BG,quantile,0.45,258.06826922424364
2026-09-02,ARI incidence,2026-09-20,4,BG,quantile,0.5,268.71608095479854
2026-09-02,ARI incidence,2026-09-20,4,BG,quantile,0.55,281.7031390366722
2026-09-02,ARI incidence,2026-09-20,4,BG,quantile,0.6,297.8870294444871
2026-09-02,ARI incidence,2026-09-20,4,BG,quantile,0.65,315.5886465354739
2026-09-02,ARI incidence,2026-09-20,4,BG,quantile,0.7,337.3340731484343
2026-09-02,ARI incidence,2026-09-20,4,BG,quantile,0.75,356.11671763762325
2026-09-02,ARI incidence,2026-09-20,4,BG,quantile,0.8,377.876620543891
2026-09-02,ARI incidence,2026-09-20,4,BG,quantile,0.85,403.27238378558195
2026-09-02,ARI incidence,2026-09-20,4,BG,quantile,0.9,435.6351674538956
2026-09-02,ARI incidence,2026-09-20,4,BG,quantile,0.95,482.72051557053294
2026-09-02,ARI incidence,2026-09-20,4,BG,quantile,0.975,530.2790418512716
2026-09-02,ARI incidence,2026-09-20,4,BG,quantile,0.99,588.7156494822675
2026-09-02,ARI incidence,2026-08-30,1,DE,quantile,0.01,363.04886394962125
2026-09-02,ARI incidence,2026-08-30,1,DE,quantile,0.025,385.88386482263047
2026-09-02,ARI incidence,2026-08-30,1,DE,quantile,0.05,403.92610182336347
2026-09-02,ARI incidence,2026-08-30,1,DE,quantile,0.1,424.317211624592
2026-09-02,ARI incidence,2026-08-30,1,DE,quantile,0.15,450.0024670127516
2026-09-02,ARI incidence,2026-08-30,1,DE,quantile,0.2,464.8298896012588
2026-09-02,ARI incidence,2026-08-30,1,DE,quantile,0.25,477.9383972422492
2026-09-02,ARI incidence,2026-08-30,1,DE,quantile,0.3,490.0243157543883
2026-09-02,ARI incidence,2026-08-30,1,DE,quantile,0.35,502.9511990160396
2026-09-02,ARI incidence,2026-08-30,1,DE,quantile,0.4,524.6870395237196
2026-09-02,ARI incidence,2026-08-30,1,DE,quantile,0.45,535.8920121461589
2026-09-02,ARI incidence,2026-08-30,1,DE,quantile,0.5,546.9382211894161
2026-09-02,ARI incidence,2026-08-30,1,DE,quantile,0.55,560.3068830299845
2026-09-02,ARI incidence,2026-08-30,1,DE,quantile,0.6,585.59904267107
2026-09-02,ARI incidence,2026-08-30,1,DE,quantile,0.65,606.9128053713083
2026-09-02,ARI incidence,2026-08-30,1,DE,quantile,0.7,630.8595330389397
2026-09-02,ARI incidence,2026-08-30,1,DE,quantile,0.75,649.1027690406137
2026-09-02,ARI incidence,2026-08-30,1,DE,quantile,0.8,660.0593704820443
2026-09-02,ARI incidence,2026-08-30,1,DE,quantile,0.85,681.659684132866
2026-09-02,ARI incidence,2026-08-30,1,DE,quantile,0.9,712.4052675736881
2026-09-02,ARI incidence,2026-08-30,1,DE,quantile,0.95,807.2153073430902
2026-09-02,ARI incidence,2026-08-30,1,DE,quantile,0.975,852.6905908707929
2026-09-02,ARI incidence,2026-08-30,1,DE,quantile,0.99,884.5485300744474
2026-09-02,ARI incidence,2026-09-06,2,DE,quantile,0.01,272.97560934058464
2026-09-02,ARI incidence,2026-09-06,2,DE,quantile,0.025,308.92601730137267
2026-09-02,ARI incidence,2026-09-06,2,DE,quantile,0.05,343.59634329065375
2026-09-02,ARI incidence,2026-09-06,2,DE,quantile,0.1,388.4093693782793
2026-09-02,ARI incidence,2026-09-06,2,DE,quantile,0.15,420.1497164317684
2026-09-02,ARI incidence,2026-09-06,2,DE,quantile,0.2,447.9358976322105
2026-09-02,ARI incidence,2026-09-06,2,DE,quantile,0.25,476.6689777273705
2026-09-02,ARI incidence,2026-09-06,2,DE,quantile,0.3,501.4145659339071
2026-09-02,ARI incidence,2026-09-06,2,DE,quantile,0.35,525.487955004501
2026-09-02,ARI incidence,2026-09-06,2,DE,quantile,0.4,548.8811974972938
2026-09-02,ARI incidence,2026-09-06,2,DE,quantile,0.45,572.5128978212481
2026-09-02,ARI incidence,2026-09-06,2,DE,quantile,0.5,595.5404494642752
2026-09-02,ARI incidence,2026-09-06,2,DE,quantile,0.55,617.0996182617632
2026-09-02,ARI incidence,2026-09-06,2,DE,quantile,0.6,641.2216930141627
2026-09-02,ARI incidence,2026-09-06,2,DE,quantile,0.65,672.1874495472439
2026-09-02,ARI incidence,2026-09-06,2,DE,quantile,0.7,702.5930825989
2026-09-02,ARI incidence,2026-09-06,2,DE,quantile,0.75,738.6502620226654
2026-09-02,ARI incidence,2026-09-06,2,DE,quantile,0.8,781.2938512550343
2026-09-02,ARI incidence,2026-09-06,2,DE,quantile,0.85,837.9987687525504
2026-09-02,ARI incidence,2026-09-06,2,DE,quantile,0.9,905.6671428366395
2026-09-02,ARI incidence,2026-09-06,2,DE,quantile,0.95,1032.2931673111898
2026-09-02,ARI incidence,2026-09-06,2,DE,quantile,0.975,1158.1674659893536
2026-09-02,ARI incidence,2026-09-06,2,DE,quantile,0.99,1286.1449750530167
2026-09-02,ARI incidence,2026-09-13,3,DE,quantile,0.01,287.1714968293597
2026-09-02,ARI incidence,2026-09-13,3,DE,quantile,0.025,328.1516435669138
2026-09-02,ARI incidence,2026-09-13,3,DE,quantile,0.05,370.16719234637435
2026-09-02,ARI incidence,2026-09-13,3,DE,quantile,0.1,427.4626672419978
2026-09-02,ARI incidence,2026-09-13,3,DE,quantile,0.15,470.99357215566636
2026-09-02,ARI incidence,2026-09-13,3,DE,quantile,0.2,503.1533235437842
2026-09-02,ARI incidence,2026-09-13,3,DE,quantile,0.25,534.130475645836
2026-09-02,ARI incidence,2026-09-13,3,DE,quantile,0.3,567.9650714202901
2026-09-02,ARI incidence,2026-09-13,3,DE,quantile,0.35,598.8359726855111
2026-09-02,ARI incidence,2026-09-13,3,DE,quantile,0.4,623.5007237123458
2026-09-02,ARI incidence,2026-09-13,3,DE,quantile,0.45,654.1728286768789
2026-09-02,ARI incidence,2026-09-13,3,DE,quantile,0.5,686.8648827888876
2026-09-02,ARI incidence,2026-09-13,3,DE,quantile,0.55,720.6399198947324
2026-09-02,ARI incidence,2026-09-13,3,DE,quantile,0.6,750.7879067996366
2026-09-02,ARI incidence,2026-09-13,3,DE,quantile,0.65,779.1511780162971
2026-09-02,ARI incidence,2026-09-13,3,DE,quantile,0.7,835.151827586085
2026-09-02,ARI incidence,2026-09-13,3,DE,quantile,0.75,873.0089363661111
2026-09-02,ARI incidence,2026-09-13,3,DE,quantile,0.8,940.1154643286842
2026-09-02,ARI incidence,2026-09-13,3,DE,quantile,0.85,998.9476685168295
2026-09-02,ARI incidence,2026-09-13,3,DE,quantile,0.9,1097.7827098271466
2026-09-02,ARI incidence,2026-09-13,3,DE,quantile,0.95,1268.3324315617365
2026-09-02,ARI incidence,2026-09-13,3,DE,quantile,0.975,1437.5556568701377
2026-09-02,ARI incidence,2026-09-13,3,DE,quantile,0.99,1657.7690774739324
2026-09-02,ARI incidence,2026-09-20,4,DE,quantile,0.01,300.5823227808495
2026-09-02,ARI incidence,2026-09-20,4,DE,quantile,0.025,348.8660101492803
2026-09-02,ARI incidence,2026-09-20,4,DE,quantile,0.05,394.4739144490334
2026-09-02,ARI incidence,2026-09-20,4,DE,quantile,0.1,455.95102237723586
2026-09-02,ARI incidence,2026-09-20,4,DE,quantile,0.15,502.74181444699485
2026-09-02,ARI incidence,2026-09-20,4,DE,quantile,0.2,543.3236192528732
2026-09-02,ARI incidence,2026-09-20,4,DE,quantile,0.25,580.7349783526989
2026-09-02,ARI incidence,2026-09-20,4,DE,quantile,0.3,616.517873205002
2026-09-02,ARI incidence,2026-09-20,4,DE,quantile,0.35,648.2399205517082
2026-09-02,ARI incidence,2026-09-20,4,DE,quantile,0.4,675.9888228564967
2026-09-02,ARI incidence,2026-09-20,4,DE,quantile,0.45,705.0080529934793
2026-09-02,ARI incidence,2026-09-20,4,DE,quantile,0.5,749.8929369850896
2026-09-02,ARI incidence,2026-09-20,4,DE,quantile,0.55,780.2088187688744
2026-09-02,ARI incidence,2026-09-20,4,DE,quantile,0.6,815.2261979639181
2026-09-02,ARI incidence,2026-09-20,4,DE,quantile,0.65,857.245657909585
2026-09-02,ARI incidence,2026-09-20,4,DE,quantile,0.7,895.9876982625367
2026-09-02,ARI incidence,2026-09-20,4,DE,quantile,0.75,957.9924405862621
2026-09-02,ARI incidence,2026-09-20,4,DE,quantile,0.8,1021.3431721699862
2026-09-02,ARI incidence,2026-09-20,4,DE,quantile,0.85,1100.4871930499517
2026-09-02,ARI incidence,2026-09-20,4,DE,quantile,0.9,1208.8299939678745
2026-09-02,ARI incidence,2026-09-20,4,DE,quantile,0.95,1380.5329828309912
2026-09-02,ARI incidence,2026-09-20,4,DE,quantile,0.975,1565.2832132394083
2026-09-02,ARI incidence,2026-09-20,4,DE,quantile,0.99,1803.663159757082
2026-09-02,ARI incidence,2026-08-30,1,EE,quantile,0.01,49.2056171578357
2026-09-02,ARI incidence,2026-08-30,1,EE,quantile,0.025,56.538195453592095
2026-09-02,ARI incidence,2026-08-30,1,EE,quantile,0.05,62.90868898187249
2026-09-02,ARI incidence,2026-08-30,1,EE,quantile,0.1,71.13366872748628
2026-09-02,ARI incidence,2026-08-30,1,EE,quantile,0.15,77.34069541842022
2026-09-02,ARI incidence,2026-08-30,1,EE,quantile,0.2,83.6447232480541
2026-09-02,ARI incidence,2026-08-30,1,EE,quantile,0.25,89.78418298249265
2026-09-02,ARI incidence,2026-08-30,1,EE,quantile,0.3,95.67620163406896
2026-09-02,ARI incidence,2026-08-30,1,EE,quantile,0.35,99.83936712264286
2026-09-02,ARI incidence,2026-08-30,1,EE,quantile,0.4,103.54206933389044
2026-09-02,ARI incidence,2026-08-30,1,EE,quantile,0.45,108.7015359867547
2026-09-02,ARI incidence,2026-08-30,1,EE,quantile,0.5,111.20721190953408
2026-09-02,ARI incidence,2026-08-30,1,EE,quantile,0.55,115.44221569555893
2026-09-02,ARI incidence,2026-08-30,1,EE,quantile,0.6,121.95413508882105
2026-09-02,ARI incidence,2026-08-30,1,EE,quantile,0.65,128.5289640776637
2026-09-02,ARI incidence,2026-08-30,1,EE,quantile,0.7,134.10759655534358
2026-09-02,ARI incidence,2026-08-30,1,EE,quantile,0.75,142.14524410430133
2026-09-02,ARI incidence,2026-08-30,1,EE,quantile,0.8,152.6071466942267
2026-09-02,ARI incidence,2026-08-30,1,EE,quantile,0.85,165.41059622983158
2026-09-02,ARI incidence,2026-08-30,1,EE,quantile,0.9,180.18189667496816
2026-09-02,ARI incidence,2026-08-30,1,EE,quantile,0.95,204.5210424618665
2026-09-02,ARI incidence,2026-08-30,1,EE,quantile,0.975,228.26426905615867
2026-09-02,ARI incidence,2026-08-30,1,EE,quantile,0.99,259.3407969617837
2026-09-02,ARI incidence,2026-09-06,2,EE,quantile,0.01,57.2742739790875
2026-09-02,ARI incidence,2026-09-06,2,EE,quantile,0.025,65.64231630990082
2026-09-02,ARI incidence,2026-09-06,2,EE,quantile,0.05,72.08241658011063
2026-09-02,ARI incidence,2026-09-06,2,EE,quantile,0.1,83.27033190121216
2026-09-02,ARI incidence,2026-09-06,2,EE,quantile,0.15,91.28390340646534
2026-09-02,ARI incidence,2026-09-06,2,EE,quantile,0.2,97.96226223904641
2026-09-02,ARI incidence,2026-09-06,2,EE,quantile,0.25,103.43673827298664
2026-09-02,ARI incidence,2026-09-06,2,EE,quantile,0.3,108.45041792915015
2026-09-02,ARI incidence,2026-09-06,2,EE,quantile,0.35,113.31094644067892
2026-09-02,ARI incidence,2026-09-06,2,EE,quantile,0.4,118.12254991110011
2026-09-02,ARI incidence,2026-09-06,2,EE,quantile,0.45,124.20634663662813
2026-09-02,ARI incidence,2026-09-06,2,EE,quantile,0.5,129.22033168841767
2026-09-02,ARI incidence,2026-09-06,2,EE,quantile,0.55,134.90678864670136
2026-09-02,ARI incidence,2026-09-06,2,EE,quantile,0.6,141.32277016139807
2026-09-02,ARI incidence,2026-09-06,2,EE,quantile,0.65,149.77782974508057
2026-09-02,ARI incidence,2026-09-06,2,EE,quantile,0.7,156.58109861830664
2026-09-02,ARI incidence,2026-09-06,2,EE,quantile,0.75,165.6881225796732
2026-09-02,ARI incidence,2026-09-06,2,EE,quantile,0.8,175.48025864180858
2026-09-02,ARI incidence,2026-09-06,2,EE,quantile,0.85,189.24505597074256
2026-09-02,ARI incidence,2026-09-06,2,EE,quantile,0.9,209.55098508273895
2026-09-02,ARI incidence,2026-09-06,2,EE,quantile,0.95,240.94202816515408
2026-09-02,ARI incidence,2026-09-06,2,EE,quantile,0.975,268.98161639849286
2026-09-02,ARI incidence,2026-09-06,2,EE,quantile,0.99,305.6945641230466
2026-09-02,ARI incidence,2026-09-13,3,EE,quantile,0.01,66.87782437775726
2026-09-02,ARI incidence,2026-09-13,3,EE,quantile,0.025,77.47332187532308
2026-09-02,ARI incidence,2026-09-13,3,EE,quantile,0.05,86.98502655264932
2026-09-02,ARI incidence,2026-09-13,3,EE,quantile,0.1,99.36353711548935
2026-09-02,ARI incidence,2026-09-13,3,EE,quantile,0.15,109.5910210768362
2026-09-02,ARI incidence,2026-09-13,3,EE,quantile,0.2,117.38772037349274
2026-09-02,ARI incidence,2026-09-13,3,EE,quantile,0.25,125.40765207484093
2026-09-02,ARI incidence,2026-09-13,3,EE,quantile,0.3,133.18560520972238
2026-09-02,ARI incidence,2026-09-13,3,EE,quantile,0.35,140.1911220286532
2026-09-02,ARI incidence,2026-09-13,3,EE,quantile,0.4,147.17656197856314
2026-09-02,ARI incidence,2026-09-13,3,EE,quantile,0.45,154.26382717313714
2026-09-02,ARI incidence,2026-09-13,3,EE,quantile,0.5,161.6158096348558
2026-09-02,ARI incidence,2026-09-13,3,EE,quantile,0.55,171.21039954012895
2026-09-02,ARI incidence,2026-09-13,3,EE,quantile,0.6,180.56263934118275
2026-09-02,ARI incidence,2026-09-13,3,EE,quantile,0.65,189.00245633866191
2026-09-02,ARI incidence,2026-09-13,3,EE,quantile,0.7,198.32167987340108
2026-09-02,ARI incidence,2026-09-13,3,EE,quantile,0.75,208.89203686627718
2026-09-02,ARI incidence,2026-09-13,3,EE,quantile,0.8,222.32424568381123
2026-09-02,ARI incidence,2026-09-13,3,EE,quantile,0.85,243.1718478688804
2026-09-02,ARI incidence,2026-09-13,3,EE,quantile,0.9,272.1895990899873
2026-09-02,ARI incidence,2026-09-13,3,EE,quantile,0.95,315.8239958185355
2026-09-02,ARI incidence,2026-09-13,3,EE,quantile,0.975,357.2785415958275
2026-09-02,ARI incidence,2026-09-13,3,EE,quantile,0.99,412.3453088060648
2026-09-02,ARI incidence,2026-09-20,4,EE,quantile,0.01,73.6268312659892
2026-09-02,ARI incidence,2026-09-20,4,EE,quantile,0.025,84.37498838630101
2026-09-02,ARI incidence,2026-09-20,4,EE,quantile,0.05,95.71689471395163
2026-09-02,ARI incidence,2026-09-20,4,EE,quantile,0.1,110.24623044700935
2026-09-02,ARI incidence,2026-09-20,4,EE,quantile,0.15,121.64178840512184
2026-09-02,ARI incidence,2026-09-20,4,EE,quantile,0.2,130.7672983489474
2026-09-02,ARI incidence,2026-09-20,4,EE,quantile,0.25,140.6372666569982
2026-09-02,ARI incidence,2026-09-20,4,EE,quantile,0.3,149.35260857636527
2026-09-02,ARI incidence,2026-09-20,4,EE,quantile,0.35,157.906680476317
2026-09-02,ARI incidence,2026-09-20,4,EE,quantile,0.4,166.47323246349652
2026-09-02,ARI incidence,2026-09-20,4,EE,quantile,0.45,175.20077272948646
2026-09-02,ARI incidence,2026-09-20,4,EE,quantile,0.5,184.75618741356942
2026-09-02,ARI incidence,2026-09-20,4,EE,quantile,0.55,195.1124739070511
2026-09-02,ARI incidence,2026-09-20,4,EE,quantile,0.6,204.07589458120066
2026-09-02,ARI incidence,2026-09-20,4,EE,quantile,0.65,218.3168985677366
2026-09-02,ARI incidence,2026-09-20,4,EE,quantile,0.7,230.27202177516523
2026-09-02,ARI incidence,2026-09-20,4,EE,quantile,0.75,243.64398090962314
2026-09-02,ARI incidence,2026-09-20,4,EE,quantile,0.8,259.4460822729048
2026-09-02,ARI incidence,2026-09-20,4,EE,quantile,0.85,279.1581610189983
2026-09-02,ARI incidence,2026-09-20,4,EE,quantile,0.9,307.4292393503661
2026-09-02,ARI incidence,2026-09-20,4,EE,quantile,0.95,355.39312877124576
2026-09-02,ARI incidence,2026-09-20,4,EE,quantile,0.975,402.99520849315604
2026-09-02,ARI incidence,2026-09-20,4,EE,quantile,0.99,468.3638241262136
2026-09-02,ARI incidence,2026-08-30,1,ES,quantile,0.01,185.85418456870138
2026-09-02,ARI incidence,2026-08-30,1,ES,quantile,0.025,194.96270019888738
2026-09-02,ARI incidence,2026-08-30,1,ES,quantile,0.05,203.77053700930344
2026-09-02,ARI incidence,2026-08-30,1,ES,quantile,0.1,231.27329150175905
2026-09-02,ARI incidence,2026-08-30,1,ES,quantile,0.15,254.59256933770496
2026-09-02,ARI incidence,2026-08-30,1,ES,quantile,0.2,272.0945930247739
2026-09-02,ARI incidence,2026-08-30,1,ES,quantile,0.25,292.28150605636097
2026-09-02,ARI incidence,2026-08-30,1,ES,quantile,0.3,308.76454700342583
2026-09-02,ARI incidence,2026-08-30,1,ES,quantile,0.35,322.4243716306659
2026-09-02,ARI incidence,2026-08-30,1,ES,quantile,0.4,336.271038133829
2026-09-02,ARI incidence,2026-08-30,1,ES,quantile,0.45,350.2318259786247
2026-09-02,ARI incidence,2026-08-30,1,ES,quantile,0.5,362.56511559505293
2026-09-02,ARI incidence,2026-08-30,1,ES,quantile,0.55,378.4343634620542
2026-09-02,ARI incidence,2026-08-30,1,ES,quantile,0.6,388.668408723864
2026-09-02,ARI incidence,2026-08-30,1,ES,quantile,0.65,397.22346442185335
2026-09-02,ARI incidence,2026-08-30,1,ES,quantile,0.7,402.8007705833686
2026-09-02,ARI incidence,2026-08-30,1,ES,quantile,0.75,408.9072254257758
2026-09-02,ARI incidence,2026-08-30,1,ES,quantile,0.8,415.81578251027105
2026-09-02,ARI incidence,2026-08-30,1,ES,quantile,0.85,424.01564596258993
2026-09-02,ARI incidence,2026-08-30,1,ES,quantile,0.9,434.56250778925136
2026-09-02,ARI incidence,2026-08-30,1,ES,quantile,0.95,450.6778885302979
2026-09-02,ARI incidence,2026-08-30,1,ES,quantile,0.975,480.61959272482386
2026-09-02,ARI incidence,2026-08-30,1,ES,quantile,0.99,551.9472751982852
2026-09-02,ARI incidence,2026-09-06,2,ES,quantile,0.01,156.2422987783841
2026-09-02,ARI incidence,2026-09-06,2,ES,quantile,0.025,180.7914729976451
2026-09-02,ARI incidence,2026-09-06,2,ES,quantile,0.05,207.8915756034599
2026-09-02,ARI incidence,2026-09-06,2,ES,quantile,0.1,240.54290331779637
2026-09-02,ARI incidence,2026-09-06,2,ES,quantile,0.15,261.550584728845
2026-09-02,ARI incidence,2026-09-06,2,ES,quantile,0.2,282.4752254547813
2026-09-02,ARI incidence,2026-09-06,2,ES,quantile,0.25,300.8347776873296
2026-09-02,ARI incidence,2026-09-06,2,ES,quantile,0.3,315.59271688166564
2026-09-02,ARI incidence,2026-09-06,2,ES,quantile,0.35,331.509907077038
2026-09-02,ARI incidence,2026-09-06,2,ES,quantile,0.4,347.51511781539784
2026-09-02,ARI incidence,2026-09-06,2,ES,quantile,0.45,363.73323306885777
2026-09-02,ARI incidence,2026-09-06,2,ES,quantile,0.5,380.4308918806451
2026-09-02,ARI incidence,2026-09-06,2,ES,quantile,0.55,397.89297735969535
2026-09-02,ARI incidence,2026-09-06,2,ES,quantile,0.6,416.4554211387967
2026-09-02,ARI incidence,2026-09-06,2,ES,quantile,0.65,427.46066812240514
2026-09-02,ARI incidence,2026-09-06,2,ES,quantile,0.7,445.5212173263911
2026-09-02,ARI incidence,2026-09-06,2,ES,quantile,0.75,468.9150062109472
2026-09-02,ARI incidence,2026-09-06,2,ES,quantile,0.8,496.41020748164055
2026-09-02,ARI incidence,2026-09-06,2,ES,quantile,0.85,523.7352845650995
2026-09-02,ARI incidence,2026-09-06,2,ES,quantile,0.9,561.2828768233949
2026-09-02,ARI incidence,2026-09-06,2,ES,quantile,0.95,630.1568861042161
2026-09-02,ARI incidence,2026-09-06,2,ES,quantile,0.975,696.6910161504455
2026-09-02,ARI incidence,2026-09-06,2,ES,quantile,0.99,782.9191732209828
2026-09-02,ARI incidence,2026-09-13,3,ES,quantile,0.01,169.96962080945474
2026-09-02,ARI incidence,2026-09-13,3,ES,quantile,0.025,201.59016661801502
2026-09-02,ARI incidence,2026-09-13,3,ES,quantile,0.05,234.482998027966
2026-09-02,ARI incidence,2026-09-13,3,ES,quantile,0.1,267.88533166122033
2026-09-02,ARI incidence,2026-09-13,3,ES,quantile,0.15,291.74072736755187
2026-09-02,ARI incidence,2026-09-13,3,ES,quantile,0.2,312.73263557038945
2026-09-02,ARI incidence,2026-09-13,3,ES,quantile,0.25,335.7975250935556
2026-09-02,ARI incidence,2026-09-13,3,ES,quantile,0.3,355.57862616255545
2026-09-02,ARI incidence,2026-09-13,3,ES,quantile,0.35,376.2282566621275
2026-09-02,ARI incidence,2026-09-13,3,ES,quantile,0.4,394.65266559774835
2026-09-02,ARI incidence,2026-09-13,3,ES,quantile,0.45,411.5663662414145
2026-09-02,ARI incidence,2026-09-13,3,ES,quantile,0.5,429.7379575730735
2026-09-02,ARI incidence,2026-09-13,3,ES,quantile,0.55,449.94009039436486
2026-09-02,ARI incidence,2026-09-13,3,ES,quantile,0.6,470.109256771431
2026-09-02,ARI incidence,2026-09-13,3,ES,quantile,0.65,487.73240612293694
2026-09-02,ARI incidence,2026-09-13,3,ES,quantile,0.7,509.56229804305923
2026-09-02,ARI incidence,2026-09-13,3,ES,quantile,0.75,535.3128993520736
2026-09-02,ARI incidence,2026-09-13,3,ES,quantile,0.8,565.5186290853237
2026-09-02,ARI incidence,2026-09-13,3,ES,quantile,0.85,602.8808877155564
2026-09-02,ARI incidence,2026-09-13,3,ES,quantile,0.9,653.4114307525092
2026-09-02,ARI incidence,2026-09-13,3,ES,quantile,0.95,740.8199821352348
2026-09-02,ARI incidence,2026-09-13,3,ES,quantile,0.975,826.4766365193702
2026-09-02,ARI incidence,2026-09-13,3,ES,quantile,0.99,936.9523509863917
2026-09-02,ARI incidence,2026-09-20,4,ES,quantile,0.01,176.76097969453883
2026-09-02,ARI incidence,2026-09-20,4,ES,quantile,0.025,210.71507121155966
2026-09-02,ARI incidence,2026-09-20,4,ES,quantile,0.05,243.3662730582547
2026-09-02,ARI incidence,2026-09-20,4,ES,quantile,0.1,276.95977036851843
2026-09-02,ARI incidence,2026-09-20,4,ES,quantile,0.15,302.1969685236146
2026-09-02,ARI incidence,2026-09-20,4,ES,quantile,0.2,323.87906272869486
2026-09-02,ARI incidence,2026-09-20,4,ES,quantile,0.25,344.7999079201851
2026-09-02,ARI incidence,2026-09-20,4,ES,quantile,0.3,374.060248685616
2026-09-02,ARI incidence,2026-09-20,4,ES,quantile,0.35,402.28453541819255
2026-09-02,ARI incidence,2026-09-20,4,ES,quantile,0.4,420.437059740027
2026-09-02,ARI incidence,2026-09-20,4,ES,quantile,0.45,438.77715133453546
2026-09-02,ARI incidence,2026-09-20,4,ES,quantile,0.5,457.6055336494915
2026-09-02,ARI incidence,2026-09-20,4,ES,quantile,0.55,477.773451434517
2026-09-02,ARI incidence,2026-09-20,4,ES,quantile,0.6,504.18393269676386
2026-09-02,ARI incidence,2026-09-20,4,ES,quantile,0.65,526.8879578896735
2026-09-02,ARI incidence,2026-09-20,4,ES,quantile,0.7,548.5319203982688
2026-09-02,ARI incidence,2026-09-20,4,ES,quantile,0.75,573.3329456072363
2026-09-02,ARI incidence,2026-09-20,4,ES,quantile,0.8,606.2657957285567
2026-09-02,ARI incidence,2026-09-20,4,ES,quantile,0.85,647.0439577673394
2026-09-02,ARI incidence,2026-09-20,4,ES,quantile,0.9,702.2646257163334
2026-09-02,ARI incidence,2026-09-20,4,ES,quantile,0.95,792.8826780363065
2026-09-02,ARI incidence,2026-09-20,4,ES,quantile,0.975,880.8841828943122
2026-09-02,ARI incidence,2026-09-20,4,ES,quantile,0.99,997.8967843183723
2026-09-02,ARI incidence,2026-08-30,1,FI,quantile,0.01,1217.0323074009889
2026-09-02,ARI incidence,2026-08-30,1,FI,quantile,0.025,1313.7044251707464
2026-09-02,ARI incidence,2026-08-30,1,FI,quantile,0.05,1402.9626916614295
2026-09-02,ARI incidence,2026-08-30,1,FI,quantile,0.1,1472.3243731406073
2026-09-02,ARI incidence,2026-08-30,1,FI,quantile,0.15,1520.8489298150744
2026-09-02,ARI incidence,2026-08-30,1,FI,quantile,0.2,1583.8963753115468
2026-09-02,ARI incidence,2026-08-30,1,FI,quantile,0.25,1626.4281822880696
2026-09-02,ARI incidence,2026-08-30,1,FI,quantile,0.3,1663.2462681645952
2026-09-02,ARI incidence,2026-08-30,1,FI,quantile,0.35,1714.542377605635
2026-09-02,ARI incidence,2026-08-30,1,FI,quantile,0.4,1775.2253350794701
2026-09-02,ARI incidence,2026-08-30,1,FI,quantile,0.45,1851.3621938601343
2026-09-02,ARI incidence,2026-08-30,1,FI,quantile,0.5,1901.0621641406672
2026-09-02,ARI incidence,2026-08-30,1,FI,quantile,0.55,1929.6338404593926
2026-09-02,ARI incidence,2026-08-30,1,FI,quantile,0.6,2056.976989040915
2026-09-02,ARI incidence,2026-08-30,1,FI,quantile,0.65,2119.5750033760755
2026-09-02,ARI incidence,2026-08-30,1,FI,quantile,0.7,2209.4669197602484
2026-09-02,ARI incidence,2026-08-30,1,FI,quantile,0.75,2275.8237680076286
2026-09-02,ARI incidence,2026-08-30,1,FI,quantile,0.8,2385.5202819928813
2026-09-02,ARI incidence,2026-08-30,1,FI,quantile,0.85,2537.317962394829
2026-09-02,ARI incidence,2026-08-30,1,FI,quantile,0.9,2682.742470270974
2026-09-02,ARI incidence,2026-08-30,1,FI,quantile,0.95,2887.2319593275924
2026-09-02,ARI incidence,2026-08-30,1,FI,quantile,0.975,3059.5886068912655
2026-09-02,ARI incidence,2026-08-30,1,FI,quantile,0.99,3272.9638488644596
2026-09-02,ARI incidence,2026-09-06,2,FI,quantile,0.01,1063.9552280024618
2026-09-02,ARI incidence,2026-09-06,2,FI,quantile,0.025,1191.9102545482435
2026-09-02,ARI incidence,2026-09-06,2,FI,quantile,0.05,1294.3086326940593
2026-09-02,ARI incidence,2026-09-06,2,FI,quantile,0.1,1423.3232942460422
2026-09-02,ARI incidence,2026-09-06,2,FI,quantile,0.15,1537.3735898652349
2026-09-02,ARI incidence,2026-09-06,2,FI,quantile,0.2,1648.7955993072485
2026-09-02,ARI incidence,2026-09-06,2,FI,quantile,0.25,1704.1356593122086
2026-09-02,ARI incidence,2026-09-06,2,FI,quantile,0.3,1794.8405627433278
2026-09-02,ARI incidence,2026-09-06,2,FI,quantile,0.35,1860.9181910896998
2026-09-02,ARI incidence,2026-09-06,2,FI,quantile,0.4,1923.068866661205
2026-09-02,ARI incidence,2026-09-06,2,FI,quantile,0.45,1982.09055710663
2026-09-02,ARI incidence,2026-09-06,2,FI,quantile,0.5,2048.291908540194
2026-09-02,ARI incidence,2026-09-06,2,FI,quantile,0.55,2146.352440211959
2026-09-02,ARI incidence,2026-09-06,2,FI,quantile,0.6,2250.8002381578544
2026-09-02,ARI incidence,2026-09-06,2,FI,quantile,0.65,2347.6835882975793
2026-09-02,ARI incidence,2026-09-06,2,FI,quantile,0.7,2427.8072971223787
2026-09-02,ARI incidence,2026-09-06,2,FI,quantile,0.75,2520.265920511596
2026-09-02,ARI incidence,2026-09-06,2,FI,quantile,0.8,2617.6257438278867
2026-09-02,ARI incidence,2026-09-06,2,FI,quantile,0.85,2785.48593483089
2026-09-02,ARI incidence,2026-09-06,2,FI,quantile,0.9,3003.196427792387
2026-09-02,ARI incidence,2026-09-06,2,FI,quantile,0.95,3427.998413521559
2026-09-02,ARI incidence,2026-09-06,2,FI,quantile,0.975,3858.096906898508
2026-09-02,ARI incidence,2026-09-06,2,FI,quantile,0.99,4380.8728090732675
2026-09-02,ARI incidence,2026-09-13,3,FI,quantile,0.01,1031.9071069155189
2026-09-02,ARI incidence,2026-09-13,3,FI,quantile,0.025,1154.0963245850644
2026-09-02,ARI incidence,2026-09-13,3,FI,quantile,0.05,1300.7811568618833
2026-09-02,ARI incidence,2026-09-13,3,FI,quantile,0.1,1524.6197590379602
2026-09-02,ARI incidence,2026-09-13,3,FI,quantile,0.15,1679.5747020080971
2026-09-02,ARI incidence,2026-09-13,3,FI,quantile,0.2,1764.2819377828278
2026-09-02,ARI incidence,2026-09-13,3,FI,quantile,0.25,1840.347868708272
2026-09-02,ARI incidence,2026-09-13,3,FI,quantile,0.3,1911.4467674723862
2026-09-02,ARI incidence,2026-09-13,3,FI,quantile,0.35,2014.9444042876944
2026-09-02,ARI incidence,2026-09-13,3,FI,quantile,0.4,2082.5321411270593
2026-09-02,ARI incidence,2026-09-13,3,FI,quantile,0.45,2161.1831198185987
2026-09-02,ARI incidence,2026-09-13,3,FI,quantile,0.5,2265.068585580821
2026-09-02,ARI incidence,2026-09-13,3,FI,quantile,0.55,2330.3143498617783
2026-09-02,ARI incidence,2026-09-13,3,FI,quantile,0.6,2429.173608479293
2026-09-02,ARI incidence,2026-09-13,3,FI,quantile,0.65,2506.7670834386413
2026-09-02,ARI incidence,2026-09-13,3,FI,quantile,0.7,2590.695167530558
2026-09-02,ARI incidence,2026-09-13,3,FI,quantile,0.75,2753.2924618816937
2026-09-02,ARI incidence,2026-09-13,3,FI,quantile,0.8,2946.3845830374876
2026-09-02,ARI incidence,2026-09-13,3,FI,quantile,0.85,3188.607789331471
2026-09-02,ARI incidence,2026-09-13,3,FI,quantile,0.9,3453.8942463344474
2026-09-02,ARI incidence,2026-09-13,3,FI,quantile,0.95,3827.106833379625
2026-09-02,ARI incidence,2026-09-13,3,FI,quantile,0.975,4251.841219663682
2026-09-02,ARI incidence,2026-09-13,3,FI,quantile,0.99,4826.250059822413
2026-09-02,ARI incidence,2026-09-20,4,FI,quantile,0.01,1042.4627971675768
2026-09-02,ARI incidence,2026-09-20,4,FI,quantile,0.025,1195.2164117000752
2026-09-02,ARI incidence,2026-09-20,4,FI,quantile,0.05,1344.362215723246
2026-09-02,ARI incidence,2026-09-20,4,FI,quantile,0.1,1523.8564337284547
2026-09-02,ARI incidence,2026-09-20,4,FI,quantile,0.15,1646.9887552464224
2026-09-02,ARI incidence,2026-09-20,4,FI,quantile,0.2,1751.9036020978974
2026-09-02,ARI incidence,2026-09-20,4,FI,quantile,0.25,1869.769489269795
2026-09-02,ARI incidence,2026-09-20,4,FI,quantile,0.3,1966.0785250222991
2026-09-02,ARI incidence,2026-09-20,4,FI,quantile,0.35,2047.1385624328168
2026-09-02,ARI incidence,2026-09-20,4,FI,quantile,0.4,2127.1431497774292
2026-09-02,ARI incidence,2026-09-20,4,FI,quantile,0.45,2221.7108619562387
2026-09-02,ARI incidence,2026-09-20,4,FI,quantile,0.5,2303.4758333420923
2026-09-02,ARI incidence,2026-09-20,4,FI,quantile,0.55,2380.465984463264
2026-09-02,ARI incidence,2026-09-20,4,FI,quantile,0.6,2478.775665135508
2026-09-02,ARI incidence,2026-09-20,4,FI,quantile,0.65,2582.4027696865537
2026-09-02,ARI incidence,2026-09-20,4,FI,quantile,0.7,2701.128853323041
2026-09-02,ARI incidence,2026-09-20,4,FI,quantile,0.75,2868.712057545288
2026-09-02,ARI incidence,2026-09-20,4,FI,quantile,0.8,3096.919073269911
2026-09-02,ARI incidence,2026-09-20,4,FI,quantile,0.85,3356.281150914374
2026-09-02,ARI incidence,2026-09-20,4,FI,quantile,0.9,3713.6857608105324
2026-09-02,ARI incidence,2026-09-20,4,FI,quantile,0.95,4298.703598844958
2026-09-02,ARI incidence,2026-09-20,4,FI,quantile,0.975,4712.66211860503
2026-09-02,ARI incidence,2026-09-20,4,FI,quantile,0.99,5244.344229975549
2026-09-02,ARI incidence,2026-08-30,1,GB-ENG,quantile,0.01,115.3797959686315
2026-09-02,ARI incidence,2026-08-30,1,GB-ENG,quantile,0.025,125.11707902531211
2026-09-02,ARI incidence,2026-08-30,1,GB-ENG,quantile,0.05,130.69418177037502
2026-09-02,ARI incidence,2026-08-30,1,GB-ENG,quantile,0.1,135.5667425184658
2026-09-02,ARI incidence,2026-08-30,1,GB-ENG,quantile,0.15,139.44067766232502
2026-09-02,ARI incidence,2026-08-30,1,GB-ENG,quantile,0.2,143.39005739914907
2026-09-02,ARI incidence,2026-08-30,1,GB-ENG,quantile,0.25,145.82354889014425
2026-09-02,ARI incidence,2026-08-30,1,GB-ENG,quantile,0.3,148.34372402684187
2026-09-02,ARI incidence,2026-08-30,1,GB-ENG,quantile,0.35,150.61547611036346
2026-09-02,ARI incidence,2026-08-30,1,GB-ENG,quantile,0.4,152.88423437847348
2026-09-02,ARI incidence,2026-08-30,1,GB-ENG,quantile,0.45,158.80966574232522
2026-09-02,ARI incidence,2026-08-30,1,GB-ENG,quantile,0.5,162.33152379175155
2026-09-02,ARI incidence,2026-08-30,1,GB-ENG,quantile,0.55,165.3492489769758
2026-09-02,ARI incidence,2026-08-30,1,GB-ENG,quantile,0.6,168.47270576556514
2026-09-02,ARI incidence,2026-08-30,1,GB-ENG,quantile,0.65,172.40244490271607
2026-09-02,ARI incidence,2026-08-30,1,GB-ENG,quantile,0.7,176.95817286133172
2026-09-02,ARI incidence,2026-08-30,1,GB-ENG,quantile,0.75,179.64927893470514
2026-09-02,ARI incidence,2026-08-30,1,GB-ENG,quantile,0.8,183.63795369748112
2026-09-02,ARI incidence,2026-08-30,1,GB-ENG,quantile,0.85,188.9534174014597
2026-09-02,ARI incidence,2026-08-30,1,GB-ENG,quantile,0.9,195.85941991639154
2026-09-02,ARI incidence,2026-08-30,1,GB-ENG,quantile,0.95,206.6762802497264
2026-09-02,ARI incidence,2026-08-30,1,GB-ENG,quantile,0.975,216.31046229189184
2026-09-02,ARI incidence,2026-08-30,1,GB-ENG,quantile,0.99,228.4967485710401
2026-09-02,ARI incidence,2026-09-06,2,GB-ENG,quantile,0.01,105.45783528423523
2026-09-02,ARI incidence,2026-09-06,2,GB-ENG,quantile,0.025,112.01495336329718
2026-09-02,ARI incidence,2026-09-06,2,GB-ENG,quantile,0.05,117.97657490462234
2026-09-02,ARI incidence,2026-09-06,2,GB-ENG,quantile,0.1,126.63300916923615
2026-09-02,ARI incidence,2026-09-06,2,GB-ENG,quantile,0.15,131.80675299247508
2026-09-02,ARI incidence,2026-09-06,2,GB-ENG,quantile,0.2,139.60423437371574
2026-09-02,ARI incidence,2026-09-06,2,GB-ENG,quantile,0.25,144.52127655933035
2026-09-02,ARI incidence,2026-09-06,2,GB-ENG,quantile,0.3,149.34024678436933
2026-09-02,ARI incidence,2026-09-06,2,GB-ENG,quantile,0.35,152.1248901354628
2026-09-02,ARI incidence,2026-09-06,2,GB-ENG,quantile,0.4,159.77135816930314
2026-09-02,ARI incidence,2026-09-06,2,GB-ENG,quantile,0.45,163.3896390994189
2026-09-02,ARI incidence,2026-09-06,2,GB-ENG,quantile,0.5,167.0300499175082
2026-09-02,ARI incidence,2026-09-06,2,GB-ENG,quantile,0.55,171.6814945525556
2026-09-02,ARI incidence,2026-09-06,2,GB-ENG,quantile,0.6,178.57008307301916
2026-09-02,ARI incidence,2026-09-06,2,GB-ENG,quantile,0.65,182.2606059271388
2026-09-02,ARI incidence,2026-09-06,2,GB-ENG,quantile,0.7,185.76282751873686
2026-09-02,ARI incidence,2026-09-06,2,GB-ENG,quantile,0.75,192.5430607001975
2026-09-02,ARI incidence,2026-09-06,2,GB-ENG,quantile,0.8,200.38322740594936
2026-09-02,ARI incidence,2026-09-06,2,GB-ENG,quantile,0.85,208.33641844640357
2026-09-02,ARI incidence,2026-09-06,2,GB-ENG,quantile,0.9,213.53106089202433
2026-09-02,ARI incidence,2026-09-06,2,GB-ENG,quantile,0.95,223.25078786031793
2026-09-02,ARI incidence,2026-09-06,2,GB-ENG,quantile,0.975,237.2973226609222
2026-09-02,ARI incidence,2026-09-06,2,GB-ENG,quantile,0.99,257.16798503713295
2026-09-02,ARI incidence,2026-09-13,3,GB-ENG,quantile,0.01,109.50268840737178
2026-09-02,ARI incidence,2026-09-13,3,GB-ENG,quantile,0.025,117.54934548129138
2026-09-02,ARI incidence,2026-09-13,3,GB-ENG,quantile,0.05,125.18894400374373
2026-09-02,ARI incidence,2026-09-13,3,GB-ENG,quantile,0.1,136.38318418378958
2026-09-02,ARI incidence,2026-09-13,3,GB-ENG,quantile,0.15,144.49166454917088
2026-09-02,ARI incidence,2026-09-13,3,GB-ENG,quantile,0.2,152.13159087907516
2026-09-02,ARI incidence,2026-09-13,3,GB-ENG,quantile,0.25,160.07513236082247
2026-09-02,ARI incidence,2026-09-13,3,GB-ENG,quantile,0.3,167.47785222402007
2026-09-02,ARI incidence,2026-09-13,3,GB-ENG,quantile,0.35,172.3395238059599
2026-09-02,ARI incidence,2026-09-13,3,GB-ENG,quantile,0.4,179.5639073385106
2026-09-02,ARI incidence,2026-09-13,3,GB-ENG,quantile,0.45,186.2053711375765
2026-09-02,ARI incidence,2026-09-13,3,GB-ENG,quantile,0.5,190.50016605962395
2026-09-02,ARI incidence,2026-09-13,3,GB-ENG,quantile,0.55,197.9167570895945
2026-09-02,ARI incidence,2026-09-13,3,GB-ENG,quantile,0.6,204.14776864020328
2026-09-02,ARI incidence,2026-09-13,3,GB-ENG,quantile,0.65,211.63808522180835
2026-09-02,ARI incidence,2026-09-13,3,GB-ENG,quantile,0.7,219.5126820053933
2026-09-02,ARI incidence,2026-09-13,3,GB-ENG,quantile,0.75,225.3429457793312
2026-09-02,ARI incidence,2026-09-13,3,GB-ENG,quantile,0.8,232.01679988789098
2026-09-02,ARI incidence,2026-09-13,3,GB-ENG,quantile,0.85,240.0447625142893
2026-09-02,ARI incidence,2026-09-13,3,GB-ENG,quantile,0.9,249.236338441225
2026-09-02,ARI incidence,2026-09-13,3,GB-ENG,quantile,0.95,264.68178155021724
2026-09-02,ARI incidence,2026-09-13,3,GB-ENG,quantile,0.975,282.03128459181795
2026-09-02,ARI incidence,2026-09-13,3,GB-ENG,quantile,0.99,305.5428110217865
2026-09-02,ARI incidence,2026-09-20,4,GB-ENG,quantile,0.01,112.28976873297412
2026-09-02,ARI incidence,2026-09-20,4,GB-ENG,quantile,0.025,122.16540632921495
2026-09-02,ARI incidence,2026-09-20,4,GB-ENG,quantile,0.05,131.78553083714374
2026-09-02,ARI incidence,2026-09-20,4,GB-ENG,quantile,0.1,143.81313649955248
2026-09-02,ARI incidence,2026-09-20,4,GB-ENG,quantile,0.15,153.35417532516504
2026-09-02,ARI incidence,2026-09-20,4,GB-ENG,quantile,0.2,163.15197739175278
2026-09-02,ARI incidence,2026-09-20,4,GB-ENG,quantile,0.25,171.58981746483252
2026-09-02,ARI incidence,2026-09-20,4,GB-ENG,quantile,0.3,176.9253918424648
2026-09-02,ARI incidence,2026-09-20,4,GB-ENG,quantile,0.35,186.86109768671096
2026-09-02,ARI incidence,2026-09-20,4,GB-ENG,quantile,0.4,194.893342039877
2026-09-02,ARI incidence,2026-09-20,4,GB-ENG,quantile,0.45,200.33287655085763
2026-09-02,ARI incidence,2026-09-20,4,GB-ENG,quantile,0.5,210.5003413276441
2026-09-02,ARI incidence,2026-09-20,4,GB-ENG,quantile,0.55,215.2274313551227
2026-09-02,ARI incidence,2026-09-20,4,GB-ENG,quantile,0.6,218.0145312432512
2026-09-02,ARI incidence,2026-09-20,4,GB-ENG,quantile,0.65,220.93298015925023
2026-09-02,ARI incidence,2026-09-20,4,GB-ENG,quantile,0.7,227.34532662357378
2026-09-02,ARI incidence,2026-09-20,4,GB-ENG,quantile,0.75,236.37771196547658
2026-09-02,ARI incidence,2026-09-20,4,GB-ENG,quantile,0.8,246.85676489053145
2026-09-02,ARI incidence,2026-09-20,4,GB-ENG,quantile,0.85,259.65665886595485
2026-09-02,ARI incidence,2026-09-20,4,GB-ENG,quantile,0.9,268.3309495855643
2026-09-02,ARI incidence,2026-09-20,4,GB-ENG,quantile,0.95,290.16387338223586
2026-09-02,ARI incidence,2026-09-20,4,GB-ENG,quantile,0.975,312.9059143304945
2026-09-02,ARI incidence,2026-09-20,4,GB-ENG,quantile,0.99,341.59115310321465
2026-09-02,ARI incidence,2026-08-30,1,GB-NIR,quantile,0.01,77.89475959558042
2026-09-02,ARI incidence,2026-08-30,1,GB-NIR,quantile,0.025,86.73511728828484
2026-09-02,ARI incidence,2026-08-30,1,GB-NIR,quantile,0.05,94.62719513065773
2026-09-02,ARI incidence,2026-08-30,1,GB-NIR,quantile,0.1,102.2877228400965
2026-09-02,ARI incidence,2026-08-30,1,GB-NIR,quantile,0.15,109.54768833950152
2026-09-02,ARI incidence,2026-08-30,1,GB-NIR,quantile,0.2,113.38397929983722
2026-09-02,ARI incidence,2026-08-30,1,GB-NIR,quantile,0.25,118.26807370324435
2026-09-02,ARI incidence,2026-08-30,1,GB-NIR,quantile,0.3,122.13214219392528
2026-09-02,ARI incidence,2026-08-30,1,GB-NIR,quantile,0.35,124.68176231811373
2026-09-02,ARI incidence,2026-08-30,1,GB-NIR,quantile,0.4,127.50825504932094
2026-09-02,ARI incidence,2026-08-30,1,GB-NIR,quantile,0.45,130.27213674256484
2026-09-02,ARI incidence,2026-08-30,1,GB-NIR,quantile,0.5,132.96958207793176
2026-09-02,ARI incidence,2026-08-30,1,GB-NIR,quantile,0.55,136.91998522805153
2026-09-02,ARI incidence,2026-08-30,1,GB-NIR,quantile,0.6,141.97472792713728
2026-09-02,ARI incidence,2026-08-30,1,GB-NIR,quantile,0.65,149.03738550674382
2026-09-02,ARI incidence,2026-08-30,1,GB-NIR,quantile,0.7,154.18447369296098
2026-09-02,ARI incidence,2026-08-30,1,GB-NIR,quantile,0.75,159.9971380228827
2026-09-02,ARI incidence,2026-08-30,1,GB-NIR,quantile,0.8,167.76384890606346
2026-09-02,ARI incidence,2026-08-30,1,GB-NIR,quantile,0.85,174.7028359299539
2026-09-02,ARI incidence,2026-08-30,1,GB-NIR,quantile,0.9,185.46449528032616
2026-09-02,ARI incidence,2026-08-30,1,GB-NIR,quantile,0.95,202.63920566103232
2026-09-02,ARI incidence,2026-08-30,1,GB-NIR,quantile,0.975,218.19660105953227
2026-09-02,ARI incidence,2026-08-30,1,GB-NIR,quantile,0.99,237.68197650791487
2026-09-02,ARI incidence,2026-09-06,2,GB-NIR,quantile,0.01,77.79286079910358
2026-09-02,ARI incidence,2026-09-06,2,GB-NIR,quantile,0.025,86.34905483026145
2026-09-02,ARI incidence,2026-09-06,2,GB-NIR,quantile,0.05,94.44738473039817
2026-09-02,ARI incidence,2026-09-06,2,GB-NIR,quantile,0.1,104.22661682135914
2026-09-02,ARI incidence,2026-09-06,2,GB-NIR,quantile,0.15,110.70163956686244
2026-09-02,ARI incidence,2026-09-06,2,GB-NIR,quantile,0.2,117.94892235687924
2026-09-02,ARI incidence,2026-09-06,2,GB-NIR,quantile,0.25,123.1003406531111
2026-09-02,ARI incidence,2026-09-06,2,GB-NIR,quantile,0.3,127.67920514308854
2026-09-02,ARI incidence,2026-09-06,2,GB-NIR,quantile,0.35,131.83003575489892
2026-09-02,ARI incidence,2026-09-06,2,GB-NIR,quantile,0.4,135.16868411827244
2026-09-02,ARI incidence,2026-09-06,2,GB-NIR,quantile,0.45,139.44673643288647
2026-09-02,ARI incidence,2026-09-06,2,GB-NIR,quantile,0.5,144.5850387097915
2026-09-02,ARI incidence,2026-09-06,2,GB-NIR,quantile,0.55,149.54316053323905
2026-09-02,ARI incidence,2026-09-06,2,GB-NIR,quantile,0.6,155.36816281743913
2026-09-02,ARI incidence,2026-09-06,2,GB-NIR,quantile,0.65,161.2327075908172
2026-09-02,ARI incidence,2026-09-06,2,GB-NIR,quantile,0.7,167.92947892878078
2026-09-02,ARI incidence,2026-09-06,2,GB-NIR,quantile,0.75,174.51279713985252
2026-09-02,ARI incidence,2026-09-06,2,GB-NIR,quantile,0.8,183.29212986461073
2026-09-02,ARI incidence,2026-09-06,2,GB-NIR,quantile,0.85,194.08130359609896
2026-09-02,ARI incidence,2026-09-06,2,GB-NIR,quantile,0.9,209.02190598113793
2026-09-02,ARI incidence,2026-09-06,2,GB-NIR,quantile,0.95,232.01516829277384
2026-09-02,ARI incidence,2026-09-06,2,GB-NIR,quantile,0.975,254.47651806280177
2026-09-02,ARI incidence,2026-09-06,2,GB-NIR,quantile,0.99,283.328913710849
2026-09-02,ARI incidence,2026-09-13,3,GB-NIR,quantile,0.01,87.6681229524106
2026-09-02,ARI incidence,2026-09-13,3,GB-NIR,quantile,0.025,96.60076317948494
2026-09-02,ARI incidence,2026-09-13,3,GB-NIR,quantile,0.05,105.48059798673194
2026-09-02,ARI incidence,2026-09-13,3,GB-NIR,quantile,0.1,116.58308475702135
2026-09-02,ARI incidence,2026-09-13,3,GB-NIR,quantile,0.15,125.38444414721393
2026-09-02,ARI incidence,2026-09-13,3,GB-NIR,quantile,0.2,132.6248150324442
2026-09-02,ARI incidence,2026-09-13,3,GB-NIR,quantile,0.25,138.32850772740514
2026-09-02,ARI incidence,2026-09-13,3,GB-NIR,quantile,0.3,143.63972959843616
2026-09-02,ARI incidence,2026-09-13,3,GB-NIR,quantile,0.35,149.43080724543782
2026-09-02,ARI incidence,2026-09-13,3,GB-NIR,quantile,0.4,155.60067827896304
2026-09-02,ARI incidence,2026-09-13,3,GB-NIR,quantile,0.45,161.81085080886484
2026-09-02,ARI incidence,2026-09-13,3,GB-NIR,quantile,0.5,168.16295889109315
2026-09-02,ARI incidence,2026-09-13,3,GB-NIR,quantile,0.55,174.76289613758092
2026-09-02,ARI incidence,2026-09-13,3,GB-NIR,quantile,0.6,181.73296754062554
2026-09-02,ARI incidence,2026-09-13,3,GB-NIR,quantile,0.65,190.164044770058
2026-09-02,ARI incidence,2026-09-13,3,GB-NIR,quantile,0.7,198.1092624050595
2026-09-02,ARI incidence,2026-09-13,3,GB-NIR,quantile,0.75,206.77263184012378
2026-09-02,ARI incidence,2026-09-13,3,GB-NIR,quantile,0.8,217.3781678885386
2026-09-02,ARI incidence,2026-09-13,3,GB-NIR,quantile,0.85,231.07116497681514
2026-09-02,ARI incidence,2026-09-13,3,GB-NIR,quantile,0.9,249.11888454304787
2026-09-02,ARI incidence,2026-09-13,3,GB-NIR,quantile,0.95,278.176742212401
2026-09-02,ARI incidence,2026-09-13,3,GB-NIR,quantile,0.975,306.29864078208607
2026-09-02,ARI incidence,2026-09-13,3,GB-NIR,quantile,0.99,342.5771553382721
2026-09-02,ARI incidence,2026-09-20,4,GB-NIR,quantile,0.01,89.90196836951156
2026-09-02,ARI incidence,2026-09-20,4,GB-NIR,quantile,0.025,99.72760166179512
2026-09-02,ARI incidence,2026-09-20,4,GB-NIR,quantile,0.05,109.98677763166437
2026-09-02,ARI incidence,2026-09-20,4,GB-NIR,quantile,0.1,123.19800606466683
2026-09-02,ARI incidence,2026-09-20,4,GB-NIR,quantile,0.15,133.90712980212535
2026-09-02,ARI incidence,2026-09-20,4,GB-NIR,quantile,0.2,141.0380723090908
2026-09-02,ARI incidence,2026-09-20,4,GB-NIR,quantile,0.25,149.21434516267317
2026-09-02,ARI incidence,2026-09-20,4,GB-NIR,quantile,0.3,156.03516314099576
2026-09-02,ARI incidence,2026-09-20,4,GB-NIR,quantile,0.35,163.83988582681656
2026-09-02,ARI incidence,2026-09-20,4,GB-NIR,quantile,0.4,172.37269126621868
2026-09-02,ARI incidence,2026-09-20,4,GB-NIR,quantile,0.45,180.64738903136114
2026-09-02,ARI incidence,2026-09-20,4,GB-NIR,quantile,0.5,188.87836283344558
2026-09-02,ARI incidence,2026-09-20,4,GB-NIR,quantile,0.55,196.82970645369193
2026-09-02,ARI incidence,2026-09-20,4,GB-NIR,quantile,0.6,205.2502822724011
2026-09-02,ARI incidence,2026-09-20,4,GB-NIR,quantile,0.65,214.3304685584672
2026-09-02,ARI incidence,2026-09-20,4,GB-NIR,quantile,0.7,224.33258105948505
2026-09-02,ARI incidence,2026-09-20,4,GB-NIR,quantile,0.75,235.64828395157804
2026-09-02,ARI incidence,2026-09-20,4,GB-NIR,quantile,0.8,249.1491482744543
2026-09-02,ARI incidence,2026-09-20,4,GB-NIR,quantile,0.85,265.80814893031413
2026-09-02,ARI incidence,2026-09-20,4,GB-NIR,quantile,0.9,288.1558633005165
2026-09-02,ARI incidence,2026-09-20,4,GB-NIR,quantile,0.95,324.7675658370166
2026-09-02,ARI incidence,2026-09-20,4,GB-NIR,quantile,0.975,360.2564935196394
2026-09-02,ARI incidence,2026-09-20,4,GB-NIR,quantile,0.99,406.4090831713483
2026-09-02,ARI incidence,2026-08-30,1,GB-WLS,quantile,0.01,28.872436587358873
2026-09-02,ARI incidence,2026-08-30,1,GB-WLS,quantile,0.025,32.5059442686539
2026-09-02,ARI incidence,2026-08-30,1,GB-WLS,quantile,0.05,35.486717849212724
2026-09-02,ARI incidence,2026-08-30,1,GB-WLS,quantile,0.1,39.41987306010948
2026-09-02,ARI incidence,2026-08-30,1,GB-WLS,quantile,0.15,43.195144337879995
2026-09-02,ARI incidence,2026-08-30,1,GB-WLS,quantile,0.2,46.10792955199628
2026-09-02,ARI incidence,2026-08-30,1,GB-WLS,quantile,0.25,49.51361357686076
2026-09-02,ARI incidence,2026-08-30,1,GB-WLS,quantile,0.3,52.89525069448571
2026-09-02,ARI incidence,2026-08-30,1,GB-WLS,quantile,0.35,55.02549602407947
2026-09-02,ARI incidence,2026-08-30,1,GB-WLS,quantile,0.4,57.784784150477286
2026-09-02,ARI incidence,2026-08-30,1,GB-WLS,quantile,0.45,60.77610898301777
2026-09-02,ARI incidence,2026-08-30,1,GB-WLS,quantile,0.5,65.31195328837273
2026-09-02,ARI incidence,2026-08-30,1,GB-WLS,quantile,0.55,66.19722044834971
2026-09-02,ARI incidence,2026-08-30,1,GB-WLS,quantile,0.6,68.17881081206123
2026-09-02,ARI incidence,2026-08-30,1,GB-WLS,quantile,0.65,73.11557473276933
2026-09-02,ARI incidence,2026-08-30,1,GB-WLS,quantile,0.7,74.86797313854385
2026-09-02,ARI incidence,2026-08-30,1,GB-WLS,quantile,0.75,77.8083617172165
2026-09-02,ARI incidence,2026-08-30,1,GB-WLS,quantile,0.8,83.09939231258844
2026-09-02,ARI incidence,2026-08-30,1,GB-WLS,quantile,0.85,87.91075174580155
2026-09-02,ARI incidence,2026-08-30,1,GB-WLS,quantile,0.9,96.16450639879912
2026-09-02,ARI incidence,2026-08-30,1,GB-WLS,quantile,0.95,109.82801265437053
2026-09-02,ARI incidence,2026-08-30,1,GB-WLS,quantile,0.975,123.22574768619415
2026-09-02,ARI incidence,2026-08-30,1,GB-WLS,quantile,0.99,140.8529072307134
2026-09-02,ARI incidence,2026-09-06,2,GB-WLS,quantile,0.01,29.824716635429194
2026-09-02,ARI incidence,2026-09-06,2,GB-WLS,quantile,0.025,34.42354208299114
2026-09-02,ARI incidence,2026-09-06,2,GB-WLS,quantile,0.05,38.61896769945227
2026-09-02,ARI incidence,2026-09-06,2,GB-WLS,quantile,0.1,43.116431884549925
2026-09-02,ARI incidence,2026-09-06,2,GB-WLS,quantile,0.15,46.99301945385838
2026-09-02,ARI incidence,2026-09-06,2,GB-WLS,quantile,0.2,50.415109563475866
2026-09-02,ARI incidence,2026-09-06,2,GB-WLS,quantile,0.25,53.116906359793774
2026-09-02,ARI incidence,2026-09-06,2,GB-WLS,quantile,0.3,55.336640724001526
2026-09-02,ARI incidence,2026-09-06,2,GB-WLS,quantile,0.35,57.94603507143434
2026-09-02,ARI incidence,2026-09-06,2,GB-WLS,quantile,0.4,61.14159217472545
2026-09-02,ARI incidence,2026-09-06,2,GB-WLS,quantile,0.45,65.81061572735705
2026-09-02,ARI incidence,2026-09-06,2,GB-WLS,quantile,0.5,69.37562723597668
2026-09-02,ARI incidence,2026-09-06,2,GB-WLS,quantile,0.55,72.75267138694284
2026-09-02,ARI incidence,2026-09-06,2,GB-WLS,quantile,0.6,76.35014993778523
2026-09-02,ARI incidence,2026-09-06,2,GB-WLS,quantile,0.65,80.25294295743731
2026-09-02,ARI incidence,2026-09-06,2,GB-WLS,quantile,0.7,84.57920125366765
2026-09-02,ARI incidence,2026-09-06,2,GB-WLS,quantile,0.75,89.50669389347682
2026-09-02,ARI incidence,2026-09-06,2,GB-WLS,quantile,0.8,94.53590990020814
2026-09-02,ARI incidence,2026-09-06,2,GB-WLS,quantile,0.85,99.6022429328959
2026-09-02,ARI incidence,2026-09-06,2,GB-WLS,quantile,0.9,106.36026871484047
2026-09-02,ARI incidence,2026-09-06,2,GB-WLS,quantile,0.95,120.32766192989509
2026-09-02,ARI incidence,2026-09-06,2,GB-WLS,quantile,0.975,134.99467460688643
2026-09-02,ARI incidence,2026-09-06,2,GB-WLS,quantile,0.99,154.29179997059234
2026-09-02,ARI incidence,2026-09-13,3,GB-WLS,quantile,0.01,33.94468635338835
2026-09-02,ARI incidence,2026-09-13,3,GB-WLS,quantile,0.025,38.34370663101872
2026-09-02,ARI incidence,2026-09-13,3,GB-WLS,quantile,0.05,42.60623789897944
2026-09-02,ARI incidence,2026-09-13,3,GB-WLS,quantile,0.1,48.60430079008649
2026-09-02,ARI incidence,2026-09-13,3,GB-WLS,quantile,0.15,53.1373897592476
2026-09-02,ARI incidence,2026-09-13,3,GB-WLS,quantile,0.2,56.85831047646147
2026-09-02,ARI incidence,2026-09-13,3,GB-WLS,quantile,0.25,60.46780758005359
2026-09-02,ARI incidence,2026-09-13,3,GB-WLS,quantile,0.3,64.22743555187907
2026-09-02,ARI incidence,2026-09-13,3,GB-WLS,quantile,0.35,67.74753431319321
2026-09-02,ARI incidence,2026-09-13,3,GB-WLS,quantile,0.4,71.464101458799
2026-09-02,ARI incidence,2026-09-13,3,GB-WLS,quantile,0.45,74.96544466776027
2026-09-02,ARI incidence,2026-09-13,3,GB-WLS,quantile,0.5,78.57641059187782
2026-09-02,ARI incidence,2026-09-13,3,GB-WLS,quantile,0.55,82.39176265565835
2026-09-02,ARI incidence,2026-09-13,3,GB-WLS,quantile,0.6,86.51446910140385
2026-09-02,ARI incidence,2026-09-13,3,GB-WLS,quantile,0.65,90.75444252042111
2026-09-02,ARI incidence,2026-09-13,3,GB-WLS,quantile,0.7,95.59374905385074
2026-09-02,ARI incidence,2026-09-13,3,GB-WLS,quantile,0.75,101.10285489972472
2026-09-02,ARI incidence,2026-09-13,3,GB-WLS,quantile,0.8,107.60804017271396
2026-09-02,ARI incidence,2026-09-13,3,GB-WLS,quantile,0.85,115.71555284777381
2026-09-02,ARI incidence,2026-09-13,3,GB-WLS,quantile,0.9,126.78193144295027
2026-09-02,ARI incidence,2026-09-13,3,GB-WLS,quantile,0.95,145.4302972786453
2026-09-02,ARI incidence,2026-09-13,3,GB-WLS,quantile,0.975,164.47309808138394
2026-09-02,ARI incidence,2026-09-13,3,GB-WLS,quantile,0.99,189.7495405681259
2026-09-02,ARI incidence,2026-09-20,4,GB-WLS,quantile,0.01,36.543886175643664
2026-09-02,ARI incidence,2026-09-20,4,GB-WLS,quantile,0.025,41.524063419499335
2026-09-02,ARI incidence,2026-09-20,4,GB-WLS,quantile,0.05,46.925935073091125
2026-09-02,ARI incidence,2026-09-20,4,GB-WLS,quantile,0.1,53.63099003443429
2026-09-02,ARI incidence,2026-09-20,4,GB-WLS,quantile,0.15,58.002639224189736
2026-09-02,ARI incidence,2026-09-20,4,GB-WLS,quantile,0.2,62.2230213177437
2026-09-02,ARI incidence,2026-09-20,4,GB-WLS,quantile,0.25,65.8414513732027
2026-09-02,ARI incidence,2026-09-20,4,GB-WLS,quantile,0.3,69.24038054179879
2026-09-02,ARI incidence,2026-09-20,4,GB-WLS,quantile,0.35,73.32791875149152
2026-09-02,ARI incidence,2026-09-20,4,GB-WLS,quantile,0.4,76.88928616063728
2026-09-02,ARI incidence,2026-09-20,4,GB-WLS,quantile,0.45,80.82259542191056
2026-09-02,ARI incidence,2026-09-20,4,GB-WLS,quantile,0.5,85.35432155876957
2026-09-02,ARI incidence,2026-09-20,4,GB-WLS,quantile,0.55,90.13703633359094
2026-09-02,ARI incidence,2026-09-20,4,GB-WLS,quantile,0.6,95.26820549390553
2026-09-02,ARI incidence,2026-09-20,4,GB-WLS,quantile,0.65,100.87547251675227
2026-09-02,ARI incidence,2026-09-20,4,GB-WLS,quantile,0.7,107.1385090448167
2026-09-02,ARI incidence,2026-09-20,4,GB-WLS,quantile,0.75,114.30159092575484
2026-09-02,ARI incidence,2026-09-20,4,GB-WLS,quantile,0.8,121.90128947202376
2026-09-02,ARI incidence,2026-09-20,4,GB-WLS,quantile,0.85,130.7891917478007
2026-09-02,ARI incidence,2026-09-20,4,GB-WLS,quantile,0.9,142.54980360405193
2026-09-02,ARI incidence,2026-09-20,4,GB-WLS,quantile,0.95,163.8792084840651
2026-09-02,ARI incidence,2026-09-20,4,GB-WLS,quantile,0.975,185.48370681310377
2026-09-02,ARI incidence,2026-09-20,4,GB-WLS,quantile,0.99,210.79128067628514
2026-09-02,ARI incidence,2026-08-30,1,HU,quantile,0.01,197.0033347684229
2026-09-02,ARI incidence,2026-08-30,1,HU,quantile,0.025,223.6499875066445
2026-09-02,ARI incidence,2026-08-30,1,HU,quantile,0.05,249.41859395468146
2026-09-02,ARI incidence,2026-08-30,1,HU,quantile,0.1,282.8175410150968
2026-09-02,ARI incidence,2026-08-30,1,HU,quantile,0.15,307.9726132773665
2026-09-02,ARI incidence,2026-08-30,1,HU,quantile,0.2,339.86469640457557
2026-09-02,ARI incidence,2026-08-30,1,HU,quantile,0.25,367.8314536442223
2026-09-02,ARI incidence,2026-08-30,1,HU,quantile,0.3,390.5142958914117
2026-09-02,ARI incidence,2026-08-30,1,HU,quantile,0.35,404.6312853272726
2026-09-02,ARI incidence,2026-08-30,1,HU,quantile,0.4,423.11730939434005
2026-09-02,ARI incidence,2026-08-30,1,HU,quantile,0.45,448.2942577752685
2026-09-02,ARI incidence,2026-08-30,1,HU,quantile,0.5,473.07058417778944
2026-09-02,ARI incidence,2026-08-30,1,HU,quantile,0.55,495.0873421406122
2026-09-02,ARI incidence,2026-08-30,1,HU,quantile,0.6,512.4474626656227
2026-09-02,ARI incidence,2026-08-30,1,HU,quantile,0.65,539.0274614932453
2026-09-02,ARI incidence,2026-08-30,1,HU,quantile,0.7,559.6667185660519
2026-09-02,ARI incidence,2026-08-30,1,HU,quantile,0.75,590.42149086945
2026-09-02,ARI incidence,2026-08-30,1,HU,quantile,0.8,631.8485491881636
2026-09-02,ARI incidence,2026-08-30,1,HU,quantile,0.85,690.3788324550426
2026-09-02,ARI incidence,2026-08-30,1,HU,quantile,0.9,733.0108177898171
2026-09-02,ARI incidence,2026-08-30,1,HU,quantile,0.95,834.2975200807821
2026-09-02,ARI incidence,2026-08-30,1,HU,quantile,0.975,933.4007307002186
2026-09-02,ARI incidence,2026-08-30,1,HU,quantile,0.99,1063.5060056095826
2026-09-02,ARI incidence,2026-09-06,2,HU,quantile,0.01,192.11878260125053
2026-09-02,ARI incidence,2026-09-06,2,HU,quantile,0.025,223.57128884310626
2026-09-02,ARI incidence,2026-09-06,2,HU,quantile,0.05,256.756734363837
2026-09-02,ARI incidence,2026-09-06,2,HU,quantile,0.1,303.04311713333146
2026-09-02,ARI incidence,2026-09-06,2,HU,quantile,0.15,337.9214594573298
2026-09-02,ARI incidence,2026-09-06,2,HU,quantile,0.2,367.2030613562363
2026-09-02,ARI incidence,2026-09-06,2,HU,quantile,0.25,398.5587411701426
2026-09-02,ARI incidence,2026-09-06,2,HU,quantile,0.3,426.4502900735486
2026-09-02,ARI incidence,2026-09-06,2,HU,quantile,0.35,453.64073803953556
2026-09-02,ARI incidence,2026-09-06,2,HU,quantile,0.4,474.9735625723302
2026-09-02,ARI incidence,2026-09-06,2,HU,quantile,0.45,499.94311864047734
2026-09-02,ARI incidence,2026-09-06,2,HU,quantile,0.5,525.1278552770094
2026-09-02,ARI incidence,2026-09-06,2,HU,quantile,0.55,556.4316463087179
2026-09-02,ARI incidence,2026-09-06,2,HU,quantile,0.6,590.2575847401528
2026-09-02,ARI incidence,2026-09-06,2,HU,quantile,0.65,624.2981124620999
2026-09-02,ARI incidence,2026-09-06,2,HU,quantile,0.7,664.6774056130677
2026-09-02,ARI incidence,2026-09-06,2,HU,quantile,0.75,709.8427557716038
2026-09-02,ARI incidence,2026-09-06,2,HU,quantile,0.8,763.751738857073
2026-09-02,ARI incidence,2026-09-06,2,HU,quantile,0.85,832.7722762267084
2026-09-02,ARI incidence,2026-09-06,2,HU,quantile,0.9,928.6883843900495
2026-09-02,ARI incidence,2026-09-06,2,HU,quantile,0.95,1091.5170951279674
2026-09-02,ARI incidence,2026-09-06,2,HU,quantile,0.975,1255.6709882212415
2026-09-02,ARI incidence,2026-09-06,2,HU,quantile,0.99,1477.7916639533414
2026-09-02,ARI incidence,2026-09-13,3,HU,quantile,0.01,230.49835510309822
2026-09-02,ARI incidence,2026-09-13,3,HU,quantile,0.025,270.41458551748735
2026-09-02,ARI incidence,2026-09-13,3,HU,quantile,0.05,310.20769610520045
2026-09-02,ARI incidence,2026-09-13,3,HU,quantile,0.1,366.2382912202036
2026-09-02,ARI incidence,2026-09-13,3,HU,quantile,0.15,404.2975017647517
2026-09-02,ARI incidence,2026-09-13,3,HU,quantile,0.2,445.2119461084849
2026-09-02,ARI incidence,2026-09-13,3,HU,quantile,0.25,484.15673401850285
2026-09-02,ARI incidence,2026-09-13,3,HU,quantile,0.3,511.25728515767435
2026-09-02,ARI incidence,2026-09-13,3,HU,quantile,0.35,544.1138910787364
2026-09-02,ARI incidence,2026-09-13,3,HU,quantile,0.4,581.5945421830295
2026-09-02,ARI incidence,2026-09-13,3,HU,quantile,0.45,617.884077014412
2026-09-02,ARI incidence,2026-09-13,3,HU,quantile,0.5,652.6557313381752
2026-09-02,ARI incidence,2026-09-13,3,HU,quantile,0.55,681.8566137988798
2026-09-02,ARI incidence,2026-09-13,3,HU,quantile,0.6,731.2275254790729
2026-09-02,ARI incidence,2026-09-13,3,HU,quantile,0.65,779.4780066019781
2026-09-02,ARI incidence,2026-09-13,3,HU,quantile,0.7,829.1306139375363
2026-09-02,ARI incidence,2026-09-13,3,HU,quantile,0.75,886.2632175474018
2026-09-02,ARI incidence,2026-09-13,3,HU,quantile,0.8,954.5220916333941
2026-09-02,ARI incidence,2026-09-13,3,HU,quantile,0.85,1034.0137428409162
2026-09-02,ARI incidence,2026-09-13,3,HU,quantile,0.9,1143.8405068196387
2026-09-02,ARI incidence,2026-09-13,3,HU,quantile,0.95,1363.3858044997064
2026-09-02,ARI incidence,2026-09-13,3,HU,quantile,0.975,1568.0076258386712
2026-09-02,ARI incidence,2026-09-13,3,HU,quantile,0.99,1850.0753506187525
2026-09-02,ARI incidence,2026-09-20,4,HU,quantile,0.01,255.9800388737741
2026-09-02,ARI incidence,2026-09-20,4,HU,quantile,0.025,304.60063370192705
2026-09-02,ARI incidence,2026-09-20,4,HU,quantile,0.05,349.9889993593566
2026-09-02,ARI incidence,2026-09-20,4,HU,quantile,0.1,413.70697942729794
2026-09-02,ARI incidence,2026-09-20,4,HU,quantile,0.15,460.56916006399257
2026-09-02,ARI incidence,2026-09-20,4,HU,quantile,0.2,509.0895484643062
2026-09-02,ARI incidence,2026-09-20,4,HU,quantile,0.25,547.0226490062056
2026-09-02,ARI incidence,2026-09-20,4,HU,quantile,0.3,591.6643183629982
2026-09-02,ARI incidence,2026-09-20,4,HU,quantile,0.35,628.7743154978906
2026-09-02,ARI incidence,2026-09-20,4,HU,quantile,0.4,663.937185595988
2026-09-02,ARI incidence,2026-09-20,4,HU,quantile,0.45,705.7713920952541
2026-09-02,ARI incidence,2026-09-20,4,HU,quantile,0.5,749.4034671618913
2026-09-02,ARI incidence,2026-09-20,4,HU,quantile,0.55,792.9343261973197
2026-09-02,ARI incidence,2026-09-20,4,HU,quantile,0.6,845.7314443202774
2026-09-02,ARI incidence,2026-09-20,4,HU,quantile,0.65,900.713028405475
2026-09-02,ARI incidence,2026-09-20,4,HU,quantile,0.7,962.5234949345597
2026-09-02,ARI incidence,2026-09-20,4,HU,quantile,0.75,1038.9077184564194
2026-09-02,ARI incidence,2026-09-20,4,HU,quantile,0.8,1131.611456889654
2026-09-02,ARI incidence,2026-09-20,4,HU,quantile,0.85,1250.1500170066038
2026-09-02,ARI incidence,2026-09-20,4,HU,quantile,0.9,1399.8960561851986
2026-09-02,ARI incidence,2026-09-20,4,HU,quantile,0.95,1644.4972963783898
2026-09-02,ARI incidence,2026-09-20,4,HU,quantile,0.975,1909.1580869921481
2026-09-02,ARI incidence,2026-09-20,4,HU,quantile,0.99,2273.6907119220527
2026-09-02,ARI incidence,2026-08-30,1,IE,quantile,0.01,21.254194687314644
2026-09-02,ARI incidence,2026-08-30,1,IE,quantile,0.025,22.820791403816646
2026-09-02,ARI incidence,2026-08-30,1,IE,quantile,0.05,24.64189603040264
2026-09-02,ARI incidence,2026-08-30,1,IE,quantile,0.1,26.91496636915091
2026-09-02,ARI incidence,2026-08-30,1,IE,quantile,0.15,28.561371223739787
2026-09-02,ARI incidence,2026-08-30,1,IE,quantile,0.2,29.938862649663395
2026-09-02,ARI incidence,2026-08-30,1,IE,quantile,0.25,31.171671477978503
2026-09-02,ARI incidence,2026-08-30,1,IE,quantile,0.3,32.32058087638464
2026-09-02,ARI incidence,2026-08-30,1,IE,quantile,0.35,33.421810668412725
2026-09-02,ARI incidence,2026-08-30,1,IE,quantile,0.4,34.50040435243653
2026-09-02,ARI incidence,2026-08-30,1,IE,quantile,0.45,35.64238888686916
2026-09-02,ARI incidence,2026-08-30,1,IE,quantile,0.5,37.2461323220426
2026-09-02,ARI incidence,2026-08-30,1,IE,quantile,0.55,39.3901849954518
2026-09-02,ARI incidence,2026-08-30,1,IE,quantile,0.6,40.708989060202086
2026-09-02,ARI incidence,2026-08-30,1,IE,quantile,0.65,42.37883130398268
2026-09-02,ARI incidence,2026-08-30,1,IE,quantile,0.7,43.24740894391224
2026-09-02,ARI incidence,2026-08-30,1,IE,quantile,0.75,43.91652985420699
2026-09-02,ARI incidence,2026-08-30,1,IE,quantile,0.8,44.85726983460594
2026-09-02,ARI incidence,2026-08-30,1,IE,quantile,0.85,46.99411238955163
2026-09-02,ARI incidence,2026-08-30,1,IE,quantile,0.9,48.87441775358832
2026-09-02,ARI incidence,2026-08-30,1,IE,quantile,0.95,54.61576688518671
2026-09-02,ARI incidence,2026-08-30,1,IE,quantile,0.975,61.69830174885574
2026-09-02,ARI incidence,2026-08-30,1,IE,quantile,0.99,71.07493771114005
2026-09-02,ARI incidence,2026-09-06,2,IE,quantile,0.01,21.16285558473429
2026-09-02,ARI incidence,2026-09-06,2,IE,quantile,0.025,23.140201880435818
2026-09-02,ARI incidence,2026-09-06,2,IE,quantile,0.05,24.63483269558667
2026-09-02,ARI incidence,2026-09-06,2,IE,quantile,0.1,27.204905744590267
2026-09-02,ARI incidence,2026-09-06,2,IE,quantile,0.15,28.943033074816757
2026-09-02,ARI incidence,2026-09-06,2,IE,quantile,0.2,30.57614658568773
2026-09-02,ARI incidence,2026-09-06,2,IE,quantile,0.25,32.368146908125425
2026-09-02,ARI incidence,2026-09-06,2,IE,quantile,0.3,34.063926502239035
2026-09-02,ARI incidence,2026-09-06,2,IE,quantile,0.35,35.71215450473247
2026-09-02,ARI incidence,2026-09-06,2,IE,quantile,0.4,37.259893167922904
2026-09-02,ARI incidence,2026-09-06,2,IE,quantile,0.45,38.69192608797356
2026-09-02,ARI incidence,2026-09-06,2,IE,quantile,0.5,40.15357613151626
2026-09-02,ARI incidence,2026-09-06,2,IE,quantile,0.55,41.66905124882972
2026-09-02,ARI incidence,2026-09-06,2,IE,quantile,0.6,43.26611493605614
2026-09-02,ARI incidence,2026-09-06,2,IE,quantile,0.65,44.979654328396734
2026-09-02,ARI incidence,2026-09-06,2,IE,quantile,0.7,47.605032519804965
2026-09-02,ARI incidence,2026-09-06,2,IE,quantile,0.75,50.76695508885494
2026-09-02,ARI incidence,2026-09-06,2,IE,quantile,0.8,53.197347506893585
2026-09-02,ARI incidence,2026-09-06,2,IE,quantile,0.85,56.17465235090703
2026-09-02,ARI incidence,2026-09-06,2,IE,quantile,0.9,60.154231866841535
2026-09-02,ARI incidence,2026-09-06,2,IE,quantile,0.95,66.5677377496664
2026-09-02,ARI incidence,2026-09-06,2,IE,quantile,0.975,72.67274091517052
2026-09-02,ARI incidence,2026-09-06,2,IE,quantile,0.99,80.46800961845656
2026-09-02,ARI incidence,2026-09-13,3,IE,quantile,0.01,21.955604941428533
2026-09-02,ARI incidence,2026-09-13,3,IE,quantile,0.025,24.457073063150816
2026-09-02,ARI incidence,2026-09-13,3,IE,quantile,0.05,26.827384065463455
2026-09-02,ARI incidence,2026-09-13,3,IE,quantile,0.1,30.094993078672093
2026-09-02,ARI incidence,2026-09-13,3,IE,quantile,0.15,32.661966699568815
2026-09-02,ARI incidence,2026-09-13,3,IE,quantile,0.2,34.882036581452056
2026-09-02,ARI incidence,2026-09-13,3,IE,quantile,0.25,36.19074072515797
2026-09-02,ARI incidence,2026-09-13,3,IE,quantile,0.3,37.873733391783716
2026-09-02,ARI incidence,2026-09-13,3,IE,quantile,0.35,39.50118827689155
2026-09-02,ARI incidence,2026-09-13,3,IE,quantile,0.4,41.108439756659614
2026-09-02,ARI incidence,2026-09-13,3,IE,quantile,0.45,42.7241559803788
2026-09-02,ARI incidence,2026-09-13,3,IE,quantile,0.5,44.37477251553147
2026-09-02,ARI incidence,2026-09-13,3,IE,quantile,0.55,46.087700944076474
2026-09-02,ARI incidence,2026-09-13,3,IE,quantile,0.6,47.894473239432045
2026-09-02,ARI incidence,2026-09-13,3,IE,quantile,0.65,49.834804321307885
2026-09-02,ARI incidence,2026-09-13,3,IE,quantile,0.7,51.96301129830224
2026-09-02,ARI incidence,2026-09-13,3,IE,quantile,0.75,54.359746557655704
2026-09-02,ARI incidence,2026-09-13,3,IE,quantile,0.8,57.156472964883925
2026-09-02,ARI incidence,2026-09-13,3,IE,quantile,0.85,60.59521806116589
2026-09-02,ARI incidence,2026-09-13,3,IE,quantile,0.9,66.51067466243813
2026-09-02,ARI incidence,2026-09-13,3,IE,quantile,0.95,74.94781041900852
2026-09-02,ARI incidence,2026-09-13,3,IE,quantile,0.975,82.71481937401218
2026-09-02,ARI incidence,2026-09-13,3,IE,quantile,0.99,92.25838436849732
2026-09-02,ARI incidence,2026-09-20,4,IE,quantile,0.01,21.432526851217965
2026-09-02,ARI incidence,2026-09-20,4,IE,quantile,0.025,24.08520049408053
2026-09-02,ARI incidence,2026-09-20,4,IE,quantile,0.05,26.615250325521444
2026-09-02,ARI incidence,2026-09-20,4,IE,quantile,0.1,30.138597909195017
2026-09-02,ARI incidence,2026-09-20,4,IE,quantile,0.15,32.51694499256574
2026-09-02,ARI incidence,2026-09-20,4,IE,quantile,0.2,34.62959757416304
2026-09-02,ARI incidence,2026-09-20,4,IE,quantile,0.25,36.54788181997979
2026-09-02,ARI incidence,2026-09-20,4,IE,quantile,0.3,38.35842125753024
2026-09-02,ARI incidence,2026-09-20,4,IE,quantile,0.35,40.11399762233662
2026-09-02,ARI incidence,2026-09-20,4,IE,quantile,0.4,41.051413866573554
2026-09-02,ARI incidence,2026-09-20,4,IE,quantile,0.45,42.84217794695206
2026-09-02,ARI incidence,2026-09-20,4,IE,quantile,0.5,44.77430383293361
2026-09-02,ARI incidence,2026-09-20,4,IE,quantile,0.55,46.70422354071603
2026-09-02,ARI incidence,2026-09-20,4,IE,quantile,0.6,48.619498676921
2026-09-02,ARI incidence,2026-09-20,4,IE,quantile,0.65,50.8050459843242
2026-09-02,ARI incidence,2026-09-20,4,IE,quantile,0.7,53.564245765313714
2026-09-02,ARI incidence,2026-09-20,4,IE,quantile,0.75,56.333306308972205
2026-09-02,ARI incidence,2026-09-20,4,IE,quantile,0.8,59.42011013896668
2026-09-02,ARI incidence,2026-09-20,4,IE,quantile,0.85,64.46420922459669
2026-09-02,ARI incidence,2026-09-20,4,IE,quantile,0.9,70.16545791944121
2026-09-02,ARI incidence,2026-09-20,4,IE,quantile,0.95,81.69199650757773
2026-09-02,ARI incidence,2026-09-20,4,IE,quantile,0.975,90.95488239655832
2026-09-02,ARI incidence,2026-09-20,4,IE,quantile,0.99,102.9272392905749
2026-09-02,ARI incidence,2026-08-30,1,IS,quantile,0.01,20.971892776135057
2026-09-02,ARI incidence,2026-08-30,1,IS,quantile,0.025,21.792939656397735
2026-09-02,ARI incidence,2026-08-30,1,IS,quantile,0.05,23.601604741508883
2026-09-02,ARI incidence,2026-08-30,1,IS,quantile,0.1,26.548143718874087
2026-09-02,ARI incidence,2026-08-30,1,IS,quantile,0.15,28.00536012897198
2026-09-02,ARI incidence,2026-08-30,1,IS,quantile,0.2,29.91376807308298
2026-09-02,ARI incidence,2026-08-30,1,IS,quantile,0.25,31.650775416154357
2026-09-02,ARI incidence,2026-08-30,1,IS,quantile,0.3,33.29368466641411
2026-09-02,ARI incidence,2026-08-30,1,IS,quantile,0.35,34.889789425132406
2026-09-02,ARI incidence,2026-08-30,1,IS,quantile,0.4,36.03276447127508
2026-09-02,ARI incidence,2026-08-30,1,IS,quantile,0.45,36.604858135959
2026-09-02,ARI incidence,2026-08-30,1,IS,quantile,0.5,37.89297846443637
2026-09-02,ARI incidence,2026-08-30,1,IS,quantile,0.55,39.43609619392098
2026-09-02,ARI incidence,2026-08-30,1,IS,quantile,0.6,40.891073252665315
2026-09-02,ARI incidence,2026-08-30,1,IS,quantile,0.65,42.817070988065424
2026-09-02,ARI incidence,2026-08-30,1,IS,quantile,0.7,44.32754453307447
2026-09-02,ARI incidence,2026-08-30,1,IS,quantile,0.75,45.012997993106225
2026-09-02,ARI incidence,2026-08-30,1,IS,quantile,0.8,45.99699050906602
2026-09-02,ARI incidence,2026-08-30,1,IS,quantile,0.85,49.345961237856194
2026-09-02,ARI incidence,2026-08-30,1,IS,quantile,0.9,55.39089178938636
2026-09-02,ARI incidence,2026-08-30,1,IS,quantile,0.95,61.42072294586605
2026-09-02,ARI incidence,2026-08-30,1,IS,quantile,0.975,68.77238228500394
2026-09-02,ARI incidence,2026-08-30,1,IS,quantile,0.99,73.13567974474243
2026-09-02,ARI incidence,2026-09-06,2,IS,quantile,0.01,19.066107833705356
2026-09-02,ARI incidence,2026-09-06,2,IS,quantile,0.025,21.26207345906799
2026-09-02,ARI incidence,2026-09-06,2,IS,quantile,0.05,23.579935196134844
2026-09-02,ARI incidence,2026-09-06,2,IS,quantile,0.1,26.671562399570934
2026-09-02,ARI incidence,2026-09-06,2,IS,quantile,0.15,28.428089413690802
2026-09-02,ARI incidence,2026-09-06,2,IS,quantile,0.2,29.90330588928661
2026-09-02,ARI incidence,2026-09-06,2,IS,quantile,0.25,32.17544746538327
2026-09-02,ARI incidence,2026-09-06,2,IS,quantile,0.3,34.00241708669221
2026-09-02,ARI incidence,2026-09-06,2,IS,quantile,0.35,34.80743745087843
2026-09-02,ARI incidence,2026-09-06,2,IS,quantile,0.4,36.44044049229924
2026-09-02,ARI incidence,2026-09-06,2,IS,quantile,0.45,38.2532686560697
2026-09-02,ARI incidence,2026-09-06,2,IS,quantile,0.5,40.18403392976516
2026-09-02,ARI incidence,2026-09-06,2,IS,quantile,0.55,42.20976848040853
2026-09-02,ARI incidence,2026-09-06,2,IS,quantile,0.6,44.37022565240865
2026-09-02,ARI incidence,2026-09-06,2,IS,quantile,0.65,46.873842971760865
2026-09-02,ARI incidence,2026-09-06,2,IS,quantile,0.7,50.018938234911
2026-09-02,ARI incidence,2026-09-06,2,IS,quantile,0.75,53.018961988443614
2026-09-02,ARI incidence,2026-09-06,2,IS,quantile,0.8,56.03758164917073
2026-09-02,ARI incidence,2026-09-06,2,IS,quantile,0.85,59.67570839322046
2026-09-02,ARI incidence,2026-09-06,2,IS,quantile,0.9,63.9801121464384
2026-09-02,ARI incidence,2026-09-06,2,IS,quantile,0.95,72.6007327636476
2026-09-02,ARI incidence,2026-09-06,2,IS,quantile,0.975,80.84677716404167
2026-09-02,ARI incidence,2026-09-06,2,IS,quantile,0.99,91.13713187311063
2026-09-02,ARI incidence,2026-09-13,3,IS,quantile,0.01,18.161590077754727
2026-09-02,ARI incidence,2026-09-13,3,IS,quantile,0.025,21.67222096376144
2026-09-02,ARI incidence,2026-09-13,3,IS,quantile,0.05,25.080358859047976
2026-09-02,ARI incidence,2026-09-13,3,IS,quantile,0.1,27.841172991151144
2026-09-02,ARI incidence,2026-09-13,3,IS,quantile,0.15,29.867159629650875
2026-09-02,ARI incidence,2026-09-13,3,IS,quantile,0.2,31.77328309755194
2026-09-02,ARI incidence,2026-09-13,3,IS,quantile,0.25,33.814330883236536
2026-09-02,ARI incidence,2026-09-13,3,IS,quantile,0.3,35.755359949951156
2026-09-02,ARI incidence,2026-09-13,3,IS,quantile,0.35,38.345626082528895
2026-09-02,ARI incidence,2026-09-13,3,IS,quantile,0.4,39.539050118417535
2026-09-02,ARI incidence,2026-09-13,3,IS,quantile,0.45,41.45404303617186
2026-09-02,ARI incidence,2026-09-13,3,IS,quantile,0.5,43.42697358350176
2026-09-02,ARI incidence,2026-09-13,3,IS,quantile,0.55,45.06788548067598
2026-09-02,ARI incidence,2026-09-13,3,IS,quantile,0.6,46.7731513160394
2026-09-02,ARI incidence,2026-09-13,3,IS,quantile,0.65,48.677921738641565
2026-09-02,ARI incidence,2026-09-13,3,IS,quantile,0.7,51.1890937140698
2026-09-02,ARI incidence,2026-09-13,3,IS,quantile,0.75,54.51540722571743
2026-09-02,ARI incidence,2026-09-13,3,IS,quantile,0.8,58.72318628513083
2026-09-02,ARI incidence,2026-09-13,3,IS,quantile,0.85,62.59219848019514
2026-09-02,ARI incidence,2026-09-13,3,IS,quantile,0.9,69.12744582519726
2026-09-02,ARI incidence,2026-09-13,3,IS,quantile,0.95,79.5144064472472
2026-09-02,ARI incidence,2026-09-13,3,IS,quantile,0.975,89.2283506827637
2026-09-02,ARI incidence,2026-09-13,3,IS,quantile,0.99,102.73791335751156
2026-09-02,ARI incidence,2026-09-20,4,IS,quantile,0.01,18.77265937350459
2026-09-02,ARI incidence,2026-09-20,4,IS,quantile,0.025,22.59003065314564
2026-09-02,ARI incidence,2026-09-20,4,IS,quantile,0.05,25.46044514158052
2026-09-02,ARI incidence,2026-09-20,4,IS,quantile,0.1,28.495594718713686
2026-09-02,ARI incidence,2026-09-20,4,IS,quantile,0.15,30.728864464174524
2026-09-02,ARI incidence,2026-09-20,4,IS,quantile,0.2,32.640638950559286
2026-09-02,ARI incidence,2026-09-20,4,IS,quantile,0.25,34.49219685024823
2026-09-02,ARI incidence,2026-09-20,4,IS,quantile,0.3,37.212020720387244
2026-09-02,ARI incidence,2026-09-20,4,IS,quantile,0.35,39.02556107891546
2026-09-02,ARI incidence,2026-09-20,4,IS,quantile,0.4,40.637246457179316
2026-09-02,ARI incidence,2026-09-20,4,IS,quantile,0.45,42.34103716665507
2026-09-02,ARI incidence,2026-09-20,4,IS,quantile,0.5,44.00912905883303
2026-09-02,ARI incidence,2026-09-20,4,IS,quantile,0.55,45.924327041765125
2026-09-02,ARI incidence,2026-09-20,4,IS,quantile,0.6,48.37673362941886
2026-09-02,ARI incidence,2026-09-20,4,IS,quantile,0.65,51.20143040616196
2026-09-02,ARI incidence,2026-09-20,4,IS,quantile,0.7,53.91236004429504
2026-09-02,ARI incidence,2026-09-20,4,IS,quantile,0.75,56.99603470815693
2026-09-02,ARI incidence,2026-09-20,4,IS,quantile,0.8,60.6340587192248
2026-09-02,ARI incidence,2026-09-20,4,IS,quantile,0.85,65.16363844180097
2026-09-02,ARI incidence,2026-09-20,4,IS,quantile,0.9,71.33876103230526
2026-09-02,ARI incidence,2026-09-20,4,IS,quantile,0.95,81.56707564858874
2026-09-02,ARI incidence,2026-09-20,4,IS,quantile,0.975,91.60275893993423
2026-09-02,ARI incidence,2026-09-20,4,IS,quantile,0.99,104.81493780429695
2026-09-02,ARI incidence,2026-08-30,1,LT,quantile,0.01,109.99490776140016
2026-09-02,ARI incidence,2026-08-30,1,LT,quantile,0.025,123.21937184676794
2026-09-02,ARI incidence,2026-08-30,1,LT,quantile,0.05,134.1054562010663
2026-09-02,ARI incidence,2026-08-30,1,LT,quantile,0.1,147.84563246357772
2026-09-02,ARI incidence,2026-08-30,1,LT,quantile,0.15,158.43014031632333
2026-09-02,ARI incidence,2026-08-30,1,LT,quantile,0.2,169.30112294206558
2026-09-02,ARI incidence,2026-08-30,1,LT,quantile,0.25,179.2163370820191
2026-09-02,ARI incidence,2026-08-30,1,LT,quantile,0.3,184.5189735004818
2026-09-02,ARI incidence,2026-08-30,1,LT,quantile,0.35,188.01747897791705
2026-09-02,ARI incidence,2026-08-30,1,LT,quantile,0.4,196.2504470145887
2026-09-02,ARI incidence,2026-08-30,1,LT,quantile,0.45,201.79096798123967
2026-09-02,ARI incidence,2026-08-30,1,LT,quantile,0.5,209.12820239538271
2026-09-02,ARI incidence,2026-08-30,1,LT,quantile,0.55,217.07089015564475
2026-09-02,ARI incidence,2026-08-30,1,LT,quantile,0.6,223.37193763650603
2026-09-02,ARI incidence,2026-08-30,1,LT,quantile,0.65,232.05516587872077
2026-09-02,ARI incidence,2026-08-30,1,LT,quantile,0.7,239.8960611405038
2026-09-02,ARI incidence,2026-08-30,1,LT,quantile,0.75,249.73044419614916
2026-09-02,ARI incidence,2026-08-30,1,LT,quantile,0.8,261.1546689469178
2026-09-02,ARI incidence,2026-08-30,1,LT,quantile,0.85,275.1296224785775
2026-09-02,ARI incidence,2026-08-30,1,LT,quantile,0.9,293.7764915624387
2026-09-02,ARI incidence,2026-08-30,1,LT,quantile,0.95,323.75515464533424
2026-09-02,ARI incidence,2026-08-30,1,LT,quantile,0.975,352.21538556908524
2026-09-02,ARI incidence,2026-08-30,1,LT,quantile,0.99,388.45710835530025
2026-09-02,ARI incidence,2026-09-06,2,LT,quantile,0.01,112.56714229423915
2026-09-02,ARI incidence,2026-09-06,2,LT,quantile,0.025,127.0708024559271
2026-09-02,ARI incidence,2026-09-06,2,LT,quantile,0.05,140.47734040062022
2026-09-02,ARI incidence,2026-09-06,2,LT,quantile,0.1,156.51568979669878
2026-09-02,ARI incidence,2026-09-06,2,LT,quantile,0.15,168.35169053090735
2026-09-02,ARI incidence,2026-09-06,2,LT,quantile,0.2,180.80822567292108
2026-09-02,ARI incidence,2026-09-06,2,LT,quantile,0.25,191.56947131914848
2026-09-02,ARI incidence,2026-09-06,2,LT,quantile,0.3,200.3029719325688
2026-09-02,ARI incidence,2026-09-06,2,LT,quantile,0.35,208.74904584305057
2026-09-02,ARI incidence,2026-09-06,2,LT,quantile,0.4,217.84403676588119
2026-09-02,ARI incidence,2026-09-06,2,LT,quantile,0.45,227.4501227782019
2026-09-02,ARI incidence,2026-09-06,2,LT,quantile,0.5,236.09718881484412
2026-09-02,ARI incidence,2026-09-06,2,LT,quantile,0.55,246.23912543168586
2026-09-02,ARI incidence,2026-09-06,2,LT,quantile,0.6,257.7157015809266
2026-09-02,ARI incidence,2026-09-06,2,LT,quantile,0.65,270.13780546911795
2026-09-02,ARI incidence,2026-09-06,2,LT,quantile,0.7,283.8748647688749
2026-09-02,ARI incidence,2026-09-06,2,LT,quantile,0.75,298.43552759914246
2026-09-02,ARI incidence,2026-09-06,2,LT,quantile,0.8,317.8676215261987
2026-09-02,ARI incidence,2026-09-06,2,LT,quantile,0.85,340.7240515485071
2026-09-02,ARI incidence,2026-09-06,2,LT,quantile,0.9,369.9005939492413
2026-09-02,ARI incidence,2026-09-06,2,LT,quantile,0.95,416.84566848908395
2026-09-02,ARI incidence,2026-09-06,2,LT,quantile,0.975,462.3493696085996
2026-09-02,ARI incidence,2026-09-06,2,LT,quantile,0.99,521.5237193120029
2026-09-02,ARI incidence,2026-09-13,3,LT,quantile,0.01,128.46166297682686
2026-09-02,ARI incidence,2026-09-13,3,LT,quantile,0.025,147.18177579705258
2026-09-02,ARI incidence,2026-09-13,3,LT,quantile,0.05,165.43326712112446
2026-09-02,ARI incidence,2026-09-13,3,LT,quantile,0.1,189.28317484397525
2026-09-02,ARI incidence,2026-09-13,3,LT,quantile,0.15,207.2767699193527
2026-09-02,ARI incidence,2026-09-13,3,LT,quantile,0.2,222.7834141377939
2026-09-02,ARI incidence,2026-09-13,3,LT,quantile,0.25,234.47688640732233
2026-09-02,ARI incidence,2026-09-13,3,LT,quantile,0.3,247.85964930228303
2026-09-02,ARI incidence,2026-09-13,3,LT,quantile,0.35,262.2404723523935
2026-09-02,ARI incidence,2026-09-13,3,LT,quantile,0.4,276.6541346834781
2026-09-02,ARI incidence,2026-09-13,3,LT,quantile,0.45,290.3696975205912
2026-09-02,ARI incidence,2026-09-13,3,LT,quantile,0.5,304.1836335698328
2026-09-02,ARI incidence,2026-09-13,3,LT,quantile,0.55,317.4900256169068
2026-09-02,ARI incidence,2026-09-13,3,LT,quantile,0.6,331.50180161862204
2026-09-02,ARI incidence,2026-09-13,3,LT,quantile,0.65,344.3501712821382
2026-09-02,ARI incidence,2026-09-13,3,LT,quantile,0.7,364.4619103105303
2026-09-02,ARI incidence,2026-09-13,3,LT,quantile,0.75,387.62095928223215
2026-09-02,ARI incidence,2026-09-13,3,LT,quantile,0.8,404.81053173798284
2026-09-02,ARI incidence,2026-09-13,3,LT,quantile,0.85,438.86183661822963
2026-09-02,ARI incidence,2026-09-13,3,LT,quantile,0.9,485.7942382461053
2026-09-02,ARI incidence,2026-09-13,3,LT,quantile,0.95,546.2616838906521
2026-09-02,ARI incidence,2026-09-13,3,LT,quantile,0.975,604.2522203767893
2026-09-02,ARI incidence,2026-09-13,3,LT,quantile,0.99,681.6464420139583
2026-09-02,ARI incidence,2026-09-20,4,LT,quantile,0.01,142.88793895140543
2026-09-02,ARI incidence,2026-09-20,4,LT,quantile,0.025,164.10015607767863
2026-09-02,ARI incidence,2026-09-20,4,LT,quantile,0.05,184.06052373391952
2026-09-02,ARI incidence,2026-09-20,4,LT,quantile,0.1,210.08654908773298
2026-09-02,ARI incidence,2026-09-20,4,LT,quantile,0.15,229.68386352984564
2026-09-02,ARI incidence,2026-09-20,4,LT,quantile,0.2,246.54879960451123
2026-09-02,ARI incidence,2026-09-20,4,LT,quantile,0.25,264.0335143912965
2026-09-02,ARI incidence,2026-09-20,4,LT,quantile,0.3,280.0788411510275
2026-09-02,ARI incidence,2026-09-20,4,LT,quantile,0.35,291.2846449583288
2026-09-02,ARI incidence,2026-09-20,4,LT,quantile,0.4,305.8301721223532
2026-09-02,ARI incidence,2026-09-20,4,LT,quantile,0.45,322.8448982294334
2026-09-02,ARI incidence,2026-09-20,4,LT,quantile,0.5,340.5107974799901
2026-09-02,ARI incidence,2026-09-20,4,LT,quantile,0.55,359.14038026558813
2026-09-02,ARI incidence,2026-09-20,4,LT,quantile,0.6,379.1113299539232
2026-09-02,ARI incidence,2026-09-20,4,LT,quantile,0.65,400.91746400099294
2026-09-02,ARI incidence,2026-09-20,4,LT,quantile,0.7,425.2530488803054
2026-09-02,ARI incidence,2026-09-20,4,LT,quantile,0.75,453.1706367798784
2026-09-02,ARI incidence,2026-09-20,4,LT,quantile,0.8,486.41513967893184
2026-09-02,ARI incidence,2026-09-20,4,LT,quantile,0.85,522.62274230148
2026-09-02,ARI incidence,2026-09-20,4,LT,quantile,0.9,562.6884845909248
2026-09-02,ARI incidence,2026-09-20,4,LT,quantile,0.95,649.700378010218
2026-09-02,ARI incidence,2026-09-20,4,LT,quantile,0.975,727.7070200226822
2026-09-02,ARI incidence,2026-09-20,4,LT,quantile,0.99,847.2064456191542
2026-09-02,ARI incidence,2026-08-30,1,LU,quantile,0.01,2371.6484789728734
2026-09-02,ARI incidence,2026-08-30,1,LU,quantile,0.025,2784.5004410627266
2026-09-02,ARI incidence,2026-08-30,1,LU,quantile,0.05,3150.8660699991924
2026-09-02,ARI incidence,2026-08-30,1,LU,quantile,0.1,3627.4998255785
2026-09-02,ARI incidence,2026-08-30,1,LU,quantile,0.15,4087.525774765626
2026-09-02,ARI incidence,2026-08-30,1,LU,quantile,0.2,4520.9653168653085
2026-09-02,ARI incidence,2026-08-30,1,LU,quantile,0.25,4889.383828939626
2026-09-02,ARI incidence,2026-08-30,1,LU,quantile,0.3,5221.557231859486
2026-09-02,ARI incidence,2026-08-30,1,LU,quantile,0.35,5538.0861097246125
2026-09-02,ARI incidence,2026-08-30,1,LU,quantile,0.4,5841.044094946921
2026-09-02,ARI incidence,2026-08-30,1,LU,quantile,0.45,6174.705238411401
2026-09-02,ARI incidence,2026-08-30,1,LU,quantile,0.5,6460.796174190983
2026-09-02,ARI incidence,2026-08-30,1,LU,quantile,0.55,6760.140336990895
2026-09-02,ARI incidence,2026-08-30,1,LU,quantile,0.6,7043.3781679174635
2026-09-02,ARI incidence,2026-08-30,1,LU,quantile,0.65,7402.152064539822
2026-09-02,ARI incidence,2026-08-30,1,LU,quantile,0.7,7804.933273266992
2026-09-02,ARI incidence,2026-08-30,1,LU,quantile,0.75,8332.080431862758
2026-09-02,ARI incidence,2026-08-30,1,LU,quantile,0.8,9012.076484372943
2026-09-02,ARI incidence,2026-08-30,1,LU,quantile,0.85,9875.0406393909
2026-09-02,ARI incidence,2026-08-30,1,LU,quantile,0.9,11079.181619930047
2026-09-02,ARI incidence,2026-08-30,1,LU,quantile,0.95,13096.414100845623
2026-09-02,ARI incidence,2026-08-30,1,LU,quantile,0.975,14891.117010897728
2026-09-02,ARI incidence,2026-08-30,1,LU,quantile,0.99,17289.284600866
2026-09-02,ARI incidence,2026-09-06,2,LU,quantile,0.01,2453.506800359713
2026-09-02,ARI incidence,2026-09-06,2,LU,quantile,0.025,2889.514767131778
2026-09-02,ARI incidence,2026-09-06,2,LU,quantile,0.05,3251.8948823643505
2026-09-02,ARI incidence,2026-09-06,2,LU,quantile,0.1,3866.6546357090283
2026-09-02,ARI incidence,2026-09-06,2,LU,quantile,0.15,4331.8619456585675
2026-09-02,ARI incidence,2026-09-06,2,LU,quantile,0.2,4754.111645060956
2026-09-02,ARI incidence,2026-09-06,2,LU,quantile,0.25,5163.9515955080715
2026-09-02,ARI incidence,2026-09-06,2,LU,quantile,0.3,5551.2788029330695
2026-09-02,ARI incidence,2026-09-06,2,LU,quantile,0.35,5926.938739129757
2026-09-02,ARI incidence,2026-09-06,2,LU,quantile,0.4,6311.665769232834
2026-09-02,ARI incidence,2026-09-06,2,LU,quantile,0.45,6707.642594476934
2026-09-02,ARI incidence,2026-09-06,2,LU,quantile,0.5,7017.27321729329
2026-09-02,ARI incidence,2026-09-06,2,LU,quantile,0.55,7341.11530869538
2026-09-02,ARI incidence,2026-09-06,2,LU,quantile,0.6,7756.002476786282
2026-09-02,ARI incidence,2026-09-06,2,LU,quantile,0.65,8244.978914945392
2026-09-02,ARI incidence,2026-09-06,2,LU,quantile,0.7,8793.68155167717
2026-09-02,ARI incidence,2026-09-06,2,LU,quantile,0.75,9426.85013209419
2026-09-02,ARI incidence,2026-09-06,2,LU,quantile,0.8,10185.699810415885
2026-09-02,ARI incidence,2026-09-06,2,LU,quantile,0.85,11066.23810908306
2026-09-02,ARI incidence,2026-09-06,2,LU,quantile,0.9,12253.301320777426
2026-09-02,ARI incidence,2026-09-06,2,LU,quantile,0.95,14471.995589199583
2026-09-02,ARI incidence,2026-09-06,2,LU,quantile,0.975,16520.156106641938
2026-09-02,ARI incidence,2026-09-06,2,LU,quantile,0.99,19595.818150771815
2026-09-02,ARI incidence,2026-09-13,3,LU,quantile,0.01,2909.310522886711
2026-09-02,ARI incidence,2026-09-13,3,LU,quantile,0.025,3412.2751407728783
2026-09-02,ARI incidence,2026-09-13,3,LU,quantile,0.05,3919.531477402199
2026-09-02,ARI incidence,2026-09-13,3,LU,quantile,0.1,4674.273341972623
2026-09-02,ARI incidence,2026-09-13,3,LU,quantile,0.15,5263.966321287545
2026-09-02,ARI incidence,2026-09-13,3,LU,quantile,0.2,5785.2417372173
2026-09-02,ARI incidence,2026-09-13,3,LU,quantile,0.25,6285.131994448096
2026-09-02,ARI incidence,2026-09-13,3,LU,quantile,0.3,6747.38778703036
2026-09-02,ARI incidence,2026-09-13,3,LU,quantile,0.35,7217.243524166071
2026-09-02,ARI incidence,2026-09-13,3,LU,quantile,0.4,7681.228450312007
2026-09-02,ARI incidence,2026-09-13,3,LU,quantile,0.45,8112.286852613241
2026-09-02,ARI incidence,2026-09-13,3,LU,quantile,0.5,8560.119071438587
2026-09-02,ARI incidence,2026-09-13,3,LU,quantile,0.55,9032.67045770634
2026-09-02,ARI incidence,2026-09-13,3,LU,quantile,0.6,9539.559777595865
2026-09-02,ARI incidence,2026-09-13,3,LU,quantile,0.65,10098.108955631735
2026-09-02,ARI incidence,2026-09-13,3,LU,quantile,0.7,10814.351835861318
2026-09-02,ARI incidence,2026-09-13,3,LU,quantile,0.75,11644.38296915179
2026-09-02,ARI incidence,2026-09-13,3,LU,quantile,0.8,12643.837739498122
2026-09-02,ARI incidence,2026-09-13,3,LU,quantile,0.85,13802.821020824344
2026-09-02,ARI incidence,2026-09-13,3,LU,quantile,0.9,15295.638447750965
2026-09-02,ARI incidence,2026-09-13,3,LU,quantile,0.95,18182.846067278275
2026-09-02,ARI incidence,2026-09-13,3,LU,quantile,0.975,21157.277641938188
2026-09-02,ARI incidence,2026-09-13,3,LU,quantile,0.99,24969.271526413788
2026-09-02,ARI incidence,2026-09-20,4,LU,quantile,0.01,3113.1855324833123
2026-09-02,ARI incidence,2026-09-20,4,LU,quantile,0.025,3719.9071769174698
2026-09-02,ARI incidence,2026-09-20,4,LU,quantile,0.05,4335.455006411651
2026-09-02,ARI incidence,2026-09-20,4,LU,quantile,0.1,5174.787055705413
2026-09-02,ARI incidence,2026-09-20,4,LU,quantile,0.15,5826.833271105072
2026-09-02,ARI incidence,2026-09-20,4,LU,quantile,0.2,6405.356104776317
2026-09-02,ARI incidence,2026-09-20,4,LU,quantile,0.25,6892.782753343721
2026-09-02,ARI incidence,2026-09-20,4,LU,quantile,0.3,7287.589893809913
2026-09-02,ARI incidence,2026-09-20,4,LU,quantile,0.35,7673.5933863840855
2026-09-02,ARI incidence,2026-09-20,4,LU,quantile,0.4,8110.67906359562
2026-09-02,ARI incidence,2026-09-20,4,LU,quantile,0.45,8576.153364473517
2026-09-02,ARI incidence,2026-09-20,4,LU,quantile,0.5,9060.31849822914
2026-09-02,ARI incidence,2026-09-20,4,LU,quantile,0.55,9571.813897258504
2026-09-02,ARI incidence,2026-09-20,4,LU,quantile,0.6,10121.132826339195
2026-09-02,ARI incidence,2026-09-20,4,LU,quantile,0.65,10723.89240788856
2026-09-02,ARI incidence,2026-09-20,4,LU,quantile,0.7,11490.934288490662
2026-09-02,ARI incidence,2026-09-20,4,LU,quantile,0.75,12380.351578342765
2026-09-02,ARI incidence,2026-09-20,4,LU,quantile,0.8,13451.997661771671
2026-09-02,ARI incidence,2026-09-20,4,LU,quantile,0.85,14818.751547271966
2026-09-02,ARI incidence,2026-09-20,4,LU,quantile,0.9,16737.402737316956
2026-09-02,ARI incidence,2026-09-20,4,LU,quantile,0.95,19527.04698801628
2026-09-02,ARI incidence,2026-09-20,4,LU,quantile,0.975,22247.842816436154
2026-09-02,ARI incidence,2026-09-20,4,LU,quantile,0.99,26149.339805146396
2026-09-02,ARI incidence,2026-08-30,1,NL,quantile,0.01,79.58770541759876
2026-09-02,ARI incidence,2026-08-30,1,NL,quantile,0.025,82.59507268782124
2026-09-02,ARI incidence,2026-08-30,1,NL,quantile,0.05,85.27118879400595
2026-09-02,ARI incidence,2026-08-30,1,NL,quantile,0.1,89.90801162160518
2026-09-02,ARI incidence,2026-08-30,1,NL,quantile,0.15,93.80469208497742
2026-09-02,ARI incidence,2026-08-30,1,NL,quantile,0.2,95.66972996874806
2026-09-02,ARI incidence,2026-08-30,1,NL,quantile,0.25,97.90008518204674
2026-09-02,ARI incidence,2026-08-30,1,NL,quantile,0.3,100.78836592545969
2026-09-02,ARI incidence,2026-08-30,1,NL,quantile,0.35,103.81350482546608
2026-09-02,ARI incidence,2026-08-30,1,NL,quantile,0.4,109.13238984415663
2026-09-02,ARI incidence,2026-08-30,1,NL,quantile,0.45,111.58420517520332
2026-09-02,ARI incidence,2026-08-30,1,NL,quantile,0.5,114.2490001831692
2026-09-02,ARI incidence,2026-08-30,1,NL,quantile,0.55,118.52815408758543
2026-09-02,ARI incidence,2026-08-30,1,NL,quantile,0.6,122.38838707877451
2026-09-02,ARI incidence,2026-08-30,1,NL,quantile,0.65,128.34665739708245
2026-09-02,ARI incidence,2026-08-30,1,NL,quantile,0.7,133.7204330674199
2026-09-02,ARI incidence,2026-08-30,1,NL,quantile,0.75,137.2103327631047
2026-09-02,ARI incidence,2026-08-30,1,NL,quantile,0.8,143.57457820632683
2026-09-02,ARI incidence,2026-08-30,1,NL,quantile,0.85,151.36369747744354
2026-09-02,ARI incidence,2026-08-30,1,NL,quantile,0.9,155.34898875185513
2026-09-02,ARI incidence,2026-08-30,1,NL,quantile,0.95,161.13365452569738
2026-09-02,ARI incidence,2026-08-30,1,NL,quantile,0.975,169.54710395729197
2026-09-02,ARI incidence,2026-08-30,1,NL,quantile,0.99,180.12633913274618
2026-09-02,ARI incidence,2026-09-06,2,NL,quantile,0.01,77.27654998793257
2026-09-02,ARI incidence,2026-09-06,2,NL,quantile,0.025,80.44975552448423
2026-09-02,ARI incidence,2026-09-06,2,NL,quantile,0.05,85.77065474895134
2026-09-02,ARI incidence,2026-09-06,2,NL,quantile,0.1,92.5416711918725
2026-09-02,ARI incidence,2026-09-06,2,NL,quantile,0.15,97.38181350574864
2026-09-02,ARI incidence,2026-09-06,2,NL,quantile,0.2,100.95972912941316
2026-09-02,ARI incidence,2026-09-06,2,NL,quantile,0.25,104.4400098057849
2026-09-02,ARI incidence,2026-09-06,2,NL,quantile,0.3,107.14429071070577
2026-09-02,ARI incidence,2026-09-06,2,NL,quantile,0.35,110.74446368001716
2026-09-02,ARI incidence,2026-09-06,2,NL,quantile,0.4,113.07170624446081
2026-09-02,ARI incidence,2026-09-06,2,NL,quantile,0.45,116.72611028939122
2026-09-02,ARI incidence,2026-09-06,2,NL,quantile,0.5,119.7348492902383
2026-09-02,ARI incidence,2026-09-06,2,NL,quantile,0.55,123.58341935609971
2026-09-02,ARI incidence,2026-09-06,2,NL,quantile,0.6,128.45215274804724
2026-09-02,ARI incidence,2026-09-06,2,NL,quantile,0.65,132.8008956654584
2026-09-02,ARI incidence,2026-09-06,2,NL,quantile,0.7,138.13904660547536
2026-09-02,ARI incidence,2026-09-06,2,NL,quantile,0.75,142.8470665954036
2026-09-02,ARI incidence,2026-09-06,2,NL,quantile,0.8,149.55247454249803
2026-09-02,ARI incidence,2026-09-06,2,NL,quantile,0.85,161.5571305144279
2026-09-02,ARI incidence,2026-09-06,2,NL,quantile,0.9,173.63149233157628
2026-09-02,ARI incidence,2026-09-06,2,NL,quantile,0.95,189.42835887516168
2026-09-02,ARI incidence,2026-09-06,2,NL,quantile,0.975,203.07058775996256
2026-09-02,ARI incidence,2026-09-06,2,NL,quantile,0.99,220.1661349482245
2026-09-02,ARI incidence,2026-09-13,3,NL,quantile,0.01,83.26547256677047
2026-09-02,ARI incidence,2026-09-13,3,NL,quantile,0.025,92.33055075753063
2026-09-02,ARI incidence,2026-09-13,3,NL,quantile,0.05,98.10376271843762
2026-09-02,ARI incidence,2026-09-13,3,NL,quantile,0.1,104.52897486237336
2026-09-02,ARI incidence,2026-09-13,3,NL,quantile,0.15,107.48264449929162
2026-09-02,ARI incidence,2026-09-13,3,NL,quantile,0.2,110.4709188424458
2026-09-02,ARI incidence,2026-09-13,3,NL,quantile,0.25,112.92841991854864
2026-09-02,ARI incidence,2026-09-13,3,NL,quantile,0.3,115.2751771069764
2026-09-02,ARI incidence,2026-09-13,3,NL,quantile,0.35,118.37437775718438
2026-09-02,ARI incidence,2026-09-13,3,NL,quantile,0.4,123.61554752116128
2026-09-02,ARI incidence,2026-09-13,3,NL,quantile,0.45,129.20256099174878
2026-09-02,ARI incidence,2026-09-13,3,NL,quantile,0.5,132.99194244028052
2026-09-02,ARI incidence,2026-09-13,3,NL,quantile,0.55,136.18343530950935
2026-09-02,ARI incidence,2026-09-13,3,NL,quantile,0.6,141.26944454752282
2026-09-02,ARI incidence,2026-09-13,3,NL,quantile,0.65,145.41957325956767
2026-09-02,ARI incidence,2026-09-13,3,NL,quantile,0.7,153.4081985994431
2026-09-02,ARI incidence,2026-09-13,3,NL,quantile,0.75,159.80463984510615
2026-09-02,ARI incidence,2026-09-13,3,NL,quantile,0.8,169.95712697065906
2026-09-02,ARI incidence,2026-09-13,3,NL,quantile,0.85,178.8416746700433
2026-09-02,ARI incidence,2026-09-13,3,NL,quantile,0.9,193.31437576529788
2026-09-02,ARI incidence,2026-09-13,3,NL,quantile,0.95,216.93491998618887
2026-09-02,ARI incidence,2026-09-13,3,NL,quantile,0.975,235.23531377404092
2026-09-02,ARI incidence,2026-09-13,3,NL,quantile,0.99,255.4986786661337
2026-09-02,ARI incidence,2026-09-20,4,NL,quantile,0.01,91.2432168859234
2026-09-02,ARI incidence,2026-09-20,4,NL,quantile,0.025,98.1720548966015
2026-09-02,ARI incidence,2026-09-20,4,NL,quantile,0.05,104.54611139869736
2026-09-02,ARI incidence,2026-09-20,4,NL,quantile,0.1,112.4050847779018
2026-09-02,ARI incidence,2026-09-20,4,NL,quantile,0.15,117.39590874845452
2026-09-02,ARI incidence,2026-09-20,4,NL,quantile,0.2,121.29220804309037
2026-09-02,ARI incidence,2026-09-20,4,NL,quantile,0.25,123.61283575120429
2026-09-02,ARI incidence,2026-09-20,4,NL,quantile,0.3,125.65438243081559
2026-09-02,ARI incidence,2026-09-20,4,NL,quantile,0.35,127.61564551706827
2026-09-02,ARI incidence,2026-09-20,4,NL,quantile,0.4,133.55640648160272
2026-09-02,ARI incidence,2026-09-20,4,NL,quantile,0.45,139.0893817139624
2026-09-02,ARI incidence,2026-09-20,4,NL,quantile,0.5,145.8855338755456
2026-09-02,ARI incidence,2026-09-20,4,NL,quantile,0.55,148.8747081654153
2026-09-02,ARI incidence,2026-09-20,4,NL,quantile,0.6,152.60558017873015
2026-09-02,ARI incidence,2026-09-20,4,NL,quantile,0.65,158.99384273318572
2026-09-02,ARI incidence,2026-09-20,4,NL,quantile,0.7,172.74151769500992
2026-09-02,ARI incidence,2026-09-20,4,NL,quantile,0.75,183.72497936675998
2026-09-02,ARI incidence,2026-09-20,4,NL,quantile,0.8,191.56066575090398
2026-09-02,ARI incidence,2026-09-20,4,NL,quantile,0.85,209.882867150303
2026-09-02,ARI incidence,2026-09-20,4,NL,quantile,0.9,224.29714718005022
2026-09-02,ARI incidence,2026-09-20,4,NL,quantile,0.95,244.02992067728016
2026-09-02,ARI incidence,2026-09-20,4,NL,quantile,0.975,262.53949193549374
2026-09-02,ARI incidence,2026-09-20,4,NL,quantile,0.99,285.8259522927991
2026-09-02,ARI incidence,2026-08-30,1,RO,quantile,0.01,232.7379433358042
2026-09-02,ARI incidence,2026-08-30,1,RO,quantile,0.025,255.40018185540038
2026-09-02,ARI incidence,2026-08-30,1,RO,quantile,0.05,277.7319634769244
2026-09-02,ARI incidence,2026-08-30,1,RO,quantile,0.1,313.1353315581231
2026-09-02,ARI incidence,2026-08-30,1,RO,quantile,0.15,339.5286975365789
2026-09-02,ARI incidence,2026-08-30,1,RO,quantile,0.2,362.0780214621009
2026-09-02,ARI incidence,2026-08-30,1,RO,quantile,0.25,375.4554566832048
2026-09-02,ARI incidence,2026-08-30,1,RO,quantile,0.3,386.7575894846001
2026-09-02,ARI incidence,2026-08-30,1,RO,quantile,0.35,400.3667347853843
2026-09-02,ARI incidence,2026-08-30,1,RO,quantile,0.4,419.0425298374201
2026-09-02,ARI incidence,2026-08-30,1,RO,quantile,0.45,429.7447969008036
2026-09-02,ARI incidence,2026-08-30,1,RO,quantile,0.5,442.90402119124536
2026-09-02,ARI incidence,2026-08-30,1,RO,quantile,0.55,465.0653185033057
2026-09-02,ARI incidence,2026-08-30,1,RO,quantile,0.6,478.7275253932915
2026-09-02,ARI incidence,2026-08-30,1,RO,quantile,0.65,487.36019605837197
2026-09-02,ARI incidence,2026-08-30,1,RO,quantile,0.7,508.8042415286821
2026-09-02,ARI incidence,2026-08-30,1,RO,quantile,0.75,524.1854595044966
2026-09-02,ARI incidence,2026-08-30,1,RO,quantile,0.8,541.8598902662512
2026-09-02,ARI incidence,2026-08-30,1,RO,quantile,0.85,563.2137215046065
2026-09-02,ARI incidence,2026-08-30,1,RO,quantile,0.9,591.2790602896831
2026-09-02,ARI incidence,2026-08-30,1,RO,quantile,0.95,636.2873752255833
2026-09-02,ARI incidence,2026-08-30,1,RO,quantile,0.975,689.0811543993842
2026-09-02,ARI incidence,2026-08-30,1,RO,quantile,0.99,755.9884930012704
2026-09-02,ARI incidence,2026-09-06,2,RO,quantile,0.01,222.2265727676474
2026-09-02,ARI incidence,2026-09-06,2,RO,quantile,0.025,249.62861276401858
2026-09-02,ARI incidence,2026-09-06,2,RO,quantile,0.05,275.87154038242585
2026-09-02,ARI incidence,2026-09-06,2,RO,quantile,0.1,309.5561305003106
2026-09-02,ARI incidence,2026-09-06,2,RO,quantile,0.15,335.0371276202127
2026-09-02,ARI incidence,2026-09-06,2,RO,quantile,0.2,357.89359961183413
2026-09-02,ARI incidence,2026-09-06,2,RO,quantile,0.25,377.0008855151358
2026-09-02,ARI incidence,2026-09-06,2,RO,quantile,0.3,395.1562330169682
2026-09-02,ARI incidence,2026-09-06,2,RO,quantile,0.35,413.7171211539828
2026-09-02,ARI incidence,2026-09-06,2,RO,quantile,0.4,431.4254914637881
2026-09-02,ARI incidence,2026-09-06,2,RO,quantile,0.45,449.2779108269858
2026-09-02,ARI incidence,2026-09-06,2,RO,quantile,0.5,471.17642753738096
2026-09-02,ARI incidence,2026-09-06,2,RO,quantile,0.55,490.1803491227829
2026-09-02,ARI incidence,2026-09-06,2,RO,quantile,0.6,506.72856263250367
2026-09-02,ARI incidence,2026-09-06,2,RO,quantile,0.65,529.0372876653915
2026-09-02,ARI incidence,2026-09-06,2,RO,quantile,0.7,558.9061477669676
2026-09-02,ARI incidence,2026-09-06,2,RO,quantile,0.75,587.5558794684998
2026-09-02,ARI incidence,2026-09-06,2,RO,quantile,0.8,619.4166272628989
2026-09-02,ARI incidence,2026-09-06,2,RO,quantile,0.85,658.7375348153586
2026-09-02,ARI incidence,2026-09-06,2,RO,quantile,0.9,711.7717778635877
2026-09-02,ARI incidence,2026-09-06,2,RO,quantile,0.95,798.3188957158992
2026-09-02,ARI incidence,2026-09-06,2,RO,quantile,0.975,881.8517285572844
2026-09-02,ARI incidence,2026-09-06,2,RO,quantile,0.99,990.0134359009189
2026-09-02,ARI incidence,2026-09-13,3,RO,quantile,0.01,234.18115913623134
2026-09-02,ARI incidence,2026-09-13,3,RO,quantile,0.025,268.5042493905768
2026-09-02,ARI incidence,2026-09-13,3,RO,quantile,0.05,302.0045424591487
2026-09-02,ARI incidence,2026-09-13,3,RO,quantile,0.1,345.82834317184404
2026-09-02,ARI incidence,2026-09-13,3,RO,quantile,0.15,373.66317410617216
2026-09-02,ARI incidence,2026-09-13,3,RO,quantile,0.2,398.0697421154559
2026-09-02,ARI incidence,2026-09-13,3,RO,quantile,0.25,423.85493822074164
2026-09-02,ARI incidence,2026-09-13,3,RO,quantile,0.3,444.1552022658324
2026-09-02,ARI incidence,2026-09-13,3,RO,quantile,0.35,465.0750759653292
2026-09-02,ARI incidence,2026-09-13,3,RO,quantile,0.4,488.528647315014
2026-09-02,ARI incidence,2026-09-13,3,RO,quantile,0.45,512.2824947485063
2026-09-02,ARI incidence,2026-09-13,3,RO,quantile,0.5,535.9219673191583
2026-09-02,ARI incidence,2026-09-13,3,RO,quantile,0.55,560.9258471027911
2026-09-02,ARI incidence,2026-09-13,3,RO,quantile,0.6,588.3644636863836
2026-09-02,ARI incidence,2026-09-13,3,RO,quantile,0.65,619.81789487792
2026-09-02,ARI incidence,2026-09-13,3,RO,quantile,0.7,652.7845429292557
2026-09-02,ARI incidence,2026-09-13,3,RO,quantile,0.75,690.3273946800052
2026-09-02,ARI incidence,2026-09-13,3,RO,quantile,0.8,740.7119252054401
2026-09-02,ARI incidence,2026-09-13,3,RO,quantile,0.85,796.4577818811154
2026-09-02,ARI incidence,2026-09-13,3,RO,quantile,0.9,871.1151303290334
2026-09-02,ARI incidence,2026-09-13,3,RO,quantile,0.95,992.555163503104
2026-09-02,ARI incidence,2026-09-13,3,RO,quantile,0.975,1111.7267546946298
2026-09-02,ARI incidence,2026-09-13,3,RO,quantile,0.99,1259.9822231060905
2026-09-02,ARI incidence,2026-09-20,4,RO,quantile,0.01,245.71302714140322
2026-09-02,ARI incidence,2026-09-20,4,RO,quantile,0.025,281.97136102363527
2026-09-02,ARI incidence,2026-09-20,4,RO,quantile,0.05,319.6666352209948
2026-09-02,ARI incidence,2026-09-20,4,RO,quantile,0.1,360.9836250921858
2026-09-02,ARI incidence,2026-09-20,4,RO,quantile,0.15,389.19919517336746
2026-09-02,ARI incidence,2026-09-20,4,RO,quantile,0.2,415.9139222589242
2026-09-02,ARI incidence,2026-09-20,4,RO,quantile,0.25,441.74011119872597
2026-09-02,ARI incidence,2026-09-20,4,RO,quantile,0.3,469.7267239883724
2026-09-02,ARI incidence,2026-09-20,4,RO,quantile,0.35,498.02128516124424
2026-09-02,ARI incidence,2026-09-20,4,RO,quantile,0.4,526.4410726984844
2026-09-02,ARI incidence,2026-09-20,4,RO,quantile,0.45,551.4586693571871
2026-09-02,ARI incidence,2026-09-20,4,RO,quantile,0.5,574.441591863085
2026-09-02,ARI incidence,2026-09-20,4,RO,quantile,0.55,607.4549983362181
2026-09-02,ARI incidence,2026-09-20,4,RO,quantile,0.6,638.3947876633779
2026-09-02,ARI incidence,2026-09-20,4,RO,quantile,0.65,667.7202948992287
2026-09-02,ARI incidence,2026-09-20,4,RO,quantile,0.7,700.0817380590049
2026-09-02,ARI incidence,2026-09-20,4,RO,quantile,0.75,738.2250374914383
2026-09-02,ARI incidence,2026-09-20,4,RO,quantile,0.8,791.3588116530659
2026-09-02,ARI incidence,2026-09-20,4,RO,quantile,0.85,849.9366043096941
2026-09-02,ARI incidence,2026-09-20,4,RO,quantile,0.9,938.8849051769945
2026-09-02,ARI incidence,2026-09-20,4,RO,quantile,0.95,1088.1060934191237
2026-09-02,ARI incidence,2026-09-20,4,RO,quantile,0.975,1226.1761593839547
2026-09-02,ARI incidence,2026-09-20,4,RO,quantile,0.99,1400.0414789070928
2026-09-02,ARI incidence,2026-08-30,1,SI,quantile,0.01,142.71418757820643
2026-09-02,ARI incidence,2026-08-30,1,SI,quantile,0.025,164.9314243942417
2026-09-02,ARI incidence,2026-08-30,1,SI,quantile,0.05,186.77507742699387
2026-09-02,ARI incidence,2026-08-30,1,SI,quantile,0.1,211.24141557549476
2026-09-02,ARI incidence,2026-08-30,1,SI,quantile,0.15,229.52532739523352
2026-09-02,ARI incidence,2026-08-30,1,SI,quantile,0.2,245.17372691799935
2026-09-02,ARI incidence,2026-08-30,1,SI,quantile,0.25,259.44255098647676
2026-09-02,ARI incidence,2026-08-30,1,SI,quantile,0.3,272.95988310061455
2026-09-02,ARI incidence,2026-08-30,1,SI,quantile,0.35,286.3914894555581
2026-09-02,ARI incidence,2026-08-30,1,SI,quantile,0.4,292.3376756884892
2026-09-02,ARI incidence,2026-08-30,1,SI,quantile,0.45,303.71674302480324
2026-09-02,ARI incidence,2026-08-30,1,SI,quantile,0.5,316.05418034023495
2026-09-02,ARI incidence,2026-08-30,1,SI,quantile,0.55,333.8043688135625
2026-09-02,ARI incidence,2026-08-30,1,SI,quantile,0.6,347.4424906626747
2026-09-02,ARI incidence,2026-08-30,1,SI,quantile,0.65,367.5063014938507
2026-09-02,ARI incidence,2026-08-30,1,SI,quantile,0.7,382.3738672152276
2026-09-02,ARI incidence,2026-08-30,1,SI,quantile,0.75,400.3895356208011
2026-09-02,ARI incidence,2026-08-30,1,SI,quantile,0.8,424.8946869155084
2026-09-02,ARI incidence,2026-08-30,1,SI,quantile,0.85,455.3529673038922
2026-09-02,ARI incidence,2026-08-30,1,SI,quantile,0.9,496.7898518048557
2026-09-02,ARI incidence,2026-08-30,1,SI,quantile,0.95,566.4612073258606
2026-09-02,ARI incidence,2026-08-30,1,SI,quantile,0.975,632.1595174521665
2026-09-02,ARI incidence,2026-08-30,1,SI,quantile,0.99,719.9941078820607
2026-09-02,ARI incidence,2026-09-06,2,SI,quantile,0.01,149.77000459124858
2026-09-02,ARI incidence,2026-09-06,2,SI,quantile,0.025,171.32456277342186
2026-09-02,ARI incidence,2026-09-06,2,SI,quantile,0.05,193.3287771226954
2026-09-02,ARI incidence,2026-09-06,2,SI,quantile,0.1,221.05609611647878
2026-09-02,ARI incidence,2026-09-06,2,SI,quantile,0.15,241.82256063047834
2026-09-02,ARI incidence,2026-09-06,2,SI,quantile,0.2,261.0810568752656
2026-09-02,ARI incidence,2026-09-06,2,SI,quantile,0.25,278.81594595080463
2026-09-02,ARI incidence,2026-09-06,2,SI,quantile,0.3,292.98000746766496
2026-09-02,ARI incidence,2026-09-06,2,SI,quantile,0.35,307.10085495821
2026-09-02,ARI incidence,2026-09-06,2,SI,quantile,0.4,329.01097768176214
2026-09-02,ARI incidence,2026-09-06,2,SI,quantile,0.45,344.79641367714777
2026-09-02,ARI incidence,2026-09-06,2,SI,quantile,0.5,354.8266512594913
2026-09-02,ARI incidence,2026-09-06,2,SI,quantile,0.55,368.7611490675248
2026-09-02,ARI incidence,2026-09-06,2,SI,quantile,0.6,389.5698053481189
2026-09-02,ARI incidence,2026-09-06,2,SI,quantile,0.65,414.381147864899
2026-09-02,ARI incidence,2026-09-06,2,SI,quantile,0.7,443.07340502505446
2026-09-02,ARI incidence,2026-09-06,2,SI,quantile,0.75,473.6751913596331
2026-09-02,ARI incidence,2026-09-06,2,SI,quantile,0.8,503.3300052231005
2026-09-02,ARI incidence,2026-09-06,2,SI,quantile,0.85,536.7166896595847
2026-09-02,ARI incidence,2026-09-06,2,SI,quantile,0.9,583.4123201026334
2026-09-02,ARI incidence,2026-09-06,2,SI,quantile,0.95,672.7704041134132
2026-09-02,ARI incidence,2026-09-06,2,SI,quantile,0.975,767.5429458663581
2026-09-02,ARI incidence,2026-09-06,2,SI,quantile,0.99,894.6216583514076
2026-09-02,ARI incidence,2026-09-13,3,SI,quantile,0.01,169.42695627213402
2026-09-02,ARI incidence,2026-09-13,3,SI,quantile,0.025,196.07242068067683
2026-09-02,ARI incidence,2026-09-13,3,SI,quantile,0.05,222.2978985818477
2026-09-02,ARI incidence,2026-09-13,3,SI,quantile,0.1,256.7025153333473
2026-09-02,ARI incidence,2026-09-13,3,SI,quantile,0.15,282.7679297724532
2026-09-02,ARI incidence,2026-09-13,3,SI,quantile,0.2,303.58614780783034
2026-09-02,ARI incidence,2026-09-13,3,SI,quantile,0.25,322.6593787888503
2026-09-02,ARI incidence,2026-09-13,3,SI,quantile,0.3,340.8034945276462
2026-09-02,ARI incidence,2026-09-13,3,SI,quantile,0.35,355.9234443478729
2026-09-02,ARI incidence,2026-09-13,3,SI,quantile,0.4,373.8671692912928
2026-09-02,ARI incidence,2026-09-13,3,SI,quantile,0.45,394.10156668932837
2026-09-02,ARI incidence,2026-09-13,3,SI,quantile,0.5,412.6095951959756
2026-09-02,ARI incidence,2026-09-13,3,SI,quantile,0.55,433.83473168382767
2026-09-02,ARI incidence,2026-09-13,3,SI,quantile,0.6,459.1264982520727
2026-09-02,ARI incidence,2026-09-13,3,SI,quantile,0.65,482.78711141736017
2026-09-02,ARI incidence,2026-09-13,3,SI,quantile,0.7,515.0888645557276
2026-09-02,ARI incidence,2026-09-13,3,SI,quantile,0.75,548.9459443955295
2026-09-02,ARI incidence,2026-09-13,3,SI,quantile,0.8,592.5421698726385
2026-09-02,ARI incidence,2026-09-13,3,SI,quantile,0.85,638.1542649707119
2026-09-02,ARI incidence,2026-09-13,3,SI,quantile,0.9,698.577088656866
2026-09-02,ARI incidence,2026-09-13,3,SI,quantile,0.95,802.5873521381079
2026-09-02,ARI incidence,2026-09-13,3,SI,quantile,0.975,900.1903685519026
2026-09-02,ARI incidence,2026-09-13,3,SI,quantile,0.99,1028.6759276274674
2026-09-02,ARI incidence,2026-09-20,4,SI,quantile,0.01,185.57678363805002
2026-09-02,ARI incidence,2026-09-20,4,SI,quantile,0.025,214.832075704574
2026-09-02,ARI incidence,2026-09-20,4,SI,quantile,0.05,244.06349942721536
2026-09-02,ARI incidence,2026-09-20,4,SI,quantile,0.1,282.79269822893036
2026-09-02,ARI incidence,2026-09-20,4,SI,quantile,0.15,312.19654333701794
2026-09-02,ARI incidence,2026-09-20,4,SI,quantile,0.2,336.9509716720281
2026-09-02,ARI incidence,2026-09-20,4,SI,quantile,0.25,360.3229865422027
2026-09-02,ARI incidence,2026-09-20,4,SI,quantile,0.3,383.4367051207852
2026-09-02,ARI incidence,2026-09-20,4,SI,quantile,0.35,405.95780411507394
2026-09-02,ARI incidence,2026-09-20,4,SI,quantile,0.4,426.63788512021557
2026-09-02,ARI incidence,2026-09-20,4,SI,quantile,0.45,449.0530505375629
2026-09-02,ARI incidence,2026-09-20,4,SI,quantile,0.5,472.2596426360012
2026-09-02,ARI incidence,2026-09-20,4,SI,quantile,0.55,498.8095585709173
2026-09-02,ARI incidence,2026-09-20,4,SI,quantile,0.6,527.4176995941818
2026-09-02,ARI incidence,2026-09-20,4,SI,quantile,0.65,559.7374986321478
2026-09-02,ARI incidence,2026-09-20,4,SI,quantile,0.7,589.9603411777539
2026-09-02,ARI incidence,2026-09-20,4,SI,quantile,0.75,627.0901792313991
2026-09-02,ARI incidence,2026-09-20,4,SI,quantile,0.8,676.2127714336298
2026-09-02,ARI incidence,2026-09-20,4,SI,quantile,0.85,724.0188703810325
2026-09-02,ARI incidence,2026-09-20,4,SI,quantile,0.9,804.6617799493962
2026-09-02,ARI incidence,2026-09-20,4,SI,quantile,0.95,948.1999902844257
2026-09-02,ARI incidence,2026-09-20,4,SI,quantile,0.975,1073.7248537016467
2026-09-02,ARI incidence,2026-09-20,4,SI,quantile,0.99,1221.983458662374
2026-09-02,ILI incidence,2026-08-30,1,BE,quantile,0.01,17.576055887220498
2026-09-02,ILI incidence,2026-08-30,1,BE,quantile,0.025,21.186202309468776
2026-09-02,ILI incidence,2026-08-30,1,BE,quantile,0.05,24.878233568429764
2026-09-02,ILI incidence,2026-08-30,1,BE,quantile,0.1,30.20559749995913
2026-09-02,ILI incidence,2026-08-30,1,BE,quantile,0.15,34.33863015536414
2026-09-02,ILI incidence,2026-08-30,1,BE,quantile,0.2,38.08988192371537
2026-09-02,ILI incidence,2026-08-30,1,BE,quantile,0.25,41.62392363585556
2026-09-02,ILI incidence,2026-08-30,1,BE,quantile,0.3,45.06908308234972
2026-09-02,ILI incidence,2026-08-30,1,BE,quantile,0.35,48.50962833275206
2026-09-02,ILI incidence,2026-08-30,1,BE,quantile,0.4,51.83415493034415
2026-09-02,ILI incidence,2026-08-30,1,BE,quantile,0.45,55.035680689340126
2026-09-02,ILI incidence,2026-08-30,1,BE,quantile,0.5,58.3757973214221
2026-09-02,ILI incidence,2026-08-30,1,BE,quantile,0.55,61.958936367018325
2026-09-02,ILI incidence,2026-08-30,1,BE,quantile,0.6,66.28229646372142
2026-09-02,ILI incidence,2026-08-30,1,BE,quantile,0.65,71.05658580583172
2026-09-02,ILI incidence,2026-08-30,1,BE,quantile,0.7,76.006609373275
2026-09-02,ILI incidence,2026-08-30,1,BE,quantile,0.75,82.30227969608985
2026-09-02,ILI incidence,2026-08-30,1,BE,quantile,0.8,89.94400136656776
2026-09-02,ILI incidence,2026-08-30,1,BE,quantile,0.85,100.02808799814241
2026-09-02,ILI incidence,2026-08-30,1,BE,quantile,0.9,113.86418503742388
2026-09-02,ILI incidence,2026-08-30,1,BE,quantile,0.95,137.75017428714935
2026-09-02,ILI incidence,2026-08-30,1,BE,quantile,0.975,160.71642940409453
2026-09-02,ILI incidence,2026-08-30,1,BE,quantile,0.99,192.24640215852122
2026-09-02,ILI incidence,2026-09-06,2,BE,quantile,0.01,17.58688127582664
2026-09-02,ILI incidence,2026-09-06,2,BE,quantile,0.025,21.77868427282535
2026-09-02,ILI incidence,2026-09-06,2,BE,quantile,0.05,26.09543673925169
2026-09-02,ILI incidence,2026-09-06,2,BE,quantile,0.1,32.22511197917357
2026-09-02,ILI incidence,2026-09-06,2,BE,quantile,0.15,37.126278217877086
2026-09-02,ILI incidence,2026-09-06,2,BE,quantile,0.2,41.53222909286855
2026-09-02,ILI incidence,2026-09-06,2,BE,quantile,0.25,45.71577277743826
2026-09-02,ILI incidence,2026-09-06,2,BE,quantile,0.3,49.82228175073933
2026-09-02,ILI incidence,2026-09-06,2,BE,quantile,0.35,53.84349510907697
2026-09-02,ILI incidence,2026-09-06,2,BE,quantile,0.4,57.84540486107432
2026-09-02,ILI incidence,2026-09-06,2,BE,quantile,0.45,61.99502444106912
2026-09-02,ILI incidence,2026-09-06,2,BE,quantile,0.5,66.52134769717543
2026-09-02,ILI incidence,2026-09-06,2,BE,quantile,0.55,71.53967730811361
2026-09-02,ILI incidence,2026-09-06,2,BE,quantile,0.6,77.02103638032631
2026-09-02,ILI incidence,2026-09-06,2,BE,quantile,0.65,83.03285246211064
2026-09-02,ILI incidence,2026-09-06,2,BE,quantile,0.7,88.96753425299819
2026-09-02,ILI incidence,2026-09-06,2,BE,quantile,0.75,96.85623768781994
2026-09-02,ILI incidence,2026-09-06,2,BE,quantile,0.8,106.45737483833719
2026-09-02,ILI incidence,2026-09-06,2,BE,quantile,0.85,117.97872147765955
2026-09-02,ILI incidence,2026-09-06,2,BE,quantile,0.9,133.61429928093972
2026-09-02,ILI incidence,2026-09-06,2,BE,quantile,0.95,163.00278897991868
2026-09-02,ILI incidence,2026-09-06,2,BE,quantile,0.975,193.42550920837482
2026-09-02,ILI incidence,2026-09-06,2,BE,quantile,0.99,236.2665131747011
2026-09-02,ILI incidence,2026-09-13,3,BE,quantile,0.01,20.03371841685369
2026-09-02,ILI incidence,2026-09-13,3,BE,quantile,0.025,24.935081547421703
2026-09-02,ILI incidence,2026-09-13,3,BE,quantile,0.05,30.06029812894197
2026-09-02,ILI incidence,2026-09-13,3,BE,quantile,0.1,37.34078726672341
2026-09-02,ILI incidence,2026-09-13,3,BE,quantile,0.15,43.19422827282547
2026-09-02,ILI incidence,2026-09-13,3,BE,quantile,0.2,48.259031160682426
2026-09-02,ILI incidence,2026-09-13,3,BE,quantile,0.25,53.105930369672826
2026-09-02,ILI incidence,2026-09-13,3,BE,quantile,0.3,58.02179341366104
2026-09-02,ILI incidence,2026-09-13,3,BE,quantile,0.35,62.97490489230764
2026-09-02,ILI incidence,2026-09-13,3,BE,quantile,0.4,67.80711276316102
2026-09-02,ILI incidence,2026-09-13,3,BE,quantile,0.45,73.01796916320261
2026-09-02,ILI incidence,2026-09-13,3,BE,quantile,0.5,78.53134797924737
2026-09-02,ILI incidence,2026-09-13,3,BE,quantile,0.55,84.45540201798292
2026-09-02,ILI incidence,2026-09-13,3,BE,quantile,0.6,90.63606794789482
2026-09-02,ILI incidence,2026-09-13,3,BE,quantile,0.65,97.37256451492195
2026-09-02,ILI incidence,2026-09-13,3,BE,quantile,0.7,105.70293086319877
2026-09-02,ILI incidence,2026-09-13,3,BE,quantile,0.75,115.48584124787726
2026-09-02,ILI incidence,2026-09-13,3,BE,quantile,0.8,127.4386478425141
2026-09-02,ILI incidence,2026-09-13,3,BE,quantile,0.85,142.8402231334543
2026-09-02,ILI incidence,2026-09-13,3,BE,quantile,0.9,164.47871858725443
2026-09-02,ILI incidence,2026-09-13,3,BE,quantile,0.95,203.25290855295842
2026-09-02,ILI incidence,2026-09-13,3,BE,quantile,0.975,243.65904550076877
2026-09-02,ILI incidence,2026-09-13,3,BE,quantile,0.99,299.7662645327789
2026-09-02,ILI incidence,2026-09-20,4,BE,quantile,0.01,23.19958904368244
2026-09-02,ILI incidence,2026-09-20,4,BE,quantile,0.025,28.647725944768354
2026-09-02,ILI incidence,2026-09-20,4,BE,quantile,0.05,34.30481771386354
2026-09-02,ILI incidence,2026-09-20,4,BE,quantile,0.1,42.179302025158236
2026-09-02,ILI incidence,2026-09-20,4,BE,quantile,0.15,48.46204636446036
2026-09-02,ILI incidence,2026-09-20,4,BE,quantile,0.2,54.10114178748542
2026-09-02,ILI incidence,2026-09-20,4,BE,quantile,0.25,59.44867303456102
2026-09-02,ILI incidence,2026-09-20,4,BE,quantile,0.3,65.00547245249936
2026-09-02,ILI incidence,2026-09-20,4,BE,quantile,0.35,70.65189950133717
2026-09-02,ILI incidence,2026-09-20,4,BE,quantile,0.4,76.241847642994
2026-09-02,ILI incidence,2026-09-20,4,BE,quantile,0.45,81.763599457006
2026-09-02,ILI incidence,2026-09-20,4,BE,quantile,0.5,87.58305598723055
2026-09-02,ILI incidence,2026-09-20,4,BE,quantile,0.55,93.81170296505962
2026-09-02,ILI incidence,2026-09-20,4,BE,quantile,0.6,100.79494102345791
2026-09-02,ILI incidence,2026-09-20,4,BE,quantile,0.65,108.99017624672817
2026-09-02,ILI incidence,2026-09-20,4,BE,quantile,0.7,118.3417581410222
2026-09-02,ILI incidence,2026-09-20,4,BE,quantile,0.75,129.32753506153963
2026-09-02,ILI incidence,2026-09-20,4,BE,quantile,0.8,142.75481837284224
2026-09-02,ILI incidence,2026-09-20,4,BE,quantile,0.85,160.16170793477406
2026-09-02,ILI incidence,2026-09-20,4,BE,quantile,0.9,183.97621918305603
2026-09-02,ILI incidence,2026-09-20,4,BE,quantile,0.95,225.65188019824836
2026-09-02,ILI incidence,2026-09-20,4,BE,quantile,0.975,271.57650268408366
2026-09-02,ILI incidence,2026-09-20,4,BE,quantile,0.99,336.7970072450298
2026-09-02,ILI incidence,2026-08-30,1,CH,quantile,0.01,2.9906346465852685
2026-09-02,ILI incidence,2026-08-30,1,CH,quantile,0.025,3.72582810323207
2026-09-02,ILI incidence,2026-08-30,1,CH,quantile,0.05,4.452152884654538
2026-09-02,ILI incidence,2026-08-30,1,CH,quantile,0.1,5.523210654471039
2026-09-02,ILI incidence,2026-08-30,1,CH,quantile,0.15,6.297520033156536
2026-09-02,ILI incidence,2026-08-30,1,CH,quantile,0.2,6.987071674555465
2026-09-02,ILI incidence,2026-08-30,1,CH,quantile,0.25,7.662156788690344
2026-09-02,ILI incidence,2026-08-30,1,CH,quantile,0.3,8.284924524986723
2026-09-02,ILI incidence,2026-08-30,1,CH,quantile,0.35,8.802092737253083
2026-09-02,ILI incidence,2026-08-30,1,CH,quantile,0.4,9.325828307761908
2026-09-02,ILI incidence,2026-08-30,1,CH,quantile,0.45,9.978207995218945
2026-09-02,ILI incidence,2026-08-30,1,CH,quantile,0.5,10.695216376173427
2026-09-02,ILI incidence,2026-08-30,1,CH,quantile,0.55,11.34860342591724
2026-09-02,ILI incidence,2026-08-30,1,CH,quantile,0.6,11.988212457023504
2026-09-02,ILI incidence,2026-08-30,1,CH,quantile,0.65,12.889287759079513
2026-09-02,ILI incidence,2026-08-30,1,CH,quantile,0.7,13.906621750426607
2026-09-02,ILI incidence,2026-08-30,1,CH,quantile,0.75,15.088240707282413
2026-09-02,ILI incidence,2026-08-30,1,CH,quantile,0.8,16.327916030963255
2026-09-02,ILI incidence,2026-08-30,1,CH,quantile,0.85,17.734169394159434
2026-09-02,ILI incidence,2026-08-30,1,CH,quantile,0.9,20.06340600826492
2026-09-02,ILI incidence,2026-08-30,1,CH,quantile,0.95,23.906802124222732
2026-09-02,ILI incidence,2026-08-30,1,CH,quantile,0.975,27.879130791218596
2026-09-02,ILI incidence,2026-08-30,1,CH,quantile,0.99,33.301049034122194
2026-09-02,ILI incidence,2026-09-06,2,CH,quantile,0.01,3.266113817799352
2026-09-02,ILI incidence,2026-09-06,2,CH,quantile,0.025,4.141164350693511
2026-09-02,ILI incidence,2026-09-06,2,CH,quantile,0.05,4.986298902045202
2026-09-02,ILI incidence,2026-09-06,2,CH,quantile,0.1,6.13509759132084
2026-09-02,ILI incidence,2026-09-06,2,CH,quantile,0.15,7.079357713635731
2026-09-02,ILI incidence,2026-09-06,2,CH,quantile,0.2,7.918174818044126
2026-09-02,ILI incidence,2026-09-06,2,CH,quantile,0.25,8.6701815019928
2026-09-02,ILI incidence,2026-09-06,2,CH,quantile,0.3,9.470792972661256
2026-09-02,ILI incidence,2026-09-06,2,CH,quantile,0.35,10.239757505748349
2026-09-02,ILI incidence,2026-09-06,2,CH,quantile,0.4,10.997658846777135
2026-09-02,ILI incidence,2026-09-06,2,CH,quantile,0.45,11.808366544864917
2026-09-02,ILI incidence,2026-09-06,2,CH,quantile,0.5,12.659687346926919
2026-09-02,ILI incidence,2026-09-06,2,CH,quantile,0.55,13.563947050793516
2026-09-02,ILI incidence,2026-09-06,2,CH,quantile,0.6,14.538048868922903
2026-09-02,ILI incidence,2026-09-06,2,CH,quantile,0.65,15.58071434981109
2026-09-02,ILI incidence,2026-09-06,2,CH,quantile,0.7,16.827257661397947
2026-09-02,ILI incidence,2026-09-06,2,CH,quantile,0.75,18.281961534548866
2026-09-02,ILI incidence,2026-09-06,2,CH,quantile,0.8,19.93818338388707
2026-09-02,ILI incidence,2026-09-06,2,CH,quantile,0.85,22.10749299210859
2026-09-02,ILI incidence,2026-09-06,2,CH,quantile,0.9,25.101595334287072
2026-09-02,ILI incidence,2026-09-06,2,CH,quantile,0.95,30.464221331931263
2026-09-02,ILI incidence,2026-09-06,2,CH,quantile,0.975,35.91532767881272
2026-09-02,ILI incidence,2026-09-06,2,CH,quantile,0.99,43.45158956252298
2026-09-02,ILI incidence,2026-09-13,3,CH,quantile,0.01,3.2465927511626322
2026-09-02,ILI incidence,2026-09-13,3,CH,quantile,0.025,4.1537264773437155
2026-09-02,ILI incidence,2026-09-13,3,CH,quantile,0.05,5.106748513161325
2026-09-02,ILI incidence,2026-09-13,3,CH,quantile,0.1,6.453662060154553
2026-09-02,ILI incidence,2026-09-13,3,CH,quantile,0.15,7.5440936150322795
2026-09-02,ILI incidence,2026-09-13,3,CH,quantile,0.2,8.491791216622104
2026-09-02,ILI incidence,2026-09-13,3,CH,quantile,0.25,9.437716229484883
2026-09-02,ILI incidence,2026-09-13,3,CH,quantile,0.3,10.381753896341717
2026-09-02,ILI incidence,2026-09-13,3,CH,quantile,0.35,11.31452447108229
2026-09-02,ILI incidence,2026-09-13,3,CH,quantile,0.4,12.274788316890914
2026-09-02,ILI incidence,2026-09-13,3,CH,quantile,0.45,13.27426150426999
2026-09-02,ILI incidence,2026-09-13,3,CH,quantile,0.5,14.297437204127974
2026-09-02,ILI incidence,2026-09-13,3,CH,quantile,0.55,15.406015177893838
2026-09-02,ILI incidence,2026-09-13,3,CH,quantile,0.6,16.625235138998942
2026-09-02,ILI incidence,2026-09-13,3,CH,quantile,0.65,17.98069527254485
2026-09-02,ILI incidence,2026-09-13,3,CH,quantile,0.7,19.52211117100429
2026-09-02,ILI incidence,2026-09-13,3,CH,quantile,0.75,21.30541794991378
2026-09-02,ILI incidence,2026-09-13,3,CH,quantile,0.8,23.320934808615775
2026-09-02,ILI incidence,2026-09-13,3,CH,quantile,0.85,26.16476428669482
2026-09-02,ILI incidence,2026-09-13,3,CH,quantile,0.9,30.05287545032485
2026-09-02,ILI incidence,2026-09-13,3,CH,quantile,0.95,37.21023963862732
2026-09-02,ILI incidence,2026-09-13,3,CH,quantile,0.975,44.5905765836238
2026-09-02,ILI incidence,2026-09-13,3,CH,quantile,0.99,54.712999450032626
2026-09-02,ILI incidence,2026-09-20,4,CH,quantile,0.01,3.867519213667756
2026-09-02,ILI incidence,2026-09-20,4,CH,quantile,0.025,4.961843098233745
2026-09-02,ILI incidence,2026-09-20,4,CH,quantile,0.05,6.097870432286179
2026-09-02,ILI incidence,2026-09-20,4,CH,quantile,0.1,7.691940707834618
2026-09-02,ILI incidence,2026-09-20,4,CH,quantile,0.15,8.9898420909405
2026-09-02,ILI incidence,2026-09-20,4,CH,quantile,0.2,10.158245291680348
2026-09-02,ILI incidence,2026-09-20,4,CH,quantile,0.25,11.272859829517555
2026-09-02,ILI incidence,2026-09-20,4,CH,quantile,0.3,12.3866777782642
2026-09-02,ILI incidence,2026-09-20,4,CH,quantile,0.35,13.458116415097502
2026-09-02,ILI incidence,2026-09-20,4,CH,quantile,0.4,14.547078422877826
2026-09-02,ILI incidence,2026-09-20,4,CH,quantile,0.45,15.678991445775416
2026-09-02,ILI incidence,2026-09-20,4,CH,quantile,0.5,16.84286714388911
2026-09-02,ILI incidence,2026-09-20,4,CH,quantile,0.55,18.124439365828522
2026-09-02,ILI incidence,2026-09-20,4,CH,quantile,0.6,19.602762018088416
2026-09-02,ILI incidence,2026-09-20,4,CH,quantile,0.65,21.250922777705597
2026-09-02,ILI incidence,2026-09-20,4,CH,quantile,0.7,23.11362642423002
2026-09-02,ILI incidence,2026-09-20,4,CH,quantile,0.75,25.20607368206182
2026-09-02,ILI incidence,2026-09-20,4,CH,quantile,0.8,27.75046850420193
2026-09-02,ILI incidence,2026-09-20,4,CH,quantile,0.85,31.029711046388197
2026-09-02,ILI incidence,2026-09-20,4,CH,quantile,0.9,35.69223064794282
2026-09-02,ILI incidence,2026-09-20,4,CH,quantile,0.95,43.879939953937956
2026-09-02,ILI incidence,2026-09-20,4,CH,quantile,0.975,52.447392003294404
2026-09-02,ILI incidence,2026-09-20,4,CH,quantile,0.99,64.48573897828993
2026-09-02,ILI incidence,2026-08-30,1,DK,quantile,0.01,24.25731430862539
2026-09-02,ILI incidence,2026-08-30,1,DK,quantile,0.025,28.451327346806053
2026-09-02,ILI incidence,2026-08-30,1,DK,quantile,0.05,31.89556973782725
2026-09-02,ILI incidence,2026-08-30,1,DK,quantile,0.1,36.11356217099895
2026-09-02,ILI incidence,2026-08-30,1,DK,quantile,0.15,39.80609695197463
2026-09-02,ILI incidence,2026-08-30,1,DK,quantile,0.2,42.69353953398148
2026-09-02,ILI incidence,2026-08-30,1,DK,quantile,0.25,45.488613799935436
2026-09-02,ILI incidence,2026-08-30,1,DK,quantile,0.3,48.15073336701774
2026-09-02,ILI incidence,2026-08-30,1,DK,quantile,0.35,50.753476871626596
2026-09-02,ILI incidence,2026-08-30,1,DK,quantile,0.4,53.237302245977475
2026-09-02,ILI incidence,2026-08-30,1,DK,quantile,0.45,55.6609887616258
2026-09-02,ILI incidence,2026-08-30,1,DK,quantile,0.5,58.151968394279706
2026-09-02,ILI incidence,2026-08-30,1,DK,quantile,0.55,61.41022426130022
2026-09-02,ILI incidence,2026-08-30,1,DK,quantile,0.6,64.59126754040561
2026-09-02,ILI incidence,2026-08-30,1,DK,quantile,0.65,68.4731195518072
2026-09-02,ILI incidence,2026-08-30,1,DK,quantile,0.7,73.22434371860923
2026-09-02,ILI incidence,2026-08-30,1,DK,quantile,0.75,78.22942011550936
2026-09-02,ILI incidence,2026-08-30,1,DK,quantile,0.8,83.93087333578907
2026-09-02,ILI incidence,2026-08-30,1,DK,quantile,0.85,90.33050444456038
2026-09-02,ILI incidence,2026-08-30,1,DK,quantile,0.9,99.07216506824747
2026-09-02,ILI incidence,2026-08-30,1,DK,quantile,0.95,114.06268066761544
2026-09-02,ILI incidence,2026-08-30,1,DK,quantile,0.975,129.41964521993566
2026-09-02,ILI incidence,2026-08-30,1,DK,quantile,0.99,146.74759018477357
2026-09-02,ILI incidence,2026-09-06,2,DK,quantile,0.01,22.546798931332223
2026-09-02,ILI incidence,2026-09-06,2,DK,quantile,0.025,26.567952111422223
2026-09-02,ILI incidence,2026-09-06,2,DK,quantile,0.05,30.87578541243067
2026-09-02,ILI incidence,2026-09-06,2,DK,quantile,0.1,36.517417144099
2026-09-02,ILI incidence,2026-09-06,2,DK,quantile,0.15,41.28890155219098
2026-09-02,ILI incidence,2026-09-06,2,DK,quantile,0.2,44.951244820444856
2026-09-02,ILI incidence,2026-09-06,2,DK,quantile,0.25,48.0223153946039
2026-09-02,ILI incidence,2026-09-06,2,DK,quantile,0.3,50.77936656509913
2026-09-02,ILI incidence,2026-09-06,2,DK,quantile,0.35,53.713003376117854
2026-09-02,ILI incidence,2026-09-06,2,DK,quantile,0.4,56.6316548126098
2026-09-02,ILI incidence,2026-09-06,2,DK,quantile,0.45,59.62581313936527
2026-09-02,ILI incidence,2026-09-06,2,DK,quantile,0.5,62.64767657688121
2026-09-02,ILI incidence,2026-09-06,2,DK,quantile,0.55,65.99241313586079
2026-09-02,ILI incidence,2026-09-06,2,DK,quantile,0.6,70.08023073692854
2026-09-02,ILI incidence,2026-09-06,2,DK,quantile,0.65,74.59693213238502
2026-09-02,ILI incidence,2026-09-06,2,DK,quantile,0.7,79.66781102844294
2026-09-02,ILI incidence,2026-09-06,2,DK,quantile,0.75,85.52234835563675
2026-09-02,ILI incidence,2026-09-06,2,DK,quantile,0.8,92.54301172491341
2026-09-02,ILI incidence,2026-09-06,2,DK,quantile,0.85,101.44863619540017
2026-09-02,ILI incidence,2026-09-06,2,DK,quantile,0.9,113.27924901612433
2026-09-02,ILI incidence,2026-09-06,2,DK,quantile,0.95,134.4170683548044
2026-09-02,ILI incidence,2026-09-06,2,DK,quantile,0.975,156.6653341828378
2026-09-02,ILI incidence,2026-09-06,2,DK,quantile,0.99,186.07436661499315
2026-09-02,ILI incidence,2026-09-13,3,DK,quantile,0.01,22.496663707480877
2026-09-02,ILI incidence,2026-09-13,3,DK,quantile,0.025,27.077568950138293
2026-09-02,ILI incidence,2026-09-13,3,DK,quantile,0.05,31.719972368882143
2026-09-02,ILI incidence,2026-09-13,3,DK,quantile,0.1,38.73890443647454
2026-09-02,ILI incidence,2026-09-13,3,DK,quantile,0.15,43.38780136579476
2026-09-02,ILI incidence,2026-09-13,3,DK,quantile,0.2,47.934733593634206
2026-09-02,ILI incidence,2026-09-13,3,DK,quantile,0.25,50.67010337564925
2026-09-02,ILI incidence,2026-09-13,3,DK,quantile,0.3,54.88109817684976
2026-09-02,ILI incidence,2026-09-13,3,DK,quantile,0.35,58.66455090979402
2026-09-02,ILI incidence,2026-09-13,3,DK,quantile,0.4,62.624713189987986
2026-09-02,ILI incidence,2026-09-13,3,DK,quantile,0.45,65.43200449920002
2026-09-02,ILI incidence,2026-09-13,3,DK,quantile,0.5,68.98650074450626
2026-09-02,ILI incidence,2026-09-13,3,DK,quantile,0.55,73.49676605537773
2026-09-02,ILI incidence,2026-09-13,3,DK,quantile,0.6,78.3899653599237
2026-09-02,ILI incidence,2026-09-13,3,DK,quantile,0.65,83.22052506336628
2026-09-02,ILI incidence,2026-09-13,3,DK,quantile,0.7,88.80846860712883
2026-09-02,ILI incidence,2026-09-13,3,DK,quantile,0.75,95.15566310292415
2026-09-02,ILI incidence,2026-09-13,3,DK,quantile,0.8,103.8655540603029
2026-09-02,ILI incidence,2026-09-13,3,DK,quantile,0.85,114.15524495854314
2026-09-02,ILI incidence,2026-09-13,3,DK,quantile,0.9,128.54832358315787
2026-09-02,ILI incidence,2026-09-13,3,DK,quantile,0.95,157.41735104789188
2026-09-02,ILI incidence,2026-09-13,3,DK,quantile,0.975,186.20343397544593
2026-09-02,ILI incidence,2026-09-13,3,DK,quantile,0.99,220.51762596203767
2026-09-02,ILI incidence,2026-09-20,4,DK,quantile,0.01,23.817426141948694
2026-09-02,ILI incidence,2026-09-20,4,DK,quantile,0.025,29.069679498399157
2026-09-02,ILI incidence,2026-09-20,4,DK,quantile,0.05,33.53514008882404
2026-09-02,ILI incidence,2026-09-20,4,DK,quantile,0.1,41.62399416618119
2026-09-02,ILI incidence,2026-09-20,4,DK,quantile,0.15,46.442062456077366
2026-09-02,ILI incidence,2026-09-20,4,DK,quantile,0.2,50.761420361173776
2026-09-02,ILI incidence,2026-09-20,4,DK,quantile,0.25,54.98929925526683
2026-09-02,ILI incidence,2026-09-20,4,DK,quantile,0.3,58.793082399153995
2026-09-02,ILI incidence,2026-09-20,4,DK,quantile,0.35,62.548160311884885
2026-09-02,ILI incidence,2026-09-20,4,DK,quantile,0.4,66.7149725381245
2026-09-02,ILI incidence,2026-09-20,4,DK,quantile,0.45,70.65236128832532
2026-09-02,ILI incidence,2026-09-20,4,DK,quantile,0.5,75.2747052583382
2026-09-02,ILI incidence,2026-09-20,4,DK,quantile,0.55,79.67030768203144
2026-09-02,ILI incidence,2026-09-20,4,DK,quantile,0.6,84.86343096586613
2026-09-02,ILI incidence,2026-09-20,4,DK,quantile,0.65,90.1726627723523
2026-09-02,ILI incidence,2026-09-20,4,DK,quantile,0.7,97.02231119172977
2026-09-02,ILI incidence,2026-09-20,4,DK,quantile,0.75,104.48079948414366
2026-09-02,ILI incidence,2026-09-20,4,DK,quantile,0.8,112.56526535613543
2026-09-02,ILI incidence,2026-09-20,4,DK,quantile,0.85,124.01152676616428
2026-09-02,ILI incidence,2026-09-20,4,DK,quantile,0.9,140.9025053731306
2026-09-02,ILI incidence,2026-09-20,4,DK,quantile,0.95,168.46563507366847
2026-09-02,ILI incidence,2026-09-20,4,DK,quantile,0.975,200.97052233705853
2026-09-02,ILI incidence,2026-09-20,4,DK,quantile,0.99,240.7930912941808
2026-09-02,ILI incidence,2026-08-30,1,EE,quantile,0.01,3.009961861874282
2026-09-02,ILI incidence,2026-08-30,1,EE,quantile,0.025,3.7623900631472873
2026-09-02,ILI incidence,2026-08-30,1,EE,quantile,0.05,4.496826282104039
2026-09-02,ILI incidence,2026-08-30,1,EE,quantile,0.1,5.419631768191427
2026-09-02,ILI incidence,2026-08-30,1,EE,quantile,0.15,6.186762047405705
2026-09-02,ILI incidence,2026-08-30,1,EE,quantile,0.2,6.856217365916295
2026-09-02,ILI incidence,2026-08-30,1,EE,quantile,0.25,7.521510986114872
2026-09-02,ILI incidence,2026-08-30,1,EE,quantile,0.3,8.16684522293001
2026-09-02,ILI incidence,2026-08-30,1,EE,quantile,0.35,8.803029060083352
2026-09-02,ILI incidence,2026-08-30,1,EE,quantile,0.4,9.451398252751364
2026-09-02,ILI incidence,2026-08-30,1,EE,quantile,0.45,10.108053987090816
2026-09-02,ILI incidence,2026-08-30,1,EE,quantile,0.5,10.79031472755127
2026-09-02,ILI incidence,2026-08-30,1,EE,quantile,0.55,11.507489154082528
2026-09-02,ILI incidence,2026-08-30,1,EE,quantile,0.6,12.219605133351532
2026-09-02,ILI incidence,2026-08-30,1,EE,quantile,0.65,13.03151496232257
2026-09-02,ILI incidence,2026-08-30,1,EE,quantile,0.7,13.941169533112404
2026-09-02,ILI incidence,2026-08-30,1,EE,quantile,0.75,14.936609646094043
2026-09-02,ILI incidence,2026-08-30,1,EE,quantile,0.8,16.19012568065993
2026-09-02,ILI incidence,2026-08-30,1,EE,quantile,0.85,17.828595416821692
2026-09-02,ILI incidence,2026-08-30,1,EE,quantile,0.9,19.918244963760248
2026-09-02,ILI incidence,2026-08-30,1,EE,quantile,0.95,23.553902891219018
2026-09-02,ILI incidence,2026-08-30,1,EE,quantile,0.975,27.57360184868875
2026-09-02,ILI incidence,2026-08-30,1,EE,quantile,0.99,32.7155163925703
2026-09-02,ILI incidence,2026-09-06,2,EE,quantile,0.01,2.9501884687885105
2026-09-02,ILI incidence,2026-09-06,2,EE,quantile,0.025,3.7118120283655918
2026-09-02,ILI incidence,2026-09-06,2,EE,quantile,0.05,4.513978719083349
2026-09-02,ILI incidence,2026-09-06,2,EE,quantile,0.1,5.643280703691634
2026-09-02,ILI incidence,2026-09-06,2,EE,quantile,0.15,6.609402728777457
2026-09-02,ILI incidence,2026-09-06,2,EE,quantile,0.2,7.3760679829822315
2026-09-02,ILI incidence,2026-09-06,2,EE,quantile,0.25,8.05699469417625
2026-09-02,ILI incidence,2026-09-06,2,EE,quantile,0.3,8.81642862506105
2026-09-02,ILI incidence,2026-09-06,2,EE,quantile,0.35,9.587717528238606
2026-09-02,ILI incidence,2026-09-06,2,EE,quantile,0.4,10.372612233768603
2026-09-02,ILI incidence,2026-09-06,2,EE,quantile,0.45,10.976970303204425
2026-09-02,ILI incidence,2026-09-06,2,EE,quantile,0.5,11.603094572853884
2026-09-02,ILI incidence,2026-09-06,2,EE,quantile,0.55,12.44722933060961
2026-09-02,ILI incidence,2026-09-06,2,EE,quantile,0.6,13.372933556409755
2026-09-02,ILI incidence,2026-09-06,2,EE,quantile,0.65,14.35972050757811
2026-09-02,ILI incidence,2026-09-06,2,EE,quantile,0.7,15.343529124251985
2026-09-02,ILI incidence,2026-09-06,2,EE,quantile,0.75,16.4760246437325
2026-09-02,ILI incidence,2026-09-06,2,EE,quantile,0.8,17.975328786670044
2026-09-02,ILI incidence,2026-09-06,2,EE,quantile,0.85,19.911413195543176
2026-09-02,ILI incidence,2026-09-06,2,EE,quantile,0.9,22.649331806865966
2026-09-02,ILI incidence,2026-09-06,2,EE,quantile,0.95,27.385300259956217
2026-09-02,ILI incidence,2026-09-06,2,EE,quantile,0.975,32.29060907100725
2026-09-02,ILI incidence,2026-09-06,2,EE,quantile,0.99,38.988271913930504
2026-09-02,ILI incidence,2026-09-13,3,EE,quantile,0.01,3.121861959147472
2026-09-02,ILI incidence,2026-09-13,3,EE,quantile,0.025,4.0530973955147225
2026-09-02,ILI incidence,2026-09-13,3,EE,quantile,0.05,5.002193445879521
2026-09-02,ILI incidence,2026-09-13,3,EE,quantile,0.1,6.269581785718727
2026-09-02,ILI incidence,2026-09-13,3,EE,quantile,0.15,7.290471025818527
2026-09-02,ILI incidence,2026-09-13,3,EE,quantile,0.2,8.225775514793666
2026-09-02,ILI incidence,2026-09-13,3,EE,quantile,0.25,9.142232954839187
2026-09-02,ILI incidence,2026-09-13,3,EE,quantile,0.3,10.00230696225325
2026-09-02,ILI incidence,2026-09-13,3,EE,quantile,0.35,10.847744730347218
2026-09-02,ILI incidence,2026-09-13,3,EE,quantile,0.4,11.709975886674773
2026-09-02,ILI incidence,2026-09-13,3,EE,quantile,0.45,12.603873165943238
2026-09-02,ILI incidence,2026-09-13,3,EE,quantile,0.5,13.544956523876058
2026-09-02,ILI incidence,2026-09-13,3,EE,quantile,0.55,14.551141774172537
2026-09-02,ILI incidence,2026-09-13,3,EE,quantile,0.6,15.644859295385542
2026-09-02,ILI incidence,2026-09-13,3,EE,quantile,0.65,16.856205134092612
2026-09-02,ILI incidence,2026-09-13,3,EE,quantile,0.7,18.110799419179763
2026-09-02,ILI incidence,2026-09-13,3,EE,quantile,0.75,19.579819291076312
2026-09-02,ILI incidence,2026-09-13,3,EE,quantile,0.8,21.628826233242584
2026-09-02,ILI incidence,2026-09-13,3,EE,quantile,0.85,24.18811074751393
2026-09-02,ILI incidence,2026-09-13,3,EE,quantile,0.9,27.725352916120585
2026-09-02,ILI incidence,2026-09-13,3,EE,quantile,0.95,33.40130538045746
2026-09-02,ILI incidence,2026-09-13,3,EE,quantile,0.975,39.170739006505094
2026-09-02,ILI incidence,2026-09-13,3,EE,quantile,0.99,47.82092355702363
2026-09-02,ILI incidence,2026-09-20,4,EE,quantile,0.01,3.5852208761876803
2026-09-02,ILI incidence,2026-09-20,4,EE,quantile,0.025,4.609461376830879
2026-09-02,ILI incidence,2026-09-20,4,EE,quantile,0.05,5.671574922127876
2026-09-02,ILI incidence,2026-09-20,4,EE,quantile,0.1,7.148032497161111
2026-09-02,ILI incidence,2026-09-20,4,EE,quantile,0.15,8.324654576913789
2026-09-02,ILI incidence,2026-09-20,4,EE,quantile,0.2,9.379830937598435
2026-09-02,ILI incidence,2026-09-20,4,EE,quantile,0.25,10.379744013575873
2026-09-02,ILI incidence,2026-09-20,4,EE,quantile,0.3,11.359526536421203
2026-09-02,ILI incidence,2026-09-20,4,EE,quantile,0.35,12.342589505591414
2026-09-02,ILI incidence,2026-09-20,4,EE,quantile,0.4,13.397452619082088
2026-09-02,ILI incidence,2026-09-20,4,EE,quantile,0.45,14.42247525715576
2026-09-02,ILI incidence,2026-09-20,4,EE,quantile,0.5,15.494023810617584
2026-09-02,ILI incidence,2026-09-20,4,EE,quantile,0.55,16.595391241637582
2026-09-02,ILI incidence,2026-09-20,4,EE,quantile,0.6,17.872110867594124
2026-09-02,ILI incidence,2026-09-20,4,EE,quantile,0.65,19.289136636497922
2026-09-02,ILI incidence,2026-09-20,4,EE,quantile,0.7,20.89776774382297
2026-09-02,ILI incidence,2026-09-20,4,EE,quantile,0.75,22.777111777034207
2026-09-02,ILI incidence,2026-09-20,4,EE,quantile,0.8,25.060258829347365
2026-09-02,ILI incidence,2026-09-20,4,EE,quantile,0.85,27.886891993279203
2026-09-02,ILI incidence,2026-09-20,4,EE,quantile,0.9,31.57724767449735
2026-09-02,ILI incidence,2026-09-20,4,EE,quantile,0.95,37.931646279413116
2026-09-02,ILI incidence,2026-09-20,4,EE,quantile,0.975,44.6227624520437
2026-09-02,ILI incidence,2026-09-20,4,EE,quantile,0.99,55.206970782349195
2026-09-02,ILI incidence,2026-08-30,1,ES,quantile,0.01,3.8641267492402123
2026-09-02,ILI incidence,2026-08-30,1,ES,quantile,0.025,4.381274728010111
2026-09-02,ILI incidence,2026-08-30,1,ES,quantile,0.05,4.869817884006706
2026-09-02,ILI incidence,2026-08-30,1,ES,quantile,0.1,5.488373032060422
2026-09-02,ILI incidence,2026-08-30,1,ES,quantile,0.15,5.9459283698665075
2026-09-02,ILI incidence,2026-08-30,1,ES,quantile,0.2,6.365780196444094
2026-09-02,ILI incidence,2026-08-30,1,ES,quantile,0.25,6.728216958239326
2026-09-02,ILI incidence,2026-08-30,1,ES,quantile,0.3,7.014585616767969
2026-09-02,ILI incidence,2026-08-30,1,ES,quantile,0.35,7.326987168996812
2026-09-02,ILI incidence,2026-08-30,1,ES,quantile,0.4,7.667037047409844
2026-09-02,ILI incidence,2026-08-30,1,ES,quantile,0.45,7.9649227656860555
2026-09-02,ILI incidence,2026-08-30,1,ES,quantile,0.5,8.333709790083102
2026-09-02,ILI incidence,2026-08-30,1,ES,quantile,0.55,8.6778349970082
2026-09-02,ILI incidence,2026-08-30,1,ES,quantile,0.6,9.03139537211742
2026-09-02,ILI incidence,2026-08-30,1,ES,quantile,0.65,9.325577799826812
2026-09-02,ILI incidence,2026-08-30,1,ES,quantile,0.7,9.727291101804955
2026-09-02,ILI incidence,2026-08-30,1,ES,quantile,0.75,10.231323598908102
2026-09-02,ILI incidence,2026-08-30,1,ES,quantile,0.8,10.670880467340059
2026-09-02,ILI incidence,2026-08-30,1,ES,quantile,0.85,11.295643697181333
2026-09-02,ILI incidence,2026-08-30,1,ES,quantile,0.9,12.155521194111108
2026-09-02,ILI incidence,2026-08-30,1,ES,quantile,0.95,13.5418359862819
2026-09-02,ILI incidence,2026-08-30,1,ES,quantile,0.975,14.862027726306678
2026-09-02,ILI incidence,2026-08-30,1,ES,quantile,0.99,16.548459022352354
2026-09-02,ILI incidence,2026-09-06,2,ES,quantile,0.01,3.3679013253379733
2026-09-02,ILI incidence,2026-09-06,2,ES,quantile,0.025,4.054061713334315
2026-09-02,ILI incidence,2026-09-06,2,ES,quantile,0.05,4.71644295683972
2026-09-02,ILI incidence,2026-09-06,2,ES,quantile,0.1,5.541515776132198
2026-09-02,ILI incidence,2026-09-06,2,ES,quantile,0.15,6.177490413002388
2026-09-02,ILI incidence,2026-09-06,2,ES,quantile,0.2,6.76098882134094
2026-09-02,ILI incidence,2026-09-06,2,ES,quantile,0.25,7.299240733399486
2026-09-02,ILI incidence,2026-09-06,2,ES,quantile,0.3,7.777678346676478
2026-09-02,ILI incidence,2026-09-06,2,ES,quantile,0.35,8.174050160518682
2026-09-02,ILI incidence,2026-09-06,2,ES,quantile,0.4,8.683960384638572
2026-09-02,ILI incidence,2026-09-06,2,ES,quantile,0.45,9.131525558565995
2026-09-02,ILI incidence,2026-09-06,2,ES,quantile,0.5,9.663155492199655
2026-09-02,ILI incidence,2026-09-06,2,ES,quantile,0.55,10.224730797089926
2026-09-02,ILI incidence,2026-09-06,2,ES,quantile,0.6,10.898249735192989
2026-09-02,ILI incidence,2026-09-06,2,ES,quantile,0.65,11.560750173216057
2026-09-02,ILI incidence,2026-09-06,2,ES,quantile,0.7,12.210081592693996
2026-09-02,ILI incidence,2026-09-06,2,ES,quantile,0.75,12.803778365028961
2026-09-02,ILI incidence,2026-09-06,2,ES,quantile,0.8,13.543111712045496
2026-09-02,ILI incidence,2026-09-06,2,ES,quantile,0.85,14.714701442733022
2026-09-02,ILI incidence,2026-09-06,2,ES,quantile,0.9,16.478505358652626
2026-09-02,ILI incidence,2026-09-06,2,ES,quantile,0.95,18.74703702349653
2026-09-02,ILI incidence,2026-09-06,2,ES,quantile,0.975,21.438035177486555
2026-09-02,ILI incidence,2026-09-06,2,ES,quantile,0.99,25.03128864482441
2026-09-02,ILI incidence,2026-09-13,3,ES,quantile,0.01,3.095170050754415
2026-09-02,ILI incidence,2026-09-13,3,ES,quantile,0.025,3.8618445021418797
2026-09-02,ILI incidence,2026-09-13,3,ES,quantile,0.05,4.635081776484699
2026-09-02,ILI incidence,2026-09-13,3,ES,quantile,0.1,5.618683206098865
2026-09-02,ILI incidence,2026-09-13,3,ES,quantile,0.15,6.316949318528287
2026-09-02,ILI incidence,2026-09-13,3,ES,quantile,0.2,6.924081320595041
2026-09-02,ILI incidence,2026-09-13,3,ES,quantile,0.25,7.484941213443153
2026-09-02,ILI incidence,2026-09-13,3,ES,quantile,0.3,8.04757088251845
2026-09-02,ILI incidence,2026-09-13,3,ES,quantile,0.35,8.577237887969357
2026-09-02,ILI incidence,2026-09-13,3,ES,quantile,0.4,9.330221979021594
2026-09-02,ILI incidence,2026-09-13,3,ES,quantile,0.45,9.981346899101485
2026-09-02,ILI incidence,2026-09-13,3,ES,quantile,0.5,10.60708111613808
2026-09-02,ILI incidence,2026-09-13,3,ES,quantile,0.55,11.406406990250318
2026-09-02,ILI incidence,2026-09-13,3,ES,quantile,0.6,12.182028457368382
2026-09-02,ILI incidence,2026-09-13,3,ES,quantile,0.65,12.84340291515297
2026-09-02,ILI incidence,2026-09-13,3,ES,quantile,0.7,13.810461541985276
2026-09-02,ILI incidence,2026-09-13,3,ES,quantile,0.75,14.929996119945336
2026-09-02,ILI incidence,2026-09-13,3,ES,quantile,0.8,16.27651697866265
2026-09-02,ILI incidence,2026-09-13,3,ES,quantile,0.85,17.99036547061085
2026-09-02,ILI incidence,2026-09-13,3,ES,quantile,0.9,20.390342276453335
2026-09-02,ILI incidence,2026-09-13,3,ES,quantile,0.95,23.885527966350317
2026-09-02,ILI incidence,2026-09-13,3,ES,quantile,0.975,27.567695792499144
2026-09-02,ILI incidence,2026-09-13,3,ES,quantile,0.99,32.53936799540747
2026-09-02,ILI incidence,2026-09-20,4,ES,quantile,0.01,3.285864456644617
2026-09-02,ILI incidence,2026-09-20,4,ES,quantile,0.025,4.018089924780334
2026-09-02,ILI incidence,2026-09-20,4,ES,quantile,0.05,4.7471459355882875
2026-09-02,ILI incidence,2026-09-20,4,ES,quantile,0.1,5.720104813997616
2026-09-02,ILI incidence,2026-09-20,4,ES,quantile,0.15,6.647638492531236
2026-09-02,ILI incidence,2026-09-20,4,ES,quantile,0.2,7.358592944315307
2026-09-02,ILI incidence,2026-09-20,4,ES,quantile,0.25,8.10178703723514
2026-09-02,ILI incidence,2026-09-20,4,ES,quantile,0.3,8.873791259559798
2026-09-02,ILI incidence,2026-09-20,4,ES,quantile,0.35,9.554087721726093
2026-09-02,ILI incidence,2026-09-20,4,ES,quantile,0.4,10.276508302215822
2026-09-02,ILI incidence,2026-09-20,4,ES,quantile,0.45,10.953851284946376
2026-09-02,ILI incidence,2026-09-20,4,ES,quantile,0.5,11.660166133820745
2026-09-02,ILI incidence,2026-09-20,4,ES,quantile,0.55,12.40821486860757
2026-09-02,ILI incidence,2026-09-20,4,ES,quantile,0.6,13.254076794819262
2026-09-02,ILI incidence,2026-09-20,4,ES,quantile,0.65,14.17179509458506
2026-09-02,ILI incidence,2026-09-20,4,ES,quantile,0.7,15.237056484258439
2026-09-02,ILI incidence,2026-09-20,4,ES,quantile,0.75,16.378866134877438
2026-09-02,ILI incidence,2026-09-20,4,ES,quantile,0.8,17.74505972745137
2026-09-02,ILI incidence,2026-09-20,4,ES,quantile,0.85,19.473658509124856
2026-09-02,ILI incidence,2026-09-20,4,ES,quantile,0.9,21.897852351330712
2026-09-02,ILI incidence,2026-09-20,4,ES,quantile,0.95,27.149783091140435
2026-09-02,ILI incidence,2026-09-20,4,ES,quantile,0.975,32.588950440758566
2026-09-02,ILI incidence,2026-09-20,4,ES,quantile,0.99,38.85737797444914
2026-09-02,ILI incidence,2026-08-30,1,FI,quantile,0.01,5.1854409799277335
2026-09-02,ILI incidence,2026-08-30,1,FI,quantile,0.025,6.052922432965495
2026-09-02,ILI incidence,2026-08-30,1,FI,quantile,0.05,6.895704942534523
2026-09-02,ILI incidence,2026-08-30,1,FI,quantile,0.1,7.939898980074649
2026-09-02,ILI incidence,2026-08-30,1,FI,quantile,0.15,8.65642658777096
2026-09-02,ILI incidence,2026-08-30,1,FI,quantile,0.2,9.359767169571962
2026-09-02,ILI incidence,2026-08-30,1,FI,quantile,0.25,9.943105037029472
2026-09-02,ILI incidence,2026-08-30,1,FI,quantile,0.3,10.543086390646828
2026-09-02,ILI incidence,2026-08-30,1,FI,quantile,0.35,11.128384246357337
2026-09-02,ILI incidence,2026-08-30,1,FI,quantile,0.4,11.774795615128696
2026-09-02,ILI incidence,2026-08-30,1,FI,quantile,0.45,12.436348157628263
2026-09-02,ILI incidence,2026-08-30,1,FI,quantile,0.5,13.058621266191201
2026-09-02,ILI incidence,2026-08-30,1,FI,quantile,0.55,13.728065987652617
2026-09-02,ILI incidence,2026-08-30,1,FI,quantile,0.6,14.259311215999086
2026-09-02,ILI incidence,2026-08-30,1,FI,quantile,0.65,14.952506489297114
2026-09-02,ILI incidence,2026-08-30,1,FI,quantile,0.7,15.761386153314797
2026-09-02,ILI incidence,2026-08-30,1,FI,quantile,0.75,16.823472298360002
2026-09-02,ILI incidence,2026-08-30,1,FI,quantile,0.8,17.769498876451074
2026-09-02,ILI incidence,2026-08-30,1,FI,quantile,0.85,19.109150994824653
2026-09-02,ILI incidence,2026-08-30,1,FI,quantile,0.9,20.940796700934747
2026-09-02,ILI incidence,2026-08-30,1,FI,quantile,0.95,24.19853735790693
2026-09-02,ILI incidence,2026-08-30,1,FI,quantile,0.975,27.459228244022928
2026-09-02,ILI incidence,2026-08-30,1,FI,quantile,0.99,31.392403053219454
2026-09-02,ILI incidence,2026-09-06,2,FI,quantile,0.01,4.857897039725453
2026-09-02,ILI incidence,2026-09-06,2,FI,quantile,0.025,5.800245896055209
2026-09-02,ILI incidence,2026-09-06,2,FI,quantile,0.05,6.737478187327808
2026-09-02,ILI incidence,2026-09-06,2,FI,quantile,0.1,7.879083028480914
2026-09-02,ILI incidence,2026-09-06,2,FI,quantile,0.15,8.789141719656724
2026-09-02,ILI incidence,2026-09-06,2,FI,quantile,0.2,9.578500571194152
2026-09-02,ILI incidence,2026-09-06,2,FI,quantile,0.25,10.34997663445207
2026-09-02,ILI incidence,2026-09-06,2,FI,quantile,0.3,11.115437279384896
2026-09-02,ILI incidence,2026-09-06,2,FI,quantile,0.35,11.685578078928385
2026-09-02,ILI incidence,2026-09-06,2,FI,quantile,0.4,12.36983569119188
2026-09-02,ILI incidence,2026-09-06,2,FI,quantile,0.45,13.093772302902838
2026-09-02,ILI incidence,2026-09-06,2,FI,quantile,0.5,13.775269862325183
2026-09-02,ILI incidence,2026-09-06,2,FI,quantile,0.55,14.484043398868337
2026-09-02,ILI incidence,2026-09-06,2,FI,quantile,0.6,15.239070249548622
2026-09-02,ILI incidence,2026-09-06,2,FI,quantile,0.65,16.077189410723186
2026-09-02,ILI incidence,2026-09-06,2,FI,quantile,0.7,17.034054916854274
2026-09-02,ILI incidence,2026-09-06,2,FI,quantile,0.75,18.218656000498147
2026-09-02,ILI incidence,2026-09-06,2,FI,quantile,0.8,19.543465165580322
2026-09-02,ILI incidence,2026-09-06,2,FI,quantile,0.85,21.298672033814405
2026-09-02,ILI incidence,2026-09-06,2,FI,quantile,0.9,23.631013706477965
2026-09-02,ILI incidence,2026-09-06,2,FI,quantile,0.95,27.46365329157438
2026-09-02,ILI incidence,2026-09-06,2,FI,quantile,0.975,30.227926266451284
2026-09-02,ILI incidence,2026-09-06,2,FI,quantile,0.99,34.82003311967569
2026-09-02,ILI incidence,2026-09-13,3,FI,quantile,0.01,5.123563353985005
2026-09-02,ILI incidence,2026-09-13,3,FI,quantile,0.025,6.1077094634761115
2026-09-02,ILI incidence,2026-09-13,3,FI,quantile,0.05,7.079735176560116
2026-09-02,ILI incidence,2026-09-13,3,FI,quantile,0.1,8.39455943626735
2026-09-02,ILI incidence,2026-09-13,3,FI,quantile,0.15,9.632344495215762
2026-09-02,ILI incidence,2026-09-13,3,FI,quantile,0.2,10.227696454709124
2026-09-02,ILI incidence,2026-09-13,3,FI,quantile,0.25,10.99007237329642
2026-09-02,ILI incidence,2026-09-13,3,FI,quantile,0.3,11.744904909042917
2026-09-02,ILI incidence,2026-09-13,3,FI,quantile,0.35,12.486725197964928
2026-09-02,ILI incidence,2026-09-13,3,FI,quantile,0.4,13.415273421361533
2026-09-02,ILI incidence,2026-09-13,3,FI,quantile,0.45,14.454622278859285
2026-09-02,ILI incidence,2026-09-13,3,FI,quantile,0.5,15.384741042787983
2026-09-02,ILI incidence,2026-09-13,3,FI,quantile,0.55,16.25301255815566
2026-09-02,ILI incidence,2026-09-13,3,FI,quantile,0.6,17.081352281103346
2026-09-02,ILI incidence,2026-09-13,3,FI,quantile,0.65,18.114054063099964
2026-09-02,ILI incidence,2026-09-13,3,FI,quantile,0.7,19.32466513039457
2026-09-02,ILI incidence,2026-09-13,3,FI,quantile,0.75,20.61763223802017
2026-09-02,ILI incidence,2026-09-13,3,FI,quantile,0.8,22.154434900507727
2026-09-02,ILI incidence,2026-09-13,3,FI,quantile,0.85,24.084191294143682
2026-09-02,ILI incidence,2026-09-13,3,FI,quantile,0.9,26.742370490687073
2026-09-02,ILI incidence,2026-09-13,3,FI,quantile,0.95,31.903743958653948
2026-09-02,ILI incidence,2026-09-13,3,FI,quantile,0.975,36.52129720143111
2026-09-02,ILI incidence,2026-09-13,3,FI,quantile,0.99,44.44059610798536
2026-09-02,ILI incidence,2026-09-20,4,FI,quantile,0.01,5.651349226456295
2026-09-02,ILI incidence,2026-09-20,4,FI,quantile,0.025,6.695722508414782
2026-09-02,ILI incidence,2026-09-20,4,FI,quantile,0.05,7.724187517787585
2026-09-02,ILI incidence,2026-09-20,4,FI,quantile,0.1,9.391431607694765
2026-09-02,ILI incidence,2026-09-20,4,FI,quantile,0.15,10.273170202295077
2026-09-02,ILI incidence,2026-09-20,4,FI,quantile,0.2,11.276398125395987
2026-09-02,ILI incidence,2026-09-20,4,FI,quantile,0.25,12.470823018057786
2026-09-02,ILI incidence,2026-09-20,4,FI,quantile,0.3,13.322234687850742
2026-09-02,ILI incidence,2026-09-20,4,FI,quantile,0.35,14.140802516765405
2026-09-02,ILI incidence,2026-09-20,4,FI,quantile,0.4,15.267572107439191
2026-09-02,ILI incidence,2026-09-20,4,FI,quantile,0.45,16.32077419916123
2026-09-02,ILI incidence,2026-09-20,4,FI,quantile,0.5,17.10341335940163
2026-09-02,ILI incidence,2026-09-20,4,FI,quantile,0.55,18.142734338052396
2026-09-02,ILI incidence,2026-09-20,4,FI,quantile,0.6,19.259126515023922
2026-09-02,ILI incidence,2026-09-20,4,FI,quantile,0.65,20.38431420895926
2026-09-02,ILI incidence,2026-09-20,4,FI,quantile,0.7,21.637790199226295
2026-09-02,ILI incidence,2026-09-20,4,FI,quantile,0.75,23.073042443086326
2026-09-02,ILI incidence,2026-09-20,4,FI,quantile,0.8,24.77859849220848
2026-09-02,ILI incidence,2026-09-20,4,FI,quantile,0.85,26.919734942294316
2026-09-02,ILI incidence,2026-09-20,4,FI,quantile,0.9,29.868207090388655
2026-09-02,ILI incidence,2026-09-20,4,FI,quantile,0.95,35.10763135865223
2026-09-02,ILI incidence,2026-09-20,4,FI,quantile,0.975,40.93404863130124
2026-09-02,ILI incidence,2026-09-20,4,FI,quantile,0.99,48.900614760449216
2026-09-02,ILI incidence,2026-08-30,1,GB-ENG,quantile,0.01,0.2792360242765798
2026-09-02,ILI incidence,2026-08-30,1,GB-ENG,quantile,0.025,0.3908465232798802
2026-09-02,ILI incidence,2026-08-30,1,GB-ENG,quantile,0.05,0.49459576629484203
2026-09-02,ILI incidence,2026-08-30,1,GB-ENG,quantile,0.1,0.5970874565951356
2026-09-02,ILI incidence,2026-08-30,1,GB-ENG,quantile,0.15,0.6859049038738043
2026-09-02,ILI incidence,2026-08-30,1,GB-ENG,quantile,0.2,0.7782568743266242
2026-09-02,ILI incidence,2026-08-30,1,GB-ENG,quantile,0.25,0.8404984961175449
2026-09-02,ILI incidence,2026-08-30,1,GB-ENG,quantile,0.3,0.9086909046114086
2026-09-02,ILI incidence,2026-08-30,1,GB-ENG,quantile,0.35,0.9850649639726693
2026-09-02,ILI incidence,2026-08-30,1,GB-ENG,quantile,0.4,1.0383081235321874
2026-09-02,ILI incidence,2026-08-30,1,GB-ENG,quantile,0.45,1.114258834677452
2026-09-02,ILI incidence,2026-08-30,1,GB-ENG,quantile,0.5,1.167609217463059
2026-09-02,ILI incidence,2026-08-30,1,GB-ENG,quantile,0.55,1.2378295131319885
2026-09-02,ILI incidence,2026-08-30,1,GB-ENG,quantile,0.6,1.304678524114347
2026-09-02,ILI incidence,2026-08-30,1,GB-ENG,quantile,0.65,1.3659011599291904
2026-09-02,ILI incidence,2026-08-30,1,GB-ENG,quantile,0.7,1.4363587584988557
2026-09-02,ILI incidence,2026-08-30,1,GB-ENG,quantile,0.75,1.538028850036593
2026-09-02,ILI incidence,2026-08-30,1,GB-ENG,quantile,0.8,1.6421328975088025
2026-09-02,ILI incidence,2026-08-30,1,GB-ENG,quantile,0.85,1.7864234495305085
2026-09-02,ILI incidence,2026-08-30,1,GB-ENG,quantile,0.9,1.9569984960655822
2026-09-02,ILI incidence,2026-08-30,1,GB-ENG,quantile,0.95,2.245666469928632
2026-09-02,ILI incidence,2026-08-30,1,GB-ENG,quantile,0.975,2.5478845063766187
2026-09-02,ILI incidence,2026-08-30,1,GB-ENG,quantile,0.99,2.911198533986222
2026-09-02,ILI incidence,2026-09-06,2,GB-ENG,quantile,0.01,0.22151422047610247
2026-09-02,ILI incidence,2026-09-06,2,GB-ENG,quantile,0.025,0.36979780851914257
2026-09-02,ILI incidence,2026-09-06,2,GB-ENG,quantile,0.05,0.5116492758162557
2026-09-02,ILI incidence,2026-09-06,2,GB-ENG,quantile,0.1,0.6608251499105444
2026-09-02,ILI incidence,2026-09-06,2,GB-ENG,quantile,0.15,0.7786633556245226
2026-09-02,ILI incidence,2026-09-06,2,GB-ENG,quantile,0.2,0.8850659979318988
2026-09-02,ILI incidence,2026-09-06,2,GB-ENG,quantile,0.25,0.9814086623817219
2026-09-02,ILI incidence,2026-09-06,2,GB-ENG,quantile,0.3,1.0710186478961548
2026-09-02,ILI incidence,2026-09-06,2,GB-ENG,quantile,0.35,1.1667532584322649
2026-09-02,ILI incidence,2026-09-06,2,GB-ENG,quantile,0.4,1.2465807575623227
2026-09-02,ILI incidence,2026-09-06,2,GB-ENG,quantile,0.45,1.3404381420480975
2026-09-02,ILI incidence,2026-09-06,2,GB-ENG,quantile,0.5,1.4084455069446873
2026-09-02,ILI incidence,2026-09-06,2,GB-ENG,quantile,0.55,1.4846390239731193
2026-09-02,ILI incidence,2026-09-06,2,GB-ENG,quantile,0.6,1.6032693571973966
2026-09-02,ILI incidence,2026-09-06,2,GB-ENG,quantile,0.65,1.7035777135176193
2026-09-02,ILI incidence,2026-09-06,2,GB-ENG,quantile,0.7,1.803248016452833
2026-09-02,ILI incidence,2026-09-06,2,GB-ENG,quantile,0.75,1.8823832457447118
2026-09-02,ILI incidence,2026-09-06,2,GB-ENG,quantile,0.8,2.030591155539214
2026-09-02,ILI incidence,2026-09-06,2,GB-ENG,quantile,0.85,2.2708528068866785
2026-09-02,ILI incidence,2026-09-06,2,GB-ENG,quantile,0.9,2.5445833626459313
2026-09-02,ILI incidence,2026-09-06,2,GB-ENG,quantile,0.95,2.937245976654406
2026-09-02,ILI incidence,2026-09-06,2,GB-ENG,quantile,0.975,3.3128809684655955
2026-09-02,ILI incidence,2026-09-06,2,GB-ENG,quantile,0.99,3.7949256154047193
2026-09-02,ILI incidence,2026-09-13,3,GB-ENG,quantile,0.01,0.053278670283602184
2026-09-02,ILI incidence,2026-09-13,3,GB-ENG,quantile,0.025,0.22632621919962168
2026-09-02,ILI incidence,2026-09-13,3,GB-ENG,quantile,0.05,0.39773101181282294
2026-09-02,ILI incidence,2026-09-13,3,GB-ENG,quantile,0.1,0.6252891663548895
2026-09-02,ILI incidence,2026-09-13,3,GB-ENG,quantile,0.15,0.799400881956077
2026-09-02,ILI incidence,2026-09-13,3,GB-ENG,quantile,0.2,0.9509877064471605
2026-09-02,ILI incidence,2026-09-13,3,GB-ENG,quantile,0.25,1.0911733286739187
2026-09-02,ILI incidence,2026-09-13,3,GB-ENG,quantile,0.3,1.2056335471728505
2026-09-02,ILI incidence,2026-09-13,3,GB-ENG,quantile,0.35,1.3256968945301355
2026-09-02,ILI incidence,2026-09-13,3,GB-ENG,quantile,0.4,1.47095312532139
2026-09-02,ILI incidence,2026-09-13,3,GB-ENG,quantile,0.45,1.5665966332281087
2026-09-02,ILI incidence,2026-09-13,3,GB-ENG,quantile,0.5,1.7044764266096326
2026-09-02,ILI incidence,2026-09-13,3,GB-ENG,quantile,0.55,1.8522229560708872
2026-09-02,ILI incidence,2026-09-13,3,GB-ENG,quantile,0.6,1.9766738844390837
2026-09-02,ILI incidence,2026-09-13,3,GB-ENG,quantile,0.65,2.0864536555330444
2026-09-02,ILI incidence,2026-09-13,3,GB-ENG,quantile,0.7,2.261962911421807
2026-09-02,ILI incidence,2026-09-13,3,GB-ENG,quantile,0.75,2.5022941264698266
2026-09-02,ILI incidence,2026-09-13,3,GB-ENG,quantile,0.8,2.7170918506374413
2026-09-02,ILI incidence,2026-09-13,3,GB-ENG,quantile,0.85,2.970379939162086
2026-09-02,ILI incidence,2026-09-13,3,GB-ENG,quantile,0.9,3.3433952453043494
2026-09-02,ILI incidence,2026-09-13,3,GB-ENG,quantile,0.95,3.968072409299839
2026-09-02,ILI incidence,2026-09-13,3,GB-ENG,quantile,0.975,4.630490853435176
2026-09-02,ILI incidence,2026-09-13,3,GB-ENG,quantile,0.99,5.512527577208506
2026-09-02,ILI incidence,2026-09-20,4,GB-ENG,quantile,0.01,0.22379639707796736
2026-09-02,ILI incidence,2026-09-20,4,GB-ENG,quantile,0.025,0.40256619315139025
2026-09-02,ILI incidence,2026-09-20,4,GB-ENG,quantile,0.05,0.5770695346076326
2026-09-02,ILI incidence,2026-09-20,4,GB-ENG,quantile,0.1,0.8053730701060569
2026-09-02,ILI incidence,2026-09-20,4,GB-ENG,quantile,0.15,0.9778003340617931
2026-09-02,ILI incidence,2026-09-20,4,GB-ENG,quantile,0.2,1.1265107292177252
2026-09-02,ILI incidence,2026-09-20,4,GB-ENG,quantile,0.25,1.276936749750424
2026-09-02,ILI incidence,2026-09-20,4,GB-ENG,quantile,0.3,1.4461615624425836
2026-09-02,ILI incidence,2026-09-20,4,GB-ENG,quantile,0.35,1.6186028239380104
2026-09-02,ILI incidence,2026-09-20,4,GB-ENG,quantile,0.4,1.7586502984511962
2026-09-02,ILI incidence,2026-09-20,4,GB-ENG,quantile,0.45,1.9239243546922324
2026-09-02,ILI incidence,2026-09-20,4,GB-ENG,quantile,0.5,2.074923346280323
2026-09-02,ILI incidence,2026-09-20,4,GB-ENG,quantile,0.55,2.2299111606013255
2026-09-02,ILI incidence,2026-09-20,4,GB-ENG,quantile,0.6,2.3679250027422576
2026-09-02,ILI incidence,2026-09-20,4,GB-ENG,quantile,0.65,2.5312977180285787
2026-09-02,ILI incidence,2026-09-20,4,GB-ENG,quantile,0.7,2.7335278046305738
2026-09-02,ILI incidence,2026-09-20,4,GB-ENG,quantile,0.75,2.9848795264117824
2026-09-02,ILI incidence,2026-09-20,4,GB-ENG,quantile,0.8,3.241648706095133
2026-09-02,ILI incidence,2026-09-20,4,GB-ENG,quantile,0.85,3.5973714098785483
2026-09-02,ILI incidence,2026-09-20,4,GB-ENG,quantile,0.9,4.12767142401982
2026-09-02,ILI incidence,2026-09-20,4,GB-ENG,quantile,0.95,4.969516027512395
2026-09-02,ILI incidence,2026-09-20,4,GB-ENG,quantile,0.975,5.752067250469544
2026-09-02,ILI incidence,2026-09-20,4,GB-ENG,quantile,0.99,6.791827390640099
2026-09-02,ILI incidence,2026-08-30,1,GB-NIR,quantile,0.01,0.16742092924304386
2026-09-02,ILI incidence,2026-08-30,1,GB-NIR,quantile,0.025,0.34727166062197823
2026-09-02,ILI incidence,2026-08-30,1,GB-NIR,quantile,0.05,0.5274959353683016
2026-09-02,ILI incidence,2026-08-30,1,GB-NIR,quantile,0.1,0.74846078620167
2026-09-02,ILI incidence,2026-08-30,1,GB-NIR,quantile,0.15,0.9292889868143125
2026-09-02,ILI incidence,2026-08-30,1,GB-NIR,quantile,0.2,1.0769236243692404
2026-09-02,ILI incidence,2026-08-30,1,GB-NIR,quantile,0.25,1.206239728468398
2026-09-02,ILI incidence,2026-08-30,1,GB-NIR,quantile,0.3,1.334138703452015
2026-09-02,ILI incidence,2026-08-30,1,GB-NIR,quantile,0.35,1.4580068751570456
2026-09-02,ILI incidence,2026-08-30,1,GB-NIR,quantile,0.4,1.5908951602306574
2026-09-02,ILI incidence,2026-08-30,1,GB-NIR,quantile,0.45,1.716547595034516
2026-09-02,ILI incidence,2026-08-30,1,GB-NIR,quantile,0.5,1.8461560467936158
2026-09-02,ILI incidence,2026-08-30,1,GB-NIR,quantile,0.55,1.9819482115854254
2026-09-02,ILI incidence,2026-08-30,1,GB-NIR,quantile,0.6,2.1290376673330194
2026-09-02,ILI incidence,2026-08-30,1,GB-NIR,quantile,0.65,2.297697981694733
2026-09-02,ILI incidence,2026-08-30,1,GB-NIR,quantile,0.7,2.477967291843465
2026-09-02,ILI incidence,2026-08-30,1,GB-NIR,quantile,0.75,2.7167989013187226
2026-09-02,ILI incidence,2026-08-30,1,GB-NIR,quantile,0.8,2.985363816716355
2026-09-02,ILI incidence,2026-08-30,1,GB-NIR,quantile,0.85,3.299989182776678
2026-09-02,ILI incidence,2026-08-30,1,GB-NIR,quantile,0.9,3.730925689309135
2026-09-02,ILI incidence,2026-08-30,1,GB-NIR,quantile,0.95,4.40981680872207
2026-09-02,ILI incidence,2026-08-30,1,GB-NIR,quantile,0.975,5.080581038711045
2026-09-02,ILI incidence,2026-08-30,1,GB-NIR,quantile,0.99,5.965743574175472
2026-09-02,ILI incidence,2026-09-06,2,GB-NIR,quantile,0.01,0.1396196502521885
2026-09-02,ILI incidence,2026-09-06,2,GB-NIR,quantile,0.025,0.35110179907174843
2026-09-02,ILI incidence,2026-09-06,2,GB-NIR,quantile,0.05,0.5475520625665048
2026-09-02,ILI incidence,2026-09-06,2,GB-NIR,quantile,0.1,0.8218742167875128
2026-09-02,ILI incidence,2026-09-06,2,GB-NIR,quantile,0.15,1.018196694360093
2026-09-02,ILI incidence,2026-09-06,2,GB-NIR,quantile,0.2,1.1847044478814197
2026-09-02,ILI incidence,2026-09-06,2,GB-NIR,quantile,0.25,1.3605355209114542
2026-09-02,ILI incidence,2026-09-06,2,GB-NIR,quantile,0.3,1.5414987063139196
2026-09-02,ILI incidence,2026-09-06,2,GB-NIR,quantile,0.35,1.6878454492981996
2026-09-02,ILI incidence,2026-09-06,2,GB-NIR,quantile,0.4,1.8538941007686343
2026-09-02,ILI incidence,2026-09-06,2,GB-NIR,quantile,0.45,2.02430526012665
2026-09-02,ILI incidence,2026-09-06,2,GB-NIR,quantile,0.5,2.201946368117203
2026-09-02,ILI incidence,2026-09-06,2,GB-NIR,quantile,0.55,2.3826773673746384
2026-09-02,ILI incidence,2026-09-06,2,GB-NIR,quantile,0.6,2.5874862429918304
2026-09-02,ILI incidence,2026-09-06,2,GB-NIR,quantile,0.65,2.7820195431446764
2026-09-02,ILI incidence,2026-09-06,2,GB-NIR,quantile,0.7,3.061047904867382
2026-09-02,ILI incidence,2026-09-06,2,GB-NIR,quantile,0.75,3.3497713719441977
2026-09-02,ILI incidence,2026-09-06,2,GB-NIR,quantile,0.8,3.6928363945251714
2026-09-02,ILI incidence,2026-09-06,2,GB-NIR,quantile,0.85,4.11099351879783
2026-09-02,ILI incidence,2026-09-06,2,GB-NIR,quantile,0.9,4.661927544376418
2026-09-02,ILI incidence,2026-09-06,2,GB-NIR,quantile,0.95,5.6431428801540715
2026-09-02,ILI incidence,2026-09-06,2,GB-NIR,quantile,0.975,6.738490187060134
2026-09-02,ILI incidence,2026-09-06,2,GB-NIR,quantile,0.99,8.093165899882418
2026-09-02,ILI incidence,2026-09-13,3,GB-NIR,quantile,0.01,0.08960476618774567
2026-09-02,ILI incidence,2026-09-13,3,GB-NIR,quantile,0.025,0.31400480639723455
2026-09-02,ILI incidence,2026-09-13,3,GB-NIR,quantile,0.05,0.5436309785384996
2026-09-02,ILI incidence,2026-09-13,3,GB-NIR,quantile,0.1,0.8586060961452738
2026-09-02,ILI incidence,2026-09-13,3,GB-NIR,quantile,0.15,1.106674287426509
2026-09-02,ILI incidence,2026-09-13,3,GB-NIR,quantile,0.2,1.3272378274818717
2026-09-02,ILI incidence,2026-09-13,3,GB-NIR,quantile,0.25,1.5347768427863062
2026-09-02,ILI incidence,2026-09-13,3,GB-NIR,quantile,0.3,1.7338316769342441
2026-09-02,ILI incidence,2026-09-13,3,GB-NIR,quantile,0.35,1.8890593769756618
2026-09-02,ILI incidence,2026-09-13,3,GB-NIR,quantile,0.4,2.093434896272803
2026-09-02,ILI incidence,2026-09-13,3,GB-NIR,quantile,0.45,2.292870697755649
2026-09-02,ILI incidence,2026-09-13,3,GB-NIR,quantile,0.5,2.5333216387723168
2026-09-02,ILI incidence,2026-09-13,3,GB-NIR,quantile,0.55,2.760457345829112
2026-09-02,ILI incidence,2026-09-13,3,GB-NIR,quantile,0.6,2.983861072100786
2026-09-02,ILI incidence,2026-09-13,3,GB-NIR,quantile,0.65,3.288703824669369
2026-09-02,ILI incidence,2026-09-13,3,GB-NIR,quantile,0.7,3.6352406119872267
2026-09-02,ILI incidence,2026-09-13,3,GB-NIR,quantile,0.75,4.040687439024595
2026-09-02,ILI incidence,2026-09-13,3,GB-NIR,quantile,0.8,4.501460950240389
2026-09-02,ILI incidence,2026-09-13,3,GB-NIR,quantile,0.85,5.073455495650947
2026-09-02,ILI incidence,2026-09-13,3,GB-NIR,quantile,0.9,5.853943924177289
2026-09-02,ILI incidence,2026-09-13,3,GB-NIR,quantile,0.95,7.25053814953544
2026-09-02,ILI incidence,2026-09-13,3,GB-NIR,quantile,0.975,8.743653879712882
2026-09-02,ILI incidence,2026-09-13,3,GB-NIR,quantile,0.99,10.750323077797297
2026-09-02,ILI incidence,2026-09-20,4,GB-NIR,quantile,0.01,0.2989027513592858
2026-09-02,ILI incidence,2026-09-20,4,GB-NIR,quantile,0.025,0.5341926181838892
2026-09-02,ILI incidence,2026-09-20,4,GB-NIR,quantile,0.05,0.7811349378939018
2026-09-02,ILI incidence,2026-09-20,4,GB-NIR,quantile,0.1,1.153410657026717
2026-09-02,ILI incidence,2026-09-20,4,GB-NIR,quantile,0.15,1.4476088313334396
2026-09-02,ILI incidence,2026-09-20,4,GB-NIR,quantile,0.2,1.7098370261502214
2026-09-02,ILI incidence,2026-09-20,4,GB-NIR,quantile,0.25,1.9570851674433285
2026-09-02,ILI incidence,2026-09-20,4,GB-NIR,quantile,0.3,2.1617425601401408
2026-09-02,ILI incidence,2026-09-20,4,GB-NIR,quantile,0.35,2.4051563261676874
2026-09-02,ILI incidence,2026-09-20,4,GB-NIR,quantile,0.4,2.6481593982538123
2026-09-02,ILI incidence,2026-09-20,4,GB-NIR,quantile,0.45,2.907438682581466
2026-09-02,ILI incidence,2026-09-20,4,GB-NIR,quantile,0.5,3.167189942385634
2026-09-02,ILI incidence,2026-09-20,4,GB-NIR,quantile,0.55,3.472840232584031
2026-09-02,ILI incidence,2026-09-20,4,GB-NIR,quantile,0.6,3.790730622727459
2026-09-02,ILI incidence,2026-09-20,4,GB-NIR,quantile,0.65,4.144289834581734
2026-09-02,ILI incidence,2026-09-20,4,GB-NIR,quantile,0.7,4.531991011294924
2026-09-02,ILI incidence,2026-09-20,4,GB-NIR,quantile,0.75,4.983225770450195
2026-09-02,ILI incidence,2026-09-20,4,GB-NIR,quantile,0.8,5.5291410548031
2026-09-02,ILI incidence,2026-09-20,4,GB-NIR,quantile,0.85,6.22865024540052
2026-09-02,ILI incidence,2026-09-20,4,GB-NIR,quantile,0.9,7.21622579117915
2026-09-02,ILI incidence,2026-09-20,4,GB-NIR,quantile,0.95,8.933502399421732
2026-09-02,ILI incidence,2026-09-20,4,GB-NIR,quantile,0.975,10.844552585097254
2026-09-02,ILI incidence,2026-09-20,4,GB-NIR,quantile,0.99,13.398155278688211
2026-09-02,ILI incidence,2026-08-30,1,GB-WLS,quantile,0.01,0.0
2026-09-02,ILI incidence,2026-08-30,1,GB-WLS,quantile,0.025,0.09426409888707739
2026-09-02,ILI incidence,2026-08-30,1,GB-WLS,quantile,0.05,0.2502645878792094
2026-09-02,ILI incidence,2026-08-30,1,GB-WLS,quantile,0.1,0.4407742086070542
2026-09-02,ILI incidence,2026-08-30,1,GB-WLS,quantile,0.15,0.5728479592821532
2026-09-02,ILI incidence,2026-08-30,1,GB-WLS,quantile,0.2,0.6807434691900036
2026-09-02,ILI incidence,2026-08-30,1,GB-WLS,quantile,0.25,0.8118633858788984
2026-09-02,ILI incidence,2026-08-30,1,GB-WLS,quantile,0.3,0.9191645720961048
2026-09-02,ILI incidence,2026-08-30,1,GB-WLS,quantile,0.35,1.018950090512824
2026-09-02,ILI incidence,2026-08-30,1,GB-WLS,quantile,0.4,1.127901864204573
2026-09-02,ILI incidence,2026-08-30,1,GB-WLS,quantile,0.45,1.2469775626774475
2026-09-02,ILI incidence,2026-08-30,1,GB-WLS,quantile,0.5,1.3665554063939371
2026-09-02,ILI incidence,2026-08-30,1,GB-WLS,quantile,0.55,1.4923909528219
2026-09-02,ILI incidence,2026-08-30,1,GB-WLS,quantile,0.6,1.6209340091552649
2026-09-02,ILI incidence,2026-08-30,1,GB-WLS,quantile,0.65,1.757713874185975
2026-09-02,ILI incidence,2026-08-30,1,GB-WLS,quantile,0.7,1.9130353120345767
2026-09-02,ILI incidence,2026-08-30,1,GB-WLS,quantile,0.75,2.103067943364435
2026-09-02,ILI incidence,2026-08-30,1,GB-WLS,quantile,0.8,2.3221386567042925
2026-09-02,ILI incidence,2026-08-30,1,GB-WLS,quantile,0.85,2.574950274835389
2026-09-02,ILI incidence,2026-08-30,1,GB-WLS,quantile,0.9,2.9375350862520717
2026-09-02,ILI incidence,2026-08-30,1,GB-WLS,quantile,0.95,3.6100004849810574
2026-09-02,ILI incidence,2026-08-30,1,GB-WLS,quantile,0.975,4.2514245887541335
2026-09-02,ILI incidence,2026-08-30,1,GB-WLS,quantile,0.99,5.124205391789728
2026-09-02,ILI incidence,2026-09-06,2,GB-WLS,quantile,0.01,0.0
2026-09-02,ILI incidence,2026-09-06,2,GB-WLS,quantile,0.025,0.1340862303562371
2026-09-02,ILI incidence,2026-09-06,2,GB-WLS,quantile,0.05,0.2964947452768697
2026-09-02,ILI incidence,2026-09-06,2,GB-WLS,quantile,0.1,0.5128114344008394
2026-09-02,ILI incidence,2026-09-06,2,GB-WLS,quantile,0.15,0.678799577989214
2026-09-02,ILI incidence,2026-09-06,2,GB-WLS,quantile,0.2,0.8142549107166466
2026-09-02,ILI incidence,2026-09-06,2,GB-WLS,quantile,0.25,0.9410366231198626
2026-09-02,ILI incidence,2026-09-06,2,GB-WLS,quantile,0.3,1.0624234859936277
2026-09-02,ILI incidence,2026-09-06,2,GB-WLS,quantile,0.35,1.1966223642770624
2026-09-02,ILI incidence,2026-09-06,2,GB-WLS,quantile,0.4,1.3383848583101736
2026-09-02,ILI incidence,2026-09-06,2,GB-WLS,quantile,0.45,1.4835148525918904
2026-09-02,ILI incidence,2026-09-06,2,GB-WLS,quantile,0.5,1.6361937415806982
2026-09-02,ILI incidence,2026-09-06,2,GB-WLS,quantile,0.55,1.7812274352338884
2026-09-02,ILI incidence,2026-09-06,2,GB-WLS,quantile,0.6,1.9348095746828906
2026-09-02,ILI incidence,2026-09-06,2,GB-WLS,quantile,0.65,2.1112941290916947
2026-09-02,ILI incidence,2026-09-06,2,GB-WLS,quantile,0.7,2.2895290488183835
2026-09-02,ILI incidence,2026-09-06,2,GB-WLS,quantile,0.75,2.512268365652974
2026-09-02,ILI incidence,2026-09-06,2,GB-WLS,quantile,0.8,2.784371502991885
2026-09-02,ILI incidence,2026-09-06,2,GB-WLS,quantile,0.85,3.106354359371661
2026-09-02,ILI incidence,2026-09-06,2,GB-WLS,quantile,0.9,3.5710197905995984
2026-09-02,ILI incidence,2026-09-06,2,GB-WLS,quantile,0.95,4.408367560643086
2026-09-02,ILI incidence,2026-09-06,2,GB-WLS,quantile,0.975,5.303243731815849
2026-09-02,ILI incidence,2026-09-06,2,GB-WLS,quantile,0.99,6.53151389887842
2026-09-02,ILI incidence,2026-09-13,3,GB-WLS,quantile,0.01,0.0
2026-09-02,ILI incidence,2026-09-13,3,GB-WLS,quantile,0.025,0.08406494998346895
2026-09-02,ILI incidence,2026-09-13,3,GB-WLS,quantile,0.05,0.2624033461903906
2026-09-02,ILI incidence,2026-09-13,3,GB-WLS,quantile,0.1,0.504723101473754
2026-09-02,ILI incidence,2026-09-13,3,GB-WLS,quantile,0.15,0.6939781484165549
2026-09-02,ILI incidence,2026-09-13,3,GB-WLS,quantile,0.2,0.8685294500609466
2026-09-02,ILI incidence,2026-09-13,3,GB-WLS,quantile,0.25,1.0373368845806632
2026-09-02,ILI incidence,2026-09-13,3,GB-WLS,quantile,0.3,1.2018893636886578
2026-09-02,ILI incidence,2026-09-13,3,GB-WLS,quantile,0.35,1.3705688586959268
2026-09-02,ILI incidence,2026-09-13,3,GB-WLS,quantile,0.4,1.5334650020347382
2026-09-02,ILI incidence,2026-09-13,3,GB-WLS,quantile,0.45,1.7078697130061138
2026-09-02,ILI incidence,2026-09-13,3,GB-WLS,quantile,0.5,1.898529463476647
2026-09-02,ILI incidence,2026-09-13,3,GB-WLS,quantile,0.55,2.0843800715586642
2026-09-02,ILI incidence,2026-09-13,3,GB-WLS,quantile,0.6,2.2930227765103797
2026-09-02,ILI incidence,2026-09-13,3,GB-WLS,quantile,0.65,2.4724874983590936
2026-09-02,ILI incidence,2026-09-13,3,GB-WLS,quantile,0.7,2.701463857534979
2026-09-02,ILI incidence,2026-09-13,3,GB-WLS,quantile,0.75,2.9668690630985446
2026-09-02,ILI incidence,2026-09-13,3,GB-WLS,quantile,0.8,3.2827747405328394
2026-09-02,ILI incidence,2026-09-13,3,GB-WLS,quantile,0.85,3.7469933439098257
2026-09-02,ILI incidence,2026-09-13,3,GB-WLS,quantile,0.9,4.431063418455587
2026-09-02,ILI incidence,2026-09-13,3,GB-WLS,quantile,0.95,5.630414296877152
2026-09-02,ILI incidence,2026-09-13,3,GB-WLS,quantile,0.975,6.764744988589654
2026-09-02,ILI incidence,2026-09-13,3,GB-WLS,quantile,0.99,8.18297647008899
2026-09-02,ILI incidence,2026-09-20,4,GB-WLS,quantile,0.01,0.00028922233004134365
2026-09-02,ILI incidence,2026-09-20,4,GB-WLS,quantile,0.025,0.2076586995070254
2026-09-02,ILI incidence,2026-09-20,4,GB-WLS,quantile,0.05,0.4200797848750112
2026-09-02,ILI incidence,2026-09-20,4,GB-WLS,quantile,0.1,0.7117611079352169
2026-09-02,ILI incidence,2026-09-20,4,GB-WLS,quantile,0.15,0.931857694345071
2026-09-02,ILI incidence,2026-09-20,4,GB-WLS,quantile,0.2,1.1256057711826568
2026-09-02,ILI incidence,2026-09-20,4,GB-WLS,quantile,0.25,1.3224852365520086
2026-09-02,ILI incidence,2026-09-20,4,GB-WLS,quantile,0.3,1.5265362210042508
2026-09-02,ILI incidence,2026-09-20,4,GB-WLS,quantile,0.35,1.7138387536108497
2026-09-02,ILI incidence,2026-09-20,4,GB-WLS,quantile,0.4,1.9017537082743696
2026-09-02,ILI incidence,2026-09-20,4,GB-WLS,quantile,0.45,2.1014839441824957
2026-09-02,ILI incidence,2026-09-20,4,GB-WLS,quantile,0.5,2.308310190911625
2026-09-02,ILI incidence,2026-09-20,4,GB-WLS,quantile,0.55,2.4940681365048523
2026-09-02,ILI incidence,2026-09-20,4,GB-WLS,quantile,0.6,2.6857210171846417
2026-09-02,ILI incidence,2026-09-20,4,GB-WLS,quantile,0.65,2.972086173969865
2026-09-02,ILI incidence,2026-09-20,4,GB-WLS,quantile,0.7,3.2470960141648955
2026-09-02,ILI incidence,2026-09-20,4,GB-WLS,quantile,0.75,3.5622480804912158
2026-09-02,ILI incidence,2026-09-20,4,GB-WLS,quantile,0.8,3.896028652371155
2026-09-02,ILI incidence,2026-09-20,4,GB-WLS,quantile,0.85,4.428469798487114
2026-09-02,ILI incidence,2026-09-20,4,GB-WLS,quantile,0.9,5.114593814997993
2026-09-02,ILI incidence,2026-09-20,4,GB-WLS,quantile,0.95,6.2619954451344055
2026-09-02,ILI incidence,2026-09-20,4,GB-WLS,quantile,0.975,7.475855648840361
2026-09-02,ILI incidence,2026-09-20,4,GB-WLS,quantile,0.99,9.110503124646524
2026-09-02,ILI incidence,2026-08-30,1,GR,quantile,0.01,138.61412946409453
2026-09-02,ILI incidence,2026-08-30,1,GR,quantile,0.025,160.299763869245
2026-09-02,ILI incidence,2026-08-30,1,GR,quantile,0.05,181.62613983454133
2026-09-02,ILI incidence,2026-08-30,1,GR,quantile,0.1,209.73654833179464
2026-09-02,ILI incidence,2026-08-30,1,GR,quantile,0.15,230.35351494108764
2026-09-02,ILI incidence,2026-08-30,1,GR,quantile,0.2,248.4944482617082
2026-09-02,ILI incidence,2026-08-30,1,GR,quantile,0.25,265.4470791842416
2026-09-02,ILI incidence,2026-08-30,1,GR,quantile,0.3,280.1100602489687
2026-09-02,ILI incidence,2026-08-30,1,GR,quantile,0.35,295.3847097098659
2026-09-02,ILI incidence,2026-08-30,1,GR,quantile,0.4,310.6456036353619
2026-09-02,ILI incidence,2026-08-30,1,GR,quantile,0.45,326.1581905488588
2026-09-02,ILI incidence,2026-08-30,1,GR,quantile,0.5,341.21748902586546
2026-09-02,ILI incidence,2026-08-30,1,GR,quantile,0.55,358.9833546538414
2026-09-02,ILI incidence,2026-08-30,1,GR,quantile,0.6,374.8828709427249
2026-09-02,ILI incidence,2026-08-30,1,GR,quantile,0.65,395.1877969029891
2026-09-02,ILI incidence,2026-08-30,1,GR,quantile,0.7,415.5381874598945
2026-09-02,ILI incidence,2026-08-30,1,GR,quantile,0.75,434.3472936678574
2026-09-02,ILI incidence,2026-08-30,1,GR,quantile,0.8,455.70819011148086
2026-09-02,ILI incidence,2026-08-30,1,GR,quantile,0.85,489.0100236589866
2026-09-02,ILI incidence,2026-08-30,1,GR,quantile,0.9,535.6005162558756
2026-09-02,ILI incidence,2026-08-30,1,GR,quantile,0.95,604.8377276254678
2026-09-02,ILI incidence,2026-08-30,1,GR,quantile,0.975,680.0171154406521
2026-09-02,ILI incidence,2026-08-30,1,GR,quantile,0.99,779.2360198019692
2026-09-02,ILI incidence,2026-09-06,2,GR,quantile,0.01,152.63846884934716
2026-09-02,ILI incidence,2026-09-06,2,GR,quantile,0.025,175.90315840553401
2026-09-02,ILI incidence,2026-09-06,2,GR,quantile,0.05,198.71082015620817
2026-09-02,ILI incidence,2026-09-06,2,GR,quantile,0.1,228.67944493496617
2026-09-02,ILI incidence,2026-09-06,2,GR,quantile,0.15,249.86510664886669
2026-09-02,ILI incidence,2026-09-06,2,GR,quantile,0.2,264.6976561360328
2026-09-02,ILI incidence,2026-09-06,2,GR,quantile,0.25,281.71656640174297
2026-09-02,ILI incidence,2026-09-06,2,GR,quantile,0.3,298.31630496861254
2026-09-02,ILI incidence,2026-09-06,2,GR,quantile,0.35,314.45885500397225
2026-09-02,ILI incidence,2026-09-06,2,GR,quantile,0.4,330.5808263344228
2026-09-02,ILI incidence,2026-09-06,2,GR,quantile,0.45,346.9628101667082
2026-09-02,ILI incidence,2026-09-06,2,GR,quantile,0.5,363.94034477734556
2026-09-02,ILI incidence,2026-09-06,2,GR,quantile,0.55,381.6093418732937
2026-09-02,ILI incidence,2026-09-06,2,GR,quantile,0.6,400.5124253897334
2026-09-02,ILI incidence,2026-09-06,2,GR,quantile,0.65,419.40274305500895
2026-09-02,ILI incidence,2026-09-06,2,GR,quantile,0.7,438.29011920294016
2026-09-02,ILI incidence,2026-09-06,2,GR,quantile,0.75,460.1949840015541
2026-09-02,ILI incidence,2026-09-06,2,GR,quantile,0.8,485.55284221882835
2026-09-02,ILI incidence,2026-09-06,2,GR,quantile,0.85,522.9213859615081
2026-09-02,ILI incidence,2026-09-06,2,GR,quantile,0.9,567.4891297701097
2026-09-02,ILI incidence,2026-09-06,2,GR,quantile,0.95,636.8558708687408
2026-09-02,ILI incidence,2026-09-06,2,GR,quantile,0.975,724.1158111116374
2026-09-02,ILI incidence,2026-09-06,2,GR,quantile,0.99,827.5105214877751
2026-09-02,ILI incidence,2026-09-13,3,GR,quantile,0.01,166.36095367972925
2026-09-02,ILI incidence,2026-09-13,3,GR,quantile,0.025,189.22942925295644
2026-09-02,ILI incidence,2026-09-13,3,GR,quantile,0.05,211.3816730456943
2026-09-02,ILI incidence,2026-09-13,3,GR,quantile,0.1,240.1419255610563
2026-09-02,ILI incidence,2026-09-13,3,GR,quantile,0.15,261.71568632652037
2026-09-02,ILI incidence,2026-09-13,3,GR,quantile,0.2,281.4344390764501
2026-09-02,ILI incidence,2026-09-13,3,GR,quantile,0.25,297.1504429532742
2026-09-02,ILI incidence,2026-09-13,3,GR,quantile,0.3,313.60240081010136
2026-09-02,ILI incidence,2026-09-13,3,GR,quantile,0.35,329.4183870510747
2026-09-02,ILI incidence,2026-09-13,3,GR,quantile,0.4,345.432541616353
2026-09-02,ILI incidence,2026-09-13,3,GR,quantile,0.45,361.19291852634285
2026-09-02,ILI incidence,2026-09-13,3,GR,quantile,0.5,377.28298122306865
2026-09-02,ILI incidence,2026-09-13,3,GR,quantile,0.55,394.22339367275794
2026-09-02,ILI incidence,2026-09-13,3,GR,quantile,0.6,413.90836650314856
2026-09-02,ILI incidence,2026-09-13,3,GR,quantile,0.65,433.59465614847494
2026-09-02,ILI incidence,2026-09-13,3,GR,quantile,0.7,454.5260301416514
2026-09-02,ILI incidence,2026-09-13,3,GR,quantile,0.75,477.86685790411093
2026-09-02,ILI incidence,2026-09-13,3,GR,quantile,0.8,508.9821771305139
2026-09-02,ILI incidence,2026-09-13,3,GR,quantile,0.85,542.0217379242463
2026-09-02,ILI incidence,2026-09-13,3,GR,quantile,0.9,589.0641174218
2026-09-02,ILI incidence,2026-09-13,3,GR,quantile,0.95,667.4323218029763
2026-09-02,ILI incidence,2026-09-13,3,GR,quantile,0.975,747.8454424247867
2026-09-02,ILI incidence,2026-09-13,3,GR,quantile,0.99,850.1689135313445
2026-09-02,ILI incidence,2026-09-20,4,GR,quantile,0.01,182.85346998103125
2026-09-02,ILI incidence,2026-09-20,4,GR,quantile,0.025,206.99435013048904
2026-09-02,ILI incidence,2026-09-20,4,GR,quantile,0.05,231.0262869120393
2026-09-02,ILI incidence,2026-09-20,4,GR,quantile,0.1,261.67259167959173
2026-09-02,ILI incidence,2026-09-20,4,GR,quantile,0.15,284.6049295574811
2026-09-02,ILI incidence,2026-09-20,4,GR,quantile,0.2,303.50212934967647
2026-09-02,ILI incidence,2026-09-20,4,GR,quantile,0.25,322.1780190523853
2026-09-02,ILI incidence,2026-09-20,4,GR,quantile,0.3,339.17312222989324
2026-09-02,ILI incidence,2026-09-20,4,GR,quantile,0.35,355.71840583536124
2026-09-02,ILI incidence,2026-09-20,4,GR,quantile,0.4,376.53665453905
2026-09-02,ILI incidence,2026-09-20,4,GR,quantile,0.45,391.6559142646227
2026-09-02,ILI incidence,2026-09-20,4,GR,quantile,0.5,406.2185104376029
2026-09-02,ILI incidence,2026-09-20,4,GR,quantile,0.55,424.8310694716386
2026-09-02,ILI incidence,2026-09-20,4,GR,quantile,0.6,445.24148764485153
2026-09-02,ILI incidence,2026-09-20,4,GR,quantile,0.65,465.08196243572115
2026-09-02,ILI incidence,2026-09-20,4,GR,quantile,0.7,486.0160752348861
2026-09-02,ILI incidence,2026-09-20,4,GR,quantile,0.75,511.26537721258853
2026-09-02,ILI incidence,2026-09-20,4,GR,quantile,0.8,541.3511241041363
2026-09-02,ILI incidence,2026-09-20,4,GR,quantile,0.85,579.7707728327567
2026-09-02,ILI incidence,2026-09-20,4,GR,quantile,0.9,633.2772772363901
2026-09-02,ILI incidence,2026-09-20,4,GR,quantile,0.95,721.0633312527661
2026-09-02,ILI incidence,2026-09-20,4,GR,quantile,0.975,799.4564201710696
2026-09-02,ILI incidence,2026-09-20,4,GR,quantile,0.99,901.3679417885236
2026-09-02,ILI incidence,2026-08-30,1,HR,quantile,0.01,0.0
2026-09-02,ILI incidence,2026-08-30,1,HR,quantile,0.025,0.0
2026-09-02,ILI incidence,2026-08-30,1,HR,quantile,0.05,0.0
2026-09-02,ILI incidence,2026-08-30,1,HR,quantile,0.1,0.0
2026-09-02,ILI incidence,2026-08-30,1,HR,quantile,0.15,0.0
2026-09-02,ILI incidence,2026-08-30,1,HR,quantile,0.2,0.020993458813080144
2026-09-02,ILI incidence,2026-08-30,1,HR,quantile,0.25,0.06288923866865216
2026-09-02,ILI incidence,2026-08-30,1,HR,quantile,0.3,0.10231002184959026
2026-09-02,ILI incidence,2026-08-30,1,HR,quantile,0.35,0.13599128134379193
2026-09-02,ILI incidence,2026-08-30,1,HR,quantile,0.4,0.17206609689922334
2026-09-02,ILI incidence,2026-08-30,1,HR,quantile,0.45,0.20805890355692105
2026-09-02,ILI incidence,2026-08-30,1,HR,quantile,0.5,0.24437810906645063
2026-09-02,ILI incidence,2026-08-30,1,HR,quantile,0.55,0.28258158128957755
2026-09-02,ILI incidence,2026-08-30,1,HR,quantile,0.6,0.3205111241015673
2026-09-02,ILI incidence,2026-08-30,1,HR,quantile,0.65,0.35095745647321486
2026-09-02,ILI incidence,2026-08-30,1,HR,quantile,0.7,0.40669984851566227
2026-09-02,ILI incidence,2026-08-30,1,HR,quantile,0.75,0.4601778332453817
2026-09-02,ILI incidence,2026-08-30,1,HR,quantile,0.8,0.5191471404076033
2026-09-02,ILI incidence,2026-08-30,1,HR,quantile,0.85,0.5940391600510244
2026-09-02,ILI incidence,2026-08-30,1,HR,quantile,0.9,0.6860048752245839
2026-09-02,ILI incidence,2026-08-30,1,HR,quantile,0.95,0.8331580914865446
2026-09-02,ILI incidence,2026-08-30,1,HR,quantile,0.975,0.9385971157234964
2026-09-02,ILI incidence,2026-08-30,1,HR,quantile,0.99,1.1264218192165614
2026-09-02,ILI incidence,2026-09-06,2,HR,quantile,0.01,0.0
2026-09-02,ILI incidence,2026-09-06,2,HR,quantile,0.025,0.0
2026-09-02,ILI incidence,2026-09-06,2,HR,quantile,0.05,0.0
2026-09-02,ILI incidence,2026-09-06,2,HR,quantile,0.1,0.0
2026-09-02,ILI incidence,2026-09-06,2,HR,quantile,0.15,0.018508089879707767
2026-09-02,ILI incidence,2026-09-06,2,HR,quantile,0.2,0.07566981852178356
2026-09-02,ILI incidence,2026-09-06,2,HR,quantile,0.25,0.13836722700572374
2026-09-02,ILI incidence,2026-09-06,2,HR,quantile,0.3,0.190461296538815
2026-09-02,ILI incidence,2026-09-06,2,HR,quantile,0.35,0.2321607658783323
2026-09-02,ILI incidence,2026-09-06,2,HR,quantile,0.4,0.28090722275194463
2026-09-02,ILI incidence,2026-09-06,2,HR,quantile,0.45,0.3325115021258636
2026-09-02,ILI incidence,2026-09-06,2,HR,quantile,0.5,0.3947412834172722
2026-09-02,ILI incidence,2026-09-06,2,HR,quantile,0.55,0.4323560876934054
2026-09-02,ILI incidence,2026-09-06,2,HR,quantile,0.6,0.4953147998469426
2026-09-02,ILI incidence,2026-09-06,2,HR,quantile,0.65,0.55838628712228
2026-09-02,ILI incidence,2026-09-06,2,HR,quantile,0.7,0.638224992732529
2026-09-02,ILI incidence,2026-09-06,2,HR,quantile,0.75,0.6992803542596068
2026-09-02,ILI incidence,2026-09-06,2,HR,quantile,0.8,0.7778963669113564
2026-09-02,ILI incidence,2026-09-06,2,HR,quantile,0.85,0.9070415050560667
2026-09-02,ILI incidence,2026-09-06,2,HR,quantile,0.9,1.0742394893914968
2026-09-02,ILI incidence,2026-09-06,2,HR,quantile,0.95,1.3689138327489547
2026-09-02,ILI incidence,2026-09-06,2,HR,quantile,0.975,1.6590690028732422
2026-09-02,ILI incidence,2026-09-06,2,HR,quantile,0.99,1.9667481235736082
2026-09-02,ILI incidence,2026-09-13,3,HR,quantile,0.01,0.0
2026-09-02,ILI incidence,2026-09-13,3,HR,quantile,0.025,0.0
2026-09-02,ILI incidence,2026-09-13,3,HR,quantile,0.05,0.0
2026-09-02,ILI incidence,2026-09-13,3,HR,quantile,0.1,0.0
2026-09-02,ILI incidence,2026-09-13,3,HR,quantile,0.15,0.0
2026-09-02,ILI incidence,2026-09-13,3,HR,quantile,0.2,0.0368116218728562
2026-09-02,ILI incidence,2026-09-13,3,HR,quantile,0.25,0.09192832481207965
2026-09-02,ILI incidence,2026-09-13,3,HR,quantile,0.3,0.15864404923960107
2026-09-02,ILI incidence,2026-09-13,3,HR,quantile,0.35,0.21054730940046185
2026-09-02,ILI incidence,2026-09-13,3,HR,quantile,0.4,0.27553121924425916
2026-09-02,ILI incidence,2026-09-13,3,HR,quantile,0.45,0.35191097662585447
2026-09-02,ILI incidence,2026-09-13,3,HR,quantile,0.5,0.42540811366445175
2026-09-02,ILI incidence,2026-09-13,3,HR,quantile,0.55,0.514898801547373
2026-09-02,ILI incidence,2026-09-13,3,HR,quantile,0.6,0.6066386806226978
2026-09-02,ILI incidence,2026-09-13,3,HR,quantile,0.65,0.707532272017348
2026-09-02,ILI incidence,2026-09-13,3,HR,quantile,0.7,0.8150241249832635
2026-09-02,ILI incidence,2026-09-13,3,HR,quantile,0.75,0.9463580588317407
2026-09-02,ILI incidence,2026-09-13,3,HR,quantile,0.8,1.1003048658194432
2026-09-02,ILI incidence,2026-09-13,3,HR,quantile,0.85,1.2871919807412977
2026-09-02,ILI incidence,2026-09-13,3,HR,quantile,0.9,1.544038048075835
2026-09-02,ILI incidence,2026-09-13,3,HR,quantile,0.95,2.028073974723504
2026-09-02,ILI incidence,2026-09-13,3,HR,quantile,0.975,2.3840529053159525
2026-09-02,ILI incidence,2026-09-13,3,HR,quantile,0.99,2.7913200285416044
2026-09-02,ILI incidence,2026-09-20,4,HR,quantile,0.01,0.0
2026-09-02,ILI incidence,2026-09-20,4,HR,quantile,0.025,0.0
2026-09-02,ILI incidence,2026-09-20,4,HR,quantile,0.05,0.0
2026-09-02,ILI incidence,2026-09-20,4,HR,quantile,0.1,0.02480742676961009
2026-09-02,ILI incidence,2026-09-20,4,HR,quantile,0.15,0.09071146273173952
2026-09-02,ILI incidence,2026-09-20,4,HR,quantile,0.2,0.14246647933209666
2026-09-02,ILI incidence,2026-09-20,4,HR,quantile,0.25,0.20189014178008394
2026-09-02,ILI incidence,2026-09-20,4,HR,quantile,0.3,0.2517148880831083
2026-09-02,ILI incidence,2026-09-20,4,HR,quantile,0.35,0.34241416350340415
2026-09-02,ILI incidence,2026-09-20,4,HR,quantile,0.4,0.43454846797584046
2026-09-02,ILI incidence,2026-09-20,4,HR,quantile,0.45,0.5361104626389731
2026-09-02,ILI incidence,2026-09-20,4,HR,quantile,0.5,0.6372420332706529
2026-09-02,ILI incidence,2026-09-20,4,HR,quantile,0.55,0.7276082328413918
2026-09-02,ILI incidence,2026-09-20,4,HR,quantile,0.6,0.8357802688885049
2026-09-02,ILI incidence,2026-09-20,4,HR,quantile,0.65,0.9780073169262913
2026-09-02,ILI incidence,2026-09-20,4,HR,quantile,0.7,1.121333750229325
2026-09-02,ILI incidence,2026-09-20,4,HR,quantile,0.75,1.2876785165312112
2026-09-02,ILI incidence,2026-09-20,4,HR,quantile,0.8,1.4371247937427918
2026-09-02,ILI incidence,2026-09-20,4,HR,quantile,0.85,1.5977326392924591
2026-09-02,ILI incidence,2026-09-20,4,HR,quantile,0.9,1.89734312132342
2026-09-02,ILI incidence,2026-09-20,4,HR,quantile,0.95,2.3612514205295185
2026-09-02,ILI incidence,2026-09-20,4,HR,quantile,0.975,2.8818423312347523
2026-09-02,ILI incidence,2026-09-20,4,HR,quantile,0.99,3.4265093757166687
2026-09-02,ILI incidence,2026-08-30,1,HU,quantile,0.01,7.316236696941957
2026-09-02,ILI incidence,2026-08-30,1,HU,quantile,0.025,8.65661411273218
2026-09-02,ILI incidence,2026-08-30,1,HU,quantile,0.05,10.051894304389343
2026-09-02,ILI incidence,2026-08-30,1,HU,quantile,0.1,11.768323090087254
2026-09-02,ILI incidence,2026-08-30,1,HU,quantile,0.15,13.100097197749935
2026-09-02,ILI incidence,2026-08-30,1,HU,quantile,0.2,14.225767066935413
2026-09-02,ILI incidence,2026-08-30,1,HU,quantile,0.25,15.262847200753436
2026-09-02,ILI incidence,2026-08-30,1,HU,quantile,0.3,16.254242254281372
2026-09-02,ILI incidence,2026-08-30,1,HU,quantile,0.35,17.226787564386424
2026-09-02,ILI incidence,2026-08-30,1,HU,quantile,0.4,18.24936670961869
2026-09-02,ILI incidence,2026-08-30,1,HU,quantile,0.45,19.30114913488142
2026-09-02,ILI incidence,2026-08-30,1,HU,quantile,0.5,20.295403813356423
2026-09-02,ILI incidence,2026-08-30,1,HU,quantile,0.55,21.440626098866254
2026-09-02,ILI incidence,2026-08-30,1,HU,quantile,0.6,22.756103872018286
2026-09-02,ILI incidence,2026-08-30,1,HU,quantile,0.65,24.117738300340182
2026-09-02,ILI incidence,2026-08-30,1,HU,quantile,0.7,25.616224643446685
2026-09-02,ILI incidence,2026-08-30,1,HU,quantile,0.75,27.333774956407858
2026-09-02,ILI incidence,2026-08-30,1,HU,quantile,0.8,29.29029122004871
2026-09-02,ILI incidence,2026-08-30,1,HU,quantile,0.85,31.60662119072651
2026-09-02,ILI incidence,2026-08-30,1,HU,quantile,0.9,35.487961687134586
2026-09-02,ILI incidence,2026-08-30,1,HU,quantile,0.95,41.454324481638395
2026-09-02,ILI incidence,2026-08-30,1,HU,quantile,0.975,48.017450144696035
2026-09-02,ILI incidence,2026-08-30,1,HU,quantile,0.99,56.578764543899155
2026-09-02,ILI incidence,2026-09-06,2,HU,quantile,0.01,7.051892314362753
2026-09-02,ILI incidence,2026-09-06,2,HU,quantile,0.025,8.433204936553313
2026-09-02,ILI incidence,2026-09-06,2,HU,quantile,0.05,9.809305490620929
2026-09-02,ILI incidence,2026-09-06,2,HU,quantile,0.1,11.785539671752073
2026-09-02,ILI incidence,2026-09-06,2,HU,quantile,0.15,13.356977602117388
2026-09-02,ILI incidence,2026-09-06,2,HU,quantile,0.2,14.712947098011114
2026-09-02,ILI incidence,2026-09-06,2,HU,quantile,0.25,15.993144617150294
2026-09-02,ILI incidence,2026-09-06,2,HU,quantile,0.3,17.10659874865784
2026-09-02,ILI incidence,2026-09-06,2,HU,quantile,0.35,18.21197577740952
2026-09-02,ILI incidence,2026-09-06,2,HU,quantile,0.4,19.48909895713879
2026-09-02,ILI incidence,2026-09-06,2,HU,quantile,0.45,20.805477987446555
2026-09-02,ILI incidence,2026-09-06,2,HU,quantile,0.5,22.18353244516743
2026-09-02,ILI incidence,2026-09-06,2,HU,quantile,0.55,23.64867667407046
2026-09-02,ILI incidence,2026-09-06,2,HU,quantile,0.6,25.249163505536124
2026-09-02,ILI incidence,2026-09-06,2,HU,quantile,0.65,26.923887255943384
2026-09-02,ILI incidence,2026-09-06,2,HU,quantile,0.7,28.804558968346942
2026-09-02,ILI incidence,2026-09-06,2,HU,quantile,0.75,30.97644752405726
2026-09-02,ILI incidence,2026-09-06,2,HU,quantile,0.8,33.58169837457173
2026-09-02,ILI incidence,2026-09-06,2,HU,quantile,0.85,36.887525652331135
2026-09-02,ILI incidence,2026-09-06,2,HU,quantile,0.9,41.358518510156884
2026-09-02,ILI incidence,2026-09-06,2,HU,quantile,0.95,49.05513013484342
2026-09-02,ILI incidence,2026-09-06,2,HU,quantile,0.975,56.55398864458299
2026-09-02,ILI incidence,2026-09-06,2,HU,quantile,0.99,68.02779229997164
2026-09-02,ILI incidence,2026-09-13,3,HU,quantile,0.01,6.800716545262116
2026-09-02,ILI incidence,2026-09-13,3,HU,quantile,0.025,8.305251955544136
2026-09-02,ILI incidence,2026-09-13,3,HU,quantile,0.05,9.912931815581105
2026-09-02,ILI incidence,2026-09-13,3,HU,quantile,0.1,12.114144041537317
2026-09-02,ILI incidence,2026-09-13,3,HU,quantile,0.15,14.038601834262757
2026-09-02,ILI incidence,2026-09-13,3,HU,quantile,0.2,15.600423703202008
2026-09-02,ILI incidence,2026-09-13,3,HU,quantile,0.25,17.132537493465165
2026-09-02,ILI incidence,2026-09-13,3,HU,quantile,0.3,18.55269674003032
2026-09-02,ILI incidence,2026-09-13,3,HU,quantile,0.35,19.967789178666468
2026-09-02,ILI incidence,2026-09-13,3,HU,quantile,0.4,21.405157739592383
2026-09-02,ILI incidence,2026-09-13,3,HU,quantile,0.45,22.889543678432517
2026-09-02,ILI incidence,2026-09-13,3,HU,quantile,0.5,24.446379232332895
2026-09-02,ILI incidence,2026-09-13,3,HU,quantile,0.55,26.051653808203287
2026-09-02,ILI incidence,2026-09-13,3,HU,quantile,0.6,27.778788429190623
2026-09-02,ILI incidence,2026-09-13,3,HU,quantile,0.65,29.726622541675294
2026-09-02,ILI incidence,2026-09-13,3,HU,quantile,0.7,32.11656824861587
2026-09-02,ILI incidence,2026-09-13,3,HU,quantile,0.75,34.823326737265845
2026-09-02,ILI incidence,2026-09-13,3,HU,quantile,0.8,38.39804774685801
2026-09-02,ILI incidence,2026-09-13,3,HU,quantile,0.85,42.809357158347964
2026-09-02,ILI incidence,2026-09-13,3,HU,quantile,0.9,49.06812937246018
2026-09-02,ILI incidence,2026-09-13,3,HU,quantile,0.95,60.02642497867498
2026-09-02,ILI incidence,2026-09-13,3,HU,quantile,0.975,71.45567866896855
2026-09-02,ILI incidence,2026-09-13,3,HU,quantile,0.99,87.0462643916256
2026-09-02,ILI incidence,2026-09-20,4,HU,quantile,0.01,7.5421506396480655
2026-09-02,ILI incidence,2026-09-20,4,HU,quantile,0.025,9.157165548016176
2026-09-02,ILI incidence,2026-09-20,4,HU,quantile,0.05,11.045180808956296
2026-09-02,ILI incidence,2026-09-20,4,HU,quantile,0.1,13.694376150098837
2026-09-02,ILI incidence,2026-09-20,4,HU,quantile,0.15,15.832017138550189
2026-09-02,ILI incidence,2026-09-20,4,HU,quantile,0.2,17.8119514634452
2026-09-02,ILI incidence,2026-09-20,4,HU,quantile,0.25,19.495631119985603
2026-09-02,ILI incidence,2026-09-20,4,HU,quantile,0.3,21.112000708456357
2026-09-02,ILI incidence,2026-09-20,4,HU,quantile,0.35,22.723384103975263
2026-09-02,ILI incidence,2026-09-20,4,HU,quantile,0.4,24.36087745264858
2026-09-02,ILI incidence,2026-09-20,4,HU,quantile,0.45,26.00787587650797
2026-09-02,ILI incidence,2026-09-20,4,HU,quantile,0.5,27.627291099927522
2026-09-02,ILI incidence,2026-09-20,4,HU,quantile,0.55,29.343807838395296
2026-09-02,ILI incidence,2026-09-20,4,HU,quantile,0.6,31.593458001747532
2026-09-02,ILI incidence,2026-09-20,4,HU,quantile,0.65,34.03047982808115
2026-09-02,ILI incidence,2026-09-20,4,HU,quantile,0.7,36.47995226027396
2026-09-02,ILI incidence,2026-09-20,4,HU,quantile,0.75,39.38377495695686
2026-09-02,ILI incidence,2026-09-20,4,HU,quantile,0.8,42.74618201956024
2026-09-02,ILI incidence,2026-09-20,4,HU,quantile,0.85,47.30226516870503
2026-09-02,ILI incidence,2026-09-20,4,HU,quantile,0.9,54.1189724328823
2026-09-02,ILI incidence,2026-09-20,4,HU,quantile,0.95,65.2368308443729
2026-09-02,ILI incidence,2026-09-20,4,HU,quantile,0.975,76.68063815221801
2026-09-02,ILI incidence,2026-09-20,4,HU,quantile,0.99,94.24713386764097
2026-09-02,ILI incidence,2026-08-30,1,IE,quantile,0.01,0.044600504086735784
2026-09-02,ILI incidence,2026-08-30,1,IE,quantile,0.025,0.2247299038054694
2026-09-02,ILI incidence,2026-08-30,1,IE,quantile,0.05,0.4043055483498501
2026-09-02,ILI incidence,2026-08-30,1,IE,quantile,0.1,0.6442602325092236
2026-09-02,ILI incidence,2026-08-30,1,IE,quantile,0.15,0.8289136902210485
2026-09-02,ILI incidence,2026-08-30,1,IE,quantile,0.2,0.9867285441705145
2026-09-02,ILI incidence,2026-08-30,1,IE,quantile,0.25,1.1401587576420396
2026-09-02,ILI incidence,2026-08-30,1,IE,quantile,0.3,1.284276968390625
2026-09-02,ILI incidence,2026-08-30,1,IE,quantile,0.35,1.4264731810109805
2026-09-02,ILI incidence,2026-08-30,1,IE,quantile,0.4,1.5559800034022662
2026-09-02,ILI incidence,2026-08-30,1,IE,quantile,0.45,1.6856465187979677
2026-09-02,ILI incidence,2026-08-30,1,IE,quantile,0.5,1.8261225935356205
2026-09-02,ILI incidence,2026-08-30,1,IE,quantile,0.55,1.9834215959622812
2026-09-02,ILI incidence,2026-08-30,1,IE,quantile,0.6,2.1223602852011325
2026-09-02,ILI incidence,2026-08-30,1,IE,quantile,0.65,2.2741518751399665
2026-09-02,ILI incidence,2026-08-30,1,IE,quantile,0.7,2.469249080078625
2026-09-02,ILI incidence,2026-08-30,1,IE,quantile,0.75,2.71181624000213
2026-09-02,ILI incidence,2026-08-30,1,IE,quantile,0.8,2.990930664534877
2026-09-02,ILI incidence,2026-08-30,1,IE,quantile,0.85,3.3048940481382143
2026-09-02,ILI incidence,2026-08-30,1,IE,quantile,0.9,3.735255733358874
2026-09-02,ILI incidence,2026-08-30,1,IE,quantile,0.95,4.453511985669216
2026-09-02,ILI incidence,2026-08-30,1,IE,quantile,0.975,5.272614403718285
2026-09-02,ILI incidence,2026-08-30,1,IE,quantile,0.99,6.266221746586676
2026-09-02,ILI incidence,2026-09-06,2,IE,quantile,0.01,0.10885888487747022
2026-09-02,ILI incidence,2026-09-06,2,IE,quantile,0.025,0.2998249930199021
2026-09-02,ILI incidence,2026-09-06,2,IE,quantile,0.05,0.4901709356876149
2026-09-02,ILI incidence,2026-09-06,2,IE,quantile,0.1,0.7585941175283485
2026-09-02,ILI incidence,2026-09-06,2,IE,quantile,0.15,0.9787270371106487
2026-09-02,ILI incidence,2026-09-06,2,IE,quantile,0.2,1.1731721778223445
2026-09-02,ILI incidence,2026-09-06,2,IE,quantile,0.25,1.3388544304274463
2026-09-02,ILI incidence,2026-09-06,2,IE,quantile,0.3,1.5031397738978298
2026-09-02,ILI incidence,2026-09-06,2,IE,quantile,0.35,1.665019631920524
2026-09-02,ILI incidence,2026-09-06,2,IE,quantile,0.4,1.8231315141306115
2026-09-02,ILI incidence,2026-09-06,2,IE,quantile,0.45,1.990240693325264
2026-09-02,ILI incidence,2026-09-06,2,IE,quantile,0.5,2.1534222649576287
2026-09-02,ILI incidence,2026-09-06,2,IE,quantile,0.55,2.3313146900675714
2026-09-02,ILI incidence,2026-09-06,2,IE,quantile,0.6,2.522355204267837
2026-09-02,ILI incidence,2026-09-06,2,IE,quantile,0.65,2.7186417771488576
2026-09-02,ILI incidence,2026-09-06,2,IE,quantile,0.7,2.956785389384726
2026-09-02,ILI incidence,2026-09-06,2,IE,quantile,0.75,3.2082195239159153
2026-09-02,ILI incidence,2026-09-06,2,IE,quantile,0.8,3.532682585273047
2026-09-02,ILI incidence,2026-09-06,2,IE,quantile,0.85,3.9349018323340896
2026-09-02,ILI incidence,2026-09-06,2,IE,quantile,0.9,4.518833738686446
2026-09-02,ILI incidence,2026-09-06,2,IE,quantile,0.95,5.467745344020697
2026-09-02,ILI incidence,2026-09-06,2,IE,quantile,0.975,6.433683737781907
2026-09-02,ILI incidence,2026-09-06,2,IE,quantile,0.99,7.853892098298164
2026-09-02,ILI incidence,2026-09-13,3,IE,quantile,0.01,0.1329063667801091
2026-09-02,ILI incidence,2026-09-13,3,IE,quantile,0.025,0.36395737466029776
2026-09-02,ILI incidence,2026-09-13,3,IE,quantile,0.05,0.6000261356584153
2026-09-02,ILI incidence,2026-09-13,3,IE,quantile,0.1,0.9233389902608264
2026-09-02,ILI incidence,2026-09-13,3,IE,quantile,0.15,1.1776264857635734
2026-09-02,ILI incidence,2026-09-13,3,IE,quantile,0.2,1.3922856375818933
2026-09-02,ILI incidence,2026-09-13,3,IE,quantile,0.25,1.5754986474249548
2026-09-02,ILI incidence,2026-09-13,3,IE,quantile,0.3,1.7569800127896722
2026-09-02,ILI incidence,2026-09-13,3,IE,quantile,0.35,1.9712034469984814
2026-09-02,ILI incidence,2026-09-13,3,IE,quantile,0.4,2.173953389445083
2026-09-02,ILI incidence,2026-09-13,3,IE,quantile,0.45,2.393853938845578
2026-09-02,ILI incidence,2026-09-13,3,IE,quantile,0.5,2.5801088638941634
2026-09-02,ILI incidence,2026-09-13,3,IE,quantile,0.55,2.8050297234992843
2026-09-02,ILI incidence,2026-09-13,3,IE,quantile,0.6,3.052966014282185
2026-09-02,ILI incidence,2026-09-13,3,IE,quantile,0.65,3.2364796169292367
2026-09-02,ILI incidence,2026-09-13,3,IE,quantile,0.7,3.5465469842940323
2026-09-02,ILI incidence,2026-09-13,3,IE,quantile,0.75,3.9178324410305994
2026-09-02,ILI incidence,2026-09-13,3,IE,quantile,0.8,4.348586300811492
2026-09-02,ILI incidence,2026-09-13,3,IE,quantile,0.85,4.900805674958091
2026-09-02,ILI incidence,2026-09-13,3,IE,quantile,0.9,5.774855711726683
2026-09-02,ILI incidence,2026-09-13,3,IE,quantile,0.95,7.099738558141716
2026-09-02,ILI incidence,2026-09-13,3,IE,quantile,0.975,8.427931480861131
2026-09-02,ILI incidence,2026-09-13,3,IE,quantile,0.99,10.230028342119848
2026-09-02,ILI incidence,2026-09-20,4,IE,quantile,0.01,0.3746908005962113
2026-09-02,ILI incidence,2026-09-20,4,IE,quantile,0.025,0.6110844946444158
2026-09-02,ILI incidence,2026-09-20,4,IE,quantile,0.05,0.8692286506135571
2026-09-02,ILI incidence,2026-09-20,4,IE,quantile,0.1,1.1884723386583802
2026-09-02,ILI incidence,2026-09-20,4,IE,quantile,0.15,1.4635103008406827
2026-09-02,ILI incidence,2026-09-20,4,IE,quantile,0.2,1.6889741544362482
2026-09-02,ILI incidence,2026-09-20,4,IE,quantile,0.25,1.9183697928317693
2026-09-02,ILI incidence,2026-09-20,4,IE,quantile,0.3,2.156346329045883
2026-09-02,ILI incidence,2026-09-20,4,IE,quantile,0.35,2.385733981517646
2026-09-02,ILI incidence,2026-09-20,4,IE,quantile,0.4,2.6031717190255317
2026-09-02,ILI incidence,2026-09-20,4,IE,quantile,0.45,2.826827238292817
2026-09-02,ILI incidence,2026-09-20,4,IE,quantile,0.5,3.0402673786236103
2026-09-02,ILI incidence,2026-09-20,4,IE,quantile,0.55,3.3272801724022916
2026-09-02,ILI incidence,2026-09-20,4,IE,quantile,0.6,3.58071905698404
2026-09-02,ILI incidence,2026-09-20,4,IE,quantile,0.65,3.865613321351577
2026-09-02,ILI incidence,2026-09-20,4,IE,quantile,0.7,4.24130277913582
2026-09-02,ILI incidence,2026-09-20,4,IE,quantile,0.75,4.6507479151442706
2026-09-02,ILI incidence,2026-09-20,4,IE,quantile,0.8,5.124281055397779
2026-09-02,ILI incidence,2026-09-20,4,IE,quantile,0.85,5.740081882125022
2026-09-02,ILI incidence,2026-09-20,4,IE,quantile,0.9,6.548284920785045
2026-09-02,ILI incidence,2026-09-20,4,IE,quantile,0.95,7.9763550205514875
2026-09-02,ILI incidence,2026-09-20,4,IE,quantile,0.975,9.432050464518724
2026-09-02,ILI incidence,2026-09-20,4,IE,quantile,0.99,11.423951937631955
2026-09-02,ILI incidence,2026-08-30,1,IS,quantile,0.01,0.0
2026-09-02,ILI incidence,2026-08-30,1,IS,quantile,0.025,0.0
2026-09-02,ILI incidence,2026-08-30,1,IS,quantile,0.05,0.0
2026-09-02,ILI incidence,2026-08-30,1,IS,quantile,0.1,0.0
2026-09-02,ILI incidence,2026-08-30,1,IS,quantile,0.15,0.0624059647890552
2026-09-02,ILI incidence,2026-08-30,1,IS,quantile,0.2,0.1543333443270652
2026-09-02,ILI incidence,2026-08-30,1,IS,quantile,0.25,0.2437102862347082
2026-09-02,ILI incidence,2026-08-30,1,IS,quantile,0.3,0.33454996928082004
2026-09-02,ILI incidence,2026-08-30,1,IS,quantile,0.35,0.40200006823654394
2026-09-02,ILI incidence,2026-08-30,1,IS,quantile,0.4,0.48543926902485307
2026-09-02,ILI incidence,2026-08-30,1,IS,quantile,0.45,0.579208797430665
2026-09-02,ILI incidence,2026-08-30,1,IS,quantile,0.5,0.677268995279605
2026-09-02,ILI incidence,2026-08-30,1,IS,quantile,0.55,0.7738987185928592
2026-09-02,ILI incidence,2026-08-30,1,IS,quantile,0.6,0.8879723091869135
2026-09-02,ILI incidence,2026-08-30,1,IS,quantile,0.65,1.0135912090741077
2026-09-02,ILI incidence,2026-08-30,1,IS,quantile,0.7,1.155030722789625
2026-09-02,ILI incidence,2026-08-30,1,IS,quantile,0.75,1.3175761769268286
2026-09-02,ILI incidence,2026-08-30,1,IS,quantile,0.8,1.5109115849142745
2026-09-02,ILI incidence,2026-08-30,1,IS,quantile,0.85,1.7567161016269406
2026-09-02,ILI incidence,2026-08-30,1,IS,quantile,0.9,2.1004631049820333
2026-09-02,ILI incidence,2026-08-30,1,IS,quantile,0.95,2.6903488422601662
2026-09-02,ILI incidence,2026-08-30,1,IS,quantile,0.975,3.2921469356412705
2026-09-02,ILI incidence,2026-08-30,1,IS,quantile,0.99,4.116312732846509
2026-09-02,ILI incidence,2026-09-06,2,IS,quantile,0.01,0.0
2026-09-02,ILI incidence,2026-09-06,2,IS,quantile,0.025,0.0
2026-09-02,ILI incidence,2026-09-06,2,IS,quantile,0.05,0.0
2026-09-02,ILI incidence,2026-09-06,2,IS,quantile,0.1,0.0
2026-09-02,ILI incidence,2026-09-06,2,IS,quantile,0.15,0.098733667951432
2026-09-02,ILI incidence,2026-09-06,2,IS,quantile,0.2,0.20203035225699645
2026-09-02,ILI incidence,2026-09-06,2,IS,quantile,0.25,0.30164907044398226
2026-09-02,ILI incidence,2026-09-06,2,IS,quantile,0.3,0.40201477080034165
2026-09-02,ILI incidence,2026-09-06,2,IS,quantile,0.35,0.4883015505803411
2026-09-02,ILI incidence,2026-09-06,2,IS,quantile,0.4,0.5767148731876695
2026-09-02,ILI incidence,2026-09-06,2,IS,quantile,0.45,0.672360938829844
2026-09-02,ILI incidence,2026-09-06,2,IS,quantile,0.5,0.7738197047451063
2026-09-02,ILI incidence,2026-09-06,2,IS,quantile,0.55,0.8888446382297891
2026-09-02,ILI incidence,2026-09-06,2,IS,quantile,0.6,1.0133653549728079
2026-09-02,ILI incidence,2026-09-06,2,IS,quantile,0.65,1.1507007084376124
2026-09-02,ILI incidence,2026-09-06,2,IS,quantile,0.7,1.3055818650740612
2026-09-02,ILI incidence,2026-09-06,2,IS,quantile,0.75,1.485259314611412
2026-09-02,ILI incidence,2026-09-06,2,IS,quantile,0.8,1.7018641905459604
2026-09-02,ILI incidence,2026-09-06,2,IS,quantile,0.85,1.9782835771708887
2026-09-02,ILI incidence,2026-09-06,2,IS,quantile,0.9,2.334570171556649
2026-09-02,ILI incidence,2026-09-06,2,IS,quantile,0.95,2.784282003292601
2026-09-02,ILI incidence,2026-09-06,2,IS,quantile,0.975,3.3762642401039833
2026-09-02,ILI incidence,2026-09-06,2,IS,quantile,0.99,4.181962068450876
2026-09-02,ILI incidence,2026-09-13,3,IS,quantile,0.01,0.0
2026-09-02,ILI incidence,2026-09-13,3,IS,quantile,0.025,0.0
2026-09-02,ILI incidence,2026-09-13,3,IS,quantile,0.05,0.0
2026-09-02,ILI incidence,2026-09-13,3,IS,quantile,0.1,0.07895724796405022
2026-09-02,ILI incidence,2026-09-13,3,IS,quantile,0.15,0.20356860926748438
2026-09-02,ILI incidence,2026-09-13,3,IS,quantile,0.2,0.3230235600205918
2026-09-02,ILI incidence,2026-09-13,3,IS,quantile,0.25,0.4351541622106109
2026-09-02,ILI incidence,2026-09-13,3,IS,quantile,0.3,0.5422232761656566
2026-09-02,ILI incidence,2026-09-13,3,IS,quantile,0.35,0.6520678164092656
2026-09-02,ILI incidence,2026-09-13,3,IS,quantile,0.4,0.7616780828180022
2026-09-02,ILI incidence,2026-09-13,3,IS,quantile,0.45,0.8746441780218408
2026-09-02,ILI incidence,2026-09-13,3,IS,quantile,0.5,0.9928893712353232
2026-09-02,ILI incidence,2026-09-13,3,IS,quantile,0.55,1.1185930068999206
2026-09-02,ILI incidence,2026-09-13,3,IS,quantile,0.6,1.254445965309217
2026-09-02,ILI incidence,2026-09-13,3,IS,quantile,0.65,1.4087620415229023
2026-09-02,ILI incidence,2026-09-13,3,IS,quantile,0.7,1.5967674365715432
2026-09-02,ILI incidence,2026-09-13,3,IS,quantile,0.75,1.788238489995451
2026-09-02,ILI incidence,2026-09-13,3,IS,quantile,0.8,2.010585062709307
2026-09-02,ILI incidence,2026-09-13,3,IS,quantile,0.85,2.2590881863940777
2026-09-02,ILI incidence,2026-09-13,3,IS,quantile,0.9,2.601107208283974
2026-09-02,ILI incidence,2026-09-13,3,IS,quantile,0.95,3.175152750569472
2026-09-02,ILI incidence,2026-09-13,3,IS,quantile,0.975,3.746656399705225
2026-09-02,ILI incidence,2026-09-13,3,IS,quantile,0.99,4.839766443418117
2026-09-02,ILI incidence,2026-09-20,4,IS,quantile,0.01,0.0
2026-09-02,ILI incidence,2026-09-20,4,IS,quantile,0.025,0.0
2026-09-02,ILI incidence,2026-09-20,4,IS,quantile,0.05,0.0
2026-09-02,ILI incidence,2026-09-20,4,IS,quantile,0.1,0.19107452638572262
2026-09-02,ILI incidence,2026-09-20,4,IS,quantile,0.15,0.3553278462449227
2026-09-02,ILI incidence,2026-09-20,4,IS,quantile,0.2,0.4978117601622605
2026-09-02,ILI incidence,2026-09-20,4,IS,quantile,0.25,0.6319303419673599
2026-09-02,ILI incidence,2026-09-20,4,IS,quantile,0.3,0.737634998471389
2026-09-02,ILI incidence,2026-09-20,4,IS,quantile,0.35,0.8558112100113332
2026-09-02,ILI incidence,2026-09-20,4,IS,quantile,0.4,0.9983355378902429
2026-09-02,ILI incidence,2026-09-20,4,IS,quantile,0.45,1.117324939630889
2026-09-02,ILI incidence,2026-09-20,4,IS,quantile,0.5,1.2676983774987614
2026-09-02,ILI incidence,2026-09-20,4,IS,quantile,0.55,1.4419543103678034
2026-09-02,ILI incidence,2026-09-20,4,IS,quantile,0.6,1.6270311954224284
2026-09-02,ILI incidence,2026-09-20,4,IS,quantile,0.65,1.770023976826976
2026-09-02,ILI incidence,2026-09-20,4,IS,quantile,0.7,1.886169905980085
2026-09-02,ILI incidence,2026-09-20,4,IS,quantile,0.75,2.0945899332055373
2026-09-02,ILI incidence,2026-09-20,4,IS,quantile,0.8,2.3160412998253
2026-09-02,ILI incidence,2026-09-20,4,IS,quantile,0.85,2.636183813984814
2026-09-02,ILI incidence,2026-09-20,4,IS,quantile,0.9,3.083264839841637
2026-09-02,ILI incidence,2026-09-20,4,IS,quantile,0.95,3.694107107521825
2026-09-02,ILI incidence,2026-09-20,4,IS,quantile,0.975,4.506026997151771
2026-09-02,ILI incidence,2026-09-20,4,IS,quantile,0.99,5.629235544385353
2026-09-02,ILI incidence,2026-08-30,1,LT,quantile,0.01,0.24961711204134301
2026-09-02,ILI incidence,2026-08-30,1,LT,quantile,0.025,0.357993550471612
2026-09-02,ILI incidence,2026-08-30,1,LT,quantile,0.05,0.46086805877996023
2026-09-02,ILI incidence,2026-08-30,1,LT,quantile,0.1,0.5887452425957805
2026-09-02,ILI incidence,2026-08-30,1,LT,quantile,0.15,0.6927875430638812
2026-09-02,ILI incidence,2026-08-30,1,LT,quantile,0.2,0.7617972712449332
2026-09-02,ILI incidence,2026-08-30,1,LT,quantile,0.25,0.8452398697760984
2026-09-02,ILI incidence,2026-08-30,1,LT,quantile,0.3,0.9217040044280536
2026-09-02,ILI incidence,2026-08-30,1,LT,quantile,0.35,0.9695901382882745
2026-09-02,ILI incidence,2026-08-30,1,LT,quantile,0.4,1.0334622468679608
2026-09-02,ILI incidence,2026-08-30,1,LT,quantile,0.45,1.1076029429253158
2026-09-02,ILI incidence,2026-08-30,1,LT,quantile,0.5,1.1832069088529507
2026-09-02,ILI incidence,2026-08-30,1,LT,quantile,0.55,1.2515921347722678
2026-09-02,ILI incidence,2026-08-30,1,LT,quantile,0.6,1.322648384726147
2026-09-02,ILI incidence,2026-08-30,1,LT,quantile,0.65,1.398448106158683
2026-09-02,ILI incidence,2026-08-30,1,LT,quantile,0.7,1.4810082779036822
2026-09-02,ILI incidence,2026-08-30,1,LT,quantile,0.75,1.5736170950696124
2026-09-02,ILI incidence,2026-08-30,1,LT,quantile,0.8,1.6915059665988457
2026-09-02,ILI incidence,2026-08-30,1,LT,quantile,0.85,1.8102147430080833
2026-09-02,ILI incidence,2026-08-30,1,LT,quantile,0.9,1.982932555391879
2026-09-02,ILI incidence,2026-08-30,1,LT,quantile,0.95,2.258644280688939
2026-09-02,ILI incidence,2026-08-30,1,LT,quantile,0.975,2.518338398379765
2026-09-02,ILI incidence,2026-08-30,1,LT,quantile,0.99,2.8213206466481653
2026-09-02,ILI incidence,2026-09-06,2,LT,quantile,0.01,0.14741938023608545
2026-09-02,ILI incidence,2026-09-06,2,LT,quantile,0.025,0.26898062813249496
2026-09-02,ILI incidence,2026-09-06,2,LT,quantile,0.05,0.39930344694842873
2026-09-02,ILI incidence,2026-09-06,2,LT,quantile,0.1,0.5792531950434979
2026-09-02,ILI incidence,2026-09-06,2,LT,quantile,0.15,0.7164911776527464
2026-09-02,ILI incidence,2026-09-06,2,LT,quantile,0.2,0.8331951582604151
2026-09-02,ILI incidence,2026-09-06,2,LT,quantile,0.25,0.945823863897613
2026-09-02,ILI incidence,2026-09-06,2,LT,quantile,0.3,1.028674268077274
2026-09-02,ILI incidence,2026-09-06,2,LT,quantile,0.35,1.1223165564595317
2026-09-02,ILI incidence,2026-09-06,2,LT,quantile,0.4,1.1938712794454087
2026-09-02,ILI incidence,2026-09-06,2,LT,quantile,0.45,1.289307840942012
2026-09-02,ILI incidence,2026-09-06,2,LT,quantile,0.5,1.3833724243413814
2026-09-02,ILI incidence,2026-09-06,2,LT,quantile,0.55,1.4726007642367156
2026-09-02,ILI incidence,2026-09-06,2,LT,quantile,0.6,1.5743201998085805
2026-09-02,ILI incidence,2026-09-06,2,LT,quantile,0.65,1.6533833490157424
2026-09-02,ILI incidence,2026-09-06,2,LT,quantile,0.7,1.7529373187420587
2026-09-02,ILI incidence,2026-09-06,2,LT,quantile,0.75,1.88951810505776
2026-09-02,ILI incidence,2026-09-06,2,LT,quantile,0.8,2.049596051230515
2026-09-02,ILI incidence,2026-09-06,2,LT,quantile,0.85,2.204485360715121
2026-09-02,ILI incidence,2026-09-06,2,LT,quantile,0.9,2.385407457915764
2026-09-02,ILI incidence,2026-09-06,2,LT,quantile,0.95,2.687895878500739
2026-09-02,ILI incidence,2026-09-06,2,LT,quantile,0.975,3.1137355869741814
2026-09-02,ILI incidence,2026-09-06,2,LT,quantile,0.99,3.5978673519663538
2026-09-02,ILI incidence,2026-09-13,3,LT,quantile,0.01,0.010346732976781235
2026-09-02,ILI incidence,2026-09-13,3,LT,quantile,0.025,0.15364815617180577
2026-09-02,ILI incidence,2026-09-13,3,LT,quantile,0.05,0.30029649545744136
2026-09-02,ILI incidence,2026-09-13,3,LT,quantile,0.1,0.5387537280539465
2026-09-02,ILI incidence,2026-09-13,3,LT,quantile,0.15,0.7238813572970607
2026-09-02,ILI incidence,2026-09-13,3,LT,quantile,0.2,0.8851982857562013
2026-09-02,ILI incidence,2026-09-13,3,LT,quantile,0.25,0.9888854974480987
2026-09-02,ILI incidence,2026-09-13,3,LT,quantile,0.3,1.121760176452137
2026-09-02,ILI incidence,2026-09-13,3,LT,quantile,0.35,1.1985674259929788
2026-09-02,ILI incidence,2026-09-13,3,LT,quantile,0.4,1.3060648928548622
2026-09-02,ILI incidence,2026-09-13,3,LT,quantile,0.45,1.4518107558358324
2026-09-02,ILI incidence,2026-09-13,3,LT,quantile,0.5,1.6017777913073723
2026-09-02,ILI incidence,2026-09-13,3,LT,quantile,0.55,1.7682397866038793
2026-09-02,ILI incidence,2026-09-13,3,LT,quantile,0.6,1.8921544520066784
2026-09-02,ILI incidence,2026-09-13,3,LT,quantile,0.65,2.063355384614943
2026-09-02,ILI incidence,2026-09-13,3,LT,quantile,0.7,2.2302229762693573
2026-09-02,ILI incidence,2026-09-13,3,LT,quantile,0.75,2.4157989783913782
2026-09-02,ILI incidence,2026-09-13,3,LT,quantile,0.8,2.6477538474995272
2026-09-02,ILI incidence,2026-09-13,3,LT,quantile,0.85,2.9369877397686848
2026-09-02,ILI incidence,2026-09-13,3,LT,quantile,0.9,3.369646974544905
2026-09-02,ILI incidence,2026-09-13,3,LT,quantile,0.95,3.965754198144675
2026-09-02,ILI incidence,2026-09-13,3,LT,quantile,0.975,4.652507240276513
2026-09-02,ILI incidence,2026-09-13,3,LT,quantile,0.99,5.517679642737976
2026-09-02,ILI incidence,2026-09-20,4,LT,quantile,0.01,0.04744413815250371
2026-09-02,ILI incidence,2026-09-20,4,LT,quantile,0.025,0.2277180045522852
2026-09-02,ILI incidence,2026-09-20,4,LT,quantile,0.05,0.4136976232033761
2026-09-02,ILI incidence,2026-09-20,4,LT,quantile,0.1,0.6882428288824846
2026-09-02,ILI incidence,2026-09-20,4,LT,quantile,0.15,0.903002393981255
2026-09-02,ILI incidence,2026-09-20,4,LT,quantile,0.2,1.0685071451529913
2026-09-02,ILI incidence,2026-09-20,4,LT,quantile,0.25,1.192405910377106
2026-09-02,ILI incidence,2026-09-20,4,LT,quantile,0.3,1.3167313932792337
2026-09-02,ILI incidence,2026-09-20,4,LT,quantile,0.35,1.42945030594462
2026-09-02,ILI incidence,2026-09-20,4,LT,quantile,0.4,1.5846723569277545
2026-09-02,ILI incidence,2026-09-20,4,LT,quantile,0.45,1.7127517217043988
2026-09-02,ILI incidence,2026-09-20,4,LT,quantile,0.5,1.8611311137663582
2026-09-02,ILI incidence,2026-09-20,4,LT,quantile,0.55,2.0317595175791676
2026-09-02,ILI incidence,2026-09-20,4,LT,quantile,0.6,2.204278049369403
2026-09-02,ILI incidence,2026-09-20,4,LT,quantile,0.65,2.395417168958336
2026-09-02,ILI incidence,2026-09-20,4,LT,quantile,0.7,2.6352901592531297
2026-09-02,ILI incidence,2026-09-20,4,LT,quantile,0.75,2.8718962236705456
2026-09-02,ILI incidence,2026-09-20,4,LT,quantile,0.8,3.1865956407076736
2026-09-02,ILI incidence,2026-09-20,4,LT,quantile,0.85,3.565670723090154
2026-09-02,ILI incidence,2026-09-20,4,LT,quantile,0.9,4.161876971616156
2026-09-02,ILI incidence,2026-09-20,4,LT,quantile,0.95,4.856876367643316
2026-09-02,ILI incidence,2026-09-20,4,LT,quantile,0.975,5.7140122615374835
2026-09-02,ILI incidence,2026-09-20,4,LT,quantile,0.99,6.86954973160988
2026-09-02,ILI incidence,2026-08-30,1,LU,quantile,0.01,0.0
2026-09-02,ILI incidence,2026-08-30,1,LU,quantile,0.025,0.0
2026-09-02,ILI incidence,2026-08-30,1,LU,quantile,0.05,0.0
2026-09-02,ILI incidence,2026-08-30,1,LU,quantile,0.1,0.0
2026-09-02,ILI incidence,2026-08-30,1,LU,quantile,0.15,0.0
2026-09-02,ILI incidence,2026-08-30,1,LU,quantile,0.2,0.0
2026-09-02,ILI incidence,2026-08-30,1,LU,quantile,0.25,0.0
2026-09-02,ILI incidence,2026-08-30,1,LU,quantile,0.3,0.0
2026-09-02,ILI incidence,2026-08-30,1,LU,quantile,0.35,0.0
2026-09-02,ILI incidence,2026-08-30,1,LU,quantile,0.4,0.0
2026-09-02,ILI incidence,2026-08-30,1,LU,quantile,0.45,0.0
2026-09-02,ILI incidence,2026-08-30,1,LU,quantile,0.5,0.0
2026-09-02,ILI incidence,2026-08-30,1,LU,quantile,0.55,0.0
2026-09-02,ILI incidence,2026-08-30,1,LU,quantile,0.6,0.0
2026-09-02,ILI incidence,2026-08-30,1,LU,quantile,0.65,0.0
2026-09-02,ILI incidence,2026-08-30,1,LU,quantile,0.7,0.0
2026-09-02,ILI incidence,2026-08-30,1,LU,quantile,0.75,0.0
2026-09-02,ILI incidence,2026-08-30,1,LU,quantile,0.8,0.0
2026-09-02,ILI incidence,2026-08-30,1,LU,quantile,0.85,0.0
2026-09-02,ILI incidence,2026-08-30,1,LU,quantile,0.9,0.0
2026-09-02,ILI incidence,2026-08-30,1,LU,quantile,0.95,0.08092954858048573
2026-09-02,ILI incidence,2026-08-30,1,LU,quantile,0.975,0.3057263717467574
2026-09-02,ILI incidence,2026-08-30,1,LU,quantile,0.99,0.6265169673057438
2026-09-02,ILI incidence,2026-09-06,2,LU,quantile,0.01,0.0
2026-09-02,ILI incidence,2026-09-06,2,LU,quantile,0.025,0.0
2026-09-02,ILI incidence,2026-09-06,2,LU,quantile,0.05,0.0
2026-09-02,ILI incidence,2026-09-06,2,LU,quantile,0.1,0.0
2026-09-02,ILI incidence,2026-09-06,2,LU,quantile,0.15,0.0
2026-09-02,ILI incidence,2026-09-06,2,LU,quantile,0.2,0.0
2026-09-02,ILI incidence,2026-09-06,2,LU,quantile,0.25,0.0
2026-09-02,ILI incidence,2026-09-06,2,LU,quantile,0.3,0.0
2026-09-02,ILI incidence,2026-09-06,2,LU,quantile,0.35,0.0
2026-09-02,ILI incidence,2026-09-06,2,LU,quantile,0.4,0.0
2026-09-02,ILI incidence,2026-09-06,2,LU,quantile,0.45,0.0
2026-09-02,ILI incidence,2026-09-06,2,LU,quantile,0.5,0.0
2026-09-02,ILI incidence,2026-09-06,2,LU,quantile,0.55,0.0
2026-09-02,ILI incidence,2026-09-06,2,LU,quantile,0.6,0.0
2026-09-02,ILI incidence,2026-09-06,2,LU,quantile,0.65,0.0
2026-09-02,ILI incidence,2026-09-06,2,LU,quantile,0.7,0.0
2026-09-02,ILI incidence,2026-09-06,2,LU,quantile,0.75,0.0
2026-09-02,ILI incidence,2026-09-06,2,LU,quantile,0.8,0.05150386748872789
2026-09-02,ILI incidence,2026-09-06,2,LU,quantile,0.85,0.18179246283150727
2026-09-02,ILI incidence,2026-09-06,2,LU,quantile,0.9,0.36889951389866854
2026-09-02,ILI incidence,2026-09-06,2,LU,quantile,0.95,0.7020713770581004
2026-09-02,ILI incidence,2026-09-06,2,LU,quantile,0.975,1.0560540970089274
2026-09-02,ILI incidence,2026-09-06,2,LU,quantile,0.99,1.5611986504387378
2026-09-02,ILI incidence,2026-09-13,3,LU,quantile,0.01,0.0
2026-09-02,ILI incidence,2026-09-13,3,LU,quantile,0.025,0.0
2026-09-02,ILI incidence,2026-09-13,3,LU,quantile,0.05,0.0
2026-09-02,ILI incidence,2026-09-13,3,LU,quantile,0.1,0.0
2026-09-02,ILI incidence,2026-09-13,3,LU,quantile,0.15,0.0
2026-09-02,ILI incidence,2026-09-13,3,LU,quantile,0.2,0.0
2026-09-02,ILI incidence,2026-09-13,3,LU,quantile,0.25,0.0
2026-09-02,ILI incidence,2026-09-13,3,LU,quantile,0.3,0.0
2026-09-02,ILI incidence,2026-09-13,3,LU,quantile,0.35,0.0
2026-09-02,ILI incidence,2026-09-13,3,LU,quantile,0.4,0.0
2026-09-02,ILI incidence,2026-09-13,3,LU,quantile,0.45,0.0
2026-09-02,ILI incidence,2026-09-13,3,LU,quantile,0.5,0.0
2026-09-02,ILI incidence,2026-09-13,3,LU,quantile,0.55,0.0
2026-09-02,ILI incidence,2026-09-13,3,LU,quantile,0.6,0.0
2026-09-02,ILI incidence,2026-09-13,3,LU,quantile,0.65,0.03960648890993316
2026-09-02,ILI incidence,2026-09-13,3,LU,quantile,0.7,0.1300484444473529
2026-09-02,ILI incidence,2026-09-13,3,LU,quantile,0.75,0.23649640068873773
2026-09-02,ILI incidence,2026-09-13,3,LU,quantile,0.8,0.3668720966178914
2026-09-02,ILI incidence,2026-09-13,3,LU,quantile,0.85,0.5362902075072546
2026-09-02,ILI incidence,2026-09-13,3,LU,quantile,0.9,0.7796005989950964
2026-09-02,ILI incidence,2026-09-13,3,LU,quantile,0.95,1.2128745590710848
2026-09-02,ILI incidence,2026-09-13,3,LU,quantile,0.975,1.6732396667415532
2026-09-02,ILI incidence,2026-09-13,3,LU,quantile,0.99,2.330235263608788
2026-09-02,ILI incidence,2026-09-20,4,LU,quantile,0.01,0.0
2026-09-02,ILI incidence,2026-09-20,4,LU,quantile,0.025,0.0
2026-09-02,ILI incidence,2026-09-20,4,LU,quantile,0.05,0.0
2026-09-02,ILI incidence,2026-09-20,4,LU,quantile,0.1,0.0
2026-09-02,ILI incidence,2026-09-20,4,LU,quantile,0.15,0.0
2026-09-02,ILI incidence,2026-09-20,4,LU,quantile,0.2,0.0
2026-09-02,ILI incidence,2026-09-20,4,LU,quantile,0.25,0.0
2026-09-02,ILI incidence,2026-09-20,4,LU,quantile,0.3,0.0
2026-09-02,ILI incidence,2026-09-20,4,LU,quantile,0.35,0.0
2026-09-02,ILI incidence,2026-09-20,4,LU,quantile,0.4,0.0
2026-09-02,ILI incidence,2026-09-20,4,LU,quantile,0.45,0.0
2026-09-02,ILI incidence,2026-09-20,4,LU,quantile,0.5,0.05404521671109382
2026-09-02,ILI incidence,2026-09-20,4,LU,quantile,0.55,0.13655886614780716
2026-09-02,ILI incidence,2026-09-20,4,LU,quantile,0.6,0.22702087586886727
2026-09-02,ILI incidence,2026-09-20,4,LU,quantile,0.65,0.32809401463185617
2026-09-02,ILI incidence,2026-09-20,4,LU,quantile,0.7,0.44363319628020104
2026-09-02,ILI incidence,2026-09-20,4,LU,quantile,0.75,0.5796199572033036
2026-09-02,ILI incidence,2026-09-20,4,LU,quantile,0.8,0.7461742751220628
2026-09-02,ILI incidence,2026-09-20,4,LU,quantile,0.85,0.9626050626534074
2026-09-02,ILI incidence,2026-09-20,4,LU,quantile,0.9,1.273432823245469
2026-09-02,ILI incidence,2026-09-20,4,LU,quantile,0.95,1.8269379437269935
2026-09-02,ILI incidence,2026-09-20,4,LU,quantile,0.975,2.4150517273100487
2026-09-02,ILI incidence,2026-09-20,4,LU,quantile,0.99,3.254359644152214
2026-09-02,ILI incidence,2026-08-30,1,MT,quantile,0.01,1450.6322554011463
2026-09-02,ILI incidence,2026-08-30,1,MT,quantile,0.025,1698.6427695233588
2026-09-02,ILI incidence,2026-08-30,1,MT,quantile,0.05,1969.7950102376153
2026-09-02,ILI incidence,2026-08-30,1,MT,quantile,0.1,2304.0542465303547
2026-09-02,ILI incidence,2026-08-30,1,MT,quantile,0.15,2582.6755143332143
2026-09-02,ILI incidence,2026-08-30,1,MT,quantile,0.2,2827.942746785422
2026-09-02,ILI incidence,2026-08-30,1,MT,quantile,0.25,3056.83467446943
2026-09-02,ILI incidence,2026-08-30,1,MT,quantile,0.3,3278.127658231595
2026-09-02,ILI incidence,2026-08-30,1,MT,quantile,0.35,3497.4595916456683
2026-09-02,ILI incidence,2026-08-30,1,MT,quantile,0.4,3719.1341804399985
2026-09-02,ILI incidence,2026-08-30,1,MT,quantile,0.45,3946.966867903242
2026-09-02,ILI incidence,2026-08-30,1,MT,quantile,0.5,4153.554322490175
2026-09-02,ILI incidence,2026-08-30,1,MT,quantile,0.55,4396.655525114885
2026-09-02,ILI incidence,2026-08-30,1,MT,quantile,0.6,4667.653964211562
2026-09-02,ILI incidence,2026-08-30,1,MT,quantile,0.65,4980.661110335727
2026-09-02,ILI incidence,2026-08-30,1,MT,quantile,0.7,5333.261283634758
2026-09-02,ILI incidence,2026-08-30,1,MT,quantile,0.75,5728.862710535792
2026-09-02,ILI incidence,2026-08-30,1,MT,quantile,0.8,6192.470297741138
2026-09-02,ILI incidence,2026-08-30,1,MT,quantile,0.85,6780.413834293929
2026-09-02,ILI incidence,2026-08-30,1,MT,quantile,0.9,7600.110864353366
2026-09-02,ILI incidence,2026-08-30,1,MT,quantile,0.95,9000.766383837543
2026-09-02,ILI incidence,2026-08-30,1,MT,quantile,0.975,10394.566563329132
2026-09-02,ILI incidence,2026-08-30,1,MT,quantile,0.99,12149.312845040246
2026-09-02,ILI incidence,2026-09-06,2,MT,quantile,0.01,1753.4392873567663
2026-09-02,ILI incidence,2026-09-06,2,MT,quantile,0.025,2013.1937278311464
2026-09-02,ILI incidence,2026-09-06,2,MT,quantile,0.05,2348.4728574501905
2026-09-02,ILI incidence,2026-09-06,2,MT,quantile,0.1,2804.8621394609672
2026-09-02,ILI incidence,2026-09-06,2,MT,quantile,0.15,3161.878904326312
2026-09-02,ILI incidence,2026-09-06,2,MT,quantile,0.2,3477.751604938526
2026-09-02,ILI incidence,2026-09-06,2,MT,quantile,0.25,3773.767370679621
2026-09-02,ILI incidence,2026-09-06,2,MT,quantile,0.3,4061.0049685018116
2026-09-02,ILI incidence,2026-09-06,2,MT,quantile,0.35,4317.852656360281
2026-09-02,ILI incidence,2026-09-06,2,MT,quantile,0.4,4550.457376509222
2026-09-02,ILI incidence,2026-09-06,2,MT,quantile,0.45,4850.724684735779
2026-09-02,ILI incidence,2026-09-06,2,MT,quantile,0.5,5200.727694572031
2026-09-02,ILI incidence,2026-09-06,2,MT,quantile,0.55,5575.979892038374
2026-09-02,ILI incidence,2026-09-06,2,MT,quantile,0.6,5938.984936198776
2026-09-02,ILI incidence,2026-09-06,2,MT,quantile,0.65,6334.6511085436705
2026-09-02,ILI incidence,2026-09-06,2,MT,quantile,0.7,6780.179870301796
2026-09-02,ILI incidence,2026-09-06,2,MT,quantile,0.75,7296.187778888489
2026-09-02,ILI incidence,2026-09-06,2,MT,quantile,0.8,7860.105634713496
2026-09-02,ILI incidence,2026-09-06,2,MT,quantile,0.85,8568.976789937713
2026-09-02,ILI incidence,2026-09-06,2,MT,quantile,0.9,9635.32052346737
2026-09-02,ILI incidence,2026-09-06,2,MT,quantile,0.95,11539.43529760573
2026-09-02,ILI incidence,2026-09-06,2,MT,quantile,0.975,13493.141617148056
2026-09-02,ILI incidence,2026-09-06,2,MT,quantile,0.99,16184.291113740928
2026-09-02,ILI incidence,2026-09-13,3,MT,quantile,0.01,1786.168920414939
2026-09-02,ILI incidence,2026-09-13,3,MT,quantile,0.025,2156.8856370825115
2026-09-02,ILI incidence,2026-09-13,3,MT,quantile,0.05,2509.2854837344416
2026-09-02,ILI incidence,2026-09-13,3,MT,quantile,0.1,3031.7069504353526
2026-09-02,ILI incidence,2026-09-13,3,MT,quantile,0.15,3444.3065803063705
2026-09-02,ILI incidence,2026-09-13,3,MT,quantile,0.2,3801.674939632742
2026-09-02,ILI incidence,2026-09-13,3,MT,quantile,0.25,4127.566140553256
2026-09-02,ILI incidence,2026-09-13,3,MT,quantile,0.3,4443.961150452748
2026-09-02,ILI incidence,2026-09-13,3,MT,quantile,0.35,4756.148018469075
2026-09-02,ILI incidence,2026-09-13,3,MT,quantile,0.4,5055.620346850485
2026-09-02,ILI incidence,2026-09-13,3,MT,quantile,0.45,5363.294877052895
2026-09-02,ILI incidence,2026-09-13,3,MT,quantile,0.5,5684.363421266698
2026-09-02,ILI incidence,2026-09-13,3,MT,quantile,0.55,6024.648845321419
2026-09-02,ILI incidence,2026-09-13,3,MT,quantile,0.6,6391.284770204279
2026-09-02,ILI incidence,2026-09-13,3,MT,quantile,0.65,6868.894565681463
2026-09-02,ILI incidence,2026-09-13,3,MT,quantile,0.7,7414.325613391196
2026-09-02,ILI incidence,2026-09-13,3,MT,quantile,0.75,8016.299499075664
2026-09-02,ILI incidence,2026-09-13,3,MT,quantile,0.8,8703.386195511921
2026-09-02,ILI incidence,2026-09-13,3,MT,quantile,0.85,9664.365434281191
2026-09-02,ILI incidence,2026-09-13,3,MT,quantile,0.9,11094.375981815141
2026-09-02,ILI incidence,2026-09-13,3,MT,quantile,0.95,13468.096620689312
2026-09-02,ILI incidence,2026-09-13,3,MT,quantile,0.975,15275.193162237214
2026-09-02,ILI incidence,2026-09-13,3,MT,quantile,0.99,18069.54872770931
2026-09-02,ILI incidence,2026-09-20,4,MT,quantile,0.01,1890.7199453343583
2026-09-02,ILI incidence,2026-09-20,4,MT,quantile,0.025,2280.0412209345004
2026-09-02,ILI incidence,2026-09-20,4,MT,quantile,0.05,2600.760965179777
2026-09-02,ILI incidence,2026-09-20,4,MT,quantile,0.1,3026.8861142479827
2026-09-02,ILI incidence,2026-09-20,4,MT,quantile,0.15,3353.155233523311
2026-09-02,ILI incidence,2026-09-20,4,MT,quantile,0.2,3710.1658261744615
2026-09-02,ILI incidence,2026-09-20,4,MT,quantile,0.25,4054.908444686466
2026-09-02,ILI incidence,2026-09-20,4,MT,quantile,0.3,4391.706472788588
2026-09-02,ILI incidence,2026-09-20,4,MT,quantile,0.35,4728.715859974466
2026-09-02,ILI incidence,2026-09-20,4,MT,quantile,0.4,5072.381635648492
2026-09-02,ILI incidence,2026-09-20,4,MT,quantile,0.45,5428.631251833995
2026-09-02,ILI incidence,2026-09-20,4,MT,quantile,0.5,5803.647603100313
2026-09-02,ILI incidence,2026-09-20,4,MT,quantile,0.55,6204.565761910128
2026-09-02,ILI incidence,2026-09-20,4,MT,quantile,0.6,6640.316623891505
2026-09-02,ILI incidence,2026-09-20,4,MT,quantile,0.65,7122.8811788495395
2026-09-02,ILI incidence,2026-09-20,4,MT,quantile,0.7,7669.42687803097
2026-09-02,ILI incidence,2026-09-20,4,MT,quantile,0.75,8306.370409290106
2026-09-02,ILI incidence,2026-09-20,4,MT,quantile,0.8,9078.069859540752
2026-09-02,ILI incidence,2026-09-20,4,MT,quantile,0.85,10068.513187084493
2026-09-02,ILI incidence,2026-09-20,4,MT,quantile,0.9,11518.942122061748
2026-09-02,ILI incidence,2026-09-20,4,MT,quantile,0.95,13912.07221836185
2026-09-02,ILI incidence,2026-09-20,4,MT,quantile,0.975,16363.92358443922
2026-09-02,ILI incidence,2026-09-20,4,MT,quantile,0.99,19986.125796185257
2026-09-02,ILI incidence,2026-08-30,1,NO,quantile,0.01,4.33984946626903
2026-09-02,ILI incidence,2026-08-30,1,NO,quantile,0.025,4.994006960300487
2026-09-02,ILI incidence,2026-08-30,1,NO,quantile,0.05,5.546869227885949
2026-09-02,ILI incidence,2026-08-30,1,NO,quantile,0.1,6.293211770010043
2026-09-02,ILI incidence,2026-08-30,1,NO,quantile,0.15,6.832929987276112
2026-09-02,ILI incidence,2026-08-30,1,NO,quantile,0.2,7.279694421336299
2026-09-02,ILI incidence,2026-08-30,1,NO,quantile,0.25,7.694316862900968
2026-09-02,ILI incidence,2026-08-30,1,NO,quantile,0.3,8.037294328842268
2026-09-02,ILI incidence,2026-08-30,1,NO,quantile,0.35,8.390948450450953
2026-09-02,ILI incidence,2026-08-30,1,NO,quantile,0.4,8.740525416675002
2026-09-02,ILI incidence,2026-08-30,1,NO,quantile,0.45,9.111445796309374
2026-09-02,ILI incidence,2026-08-30,1,NO,quantile,0.5,9.450740845690966
2026-09-02,ILI incidence,2026-08-30,1,NO,quantile,0.55,9.87918557386292
2026-09-02,ILI incidence,2026-08-30,1,NO,quantile,0.6,10.407687295308783
2026-09-02,ILI incidence,2026-08-30,1,NO,quantile,0.65,11.021410672315765
2026-09-02,ILI incidence,2026-08-30,1,NO,quantile,0.7,11.53584284419052
2026-09-02,ILI incidence,2026-08-30,1,NO,quantile,0.75,12.127492149648775
2026-09-02,ILI incidence,2026-08-30,1,NO,quantile,0.8,12.793061958127868
2026-09-02,ILI incidence,2026-08-30,1,NO,quantile,0.85,13.62686088979638
2026-09-02,ILI incidence,2026-08-30,1,NO,quantile,0.9,14.747946476668638
2026-09-02,ILI incidence,2026-08-30,1,NO,quantile,0.95,16.56955046185898
2026-09-02,ILI incidence,2026-08-30,1,NO,quantile,0.975,18.31931237280484
2026-09-02,ILI incidence,2026-08-30,1,NO,quantile,0.99,20.574047468754674
2026-09-02,ILI incidence,2026-09-06,2,NO,quantile,0.01,4.013152823689829
2026-09-02,ILI incidence,2026-09-06,2,NO,quantile,0.025,4.749100211359725
2026-09-02,ILI incidence,2026-09-06,2,NO,quantile,0.05,5.4300324061423
2026-09-02,ILI incidence,2026-09-06,2,NO,quantile,0.1,6.325505625189923
2026-09-02,ILI incidence,2026-09-06,2,NO,quantile,0.15,7.041048851335206
2026-09-02,ILI incidence,2026-09-06,2,NO,quantile,0.2,7.619978937352783
2026-09-02,ILI incidence,2026-09-06,2,NO,quantile,0.25,8.096841598625126
2026-09-02,ILI incidence,2026-09-06,2,NO,quantile,0.3,8.588490437780253
2026-09-02,ILI incidence,2026-09-06,2,NO,quantile,0.35,9.059115192983962
2026-09-02,ILI incidence,2026-09-06,2,NO,quantile,0.4,9.61341085481852
2026-09-02,ILI incidence,2026-09-06,2,NO,quantile,0.45,10.158607893722465
2026-09-02,ILI incidence,2026-09-06,2,NO,quantile,0.5,10.722497252053131
2026-09-02,ILI incidence,2026-09-06,2,NO,quantile,0.55,11.248673426063856
2026-09-02,ILI incidence,2026-09-06,2,NO,quantile,0.6,11.8034851691549
2026-09-02,ILI incidence,2026-09-06,2,NO,quantile,0.65,12.40335092092596
2026-09-02,ILI incidence,2026-09-06,2,NO,quantile,0.7,13.167278476238918
2026-09-02,ILI incidence,2026-09-06,2,NO,quantile,0.75,14.054565893992534
2026-09-02,ILI incidence,2026-09-06,2,NO,quantile,0.8,15.10814867205391
2026-09-02,ILI incidence,2026-09-06,2,NO,quantile,0.85,16.409418982764965
2026-09-02,ILI incidence,2026-09-06,2,NO,quantile,0.9,18.048959526055167
2026-09-02,ILI incidence,2026-09-06,2,NO,quantile,0.95,20.7826118532557
2026-09-02,ILI incidence,2026-09-06,2,NO,quantile,0.975,23.79375122183901
2026-09-02,ILI incidence,2026-09-06,2,NO,quantile,0.99,27.582468601012568
2026-09-02,ILI incidence,2026-09-13,3,NO,quantile,0.01,3.9104649283327304
2026-09-02,ILI incidence,2026-09-13,3,NO,quantile,0.025,4.612510356903615
2026-09-02,ILI incidence,2026-09-13,3,NO,quantile,0.05,5.505497594888003
2026-09-02,ILI incidence,2026-09-13,3,NO,quantile,0.1,6.535365082864853
2026-09-02,ILI incidence,2026-09-13,3,NO,quantile,0.15,7.301307619313697
2026-09-02,ILI incidence,2026-09-13,3,NO,quantile,0.2,7.965207027134901
2026-09-02,ILI incidence,2026-09-13,3,NO,quantile,0.25,8.612282268204106
2026-09-02,ILI incidence,2026-09-13,3,NO,quantile,0.3,9.202314615573684
2026-09-02,ILI incidence,2026-09-13,3,NO,quantile,0.35,9.836640938913709
2026-09-02,ILI incidence,2026-09-13,3,NO,quantile,0.4,10.459050191089155
2026-09-02,ILI incidence,2026-09-13,3,NO,quantile,0.45,11.139459239285046
2026-09-02,ILI incidence,2026-09-13,3,NO,quantile,0.5,11.782289031328188
2026-09-02,ILI incidence,2026-09-13,3,NO,quantile,0.55,12.36921316408315
2026-09-02,ILI incidence,2026-09-13,3,NO,quantile,0.6,13.006856830905981
2026-09-02,ILI incidence,2026-09-13,3,NO,quantile,0.65,13.973493975839133
2026-09-02,ILI incidence,2026-09-13,3,NO,quantile,0.7,14.853509322121386
2026-09-02,ILI incidence,2026-09-13,3,NO,quantile,0.75,15.861295928607863
2026-09-02,ILI incidence,2026-09-13,3,NO,quantile,0.8,17.152567577456512
2026-09-02,ILI incidence,2026-09-13,3,NO,quantile,0.85,18.996702837253046
2026-09-02,ILI incidence,2026-09-13,3,NO,quantile,0.9,21.50620058625718
2026-09-02,ILI incidence,2026-09-13,3,NO,quantile,0.95,25.390241962434622
2026-09-02,ILI incidence,2026-09-13,3,NO,quantile,0.975,29.29793576382374
2026-09-02,ILI incidence,2026-09-13,3,NO,quantile,0.99,34.21987131174083
2026-09-02,ILI incidence,2026-09-20,4,NO,quantile,0.01,4.021346593344866
2026-09-02,ILI incidence,2026-09-20,4,NO,quantile,0.025,4.897776014908066
2026-09-02,ILI incidence,2026-09-20,4,NO,quantile,0.05,5.7855737539570065
2026-09-02,ILI incidence,2026-09-20,4,NO,quantile,0.1,6.861723610593172
2026-09-02,ILI incidence,2026-09-20,4,NO,quantile,0.15,7.81382316329073
2026-09-02,ILI incidence,2026-09-20,4,NO,quantile,0.2,8.685286856262888
2026-09-02,ILI incidence,2026-09-20,4,NO,quantile,0.25,9.434558991822712
2026-09-02,ILI incidence,2026-09-20,4,NO,quantile,0.3,10.07717646797103
2026-09-02,ILI incidence,2026-09-20,4,NO,quantile,0.35,10.707932973621695
2026-09-02,ILI incidence,2026-09-20,4,NO,quantile,0.4,11.339638014928912
2026-09-02,ILI incidence,2026-09-20,4,NO,quantile,0.45,12.068024635619054
2026-09-02,ILI incidence,2026-09-20,4,NO,quantile,0.5,12.862798079118516
2026-09-02,ILI incidence,2026-09-20,4,NO,quantile,0.55,13.646182110021275
2026-09-02,ILI incidence,2026-09-20,4,NO,quantile,0.6,14.368846538938485
2026-09-02,ILI incidence,2026-09-20,4,NO,quantile,0.65,15.347252295972464
2026-09-02,ILI incidence,2026-09-20,4,NO,quantile,0.7,16.218678729717364
2026-09-02,ILI incidence,2026-09-20,4,NO,quantile,0.75,17.247099965576826
2026-09-02,ILI incidence,2026-09-20,4,NO,quantile,0.8,18.82987815122897
2026-09-02,ILI incidence,2026-09-20,4,NO,quantile,0.85,20.848897999613694
2026-09-02,ILI incidence,2026-09-20,4,NO,quantile,0.9,23.6838496821122
2026-09-02,ILI incidence,2026-09-20,4,NO,quantile,0.95,28.32719188345087
2026-09-02,ILI incidence,2026-09-20,4,NO,quantile,0.975,32.47838303318089
2026-09-02,ILI incidence,2026-09-20,4,NO,quantile,0.99,38.049337133871916
2026-09-02,ILI incidence,2026-08-30,1,RO,quantile,0.01,0.0
2026-09-02,ILI incidence,2026-08-30,1,RO,quantile,0.025,0.0
2026-09-02,ILI incidence,2026-08-30,1,RO,quantile,0.05,0.0
2026-09-02,ILI incidence,2026-08-30,1,RO,quantile,0.1,0.0
2026-09-02,ILI incidence,2026-08-30,1,RO,quantile,0.15,0.0
2026-09-02,ILI incidence,2026-08-30,1,RO,quantile,0.2,0.0
2026-09-02,ILI incidence,2026-08-30,1,RO,quantile,0.25,0.0065277346513810215
2026-09-02,ILI incidence,2026-08-30,1,RO,quantile,0.3,0.05714796731267817
2026-09-02,ILI incidence,2026-08-30,1,RO,quantile,0.35,0.11319558207892354
2026-09-02,ILI incidence,2026-08-30,1,RO,quantile,0.4,0.173874337900621
2026-09-02,ILI incidence,2026-08-30,1,RO,quantile,0.45,0.24195562780445298
2026-09-02,ILI incidence,2026-08-30,1,RO,quantile,0.5,0.3126344204320819
2026-09-02,ILI incidence,2026-08-30,1,RO,quantile,0.55,0.37846748296294863
2026-09-02,ILI incidence,2026-08-30,1,RO,quantile,0.6,0.44874398520498454
2026-09-02,ILI incidence,2026-08-30,1,RO,quantile,0.65,0.5251477431091947
2026-09-02,ILI incidence,2026-08-30,1,RO,quantile,0.7,0.6100305602300077
2026-09-02,ILI incidence,2026-08-30,1,RO,quantile,0.75,0.7069400762542231
2026-09-02,ILI incidence,2026-08-30,1,RO,quantile,0.8,0.8215526657296779
2026-09-02,ILI incidence,2026-08-30,1,RO,quantile,0.85,0.9632214958589853
2026-09-02,ILI incidence,2026-08-30,1,RO,quantile,0.9,1.1621651924891372
2026-09-02,ILI incidence,2026-08-30,1,RO,quantile,0.95,1.4907669302752415
2026-09-02,ILI incidence,2026-08-30,1,RO,quantile,0.975,1.8489975990256573
2026-09-02,ILI incidence,2026-08-30,1,RO,quantile,0.99,2.3055742316769874
2026-09-02,ILI incidence,2026-09-06,2,RO,quantile,0.01,0.0
2026-09-02,ILI incidence,2026-09-06,2,RO,quantile,0.025,0.0
2026-09-02,ILI incidence,2026-09-06,2,RO,quantile,0.05,0.0
2026-09-02,ILI incidence,2026-09-06,2,RO,quantile,0.1,0.0
2026-09-02,ILI incidence,2026-09-06,2,RO,quantile,0.15,0.0
2026-09-02,ILI incidence,2026-09-06,2,RO,quantile,0.2,0.0
2026-09-02,ILI incidence,2026-09-06,2,RO,quantile,0.25,0.06570514664110642
2026-09-02,ILI incidence,2026-09-06,2,RO,quantile,0.3,0.14267716788162926
2026-09-02,ILI incidence,2026-09-06,2,RO,quantile,0.35,0.2215692632036787
2026-09-02,ILI incidence,2026-09-06,2,RO,quantile,0.4,0.3007798701232041
2026-09-02,ILI incidence,2026-09-06,2,RO,quantile,0.45,0.38039890568318047
2026-09-02,ILI incidence,2026-09-06,2,RO,quantile,0.5,0.46108470598332785
2026-09-02,ILI incidence,2026-09-06,2,RO,quantile,0.55,0.5419598120434238
2026-09-02,ILI incidence,2026-09-06,2,RO,quantile,0.6,0.6284466076460957
2026-09-02,ILI incidence,2026-09-06,2,RO,quantile,0.65,0.7249001389165798
2026-09-02,ILI incidence,2026-09-06,2,RO,quantile,0.7,0.8282969132675337
2026-09-02,ILI incidence,2026-09-06,2,RO,quantile,0.75,0.9493558409427351
2026-09-02,ILI incidence,2026-09-06,2,RO,quantile,0.8,1.0936167340603569
2026-09-02,ILI incidence,2026-09-06,2,RO,quantile,0.85,1.2806239557713726
2026-09-02,ILI incidence,2026-09-06,2,RO,quantile,0.9,1.549611375384091
2026-09-02,ILI incidence,2026-09-06,2,RO,quantile,0.95,1.9872305969761244
2026-09-02,ILI incidence,2026-09-06,2,RO,quantile,0.975,2.42718812450964
2026-09-02,ILI incidence,2026-09-06,2,RO,quantile,0.99,3.020835253782372
2026-09-02,ILI incidence,2026-09-13,3,RO,quantile,0.01,0.0
2026-09-02,ILI incidence,2026-09-13,3,RO,quantile,0.025,0.0
2026-09-02,ILI incidence,2026-09-13,3,RO,quantile,0.05,0.0
2026-09-02,ILI incidence,2026-09-13,3,RO,quantile,0.1,0.0
2026-09-02,ILI incidence,2026-09-13,3,RO,quantile,0.15,0.0
2026-09-02,ILI incidence,2026-09-13,3,RO,quantile,0.2,0.013611791546654864
2026-09-02,ILI incidence,2026-09-13,3,RO,quantile,0.25,0.11091056385235794
2026-09-02,ILI incidence,2026-09-13,3,RO,quantile,0.3,0.19374364204277456
2026-09-02,ILI incidence,2026-09-13,3,RO,quantile,0.35,0.28589189082449595
2026-09-02,ILI incidence,2026-09-13,3,RO,quantile,0.4,0.3688145758852581
2026-09-02,ILI incidence,2026-09-13,3,RO,quantile,0.45,0.452763780857284
2026-09-02,ILI incidence,2026-09-13,3,RO,quantile,0.5,0.5306237743942777
2026-09-02,ILI incidence,2026-09-13,3,RO,quantile,0.55,0.624160262947135
2026-09-02,ILI incidence,2026-09-13,3,RO,quantile,0.6,0.6803156493695318
2026-09-02,ILI incidence,2026-09-13,3,RO,quantile,0.65,0.7957452222594572
2026-09-02,ILI incidence,2026-09-13,3,RO,quantile,0.7,0.9236956359633743
2026-09-02,ILI incidence,2026-09-13,3,RO,quantile,0.75,1.0635697767831886
2026-09-02,ILI incidence,2026-09-13,3,RO,quantile,0.8,1.2391431765799006
2026-09-02,ILI incidence,2026-09-13,3,RO,quantile,0.85,1.4627366818944125
2026-09-02,ILI incidence,2026-09-13,3,RO,quantile,0.9,1.7760561767589464
2026-09-02,ILI incidence,2026-09-13,3,RO,quantile,0.95,2.315242544208627
2026-09-02,ILI incidence,2026-09-13,3,RO,quantile,0.975,2.8670236879784534
2026-09-02,ILI incidence,2026-09-13,3,RO,quantile,0.99,3.6250646224582317
2026-09-02,ILI incidence,2026-09-20,4,RO,quantile,0.01,0.0
2026-09-02,ILI incidence,2026-09-20,4,RO,quantile,0.025,0.0
2026-09-02,ILI incidence,2026-09-20,4,RO,quantile,0.05,0.0
2026-09-02,ILI incidence,2026-09-20,4,RO,quantile,0.1,0.0
2026-09-02,ILI incidence,2026-09-20,4,RO,quantile,0.15,0.0
2026-09-02,ILI incidence,2026-09-20,4,RO,quantile,0.2,0.061228490463614116
2026-09-02,ILI incidence,2026-09-20,4,RO,quantile,0.25,0.14456039852282518
2026-09-02,ILI incidence,2026-09-20,4,RO,quantile,0.3,0.2418098741523602
2026-09-02,ILI incidence,2026-09-20,4,RO,quantile,0.35,0.3216545338909007
2026-09-02,ILI incidence,2026-09-20,4,RO,quantile,0.4,0.3920722769430798
2026-09-02,ILI incidence,2026-09-20,4,RO,quantile,0.45,0.49026558491246264
2026-09-02,ILI incidence,2026-09-20,4,RO,quantile,0.5,0.5828437094175529
2026-09-02,ILI incidence,2026-09-20,4,RO,quantile,0.55,0.6676668708254742
2026-09-02,ILI incidence,2026-09-20,4,RO,quantile,0.6,0.7294809460432377
2026-09-02,ILI incidence,2026-09-20,4,RO,quantile,0.65,0.8491242051401131
2026-09-02,ILI incidence,2026-09-20,4,RO,quantile,0.7,0.9872501532299566
2026-09-02,ILI incidence,2026-09-20,4,RO,quantile,0.75,1.1319470982342446
2026-09-02,ILI incidence,2026-09-20,4,RO,quantile,0.8,1.297519123909885
2026-09-02,ILI incidence,2026-09-20,4,RO,quantile,0.85,1.5068116359025288
2026-09-02,ILI incidence,2026-09-20,4,RO,quantile,0.9,1.797444355667304
2026-09-02,ILI incidence,2026-09-20,4,RO,quantile,0.95,2.2913248568775524
2026-09-02,ILI incidence,2026-09-20,4,RO,quantile,0.975,2.789778094143162
2026-09-02,ILI incidence,2026-09-20,4,RO,quantile,0.99,3.4650059346476123
2026-09-02,ILI incidence,2026-08-30,1,SI,quantile,0.01,0.0
2026-09-02,ILI incidence,2026-08-30,1,SI,quantile,0.025,0.06029896108379651
2026-09-02,ILI incidence,2026-08-30,1,SI,quantile,0.05,0.156027153339127
2026-09-02,ILI incidence,2026-08-30,1,SI,quantile,0.1,0.29227692547539774
2026-09-02,ILI incidence,2026-08-30,1,SI,quantile,0.15,0.41648197144283083
2026-09-02,ILI incidence,2026-08-30,1,SI,quantile,0.2,0.5028822435736644
2026-09-02,ILI incidence,2026-08-30,1,SI,quantile,0.25,0.6081781030727735
2026-09-02,ILI incidence,2026-08-30,1,SI,quantile,0.3,0.6987547468320139
2026-09-02,ILI incidence,2026-08-30,1,SI,quantile,0.35,0.7639305201644453
2026-09-02,ILI incidence,2026-08-30,1,SI,quantile,0.4,0.873909000263368
2026-09-02,ILI incidence,2026-08-30,1,SI,quantile,0.45,0.9868365711245135
2026-09-02,ILI incidence,2026-08-30,1,SI,quantile,0.5,1.0870838893482382
2026-09-02,ILI incidence,2026-08-30,1,SI,quantile,0.55,1.1885883415076777
2026-09-02,ILI incidence,2026-08-30,1,SI,quantile,0.6,1.3006583695411238
2026-09-02,ILI incidence,2026-08-30,1,SI,quantile,0.65,1.4120363902148347
2026-09-02,ILI incidence,2026-08-30,1,SI,quantile,0.7,1.5409600881654546
2026-09-02,ILI incidence,2026-08-30,1,SI,quantile,0.75,1.6878305874412973
2026-09-02,ILI incidence,2026-08-30,1,SI,quantile,0.8,1.8613893545047402
2026-09-02,ILI incidence,2026-08-30,1,SI,quantile,0.85,2.0778880146137735
2026-09-02,ILI incidence,2026-08-30,1,SI,quantile,0.9,2.373714098637583
2026-09-02,ILI incidence,2026-08-30,1,SI,quantile,0.95,2.8643363709689718
2026-09-02,ILI incidence,2026-08-30,1,SI,quantile,0.975,3.3205090244897804
2026-09-02,ILI incidence,2026-08-30,1,SI,quantile,0.99,3.9190374894330122
2026-09-02,ILI incidence,2026-09-06,2,SI,quantile,0.01,0.016546220575423477
2026-09-02,ILI incidence,2026-09-06,2,SI,quantile,0.025,0.13109142728866907
2026-09-02,ILI incidence,2026-09-06,2,SI,quantile,0.05,0.269239027006051
2026-09-02,ILI incidence,2026-09-06,2,SI,quantile,0.1,0.43668854619374986
2026-09-02,ILI incidence,2026-09-06,2,SI,quantile,0.15,0.5457504183963299
2026-09-02,ILI incidence,2026-09-06,2,SI,quantile,0.2,0.6667405960070703
2026-09-02,ILI incidence,2026-09-06,2,SI,quantile,0.25,0.7625117204104898
2026-09-02,ILI incidence,2026-09-06,2,SI,quantile,0.3,0.8730192888780457
2026-09-02,ILI incidence,2026-09-06,2,SI,quantile,0.35,0.9617516942812225
2026-09-02,ILI incidence,2026-09-06,2,SI,quantile,0.4,1.0595321407674816
2026-09-02,ILI incidence,2026-09-06,2,SI,quantile,0.45,1.174908135486545
2026-09-02,ILI incidence,2026-09-06,2,SI,quantile,0.5,1.2701321915711188
2026-09-02,ILI incidence,2026-09-06,2,SI,quantile,0.55,1.3585440072152564
2026-09-02,ILI incidence,2026-09-06,2,SI,quantile,0.6,1.5151526315886723
2026-09-02,ILI incidence,2026-09-06,2,SI,quantile,0.65,1.664539453512064
2026-09-02,ILI incidence,2026-09-06,2,SI,quantile,0.7,1.785236340440009
2026-09-02,ILI incidence,2026-09-06,2,SI,quantile,0.75,1.9216280661989993
2026-09-02,ILI incidence,2026-09-06,2,SI,quantile,0.8,2.1081941987314554
2026-09-02,ILI incidence,2026-09-06,2,SI,quantile,0.85,2.339378542482837
2026-09-02,ILI incidence,2026-09-06,2,SI,quantile,0.9,2.6353564632946664
2026-09-02,ILI incidence,2026-09-06,2,SI,quantile,0.95,3.0842542036690426
2026-09-02,ILI incidence,2026-09-06,2,SI,quantile,0.975,3.5182579657139406
2026-09-02,ILI incidence,2026-09-06,2,SI,quantile,0.99,4.081193412286117
2026-09-02,ILI incidence,2026-09-13,3,SI,quantile,0.01,0.0
2026-09-02,ILI incidence,2026-09-13,3,SI,quantile,0.025,0.04262592284563694
2026-09-02,ILI incidence,2026-09-13,3,SI,quantile,0.05,0.17438271440417236
2026-09-02,ILI incidence,2026-09-13,3,SI,quantile,0.1,0.347084023063111
2026-09-02,ILI incidence,2026-09-13,3,SI,quantile,0.15,0.5085502718337427
2026-09-02,ILI incidence,2026-09-13,3,SI,quantile,0.2,0.6666373623395966
2026-09-02,ILI incidence,2026-09-13,3,SI,quantile,0.25,0.7160409105171994
2026-09-02,ILI incidence,2026-09-13,3,SI,quantile,0.3,0.8424360688655457
2026-09-02,ILI incidence,2026-09-13,3,SI,quantile,0.35,0.9438013048942306
2026-09-02,ILI incidence,2026-09-13,3,SI,quantile,0.4,1.0726781340383813
2026-09-02,ILI incidence,2026-09-13,3,SI,quantile,0.45,1.1759264068716644
2026-09-02,ILI incidence,2026-09-13,3,SI,quantile,0.5,1.329092342093698
2026-09-02,ILI incidence,2026-09-13,3,SI,quantile,0.55,1.4917830496633884
2026-09-02,ILI incidence,2026-09-13,3,SI,quantile,0.6,1.64894655807771
2026-09-02,ILI incidence,2026-09-13,3,SI,quantile,0.65,1.7845118815815224
2026-09-02,ILI incidence,2026-09-13,3,SI,quantile,0.7,1.9769307994511631
2026-09-02,ILI incidence,2026-09-13,3,SI,quantile,0.75,2.2057915748728596
2026-09-02,ILI incidence,2026-09-13,3,SI,quantile,0.8,2.4059548739977936
2026-09-02,ILI incidence,2026-09-13,3,SI,quantile,0.85,2.5945682666772028
2026-09-02,ILI incidence,2026-09-13,3,SI,quantile,0.9,3.0122625450308442
2026-09-02,ILI incidence,2026-09-13,3,SI,quantile,0.95,3.7254114276389685
2026-09-02,ILI incidence,2026-09-13,3,SI,quantile,0.975,4.3426670660630835
2026-09-02,ILI incidence,2026-09-13,3,SI,quantile,0.99,5.363571623014031
2026-09-02,ILI incidence,2026-09-20,4,SI,quantile,0.01,0.0
2026-09-02,ILI incidence,2026-09-20,4,SI,quantile,0.025,0.08232680833086235
2026-09-02,ILI incidence,2026-09-20,4,SI,quantile,0.05,0.2273151527178297
2026-09-02,ILI incidence,2026-09-20,4,SI,quantile,0.1,0.3920044746769928
2026-09-02,ILI incidence,2026-09-20,4,SI,quantile,0.15,0.5244933958779855
2026-09-02,ILI incidence,2026-09-20,4,SI,quantile,0.2,0.6387281228585924
2026-09-02,ILI incidence,2026-09-20,4,SI,quantile,0.25,0.7435295770766559
2026-09-02,ILI incidence,2026-09-20,4,SI,quantile,0.3,0.8492307738231181
2026-09-02,ILI incidence,2026-09-20,4,SI,quantile,0.35,0.973917807664062
2026-09-02,ILI incidence,2026-09-20,4,SI,quantile,0.4,1.1331087950086989
2026-09-02,ILI incidence,2026-09-20,4,SI,quantile,0.45,1.27718210329959
2026-09-02,ILI incidence,2026-09-20,4,SI,quantile,0.5,1.4121004817730762
2026-09-02,ILI incidence,2026-09-20,4,SI,quantile,0.55,1.5650533750887763
2026-09-02,ILI incidence,2026-09-20,4,SI,quantile,0.6,1.718873248980203
2026-09-02,ILI incidence,2026-09-20,4,SI,quantile,0.65,1.8331211516625694
2026-09-02,ILI incidence,2026-09-20,4,SI,quantile,0.7,2.0365189073406875
2026-09-02,ILI incidence,2026-09-20,4,SI,quantile,0.75,2.272348526184915
2026-09-02,ILI incidence,2026-09-20,4,SI,quantile,0.8,2.536129185286872
2026-09-02,ILI incidence,2026-09-20,4,SI,quantile,0.85,2.8640226226726777
2026-09-02,ILI incidence,2026-09-20,4,SI,quantile,0.9,3.3331651001373737
2026-09-02,ILI incidence,2026-09-20,4,SI,quantile,0.95,4.019813562261016
2026-09-02,ILI incidence,2026-09-20,4,SI,quantile,0.975,4.823253779541672
2026-09-02,ILI incidence,2026-09-20,4,SI,quantile,0.99,5.920468200068037
