target,location,origin_date,target_end_date,output_type_id,horizon,output_type,value
ILI incidence,BE,2026-08-12,2026-08-09,0.01,1,quantile,0
ILI incidence,BE,2026-08-12,2026-08-09,0.025,1,quantile,0
ILI incidence,BE,2026-08-12,2026-08-09,0.05,1,quantile,0
ILI incidence,BE,2026-08-12,2026-08-09,0.1,1,quantile,0
ILI incidence,BE,2026-08-12,2026-08-09,0.15,1,quantile,0
ILI incidence,BE,2026-08-12,2026-08-09,0.2,1,quantile,1.02621965156984
ILI incidence,BE,2026-08-12,2026-08-09,0.25,1,quantile,3.41408143874069
ILI incidence,BE,2026-08-12,2026-08-09,0.3,1,quantile,5.42822970111147
ILI incidence,BE,2026-08-12,2026-08-09,0.35,1,quantile,7.64302061868938
ILI incidence,BE,2026-08-12,2026-08-09,0.4,1,quantile,9.65562055206098
ILI incidence,BE,2026-08-12,2026-08-09,0.45,1,quantile,11.6752919900618
ILI incidence,BE,2026-08-12,2026-08-09,0.5,1,quantile,13.7949286266709
ILI incidence,BE,2026-08-12,2026-08-09,0.55,1,quantile,16.2533625540758
ILI incidence,BE,2026-08-12,2026-08-09,0.6,1,quantile,19.1449926136679
ILI incidence,BE,2026-08-12,2026-08-09,0.65,1,quantile,22.0731447320533
ILI incidence,BE,2026-08-12,2026-08-09,0.7,1,quantile,24.4983023381667
ILI incidence,BE,2026-08-12,2026-08-09,0.75,1,quantile,27.5417715147396
ILI incidence,BE,2026-08-12,2026-08-09,0.8,1,quantile,31.8887505757678
ILI incidence,BE,2026-08-12,2026-08-09,0.85,1,quantile,36.0723130963563
ILI incidence,BE,2026-08-12,2026-08-09,0.9,1,quantile,44.0535686191366
ILI incidence,BE,2026-08-12,2026-08-09,0.95,1,quantile,56.3782135785355
ILI incidence,BE,2026-08-12,2026-08-09,0.975,1,quantile,68.6230521406981
ILI incidence,BE,2026-08-12,2026-08-09,0.99,1,quantile,91.1460836836136
ILI incidence,BE,2026-08-12,2026-08-16,0.01,2,quantile,0
ILI incidence,BE,2026-08-12,2026-08-16,0.025,2,quantile,0
ILI incidence,BE,2026-08-12,2026-08-16,0.05,2,quantile,0
ILI incidence,BE,2026-08-12,2026-08-16,0.1,2,quantile,0
ILI incidence,BE,2026-08-12,2026-08-16,0.15,2,quantile,0
ILI incidence,BE,2026-08-12,2026-08-16,0.2,2,quantile,0
ILI incidence,BE,2026-08-12,2026-08-16,0.25,2,quantile,0.107946826821679
ILI incidence,BE,2026-08-12,2026-08-16,0.3,2,quantile,2.83829742118561
ILI incidence,BE,2026-08-12,2026-08-16,0.35,2,quantile,5.80351227993751
ILI incidence,BE,2026-08-12,2026-08-16,0.4,2,quantile,8.66061750535227
ILI incidence,BE,2026-08-12,2026-08-16,0.45,2,quantile,11.5539329324258
ILI incidence,BE,2026-08-12,2026-08-16,0.5,2,quantile,14.7694204655472
ILI incidence,BE,2026-08-12,2026-08-16,0.55,2,quantile,18.9573985750387
ILI incidence,BE,2026-08-12,2026-08-16,0.6,2,quantile,22.1796020512506
ILI incidence,BE,2026-08-12,2026-08-16,0.65,2,quantile,27.289898469493
ILI incidence,BE,2026-08-12,2026-08-16,0.7,2,quantile,32.1833504702834
ILI incidence,BE,2026-08-12,2026-08-16,0.75,2,quantile,38.103569443137
ILI incidence,BE,2026-08-12,2026-08-16,0.8,2,quantile,46.7872247591948
ILI incidence,BE,2026-08-12,2026-08-16,0.85,2,quantile,57.2145803921581
ILI incidence,BE,2026-08-12,2026-08-16,0.9,2,quantile,73.1817891303675
ILI incidence,BE,2026-08-12,2026-08-16,0.95,2,quantile,111.409354897079
ILI incidence,BE,2026-08-12,2026-08-16,0.975,2,quantile,141.294978039026
ILI incidence,BE,2026-08-12,2026-08-16,0.99,2,quantile,172.323397399555
ILI incidence,BE,2026-08-12,2026-08-23,0.01,3,quantile,0
ILI incidence,BE,2026-08-12,2026-08-23,0.025,3,quantile,0
ILI incidence,BE,2026-08-12,2026-08-23,0.05,3,quantile,0
ILI incidence,BE,2026-08-12,2026-08-23,0.1,3,quantile,0
ILI incidence,BE,2026-08-12,2026-08-23,0.15,3,quantile,0
ILI incidence,BE,2026-08-12,2026-08-23,0.2,3,quantile,0
ILI incidence,BE,2026-08-12,2026-08-23,0.25,3,quantile,0
ILI incidence,BE,2026-08-12,2026-08-23,0.3,3,quantile,0.501117389856681
ILI incidence,BE,2026-08-12,2026-08-23,0.35,3,quantile,4.12843562849603
ILI incidence,BE,2026-08-12,2026-08-23,0.4,3,quantile,7.50981857534242
ILI incidence,BE,2026-08-12,2026-08-23,0.45,3,quantile,11.4841050813554
ILI incidence,BE,2026-08-12,2026-08-23,0.5,3,quantile,16.0896210096596
ILI incidence,BE,2026-08-12,2026-08-23,0.55,3,quantile,21.3106032244537
ILI incidence,BE,2026-08-12,2026-08-23,0.6,3,quantile,27.8213073595031
ILI incidence,BE,2026-08-12,2026-08-23,0.65,3,quantile,33.659580447149
ILI incidence,BE,2026-08-12,2026-08-23,0.7,3,quantile,42.076237716291
ILI incidence,BE,2026-08-12,2026-08-23,0.75,3,quantile,51.2103465756576
ILI incidence,BE,2026-08-12,2026-08-23,0.8,3,quantile,64.0657423519817
ILI incidence,BE,2026-08-12,2026-08-23,0.85,3,quantile,85.4193205912888
ILI incidence,BE,2026-08-12,2026-08-23,0.9,3,quantile,110.454339834046
ILI incidence,BE,2026-08-12,2026-08-23,0.95,3,quantile,169.670222359889
ILI incidence,BE,2026-08-12,2026-08-23,0.975,3,quantile,230.049382939188
ILI incidence,BE,2026-08-12,2026-08-23,0.99,3,quantile,324.204101730886
ILI incidence,BE,2026-08-12,2026-08-30,0.01,4,quantile,0
ILI incidence,BE,2026-08-12,2026-08-30,0.025,4,quantile,0
ILI incidence,BE,2026-08-12,2026-08-30,0.05,4,quantile,0
ILI incidence,BE,2026-08-12,2026-08-30,0.1,4,quantile,0
ILI incidence,BE,2026-08-12,2026-08-30,0.15,4,quantile,0
ILI incidence,BE,2026-08-12,2026-08-30,0.2,4,quantile,0
ILI incidence,BE,2026-08-12,2026-08-30,0.25,4,quantile,0
ILI incidence,BE,2026-08-12,2026-08-30,0.3,4,quantile,0
ILI incidence,BE,2026-08-12,2026-08-30,0.35,4,quantile,0.019098685532164
ILI incidence,BE,2026-08-12,2026-08-30,0.4,4,quantile,4.88704405726215
ILI incidence,BE,2026-08-12,2026-08-30,0.45,4,quantile,11.3092110366763
ILI incidence,BE,2026-08-12,2026-08-30,0.5,4,quantile,17.7561762066596
ILI incidence,BE,2026-08-12,2026-08-30,0.55,4,quantile,23.3239808133698
ILI incidence,BE,2026-08-12,2026-08-30,0.6,4,quantile,32.0214401970756
ILI incidence,BE,2026-08-12,2026-08-30,0.65,4,quantile,40.3753991008451
ILI incidence,BE,2026-08-12,2026-08-30,0.7,4,quantile,50.5806688925665
ILI incidence,BE,2026-08-12,2026-08-30,0.75,4,quantile,69.8676551705358
ILI incidence,BE,2026-08-12,2026-08-30,0.8,4,quantile,90.0199529222033
ILI incidence,BE,2026-08-12,2026-08-30,0.85,4,quantile,110.143377490738
ILI incidence,BE,2026-08-12,2026-08-30,0.9,4,quantile,162.940740784208
ILI incidence,BE,2026-08-12,2026-08-30,0.95,4,quantile,264.152648105659
ILI incidence,BE,2026-08-12,2026-08-30,0.975,4,quantile,354.394764435655
ILI incidence,BE,2026-08-12,2026-08-30,0.99,4,quantile,501.967009904193
ILI incidence,BE,2026-08-12,2026-08-09,,1,median,13.7949286266709
ILI incidence,BE,2026-08-12,2026-08-16,,2,median,14.7694204655472
ILI incidence,BE,2026-08-12,2026-08-23,,3,median,16.0896210096596
ILI incidence,BE,2026-08-12,2026-08-30,,4,median,17.7561762066596
ILI incidence,CH,2026-08-12,2026-08-09,0.01,1,quantile,0
ILI incidence,CH,2026-08-12,2026-08-09,0.025,1,quantile,0
ILI incidence,CH,2026-08-12,2026-08-09,0.05,1,quantile,0.0704343144754157
ILI incidence,CH,2026-08-12,2026-08-09,0.1,1,quantile,1.15282603607323
ILI incidence,CH,2026-08-12,2026-08-09,0.15,1,quantile,2.23730861095067
ILI incidence,CH,2026-08-12,2026-08-09,0.2,1,quantile,3.13990376510817
ILI incidence,CH,2026-08-12,2026-08-09,0.25,1,quantile,3.90417432900617
ILI incidence,CH,2026-08-12,2026-08-09,0.3,1,quantile,5.16370683251743
ILI incidence,CH,2026-08-12,2026-08-09,0.35,1,quantile,6.38105934497563
ILI incidence,CH,2026-08-12,2026-08-09,0.4,1,quantile,7.71290091918568
ILI incidence,CH,2026-08-12,2026-08-09,0.45,1,quantile,9.43645639296448
ILI incidence,CH,2026-08-12,2026-08-09,0.5,1,quantile,10.9246780138915
ILI incidence,CH,2026-08-12,2026-08-09,0.55,1,quantile,12.8352542574942
ILI incidence,CH,2026-08-12,2026-08-09,0.6,1,quantile,15.0856614061806
ILI incidence,CH,2026-08-12,2026-08-09,0.65,1,quantile,17.3565952903834
ILI incidence,CH,2026-08-12,2026-08-09,0.7,1,quantile,20.2420173265385
ILI incidence,CH,2026-08-12,2026-08-09,0.75,1,quantile,23.4072238571894
ILI incidence,CH,2026-08-12,2026-08-09,0.8,1,quantile,27.3143688092807
ILI incidence,CH,2026-08-12,2026-08-09,0.85,1,quantile,32.2722580525234
ILI incidence,CH,2026-08-12,2026-08-09,0.9,1,quantile,40.1834346577709
ILI incidence,CH,2026-08-12,2026-08-09,0.95,1,quantile,52.140967387292
ILI incidence,CH,2026-08-12,2026-08-09,0.975,1,quantile,66.1612424492541
ILI incidence,CH,2026-08-12,2026-08-09,0.99,1,quantile,91.3458496356783
ILI incidence,CH,2026-08-12,2026-08-16,0.01,2,quantile,0
ILI incidence,CH,2026-08-12,2026-08-16,0.025,2,quantile,0
ILI incidence,CH,2026-08-12,2026-08-16,0.05,2,quantile,0
ILI incidence,CH,2026-08-12,2026-08-16,0.1,2,quantile,0.546373758600272
ILI incidence,CH,2026-08-12,2026-08-16,0.15,2,quantile,1.98460664120556
ILI incidence,CH,2026-08-12,2026-08-16,0.2,2,quantile,3.20645675602754
ILI incidence,CH,2026-08-12,2026-08-16,0.25,2,quantile,4.57272835472061
ILI incidence,CH,2026-08-12,2026-08-16,0.3,2,quantile,5.85480952848127
ILI incidence,CH,2026-08-12,2026-08-16,0.35,2,quantile,6.87441875562699
ILI incidence,CH,2026-08-12,2026-08-16,0.4,2,quantile,8.35617288777934
ILI incidence,CH,2026-08-12,2026-08-16,0.45,2,quantile,9.73198776939978
ILI incidence,CH,2026-08-12,2026-08-16,0.5,2,quantile,11.9927213627921
ILI incidence,CH,2026-08-12,2026-08-16,0.55,2,quantile,14.4188347534798
ILI incidence,CH,2026-08-12,2026-08-16,0.6,2,quantile,16.6791331735553
ILI incidence,CH,2026-08-12,2026-08-16,0.65,2,quantile,20.183652327611
ILI incidence,CH,2026-08-12,2026-08-16,0.7,2,quantile,23.1346536722156
ILI incidence,CH,2026-08-12,2026-08-16,0.75,2,quantile,26.4182692608304
ILI incidence,CH,2026-08-12,2026-08-16,0.8,2,quantile,32.008557107833
ILI incidence,CH,2026-08-12,2026-08-16,0.85,2,quantile,40.1396158938763
ILI incidence,CH,2026-08-12,2026-08-16,0.9,2,quantile,54.6278569045453
ILI incidence,CH,2026-08-12,2026-08-16,0.95,2,quantile,75.9755435381746
ILI incidence,CH,2026-08-12,2026-08-16,0.975,2,quantile,96.3334132060365
ILI incidence,CH,2026-08-12,2026-08-16,0.99,2,quantile,131.786314431136
ILI incidence,CH,2026-08-12,2026-08-23,0.01,3,quantile,0
ILI incidence,CH,2026-08-12,2026-08-23,0.025,3,quantile,0
ILI incidence,CH,2026-08-12,2026-08-23,0.05,3,quantile,0
ILI incidence,CH,2026-08-12,2026-08-23,0.1,3,quantile,0
ILI incidence,CH,2026-08-12,2026-08-23,0.15,3,quantile,1.12188391089672
ILI incidence,CH,2026-08-12,2026-08-23,0.2,3,quantile,2.60408708278533
ILI incidence,CH,2026-08-12,2026-08-23,0.25,3,quantile,3.79728764950653
ILI incidence,CH,2026-08-12,2026-08-23,0.3,3,quantile,5.44899529136911
ILI incidence,CH,2026-08-12,2026-08-23,0.35,3,quantile,7.15354505280182
ILI incidence,CH,2026-08-12,2026-08-23,0.4,3,quantile,8.80193560770921
ILI incidence,CH,2026-08-12,2026-08-23,0.45,3,quantile,10.3320793955202
ILI incidence,CH,2026-08-12,2026-08-23,0.5,3,quantile,13.2349663015822
ILI incidence,CH,2026-08-12,2026-08-23,0.55,3,quantile,16.1574455004325
ILI incidence,CH,2026-08-12,2026-08-23,0.6,3,quantile,18.9556973928381
ILI incidence,CH,2026-08-12,2026-08-23,0.65,3,quantile,22.4766446907814
ILI incidence,CH,2026-08-12,2026-08-23,0.7,3,quantile,25.9049648503295
ILI incidence,CH,2026-08-12,2026-08-23,0.75,3,quantile,32.8449305170927
ILI incidence,CH,2026-08-12,2026-08-23,0.8,3,quantile,41.7603354587153
ILI incidence,CH,2026-08-12,2026-08-23,0.85,3,quantile,53.6998470483204
ILI incidence,CH,2026-08-12,2026-08-23,0.9,3,quantile,72.9214490793065
ILI incidence,CH,2026-08-12,2026-08-23,0.95,3,quantile,110.130801462426
ILI incidence,CH,2026-08-12,2026-08-23,0.975,3,quantile,144.83265344439
ILI incidence,CH,2026-08-12,2026-08-23,0.99,3,quantile,200.12364239635
ILI incidence,CH,2026-08-12,2026-08-30,0.01,4,quantile,0
ILI incidence,CH,2026-08-12,2026-08-30,0.025,4,quantile,0
ILI incidence,CH,2026-08-12,2026-08-30,0.05,4,quantile,0
ILI incidence,CH,2026-08-12,2026-08-30,0.1,4,quantile,0
ILI incidence,CH,2026-08-12,2026-08-30,0.15,4,quantile,0
ILI incidence,CH,2026-08-12,2026-08-30,0.2,4,quantile,1.19297363775284
ILI incidence,CH,2026-08-12,2026-08-30,0.25,4,quantile,3.15991198474542
ILI incidence,CH,2026-08-12,2026-08-30,0.3,4,quantile,5.70032217995765
ILI incidence,CH,2026-08-12,2026-08-30,0.35,4,quantile,7.61704356927719
ILI incidence,CH,2026-08-12,2026-08-30,0.4,4,quantile,9.93945106298932
ILI incidence,CH,2026-08-12,2026-08-30,0.45,4,quantile,12.1124707816123
ILI incidence,CH,2026-08-12,2026-08-30,0.5,4,quantile,14.6612599351006
ILI incidence,CH,2026-08-12,2026-08-30,0.55,4,quantile,17.814584383464
ILI incidence,CH,2026-08-12,2026-08-30,0.6,4,quantile,22.5819426272036
ILI incidence,CH,2026-08-12,2026-08-30,0.65,4,quantile,27.3163441633131
ILI incidence,CH,2026-08-12,2026-08-30,0.7,4,quantile,33.6398481528818
ILI incidence,CH,2026-08-12,2026-08-30,0.75,4,quantile,40.841004214384
ILI incidence,CH,2026-08-12,2026-08-30,0.8,4,quantile,51.5306972883974
ILI incidence,CH,2026-08-12,2026-08-30,0.85,4,quantile,66.0863685198909
ILI incidence,CH,2026-08-12,2026-08-30,0.9,4,quantile,97.7422394060015
ILI incidence,CH,2026-08-12,2026-08-30,0.95,4,quantile,136.523056554508
ILI incidence,CH,2026-08-12,2026-08-30,0.975,4,quantile,184.331829815071
ILI incidence,CH,2026-08-12,2026-08-30,0.99,4,quantile,243.322542880186
ILI incidence,CH,2026-08-12,2026-08-09,,1,median,10.9246780138915
ILI incidence,CH,2026-08-12,2026-08-16,,2,median,11.9927213627921
ILI incidence,CH,2026-08-12,2026-08-23,,3,median,13.2349663015822
ILI incidence,CH,2026-08-12,2026-08-30,,4,median,14.6612599351006
ILI incidence,DK,2026-08-12,2026-08-09,0.01,1,quantile,42.209234771982
ILI incidence,DK,2026-08-12,2026-08-09,0.025,1,quantile,47.6246609792676
ILI incidence,DK,2026-08-12,2026-08-09,0.05,1,quantile,52.2671178154754
ILI incidence,DK,2026-08-12,2026-08-09,0.1,1,quantile,61.3080313633141
ILI incidence,DK,2026-08-12,2026-08-09,0.15,1,quantile,67.2924553917519
ILI incidence,DK,2026-08-12,2026-08-09,0.2,1,quantile,72.4997499650912
ILI incidence,DK,2026-08-12,2026-08-09,0.25,1,quantile,77.343008734598
ILI incidence,DK,2026-08-12,2026-08-09,0.3,1,quantile,81.5928197938964
ILI incidence,DK,2026-08-12,2026-08-09,0.35,1,quantile,86.0047160194286
ILI incidence,DK,2026-08-12,2026-08-09,0.4,1,quantile,89.0917271393568
ILI incidence,DK,2026-08-12,2026-08-09,0.45,1,quantile,94.1781767416738
ILI incidence,DK,2026-08-12,2026-08-09,0.5,1,quantile,98.8855358331186
ILI incidence,DK,2026-08-12,2026-08-09,0.55,1,quantile,103.783272924172
ILI incidence,DK,2026-08-12,2026-08-09,0.6,1,quantile,109.146782548794
ILI incidence,DK,2026-08-12,2026-08-09,0.65,1,quantile,113.506303695333
ILI incidence,DK,2026-08-12,2026-08-09,0.7,1,quantile,119.749305786687
ILI incidence,DK,2026-08-12,2026-08-09,0.75,1,quantile,127.582094703566
ILI incidence,DK,2026-08-12,2026-08-09,0.8,1,quantile,136.036494010522
ILI incidence,DK,2026-08-12,2026-08-09,0.85,1,quantile,145.688428362644
ILI incidence,DK,2026-08-12,2026-08-09,0.9,1,quantile,157.266750347051
ILI incidence,DK,2026-08-12,2026-08-09,0.95,1,quantile,176.399864686496
ILI incidence,DK,2026-08-12,2026-08-09,0.975,1,quantile,197.128068061726
ILI incidence,DK,2026-08-12,2026-08-09,0.99,1,quantile,220.805671594376
ILI incidence,DK,2026-08-12,2026-08-16,0.01,2,quantile,32.6790996944202
ILI incidence,DK,2026-08-12,2026-08-16,0.025,2,quantile,37.3640203682071
ILI incidence,DK,2026-08-12,2026-08-16,0.05,2,quantile,44.2232363926036
ILI incidence,DK,2026-08-12,2026-08-16,0.1,2,quantile,54.2961655776151
ILI incidence,DK,2026-08-12,2026-08-16,0.15,2,quantile,61.737249578826
ILI incidence,DK,2026-08-12,2026-08-16,0.2,2,quantile,67.324831364308
ILI incidence,DK,2026-08-12,2026-08-16,0.25,2,quantile,72.7306207551631
ILI incidence,DK,2026-08-12,2026-08-16,0.3,2,quantile,77.1726014999491
ILI incidence,DK,2026-08-12,2026-08-16,0.35,2,quantile,83.2161722502586
ILI incidence,DK,2026-08-12,2026-08-16,0.4,2,quantile,89.3432270398792
ILI incidence,DK,2026-08-12,2026-08-16,0.45,2,quantile,95.9966965619544
ILI incidence,DK,2026-08-12,2026-08-16,0.5,2,quantile,102.795117662084
ILI incidence,DK,2026-08-12,2026-08-16,0.55,2,quantile,111.557414739937
ILI incidence,DK,2026-08-12,2026-08-16,0.6,2,quantile,118.133506505747
ILI incidence,DK,2026-08-12,2026-08-16,0.65,2,quantile,126.932330408295
ILI incidence,DK,2026-08-12,2026-08-16,0.7,2,quantile,136.802343375364
ILI incidence,DK,2026-08-12,2026-08-16,0.75,2,quantile,149.061967769722
ILI incidence,DK,2026-08-12,2026-08-16,0.8,2,quantile,162.668384059642
ILI incidence,DK,2026-08-12,2026-08-16,0.85,2,quantile,183.788889762687
ILI incidence,DK,2026-08-12,2026-08-16,0.9,2,quantile,203.1253430028
ILI incidence,DK,2026-08-12,2026-08-16,0.95,2,quantile,237.129745802824
ILI incidence,DK,2026-08-12,2026-08-16,0.975,2,quantile,263.294763872884
ILI incidence,DK,2026-08-12,2026-08-16,0.99,2,quantile,306.411930051608
ILI incidence,DK,2026-08-12,2026-08-23,0.01,3,quantile,22.9590415410555
ILI incidence,DK,2026-08-12,2026-08-23,0.025,3,quantile,28.7085903997388
ILI incidence,DK,2026-08-12,2026-08-23,0.05,3,quantile,37.1470656680796
ILI incidence,DK,2026-08-12,2026-08-23,0.1,3,quantile,46.7620493025092
ILI incidence,DK,2026-08-12,2026-08-23,0.15,3,quantile,55.8471788998589
ILI incidence,DK,2026-08-12,2026-08-23,0.2,3,quantile,61.9337343624985
ILI incidence,DK,2026-08-12,2026-08-23,0.25,3,quantile,67.5707427337116
ILI incidence,DK,2026-08-12,2026-08-23,0.3,3,quantile,74.9435953101064
ILI incidence,DK,2026-08-12,2026-08-23,0.35,3,quantile,82.155092671326
ILI incidence,DK,2026-08-12,2026-08-23,0.4,3,quantile,88.9233156966302
ILI incidence,DK,2026-08-12,2026-08-23,0.45,3,quantile,96.0571627781139
ILI incidence,DK,2026-08-12,2026-08-23,0.5,3,quantile,105.11496495326
ILI incidence,DK,2026-08-12,2026-08-23,0.55,3,quantile,114.830571695116
ILI incidence,DK,2026-08-12,2026-08-23,0.6,3,quantile,126.237091596765
ILI incidence,DK,2026-08-12,2026-08-23,0.65,3,quantile,139.565363142513
ILI incidence,DK,2026-08-12,2026-08-23,0.7,3,quantile,149.805032059586
ILI incidence,DK,2026-08-12,2026-08-23,0.75,3,quantile,167.706287171725
ILI incidence,DK,2026-08-12,2026-08-23,0.8,3,quantile,186.542392544875
ILI incidence,DK,2026-08-12,2026-08-23,0.85,3,quantile,209.382401486384
ILI incidence,DK,2026-08-12,2026-08-23,0.9,3,quantile,243.712655750698
ILI incidence,DK,2026-08-12,2026-08-23,0.95,3,quantile,290.022222283033
ILI incidence,DK,2026-08-12,2026-08-23,0.975,3,quantile,347.145966965343
ILI incidence,DK,2026-08-12,2026-08-23,0.99,3,quantile,388.627686152977
ILI incidence,DK,2026-08-12,2026-08-30,0.01,4,quantile,17.4403362537708
ILI incidence,DK,2026-08-12,2026-08-30,0.025,4,quantile,23.2621393646136
ILI incidence,DK,2026-08-12,2026-08-30,0.05,4,quantile,27.8082597735145
ILI incidence,DK,2026-08-12,2026-08-30,0.1,4,quantile,37.5756035062327
ILI incidence,DK,2026-08-12,2026-08-30,0.15,4,quantile,45.6467784512586
ILI incidence,DK,2026-08-12,2026-08-30,0.2,4,quantile,52.7314214854226
ILI incidence,DK,2026-08-12,2026-08-30,0.25,4,quantile,60.6627877924878
ILI incidence,DK,2026-08-12,2026-08-30,0.3,4,quantile,67.4886517487968
ILI incidence,DK,2026-08-12,2026-08-30,0.35,4,quantile,76.6076646735516
ILI incidence,DK,2026-08-12,2026-08-30,0.4,4,quantile,85.6032476256534
ILI incidence,DK,2026-08-12,2026-08-30,0.45,4,quantile,94.7449385714334
ILI incidence,DK,2026-08-12,2026-08-30,0.5,4,quantile,106.171581302355
ILI incidence,DK,2026-08-12,2026-08-30,0.55,4,quantile,120.513544823515
ILI incidence,DK,2026-08-12,2026-08-30,0.6,4,quantile,135.942097487565
ILI incidence,DK,2026-08-12,2026-08-30,0.65,4,quantile,150.770549214223
ILI incidence,DK,2026-08-12,2026-08-30,0.7,4,quantile,165.434145759952
ILI incidence,DK,2026-08-12,2026-08-30,0.75,4,quantile,185.18041546394
ILI incidence,DK,2026-08-12,2026-08-30,0.8,4,quantile,207.942134494857
ILI incidence,DK,2026-08-12,2026-08-30,0.85,4,quantile,232.224095865502
ILI incidence,DK,2026-08-12,2026-08-30,0.9,4,quantile,268.11422376138
ILI incidence,DK,2026-08-12,2026-08-30,0.95,4,quantile,334.922862116867
ILI incidence,DK,2026-08-12,2026-08-30,0.975,4,quantile,393.84026029855
ILI incidence,DK,2026-08-12,2026-08-30,0.99,4,quantile,465.179036645936
ILI incidence,DK,2026-08-12,2026-08-09,,1,median,98.8855358331186
ILI incidence,DK,2026-08-12,2026-08-16,,2,median,102.795117662084
ILI incidence,DK,2026-08-12,2026-08-23,,3,median,105.11496495326
ILI incidence,DK,2026-08-12,2026-08-30,,4,median,106.171581302355
ILI incidence,EE,2026-08-12,2026-08-09,0.01,1,quantile,6.77863069110492
ILI incidence,EE,2026-08-12,2026-08-09,0.025,1,quantile,6.77863069110492
ILI incidence,EE,2026-08-12,2026-08-09,0.05,1,quantile,6.77863069110492
ILI incidence,EE,2026-08-12,2026-08-09,0.1,1,quantile,8.75733578115176
ILI incidence,EE,2026-08-12,2026-08-09,0.15,1,quantile,11.825132539354
ILI incidence,EE,2026-08-12,2026-08-09,0.2,1,quantile,14.8083976806182
ILI incidence,EE,2026-08-12,2026-08-09,0.25,1,quantile,17.8132619706438
ILI incidence,EE,2026-08-12,2026-08-09,0.3,1,quantile,21.1621681955866
ILI incidence,EE,2026-08-12,2026-08-09,0.35,1,quantile,23.7587249743678
ILI incidence,EE,2026-08-12,2026-08-09,0.4,1,quantile,27.8134508453647
ILI incidence,EE,2026-08-12,2026-08-09,0.45,1,quantile,33.469789603647
ILI incidence,EE,2026-08-12,2026-08-09,0.5,1,quantile,38.4768353065885
ILI incidence,EE,2026-08-12,2026-08-09,0.55,1,quantile,44.3226757669064
ILI incidence,EE,2026-08-12,2026-08-09,0.6,1,quantile,49.72643248661
ILI incidence,EE,2026-08-12,2026-08-09,0.65,1,quantile,55.3762522105221
ILI incidence,EE,2026-08-12,2026-08-09,0.7,1,quantile,62.3831641072855
ILI incidence,EE,2026-08-12,2026-08-09,0.75,1,quantile,71.7818527578569
ILI incidence,EE,2026-08-12,2026-08-09,0.8,1,quantile,79.0379022509297
ILI incidence,EE,2026-08-12,2026-08-09,0.85,1,quantile,94.2354197580779
ILI incidence,EE,2026-08-12,2026-08-09,0.9,1,quantile,120.534956597545
ILI incidence,EE,2026-08-12,2026-08-09,0.95,1,quantile,153.816894270728
ILI incidence,EE,2026-08-12,2026-08-09,0.975,1,quantile,195.567183780162
ILI incidence,EE,2026-08-12,2026-08-09,0.99,1,quantile,253.779098893288
ILI incidence,EE,2026-08-12,2026-08-16,0.01,2,quantile,11.438124323646
ILI incidence,EE,2026-08-12,2026-08-16,0.025,2,quantile,11.438124323646
ILI incidence,EE,2026-08-12,2026-08-16,0.05,2,quantile,11.438124323646
ILI incidence,EE,2026-08-12,2026-08-16,0.1,2,quantile,12.739231276282
ILI incidence,EE,2026-08-12,2026-08-16,0.15,2,quantile,14.3913278046189
ILI incidence,EE,2026-08-12,2026-08-16,0.2,2,quantile,17.1986489733362
ILI incidence,EE,2026-08-12,2026-08-16,0.25,2,quantile,19.6259493020378
ILI incidence,EE,2026-08-12,2026-08-16,0.3,2,quantile,22.5358452667936
ILI incidence,EE,2026-08-12,2026-08-16,0.35,2,quantile,25.3585501767884
ILI incidence,EE,2026-08-12,2026-08-16,0.4,2,quantile,29.3990268664038
ILI incidence,EE,2026-08-12,2026-08-16,0.45,2,quantile,33.9970224109992
ILI incidence,EE,2026-08-12,2026-08-16,0.5,2,quantile,38.940100375436
ILI incidence,EE,2026-08-12,2026-08-16,0.55,2,quantile,46.7971249915689
ILI incidence,EE,2026-08-12,2026-08-16,0.6,2,quantile,54.5336473658232
ILI incidence,EE,2026-08-12,2026-08-16,0.65,2,quantile,63.1398456928315
ILI incidence,EE,2026-08-12,2026-08-16,0.7,2,quantile,74.5405760266826
ILI incidence,EE,2026-08-12,2026-08-16,0.75,2,quantile,84.5995519686134
ILI incidence,EE,2026-08-12,2026-08-16,0.8,2,quantile,101.168048517409
ILI incidence,EE,2026-08-12,2026-08-16,0.85,2,quantile,126.633818474117
ILI incidence,EE,2026-08-12,2026-08-16,0.9,2,quantile,171.873819024771
ILI incidence,EE,2026-08-12,2026-08-16,0.95,2,quantile,247.923905243393
ILI incidence,EE,2026-08-12,2026-08-16,0.975,2,quantile,315.94453272508
ILI incidence,EE,2026-08-12,2026-08-16,0.99,2,quantile,407.268344762204
ILI incidence,EE,2026-08-12,2026-08-23,0.01,3,quantile,9.95596248706262
ILI incidence,EE,2026-08-12,2026-08-23,0.025,3,quantile,9.95596248706262
ILI incidence,EE,2026-08-12,2026-08-23,0.05,3,quantile,9.95596248706262
ILI incidence,EE,2026-08-12,2026-08-23,0.1,3,quantile,10.942032726718
ILI incidence,EE,2026-08-12,2026-08-23,0.15,3,quantile,12.9358924149918
ILI incidence,EE,2026-08-12,2026-08-23,0.2,3,quantile,15.4974266076207
ILI incidence,EE,2026-08-12,2026-08-23,0.25,3,quantile,18.2717288841101
ILI incidence,EE,2026-08-12,2026-08-23,0.3,3,quantile,21.0602725655279
ILI incidence,EE,2026-08-12,2026-08-23,0.35,3,quantile,24.9522511016405
ILI incidence,EE,2026-08-12,2026-08-23,0.4,3,quantile,29.2981311919399
ILI incidence,EE,2026-08-12,2026-08-23,0.45,3,quantile,34.0925397985828
ILI incidence,EE,2026-08-12,2026-08-23,0.5,3,quantile,39.9550260306151
ILI incidence,EE,2026-08-12,2026-08-23,0.55,3,quantile,46.5714729185424
ILI incidence,EE,2026-08-12,2026-08-23,0.6,3,quantile,56.603950775145
ILI incidence,EE,2026-08-12,2026-08-23,0.65,3,quantile,69.5509814760007
ILI incidence,EE,2026-08-12,2026-08-23,0.7,3,quantile,84.7320628527046
ILI incidence,EE,2026-08-12,2026-08-23,0.75,3,quantile,107.698146503083
ILI incidence,EE,2026-08-12,2026-08-23,0.8,3,quantile,125.672070638048
ILI incidence,EE,2026-08-12,2026-08-23,0.85,3,quantile,169.037352774151
ILI incidence,EE,2026-08-12,2026-08-23,0.9,3,quantile,233.838719018069
ILI incidence,EE,2026-08-12,2026-08-23,0.95,3,quantile,326.926393269672
ILI incidence,EE,2026-08-12,2026-08-23,0.975,3,quantile,441.730285851479
ILI incidence,EE,2026-08-12,2026-08-23,0.99,3,quantile,550.312603835451
ILI incidence,EE,2026-08-12,2026-08-30,0.01,4,quantile,10.9268108300172
ILI incidence,EE,2026-08-12,2026-08-30,0.025,4,quantile,10.9268108300172
ILI incidence,EE,2026-08-12,2026-08-30,0.05,4,quantile,10.9268108300172
ILI incidence,EE,2026-08-12,2026-08-30,0.1,4,quantile,12.0625101998657
ILI incidence,EE,2026-08-12,2026-08-30,0.15,4,quantile,14.0467673719165
ILI incidence,EE,2026-08-12,2026-08-30,0.2,4,quantile,16.9499503103059
ILI incidence,EE,2026-08-12,2026-08-30,0.25,4,quantile,19.3052084620301
ILI incidence,EE,2026-08-12,2026-08-30,0.3,4,quantile,21.8348603033771
ILI incidence,EE,2026-08-12,2026-08-30,0.35,4,quantile,24.7888012217479
ILI incidence,EE,2026-08-12,2026-08-30,0.4,4,quantile,28.2864466602742
ILI incidence,EE,2026-08-12,2026-08-30,0.45,4,quantile,33.0711436557837
ILI incidence,EE,2026-08-12,2026-08-30,0.5,4,quantile,41.4587692430832
ILI incidence,EE,2026-08-12,2026-08-30,0.55,4,quantile,51.6600344027193
ILI incidence,EE,2026-08-12,2026-08-30,0.6,4,quantile,62.20993276754
ILI incidence,EE,2026-08-12,2026-08-30,0.65,4,quantile,74.2468340229728
ILI incidence,EE,2026-08-12,2026-08-30,0.7,4,quantile,95.6849734664076
ILI incidence,EE,2026-08-12,2026-08-30,0.75,4,quantile,122.553578319331
ILI incidence,EE,2026-08-12,2026-08-30,0.8,4,quantile,161.651319905532
ILI incidence,EE,2026-08-12,2026-08-30,0.85,4,quantile,209.700853479699
ILI incidence,EE,2026-08-12,2026-08-30,0.9,4,quantile,296.338147354563
ILI incidence,EE,2026-08-12,2026-08-30,0.95,4,quantile,419.878318762772
ILI incidence,EE,2026-08-12,2026-08-30,0.975,4,quantile,633.1729085978
ILI incidence,EE,2026-08-12,2026-08-30,0.99,4,quantile,823.347492563091
ILI incidence,EE,2026-08-12,2026-08-09,,1,median,38.4768353065885
ILI incidence,EE,2026-08-12,2026-08-16,,2,median,38.940100375436
ILI incidence,EE,2026-08-12,2026-08-23,,3,median,39.9550260306151
ILI incidence,EE,2026-08-12,2026-08-30,,4,median,41.4587692430832
ILI incidence,ES,2026-08-12,2026-08-09,0.01,1,quantile,0
ILI incidence,ES,2026-08-12,2026-08-09,0.025,1,quantile,0
ILI incidence,ES,2026-08-12,2026-08-09,0.05,1,quantile,0
ILI incidence,ES,2026-08-12,2026-08-09,0.1,1,quantile,0
ILI incidence,ES,2026-08-12,2026-08-09,0.15,1,quantile,0.594053968241693
ILI incidence,ES,2026-08-12,2026-08-09,0.2,1,quantile,1.23158644633968
ILI incidence,ES,2026-08-12,2026-08-09,0.25,1,quantile,1.9732877525828
ILI incidence,ES,2026-08-12,2026-08-09,0.3,1,quantile,2.61819861983037
ILI incidence,ES,2026-08-12,2026-08-09,0.35,1,quantile,3.25380508821048
ILI incidence,ES,2026-08-12,2026-08-09,0.4,1,quantile,3.76397559249201
ILI incidence,ES,2026-08-12,2026-08-09,0.45,1,quantile,4.3847228347859
ILI incidence,ES,2026-08-12,2026-08-09,0.5,1,quantile,4.82964344366971
ILI incidence,ES,2026-08-12,2026-08-09,0.55,1,quantile,5.48424991433897
ILI incidence,ES,2026-08-12,2026-08-09,0.6,1,quantile,6.02269352568521
ILI incidence,ES,2026-08-12,2026-08-09,0.65,1,quantile,6.6450192684211
ILI incidence,ES,2026-08-12,2026-08-09,0.7,1,quantile,7.54389113301587
ILI incidence,ES,2026-08-12,2026-08-09,0.75,1,quantile,8.2877887302053
ILI incidence,ES,2026-08-12,2026-08-09,0.8,1,quantile,9.3446367581095
ILI incidence,ES,2026-08-12,2026-08-09,0.85,1,quantile,10.8367988499285
ILI incidence,ES,2026-08-12,2026-08-09,0.9,1,quantile,12.8976552519537
ILI incidence,ES,2026-08-12,2026-08-09,0.95,1,quantile,15.792012085377
ILI incidence,ES,2026-08-12,2026-08-09,0.975,1,quantile,19.0149510151554
ILI incidence,ES,2026-08-12,2026-08-09,0.99,1,quantile,21.5537078612021
ILI incidence,ES,2026-08-12,2026-08-16,0.01,2,quantile,0
ILI incidence,ES,2026-08-12,2026-08-16,0.025,2,quantile,0
ILI incidence,ES,2026-08-12,2026-08-16,0.05,2,quantile,0
ILI incidence,ES,2026-08-12,2026-08-16,0.1,2,quantile,0
ILI incidence,ES,2026-08-12,2026-08-16,0.15,2,quantile,0
ILI incidence,ES,2026-08-12,2026-08-16,0.2,2,quantile,0.625274372242219
ILI incidence,ES,2026-08-12,2026-08-16,0.25,2,quantile,1.40060716103703
ILI incidence,ES,2026-08-12,2026-08-16,0.3,2,quantile,2.08963106358119
ILI incidence,ES,2026-08-12,2026-08-16,0.35,2,quantile,2.86850803959221
ILI incidence,ES,2026-08-12,2026-08-16,0.4,2,quantile,3.66251308344607
ILI incidence,ES,2026-08-12,2026-08-16,0.45,2,quantile,4.39440116258951
ILI incidence,ES,2026-08-12,2026-08-16,0.5,2,quantile,5.41610728758076
ILI incidence,ES,2026-08-12,2026-08-16,0.55,2,quantile,6.33033485607364
ILI incidence,ES,2026-08-12,2026-08-16,0.6,2,quantile,7.36904741721401
ILI incidence,ES,2026-08-12,2026-08-16,0.65,2,quantile,8.49101042775369
ILI incidence,ES,2026-08-12,2026-08-16,0.7,2,quantile,9.657401332086
ILI incidence,ES,2026-08-12,2026-08-16,0.75,2,quantile,11.0057226298661
ILI incidence,ES,2026-08-12,2026-08-16,0.8,2,quantile,12.9421014732772
ILI incidence,ES,2026-08-12,2026-08-16,0.85,2,quantile,15.5505434527396
ILI incidence,ES,2026-08-12,2026-08-16,0.9,2,quantile,19.2575491897597
ILI incidence,ES,2026-08-12,2026-08-16,0.95,2,quantile,26.0703961165279
ILI incidence,ES,2026-08-12,2026-08-16,0.975,2,quantile,31.9368721676286
ILI incidence,ES,2026-08-12,2026-08-16,0.99,2,quantile,41.9582530130027
ILI incidence,ES,2026-08-12,2026-08-23,0.01,3,quantile,0
ILI incidence,ES,2026-08-12,2026-08-23,0.025,3,quantile,0
ILI incidence,ES,2026-08-12,2026-08-23,0.05,3,quantile,0
ILI incidence,ES,2026-08-12,2026-08-23,0.1,3,quantile,0
ILI incidence,ES,2026-08-12,2026-08-23,0.15,3,quantile,0
ILI incidence,ES,2026-08-12,2026-08-23,0.2,3,quantile,0
ILI incidence,ES,2026-08-12,2026-08-23,0.25,3,quantile,0.495300066394621
ILI incidence,ES,2026-08-12,2026-08-23,0.3,3,quantile,1.23573062682481
ILI incidence,ES,2026-08-12,2026-08-23,0.35,3,quantile,2.28922529646382
ILI incidence,ES,2026-08-12,2026-08-23,0.4,3,quantile,3.40860714368638
ILI incidence,ES,2026-08-12,2026-08-23,0.45,3,quantile,4.9421391616063
ILI incidence,ES,2026-08-12,2026-08-23,0.5,3,quantile,6.09641068983585
ILI incidence,ES,2026-08-12,2026-08-23,0.55,3,quantile,7.19775802640829
ILI incidence,ES,2026-08-12,2026-08-23,0.6,3,quantile,8.89267742789501
ILI incidence,ES,2026-08-12,2026-08-23,0.65,3,quantile,10.8871780066674
ILI incidence,ES,2026-08-12,2026-08-23,0.7,3,quantile,12.4336972171451
ILI incidence,ES,2026-08-12,2026-08-23,0.75,3,quantile,14.6363718493484
ILI incidence,ES,2026-08-12,2026-08-23,0.8,3,quantile,17.7287111368291
ILI incidence,ES,2026-08-12,2026-08-23,0.85,3,quantile,22.2817553405845
ILI incidence,ES,2026-08-12,2026-08-23,0.9,3,quantile,29.7765183730006
ILI incidence,ES,2026-08-12,2026-08-23,0.95,3,quantile,42.1014829359691
ILI incidence,ES,2026-08-12,2026-08-23,0.975,3,quantile,54.0787498462446
ILI incidence,ES,2026-08-12,2026-08-23,0.99,3,quantile,76.0534597083419
ILI incidence,ES,2026-08-12,2026-08-30,0.01,4,quantile,0
ILI incidence,ES,2026-08-12,2026-08-30,0.025,4,quantile,0
ILI incidence,ES,2026-08-12,2026-08-30,0.05,4,quantile,0
ILI incidence,ES,2026-08-12,2026-08-30,0.1,4,quantile,0
ILI incidence,ES,2026-08-12,2026-08-30,0.15,4,quantile,0
ILI incidence,ES,2026-08-12,2026-08-30,0.2,4,quantile,0
ILI incidence,ES,2026-08-12,2026-08-30,0.25,4,quantile,0
ILI incidence,ES,2026-08-12,2026-08-30,0.3,4,quantile,0.960534235509174
ILI incidence,ES,2026-08-12,2026-08-30,0.35,4,quantile,2.39551057047296
ILI incidence,ES,2026-08-12,2026-08-30,0.4,4,quantile,3.68026513074645
ILI incidence,ES,2026-08-12,2026-08-30,0.45,4,quantile,5.12835960560248
ILI incidence,ES,2026-08-12,2026-08-30,0.5,4,quantile,6.88070086830118
ILI incidence,ES,2026-08-12,2026-08-30,0.55,4,quantile,8.73780194612529
ILI incidence,ES,2026-08-12,2026-08-30,0.6,4,quantile,11.0980478158458
ILI incidence,ES,2026-08-12,2026-08-30,0.65,4,quantile,13.8386441521364
ILI incidence,ES,2026-08-12,2026-08-30,0.7,4,quantile,16.6338138098871
ILI incidence,ES,2026-08-12,2026-08-30,0.75,4,quantile,19.9997343218137
ILI incidence,ES,2026-08-12,2026-08-30,0.8,4,quantile,25.0858847397614
ILI incidence,ES,2026-08-12,2026-08-30,0.85,4,quantile,33.5871041839976
ILI incidence,ES,2026-08-12,2026-08-30,0.9,4,quantile,46.6664544799084
ILI incidence,ES,2026-08-12,2026-08-30,0.95,4,quantile,64.6774434078751
ILI incidence,ES,2026-08-12,2026-08-30,0.975,4,quantile,89.9118029272575
ILI incidence,ES,2026-08-12,2026-08-30,0.99,4,quantile,119.50894529651
ILI incidence,ES,2026-08-12,2026-08-09,,1,median,4.82964344366971
ILI incidence,ES,2026-08-12,2026-08-16,,2,median,5.41610728758076
ILI incidence,ES,2026-08-12,2026-08-23,,3,median,6.09641068983585
ILI incidence,ES,2026-08-12,2026-08-30,,4,median,6.88070086830118
ILI incidence,FI,2026-08-12,2026-08-09,0.01,1,quantile,0
ILI incidence,FI,2026-08-12,2026-08-09,0.025,1,quantile,0
ILI incidence,FI,2026-08-12,2026-08-09,0.05,1,quantile,0
ILI incidence,FI,2026-08-12,2026-08-09,0.1,1,quantile,0
ILI incidence,FI,2026-08-12,2026-08-09,0.15,1,quantile,0
ILI incidence,FI,2026-08-12,2026-08-09,0.2,1,quantile,0
ILI incidence,FI,2026-08-12,2026-08-09,0.25,1,quantile,0
ILI incidence,FI,2026-08-12,2026-08-09,0.3,1,quantile,0
ILI incidence,FI,2026-08-12,2026-08-09,0.35,1,quantile,0
ILI incidence,FI,2026-08-12,2026-08-09,0.4,1,quantile,4.95546660475942
ILI incidence,FI,2026-08-12,2026-08-09,0.45,1,quantile,9.88384523011169
ILI incidence,FI,2026-08-12,2026-08-09,0.5,1,quantile,16.0104019281628
ILI incidence,FI,2026-08-12,2026-08-09,0.55,1,quantile,22.6866887565787
ILI incidence,FI,2026-08-12,2026-08-09,0.6,1,quantile,31.6954009755457
ILI incidence,FI,2026-08-12,2026-08-09,0.65,1,quantile,44.8761950911059
ILI incidence,FI,2026-08-12,2026-08-09,0.7,1,quantile,58.1637181329903
ILI incidence,FI,2026-08-12,2026-08-09,0.75,1,quantile,71.7165289232934
ILI incidence,FI,2026-08-12,2026-08-09,0.8,1,quantile,89.383216619674
ILI incidence,FI,2026-08-12,2026-08-09,0.85,1,quantile,110.416866562209
ILI incidence,FI,2026-08-12,2026-08-09,0.9,1,quantile,145.637718177941
ILI incidence,FI,2026-08-12,2026-08-09,0.95,1,quantile,199.497678353081
ILI incidence,FI,2026-08-12,2026-08-09,0.975,1,quantile,269.582860334328
ILI incidence,FI,2026-08-12,2026-08-09,0.99,1,quantile,339.569419804415
ILI incidence,FI,2026-08-12,2026-08-16,0.01,2,quantile,0
ILI incidence,FI,2026-08-12,2026-08-16,0.025,2,quantile,0
ILI incidence,FI,2026-08-12,2026-08-16,0.05,2,quantile,0
ILI incidence,FI,2026-08-12,2026-08-16,0.1,2,quantile,0
ILI incidence,FI,2026-08-12,2026-08-16,0.15,2,quantile,0
ILI incidence,FI,2026-08-12,2026-08-16,0.2,2,quantile,0
ILI incidence,FI,2026-08-12,2026-08-16,0.25,2,quantile,0
ILI incidence,FI,2026-08-12,2026-08-16,0.3,2,quantile,0
ILI incidence,FI,2026-08-12,2026-08-16,0.35,2,quantile,0
ILI incidence,FI,2026-08-12,2026-08-16,0.4,2,quantile,4.03284004822742
ILI incidence,FI,2026-08-12,2026-08-16,0.45,2,quantile,10.9072681319061
ILI incidence,FI,2026-08-12,2026-08-16,0.5,2,quantile,17.8274194787028
ILI incidence,FI,2026-08-12,2026-08-16,0.55,2,quantile,26.0977597460148
ILI incidence,FI,2026-08-12,2026-08-16,0.6,2,quantile,35.7635134291756
ILI incidence,FI,2026-08-12,2026-08-16,0.65,2,quantile,46.5614832773963
ILI incidence,FI,2026-08-12,2026-08-16,0.7,2,quantile,60.116878310612
ILI incidence,FI,2026-08-12,2026-08-16,0.75,2,quantile,76.413233023837
ILI incidence,FI,2026-08-12,2026-08-16,0.8,2,quantile,101.709573367327
ILI incidence,FI,2026-08-12,2026-08-16,0.85,2,quantile,130.080758860282
ILI incidence,FI,2026-08-12,2026-08-16,0.9,2,quantile,171.159156753444
ILI incidence,FI,2026-08-12,2026-08-16,0.95,2,quantile,259.175079781828
ILI incidence,FI,2026-08-12,2026-08-16,0.975,2,quantile,358.240259183634
ILI incidence,FI,2026-08-12,2026-08-16,0.99,2,quantile,508.569023849318
ILI incidence,FI,2026-08-12,2026-08-23,0.01,3,quantile,0
ILI incidence,FI,2026-08-12,2026-08-23,0.025,3,quantile,0
ILI incidence,FI,2026-08-12,2026-08-23,0.05,3,quantile,0
ILI incidence,FI,2026-08-12,2026-08-23,0.1,3,quantile,0
ILI incidence,FI,2026-08-12,2026-08-23,0.15,3,quantile,0
ILI incidence,FI,2026-08-12,2026-08-23,0.2,3,quantile,0
ILI incidence,FI,2026-08-12,2026-08-23,0.25,3,quantile,0
ILI incidence,FI,2026-08-12,2026-08-23,0.3,3,quantile,0
ILI incidence,FI,2026-08-12,2026-08-23,0.35,3,quantile,0
ILI incidence,FI,2026-08-12,2026-08-23,0.4,3,quantile,4.18142603133329
ILI incidence,FI,2026-08-12,2026-08-23,0.45,3,quantile,11.0173834677632
ILI incidence,FI,2026-08-12,2026-08-23,0.5,3,quantile,19.9107197558015
ILI incidence,FI,2026-08-12,2026-08-23,0.55,3,quantile,28.5205828926695
ILI incidence,FI,2026-08-12,2026-08-23,0.6,3,quantile,37.7065890465462
ILI incidence,FI,2026-08-12,2026-08-23,0.65,3,quantile,49.8252675878226
ILI incidence,FI,2026-08-12,2026-08-23,0.7,3,quantile,71.2255072392959
ILI incidence,FI,2026-08-12,2026-08-23,0.75,3,quantile,92.4948676128893
ILI incidence,FI,2026-08-12,2026-08-23,0.8,3,quantile,114.207243106883
ILI incidence,FI,2026-08-12,2026-08-23,0.85,3,quantile,155.908258015859
ILI incidence,FI,2026-08-12,2026-08-23,0.9,3,quantile,222.629812416753
ILI incidence,FI,2026-08-12,2026-08-23,0.95,3,quantile,345.212336220553
ILI incidence,FI,2026-08-12,2026-08-23,0.975,3,quantile,486.868003964073
ILI incidence,FI,2026-08-12,2026-08-23,0.99,3,quantile,657.606448511047
ILI incidence,FI,2026-08-12,2026-08-30,0.01,4,quantile,0
ILI incidence,FI,2026-08-12,2026-08-30,0.025,4,quantile,0
ILI incidence,FI,2026-08-12,2026-08-30,0.05,4,quantile,0
ILI incidence,FI,2026-08-12,2026-08-30,0.1,4,quantile,0
ILI incidence,FI,2026-08-12,2026-08-30,0.15,4,quantile,0
ILI incidence,FI,2026-08-12,2026-08-30,0.2,4,quantile,0
ILI incidence,FI,2026-08-12,2026-08-30,0.25,4,quantile,0
ILI incidence,FI,2026-08-12,2026-08-30,0.3,4,quantile,0
ILI incidence,FI,2026-08-12,2026-08-30,0.35,4,quantile,0.0476388529526758
ILI incidence,FI,2026-08-12,2026-08-30,0.4,4,quantile,7.48649329680053
ILI incidence,FI,2026-08-12,2026-08-30,0.45,4,quantile,14.2968490370732
ILI incidence,FI,2026-08-12,2026-08-30,0.5,4,quantile,22.2938816796049
ILI incidence,FI,2026-08-12,2026-08-30,0.55,4,quantile,35.1283427892957
ILI incidence,FI,2026-08-12,2026-08-30,0.6,4,quantile,47.4696777155262
ILI incidence,FI,2026-08-12,2026-08-30,0.65,4,quantile,60.4996285747174
ILI incidence,FI,2026-08-12,2026-08-30,0.7,4,quantile,83.21060445794
ILI incidence,FI,2026-08-12,2026-08-30,0.75,4,quantile,112.417375226856
ILI incidence,FI,2026-08-12,2026-08-30,0.8,4,quantile,145.28349476899
ILI incidence,FI,2026-08-12,2026-08-30,0.85,4,quantile,197.863957252262
ILI incidence,FI,2026-08-12,2026-08-30,0.9,4,quantile,274.517645449324
ILI incidence,FI,2026-08-12,2026-08-30,0.95,4,quantile,433.762134907215
ILI incidence,FI,2026-08-12,2026-08-30,0.975,4,quantile,597.629583280996
ILI incidence,FI,2026-08-12,2026-08-30,0.99,4,quantile,770.033507071334
ILI incidence,FI,2026-08-12,2026-08-09,,1,median,16.0104019281628
ILI incidence,FI,2026-08-12,2026-08-16,,2,median,17.8274194787028
ILI incidence,FI,2026-08-12,2026-08-23,,3,median,19.9107197558015
ILI incidence,FI,2026-08-12,2026-08-30,,4,median,22.2938816796049
ILI incidence,FR,2026-08-12,2026-08-09,0.01,1,quantile,4.93061914333977
ILI incidence,FR,2026-08-12,2026-08-09,0.025,1,quantile,5.9572257508744
ILI incidence,FR,2026-08-12,2026-08-09,0.05,1,quantile,7.63207146159955
ILI incidence,FR,2026-08-12,2026-08-09,0.1,1,quantile,10.8887506754361
ILI incidence,FR,2026-08-12,2026-08-09,0.15,1,quantile,13.3071459777179
ILI incidence,FR,2026-08-12,2026-08-09,0.2,1,quantile,15.3944860661783
ILI incidence,FR,2026-08-12,2026-08-09,0.25,1,quantile,17.2464689654615
ILI incidence,FR,2026-08-12,2026-08-09,0.3,1,quantile,19.9272533181075
ILI incidence,FR,2026-08-12,2026-08-09,0.35,1,quantile,23.7397239126187
ILI incidence,FR,2026-08-12,2026-08-09,0.4,1,quantile,29.5379671663879
ILI incidence,FR,2026-08-12,2026-08-09,0.45,1,quantile,40.4679485976133
ILI incidence,FR,2026-08-12,2026-08-09,0.5,1,quantile,55.0402738674762
ILI incidence,FR,2026-08-12,2026-08-09,0.55,1,quantile,67.3486727753936
ILI incidence,FR,2026-08-12,2026-08-09,0.6,1,quantile,82.1372579698662
ILI incidence,FR,2026-08-12,2026-08-09,0.65,1,quantile,101.76848162812
ILI incidence,FR,2026-08-12,2026-08-09,0.7,1,quantile,122.603878078842
ILI incidence,FR,2026-08-12,2026-08-09,0.75,1,quantile,148.252050201529
ILI incidence,FR,2026-08-12,2026-08-09,0.8,1,quantile,171.444603021984
ILI incidence,FR,2026-08-12,2026-08-09,0.85,1,quantile,199.051132402959
ILI incidence,FR,2026-08-12,2026-08-09,0.9,1,quantile,236.450155780579
ILI incidence,FR,2026-08-12,2026-08-09,0.95,1,quantile,293.197893619746
ILI incidence,FR,2026-08-12,2026-08-09,0.975,1,quantile,349.049199987343
ILI incidence,FR,2026-08-12,2026-08-09,0.99,1,quantile,394.12638721243
ILI incidence,FR,2026-08-12,2026-08-16,0.01,2,quantile,6.38150395138859
ILI incidence,FR,2026-08-12,2026-08-16,0.025,2,quantile,9.43764438223089
ILI incidence,FR,2026-08-12,2026-08-16,0.05,2,quantile,12.1523528144705
ILI incidence,FR,2026-08-12,2026-08-16,0.1,2,quantile,16.3370063863799
ILI incidence,FR,2026-08-12,2026-08-16,0.15,2,quantile,18.9185696496014
ILI incidence,FR,2026-08-12,2026-08-16,0.2,2,quantile,22.0475339206851
ILI incidence,FR,2026-08-12,2026-08-16,0.25,2,quantile,25.9306901841598
ILI incidence,FR,2026-08-12,2026-08-16,0.3,2,quantile,29.3016423043297
ILI incidence,FR,2026-08-12,2026-08-16,0.35,2,quantile,33.307638336326
ILI incidence,FR,2026-08-12,2026-08-16,0.4,2,quantile,38.2677866507035
ILI incidence,FR,2026-08-12,2026-08-16,0.45,2,quantile,47.2302856452772
ILI incidence,FR,2026-08-12,2026-08-16,0.5,2,quantile,60.3232635393106
ILI incidence,FR,2026-08-12,2026-08-16,0.55,2,quantile,74.6253409803556
ILI incidence,FR,2026-08-12,2026-08-16,0.6,2,quantile,91.3113591548958
ILI incidence,FR,2026-08-12,2026-08-16,0.65,2,quantile,107.317982393764
ILI incidence,FR,2026-08-12,2026-08-16,0.7,2,quantile,131.49133801346
ILI incidence,FR,2026-08-12,2026-08-16,0.75,2,quantile,169.106635735481
ILI incidence,FR,2026-08-12,2026-08-16,0.8,2,quantile,203.613710412116
ILI incidence,FR,2026-08-12,2026-08-16,0.85,2,quantile,247.017152751669
ILI incidence,FR,2026-08-12,2026-08-16,0.9,2,quantile,295.142455226807
ILI incidence,FR,2026-08-12,2026-08-16,0.95,2,quantile,362.107796921399
ILI incidence,FR,2026-08-12,2026-08-16,0.975,2,quantile,458.281057545276
ILI incidence,FR,2026-08-12,2026-08-16,0.99,2,quantile,516.468401113736
ILI incidence,FR,2026-08-12,2026-08-23,0.01,3,quantile,6.82189078661802
ILI incidence,FR,2026-08-12,2026-08-23,0.025,3,quantile,9.82905560936125
ILI incidence,FR,2026-08-12,2026-08-23,0.05,3,quantile,13.0825736532668
ILI incidence,FR,2026-08-12,2026-08-23,0.1,3,quantile,17.0134561276212
ILI incidence,FR,2026-08-12,2026-08-23,0.15,3,quantile,20.8052376242123
ILI incidence,FR,2026-08-12,2026-08-23,0.2,3,quantile,25.438599219339
ILI incidence,FR,2026-08-12,2026-08-23,0.25,3,quantile,29.7145717122869
ILI incidence,FR,2026-08-12,2026-08-23,0.3,3,quantile,33.5068226651013
ILI incidence,FR,2026-08-12,2026-08-23,0.35,3,quantile,38.8421886292168
ILI incidence,FR,2026-08-12,2026-08-23,0.4,3,quantile,45.5708803223545
ILI incidence,FR,2026-08-12,2026-08-23,0.45,3,quantile,54.8089155641521
ILI incidence,FR,2026-08-12,2026-08-23,0.5,3,quantile,65.9507369214548
ILI incidence,FR,2026-08-12,2026-08-23,0.55,3,quantile,79.702328487303
ILI incidence,FR,2026-08-12,2026-08-23,0.6,3,quantile,96.6420800774764
ILI incidence,FR,2026-08-12,2026-08-23,0.65,3,quantile,114.597472682259
ILI incidence,FR,2026-08-12,2026-08-23,0.7,3,quantile,140.877643166654
ILI incidence,FR,2026-08-12,2026-08-23,0.75,3,quantile,177.332825052678
ILI incidence,FR,2026-08-12,2026-08-23,0.8,3,quantile,222.067068769069
ILI incidence,FR,2026-08-12,2026-08-23,0.85,3,quantile,280.796290271429
ILI incidence,FR,2026-08-12,2026-08-23,0.9,3,quantile,352.033145816497
ILI incidence,FR,2026-08-12,2026-08-23,0.95,3,quantile,444.450099315881
ILI incidence,FR,2026-08-12,2026-08-23,0.975,3,quantile,510.203493232646
ILI incidence,FR,2026-08-12,2026-08-23,0.99,3,quantile,595.051944751979
ILI incidence,FR,2026-08-12,2026-08-30,0.01,4,quantile,2.61212102386214
ILI incidence,FR,2026-08-12,2026-08-30,0.025,4,quantile,5.74687819738961
ILI incidence,FR,2026-08-12,2026-08-30,0.05,4,quantile,10.3613497446638
ILI incidence,FR,2026-08-12,2026-08-30,0.1,4,quantile,15.020503756143
ILI incidence,FR,2026-08-12,2026-08-30,0.15,4,quantile,19.5285772885378
ILI incidence,FR,2026-08-12,2026-08-30,0.2,4,quantile,24.0791797732388
ILI incidence,FR,2026-08-12,2026-08-30,0.25,4,quantile,29.347111667196
ILI incidence,FR,2026-08-12,2026-08-30,0.3,4,quantile,35.0378496107687
ILI incidence,FR,2026-08-12,2026-08-30,0.35,4,quantile,40.9889985752974
ILI incidence,FR,2026-08-12,2026-08-30,0.4,4,quantile,50.712021233127
ILI incidence,FR,2026-08-12,2026-08-30,0.45,4,quantile,61.6167513407113
ILI incidence,FR,2026-08-12,2026-08-30,0.5,4,quantile,71.8919522969736
ILI incidence,FR,2026-08-12,2026-08-30,0.55,4,quantile,85.3941080861638
ILI incidence,FR,2026-08-12,2026-08-30,0.6,4,quantile,102.701757705755
ILI incidence,FR,2026-08-12,2026-08-30,0.65,4,quantile,118.740186532495
ILI incidence,FR,2026-08-12,2026-08-30,0.7,4,quantile,155.938645373447
ILI incidence,FR,2026-08-12,2026-08-30,0.75,4,quantile,196.615187557602
ILI incidence,FR,2026-08-12,2026-08-30,0.8,4,quantile,231.155830584702
ILI incidence,FR,2026-08-12,2026-08-30,0.85,4,quantile,294.749369946385
ILI incidence,FR,2026-08-12,2026-08-30,0.9,4,quantile,371.414064048738
ILI incidence,FR,2026-08-12,2026-08-30,0.95,4,quantile,493.684795484974
ILI incidence,FR,2026-08-12,2026-08-30,0.975,4,quantile,564.337459858751
ILI incidence,FR,2026-08-12,2026-08-30,0.99,4,quantile,627.683259101138
ILI incidence,FR,2026-08-12,2026-08-09,,1,median,55.0402738674762
ILI incidence,FR,2026-08-12,2026-08-16,,2,median,60.3232635393106
ILI incidence,FR,2026-08-12,2026-08-23,,3,median,65.9507369214548
ILI incidence,FR,2026-08-12,2026-08-30,,4,median,71.8919522969736
ILI incidence,GB-ENG,2026-08-12,2026-08-09,0.01,1,quantile,0
ILI incidence,GB-ENG,2026-08-12,2026-08-09,0.025,1,quantile,0
ILI incidence,GB-ENG,2026-08-12,2026-08-09,0.05,1,quantile,0.000511380693343515
ILI incidence,GB-ENG,2026-08-12,2026-08-09,0.1,1,quantile,0.199822260785714
ILI incidence,GB-ENG,2026-08-12,2026-08-09,0.15,1,quantile,0.388978409089817
ILI incidence,GB-ENG,2026-08-12,2026-08-09,0.2,1,quantile,0.511288076866869
ILI incidence,GB-ENG,2026-08-12,2026-08-09,0.25,1,quantile,0.619601662917947
ILI incidence,GB-ENG,2026-08-12,2026-08-09,0.3,1,quantile,0.726238388753934
ILI incidence,GB-ENG,2026-08-12,2026-08-09,0.35,1,quantile,0.836873661366709
ILI incidence,GB-ENG,2026-08-12,2026-08-09,0.4,1,quantile,0.954099989677018
ILI incidence,GB-ENG,2026-08-12,2026-08-09,0.45,1,quantile,1.0805970434177
ILI incidence,GB-ENG,2026-08-12,2026-08-09,0.5,1,quantile,1.18309748998628
ILI incidence,GB-ENG,2026-08-12,2026-08-09,0.55,1,quantile,1.2881241012541
ILI incidence,GB-ENG,2026-08-12,2026-08-09,0.6,1,quantile,1.4417847610714
ILI incidence,GB-ENG,2026-08-12,2026-08-09,0.65,1,quantile,1.57288149500478
ILI incidence,GB-ENG,2026-08-12,2026-08-09,0.7,1,quantile,1.76661258898708
ILI incidence,GB-ENG,2026-08-12,2026-08-09,0.75,1,quantile,1.99455464801827
ILI incidence,GB-ENG,2026-08-12,2026-08-09,0.8,1,quantile,2.20218749726588
ILI incidence,GB-ENG,2026-08-12,2026-08-09,0.85,1,quantile,2.49952848794618
ILI incidence,GB-ENG,2026-08-12,2026-08-09,0.9,1,quantile,2.94933360190014
ILI incidence,GB-ENG,2026-08-12,2026-08-09,0.95,1,quantile,3.88772680234123
ILI incidence,GB-ENG,2026-08-12,2026-08-09,0.975,1,quantile,4.96261832132067
ILI incidence,GB-ENG,2026-08-12,2026-08-09,0.99,1,quantile,5.68544077205767
ILI incidence,GB-ENG,2026-08-12,2026-08-16,0.01,2,quantile,0
ILI incidence,GB-ENG,2026-08-12,2026-08-16,0.025,2,quantile,0
ILI incidence,GB-ENG,2026-08-12,2026-08-16,0.05,2,quantile,0.0135590787479581
ILI incidence,GB-ENG,2026-08-12,2026-08-16,0.1,2,quantile,0.210962253967146
ILI incidence,GB-ENG,2026-08-12,2026-08-16,0.15,2,quantile,0.437459381548047
ILI incidence,GB-ENG,2026-08-12,2026-08-16,0.2,2,quantile,0.550187991563891
ILI incidence,GB-ENG,2026-08-12,2026-08-16,0.25,2,quantile,0.684977189026826
ILI incidence,GB-ENG,2026-08-12,2026-08-16,0.3,2,quantile,0.816541542670652
ILI incidence,GB-ENG,2026-08-12,2026-08-16,0.35,2,quantile,0.917962003772012
ILI incidence,GB-ENG,2026-08-12,2026-08-16,0.4,2,quantile,1.01876497514881
ILI incidence,GB-ENG,2026-08-12,2026-08-16,0.45,2,quantile,1.15652734136064
ILI incidence,GB-ENG,2026-08-12,2026-08-16,0.5,2,quantile,1.27535732813294
ILI incidence,GB-ENG,2026-08-12,2026-08-16,0.55,2,quantile,1.41762736573571
ILI incidence,GB-ENG,2026-08-12,2026-08-16,0.6,2,quantile,1.57350684711081
ILI incidence,GB-ENG,2026-08-12,2026-08-16,0.65,2,quantile,1.76977305427429
ILI incidence,GB-ENG,2026-08-12,2026-08-16,0.7,2,quantile,2.04977353555117
ILI incidence,GB-ENG,2026-08-12,2026-08-16,0.75,2,quantile,2.3324411285337
ILI incidence,GB-ENG,2026-08-12,2026-08-16,0.8,2,quantile,2.92266752382401
ILI incidence,GB-ENG,2026-08-12,2026-08-16,0.85,2,quantile,3.42823862491784
ILI incidence,GB-ENG,2026-08-12,2026-08-16,0.9,2,quantile,4.26015131870571
ILI incidence,GB-ENG,2026-08-12,2026-08-16,0.95,2,quantile,6.21969836263911
ILI incidence,GB-ENG,2026-08-12,2026-08-16,0.975,2,quantile,8.1076974251817
ILI incidence,GB-ENG,2026-08-12,2026-08-16,0.99,2,quantile,10.0839605415298
ILI incidence,GB-ENG,2026-08-12,2026-08-23,0.01,3,quantile,0
ILI incidence,GB-ENG,2026-08-12,2026-08-23,0.025,3,quantile,0
ILI incidence,GB-ENG,2026-08-12,2026-08-23,0.05,3,quantile,0
ILI incidence,GB-ENG,2026-08-12,2026-08-23,0.1,3,quantile,0.183193447037048
ILI incidence,GB-ENG,2026-08-12,2026-08-23,0.15,3,quantile,0.344383345319769
ILI incidence,GB-ENG,2026-08-12,2026-08-23,0.2,3,quantile,0.530789790788439
ILI incidence,GB-ENG,2026-08-12,2026-08-23,0.25,3,quantile,0.662936696049067
ILI incidence,GB-ENG,2026-08-12,2026-08-23,0.3,3,quantile,0.813483123073949
ILI incidence,GB-ENG,2026-08-12,2026-08-23,0.35,3,quantile,0.947159796353496
ILI incidence,GB-ENG,2026-08-12,2026-08-23,0.4,3,quantile,1.08837566160016
ILI incidence,GB-ENG,2026-08-12,2026-08-23,0.45,3,quantile,1.21516701762916
ILI incidence,GB-ENG,2026-08-12,2026-08-23,0.5,3,quantile,1.38237700249277
ILI incidence,GB-ENG,2026-08-12,2026-08-23,0.55,3,quantile,1.60590173080887
ILI incidence,GB-ENG,2026-08-12,2026-08-23,0.6,3,quantile,1.83657028976724
ILI incidence,GB-ENG,2026-08-12,2026-08-23,0.65,3,quantile,2.05675624897208
ILI incidence,GB-ENG,2026-08-12,2026-08-23,0.7,3,quantile,2.39389358856312
ILI incidence,GB-ENG,2026-08-12,2026-08-23,0.75,3,quantile,2.73007132030824
ILI incidence,GB-ENG,2026-08-12,2026-08-23,0.8,3,quantile,3.27464589658972
ILI incidence,GB-ENG,2026-08-12,2026-08-23,0.85,3,quantile,4.19167733558077
ILI incidence,GB-ENG,2026-08-12,2026-08-23,0.9,3,quantile,6.33587991916545
ILI incidence,GB-ENG,2026-08-12,2026-08-23,0.95,3,quantile,8.93250710241913
ILI incidence,GB-ENG,2026-08-12,2026-08-23,0.975,3,quantile,10.8267555605748
ILI incidence,GB-ENG,2026-08-12,2026-08-23,0.99,3,quantile,14.1551020995224
ILI incidence,GB-ENG,2026-08-12,2026-08-30,0.01,4,quantile,0
ILI incidence,GB-ENG,2026-08-12,2026-08-30,0.025,4,quantile,0
ILI incidence,GB-ENG,2026-08-12,2026-08-30,0.05,4,quantile,0
ILI incidence,GB-ENG,2026-08-12,2026-08-30,0.1,4,quantile,0.148930185047609
ILI incidence,GB-ENG,2026-08-12,2026-08-30,0.15,4,quantile,0.343320665281371
ILI incidence,GB-ENG,2026-08-12,2026-08-30,0.2,4,quantile,0.509454419287277
ILI incidence,GB-ENG,2026-08-12,2026-08-30,0.25,4,quantile,0.634860914653663
ILI incidence,GB-ENG,2026-08-12,2026-08-30,0.3,4,quantile,0.795945781086535
ILI incidence,GB-ENG,2026-08-12,2026-08-30,0.35,4,quantile,0.944202841024644
ILI incidence,GB-ENG,2026-08-12,2026-08-30,0.4,4,quantile,1.10620230119199
ILI incidence,GB-ENG,2026-08-12,2026-08-30,0.45,4,quantile,1.26585082974284
ILI incidence,GB-ENG,2026-08-12,2026-08-30,0.5,4,quantile,1.50457746127043
ILI incidence,GB-ENG,2026-08-12,2026-08-30,0.55,4,quantile,1.74404650911759
ILI incidence,GB-ENG,2026-08-12,2026-08-30,0.6,4,quantile,2.20403479197444
ILI incidence,GB-ENG,2026-08-12,2026-08-30,0.65,4,quantile,2.51559837522303
ILI incidence,GB-ENG,2026-08-12,2026-08-30,0.7,4,quantile,3.10243522277184
ILI incidence,GB-ENG,2026-08-12,2026-08-30,0.75,4,quantile,3.74389191285284
ILI incidence,GB-ENG,2026-08-12,2026-08-30,0.8,4,quantile,4.65295381682477
ILI incidence,GB-ENG,2026-08-12,2026-08-30,0.85,4,quantile,5.97099747276952
ILI incidence,GB-ENG,2026-08-12,2026-08-30,0.9,4,quantile,7.998239682644
ILI incidence,GB-ENG,2026-08-12,2026-08-30,0.95,4,quantile,12.1177015456059
ILI incidence,GB-ENG,2026-08-12,2026-08-30,0.975,4,quantile,14.8062325267418
ILI incidence,GB-ENG,2026-08-12,2026-08-30,0.99,4,quantile,19.1372987637017
ILI incidence,GB-ENG,2026-08-12,2026-08-09,,1,median,1.18309748998628
ILI incidence,GB-ENG,2026-08-12,2026-08-16,,2,median,1.27535732813294
ILI incidence,GB-ENG,2026-08-12,2026-08-23,,3,median,1.38237700249277
ILI incidence,GB-ENG,2026-08-12,2026-08-30,,4,median,1.50457746127043
ILI incidence,GB-NIR,2026-08-12,2026-08-09,0.01,1,quantile,0.119278585527877
ILI incidence,GB-NIR,2026-08-12,2026-08-09,0.025,1,quantile,0.119278585527877
ILI incidence,GB-NIR,2026-08-12,2026-08-09,0.05,1,quantile,0.119278585527877
ILI incidence,GB-NIR,2026-08-12,2026-08-09,0.1,1,quantile,0.219064834925398
ILI incidence,GB-NIR,2026-08-12,2026-08-09,0.15,1,quantile,0.373065235822297
ILI incidence,GB-NIR,2026-08-12,2026-08-09,0.2,1,quantile,0.543158009335956
ILI incidence,GB-NIR,2026-08-12,2026-08-09,0.25,1,quantile,0.659215570398096
ILI incidence,GB-NIR,2026-08-12,2026-08-09,0.3,1,quantile,0.83525071951819
ILI incidence,GB-NIR,2026-08-12,2026-08-09,0.35,1,quantile,0.994490652676442
ILI incidence,GB-NIR,2026-08-12,2026-08-09,0.4,1,quantile,1.20722520922686
ILI incidence,GB-NIR,2026-08-12,2026-08-09,0.45,1,quantile,1.40907434946245
ILI incidence,GB-NIR,2026-08-12,2026-08-09,0.5,1,quantile,1.63139623611102
ILI incidence,GB-NIR,2026-08-12,2026-08-09,0.55,1,quantile,1.89687549146555
ILI incidence,GB-NIR,2026-08-12,2026-08-09,0.6,1,quantile,2.12364270348331
ILI incidence,GB-NIR,2026-08-12,2026-08-09,0.65,1,quantile,2.48480294672405
ILI incidence,GB-NIR,2026-08-12,2026-08-09,0.7,1,quantile,2.82328447130219
ILI incidence,GB-NIR,2026-08-12,2026-08-09,0.75,1,quantile,3.18866574849529
ILI incidence,GB-NIR,2026-08-12,2026-08-09,0.8,1,quantile,3.71332071441496
ILI incidence,GB-NIR,2026-08-12,2026-08-09,0.85,1,quantile,4.54090815201951
ILI incidence,GB-NIR,2026-08-12,2026-08-09,0.9,1,quantile,5.49194707595026
ILI incidence,GB-NIR,2026-08-12,2026-08-09,0.95,1,quantile,7.22675833321835
ILI incidence,GB-NIR,2026-08-12,2026-08-09,0.975,1,quantile,9.76732912342507
ILI incidence,GB-NIR,2026-08-12,2026-08-09,0.99,1,quantile,11.7425541763594
ILI incidence,GB-NIR,2026-08-12,2026-08-16,0.01,2,quantile,0.0220208681469483
ILI incidence,GB-NIR,2026-08-12,2026-08-16,0.025,2,quantile,0.0220208681469483
ILI incidence,GB-NIR,2026-08-12,2026-08-16,0.05,2,quantile,0.0220208681469483
ILI incidence,GB-NIR,2026-08-12,2026-08-16,0.1,2,quantile,0.117221625726633
ILI incidence,GB-NIR,2026-08-12,2026-08-16,0.15,2,quantile,0.257985991400122
ILI incidence,GB-NIR,2026-08-12,2026-08-16,0.2,2,quantile,0.43977997988867
ILI incidence,GB-NIR,2026-08-12,2026-08-16,0.25,2,quantile,0.569834503048152
ILI incidence,GB-NIR,2026-08-12,2026-08-16,0.3,2,quantile,0.772631531772733
ILI incidence,GB-NIR,2026-08-12,2026-08-16,0.35,2,quantile,0.937552031748543
ILI incidence,GB-NIR,2026-08-12,2026-08-16,0.4,2,quantile,1.16525965092634
ILI incidence,GB-NIR,2026-08-12,2026-08-16,0.45,2,quantile,1.46601149719792
ILI incidence,GB-NIR,2026-08-12,2026-08-16,0.5,2,quantile,1.80682726606737
ILI incidence,GB-NIR,2026-08-12,2026-08-16,0.55,2,quantile,2.11944343650576
ILI incidence,GB-NIR,2026-08-12,2026-08-16,0.6,2,quantile,2.49191582468293
ILI incidence,GB-NIR,2026-08-12,2026-08-16,0.65,2,quantile,3.03940931372203
ILI incidence,GB-NIR,2026-08-12,2026-08-16,0.7,2,quantile,3.67295036204461
ILI incidence,GB-NIR,2026-08-12,2026-08-16,0.75,2,quantile,4.38363495644751
ILI incidence,GB-NIR,2026-08-12,2026-08-16,0.8,2,quantile,5.43668594203283
ILI incidence,GB-NIR,2026-08-12,2026-08-16,0.85,2,quantile,6.74459827297299
ILI incidence,GB-NIR,2026-08-12,2026-08-16,0.9,2,quantile,9.21256560012781
ILI incidence,GB-NIR,2026-08-12,2026-08-16,0.95,2,quantile,12.3697682117915
ILI incidence,GB-NIR,2026-08-12,2026-08-16,0.975,2,quantile,16.5426041235305
ILI incidence,GB-NIR,2026-08-12,2026-08-16,0.99,2,quantile,21.7164704743761
ILI incidence,GB-NIR,2026-08-12,2026-08-23,0.01,3,quantile,0
ILI incidence,GB-NIR,2026-08-12,2026-08-23,0.025,3,quantile,0
ILI incidence,GB-NIR,2026-08-12,2026-08-23,0.05,3,quantile,0
ILI incidence,GB-NIR,2026-08-12,2026-08-23,0.1,3,quantile,0.0740763722853212
ILI incidence,GB-NIR,2026-08-12,2026-08-23,0.15,3,quantile,0.216093583362366
ILI incidence,GB-NIR,2026-08-12,2026-08-23,0.2,3,quantile,0.373172272728349
ILI incidence,GB-NIR,2026-08-12,2026-08-23,0.25,3,quantile,0.554278158074467
ILI incidence,GB-NIR,2026-08-12,2026-08-23,0.3,3,quantile,0.766922741827613
ILI incidence,GB-NIR,2026-08-12,2026-08-23,0.35,3,quantile,1.01260292846247
ILI incidence,GB-NIR,2026-08-12,2026-08-23,0.4,3,quantile,1.31815434590316
ILI incidence,GB-NIR,2026-08-12,2026-08-23,0.45,3,quantile,1.60846073015924
ILI incidence,GB-NIR,2026-08-12,2026-08-23,0.5,3,quantile,2.00592426530641
ILI incidence,GB-NIR,2026-08-12,2026-08-23,0.55,3,quantile,2.42080264538692
ILI incidence,GB-NIR,2026-08-12,2026-08-23,0.6,3,quantile,3.01080699344611
ILI incidence,GB-NIR,2026-08-12,2026-08-23,0.65,3,quantile,3.65490341544088
ILI incidence,GB-NIR,2026-08-12,2026-08-23,0.7,3,quantile,4.71364092083699
ILI incidence,GB-NIR,2026-08-12,2026-08-23,0.75,3,quantile,5.92274570263822
ILI incidence,GB-NIR,2026-08-12,2026-08-23,0.8,3,quantile,7.69222115397248
ILI incidence,GB-NIR,2026-08-12,2026-08-23,0.85,3,quantile,9.13533422662196
ILI incidence,GB-NIR,2026-08-12,2026-08-23,0.9,3,quantile,12.4113403626112
ILI incidence,GB-NIR,2026-08-12,2026-08-23,0.95,3,quantile,19.2677661784738
ILI incidence,GB-NIR,2026-08-12,2026-08-23,0.975,3,quantile,25.3162166751508
ILI incidence,GB-NIR,2026-08-12,2026-08-23,0.99,3,quantile,34.2761096215031
ILI incidence,GB-NIR,2026-08-12,2026-08-30,0.01,4,quantile,0
ILI incidence,GB-NIR,2026-08-12,2026-08-30,0.025,4,quantile,0
ILI incidence,GB-NIR,2026-08-12,2026-08-30,0.05,4,quantile,0
ILI incidence,GB-NIR,2026-08-12,2026-08-30,0.1,4,quantile,0
ILI incidence,GB-NIR,2026-08-12,2026-08-30,0.15,4,quantile,0
ILI incidence,GB-NIR,2026-08-12,2026-08-30,0.2,4,quantile,0.101207976067715
ILI incidence,GB-NIR,2026-08-12,2026-08-30,0.25,4,quantile,0.317230920161761
ILI incidence,GB-NIR,2026-08-12,2026-08-30,0.3,4,quantile,0.553378436131424
ILI incidence,GB-NIR,2026-08-12,2026-08-30,0.35,4,quantile,0.889125481145971
ILI incidence,GB-NIR,2026-08-12,2026-08-30,0.4,4,quantile,1.23682906255848
ILI incidence,GB-NIR,2026-08-12,2026-08-30,0.45,4,quantile,1.67769279686815
ILI incidence,GB-NIR,2026-08-12,2026-08-30,0.5,4,quantile,2.23102975208044
ILI incidence,GB-NIR,2026-08-12,2026-08-30,0.55,4,quantile,2.72660778484045
ILI incidence,GB-NIR,2026-08-12,2026-08-30,0.6,4,quantile,3.31835577037711
ILI incidence,GB-NIR,2026-08-12,2026-08-30,0.65,4,quantile,4.43353163367326
ILI incidence,GB-NIR,2026-08-12,2026-08-30,0.7,4,quantile,5.58261554876671
ILI incidence,GB-NIR,2026-08-12,2026-08-30,0.75,4,quantile,7.18626238905771
ILI incidence,GB-NIR,2026-08-12,2026-08-30,0.8,4,quantile,9.25813638985213
ILI incidence,GB-NIR,2026-08-12,2026-08-30,0.85,4,quantile,12.3130227225406
ILI incidence,GB-NIR,2026-08-12,2026-08-30,0.9,4,quantile,17.0353566224106
ILI incidence,GB-NIR,2026-08-12,2026-08-30,0.95,4,quantile,23.9036607225539
ILI incidence,GB-NIR,2026-08-12,2026-08-30,0.975,4,quantile,34.5541607173095
ILI incidence,GB-NIR,2026-08-12,2026-08-30,0.99,4,quantile,48.197738858273
ILI incidence,GB-NIR,2026-08-12,2026-08-09,,1,median,1.63139623611102
ILI incidence,GB-NIR,2026-08-12,2026-08-16,,2,median,1.80682726606737
ILI incidence,GB-NIR,2026-08-12,2026-08-23,,3,median,2.00592426530641
ILI incidence,GB-NIR,2026-08-12,2026-08-30,,4,median,2.23102975208044
ILI incidence,GB-WLS,2026-08-12,2026-08-09,0.01,1,quantile,0
ILI incidence,GB-WLS,2026-08-12,2026-08-09,0.025,1,quantile,0
ILI incidence,GB-WLS,2026-08-12,2026-08-09,0.05,1,quantile,0
ILI incidence,GB-WLS,2026-08-12,2026-08-09,0.1,1,quantile,0
ILI incidence,GB-WLS,2026-08-12,2026-08-09,0.15,1,quantile,0
ILI incidence,GB-WLS,2026-08-12,2026-08-09,0.2,1,quantile,0
ILI incidence,GB-WLS,2026-08-12,2026-08-09,0.25,1,quantile,0
ILI incidence,GB-WLS,2026-08-12,2026-08-09,0.3,1,quantile,0.0320130095762902
ILI incidence,GB-WLS,2026-08-12,2026-08-09,0.35,1,quantile,0.142669995944859
ILI incidence,GB-WLS,2026-08-12,2026-08-09,0.4,1,quantile,0.272039120585907
ILI incidence,GB-WLS,2026-08-12,2026-08-09,0.45,1,quantile,0.427250443403664
ILI incidence,GB-WLS,2026-08-12,2026-08-09,0.5,1,quantile,0.586756697428756
ILI incidence,GB-WLS,2026-08-12,2026-08-09,0.55,1,quantile,0.774906653106997
ILI incidence,GB-WLS,2026-08-12,2026-08-09,0.6,1,quantile,0.997084218443393
ILI incidence,GB-WLS,2026-08-12,2026-08-09,0.65,1,quantile,1.26336281026862
ILI incidence,GB-WLS,2026-08-12,2026-08-09,0.7,1,quantile,1.63170694048321
ILI incidence,GB-WLS,2026-08-12,2026-08-09,0.75,1,quantile,2.16605362469924
ILI incidence,GB-WLS,2026-08-12,2026-08-09,0.8,1,quantile,2.79110579135732
ILI incidence,GB-WLS,2026-08-12,2026-08-09,0.85,1,quantile,3.55307290189737
ILI incidence,GB-WLS,2026-08-12,2026-08-09,0.9,1,quantile,4.47037923238743
ILI incidence,GB-WLS,2026-08-12,2026-08-09,0.95,1,quantile,6.27879182419146
ILI incidence,GB-WLS,2026-08-12,2026-08-09,0.975,1,quantile,7.99800074512411
ILI incidence,GB-WLS,2026-08-12,2026-08-09,0.99,1,quantile,11.7006520003673
ILI incidence,GB-WLS,2026-08-12,2026-08-16,0.01,2,quantile,0
ILI incidence,GB-WLS,2026-08-12,2026-08-16,0.025,2,quantile,0
ILI incidence,GB-WLS,2026-08-12,2026-08-16,0.05,2,quantile,0
ILI incidence,GB-WLS,2026-08-12,2026-08-16,0.1,2,quantile,0
ILI incidence,GB-WLS,2026-08-12,2026-08-16,0.15,2,quantile,0
ILI incidence,GB-WLS,2026-08-12,2026-08-16,0.2,2,quantile,0
ILI incidence,GB-WLS,2026-08-12,2026-08-16,0.25,2,quantile,0
ILI incidence,GB-WLS,2026-08-12,2026-08-16,0.3,2,quantile,0
ILI incidence,GB-WLS,2026-08-12,2026-08-16,0.35,2,quantile,0.072658913695667
ILI incidence,GB-WLS,2026-08-12,2026-08-16,0.4,2,quantile,0.23319134511074
ILI incidence,GB-WLS,2026-08-12,2026-08-16,0.45,2,quantile,0.434069513488584
ILI incidence,GB-WLS,2026-08-12,2026-08-16,0.5,2,quantile,0.644790836438916
ILI incidence,GB-WLS,2026-08-12,2026-08-16,0.55,2,quantile,0.871969992899853
ILI incidence,GB-WLS,2026-08-12,2026-08-16,0.6,2,quantile,1.16900660578538
ILI incidence,GB-WLS,2026-08-12,2026-08-16,0.65,2,quantile,1.53677470546477
ILI incidence,GB-WLS,2026-08-12,2026-08-16,0.7,2,quantile,1.95215668323418
ILI incidence,GB-WLS,2026-08-12,2026-08-16,0.75,2,quantile,2.54913051814803
ILI incidence,GB-WLS,2026-08-12,2026-08-16,0.8,2,quantile,3.37360231185441
ILI incidence,GB-WLS,2026-08-12,2026-08-16,0.85,2,quantile,4.35569113762516
ILI incidence,GB-WLS,2026-08-12,2026-08-16,0.9,2,quantile,6.18036556210588
ILI incidence,GB-WLS,2026-08-12,2026-08-16,0.95,2,quantile,9.1374819361281
ILI incidence,GB-WLS,2026-08-12,2026-08-16,0.975,2,quantile,13.813785614325
ILI incidence,GB-WLS,2026-08-12,2026-08-16,0.99,2,quantile,18.0037819585613
ILI incidence,GB-WLS,2026-08-12,2026-08-23,0.01,3,quantile,0
ILI incidence,GB-WLS,2026-08-12,2026-08-23,0.025,3,quantile,0
ILI incidence,GB-WLS,2026-08-12,2026-08-23,0.05,3,quantile,0
ILI incidence,GB-WLS,2026-08-12,2026-08-23,0.1,3,quantile,0
ILI incidence,GB-WLS,2026-08-12,2026-08-23,0.15,3,quantile,0
ILI incidence,GB-WLS,2026-08-12,2026-08-23,0.2,3,quantile,0
ILI incidence,GB-WLS,2026-08-12,2026-08-23,0.25,3,quantile,0
ILI incidence,GB-WLS,2026-08-12,2026-08-23,0.3,3,quantile,0
ILI incidence,GB-WLS,2026-08-12,2026-08-23,0.35,3,quantile,0.0902926540828904
ILI incidence,GB-WLS,2026-08-12,2026-08-23,0.4,3,quantile,0.266189131139485
ILI incidence,GB-WLS,2026-08-12,2026-08-23,0.45,3,quantile,0.474463784426192
ILI incidence,GB-WLS,2026-08-12,2026-08-23,0.5,3,quantile,0.713855268942301
ILI incidence,GB-WLS,2026-08-12,2026-08-23,0.55,3,quantile,1.0626083604284
ILI incidence,GB-WLS,2026-08-12,2026-08-23,0.6,3,quantile,1.42313350649666
ILI incidence,GB-WLS,2026-08-12,2026-08-23,0.65,3,quantile,1.76186420963875
ILI incidence,GB-WLS,2026-08-12,2026-08-23,0.7,3,quantile,2.45914662275739
ILI incidence,GB-WLS,2026-08-12,2026-08-23,0.75,3,quantile,3.35378525502623
ILI incidence,GB-WLS,2026-08-12,2026-08-23,0.8,3,quantile,4.41856283603406
ILI incidence,GB-WLS,2026-08-12,2026-08-23,0.85,3,quantile,5.82909829416676
ILI incidence,GB-WLS,2026-08-12,2026-08-23,0.9,3,quantile,7.74804939720759
ILI incidence,GB-WLS,2026-08-12,2026-08-23,0.95,3,quantile,13.3091641031435
ILI incidence,GB-WLS,2026-08-12,2026-08-23,0.975,3,quantile,18.6392276638791
ILI incidence,GB-WLS,2026-08-12,2026-08-23,0.99,3,quantile,24.7468130921435
ILI incidence,GB-WLS,2026-08-12,2026-08-30,0.01,4,quantile,0
ILI incidence,GB-WLS,2026-08-12,2026-08-30,0.025,4,quantile,0
ILI incidence,GB-WLS,2026-08-12,2026-08-30,0.05,4,quantile,0
ILI incidence,GB-WLS,2026-08-12,2026-08-30,0.1,4,quantile,0
ILI incidence,GB-WLS,2026-08-12,2026-08-30,0.15,4,quantile,0
ILI incidence,GB-WLS,2026-08-12,2026-08-30,0.2,4,quantile,0
ILI incidence,GB-WLS,2026-08-12,2026-08-30,0.25,4,quantile,0
ILI incidence,GB-WLS,2026-08-12,2026-08-30,0.3,4,quantile,0
ILI incidence,GB-WLS,2026-08-12,2026-08-30,0.35,4,quantile,0
ILI incidence,GB-WLS,2026-08-12,2026-08-30,0.4,4,quantile,0.178373458203155
ILI incidence,GB-WLS,2026-08-12,2026-08-30,0.45,4,quantile,0.464896613007728
ILI incidence,GB-WLS,2026-08-12,2026-08-30,0.5,4,quantile,0.794915299002315
ILI incidence,GB-WLS,2026-08-12,2026-08-30,0.55,4,quantile,1.19778809271063
ILI incidence,GB-WLS,2026-08-12,2026-08-30,0.6,4,quantile,1.7212870633818
ILI incidence,GB-WLS,2026-08-12,2026-08-30,0.65,4,quantile,2.33984265848535
ILI incidence,GB-WLS,2026-08-12,2026-08-30,0.7,4,quantile,3.12216744516942
ILI incidence,GB-WLS,2026-08-12,2026-08-30,0.75,4,quantile,4.08971329775495
ILI incidence,GB-WLS,2026-08-12,2026-08-30,0.8,4,quantile,5.31818243566322
ILI incidence,GB-WLS,2026-08-12,2026-08-30,0.85,4,quantile,6.978950602339
ILI incidence,GB-WLS,2026-08-12,2026-08-30,0.9,4,quantile,10.4819318900306
ILI incidence,GB-WLS,2026-08-12,2026-08-30,0.95,4,quantile,16.7848040524284
ILI incidence,GB-WLS,2026-08-12,2026-08-30,0.975,4,quantile,26.1827236256233
ILI incidence,GB-WLS,2026-08-12,2026-08-30,0.99,4,quantile,35.2706564624205
ILI incidence,GB-WLS,2026-08-12,2026-08-09,,1,median,0.586756697428756
ILI incidence,GB-WLS,2026-08-12,2026-08-16,,2,median,0.644790836438916
ILI incidence,GB-WLS,2026-08-12,2026-08-23,,3,median,0.713855268942301
ILI incidence,GB-WLS,2026-08-12,2026-08-30,,4,median,0.794915299002315
ILI incidence,GR,2026-08-12,2026-08-09,0.01,1,quantile,64.7732840032886
ILI incidence,GR,2026-08-12,2026-08-09,0.025,1,quantile,86.8204116357516
ILI incidence,GR,2026-08-12,2026-08-09,0.05,1,quantile,104.083990845166
ILI incidence,GR,2026-08-12,2026-08-09,0.1,1,quantile,127.362204058457
ILI incidence,GR,2026-08-12,2026-08-09,0.15,1,quantile,141.896692006516
ILI incidence,GR,2026-08-12,2026-08-09,0.2,1,quantile,155.967331807583
ILI incidence,GR,2026-08-12,2026-08-09,0.25,1,quantile,168.112746782288
ILI incidence,GR,2026-08-12,2026-08-09,0.3,1,quantile,179.814239134002
ILI incidence,GR,2026-08-12,2026-08-09,0.35,1,quantile,191.437353187193
ILI incidence,GR,2026-08-12,2026-08-09,0.4,1,quantile,199.625290777536
ILI incidence,GR,2026-08-12,2026-08-09,0.45,1,quantile,211.173581301262
ILI incidence,GR,2026-08-12,2026-08-09,0.5,1,quantile,224.605492843496
ILI incidence,GR,2026-08-12,2026-08-09,0.55,1,quantile,235.908046343961
ILI incidence,GR,2026-08-12,2026-08-09,0.6,1,quantile,248.791420993986
ILI incidence,GR,2026-08-12,2026-08-09,0.65,1,quantile,260.708419194295
ILI incidence,GR,2026-08-12,2026-08-09,0.7,1,quantile,278.729906785424
ILI incidence,GR,2026-08-12,2026-08-09,0.75,1,quantile,294.323001629823
ILI incidence,GR,2026-08-12,2026-08-09,0.8,1,quantile,315.456593115223
ILI incidence,GR,2026-08-12,2026-08-09,0.85,1,quantile,340.518094293645
ILI incidence,GR,2026-08-12,2026-08-09,0.9,1,quantile,371.99208826327
ILI incidence,GR,2026-08-12,2026-08-09,0.95,1,quantile,432.311326603603
ILI incidence,GR,2026-08-12,2026-08-09,0.975,1,quantile,486.55175752446
ILI incidence,GR,2026-08-12,2026-08-09,0.99,1,quantile,571.076612426363
ILI incidence,GR,2026-08-12,2026-08-16,0.01,2,quantile,27.7394671329632
ILI incidence,GR,2026-08-12,2026-08-16,0.025,2,quantile,49.6672692642183
ILI incidence,GR,2026-08-12,2026-08-16,0.05,2,quantile,70.5326784316604
ILI incidence,GR,2026-08-12,2026-08-16,0.1,2,quantile,94.2034311736533
ILI incidence,GR,2026-08-12,2026-08-16,0.15,2,quantile,111.78695270085
ILI incidence,GR,2026-08-12,2026-08-16,0.2,2,quantile,126.288864700207
ILI incidence,GR,2026-08-12,2026-08-16,0.25,2,quantile,141.296207536018
ILI incidence,GR,2026-08-12,2026-08-16,0.3,2,quantile,157.919304864016
ILI incidence,GR,2026-08-12,2026-08-16,0.35,2,quantile,172.711727744319
ILI incidence,GR,2026-08-12,2026-08-16,0.4,2,quantile,190.248435419888
ILI incidence,GR,2026-08-12,2026-08-16,0.45,2,quantile,208.491633578402
ILI incidence,GR,2026-08-12,2026-08-16,0.5,2,quantile,227.287318672052
ILI incidence,GR,2026-08-12,2026-08-16,0.55,2,quantile,246.559370798832
ILI incidence,GR,2026-08-12,2026-08-16,0.6,2,quantile,263.070695035897
ILI incidence,GR,2026-08-12,2026-08-16,0.65,2,quantile,288.588784054993
ILI incidence,GR,2026-08-12,2026-08-16,0.7,2,quantile,311.619895433341
ILI incidence,GR,2026-08-12,2026-08-16,0.75,2,quantile,340.372764490092
ILI incidence,GR,2026-08-12,2026-08-16,0.8,2,quantile,366.885498355887
ILI incidence,GR,2026-08-12,2026-08-16,0.85,2,quantile,401.698797751078
ILI incidence,GR,2026-08-12,2026-08-16,0.9,2,quantile,469.864048848581
ILI incidence,GR,2026-08-12,2026-08-16,0.95,2,quantile,591.356033258262
ILI incidence,GR,2026-08-12,2026-08-16,0.975,2,quantile,695.830755211552
ILI incidence,GR,2026-08-12,2026-08-16,0.99,2,quantile,859.981169298773
ILI incidence,GR,2026-08-12,2026-08-23,0.01,3,quantile,20.158079674684
ILI incidence,GR,2026-08-12,2026-08-23,0.025,3,quantile,37.236754388635
ILI incidence,GR,2026-08-12,2026-08-23,0.05,3,quantile,56.0691933993031
ILI incidence,GR,2026-08-12,2026-08-23,0.1,3,quantile,83.0986467290127
ILI incidence,GR,2026-08-12,2026-08-23,0.15,3,quantile,101.663111096424
ILI incidence,GR,2026-08-12,2026-08-23,0.2,3,quantile,124.035247854649
ILI incidence,GR,2026-08-12,2026-08-23,0.25,3,quantile,143.888202931662
ILI incidence,GR,2026-08-12,2026-08-23,0.3,3,quantile,159.966272613576
ILI incidence,GR,2026-08-12,2026-08-23,0.35,3,quantile,175.822226357152
ILI incidence,GR,2026-08-12,2026-08-23,0.4,3,quantile,193.022226487222
ILI incidence,GR,2026-08-12,2026-08-23,0.45,3,quantile,210.467464824707
ILI incidence,GR,2026-08-12,2026-08-23,0.5,3,quantile,232.589486747552
ILI incidence,GR,2026-08-12,2026-08-23,0.55,3,quantile,263.424237697525
ILI incidence,GR,2026-08-12,2026-08-23,0.6,3,quantile,293.22633850977
ILI incidence,GR,2026-08-12,2026-08-23,0.65,3,quantile,325.288601399059
ILI incidence,GR,2026-08-12,2026-08-23,0.7,3,quantile,361.932544950044
ILI incidence,GR,2026-08-12,2026-08-23,0.75,3,quantile,406.045433875806
ILI incidence,GR,2026-08-12,2026-08-23,0.8,3,quantile,454.969901933423
ILI incidence,GR,2026-08-12,2026-08-23,0.85,3,quantile,522.904969690453
ILI incidence,GR,2026-08-12,2026-08-23,0.9,3,quantile,612.459988212157
ILI incidence,GR,2026-08-12,2026-08-23,0.95,3,quantile,759.7912957088
ILI incidence,GR,2026-08-12,2026-08-23,0.975,3,quantile,948.837167592632
ILI incidence,GR,2026-08-12,2026-08-23,0.99,3,quantile,1203.66658192194
ILI incidence,GR,2026-08-12,2026-08-30,0.01,4,quantile,0
ILI incidence,GR,2026-08-12,2026-08-30,0.025,4,quantile,2.63614679320864
ILI incidence,GR,2026-08-12,2026-08-30,0.05,4,quantile,24.9031292971406
ILI incidence,GR,2026-08-12,2026-08-30,0.1,4,quantile,57.2608826600421
ILI incidence,GR,2026-08-12,2026-08-30,0.15,4,quantile,78.6002542656902
ILI incidence,GR,2026-08-12,2026-08-30,0.2,4,quantile,95.0837143883552
ILI incidence,GR,2026-08-12,2026-08-30,0.25,4,quantile,112.613562777424
ILI incidence,GR,2026-08-12,2026-08-30,0.3,4,quantile,131.345708889432
ILI incidence,GR,2026-08-12,2026-08-30,0.35,4,quantile,153.809049120675
ILI incidence,GR,2026-08-12,2026-08-30,0.4,4,quantile,177.144977926355
ILI incidence,GR,2026-08-12,2026-08-30,0.45,4,quantile,205.236214087123
ILI incidence,GR,2026-08-12,2026-08-30,0.5,4,quantile,240.096590820138
ILI incidence,GR,2026-08-12,2026-08-30,0.55,4,quantile,263.240420646365
ILI incidence,GR,2026-08-12,2026-08-30,0.6,4,quantile,298.582666058041
ILI incidence,GR,2026-08-12,2026-08-30,0.65,4,quantile,336.357011801879
ILI incidence,GR,2026-08-12,2026-08-30,0.7,4,quantile,390.927723409389
ILI incidence,GR,2026-08-12,2026-08-30,0.75,4,quantile,451.910626884349
ILI incidence,GR,2026-08-12,2026-08-30,0.8,4,quantile,505.966745991787
ILI incidence,GR,2026-08-12,2026-08-30,0.85,4,quantile,597.124046199067
ILI incidence,GR,2026-08-12,2026-08-30,0.9,4,quantile,765.080612541609
ILI incidence,GR,2026-08-12,2026-08-30,0.95,4,quantile,1012.62990284399
ILI incidence,GR,2026-08-12,2026-08-30,0.975,4,quantile,1288.39253437011
ILI incidence,GR,2026-08-12,2026-08-30,0.99,4,quantile,1587.40167417028
ILI incidence,GR,2026-08-12,2026-08-09,,1,median,224.605492843496
ILI incidence,GR,2026-08-12,2026-08-16,,2,median,227.287318672052
ILI incidence,GR,2026-08-12,2026-08-23,,3,median,232.589486747552
ILI incidence,GR,2026-08-12,2026-08-30,,4,median,240.096590820138
ILI incidence,HR,2026-08-12,2026-08-09,0.01,1,quantile,0
ILI incidence,HR,2026-08-12,2026-08-09,0.025,1,quantile,0
ILI incidence,HR,2026-08-12,2026-08-09,0.05,1,quantile,0
ILI incidence,HR,2026-08-12,2026-08-09,0.1,1,quantile,0
ILI incidence,HR,2026-08-12,2026-08-09,0.15,1,quantile,0
ILI incidence,HR,2026-08-12,2026-08-09,0.2,1,quantile,0
ILI incidence,HR,2026-08-12,2026-08-09,0.25,1,quantile,0
ILI incidence,HR,2026-08-12,2026-08-09,0.3,1,quantile,0
ILI incidence,HR,2026-08-12,2026-08-09,0.35,1,quantile,0
ILI incidence,HR,2026-08-12,2026-08-09,0.4,1,quantile,0
ILI incidence,HR,2026-08-12,2026-08-09,0.45,1,quantile,0
ILI incidence,HR,2026-08-12,2026-08-09,0.5,1,quantile,0.175965269562162
ILI incidence,HR,2026-08-12,2026-08-09,0.55,1,quantile,0.688854287100191
ILI incidence,HR,2026-08-12,2026-08-09,0.6,1,quantile,1.22246595358758
ILI incidence,HR,2026-08-12,2026-08-09,0.65,1,quantile,1.82857399468673
ILI incidence,HR,2026-08-12,2026-08-09,0.7,1,quantile,2.637576939586
ILI incidence,HR,2026-08-12,2026-08-09,0.75,1,quantile,3.51243591274585
ILI incidence,HR,2026-08-12,2026-08-09,0.8,1,quantile,4.94511615285602
ILI incidence,HR,2026-08-12,2026-08-09,0.85,1,quantile,6.46660729980401
ILI incidence,HR,2026-08-12,2026-08-09,0.9,1,quantile,9.14451407924507
ILI incidence,HR,2026-08-12,2026-08-09,0.95,1,quantile,14.4880251291122
ILI incidence,HR,2026-08-12,2026-08-09,0.975,1,quantile,18.9812651704943
ILI incidence,HR,2026-08-12,2026-08-09,0.99,1,quantile,29.5489112983007
ILI incidence,HR,2026-08-12,2026-08-16,0.01,2,quantile,0
ILI incidence,HR,2026-08-12,2026-08-16,0.025,2,quantile,0
ILI incidence,HR,2026-08-12,2026-08-16,0.05,2,quantile,0
ILI incidence,HR,2026-08-12,2026-08-16,0.1,2,quantile,0
ILI incidence,HR,2026-08-12,2026-08-16,0.15,2,quantile,0
ILI incidence,HR,2026-08-12,2026-08-16,0.2,2,quantile,0
ILI incidence,HR,2026-08-12,2026-08-16,0.25,2,quantile,0
ILI incidence,HR,2026-08-12,2026-08-16,0.3,2,quantile,0
ILI incidence,HR,2026-08-12,2026-08-16,0.35,2,quantile,0
ILI incidence,HR,2026-08-12,2026-08-16,0.4,2,quantile,0
ILI incidence,HR,2026-08-12,2026-08-16,0.45,2,quantile,0
ILI incidence,HR,2026-08-12,2026-08-16,0.5,2,quantile,0.202772305110551
ILI incidence,HR,2026-08-12,2026-08-16,0.55,2,quantile,1.01875524754534
ILI incidence,HR,2026-08-12,2026-08-16,0.6,2,quantile,2.07023504721907
ILI incidence,HR,2026-08-12,2026-08-16,0.65,2,quantile,3.36004642228836
ILI incidence,HR,2026-08-12,2026-08-16,0.7,2,quantile,4.61674588755275
ILI incidence,HR,2026-08-12,2026-08-16,0.75,2,quantile,6.4489982136713
ILI incidence,HR,2026-08-12,2026-08-16,0.8,2,quantile,8.60980216478572
ILI incidence,HR,2026-08-12,2026-08-16,0.85,2,quantile,11.663708997431
ILI incidence,HR,2026-08-12,2026-08-16,0.9,2,quantile,17.861869875782
ILI incidence,HR,2026-08-12,2026-08-16,0.95,2,quantile,27.1817214434655
ILI incidence,HR,2026-08-12,2026-08-16,0.975,2,quantile,36.3033838445247
ILI incidence,HR,2026-08-12,2026-08-16,0.99,2,quantile,54.3920792750314
ILI incidence,HR,2026-08-12,2026-08-23,0.01,3,quantile,0
ILI incidence,HR,2026-08-12,2026-08-23,0.025,3,quantile,0
ILI incidence,HR,2026-08-12,2026-08-23,0.05,3,quantile,0
ILI incidence,HR,2026-08-12,2026-08-23,0.1,3,quantile,0
ILI incidence,HR,2026-08-12,2026-08-23,0.15,3,quantile,0
ILI incidence,HR,2026-08-12,2026-08-23,0.2,3,quantile,0
ILI incidence,HR,2026-08-12,2026-08-23,0.25,3,quantile,0
ILI incidence,HR,2026-08-12,2026-08-23,0.3,3,quantile,0
ILI incidence,HR,2026-08-12,2026-08-23,0.35,3,quantile,0
ILI incidence,HR,2026-08-12,2026-08-23,0.4,3,quantile,0
ILI incidence,HR,2026-08-12,2026-08-23,0.45,3,quantile,0
ILI incidence,HR,2026-08-12,2026-08-23,0.5,3,quantile,0.234079995588366
ILI incidence,HR,2026-08-12,2026-08-23,0.55,3,quantile,1.44344247626267
ILI incidence,HR,2026-08-12,2026-08-23,0.6,3,quantile,3.04636749807631
ILI incidence,HR,2026-08-12,2026-08-23,0.65,3,quantile,4.59403217341171
ILI incidence,HR,2026-08-12,2026-08-23,0.7,3,quantile,6.15759242983737
ILI incidence,HR,2026-08-12,2026-08-23,0.75,3,quantile,8.73241643048306
ILI incidence,HR,2026-08-12,2026-08-23,0.8,3,quantile,12.3174578198744
ILI incidence,HR,2026-08-12,2026-08-23,0.85,3,quantile,17.7565649599442
ILI incidence,HR,2026-08-12,2026-08-23,0.9,3,quantile,24.6907679436123
ILI incidence,HR,2026-08-12,2026-08-23,0.95,3,quantile,41.5094820158588
ILI incidence,HR,2026-08-12,2026-08-23,0.975,3,quantile,61.1165317105164
ILI incidence,HR,2026-08-12,2026-08-23,0.99,3,quantile,87.0154809515106
ILI incidence,HR,2026-08-12,2026-08-30,0.01,4,quantile,0
ILI incidence,HR,2026-08-12,2026-08-30,0.025,4,quantile,0
ILI incidence,HR,2026-08-12,2026-08-30,0.05,4,quantile,0
ILI incidence,HR,2026-08-12,2026-08-30,0.1,4,quantile,0
ILI incidence,HR,2026-08-12,2026-08-30,0.15,4,quantile,0
ILI incidence,HR,2026-08-12,2026-08-30,0.2,4,quantile,0
ILI incidence,HR,2026-08-12,2026-08-30,0.25,4,quantile,0
ILI incidence,HR,2026-08-12,2026-08-30,0.3,4,quantile,0
ILI incidence,HR,2026-08-12,2026-08-30,0.35,4,quantile,0
ILI incidence,HR,2026-08-12,2026-08-30,0.4,4,quantile,0
ILI incidence,HR,2026-08-12,2026-08-30,0.45,4,quantile,0
ILI incidence,HR,2026-08-12,2026-08-30,0.5,4,quantile,0.27066005356172
ILI incidence,HR,2026-08-12,2026-08-30,0.55,4,quantile,2.32234543656751
ILI incidence,HR,2026-08-12,2026-08-30,0.6,4,quantile,4.1083801589348
ILI incidence,HR,2026-08-12,2026-08-30,0.65,4,quantile,6.84184787119616
ILI incidence,HR,2026-08-12,2026-08-30,0.7,4,quantile,9.97480386491482
ILI incidence,HR,2026-08-12,2026-08-30,0.75,4,quantile,14.0331777217589
ILI incidence,HR,2026-08-12,2026-08-30,0.8,4,quantile,19.3898444089988
ILI incidence,HR,2026-08-12,2026-08-30,0.85,4,quantile,27.9919797818741
ILI incidence,HR,2026-08-12,2026-08-30,0.9,4,quantile,41.6271980886319
ILI incidence,HR,2026-08-12,2026-08-30,0.95,4,quantile,61.8616905102851
ILI incidence,HR,2026-08-12,2026-08-30,0.975,4,quantile,97.465895061926
ILI incidence,HR,2026-08-12,2026-08-30,0.99,4,quantile,130.215728605305
ILI incidence,HR,2026-08-12,2026-08-09,,1,median,0.175965269562162
ILI incidence,HR,2026-08-12,2026-08-16,,2,median,0.202772305110551
ILI incidence,HR,2026-08-12,2026-08-23,,3,median,0.234079995588366
ILI incidence,HR,2026-08-12,2026-08-30,,4,median,0.27066005356172
ILI incidence,HU,2026-08-12,2026-08-09,0.01,1,quantile,0
ILI incidence,HU,2026-08-12,2026-08-09,0.025,1,quantile,0
ILI incidence,HU,2026-08-12,2026-08-09,0.05,1,quantile,0
ILI incidence,HU,2026-08-12,2026-08-09,0.1,1,quantile,3.59618798077257
ILI incidence,HU,2026-08-12,2026-08-09,0.15,1,quantile,6.51471547743305
ILI incidence,HU,2026-08-12,2026-08-09,0.2,1,quantile,9.4829694911938
ILI incidence,HU,2026-08-12,2026-08-09,0.25,1,quantile,12.0979039227008
ILI incidence,HU,2026-08-12,2026-08-09,0.3,1,quantile,14.4369873638938
ILI incidence,HU,2026-08-12,2026-08-09,0.35,1,quantile,17.8904253682296
ILI incidence,HU,2026-08-12,2026-08-09,0.4,1,quantile,20.1599762133414
ILI incidence,HU,2026-08-12,2026-08-09,0.45,1,quantile,22.4348481845153
ILI incidence,HU,2026-08-12,2026-08-09,0.5,1,quantile,25.6311371388516
ILI incidence,HU,2026-08-12,2026-08-09,0.55,1,quantile,28.5124587154408
ILI incidence,HU,2026-08-12,2026-08-09,0.6,1,quantile,31.7400980863899
ILI incidence,HU,2026-08-12,2026-08-09,0.65,1,quantile,34.3327297658739
ILI incidence,HU,2026-08-12,2026-08-09,0.7,1,quantile,37.9347026977765
ILI incidence,HU,2026-08-12,2026-08-09,0.75,1,quantile,41.5396451894304
ILI incidence,HU,2026-08-12,2026-08-09,0.8,1,quantile,46.333760436974
ILI incidence,HU,2026-08-12,2026-08-09,0.85,1,quantile,53.0477842638463
ILI incidence,HU,2026-08-12,2026-08-09,0.9,1,quantile,63.1809505971236
ILI incidence,HU,2026-08-12,2026-08-09,0.95,1,quantile,82.0383883389756
ILI incidence,HU,2026-08-12,2026-08-09,0.975,1,quantile,97.8730071891959
ILI incidence,HU,2026-08-12,2026-08-09,0.99,1,quantile,121.503273180966
ILI incidence,HU,2026-08-12,2026-08-16,0.01,2,quantile,0
ILI incidence,HU,2026-08-12,2026-08-16,0.025,2,quantile,0
ILI incidence,HU,2026-08-12,2026-08-16,0.05,2,quantile,0
ILI incidence,HU,2026-08-12,2026-08-16,0.1,2,quantile,0
ILI incidence,HU,2026-08-12,2026-08-16,0.15,2,quantile,1.63246384603098
ILI incidence,HU,2026-08-12,2026-08-16,0.2,2,quantile,5.71543037745084
ILI incidence,HU,2026-08-12,2026-08-16,0.25,2,quantile,8.89868199818928
ILI incidence,HU,2026-08-12,2026-08-16,0.3,2,quantile,12.6108485480205
ILI incidence,HU,2026-08-12,2026-08-16,0.35,2,quantile,15.7946853243583
ILI incidence,HU,2026-08-12,2026-08-16,0.4,2,quantile,19.9417181584884
ILI incidence,HU,2026-08-12,2026-08-16,0.45,2,quantile,22.9798722522923
ILI incidence,HU,2026-08-12,2026-08-16,0.5,2,quantile,26.7666849447896
ILI incidence,HU,2026-08-12,2026-08-16,0.55,2,quantile,30.1456779593935
ILI incidence,HU,2026-08-12,2026-08-16,0.6,2,quantile,35.4203810638903
ILI incidence,HU,2026-08-12,2026-08-16,0.65,2,quantile,40.1873685916808
ILI incidence,HU,2026-08-12,2026-08-16,0.7,2,quantile,45.5540680417232
ILI incidence,HU,2026-08-12,2026-08-16,0.75,2,quantile,52.7264387253066
ILI incidence,HU,2026-08-12,2026-08-16,0.8,2,quantile,61.7046812738033
ILI incidence,HU,2026-08-12,2026-08-16,0.85,2,quantile,74.8677111743228
ILI incidence,HU,2026-08-12,2026-08-16,0.9,2,quantile,94.7958353188388
ILI incidence,HU,2026-08-12,2026-08-16,0.95,2,quantile,131.113830967059
ILI incidence,HU,2026-08-12,2026-08-16,0.975,2,quantile,159.318639179766
ILI incidence,HU,2026-08-12,2026-08-16,0.99,2,quantile,224.099341330071
ILI incidence,HU,2026-08-12,2026-08-23,0.01,3,quantile,0
ILI incidence,HU,2026-08-12,2026-08-23,0.025,3,quantile,0
ILI incidence,HU,2026-08-12,2026-08-23,0.05,3,quantile,0
ILI incidence,HU,2026-08-12,2026-08-23,0.1,3,quantile,0
ILI incidence,HU,2026-08-12,2026-08-23,0.15,3,quantile,0
ILI incidence,HU,2026-08-12,2026-08-23,0.2,3,quantile,0.625182402538483
ILI incidence,HU,2026-08-12,2026-08-23,0.25,3,quantile,6.23888126220807
ILI incidence,HU,2026-08-12,2026-08-23,0.3,3,quantile,10.296438350487
ILI incidence,HU,2026-08-12,2026-08-23,0.35,3,quantile,14.5239380452856
ILI incidence,HU,2026-08-12,2026-08-23,0.4,3,quantile,18.8698007715808
ILI incidence,HU,2026-08-12,2026-08-23,0.45,3,quantile,23.1971957760798
ILI incidence,HU,2026-08-12,2026-08-23,0.5,3,quantile,28.4157585226057
ILI incidence,HU,2026-08-12,2026-08-23,0.55,3,quantile,33.8241795109601
ILI incidence,HU,2026-08-12,2026-08-23,0.6,3,quantile,41.8663495430004
ILI incidence,HU,2026-08-12,2026-08-23,0.65,3,quantile,50.4454364321705
ILI incidence,HU,2026-08-12,2026-08-23,0.7,3,quantile,59.0494309722212
ILI incidence,HU,2026-08-12,2026-08-23,0.75,3,quantile,69.7942555460019
ILI incidence,HU,2026-08-12,2026-08-23,0.8,3,quantile,83.762414552414
ILI incidence,HU,2026-08-12,2026-08-23,0.85,3,quantile,102.797993536167
ILI incidence,HU,2026-08-12,2026-08-23,0.9,3,quantile,132.183693078961
ILI incidence,HU,2026-08-12,2026-08-23,0.95,3,quantile,201.573628841657
ILI incidence,HU,2026-08-12,2026-08-23,0.975,3,quantile,271.567204684498
ILI incidence,HU,2026-08-12,2026-08-23,0.99,3,quantile,375.21109473419
ILI incidence,HU,2026-08-12,2026-08-30,0.01,4,quantile,0
ILI incidence,HU,2026-08-12,2026-08-30,0.025,4,quantile,0
ILI incidence,HU,2026-08-12,2026-08-30,0.05,4,quantile,0
ILI incidence,HU,2026-08-12,2026-08-30,0.1,4,quantile,0
ILI incidence,HU,2026-08-12,2026-08-30,0.15,4,quantile,0
ILI incidence,HU,2026-08-12,2026-08-30,0.2,4,quantile,0
ILI incidence,HU,2026-08-12,2026-08-30,0.25,4,quantile,0
ILI incidence,HU,2026-08-12,2026-08-30,0.3,4,quantile,2.36188205534002
ILI incidence,HU,2026-08-12,2026-08-30,0.35,4,quantile,9.20826569975736
ILI incidence,HU,2026-08-12,2026-08-30,0.4,4,quantile,15.6034618636473
ILI incidence,HU,2026-08-12,2026-08-30,0.45,4,quantile,23.3020985368809
ILI incidence,HU,2026-08-12,2026-08-30,0.5,4,quantile,30.5530085996251
ILI incidence,HU,2026-08-12,2026-08-30,0.55,4,quantile,39.1570018622625
ILI incidence,HU,2026-08-12,2026-08-30,0.6,4,quantile,47.6950232962635
ILI incidence,HU,2026-08-12,2026-08-30,0.65,4,quantile,59.8940187205599
ILI incidence,HU,2026-08-12,2026-08-30,0.7,4,quantile,71.0228108954807
ILI incidence,HU,2026-08-12,2026-08-30,0.75,4,quantile,88.6911296498625
ILI incidence,HU,2026-08-12,2026-08-30,0.8,4,quantile,110.054165442098
ILI incidence,HU,2026-08-12,2026-08-30,0.85,4,quantile,142.804165613908
ILI incidence,HU,2026-08-12,2026-08-30,0.9,4,quantile,190.604855575941
ILI incidence,HU,2026-08-12,2026-08-30,0.95,4,quantile,290.628956131417
ILI incidence,HU,2026-08-12,2026-08-30,0.975,4,quantile,365.846891266893
ILI incidence,HU,2026-08-12,2026-08-30,0.99,4,quantile,483.716308486547
ILI incidence,HU,2026-08-12,2026-08-09,,1,median,25.6311371388516
ILI incidence,HU,2026-08-12,2026-08-16,,2,median,26.7666849447896
ILI incidence,HU,2026-08-12,2026-08-23,,3,median,28.4157585226057
ILI incidence,HU,2026-08-12,2026-08-30,,4,median,30.5530085996251
ILI incidence,IE,2026-08-12,2026-08-09,0.01,1,quantile,0
ILI incidence,IE,2026-08-12,2026-08-09,0.025,1,quantile,0
ILI incidence,IE,2026-08-12,2026-08-09,0.05,1,quantile,0
ILI incidence,IE,2026-08-12,2026-08-09,0.1,1,quantile,0
ILI incidence,IE,2026-08-12,2026-08-09,0.15,1,quantile,0
ILI incidence,IE,2026-08-12,2026-08-09,0.2,1,quantile,0
ILI incidence,IE,2026-08-12,2026-08-09,0.25,1,quantile,0
ILI incidence,IE,2026-08-12,2026-08-09,0.3,1,quantile,0
ILI incidence,IE,2026-08-12,2026-08-09,0.35,1,quantile,0
ILI incidence,IE,2026-08-12,2026-08-09,0.4,1,quantile,0.22351208428756
ILI incidence,IE,2026-08-12,2026-08-09,0.45,1,quantile,0.43622275222645
ILI incidence,IE,2026-08-12,2026-08-09,0.5,1,quantile,0.671201933520506
ILI incidence,IE,2026-08-12,2026-08-09,0.55,1,quantile,0.941048314147681
ILI incidence,IE,2026-08-12,2026-08-09,0.6,1,quantile,1.18249831972265
ILI incidence,IE,2026-08-12,2026-08-09,0.65,1,quantile,1.6421655391063
ILI incidence,IE,2026-08-12,2026-08-09,0.7,1,quantile,2.02670182601896
ILI incidence,IE,2026-08-12,2026-08-09,0.75,1,quantile,2.58329099794729
ILI incidence,IE,2026-08-12,2026-08-09,0.8,1,quantile,3.09180226959865
ILI incidence,IE,2026-08-12,2026-08-09,0.85,1,quantile,3.96271917235885
ILI incidence,IE,2026-08-12,2026-08-09,0.9,1,quantile,5.19099468351306
ILI incidence,IE,2026-08-12,2026-08-09,0.95,1,quantile,6.92043971433031
ILI incidence,IE,2026-08-12,2026-08-09,0.975,1,quantile,8.95492141487933
ILI incidence,IE,2026-08-12,2026-08-09,0.99,1,quantile,12.4788839838225
ILI incidence,IE,2026-08-12,2026-08-16,0.01,2,quantile,0
ILI incidence,IE,2026-08-12,2026-08-16,0.025,2,quantile,0
ILI incidence,IE,2026-08-12,2026-08-16,0.05,2,quantile,0
ILI incidence,IE,2026-08-12,2026-08-16,0.1,2,quantile,0
ILI incidence,IE,2026-08-12,2026-08-16,0.15,2,quantile,0
ILI incidence,IE,2026-08-12,2026-08-16,0.2,2,quantile,0
ILI incidence,IE,2026-08-12,2026-08-16,0.25,2,quantile,0
ILI incidence,IE,2026-08-12,2026-08-16,0.3,2,quantile,0
ILI incidence,IE,2026-08-12,2026-08-16,0.35,2,quantile,0
ILI incidence,IE,2026-08-12,2026-08-16,0.4,2,quantile,0.128206131152243
ILI incidence,IE,2026-08-12,2026-08-16,0.45,2,quantile,0.484998708543488
ILI incidence,IE,2026-08-12,2026-08-16,0.5,2,quantile,0.750825265902402
ILI incidence,IE,2026-08-12,2026-08-16,0.55,2,quantile,1.19163604873485
ILI incidence,IE,2026-08-12,2026-08-16,0.6,2,quantile,1.64757626299915
ILI incidence,IE,2026-08-12,2026-08-16,0.65,2,quantile,2.19216203463739
ILI incidence,IE,2026-08-12,2026-08-16,0.7,2,quantile,2.88447140516819
ILI incidence,IE,2026-08-12,2026-08-16,0.75,2,quantile,3.5931924705008
ILI incidence,IE,2026-08-12,2026-08-16,0.8,2,quantile,4.3096687418387
ILI incidence,IE,2026-08-12,2026-08-16,0.85,2,quantile,5.69754100492287
ILI incidence,IE,2026-08-12,2026-08-16,0.9,2,quantile,7.80430240770807
ILI incidence,IE,2026-08-12,2026-08-16,0.95,2,quantile,12.0803987446628
ILI incidence,IE,2026-08-12,2026-08-16,0.975,2,quantile,17.9223590346782
ILI incidence,IE,2026-08-12,2026-08-16,0.99,2,quantile,26.0235679224806
ILI incidence,IE,2026-08-12,2026-08-23,0.01,3,quantile,0
ILI incidence,IE,2026-08-12,2026-08-23,0.025,3,quantile,0
ILI incidence,IE,2026-08-12,2026-08-23,0.05,3,quantile,0
ILI incidence,IE,2026-08-12,2026-08-23,0.1,3,quantile,0
ILI incidence,IE,2026-08-12,2026-08-23,0.15,3,quantile,0
ILI incidence,IE,2026-08-12,2026-08-23,0.2,3,quantile,0
ILI incidence,IE,2026-08-12,2026-08-23,0.25,3,quantile,0
ILI incidence,IE,2026-08-12,2026-08-23,0.3,3,quantile,0
ILI incidence,IE,2026-08-12,2026-08-23,0.35,3,quantile,0
ILI incidence,IE,2026-08-12,2026-08-23,0.4,3,quantile,0
ILI incidence,IE,2026-08-12,2026-08-23,0.45,3,quantile,0.451673190666559
ILI incidence,IE,2026-08-12,2026-08-23,0.5,3,quantile,0.844575863769099
ILI incidence,IE,2026-08-12,2026-08-23,0.55,3,quantile,1.38716197879823
ILI incidence,IE,2026-08-12,2026-08-23,0.6,3,quantile,2.06998657255356
ILI incidence,IE,2026-08-12,2026-08-23,0.65,3,quantile,2.87177979920199
ILI incidence,IE,2026-08-12,2026-08-23,0.7,3,quantile,4.01543725764069
ILI incidence,IE,2026-08-12,2026-08-23,0.75,3,quantile,5.11861830056868
ILI incidence,IE,2026-08-12,2026-08-23,0.8,3,quantile,6.87020136503185
ILI incidence,IE,2026-08-12,2026-08-23,0.85,3,quantile,8.84517321946661
ILI incidence,IE,2026-08-12,2026-08-23,0.9,3,quantile,12.8916921693973
ILI incidence,IE,2026-08-12,2026-08-23,0.95,3,quantile,19.4871301830362
ILI incidence,IE,2026-08-12,2026-08-23,0.975,3,quantile,25.5765905736273
ILI incidence,IE,2026-08-12,2026-08-23,0.99,3,quantile,41.0159057354093
ILI incidence,IE,2026-08-12,2026-08-30,0.01,4,quantile,0
ILI incidence,IE,2026-08-12,2026-08-30,0.025,4,quantile,0
ILI incidence,IE,2026-08-12,2026-08-30,0.05,4,quantile,0
ILI incidence,IE,2026-08-12,2026-08-30,0.1,4,quantile,0
ILI incidence,IE,2026-08-12,2026-08-30,0.15,4,quantile,0
ILI incidence,IE,2026-08-12,2026-08-30,0.2,4,quantile,0
ILI incidence,IE,2026-08-12,2026-08-30,0.25,4,quantile,0
ILI incidence,IE,2026-08-12,2026-08-30,0.3,4,quantile,0
ILI incidence,IE,2026-08-12,2026-08-30,0.35,4,quantile,0
ILI incidence,IE,2026-08-12,2026-08-30,0.4,4,quantile,0
ILI incidence,IE,2026-08-12,2026-08-30,0.45,4,quantile,0.416190157209394
ILI incidence,IE,2026-08-12,2026-08-30,0.5,4,quantile,0.95431602614148
ILI incidence,IE,2026-08-12,2026-08-30,0.55,4,quantile,1.89945640503543
ILI incidence,IE,2026-08-12,2026-08-30,0.6,4,quantile,2.85242849351611
ILI incidence,IE,2026-08-12,2026-08-30,0.65,4,quantile,3.85870596252659
ILI incidence,IE,2026-08-12,2026-08-30,0.7,4,quantile,5.0579417273857
ILI incidence,IE,2026-08-12,2026-08-30,0.75,4,quantile,7.07721647989163
ILI incidence,IE,2026-08-12,2026-08-30,0.8,4,quantile,9.93517533234024
ILI incidence,IE,2026-08-12,2026-08-30,0.85,4,quantile,12.6725592184387
ILI incidence,IE,2026-08-12,2026-08-30,0.9,4,quantile,18.0268803738266
ILI incidence,IE,2026-08-12,2026-08-30,0.95,4,quantile,29.0376895505578
ILI incidence,IE,2026-08-12,2026-08-30,0.975,4,quantile,40.0902129105054
ILI incidence,IE,2026-08-12,2026-08-30,0.99,4,quantile,61.3829817495514
ILI incidence,IE,2026-08-12,2026-08-09,,1,median,0.671201933520506
ILI incidence,IE,2026-08-12,2026-08-16,,2,median,0.750825265902402
ILI incidence,IE,2026-08-12,2026-08-23,,3,median,0.844575863769099
ILI incidence,IE,2026-08-12,2026-08-30,,4,median,0.95431602614148
ILI incidence,IS,2026-08-12,2026-08-09,0.01,1,quantile,0
ILI incidence,IS,2026-08-12,2026-08-09,0.025,1,quantile,0
ILI incidence,IS,2026-08-12,2026-08-09,0.05,1,quantile,0
ILI incidence,IS,2026-08-12,2026-08-09,0.1,1,quantile,0
ILI incidence,IS,2026-08-12,2026-08-09,0.15,1,quantile,0
ILI incidence,IS,2026-08-12,2026-08-09,0.2,1,quantile,0
ILI incidence,IS,2026-08-12,2026-08-09,0.25,1,quantile,0
ILI incidence,IS,2026-08-12,2026-08-09,0.3,1,quantile,0
ILI incidence,IS,2026-08-12,2026-08-09,0.35,1,quantile,0
ILI incidence,IS,2026-08-12,2026-08-09,0.4,1,quantile,0
ILI incidence,IS,2026-08-12,2026-08-09,0.45,1,quantile,0
ILI incidence,IS,2026-08-12,2026-08-09,0.5,1,quantile,0.124240869509578
ILI incidence,IS,2026-08-12,2026-08-09,0.55,1,quantile,0.254382620550616
ILI incidence,IS,2026-08-12,2026-08-09,0.6,1,quantile,0.511072479435555
ILI incidence,IS,2026-08-12,2026-08-09,0.65,1,quantile,0.835946799310425
ILI incidence,IS,2026-08-12,2026-08-09,0.7,1,quantile,1.29257719396601
ILI incidence,IS,2026-08-12,2026-08-09,0.75,1,quantile,1.95806183493014
ILI incidence,IS,2026-08-12,2026-08-09,0.8,1,quantile,2.86365915433868
ILI incidence,IS,2026-08-12,2026-08-09,0.85,1,quantile,4.28984317976064
ILI incidence,IS,2026-08-12,2026-08-09,0.9,1,quantile,6.44763147813671
ILI incidence,IS,2026-08-12,2026-08-09,0.95,1,quantile,10.2991593487502
ILI incidence,IS,2026-08-12,2026-08-09,0.975,1,quantile,16.1592991982859
ILI incidence,IS,2026-08-12,2026-08-09,0.99,1,quantile,20.3680456843239
ILI incidence,IS,2026-08-12,2026-08-16,0.01,2,quantile,0
ILI incidence,IS,2026-08-12,2026-08-16,0.025,2,quantile,0
ILI incidence,IS,2026-08-12,2026-08-16,0.05,2,quantile,0
ILI incidence,IS,2026-08-12,2026-08-16,0.1,2,quantile,0
ILI incidence,IS,2026-08-12,2026-08-16,0.15,2,quantile,0
ILI incidence,IS,2026-08-12,2026-08-16,0.2,2,quantile,0
ILI incidence,IS,2026-08-12,2026-08-16,0.25,2,quantile,0
ILI incidence,IS,2026-08-12,2026-08-16,0.3,2,quantile,0
ILI incidence,IS,2026-08-12,2026-08-16,0.35,2,quantile,0
ILI incidence,IS,2026-08-12,2026-08-16,0.4,2,quantile,0
ILI incidence,IS,2026-08-12,2026-08-16,0.45,2,quantile,0
ILI incidence,IS,2026-08-12,2026-08-16,0.5,2,quantile,0.141342024259554
ILI incidence,IS,2026-08-12,2026-08-16,0.55,2,quantile,0.386730827594419
ILI incidence,IS,2026-08-12,2026-08-16,0.6,2,quantile,0.742020781133177
ILI incidence,IS,2026-08-12,2026-08-16,0.65,2,quantile,1.24250126293799
ILI incidence,IS,2026-08-12,2026-08-16,0.7,2,quantile,2.15300794994944
ILI incidence,IS,2026-08-12,2026-08-16,0.75,2,quantile,3.10465341056941
ILI incidence,IS,2026-08-12,2026-08-16,0.8,2,quantile,4.77122955082823
ILI incidence,IS,2026-08-12,2026-08-16,0.85,2,quantile,7.31298791901132
ILI incidence,IS,2026-08-12,2026-08-16,0.9,2,quantile,11.3076655956468
ILI incidence,IS,2026-08-12,2026-08-16,0.95,2,quantile,19.2139297075712
ILI incidence,IS,2026-08-12,2026-08-16,0.975,2,quantile,29.1619053250314
ILI incidence,IS,2026-08-12,2026-08-16,0.99,2,quantile,47.4515665035955
ILI incidence,IS,2026-08-12,2026-08-23,0.01,3,quantile,0
ILI incidence,IS,2026-08-12,2026-08-23,0.025,3,quantile,0
ILI incidence,IS,2026-08-12,2026-08-23,0.05,3,quantile,0
ILI incidence,IS,2026-08-12,2026-08-23,0.1,3,quantile,0
ILI incidence,IS,2026-08-12,2026-08-23,0.15,3,quantile,0
ILI incidence,IS,2026-08-12,2026-08-23,0.2,3,quantile,0
ILI incidence,IS,2026-08-12,2026-08-23,0.25,3,quantile,0
ILI incidence,IS,2026-08-12,2026-08-23,0.3,3,quantile,0
ILI incidence,IS,2026-08-12,2026-08-23,0.35,3,quantile,0
ILI incidence,IS,2026-08-12,2026-08-23,0.4,3,quantile,0
ILI incidence,IS,2026-08-12,2026-08-23,0.45,3,quantile,0
ILI incidence,IS,2026-08-12,2026-08-23,0.5,3,quantile,0.161251598451043
ILI incidence,IS,2026-08-12,2026-08-23,0.55,3,quantile,0.649822637651633
ILI incidence,IS,2026-08-12,2026-08-23,0.6,3,quantile,1.23086010822877
ILI incidence,IS,2026-08-12,2026-08-23,0.65,3,quantile,2.13433904344924
ILI incidence,IS,2026-08-12,2026-08-23,0.7,3,quantile,3.09769485770054
ILI incidence,IS,2026-08-12,2026-08-23,0.75,3,quantile,5.11005230501473
ILI incidence,IS,2026-08-12,2026-08-23,0.8,3,quantile,7.65666978954489
ILI incidence,IS,2026-08-12,2026-08-23,0.85,3,quantile,10.9647504499005
ILI incidence,IS,2026-08-12,2026-08-23,0.9,3,quantile,17.3127215542161
ILI incidence,IS,2026-08-12,2026-08-23,0.95,3,quantile,29.3120093374243
ILI incidence,IS,2026-08-12,2026-08-23,0.975,3,quantile,44.0834741599412
ILI incidence,IS,2026-08-12,2026-08-23,0.99,3,quantile,72.8239307206789
ILI incidence,IS,2026-08-12,2026-08-30,0.01,4,quantile,0
ILI incidence,IS,2026-08-12,2026-08-30,0.025,4,quantile,0
ILI incidence,IS,2026-08-12,2026-08-30,0.05,4,quantile,0
ILI incidence,IS,2026-08-12,2026-08-30,0.1,4,quantile,0
ILI incidence,IS,2026-08-12,2026-08-30,0.15,4,quantile,0
ILI incidence,IS,2026-08-12,2026-08-30,0.2,4,quantile,0
ILI incidence,IS,2026-08-12,2026-08-30,0.25,4,quantile,0
ILI incidence,IS,2026-08-12,2026-08-30,0.3,4,quantile,0
ILI incidence,IS,2026-08-12,2026-08-30,0.35,4,quantile,0
ILI incidence,IS,2026-08-12,2026-08-30,0.4,4,quantile,0
ILI incidence,IS,2026-08-12,2026-08-30,0.45,4,quantile,0
ILI incidence,IS,2026-08-12,2026-08-30,0.5,4,quantile,0.184425484692256
ILI incidence,IS,2026-08-12,2026-08-30,0.55,4,quantile,0.822312041882776
ILI incidence,IS,2026-08-12,2026-08-30,0.6,4,quantile,1.55121142378592
ILI incidence,IS,2026-08-12,2026-08-30,0.65,4,quantile,2.49198087055605
ILI incidence,IS,2026-08-12,2026-08-30,0.7,4,quantile,3.89643257972072
ILI incidence,IS,2026-08-12,2026-08-30,0.75,4,quantile,5.9725338062517
ILI incidence,IS,2026-08-12,2026-08-30,0.8,4,quantile,9.46839758754914
ILI incidence,IS,2026-08-12,2026-08-30,0.85,4,quantile,15.6667283076699
ILI incidence,IS,2026-08-12,2026-08-30,0.9,4,quantile,24.4728710895176
ILI incidence,IS,2026-08-12,2026-08-30,0.95,4,quantile,40.7978306493239
ILI incidence,IS,2026-08-12,2026-08-30,0.975,4,quantile,55.3620208218181
ILI incidence,IS,2026-08-12,2026-08-30,0.99,4,quantile,75.6627802203502
ILI incidence,IS,2026-08-12,2026-08-09,,1,median,0.124240869509578
ILI incidence,IS,2026-08-12,2026-08-16,,2,median,0.141342024259554
ILI incidence,IS,2026-08-12,2026-08-23,,3,median,0.161251598451043
ILI incidence,IS,2026-08-12,2026-08-30,,4,median,0.184425484692256
ILI incidence,LT,2026-08-12,2026-08-09,0.01,1,quantile,0
ILI incidence,LT,2026-08-12,2026-08-09,0.025,1,quantile,0
ILI incidence,LT,2026-08-12,2026-08-09,0.05,1,quantile,0
ILI incidence,LT,2026-08-12,2026-08-09,0.1,1,quantile,0
ILI incidence,LT,2026-08-12,2026-08-09,0.15,1,quantile,0
ILI incidence,LT,2026-08-12,2026-08-09,0.2,1,quantile,0
ILI incidence,LT,2026-08-12,2026-08-09,0.25,1,quantile,0
ILI incidence,LT,2026-08-12,2026-08-09,0.3,1,quantile,0
ILI incidence,LT,2026-08-12,2026-08-09,0.35,1,quantile,0
ILI incidence,LT,2026-08-12,2026-08-09,0.4,1,quantile,0
ILI incidence,LT,2026-08-12,2026-08-09,0.45,1,quantile,0.251073013734174
ILI incidence,LT,2026-08-12,2026-08-09,0.5,1,quantile,1.20924156058597
ILI incidence,LT,2026-08-12,2026-08-09,0.55,1,quantile,2.24147373384266
ILI incidence,LT,2026-08-12,2026-08-09,0.6,1,quantile,3.78324674784666
ILI incidence,LT,2026-08-12,2026-08-09,0.65,1,quantile,4.97010659854648
ILI incidence,LT,2026-08-12,2026-08-09,0.7,1,quantile,6.58605454826568
ILI incidence,LT,2026-08-12,2026-08-09,0.75,1,quantile,8.49562708282237
ILI incidence,LT,2026-08-12,2026-08-09,0.8,1,quantile,10.4741065350076
ILI incidence,LT,2026-08-12,2026-08-09,0.85,1,quantile,13.4256370229654
ILI incidence,LT,2026-08-12,2026-08-09,0.9,1,quantile,16.851282883708
ILI incidence,LT,2026-08-12,2026-08-09,0.95,1,quantile,26.4947134566079
ILI incidence,LT,2026-08-12,2026-08-09,0.975,1,quantile,34.7963637199834
ILI incidence,LT,2026-08-12,2026-08-09,0.99,1,quantile,52.3688311232731
ILI incidence,LT,2026-08-12,2026-08-16,0.01,2,quantile,0
ILI incidence,LT,2026-08-12,2026-08-16,0.025,2,quantile,0
ILI incidence,LT,2026-08-12,2026-08-16,0.05,2,quantile,0
ILI incidence,LT,2026-08-12,2026-08-16,0.1,2,quantile,0
ILI incidence,LT,2026-08-12,2026-08-16,0.15,2,quantile,0
ILI incidence,LT,2026-08-12,2026-08-16,0.2,2,quantile,0
ILI incidence,LT,2026-08-12,2026-08-16,0.25,2,quantile,0
ILI incidence,LT,2026-08-12,2026-08-16,0.3,2,quantile,0
ILI incidence,LT,2026-08-12,2026-08-16,0.35,2,quantile,0
ILI incidence,LT,2026-08-12,2026-08-16,0.4,2,quantile,0
ILI incidence,LT,2026-08-12,2026-08-16,0.45,2,quantile,0
ILI incidence,LT,2026-08-12,2026-08-16,0.5,2,quantile,1.3648038578929
ILI incidence,LT,2026-08-12,2026-08-16,0.55,2,quantile,3.09808333631476
ILI incidence,LT,2026-08-12,2026-08-16,0.6,2,quantile,4.93988611430983
ILI incidence,LT,2026-08-12,2026-08-16,0.65,2,quantile,7.93112701850295
ILI incidence,LT,2026-08-12,2026-08-16,0.7,2,quantile,10.9631439701014
ILI incidence,LT,2026-08-12,2026-08-16,0.75,2,quantile,14.3560431261271
ILI incidence,LT,2026-08-12,2026-08-16,0.8,2,quantile,19.9753972296156
ILI incidence,LT,2026-08-12,2026-08-16,0.85,2,quantile,27.1374038239445
ILI incidence,LT,2026-08-12,2026-08-16,0.9,2,quantile,36.103564835822
ILI incidence,LT,2026-08-12,2026-08-16,0.95,2,quantile,59.5579482455201
ILI incidence,LT,2026-08-12,2026-08-16,0.975,2,quantile,84.4927247904233
ILI incidence,LT,2026-08-12,2026-08-16,0.99,2,quantile,111.312802090723
ILI incidence,LT,2026-08-12,2026-08-23,0.01,3,quantile,0
ILI incidence,LT,2026-08-12,2026-08-23,0.025,3,quantile,0
ILI incidence,LT,2026-08-12,2026-08-23,0.05,3,quantile,0
ILI incidence,LT,2026-08-12,2026-08-23,0.1,3,quantile,0
ILI incidence,LT,2026-08-12,2026-08-23,0.15,3,quantile,0
ILI incidence,LT,2026-08-12,2026-08-23,0.2,3,quantile,0
ILI incidence,LT,2026-08-12,2026-08-23,0.25,3,quantile,0
ILI incidence,LT,2026-08-12,2026-08-23,0.3,3,quantile,0
ILI incidence,LT,2026-08-12,2026-08-23,0.35,3,quantile,0
ILI incidence,LT,2026-08-12,2026-08-23,0.4,3,quantile,0
ILI incidence,LT,2026-08-12,2026-08-23,0.45,3,quantile,0
ILI incidence,LT,2026-08-12,2026-08-23,0.5,3,quantile,1.54550240600418
ILI incidence,LT,2026-08-12,2026-08-23,0.55,3,quantile,4.35910538706783
ILI incidence,LT,2026-08-12,2026-08-23,0.6,3,quantile,7.49597362128481
ILI incidence,LT,2026-08-12,2026-08-23,0.65,3,quantile,10.8827543124147
ILI incidence,LT,2026-08-12,2026-08-23,0.7,3,quantile,15.6360888203656
ILI incidence,LT,2026-08-12,2026-08-23,0.75,3,quantile,22.999237394784
ILI incidence,LT,2026-08-12,2026-08-23,0.8,3,quantile,31.9165659443566
ILI incidence,LT,2026-08-12,2026-08-23,0.85,3,quantile,43.7247812531047
ILI incidence,LT,2026-08-12,2026-08-23,0.9,3,quantile,59.386899870216
ILI incidence,LT,2026-08-12,2026-08-23,0.95,3,quantile,95.1516684259478
ILI incidence,LT,2026-08-12,2026-08-23,0.975,3,quantile,134.947772156488
ILI incidence,LT,2026-08-12,2026-08-23,0.99,3,quantile,198.119806368933
ILI incidence,LT,2026-08-12,2026-08-30,0.01,4,quantile,0
ILI incidence,LT,2026-08-12,2026-08-30,0.025,4,quantile,0
ILI incidence,LT,2026-08-12,2026-08-30,0.05,4,quantile,0
ILI incidence,LT,2026-08-12,2026-08-30,0.1,4,quantile,0
ILI incidence,LT,2026-08-12,2026-08-30,0.15,4,quantile,0
ILI incidence,LT,2026-08-12,2026-08-30,0.2,4,quantile,0
ILI incidence,LT,2026-08-12,2026-08-30,0.25,4,quantile,0
ILI incidence,LT,2026-08-12,2026-08-30,0.3,4,quantile,0
ILI incidence,LT,2026-08-12,2026-08-30,0.35,4,quantile,0
ILI incidence,LT,2026-08-12,2026-08-30,0.4,4,quantile,0
ILI incidence,LT,2026-08-12,2026-08-30,0.45,4,quantile,0
ILI incidence,LT,2026-08-12,2026-08-30,0.5,4,quantile,1.75540999093473
ILI incidence,LT,2026-08-12,2026-08-30,0.55,4,quantile,5.07386821450091
ILI incidence,LT,2026-08-12,2026-08-30,0.6,4,quantile,9.94106442938559
ILI incidence,LT,2026-08-12,2026-08-30,0.65,4,quantile,15.9865964392305
ILI incidence,LT,2026-08-12,2026-08-30,0.7,4,quantile,22.6716726545631
ILI incidence,LT,2026-08-12,2026-08-30,0.75,4,quantile,31.855743239138
ILI incidence,LT,2026-08-12,2026-08-30,0.8,4,quantile,42.7082442610986
ILI incidence,LT,2026-08-12,2026-08-30,0.85,4,quantile,61.3578891456272
ILI incidence,LT,2026-08-12,2026-08-30,0.9,4,quantile,84.2812984930168
ILI incidence,LT,2026-08-12,2026-08-30,0.95,4,quantile,125.892488663146
ILI incidence,LT,2026-08-12,2026-08-30,0.975,4,quantile,179.290416163085
ILI incidence,LT,2026-08-12,2026-08-30,0.99,4,quantile,250.349722592602
ILI incidence,LT,2026-08-12,2026-08-09,,1,median,1.20924156058597
ILI incidence,LT,2026-08-12,2026-08-16,,2,median,1.3648038578929
ILI incidence,LT,2026-08-12,2026-08-23,,3,median,1.54550240600418
ILI incidence,LT,2026-08-12,2026-08-30,,4,median,1.75540999093473
ILI incidence,LU,2026-08-12,2026-08-09,0.01,1,quantile,0
ILI incidence,LU,2026-08-12,2026-08-09,0.025,1,quantile,0
ILI incidence,LU,2026-08-12,2026-08-09,0.05,1,quantile,0
ILI incidence,LU,2026-08-12,2026-08-09,0.1,1,quantile,0
ILI incidence,LU,2026-08-12,2026-08-09,0.15,1,quantile,0
ILI incidence,LU,2026-08-12,2026-08-09,0.2,1,quantile,0
ILI incidence,LU,2026-08-12,2026-08-09,0.25,1,quantile,0
ILI incidence,LU,2026-08-12,2026-08-09,0.3,1,quantile,0
ILI incidence,LU,2026-08-12,2026-08-09,0.35,1,quantile,0
ILI incidence,LU,2026-08-12,2026-08-09,0.4,1,quantile,0
ILI incidence,LU,2026-08-12,2026-08-09,0.45,1,quantile,0
ILI incidence,LU,2026-08-12,2026-08-09,0.5,1,quantile,2.35133591384652
ILI incidence,LU,2026-08-12,2026-08-09,0.55,1,quantile,42.6077852491453
ILI incidence,LU,2026-08-12,2026-08-09,0.6,1,quantile,88.5698480330826
ILI incidence,LU,2026-08-12,2026-08-09,0.65,1,quantile,145.416671695041
ILI incidence,LU,2026-08-12,2026-08-09,0.7,1,quantile,206.437434602646
ILI incidence,LU,2026-08-12,2026-08-09,0.75,1,quantile,276.483788713559
ILI incidence,LU,2026-08-12,2026-08-09,0.8,1,quantile,381.317243038043
ILI incidence,LU,2026-08-12,2026-08-09,0.85,1,quantile,512.492422236833
ILI incidence,LU,2026-08-12,2026-08-09,0.9,1,quantile,747.743256511311
ILI incidence,LU,2026-08-12,2026-08-09,0.95,1,quantile,1197.24712539335
ILI incidence,LU,2026-08-12,2026-08-09,0.975,1,quantile,1824.57415357539
ILI incidence,LU,2026-08-12,2026-08-09,0.99,1,quantile,2868.09570372017
ILI incidence,LU,2026-08-12,2026-08-16,0.01,2,quantile,0
ILI incidence,LU,2026-08-12,2026-08-16,0.025,2,quantile,0
ILI incidence,LU,2026-08-12,2026-08-16,0.05,2,quantile,0
ILI incidence,LU,2026-08-12,2026-08-16,0.1,2,quantile,0
ILI incidence,LU,2026-08-12,2026-08-16,0.15,2,quantile,0
ILI incidence,LU,2026-08-12,2026-08-16,0.2,2,quantile,0
ILI incidence,LU,2026-08-12,2026-08-16,0.25,2,quantile,0
ILI incidence,LU,2026-08-12,2026-08-16,0.3,2,quantile,0
ILI incidence,LU,2026-08-12,2026-08-16,0.35,2,quantile,0
ILI incidence,LU,2026-08-12,2026-08-16,0.4,2,quantile,0
ILI incidence,LU,2026-08-12,2026-08-16,0.45,2,quantile,0
ILI incidence,LU,2026-08-12,2026-08-16,0.5,2,quantile,2.54276703744322
ILI incidence,LU,2026-08-12,2026-08-16,0.55,2,quantile,48.5060800902765
ILI incidence,LU,2026-08-12,2026-08-16,0.6,2,quantile,113.573346038948
ILI incidence,LU,2026-08-12,2026-08-16,0.65,2,quantile,202.829341671648
ILI incidence,LU,2026-08-12,2026-08-16,0.7,2,quantile,323.639414752093
ILI incidence,LU,2026-08-12,2026-08-16,0.75,2,quantile,469.327141645314
ILI incidence,LU,2026-08-12,2026-08-16,0.8,2,quantile,730.186054522849
ILI incidence,LU,2026-08-12,2026-08-16,0.85,2,quantile,1193.57066738576
ILI incidence,LU,2026-08-12,2026-08-16,0.9,2,quantile,1818.78075102129
ILI incidence,LU,2026-08-12,2026-08-16,0.95,2,quantile,3154.18476388963
ILI incidence,LU,2026-08-12,2026-08-16,0.975,2,quantile,4654.54092770707
ILI incidence,LU,2026-08-12,2026-08-16,0.99,2,quantile,7324.74335600038
ILI incidence,LU,2026-08-12,2026-08-23,0.01,3,quantile,0
ILI incidence,LU,2026-08-12,2026-08-23,0.025,3,quantile,0
ILI incidence,LU,2026-08-12,2026-08-23,0.05,3,quantile,0
ILI incidence,LU,2026-08-12,2026-08-23,0.1,3,quantile,0
ILI incidence,LU,2026-08-12,2026-08-23,0.15,3,quantile,0
ILI incidence,LU,2026-08-12,2026-08-23,0.2,3,quantile,0
ILI incidence,LU,2026-08-12,2026-08-23,0.25,3,quantile,0
ILI incidence,LU,2026-08-12,2026-08-23,0.3,3,quantile,0
ILI incidence,LU,2026-08-12,2026-08-23,0.35,3,quantile,0
ILI incidence,LU,2026-08-12,2026-08-23,0.4,3,quantile,0
ILI incidence,LU,2026-08-12,2026-08-23,0.45,3,quantile,0
ILI incidence,LU,2026-08-12,2026-08-23,0.5,3,quantile,2.78095690445449
ILI incidence,LU,2026-08-12,2026-08-23,0.55,3,quantile,94.5214884876526
ILI incidence,LU,2026-08-12,2026-08-23,0.6,3,quantile,201.883567770938
ILI incidence,LU,2026-08-12,2026-08-23,0.65,3,quantile,335.578872050573
ILI incidence,LU,2026-08-12,2026-08-23,0.7,3,quantile,539.131047718676
ILI incidence,LU,2026-08-12,2026-08-23,0.75,3,quantile,813.368691490447
ILI incidence,LU,2026-08-12,2026-08-23,0.8,3,quantile,1193.39675345707
ILI incidence,LU,2026-08-12,2026-08-23,0.85,3,quantile,1968.54496062412
ILI incidence,LU,2026-08-12,2026-08-23,0.9,3,quantile,3161.62901853817
ILI incidence,LU,2026-08-12,2026-08-23,0.95,3,quantile,5423.85557126746
ILI incidence,LU,2026-08-12,2026-08-23,0.975,3,quantile,8569.150923383
ILI incidence,LU,2026-08-12,2026-08-23,0.99,3,quantile,12880.4242536933
ILI incidence,LU,2026-08-12,2026-08-30,0.01,4,quantile,0
ILI incidence,LU,2026-08-12,2026-08-30,0.025,4,quantile,0
ILI incidence,LU,2026-08-12,2026-08-30,0.05,4,quantile,0
ILI incidence,LU,2026-08-12,2026-08-30,0.1,4,quantile,0
ILI incidence,LU,2026-08-12,2026-08-30,0.15,4,quantile,0
ILI incidence,LU,2026-08-12,2026-08-30,0.2,4,quantile,0
ILI incidence,LU,2026-08-12,2026-08-30,0.25,4,quantile,0
ILI incidence,LU,2026-08-12,2026-08-30,0.3,4,quantile,0
ILI incidence,LU,2026-08-12,2026-08-30,0.35,4,quantile,0
ILI incidence,LU,2026-08-12,2026-08-30,0.4,4,quantile,0
ILI incidence,LU,2026-08-12,2026-08-30,0.45,4,quantile,0
ILI incidence,LU,2026-08-12,2026-08-30,0.5,4,quantile,3.06960147112518
ILI incidence,LU,2026-08-12,2026-08-30,0.55,4,quantile,116.005119413697
ILI incidence,LU,2026-08-12,2026-08-30,0.6,4,quantile,258.201510999889
ILI incidence,LU,2026-08-12,2026-08-30,0.65,4,quantile,423.78993240564
ILI incidence,LU,2026-08-12,2026-08-30,0.7,4,quantile,684.978274240293
ILI incidence,LU,2026-08-12,2026-08-30,0.75,4,quantile,1141.81671487175
ILI incidence,LU,2026-08-12,2026-08-30,0.8,4,quantile,1660.50886594667
ILI incidence,LU,2026-08-12,2026-08-30,0.85,4,quantile,2501.14486874437
ILI incidence,LU,2026-08-12,2026-08-30,0.9,4,quantile,4522.25717427661
ILI incidence,LU,2026-08-12,2026-08-30,0.95,4,quantile,7692.94691516243
ILI incidence,LU,2026-08-12,2026-08-30,0.975,4,quantile,12443.7002327354
ILI incidence,LU,2026-08-12,2026-08-30,0.99,4,quantile,16598.2869881134
ILI incidence,LU,2026-08-12,2026-08-09,,1,median,2.35133591384652
ILI incidence,LU,2026-08-12,2026-08-16,,2,median,2.54276703744322
ILI incidence,LU,2026-08-12,2026-08-23,,3,median,2.78095690445449
ILI incidence,LU,2026-08-12,2026-08-30,,4,median,3.06960147112518
ILI incidence,MT,2026-08-12,2026-08-09,0.01,1,quantile,559.266647560044
ILI incidence,MT,2026-08-12,2026-08-09,0.025,1,quantile,559.266647560044
ILI incidence,MT,2026-08-12,2026-08-09,0.05,1,quantile,559.266647560044
ILI incidence,MT,2026-08-12,2026-08-09,0.1,1,quantile,566.688330950575
ILI incidence,MT,2026-08-12,2026-08-09,0.15,1,quantile,646.640461157571
ILI incidence,MT,2026-08-12,2026-08-09,0.2,1,quantile,765.137117708086
ILI incidence,MT,2026-08-12,2026-08-09,0.25,1,quantile,905.557142412922
ILI incidence,MT,2026-08-12,2026-08-09,0.3,1,quantile,1089.78943061671
ILI incidence,MT,2026-08-12,2026-08-09,0.35,1,quantile,1309.57441427445
ILI incidence,MT,2026-08-12,2026-08-09,0.4,1,quantile,1543.29066002305
ILI incidence,MT,2026-08-12,2026-08-09,0.45,1,quantile,1808.41928714783
ILI incidence,MT,2026-08-12,2026-08-09,0.5,1,quantile,2099.57105052298
ILI incidence,MT,2026-08-12,2026-08-09,0.55,1,quantile,2332.12348602049
ILI incidence,MT,2026-08-12,2026-08-09,0.6,1,quantile,2695.88299233869
ILI incidence,MT,2026-08-12,2026-08-09,0.65,1,quantile,2992.96123529413
ILI incidence,MT,2026-08-12,2026-08-09,0.7,1,quantile,3430.1573291781
ILI incidence,MT,2026-08-12,2026-08-09,0.75,1,quantile,3871.74542023954
ILI incidence,MT,2026-08-12,2026-08-09,0.8,1,quantile,4417.59877925648
ILI incidence,MT,2026-08-12,2026-08-09,0.85,1,quantile,5023.70545638048
ILI incidence,MT,2026-08-12,2026-08-09,0.9,1,quantile,6028.97016963286
ILI incidence,MT,2026-08-12,2026-08-09,0.95,1,quantile,8192.07805309185
ILI incidence,MT,2026-08-12,2026-08-09,0.975,1,quantile,9645.27474046218
ILI incidence,MT,2026-08-12,2026-08-09,0.99,1,quantile,11455.2504025413
ILI incidence,MT,2026-08-12,2026-08-16,0.01,2,quantile,1148.7850864917
ILI incidence,MT,2026-08-12,2026-08-16,0.025,2,quantile,1148.7850864917
ILI incidence,MT,2026-08-12,2026-08-16,0.05,2,quantile,1148.7850864917
ILI incidence,MT,2026-08-12,2026-08-16,0.1,2,quantile,1148.7850864917
ILI incidence,MT,2026-08-12,2026-08-16,0.15,2,quantile,1175.06817097647
ILI incidence,MT,2026-08-12,2026-08-16,0.2,2,quantile,1249.50694189081
ILI incidence,MT,2026-08-12,2026-08-16,0.25,2,quantile,1338.27321980594
ILI incidence,MT,2026-08-12,2026-08-16,0.3,2,quantile,1432.55562676041
ILI incidence,MT,2026-08-12,2026-08-16,0.35,2,quantile,1534.6804343285
ILI incidence,MT,2026-08-12,2026-08-16,0.4,2,quantile,1681.7876950821
ILI incidence,MT,2026-08-12,2026-08-16,0.45,2,quantile,1891.46352693285
ILI incidence,MT,2026-08-12,2026-08-16,0.5,2,quantile,2206.13985224809
ILI incidence,MT,2026-08-12,2026-08-16,0.55,2,quantile,2546.88413837449
ILI incidence,MT,2026-08-12,2026-08-16,0.6,2,quantile,2951.69028309111
ILI incidence,MT,2026-08-12,2026-08-16,0.65,2,quantile,3502.94774899203
ILI incidence,MT,2026-08-12,2026-08-16,0.7,2,quantile,4105.77974310831
ILI incidence,MT,2026-08-12,2026-08-16,0.75,2,quantile,4681.17623166025
ILI incidence,MT,2026-08-12,2026-08-16,0.8,2,quantile,5722.31144518206
ILI incidence,MT,2026-08-12,2026-08-16,0.85,2,quantile,7204.26862281702
ILI incidence,MT,2026-08-12,2026-08-16,0.9,2,quantile,9463.98534805563
ILI incidence,MT,2026-08-12,2026-08-16,0.95,2,quantile,12369.8941350435
ILI incidence,MT,2026-08-12,2026-08-16,0.975,2,quantile,16641.5553987676
ILI incidence,MT,2026-08-12,2026-08-16,0.99,2,quantile,20437.5832537097
ILI incidence,MT,2026-08-12,2026-08-23,0.01,3,quantile,1369.65282065803
ILI incidence,MT,2026-08-12,2026-08-23,0.025,3,quantile,1369.65282065803
ILI incidence,MT,2026-08-12,2026-08-23,0.05,3,quantile,1369.65282065803
ILI incidence,MT,2026-08-12,2026-08-23,0.1,3,quantile,1369.65282065803
ILI incidence,MT,2026-08-12,2026-08-23,0.15,3,quantile,1414.34764926991
ILI incidence,MT,2026-08-12,2026-08-23,0.2,3,quantile,1475.66069127627
ILI incidence,MT,2026-08-12,2026-08-23,0.25,3,quantile,1539.15043377982
ILI incidence,MT,2026-08-12,2026-08-23,0.3,3,quantile,1628.00351846926
ILI incidence,MT,2026-08-12,2026-08-23,0.35,3,quantile,1748.79347540999
ILI incidence,MT,2026-08-12,2026-08-23,0.4,3,quantile,1900.06171996516
ILI incidence,MT,2026-08-12,2026-08-23,0.45,3,quantile,2082.27626852733
ILI incidence,MT,2026-08-12,2026-08-23,0.5,3,quantile,2321.17269368408
ILI incidence,MT,2026-08-12,2026-08-23,0.55,3,quantile,2577.72318423538
ILI incidence,MT,2026-08-12,2026-08-23,0.6,3,quantile,3033.1213017356
ILI incidence,MT,2026-08-12,2026-08-23,0.65,3,quantile,3746.00865685333
ILI incidence,MT,2026-08-12,2026-08-23,0.7,3,quantile,4584.19298172601
ILI incidence,MT,2026-08-12,2026-08-23,0.75,3,quantile,5453.53961785043
ILI incidence,MT,2026-08-12,2026-08-23,0.8,3,quantile,6426.03341261846
ILI incidence,MT,2026-08-12,2026-08-23,0.85,3,quantile,8563.01087078448
ILI incidence,MT,2026-08-12,2026-08-23,0.9,3,quantile,10959.1670672497
ILI incidence,MT,2026-08-12,2026-08-23,0.95,3,quantile,17425.0282489994
ILI incidence,MT,2026-08-12,2026-08-23,0.975,3,quantile,21166.7599897826
ILI incidence,MT,2026-08-12,2026-08-23,0.99,3,quantile,26237.9167459115
ILI incidence,MT,2026-08-12,2026-08-30,0.01,4,quantile,1590.41737355867
ILI incidence,MT,2026-08-12,2026-08-30,0.025,4,quantile,1590.41737355867
ILI incidence,MT,2026-08-12,2026-08-30,0.05,4,quantile,1590.41737355867
ILI incidence,MT,2026-08-12,2026-08-30,0.1,4,quantile,1590.41737355867
ILI incidence,MT,2026-08-12,2026-08-30,0.15,4,quantile,1609.60195465417
ILI incidence,MT,2026-08-12,2026-08-30,0.2,4,quantile,1668.39327071354
ILI incidence,MT,2026-08-12,2026-08-30,0.25,4,quantile,1719.43858267742
ILI incidence,MT,2026-08-12,2026-08-30,0.3,4,quantile,1782.1385235394
ILI incidence,MT,2026-08-12,2026-08-30,0.35,4,quantile,1853.6049848043
ILI incidence,MT,2026-08-12,2026-08-30,0.4,4,quantile,1976.44165188985
ILI incidence,MT,2026-08-12,2026-08-30,0.45,4,quantile,2186.40778212499
ILI incidence,MT,2026-08-12,2026-08-30,0.5,4,quantile,2444.03571756064
ILI incidence,MT,2026-08-12,2026-08-30,0.55,4,quantile,2743.55883136651
ILI incidence,MT,2026-08-12,2026-08-30,0.6,4,quantile,3266.51853046639
ILI incidence,MT,2026-08-12,2026-08-30,0.65,4,quantile,3989.48405327745
ILI incidence,MT,2026-08-12,2026-08-30,0.7,4,quantile,4774.34505949701
ILI incidence,MT,2026-08-12,2026-08-30,0.75,4,quantile,6203.22025400585
ILI incidence,MT,2026-08-12,2026-08-30,0.8,4,quantile,7774.98658554495
ILI incidence,MT,2026-08-12,2026-08-30,0.85,4,quantile,10048.9181244636
ILI incidence,MT,2026-08-12,2026-08-30,0.9,4,quantile,13365.1658292195
ILI incidence,MT,2026-08-12,2026-08-30,0.95,4,quantile,19155.1327056741
ILI incidence,MT,2026-08-12,2026-08-30,0.975,4,quantile,24541.2488374345
ILI incidence,MT,2026-08-12,2026-08-30,0.99,4,quantile,30690.9598095904
ILI incidence,MT,2026-08-12,2026-08-09,,1,median,2099.57105052298
ILI incidence,MT,2026-08-12,2026-08-16,,2,median,2206.13985224809
ILI incidence,MT,2026-08-12,2026-08-23,,3,median,2321.17269368408
ILI incidence,MT,2026-08-12,2026-08-30,,4,median,2444.03571756064
ILI incidence,NO,2026-08-12,2026-08-09,0.01,1,quantile,0
ILI incidence,NO,2026-08-12,2026-08-09,0.025,1,quantile,0
ILI incidence,NO,2026-08-12,2026-08-09,0.05,1,quantile,0.215020286645439
ILI incidence,NO,2026-08-12,2026-08-09,0.1,1,quantile,1.07980114942048
ILI incidence,NO,2026-08-12,2026-08-09,0.15,1,quantile,1.85259981194566
ILI incidence,NO,2026-08-12,2026-08-09,0.2,1,quantile,2.74054368351379
ILI incidence,NO,2026-08-12,2026-08-09,0.25,1,quantile,3.3513001487118
ILI incidence,NO,2026-08-12,2026-08-09,0.3,1,quantile,4.02901054503349
ILI incidence,NO,2026-08-12,2026-08-09,0.35,1,quantile,4.5392339657517
ILI incidence,NO,2026-08-12,2026-08-09,0.4,1,quantile,5.15111015102388
ILI incidence,NO,2026-08-12,2026-08-09,0.45,1,quantile,5.7893607792647
ILI incidence,NO,2026-08-12,2026-08-09,0.5,1,quantile,6.72660650401795
ILI incidence,NO,2026-08-12,2026-08-09,0.55,1,quantile,7.51076200380756
ILI incidence,NO,2026-08-12,2026-08-09,0.6,1,quantile,8.45556659909421
ILI incidence,NO,2026-08-12,2026-08-09,0.65,1,quantile,9.42061905289436
ILI incidence,NO,2026-08-12,2026-08-09,0.7,1,quantile,10.7363409390239
ILI incidence,NO,2026-08-12,2026-08-09,0.75,1,quantile,11.8463480865136
ILI incidence,NO,2026-08-12,2026-08-09,0.8,1,quantile,13.831401122991
ILI incidence,NO,2026-08-12,2026-08-09,0.85,1,quantile,15.7189082038638
ILI incidence,NO,2026-08-12,2026-08-09,0.9,1,quantile,18.429287155212
ILI incidence,NO,2026-08-12,2026-08-09,0.95,1,quantile,24.7846337919473
ILI incidence,NO,2026-08-12,2026-08-09,0.975,1,quantile,29.8058883063983
ILI incidence,NO,2026-08-12,2026-08-09,0.99,1,quantile,40.8756214815513
ILI incidence,NO,2026-08-12,2026-08-16,0.01,2,quantile,0
ILI incidence,NO,2026-08-12,2026-08-16,0.025,2,quantile,0
ILI incidence,NO,2026-08-12,2026-08-16,0.05,2,quantile,0
ILI incidence,NO,2026-08-12,2026-08-16,0.1,2,quantile,0.180803451331651
ILI incidence,NO,2026-08-12,2026-08-16,0.15,2,quantile,1.07785570485828
ILI incidence,NO,2026-08-12,2026-08-16,0.2,2,quantile,1.96102578895575
ILI incidence,NO,2026-08-12,2026-08-16,0.25,2,quantile,2.89685252572032
ILI incidence,NO,2026-08-12,2026-08-16,0.3,2,quantile,3.82325656372698
ILI incidence,NO,2026-08-12,2026-08-16,0.35,2,quantile,4.67996918538658
ILI incidence,NO,2026-08-12,2026-08-16,0.4,2,quantile,5.62442510765544
ILI incidence,NO,2026-08-12,2026-08-16,0.45,2,quantile,6.30848662966265
ILI incidence,NO,2026-08-12,2026-08-16,0.5,2,quantile,7.29106158444737
ILI incidence,NO,2026-08-12,2026-08-16,0.55,2,quantile,8.43213693400238
ILI incidence,NO,2026-08-12,2026-08-16,0.6,2,quantile,9.66293244588247
ILI incidence,NO,2026-08-12,2026-08-16,0.65,2,quantile,11.1938882948268
ILI incidence,NO,2026-08-12,2026-08-16,0.7,2,quantile,13.0639824481565
ILI incidence,NO,2026-08-12,2026-08-16,0.75,2,quantile,15.8396526150864
ILI incidence,NO,2026-08-12,2026-08-16,0.8,2,quantile,18.3650074466889
ILI incidence,NO,2026-08-12,2026-08-16,0.85,2,quantile,22.9130240783547
ILI incidence,NO,2026-08-12,2026-08-16,0.9,2,quantile,28.6347557272998
ILI incidence,NO,2026-08-12,2026-08-16,0.95,2,quantile,39.4372521084452
ILI incidence,NO,2026-08-12,2026-08-16,0.975,2,quantile,51.540571849325
ILI incidence,NO,2026-08-12,2026-08-16,0.99,2,quantile,70.9435699971724
ILI incidence,NO,2026-08-12,2026-08-23,0.01,3,quantile,0
ILI incidence,NO,2026-08-12,2026-08-23,0.025,3,quantile,0
ILI incidence,NO,2026-08-12,2026-08-23,0.05,3,quantile,0
ILI incidence,NO,2026-08-12,2026-08-23,0.1,3,quantile,0
ILI incidence,NO,2026-08-12,2026-08-23,0.15,3,quantile,0.133501220538191
ILI incidence,NO,2026-08-12,2026-08-23,0.2,3,quantile,1.21033080973435
ILI incidence,NO,2026-08-12,2026-08-23,0.25,3,quantile,2.15052921181042
ILI incidence,NO,2026-08-12,2026-08-23,0.3,3,quantile,3.03057299797831
ILI incidence,NO,2026-08-12,2026-08-23,0.35,3,quantile,4.31830110356446
ILI incidence,NO,2026-08-12,2026-08-23,0.4,3,quantile,5.36536689741741
ILI incidence,NO,2026-08-12,2026-08-23,0.45,3,quantile,6.46292297377892
ILI incidence,NO,2026-08-12,2026-08-23,0.5,3,quantile,7.96364933540222
ILI incidence,NO,2026-08-12,2026-08-23,0.55,3,quantile,9.39447914517666
ILI incidence,NO,2026-08-12,2026-08-23,0.6,3,quantile,11.0755089056886
ILI incidence,NO,2026-08-12,2026-08-23,0.65,3,quantile,13.8058252983502
ILI incidence,NO,2026-08-12,2026-08-23,0.7,3,quantile,15.9847273799542
ILI incidence,NO,2026-08-12,2026-08-23,0.75,3,quantile,18.961744113906
ILI incidence,NO,2026-08-12,2026-08-23,0.8,3,quantile,23.245909144151
ILI incidence,NO,2026-08-12,2026-08-23,0.85,3,quantile,29.2113987731138
ILI incidence,NO,2026-08-12,2026-08-23,0.9,3,quantile,40.5857531453207
ILI incidence,NO,2026-08-12,2026-08-23,0.95,3,quantile,60.1893756360784
ILI incidence,NO,2026-08-12,2026-08-23,0.975,3,quantile,78.3354601441662
ILI incidence,NO,2026-08-12,2026-08-23,0.99,3,quantile,116.5619422573
ILI incidence,NO,2026-08-12,2026-08-30,0.01,4,quantile,0
ILI incidence,NO,2026-08-12,2026-08-30,0.025,4,quantile,0
ILI incidence,NO,2026-08-12,2026-08-30,0.05,4,quantile,0
ILI incidence,NO,2026-08-12,2026-08-30,0.1,4,quantile,0
ILI incidence,NO,2026-08-12,2026-08-30,0.15,4,quantile,0
ILI incidence,NO,2026-08-12,2026-08-30,0.2,4,quantile,0.14802355985869
ILI incidence,NO,2026-08-12,2026-08-30,0.25,4,quantile,1.13746229699681
ILI incidence,NO,2026-08-12,2026-08-30,0.3,4,quantile,2.38609215268046
ILI incidence,NO,2026-08-12,2026-08-30,0.35,4,quantile,3.71344057800415
ILI incidence,NO,2026-08-12,2026-08-30,0.4,4,quantile,5.12698902790983
ILI incidence,NO,2026-08-12,2026-08-30,0.45,4,quantile,7.07645673918286
ILI incidence,NO,2026-08-12,2026-08-30,0.5,4,quantile,8.74945539023527
ILI incidence,NO,2026-08-12,2026-08-30,0.55,4,quantile,10.7348244064466
ILI incidence,NO,2026-08-12,2026-08-30,0.6,4,quantile,12.9364697975848
ILI incidence,NO,2026-08-12,2026-08-30,0.65,4,quantile,15.3106203435893
ILI incidence,NO,2026-08-12,2026-08-30,0.7,4,quantile,18.6125717993534
ILI incidence,NO,2026-08-12,2026-08-30,0.75,4,quantile,22.4533473895626
ILI incidence,NO,2026-08-12,2026-08-30,0.8,4,quantile,28.5989495487047
ILI incidence,NO,2026-08-12,2026-08-30,0.85,4,quantile,38.558327042197
ILI incidence,NO,2026-08-12,2026-08-30,0.9,4,quantile,51.1471242438266
ILI incidence,NO,2026-08-12,2026-08-30,0.95,4,quantile,80.250496862833
ILI incidence,NO,2026-08-12,2026-08-30,0.975,4,quantile,111.044391062535
ILI incidence,NO,2026-08-12,2026-08-30,0.99,4,quantile,168.514853408983
ILI incidence,NO,2026-08-12,2026-08-09,,1,median,6.72660650401795
ILI incidence,NO,2026-08-12,2026-08-16,,2,median,7.29106158444737
ILI incidence,NO,2026-08-12,2026-08-23,,3,median,7.96364933540222
ILI incidence,NO,2026-08-12,2026-08-30,,4,median,8.74945539023527
ILI incidence,SI,2026-08-12,2026-08-09,0.01,1,quantile,0
ILI incidence,SI,2026-08-12,2026-08-09,0.025,1,quantile,0
ILI incidence,SI,2026-08-12,2026-08-09,0.05,1,quantile,0
ILI incidence,SI,2026-08-12,2026-08-09,0.1,1,quantile,0
ILI incidence,SI,2026-08-12,2026-08-09,0.15,1,quantile,0
ILI incidence,SI,2026-08-12,2026-08-09,0.2,1,quantile,0
ILI incidence,SI,2026-08-12,2026-08-09,0.25,1,quantile,0
ILI incidence,SI,2026-08-12,2026-08-09,0.3,1,quantile,0
ILI incidence,SI,2026-08-12,2026-08-09,0.35,1,quantile,0
ILI incidence,SI,2026-08-12,2026-08-09,0.4,1,quantile,0
ILI incidence,SI,2026-08-12,2026-08-09,0.45,1,quantile,0
ILI incidence,SI,2026-08-12,2026-08-09,0.5,1,quantile,0.153381275874021
ILI incidence,SI,2026-08-12,2026-08-09,0.55,1,quantile,0.858900666163669
ILI incidence,SI,2026-08-12,2026-08-09,0.6,1,quantile,1.72228557993706
ILI incidence,SI,2026-08-12,2026-08-09,0.65,1,quantile,3.05723685173282
ILI incidence,SI,2026-08-12,2026-08-09,0.7,1,quantile,3.91987685523509
ILI incidence,SI,2026-08-12,2026-08-09,0.75,1,quantile,5.94861683490652
ILI incidence,SI,2026-08-12,2026-08-09,0.8,1,quantile,8.07976596669057
ILI incidence,SI,2026-08-12,2026-08-09,0.85,1,quantile,10.8783778631624
ILI incidence,SI,2026-08-12,2026-08-09,0.9,1,quantile,13.8528331362485
ILI incidence,SI,2026-08-12,2026-08-09,0.95,1,quantile,22.9817633519283
ILI incidence,SI,2026-08-12,2026-08-09,0.975,1,quantile,31.1870251305851
ILI incidence,SI,2026-08-12,2026-08-09,0.99,1,quantile,42.0909071436573
ILI incidence,SI,2026-08-12,2026-08-16,0.01,2,quantile,0
ILI incidence,SI,2026-08-12,2026-08-16,0.025,2,quantile,0
ILI incidence,SI,2026-08-12,2026-08-16,0.05,2,quantile,0
ILI incidence,SI,2026-08-12,2026-08-16,0.1,2,quantile,0
ILI incidence,SI,2026-08-12,2026-08-16,0.15,2,quantile,0
ILI incidence,SI,2026-08-12,2026-08-16,0.2,2,quantile,0
ILI incidence,SI,2026-08-12,2026-08-16,0.25,2,quantile,0
ILI incidence,SI,2026-08-12,2026-08-16,0.3,2,quantile,0
ILI incidence,SI,2026-08-12,2026-08-16,0.35,2,quantile,0
ILI incidence,SI,2026-08-12,2026-08-16,0.4,2,quantile,0
ILI incidence,SI,2026-08-12,2026-08-16,0.45,2,quantile,0
ILI incidence,SI,2026-08-12,2026-08-16,0.5,2,quantile,0.17621999166444
ILI incidence,SI,2026-08-12,2026-08-16,0.55,2,quantile,1.69383777377754
ILI incidence,SI,2026-08-12,2026-08-16,0.6,2,quantile,3.29933786578777
ILI incidence,SI,2026-08-12,2026-08-16,0.65,2,quantile,5.56582080100193
ILI incidence,SI,2026-08-12,2026-08-16,0.7,2,quantile,8.4613081622034
ILI incidence,SI,2026-08-12,2026-08-16,0.75,2,quantile,12.0700154038575
ILI incidence,SI,2026-08-12,2026-08-16,0.8,2,quantile,16.2214525781274
ILI incidence,SI,2026-08-12,2026-08-16,0.85,2,quantile,21.3706047494624
ILI incidence,SI,2026-08-12,2026-08-16,0.9,2,quantile,31.5693775572063
ILI incidence,SI,2026-08-12,2026-08-16,0.95,2,quantile,50.3352559894215
ILI incidence,SI,2026-08-12,2026-08-16,0.975,2,quantile,74.6101999982072
ILI incidence,SI,2026-08-12,2026-08-16,0.99,2,quantile,91.3395285519391
ILI incidence,SI,2026-08-12,2026-08-23,0.01,3,quantile,0
ILI incidence,SI,2026-08-12,2026-08-23,0.025,3,quantile,0
ILI incidence,SI,2026-08-12,2026-08-23,0.05,3,quantile,0
ILI incidence,SI,2026-08-12,2026-08-23,0.1,3,quantile,0
ILI incidence,SI,2026-08-12,2026-08-23,0.15,3,quantile,0
ILI incidence,SI,2026-08-12,2026-08-23,0.2,3,quantile,0
ILI incidence,SI,2026-08-12,2026-08-23,0.25,3,quantile,0
ILI incidence,SI,2026-08-12,2026-08-23,0.3,3,quantile,0
ILI incidence,SI,2026-08-12,2026-08-23,0.35,3,quantile,0
ILI incidence,SI,2026-08-12,2026-08-23,0.4,3,quantile,0
ILI incidence,SI,2026-08-12,2026-08-23,0.45,3,quantile,0
ILI incidence,SI,2026-08-12,2026-08-23,0.5,3,quantile,0.202902084396065
ILI incidence,SI,2026-08-12,2026-08-23,0.55,3,quantile,2.83870753738182
ILI incidence,SI,2026-08-12,2026-08-23,0.6,3,quantile,4.80040944740582
ILI incidence,SI,2026-08-12,2026-08-23,0.65,3,quantile,8.6416933100605
ILI incidence,SI,2026-08-12,2026-08-23,0.7,3,quantile,13.505906617516
ILI incidence,SI,2026-08-12,2026-08-23,0.75,3,quantile,18.1815254565381
ILI incidence,SI,2026-08-12,2026-08-23,0.8,3,quantile,24.9849187035972
ILI incidence,SI,2026-08-12,2026-08-23,0.85,3,quantile,34.6176157939675
ILI incidence,SI,2026-08-12,2026-08-23,0.9,3,quantile,52.8688906227715
ILI incidence,SI,2026-08-12,2026-08-23,0.95,3,quantile,91.745889115358
ILI incidence,SI,2026-08-12,2026-08-23,0.975,3,quantile,134.788111632422
ILI incidence,SI,2026-08-12,2026-08-23,0.99,3,quantile,181.035446549211
ILI incidence,SI,2026-08-12,2026-08-30,0.01,4,quantile,0
ILI incidence,SI,2026-08-12,2026-08-30,0.025,4,quantile,0
ILI incidence,SI,2026-08-12,2026-08-30,0.05,4,quantile,0
ILI incidence,SI,2026-08-12,2026-08-30,0.1,4,quantile,0
ILI incidence,SI,2026-08-12,2026-08-30,0.15,4,quantile,0
ILI incidence,SI,2026-08-12,2026-08-30,0.2,4,quantile,0
ILI incidence,SI,2026-08-12,2026-08-30,0.25,4,quantile,0
ILI incidence,SI,2026-08-12,2026-08-30,0.3,4,quantile,0
ILI incidence,SI,2026-08-12,2026-08-30,0.35,4,quantile,0
ILI incidence,SI,2026-08-12,2026-08-30,0.4,4,quantile,0
ILI incidence,SI,2026-08-12,2026-08-30,0.45,4,quantile,0
ILI incidence,SI,2026-08-12,2026-08-30,0.5,4,quantile,0.234084421190836
ILI incidence,SI,2026-08-12,2026-08-30,0.55,4,quantile,3.4373744150262
ILI incidence,SI,2026-08-12,2026-08-30,0.6,4,quantile,7.05980296926659
ILI incidence,SI,2026-08-12,2026-08-30,0.65,4,quantile,11.4548432088205
ILI incidence,SI,2026-08-12,2026-08-30,0.7,4,quantile,16.0926857036376
ILI incidence,SI,2026-08-12,2026-08-30,0.75,4,quantile,24.1195642919167
ILI incidence,SI,2026-08-12,2026-08-30,0.8,4,quantile,36.7498729130545
ILI incidence,SI,2026-08-12,2026-08-30,0.85,4,quantile,55.2914764897503
ILI incidence,SI,2026-08-12,2026-08-30,0.9,4,quantile,77.7615630016599
ILI incidence,SI,2026-08-12,2026-08-30,0.95,4,quantile,128.5075849185
ILI incidence,SI,2026-08-12,2026-08-30,0.975,4,quantile,175.30911170647
ILI incidence,SI,2026-08-12,2026-08-30,0.99,4,quantile,247.031294118578
ILI incidence,SI,2026-08-12,2026-08-09,,1,median,0.153381275874021
ILI incidence,SI,2026-08-12,2026-08-16,,2,median,0.17621999166444
ILI incidence,SI,2026-08-12,2026-08-23,,3,median,0.202902084396065
ILI incidence,SI,2026-08-12,2026-08-30,,4,median,0.234084421190836
