target,location,origin_date,target_end_date,output_type_id,horizon,output_type,value
ILI incidence,BE,2026-09-16,2026-09-13,0.01,1,quantile,5.84553874275173
ILI incidence,BE,2026-09-16,2026-09-13,0.025,1,quantile,11.1818069263739
ILI incidence,BE,2026-09-16,2026-09-13,0.05,1,quantile,16.0072717214729
ILI incidence,BE,2026-09-16,2026-09-13,0.1,1,quantile,21.9777570876008
ILI incidence,BE,2026-09-16,2026-09-13,0.15,1,quantile,26.4202531440406
ILI incidence,BE,2026-09-16,2026-09-13,0.2,1,quantile,30.2263639359402
ILI incidence,BE,2026-09-16,2026-09-13,0.25,1,quantile,34.6050263704239
ILI incidence,BE,2026-09-16,2026-09-13,0.3,1,quantile,38.8674066677958
ILI incidence,BE,2026-09-16,2026-09-13,0.35,1,quantile,42.5758793813326
ILI incidence,BE,2026-09-16,2026-09-13,0.4,1,quantile,46.1772178928043
ILI incidence,BE,2026-09-16,2026-09-13,0.45,1,quantile,50.1272965016489
ILI incidence,BE,2026-09-16,2026-09-13,0.5,1,quantile,55.0373960825098
ILI incidence,BE,2026-09-16,2026-09-13,0.55,1,quantile,58.6838488029282
ILI incidence,BE,2026-09-16,2026-09-13,0.6,1,quantile,62.652142038975
ILI incidence,BE,2026-09-16,2026-09-13,0.65,1,quantile,67.2844782674228
ILI incidence,BE,2026-09-16,2026-09-13,0.7,1,quantile,72.4292350974966
ILI incidence,BE,2026-09-16,2026-09-13,0.75,1,quantile,77.8300867049935
ILI incidence,BE,2026-09-16,2026-09-13,0.8,1,quantile,85.1914102828883
ILI incidence,BE,2026-09-16,2026-09-13,0.85,1,quantile,98.6638479540595
ILI incidence,BE,2026-09-16,2026-09-13,0.9,1,quantile,111.550214298051
ILI incidence,BE,2026-09-16,2026-09-13,0.95,1,quantile,135.598532337517
ILI incidence,BE,2026-09-16,2026-09-13,0.975,1,quantile,160.652956224822
ILI incidence,BE,2026-09-16,2026-09-13,0.99,1,quantile,205.399629630366
ILI incidence,BE,2026-09-16,2026-09-20,0.01,2,quantile,0
ILI incidence,BE,2026-09-16,2026-09-20,0.025,2,quantile,4.86129960515041
ILI incidence,BE,2026-09-16,2026-09-20,0.05,2,quantile,10.8635532080427
ILI incidence,BE,2026-09-16,2026-09-20,0.1,2,quantile,17.282024504636
ILI incidence,BE,2026-09-16,2026-09-20,0.15,2,quantile,24.3528551399817
ILI incidence,BE,2026-09-16,2026-09-20,0.2,2,quantile,29.7052921125244
ILI incidence,BE,2026-09-16,2026-09-20,0.25,2,quantile,34.7967533416442
ILI incidence,BE,2026-09-16,2026-09-20,0.3,2,quantile,39.8388704524969
ILI incidence,BE,2026-09-16,2026-09-20,0.35,2,quantile,44.8028431431185
ILI incidence,BE,2026-09-16,2026-09-20,0.4,2,quantile,50.5335136241107
ILI incidence,BE,2026-09-16,2026-09-20,0.45,2,quantile,57.0740033267751
ILI incidence,BE,2026-09-16,2026-09-20,0.5,2,quantile,63.0067722627704
ILI incidence,BE,2026-09-16,2026-09-20,0.55,2,quantile,68.9573030325058
ILI incidence,BE,2026-09-16,2026-09-20,0.6,2,quantile,75.23433840252
ILI incidence,BE,2026-09-16,2026-09-20,0.65,2,quantile,85.3633968532253
ILI incidence,BE,2026-09-16,2026-09-20,0.7,2,quantile,95.7623829739775
ILI incidence,BE,2026-09-16,2026-09-20,0.75,2,quantile,106.467727390812
ILI incidence,BE,2026-09-16,2026-09-20,0.8,2,quantile,122.370091470675
ILI incidence,BE,2026-09-16,2026-09-20,0.85,2,quantile,142.989173198754
ILI incidence,BE,2026-09-16,2026-09-20,0.9,2,quantile,182.139651782016
ILI incidence,BE,2026-09-16,2026-09-20,0.95,2,quantile,248.294625618876
ILI incidence,BE,2026-09-16,2026-09-20,0.975,2,quantile,311.810514223571
ILI incidence,BE,2026-09-16,2026-09-20,0.99,2,quantile,375.20070499701
ILI incidence,BE,2026-09-16,2026-09-27,0.01,3,quantile,0
ILI incidence,BE,2026-09-16,2026-09-27,0.025,3,quantile,0.750667868102642
ILI incidence,BE,2026-09-16,2026-09-27,0.05,3,quantile,7.01369118182423
ILI incidence,BE,2026-09-16,2026-09-27,0.1,3,quantile,14.9533459191905
ILI incidence,BE,2026-09-16,2026-09-27,0.15,3,quantile,22.5579966368138
ILI incidence,BE,2026-09-16,2026-09-27,0.2,3,quantile,29.6952651727633
ILI incidence,BE,2026-09-16,2026-09-27,0.25,3,quantile,34.838808498609
ILI incidence,BE,2026-09-16,2026-09-27,0.3,3,quantile,40.975726516745
ILI incidence,BE,2026-09-16,2026-09-27,0.35,3,quantile,47.4942995078741
ILI incidence,BE,2026-09-16,2026-09-27,0.4,3,quantile,53.5782433852339
ILI incidence,BE,2026-09-16,2026-09-27,0.45,3,quantile,61.2825868233264
ILI incidence,BE,2026-09-16,2026-09-27,0.5,3,quantile,71.7458618889245
ILI incidence,BE,2026-09-16,2026-09-27,0.55,3,quantile,80.6577258754763
ILI incidence,BE,2026-09-16,2026-09-27,0.6,3,quantile,94.6717530485176
ILI incidence,BE,2026-09-16,2026-09-27,0.65,3,quantile,109.922131174963
ILI incidence,BE,2026-09-16,2026-09-27,0.7,3,quantile,125.012074196487
ILI incidence,BE,2026-09-16,2026-09-27,0.75,3,quantile,143.34591211689
ILI incidence,BE,2026-09-16,2026-09-27,0.8,3,quantile,169.484048075072
ILI incidence,BE,2026-09-16,2026-09-27,0.85,3,quantile,206.763957899335
ILI incidence,BE,2026-09-16,2026-09-27,0.9,3,quantile,266.903868294821
ILI incidence,BE,2026-09-16,2026-09-27,0.95,3,quantile,381.156292752124
ILI incidence,BE,2026-09-16,2026-09-27,0.975,3,quantile,482.449574581307
ILI incidence,BE,2026-09-16,2026-09-27,0.99,3,quantile,625.336051151528
ILI incidence,BE,2026-09-16,2026-10-04,0.01,4,quantile,0
ILI incidence,BE,2026-09-16,2026-10-04,0.025,4,quantile,0
ILI incidence,BE,2026-09-16,2026-10-04,0.05,4,quantile,0
ILI incidence,BE,2026-09-16,2026-10-04,0.1,4,quantile,10.347994003833
ILI incidence,BE,2026-09-16,2026-10-04,0.15,4,quantile,16.0892462537417
ILI incidence,BE,2026-09-16,2026-10-04,0.2,4,quantile,23.91168479746
ILI incidence,BE,2026-09-16,2026-10-04,0.25,4,quantile,29.627175204114
ILI incidence,BE,2026-09-16,2026-10-04,0.3,4,quantile,40.5363034522943
ILI incidence,BE,2026-09-16,2026-10-04,0.35,4,quantile,50.4560562945758
ILI incidence,BE,2026-09-16,2026-10-04,0.4,4,quantile,60.4741238436971
ILI incidence,BE,2026-09-16,2026-10-04,0.45,4,quantile,69.4963967590196
ILI incidence,BE,2026-09-16,2026-10-04,0.5,4,quantile,81.2983804987064
ILI incidence,BE,2026-09-16,2026-10-04,0.55,4,quantile,91.4907484472885
ILI incidence,BE,2026-09-16,2026-10-04,0.6,4,quantile,107.307186839176
ILI incidence,BE,2026-09-16,2026-10-04,0.65,4,quantile,128.83224995995
ILI incidence,BE,2026-09-16,2026-10-04,0.7,4,quantile,150.867132297782
ILI incidence,BE,2026-09-16,2026-10-04,0.75,4,quantile,184.717607659375
ILI incidence,BE,2026-09-16,2026-10-04,0.8,4,quantile,222.431944717404
ILI incidence,BE,2026-09-16,2026-10-04,0.85,4,quantile,280.648705333515
ILI incidence,BE,2026-09-16,2026-10-04,0.9,4,quantile,377.787703758373
ILI incidence,BE,2026-09-16,2026-10-04,0.95,4,quantile,521.166543860673
ILI incidence,BE,2026-09-16,2026-10-04,0.975,4,quantile,697.466765585695
ILI incidence,BE,2026-09-16,2026-10-04,0.99,4,quantile,920.949420038278
ILI incidence,BE,2026-09-16,2026-09-13,,1,median,55.0373960825098
ILI incidence,BE,2026-09-16,2026-09-20,,2,median,63.0067722627704
ILI incidence,BE,2026-09-16,2026-09-27,,3,median,71.7458618889245
ILI incidence,BE,2026-09-16,2026-10-04,,4,median,81.2983804987064
ILI incidence,CH,2026-09-16,2026-09-13,0.01,1,quantile,0.220605155617401
ILI incidence,CH,2026-09-16,2026-09-13,0.025,1,quantile,1.1070027076402
ILI incidence,CH,2026-09-16,2026-09-13,0.05,1,quantile,2.0551080117547
ILI incidence,CH,2026-09-16,2026-09-13,0.1,1,quantile,4.26736338843854
ILI incidence,CH,2026-09-16,2026-09-13,0.15,1,quantile,6.2540241951346
ILI incidence,CH,2026-09-16,2026-09-13,0.2,1,quantile,8.05504196201047
ILI incidence,CH,2026-09-16,2026-09-13,0.25,1,quantile,9.97559897641619
ILI incidence,CH,2026-09-16,2026-09-13,0.3,1,quantile,11.6981904152261
ILI incidence,CH,2026-09-16,2026-09-13,0.35,1,quantile,13.733167667623
ILI incidence,CH,2026-09-16,2026-09-13,0.4,1,quantile,15.6914400684138
ILI incidence,CH,2026-09-16,2026-09-13,0.45,1,quantile,17.4668311837385
ILI incidence,CH,2026-09-16,2026-09-13,0.5,1,quantile,20.7515111825418
ILI incidence,CH,2026-09-16,2026-09-13,0.55,1,quantile,22.9166646919413
ILI incidence,CH,2026-09-16,2026-09-13,0.6,1,quantile,25.181278617246
ILI incidence,CH,2026-09-16,2026-09-13,0.65,1,quantile,28.0347087634031
ILI incidence,CH,2026-09-16,2026-09-13,0.7,1,quantile,31.9888971966538
ILI incidence,CH,2026-09-16,2026-09-13,0.75,1,quantile,35.7722782748585
ILI incidence,CH,2026-09-16,2026-09-13,0.8,1,quantile,39.7573307757734
ILI incidence,CH,2026-09-16,2026-09-13,0.85,1,quantile,46.0871657578193
ILI incidence,CH,2026-09-16,2026-09-13,0.9,1,quantile,53.0925751577118
ILI incidence,CH,2026-09-16,2026-09-13,0.95,1,quantile,67.0553088415359
ILI incidence,CH,2026-09-16,2026-09-13,0.975,1,quantile,82.0930347053211
ILI incidence,CH,2026-09-16,2026-09-13,0.99,1,quantile,108.050281756751
ILI incidence,CH,2026-09-16,2026-09-20,0.01,2,quantile,1.03561898764125
ILI incidence,CH,2026-09-16,2026-09-20,0.025,2,quantile,2.10484881392813
ILI incidence,CH,2026-09-16,2026-09-20,0.05,2,quantile,3.67741580083406
ILI incidence,CH,2026-09-16,2026-09-20,0.1,2,quantile,6.13232795827421
ILI incidence,CH,2026-09-16,2026-09-20,0.15,2,quantile,8.1189616714983
ILI incidence,CH,2026-09-16,2026-09-20,0.2,2,quantile,9.88541217284502
ILI incidence,CH,2026-09-16,2026-09-20,0.25,2,quantile,11.4906100490352
ILI incidence,CH,2026-09-16,2026-09-20,0.3,2,quantile,13.7176467345041
ILI incidence,CH,2026-09-16,2026-09-20,0.35,2,quantile,15.9819137696565
ILI incidence,CH,2026-09-16,2026-09-20,0.4,2,quantile,18.0896249924726
ILI incidence,CH,2026-09-16,2026-09-20,0.45,2,quantile,20.732927639906
ILI incidence,CH,2026-09-16,2026-09-20,0.5,2,quantile,23.5303661200042
ILI incidence,CH,2026-09-16,2026-09-20,0.55,2,quantile,26.4819705245267
ILI incidence,CH,2026-09-16,2026-09-20,0.6,2,quantile,29.9951847313081
ILI incidence,CH,2026-09-16,2026-09-20,0.65,2,quantile,34.3395842942116
ILI incidence,CH,2026-09-16,2026-09-20,0.7,2,quantile,38.7925906062503
ILI incidence,CH,2026-09-16,2026-09-20,0.75,2,quantile,44.3177236224201
ILI incidence,CH,2026-09-16,2026-09-20,0.8,2,quantile,51.5985523121743
ILI incidence,CH,2026-09-16,2026-09-20,0.85,2,quantile,63.197101751642
ILI incidence,CH,2026-09-16,2026-09-20,0.9,2,quantile,76.9446808843858
ILI incidence,CH,2026-09-16,2026-09-20,0.95,2,quantile,104.43935504783
ILI incidence,CH,2026-09-16,2026-09-20,0.975,2,quantile,132.246993570935
ILI incidence,CH,2026-09-16,2026-09-20,0.99,2,quantile,175.703840691566
ILI incidence,CH,2026-09-16,2026-09-27,0.01,3,quantile,1.37918092267825
ILI incidence,CH,2026-09-16,2026-09-27,0.025,3,quantile,3.51231507492401
ILI incidence,CH,2026-09-16,2026-09-27,0.05,3,quantile,4.99525538114131
ILI incidence,CH,2026-09-16,2026-09-27,0.1,3,quantile,7.08750126177333
ILI incidence,CH,2026-09-16,2026-09-27,0.15,3,quantile,8.91358101956094
ILI incidence,CH,2026-09-16,2026-09-27,0.2,3,quantile,11.0255534405243
ILI incidence,CH,2026-09-16,2026-09-27,0.25,3,quantile,13.1334131795109
ILI incidence,CH,2026-09-16,2026-09-27,0.3,3,quantile,15.2536529469009
ILI incidence,CH,2026-09-16,2026-09-27,0.35,3,quantile,17.915882113776
ILI incidence,CH,2026-09-16,2026-09-27,0.4,3,quantile,20.1875150202212
ILI incidence,CH,2026-09-16,2026-09-27,0.45,3,quantile,23.4237373293902
ILI incidence,CH,2026-09-16,2026-09-27,0.5,3,quantile,26.5093194781568
ILI incidence,CH,2026-09-16,2026-09-27,0.55,3,quantile,30.9461586378074
ILI incidence,CH,2026-09-16,2026-09-27,0.6,3,quantile,35.4815121510265
ILI incidence,CH,2026-09-16,2026-09-27,0.65,3,quantile,40.0362856993213
ILI incidence,CH,2026-09-16,2026-09-27,0.7,3,quantile,47.5142494102368
ILI incidence,CH,2026-09-16,2026-09-27,0.75,3,quantile,56.8521289732143
ILI incidence,CH,2026-09-16,2026-09-27,0.8,3,quantile,67.5548423091386
ILI incidence,CH,2026-09-16,2026-09-27,0.85,3,quantile,83.9127753655644
ILI incidence,CH,2026-09-16,2026-09-27,0.9,3,quantile,106.349927525362
ILI incidence,CH,2026-09-16,2026-09-27,0.95,3,quantile,154.953740181373
ILI incidence,CH,2026-09-16,2026-09-27,0.975,3,quantile,190.927993754126
ILI incidence,CH,2026-09-16,2026-09-27,0.99,3,quantile,249.619610693371
ILI incidence,CH,2026-09-16,2026-10-04,0.01,4,quantile,0.605295736884232
ILI incidence,CH,2026-09-16,2026-10-04,0.025,4,quantile,2.59732906098202
ILI incidence,CH,2026-09-16,2026-10-04,0.05,4,quantile,3.81396350450965
ILI incidence,CH,2026-09-16,2026-10-04,0.1,4,quantile,6.09237318890846
ILI incidence,CH,2026-09-16,2026-10-04,0.15,4,quantile,8.33929487395249
ILI incidence,CH,2026-09-16,2026-10-04,0.2,4,quantile,10.5521109432559
ILI incidence,CH,2026-09-16,2026-10-04,0.25,4,quantile,13.0621895522474
ILI incidence,CH,2026-09-16,2026-10-04,0.3,4,quantile,16.2069400575466
ILI incidence,CH,2026-09-16,2026-10-04,0.35,4,quantile,18.7885273495407
ILI incidence,CH,2026-09-16,2026-10-04,0.4,4,quantile,21.4006527241164
ILI incidence,CH,2026-09-16,2026-10-04,0.45,4,quantile,25.085931030057
ILI incidence,CH,2026-09-16,2026-10-04,0.5,4,quantile,29.6915707978923
ILI incidence,CH,2026-09-16,2026-10-04,0.55,4,quantile,34.9000137507391
ILI incidence,CH,2026-09-16,2026-10-04,0.6,4,quantile,40.133007052524
ILI incidence,CH,2026-09-16,2026-10-04,0.65,4,quantile,47.9380067478176
ILI incidence,CH,2026-09-16,2026-10-04,0.7,4,quantile,57.970049889217
ILI incidence,CH,2026-09-16,2026-10-04,0.75,4,quantile,69.0616736284504
ILI incidence,CH,2026-09-16,2026-10-04,0.8,4,quantile,83.5768899268296
ILI incidence,CH,2026-09-16,2026-10-04,0.85,4,quantile,105.976003470894
ILI incidence,CH,2026-09-16,2026-10-04,0.9,4,quantile,138.76690998566
ILI incidence,CH,2026-09-16,2026-10-04,0.95,4,quantile,202.824247056925
ILI incidence,CH,2026-09-16,2026-10-04,0.975,4,quantile,242.248164681695
ILI incidence,CH,2026-09-16,2026-10-04,0.99,4,quantile,298.657106778023
ILI incidence,CH,2026-09-16,2026-09-13,,1,median,20.7515111825418
ILI incidence,CH,2026-09-16,2026-09-20,,2,median,23.5303661200042
ILI incidence,CH,2026-09-16,2026-09-27,,3,median,26.5093194781568
ILI incidence,CH,2026-09-16,2026-10-04,,4,median,29.6915707978923
ILI incidence,CZ,2026-09-16,2026-09-13,0.01,1,quantile,0.198608088630107
ILI incidence,CZ,2026-09-16,2026-09-13,0.025,1,quantile,0.472014541690576
ILI incidence,CZ,2026-09-16,2026-09-13,0.05,1,quantile,0.970475234208155
ILI incidence,CZ,2026-09-16,2026-09-13,0.1,1,quantile,1.58811451365479
ILI incidence,CZ,2026-09-16,2026-09-13,0.15,1,quantile,2.06886986685777
ILI incidence,CZ,2026-09-16,2026-09-13,0.2,1,quantile,2.50554244503418
ILI incidence,CZ,2026-09-16,2026-09-13,0.25,1,quantile,2.97816814682748
ILI incidence,CZ,2026-09-16,2026-09-13,0.3,1,quantile,3.43216412789445
ILI incidence,CZ,2026-09-16,2026-09-13,0.35,1,quantile,3.96294184689922
ILI incidence,CZ,2026-09-16,2026-09-13,0.4,1,quantile,4.45776200468462
ILI incidence,CZ,2026-09-16,2026-09-13,0.45,1,quantile,5.07988859813164
ILI incidence,CZ,2026-09-16,2026-09-13,0.5,1,quantile,5.62504737346574
ILI incidence,CZ,2026-09-16,2026-09-13,0.55,1,quantile,6.13650048434522
ILI incidence,CZ,2026-09-16,2026-09-13,0.6,1,quantile,6.70980422415688
ILI incidence,CZ,2026-09-16,2026-09-13,0.65,1,quantile,7.2814913279134
ILI incidence,CZ,2026-09-16,2026-09-13,0.7,1,quantile,8.00492168372326
ILI incidence,CZ,2026-09-16,2026-09-13,0.75,1,quantile,8.91636950187965
ILI incidence,CZ,2026-09-16,2026-09-13,0.8,1,quantile,9.85548635678521
ILI incidence,CZ,2026-09-16,2026-09-13,0.85,1,quantile,11.1551499021852
ILI incidence,CZ,2026-09-16,2026-09-13,0.9,1,quantile,12.7816324566994
ILI incidence,CZ,2026-09-16,2026-09-13,0.95,1,quantile,16.0938236250008
ILI incidence,CZ,2026-09-16,2026-09-13,0.975,1,quantile,19.1268462882732
ILI incidence,CZ,2026-09-16,2026-09-13,0.99,1,quantile,21.6410446926331
ILI incidence,CZ,2026-09-16,2026-09-20,0.01,2,quantile,0
ILI incidence,CZ,2026-09-16,2026-09-20,0.025,2,quantile,0
ILI incidence,CZ,2026-09-16,2026-09-20,0.05,2,quantile,0.409581456668399
ILI incidence,CZ,2026-09-16,2026-09-20,0.1,2,quantile,1.10980269772367
ILI incidence,CZ,2026-09-16,2026-09-20,0.15,2,quantile,1.79272939328872
ILI incidence,CZ,2026-09-16,2026-09-20,0.2,2,quantile,2.23978984566097
ILI incidence,CZ,2026-09-16,2026-09-20,0.25,2,quantile,2.93981099891639
ILI incidence,CZ,2026-09-16,2026-09-20,0.3,2,quantile,3.53076820879965
ILI incidence,CZ,2026-09-16,2026-09-20,0.35,2,quantile,4.14394693645018
ILI incidence,CZ,2026-09-16,2026-09-20,0.4,2,quantile,4.62799451403932
ILI incidence,CZ,2026-09-16,2026-09-20,0.45,2,quantile,5.26937706261805
ILI incidence,CZ,2026-09-16,2026-09-20,0.5,2,quantile,6.22505393146239
ILI incidence,CZ,2026-09-16,2026-09-20,0.55,2,quantile,6.82031675204266
ILI incidence,CZ,2026-09-16,2026-09-20,0.6,2,quantile,7.56374312717239
ILI incidence,CZ,2026-09-16,2026-09-20,0.65,2,quantile,8.58117806739075
ILI incidence,CZ,2026-09-16,2026-09-20,0.7,2,quantile,9.54712982894426
ILI incidence,CZ,2026-09-16,2026-09-20,0.75,2,quantile,10.8732119818436
ILI incidence,CZ,2026-09-16,2026-09-20,0.8,2,quantile,12.6200295622255
ILI incidence,CZ,2026-09-16,2026-09-20,0.85,2,quantile,14.6283282510244
ILI incidence,CZ,2026-09-16,2026-09-20,0.9,2,quantile,17.628219356467
ILI incidence,CZ,2026-09-16,2026-09-20,0.95,2,quantile,23.9870280327928
ILI incidence,CZ,2026-09-16,2026-09-20,0.975,2,quantile,29.9146001507789
ILI incidence,CZ,2026-09-16,2026-09-20,0.99,2,quantile,38.2823256238343
ILI incidence,CZ,2026-09-16,2026-09-27,0.01,3,quantile,0
ILI incidence,CZ,2026-09-16,2026-09-27,0.025,3,quantile,0
ILI incidence,CZ,2026-09-16,2026-09-27,0.05,3,quantile,0
ILI incidence,CZ,2026-09-16,2026-09-27,0.1,3,quantile,0.819797267337112
ILI incidence,CZ,2026-09-16,2026-09-27,0.15,3,quantile,1.45381583462069
ILI incidence,CZ,2026-09-16,2026-09-27,0.2,3,quantile,2.24630030333475
ILI incidence,CZ,2026-09-16,2026-09-27,0.25,3,quantile,2.9348875903804
ILI incidence,CZ,2026-09-16,2026-09-27,0.3,3,quantile,3.59536804538997
ILI incidence,CZ,2026-09-16,2026-09-27,0.35,3,quantile,4.33548330606325
ILI incidence,CZ,2026-09-16,2026-09-27,0.4,3,quantile,5.0511364103392
ILI incidence,CZ,2026-09-16,2026-09-27,0.45,3,quantile,5.76276707309668
ILI incidence,CZ,2026-09-16,2026-09-27,0.5,3,quantile,6.92913890456968
ILI incidence,CZ,2026-09-16,2026-09-27,0.55,3,quantile,8.13581407903831
ILI incidence,CZ,2026-09-16,2026-09-27,0.6,3,quantile,9.50324478937131
ILI incidence,CZ,2026-09-16,2026-09-27,0.65,3,quantile,10.8697211194991
ILI incidence,CZ,2026-09-16,2026-09-27,0.7,3,quantile,12.3223293698957
ILI incidence,CZ,2026-09-16,2026-09-27,0.75,3,quantile,13.9972628509827
ILI incidence,CZ,2026-09-16,2026-09-27,0.8,3,quantile,16.6773455613048
ILI incidence,CZ,2026-09-16,2026-09-27,0.85,3,quantile,20.4079203810125
ILI incidence,CZ,2026-09-16,2026-09-27,0.9,3,quantile,25.5053492998537
ILI incidence,CZ,2026-09-16,2026-09-27,0.95,3,quantile,33.6363935981476
ILI incidence,CZ,2026-09-16,2026-09-27,0.975,3,quantile,44.7168422663845
ILI incidence,CZ,2026-09-16,2026-09-27,0.99,3,quantile,64.8217300311643
ILI incidence,CZ,2026-09-16,2026-10-04,0.01,4,quantile,0
ILI incidence,CZ,2026-09-16,2026-10-04,0.025,4,quantile,0
ILI incidence,CZ,2026-09-16,2026-10-04,0.05,4,quantile,0
ILI incidence,CZ,2026-09-16,2026-10-04,0.1,4,quantile,0
ILI incidence,CZ,2026-09-16,2026-10-04,0.15,4,quantile,0.80558364568245
ILI incidence,CZ,2026-09-16,2026-10-04,0.2,4,quantile,1.82156296953821
ILI incidence,CZ,2026-09-16,2026-10-04,0.25,4,quantile,2.72217249240996
ILI incidence,CZ,2026-09-16,2026-10-04,0.3,4,quantile,3.65534212458052
ILI incidence,CZ,2026-09-16,2026-10-04,0.35,4,quantile,4.72667239940586
ILI incidence,CZ,2026-09-16,2026-10-04,0.4,4,quantile,5.77113321550439
ILI incidence,CZ,2026-09-16,2026-10-04,0.45,4,quantile,6.64504330920449
ILI incidence,CZ,2026-09-16,2026-10-04,0.5,4,quantile,7.74276069471354
ILI incidence,CZ,2026-09-16,2026-10-04,0.55,4,quantile,9.12019222054689
ILI incidence,CZ,2026-09-16,2026-10-04,0.6,4,quantile,10.5271749968521
ILI incidence,CZ,2026-09-16,2026-10-04,0.65,4,quantile,12.2516294642894
ILI incidence,CZ,2026-09-16,2026-10-04,0.7,4,quantile,14.2523647115561
ILI incidence,CZ,2026-09-16,2026-10-04,0.75,4,quantile,17.0264594915904
ILI incidence,CZ,2026-09-16,2026-10-04,0.8,4,quantile,22.3365365383018
ILI incidence,CZ,2026-09-16,2026-10-04,0.85,4,quantile,28.865209637926
ILI incidence,CZ,2026-09-16,2026-10-04,0.9,4,quantile,35.6082371853803
ILI incidence,CZ,2026-09-16,2026-10-04,0.95,4,quantile,46.5172500914819
ILI incidence,CZ,2026-09-16,2026-10-04,0.975,4,quantile,64.6733502356345
ILI incidence,CZ,2026-09-16,2026-10-04,0.99,4,quantile,105.253143316874
ILI incidence,CZ,2026-09-16,2026-09-13,,1,median,5.62504737346574
ILI incidence,CZ,2026-09-16,2026-09-20,,2,median,6.22505393146239
ILI incidence,CZ,2026-09-16,2026-09-27,,3,median,6.92913890456968
ILI incidence,CZ,2026-09-16,2026-10-04,,4,median,7.74276069471354
ILI incidence,DK,2026-09-16,2026-09-13,0.01,1,quantile,36.7257924795805
ILI incidence,DK,2026-09-16,2026-09-13,0.025,1,quantile,42.1206321130851
ILI incidence,DK,2026-09-16,2026-09-13,0.05,1,quantile,46.0553675906137
ILI incidence,DK,2026-09-16,2026-09-13,0.1,1,quantile,54.4968468045171
ILI incidence,DK,2026-09-16,2026-09-13,0.15,1,quantile,60.0767026011933
ILI incidence,DK,2026-09-16,2026-09-13,0.2,1,quantile,64.7498754184123
ILI incidence,DK,2026-09-16,2026-09-13,0.25,1,quantile,69.4199605025162
ILI incidence,DK,2026-09-16,2026-09-13,0.3,1,quantile,72.9376049609568
ILI incidence,DK,2026-09-16,2026-09-13,0.35,1,quantile,77.4860834289549
ILI incidence,DK,2026-09-16,2026-09-13,0.4,1,quantile,80.6075497988396
ILI incidence,DK,2026-09-16,2026-09-13,0.45,1,quantile,84.9467019334613
ILI incidence,DK,2026-09-16,2026-09-13,0.5,1,quantile,89.5096800479211
ILI incidence,DK,2026-09-16,2026-09-13,0.55,1,quantile,93.5106691689654
ILI incidence,DK,2026-09-16,2026-09-13,0.6,1,quantile,98.7555967533234
ILI incidence,DK,2026-09-16,2026-09-13,0.65,1,quantile,103.114188458207
ILI incidence,DK,2026-09-16,2026-09-13,0.7,1,quantile,109.236761182585
ILI incidence,DK,2026-09-16,2026-09-13,0.75,1,quantile,116.207996795074
ILI incidence,DK,2026-09-16,2026-09-13,0.8,1,quantile,123.907654862685
ILI incidence,DK,2026-09-16,2026-09-13,0.85,1,quantile,132.691269112945
ILI incidence,DK,2026-09-16,2026-09-13,0.9,1,quantile,143.934572515315
ILI incidence,DK,2026-09-16,2026-09-13,0.95,1,quantile,163.668207337893
ILI incidence,DK,2026-09-16,2026-09-13,0.975,1,quantile,182.063299015693
ILI incidence,DK,2026-09-16,2026-09-13,0.99,1,quantile,205.927519152709
ILI incidence,DK,2026-09-16,2026-09-20,0.01,2,quantile,27.0540173790983
ILI incidence,DK,2026-09-16,2026-09-20,0.025,2,quantile,31.6689597593153
ILI incidence,DK,2026-09-16,2026-09-20,0.05,2,quantile,37.5989334738292
ILI incidence,DK,2026-09-16,2026-09-20,0.1,2,quantile,47.4426214764159
ILI incidence,DK,2026-09-16,2026-09-20,0.15,2,quantile,54.0249449707043
ILI incidence,DK,2026-09-16,2026-09-20,0.2,2,quantile,59.102229207781
ILI incidence,DK,2026-09-16,2026-09-20,0.25,2,quantile,63.5287330222304
ILI incidence,DK,2026-09-16,2026-09-20,0.3,2,quantile,68.120352531944
ILI incidence,DK,2026-09-16,2026-09-20,0.35,2,quantile,73.5142157822429
ILI incidence,DK,2026-09-16,2026-09-20,0.4,2,quantile,79.1391625394469
ILI incidence,DK,2026-09-16,2026-09-20,0.45,2,quantile,85.5351297627359
ILI incidence,DK,2026-09-16,2026-09-20,0.5,2,quantile,92.1316604309646
ILI incidence,DK,2026-09-16,2026-09-20,0.55,2,quantile,99.1525295689666
ILI incidence,DK,2026-09-16,2026-09-20,0.6,2,quantile,105.587584680541
ILI incidence,DK,2026-09-16,2026-09-20,0.65,2,quantile,112.828474630652
ILI incidence,DK,2026-09-16,2026-09-20,0.7,2,quantile,122.65371492715
ILI incidence,DK,2026-09-16,2026-09-20,0.75,2,quantile,134.221587540916
ILI incidence,DK,2026-09-16,2026-09-20,0.8,2,quantile,146.97612852977
ILI incidence,DK,2026-09-16,2026-09-20,0.85,2,quantile,167.057236273385
ILI incidence,DK,2026-09-16,2026-09-20,0.9,2,quantile,186.624439439497
ILI incidence,DK,2026-09-16,2026-09-20,0.95,2,quantile,220.340708733091
ILI incidence,DK,2026-09-16,2026-09-20,0.975,2,quantile,247.375449478875
ILI incidence,DK,2026-09-16,2026-09-20,0.99,2,quantile,293.430564564962
ILI incidence,DK,2026-09-16,2026-09-27,0.01,3,quantile,18.2428914091579
ILI incidence,DK,2026-09-16,2026-09-27,0.025,3,quantile,23.3549428535647
ILI incidence,DK,2026-09-16,2026-09-27,0.05,3,quantile,31.1908068467383
ILI incidence,DK,2026-09-16,2026-09-27,0.1,3,quantile,39.430219099722
ILI incidence,DK,2026-09-16,2026-09-27,0.15,3,quantile,47.0845845736671
ILI incidence,DK,2026-09-16,2026-09-27,0.2,3,quantile,54.2004720779065
ILI incidence,DK,2026-09-16,2026-09-27,0.25,3,quantile,58.6881610838881
ILI incidence,DK,2026-09-16,2026-09-27,0.3,3,quantile,64.3776704386038
ILI incidence,DK,2026-09-16,2026-09-27,0.35,3,quantile,71.590164884328
ILI incidence,DK,2026-09-16,2026-09-27,0.4,3,quantile,77.7709629319327
ILI incidence,DK,2026-09-16,2026-09-27,0.45,3,quantile,84.4688850713657
ILI incidence,DK,2026-09-16,2026-09-27,0.5,3,quantile,93.9739053676016
ILI incidence,DK,2026-09-16,2026-09-27,0.55,3,quantile,102.128958287331
ILI incidence,DK,2026-09-16,2026-09-27,0.6,3,quantile,112.478982898577
ILI incidence,DK,2026-09-16,2026-09-27,0.65,3,quantile,123.684835661254
ILI incidence,DK,2026-09-16,2026-09-27,0.7,3,quantile,135.584272268317
ILI incidence,DK,2026-09-16,2026-09-27,0.75,3,quantile,151.604766487665
ILI incidence,DK,2026-09-16,2026-09-27,0.8,3,quantile,169.565257863339
ILI incidence,DK,2026-09-16,2026-09-27,0.85,3,quantile,190.324605868388
ILI incidence,DK,2026-09-16,2026-09-27,0.9,3,quantile,226.74674919539
ILI incidence,DK,2026-09-16,2026-09-27,0.95,3,quantile,275.454420469576
ILI incidence,DK,2026-09-16,2026-09-27,0.975,3,quantile,329.529249375161
ILI incidence,DK,2026-09-16,2026-09-27,0.99,3,quantile,378.183524992716
ILI incidence,DK,2026-09-16,2026-10-04,0.01,4,quantile,13.9989733887488
ILI incidence,DK,2026-09-16,2026-10-04,0.025,4,quantile,19.6659246480548
ILI incidence,DK,2026-09-16,2026-10-04,0.05,4,quantile,23.4973262016502
ILI incidence,DK,2026-09-16,2026-10-04,0.1,4,quantile,31.6752079271008
ILI incidence,DK,2026-09-16,2026-10-04,0.15,4,quantile,39.2388307614291
ILI incidence,DK,2026-09-16,2026-10-04,0.2,4,quantile,45.7201816422556
ILI incidence,DK,2026-09-16,2026-10-04,0.25,4,quantile,52.3436579529944
ILI incidence,DK,2026-09-16,2026-10-04,0.3,4,quantile,59.653326452227
ILI incidence,DK,2026-09-16,2026-10-04,0.35,4,quantile,68.5215625614361
ILI incidence,DK,2026-09-16,2026-10-04,0.4,4,quantile,74.8788077431341
ILI incidence,DK,2026-09-16,2026-10-04,0.45,4,quantile,85.6288800761654
ILI incidence,DK,2026-09-16,2026-10-04,0.5,4,quantile,95.18827406084
ILI incidence,DK,2026-09-16,2026-10-04,0.55,4,quantile,109.987729979941
ILI incidence,DK,2026-09-16,2026-10-04,0.6,4,quantile,123.042010417452
ILI incidence,DK,2026-09-16,2026-10-04,0.65,4,quantile,138.040671644823
ILI incidence,DK,2026-09-16,2026-10-04,0.7,4,quantile,151.804583304757
ILI incidence,DK,2026-09-16,2026-10-04,0.75,4,quantile,171.601624793764
ILI incidence,DK,2026-09-16,2026-10-04,0.8,4,quantile,190.329805968796
ILI incidence,DK,2026-09-16,2026-10-04,0.85,4,quantile,215.07259712426
ILI incidence,DK,2026-09-16,2026-10-04,0.9,4,quantile,259.154942684125
ILI incidence,DK,2026-09-16,2026-10-04,0.95,4,quantile,320.018716938554
ILI incidence,DK,2026-09-16,2026-10-04,0.975,4,quantile,390.701248169498
ILI incidence,DK,2026-09-16,2026-10-04,0.99,4,quantile,456.735278385857
ILI incidence,DK,2026-09-16,2026-09-13,,1,median,89.5096800479211
ILI incidence,DK,2026-09-16,2026-09-20,,2,median,92.1316604309646
ILI incidence,DK,2026-09-16,2026-09-27,,3,median,93.9739053676016
ILI incidence,DK,2026-09-16,2026-10-04,,4,median,95.18827406084
ILI incidence,EE,2026-09-16,2026-09-13,0.01,1,quantile,10.2008625107347
ILI incidence,EE,2026-09-16,2026-09-13,0.025,1,quantile,12.1789162205313
ILI incidence,EE,2026-09-16,2026-09-13,0.05,1,quantile,17.7046815572448
ILI incidence,EE,2026-09-16,2026-09-13,0.1,1,quantile,28.2963421438291
ILI incidence,EE,2026-09-16,2026-09-13,0.15,1,quantile,33.5144507366841
ILI incidence,EE,2026-09-16,2026-09-13,0.2,1,quantile,39.6335367221541
ILI incidence,EE,2026-09-16,2026-09-13,0.25,1,quantile,46.5069494053951
ILI incidence,EE,2026-09-16,2026-09-13,0.3,1,quantile,52.0443986817646
ILI incidence,EE,2026-09-16,2026-09-13,0.35,1,quantile,58.1937238209369
ILI incidence,EE,2026-09-16,2026-09-13,0.4,1,quantile,64.7749993611768
ILI incidence,EE,2026-09-16,2026-09-13,0.45,1,quantile,73.1591714164893
ILI incidence,EE,2026-09-16,2026-09-13,0.5,1,quantile,79.3650079013387
ILI incidence,EE,2026-09-16,2026-09-13,0.55,1,quantile,87.2079563951564
ILI incidence,EE,2026-09-16,2026-09-13,0.6,1,quantile,95.0975737893838
ILI incidence,EE,2026-09-16,2026-09-13,0.65,1,quantile,105.283276988693
ILI incidence,EE,2026-09-16,2026-09-13,0.7,1,quantile,114.952667498029
ILI incidence,EE,2026-09-16,2026-09-13,0.75,1,quantile,126.547903343337
ILI incidence,EE,2026-09-16,2026-09-13,0.8,1,quantile,139.484165526715
ILI incidence,EE,2026-09-16,2026-09-13,0.85,1,quantile,161.87671197547
ILI incidence,EE,2026-09-16,2026-09-13,0.9,1,quantile,194.961639987592
ILI incidence,EE,2026-09-16,2026-09-13,0.95,1,quantile,239.757321035773
ILI incidence,EE,2026-09-16,2026-09-13,0.975,1,quantile,293.093590106531
ILI incidence,EE,2026-09-16,2026-09-13,0.99,1,quantile,372.321153916395
ILI incidence,EE,2026-09-16,2026-09-20,0.01,2,quantile,21.5449464080104
ILI incidence,EE,2026-09-16,2026-09-20,0.025,2,quantile,21.5449464080104
ILI incidence,EE,2026-09-16,2026-09-20,0.05,2,quantile,23.7892619798139
ILI incidence,EE,2026-09-16,2026-09-20,0.1,2,quantile,27.2424711372008
ILI incidence,EE,2026-09-16,2026-09-20,0.15,2,quantile,31.9606746367857
ILI incidence,EE,2026-09-16,2026-09-20,0.2,2,quantile,36.5326712052418
ILI incidence,EE,2026-09-16,2026-09-20,0.25,2,quantile,44.2611586241147
ILI incidence,EE,2026-09-16,2026-09-20,0.3,2,quantile,51.4682281592954
ILI incidence,EE,2026-09-16,2026-09-20,0.35,2,quantile,59.8768651466495
ILI incidence,EE,2026-09-16,2026-09-20,0.4,2,quantile,67.2650049187333
ILI incidence,EE,2026-09-16,2026-09-20,0.45,2,quantile,74.0599397189813
ILI incidence,EE,2026-09-16,2026-09-20,0.5,2,quantile,83.4139007337209
ILI incidence,EE,2026-09-16,2026-09-20,0.55,2,quantile,95.5724398671509
ILI incidence,EE,2026-09-16,2026-09-20,0.6,2,quantile,111.639023333412
ILI incidence,EE,2026-09-16,2026-09-20,0.65,2,quantile,127.02828886438
ILI incidence,EE,2026-09-16,2026-09-20,0.7,2,quantile,142.916987714412
ILI incidence,EE,2026-09-16,2026-09-20,0.75,2,quantile,158.464074791704
ILI incidence,EE,2026-09-16,2026-09-20,0.8,2,quantile,186.821149616471
ILI incidence,EE,2026-09-16,2026-09-20,0.85,2,quantile,227.40579076652
ILI incidence,EE,2026-09-16,2026-09-20,0.9,2,quantile,281.619302355917
ILI incidence,EE,2026-09-16,2026-09-20,0.95,2,quantile,376.807960232709
ILI incidence,EE,2026-09-16,2026-09-20,0.975,2,quantile,451.020870848618
ILI incidence,EE,2026-09-16,2026-09-20,0.99,2,quantile,561.74769760631
ILI incidence,EE,2026-09-16,2026-09-27,0.01,3,quantile,26.0795619692869
ILI incidence,EE,2026-09-16,2026-09-27,0.025,3,quantile,26.0795619692869
ILI incidence,EE,2026-09-16,2026-09-27,0.05,3,quantile,26.3298711962951
ILI incidence,EE,2026-09-16,2026-09-27,0.1,3,quantile,29.6680858656792
ILI incidence,EE,2026-09-16,2026-09-27,0.15,3,quantile,33.5165450181766
ILI incidence,EE,2026-09-16,2026-09-27,0.2,3,quantile,37.8799014314261
ILI incidence,EE,2026-09-16,2026-09-27,0.25,3,quantile,43.5072524999361
ILI incidence,EE,2026-09-16,2026-09-27,0.3,3,quantile,48.7751331737031
ILI incidence,EE,2026-09-16,2026-09-27,0.35,3,quantile,55.8255740731423
ILI incidence,EE,2026-09-16,2026-09-27,0.4,3,quantile,66.033044674386
ILI incidence,EE,2026-09-16,2026-09-27,0.45,3,quantile,74.8700131647963
ILI incidence,EE,2026-09-16,2026-09-27,0.5,3,quantile,87.6965369480607
ILI incidence,EE,2026-09-16,2026-09-27,0.55,3,quantile,102.094544651779
ILI incidence,EE,2026-09-16,2026-09-27,0.6,3,quantile,119.017532827673
ILI incidence,EE,2026-09-16,2026-09-27,0.65,3,quantile,137.80021250219
ILI incidence,EE,2026-09-16,2026-09-27,0.7,3,quantile,166.062872337006
ILI incidence,EE,2026-09-16,2026-09-27,0.75,3,quantile,201.242653199458
ILI incidence,EE,2026-09-16,2026-09-27,0.8,3,quantile,234.73262150858
ILI incidence,EE,2026-09-16,2026-09-27,0.85,3,quantile,294.431342244668
ILI incidence,EE,2026-09-16,2026-09-27,0.9,3,quantile,367.765070215775
ILI incidence,EE,2026-09-16,2026-09-27,0.95,3,quantile,487.689474035851
ILI incidence,EE,2026-09-16,2026-09-27,0.975,3,quantile,618.304640786696
ILI incidence,EE,2026-09-16,2026-09-27,0.99,3,quantile,735.248496569866
ILI incidence,EE,2026-09-16,2026-10-04,0.01,4,quantile,31.6228988276363
ILI incidence,EE,2026-09-16,2026-10-04,0.025,4,quantile,31.6228988276363
ILI incidence,EE,2026-09-16,2026-10-04,0.05,4,quantile,31.6228988276363
ILI incidence,EE,2026-09-16,2026-10-04,0.1,4,quantile,34.2926603398028
ILI incidence,EE,2026-09-16,2026-10-04,0.15,4,quantile,37.679042855281
ILI incidence,EE,2026-09-16,2026-10-04,0.2,4,quantile,41.1900983973883
ILI incidence,EE,2026-09-16,2026-10-04,0.25,4,quantile,44.3904502943165
ILI incidence,EE,2026-09-16,2026-10-04,0.3,4,quantile,51.2717063028436
ILI incidence,EE,2026-09-16,2026-10-04,0.35,4,quantile,58.5579643714116
ILI incidence,EE,2026-09-16,2026-10-04,0.4,4,quantile,66.9680479022667
ILI incidence,EE,2026-09-16,2026-10-04,0.45,4,quantile,79.9202691176514
ILI incidence,EE,2026-09-16,2026-10-04,0.5,4,quantile,92.1868504704733
ILI incidence,EE,2026-09-16,2026-10-04,0.55,4,quantile,106.404294312219
ILI incidence,EE,2026-09-16,2026-10-04,0.6,4,quantile,121.35213390617
ILI incidence,EE,2026-09-16,2026-10-04,0.65,4,quantile,145.036120048152
ILI incidence,EE,2026-09-16,2026-10-04,0.7,4,quantile,186.117477278328
ILI incidence,EE,2026-09-16,2026-10-04,0.75,4,quantile,222.517230663164
ILI incidence,EE,2026-09-16,2026-10-04,0.8,4,quantile,279.246193702564
ILI incidence,EE,2026-09-16,2026-10-04,0.85,4,quantile,337.656948996558
ILI incidence,EE,2026-09-16,2026-10-04,0.9,4,quantile,441.041236678902
ILI incidence,EE,2026-09-16,2026-10-04,0.95,4,quantile,575.094236910931
ILI incidence,EE,2026-09-16,2026-10-04,0.975,4,quantile,773.92554635584
ILI incidence,EE,2026-09-16,2026-10-04,0.99,4,quantile,970.224481368533
ILI incidence,EE,2026-09-16,2026-09-13,,1,median,79.3650079013387
ILI incidence,EE,2026-09-16,2026-09-20,,2,median,83.4139007337209
ILI incidence,EE,2026-09-16,2026-09-27,,3,median,87.6965369480607
ILI incidence,EE,2026-09-16,2026-10-04,,4,median,92.1868504704733
ILI incidence,ES,2026-09-16,2026-09-13,0.01,1,quantile,1.79312285565998
ILI incidence,ES,2026-09-16,2026-09-13,0.025,1,quantile,3.0231063411219
ILI incidence,ES,2026-09-16,2026-09-13,0.05,1,quantile,4.18748498984929
ILI incidence,ES,2026-09-16,2026-09-13,0.1,1,quantile,5.36381733605474
ILI incidence,ES,2026-09-16,2026-09-13,0.15,1,quantile,6.55517138206485
ILI incidence,ES,2026-09-16,2026-09-13,0.2,1,quantile,8.0984714460091
ILI incidence,ES,2026-09-16,2026-09-13,0.25,1,quantile,9.10217896259609
ILI incidence,ES,2026-09-16,2026-09-13,0.3,1,quantile,9.79429078997624
ILI incidence,ES,2026-09-16,2026-09-13,0.35,1,quantile,10.6567624638501
ILI incidence,ES,2026-09-16,2026-09-13,0.4,1,quantile,11.6037510847042
ILI incidence,ES,2026-09-16,2026-09-13,0.45,1,quantile,12.3657457470114
ILI incidence,ES,2026-09-16,2026-09-13,0.5,1,quantile,13.3049802002924
ILI incidence,ES,2026-09-16,2026-09-13,0.55,1,quantile,13.959799602909
ILI incidence,ES,2026-09-16,2026-09-13,0.6,1,quantile,14.8488492878147
ILI incidence,ES,2026-09-16,2026-09-13,0.65,1,quantile,16.1279456867806
ILI incidence,ES,2026-09-16,2026-09-13,0.7,1,quantile,17.2406114803469
ILI incidence,ES,2026-09-16,2026-09-13,0.75,1,quantile,18.6954134420997
ILI incidence,ES,2026-09-16,2026-09-13,0.8,1,quantile,20.0730455982522
ILI incidence,ES,2026-09-16,2026-09-13,0.85,1,quantile,22.490033306965
ILI incidence,ES,2026-09-16,2026-09-13,0.9,1,quantile,26.0190047817421
ILI incidence,ES,2026-09-16,2026-09-13,0.95,1,quantile,30.2689679090441
ILI incidence,ES,2026-09-16,2026-09-13,0.975,1,quantile,34.4973324139329
ILI incidence,ES,2026-09-16,2026-09-13,0.99,1,quantile,38.2546788388642
ILI incidence,ES,2026-09-16,2026-09-20,0.01,2,quantile,0.736700005545568
ILI incidence,ES,2026-09-16,2026-09-20,0.025,2,quantile,1.57399882044475
ILI incidence,ES,2026-09-16,2026-09-20,0.05,2,quantile,3.44665641890681
ILI incidence,ES,2026-09-16,2026-09-20,0.1,2,quantile,5.00217496810258
ILI incidence,ES,2026-09-16,2026-09-20,0.15,2,quantile,6.44243961603206
ILI incidence,ES,2026-09-16,2026-09-20,0.2,2,quantile,7.6796460405101
ILI incidence,ES,2026-09-16,2026-09-20,0.25,2,quantile,9.03819870829256
ILI incidence,ES,2026-09-16,2026-09-20,0.3,2,quantile,10.1102532550328
ILI incidence,ES,2026-09-16,2026-09-20,0.35,2,quantile,11.0258949648853
ILI incidence,ES,2026-09-16,2026-09-20,0.4,2,quantile,12.074354693332
ILI incidence,ES,2026-09-16,2026-09-20,0.45,2,quantile,13.7822464588372
ILI incidence,ES,2026-09-16,2026-09-20,0.5,2,quantile,15.2078296534522
ILI incidence,ES,2026-09-16,2026-09-20,0.55,2,quantile,16.8424497478614
ILI incidence,ES,2026-09-16,2026-09-20,0.6,2,quantile,18.6109002298278
ILI incidence,ES,2026-09-16,2026-09-20,0.65,2,quantile,21.0308515597476
ILI incidence,ES,2026-09-16,2026-09-20,0.7,2,quantile,22.5924686306885
ILI incidence,ES,2026-09-16,2026-09-20,0.75,2,quantile,25.0465097341306
ILI incidence,ES,2026-09-16,2026-09-20,0.8,2,quantile,28.0624983999502
ILI incidence,ES,2026-09-16,2026-09-20,0.85,2,quantile,32.4324882236316
ILI incidence,ES,2026-09-16,2026-09-20,0.9,2,quantile,40.7108749850007
ILI incidence,ES,2026-09-16,2026-09-20,0.95,2,quantile,50.6805080874915
ILI incidence,ES,2026-09-16,2026-09-20,0.975,2,quantile,59.7507326910425
ILI incidence,ES,2026-09-16,2026-09-20,0.99,2,quantile,73.7515962010846
ILI incidence,ES,2026-09-16,2026-09-27,0.01,3,quantile,0
ILI incidence,ES,2026-09-16,2026-09-27,0.025,3,quantile,0.594682274368013
ILI incidence,ES,2026-09-16,2026-09-27,0.05,3,quantile,2.58960505506184
ILI incidence,ES,2026-09-16,2026-09-27,0.1,3,quantile,4.80346205626142
ILI incidence,ES,2026-09-16,2026-09-27,0.15,3,quantile,6.2659495093069
ILI incidence,ES,2026-09-16,2026-09-27,0.2,3,quantile,7.66807968190862
ILI incidence,ES,2026-09-16,2026-09-27,0.25,3,quantile,8.75775809977238
ILI incidence,ES,2026-09-16,2026-09-27,0.3,3,quantile,10.1625694359354
ILI incidence,ES,2026-09-16,2026-09-27,0.35,3,quantile,11.5150569491727
ILI incidence,ES,2026-09-16,2026-09-27,0.4,3,quantile,13.1695249244291
ILI incidence,ES,2026-09-16,2026-09-27,0.45,3,quantile,15.1178487798832
ILI incidence,ES,2026-09-16,2026-09-27,0.5,3,quantile,17.279522459239
ILI incidence,ES,2026-09-16,2026-09-27,0.55,3,quantile,20.0188023450012
ILI incidence,ES,2026-09-16,2026-09-27,0.6,3,quantile,22.8766980413463
ILI incidence,ES,2026-09-16,2026-09-27,0.65,3,quantile,26.0173765240242
ILI incidence,ES,2026-09-16,2026-09-27,0.7,3,quantile,28.9365925133881
ILI incidence,ES,2026-09-16,2026-09-27,0.75,3,quantile,34.041245069205
ILI incidence,ES,2026-09-16,2026-09-27,0.8,3,quantile,38.6482016027889
ILI incidence,ES,2026-09-16,2026-09-27,0.85,3,quantile,46.7813546860282
ILI incidence,ES,2026-09-16,2026-09-27,0.9,3,quantile,59.8112115083473
ILI incidence,ES,2026-09-16,2026-09-27,0.95,3,quantile,81.2820306317234
ILI incidence,ES,2026-09-16,2026-09-27,0.975,3,quantile,102.506802688268
ILI incidence,ES,2026-09-16,2026-09-27,0.99,3,quantile,121.974296544496
ILI incidence,ES,2026-09-16,2026-10-04,0.01,4,quantile,0
ILI incidence,ES,2026-09-16,2026-10-04,0.025,4,quantile,0
ILI incidence,ES,2026-09-16,2026-10-04,0.05,4,quantile,0.944470910754757
ILI incidence,ES,2026-09-16,2026-10-04,0.1,4,quantile,3.33022870438741
ILI incidence,ES,2026-09-16,2026-10-04,0.15,4,quantile,5.09126976418411
ILI incidence,ES,2026-09-16,2026-10-04,0.2,4,quantile,6.62350222529394
ILI incidence,ES,2026-09-16,2026-10-04,0.25,4,quantile,8.37870786638585
ILI incidence,ES,2026-09-16,2026-10-04,0.3,4,quantile,9.91235657341604
ILI incidence,ES,2026-09-16,2026-10-04,0.35,4,quantile,11.9755568285901
ILI incidence,ES,2026-09-16,2026-10-04,0.4,4,quantile,14.2407914530916
ILI incidence,ES,2026-09-16,2026-10-04,0.45,4,quantile,16.8026956173129
ILI incidence,ES,2026-09-16,2026-10-04,0.5,4,quantile,19.5260747341753
ILI incidence,ES,2026-09-16,2026-10-04,0.55,4,quantile,22.4695567494539
ILI incidence,ES,2026-09-16,2026-10-04,0.6,4,quantile,26.5070942115215
ILI incidence,ES,2026-09-16,2026-10-04,0.65,4,quantile,30.2641964460407
ILI incidence,ES,2026-09-16,2026-10-04,0.7,4,quantile,36.1558086116864
ILI incidence,ES,2026-09-16,2026-10-04,0.75,4,quantile,42.7883114823087
ILI incidence,ES,2026-09-16,2026-10-04,0.8,4,quantile,54.7559732030841
ILI incidence,ES,2026-09-16,2026-10-04,0.85,4,quantile,67.927111031373
ILI incidence,ES,2026-09-16,2026-10-04,0.9,4,quantile,83.4571726280214
ILI incidence,ES,2026-09-16,2026-10-04,0.95,4,quantile,116.113621092037
ILI incidence,ES,2026-09-16,2026-10-04,0.975,4,quantile,147.681897567761
ILI incidence,ES,2026-09-16,2026-10-04,0.99,4,quantile,185.145430577976
ILI incidence,ES,2026-09-16,2026-09-13,,1,median,13.3049802002924
ILI incidence,ES,2026-09-16,2026-09-20,,2,median,15.2078296534522
ILI incidence,ES,2026-09-16,2026-09-27,,3,median,17.279522459239
ILI incidence,ES,2026-09-16,2026-10-04,,4,median,19.5260747341753
ILI incidence,FI,2026-09-16,2026-09-13,0.01,1,quantile,0
ILI incidence,FI,2026-09-16,2026-09-13,0.025,1,quantile,0
ILI incidence,FI,2026-09-16,2026-09-13,0.05,1,quantile,0
ILI incidence,FI,2026-09-16,2026-09-13,0.1,1,quantile,0
ILI incidence,FI,2026-09-16,2026-09-13,0.15,1,quantile,0
ILI incidence,FI,2026-09-16,2026-09-13,0.2,1,quantile,0
ILI incidence,FI,2026-09-16,2026-09-13,0.25,1,quantile,0.361732650114007
ILI incidence,FI,2026-09-16,2026-09-13,0.3,1,quantile,1.9727083029714
ILI incidence,FI,2026-09-16,2026-09-13,0.35,1,quantile,5.45531601232559
ILI incidence,FI,2026-09-16,2026-09-13,0.4,1,quantile,10.7975548497554
ILI incidence,FI,2026-09-16,2026-09-13,0.45,1,quantile,15.6839824265377
ILI incidence,FI,2026-09-16,2026-09-13,0.5,1,quantile,20.6691827417355
ILI incidence,FI,2026-09-16,2026-09-13,0.55,1,quantile,27.2248206463201
ILI incidence,FI,2026-09-16,2026-09-13,0.6,1,quantile,35.6022058525898
ILI incidence,FI,2026-09-16,2026-09-13,0.65,1,quantile,45.4935658352888
ILI incidence,FI,2026-09-16,2026-09-13,0.7,1,quantile,55.3884143920106
ILI incidence,FI,2026-09-16,2026-09-13,0.75,1,quantile,68.0502281931903
ILI incidence,FI,2026-09-16,2026-09-13,0.8,1,quantile,85.6229357963547
ILI incidence,FI,2026-09-16,2026-09-13,0.85,1,quantile,101.461260519052
ILI incidence,FI,2026-09-16,2026-09-13,0.9,1,quantile,135.864515246983
ILI incidence,FI,2026-09-16,2026-09-13,0.95,1,quantile,183.1314550809
ILI incidence,FI,2026-09-16,2026-09-13,0.975,1,quantile,252.646584226957
ILI incidence,FI,2026-09-16,2026-09-13,0.99,1,quantile,317.798624707727
ILI incidence,FI,2026-09-16,2026-09-20,0.01,2,quantile,0
ILI incidence,FI,2026-09-16,2026-09-20,0.025,2,quantile,0
ILI incidence,FI,2026-09-16,2026-09-20,0.05,2,quantile,0
ILI incidence,FI,2026-09-16,2026-09-20,0.1,2,quantile,0
ILI incidence,FI,2026-09-16,2026-09-20,0.15,2,quantile,0
ILI incidence,FI,2026-09-16,2026-09-20,0.2,2,quantile,0
ILI incidence,FI,2026-09-16,2026-09-20,0.25,2,quantile,0
ILI incidence,FI,2026-09-16,2026-09-20,0.3,2,quantile,0.528717994492512
ILI incidence,FI,2026-09-16,2026-09-20,0.35,2,quantile,4.79285712890261
ILI incidence,FI,2026-09-16,2026-09-20,0.4,2,quantile,10.1041660446546
ILI incidence,FI,2026-09-16,2026-09-20,0.45,2,quantile,16.4587540497328
ILI incidence,FI,2026-09-16,2026-09-20,0.5,2,quantile,23.3354504005908
ILI incidence,FI,2026-09-16,2026-09-20,0.55,2,quantile,31.4801443763388
ILI incidence,FI,2026-09-16,2026-09-20,0.6,2,quantile,39.0611364585504
ILI incidence,FI,2026-09-16,2026-09-20,0.65,2,quantile,49.9497447414068
ILI incidence,FI,2026-09-16,2026-09-20,0.7,2,quantile,61.4762190412893
ILI incidence,FI,2026-09-16,2026-09-20,0.75,2,quantile,77.0201042675957
ILI incidence,FI,2026-09-16,2026-09-20,0.8,2,quantile,99.117950329969
ILI incidence,FI,2026-09-16,2026-09-20,0.85,2,quantile,128.607695403434
ILI incidence,FI,2026-09-16,2026-09-20,0.9,2,quantile,172.18243282266
ILI incidence,FI,2026-09-16,2026-09-20,0.95,2,quantile,256.738065610625
ILI incidence,FI,2026-09-16,2026-09-20,0.975,2,quantile,359.618861871345
ILI incidence,FI,2026-09-16,2026-09-20,0.99,2,quantile,488.218928537829
ILI incidence,FI,2026-09-16,2026-09-27,0.01,3,quantile,0
ILI incidence,FI,2026-09-16,2026-09-27,0.025,3,quantile,0
ILI incidence,FI,2026-09-16,2026-09-27,0.05,3,quantile,0
ILI incidence,FI,2026-09-16,2026-09-27,0.1,3,quantile,0
ILI incidence,FI,2026-09-16,2026-09-27,0.15,3,quantile,0
ILI incidence,FI,2026-09-16,2026-09-27,0.2,3,quantile,0
ILI incidence,FI,2026-09-16,2026-09-27,0.25,3,quantile,0
ILI incidence,FI,2026-09-16,2026-09-27,0.3,3,quantile,1.82881526483829
ILI incidence,FI,2026-09-16,2026-09-27,0.35,3,quantile,7.07943828809535
ILI incidence,FI,2026-09-16,2026-09-27,0.4,3,quantile,13.0278020013593
ILI incidence,FI,2026-09-16,2026-09-27,0.45,3,quantile,18.3310924345805
ILI incidence,FI,2026-09-16,2026-09-27,0.5,3,quantile,26.3843489974721
ILI incidence,FI,2026-09-16,2026-09-27,0.55,3,quantile,34.8771826463999
ILI incidence,FI,2026-09-16,2026-09-27,0.6,3,quantile,44.1112921114207
ILI incidence,FI,2026-09-16,2026-09-27,0.65,3,quantile,56.4548904459169
ILI incidence,FI,2026-09-16,2026-09-27,0.7,3,quantile,78.1440172852645
ILI incidence,FI,2026-09-16,2026-09-27,0.75,3,quantile,100.455488426695
ILI incidence,FI,2026-09-16,2026-09-27,0.8,3,quantile,120.425848682713
ILI incidence,FI,2026-09-16,2026-09-27,0.85,3,quantile,160.6318841051
ILI incidence,FI,2026-09-16,2026-09-27,0.9,3,quantile,225.235110510522
ILI incidence,FI,2026-09-16,2026-09-27,0.95,3,quantile,354.054529737877
ILI incidence,FI,2026-09-16,2026-09-27,0.975,3,quantile,504.659292677497
ILI incidence,FI,2026-09-16,2026-09-27,0.99,3,quantile,689.559340440589
ILI incidence,FI,2026-09-16,2026-10-04,0.01,4,quantile,0
ILI incidence,FI,2026-09-16,2026-10-04,0.025,4,quantile,0
ILI incidence,FI,2026-09-16,2026-10-04,0.05,4,quantile,0
ILI incidence,FI,2026-09-16,2026-10-04,0.1,4,quantile,0
ILI incidence,FI,2026-09-16,2026-10-04,0.15,4,quantile,0
ILI incidence,FI,2026-09-16,2026-10-04,0.2,4,quantile,0
ILI incidence,FI,2026-09-16,2026-10-04,0.25,4,quantile,0
ILI incidence,FI,2026-09-16,2026-10-04,0.3,4,quantile,1.42641637024605
ILI incidence,FI,2026-09-16,2026-10-04,0.35,4,quantile,6.68379699219055
ILI incidence,FI,2026-09-16,2026-10-04,0.4,4,quantile,13.3728929930105
ILI incidence,FI,2026-09-16,2026-10-04,0.45,4,quantile,21.2839669571592
ILI incidence,FI,2026-09-16,2026-10-04,0.5,4,quantile,29.8604947329731
ILI incidence,FI,2026-09-16,2026-10-04,0.55,4,quantile,41.9877979204148
ILI incidence,FI,2026-09-16,2026-10-04,0.6,4,quantile,53.9434787987445
ILI incidence,FI,2026-09-16,2026-10-04,0.65,4,quantile,68.9339233760113
ILI incidence,FI,2026-09-16,2026-10-04,0.7,4,quantile,87.5638663135827
ILI incidence,FI,2026-09-16,2026-10-04,0.75,4,quantile,113.863793148305
ILI incidence,FI,2026-09-16,2026-10-04,0.8,4,quantile,148.335718145844
ILI incidence,FI,2026-09-16,2026-10-04,0.85,4,quantile,215.534917402277
ILI incidence,FI,2026-09-16,2026-10-04,0.9,4,quantile,291.264164052483
ILI incidence,FI,2026-09-16,2026-10-04,0.95,4,quantile,449.560945946653
ILI incidence,FI,2026-09-16,2026-10-04,0.975,4,quantile,629.851969015799
ILI incidence,FI,2026-09-16,2026-10-04,0.99,4,quantile,808.162817851698
ILI incidence,FI,2026-09-16,2026-09-13,,1,median,20.6691827417355
ILI incidence,FI,2026-09-16,2026-09-20,,2,median,23.3354504005908
ILI incidence,FI,2026-09-16,2026-09-27,,3,median,26.3843489974721
ILI incidence,FI,2026-09-16,2026-10-04,,4,median,29.8604947329731
ILI incidence,GB-ENG,2026-09-16,2026-09-13,0.01,1,quantile,0
ILI incidence,GB-ENG,2026-09-16,2026-09-13,0.025,1,quantile,0
ILI incidence,GB-ENG,2026-09-16,2026-09-13,0.05,1,quantile,0
ILI incidence,GB-ENG,2026-09-16,2026-09-13,0.1,1,quantile,0
ILI incidence,GB-ENG,2026-09-16,2026-09-13,0.15,1,quantile,0.105715105804655
ILI incidence,GB-ENG,2026-09-16,2026-09-13,0.2,1,quantile,0.247231589868885
ILI incidence,GB-ENG,2026-09-16,2026-09-13,0.25,1,quantile,0.388872953234919
ILI incidence,GB-ENG,2026-09-16,2026-09-13,0.3,1,quantile,0.524978085342094
ILI incidence,GB-ENG,2026-09-16,2026-09-13,0.35,1,quantile,0.696709937334181
ILI incidence,GB-ENG,2026-09-16,2026-09-13,0.4,1,quantile,0.956330259482143
ILI incidence,GB-ENG,2026-09-16,2026-09-13,0.45,1,quantile,1.21979989259888
ILI incidence,GB-ENG,2026-09-16,2026-09-13,0.5,1,quantile,1.44450580784252
ILI incidence,GB-ENG,2026-09-16,2026-09-13,0.55,1,quantile,1.73348203772019
ILI incidence,GB-ENG,2026-09-16,2026-09-13,0.6,1,quantile,2.07749343572018
ILI incidence,GB-ENG,2026-09-16,2026-09-13,0.65,1,quantile,2.46944532615473
ILI incidence,GB-ENG,2026-09-16,2026-09-13,0.7,1,quantile,2.86715373065914
ILI incidence,GB-ENG,2026-09-16,2026-09-13,0.75,1,quantile,3.2944580448528
ILI incidence,GB-ENG,2026-09-16,2026-09-13,0.8,1,quantile,3.81036054054377
ILI incidence,GB-ENG,2026-09-16,2026-09-13,0.85,1,quantile,4.39758674590303
ILI incidence,GB-ENG,2026-09-16,2026-09-13,0.9,1,quantile,5.23721045299661
ILI incidence,GB-ENG,2026-09-16,2026-09-13,0.95,1,quantile,7.00252368213583
ILI incidence,GB-ENG,2026-09-16,2026-09-13,0.975,1,quantile,8.81595580531719
ILI incidence,GB-ENG,2026-09-16,2026-09-13,0.99,1,quantile,10.4102697138701
ILI incidence,GB-ENG,2026-09-16,2026-09-20,0.01,2,quantile,0
ILI incidence,GB-ENG,2026-09-16,2026-09-20,0.025,2,quantile,0
ILI incidence,GB-ENG,2026-09-16,2026-09-20,0.05,2,quantile,0
ILI incidence,GB-ENG,2026-09-16,2026-09-20,0.1,2,quantile,0.0481824828031135
ILI incidence,GB-ENG,2026-09-16,2026-09-20,0.15,2,quantile,0.165645378767847
ILI incidence,GB-ENG,2026-09-16,2026-09-20,0.2,2,quantile,0.367545814331073
ILI incidence,GB-ENG,2026-09-16,2026-09-20,0.25,2,quantile,0.510490560386916
ILI incidence,GB-ENG,2026-09-16,2026-09-20,0.3,2,quantile,0.704778448632016
ILI incidence,GB-ENG,2026-09-16,2026-09-20,0.35,2,quantile,0.898583648408143
ILI incidence,GB-ENG,2026-09-16,2026-09-20,0.4,2,quantile,1.07064506022135
ILI incidence,GB-ENG,2026-09-16,2026-09-20,0.45,2,quantile,1.3268927332134
ILI incidence,GB-ENG,2026-09-16,2026-09-20,0.5,2,quantile,1.58195035498716
ILI incidence,GB-ENG,2026-09-16,2026-09-20,0.55,2,quantile,1.91625871057013
ILI incidence,GB-ENG,2026-09-16,2026-09-20,0.6,2,quantile,2.25707432719776
ILI incidence,GB-ENG,2026-09-16,2026-09-20,0.65,2,quantile,2.72767261177126
ILI incidence,GB-ENG,2026-09-16,2026-09-20,0.7,2,quantile,3.16588998921942
ILI incidence,GB-ENG,2026-09-16,2026-09-20,0.75,2,quantile,3.75294940979009
ILI incidence,GB-ENG,2026-09-16,2026-09-20,0.8,2,quantile,4.51317759870575
ILI incidence,GB-ENG,2026-09-16,2026-09-20,0.85,2,quantile,5.45563899390825
ILI incidence,GB-ENG,2026-09-16,2026-09-20,0.9,2,quantile,7.09074854783932
ILI incidence,GB-ENG,2026-09-16,2026-09-20,0.95,2,quantile,10.7417305471934
ILI incidence,GB-ENG,2026-09-16,2026-09-20,0.975,2,quantile,13.7886209262193
ILI incidence,GB-ENG,2026-09-16,2026-09-20,0.99,2,quantile,16.5345418301272
ILI incidence,GB-ENG,2026-09-16,2026-09-27,0.01,3,quantile,0
ILI incidence,GB-ENG,2026-09-16,2026-09-27,0.025,3,quantile,0
ILI incidence,GB-ENG,2026-09-16,2026-09-27,0.05,3,quantile,0
ILI incidence,GB-ENG,2026-09-16,2026-09-27,0.1,3,quantile,0.0195996380280366
ILI incidence,GB-ENG,2026-09-16,2026-09-27,0.15,3,quantile,0.202097070899879
ILI incidence,GB-ENG,2026-09-16,2026-09-27,0.2,3,quantile,0.390900247938126
ILI incidence,GB-ENG,2026-09-16,2026-09-27,0.25,3,quantile,0.57380926049101
ILI incidence,GB-ENG,2026-09-16,2026-09-27,0.3,3,quantile,0.720681012234648
ILI incidence,GB-ENG,2026-09-16,2026-09-27,0.35,3,quantile,0.914095422734384
ILI incidence,GB-ENG,2026-09-16,2026-09-27,0.4,3,quantile,1.11603276345022
ILI incidence,GB-ENG,2026-09-16,2026-09-27,0.45,3,quantile,1.36324612455481
ILI incidence,GB-ENG,2026-09-16,2026-09-27,0.5,3,quantile,1.73660769844673
ILI incidence,GB-ENG,2026-09-16,2026-09-27,0.55,3,quantile,2.01939007707359
ILI incidence,GB-ENG,2026-09-16,2026-09-27,0.6,3,quantile,2.41817081512168
ILI incidence,GB-ENG,2026-09-16,2026-09-27,0.65,3,quantile,2.85305644785813
ILI incidence,GB-ENG,2026-09-16,2026-09-27,0.7,3,quantile,3.34794962985357
ILI incidence,GB-ENG,2026-09-16,2026-09-27,0.75,3,quantile,4.15849086679994
ILI incidence,GB-ENG,2026-09-16,2026-09-27,0.8,3,quantile,5.07588677475839
ILI incidence,GB-ENG,2026-09-16,2026-09-27,0.85,3,quantile,6.59699823812889
ILI incidence,GB-ENG,2026-09-16,2026-09-27,0.9,3,quantile,8.9091717152727
ILI incidence,GB-ENG,2026-09-16,2026-09-27,0.95,3,quantile,14.1980737299557
ILI incidence,GB-ENG,2026-09-16,2026-09-27,0.975,3,quantile,17.8003625364465
ILI incidence,GB-ENG,2026-09-16,2026-09-27,0.99,3,quantile,21.2744245127264
ILI incidence,GB-ENG,2026-09-16,2026-10-04,0.01,4,quantile,0
ILI incidence,GB-ENG,2026-09-16,2026-10-04,0.025,4,quantile,0
ILI incidence,GB-ENG,2026-09-16,2026-10-04,0.05,4,quantile,0
ILI incidence,GB-ENG,2026-09-16,2026-10-04,0.1,4,quantile,0.113961993169221
ILI incidence,GB-ENG,2026-09-16,2026-10-04,0.15,4,quantile,0.326297802761718
ILI incidence,GB-ENG,2026-09-16,2026-10-04,0.2,4,quantile,0.528052244657914
ILI incidence,GB-ENG,2026-09-16,2026-10-04,0.25,4,quantile,0.711475473987822
ILI incidence,GB-ENG,2026-09-16,2026-10-04,0.3,4,quantile,0.912959508625064
ILI incidence,GB-ENG,2026-09-16,2026-10-04,0.35,4,quantile,1.1535883830558
ILI incidence,GB-ENG,2026-09-16,2026-10-04,0.4,4,quantile,1.38340557441077
ILI incidence,GB-ENG,2026-09-16,2026-10-04,0.45,4,quantile,1.63628785827579
ILI incidence,GB-ENG,2026-09-16,2026-10-04,0.5,4,quantile,1.90897472787584
ILI incidence,GB-ENG,2026-09-16,2026-10-04,0.55,4,quantile,2.29686519194664
ILI incidence,GB-ENG,2026-09-16,2026-10-04,0.6,4,quantile,2.7905452481501
ILI incidence,GB-ENG,2026-09-16,2026-10-04,0.65,4,quantile,3.5787898425083
ILI incidence,GB-ENG,2026-09-16,2026-10-04,0.7,4,quantile,4.23965658540663
ILI incidence,GB-ENG,2026-09-16,2026-10-04,0.75,4,quantile,5.45776004437069
ILI incidence,GB-ENG,2026-09-16,2026-10-04,0.8,4,quantile,6.89192579238364
ILI incidence,GB-ENG,2026-09-16,2026-10-04,0.85,4,quantile,8.62258963164262
ILI incidence,GB-ENG,2026-09-16,2026-10-04,0.9,4,quantile,11.648779948709
ILI incidence,GB-ENG,2026-09-16,2026-10-04,0.95,4,quantile,16.8048293426686
ILI incidence,GB-ENG,2026-09-16,2026-10-04,0.975,4,quantile,21.5531092719677
ILI incidence,GB-ENG,2026-09-16,2026-10-04,0.99,4,quantile,25.3449351232635
ILI incidence,GB-ENG,2026-09-16,2026-09-13,,1,median,1.44450580784252
ILI incidence,GB-ENG,2026-09-16,2026-09-20,,2,median,1.58195035498716
ILI incidence,GB-ENG,2026-09-16,2026-09-27,,3,median,1.73660769844673
ILI incidence,GB-ENG,2026-09-16,2026-10-04,,4,median,1.90897472787584
ILI incidence,GB-NIR,2026-09-16,2026-09-13,0.01,1,quantile,0.271733200919378
ILI incidence,GB-NIR,2026-09-16,2026-09-13,0.025,1,quantile,0.271733200919378
ILI incidence,GB-NIR,2026-09-16,2026-09-13,0.05,1,quantile,0.271733200919378
ILI incidence,GB-NIR,2026-09-16,2026-09-13,0.1,1,quantile,0.371348923532501
ILI incidence,GB-NIR,2026-09-16,2026-09-13,0.15,1,quantile,0.528575059327607
ILI incidence,GB-NIR,2026-09-16,2026-09-13,0.2,1,quantile,0.728960844398931
ILI incidence,GB-NIR,2026-09-16,2026-09-13,0.25,1,quantile,0.891317329619711
ILI incidence,GB-NIR,2026-09-16,2026-09-13,0.3,1,quantile,1.09838970372149
ILI incidence,GB-NIR,2026-09-16,2026-09-13,0.35,1,quantile,1.33594468820801
ILI incidence,GB-NIR,2026-09-16,2026-09-13,0.4,1,quantile,1.63425878019125
ILI incidence,GB-NIR,2026-09-16,2026-09-13,0.45,1,quantile,1.9572931984763
ILI incidence,GB-NIR,2026-09-16,2026-09-13,0.5,1,quantile,2.35166101459626
ILI incidence,GB-NIR,2026-09-16,2026-09-13,0.55,1,quantile,2.90073742977555
ILI incidence,GB-NIR,2026-09-16,2026-09-13,0.6,1,quantile,3.55044131955072
ILI incidence,GB-NIR,2026-09-16,2026-09-13,0.65,1,quantile,4.25278579622465
ILI incidence,GB-NIR,2026-09-16,2026-09-13,0.7,1,quantile,5.08864703132769
ILI incidence,GB-NIR,2026-09-16,2026-09-13,0.75,1,quantile,6.54175955139658
ILI incidence,GB-NIR,2026-09-16,2026-09-13,0.8,1,quantile,8.27639163400573
ILI incidence,GB-NIR,2026-09-16,2026-09-13,0.85,1,quantile,10.3274225713634
ILI incidence,GB-NIR,2026-09-16,2026-09-13,0.9,1,quantile,12.8164163894856
ILI incidence,GB-NIR,2026-09-16,2026-09-13,0.95,1,quantile,17.9348506743101
ILI incidence,GB-NIR,2026-09-16,2026-09-13,0.975,1,quantile,23.0995634457323
ILI incidence,GB-NIR,2026-09-16,2026-09-13,0.99,1,quantile,28.2080117464284
ILI incidence,GB-NIR,2026-09-16,2026-09-20,0.01,2,quantile,0.188913411493558
ILI incidence,GB-NIR,2026-09-16,2026-09-20,0.025,2,quantile,0.188913411493558
ILI incidence,GB-NIR,2026-09-16,2026-09-20,0.05,2,quantile,0.188913411493558
ILI incidence,GB-NIR,2026-09-16,2026-09-20,0.1,2,quantile,0.314586934978339
ILI incidence,GB-NIR,2026-09-16,2026-09-20,0.15,2,quantile,0.505991597397348
ILI incidence,GB-NIR,2026-09-16,2026-09-20,0.2,2,quantile,0.662399507870916
ILI incidence,GB-NIR,2026-09-16,2026-09-20,0.25,2,quantile,0.917105633070708
ILI incidence,GB-NIR,2026-09-16,2026-09-20,0.3,2,quantile,1.13027721884652
ILI incidence,GB-NIR,2026-09-16,2026-09-20,0.35,2,quantile,1.4493663921299
ILI incidence,GB-NIR,2026-09-16,2026-09-20,0.4,2,quantile,1.78010959535356
ILI incidence,GB-NIR,2026-09-16,2026-09-20,0.45,2,quantile,2.20320855022609
ILI incidence,GB-NIR,2026-09-16,2026-09-20,0.5,2,quantile,2.61440102257322
ILI incidence,GB-NIR,2026-09-16,2026-09-20,0.55,2,quantile,3.21600362154105
ILI incidence,GB-NIR,2026-09-16,2026-09-20,0.6,2,quantile,4.120061444163
ILI incidence,GB-NIR,2026-09-16,2026-09-20,0.65,2,quantile,5.03629561481844
ILI incidence,GB-NIR,2026-09-16,2026-09-20,0.7,2,quantile,6.19140297359338
ILI incidence,GB-NIR,2026-09-16,2026-09-20,0.75,2,quantile,8.00317846500282
ILI incidence,GB-NIR,2026-09-16,2026-09-20,0.8,2,quantile,10.2522836646367
ILI incidence,GB-NIR,2026-09-16,2026-09-20,0.85,2,quantile,12.590692391051
ILI incidence,GB-NIR,2026-09-16,2026-09-20,0.9,2,quantile,17.7135507917493
ILI incidence,GB-NIR,2026-09-16,2026-09-20,0.95,2,quantile,25.699229805181
ILI incidence,GB-NIR,2026-09-16,2026-09-20,0.975,2,quantile,33.0882330615282
ILI incidence,GB-NIR,2026-09-16,2026-09-20,0.99,2,quantile,46.9746002373604
ILI incidence,GB-NIR,2026-09-16,2026-09-27,0.01,3,quantile,0
ILI incidence,GB-NIR,2026-09-16,2026-09-27,0.025,3,quantile,0
ILI incidence,GB-NIR,2026-09-16,2026-09-27,0.05,3,quantile,0
ILI incidence,GB-NIR,2026-09-16,2026-09-27,0.1,3,quantile,0.15468401684975
ILI incidence,GB-NIR,2026-09-16,2026-09-27,0.15,3,quantile,0.318005649760752
ILI incidence,GB-NIR,2026-09-16,2026-09-27,0.2,3,quantile,0.516931936456379
ILI incidence,GB-NIR,2026-09-16,2026-09-27,0.25,3,quantile,0.748933615495182
ILI incidence,GB-NIR,2026-09-16,2026-09-27,0.3,3,quantile,0.998539440468084
ILI incidence,GB-NIR,2026-09-16,2026-09-27,0.35,3,quantile,1.2872526384775
ILI incidence,GB-NIR,2026-09-16,2026-09-27,0.4,3,quantile,1.70818753434746
ILI incidence,GB-NIR,2026-09-16,2026-09-27,0.45,3,quantile,2.21157694401933
ILI incidence,GB-NIR,2026-09-16,2026-09-27,0.5,3,quantile,2.91072669541681
ILI incidence,GB-NIR,2026-09-16,2026-09-27,0.55,3,quantile,3.94877674991753
ILI incidence,GB-NIR,2026-09-16,2026-09-27,0.6,3,quantile,4.71398654547761
ILI incidence,GB-NIR,2026-09-16,2026-09-27,0.65,3,quantile,6.101969402811
ILI incidence,GB-NIR,2026-09-16,2026-09-27,0.7,3,quantile,7.5653747250211
ILI incidence,GB-NIR,2026-09-16,2026-09-27,0.75,3,quantile,9.23523845307047
ILI incidence,GB-NIR,2026-09-16,2026-09-27,0.8,3,quantile,11.9622805733007
ILI incidence,GB-NIR,2026-09-16,2026-09-27,0.85,3,quantile,16.5603232772248
ILI incidence,GB-NIR,2026-09-16,2026-09-27,0.9,3,quantile,21.0183081610678
ILI incidence,GB-NIR,2026-09-16,2026-09-27,0.95,3,quantile,30.8318642626935
ILI incidence,GB-NIR,2026-09-16,2026-09-27,0.975,3,quantile,43.6929587065665
ILI incidence,GB-NIR,2026-09-16,2026-09-27,0.99,3,quantile,56.4765923343116
ILI incidence,GB-NIR,2026-09-16,2026-10-04,0.01,4,quantile,0
ILI incidence,GB-NIR,2026-09-16,2026-10-04,0.025,4,quantile,0
ILI incidence,GB-NIR,2026-09-16,2026-10-04,0.05,4,quantile,0
ILI incidence,GB-NIR,2026-09-16,2026-10-04,0.1,4,quantile,0
ILI incidence,GB-NIR,2026-09-16,2026-10-04,0.15,4,quantile,0.108297791346834
ILI incidence,GB-NIR,2026-09-16,2026-10-04,0.2,4,quantile,0.365290812990781
ILI incidence,GB-NIR,2026-09-16,2026-10-04,0.25,4,quantile,0.57849845011663
ILI incidence,GB-NIR,2026-09-16,2026-10-04,0.3,4,quantile,0.883360580942079
ILI incidence,GB-NIR,2026-09-16,2026-10-04,0.35,4,quantile,1.33090838575215
ILI incidence,GB-NIR,2026-09-16,2026-10-04,0.4,4,quantile,1.84610601440064
ILI incidence,GB-NIR,2026-09-16,2026-10-04,0.45,4,quantile,2.45606914819825
ILI incidence,GB-NIR,2026-09-16,2026-10-04,0.5,4,quantile,3.24270914711371
ILI incidence,GB-NIR,2026-09-16,2026-10-04,0.55,4,quantile,4.15641001064793
ILI incidence,GB-NIR,2026-09-16,2026-10-04,0.6,4,quantile,5.46726077071201
ILI incidence,GB-NIR,2026-09-16,2026-10-04,0.65,4,quantile,6.97264379452772
ILI incidence,GB-NIR,2026-09-16,2026-10-04,0.7,4,quantile,8.62183002709501
ILI incidence,GB-NIR,2026-09-16,2026-10-04,0.75,4,quantile,11.1544928191336
ILI incidence,GB-NIR,2026-09-16,2026-10-04,0.8,4,quantile,15.3851213887692
ILI incidence,GB-NIR,2026-09-16,2026-10-04,0.85,4,quantile,19.2987761850789
ILI incidence,GB-NIR,2026-09-16,2026-10-04,0.9,4,quantile,26.1584390170446
ILI incidence,GB-NIR,2026-09-16,2026-10-04,0.95,4,quantile,36.5297510205455
ILI incidence,GB-NIR,2026-09-16,2026-10-04,0.975,4,quantile,47.8700393919902
ILI incidence,GB-NIR,2026-09-16,2026-10-04,0.99,4,quantile,65.3682617739712
ILI incidence,GB-NIR,2026-09-16,2026-09-13,,1,median,2.35166101459626
ILI incidence,GB-NIR,2026-09-16,2026-09-20,,2,median,2.61440102257322
ILI incidence,GB-NIR,2026-09-16,2026-09-27,,3,median,2.91072669541681
ILI incidence,GB-NIR,2026-09-16,2026-10-04,,4,median,3.24270914711371
ILI incidence,GB-WLS,2026-09-16,2026-09-13,0.01,1,quantile,0
ILI incidence,GB-WLS,2026-09-16,2026-09-13,0.025,1,quantile,0
ILI incidence,GB-WLS,2026-09-16,2026-09-13,0.05,1,quantile,0
ILI incidence,GB-WLS,2026-09-16,2026-09-13,0.1,1,quantile,0.107950643298109
ILI incidence,GB-WLS,2026-09-16,2026-09-13,0.15,1,quantile,0.197183994084135
ILI incidence,GB-WLS,2026-09-16,2026-09-13,0.2,1,quantile,0.314784169742499
ILI incidence,GB-WLS,2026-09-16,2026-09-13,0.25,1,quantile,0.409947581450732
ILI incidence,GB-WLS,2026-09-16,2026-09-13,0.3,1,quantile,0.516768651950442
ILI incidence,GB-WLS,2026-09-16,2026-09-13,0.35,1,quantile,0.656589661192657
ILI incidence,GB-WLS,2026-09-16,2026-09-13,0.4,1,quantile,0.810847632673609
ILI incidence,GB-WLS,2026-09-16,2026-09-13,0.45,1,quantile,0.952979260151368
ILI incidence,GB-WLS,2026-09-16,2026-09-13,0.5,1,quantile,1.12798739165763
ILI incidence,GB-WLS,2026-09-16,2026-09-13,0.55,1,quantile,1.31735772696655
ILI incidence,GB-WLS,2026-09-16,2026-09-13,0.6,1,quantile,1.53363324789127
ILI incidence,GB-WLS,2026-09-16,2026-09-13,0.65,1,quantile,1.72377480407003
ILI incidence,GB-WLS,2026-09-16,2026-09-13,0.7,1,quantile,2.02845062510216
ILI incidence,GB-WLS,2026-09-16,2026-09-13,0.75,1,quantile,2.31734749990537
ILI incidence,GB-WLS,2026-09-16,2026-09-13,0.8,1,quantile,2.69625198271295
ILI incidence,GB-WLS,2026-09-16,2026-09-13,0.85,1,quantile,3.38315177048188
ILI incidence,GB-WLS,2026-09-16,2026-09-13,0.9,1,quantile,4.20528027688222
ILI incidence,GB-WLS,2026-09-16,2026-09-13,0.95,1,quantile,5.52121103584173
ILI incidence,GB-WLS,2026-09-16,2026-09-13,0.975,1,quantile,6.89091209078737
ILI incidence,GB-WLS,2026-09-16,2026-09-13,0.99,1,quantile,8.37373980775022
ILI incidence,GB-WLS,2026-09-16,2026-09-20,0.01,2,quantile,0
ILI incidence,GB-WLS,2026-09-16,2026-09-20,0.025,2,quantile,0
ILI incidence,GB-WLS,2026-09-16,2026-09-20,0.05,2,quantile,0
ILI incidence,GB-WLS,2026-09-16,2026-09-20,0.1,2,quantile,0.0515124747574401
ILI incidence,GB-WLS,2026-09-16,2026-09-20,0.15,2,quantile,0.17957299892899
ILI incidence,GB-WLS,2026-09-16,2026-09-20,0.2,2,quantile,0.304108105063128
ILI incidence,GB-WLS,2026-09-16,2026-09-20,0.25,2,quantile,0.412625011807312
ILI incidence,GB-WLS,2026-09-16,2026-09-20,0.3,2,quantile,0.533052691010008
ILI incidence,GB-WLS,2026-09-16,2026-09-20,0.35,2,quantile,0.663628783945409
ILI incidence,GB-WLS,2026-09-16,2026-09-20,0.4,2,quantile,0.856173392629492
ILI incidence,GB-WLS,2026-09-16,2026-09-20,0.45,2,quantile,1.05099166401941
ILI incidence,GB-WLS,2026-09-16,2026-09-20,0.5,2,quantile,1.25540024319726
ILI incidence,GB-WLS,2026-09-16,2026-09-20,0.55,2,quantile,1.4306115864618
ILI incidence,GB-WLS,2026-09-16,2026-09-20,0.6,2,quantile,1.68303342875039
ILI incidence,GB-WLS,2026-09-16,2026-09-20,0.65,2,quantile,2.13121985244976
ILI incidence,GB-WLS,2026-09-16,2026-09-20,0.7,2,quantile,2.5666470071719
ILI incidence,GB-WLS,2026-09-16,2026-09-20,0.75,2,quantile,3.06440527962451
ILI incidence,GB-WLS,2026-09-16,2026-09-20,0.8,2,quantile,3.66928576577842
ILI incidence,GB-WLS,2026-09-16,2026-09-20,0.85,2,quantile,4.51527812109591
ILI incidence,GB-WLS,2026-09-16,2026-09-20,0.9,2,quantile,5.89048413431501
ILI incidence,GB-WLS,2026-09-16,2026-09-20,0.95,2,quantile,8.79828527831544
ILI incidence,GB-WLS,2026-09-16,2026-09-20,0.975,2,quantile,11.8459351047601
ILI incidence,GB-WLS,2026-09-16,2026-09-20,0.99,2,quantile,15.2461658741252
ILI incidence,GB-WLS,2026-09-16,2026-09-27,0.01,3,quantile,0
ILI incidence,GB-WLS,2026-09-16,2026-09-27,0.025,3,quantile,0
ILI incidence,GB-WLS,2026-09-16,2026-09-27,0.05,3,quantile,0
ILI incidence,GB-WLS,2026-09-16,2026-09-27,0.1,3,quantile,0
ILI incidence,GB-WLS,2026-09-16,2026-09-27,0.15,3,quantile,0.0450412214369888
ILI incidence,GB-WLS,2026-09-16,2026-09-27,0.2,3,quantile,0.202754836083891
ILI incidence,GB-WLS,2026-09-16,2026-09-27,0.25,3,quantile,0.360573686459862
ILI incidence,GB-WLS,2026-09-16,2026-09-27,0.3,3,quantile,0.55538243406309
ILI incidence,GB-WLS,2026-09-16,2026-09-27,0.35,3,quantile,0.728653659531233
ILI incidence,GB-WLS,2026-09-16,2026-09-27,0.4,3,quantile,0.912214022404733
ILI incidence,GB-WLS,2026-09-16,2026-09-27,0.45,3,quantile,1.14151120153465
ILI incidence,GB-WLS,2026-09-16,2026-09-27,0.5,3,quantile,1.40258704456776
ILI incidence,GB-WLS,2026-09-16,2026-09-27,0.55,3,quantile,1.79658148694694
ILI incidence,GB-WLS,2026-09-16,2026-09-27,0.6,3,quantile,2.1404564331906
ILI incidence,GB-WLS,2026-09-16,2026-09-27,0.65,3,quantile,2.56194789559863
ILI incidence,GB-WLS,2026-09-16,2026-09-27,0.7,3,quantile,3.25324750218617
ILI incidence,GB-WLS,2026-09-16,2026-09-27,0.75,3,quantile,3.94004036626585
ILI incidence,GB-WLS,2026-09-16,2026-09-27,0.8,3,quantile,4.6745246786969
ILI incidence,GB-WLS,2026-09-16,2026-09-27,0.85,3,quantile,6.46552099635072
ILI incidence,GB-WLS,2026-09-16,2026-09-27,0.9,3,quantile,8.70050236977583
ILI incidence,GB-WLS,2026-09-16,2026-09-27,0.95,3,quantile,12.680151282077
ILI incidence,GB-WLS,2026-09-16,2026-09-27,0.975,3,quantile,17.1839739954273
ILI incidence,GB-WLS,2026-09-16,2026-09-27,0.99,3,quantile,24.1742731168749
ILI incidence,GB-WLS,2026-09-16,2026-10-04,0.01,4,quantile,0
ILI incidence,GB-WLS,2026-09-16,2026-10-04,0.025,4,quantile,0
ILI incidence,GB-WLS,2026-09-16,2026-10-04,0.05,4,quantile,0
ILI incidence,GB-WLS,2026-09-16,2026-10-04,0.1,4,quantile,0
ILI incidence,GB-WLS,2026-09-16,2026-10-04,0.15,4,quantile,0.0119446800312964
ILI incidence,GB-WLS,2026-09-16,2026-10-04,0.2,4,quantile,0.159549475474067
ILI incidence,GB-WLS,2026-09-16,2026-10-04,0.25,4,quantile,0.323266498104967
ILI incidence,GB-WLS,2026-09-16,2026-10-04,0.3,4,quantile,0.494511434848908
ILI incidence,GB-WLS,2026-09-16,2026-10-04,0.35,4,quantile,0.672846349326888
ILI incidence,GB-WLS,2026-09-16,2026-10-04,0.4,4,quantile,0.932363188015333
ILI incidence,GB-WLS,2026-09-16,2026-10-04,0.45,4,quantile,1.22801554878524
ILI incidence,GB-WLS,2026-09-16,2026-10-04,0.5,4,quantile,1.5711451166191
ILI incidence,GB-WLS,2026-09-16,2026-10-04,0.55,4,quantile,2.05236689518643
ILI incidence,GB-WLS,2026-09-16,2026-10-04,0.6,4,quantile,2.48470557541224
ILI incidence,GB-WLS,2026-09-16,2026-10-04,0.65,4,quantile,3.04908720529434
ILI incidence,GB-WLS,2026-09-16,2026-10-04,0.7,4,quantile,3.65156500424456
ILI incidence,GB-WLS,2026-09-16,2026-10-04,0.75,4,quantile,4.75407452212136
ILI incidence,GB-WLS,2026-09-16,2026-10-04,0.8,4,quantile,6.26143722286291
ILI incidence,GB-WLS,2026-09-16,2026-10-04,0.85,4,quantile,8.47265071487349
ILI incidence,GB-WLS,2026-09-16,2026-10-04,0.9,4,quantile,11.3980603098039
ILI incidence,GB-WLS,2026-09-16,2026-10-04,0.95,4,quantile,17.6340794163219
ILI incidence,GB-WLS,2026-09-16,2026-10-04,0.975,4,quantile,24.9815791811432
ILI incidence,GB-WLS,2026-09-16,2026-10-04,0.99,4,quantile,35.2785102085942
ILI incidence,GB-WLS,2026-09-16,2026-09-13,,1,median,1.12798739165763
ILI incidence,GB-WLS,2026-09-16,2026-09-20,,2,median,1.25540024319726
ILI incidence,GB-WLS,2026-09-16,2026-09-27,,3,median,1.40258704456776
ILI incidence,GB-WLS,2026-09-16,2026-10-04,,4,median,1.5711451166191
ILI incidence,GR,2026-09-16,2026-09-13,0.01,1,quantile,61.6347297318195
ILI incidence,GR,2026-09-16,2026-09-13,0.025,1,quantile,82.8116534049269
ILI incidence,GR,2026-09-16,2026-09-13,0.05,1,quantile,100.923632880831
ILI incidence,GR,2026-09-16,2026-09-13,0.1,1,quantile,123.224974724612
ILI incidence,GR,2026-09-16,2026-09-13,0.15,1,quantile,136.877229388698
ILI incidence,GR,2026-09-16,2026-09-13,0.2,1,quantile,150.545388712144
ILI incidence,GR,2026-09-16,2026-09-13,0.25,1,quantile,163.276900407815
ILI incidence,GR,2026-09-16,2026-09-13,0.3,1,quantile,173.474415189626
ILI incidence,GR,2026-09-16,2026-09-13,0.35,1,quantile,184.543457319288
ILI incidence,GR,2026-09-16,2026-09-13,0.4,1,quantile,193.685986922841
ILI incidence,GR,2026-09-16,2026-09-13,0.45,1,quantile,204.492215871295
ILI incidence,GR,2026-09-16,2026-09-13,0.5,1,quantile,217.225120130173
ILI incidence,GR,2026-09-16,2026-09-13,0.55,1,quantile,228.162799741735
ILI incidence,GR,2026-09-16,2026-09-13,0.6,1,quantile,241.102236853107
ILI incidence,GR,2026-09-16,2026-09-13,0.65,1,quantile,252.741339561106
ILI incidence,GR,2026-09-16,2026-09-13,0.7,1,quantile,268.283873721468
ILI incidence,GR,2026-09-16,2026-09-13,0.75,1,quantile,282.718122848852
ILI incidence,GR,2026-09-16,2026-09-13,0.8,1,quantile,301.805197623609
ILI incidence,GR,2026-09-16,2026-09-13,0.85,1,quantile,327.509769340328
ILI incidence,GR,2026-09-16,2026-09-13,0.9,1,quantile,356.786534040405
ILI incidence,GR,2026-09-16,2026-09-13,0.95,1,quantile,417.89109431482
ILI incidence,GR,2026-09-16,2026-09-13,0.975,1,quantile,467.80874026586
ILI incidence,GR,2026-09-16,2026-09-13,0.99,1,quantile,551.779475286954
ILI incidence,GR,2026-09-16,2026-09-20,0.01,2,quantile,22.1519893466033
ILI incidence,GR,2026-09-16,2026-09-20,0.025,2,quantile,43.2889975691171
ILI incidence,GR,2026-09-16,2026-09-20,0.05,2,quantile,66.2637227053612
ILI incidence,GR,2026-09-16,2026-09-20,0.1,2,quantile,88.2946778525167
ILI incidence,GR,2026-09-16,2026-09-20,0.15,2,quantile,103.101576747666
ILI incidence,GR,2026-09-16,2026-09-20,0.2,2,quantile,118.660732899062
ILI incidence,GR,2026-09-16,2026-09-20,0.25,2,quantile,133.569286925206
ILI incidence,GR,2026-09-16,2026-09-20,0.3,2,quantile,147.903054069924
ILI incidence,GR,2026-09-16,2026-09-20,0.35,2,quantile,162.95493779821
ILI incidence,GR,2026-09-16,2026-09-20,0.4,2,quantile,180.8629728901
ILI incidence,GR,2026-09-16,2026-09-20,0.45,2,quantile,196.653598398129
ILI incidence,GR,2026-09-16,2026-09-20,0.5,2,quantile,213.612406547542
ILI incidence,GR,2026-09-16,2026-09-20,0.55,2,quantile,233.861857898012
ILI incidence,GR,2026-09-16,2026-09-20,0.6,2,quantile,247.799045504426
ILI incidence,GR,2026-09-16,2026-09-20,0.65,2,quantile,272.450293034356
ILI incidence,GR,2026-09-16,2026-09-20,0.7,2,quantile,294.653185635578
ILI incidence,GR,2026-09-16,2026-09-20,0.75,2,quantile,321.331476507228
ILI incidence,GR,2026-09-16,2026-09-20,0.8,2,quantile,344.930723799419
ILI incidence,GR,2026-09-16,2026-09-20,0.85,2,quantile,381.68432348044
ILI incidence,GR,2026-09-16,2026-09-20,0.9,2,quantile,445.192963468449
ILI incidence,GR,2026-09-16,2026-09-20,0.95,2,quantile,570.616006962896
ILI incidence,GR,2026-09-16,2026-09-20,0.975,2,quantile,672.881595404768
ILI incidence,GR,2026-09-16,2026-09-20,0.99,2,quantile,810.525389626735
ILI incidence,GR,2026-09-16,2026-09-27,0.01,3,quantile,11.5213531739781
ILI incidence,GR,2026-09-16,2026-09-27,0.025,3,quantile,29.1150354432054
ILI incidence,GR,2026-09-16,2026-09-27,0.05,3,quantile,48.9425222463837
ILI incidence,GR,2026-09-16,2026-09-27,0.1,3,quantile,73.3991343098074
ILI incidence,GR,2026-09-16,2026-09-27,0.15,3,quantile,91.9812609025248
ILI incidence,GR,2026-09-16,2026-09-27,0.2,3,quantile,110.510615092501
ILI incidence,GR,2026-09-16,2026-09-27,0.25,3,quantile,132.257541714509
ILI incidence,GR,2026-09-16,2026-09-27,0.3,3,quantile,146.877911473315
ILI incidence,GR,2026-09-16,2026-09-27,0.35,3,quantile,161.234187214512
ILI incidence,GR,2026-09-16,2026-09-27,0.4,3,quantile,177.840464403193
ILI incidence,GR,2026-09-16,2026-09-27,0.45,3,quantile,197.604814203665
ILI incidence,GR,2026-09-16,2026-09-27,0.5,3,quantile,214.679622227568
ILI incidence,GR,2026-09-16,2026-09-27,0.55,3,quantile,245.083881668754
ILI incidence,GR,2026-09-16,2026-09-27,0.6,3,quantile,272.606401686424
ILI incidence,GR,2026-09-16,2026-09-27,0.65,3,quantile,303.261678470026
ILI incidence,GR,2026-09-16,2026-09-27,0.7,3,quantile,339.490120705936
ILI incidence,GR,2026-09-16,2026-09-27,0.75,3,quantile,374.700436962986
ILI incidence,GR,2026-09-16,2026-09-27,0.8,3,quantile,425.89905317231
ILI incidence,GR,2026-09-16,2026-09-27,0.85,3,quantile,488.08238780906
ILI incidence,GR,2026-09-16,2026-09-27,0.9,3,quantile,578.510001483328
ILI incidence,GR,2026-09-16,2026-09-27,0.95,3,quantile,729.277803156485
ILI incidence,GR,2026-09-16,2026-09-27,0.975,3,quantile,917.434484907766
ILI incidence,GR,2026-09-16,2026-09-27,0.99,3,quantile,1185.80705851985
ILI incidence,GR,2026-09-16,2026-10-04,0.01,4,quantile,0
ILI incidence,GR,2026-09-16,2026-10-04,0.025,4,quantile,0
ILI incidence,GR,2026-09-16,2026-10-04,0.05,4,quantile,19.0029609889052
ILI incidence,GR,2026-09-16,2026-10-04,0.1,4,quantile,51.1005309206466
ILI incidence,GR,2026-09-16,2026-10-04,0.15,4,quantile,72.646449621725
ILI incidence,GR,2026-09-16,2026-10-04,0.2,4,quantile,87.8227043379861
ILI incidence,GR,2026-09-16,2026-10-04,0.25,4,quantile,104.177369637989
ILI incidence,GR,2026-09-16,2026-10-04,0.3,4,quantile,124.691005183811
ILI incidence,GR,2026-09-16,2026-10-04,0.35,4,quantile,143.138751269614
ILI incidence,GR,2026-09-16,2026-10-04,0.4,4,quantile,167.906519431008
ILI incidence,GR,2026-09-16,2026-10-04,0.45,4,quantile,190.981491899939
ILI incidence,GR,2026-09-16,2026-10-04,0.5,4,quantile,219.321125948354
ILI incidence,GR,2026-09-16,2026-10-04,0.55,4,quantile,252.94521988098
ILI incidence,GR,2026-09-16,2026-10-04,0.6,4,quantile,284.648509507043
ILI incidence,GR,2026-09-16,2026-10-04,0.65,4,quantile,318.977322070331
ILI incidence,GR,2026-09-16,2026-10-04,0.7,4,quantile,367.449237206408
ILI incidence,GR,2026-09-16,2026-10-04,0.75,4,quantile,421.869278856487
ILI incidence,GR,2026-09-16,2026-10-04,0.8,4,quantile,480.278402918604
ILI incidence,GR,2026-09-16,2026-10-04,0.85,4,quantile,577.88277953923
ILI incidence,GR,2026-09-16,2026-10-04,0.9,4,quantile,730.821415599845
ILI incidence,GR,2026-09-16,2026-10-04,0.95,4,quantile,995.174220326622
ILI incidence,GR,2026-09-16,2026-10-04,0.975,4,quantile,1243.61555571715
ILI incidence,GR,2026-09-16,2026-10-04,0.99,4,quantile,1564.86214110836
ILI incidence,GR,2026-09-16,2026-09-13,,1,median,217.225120130173
ILI incidence,GR,2026-09-16,2026-09-20,,2,median,213.612406547542
ILI incidence,GR,2026-09-16,2026-09-27,,3,median,214.679622227568
ILI incidence,GR,2026-09-16,2026-10-04,,4,median,219.321125948354
ILI incidence,HR,2026-09-16,2026-09-13,0.01,1,quantile,0
ILI incidence,HR,2026-09-16,2026-09-13,0.025,1,quantile,0
ILI incidence,HR,2026-09-16,2026-09-13,0.05,1,quantile,0
ILI incidence,HR,2026-09-16,2026-09-13,0.1,1,quantile,0
ILI incidence,HR,2026-09-16,2026-09-13,0.15,1,quantile,0
ILI incidence,HR,2026-09-16,2026-09-13,0.2,1,quantile,0
ILI incidence,HR,2026-09-16,2026-09-13,0.25,1,quantile,0
ILI incidence,HR,2026-09-16,2026-09-13,0.3,1,quantile,0
ILI incidence,HR,2026-09-16,2026-09-13,0.35,1,quantile,0
ILI incidence,HR,2026-09-16,2026-09-13,0.4,1,quantile,0
ILI incidence,HR,2026-09-16,2026-09-13,0.45,1,quantile,0
ILI incidence,HR,2026-09-16,2026-09-13,0.5,1,quantile,0.581313550851025
ILI incidence,HR,2026-09-16,2026-09-13,0.55,1,quantile,1.02611467223348
ILI incidence,HR,2026-09-16,2026-09-13,0.6,1,quantile,1.57971245310719
ILI incidence,HR,2026-09-16,2026-09-13,0.65,1,quantile,2.20412767367274
ILI incidence,HR,2026-09-16,2026-09-13,0.7,1,quantile,3.10944152741531
ILI incidence,HR,2026-09-16,2026-09-13,0.75,1,quantile,4.11749802123924
ILI incidence,HR,2026-09-16,2026-09-13,0.8,1,quantile,5.55744253655867
ILI incidence,HR,2026-09-16,2026-09-13,0.85,1,quantile,7.42172442616607
ILI incidence,HR,2026-09-16,2026-09-13,0.9,1,quantile,10.4009666856982
ILI incidence,HR,2026-09-16,2026-09-13,0.95,1,quantile,16.2449125914031
ILI incidence,HR,2026-09-16,2026-09-13,0.975,1,quantile,21.0947022909979
ILI incidence,HR,2026-09-16,2026-09-13,0.99,1,quantile,31.9961942328596
ILI incidence,HR,2026-09-16,2026-09-20,0.01,2,quantile,0
ILI incidence,HR,2026-09-16,2026-09-20,0.025,2,quantile,0
ILI incidence,HR,2026-09-16,2026-09-20,0.05,2,quantile,0
ILI incidence,HR,2026-09-16,2026-09-20,0.1,2,quantile,0
ILI incidence,HR,2026-09-16,2026-09-20,0.15,2,quantile,0
ILI incidence,HR,2026-09-16,2026-09-20,0.2,2,quantile,0
ILI incidence,HR,2026-09-16,2026-09-20,0.25,2,quantile,0
ILI incidence,HR,2026-09-16,2026-09-20,0.3,2,quantile,0
ILI incidence,HR,2026-09-16,2026-09-20,0.35,2,quantile,0
ILI incidence,HR,2026-09-16,2026-09-20,0.4,2,quantile,0
ILI incidence,HR,2026-09-16,2026-09-20,0.45,2,quantile,0.0173669392563977
ILI incidence,HR,2026-09-16,2026-09-20,0.5,2,quantile,0.674716173324911
ILI incidence,HR,2026-09-16,2026-09-20,0.55,2,quantile,1.50001312528972
ILI incidence,HR,2026-09-16,2026-09-20,0.6,2,quantile,2.7111622265622
ILI incidence,HR,2026-09-16,2026-09-20,0.65,2,quantile,4.04554271612348
ILI incidence,HR,2026-09-16,2026-09-20,0.7,2,quantile,5.31641445921703
ILI incidence,HR,2026-09-16,2026-09-20,0.75,2,quantile,7.19983889534423
ILI incidence,HR,2026-09-16,2026-09-20,0.8,2,quantile,9.77340534081802
ILI incidence,HR,2026-09-16,2026-09-20,0.85,2,quantile,13.2497358714473
ILI incidence,HR,2026-09-16,2026-09-20,0.9,2,quantile,19.191512201979
ILI incidence,HR,2026-09-16,2026-09-20,0.95,2,quantile,29.4038781943364
ILI incidence,HR,2026-09-16,2026-09-20,0.975,2,quantile,39.6257639733118
ILI incidence,HR,2026-09-16,2026-09-20,0.99,2,quantile,59.1977096582662
ILI incidence,HR,2026-09-16,2026-09-27,0.01,3,quantile,0
ILI incidence,HR,2026-09-16,2026-09-27,0.025,3,quantile,0
ILI incidence,HR,2026-09-16,2026-09-27,0.05,3,quantile,0
ILI incidence,HR,2026-09-16,2026-09-27,0.1,3,quantile,0
ILI incidence,HR,2026-09-16,2026-09-27,0.15,3,quantile,0
ILI incidence,HR,2026-09-16,2026-09-27,0.2,3,quantile,0
ILI incidence,HR,2026-09-16,2026-09-27,0.25,3,quantile,0
ILI incidence,HR,2026-09-16,2026-09-27,0.3,3,quantile,0
ILI incidence,HR,2026-09-16,2026-09-27,0.35,3,quantile,0
ILI incidence,HR,2026-09-16,2026-09-27,0.4,3,quantile,0
ILI incidence,HR,2026-09-16,2026-09-27,0.45,3,quantile,0
ILI incidence,HR,2026-09-16,2026-09-27,0.5,3,quantile,0.783884000742521
ILI incidence,HR,2026-09-16,2026-09-27,0.55,3,quantile,1.92167346429666
ILI incidence,HR,2026-09-16,2026-09-27,0.6,3,quantile,3.52691298414596
ILI incidence,HR,2026-09-16,2026-09-27,0.65,3,quantile,5.14791221445413
ILI incidence,HR,2026-09-16,2026-09-27,0.7,3,quantile,6.94200360775582
ILI incidence,HR,2026-09-16,2026-09-27,0.75,3,quantile,9.62378805206657
ILI incidence,HR,2026-09-16,2026-09-27,0.8,3,quantile,13.3053240566941
ILI incidence,HR,2026-09-16,2026-09-27,0.85,3,quantile,18.9057774377517
ILI incidence,HR,2026-09-16,2026-09-27,0.9,3,quantile,27.271588264251
ILI incidence,HR,2026-09-16,2026-09-27,0.95,3,quantile,43.2589912409318
ILI incidence,HR,2026-09-16,2026-09-27,0.975,3,quantile,66.4476850767725
ILI incidence,HR,2026-09-16,2026-09-27,0.99,3,quantile,92.778468279731
ILI incidence,HR,2026-09-16,2026-10-04,0.01,4,quantile,0
ILI incidence,HR,2026-09-16,2026-10-04,0.025,4,quantile,0
ILI incidence,HR,2026-09-16,2026-10-04,0.05,4,quantile,0
ILI incidence,HR,2026-09-16,2026-10-04,0.1,4,quantile,0
ILI incidence,HR,2026-09-16,2026-10-04,0.15,4,quantile,0
ILI incidence,HR,2026-09-16,2026-10-04,0.2,4,quantile,0
ILI incidence,HR,2026-09-16,2026-10-04,0.25,4,quantile,0
ILI incidence,HR,2026-09-16,2026-10-04,0.3,4,quantile,0
ILI incidence,HR,2026-09-16,2026-10-04,0.35,4,quantile,0
ILI incidence,HR,2026-09-16,2026-10-04,0.4,4,quantile,0
ILI incidence,HR,2026-09-16,2026-10-04,0.45,4,quantile,0
ILI incidence,HR,2026-09-16,2026-10-04,0.5,4,quantile,0.911487487563924
ILI incidence,HR,2026-09-16,2026-10-04,0.55,4,quantile,2.8853928677557
ILI incidence,HR,2026-09-16,2026-10-04,0.6,4,quantile,4.52263603924132
ILI incidence,HR,2026-09-16,2026-10-04,0.65,4,quantile,7.39857810110004
ILI incidence,HR,2026-09-16,2026-10-04,0.7,4,quantile,10.8888501641761
ILI incidence,HR,2026-09-16,2026-10-04,0.75,4,quantile,15.7144245883004
ILI incidence,HR,2026-09-16,2026-10-04,0.8,4,quantile,21.174514274498
ILI incidence,HR,2026-09-16,2026-10-04,0.85,4,quantile,29.438503284362
ILI incidence,HR,2026-09-16,2026-10-04,0.9,4,quantile,45.1482304356157
ILI incidence,HR,2026-09-16,2026-10-04,0.95,4,quantile,68.6478135791079
ILI incidence,HR,2026-09-16,2026-10-04,0.975,4,quantile,102.450779074882
ILI incidence,HR,2026-09-16,2026-10-04,0.99,4,quantile,138.644755156506
ILI incidence,HR,2026-09-16,2026-09-13,,1,median,0.581313550851025
ILI incidence,HR,2026-09-16,2026-09-20,,2,median,0.674716173324911
ILI incidence,HR,2026-09-16,2026-09-27,,3,median,0.783884000742521
ILI incidence,HR,2026-09-16,2026-10-04,,4,median,0.911487487563924
ILI incidence,HU,2026-09-16,2026-09-13,0.01,1,quantile,0
ILI incidence,HU,2026-09-16,2026-09-13,0.025,1,quantile,1.49156840195334
ILI incidence,HU,2026-09-16,2026-09-13,0.05,1,quantile,4.94740882978021
ILI incidence,HU,2026-09-16,2026-09-13,0.1,1,quantile,9.60677707985247
ILI incidence,HU,2026-09-16,2026-09-13,0.15,1,quantile,13.2926332752787
ILI incidence,HU,2026-09-16,2026-09-13,0.2,1,quantile,16.5229603662932
ILI incidence,HU,2026-09-16,2026-09-13,0.25,1,quantile,19.5181639922529
ILI incidence,HU,2026-09-16,2026-09-13,0.3,1,quantile,22.748289635752
ILI incidence,HU,2026-09-16,2026-09-13,0.35,1,quantile,26.0329213694315
ILI incidence,HU,2026-09-16,2026-09-13,0.4,1,quantile,28.7374953634963
ILI incidence,HU,2026-09-16,2026-09-13,0.45,1,quantile,31.8087431463981
ILI incidence,HU,2026-09-16,2026-09-13,0.5,1,quantile,35.0694329452181
ILI incidence,HU,2026-09-16,2026-09-13,0.55,1,quantile,38.7896063462879
ILI incidence,HU,2026-09-16,2026-09-13,0.6,1,quantile,41.3564971183881
ILI incidence,HU,2026-09-16,2026-09-13,0.65,1,quantile,44.6396854296563
ILI incidence,HU,2026-09-16,2026-09-13,0.7,1,quantile,49.6720716301154
ILI incidence,HU,2026-09-16,2026-09-13,0.75,1,quantile,53.5815548895061
ILI incidence,HU,2026-09-16,2026-09-13,0.8,1,quantile,60.3423040446065
ILI incidence,HU,2026-09-16,2026-09-13,0.85,1,quantile,67.5327393027547
ILI incidence,HU,2026-09-16,2026-09-13,0.9,1,quantile,80.2314948758557
ILI incidence,HU,2026-09-16,2026-09-13,0.95,1,quantile,101.980596503001
ILI incidence,HU,2026-09-16,2026-09-13,0.975,1,quantile,123.537841450665
ILI incidence,HU,2026-09-16,2026-09-13,0.99,1,quantile,147.774348236212
ILI incidence,HU,2026-09-16,2026-09-20,0.01,2,quantile,0
ILI incidence,HU,2026-09-16,2026-09-20,0.025,2,quantile,0
ILI incidence,HU,2026-09-16,2026-09-20,0.05,2,quantile,0
ILI incidence,HU,2026-09-16,2026-09-20,0.1,2,quantile,4.21323169906279
ILI incidence,HU,2026-09-16,2026-09-20,0.15,2,quantile,9.52893903709083
ILI incidence,HU,2026-09-16,2026-09-20,0.2,2,quantile,13.4352619627513
ILI incidence,HU,2026-09-16,2026-09-20,0.25,2,quantile,17.1119117900175
ILI incidence,HU,2026-09-16,2026-09-20,0.3,2,quantile,20.6885232813362
ILI incidence,HU,2026-09-16,2026-09-20,0.35,2,quantile,25.4882414500525
ILI incidence,HU,2026-09-16,2026-09-20,0.4,2,quantile,29.0030492577995
ILI incidence,HU,2026-09-16,2026-09-20,0.45,2,quantile,33.0617069088093
ILI incidence,HU,2026-09-16,2026-09-20,0.5,2,quantile,38.2848219942923
ILI incidence,HU,2026-09-16,2026-09-20,0.55,2,quantile,44.1101181485732
ILI incidence,HU,2026-09-16,2026-09-20,0.6,2,quantile,49.1702405532053
ILI incidence,HU,2026-09-16,2026-09-20,0.65,2,quantile,54.2792996520035
ILI incidence,HU,2026-09-16,2026-09-20,0.7,2,quantile,61.6979377804004
ILI incidence,HU,2026-09-16,2026-09-20,0.75,2,quantile,70.0204874672689
ILI incidence,HU,2026-09-16,2026-09-20,0.8,2,quantile,82.1317667859238
ILI incidence,HU,2026-09-16,2026-09-20,0.85,2,quantile,98.7169372085219
ILI incidence,HU,2026-09-16,2026-09-20,0.9,2,quantile,123.147267094525
ILI incidence,HU,2026-09-16,2026-09-20,0.95,2,quantile,168.179386663609
ILI incidence,HU,2026-09-16,2026-09-20,0.975,2,quantile,203.967175732596
ILI incidence,HU,2026-09-16,2026-09-20,0.99,2,quantile,284.923835417697
ILI incidence,HU,2026-09-16,2026-09-27,0.01,3,quantile,0
ILI incidence,HU,2026-09-16,2026-09-27,0.025,3,quantile,0
ILI incidence,HU,2026-09-16,2026-09-27,0.05,3,quantile,0
ILI incidence,HU,2026-09-16,2026-09-27,0.1,3,quantile,0
ILI incidence,HU,2026-09-16,2026-09-27,0.15,3,quantile,4.65620747966819
ILI incidence,HU,2026-09-16,2026-09-27,0.2,3,quantile,9.40868901724183
ILI incidence,HU,2026-09-16,2026-09-27,0.25,3,quantile,15.5864222416716
ILI incidence,HU,2026-09-16,2026-09-27,0.3,3,quantile,20.7884685390202
ILI incidence,HU,2026-09-16,2026-09-27,0.35,3,quantile,25.7668513892427
ILI incidence,HU,2026-09-16,2026-09-27,0.4,3,quantile,30.3396562909102
ILI incidence,HU,2026-09-16,2026-09-27,0.45,3,quantile,35.8106788730677
ILI incidence,HU,2026-09-16,2026-09-27,0.5,3,quantile,42.0893906334462
ILI incidence,HU,2026-09-16,2026-09-27,0.55,3,quantile,50.5070375564975
ILI incidence,HU,2026-09-16,2026-09-27,0.6,3,quantile,59.7150945167441
ILI incidence,HU,2026-09-16,2026-09-27,0.65,3,quantile,70.4986355987489
ILI incidence,HU,2026-09-16,2026-09-27,0.7,3,quantile,81.9807868325814
ILI incidence,HU,2026-09-16,2026-09-27,0.75,3,quantile,93.3371415516101
ILI incidence,HU,2026-09-16,2026-09-27,0.8,3,quantile,114.544031262932
ILI incidence,HU,2026-09-16,2026-09-27,0.85,3,quantile,134.951574665374
ILI incidence,HU,2026-09-16,2026-09-27,0.9,3,quantile,177.123446700987
ILI incidence,HU,2026-09-16,2026-09-27,0.95,3,quantile,258.375014242404
ILI incidence,HU,2026-09-16,2026-09-27,0.975,3,quantile,344.892898393505
ILI incidence,HU,2026-09-16,2026-09-27,0.99,3,quantile,470.404017321906
ILI incidence,HU,2026-09-16,2026-10-04,0.01,4,quantile,0
ILI incidence,HU,2026-09-16,2026-10-04,0.025,4,quantile,0
ILI incidence,HU,2026-09-16,2026-10-04,0.05,4,quantile,0
ILI incidence,HU,2026-09-16,2026-10-04,0.1,4,quantile,0
ILI incidence,HU,2026-09-16,2026-10-04,0.15,4,quantile,0
ILI incidence,HU,2026-09-16,2026-10-04,0.2,4,quantile,0
ILI incidence,HU,2026-09-16,2026-10-04,0.25,4,quantile,5.86899540631757
ILI incidence,HU,2026-09-16,2026-10-04,0.3,4,quantile,11.045281817413
ILI incidence,HU,2026-09-16,2026-10-04,0.35,4,quantile,17.8731518249897
ILI incidence,HU,2026-09-16,2026-10-04,0.4,4,quantile,26.5699972197714
ILI incidence,HU,2026-09-16,2026-10-04,0.45,4,quantile,36.5305258157306
ILI incidence,HU,2026-09-16,2026-10-04,0.5,4,quantile,46.5154848583284
ILI incidence,HU,2026-09-16,2026-10-04,0.55,4,quantile,55.6404948919252
ILI incidence,HU,2026-09-16,2026-10-04,0.6,4,quantile,69.9679809671483
ILI incidence,HU,2026-09-16,2026-10-04,0.65,4,quantile,81.2868202585162
ILI incidence,HU,2026-09-16,2026-10-04,0.7,4,quantile,99.4870583907182
ILI incidence,HU,2026-09-16,2026-10-04,0.75,4,quantile,118.51394395093
ILI incidence,HU,2026-09-16,2026-10-04,0.8,4,quantile,150.049214144413
ILI incidence,HU,2026-09-16,2026-10-04,0.85,4,quantile,186.115346871034
ILI incidence,HU,2026-09-16,2026-10-04,0.9,4,quantile,261.32156146266
ILI incidence,HU,2026-09-16,2026-10-04,0.95,4,quantile,384.716803598309
ILI incidence,HU,2026-09-16,2026-10-04,0.975,4,quantile,474.247675878791
ILI incidence,HU,2026-09-16,2026-10-04,0.99,4,quantile,607.544908855134
ILI incidence,HU,2026-09-16,2026-09-13,,1,median,35.0694329452181
ILI incidence,HU,2026-09-16,2026-09-20,,2,median,38.2848219942923
ILI incidence,HU,2026-09-16,2026-09-27,,3,median,42.0893906334462
ILI incidence,HU,2026-09-16,2026-10-04,,4,median,46.5154848583284
ILI incidence,IE,2026-09-16,2026-09-13,0.01,1,quantile,0
ILI incidence,IE,2026-09-16,2026-09-13,0.025,1,quantile,0
ILI incidence,IE,2026-09-16,2026-09-13,0.05,1,quantile,0
ILI incidence,IE,2026-09-16,2026-09-13,0.1,1,quantile,0
ILI incidence,IE,2026-09-16,2026-09-13,0.15,1,quantile,0
ILI incidence,IE,2026-09-16,2026-09-13,0.2,1,quantile,0
ILI incidence,IE,2026-09-16,2026-09-13,0.25,1,quantile,0.132099870073515
ILI incidence,IE,2026-09-16,2026-09-13,0.3,1,quantile,0.367484788325904
ILI incidence,IE,2026-09-16,2026-09-13,0.35,1,quantile,0.650881964950465
ILI incidence,IE,2026-09-16,2026-09-13,0.4,1,quantile,0.862990588763571
ILI incidence,IE,2026-09-16,2026-09-13,0.45,1,quantile,1.07152942780375
ILI incidence,IE,2026-09-16,2026-09-13,0.5,1,quantile,1.39192599300988
ILI incidence,IE,2026-09-16,2026-09-13,0.55,1,quantile,1.69170416215678
ILI incidence,IE,2026-09-16,2026-09-13,0.6,1,quantile,2.04233442937097
ILI incidence,IE,2026-09-16,2026-09-13,0.65,1,quantile,2.406740597959
ILI incidence,IE,2026-09-16,2026-09-13,0.7,1,quantile,2.89106831854329
ILI incidence,IE,2026-09-16,2026-09-13,0.75,1,quantile,3.560782898541
ILI incidence,IE,2026-09-16,2026-09-13,0.8,1,quantile,4.32868897918776
ILI incidence,IE,2026-09-16,2026-09-13,0.85,1,quantile,5.23030551469643
ILI incidence,IE,2026-09-16,2026-09-13,0.9,1,quantile,6.60998697343616
ILI incidence,IE,2026-09-16,2026-09-13,0.95,1,quantile,8.41508762477109
ILI incidence,IE,2026-09-16,2026-09-13,0.975,1,quantile,11.1161860766546
ILI incidence,IE,2026-09-16,2026-09-13,0.99,1,quantile,15.4057260175814
ILI incidence,IE,2026-09-16,2026-09-20,0.01,2,quantile,0
ILI incidence,IE,2026-09-16,2026-09-20,0.025,2,quantile,0
ILI incidence,IE,2026-09-16,2026-09-20,0.05,2,quantile,0
ILI incidence,IE,2026-09-16,2026-09-20,0.1,2,quantile,0
ILI incidence,IE,2026-09-16,2026-09-20,0.15,2,quantile,0
ILI incidence,IE,2026-09-16,2026-09-20,0.2,2,quantile,0
ILI incidence,IE,2026-09-16,2026-09-20,0.25,2,quantile,0
ILI incidence,IE,2026-09-16,2026-09-20,0.3,2,quantile,0.211180224344807
ILI incidence,IE,2026-09-16,2026-09-20,0.35,2,quantile,0.444290267330616
ILI incidence,IE,2026-09-16,2026-09-20,0.4,2,quantile,0.817587276750116
ILI incidence,IE,2026-09-16,2026-09-20,0.45,2,quantile,1.18419075893717
ILI incidence,IE,2026-09-16,2026-09-20,0.5,2,quantile,1.58734174802628
ILI incidence,IE,2026-09-16,2026-09-20,0.55,2,quantile,2.01720543229414
ILI incidence,IE,2026-09-16,2026-09-20,0.6,2,quantile,2.55894987460005
ILI incidence,IE,2026-09-16,2026-09-20,0.65,2,quantile,3.22928210909866
ILI incidence,IE,2026-09-16,2026-09-20,0.7,2,quantile,3.91633248315836
ILI incidence,IE,2026-09-16,2026-09-20,0.75,2,quantile,4.75604809545938
ILI incidence,IE,2026-09-16,2026-09-20,0.8,2,quantile,5.76034678842741
ILI incidence,IE,2026-09-16,2026-09-20,0.85,2,quantile,7.55537124404307
ILI incidence,IE,2026-09-16,2026-09-20,0.9,2,quantile,10.1093984402263
ILI incidence,IE,2026-09-16,2026-09-20,0.95,2,quantile,14.7150100251202
ILI incidence,IE,2026-09-16,2026-09-20,0.975,2,quantile,20.7133535726274
ILI incidence,IE,2026-09-16,2026-09-20,0.99,2,quantile,29.6363758943559
ILI incidence,IE,2026-09-16,2026-09-27,0.01,3,quantile,0
ILI incidence,IE,2026-09-16,2026-09-27,0.025,3,quantile,0
ILI incidence,IE,2026-09-16,2026-09-27,0.05,3,quantile,0
ILI incidence,IE,2026-09-16,2026-09-27,0.1,3,quantile,0
ILI incidence,IE,2026-09-16,2026-09-27,0.15,3,quantile,0
ILI incidence,IE,2026-09-16,2026-09-27,0.2,3,quantile,0
ILI incidence,IE,2026-09-16,2026-09-27,0.25,3,quantile,0
ILI incidence,IE,2026-09-16,2026-09-27,0.3,3,quantile,0
ILI incidence,IE,2026-09-16,2026-09-27,0.35,3,quantile,0.222654362782294
ILI incidence,IE,2026-09-16,2026-09-27,0.4,3,quantile,0.764861892716549
ILI incidence,IE,2026-09-16,2026-09-27,0.45,3,quantile,1.25798973933967
ILI incidence,IE,2026-09-16,2026-09-27,0.5,3,quantile,1.81304105800028
ILI incidence,IE,2026-09-16,2026-09-27,0.55,3,quantile,2.46171612294185
ILI incidence,IE,2026-09-16,2026-09-27,0.6,3,quantile,3.1477728417311
ILI incidence,IE,2026-09-16,2026-09-27,0.65,3,quantile,4.08397580178906
ILI incidence,IE,2026-09-16,2026-09-27,0.7,3,quantile,5.29772692028037
ILI incidence,IE,2026-09-16,2026-09-27,0.75,3,quantile,6.5483294348976
ILI incidence,IE,2026-09-16,2026-09-27,0.8,3,quantile,8.55627535225953
ILI incidence,IE,2026-09-16,2026-09-27,0.85,3,quantile,11.1447415811341
ILI incidence,IE,2026-09-16,2026-09-27,0.9,3,quantile,16.1625252667143
ILI incidence,IE,2026-09-16,2026-09-27,0.95,3,quantile,22.6969006632335
ILI incidence,IE,2026-09-16,2026-09-27,0.975,3,quantile,31.068979375299
ILI incidence,IE,2026-09-16,2026-09-27,0.99,3,quantile,48.2379809847612
ILI incidence,IE,2026-09-16,2026-10-04,0.01,4,quantile,0
ILI incidence,IE,2026-09-16,2026-10-04,0.025,4,quantile,0
ILI incidence,IE,2026-09-16,2026-10-04,0.05,4,quantile,0
ILI incidence,IE,2026-09-16,2026-10-04,0.1,4,quantile,0
ILI incidence,IE,2026-09-16,2026-10-04,0.15,4,quantile,0
ILI incidence,IE,2026-09-16,2026-10-04,0.2,4,quantile,0
ILI incidence,IE,2026-09-16,2026-10-04,0.25,4,quantile,0
ILI incidence,IE,2026-09-16,2026-10-04,0.3,4,quantile,0
ILI incidence,IE,2026-09-16,2026-10-04,0.35,4,quantile,0.327196309704342
ILI incidence,IE,2026-09-16,2026-10-04,0.4,4,quantile,0.973164953802362
ILI incidence,IE,2026-09-16,2026-10-04,0.45,4,quantile,1.56598779022548
ILI incidence,IE,2026-09-16,2026-10-04,0.5,4,quantile,2.07326826676388
ILI incidence,IE,2026-09-16,2026-10-04,0.55,4,quantile,3.12408771571644
ILI incidence,IE,2026-09-16,2026-10-04,0.6,4,quantile,4.23570266672699
ILI incidence,IE,2026-09-16,2026-10-04,0.65,4,quantile,5.38795385819346
ILI incidence,IE,2026-09-16,2026-10-04,0.7,4,quantile,6.74669032020188
ILI incidence,IE,2026-09-16,2026-10-04,0.75,4,quantile,9.1117912492527
ILI incidence,IE,2026-09-16,2026-10-04,0.8,4,quantile,12.0906387081731
ILI incidence,IE,2026-09-16,2026-10-04,0.85,4,quantile,16.2384047009623
ILI incidence,IE,2026-09-16,2026-10-04,0.9,4,quantile,22.159933350931
ILI incidence,IE,2026-09-16,2026-10-04,0.95,4,quantile,33.0291505345177
ILI incidence,IE,2026-09-16,2026-10-04,0.975,4,quantile,46.4179589742327
ILI incidence,IE,2026-09-16,2026-10-04,0.99,4,quantile,69.934221506584
ILI incidence,IE,2026-09-16,2026-09-13,,1,median,1.39192599300988
ILI incidence,IE,2026-09-16,2026-09-20,,2,median,1.58734174802628
ILI incidence,IE,2026-09-16,2026-09-27,,3,median,1.81304105800028
ILI incidence,IE,2026-09-16,2026-10-04,,4,median,2.07326826676388
ILI incidence,IS,2026-09-16,2026-09-13,0.01,1,quantile,0
ILI incidence,IS,2026-09-16,2026-09-13,0.025,1,quantile,0
ILI incidence,IS,2026-09-16,2026-09-13,0.05,1,quantile,0
ILI incidence,IS,2026-09-16,2026-09-13,0.1,1,quantile,0
ILI incidence,IS,2026-09-16,2026-09-13,0.15,1,quantile,0
ILI incidence,IS,2026-09-16,2026-09-13,0.2,1,quantile,0
ILI incidence,IS,2026-09-16,2026-09-13,0.25,1,quantile,0.0397748159705159
ILI incidence,IS,2026-09-16,2026-09-13,0.3,1,quantile,0.114488140179633
ILI incidence,IS,2026-09-16,2026-09-13,0.35,1,quantile,0.196286958930191
ILI incidence,IS,2026-09-16,2026-09-13,0.4,1,quantile,0.286597291377139
ILI incidence,IS,2026-09-16,2026-09-13,0.45,1,quantile,0.401897939641049
ILI incidence,IS,2026-09-16,2026-09-13,0.5,1,quantile,0.545477861441013
ILI incidence,IS,2026-09-16,2026-09-13,0.55,1,quantile,0.683650019153769
ILI incidence,IS,2026-09-16,2026-09-13,0.6,1,quantile,0.939504436363638
ILI incidence,IS,2026-09-16,2026-09-13,0.65,1,quantile,1.29536538510526
ILI incidence,IS,2026-09-16,2026-09-13,0.7,1,quantile,1.78448443366751
ILI incidence,IS,2026-09-16,2026-09-13,0.75,1,quantile,2.40243922942448
ILI incidence,IS,2026-09-16,2026-09-13,0.8,1,quantile,3.1677301814802
ILI incidence,IS,2026-09-16,2026-09-13,0.85,1,quantile,4.42306620634418
ILI incidence,IS,2026-09-16,2026-09-13,0.9,1,quantile,6.5536396376894
ILI incidence,IS,2026-09-16,2026-09-13,0.95,1,quantile,10.1781689454139
ILI incidence,IS,2026-09-16,2026-09-13,0.975,1,quantile,15.1730404466143
ILI incidence,IS,2026-09-16,2026-09-13,0.99,1,quantile,19.6346868280388
ILI incidence,IS,2026-09-16,2026-09-20,0.01,2,quantile,0
ILI incidence,IS,2026-09-16,2026-09-20,0.025,2,quantile,0
ILI incidence,IS,2026-09-16,2026-09-20,0.05,2,quantile,0
ILI incidence,IS,2026-09-16,2026-09-20,0.1,2,quantile,0
ILI incidence,IS,2026-09-16,2026-09-20,0.15,2,quantile,0
ILI incidence,IS,2026-09-16,2026-09-20,0.2,2,quantile,0
ILI incidence,IS,2026-09-16,2026-09-20,0.25,2,quantile,0
ILI incidence,IS,2026-09-16,2026-09-20,0.3,2,quantile,0.0162494300519556
ILI incidence,IS,2026-09-16,2026-09-20,0.35,2,quantile,0.107978978912622
ILI incidence,IS,2026-09-16,2026-09-20,0.4,2,quantile,0.247450946339357
ILI incidence,IS,2026-09-16,2026-09-20,0.45,2,quantile,0.408406959110517
ILI incidence,IS,2026-09-16,2026-09-20,0.5,2,quantile,0.625959544598966
ILI incidence,IS,2026-09-16,2026-09-20,0.55,2,quantile,0.890769873457474
ILI incidence,IS,2026-09-16,2026-09-20,0.6,2,quantile,1.26035337768943
ILI incidence,IS,2026-09-16,2026-09-20,0.65,2,quantile,1.73022191858529
ILI incidence,IS,2026-09-16,2026-09-20,0.7,2,quantile,2.60264641885658
ILI incidence,IS,2026-09-16,2026-09-20,0.75,2,quantile,3.63322776634293
ILI incidence,IS,2026-09-16,2026-09-20,0.8,2,quantile,5.2733838841694
ILI incidence,IS,2026-09-16,2026-09-20,0.85,2,quantile,7.89113255467774
ILI incidence,IS,2026-09-16,2026-09-20,0.9,2,quantile,11.85418581338
ILI incidence,IS,2026-09-16,2026-09-20,0.95,2,quantile,19.6539560835156
ILI incidence,IS,2026-09-16,2026-09-20,0.975,2,quantile,30.3618598227496
ILI incidence,IS,2026-09-16,2026-09-20,0.99,2,quantile,46.2774458583561
ILI incidence,IS,2026-09-16,2026-09-27,0.01,3,quantile,0
ILI incidence,IS,2026-09-16,2026-09-27,0.025,3,quantile,0
ILI incidence,IS,2026-09-16,2026-09-27,0.05,3,quantile,0
ILI incidence,IS,2026-09-16,2026-09-27,0.1,3,quantile,0
ILI incidence,IS,2026-09-16,2026-09-27,0.15,3,quantile,0
ILI incidence,IS,2026-09-16,2026-09-27,0.2,3,quantile,0
ILI incidence,IS,2026-09-16,2026-09-27,0.25,3,quantile,0
ILI incidence,IS,2026-09-16,2026-09-27,0.3,3,quantile,0
ILI incidence,IS,2026-09-16,2026-09-27,0.35,3,quantile,0.119635949507185
ILI incidence,IS,2026-09-16,2026-09-27,0.4,3,quantile,0.260408295419487
ILI incidence,IS,2026-09-16,2026-09-27,0.45,3,quantile,0.442518002524804
ILI incidence,IS,2026-09-16,2026-09-27,0.5,3,quantile,0.719035870788061
ILI incidence,IS,2026-09-16,2026-09-27,0.55,3,quantile,1.25373977856718
ILI incidence,IS,2026-09-16,2026-09-27,0.6,3,quantile,1.81682403647976
ILI incidence,IS,2026-09-16,2026-09-27,0.65,3,quantile,2.76050374532405
ILI incidence,IS,2026-09-16,2026-09-27,0.7,3,quantile,3.61141410835812
ILI incidence,IS,2026-09-16,2026-09-27,0.75,3,quantile,5.65772394630475
ILI incidence,IS,2026-09-16,2026-09-27,0.8,3,quantile,8.17973141577534
ILI incidence,IS,2026-09-16,2026-09-27,0.85,3,quantile,11.9172133820469
ILI incidence,IS,2026-09-16,2026-09-27,0.9,3,quantile,18.1168327832618
ILI incidence,IS,2026-09-16,2026-09-27,0.95,3,quantile,29.6837568483247
ILI incidence,IS,2026-09-16,2026-09-27,0.975,3,quantile,45.3734701229732
ILI incidence,IS,2026-09-16,2026-09-27,0.99,3,quantile,74.6734976627474
ILI incidence,IS,2026-09-16,2026-10-04,0.01,4,quantile,0
ILI incidence,IS,2026-09-16,2026-10-04,0.025,4,quantile,0
ILI incidence,IS,2026-09-16,2026-10-04,0.05,4,quantile,0
ILI incidence,IS,2026-09-16,2026-10-04,0.1,4,quantile,0
ILI incidence,IS,2026-09-16,2026-10-04,0.15,4,quantile,0
ILI incidence,IS,2026-09-16,2026-10-04,0.2,4,quantile,0
ILI incidence,IS,2026-09-16,2026-10-04,0.25,4,quantile,0
ILI incidence,IS,2026-09-16,2026-10-04,0.3,4,quantile,0
ILI incidence,IS,2026-09-16,2026-10-04,0.35,4,quantile,0.0845543093778235
ILI incidence,IS,2026-09-16,2026-10-04,0.4,4,quantile,0.248910408530776
ILI incidence,IS,2026-09-16,2026-10-04,0.45,4,quantile,0.479615477546728
ILI incidence,IS,2026-09-16,2026-10-04,0.5,4,quantile,0.826554196867055
ILI incidence,IS,2026-09-16,2026-10-04,0.55,4,quantile,1.51333173860226
ILI incidence,IS,2026-09-16,2026-10-04,0.6,4,quantile,2.19028373837027
ILI incidence,IS,2026-09-16,2026-10-04,0.65,4,quantile,3.15940013978432
ILI incidence,IS,2026-09-16,2026-10-04,0.7,4,quantile,4.55896801483241
ILI incidence,IS,2026-09-16,2026-10-04,0.75,4,quantile,6.58232936234217
ILI incidence,IS,2026-09-16,2026-10-04,0.8,4,quantile,10.4299493117819
ILI incidence,IS,2026-09-16,2026-10-04,0.85,4,quantile,16.6850219478084
ILI incidence,IS,2026-09-16,2026-10-04,0.9,4,quantile,25.3260850660082
ILI incidence,IS,2026-09-16,2026-10-04,0.95,4,quantile,42.3823096562441
ILI incidence,IS,2026-09-16,2026-10-04,0.975,4,quantile,56.6781696674957
ILI incidence,IS,2026-09-16,2026-10-04,0.99,4,quantile,78.2907567951389
ILI incidence,IS,2026-09-16,2026-09-13,,1,median,0.545477861441013
ILI incidence,IS,2026-09-16,2026-09-20,,2,median,0.625959544598966
ILI incidence,IS,2026-09-16,2026-09-27,,3,median,0.719035870788061
ILI incidence,IS,2026-09-16,2026-10-04,,4,median,0.826554196867055
ILI incidence,LT,2026-09-16,2026-09-13,0.01,1,quantile,0
ILI incidence,LT,2026-09-16,2026-09-13,0.025,1,quantile,0
ILI incidence,LT,2026-09-16,2026-09-13,0.05,1,quantile,0
ILI incidence,LT,2026-09-16,2026-09-13,0.1,1,quantile,0
ILI incidence,LT,2026-09-16,2026-09-13,0.15,1,quantile,0
ILI incidence,LT,2026-09-16,2026-09-13,0.2,1,quantile,0
ILI incidence,LT,2026-09-16,2026-09-13,0.25,1,quantile,0
ILI incidence,LT,2026-09-16,2026-09-13,0.3,1,quantile,0
ILI incidence,LT,2026-09-16,2026-09-13,0.35,1,quantile,0
ILI incidence,LT,2026-09-16,2026-09-13,0.4,1,quantile,0.088089019854893
ILI incidence,LT,2026-09-16,2026-09-13,0.45,1,quantile,0.974106035016819
ILI incidence,LT,2026-09-16,2026-09-13,0.5,1,quantile,2.05552178618615
ILI incidence,LT,2026-09-16,2026-09-13,0.55,1,quantile,3.04074376581473
ILI incidence,LT,2026-09-16,2026-09-13,0.6,1,quantile,4.70975664545992
ILI incidence,LT,2026-09-16,2026-09-13,0.65,1,quantile,6.0985490154475
ILI incidence,LT,2026-09-16,2026-09-13,0.7,1,quantile,7.84711572817818
ILI incidence,LT,2026-09-16,2026-09-13,0.75,1,quantile,9.41590110349271
ILI incidence,LT,2026-09-16,2026-09-13,0.8,1,quantile,12.0055591158858
ILI incidence,LT,2026-09-16,2026-09-13,0.85,1,quantile,14.6618338564521
ILI incidence,LT,2026-09-16,2026-09-13,0.9,1,quantile,18.8103552908648
ILI incidence,LT,2026-09-16,2026-09-13,0.95,1,quantile,29.0106188266208
ILI incidence,LT,2026-09-16,2026-09-13,0.975,1,quantile,37.6646763730078
ILI incidence,LT,2026-09-16,2026-09-13,0.99,1,quantile,56.0924549782554
ILI incidence,LT,2026-09-16,2026-09-20,0.01,2,quantile,0
ILI incidence,LT,2026-09-16,2026-09-20,0.025,2,quantile,0
ILI incidence,LT,2026-09-16,2026-09-20,0.05,2,quantile,0
ILI incidence,LT,2026-09-16,2026-09-20,0.1,2,quantile,0
ILI incidence,LT,2026-09-16,2026-09-20,0.15,2,quantile,0
ILI incidence,LT,2026-09-16,2026-09-20,0.2,2,quantile,0
ILI incidence,LT,2026-09-16,2026-09-20,0.25,2,quantile,0
ILI incidence,LT,2026-09-16,2026-09-20,0.3,2,quantile,0
ILI incidence,LT,2026-09-16,2026-09-20,0.35,2,quantile,0
ILI incidence,LT,2026-09-16,2026-09-20,0.4,2,quantile,0
ILI incidence,LT,2026-09-16,2026-09-20,0.45,2,quantile,0.502644125589035
ILI incidence,LT,2026-09-16,2026-09-20,0.5,2,quantile,2.35296000217714
ILI incidence,LT,2026-09-16,2026-09-20,0.55,2,quantile,3.97768663890653
ILI incidence,LT,2026-09-16,2026-09-20,0.6,2,quantile,6.06301943808616
ILI incidence,LT,2026-09-16,2026-09-20,0.65,2,quantile,9.06519937816577
ILI incidence,LT,2026-09-16,2026-09-20,0.7,2,quantile,12.4083098702358
ILI incidence,LT,2026-09-16,2026-09-20,0.75,2,quantile,16.1668974693598
ILI incidence,LT,2026-09-16,2026-09-20,0.8,2,quantile,21.8571075966712
ILI incidence,LT,2026-09-16,2026-09-20,0.85,2,quantile,29.1131343932999
ILI incidence,LT,2026-09-16,2026-09-20,0.9,2,quantile,38.8739664149367
ILI incidence,LT,2026-09-16,2026-09-20,0.95,2,quantile,64.6811542896451
ILI incidence,LT,2026-09-16,2026-09-20,0.975,2,quantile,90.7181318975841
ILI incidence,LT,2026-09-16,2026-09-20,0.99,2,quantile,117.908115762551
ILI incidence,LT,2026-09-16,2026-09-27,0.01,3,quantile,0
ILI incidence,LT,2026-09-16,2026-09-27,0.025,3,quantile,0
ILI incidence,LT,2026-09-16,2026-09-27,0.05,3,quantile,0
ILI incidence,LT,2026-09-16,2026-09-27,0.1,3,quantile,0
ILI incidence,LT,2026-09-16,2026-09-27,0.15,3,quantile,0
ILI incidence,LT,2026-09-16,2026-09-27,0.2,3,quantile,0
ILI incidence,LT,2026-09-16,2026-09-27,0.25,3,quantile,0
ILI incidence,LT,2026-09-16,2026-09-27,0.3,3,quantile,0
ILI incidence,LT,2026-09-16,2026-09-27,0.35,3,quantile,0
ILI incidence,LT,2026-09-16,2026-09-27,0.4,3,quantile,0
ILI incidence,LT,2026-09-16,2026-09-27,0.45,3,quantile,0.269684274890374
ILI incidence,LT,2026-09-16,2026-09-27,0.5,3,quantile,2.69877369362025
ILI incidence,LT,2026-09-16,2026-09-27,0.55,3,quantile,6.05371882956058
ILI incidence,LT,2026-09-16,2026-09-27,0.6,3,quantile,9.18537347160761
ILI incidence,LT,2026-09-16,2026-09-27,0.65,3,quantile,12.3250549458488
ILI incidence,LT,2026-09-16,2026-09-27,0.7,3,quantile,17.3350336442085
ILI incidence,LT,2026-09-16,2026-09-27,0.75,3,quantile,24.8727376147657
ILI incidence,LT,2026-09-16,2026-09-27,0.8,3,quantile,34.3172830510889
ILI incidence,LT,2026-09-16,2026-09-27,0.85,3,quantile,47.975497364294
ILI incidence,LT,2026-09-16,2026-09-27,0.9,3,quantile,64.5169524138886
ILI incidence,LT,2026-09-16,2026-09-27,0.95,3,quantile,102.969690695601
ILI incidence,LT,2026-09-16,2026-09-27,0.975,3,quantile,144.457378862272
ILI incidence,LT,2026-09-16,2026-09-27,0.99,3,quantile,209.615917784994
ILI incidence,LT,2026-09-16,2026-10-04,0.01,4,quantile,0
ILI incidence,LT,2026-09-16,2026-10-04,0.025,4,quantile,0
ILI incidence,LT,2026-09-16,2026-10-04,0.05,4,quantile,0
ILI incidence,LT,2026-09-16,2026-10-04,0.1,4,quantile,0
ILI incidence,LT,2026-09-16,2026-10-04,0.15,4,quantile,0
ILI incidence,LT,2026-09-16,2026-10-04,0.2,4,quantile,0
ILI incidence,LT,2026-09-16,2026-10-04,0.25,4,quantile,0
ILI incidence,LT,2026-09-16,2026-10-04,0.3,4,quantile,0
ILI incidence,LT,2026-09-16,2026-10-04,0.35,4,quantile,0
ILI incidence,LT,2026-09-16,2026-10-04,0.4,4,quantile,0
ILI incidence,LT,2026-09-16,2026-10-04,0.45,4,quantile,0.0487040246424365
ILI incidence,LT,2026-09-16,2026-10-04,0.5,4,quantile,3.10089892463697
ILI incidence,LT,2026-09-16,2026-10-04,0.55,4,quantile,6.7606128110676
ILI incidence,LT,2026-09-16,2026-10-04,0.6,4,quantile,11.7416098623294
ILI incidence,LT,2026-09-16,2026-10-04,0.65,4,quantile,17.1001896118976
ILI incidence,LT,2026-09-16,2026-10-04,0.7,4,quantile,25.3257991551561
ILI incidence,LT,2026-09-16,2026-10-04,0.75,4,quantile,34.3708676873088
ILI incidence,LT,2026-09-16,2026-10-04,0.8,4,quantile,48.0645584551797
ILI incidence,LT,2026-09-16,2026-10-04,0.85,4,quantile,66.5760702753764
ILI incidence,LT,2026-09-16,2026-10-04,0.9,4,quantile,94.7013013023257
ILI incidence,LT,2026-09-16,2026-10-04,0.95,4,quantile,137.507356063234
ILI incidence,LT,2026-09-16,2026-10-04,0.975,4,quantile,196.633608341475
ILI incidence,LT,2026-09-16,2026-10-04,0.99,4,quantile,277.519219140171
ILI incidence,LT,2026-09-16,2026-09-13,,1,median,2.05552178618615
ILI incidence,LT,2026-09-16,2026-09-20,,2,median,2.35296000217714
ILI incidence,LT,2026-09-16,2026-09-27,,3,median,2.69877369362025
ILI incidence,LT,2026-09-16,2026-10-04,,4,median,3.10089892463697
ILI incidence,LU,2026-09-16,2026-09-13,0.01,1,quantile,946.760174315573
ILI incidence,LU,2026-09-16,2026-09-13,0.025,1,quantile,946.760174315573
ILI incidence,LU,2026-09-16,2026-09-13,0.05,1,quantile,946.760174315573
ILI incidence,LU,2026-09-16,2026-09-13,0.1,1,quantile,947.389545119853
ILI incidence,LU,2026-09-16,2026-09-13,0.15,1,quantile,1014.84024986016
ILI incidence,LU,2026-09-16,2026-09-13,0.2,1,quantile,1109.35983889777
ILI incidence,LU,2026-09-16,2026-09-13,0.25,1,quantile,1229.82618709088
ILI incidence,LU,2026-09-16,2026-09-13,0.3,1,quantile,1373.66206587103
ILI incidence,LU,2026-09-16,2026-09-13,0.35,1,quantile,1622.75108236951
ILI incidence,LU,2026-09-16,2026-09-13,0.4,1,quantile,1952.24219163082
ILI incidence,LU,2026-09-16,2026-09-13,0.45,1,quantile,2230.54186459845
ILI incidence,LU,2026-09-16,2026-09-13,0.5,1,quantile,2635.73028792008
ILI incidence,LU,2026-09-16,2026-09-13,0.55,1,quantile,3117.01302970942
ILI incidence,LU,2026-09-16,2026-09-13,0.6,1,quantile,3673.38872678932
ILI incidence,LU,2026-09-16,2026-09-13,0.65,1,quantile,4242.33466407168
ILI incidence,LU,2026-09-16,2026-09-13,0.7,1,quantile,4985.26018536444
ILI incidence,LU,2026-09-16,2026-09-13,0.75,1,quantile,5866.41443540112
ILI incidence,LU,2026-09-16,2026-09-13,0.8,1,quantile,6954.35933881752
ILI incidence,LU,2026-09-16,2026-09-13,0.85,1,quantile,8039.98919449824
ILI incidence,LU,2026-09-16,2026-09-13,0.9,1,quantile,9922.53962160527
ILI incidence,LU,2026-09-16,2026-09-13,0.95,1,quantile,12889.3568868192
ILI incidence,LU,2026-09-16,2026-09-13,0.975,1,quantile,16557.9406978987
ILI incidence,LU,2026-09-16,2026-09-13,0.99,1,quantile,20011.0802973833
ILI incidence,LU,2026-09-16,2026-09-20,0.01,2,quantile,1403.00240514374
ILI incidence,LU,2026-09-16,2026-09-20,0.025,2,quantile,1403.00240514374
ILI incidence,LU,2026-09-16,2026-09-20,0.05,2,quantile,1403.00240514374
ILI incidence,LU,2026-09-16,2026-09-20,0.1,2,quantile,1403.00240514374
ILI incidence,LU,2026-09-16,2026-09-20,0.15,2,quantile,1446.68940469662
ILI incidence,LU,2026-09-16,2026-09-20,0.2,2,quantile,1503.98856644733
ILI incidence,LU,2026-09-16,2026-09-20,0.25,2,quantile,1591.91072651908
ILI incidence,LU,2026-09-16,2026-09-20,0.3,2,quantile,1708.64934825236
ILI incidence,LU,2026-09-16,2026-09-20,0.35,2,quantile,1871.23808960773
ILI incidence,LU,2026-09-16,2026-09-20,0.4,2,quantile,2064.63833014722
ILI incidence,LU,2026-09-16,2026-09-20,0.45,2,quantile,2428.93866508342
ILI incidence,LU,2026-09-16,2026-09-20,0.5,2,quantile,2859.24402343911
ILI incidence,LU,2026-09-16,2026-09-20,0.55,2,quantile,3383.70527102591
ILI incidence,LU,2026-09-16,2026-09-20,0.6,2,quantile,4055.67820512271
ILI incidence,LU,2026-09-16,2026-09-20,0.65,2,quantile,4593.88432774334
ILI incidence,LU,2026-09-16,2026-09-20,0.7,2,quantile,5587.10402064213
ILI incidence,LU,2026-09-16,2026-09-20,0.75,2,quantile,6681.76447132244
ILI incidence,LU,2026-09-16,2026-09-20,0.8,2,quantile,8235.69431352874
ILI incidence,LU,2026-09-16,2026-09-20,0.85,2,quantile,10024.3721234917
ILI incidence,LU,2026-09-16,2026-09-20,0.9,2,quantile,13078.3227698406
ILI incidence,LU,2026-09-16,2026-09-20,0.95,2,quantile,17149.567577139
ILI incidence,LU,2026-09-16,2026-09-20,0.975,2,quantile,22678.4078335966
ILI incidence,LU,2026-09-16,2026-09-20,0.99,2,quantile,28767.5185697228
ILI incidence,LU,2026-09-16,2026-09-27,0.01,3,quantile,1671.28458080651
ILI incidence,LU,2026-09-16,2026-09-27,0.025,3,quantile,1671.28458080651
ILI incidence,LU,2026-09-16,2026-09-27,0.05,3,quantile,1671.28458080651
ILI incidence,LU,2026-09-16,2026-09-27,0.1,3,quantile,1681.30298621678
ILI incidence,LU,2026-09-16,2026-09-27,0.15,3,quantile,1741.53784854583
ILI incidence,LU,2026-09-16,2026-09-27,0.2,3,quantile,1796.66323556506
ILI incidence,LU,2026-09-16,2026-09-27,0.25,3,quantile,1867.17936784486
ILI incidence,LU,2026-09-16,2026-09-27,0.3,3,quantile,1985.34260807368
ILI incidence,LU,2026-09-16,2026-09-27,0.35,3,quantile,2142.97279672817
ILI incidence,LU,2026-09-16,2026-09-27,0.4,3,quantile,2345.10967629276
ILI incidence,LU,2026-09-16,2026-09-27,0.45,3,quantile,2740.38370819959
ILI incidence,LU,2026-09-16,2026-09-27,0.5,3,quantile,3081.14338494133
ILI incidence,LU,2026-09-16,2026-09-27,0.55,3,quantile,3598.00993451276
ILI incidence,LU,2026-09-16,2026-09-27,0.6,3,quantile,4345.65598721064
ILI incidence,LU,2026-09-16,2026-09-27,0.65,3,quantile,5181.49135532911
ILI incidence,LU,2026-09-16,2026-09-27,0.7,3,quantile,6242.78192575946
ILI incidence,LU,2026-09-16,2026-09-27,0.75,3,quantile,7475.20668659562
ILI incidence,LU,2026-09-16,2026-09-27,0.8,3,quantile,9106.63554506889
ILI incidence,LU,2026-09-16,2026-09-27,0.85,3,quantile,11663.5689569028
ILI incidence,LU,2026-09-16,2026-09-27,0.9,3,quantile,14844.2393956356
ILI incidence,LU,2026-09-16,2026-09-27,0.95,3,quantile,20633.787325531
ILI incidence,LU,2026-09-16,2026-09-27,0.975,3,quantile,26675.6404692983
ILI incidence,LU,2026-09-16,2026-09-27,0.99,3,quantile,32567.5347332509
ILI incidence,LU,2026-09-16,2026-10-04,0.01,4,quantile,1893.25070847634
ILI incidence,LU,2026-09-16,2026-10-04,0.025,4,quantile,1893.25070847634
ILI incidence,LU,2026-09-16,2026-10-04,0.05,4,quantile,1893.25070847634
ILI incidence,LU,2026-09-16,2026-10-04,0.1,4,quantile,1893.25070847634
ILI incidence,LU,2026-09-16,2026-10-04,0.15,4,quantile,1949.59933558384
ILI incidence,LU,2026-09-16,2026-10-04,0.2,4,quantile,2010.22861648274
ILI incidence,LU,2026-09-16,2026-10-04,0.25,4,quantile,2097.10402423002
ILI incidence,LU,2026-09-16,2026-10-04,0.3,4,quantile,2224.75243193844
ILI incidence,LU,2026-09-16,2026-10-04,0.35,4,quantile,2391.85023360428
ILI incidence,LU,2026-09-16,2026-10-04,0.4,4,quantile,2583.86692322752
ILI incidence,LU,2026-09-16,2026-10-04,0.45,4,quantile,2904.81411908691
ILI incidence,LU,2026-09-16,2026-10-04,0.5,4,quantile,3297.75031589
ILI incidence,LU,2026-09-16,2026-10-04,0.55,4,quantile,3790.03765785605
ILI incidence,LU,2026-09-16,2026-10-04,0.6,4,quantile,4432.17312151731
ILI incidence,LU,2026-09-16,2026-10-04,0.65,4,quantile,5259.25368496921
ILI incidence,LU,2026-09-16,2026-10-04,0.7,4,quantile,6404.36927692002
ILI incidence,LU,2026-09-16,2026-10-04,0.75,4,quantile,7804.39149922053
ILI incidence,LU,2026-09-16,2026-10-04,0.8,4,quantile,9632.75417576564
ILI incidence,LU,2026-09-16,2026-10-04,0.85,4,quantile,11339.8861029568
ILI incidence,LU,2026-09-16,2026-10-04,0.9,4,quantile,15378.8265372266
ILI incidence,LU,2026-09-16,2026-10-04,0.95,4,quantile,20915.3520591085
ILI incidence,LU,2026-09-16,2026-10-04,0.975,4,quantile,26541.4525460997
ILI incidence,LU,2026-09-16,2026-10-04,0.99,4,quantile,31674.6816578811
ILI incidence,LU,2026-09-16,2026-09-13,,1,median,2635.73028792008
ILI incidence,LU,2026-09-16,2026-09-20,,2,median,2859.24402343911
ILI incidence,LU,2026-09-16,2026-09-27,,3,median,3081.14338494133
ILI incidence,LU,2026-09-16,2026-10-04,,4,median,3297.75031589
ILI incidence,MT,2026-09-16,2026-09-13,0.01,1,quantile,726.573599975845
ILI incidence,MT,2026-09-16,2026-09-13,0.025,1,quantile,800.450321961157
ILI incidence,MT,2026-09-16,2026-09-13,0.05,1,quantile,1133.57208608203
ILI incidence,MT,2026-09-16,2026-09-13,0.1,1,quantile,1912.6827970727
ILI incidence,MT,2026-09-16,2026-09-13,0.15,1,quantile,2433.56579357481
ILI incidence,MT,2026-09-16,2026-09-13,0.2,1,quantile,2904.35466791015
ILI incidence,MT,2026-09-16,2026-09-13,0.25,1,quantile,3468.89094390123
ILI incidence,MT,2026-09-16,2026-09-13,0.3,1,quantile,3994.43375856425
ILI incidence,MT,2026-09-16,2026-09-13,0.35,1,quantile,4399.85919111234
ILI incidence,MT,2026-09-16,2026-09-13,0.4,1,quantile,4865.26338850974
ILI incidence,MT,2026-09-16,2026-09-13,0.45,1,quantile,5334.54842937767
ILI incidence,MT,2026-09-16,2026-09-13,0.5,1,quantile,5859.22195701459
ILI incidence,MT,2026-09-16,2026-09-13,0.55,1,quantile,6379.94364527571
ILI incidence,MT,2026-09-16,2026-09-13,0.6,1,quantile,6844.51876504727
ILI incidence,MT,2026-09-16,2026-09-13,0.65,1,quantile,7529.95162166059
ILI incidence,MT,2026-09-16,2026-09-13,0.7,1,quantile,8118.12254880614
ILI incidence,MT,2026-09-16,2026-09-13,0.75,1,quantile,8848.75000567873
ILI incidence,MT,2026-09-16,2026-09-13,0.8,1,quantile,9631.98727920115
ILI incidence,MT,2026-09-16,2026-09-13,0.85,1,quantile,10404.9394451699
ILI incidence,MT,2026-09-16,2026-09-13,0.9,1,quantile,11857.6579615959
ILI incidence,MT,2026-09-16,2026-09-13,0.95,1,quantile,14676.3296746512
ILI incidence,MT,2026-09-16,2026-09-13,0.975,1,quantile,16501.5115898766
ILI incidence,MT,2026-09-16,2026-09-13,0.99,1,quantile,18898.8268335315
ILI incidence,MT,2026-09-16,2026-09-20,0.01,2,quantile,1661.24001353523
ILI incidence,MT,2026-09-16,2026-09-20,0.025,2,quantile,1661.24001353523
ILI incidence,MT,2026-09-16,2026-09-20,0.05,2,quantile,1664.28034316654
ILI incidence,MT,2026-09-16,2026-09-20,0.1,2,quantile,1849.82747243861
ILI incidence,MT,2026-09-16,2026-09-20,0.15,2,quantile,2148.15880173622
ILI incidence,MT,2026-09-16,2026-09-20,0.2,2,quantile,2563.16155426152
ILI incidence,MT,2026-09-16,2026-09-20,0.25,2,quantile,3002.07564315711
ILI incidence,MT,2026-09-16,2026-09-20,0.3,2,quantile,3433.51389131336
ILI incidence,MT,2026-09-16,2026-09-20,0.35,2,quantile,3981.61099219835
ILI incidence,MT,2026-09-16,2026-09-20,0.4,2,quantile,4507.90298207746
ILI incidence,MT,2026-09-16,2026-09-20,0.45,2,quantile,5034.70086059536
ILI incidence,MT,2026-09-16,2026-09-20,0.5,2,quantile,5781.02314342398
ILI incidence,MT,2026-09-16,2026-09-20,0.55,2,quantile,6483.46434136141
ILI incidence,MT,2026-09-16,2026-09-20,0.6,2,quantile,7278.54354261099
ILI incidence,MT,2026-09-16,2026-09-20,0.65,2,quantile,8149.84980585113
ILI incidence,MT,2026-09-16,2026-09-20,0.7,2,quantile,8938.54950005565
ILI incidence,MT,2026-09-16,2026-09-20,0.75,2,quantile,10009.9036971486
ILI incidence,MT,2026-09-16,2026-09-20,0.8,2,quantile,11433.5321090109
ILI incidence,MT,2026-09-16,2026-09-20,0.85,2,quantile,13114.2912950083
ILI incidence,MT,2026-09-16,2026-09-20,0.9,2,quantile,15844.6288856589
ILI incidence,MT,2026-09-16,2026-09-20,0.95,2,quantile,19822.9982572944
ILI incidence,MT,2026-09-16,2026-09-20,0.975,2,quantile,24096.3221611918
ILI incidence,MT,2026-09-16,2026-09-20,0.99,2,quantile,27531.8341854274
ILI incidence,MT,2026-09-16,2026-09-27,0.01,3,quantile,2314.63254504398
ILI incidence,MT,2026-09-16,2026-09-27,0.025,3,quantile,2314.63254504398
ILI incidence,MT,2026-09-16,2026-09-27,0.05,3,quantile,2314.63254504398
ILI incidence,MT,2026-09-16,2026-09-27,0.1,3,quantile,2372.50554844066
ILI incidence,MT,2026-09-16,2026-09-27,0.15,3,quantile,2517.62613493156
ILI incidence,MT,2026-09-16,2026-09-27,0.2,3,quantile,2762.32780063031
ILI incidence,MT,2026-09-16,2026-09-27,0.25,3,quantile,3005.71509022267
ILI incidence,MT,2026-09-16,2026-09-27,0.3,3,quantile,3348.84363326628
ILI incidence,MT,2026-09-16,2026-09-27,0.35,3,quantile,3766.90761517839
ILI incidence,MT,2026-09-16,2026-09-27,0.4,3,quantile,4348.54415664004
ILI incidence,MT,2026-09-16,2026-09-27,0.45,3,quantile,5007.314787521
ILI incidence,MT,2026-09-16,2026-09-27,0.5,3,quantile,5676.3609567317
ILI incidence,MT,2026-09-16,2026-09-27,0.55,3,quantile,6321.94306875494
ILI incidence,MT,2026-09-16,2026-09-27,0.6,3,quantile,7093.65310608449
ILI incidence,MT,2026-09-16,2026-09-27,0.65,3,quantile,8184.11359554556
ILI incidence,MT,2026-09-16,2026-09-27,0.7,3,quantile,9238.26032225196
ILI incidence,MT,2026-09-16,2026-09-27,0.75,3,quantile,10639.2806825878
ILI incidence,MT,2026-09-16,2026-09-27,0.8,3,quantile,12090.46712893
ILI incidence,MT,2026-09-16,2026-09-27,0.85,3,quantile,14649.4461110902
ILI incidence,MT,2026-09-16,2026-09-27,0.9,3,quantile,17337.7462851487
ILI incidence,MT,2026-09-16,2026-09-27,0.95,3,quantile,23021.2061216554
ILI incidence,MT,2026-09-16,2026-09-27,0.975,3,quantile,26845.824610224
ILI incidence,MT,2026-09-16,2026-09-27,0.99,3,quantile,30806.3975634092
ILI incidence,MT,2026-09-16,2026-10-04,0.01,4,quantile,3122.55888559685
ILI incidence,MT,2026-09-16,2026-10-04,0.025,4,quantile,3122.55888559685
ILI incidence,MT,2026-09-16,2026-10-04,0.05,4,quantile,3122.55888559685
ILI incidence,MT,2026-09-16,2026-10-04,0.1,4,quantile,3139.68380491533
ILI incidence,MT,2026-09-16,2026-10-04,0.15,4,quantile,3219.15722801187
ILI incidence,MT,2026-09-16,2026-10-04,0.2,4,quantile,3315.20241649494
ILI incidence,MT,2026-09-16,2026-10-04,0.25,4,quantile,3409.05974960546
ILI incidence,MT,2026-09-16,2026-10-04,0.3,4,quantile,3605.5008406554
ILI incidence,MT,2026-09-16,2026-10-04,0.35,4,quantile,3882.15839607776
ILI incidence,MT,2026-09-16,2026-10-04,0.4,4,quantile,4339.29904134181
ILI incidence,MT,2026-09-16,2026-10-04,0.45,4,quantile,5011.72044067406
ILI incidence,MT,2026-09-16,2026-10-04,0.5,4,quantile,5552.06225122127
ILI incidence,MT,2026-09-16,2026-10-04,0.55,4,quantile,6156.28261785439
ILI incidence,MT,2026-09-16,2026-10-04,0.6,4,quantile,7038.43366912733
ILI incidence,MT,2026-09-16,2026-10-04,0.65,4,quantile,8209.96739842671
ILI incidence,MT,2026-09-16,2026-10-04,0.7,4,quantile,9556.16942245105
ILI incidence,MT,2026-09-16,2026-10-04,0.75,4,quantile,11429.4699671015
ILI incidence,MT,2026-09-16,2026-10-04,0.8,4,quantile,13545.1464545935
ILI incidence,MT,2026-09-16,2026-10-04,0.85,4,quantile,15734.9488891473
ILI incidence,MT,2026-09-16,2026-10-04,0.9,4,quantile,18993.3213619936
ILI incidence,MT,2026-09-16,2026-10-04,0.95,4,quantile,24294.5621254478
ILI incidence,MT,2026-09-16,2026-10-04,0.975,4,quantile,29701.2972543762
ILI incidence,MT,2026-09-16,2026-10-04,0.99,4,quantile,36524.1989972467
ILI incidence,MT,2026-09-16,2026-09-13,,1,median,5859.22195701459
ILI incidence,MT,2026-09-16,2026-09-20,,2,median,5781.02314342398
ILI incidence,MT,2026-09-16,2026-09-27,,3,median,5676.3609567317
ILI incidence,MT,2026-09-16,2026-10-04,,4,median,5552.06225122127
ILI incidence,NO,2026-09-16,2026-09-13,0.01,1,quantile,0.507685179445636
ILI incidence,NO,2026-09-16,2026-09-13,0.025,1,quantile,0.957880069920844
ILI incidence,NO,2026-09-16,2026-09-13,0.05,1,quantile,1.91840494680904
ILI incidence,NO,2026-09-16,2026-09-13,0.1,1,quantile,3.0390238446387
ILI incidence,NO,2026-09-16,2026-09-13,0.15,1,quantile,3.9283774180322
ILI incidence,NO,2026-09-16,2026-09-13,0.2,1,quantile,4.95058007468713
ILI incidence,NO,2026-09-16,2026-09-13,0.25,1,quantile,5.75551488664526
ILI incidence,NO,2026-09-16,2026-09-13,0.3,1,quantile,6.6182062865979
ILI incidence,NO,2026-09-16,2026-09-13,0.35,1,quantile,7.23532929438864
ILI incidence,NO,2026-09-16,2026-09-13,0.4,1,quantile,7.86545281147669
ILI incidence,NO,2026-09-16,2026-09-13,0.45,1,quantile,8.86299828007375
ILI incidence,NO,2026-09-16,2026-09-13,0.5,1,quantile,9.72122343162475
ILI incidence,NO,2026-09-16,2026-09-13,0.55,1,quantile,10.7317150368838
ILI incidence,NO,2026-09-16,2026-09-13,0.6,1,quantile,11.8264437340276
ILI incidence,NO,2026-09-16,2026-09-13,0.65,1,quantile,13.0510237697873
ILI incidence,NO,2026-09-16,2026-09-13,0.7,1,quantile,14.3371402203154
ILI incidence,NO,2026-09-16,2026-09-13,0.75,1,quantile,15.7947606295013
ILI incidence,NO,2026-09-16,2026-09-13,0.8,1,quantile,17.8000922479151
ILI incidence,NO,2026-09-16,2026-09-13,0.85,1,quantile,20.0320535939704
ILI incidence,NO,2026-09-16,2026-09-13,0.9,1,quantile,23.8179389509785
ILI incidence,NO,2026-09-16,2026-09-13,0.95,1,quantile,30.417508938105
ILI incidence,NO,2026-09-16,2026-09-13,0.975,1,quantile,35.4484632566415
ILI incidence,NO,2026-09-16,2026-09-13,0.99,1,quantile,47.9163349369527
ILI incidence,NO,2026-09-16,2026-09-20,0.01,2,quantile,0
ILI incidence,NO,2026-09-16,2026-09-20,0.025,2,quantile,0
ILI incidence,NO,2026-09-16,2026-09-20,0.05,2,quantile,0.672291428724292
ILI incidence,NO,2026-09-16,2026-09-20,0.1,2,quantile,1.86092727383776
ILI incidence,NO,2026-09-16,2026-09-20,0.15,2,quantile,2.99744594005248
ILI incidence,NO,2026-09-16,2026-09-20,0.2,2,quantile,3.93930379444004
ILI incidence,NO,2026-09-16,2026-09-20,0.25,2,quantile,5.01902190742181
ILI incidence,NO,2026-09-16,2026-09-20,0.3,2,quantile,6.15031634586241
ILI incidence,NO,2026-09-16,2026-09-20,0.35,2,quantile,7.33638326322727
ILI incidence,NO,2026-09-16,2026-09-20,0.4,2,quantile,8.26087561390689
ILI incidence,NO,2026-09-16,2026-09-20,0.45,2,quantile,9.29658560497314
ILI incidence,NO,2026-09-16,2026-09-20,0.5,2,quantile,10.567636913368
ILI incidence,NO,2026-09-16,2026-09-20,0.55,2,quantile,11.7535261082221
ILI incidence,NO,2026-09-16,2026-09-20,0.6,2,quantile,13.4054488357372
ILI incidence,NO,2026-09-16,2026-09-20,0.65,2,quantile,15.031492092565
ILI incidence,NO,2026-09-16,2026-09-20,0.7,2,quantile,17.5408149126895
ILI incidence,NO,2026-09-16,2026-09-20,0.75,2,quantile,20.5927959223269
ILI incidence,NO,2026-09-16,2026-09-20,0.8,2,quantile,23.8840076064455
ILI incidence,NO,2026-09-16,2026-09-20,0.85,2,quantile,28.7214452693469
ILI incidence,NO,2026-09-16,2026-09-20,0.9,2,quantile,36.0661176224961
ILI incidence,NO,2026-09-16,2026-09-20,0.95,2,quantile,50.1672094052023
ILI incidence,NO,2026-09-16,2026-09-20,0.975,2,quantile,61.5861949652329
ILI incidence,NO,2026-09-16,2026-09-20,0.99,2,quantile,84.5959953917358
ILI incidence,NO,2026-09-16,2026-09-27,0.01,3,quantile,0
ILI incidence,NO,2026-09-16,2026-09-27,0.025,3,quantile,0
ILI incidence,NO,2026-09-16,2026-09-27,0.05,3,quantile,0
ILI incidence,NO,2026-09-16,2026-09-27,0.1,3,quantile,0.97129478931158
ILI incidence,NO,2026-09-16,2026-09-27,0.15,3,quantile,2.49505823081457
ILI incidence,NO,2026-09-16,2026-09-27,0.2,3,quantile,3.66653487625799
ILI incidence,NO,2026-09-16,2026-09-27,0.25,3,quantile,4.89780947934048
ILI incidence,NO,2026-09-16,2026-09-27,0.3,3,quantile,6.11469651474354
ILI incidence,NO,2026-09-16,2026-09-27,0.35,3,quantile,7.39859530880228
ILI incidence,NO,2026-09-16,2026-09-27,0.4,3,quantile,8.82338684155602
ILI incidence,NO,2026-09-16,2026-09-27,0.45,3,quantile,10.2582082694384
ILI incidence,NO,2026-09-16,2026-09-27,0.5,3,quantile,11.572254398715
ILI incidence,NO,2026-09-16,2026-09-27,0.55,3,quantile,13.2289812826115
ILI incidence,NO,2026-09-16,2026-09-27,0.6,3,quantile,15.8755171685674
ILI incidence,NO,2026-09-16,2026-09-27,0.65,3,quantile,18.9843700856451
ILI incidence,NO,2026-09-16,2026-09-27,0.7,3,quantile,22.1504359840433
ILI incidence,NO,2026-09-16,2026-09-27,0.75,3,quantile,25.4476984795657
ILI incidence,NO,2026-09-16,2026-09-27,0.8,3,quantile,30.4072270578376
ILI incidence,NO,2026-09-16,2026-09-27,0.85,3,quantile,37.2560442249708
ILI incidence,NO,2026-09-16,2026-09-27,0.9,3,quantile,50.9616113011144
ILI incidence,NO,2026-09-16,2026-09-27,0.95,3,quantile,72.7614514854135
ILI incidence,NO,2026-09-16,2026-09-27,0.975,3,quantile,96.7132206575365
ILI incidence,NO,2026-09-16,2026-09-27,0.99,3,quantile,132.308465740947
ILI incidence,NO,2026-09-16,2026-10-04,0.01,4,quantile,0
ILI incidence,NO,2026-09-16,2026-10-04,0.025,4,quantile,0
ILI incidence,NO,2026-09-16,2026-10-04,0.05,4,quantile,0
ILI incidence,NO,2026-09-16,2026-10-04,0.1,4,quantile,0.241212194790318
ILI incidence,NO,2026-09-16,2026-10-04,0.15,4,quantile,1.52794492053953
ILI incidence,NO,2026-09-16,2026-10-04,0.2,4,quantile,2.66170768189886
ILI incidence,NO,2026-09-16,2026-10-04,0.25,4,quantile,4.11519212973169
ILI incidence,NO,2026-09-16,2026-10-04,0.3,4,quantile,5.27112294357931
ILI incidence,NO,2026-09-16,2026-10-04,0.35,4,quantile,6.74710388615596
ILI incidence,NO,2026-09-16,2026-10-04,0.4,4,quantile,8.86883907499402
ILI incidence,NO,2026-09-16,2026-10-04,0.45,4,quantile,10.6836749373145
ILI incidence,NO,2026-09-16,2026-10-04,0.5,4,quantile,12.7371619777207
ILI incidence,NO,2026-09-16,2026-10-04,0.55,4,quantile,15.2832758243883
ILI incidence,NO,2026-09-16,2026-10-04,0.6,4,quantile,17.7784385905683
ILI incidence,NO,2026-09-16,2026-10-04,0.65,4,quantile,20.9020411051674
ILI incidence,NO,2026-09-16,2026-10-04,0.7,4,quantile,24.915520779408
ILI incidence,NO,2026-09-16,2026-10-04,0.75,4,quantile,30.1494166534469
ILI incidence,NO,2026-09-16,2026-10-04,0.8,4,quantile,38.271877551261
ILI incidence,NO,2026-09-16,2026-10-04,0.85,4,quantile,48.9526909763746
ILI incidence,NO,2026-09-16,2026-10-04,0.9,4,quantile,64.9965063580774
ILI incidence,NO,2026-09-16,2026-10-04,0.95,4,quantile,96.2720114236909
ILI incidence,NO,2026-09-16,2026-10-04,0.975,4,quantile,133.91452467887
ILI incidence,NO,2026-09-16,2026-10-04,0.99,4,quantile,188.029764300607
ILI incidence,NO,2026-09-16,2026-09-13,,1,median,9.72122343162475
ILI incidence,NO,2026-09-16,2026-09-20,,2,median,10.567636913368
ILI incidence,NO,2026-09-16,2026-09-27,,3,median,11.572254398715
ILI incidence,NO,2026-09-16,2026-10-04,,4,median,12.7371619777207
ILI incidence,SI,2026-09-16,2026-09-13,0.01,1,quantile,0
ILI incidence,SI,2026-09-16,2026-09-13,0.025,1,quantile,0
ILI incidence,SI,2026-09-16,2026-09-13,0.05,1,quantile,0
ILI incidence,SI,2026-09-16,2026-09-13,0.1,1,quantile,0
ILI incidence,SI,2026-09-16,2026-09-13,0.15,1,quantile,0
ILI incidence,SI,2026-09-16,2026-09-13,0.2,1,quantile,0
ILI incidence,SI,2026-09-16,2026-09-13,0.25,1,quantile,0
ILI incidence,SI,2026-09-16,2026-09-13,0.3,1,quantile,0
ILI incidence,SI,2026-09-16,2026-09-13,0.35,1,quantile,0
ILI incidence,SI,2026-09-16,2026-09-13,0.4,1,quantile,0
ILI incidence,SI,2026-09-16,2026-09-13,0.45,1,quantile,0
ILI incidence,SI,2026-09-16,2026-09-13,0.5,1,quantile,0.0177529541860621
ILI incidence,SI,2026-09-16,2026-09-13,0.55,1,quantile,0.734371635934676
ILI incidence,SI,2026-09-16,2026-09-13,0.6,1,quantile,1.57402050349906
ILI incidence,SI,2026-09-16,2026-09-13,0.65,1,quantile,2.87522060882269
ILI incidence,SI,2026-09-16,2026-09-13,0.7,1,quantile,3.73779816823332
ILI incidence,SI,2026-09-16,2026-09-13,0.75,1,quantile,5.68911423816797
ILI incidence,SI,2026-09-16,2026-09-13,0.8,1,quantile,7.62761536213431
ILI incidence,SI,2026-09-16,2026-09-13,0.85,1,quantile,10.4156373269675
ILI incidence,SI,2026-09-16,2026-09-13,0.9,1,quantile,13.5569626064693
ILI incidence,SI,2026-09-16,2026-09-13,0.95,1,quantile,22.3922209950323
ILI incidence,SI,2026-09-16,2026-09-13,0.975,1,quantile,30.573544922427
ILI incidence,SI,2026-09-16,2026-09-13,0.99,1,quantile,42.3257750812613
ILI incidence,SI,2026-09-16,2026-09-20,0.01,2,quantile,0
ILI incidence,SI,2026-09-16,2026-09-20,0.025,2,quantile,0
ILI incidence,SI,2026-09-16,2026-09-20,0.05,2,quantile,0
ILI incidence,SI,2026-09-16,2026-09-20,0.1,2,quantile,0
ILI incidence,SI,2026-09-16,2026-09-20,0.15,2,quantile,0
ILI incidence,SI,2026-09-16,2026-09-20,0.2,2,quantile,0
ILI incidence,SI,2026-09-16,2026-09-20,0.25,2,quantile,0
ILI incidence,SI,2026-09-16,2026-09-20,0.3,2,quantile,0
ILI incidence,SI,2026-09-16,2026-09-20,0.35,2,quantile,0
ILI incidence,SI,2026-09-16,2026-09-20,0.4,2,quantile,0
ILI incidence,SI,2026-09-16,2026-09-20,0.45,2,quantile,0
ILI incidence,SI,2026-09-16,2026-09-20,0.5,2,quantile,0.020578586181003
ILI incidence,SI,2026-09-16,2026-09-20,0.55,2,quantile,1.51038400241863
ILI incidence,SI,2026-09-16,2026-09-20,0.6,2,quantile,3.17877218278013
ILI incidence,SI,2026-09-16,2026-09-20,0.65,2,quantile,5.50004327477965
ILI incidence,SI,2026-09-16,2026-09-20,0.7,2,quantile,8.40965188866859
ILI incidence,SI,2026-09-16,2026-09-20,0.75,2,quantile,11.7132900218504
ILI incidence,SI,2026-09-16,2026-09-20,0.8,2,quantile,15.8683753566426
ILI incidence,SI,2026-09-16,2026-09-20,0.85,2,quantile,21.3097647165305
ILI incidence,SI,2026-09-16,2026-09-20,0.9,2,quantile,30.3014196901712
ILI incidence,SI,2026-09-16,2026-09-20,0.95,2,quantile,52.0535017319418
ILI incidence,SI,2026-09-16,2026-09-20,0.975,2,quantile,74.6475355859534
ILI incidence,SI,2026-09-16,2026-09-20,0.99,2,quantile,92.7023769451337
ILI incidence,SI,2026-09-16,2026-09-27,0.01,3,quantile,0
ILI incidence,SI,2026-09-16,2026-09-27,0.025,3,quantile,0
ILI incidence,SI,2026-09-16,2026-09-27,0.05,3,quantile,0
ILI incidence,SI,2026-09-16,2026-09-27,0.1,3,quantile,0
ILI incidence,SI,2026-09-16,2026-09-27,0.15,3,quantile,0
ILI incidence,SI,2026-09-16,2026-09-27,0.2,3,quantile,0
ILI incidence,SI,2026-09-16,2026-09-27,0.25,3,quantile,0
ILI incidence,SI,2026-09-16,2026-09-27,0.3,3,quantile,0
ILI incidence,SI,2026-09-16,2026-09-27,0.35,3,quantile,0
ILI incidence,SI,2026-09-16,2026-09-27,0.4,3,quantile,0
ILI incidence,SI,2026-09-16,2026-09-27,0.45,3,quantile,0
ILI incidence,SI,2026-09-16,2026-09-27,0.5,3,quantile,0.0238887623234054
ILI incidence,SI,2026-09-16,2026-09-27,0.55,3,quantile,2.50917798664096
ILI incidence,SI,2026-09-16,2026-09-27,0.6,3,quantile,4.57871818951372
ILI incidence,SI,2026-09-16,2026-09-27,0.65,3,quantile,8.30889351072374
ILI incidence,SI,2026-09-16,2026-09-27,0.7,3,quantile,13.0368251598381
ILI incidence,SI,2026-09-16,2026-09-27,0.75,3,quantile,17.9557448184291
ILI incidence,SI,2026-09-16,2026-09-27,0.8,3,quantile,24.8036245716604
ILI incidence,SI,2026-09-16,2026-09-27,0.85,3,quantile,34.7499019702087
ILI incidence,SI,2026-09-16,2026-09-27,0.9,3,quantile,53.2571581135828
ILI incidence,SI,2026-09-16,2026-09-27,0.95,3,quantile,90.2534146233601
ILI incidence,SI,2026-09-16,2026-09-27,0.975,3,quantile,135.544683269221
ILI incidence,SI,2026-09-16,2026-09-27,0.99,3,quantile,183.512901222657
ILI incidence,SI,2026-09-16,2026-10-04,0.01,4,quantile,0
ILI incidence,SI,2026-09-16,2026-10-04,0.025,4,quantile,0
ILI incidence,SI,2026-09-16,2026-10-04,0.05,4,quantile,0
ILI incidence,SI,2026-09-16,2026-10-04,0.1,4,quantile,0
ILI incidence,SI,2026-09-16,2026-10-04,0.15,4,quantile,0
ILI incidence,SI,2026-09-16,2026-10-04,0.2,4,quantile,0
ILI incidence,SI,2026-09-16,2026-10-04,0.25,4,quantile,0
ILI incidence,SI,2026-09-16,2026-10-04,0.3,4,quantile,0
ILI incidence,SI,2026-09-16,2026-10-04,0.35,4,quantile,0
ILI incidence,SI,2026-09-16,2026-10-04,0.4,4,quantile,0
ILI incidence,SI,2026-09-16,2026-10-04,0.45,4,quantile,0
ILI incidence,SI,2026-09-16,2026-10-04,0.5,4,quantile,0.0277680560985147
ILI incidence,SI,2026-09-16,2026-10-04,0.55,4,quantile,3.4904523615572
ILI incidence,SI,2026-09-16,2026-10-04,0.6,4,quantile,7.11134818070925
ILI incidence,SI,2026-09-16,2026-10-04,0.65,4,quantile,11.6689053272131
ILI incidence,SI,2026-09-16,2026-10-04,0.7,4,quantile,16.2493084305023
ILI incidence,SI,2026-09-16,2026-10-04,0.75,4,quantile,25.0792116878724
ILI incidence,SI,2026-09-16,2026-10-04,0.8,4,quantile,37.2313041853469
ILI incidence,SI,2026-09-16,2026-10-04,0.85,4,quantile,56.591374806596
ILI incidence,SI,2026-09-16,2026-10-04,0.9,4,quantile,77.2118896765656
ILI incidence,SI,2026-09-16,2026-10-04,0.95,4,quantile,132.498773650234
ILI incidence,SI,2026-09-16,2026-10-04,0.975,4,quantile,180.226462449069
ILI incidence,SI,2026-09-16,2026-10-04,0.99,4,quantile,256.177671169703
ILI incidence,SI,2026-09-16,2026-09-13,,1,median,0.0177529541860621
ILI incidence,SI,2026-09-16,2026-09-20,,2,median,0.020578586181003
ILI incidence,SI,2026-09-16,2026-09-27,,3,median,0.0238887623234054
ILI incidence,SI,2026-09-16,2026-10-04,,4,median,0.0277680560985147
