target,location,origin_date,target_end_date,output_type_id,horizon,output_type,value
ILI incidence,BE,2026-10-07,2026-10-04,0.01,1,quantile,36.9834575966462
ILI incidence,BE,2026-10-07,2026-10-04,0.025,1,quantile,43.0758838642042
ILI incidence,BE,2026-10-07,2026-10-04,0.05,1,quantile,49.6238344716502
ILI incidence,BE,2026-10-07,2026-10-04,0.1,1,quantile,60.4074041386785
ILI incidence,BE,2026-10-07,2026-10-04,0.15,1,quantile,67.2509939802359
ILI incidence,BE,2026-10-07,2026-10-04,0.2,1,quantile,74.7437563166231
ILI incidence,BE,2026-10-07,2026-10-04,0.25,1,quantile,80.5417274020399
ILI incidence,BE,2026-10-07,2026-10-04,0.3,1,quantile,86.4864142981505
ILI incidence,BE,2026-10-07,2026-10-04,0.35,1,quantile,91.9733726181015
ILI incidence,BE,2026-10-07,2026-10-04,0.4,1,quantile,98.1193156012866
ILI incidence,BE,2026-10-07,2026-10-04,0.45,1,quantile,103.633754867163
ILI incidence,BE,2026-10-07,2026-10-04,0.5,1,quantile,110.756021392691
ILI incidence,BE,2026-10-07,2026-10-04,0.55,1,quantile,116.326725049141
ILI incidence,BE,2026-10-07,2026-10-04,0.6,1,quantile,122.163964679747
ILI incidence,BE,2026-10-07,2026-10-04,0.65,1,quantile,130.523722274115
ILI incidence,BE,2026-10-07,2026-10-04,0.7,1,quantile,137.940556575112
ILI incidence,BE,2026-10-07,2026-10-04,0.75,1,quantile,148.466633386205
ILI incidence,BE,2026-10-07,2026-10-04,0.8,1,quantile,159.665702162217
ILI incidence,BE,2026-10-07,2026-10-04,0.85,1,quantile,175.451480989875
ILI incidence,BE,2026-10-07,2026-10-04,0.9,1,quantile,200.897902064785
ILI incidence,BE,2026-10-07,2026-10-04,0.95,1,quantile,232.695439754547
ILI incidence,BE,2026-10-07,2026-10-04,0.975,1,quantile,270.462853502617
ILI incidence,BE,2026-10-07,2026-10-04,0.99,1,quantile,325.101635572785
ILI incidence,BE,2026-10-07,2026-10-11,0.01,2,quantile,28.1592888438924
ILI incidence,BE,2026-10-07,2026-10-11,0.025,2,quantile,38.5760304401323
ILI incidence,BE,2026-10-07,2026-10-11,0.05,2,quantile,45.8947857326346
ILI incidence,BE,2026-10-07,2026-10-11,0.1,2,quantile,55.465082630909
ILI incidence,BE,2026-10-07,2026-10-11,0.15,2,quantile,65.161312121871
ILI incidence,BE,2026-10-07,2026-10-11,0.2,2,quantile,77.3614784937346
ILI incidence,BE,2026-10-07,2026-10-11,0.25,2,quantile,85.5893178127679
ILI incidence,BE,2026-10-07,2026-10-11,0.3,2,quantile,93.3585868325338
ILI incidence,BE,2026-10-07,2026-10-11,0.35,2,quantile,103.636641188691
ILI incidence,BE,2026-10-07,2026-10-11,0.4,2,quantile,113.093566334135
ILI incidence,BE,2026-10-07,2026-10-11,0.45,2,quantile,121.75720397751
ILI incidence,BE,2026-10-07,2026-10-11,0.5,2,quantile,132.319477660684
ILI incidence,BE,2026-10-07,2026-10-11,0.55,2,quantile,143.51312416234
ILI incidence,BE,2026-10-07,2026-10-11,0.6,2,quantile,154.859011873949
ILI incidence,BE,2026-10-07,2026-10-11,0.65,2,quantile,170.835133029716
ILI incidence,BE,2026-10-07,2026-10-11,0.7,2,quantile,189.256033531097
ILI incidence,BE,2026-10-07,2026-10-11,0.75,2,quantile,209.746996492974
ILI incidence,BE,2026-10-07,2026-10-11,0.8,2,quantile,232.938737967134
ILI incidence,BE,2026-10-07,2026-10-11,0.85,2,quantile,266.879647938491
ILI incidence,BE,2026-10-07,2026-10-11,0.9,2,quantile,320.161942400746
ILI incidence,BE,2026-10-07,2026-10-11,0.95,2,quantile,424.147300821397
ILI incidence,BE,2026-10-07,2026-10-11,0.975,2,quantile,512.777290148729
ILI incidence,BE,2026-10-07,2026-10-11,0.99,2,quantile,592.670913893876
ILI incidence,BE,2026-10-07,2026-10-18,0.01,3,quantile,26.6154026322813
ILI incidence,BE,2026-10-07,2026-10-18,0.025,3,quantile,32.9779920663182
ILI incidence,BE,2026-10-07,2026-10-18,0.05,3,quantile,43.4916772266434
ILI incidence,BE,2026-10-07,2026-10-18,0.1,3,quantile,58.1716394115867
ILI incidence,BE,2026-10-07,2026-10-18,0.15,3,quantile,67.9002123277666
ILI incidence,BE,2026-10-07,2026-10-18,0.2,3,quantile,79.1322829181253
ILI incidence,BE,2026-10-07,2026-10-18,0.25,3,quantile,88.8306346481214
ILI incidence,BE,2026-10-07,2026-10-18,0.3,3,quantile,100.267684771074
ILI incidence,BE,2026-10-07,2026-10-18,0.35,3,quantile,112.110428082664
ILI incidence,BE,2026-10-07,2026-10-18,0.4,3,quantile,122.586574395305
ILI incidence,BE,2026-10-07,2026-10-18,0.45,3,quantile,137.069356631538
ILI incidence,BE,2026-10-07,2026-10-18,0.5,3,quantile,153.993105781624
ILI incidence,BE,2026-10-07,2026-10-18,0.55,3,quantile,169.723684509108
ILI incidence,BE,2026-10-07,2026-10-18,0.6,3,quantile,192.106160906874
ILI incidence,BE,2026-10-07,2026-10-18,0.65,3,quantile,222.567605128986
ILI incidence,BE,2026-10-07,2026-10-18,0.7,3,quantile,253.013905930426
ILI incidence,BE,2026-10-07,2026-10-18,0.75,3,quantile,279.785991439935
ILI incidence,BE,2026-10-07,2026-10-18,0.8,3,quantile,322.033497696934
ILI incidence,BE,2026-10-07,2026-10-18,0.85,3,quantile,364.327534712561
ILI incidence,BE,2026-10-07,2026-10-18,0.9,3,quantile,462.836391051937
ILI incidence,BE,2026-10-07,2026-10-18,0.95,3,quantile,613.574133063814
ILI incidence,BE,2026-10-07,2026-10-18,0.975,3,quantile,759.497528413113
ILI incidence,BE,2026-10-07,2026-10-18,0.99,3,quantile,921.909486116973
ILI incidence,BE,2026-10-07,2026-10-25,0.01,4,quantile,23.2298886212392
ILI incidence,BE,2026-10-07,2026-10-25,0.025,4,quantile,31.0735332995502
ILI incidence,BE,2026-10-07,2026-10-25,0.05,4,quantile,40.2584164227479
ILI incidence,BE,2026-10-07,2026-10-25,0.1,4,quantile,55.3168332909117
ILI incidence,BE,2026-10-07,2026-10-25,0.15,4,quantile,65.466847762468
ILI incidence,BE,2026-10-07,2026-10-25,0.2,4,quantile,76.6105514040274
ILI incidence,BE,2026-10-07,2026-10-25,0.25,4,quantile,90.3383503856799
ILI incidence,BE,2026-10-07,2026-10-25,0.3,4,quantile,106.821429941599
ILI incidence,BE,2026-10-07,2026-10-25,0.35,4,quantile,121.064051582595
ILI incidence,BE,2026-10-07,2026-10-25,0.4,4,quantile,137.49828860379
ILI incidence,BE,2026-10-07,2026-10-25,0.45,4,quantile,158.649014745724
ILI incidence,BE,2026-10-07,2026-10-25,0.5,4,quantile,175.36190204454
ILI incidence,BE,2026-10-07,2026-10-25,0.55,4,quantile,196.929810626305
ILI incidence,BE,2026-10-07,2026-10-25,0.6,4,quantile,223.84471389999
ILI incidence,BE,2026-10-07,2026-10-25,0.65,4,quantile,256.371976092674
ILI incidence,BE,2026-10-07,2026-10-25,0.7,4,quantile,301.353433379496
ILI incidence,BE,2026-10-07,2026-10-25,0.75,4,quantile,349.654979432921
ILI incidence,BE,2026-10-07,2026-10-25,0.8,4,quantile,411.439820180668
ILI incidence,BE,2026-10-07,2026-10-25,0.85,4,quantile,498.594695171347
ILI incidence,BE,2026-10-07,2026-10-25,0.9,4,quantile,605.69026330668
ILI incidence,BE,2026-10-07,2026-10-25,0.95,4,quantile,819.554124276072
ILI incidence,BE,2026-10-07,2026-10-25,0.975,4,quantile,998.933467903619
ILI incidence,BE,2026-10-07,2026-10-25,0.99,4,quantile,1176.30991078713
ILI incidence,BE,2026-10-07,2026-10-04,,1,median,110.756021392691
ILI incidence,BE,2026-10-07,2026-10-11,,2,median,132.319477660684
ILI incidence,BE,2026-10-07,2026-10-18,,3,median,153.993105781624
ILI incidence,BE,2026-10-07,2026-10-25,,4,median,175.36190204454
ILI incidence,CH,2026-10-07,2026-10-04,0.01,1,quantile,10.0706007228712
ILI incidence,CH,2026-10-07,2026-10-04,0.025,1,quantile,11.3666365632528
ILI incidence,CH,2026-10-07,2026-10-04,0.05,1,quantile,14.050102208721
ILI incidence,CH,2026-10-07,2026-10-04,0.1,1,quantile,16.8992512122785
ILI incidence,CH,2026-10-07,2026-10-04,0.15,1,quantile,18.9061620652816
ILI incidence,CH,2026-10-07,2026-10-04,0.2,1,quantile,21.0443920810959
ILI incidence,CH,2026-10-07,2026-10-04,0.25,1,quantile,22.564255457683
ILI incidence,CH,2026-10-07,2026-10-04,0.3,1,quantile,24.2264970809063
ILI incidence,CH,2026-10-07,2026-10-04,0.35,1,quantile,25.6867543516054
ILI incidence,CH,2026-10-07,2026-10-04,0.4,1,quantile,27.2645744562347
ILI incidence,CH,2026-10-07,2026-10-04,0.45,1,quantile,28.7604220951781
ILI incidence,CH,2026-10-07,2026-10-04,0.5,1,quantile,30.689171591321
ILI incidence,CH,2026-10-07,2026-10-04,0.55,1,quantile,32.0954066366248
ILI incidence,CH,2026-10-07,2026-10-04,0.6,1,quantile,34.0194509481522
ILI incidence,CH,2026-10-07,2026-10-04,0.65,1,quantile,36.4143191707843
ILI incidence,CH,2026-10-07,2026-10-04,0.7,1,quantile,38.5681651416857
ILI incidence,CH,2026-10-07,2026-10-04,0.75,1,quantile,41.1861102314778
ILI incidence,CH,2026-10-07,2026-10-04,0.8,1,quantile,44.0104961948282
ILI incidence,CH,2026-10-07,2026-10-04,0.85,1,quantile,47.4484166168942
ILI incidence,CH,2026-10-07,2026-10-04,0.9,1,quantile,53.3165727399095
ILI incidence,CH,2026-10-07,2026-10-04,0.95,1,quantile,65.0156781020476
ILI incidence,CH,2026-10-07,2026-10-04,0.975,1,quantile,74.4352012049082
ILI incidence,CH,2026-10-07,2026-10-04,0.99,1,quantile,88.6577532256317
ILI incidence,CH,2026-10-07,2026-10-11,0.01,2,quantile,9.12466150316692
ILI incidence,CH,2026-10-07,2026-10-11,0.025,2,quantile,11.2428573839952
ILI incidence,CH,2026-10-07,2026-10-11,0.05,2,quantile,13.115042135722
ILI incidence,CH,2026-10-07,2026-10-11,0.1,2,quantile,16.2947504057666
ILI incidence,CH,2026-10-07,2026-10-11,0.15,2,quantile,19.1459438658578
ILI incidence,CH,2026-10-07,2026-10-11,0.2,2,quantile,22.1860307729653
ILI incidence,CH,2026-10-07,2026-10-11,0.25,2,quantile,24.6663406547747
ILI incidence,CH,2026-10-07,2026-10-11,0.3,2,quantile,26.3934941943918
ILI incidence,CH,2026-10-07,2026-10-11,0.35,2,quantile,28.6797021157377
ILI incidence,CH,2026-10-07,2026-10-11,0.4,2,quantile,30.8082930581789
ILI incidence,CH,2026-10-07,2026-10-11,0.45,2,quantile,32.9211809197834
ILI incidence,CH,2026-10-07,2026-10-11,0.5,2,quantile,34.9682820847864
ILI incidence,CH,2026-10-07,2026-10-11,0.55,2,quantile,37.5646574223272
ILI incidence,CH,2026-10-07,2026-10-11,0.6,2,quantile,40.6320651138204
ILI incidence,CH,2026-10-07,2026-10-11,0.65,2,quantile,44.8427079292814
ILI incidence,CH,2026-10-07,2026-10-11,0.7,2,quantile,49.5839991042141
ILI incidence,CH,2026-10-07,2026-10-11,0.75,2,quantile,55.0638050072816
ILI incidence,CH,2026-10-07,2026-10-11,0.8,2,quantile,63.0107476125867
ILI incidence,CH,2026-10-07,2026-10-11,0.85,2,quantile,71.8296780226079
ILI incidence,CH,2026-10-07,2026-10-11,0.9,2,quantile,83.1813115025766
ILI incidence,CH,2026-10-07,2026-10-11,0.95,2,quantile,101.589167659497
ILI incidence,CH,2026-10-07,2026-10-11,0.975,2,quantile,119.542947937652
ILI incidence,CH,2026-10-07,2026-10-11,0.99,2,quantile,162.634900498842
ILI incidence,CH,2026-10-07,2026-10-18,0.01,3,quantile,6.80250975899881
ILI incidence,CH,2026-10-07,2026-10-18,0.025,3,quantile,9.64282214908194
ILI incidence,CH,2026-10-07,2026-10-18,0.05,3,quantile,12.1952859937709
ILI incidence,CH,2026-10-07,2026-10-18,0.1,3,quantile,15.1852483046268
ILI incidence,CH,2026-10-07,2026-10-18,0.15,3,quantile,17.9667146331654
ILI incidence,CH,2026-10-07,2026-10-18,0.2,3,quantile,21.2861756851687
ILI incidence,CH,2026-10-07,2026-10-18,0.25,3,quantile,23.9182749565972
ILI incidence,CH,2026-10-07,2026-10-18,0.3,3,quantile,26.6750221260214
ILI incidence,CH,2026-10-07,2026-10-18,0.35,3,quantile,29.5212824491695
ILI incidence,CH,2026-10-07,2026-10-18,0.4,3,quantile,33.1033309122426
ILI incidence,CH,2026-10-07,2026-10-18,0.45,3,quantile,36.3475012161087
ILI incidence,CH,2026-10-07,2026-10-18,0.5,3,quantile,39.3529019691081
ILI incidence,CH,2026-10-07,2026-10-18,0.55,3,quantile,43.3314199155734
ILI incidence,CH,2026-10-07,2026-10-18,0.6,3,quantile,48.7363142166556
ILI incidence,CH,2026-10-07,2026-10-18,0.65,3,quantile,54.7835285296164
ILI incidence,CH,2026-10-07,2026-10-18,0.7,3,quantile,61.9185082698415
ILI incidence,CH,2026-10-07,2026-10-18,0.75,3,quantile,70.1806430903264
ILI incidence,CH,2026-10-07,2026-10-18,0.8,3,quantile,83.668706891768
ILI incidence,CH,2026-10-07,2026-10-18,0.85,3,quantile,96.4655397083088
ILI incidence,CH,2026-10-07,2026-10-18,0.9,3,quantile,119.041152784218
ILI incidence,CH,2026-10-07,2026-10-18,0.95,3,quantile,160.008100249907
ILI incidence,CH,2026-10-07,2026-10-18,0.975,3,quantile,197.368380715845
ILI incidence,CH,2026-10-07,2026-10-18,0.99,3,quantile,235.942784524432
ILI incidence,CH,2026-10-07,2026-10-25,0.01,4,quantile,6.90456919046379
ILI incidence,CH,2026-10-07,2026-10-25,0.025,4,quantile,8.26993232962119
ILI incidence,CH,2026-10-07,2026-10-25,0.05,4,quantile,10.6148548732002
ILI incidence,CH,2026-10-07,2026-10-25,0.1,4,quantile,14.3522721461015
ILI incidence,CH,2026-10-07,2026-10-25,0.15,4,quantile,17.3304669031995
ILI incidence,CH,2026-10-07,2026-10-25,0.2,4,quantile,20.4552841273729
ILI incidence,CH,2026-10-07,2026-10-25,0.25,4,quantile,23.5658276431985
ILI incidence,CH,2026-10-07,2026-10-25,0.3,4,quantile,26.8392676631356
ILI incidence,CH,2026-10-07,2026-10-25,0.35,4,quantile,30.0320258229097
ILI incidence,CH,2026-10-07,2026-10-25,0.4,4,quantile,34.0108887559254
ILI incidence,CH,2026-10-07,2026-10-25,0.45,4,quantile,38.4796840469029
ILI incidence,CH,2026-10-07,2026-10-25,0.5,4,quantile,43.8069500797533
ILI incidence,CH,2026-10-07,2026-10-25,0.55,4,quantile,50.0289697841379
ILI incidence,CH,2026-10-07,2026-10-25,0.6,4,quantile,56.9364862790711
ILI incidence,CH,2026-10-07,2026-10-25,0.65,4,quantile,65.5446849759929
ILI incidence,CH,2026-10-07,2026-10-25,0.7,4,quantile,74.2430900812039
ILI incidence,CH,2026-10-07,2026-10-25,0.75,4,quantile,85.53374460412
ILI incidence,CH,2026-10-07,2026-10-25,0.8,4,quantile,104.016253512931
ILI incidence,CH,2026-10-07,2026-10-25,0.85,4,quantile,128.307810997539
ILI incidence,CH,2026-10-07,2026-10-25,0.9,4,quantile,154.521936750581
ILI incidence,CH,2026-10-07,2026-10-25,0.95,4,quantile,221.090871415101
ILI incidence,CH,2026-10-07,2026-10-25,0.975,4,quantile,259.524202254729
ILI incidence,CH,2026-10-07,2026-10-25,0.99,4,quantile,306.916320368519
ILI incidence,CH,2026-10-07,2026-10-04,,1,median,30.689171591321
ILI incidence,CH,2026-10-07,2026-10-11,,2,median,34.9682820847864
ILI incidence,CH,2026-10-07,2026-10-18,,3,median,39.3529019691081
ILI incidence,CH,2026-10-07,2026-10-25,,4,median,43.8069500797533
ILI incidence,CZ,2026-10-07,2026-10-04,0.01,1,quantile,1.34767493088161
ILI incidence,CZ,2026-10-07,2026-10-04,0.025,1,quantile,1.53589626680451
ILI incidence,CZ,2026-10-07,2026-10-04,0.05,1,quantile,1.84361444030071
ILI incidence,CZ,2026-10-07,2026-10-04,0.1,1,quantile,2.33975573436131
ILI incidence,CZ,2026-10-07,2026-10-04,0.15,1,quantile,2.75655963646491
ILI incidence,CZ,2026-10-07,2026-10-04,0.2,1,quantile,3.22217929431824
ILI incidence,CZ,2026-10-07,2026-10-04,0.25,1,quantile,3.77252916709205
ILI incidence,CZ,2026-10-07,2026-10-04,0.3,1,quantile,4.32061425444528
ILI incidence,CZ,2026-10-07,2026-10-04,0.35,1,quantile,5.04017921201597
ILI incidence,CZ,2026-10-07,2026-10-04,0.4,1,quantile,5.6988221279675
ILI incidence,CZ,2026-10-07,2026-10-04,0.45,1,quantile,6.75406275866825
ILI incidence,CZ,2026-10-07,2026-10-04,0.5,1,quantile,7.74276069471354
ILI incidence,CZ,2026-10-07,2026-10-04,0.55,1,quantile,9.35753132110632
ILI incidence,CZ,2026-10-07,2026-10-04,0.6,1,quantile,11.1866525925203
ILI incidence,CZ,2026-10-07,2026-10-04,0.65,1,quantile,13.1891281223313
ILI incidence,CZ,2026-10-07,2026-10-04,0.7,1,quantile,16.0474863745052
ILI incidence,CZ,2026-10-07,2026-10-04,0.75,1,quantile,18.6669986297623
ILI incidence,CZ,2026-10-07,2026-10-04,0.8,1,quantile,21.8060603707031
ILI incidence,CZ,2026-10-07,2026-10-04,0.85,1,quantile,27.176780758354
ILI incidence,CZ,2026-10-07,2026-10-04,0.9,1,quantile,33.6855191457121
ILI incidence,CZ,2026-10-07,2026-10-04,0.95,1,quantile,44.4031644005891
ILI incidence,CZ,2026-10-07,2026-10-04,0.975,1,quantile,56.3689617209625
ILI incidence,CZ,2026-10-07,2026-10-04,0.99,1,quantile,65.0220250718548
ILI incidence,CZ,2026-10-07,2026-10-11,0.01,2,quantile,0
ILI incidence,CZ,2026-10-07,2026-10-11,0.025,2,quantile,0.36648662164935
ILI incidence,CZ,2026-10-07,2026-10-11,0.05,2,quantile,0.840361498180758
ILI incidence,CZ,2026-10-07,2026-10-11,0.1,2,quantile,1.4887677753334
ILI incidence,CZ,2026-10-07,2026-10-11,0.15,2,quantile,2.21160062707551
ILI incidence,CZ,2026-10-07,2026-10-11,0.2,2,quantile,2.91714141390917
ILI incidence,CZ,2026-10-07,2026-10-11,0.25,2,quantile,3.51249241369564
ILI incidence,CZ,2026-10-07,2026-10-11,0.3,2,quantile,4.18070064930494
ILI incidence,CZ,2026-10-07,2026-10-11,0.35,2,quantile,5.05629259390006
ILI incidence,CZ,2026-10-07,2026-10-11,0.4,2,quantile,6.0983952499582
ILI incidence,CZ,2026-10-07,2026-10-11,0.45,2,quantile,7.20936310862727
ILI incidence,CZ,2026-10-07,2026-10-11,0.5,2,quantile,8.67209745217452
ILI incidence,CZ,2026-10-07,2026-10-11,0.55,2,quantile,10.2915017440292
ILI incidence,CZ,2026-10-07,2026-10-11,0.6,2,quantile,12.3032216904845
ILI incidence,CZ,2026-10-07,2026-10-11,0.65,2,quantile,14.0087994919723
ILI incidence,CZ,2026-10-07,2026-10-11,0.7,2,quantile,17.5666932895408
ILI incidence,CZ,2026-10-07,2026-10-11,0.75,2,quantile,21.303550262456
ILI incidence,CZ,2026-10-07,2026-10-11,0.8,2,quantile,25.3601711239094
ILI incidence,CZ,2026-10-07,2026-10-11,0.85,2,quantile,33.0506130088205
ILI incidence,CZ,2026-10-07,2026-10-11,0.9,2,quantile,42.8014674406538
ILI incidence,CZ,2026-10-07,2026-10-11,0.95,2,quantile,63.7580352081309
ILI incidence,CZ,2026-10-07,2026-10-11,0.975,2,quantile,82.8909304096452
ILI incidence,CZ,2026-10-07,2026-10-11,0.99,2,quantile,101.398174428878
ILI incidence,CZ,2026-10-07,2026-10-18,0.01,3,quantile,0
ILI incidence,CZ,2026-10-07,2026-10-18,0.025,3,quantile,0
ILI incidence,CZ,2026-10-07,2026-10-18,0.05,3,quantile,0.562871634559019
ILI incidence,CZ,2026-10-07,2026-10-18,0.1,3,quantile,1.67759788267188
ILI incidence,CZ,2026-10-07,2026-10-18,0.15,3,quantile,2.27223896555904
ILI incidence,CZ,2026-10-07,2026-10-18,0.2,3,quantile,3.19521346542914
ILI incidence,CZ,2026-10-07,2026-10-18,0.25,3,quantile,3.85577704320827
ILI incidence,CZ,2026-10-07,2026-10-18,0.3,3,quantile,4.74780589365883
ILI incidence,CZ,2026-10-07,2026-10-18,0.35,3,quantile,5.62975262730447
ILI incidence,CZ,2026-10-07,2026-10-18,0.4,3,quantile,6.75393672417225
ILI incidence,CZ,2026-10-07,2026-10-18,0.45,3,quantile,8.33542637172428
ILI incidence,CZ,2026-10-07,2026-10-18,0.5,3,quantile,9.7233675241309
ILI incidence,CZ,2026-10-07,2026-10-18,0.55,3,quantile,11.4994513845376
ILI incidence,CZ,2026-10-07,2026-10-18,0.6,3,quantile,14.1904420158638
ILI incidence,CZ,2026-10-07,2026-10-18,0.65,3,quantile,17.714803643159
ILI incidence,CZ,2026-10-07,2026-10-18,0.7,3,quantile,21.6756410796909
ILI incidence,CZ,2026-10-07,2026-10-18,0.75,3,quantile,26.9706427817998
ILI incidence,CZ,2026-10-07,2026-10-18,0.8,3,quantile,34.4104095007978
ILI incidence,CZ,2026-10-07,2026-10-18,0.85,3,quantile,41.3386779442276
ILI incidence,CZ,2026-10-07,2026-10-18,0.9,3,quantile,55.0143489382294
ILI incidence,CZ,2026-10-07,2026-10-18,0.95,3,quantile,85.6227787709659
ILI incidence,CZ,2026-10-07,2026-10-18,0.975,3,quantile,108.036921634299
ILI incidence,CZ,2026-10-07,2026-10-18,0.99,3,quantile,140.011260420236
ILI incidence,CZ,2026-10-07,2026-10-25,0.01,4,quantile,0
ILI incidence,CZ,2026-10-07,2026-10-25,0.025,4,quantile,0
ILI incidence,CZ,2026-10-07,2026-10-25,0.05,4,quantile,0
ILI incidence,CZ,2026-10-07,2026-10-25,0.1,4,quantile,0.167258599311867
ILI incidence,CZ,2026-10-07,2026-10-25,0.15,4,quantile,1.1285355692014
ILI incidence,CZ,2026-10-07,2026-10-25,0.2,4,quantile,2.32868719836589
ILI incidence,CZ,2026-10-07,2026-10-25,0.25,4,quantile,3.48188774037716
ILI incidence,CZ,2026-10-07,2026-10-25,0.3,4,quantile,4.45797847313372
ILI incidence,CZ,2026-10-07,2026-10-25,0.35,4,quantile,5.56498595878384
ILI incidence,CZ,2026-10-07,2026-10-25,0.4,4,quantile,7.1303330990149
ILI incidence,CZ,2026-10-07,2026-10-25,0.45,4,quantile,8.97114702208601
ILI incidence,CZ,2026-10-07,2026-10-25,0.5,4,quantile,10.9021341298546
ILI incidence,CZ,2026-10-07,2026-10-25,0.55,4,quantile,13.007853193587
ILI incidence,CZ,2026-10-07,2026-10-25,0.6,4,quantile,16.3820392374519
ILI incidence,CZ,2026-10-07,2026-10-25,0.65,4,quantile,20.283251074561
ILI incidence,CZ,2026-10-07,2026-10-25,0.7,4,quantile,25.4802874585277
ILI incidence,CZ,2026-10-07,2026-10-25,0.75,4,quantile,31.4646972608916
ILI incidence,CZ,2026-10-07,2026-10-25,0.8,4,quantile,39.1301132122788
ILI incidence,CZ,2026-10-07,2026-10-25,0.85,4,quantile,50.7598254331472
ILI incidence,CZ,2026-10-07,2026-10-25,0.9,4,quantile,69.3547479524504
ILI incidence,CZ,2026-10-07,2026-10-25,0.95,4,quantile,103.401725814668
ILI incidence,CZ,2026-10-07,2026-10-25,0.975,4,quantile,136.78624686654
ILI incidence,CZ,2026-10-07,2026-10-25,0.99,4,quantile,165.139613003015
ILI incidence,CZ,2026-10-07,2026-10-04,,1,median,7.74276069471354
ILI incidence,CZ,2026-10-07,2026-10-11,,2,median,8.67209745217452
ILI incidence,CZ,2026-10-07,2026-10-18,,3,median,9.7233675241309
ILI incidence,CZ,2026-10-07,2026-10-25,,4,median,10.9021341298546
ILI incidence,DK,2026-10-07,2026-10-04,0.01,1,quantile,44.7368827735041
ILI incidence,DK,2026-10-07,2026-10-04,0.025,1,quantile,50.1923460326938
ILI incidence,DK,2026-10-07,2026-10-04,0.05,1,quantile,55.3298595211671
ILI incidence,DK,2026-10-07,2026-10-04,0.1,1,quantile,64.3423537604772
ILI incidence,DK,2026-10-07,2026-10-04,0.15,1,quantile,70.4935809279363
ILI incidence,DK,2026-10-07,2026-10-04,0.2,1,quantile,75.4673229144736
ILI incidence,DK,2026-10-07,2026-10-04,0.25,1,quantile,80.4136834422284
ILI incidence,DK,2026-10-07,2026-10-04,0.3,1,quantile,85.0720676907651
ILI incidence,DK,2026-10-07,2026-10-04,0.35,1,quantile,89.2352742589619
ILI incidence,DK,2026-10-07,2026-10-04,0.4,1,quantile,92.47263991486
ILI incidence,DK,2026-10-07,2026-10-04,0.45,1,quantile,97.7323949761097
ILI incidence,DK,2026-10-07,2026-10-04,0.5,1,quantile,102.616603538795
ILI incidence,DK,2026-10-07,2026-10-04,0.55,1,quantile,107.394608170251
ILI incidence,DK,2026-10-07,2026-10-04,0.6,1,quantile,112.639649374041
ILI incidence,DK,2026-10-07,2026-10-04,0.65,1,quantile,117.531337274183
ILI incidence,DK,2026-10-07,2026-10-04,0.7,1,quantile,123.643711410739
ILI incidence,DK,2026-10-07,2026-10-04,0.75,1,quantile,131.02441788056
ILI incidence,DK,2026-10-07,2026-10-04,0.8,1,quantile,139.441395723546
ILI incidence,DK,2026-10-07,2026-10-04,0.85,1,quantile,149.84814268278
ILI incidence,DK,2026-10-07,2026-10-04,0.9,1,quantile,162.154836513413
ILI incidence,DK,2026-10-07,2026-10-04,0.95,1,quantile,181.919059661615
ILI incidence,DK,2026-10-07,2026-10-04,0.975,1,quantile,202.015786020889
ILI incidence,DK,2026-10-07,2026-10-04,0.99,1,quantile,227.827624822386
ILI incidence,DK,2026-10-07,2026-10-11,0.01,2,quantile,32.5715300587232
ILI incidence,DK,2026-10-07,2026-10-11,0.025,2,quantile,37.7495827311501
ILI incidence,DK,2026-10-07,2026-10-11,0.05,2,quantile,44.3479654454151
ILI incidence,DK,2026-10-07,2026-10-11,0.1,2,quantile,54.9741196640506
ILI incidence,DK,2026-10-07,2026-10-11,0.15,2,quantile,62.5607537095523
ILI incidence,DK,2026-10-07,2026-10-11,0.2,2,quantile,67.8200403142647
ILI incidence,DK,2026-10-07,2026-10-11,0.25,2,quantile,73.3452489048313
ILI incidence,DK,2026-10-07,2026-10-11,0.3,2,quantile,78.3607292275141
ILI incidence,DK,2026-10-07,2026-10-11,0.35,2,quantile,84.0833391048612
ILI incidence,DK,2026-10-07,2026-10-11,0.4,2,quantile,89.6648518607013
ILI incidence,DK,2026-10-07,2026-10-11,0.45,2,quantile,97.320627918247
ILI incidence,DK,2026-10-07,2026-10-11,0.5,2,quantile,104.650747084033
ILI incidence,DK,2026-10-07,2026-10-11,0.55,2,quantile,112.393171807596
ILI incidence,DK,2026-10-07,2026-10-11,0.6,2,quantile,119.130570521441
ILI incidence,DK,2026-10-07,2026-10-11,0.65,2,quantile,127.361502987012
ILI incidence,DK,2026-10-07,2026-10-11,0.7,2,quantile,137.518222928357
ILI incidence,DK,2026-10-07,2026-10-11,0.75,2,quantile,150.138622980933
ILI incidence,DK,2026-10-07,2026-10-11,0.8,2,quantile,164.844315516211
ILI incidence,DK,2026-10-07,2026-10-11,0.85,2,quantile,185.873728519811
ILI incidence,DK,2026-10-07,2026-10-11,0.9,2,quantile,205.678496446328
ILI incidence,DK,2026-10-07,2026-10-11,0.95,2,quantile,243.100462512716
ILI incidence,DK,2026-10-07,2026-10-11,0.975,2,quantile,269.19045587598
ILI incidence,DK,2026-10-07,2026-10-11,0.99,2,quantile,316.86885434734
ILI incidence,DK,2026-10-07,2026-10-18,0.01,3,quantile,21.449347450959
ILI incidence,DK,2026-10-07,2026-10-18,0.025,3,quantile,27.4814068430909
ILI incidence,DK,2026-10-07,2026-10-18,0.05,3,quantile,36.254271753254
ILI incidence,DK,2026-10-07,2026-10-18,0.1,3,quantile,46.1827839566192
ILI incidence,DK,2026-10-07,2026-10-18,0.15,3,quantile,54.1463795490899
ILI incidence,DK,2026-10-07,2026-10-18,0.2,3,quantile,61.7335506188282
ILI incidence,DK,2026-10-07,2026-10-18,0.25,3,quantile,67.3131648267311
ILI incidence,DK,2026-10-07,2026-10-18,0.3,3,quantile,73.5074205272619
ILI incidence,DK,2026-10-07,2026-10-18,0.35,3,quantile,81.5197758105941
ILI incidence,DK,2026-10-07,2026-10-18,0.4,3,quantile,88.5215597741421
ILI incidence,DK,2026-10-07,2026-10-18,0.45,3,quantile,94.6138325545339
ILI incidence,DK,2026-10-07,2026-10-18,0.5,3,quantile,105.711538728719
ILI incidence,DK,2026-10-07,2026-10-18,0.55,3,quantile,114.178975697835
ILI incidence,DK,2026-10-07,2026-10-18,0.6,3,quantile,125.273431095595
ILI incidence,DK,2026-10-07,2026-10-18,0.65,3,quantile,136.603760035143
ILI incidence,DK,2026-10-07,2026-10-18,0.7,3,quantile,150.306943234834
ILI incidence,DK,2026-10-07,2026-10-18,0.75,3,quantile,168.322569049773
ILI incidence,DK,2026-10-07,2026-10-18,0.8,3,quantile,185.976589148749
ILI incidence,DK,2026-10-07,2026-10-18,0.85,3,quantile,208.824997258204
ILI incidence,DK,2026-10-07,2026-10-18,0.9,3,quantile,246.150121928445
ILI incidence,DK,2026-10-07,2026-10-18,0.95,3,quantile,295.6987202646
ILI incidence,DK,2026-10-07,2026-10-18,0.975,3,quantile,350.828609756299
ILI incidence,DK,2026-10-07,2026-10-18,0.99,3,quantile,399.875219738578
ILI incidence,DK,2026-10-07,2026-10-25,0.01,4,quantile,17.1323816519152
ILI incidence,DK,2026-10-07,2026-10-25,0.025,4,quantile,23.2620402495887
ILI incidence,DK,2026-10-07,2026-10-25,0.05,4,quantile,27.6664246678837
ILI incidence,DK,2026-10-07,2026-10-25,0.1,4,quantile,38.2979729041944
ILI incidence,DK,2026-10-07,2026-10-25,0.15,4,quantile,46.0067884141685
ILI incidence,DK,2026-10-07,2026-10-25,0.2,4,quantile,52.8013722258754
ILI incidence,DK,2026-10-07,2026-10-25,0.25,4,quantile,60.5478221605955
ILI incidence,DK,2026-10-07,2026-10-25,0.3,4,quantile,68.2815130248724
ILI incidence,DK,2026-10-07,2026-10-25,0.35,4,quantile,77.7381887790065
ILI incidence,DK,2026-10-07,2026-10-25,0.4,4,quantile,86.0024147609984
ILI incidence,DK,2026-10-07,2026-10-25,0.45,4,quantile,95.9490867298336
ILI incidence,DK,2026-10-07,2026-10-25,0.5,4,quantile,106.001400564856
ILI incidence,DK,2026-10-07,2026-10-25,0.55,4,quantile,122.976287688296
ILI incidence,DK,2026-10-07,2026-10-25,0.6,4,quantile,135.999695565772
ILI incidence,DK,2026-10-07,2026-10-25,0.65,4,quantile,151.817069846434
ILI incidence,DK,2026-10-07,2026-10-25,0.7,4,quantile,167.334950082366
ILI incidence,DK,2026-10-07,2026-10-25,0.75,4,quantile,187.161250639738
ILI incidence,DK,2026-10-07,2026-10-25,0.8,4,quantile,205.981168229598
ILI incidence,DK,2026-10-07,2026-10-25,0.85,4,quantile,235.853908520971
ILI incidence,DK,2026-10-07,2026-10-25,0.9,4,quantile,277.716160208658
ILI incidence,DK,2026-10-07,2026-10-25,0.95,4,quantile,341.385269652325
ILI incidence,DK,2026-10-07,2026-10-25,0.975,4,quantile,406.305274361673
ILI incidence,DK,2026-10-07,2026-10-25,0.99,4,quantile,477.360960284541
ILI incidence,DK,2026-10-07,2026-10-04,,1,median,102.616603538795
ILI incidence,DK,2026-10-07,2026-10-11,,2,median,104.650747084033
ILI incidence,DK,2026-10-07,2026-10-18,,3,median,105.711538728719
ILI incidence,DK,2026-10-07,2026-10-25,,4,median,106.001400564856
ILI incidence,EE,2026-10-07,2026-10-04,0.01,1,quantile,31.1296358103795
ILI incidence,EE,2026-10-07,2026-10-04,0.025,1,quantile,31.4011424410691
ILI incidence,EE,2026-10-07,2026-10-04,0.05,1,quantile,36.287963934505
ILI incidence,EE,2026-10-07,2026-10-04,0.1,1,quantile,50.048926110574
ILI incidence,EE,2026-10-07,2026-10-04,0.15,1,quantile,69.8777159323137
ILI incidence,EE,2026-10-07,2026-10-04,0.2,1,quantile,95.8225153975695
ILI incidence,EE,2026-10-07,2026-10-04,0.25,1,quantile,117.018041574286
ILI incidence,EE,2026-10-07,2026-10-04,0.3,1,quantile,141.573602625601
ILI incidence,EE,2026-10-07,2026-10-04,0.35,1,quantile,165.066923847212
ILI incidence,EE,2026-10-07,2026-10-04,0.4,1,quantile,188.637443043767
ILI incidence,EE,2026-10-07,2026-10-04,0.45,1,quantile,208.039547216123
ILI incidence,EE,2026-10-07,2026-10-04,0.5,1,quantile,235.311912259968
ILI incidence,EE,2026-10-07,2026-10-04,0.55,1,quantile,266.113121460849
ILI incidence,EE,2026-10-07,2026-10-04,0.6,1,quantile,293.220626326624
ILI incidence,EE,2026-10-07,2026-10-04,0.65,1,quantile,322.29527444358
ILI incidence,EE,2026-10-07,2026-10-04,0.7,1,quantile,358.061852468086
ILI incidence,EE,2026-10-07,2026-10-04,0.75,1,quantile,392.303619476793
ILI incidence,EE,2026-10-07,2026-10-04,0.8,1,quantile,435.3650054752
ILI incidence,EE,2026-10-07,2026-10-04,0.85,1,quantile,497.094389745625
ILI incidence,EE,2026-10-07,2026-10-04,0.9,1,quantile,574.314896667335
ILI incidence,EE,2026-10-07,2026-10-04,0.95,1,quantile,685.869685158461
ILI incidence,EE,2026-10-07,2026-10-04,0.975,1,quantile,770.981332850797
ILI incidence,EE,2026-10-07,2026-10-04,0.99,1,quantile,947.886350297908
ILI incidence,EE,2026-10-07,2026-10-11,0.01,2,quantile,53.1248459317247
ILI incidence,EE,2026-10-07,2026-10-11,0.025,2,quantile,54.7755104154378
ILI incidence,EE,2026-10-07,2026-10-11,0.05,2,quantile,58.1959759448496
ILI incidence,EE,2026-10-07,2026-10-11,0.1,2,quantile,68.2718883192982
ILI incidence,EE,2026-10-07,2026-10-11,0.15,2,quantile,79.7861105828987
ILI incidence,EE,2026-10-07,2026-10-11,0.2,2,quantile,99.3227586315458
ILI incidence,EE,2026-10-07,2026-10-11,0.25,2,quantile,120.917825173541
ILI incidence,EE,2026-10-07,2026-10-11,0.3,2,quantile,143.370244474345
ILI incidence,EE,2026-10-07,2026-10-11,0.35,2,quantile,166.654179740601
ILI incidence,EE,2026-10-07,2026-10-11,0.4,2,quantile,190.351329682685
ILI incidence,EE,2026-10-07,2026-10-11,0.45,2,quantile,210.056681125884
ILI incidence,EE,2026-10-07,2026-10-11,0.5,2,quantile,246.493500182373
ILI incidence,EE,2026-10-07,2026-10-11,0.55,2,quantile,276.848304135488
ILI incidence,EE,2026-10-07,2026-10-11,0.6,2,quantile,306.226632361179
ILI incidence,EE,2026-10-07,2026-10-11,0.65,2,quantile,352.783621523198
ILI incidence,EE,2026-10-07,2026-10-11,0.7,2,quantile,388.323417947913
ILI incidence,EE,2026-10-07,2026-10-11,0.75,2,quantile,453.94142167491
ILI incidence,EE,2026-10-07,2026-10-11,0.8,2,quantile,515.47887438057
ILI incidence,EE,2026-10-07,2026-10-11,0.85,2,quantile,573.946290925242
ILI incidence,EE,2026-10-07,2026-10-11,0.9,2,quantile,665.431240756411
ILI incidence,EE,2026-10-07,2026-10-11,0.95,2,quantile,824.262877797675
ILI incidence,EE,2026-10-07,2026-10-11,0.975,2,quantile,976.460897694106
ILI incidence,EE,2026-10-07,2026-10-11,0.99,2,quantile,1171.63167374676
ILI incidence,EE,2026-10-07,2026-10-18,0.01,3,quantile,70.5301182845154
ILI incidence,EE,2026-10-07,2026-10-18,0.025,3,quantile,71.4446653682838
ILI incidence,EE,2026-10-07,2026-10-18,0.05,3,quantile,74.9899774884039
ILI incidence,EE,2026-10-07,2026-10-18,0.1,3,quantile,80.7670922211067
ILI incidence,EE,2026-10-07,2026-10-18,0.15,3,quantile,93.1815215156548
ILI incidence,EE,2026-10-07,2026-10-18,0.2,3,quantile,106.396941809457
ILI incidence,EE,2026-10-07,2026-10-18,0.25,3,quantile,124.655866810111
ILI incidence,EE,2026-10-07,2026-10-18,0.3,3,quantile,143.86639342764
ILI incidence,EE,2026-10-07,2026-10-18,0.35,3,quantile,164.96562732372
ILI incidence,EE,2026-10-07,2026-10-18,0.4,3,quantile,194.024315727091
ILI incidence,EE,2026-10-07,2026-10-18,0.45,3,quantile,223.866693613103
ILI incidence,EE,2026-10-07,2026-10-18,0.5,3,quantile,251.645218644107
ILI incidence,EE,2026-10-07,2026-10-18,0.55,3,quantile,295.18777917782
ILI incidence,EE,2026-10-07,2026-10-18,0.6,3,quantile,330.88927753447
ILI incidence,EE,2026-10-07,2026-10-18,0.65,3,quantile,373.709714235717
ILI incidence,EE,2026-10-07,2026-10-18,0.7,3,quantile,426.094680231587
ILI incidence,EE,2026-10-07,2026-10-18,0.75,3,quantile,485.72150861003
ILI incidence,EE,2026-10-07,2026-10-18,0.8,3,quantile,549.949872059973
ILI incidence,EE,2026-10-07,2026-10-18,0.85,3,quantile,629.797528745502
ILI incidence,EE,2026-10-07,2026-10-18,0.9,3,quantile,728.806629317525
ILI incidence,EE,2026-10-07,2026-10-18,0.95,3,quantile,933.174257909488
ILI incidence,EE,2026-10-07,2026-10-18,0.975,3,quantile,1039.36444294161
ILI incidence,EE,2026-10-07,2026-10-18,0.99,3,quantile,1189.75918346984
ILI incidence,EE,2026-10-07,2026-10-25,0.01,4,quantile,85.4321399746168
ILI incidence,EE,2026-10-07,2026-10-25,0.025,4,quantile,85.4321399746168
ILI incidence,EE,2026-10-07,2026-10-25,0.05,4,quantile,88.3476295186376
ILI incidence,EE,2026-10-07,2026-10-25,0.1,4,quantile,94.1036961291174
ILI incidence,EE,2026-10-07,2026-10-25,0.15,4,quantile,102.188496764302
ILI incidence,EE,2026-10-07,2026-10-25,0.2,4,quantile,116.99394504373
ILI incidence,EE,2026-10-07,2026-10-25,0.25,4,quantile,132.816583833008
ILI incidence,EE,2026-10-07,2026-10-25,0.3,4,quantile,150.844324317953
ILI incidence,EE,2026-10-07,2026-10-25,0.35,4,quantile,169.648324857153
ILI incidence,EE,2026-10-07,2026-10-25,0.4,4,quantile,190.625228939775
ILI incidence,EE,2026-10-07,2026-10-25,0.45,4,quantile,219.151952748536
ILI incidence,EE,2026-10-07,2026-10-25,0.5,4,quantile,251.750422492158
ILI incidence,EE,2026-10-07,2026-10-25,0.55,4,quantile,279.404670006869
ILI incidence,EE,2026-10-07,2026-10-25,0.6,4,quantile,320.311948427099
ILI incidence,EE,2026-10-07,2026-10-25,0.65,4,quantile,380.849907945105
ILI incidence,EE,2026-10-07,2026-10-25,0.7,4,quantile,425.807190268457
ILI incidence,EE,2026-10-07,2026-10-25,0.75,4,quantile,498.985754505212
ILI incidence,EE,2026-10-07,2026-10-25,0.8,4,quantile,560.639609093617
ILI incidence,EE,2026-10-07,2026-10-25,0.85,4,quantile,640.672323813869
ILI incidence,EE,2026-10-07,2026-10-25,0.9,4,quantile,743.211677699309
ILI incidence,EE,2026-10-07,2026-10-25,0.95,4,quantile,893.823174629602
ILI incidence,EE,2026-10-07,2026-10-25,0.975,4,quantile,1085.79442939056
ILI incidence,EE,2026-10-07,2026-10-25,0.99,4,quantile,1284.96655183485
ILI incidence,EE,2026-10-07,2026-10-04,,1,median,235.311912259968
ILI incidence,EE,2026-10-07,2026-10-11,,2,median,246.493500182373
ILI incidence,EE,2026-10-07,2026-10-18,,3,median,251.645218644107
ILI incidence,EE,2026-10-07,2026-10-25,,4,median,251.750422492158
ILI incidence,ES,2026-10-07,2026-10-04,0.01,1,quantile,6.06790168467327
ILI incidence,ES,2026-10-07,2026-10-04,0.025,1,quantile,7.54232655061768
ILI incidence,ES,2026-10-07,2026-10-04,0.05,1,quantile,8.92378110018877
ILI incidence,ES,2026-10-07,2026-10-04,0.1,1,quantile,10.6512504338416
ILI incidence,ES,2026-10-07,2026-10-04,0.15,1,quantile,11.8628678317345
ILI incidence,ES,2026-10-07,2026-10-04,0.2,1,quantile,13.6720474427401
ILI incidence,ES,2026-10-07,2026-10-04,0.25,1,quantile,14.7681379887478
ILI incidence,ES,2026-10-07,2026-10-04,0.3,1,quantile,15.8299757667589
ILI incidence,ES,2026-10-07,2026-10-04,0.35,1,quantile,16.7200009464602
ILI incidence,ES,2026-10-07,2026-10-04,0.4,1,quantile,18.0043367871489
ILI incidence,ES,2026-10-07,2026-10-04,0.45,1,quantile,18.864284823194
ILI incidence,ES,2026-10-07,2026-10-04,0.5,1,quantile,19.6621115617432
ILI incidence,ES,2026-10-07,2026-10-04,0.55,1,quantile,20.7344131102084
ILI incidence,ES,2026-10-07,2026-10-04,0.6,1,quantile,22.0081156606582
ILI incidence,ES,2026-10-07,2026-10-04,0.65,1,quantile,23.5928375894121
ILI incidence,ES,2026-10-07,2026-10-04,0.7,1,quantile,25.0422446226195
ILI incidence,ES,2026-10-07,2026-10-04,0.75,1,quantile,26.9564910644615
ILI incidence,ES,2026-10-07,2026-10-04,0.8,1,quantile,29.0434070894567
ILI incidence,ES,2026-10-07,2026-10-04,0.85,1,quantile,31.361019347096
ILI incidence,ES,2026-10-07,2026-10-04,0.9,1,quantile,35.6474098594244
ILI incidence,ES,2026-10-07,2026-10-04,0.95,1,quantile,40.8610168407983
ILI incidence,ES,2026-10-07,2026-10-04,0.975,1,quantile,46.1123375867837
ILI incidence,ES,2026-10-07,2026-10-04,0.99,1,quantile,50.1894095265662
ILI incidence,ES,2026-10-07,2026-10-11,0.01,2,quantile,3.87584855963731
ILI incidence,ES,2026-10-07,2026-10-11,0.025,2,quantile,5.55103598316651
ILI incidence,ES,2026-10-07,2026-10-11,0.05,2,quantile,7.08908633428992
ILI incidence,ES,2026-10-07,2026-10-11,0.1,2,quantile,9.30448444270034
ILI incidence,ES,2026-10-07,2026-10-11,0.15,2,quantile,11.2732092059675
ILI incidence,ES,2026-10-07,2026-10-11,0.2,2,quantile,12.7476195707517
ILI incidence,ES,2026-10-07,2026-10-11,0.25,2,quantile,14.4417808360667
ILI incidence,ES,2026-10-07,2026-10-11,0.3,2,quantile,15.6970443358187
ILI incidence,ES,2026-10-07,2026-10-11,0.35,2,quantile,16.7080320204579
ILI incidence,ES,2026-10-07,2026-10-11,0.4,2,quantile,18.5658401463835
ILI incidence,ES,2026-10-07,2026-10-11,0.45,2,quantile,20.6692494547969
ILI incidence,ES,2026-10-07,2026-10-11,0.5,2,quantile,22.5654881622934
ILI incidence,ES,2026-10-07,2026-10-11,0.55,2,quantile,24.6534141344057
ILI incidence,ES,2026-10-07,2026-10-11,0.6,2,quantile,26.8259190841098
ILI incidence,ES,2026-10-07,2026-10-11,0.65,2,quantile,29.5082410601862
ILI incidence,ES,2026-10-07,2026-10-11,0.7,2,quantile,32.2302038599269
ILI incidence,ES,2026-10-07,2026-10-11,0.75,2,quantile,35.1730988240287
ILI incidence,ES,2026-10-07,2026-10-11,0.8,2,quantile,40.0556633733355
ILI incidence,ES,2026-10-07,2026-10-11,0.85,2,quantile,45.2315617556273
ILI incidence,ES,2026-10-07,2026-10-11,0.9,2,quantile,54.1070905294049
ILI incidence,ES,2026-10-07,2026-10-11,0.95,2,quantile,66.7123589282676
ILI incidence,ES,2026-10-07,2026-10-11,0.975,2,quantile,77.337880423793
ILI incidence,ES,2026-10-07,2026-10-11,0.99,2,quantile,92.4494360386258
ILI incidence,ES,2026-10-07,2026-10-18,0.01,3,quantile,3.25915224008035
ILI incidence,ES,2026-10-07,2026-10-18,0.025,3,quantile,4.42530685442932
ILI incidence,ES,2026-10-07,2026-10-18,0.05,3,quantile,6.74963926532356
ILI incidence,ES,2026-10-07,2026-10-18,0.1,3,quantile,9.62082634439415
ILI incidence,ES,2026-10-07,2026-10-18,0.15,3,quantile,11.4158795231721
ILI incidence,ES,2026-10-07,2026-10-18,0.2,3,quantile,13.146135811007
ILI incidence,ES,2026-10-07,2026-10-18,0.25,3,quantile,14.5985394237733
ILI incidence,ES,2026-10-07,2026-10-18,0.3,3,quantile,16.5760604409989
ILI incidence,ES,2026-10-07,2026-10-18,0.35,3,quantile,18.3291314883709
ILI incidence,ES,2026-10-07,2026-10-18,0.4,3,quantile,20.598191331101
ILI incidence,ES,2026-10-07,2026-10-18,0.45,3,quantile,23.0607413755524
ILI incidence,ES,2026-10-07,2026-10-18,0.5,3,quantile,25.6034840184195
ILI incidence,ES,2026-10-07,2026-10-18,0.55,3,quantile,29.1345329690976
ILI incidence,ES,2026-10-07,2026-10-18,0.6,3,quantile,33.0570557410994
ILI incidence,ES,2026-10-07,2026-10-18,0.65,3,quantile,37.4265691695514
ILI incidence,ES,2026-10-07,2026-10-18,0.7,3,quantile,42.6811553642143
ILI incidence,ES,2026-10-07,2026-10-18,0.75,3,quantile,47.9333398016475
ILI incidence,ES,2026-10-07,2026-10-18,0.8,3,quantile,54.3240648923962
ILI incidence,ES,2026-10-07,2026-10-18,0.85,3,quantile,65.0106982906953
ILI incidence,ES,2026-10-07,2026-10-18,0.9,3,quantile,78.5170162276488
ILI incidence,ES,2026-10-07,2026-10-18,0.95,3,quantile,105.614361355276
ILI incidence,ES,2026-10-07,2026-10-18,0.975,3,quantile,130.51879944578
ILI incidence,ES,2026-10-07,2026-10-18,0.99,3,quantile,148.726213608619
ILI incidence,ES,2026-10-07,2026-10-25,0.01,4,quantile,0.860006920703196
ILI incidence,ES,2026-10-07,2026-10-25,0.025,4,quantile,3.8519786852444
ILI incidence,ES,2026-10-07,2026-10-25,0.05,4,quantile,5.49920159449701
ILI incidence,ES,2026-10-07,2026-10-25,0.1,4,quantile,8.40443262295312
ILI incidence,ES,2026-10-07,2026-10-25,0.15,4,quantile,10.1269829308095
ILI incidence,ES,2026-10-07,2026-10-25,0.2,4,quantile,12.370558980735
ILI incidence,ES,2026-10-07,2026-10-25,0.25,4,quantile,14.1006858413544
ILI incidence,ES,2026-10-07,2026-10-25,0.3,4,quantile,16.1984488940384
ILI incidence,ES,2026-10-07,2026-10-25,0.35,4,quantile,19.0797017489401
ILI incidence,ES,2026-10-07,2026-10-25,0.4,4,quantile,21.9113257385828
ILI incidence,ES,2026-10-07,2026-10-25,0.45,4,quantile,25.1860207556139
ILI incidence,ES,2026-10-07,2026-10-25,0.5,4,quantile,28.7573720279284
ILI incidence,ES,2026-10-07,2026-10-25,0.55,4,quantile,32.9487374318247
ILI incidence,ES,2026-10-07,2026-10-25,0.6,4,quantile,38.1664698598869
ILI incidence,ES,2026-10-07,2026-10-25,0.65,4,quantile,43.3009376926749
ILI incidence,ES,2026-10-07,2026-10-25,0.7,4,quantile,51.1475373782719
ILI incidence,ES,2026-10-07,2026-10-25,0.75,4,quantile,58.3102445722925
ILI incidence,ES,2026-10-07,2026-10-25,0.8,4,quantile,74.4185325243903
ILI incidence,ES,2026-10-07,2026-10-25,0.85,4,quantile,92.1183936647734
ILI incidence,ES,2026-10-07,2026-10-25,0.9,4,quantile,110.01736541642
ILI incidence,ES,2026-10-07,2026-10-25,0.95,4,quantile,143.500405115969
ILI incidence,ES,2026-10-07,2026-10-25,0.975,4,quantile,177.746635451691
ILI incidence,ES,2026-10-07,2026-10-25,0.99,4,quantile,213.246617941976
ILI incidence,ES,2026-10-07,2026-10-04,,1,median,19.6621115617432
ILI incidence,ES,2026-10-07,2026-10-11,,2,median,22.5654881622934
ILI incidence,ES,2026-10-07,2026-10-18,,3,median,25.6034840184195
ILI incidence,ES,2026-10-07,2026-10-25,,4,median,28.7573720279284
ILI incidence,FI,2026-10-07,2026-10-04,0.01,1,quantile,0
ILI incidence,FI,2026-10-07,2026-10-04,0.025,1,quantile,0
ILI incidence,FI,2026-10-07,2026-10-04,0.05,1,quantile,0
ILI incidence,FI,2026-10-07,2026-10-04,0.1,1,quantile,0
ILI incidence,FI,2026-10-07,2026-10-04,0.15,1,quantile,0
ILI incidence,FI,2026-10-07,2026-10-04,0.2,1,quantile,0
ILI incidence,FI,2026-10-07,2026-10-04,0.25,1,quantile,0
ILI incidence,FI,2026-10-07,2026-10-04,0.3,1,quantile,0
ILI incidence,FI,2026-10-07,2026-10-04,0.35,1,quantile,3.89794541053212
ILI incidence,FI,2026-10-07,2026-10-04,0.4,1,quantile,10.2520932020949
ILI incidence,FI,2026-10-07,2026-10-04,0.45,1,quantile,18.5320730145646
ILI incidence,FI,2026-10-07,2026-10-04,0.5,1,quantile,29.8604947329731
ILI incidence,FI,2026-10-07,2026-10-04,0.55,1,quantile,46.3003853202913
ILI incidence,FI,2026-10-07,2026-10-04,0.6,1,quantile,58.6202801130852
ILI incidence,FI,2026-10-07,2026-10-04,0.65,1,quantile,74.0587175770361
ILI incidence,FI,2026-10-07,2026-10-04,0.7,1,quantile,96.9169035801018
ILI incidence,FI,2026-10-07,2026-10-04,0.75,1,quantile,117.589639245676
ILI incidence,FI,2026-10-07,2026-10-04,0.8,1,quantile,137.823135895241
ILI incidence,FI,2026-10-07,2026-10-04,0.85,1,quantile,169.537347546477
ILI incidence,FI,2026-10-07,2026-10-04,0.9,1,quantile,213.731936508887
ILI incidence,FI,2026-10-07,2026-10-04,0.95,1,quantile,297.101415728076
ILI incidence,FI,2026-10-07,2026-10-04,0.975,1,quantile,365.031627731633
ILI incidence,FI,2026-10-07,2026-10-04,0.99,1,quantile,446.070285120909
ILI incidence,FI,2026-10-07,2026-10-11,0.01,2,quantile,0
ILI incidence,FI,2026-10-07,2026-10-11,0.025,2,quantile,0
ILI incidence,FI,2026-10-07,2026-10-11,0.05,2,quantile,0
ILI incidence,FI,2026-10-07,2026-10-11,0.1,2,quantile,0
ILI incidence,FI,2026-10-07,2026-10-11,0.15,2,quantile,0
ILI incidence,FI,2026-10-07,2026-10-11,0.2,2,quantile,0
ILI incidence,FI,2026-10-07,2026-10-11,0.25,2,quantile,0
ILI incidence,FI,2026-10-07,2026-10-11,0.3,2,quantile,0
ILI incidence,FI,2026-10-07,2026-10-11,0.35,2,quantile,5.30815384886638
ILI incidence,FI,2026-10-07,2026-10-11,0.4,2,quantile,15.0794456029263
ILI incidence,FI,2026-10-07,2026-10-11,0.45,2,quantile,24.2446910963249
ILI incidence,FI,2026-10-07,2026-10-11,0.5,2,quantile,33.8111421046448
ILI incidence,FI,2026-10-07,2026-10-11,0.55,2,quantile,47.9084759257844
ILI incidence,FI,2026-10-07,2026-10-11,0.6,2,quantile,62.6082145973813
ILI incidence,FI,2026-10-07,2026-10-11,0.65,2,quantile,80.9203802686547
ILI incidence,FI,2026-10-07,2026-10-11,0.7,2,quantile,102.171047727503
ILI incidence,FI,2026-10-07,2026-10-11,0.75,2,quantile,131.538278456968
ILI incidence,FI,2026-10-07,2026-10-11,0.8,2,quantile,160.505959541542
ILI incidence,FI,2026-10-07,2026-10-11,0.85,2,quantile,195.473569395727
ILI incidence,FI,2026-10-07,2026-10-11,0.9,2,quantile,273.824842045161
ILI incidence,FI,2026-10-07,2026-10-11,0.95,2,quantile,388.10215036766
ILI incidence,FI,2026-10-07,2026-10-11,0.975,2,quantile,498.959943729125
ILI incidence,FI,2026-10-07,2026-10-11,0.99,2,quantile,666.509419788095
ILI incidence,FI,2026-10-07,2026-10-18,0.01,3,quantile,0
ILI incidence,FI,2026-10-07,2026-10-18,0.025,3,quantile,0
ILI incidence,FI,2026-10-07,2026-10-18,0.05,3,quantile,0
ILI incidence,FI,2026-10-07,2026-10-18,0.1,3,quantile,0
ILI incidence,FI,2026-10-07,2026-10-18,0.15,3,quantile,0
ILI incidence,FI,2026-10-07,2026-10-18,0.2,3,quantile,0
ILI incidence,FI,2026-10-07,2026-10-18,0.25,3,quantile,0
ILI incidence,FI,2026-10-07,2026-10-18,0.3,3,quantile,0.656446192917112
ILI incidence,FI,2026-10-07,2026-10-18,0.35,3,quantile,8.0211665601784
ILI incidence,FI,2026-10-07,2026-10-18,0.4,3,quantile,14.2723029915786
ILI incidence,FI,2026-10-07,2026-10-18,0.45,3,quantile,23.4433423105938
ILI incidence,FI,2026-10-07,2026-10-18,0.5,3,quantile,38.2851546559045
ILI incidence,FI,2026-10-07,2026-10-18,0.55,3,quantile,52.503858467392
ILI incidence,FI,2026-10-07,2026-10-18,0.6,3,quantile,70.4100966964439
ILI incidence,FI,2026-10-07,2026-10-18,0.65,3,quantile,91.8470998616795
ILI incidence,FI,2026-10-07,2026-10-18,0.7,3,quantile,109.980145585224
ILI incidence,FI,2026-10-07,2026-10-18,0.75,3,quantile,147.558735249054
ILI incidence,FI,2026-10-07,2026-10-18,0.8,3,quantile,187.769791795647
ILI incidence,FI,2026-10-07,2026-10-18,0.85,3,quantile,241.187032694974
ILI incidence,FI,2026-10-07,2026-10-18,0.9,3,quantile,321.372163910263
ILI incidence,FI,2026-10-07,2026-10-18,0.95,3,quantile,499.46970035304
ILI incidence,FI,2026-10-07,2026-10-18,0.975,3,quantile,651.078217662294
ILI incidence,FI,2026-10-07,2026-10-18,0.99,3,quantile,833.857388740899
ILI incidence,FI,2026-10-07,2026-10-25,0.01,4,quantile,0
ILI incidence,FI,2026-10-07,2026-10-25,0.025,4,quantile,0
ILI incidence,FI,2026-10-07,2026-10-25,0.05,4,quantile,0
ILI incidence,FI,2026-10-07,2026-10-25,0.1,4,quantile,0
ILI incidence,FI,2026-10-07,2026-10-25,0.15,4,quantile,0
ILI incidence,FI,2026-10-07,2026-10-25,0.2,4,quantile,0
ILI incidence,FI,2026-10-07,2026-10-25,0.25,4,quantile,0
ILI incidence,FI,2026-10-07,2026-10-25,0.3,4,quantile,3.76272723002261
ILI incidence,FI,2026-10-07,2026-10-25,0.35,4,quantile,11.852237286348
ILI incidence,FI,2026-10-07,2026-10-25,0.4,4,quantile,20.1909693522013
ILI incidence,FI,2026-10-07,2026-10-25,0.45,4,quantile,31.5350398746262
ILI incidence,FI,2026-10-07,2026-10-25,0.5,4,quantile,43.3315229813324
ILI incidence,FI,2026-10-07,2026-10-25,0.55,4,quantile,56.1802898954129
ILI incidence,FI,2026-10-07,2026-10-25,0.6,4,quantile,78.7200954105297
ILI incidence,FI,2026-10-07,2026-10-25,0.65,4,quantile,104.216369595012
ILI incidence,FI,2026-10-07,2026-10-25,0.7,4,quantile,129.234665927749
ILI incidence,FI,2026-10-07,2026-10-25,0.75,4,quantile,170.441566690582
ILI incidence,FI,2026-10-07,2026-10-25,0.8,4,quantile,219.44308965232
ILI incidence,FI,2026-10-07,2026-10-25,0.85,4,quantile,293.199117408952
ILI incidence,FI,2026-10-07,2026-10-25,0.9,4,quantile,398.218844369065
ILI incidence,FI,2026-10-07,2026-10-25,0.95,4,quantile,567.365755468738
ILI incidence,FI,2026-10-07,2026-10-25,0.975,4,quantile,735.705202624669
ILI incidence,FI,2026-10-07,2026-10-25,0.99,4,quantile,918.99185136716
ILI incidence,FI,2026-10-07,2026-10-04,,1,median,29.8604947329731
ILI incidence,FI,2026-10-07,2026-10-11,,2,median,33.8111421046448
ILI incidence,FI,2026-10-07,2026-10-18,,3,median,38.2851546559045
ILI incidence,FI,2026-10-07,2026-10-25,,4,median,43.3315229813324
ILI incidence,GB-ENG,2026-10-07,2026-10-04,0.01,1,quantile,0.469151744682762
ILI incidence,GB-ENG,2026-10-07,2026-10-04,0.025,1,quantile,0.876102435784457
ILI incidence,GB-ENG,2026-10-07,2026-10-04,0.05,1,quantile,1.29973519857128
ILI incidence,GB-ENG,2026-10-07,2026-10-04,0.1,1,quantile,1.73767104478312
ILI incidence,GB-ENG,2026-10-07,2026-10-04,0.15,1,quantile,2.12943109556066
ILI incidence,GB-ENG,2026-10-07,2026-10-04,0.2,1,quantile,2.44418158960564
ILI incidence,GB-ENG,2026-10-07,2026-10-04,0.25,1,quantile,2.76908784119579
ILI incidence,GB-ENG,2026-10-07,2026-10-04,0.3,1,quantile,2.96690719057057
ILI incidence,GB-ENG,2026-10-07,2026-10-04,0.35,1,quantile,3.25085533964159
ILI incidence,GB-ENG,2026-10-07,2026-10-04,0.4,1,quantile,3.52188909137966
ILI incidence,GB-ENG,2026-10-07,2026-10-04,0.45,1,quantile,3.81785085207184
ILI incidence,GB-ENG,2026-10-07,2026-10-04,0.5,1,quantile,4.0567546999058
ILI incidence,GB-ENG,2026-10-07,2026-10-04,0.55,1,quantile,4.36841776147175
ILI incidence,GB-ENG,2026-10-07,2026-10-04,0.6,1,quantile,4.7834176257458
ILI incidence,GB-ENG,2026-10-07,2026-10-04,0.65,1,quantile,5.26821755697487
ILI incidence,GB-ENG,2026-10-07,2026-10-04,0.7,1,quantile,5.67176934755004
ILI incidence,GB-ENG,2026-10-07,2026-10-04,0.75,1,quantile,6.21130159996744
ILI incidence,GB-ENG,2026-10-07,2026-10-04,0.8,1,quantile,6.81632223045847
ILI incidence,GB-ENG,2026-10-07,2026-10-04,0.85,1,quantile,7.41436152572642
ILI incidence,GB-ENG,2026-10-07,2026-10-04,0.9,1,quantile,8.36615541366247
ILI incidence,GB-ENG,2026-10-07,2026-10-04,0.95,1,quantile,10.3326507890088
ILI incidence,GB-ENG,2026-10-07,2026-10-04,0.975,1,quantile,12.3346365429364
ILI incidence,GB-ENG,2026-10-07,2026-10-04,0.99,1,quantile,13.7895381196472
ILI incidence,GB-ENG,2026-10-07,2026-10-11,0.01,2,quantile,0.741840168830268
ILI incidence,GB-ENG,2026-10-07,2026-10-11,0.025,2,quantile,1.0349335066185
ILI incidence,GB-ENG,2026-10-07,2026-10-11,0.05,2,quantile,1.34555912418528
ILI incidence,GB-ENG,2026-10-07,2026-10-11,0.1,2,quantile,1.76539486287098
ILI incidence,GB-ENG,2026-10-07,2026-10-11,0.15,2,quantile,2.1149726624374
ILI incidence,GB-ENG,2026-10-07,2026-10-11,0.2,2,quantile,2.49318605008863
ILI incidence,GB-ENG,2026-10-07,2026-10-11,0.25,2,quantile,2.82105571866614
ILI incidence,GB-ENG,2026-10-07,2026-10-11,0.3,2,quantile,3.20550038878428
ILI incidence,GB-ENG,2026-10-07,2026-10-11,0.35,2,quantile,3.48692412253998
ILI incidence,GB-ENG,2026-10-07,2026-10-11,0.4,2,quantile,3.72807889029282
ILI incidence,GB-ENG,2026-10-07,2026-10-11,0.45,2,quantile,4.09176067629249
ILI incidence,GB-ENG,2026-10-07,2026-10-11,0.5,2,quantile,4.49948843441194
ILI incidence,GB-ENG,2026-10-07,2026-10-11,0.55,2,quantile,4.94617943046917
ILI incidence,GB-ENG,2026-10-07,2026-10-11,0.6,2,quantile,5.51594891527928
ILI incidence,GB-ENG,2026-10-07,2026-10-11,0.65,2,quantile,6.08088777930851
ILI incidence,GB-ENG,2026-10-07,2026-10-11,0.7,2,quantile,6.84050914027386
ILI incidence,GB-ENG,2026-10-07,2026-10-11,0.75,2,quantile,7.76946578233222
ILI incidence,GB-ENG,2026-10-07,2026-10-11,0.8,2,quantile,8.77848001682243
ILI incidence,GB-ENG,2026-10-07,2026-10-11,0.85,2,quantile,10.311182799921
ILI incidence,GB-ENG,2026-10-07,2026-10-11,0.9,2,quantile,12.0919849893966
ILI incidence,GB-ENG,2026-10-07,2026-10-11,0.95,2,quantile,15.5864462314004
ILI incidence,GB-ENG,2026-10-07,2026-10-11,0.975,2,quantile,18.7507993717902
ILI incidence,GB-ENG,2026-10-07,2026-10-11,0.99,2,quantile,21.7581594159483
ILI incidence,GB-ENG,2026-10-07,2026-10-18,0.01,3,quantile,0.724443293806846
ILI incidence,GB-ENG,2026-10-07,2026-10-18,0.025,3,quantile,0.945323501071972
ILI incidence,GB-ENG,2026-10-07,2026-10-18,0.05,3,quantile,1.22528729415763
ILI incidence,GB-ENG,2026-10-07,2026-10-18,0.1,3,quantile,1.62427039981479
ILI incidence,GB-ENG,2026-10-07,2026-10-18,0.15,3,quantile,1.98932729211718
ILI incidence,GB-ENG,2026-10-07,2026-10-18,0.2,3,quantile,2.24990209535284
ILI incidence,GB-ENG,2026-10-07,2026-10-18,0.25,3,quantile,2.62575437586726
ILI incidence,GB-ENG,2026-10-07,2026-10-18,0.3,3,quantile,2.97069065898286
ILI incidence,GB-ENG,2026-10-07,2026-10-18,0.35,3,quantile,3.42878067238239
ILI incidence,GB-ENG,2026-10-07,2026-10-18,0.4,3,quantile,3.79842452165719
ILI incidence,GB-ENG,2026-10-07,2026-10-18,0.45,3,quantile,4.33372386076539
ILI incidence,GB-ENG,2026-10-07,2026-10-18,0.5,3,quantile,4.91299749520163
ILI incidence,GB-ENG,2026-10-07,2026-10-18,0.55,3,quantile,5.39593871918975
ILI incidence,GB-ENG,2026-10-07,2026-10-18,0.6,3,quantile,6.05548500280818
ILI incidence,GB-ENG,2026-10-07,2026-10-18,0.65,3,quantile,6.75762690833297
ILI incidence,GB-ENG,2026-10-07,2026-10-18,0.7,3,quantile,7.56863445542799
ILI incidence,GB-ENG,2026-10-07,2026-10-18,0.75,3,quantile,8.80479010456438
ILI incidence,GB-ENG,2026-10-07,2026-10-18,0.8,3,quantile,10.2982537121219
ILI incidence,GB-ENG,2026-10-07,2026-10-18,0.85,3,quantile,12.5187954314497
ILI incidence,GB-ENG,2026-10-07,2026-10-18,0.9,3,quantile,16.6255953796977
ILI incidence,GB-ENG,2026-10-07,2026-10-18,0.95,3,quantile,20.7181461278936
ILI incidence,GB-ENG,2026-10-07,2026-10-18,0.975,3,quantile,22.7799002561952
ILI incidence,GB-ENG,2026-10-07,2026-10-18,0.99,3,quantile,25.6736126113695
ILI incidence,GB-ENG,2026-10-07,2026-10-25,0.01,4,quantile,1.0716183708331
ILI incidence,GB-ENG,2026-10-07,2026-10-25,0.025,4,quantile,1.27691813168474
ILI incidence,GB-ENG,2026-10-07,2026-10-25,0.05,4,quantile,1.48155905471704
ILI incidence,GB-ENG,2026-10-07,2026-10-25,0.1,4,quantile,1.99299596704292
ILI incidence,GB-ENG,2026-10-07,2026-10-25,0.15,4,quantile,2.32715196590497
ILI incidence,GB-ENG,2026-10-07,2026-10-25,0.2,4,quantile,2.68869809528769
ILI incidence,GB-ENG,2026-10-07,2026-10-25,0.25,4,quantile,3.05130734063774
ILI incidence,GB-ENG,2026-10-07,2026-10-25,0.3,4,quantile,3.41001257198001
ILI incidence,GB-ENG,2026-10-07,2026-10-25,0.35,4,quantile,3.76019741820362
ILI incidence,GB-ENG,2026-10-07,2026-10-25,0.4,4,quantile,4.13098053144111
ILI incidence,GB-ENG,2026-10-07,2026-10-25,0.45,4,quantile,4.67347299252319
ILI incidence,GB-ENG,2026-10-07,2026-10-25,0.5,4,quantile,5.29267976811378
ILI incidence,GB-ENG,2026-10-07,2026-10-25,0.55,4,quantile,6.21581712954665
ILI incidence,GB-ENG,2026-10-07,2026-10-25,0.6,4,quantile,7.33308486059486
ILI incidence,GB-ENG,2026-10-07,2026-10-25,0.65,4,quantile,8.26836572300251
ILI incidence,GB-ENG,2026-10-07,2026-10-25,0.7,4,quantile,9.45205166810743
ILI incidence,GB-ENG,2026-10-07,2026-10-25,0.75,4,quantile,11.4105465712003
ILI incidence,GB-ENG,2026-10-07,2026-10-25,0.8,4,quantile,13.5465619161681
ILI incidence,GB-ENG,2026-10-07,2026-10-25,0.85,4,quantile,16.3241936719371
ILI incidence,GB-ENG,2026-10-07,2026-10-25,0.9,4,quantile,18.8009492360812
ILI incidence,GB-ENG,2026-10-07,2026-10-25,0.95,4,quantile,24.0570614839862
ILI incidence,GB-ENG,2026-10-07,2026-10-25,0.975,4,quantile,26.7669663091217
ILI incidence,GB-ENG,2026-10-07,2026-10-25,0.99,4,quantile,30.38930973197
ILI incidence,GB-ENG,2026-10-07,2026-10-04,,1,median,4.0567546999058
ILI incidence,GB-ENG,2026-10-07,2026-10-11,,2,median,4.49948843441194
ILI incidence,GB-ENG,2026-10-07,2026-10-18,,3,median,4.91299749520163
ILI incidence,GB-ENG,2026-10-07,2026-10-25,,4,median,5.29267976811378
ILI incidence,GB-NIR,2026-10-07,2026-10-04,0.01,1,quantile,0.655516483981778
ILI incidence,GB-NIR,2026-10-07,2026-10-04,0.025,1,quantile,1.07501648794211
ILI incidence,GB-NIR,2026-10-07,2026-10-04,0.05,1,quantile,1.64571689756017
ILI incidence,GB-NIR,2026-10-07,2026-10-04,0.1,1,quantile,2.27455586762173
ILI incidence,GB-NIR,2026-10-07,2026-10-04,0.15,1,quantile,2.80740201571385
ILI incidence,GB-NIR,2026-10-07,2026-10-04,0.2,1,quantile,3.29480387683027
ILI incidence,GB-NIR,2026-10-07,2026-10-04,0.25,1,quantile,3.63723064638004
ILI incidence,GB-NIR,2026-10-07,2026-10-04,0.3,1,quantile,4.07607813012228
ILI incidence,GB-NIR,2026-10-07,2026-10-04,0.35,1,quantile,4.55350799783826
ILI incidence,GB-NIR,2026-10-07,2026-10-04,0.4,1,quantile,4.98499897026658
ILI incidence,GB-NIR,2026-10-07,2026-10-04,0.45,1,quantile,5.45569779337449
ILI incidence,GB-NIR,2026-10-07,2026-10-04,0.5,1,quantile,5.99481353770809
ILI incidence,GB-NIR,2026-10-07,2026-10-04,0.55,1,quantile,6.50233888754369
ILI incidence,GB-NIR,2026-10-07,2026-10-04,0.6,1,quantile,7.08292650855534
ILI incidence,GB-NIR,2026-10-07,2026-10-04,0.65,1,quantile,7.67775945063023
ILI incidence,GB-NIR,2026-10-07,2026-10-04,0.7,1,quantile,8.35966140863491
ILI incidence,GB-NIR,2026-10-07,2026-10-04,0.75,1,quantile,9.35041895382441
ILI incidence,GB-NIR,2026-10-07,2026-10-04,0.8,1,quantile,10.2072437899618
ILI incidence,GB-NIR,2026-10-07,2026-10-04,0.85,1,quantile,11.42259562128
ILI incidence,GB-NIR,2026-10-07,2026-10-04,0.9,1,quantile,13.5472765754451
ILI incidence,GB-NIR,2026-10-07,2026-10-04,0.95,1,quantile,15.8011001362057
ILI incidence,GB-NIR,2026-10-07,2026-10-04,0.975,1,quantile,19.7426570199771
ILI incidence,GB-NIR,2026-10-07,2026-10-04,0.99,1,quantile,23.1301907494039
ILI incidence,GB-NIR,2026-10-07,2026-10-11,0.01,2,quantile,0.991503241555739
ILI incidence,GB-NIR,2026-10-07,2026-10-11,0.025,2,quantile,1.01460315563267
ILI incidence,GB-NIR,2026-10-07,2026-10-11,0.05,2,quantile,1.24597317264023
ILI incidence,GB-NIR,2026-10-07,2026-10-11,0.1,2,quantile,1.77344027821201
ILI incidence,GB-NIR,2026-10-07,2026-10-11,0.15,2,quantile,2.26979784611215
ILI incidence,GB-NIR,2026-10-07,2026-10-11,0.2,2,quantile,2.74916901048373
ILI incidence,GB-NIR,2026-10-07,2026-10-11,0.25,2,quantile,3.29492355584391
ILI incidence,GB-NIR,2026-10-07,2026-10-11,0.3,2,quantile,3.90076969889706
ILI incidence,GB-NIR,2026-10-07,2026-10-11,0.35,2,quantile,4.52490395187029
ILI incidence,GB-NIR,2026-10-07,2026-10-11,0.4,2,quantile,5.12342908852427
ILI incidence,GB-NIR,2026-10-07,2026-10-11,0.45,2,quantile,5.87979816255556
ILI incidence,GB-NIR,2026-10-07,2026-10-11,0.5,2,quantile,6.6407210422401
ILI incidence,GB-NIR,2026-10-07,2026-10-11,0.55,2,quantile,7.45871197351206
ILI incidence,GB-NIR,2026-10-07,2026-10-11,0.6,2,quantile,8.30174505421135
ILI incidence,GB-NIR,2026-10-07,2026-10-11,0.65,2,quantile,9.16164744756411
ILI incidence,GB-NIR,2026-10-07,2026-10-11,0.7,2,quantile,10.3115505672848
ILI incidence,GB-NIR,2026-10-07,2026-10-11,0.75,2,quantile,11.9022462212517
ILI incidence,GB-NIR,2026-10-07,2026-10-11,0.8,2,quantile,13.8847880320392
ILI incidence,GB-NIR,2026-10-07,2026-10-11,0.85,2,quantile,16.8538093513749
ILI incidence,GB-NIR,2026-10-07,2026-10-11,0.9,2,quantile,20.7861093323322
ILI incidence,GB-NIR,2026-10-07,2026-10-11,0.95,2,quantile,27.7902143778372
ILI incidence,GB-NIR,2026-10-07,2026-10-11,0.975,2,quantile,32.2621037029925
ILI incidence,GB-NIR,2026-10-07,2026-10-11,0.99,2,quantile,37.8233686568871
ILI incidence,GB-NIR,2026-10-07,2026-10-18,0.01,3,quantile,1.60243712062076
ILI incidence,GB-NIR,2026-10-07,2026-10-18,0.025,3,quantile,1.62367242173919
ILI incidence,GB-NIR,2026-10-07,2026-10-18,0.05,3,quantile,1.78325152019945
ILI incidence,GB-NIR,2026-10-07,2026-10-18,0.1,3,quantile,2.16698215745256
ILI incidence,GB-NIR,2026-10-07,2026-10-18,0.15,3,quantile,2.52003162710557
ILI incidence,GB-NIR,2026-10-07,2026-10-18,0.2,3,quantile,2.98919732538914
ILI incidence,GB-NIR,2026-10-07,2026-10-18,0.25,3,quantile,3.6077077656745
ILI incidence,GB-NIR,2026-10-07,2026-10-18,0.3,3,quantile,4.09352000739537
ILI incidence,GB-NIR,2026-10-07,2026-10-18,0.35,3,quantile,4.77519033295204
ILI incidence,GB-NIR,2026-10-07,2026-10-18,0.4,3,quantile,5.49692754200417
ILI incidence,GB-NIR,2026-10-07,2026-10-18,0.45,3,quantile,6.47429280595442
ILI incidence,GB-NIR,2026-10-07,2026-10-18,0.5,3,quantile,7.30211246332125
ILI incidence,GB-NIR,2026-10-07,2026-10-18,0.55,3,quantile,8.42278013470594
ILI incidence,GB-NIR,2026-10-07,2026-10-18,0.6,3,quantile,9.68171472621568
ILI incidence,GB-NIR,2026-10-07,2026-10-18,0.65,3,quantile,11.461700097164
ILI incidence,GB-NIR,2026-10-07,2026-10-18,0.7,3,quantile,13.4535426787172
ILI incidence,GB-NIR,2026-10-07,2026-10-18,0.75,3,quantile,15.2714755986319
ILI incidence,GB-NIR,2026-10-07,2026-10-18,0.8,3,quantile,18.1972532569555
ILI incidence,GB-NIR,2026-10-07,2026-10-18,0.85,3,quantile,21.1532264390828
ILI incidence,GB-NIR,2026-10-07,2026-10-18,0.9,3,quantile,27.0313464828803
ILI incidence,GB-NIR,2026-10-07,2026-10-18,0.95,3,quantile,36.7956595924783
ILI incidence,GB-NIR,2026-10-07,2026-10-18,0.975,3,quantile,46.9179435417423
ILI incidence,GB-NIR,2026-10-07,2026-10-18,0.99,3,quantile,54.9872164838862
ILI incidence,GB-NIR,2026-10-07,2026-10-25,0.01,4,quantile,1.65473895251527
ILI incidence,GB-NIR,2026-10-07,2026-10-25,0.025,4,quantile,1.65473895251527
ILI incidence,GB-NIR,2026-10-07,2026-10-25,0.05,4,quantile,1.7878649147409
ILI incidence,GB-NIR,2026-10-07,2026-10-25,0.1,4,quantile,2.11730689677644
ILI incidence,GB-NIR,2026-10-07,2026-10-25,0.15,4,quantile,2.38788852771191
ILI incidence,GB-NIR,2026-10-07,2026-10-25,0.2,4,quantile,2.78876918741392
ILI incidence,GB-NIR,2026-10-07,2026-10-25,0.25,4,quantile,3.41620334581056
ILI incidence,GB-NIR,2026-10-07,2026-10-25,0.3,4,quantile,4.03039408456225
ILI incidence,GB-NIR,2026-10-07,2026-10-25,0.35,4,quantile,4.70764380713409
ILI incidence,GB-NIR,2026-10-07,2026-10-25,0.4,4,quantile,5.71104910434666
ILI incidence,GB-NIR,2026-10-07,2026-10-25,0.45,4,quantile,6.68526223714862
ILI incidence,GB-NIR,2026-10-07,2026-10-25,0.5,4,quantile,7.97202526248285
ILI incidence,GB-NIR,2026-10-07,2026-10-25,0.55,4,quantile,9.24000789582564
ILI incidence,GB-NIR,2026-10-07,2026-10-25,0.6,4,quantile,10.9203407446155
ILI incidence,GB-NIR,2026-10-07,2026-10-25,0.65,4,quantile,12.8737048950832
ILI incidence,GB-NIR,2026-10-07,2026-10-25,0.7,4,quantile,15.2970589572361
ILI incidence,GB-NIR,2026-10-07,2026-10-25,0.75,4,quantile,17.8278902017331
ILI incidence,GB-NIR,2026-10-07,2026-10-25,0.8,4,quantile,21.6523391620803
ILI incidence,GB-NIR,2026-10-07,2026-10-25,0.85,4,quantile,25.9213799453829
ILI incidence,GB-NIR,2026-10-07,2026-10-25,0.9,4,quantile,32.5581367370312
ILI incidence,GB-NIR,2026-10-07,2026-10-25,0.95,4,quantile,44.0808127842943
ILI incidence,GB-NIR,2026-10-07,2026-10-25,0.975,4,quantile,54.1304625432247
ILI incidence,GB-NIR,2026-10-07,2026-10-25,0.99,4,quantile,65.0863560738551
ILI incidence,GB-NIR,2026-10-07,2026-10-04,,1,median,5.99481353770809
ILI incidence,GB-NIR,2026-10-07,2026-10-11,,2,median,6.6407210422401
ILI incidence,GB-NIR,2026-10-07,2026-10-18,,3,median,7.30211246332125
ILI incidence,GB-NIR,2026-10-07,2026-10-25,,4,median,7.97202526248285
ILI incidence,GB-SCT,2026-10-07,2026-10-04,0.01,1,quantile,0.395464261601253
ILI incidence,GB-SCT,2026-10-07,2026-10-04,0.025,1,quantile,0.691911194350543
ILI incidence,GB-SCT,2026-10-07,2026-10-04,0.05,1,quantile,0.837927311654228
ILI incidence,GB-SCT,2026-10-07,2026-10-04,0.1,1,quantile,1.23613873477606
ILI incidence,GB-SCT,2026-10-07,2026-10-04,0.15,1,quantile,1.63028463952327
ILI incidence,GB-SCT,2026-10-07,2026-10-04,0.2,1,quantile,1.97487110105695
ILI incidence,GB-SCT,2026-10-07,2026-10-04,0.25,1,quantile,2.33887943957235
ILI incidence,GB-SCT,2026-10-07,2026-10-04,0.3,1,quantile,2.68840983386387
ILI incidence,GB-SCT,2026-10-07,2026-10-04,0.35,1,quantile,2.97646844422826
ILI incidence,GB-SCT,2026-10-07,2026-10-04,0.4,1,quantile,3.3856481234476
ILI incidence,GB-SCT,2026-10-07,2026-10-04,0.45,1,quantile,3.79740348268095
ILI incidence,GB-SCT,2026-10-07,2026-10-04,0.5,1,quantile,4.22696483496488
ILI incidence,GB-SCT,2026-10-07,2026-10-04,0.55,1,quantile,4.55376487297973
ILI incidence,GB-SCT,2026-10-07,2026-10-04,0.6,1,quantile,5.04232049959397
ILI incidence,GB-SCT,2026-10-07,2026-10-04,0.65,1,quantile,5.5887946044615
ILI incidence,GB-SCT,2026-10-07,2026-10-04,0.7,1,quantile,6.10033677033843
ILI incidence,GB-SCT,2026-10-07,2026-10-04,0.75,1,quantile,6.68734277941236
ILI incidence,GB-SCT,2026-10-07,2026-10-04,0.8,1,quantile,7.49481610571278
ILI incidence,GB-SCT,2026-10-07,2026-10-04,0.85,1,quantile,8.44274839354241
ILI incidence,GB-SCT,2026-10-07,2026-10-04,0.9,1,quantile,9.40899230588796
ILI incidence,GB-SCT,2026-10-07,2026-10-04,0.95,1,quantile,10.9450926422056
ILI incidence,GB-SCT,2026-10-07,2026-10-04,0.975,1,quantile,13.58961908457
ILI incidence,GB-SCT,2026-10-07,2026-10-04,0.99,1,quantile,16.1358098463364
ILI incidence,GB-SCT,2026-10-07,2026-10-11,0.01,2,quantile,0.769521239420943
ILI incidence,GB-SCT,2026-10-07,2026-10-11,0.025,2,quantile,1.01044712322856
ILI incidence,GB-SCT,2026-10-07,2026-10-11,0.05,2,quantile,1.27627160136467
ILI incidence,GB-SCT,2026-10-07,2026-10-11,0.1,2,quantile,1.67015200175156
ILI incidence,GB-SCT,2026-10-07,2026-10-11,0.15,2,quantile,2.06959491332955
ILI incidence,GB-SCT,2026-10-07,2026-10-11,0.2,2,quantile,2.4392283727607
ILI incidence,GB-SCT,2026-10-07,2026-10-11,0.25,2,quantile,2.80821738962339
ILI incidence,GB-SCT,2026-10-07,2026-10-11,0.3,2,quantile,3.14356621748509
ILI incidence,GB-SCT,2026-10-07,2026-10-11,0.35,2,quantile,3.56871943371635
ILI incidence,GB-SCT,2026-10-07,2026-10-11,0.4,2,quantile,3.97849174972467
ILI incidence,GB-SCT,2026-10-07,2026-10-11,0.45,2,quantile,4.33903372793466
ILI incidence,GB-SCT,2026-10-07,2026-10-11,0.5,2,quantile,4.79241897531165
ILI incidence,GB-SCT,2026-10-07,2026-10-11,0.55,2,quantile,5.368574577744
ILI incidence,GB-SCT,2026-10-07,2026-10-11,0.6,2,quantile,6.00413849305901
ILI incidence,GB-SCT,2026-10-07,2026-10-11,0.65,2,quantile,6.87586201038175
ILI incidence,GB-SCT,2026-10-07,2026-10-11,0.7,2,quantile,7.78194054880136
ILI incidence,GB-SCT,2026-10-07,2026-10-11,0.75,2,quantile,8.79471997504335
ILI incidence,GB-SCT,2026-10-07,2026-10-11,0.8,2,quantile,9.88520324854188
ILI incidence,GB-SCT,2026-10-07,2026-10-11,0.85,2,quantile,11.3974060474527
ILI incidence,GB-SCT,2026-10-07,2026-10-11,0.9,2,quantile,13.6410403743435
ILI incidence,GB-SCT,2026-10-07,2026-10-11,0.95,2,quantile,17.6428587231374
ILI incidence,GB-SCT,2026-10-07,2026-10-11,0.975,2,quantile,21.8869857227992
ILI incidence,GB-SCT,2026-10-07,2026-10-11,0.99,2,quantile,31.5737357926311
ILI incidence,GB-SCT,2026-10-07,2026-10-18,0.01,3,quantile,0.67329059115123
ILI incidence,GB-SCT,2026-10-07,2026-10-18,0.025,3,quantile,0.889590977893968
ILI incidence,GB-SCT,2026-10-07,2026-10-18,0.05,3,quantile,1.0875290665188
ILI incidence,GB-SCT,2026-10-07,2026-10-18,0.1,3,quantile,1.54487384476281
ILI incidence,GB-SCT,2026-10-07,2026-10-18,0.15,3,quantile,1.97267711160755
ILI incidence,GB-SCT,2026-10-07,2026-10-18,0.2,3,quantile,2.34296070592012
ILI incidence,GB-SCT,2026-10-07,2026-10-18,0.25,3,quantile,2.81900168362025
ILI incidence,GB-SCT,2026-10-07,2026-10-18,0.3,3,quantile,3.21164648624918
ILI incidence,GB-SCT,2026-10-07,2026-10-18,0.35,3,quantile,3.74528125721688
ILI incidence,GB-SCT,2026-10-07,2026-10-18,0.4,3,quantile,4.18858615645043
ILI incidence,GB-SCT,2026-10-07,2026-10-18,0.45,3,quantile,4.77669182012984
ILI incidence,GB-SCT,2026-10-07,2026-10-18,0.5,3,quantile,5.38683508625063
ILI incidence,GB-SCT,2026-10-07,2026-10-18,0.55,3,quantile,6.25953686471337
ILI incidence,GB-SCT,2026-10-07,2026-10-18,0.6,3,quantile,7.07881997708445
ILI incidence,GB-SCT,2026-10-07,2026-10-18,0.65,3,quantile,8.10355071884376
ILI incidence,GB-SCT,2026-10-07,2026-10-18,0.7,3,quantile,9.42834082524892
ILI incidence,GB-SCT,2026-10-07,2026-10-18,0.75,3,quantile,10.8487413250763
ILI incidence,GB-SCT,2026-10-07,2026-10-18,0.8,3,quantile,12.9351783023324
ILI incidence,GB-SCT,2026-10-07,2026-10-18,0.85,3,quantile,15.5248578194118
ILI incidence,GB-SCT,2026-10-07,2026-10-18,0.9,3,quantile,19.3522122409674
ILI incidence,GB-SCT,2026-10-07,2026-10-18,0.95,3,quantile,25.6771681616574
ILI incidence,GB-SCT,2026-10-07,2026-10-18,0.975,3,quantile,31.0561845015265
ILI incidence,GB-SCT,2026-10-07,2026-10-18,0.99,3,quantile,41.4646745895015
ILI incidence,GB-SCT,2026-10-07,2026-10-25,0.01,4,quantile,0.8101079174579
ILI incidence,GB-SCT,2026-10-07,2026-10-25,0.025,4,quantile,0.976606741511895
ILI incidence,GB-SCT,2026-10-07,2026-10-25,0.05,4,quantile,1.28093991825459
ILI incidence,GB-SCT,2026-10-07,2026-10-25,0.1,4,quantile,1.62121108817938
ILI incidence,GB-SCT,2026-10-07,2026-10-25,0.15,4,quantile,2.1223925197567
ILI incidence,GB-SCT,2026-10-07,2026-10-25,0.2,4,quantile,2.56349714632124
ILI incidence,GB-SCT,2026-10-07,2026-10-25,0.25,4,quantile,3.00373858261607
ILI incidence,GB-SCT,2026-10-07,2026-10-25,0.3,4,quantile,3.53556092468014
ILI incidence,GB-SCT,2026-10-07,2026-10-25,0.35,4,quantile,4.04861928493966
ILI incidence,GB-SCT,2026-10-07,2026-10-25,0.4,4,quantile,4.54423576534783
ILI incidence,GB-SCT,2026-10-07,2026-10-25,0.45,4,quantile,5.19288858866039
ILI incidence,GB-SCT,2026-10-07,2026-10-25,0.5,4,quantile,6.00593692460646
ILI incidence,GB-SCT,2026-10-07,2026-10-25,0.55,4,quantile,7.01025886139349
ILI incidence,GB-SCT,2026-10-07,2026-10-25,0.6,4,quantile,8.30967076922735
ILI incidence,GB-SCT,2026-10-07,2026-10-25,0.65,4,quantile,9.71537071202465
ILI incidence,GB-SCT,2026-10-07,2026-10-25,0.7,4,quantile,11.3048478259596
ILI incidence,GB-SCT,2026-10-07,2026-10-25,0.75,4,quantile,13.0600071600485
ILI incidence,GB-SCT,2026-10-07,2026-10-25,0.8,4,quantile,15.7780876723254
ILI incidence,GB-SCT,2026-10-07,2026-10-25,0.85,4,quantile,19.6658771502694
ILI incidence,GB-SCT,2026-10-07,2026-10-25,0.9,4,quantile,25.265279606343
ILI incidence,GB-SCT,2026-10-07,2026-10-25,0.95,4,quantile,34.4893925545529
ILI incidence,GB-SCT,2026-10-07,2026-10-25,0.975,4,quantile,40.6280850394801
ILI incidence,GB-SCT,2026-10-07,2026-10-25,0.99,4,quantile,51.0844325938584
ILI incidence,GB-SCT,2026-10-07,2026-10-04,,1,median,4.22696483496488
ILI incidence,GB-SCT,2026-10-07,2026-10-11,,2,median,4.79241897531165
ILI incidence,GB-SCT,2026-10-07,2026-10-18,,3,median,5.38683508625063
ILI incidence,GB-SCT,2026-10-07,2026-10-25,,4,median,6.00593692460646
ILI incidence,GB-WLS,2026-10-07,2026-10-04,0.01,1,quantile,0.418673937654201
ILI incidence,GB-WLS,2026-10-07,2026-10-04,0.025,1,quantile,0.678831775864837
ILI incidence,GB-WLS,2026-10-07,2026-10-04,0.05,1,quantile,0.976266822361437
ILI incidence,GB-WLS,2026-10-07,2026-10-04,0.1,1,quantile,1.37598512727677
ILI incidence,GB-WLS,2026-10-07,2026-10-04,0.15,1,quantile,1.74482432330336
ILI incidence,GB-WLS,2026-10-07,2026-10-04,0.2,1,quantile,2.17071584354946
ILI incidence,GB-WLS,2026-10-07,2026-10-04,0.25,1,quantile,2.52994954085036
ILI incidence,GB-WLS,2026-10-07,2026-10-04,0.3,1,quantile,2.84163603355863
ILI incidence,GB-WLS,2026-10-07,2026-10-04,0.35,1,quantile,3.19118158930583
ILI incidence,GB-WLS,2026-10-07,2026-10-04,0.4,1,quantile,3.53163464523322
ILI incidence,GB-WLS,2026-10-07,2026-10-04,0.45,1,quantile,3.8627082313451
ILI incidence,GB-WLS,2026-10-07,2026-10-04,0.5,1,quantile,4.25956280032925
ILI incidence,GB-WLS,2026-10-07,2026-10-04,0.55,1,quantile,4.64500677371117
ILI incidence,GB-WLS,2026-10-07,2026-10-04,0.6,1,quantile,4.99202706816196
ILI incidence,GB-WLS,2026-10-07,2026-10-04,0.65,1,quantile,5.41434516578578
ILI incidence,GB-WLS,2026-10-07,2026-10-04,0.7,1,quantile,5.89419717681678
ILI incidence,GB-WLS,2026-10-07,2026-10-04,0.75,1,quantile,6.59859241461862
ILI incidence,GB-WLS,2026-10-07,2026-10-04,0.8,1,quantile,7.46920553246462
ILI incidence,GB-WLS,2026-10-07,2026-10-04,0.85,1,quantile,8.37084244284939
ILI incidence,GB-WLS,2026-10-07,2026-10-04,0.9,1,quantile,9.54091391196686
ILI incidence,GB-WLS,2026-10-07,2026-10-04,0.95,1,quantile,11.5553806976256
ILI incidence,GB-WLS,2026-10-07,2026-10-04,0.975,1,quantile,13.8836757630342
ILI incidence,GB-WLS,2026-10-07,2026-10-04,0.99,1,quantile,16.0211463819721
ILI incidence,GB-WLS,2026-10-07,2026-10-11,0.01,2,quantile,0.808635681007106
ILI incidence,GB-WLS,2026-10-07,2026-10-11,0.025,2,quantile,0.966994348520821
ILI incidence,GB-WLS,2026-10-07,2026-10-11,0.05,2,quantile,1.18701011072044
ILI incidence,GB-WLS,2026-10-07,2026-10-11,0.1,2,quantile,1.55502848131716
ILI incidence,GB-WLS,2026-10-07,2026-10-11,0.15,2,quantile,1.90127561794794
ILI incidence,GB-WLS,2026-10-07,2026-10-11,0.2,2,quantile,2.19636598422705
ILI incidence,GB-WLS,2026-10-07,2026-10-11,0.25,2,quantile,2.5494720239334
ILI incidence,GB-WLS,2026-10-07,2026-10-11,0.3,2,quantile,3.05701731744899
ILI incidence,GB-WLS,2026-10-07,2026-10-11,0.35,2,quantile,3.46479747835531
ILI incidence,GB-WLS,2026-10-07,2026-10-11,0.4,2,quantile,3.9536371648231
ILI incidence,GB-WLS,2026-10-07,2026-10-11,0.45,2,quantile,4.42063938210906
ILI incidence,GB-WLS,2026-10-07,2026-10-11,0.5,2,quantile,4.9076597230703
ILI incidence,GB-WLS,2026-10-07,2026-10-11,0.55,2,quantile,5.43726391719966
ILI incidence,GB-WLS,2026-10-07,2026-10-11,0.6,2,quantile,6.26767101164868
ILI incidence,GB-WLS,2026-10-07,2026-10-11,0.65,2,quantile,6.93929660851268
ILI incidence,GB-WLS,2026-10-07,2026-10-11,0.7,2,quantile,7.81150503545197
ILI incidence,GB-WLS,2026-10-07,2026-10-11,0.75,2,quantile,8.91243773047173
ILI incidence,GB-WLS,2026-10-07,2026-10-11,0.8,2,quantile,10.1651753387362
ILI incidence,GB-WLS,2026-10-07,2026-10-11,0.85,2,quantile,11.9619146294369
ILI incidence,GB-WLS,2026-10-07,2026-10-11,0.9,2,quantile,14.6411418255304
ILI incidence,GB-WLS,2026-10-07,2026-10-11,0.95,2,quantile,18.1990876791415
ILI incidence,GB-WLS,2026-10-07,2026-10-11,0.975,2,quantile,22.4611090675485
ILI incidence,GB-WLS,2026-10-07,2026-10-11,0.99,2,quantile,27.0301044012301
ILI incidence,GB-WLS,2026-10-07,2026-10-18,0.01,3,quantile,0.93105496676628
ILI incidence,GB-WLS,2026-10-07,2026-10-18,0.025,3,quantile,1.00972578739077
ILI incidence,GB-WLS,2026-10-07,2026-10-18,0.05,3,quantile,1.20489734404943
ILI incidence,GB-WLS,2026-10-07,2026-10-18,0.1,3,quantile,1.61842203259865
ILI incidence,GB-WLS,2026-10-07,2026-10-18,0.15,3,quantile,1.9346891142521
ILI incidence,GB-WLS,2026-10-07,2026-10-18,0.2,3,quantile,2.32950691242071
ILI incidence,GB-WLS,2026-10-07,2026-10-18,0.25,3,quantile,2.66395892614434
ILI incidence,GB-WLS,2026-10-07,2026-10-18,0.3,3,quantile,3.13460615719342
ILI incidence,GB-WLS,2026-10-07,2026-10-18,0.35,3,quantile,3.56922841524731
ILI incidence,GB-WLS,2026-10-07,2026-10-18,0.4,3,quantile,4.01541911723448
ILI incidence,GB-WLS,2026-10-07,2026-10-18,0.45,3,quantile,4.83814781580952
ILI incidence,GB-WLS,2026-10-07,2026-10-18,0.5,3,quantile,5.55288532068435
ILI incidence,GB-WLS,2026-10-07,2026-10-18,0.55,3,quantile,6.28960035036717
ILI incidence,GB-WLS,2026-10-07,2026-10-18,0.6,3,quantile,7.38525112737059
ILI incidence,GB-WLS,2026-10-07,2026-10-18,0.65,3,quantile,8.31496056979401
ILI incidence,GB-WLS,2026-10-07,2026-10-18,0.7,3,quantile,9.92626416686763
ILI incidence,GB-WLS,2026-10-07,2026-10-18,0.75,3,quantile,11.6569768123867
ILI incidence,GB-WLS,2026-10-07,2026-10-18,0.8,3,quantile,13.4056479900169
ILI incidence,GB-WLS,2026-10-07,2026-10-18,0.85,3,quantile,16.0471844456494
ILI incidence,GB-WLS,2026-10-07,2026-10-18,0.9,3,quantile,19.6130076298069
ILI incidence,GB-WLS,2026-10-07,2026-10-18,0.95,3,quantile,24.9125051779567
ILI incidence,GB-WLS,2026-10-07,2026-10-18,0.975,3,quantile,31.1819232228017
ILI incidence,GB-WLS,2026-10-07,2026-10-18,0.99,3,quantile,41.1126639357812
ILI incidence,GB-WLS,2026-10-07,2026-10-25,0.01,4,quantile,0.973820956764237
ILI incidence,GB-WLS,2026-10-07,2026-10-25,0.025,4,quantile,1.09286650565089
ILI incidence,GB-WLS,2026-10-07,2026-10-25,0.05,4,quantile,1.28744884414462
ILI incidence,GB-WLS,2026-10-07,2026-10-25,0.1,4,quantile,1.58262299130257
ILI incidence,GB-WLS,2026-10-07,2026-10-25,0.15,4,quantile,1.8554068671684
ILI incidence,GB-WLS,2026-10-07,2026-10-25,0.2,4,quantile,2.25176534965746
ILI incidence,GB-WLS,2026-10-07,2026-10-25,0.25,4,quantile,2.63700205513258
ILI incidence,GB-WLS,2026-10-07,2026-10-25,0.3,4,quantile,3.14860704650979
ILI incidence,GB-WLS,2026-10-07,2026-10-25,0.35,4,quantile,3.59036711907549
ILI incidence,GB-WLS,2026-10-07,2026-10-25,0.4,4,quantile,4.33307145053193
ILI incidence,GB-WLS,2026-10-07,2026-10-25,0.45,4,quantile,5.22730340605866
ILI incidence,GB-WLS,2026-10-07,2026-10-25,0.5,4,quantile,6.18582192692588
ILI incidence,GB-WLS,2026-10-07,2026-10-25,0.55,4,quantile,7.05009916202265
ILI incidence,GB-WLS,2026-10-07,2026-10-25,0.6,4,quantile,8.11415724059021
ILI incidence,GB-WLS,2026-10-07,2026-10-25,0.65,4,quantile,9.44915838013607
ILI incidence,GB-WLS,2026-10-07,2026-10-25,0.7,4,quantile,11.1289784629933
ILI incidence,GB-WLS,2026-10-07,2026-10-25,0.75,4,quantile,13.2052856081743
ILI incidence,GB-WLS,2026-10-07,2026-10-25,0.8,4,quantile,15.8835155994949
ILI incidence,GB-WLS,2026-10-07,2026-10-25,0.85,4,quantile,19.6865534565746
ILI incidence,GB-WLS,2026-10-07,2026-10-25,0.9,4,quantile,24.2044798497733
ILI incidence,GB-WLS,2026-10-07,2026-10-25,0.95,4,quantile,32.465199819321
ILI incidence,GB-WLS,2026-10-07,2026-10-25,0.975,4,quantile,41.5182740494371
ILI incidence,GB-WLS,2026-10-07,2026-10-25,0.99,4,quantile,49.1167150813367
ILI incidence,GB-WLS,2026-10-07,2026-10-04,,1,median,4.25956280032925
ILI incidence,GB-WLS,2026-10-07,2026-10-11,,2,median,4.9076597230703
ILI incidence,GB-WLS,2026-10-07,2026-10-18,,3,median,5.55288532068435
ILI incidence,GB-WLS,2026-10-07,2026-10-25,,4,median,6.18582192692588
ILI incidence,GR,2026-10-07,2026-10-04,0.01,1,quantile,152.343077832866
ILI incidence,GR,2026-10-07,2026-10-04,0.025,1,quantile,186.983221451905
ILI incidence,GR,2026-10-07,2026-10-04,0.05,1,quantile,206.090614474965
ILI incidence,GR,2026-10-07,2026-10-04,0.1,1,quantile,243.700303086514
ILI incidence,GR,2026-10-07,2026-10-04,0.15,1,quantile,270.800989058454
ILI incidence,GR,2026-10-07,2026-10-04,0.2,1,quantile,288.661545695653
ILI incidence,GR,2026-10-07,2026-10-04,0.25,1,quantile,312.774598525267
ILI incidence,GR,2026-10-07,2026-10-04,0.3,1,quantile,329.756854244716
ILI incidence,GR,2026-10-07,2026-10-04,0.35,1,quantile,345.221544709905
ILI incidence,GR,2026-10-07,2026-10-04,0.4,1,quantile,362.362084036533
ILI incidence,GR,2026-10-07,2026-10-04,0.45,1,quantile,382.30265348513
ILI incidence,GR,2026-10-07,2026-10-04,0.5,1,quantile,398.818711847105
ILI incidence,GR,2026-10-07,2026-10-04,0.55,1,quantile,420.960288414843
ILI incidence,GR,2026-10-07,2026-10-04,0.6,1,quantile,439.652521177392
ILI incidence,GR,2026-10-07,2026-10-04,0.65,1,quantile,458.353627895068
ILI incidence,GR,2026-10-07,2026-10-04,0.7,1,quantile,483.663378435439
ILI incidence,GR,2026-10-07,2026-10-04,0.75,1,quantile,508.83381242113
ILI incidence,GR,2026-10-07,2026-10-04,0.8,1,quantile,545.398747523515
ILI incidence,GR,2026-10-07,2026-10-04,0.85,1,quantile,578.957838695675
ILI incidence,GR,2026-10-07,2026-10-04,0.9,1,quantile,623.625158068815
ILI incidence,GR,2026-10-07,2026-10-04,0.95,1,quantile,706.730901729711
ILI incidence,GR,2026-10-07,2026-10-04,0.975,1,quantile,798.010850172582
ILI incidence,GR,2026-10-07,2026-10-04,0.99,1,quantile,899.724236705863
ILI incidence,GR,2026-10-07,2026-10-11,0.01,2,quantile,112.013626923752
ILI incidence,GR,2026-10-07,2026-10-11,0.025,2,quantile,140.136114260272
ILI incidence,GR,2026-10-07,2026-10-11,0.05,2,quantile,173.583892408442
ILI incidence,GR,2026-10-07,2026-10-11,0.1,2,quantile,207.385937291582
ILI incidence,GR,2026-10-07,2026-10-11,0.15,2,quantile,237.313985012963
ILI incidence,GR,2026-10-07,2026-10-11,0.2,2,quantile,266.306659731047
ILI incidence,GR,2026-10-07,2026-10-11,0.25,2,quantile,286.658466592398
ILI incidence,GR,2026-10-07,2026-10-11,0.3,2,quantile,312.217609205173
ILI incidence,GR,2026-10-07,2026-10-11,0.35,2,quantile,337.74683547373
ILI incidence,GR,2026-10-07,2026-10-11,0.4,2,quantile,377.216251035164
ILI incidence,GR,2026-10-07,2026-10-11,0.45,2,quantile,405.222349299783
ILI incidence,GR,2026-10-07,2026-10-11,0.5,2,quantile,435.909372231893
ILI incidence,GR,2026-10-07,2026-10-11,0.55,2,quantile,470.481362888143
ILI incidence,GR,2026-10-07,2026-10-11,0.6,2,quantile,504.30076264673
ILI incidence,GR,2026-10-07,2026-10-11,0.65,2,quantile,540.418246073413
ILI incidence,GR,2026-10-07,2026-10-11,0.7,2,quantile,590.551858482882
ILI incidence,GR,2026-10-07,2026-10-11,0.75,2,quantile,629.94386712938
ILI incidence,GR,2026-10-07,2026-10-11,0.8,2,quantile,688.575238112696
ILI incidence,GR,2026-10-07,2026-10-11,0.85,2,quantile,751.491982562401
ILI incidence,GR,2026-10-07,2026-10-11,0.9,2,quantile,847.50775074812
ILI incidence,GR,2026-10-07,2026-10-11,0.95,2,quantile,1006.12438196092
ILI incidence,GR,2026-10-07,2026-10-11,0.975,2,quantile,1171.19861891799
ILI incidence,GR,2026-10-07,2026-10-11,0.99,2,quantile,1420.95373812957
ILI incidence,GR,2026-10-07,2026-10-18,0.01,3,quantile,111.315546684602
ILI incidence,GR,2026-10-07,2026-10-18,0.025,3,quantile,134.883856417084
ILI incidence,GR,2026-10-07,2026-10-18,0.05,3,quantile,166.433080173826
ILI incidence,GR,2026-10-07,2026-10-18,0.1,3,quantile,207.440112236413
ILI incidence,GR,2026-10-07,2026-10-18,0.15,3,quantile,237.665722745612
ILI incidence,GR,2026-10-07,2026-10-18,0.2,3,quantile,273.516750802671
ILI incidence,GR,2026-10-07,2026-10-18,0.25,3,quantile,305.880133389808
ILI incidence,GR,2026-10-07,2026-10-18,0.3,3,quantile,334.761540608745
ILI incidence,GR,2026-10-07,2026-10-18,0.35,3,quantile,363.294470358199
ILI incidence,GR,2026-10-07,2026-10-18,0.4,3,quantile,396.33997375622
ILI incidence,GR,2026-10-07,2026-10-18,0.45,3,quantile,430.940923506728
ILI incidence,GR,2026-10-07,2026-10-18,0.5,3,quantile,468.925909551492
ILI incidence,GR,2026-10-07,2026-10-18,0.55,3,quantile,517.59738035438
ILI incidence,GR,2026-10-07,2026-10-18,0.6,3,quantile,574.006733856385
ILI incidence,GR,2026-10-07,2026-10-18,0.65,3,quantile,636.106483242892
ILI incidence,GR,2026-10-07,2026-10-18,0.7,3,quantile,698.627896421911
ILI incidence,GR,2026-10-07,2026-10-18,0.75,3,quantile,773.682199230807
ILI incidence,GR,2026-10-07,2026-10-18,0.8,3,quantile,857.953626241994
ILI incidence,GR,2026-10-07,2026-10-18,0.85,3,quantile,979.404025408694
ILI incidence,GR,2026-10-07,2026-10-18,0.9,3,quantile,1122.68255642363
ILI incidence,GR,2026-10-07,2026-10-18,0.95,3,quantile,1313.96512874734
ILI incidence,GR,2026-10-07,2026-10-18,0.975,3,quantile,1620.1540898903
ILI incidence,GR,2026-10-07,2026-10-18,0.99,3,quantile,1929.55621566775
ILI incidence,GR,2026-10-07,2026-10-25,0.01,4,quantile,76.8910248736961
ILI incidence,GR,2026-10-07,2026-10-25,0.025,4,quantile,116.302964800868
ILI incidence,GR,2026-10-07,2026-10-25,0.05,4,quantile,142.740262458872
ILI incidence,GR,2026-10-07,2026-10-25,0.1,4,quantile,188.631797351261
ILI incidence,GR,2026-10-07,2026-10-25,0.15,4,quantile,218.524931648275
ILI incidence,GR,2026-10-07,2026-10-25,0.2,4,quantile,252.12939911412
ILI incidence,GR,2026-10-07,2026-10-25,0.25,4,quantile,280.490122101996
ILI incidence,GR,2026-10-07,2026-10-25,0.3,4,quantile,324.233806028141
ILI incidence,GR,2026-10-07,2026-10-25,0.35,4,quantile,364.239039798332
ILI incidence,GR,2026-10-07,2026-10-25,0.4,4,quantile,407.785444250475
ILI incidence,GR,2026-10-07,2026-10-25,0.45,4,quantile,450.177076785276
ILI incidence,GR,2026-10-07,2026-10-25,0.5,4,quantile,498.00206413113
ILI incidence,GR,2026-10-07,2026-10-25,0.55,4,quantile,548.208242345923
ILI incidence,GR,2026-10-07,2026-10-25,0.6,4,quantile,616.824086483153
ILI incidence,GR,2026-10-07,2026-10-25,0.65,4,quantile,682.659286307825
ILI incidence,GR,2026-10-07,2026-10-25,0.7,4,quantile,793.8188411049
ILI incidence,GR,2026-10-07,2026-10-25,0.75,4,quantile,888.992500664994
ILI incidence,GR,2026-10-07,2026-10-25,0.8,4,quantile,994.297894465058
ILI incidence,GR,2026-10-07,2026-10-25,0.85,4,quantile,1128.00924320076
ILI incidence,GR,2026-10-07,2026-10-25,0.9,4,quantile,1326.2585978996
ILI incidence,GR,2026-10-07,2026-10-25,0.95,4,quantile,1724.00871975563
ILI incidence,GR,2026-10-07,2026-10-25,0.975,4,quantile,2064.14694205454
ILI incidence,GR,2026-10-07,2026-10-25,0.99,4,quantile,2397.1012064543
ILI incidence,GR,2026-10-07,2026-10-04,,1,median,398.818711847105
ILI incidence,GR,2026-10-07,2026-10-11,,2,median,435.909372231893
ILI incidence,GR,2026-10-07,2026-10-18,,3,median,468.925909551492
ILI incidence,GR,2026-10-07,2026-10-25,,4,median,498.00206413113
ILI incidence,HR,2026-10-07,2026-10-04,0.01,1,quantile,0
ILI incidence,HR,2026-10-07,2026-10-04,0.025,1,quantile,0
ILI incidence,HR,2026-10-07,2026-10-04,0.05,1,quantile,0
ILI incidence,HR,2026-10-07,2026-10-04,0.1,1,quantile,0
ILI incidence,HR,2026-10-07,2026-10-04,0.15,1,quantile,0
ILI incidence,HR,2026-10-07,2026-10-04,0.2,1,quantile,0
ILI incidence,HR,2026-10-07,2026-10-04,0.25,1,quantile,0
ILI incidence,HR,2026-10-07,2026-10-04,0.3,1,quantile,0.0127494717232056
ILI incidence,HR,2026-10-07,2026-10-04,0.35,1,quantile,0.405875840684253
ILI incidence,HR,2026-10-07,2026-10-04,0.4,1,quantile,0.823547326804776
ILI incidence,HR,2026-10-07,2026-10-04,0.45,1,quantile,1.28309939438792
ILI incidence,HR,2026-10-07,2026-10-04,0.5,1,quantile,1.79957911325104
ILI incidence,HR,2026-10-07,2026-10-04,0.55,1,quantile,2.26802982942873
ILI incidence,HR,2026-10-07,2026-10-04,0.6,1,quantile,2.67929084967366
ILI incidence,HR,2026-10-07,2026-10-04,0.65,1,quantile,3.2485581863308
ILI incidence,HR,2026-10-07,2026-10-04,0.7,1,quantile,4.07813086087202
ILI incidence,HR,2026-10-07,2026-10-04,0.75,1,quantile,4.8692724994674
ILI incidence,HR,2026-10-07,2026-10-04,0.8,1,quantile,6.18172678752612
ILI incidence,HR,2026-10-07,2026-10-04,0.85,1,quantile,7.72161383352755
ILI incidence,HR,2026-10-07,2026-10-04,0.9,1,quantile,9.94562442390264
ILI incidence,HR,2026-10-07,2026-10-04,0.95,1,quantile,14.77411233232
ILI incidence,HR,2026-10-07,2026-10-04,0.975,1,quantile,18.6968658059631
ILI incidence,HR,2026-10-07,2026-10-04,0.99,1,quantile,28.4351875398557
ILI incidence,HR,2026-10-07,2026-10-11,0.01,2,quantile,0
ILI incidence,HR,2026-10-07,2026-10-11,0.025,2,quantile,0
ILI incidence,HR,2026-10-07,2026-10-11,0.05,2,quantile,0
ILI incidence,HR,2026-10-07,2026-10-11,0.1,2,quantile,0
ILI incidence,HR,2026-10-07,2026-10-11,0.15,2,quantile,0
ILI incidence,HR,2026-10-07,2026-10-11,0.2,2,quantile,0
ILI incidence,HR,2026-10-07,2026-10-11,0.25,2,quantile,0
ILI incidence,HR,2026-10-07,2026-10-11,0.3,2,quantile,0
ILI incidence,HR,2026-10-07,2026-10-11,0.35,2,quantile,0.415413977943735
ILI incidence,HR,2026-10-07,2026-10-11,0.4,2,quantile,0.90890181743497
ILI incidence,HR,2026-10-07,2026-10-11,0.45,2,quantile,1.48198051261151
ILI incidence,HR,2026-10-07,2026-10-11,0.5,2,quantile,2.0773925046608
ILI incidence,HR,2026-10-07,2026-10-11,0.55,2,quantile,2.85825864501701
ILI incidence,HR,2026-10-07,2026-10-11,0.6,2,quantile,4.07235162150764
ILI incidence,HR,2026-10-07,2026-10-11,0.65,2,quantile,5.3321080798925
ILI incidence,HR,2026-10-07,2026-10-11,0.7,2,quantile,6.73875743699266
ILI incidence,HR,2026-10-07,2026-10-11,0.75,2,quantile,8.41239252668936
ILI incidence,HR,2026-10-07,2026-10-11,0.8,2,quantile,10.228727625928
ILI incidence,HR,2026-10-07,2026-10-11,0.85,2,quantile,13.5913379744682
ILI incidence,HR,2026-10-07,2026-10-11,0.9,2,quantile,19.3581728258456
ILI incidence,HR,2026-10-07,2026-10-11,0.95,2,quantile,27.9726754065916
ILI incidence,HR,2026-10-07,2026-10-11,0.975,2,quantile,38.5993736401728
ILI incidence,HR,2026-10-07,2026-10-11,0.99,2,quantile,54.0867031600912
ILI incidence,HR,2026-10-07,2026-10-18,0.01,3,quantile,0
ILI incidence,HR,2026-10-07,2026-10-18,0.025,3,quantile,0
ILI incidence,HR,2026-10-07,2026-10-18,0.05,3,quantile,0
ILI incidence,HR,2026-10-07,2026-10-18,0.1,3,quantile,0
ILI incidence,HR,2026-10-07,2026-10-18,0.15,3,quantile,0
ILI incidence,HR,2026-10-07,2026-10-18,0.2,3,quantile,0
ILI incidence,HR,2026-10-07,2026-10-18,0.25,3,quantile,0
ILI incidence,HR,2026-10-07,2026-10-18,0.3,3,quantile,0
ILI incidence,HR,2026-10-07,2026-10-18,0.35,3,quantile,0
ILI incidence,HR,2026-10-07,2026-10-18,0.4,3,quantile,0.493152073257523
ILI incidence,HR,2026-10-07,2026-10-18,0.45,3,quantile,1.65947521976904
ILI incidence,HR,2026-10-07,2026-10-18,0.5,3,quantile,2.40269173493284
ILI incidence,HR,2026-10-07,2026-10-18,0.55,3,quantile,3.63834779245532
ILI incidence,HR,2026-10-07,2026-10-18,0.6,3,quantile,5.24062168570124
ILI incidence,HR,2026-10-07,2026-10-18,0.65,3,quantile,6.83022172471652
ILI incidence,HR,2026-10-07,2026-10-18,0.7,3,quantile,8.50693267548158
ILI incidence,HR,2026-10-07,2026-10-18,0.75,3,quantile,11.0562628447256
ILI incidence,HR,2026-10-07,2026-10-18,0.8,3,quantile,14.6806735746669
ILI incidence,HR,2026-10-07,2026-10-18,0.85,3,quantile,19.2727688387727
ILI incidence,HR,2026-10-07,2026-10-18,0.9,3,quantile,26.7748181413637
ILI incidence,HR,2026-10-07,2026-10-18,0.95,3,quantile,42.5508244397682
ILI incidence,HR,2026-10-07,2026-10-18,0.975,3,quantile,65.3573848848355
ILI incidence,HR,2026-10-07,2026-10-18,0.99,3,quantile,89.4675956110529
ILI incidence,HR,2026-10-07,2026-10-25,0.01,4,quantile,0
ILI incidence,HR,2026-10-07,2026-10-25,0.025,4,quantile,0
ILI incidence,HR,2026-10-07,2026-10-25,0.05,4,quantile,0
ILI incidence,HR,2026-10-07,2026-10-25,0.1,4,quantile,0
ILI incidence,HR,2026-10-07,2026-10-25,0.15,4,quantile,0
ILI incidence,HR,2026-10-07,2026-10-25,0.2,4,quantile,0
ILI incidence,HR,2026-10-07,2026-10-25,0.25,4,quantile,0
ILI incidence,HR,2026-10-07,2026-10-25,0.3,4,quantile,0
ILI incidence,HR,2026-10-07,2026-10-25,0.35,4,quantile,0
ILI incidence,HR,2026-10-07,2026-10-25,0.4,4,quantile,0.230402239840445
ILI incidence,HR,2026-10-07,2026-10-25,0.45,4,quantile,1.24005738824234
ILI incidence,HR,2026-10-07,2026-10-25,0.5,4,quantile,2.78260272922926
ILI incidence,HR,2026-10-07,2026-10-25,0.55,4,quantile,4.95363337304051
ILI incidence,HR,2026-10-07,2026-10-25,0.6,4,quantile,6.59171251927296
ILI incidence,HR,2026-10-07,2026-10-25,0.65,4,quantile,9.12346060186748
ILI incidence,HR,2026-10-07,2026-10-25,0.7,4,quantile,12.4389258790604
ILI incidence,HR,2026-10-07,2026-10-25,0.75,4,quantile,16.9369741847526
ILI incidence,HR,2026-10-07,2026-10-25,0.8,4,quantile,21.7640678671371
ILI incidence,HR,2026-10-07,2026-10-25,0.85,4,quantile,30.6138108811679
ILI incidence,HR,2026-10-07,2026-10-25,0.9,4,quantile,42.8855784627474
ILI incidence,HR,2026-10-07,2026-10-25,0.95,4,quantile,62.9299241765804
ILI incidence,HR,2026-10-07,2026-10-25,0.975,4,quantile,98.0664492891957
ILI incidence,HR,2026-10-07,2026-10-25,0.99,4,quantile,140.125839676133
ILI incidence,HR,2026-10-07,2026-10-04,,1,median,1.79957911325104
ILI incidence,HR,2026-10-07,2026-10-11,,2,median,2.0773925046608
ILI incidence,HR,2026-10-07,2026-10-18,,3,median,2.40269173493284
ILI incidence,HR,2026-10-07,2026-10-25,,4,median,2.78260272922926
ILI incidence,HU,2026-10-07,2026-10-04,0.01,1,quantile,67.0801176461271
ILI incidence,HU,2026-10-07,2026-10-04,0.025,1,quantile,75.7743320447959
ILI incidence,HU,2026-10-07,2026-10-04,0.05,1,quantile,88.0178606074348
ILI incidence,HU,2026-10-07,2026-10-04,0.1,1,quantile,99.1973885112702
ILI incidence,HU,2026-10-07,2026-10-04,0.15,1,quantile,107.592160124305
ILI incidence,HU,2026-10-07,2026-10-04,0.2,1,quantile,117.496728339046
ILI incidence,HU,2026-10-07,2026-10-04,0.25,1,quantile,124.919752792403
ILI incidence,HU,2026-10-07,2026-10-04,0.3,1,quantile,132.087480036214
ILI incidence,HU,2026-10-07,2026-10-04,0.35,1,quantile,139.52887308325
ILI incidence,HU,2026-10-07,2026-10-04,0.4,1,quantile,146.742441079467
ILI incidence,HU,2026-10-07,2026-10-04,0.45,1,quantile,152.769136763984
ILI incidence,HU,2026-10-07,2026-10-04,0.5,1,quantile,159.946992707704
ILI incidence,HU,2026-10-07,2026-10-04,0.55,1,quantile,168.579658486732
ILI incidence,HU,2026-10-07,2026-10-04,0.6,1,quantile,175.436969264679
ILI incidence,HU,2026-10-07,2026-10-04,0.65,1,quantile,182.510498185687
ILI incidence,HU,2026-10-07,2026-10-04,0.7,1,quantile,195.514795355435
ILI incidence,HU,2026-10-07,2026-10-04,0.75,1,quantile,210.347192667839
ILI incidence,HU,2026-10-07,2026-10-04,0.8,1,quantile,226.252659039431
ILI incidence,HU,2026-10-07,2026-10-04,0.85,1,quantile,249.20854011294
ILI incidence,HU,2026-10-07,2026-10-04,0.9,1,quantile,269.123272196963
ILI incidence,HU,2026-10-07,2026-10-04,0.95,1,quantile,316.305568185087
ILI incidence,HU,2026-10-07,2026-10-04,0.975,1,quantile,369.385853878571
ILI incidence,HU,2026-10-07,2026-10-04,0.99,1,quantile,412.135056300169
ILI incidence,HU,2026-10-07,2026-10-11,0.01,2,quantile,54.6893551742427
ILI incidence,HU,2026-10-07,2026-10-11,0.025,2,quantile,64.8914810129868
ILI incidence,HU,2026-10-07,2026-10-11,0.05,2,quantile,79.6386622071327
ILI incidence,HU,2026-10-07,2026-10-11,0.1,2,quantile,94.2502917045247
ILI incidence,HU,2026-10-07,2026-10-11,0.15,2,quantile,107.392717221541
ILI incidence,HU,2026-10-07,2026-10-11,0.2,2,quantile,116.282498072603
ILI incidence,HU,2026-10-07,2026-10-11,0.25,2,quantile,126.393383835448
ILI incidence,HU,2026-10-07,2026-10-11,0.3,2,quantile,135.78251195104
ILI incidence,HU,2026-10-07,2026-10-11,0.35,2,quantile,144.567111574544
ILI incidence,HU,2026-10-07,2026-10-11,0.4,2,quantile,156.818050200092
ILI incidence,HU,2026-10-07,2026-10-11,0.45,2,quantile,169.658312313843
ILI incidence,HU,2026-10-07,2026-10-11,0.5,2,quantile,185.070285011969
ILI incidence,HU,2026-10-07,2026-10-11,0.55,2,quantile,200.985207119221
ILI incidence,HU,2026-10-07,2026-10-11,0.6,2,quantile,219.442613852788
ILI incidence,HU,2026-10-07,2026-10-11,0.65,2,quantile,234.638810819646
ILI incidence,HU,2026-10-07,2026-10-11,0.7,2,quantile,253.496656247485
ILI incidence,HU,2026-10-07,2026-10-11,0.75,2,quantile,284.377743269396
ILI incidence,HU,2026-10-07,2026-10-11,0.8,2,quantile,316.237601416351
ILI incidence,HU,2026-10-07,2026-10-11,0.85,2,quantile,357.662746284774
ILI incidence,HU,2026-10-07,2026-10-11,0.9,2,quantile,426.182865748945
ILI incidence,HU,2026-10-07,2026-10-11,0.95,2,quantile,499.117860406337
ILI incidence,HU,2026-10-07,2026-10-11,0.975,2,quantile,602.187211651641
ILI incidence,HU,2026-10-07,2026-10-11,0.99,2,quantile,700.89638522105
ILI incidence,HU,2026-10-07,2026-10-18,0.01,3,quantile,39.4635740706628
ILI incidence,HU,2026-10-07,2026-10-18,0.025,3,quantile,49.8101509083035
ILI incidence,HU,2026-10-07,2026-10-18,0.05,3,quantile,63.9045906539347
ILI incidence,HU,2026-10-07,2026-10-18,0.1,3,quantile,79.8891438927361
ILI incidence,HU,2026-10-07,2026-10-18,0.15,3,quantile,96.4306898138706
ILI incidence,HU,2026-10-07,2026-10-18,0.2,3,quantile,105.868674058372
ILI incidence,HU,2026-10-07,2026-10-18,0.25,3,quantile,118.309344235477
ILI incidence,HU,2026-10-07,2026-10-18,0.3,3,quantile,128.643856292643
ILI incidence,HU,2026-10-07,2026-10-18,0.35,3,quantile,145.223159227966
ILI incidence,HU,2026-10-07,2026-10-18,0.4,3,quantile,162.837736722826
ILI incidence,HU,2026-10-07,2026-10-18,0.45,3,quantile,183.95994368699
ILI incidence,HU,2026-10-07,2026-10-18,0.5,3,quantile,209.001651778232
ILI incidence,HU,2026-10-07,2026-10-18,0.55,3,quantile,231.097436473062
ILI incidence,HU,2026-10-07,2026-10-18,0.6,3,quantile,257.975557009515
ILI incidence,HU,2026-10-07,2026-10-18,0.65,3,quantile,281.227758283026
ILI incidence,HU,2026-10-07,2026-10-18,0.7,3,quantile,311.316432514136
ILI incidence,HU,2026-10-07,2026-10-18,0.75,3,quantile,359.248536573394
ILI incidence,HU,2026-10-07,2026-10-18,0.8,3,quantile,404.711758732643
ILI incidence,HU,2026-10-07,2026-10-18,0.85,3,quantile,473.534622228131
ILI incidence,HU,2026-10-07,2026-10-18,0.9,3,quantile,569.99449784777
ILI incidence,HU,2026-10-07,2026-10-18,0.95,3,quantile,727.358281215832
ILI incidence,HU,2026-10-07,2026-10-18,0.975,3,quantile,880.233183313402
ILI incidence,HU,2026-10-07,2026-10-18,0.99,3,quantile,997.370725367473
ILI incidence,HU,2026-10-07,2026-10-25,0.01,4,quantile,26.5452633688347
ILI incidence,HU,2026-10-07,2026-10-25,0.025,4,quantile,36.8322440481985
ILI incidence,HU,2026-10-07,2026-10-25,0.05,4,quantile,49.1642872228912
ILI incidence,HU,2026-10-07,2026-10-25,0.1,4,quantile,68.4875387638043
ILI incidence,HU,2026-10-07,2026-10-25,0.15,4,quantile,85.3782994604753
ILI incidence,HU,2026-10-07,2026-10-25,0.2,4,quantile,99.8544240713376
ILI incidence,HU,2026-10-07,2026-10-25,0.25,4,quantile,114.05730973742
ILI incidence,HU,2026-10-07,2026-10-25,0.3,4,quantile,132.775266230886
ILI incidence,HU,2026-10-07,2026-10-25,0.35,4,quantile,148.152578395036
ILI incidence,HU,2026-10-07,2026-10-25,0.4,4,quantile,173.812404327108
ILI incidence,HU,2026-10-07,2026-10-25,0.45,4,quantile,199.035731188459
ILI incidence,HU,2026-10-07,2026-10-25,0.5,4,quantile,231.313766094596
ILI incidence,HU,2026-10-07,2026-10-25,0.55,4,quantile,260.492387614239
ILI incidence,HU,2026-10-07,2026-10-25,0.6,4,quantile,288.487678406896
ILI incidence,HU,2026-10-07,2026-10-25,0.65,4,quantile,332.066543788326
ILI incidence,HU,2026-10-07,2026-10-25,0.7,4,quantile,381.563268901821
ILI incidence,HU,2026-10-07,2026-10-25,0.75,4,quantile,438.195275610488
ILI incidence,HU,2026-10-07,2026-10-25,0.8,4,quantile,499.495232531062
ILI incidence,HU,2026-10-07,2026-10-25,0.85,4,quantile,591.635122457254
ILI incidence,HU,2026-10-07,2026-10-25,0.9,4,quantile,748.841211048145
ILI incidence,HU,2026-10-07,2026-10-25,0.95,4,quantile,918.725631700946
ILI incidence,HU,2026-10-07,2026-10-25,0.975,4,quantile,1054.04657121607
ILI incidence,HU,2026-10-07,2026-10-25,0.99,4,quantile,1256.14080567986
ILI incidence,HU,2026-10-07,2026-10-04,,1,median,159.946992707704
ILI incidence,HU,2026-10-07,2026-10-11,,2,median,185.070285011969
ILI incidence,HU,2026-10-07,2026-10-18,,3,median,209.001651778232
ILI incidence,HU,2026-10-07,2026-10-25,,4,median,231.313766094596
ILI incidence,IE,2026-10-07,2026-10-04,0.01,1,quantile,0.443496666888778
ILI incidence,IE,2026-10-07,2026-10-04,0.025,1,quantile,0.697226424219171
ILI incidence,IE,2026-10-07,2026-10-04,0.05,1,quantile,1.30293649477061
ILI incidence,IE,2026-10-07,2026-10-04,0.1,1,quantile,1.98965134070009
ILI incidence,IE,2026-10-07,2026-10-04,0.15,1,quantile,2.74393265118786
ILI incidence,IE,2026-10-07,2026-10-04,0.2,1,quantile,3.27017843690318
ILI incidence,IE,2026-10-07,2026-10-04,0.25,1,quantile,3.83687585739603
ILI incidence,IE,2026-10-07,2026-10-04,0.3,1,quantile,4.39943163446203
ILI incidence,IE,2026-10-07,2026-10-04,0.35,1,quantile,4.9442652262774
ILI incidence,IE,2026-10-07,2026-10-04,0.4,1,quantile,5.5427225445482
ILI incidence,IE,2026-10-07,2026-10-04,0.45,1,quantile,6.10247191313973
ILI incidence,IE,2026-10-07,2026-10-04,0.5,1,quantile,6.82326110289639
ILI incidence,IE,2026-10-07,2026-10-04,0.55,1,quantile,7.43061515730439
ILI incidence,IE,2026-10-07,2026-10-04,0.6,1,quantile,8.21160775471171
ILI incidence,IE,2026-10-07,2026-10-04,0.65,1,quantile,9.04656635519109
ILI incidence,IE,2026-10-07,2026-10-04,0.7,1,quantile,9.96534899282081
ILI incidence,IE,2026-10-07,2026-10-04,0.75,1,quantile,10.9425784368308
ILI incidence,IE,2026-10-07,2026-10-04,0.8,1,quantile,12.0468884704099
ILI incidence,IE,2026-10-07,2026-10-04,0.85,1,quantile,14.0144095738491
ILI incidence,IE,2026-10-07,2026-10-04,0.9,1,quantile,16.2814543645443
ILI incidence,IE,2026-10-07,2026-10-04,0.95,1,quantile,19.7564490248714
ILI incidence,IE,2026-10-07,2026-10-04,0.975,1,quantile,23.5847018245121
ILI incidence,IE,2026-10-07,2026-10-04,0.99,1,quantile,29.4518411808447
ILI incidence,IE,2026-10-07,2026-10-11,0.01,2,quantile,0.737903794682893
ILI incidence,IE,2026-10-07,2026-10-11,0.025,2,quantile,1.11462916523326
ILI incidence,IE,2026-10-07,2026-10-11,0.05,2,quantile,1.62336925043762
ILI incidence,IE,2026-10-07,2026-10-11,0.1,2,quantile,2.30675224663215
ILI incidence,IE,2026-10-07,2026-10-11,0.15,2,quantile,2.83129566646314
ILI incidence,IE,2026-10-07,2026-10-11,0.2,2,quantile,3.46576936582867
ILI incidence,IE,2026-10-07,2026-10-11,0.25,2,quantile,4.26531938231137
ILI incidence,IE,2026-10-07,2026-10-11,0.3,2,quantile,4.84799696307419
ILI incidence,IE,2026-10-07,2026-10-11,0.35,2,quantile,5.42521676560153
ILI incidence,IE,2026-10-07,2026-10-11,0.4,2,quantile,6.16339874704386
ILI incidence,IE,2026-10-07,2026-10-11,0.45,2,quantile,6.86926338626442
ILI incidence,IE,2026-10-07,2026-10-11,0.5,2,quantile,7.91055784661917
ILI incidence,IE,2026-10-07,2026-10-11,0.55,2,quantile,8.72071038869409
ILI incidence,IE,2026-10-07,2026-10-11,0.6,2,quantile,9.88115415400251
ILI incidence,IE,2026-10-07,2026-10-11,0.65,2,quantile,11.2503308339322
ILI incidence,IE,2026-10-07,2026-10-11,0.7,2,quantile,12.7215874458183
ILI incidence,IE,2026-10-07,2026-10-11,0.75,2,quantile,14.5290284462629
ILI incidence,IE,2026-10-07,2026-10-11,0.8,2,quantile,16.8561352134572
ILI incidence,IE,2026-10-07,2026-10-11,0.85,2,quantile,20.1319725771878
ILI incidence,IE,2026-10-07,2026-10-11,0.9,2,quantile,24.4902587914143
ILI incidence,IE,2026-10-07,2026-10-11,0.95,2,quantile,32.929105813254
ILI incidence,IE,2026-10-07,2026-10-11,0.975,2,quantile,41.7780636897963
ILI incidence,IE,2026-10-07,2026-10-11,0.99,2,quantile,53.8025724505488
ILI incidence,IE,2026-10-07,2026-10-18,0.01,3,quantile,0.543668999758799
ILI incidence,IE,2026-10-07,2026-10-18,0.025,3,quantile,0.910208031116432
ILI incidence,IE,2026-10-07,2026-10-18,0.05,3,quantile,1.41313711647448
ILI incidence,IE,2026-10-07,2026-10-18,0.1,3,quantile,2.22167656187254
ILI incidence,IE,2026-10-07,2026-10-18,0.15,3,quantile,3.04398425710916
ILI incidence,IE,2026-10-07,2026-10-18,0.2,3,quantile,3.62783085220626
ILI incidence,IE,2026-10-07,2026-10-18,0.25,3,quantile,4.52472470419863
ILI incidence,IE,2026-10-07,2026-10-18,0.3,3,quantile,5.14354254400367
ILI incidence,IE,2026-10-07,2026-10-18,0.35,3,quantile,6.14809265246868
ILI incidence,IE,2026-10-07,2026-10-18,0.4,3,quantile,7.15346563849928
ILI incidence,IE,2026-10-07,2026-10-18,0.45,3,quantile,7.97634674525303
ILI incidence,IE,2026-10-07,2026-10-18,0.5,3,quantile,9.07236994861349
ILI incidence,IE,2026-10-07,2026-10-18,0.55,3,quantile,10.5935531338287
ILI incidence,IE,2026-10-07,2026-10-18,0.6,3,quantile,11.9261689555948
ILI incidence,IE,2026-10-07,2026-10-18,0.65,3,quantile,13.5920314861303
ILI incidence,IE,2026-10-07,2026-10-18,0.7,3,quantile,15.6466460726146
ILI incidence,IE,2026-10-07,2026-10-18,0.75,3,quantile,18.1058022285571
ILI incidence,IE,2026-10-07,2026-10-18,0.8,3,quantile,22.056809798126
ILI incidence,IE,2026-10-07,2026-10-18,0.85,3,quantile,27.8592165850282
ILI incidence,IE,2026-10-07,2026-10-18,0.9,3,quantile,36.03987529216
ILI incidence,IE,2026-10-07,2026-10-18,0.95,3,quantile,49.1949358049111
ILI incidence,IE,2026-10-07,2026-10-18,0.975,3,quantile,59.2920888460501
ILI incidence,IE,2026-10-07,2026-10-18,0.99,3,quantile,79.7505949542346
ILI incidence,IE,2026-10-07,2026-10-25,0.01,4,quantile,0.682666332497463
ILI incidence,IE,2026-10-07,2026-10-25,0.025,4,quantile,0.974434577272274
ILI incidence,IE,2026-10-07,2026-10-25,0.05,4,quantile,1.28745213475114
ILI incidence,IE,2026-10-07,2026-10-25,0.1,4,quantile,2.17184306307468
ILI incidence,IE,2026-10-07,2026-10-25,0.15,4,quantile,2.919869175787
ILI incidence,IE,2026-10-07,2026-10-25,0.2,4,quantile,3.68827408012915
ILI incidence,IE,2026-10-07,2026-10-25,0.25,4,quantile,4.73823423989308
ILI incidence,IE,2026-10-07,2026-10-25,0.3,4,quantile,5.84222268279834
ILI incidence,IE,2026-10-07,2026-10-25,0.35,4,quantile,6.87349215875081
ILI incidence,IE,2026-10-07,2026-10-25,0.4,4,quantile,8.05177212830882
ILI incidence,IE,2026-10-07,2026-10-25,0.45,4,quantile,9.30546353591874
ILI incidence,IE,2026-10-07,2026-10-25,0.5,4,quantile,10.3069708965593
ILI incidence,IE,2026-10-07,2026-10-25,0.55,4,quantile,12.0123757778557
ILI incidence,IE,2026-10-07,2026-10-25,0.6,4,quantile,13.7417987443131
ILI incidence,IE,2026-10-07,2026-10-25,0.65,4,quantile,15.5524969462172
ILI incidence,IE,2026-10-07,2026-10-25,0.7,4,quantile,18.566206324309
ILI incidence,IE,2026-10-07,2026-10-25,0.75,4,quantile,23.2511611973285
ILI incidence,IE,2026-10-07,2026-10-25,0.8,4,quantile,28.6098780506322
ILI incidence,IE,2026-10-07,2026-10-25,0.85,4,quantile,36.0720857048312
ILI incidence,IE,2026-10-07,2026-10-25,0.9,4,quantile,46.3406632049311
ILI incidence,IE,2026-10-07,2026-10-25,0.95,4,quantile,64.9797905146662
ILI incidence,IE,2026-10-07,2026-10-25,0.975,4,quantile,80.0415477989248
ILI incidence,IE,2026-10-07,2026-10-25,0.99,4,quantile,101.651371341358
ILI incidence,IE,2026-10-07,2026-10-04,,1,median,6.82326110289639
ILI incidence,IE,2026-10-07,2026-10-11,,2,median,7.91055784661917
ILI incidence,IE,2026-10-07,2026-10-18,,3,median,9.07236994861349
ILI incidence,IE,2026-10-07,2026-10-25,,4,median,10.3069708965593
ILI incidence,IS,2026-10-07,2026-10-04,0.01,1,quantile,1.14072920479373
ILI incidence,IS,2026-10-07,2026-10-04,0.025,1,quantile,1.15043073582472
ILI incidence,IS,2026-10-07,2026-10-04,0.05,1,quantile,1.15043073582472
ILI incidence,IS,2026-10-07,2026-10-04,0.1,1,quantile,1.15043073582472
ILI incidence,IS,2026-10-07,2026-10-04,0.15,1,quantile,1.15043073582472
ILI incidence,IS,2026-10-07,2026-10-04,0.2,1,quantile,1.15084784923197
ILI incidence,IS,2026-10-07,2026-10-04,0.25,1,quantile,1.22631352059744
ILI incidence,IS,2026-10-07,2026-10-04,0.3,1,quantile,1.32576750822218
ILI incidence,IS,2026-10-07,2026-10-04,0.35,1,quantile,1.41643487869221
ILI incidence,IS,2026-10-07,2026-10-04,0.4,1,quantile,1.54285207108327
ILI incidence,IS,2026-10-07,2026-10-04,0.45,1,quantile,1.6636342743312
ILI incidence,IS,2026-10-07,2026-10-04,0.5,1,quantile,1.81954373488315
ILI incidence,IS,2026-10-07,2026-10-04,0.55,1,quantile,2.07425881876526
ILI incidence,IS,2026-10-07,2026-10-04,0.6,1,quantile,2.41155238121733
ILI incidence,IS,2026-10-07,2026-10-04,0.65,1,quantile,2.95171574975952
ILI incidence,IS,2026-10-07,2026-10-04,0.7,1,quantile,3.62680382088704
ILI incidence,IS,2026-10-07,2026-10-04,0.75,1,quantile,4.47972147344636
ILI incidence,IS,2026-10-07,2026-10-04,0.8,1,quantile,5.89875726590122
ILI incidence,IS,2026-10-07,2026-10-04,0.85,1,quantile,7.73345650240317
ILI incidence,IS,2026-10-07,2026-10-04,0.9,1,quantile,10.2280366348729
ILI incidence,IS,2026-10-07,2026-10-04,0.95,1,quantile,14.6736402039551
ILI incidence,IS,2026-10-07,2026-10-04,0.975,1,quantile,20.2310524816595
ILI incidence,IS,2026-10-07,2026-10-04,0.99,1,quantile,24.9153973432811
ILI incidence,IS,2026-10-07,2026-10-11,0.01,2,quantile,1.17193910895179
ILI incidence,IS,2026-10-07,2026-10-11,0.025,2,quantile,1.17193910895179
ILI incidence,IS,2026-10-07,2026-10-11,0.05,2,quantile,1.17193910895179
ILI incidence,IS,2026-10-07,2026-10-11,0.1,2,quantile,1.17193910895179
ILI incidence,IS,2026-10-07,2026-10-11,0.15,2,quantile,1.17193910895179
ILI incidence,IS,2026-10-07,2026-10-11,0.2,2,quantile,1.17193910895179
ILI incidence,IS,2026-10-07,2026-10-11,0.25,2,quantile,1.26036292650615
ILI incidence,IS,2026-10-07,2026-10-11,0.3,2,quantile,1.35261600992258
ILI incidence,IS,2026-10-07,2026-10-11,0.35,2,quantile,1.47637374125535
ILI incidence,IS,2026-10-07,2026-10-11,0.4,2,quantile,1.63303305401576
ILI incidence,IS,2026-10-07,2026-10-11,0.45,2,quantile,1.83343604732201
ILI incidence,IS,2026-10-07,2026-10-11,0.5,2,quantile,2.09004276162708
ILI incidence,IS,2026-10-07,2026-10-11,0.55,2,quantile,2.42614457107077
ILI incidence,IS,2026-10-07,2026-10-11,0.6,2,quantile,2.89545450312732
ILI incidence,IS,2026-10-07,2026-10-11,0.65,2,quantile,3.53856195444418
ILI incidence,IS,2026-10-07,2026-10-11,0.7,2,quantile,4.61610947059273
ILI incidence,IS,2026-10-07,2026-10-11,0.75,2,quantile,5.72239302196209
ILI incidence,IS,2026-10-07,2026-10-11,0.8,2,quantile,8.03494565366106
ILI incidence,IS,2026-10-07,2026-10-11,0.85,2,quantile,11.5444608370218
ILI incidence,IS,2026-10-07,2026-10-11,0.9,2,quantile,16.1134491969018
ILI incidence,IS,2026-10-07,2026-10-11,0.95,2,quantile,24.5489657220961
ILI incidence,IS,2026-10-07,2026-10-11,0.975,2,quantile,34.7796315279427
ILI incidence,IS,2026-10-07,2026-10-11,0.99,2,quantile,54.6051157744924
ILI incidence,IS,2026-10-07,2026-10-18,0.01,3,quantile,1.35619657699149
ILI incidence,IS,2026-10-07,2026-10-18,0.025,3,quantile,1.35619657699149
ILI incidence,IS,2026-10-07,2026-10-18,0.05,3,quantile,1.35619657699149
ILI incidence,IS,2026-10-07,2026-10-18,0.1,3,quantile,1.35619657699149
ILI incidence,IS,2026-10-07,2026-10-18,0.15,3,quantile,1.35619657699149
ILI incidence,IS,2026-10-07,2026-10-18,0.2,3,quantile,1.38875079940495
ILI incidence,IS,2026-10-07,2026-10-18,0.25,3,quantile,1.46575116258031
ILI incidence,IS,2026-10-07,2026-10-18,0.3,3,quantile,1.59095341633199
ILI incidence,IS,2026-10-07,2026-10-18,0.35,3,quantile,1.7111669428955
ILI incidence,IS,2026-10-07,2026-10-18,0.4,3,quantile,1.85279075881659
ILI incidence,IS,2026-10-07,2026-10-18,0.45,3,quantile,2.0688170055434
ILI incidence,IS,2026-10-07,2026-10-18,0.5,3,quantile,2.39439767551193
ILI incidence,IS,2026-10-07,2026-10-18,0.55,3,quantile,2.90190144472542
ILI incidence,IS,2026-10-07,2026-10-18,0.6,3,quantile,3.50298021228052
ILI incidence,IS,2026-10-07,2026-10-18,0.65,3,quantile,4.68130297467135
ILI incidence,IS,2026-10-07,2026-10-18,0.7,3,quantile,6.21448944208124
ILI incidence,IS,2026-10-07,2026-10-18,0.75,3,quantile,8.43898844271019
ILI incidence,IS,2026-10-07,2026-10-18,0.8,3,quantile,11.5559986164259
ILI incidence,IS,2026-10-07,2026-10-18,0.85,3,quantile,16.3302003633738
ILI incidence,IS,2026-10-07,2026-10-18,0.9,3,quantile,22.6723021872377
ILI incidence,IS,2026-10-07,2026-10-18,0.95,3,quantile,35.1991120136536
ILI incidence,IS,2026-10-07,2026-10-18,0.975,3,quantile,49.8360663547035
ILI incidence,IS,2026-10-07,2026-10-18,0.99,3,quantile,80.3983318062896
ILI incidence,IS,2026-10-07,2026-10-25,0.01,4,quantile,1.34830500991514
ILI incidence,IS,2026-10-07,2026-10-25,0.025,4,quantile,1.34830500991514
ILI incidence,IS,2026-10-07,2026-10-25,0.05,4,quantile,1.34830500991514
ILI incidence,IS,2026-10-07,2026-10-25,0.1,4,quantile,1.34830500991514
ILI incidence,IS,2026-10-07,2026-10-25,0.15,4,quantile,1.34830500991514
ILI incidence,IS,2026-10-07,2026-10-25,0.2,4,quantile,1.40387523678129
ILI incidence,IS,2026-10-07,2026-10-25,0.25,4,quantile,1.51370820944492
ILI incidence,IS,2026-10-07,2026-10-25,0.3,4,quantile,1.64998633887122
ILI incidence,IS,2026-10-07,2026-10-25,0.35,4,quantile,1.80264943197535
ILI incidence,IS,2026-10-07,2026-10-25,0.4,4,quantile,1.98874810945158
ILI incidence,IS,2026-10-07,2026-10-25,0.45,4,quantile,2.27741055621502
ILI incidence,IS,2026-10-07,2026-10-25,0.5,4,quantile,2.73532823901305
ILI incidence,IS,2026-10-07,2026-10-25,0.55,4,quantile,3.41314160868255
ILI incidence,IS,2026-10-07,2026-10-25,0.6,4,quantile,4.2395368488083
ILI incidence,IS,2026-10-07,2026-10-25,0.65,4,quantile,5.23064227665597
ILI incidence,IS,2026-10-07,2026-10-25,0.7,4,quantile,7.22042874417892
ILI incidence,IS,2026-10-07,2026-10-25,0.75,4,quantile,9.24072031027576
ILI incidence,IS,2026-10-07,2026-10-25,0.8,4,quantile,13.0651602181876
ILI incidence,IS,2026-10-07,2026-10-25,0.85,4,quantile,20.652534827754
ILI incidence,IS,2026-10-07,2026-10-25,0.9,4,quantile,29.4048869747355
ILI incidence,IS,2026-10-07,2026-10-25,0.95,4,quantile,45.6998703166514
ILI incidence,IS,2026-10-07,2026-10-25,0.975,4,quantile,61.5133935242187
ILI incidence,IS,2026-10-07,2026-10-25,0.99,4,quantile,80.1881884295713
ILI incidence,IS,2026-10-07,2026-10-04,,1,median,1.81954373488315
ILI incidence,IS,2026-10-07,2026-10-11,,2,median,2.09004276162708
ILI incidence,IS,2026-10-07,2026-10-18,,3,median,2.39439767551193
ILI incidence,IS,2026-10-07,2026-10-25,,4,median,2.73532823901305
ILI incidence,LT,2026-10-07,2026-10-04,0.01,1,quantile,0
ILI incidence,LT,2026-10-07,2026-10-04,0.025,1,quantile,0
ILI incidence,LT,2026-10-07,2026-10-04,0.05,1,quantile,0
ILI incidence,LT,2026-10-07,2026-10-04,0.1,1,quantile,0
ILI incidence,LT,2026-10-07,2026-10-04,0.15,1,quantile,0
ILI incidence,LT,2026-10-07,2026-10-04,0.2,1,quantile,0
ILI incidence,LT,2026-10-07,2026-10-04,0.25,1,quantile,0
ILI incidence,LT,2026-10-07,2026-10-04,0.3,1,quantile,0
ILI incidence,LT,2026-10-07,2026-10-04,0.35,1,quantile,0.111462634131904
ILI incidence,LT,2026-10-07,2026-10-04,0.4,1,quantile,1.10368017931865
ILI incidence,LT,2026-10-07,2026-10-04,0.45,1,quantile,2.28612213782191
ILI incidence,LT,2026-10-07,2026-10-04,0.5,1,quantile,3.38359432799333
ILI incidence,LT,2026-10-07,2026-10-04,0.55,1,quantile,4.60686026624678
ILI incidence,LT,2026-10-07,2026-10-04,0.6,1,quantile,5.97614123770038
ILI incidence,LT,2026-10-07,2026-10-04,0.65,1,quantile,7.75820850631782
ILI incidence,LT,2026-10-07,2026-10-04,0.7,1,quantile,9.6054648971373
ILI incidence,LT,2026-10-07,2026-10-04,0.75,1,quantile,11.323342609306
ILI incidence,LT,2026-10-07,2026-10-04,0.8,1,quantile,13.8875453708688
ILI incidence,LT,2026-10-07,2026-10-04,0.85,1,quantile,17.1592013536599
ILI incidence,LT,2026-10-07,2026-10-04,0.9,1,quantile,21.0328271937899
ILI incidence,LT,2026-10-07,2026-10-04,0.95,1,quantile,30.7848295739321
ILI incidence,LT,2026-10-07,2026-10-04,0.975,1,quantile,41.0534893635506
ILI incidence,LT,2026-10-07,2026-10-04,0.99,1,quantile,61.0443155579969
ILI incidence,LT,2026-10-07,2026-10-11,0.01,2,quantile,0
ILI incidence,LT,2026-10-07,2026-10-11,0.025,2,quantile,0
ILI incidence,LT,2026-10-07,2026-10-11,0.05,2,quantile,0
ILI incidence,LT,2026-10-07,2026-10-11,0.1,2,quantile,0
ILI incidence,LT,2026-10-07,2026-10-11,0.15,2,quantile,0
ILI incidence,LT,2026-10-07,2026-10-11,0.2,2,quantile,0
ILI incidence,LT,2026-10-07,2026-10-11,0.25,2,quantile,0
ILI incidence,LT,2026-10-07,2026-10-11,0.3,2,quantile,0
ILI incidence,LT,2026-10-07,2026-10-11,0.35,2,quantile,0
ILI incidence,LT,2026-10-07,2026-10-11,0.4,2,quantile,0.391204814634632
ILI incidence,LT,2026-10-07,2026-10-11,0.45,2,quantile,2.15946561286681
ILI incidence,LT,2026-10-07,2026-10-11,0.5,2,quantile,3.89027929327669
ILI incidence,LT,2026-10-07,2026-10-11,0.55,2,quantile,5.56388777566089
ILI incidence,LT,2026-10-07,2026-10-11,0.6,2,quantile,8.02288869737853
ILI incidence,LT,2026-10-07,2026-10-11,0.65,2,quantile,10.6065553025097
ILI incidence,LT,2026-10-07,2026-10-11,0.7,2,quantile,14.1952234938786
ILI incidence,LT,2026-10-07,2026-10-11,0.75,2,quantile,18.9727979135451
ILI incidence,LT,2026-10-07,2026-10-11,0.8,2,quantile,24.4602909138288
ILI incidence,LT,2026-10-07,2026-10-11,0.85,2,quantile,33.0978980686822
ILI incidence,LT,2026-10-07,2026-10-11,0.9,2,quantile,42.8376524572375
ILI incidence,LT,2026-10-07,2026-10-11,0.95,2,quantile,68.8860018143671
ILI incidence,LT,2026-10-07,2026-10-11,0.975,2,quantile,96.7156200805492
ILI incidence,LT,2026-10-07,2026-10-11,0.99,2,quantile,127.836384990058
ILI incidence,LT,2026-10-07,2026-10-18,0.01,3,quantile,0
ILI incidence,LT,2026-10-07,2026-10-18,0.025,3,quantile,0
ILI incidence,LT,2026-10-07,2026-10-18,0.05,3,quantile,0
ILI incidence,LT,2026-10-07,2026-10-18,0.1,3,quantile,0
ILI incidence,LT,2026-10-07,2026-10-18,0.15,3,quantile,0
ILI incidence,LT,2026-10-07,2026-10-18,0.2,3,quantile,0
ILI incidence,LT,2026-10-07,2026-10-18,0.25,3,quantile,0
ILI incidence,LT,2026-10-07,2026-10-18,0.3,3,quantile,0
ILI incidence,LT,2026-10-07,2026-10-18,0.35,3,quantile,0
ILI incidence,LT,2026-10-07,2026-10-18,0.4,3,quantile,0
ILI incidence,LT,2026-10-07,2026-10-18,0.45,3,quantile,2.03901356967388
ILI incidence,LT,2026-10-07,2026-10-18,0.5,3,quantile,4.47964296482001
ILI incidence,LT,2026-10-07,2026-10-18,0.55,3,quantile,8.00393540049889
ILI incidence,LT,2026-10-07,2026-10-18,0.6,3,quantile,11.3763945540261
ILI incidence,LT,2026-10-07,2026-10-18,0.65,3,quantile,14.9423812920065
ILI incidence,LT,2026-10-07,2026-10-18,0.7,3,quantile,21.2927566902935
ILI incidence,LT,2026-10-07,2026-10-18,0.75,3,quantile,27.80096407996
ILI incidence,LT,2026-10-07,2026-10-18,0.8,3,quantile,38.193894999075
ILI incidence,LT,2026-10-07,2026-10-18,0.85,3,quantile,53.4196387250764
ILI incidence,LT,2026-10-07,2026-10-18,0.9,3,quantile,71.0771308262922
ILI incidence,LT,2026-10-07,2026-10-18,0.95,3,quantile,111.629429832258
ILI incidence,LT,2026-10-07,2026-10-18,0.975,3,quantile,151.422234976165
ILI incidence,LT,2026-10-07,2026-10-18,0.99,3,quantile,218.958610023217
ILI incidence,LT,2026-10-07,2026-10-25,0.01,4,quantile,0
ILI incidence,LT,2026-10-07,2026-10-25,0.025,4,quantile,0
ILI incidence,LT,2026-10-07,2026-10-25,0.05,4,quantile,0
ILI incidence,LT,2026-10-07,2026-10-25,0.1,4,quantile,0
ILI incidence,LT,2026-10-07,2026-10-25,0.15,4,quantile,0
ILI incidence,LT,2026-10-07,2026-10-25,0.2,4,quantile,0
ILI incidence,LT,2026-10-07,2026-10-25,0.25,4,quantile,0
ILI incidence,LT,2026-10-07,2026-10-25,0.3,4,quantile,0
ILI incidence,LT,2026-10-07,2026-10-25,0.35,4,quantile,0
ILI incidence,LT,2026-10-07,2026-10-25,0.4,4,quantile,0
ILI incidence,LT,2026-10-07,2026-10-25,0.45,4,quantile,1.83624730982343
ILI incidence,LT,2026-10-07,2026-10-25,0.5,4,quantile,5.16486402725561
ILI incidence,LT,2026-10-07,2026-10-25,0.55,4,quantile,9.00732709536452
ILI incidence,LT,2026-10-07,2026-10-25,0.6,4,quantile,14.2432179428986
ILI incidence,LT,2026-10-07,2026-10-25,0.65,4,quantile,19.9672820509636
ILI incidence,LT,2026-10-07,2026-10-25,0.7,4,quantile,28.1761735190242
ILI incidence,LT,2026-10-07,2026-10-25,0.75,4,quantile,37.540020160848
ILI incidence,LT,2026-10-07,2026-10-25,0.8,4,quantile,52.9319668267408
ILI incidence,LT,2026-10-07,2026-10-25,0.85,4,quantile,71.9786693450005
ILI incidence,LT,2026-10-07,2026-10-25,0.9,4,quantile,102.826860426269
ILI incidence,LT,2026-10-07,2026-10-25,0.95,4,quantile,150.352299225595
ILI incidence,LT,2026-10-07,2026-10-25,0.975,4,quantile,206.457021073944
ILI incidence,LT,2026-10-07,2026-10-25,0.99,4,quantile,300.930660355673
ILI incidence,LT,2026-10-07,2026-10-04,,1,median,3.38359432799333
ILI incidence,LT,2026-10-07,2026-10-11,,2,median,3.89027929327669
ILI incidence,LT,2026-10-07,2026-10-18,,3,median,4.47964296482001
ILI incidence,LT,2026-10-07,2026-10-25,,4,median,5.16486402725561
ILI incidence,LU,2026-10-07,2026-10-04,0.01,1,quantile,0
ILI incidence,LU,2026-10-07,2026-10-04,0.025,1,quantile,0
ILI incidence,LU,2026-10-07,2026-10-04,0.05,1,quantile,0
ILI incidence,LU,2026-10-07,2026-10-04,0.1,1,quantile,0
ILI incidence,LU,2026-10-07,2026-10-04,0.15,1,quantile,0
ILI incidence,LU,2026-10-07,2026-10-04,0.2,1,quantile,0
ILI incidence,LU,2026-10-07,2026-10-04,0.25,1,quantile,0
ILI incidence,LU,2026-10-07,2026-10-04,0.3,1,quantile,0
ILI incidence,LU,2026-10-07,2026-10-04,0.35,1,quantile,0
ILI incidence,LU,2026-10-07,2026-10-04,0.4,1,quantile,0
ILI incidence,LU,2026-10-07,2026-10-04,0.45,1,quantile,0
ILI incidence,LU,2026-10-07,2026-10-04,0.5,1,quantile,2.3704669150011
ILI incidence,LU,2026-10-07,2026-10-04,0.55,1,quantile,41.1341531216807
ILI incidence,LU,2026-10-07,2026-10-04,0.6,1,quantile,86.5053769305391
ILI incidence,LU,2026-10-07,2026-10-04,0.65,1,quantile,143.799836627521
ILI incidence,LU,2026-10-07,2026-10-04,0.7,1,quantile,203.979162755776
ILI incidence,LU,2026-10-07,2026-10-04,0.75,1,quantile,277.487123331464
ILI incidence,LU,2026-10-07,2026-10-04,0.8,1,quantile,389.37840221157
ILI incidence,LU,2026-10-07,2026-10-04,0.85,1,quantile,530.373676492401
ILI incidence,LU,2026-10-07,2026-10-04,0.9,1,quantile,754.899292089552
ILI incidence,LU,2026-10-07,2026-10-04,0.95,1,quantile,1207.73607138179
ILI incidence,LU,2026-10-07,2026-10-04,0.975,1,quantile,1854.69858438474
ILI incidence,LU,2026-10-07,2026-10-04,0.99,1,quantile,2991.91613493855
ILI incidence,LU,2026-10-07,2026-10-11,0.01,2,quantile,0
ILI incidence,LU,2026-10-07,2026-10-11,0.025,2,quantile,0
ILI incidence,LU,2026-10-07,2026-10-11,0.05,2,quantile,0
ILI incidence,LU,2026-10-07,2026-10-11,0.1,2,quantile,0
ILI incidence,LU,2026-10-07,2026-10-11,0.15,2,quantile,0
ILI incidence,LU,2026-10-07,2026-10-11,0.2,2,quantile,0
ILI incidence,LU,2026-10-07,2026-10-11,0.25,2,quantile,0
ILI incidence,LU,2026-10-07,2026-10-11,0.3,2,quantile,0
ILI incidence,LU,2026-10-07,2026-10-11,0.35,2,quantile,0
ILI incidence,LU,2026-10-07,2026-10-11,0.4,2,quantile,0
ILI incidence,LU,2026-10-07,2026-10-11,0.45,2,quantile,0
ILI incidence,LU,2026-10-07,2026-10-11,0.5,2,quantile,2.58555703355269
ILI incidence,LU,2026-10-07,2026-10-11,0.55,2,quantile,47.3037366433366
ILI incidence,LU,2026-10-07,2026-10-11,0.6,2,quantile,110.719719084674
ILI incidence,LU,2026-10-07,2026-10-11,0.65,2,quantile,208.284096424629
ILI incidence,LU,2026-10-07,2026-10-11,0.7,2,quantile,321.881024884591
ILI incidence,LU,2026-10-07,2026-10-11,0.75,2,quantile,476.689889373783
ILI incidence,LU,2026-10-07,2026-10-11,0.8,2,quantile,744.999826170005
ILI incidence,LU,2026-10-07,2026-10-11,0.85,2,quantile,1220.09788049329
ILI incidence,LU,2026-10-07,2026-10-11,0.9,2,quantile,1877.89217407016
ILI incidence,LU,2026-10-07,2026-10-11,0.95,2,quantile,3277.15630752276
ILI incidence,LU,2026-10-07,2026-10-11,0.975,2,quantile,4808.19778846687
ILI incidence,LU,2026-10-07,2026-10-11,0.99,2,quantile,7698.28224955868
ILI incidence,LU,2026-10-07,2026-10-18,0.01,3,quantile,0
ILI incidence,LU,2026-10-07,2026-10-18,0.025,3,quantile,0
ILI incidence,LU,2026-10-07,2026-10-18,0.05,3,quantile,0
ILI incidence,LU,2026-10-07,2026-10-18,0.1,3,quantile,0
ILI incidence,LU,2026-10-07,2026-10-18,0.15,3,quantile,0
ILI incidence,LU,2026-10-07,2026-10-18,0.2,3,quantile,0
ILI incidence,LU,2026-10-07,2026-10-18,0.25,3,quantile,0
ILI incidence,LU,2026-10-07,2026-10-18,0.3,3,quantile,0
ILI incidence,LU,2026-10-07,2026-10-18,0.35,3,quantile,0
ILI incidence,LU,2026-10-07,2026-10-18,0.4,3,quantile,0
ILI incidence,LU,2026-10-07,2026-10-18,0.45,3,quantile,0
ILI incidence,LU,2026-10-07,2026-10-18,0.5,3,quantile,2.85251247604179
ILI incidence,LU,2026-10-07,2026-10-18,0.55,3,quantile,97.372164663721
ILI incidence,LU,2026-10-07,2026-10-18,0.6,3,quantile,219.456626922687
ILI incidence,LU,2026-10-07,2026-10-18,0.65,3,quantile,341.72038430693
ILI incidence,LU,2026-10-07,2026-10-18,0.7,3,quantile,563.574599645394
ILI incidence,LU,2026-10-07,2026-10-18,0.75,3,quantile,833.601087283557
ILI incidence,LU,2026-10-07,2026-10-18,0.8,3,quantile,1219.25663976311
ILI incidence,LU,2026-10-07,2026-10-18,0.85,3,quantile,1989.57783087043
ILI incidence,LU,2026-10-07,2026-10-18,0.9,3,quantile,3318.25461600187
ILI incidence,LU,2026-10-07,2026-10-18,0.95,3,quantile,5693.09756955134
ILI incidence,LU,2026-10-07,2026-10-18,0.975,3,quantile,8853.46293632036
ILI incidence,LU,2026-10-07,2026-10-18,0.99,3,quantile,13422.6567919089
ILI incidence,LU,2026-10-07,2026-10-25,0.01,4,quantile,0
ILI incidence,LU,2026-10-07,2026-10-25,0.025,4,quantile,0
ILI incidence,LU,2026-10-07,2026-10-25,0.05,4,quantile,0
ILI incidence,LU,2026-10-07,2026-10-25,0.1,4,quantile,0
ILI incidence,LU,2026-10-07,2026-10-25,0.15,4,quantile,0
ILI incidence,LU,2026-10-07,2026-10-25,0.2,4,quantile,0
ILI incidence,LU,2026-10-07,2026-10-25,0.25,4,quantile,0
ILI incidence,LU,2026-10-07,2026-10-25,0.3,4,quantile,0
ILI incidence,LU,2026-10-07,2026-10-25,0.35,4,quantile,0
ILI incidence,LU,2026-10-07,2026-10-25,0.4,4,quantile,0
ILI incidence,LU,2026-10-07,2026-10-25,0.45,4,quantile,0
ILI incidence,LU,2026-10-07,2026-10-25,0.5,4,quantile,3.17582563518775
ILI incidence,LU,2026-10-07,2026-10-25,0.55,4,quantile,121.288368394012
ILI incidence,LU,2026-10-07,2026-10-25,0.6,4,quantile,261.948913886335
ILI incidence,LU,2026-10-07,2026-10-25,0.65,4,quantile,440.118508265028
ILI incidence,LU,2026-10-07,2026-10-25,0.7,4,quantile,700.853527466918
ILI incidence,LU,2026-10-07,2026-10-25,0.75,4,quantile,1147.09309467017
ILI incidence,LU,2026-10-07,2026-10-25,0.8,4,quantile,1754.08731021843
ILI incidence,LU,2026-10-07,2026-10-25,0.85,4,quantile,2582.3341255828
ILI incidence,LU,2026-10-07,2026-10-25,0.9,4,quantile,4757.60150124851
ILI incidence,LU,2026-10-07,2026-10-25,0.95,4,quantile,8013.38650322411
ILI incidence,LU,2026-10-07,2026-10-25,0.975,4,quantile,12861.498947135
ILI incidence,LU,2026-10-07,2026-10-25,0.99,4,quantile,17460.2145820033
ILI incidence,LU,2026-10-07,2026-10-04,,1,median,2.3704669150011
ILI incidence,LU,2026-10-07,2026-10-11,,2,median,2.58555703355269
ILI incidence,LU,2026-10-07,2026-10-18,,3,median,2.85251247604179
ILI incidence,LU,2026-10-07,2026-10-25,,4,median,3.17582563518775
ILI incidence,MT,2026-10-07,2026-10-04,0.01,1,quantile,672.528392136928
ILI incidence,MT,2026-10-07,2026-10-04,0.025,1,quantile,708.298681913776
ILI incidence,MT,2026-10-07,2026-10-04,0.05,1,quantile,902.768228004107
ILI incidence,MT,2026-10-07,2026-10-04,0.1,1,quantile,1475.05047446982
ILI incidence,MT,2026-10-07,2026-10-04,0.15,1,quantile,1912.14992456138
ILI incidence,MT,2026-10-07,2026-10-04,0.2,1,quantile,2382.51820566545
ILI incidence,MT,2026-10-07,2026-10-04,0.25,1,quantile,2813.55451141971
ILI incidence,MT,2026-10-07,2026-10-04,0.3,1,quantile,3225.64547289145
ILI incidence,MT,2026-10-07,2026-10-04,0.35,1,quantile,3615.15885167465
ILI incidence,MT,2026-10-07,2026-10-04,0.4,1,quantile,4035.18039919054
ILI incidence,MT,2026-10-07,2026-10-04,0.45,1,quantile,4466.60442502134
ILI incidence,MT,2026-10-07,2026-10-04,0.5,1,quantile,4949.59648366788
ILI incidence,MT,2026-10-07,2026-10-04,0.55,1,quantile,5349.78017444608
ILI incidence,MT,2026-10-07,2026-10-04,0.6,1,quantile,5824.09992157845
ILI incidence,MT,2026-10-07,2026-10-04,0.65,1,quantile,6353.85354811391
ILI incidence,MT,2026-10-07,2026-10-04,0.7,1,quantile,6853.32931290291
ILI incidence,MT,2026-10-07,2026-10-04,0.75,1,quantile,7486.65840740632
ILI incidence,MT,2026-10-07,2026-10-04,0.8,1,quantile,8250.17649585516
ILI incidence,MT,2026-10-07,2026-10-04,0.85,1,quantile,8881.99067697101
ILI incidence,MT,2026-10-07,2026-10-04,0.9,1,quantile,10128.3760113431
ILI incidence,MT,2026-10-07,2026-10-04,0.95,1,quantile,12603.6174385416
ILI incidence,MT,2026-10-07,2026-10-04,0.975,1,quantile,14240.6473401551
ILI incidence,MT,2026-10-07,2026-10-04,0.99,1,quantile,16250.7608638799
ILI incidence,MT,2026-10-07,2026-10-11,0.01,2,quantile,1588.75930048798
ILI incidence,MT,2026-10-07,2026-10-11,0.025,2,quantile,1588.75930048798
ILI incidence,MT,2026-10-07,2026-10-11,0.05,2,quantile,1588.75930048798
ILI incidence,MT,2026-10-07,2026-10-11,0.1,2,quantile,1687.98349176052
ILI incidence,MT,2026-10-07,2026-10-11,0.15,2,quantile,1856.76084142897
ILI incidence,MT,2026-10-07,2026-10-11,0.2,2,quantile,2123.86217180327
ILI incidence,MT,2026-10-07,2026-10-11,0.25,2,quantile,2467.48983913635
ILI incidence,MT,2026-10-07,2026-10-11,0.3,2,quantile,2779.82416021868
ILI incidence,MT,2026-10-07,2026-10-11,0.35,2,quantile,3191.42354900011
ILI incidence,MT,2026-10-07,2026-10-11,0.4,2,quantile,3619.35005578929
ILI incidence,MT,2026-10-07,2026-10-11,0.45,2,quantile,4157.40699152752
ILI incidence,MT,2026-10-07,2026-10-11,0.5,2,quantile,4727.58555655837
ILI incidence,MT,2026-10-07,2026-10-11,0.55,2,quantile,5388.39526247565
ILI incidence,MT,2026-10-07,2026-10-11,0.6,2,quantile,6035.11856955174
ILI incidence,MT,2026-10-07,2026-10-11,0.65,2,quantile,6797.08842715478
ILI incidence,MT,2026-10-07,2026-10-11,0.7,2,quantile,7497.21247970275
ILI incidence,MT,2026-10-07,2026-10-11,0.75,2,quantile,8307.4014038598
ILI incidence,MT,2026-10-07,2026-10-11,0.8,2,quantile,9514.75624121572
ILI incidence,MT,2026-10-07,2026-10-11,0.85,2,quantile,10944.4349054699
ILI incidence,MT,2026-10-07,2026-10-11,0.9,2,quantile,13467.9079033755
ILI incidence,MT,2026-10-07,2026-10-11,0.95,2,quantile,16756.4798902842
ILI incidence,MT,2026-10-07,2026-10-11,0.975,2,quantile,20607.8161170329
ILI incidence,MT,2026-10-07,2026-10-11,0.99,2,quantile,24303.9159459595
ILI incidence,MT,2026-10-07,2026-10-18,0.01,3,quantile,2081.83069261686
ILI incidence,MT,2026-10-07,2026-10-18,0.025,3,quantile,2081.83069261686
ILI incidence,MT,2026-10-07,2026-10-18,0.05,3,quantile,2081.83069261686
ILI incidence,MT,2026-10-07,2026-10-18,0.1,3,quantile,2116.84507864565
ILI incidence,MT,2026-10-07,2026-10-18,0.15,3,quantile,2227.97060518124
ILI incidence,MT,2026-10-07,2026-10-18,0.2,3,quantile,2333.39012576558
ILI incidence,MT,2026-10-07,2026-10-18,0.25,3,quantile,2513.09509599916
ILI incidence,MT,2026-10-07,2026-10-18,0.3,3,quantile,2732.19197943936
ILI incidence,MT,2026-10-07,2026-10-18,0.35,3,quantile,3027.11232481498
ILI incidence,MT,2026-10-07,2026-10-18,0.4,3,quantile,3510.90829287806
ILI incidence,MT,2026-10-07,2026-10-18,0.45,3,quantile,3975.47078394452
ILI incidence,MT,2026-10-07,2026-10-18,0.5,3,quantile,4535.02473247768
ILI incidence,MT,2026-10-07,2026-10-18,0.55,3,quantile,5171.88762520652
ILI incidence,MT,2026-10-07,2026-10-18,0.6,3,quantile,5616.10742576748
ILI incidence,MT,2026-10-07,2026-10-18,0.65,3,quantile,6559.02901438848
ILI incidence,MT,2026-10-07,2026-10-18,0.7,3,quantile,7474.54186808516
ILI incidence,MT,2026-10-07,2026-10-18,0.75,3,quantile,8595.22500721574
ILI incidence,MT,2026-10-07,2026-10-18,0.8,3,quantile,9886.22555616285
ILI incidence,MT,2026-10-07,2026-10-18,0.85,3,quantile,12040.2903066978
ILI incidence,MT,2026-10-07,2026-10-18,0.9,3,quantile,14486.4803815704
ILI incidence,MT,2026-10-07,2026-10-18,0.95,3,quantile,19677.8577787496
ILI incidence,MT,2026-10-07,2026-10-18,0.975,3,quantile,23212.0347679421
ILI incidence,MT,2026-10-07,2026-10-18,0.99,3,quantile,26961.1048232662
ILI incidence,MT,2026-10-07,2026-10-25,0.01,4,quantile,2695.67833025683
ILI incidence,MT,2026-10-07,2026-10-25,0.025,4,quantile,2695.67833025683
ILI incidence,MT,2026-10-07,2026-10-25,0.05,4,quantile,2695.67833025683
ILI incidence,MT,2026-10-07,2026-10-25,0.1,4,quantile,2695.67833025683
ILI incidence,MT,2026-10-07,2026-10-25,0.15,4,quantile,2745.8909665755
ILI incidence,MT,2026-10-07,2026-10-25,0.2,4,quantile,2817.96688229781
ILI incidence,MT,2026-10-07,2026-10-25,0.25,4,quantile,2899.8985135631
ILI incidence,MT,2026-10-07,2026-10-25,0.3,4,quantile,3020.45717818076
ILI incidence,MT,2026-10-07,2026-10-25,0.35,4,quantile,3193.07944772364
ILI incidence,MT,2026-10-07,2026-10-25,0.4,4,quantile,3534.40213055513
ILI incidence,MT,2026-10-07,2026-10-25,0.45,4,quantile,3894.88655928531
ILI incidence,MT,2026-10-07,2026-10-25,0.5,4,quantile,4367.25134965742
ILI incidence,MT,2026-10-07,2026-10-25,0.55,4,quantile,4838.5409557574
ILI incidence,MT,2026-10-07,2026-10-25,0.6,4,quantile,5511.59546097961
ILI incidence,MT,2026-10-07,2026-10-25,0.65,4,quantile,6483.11287967446
ILI incidence,MT,2026-10-07,2026-10-25,0.7,4,quantile,7432.67847747582
ILI incidence,MT,2026-10-07,2026-10-25,0.75,4,quantile,9075.80903773157
ILI incidence,MT,2026-10-07,2026-10-25,0.8,4,quantile,11029.1645529873
ILI incidence,MT,2026-10-07,2026-10-25,0.85,4,quantile,12970.6343538953
ILI incidence,MT,2026-10-07,2026-10-25,0.9,4,quantile,16227.5514622848
ILI incidence,MT,2026-10-07,2026-10-25,0.95,4,quantile,20641.4198507776
ILI incidence,MT,2026-10-07,2026-10-25,0.975,4,quantile,26129.6356885998
ILI incidence,MT,2026-10-07,2026-10-25,0.99,4,quantile,32139.4957824735
ILI incidence,MT,2026-10-07,2026-10-04,,1,median,4949.59648366788
ILI incidence,MT,2026-10-07,2026-10-11,,2,median,4727.58555655837
ILI incidence,MT,2026-10-07,2026-10-18,,3,median,4535.02473247768
ILI incidence,MT,2026-10-07,2026-10-25,,4,median,4367.25134965742
ILI incidence,NO,2026-10-07,2026-10-04,0.01,1,quantile,2.41360977225909
ILI incidence,NO,2026-10-07,2026-10-04,0.025,1,quantile,3.41478040227273
ILI incidence,NO,2026-10-07,2026-10-04,0.05,1,quantile,4.78648471990412
ILI incidence,NO,2026-10-07,2026-10-04,0.1,1,quantile,6.68316315575818
ILI incidence,NO,2026-10-07,2026-10-04,0.15,1,quantile,7.72418942119029
ILI incidence,NO,2026-10-07,2026-10-04,0.2,1,quantile,8.86387171908013
ILI incidence,NO,2026-10-07,2026-10-04,0.25,1,quantile,10.1227245930449
ILI incidence,NO,2026-10-07,2026-10-04,0.3,1,quantile,11.0662710421656
ILI incidence,NO,2026-10-07,2026-10-04,0.35,1,quantile,12.046766233511
ILI incidence,NO,2026-10-07,2026-10-04,0.4,1,quantile,12.9993363082521
ILI incidence,NO,2026-10-07,2026-10-04,0.45,1,quantile,14.1429978406271
ILI incidence,NO,2026-10-07,2026-10-04,0.5,1,quantile,15.568617141259
ILI incidence,NO,2026-10-07,2026-10-04,0.55,1,quantile,16.8309771195903
ILI incidence,NO,2026-10-07,2026-10-04,0.6,1,quantile,18.1572491679148
ILI incidence,NO,2026-10-07,2026-10-04,0.65,1,quantile,19.8043466363255
ILI incidence,NO,2026-10-07,2026-10-04,0.7,1,quantile,21.3654559152571
ILI incidence,NO,2026-10-07,2026-10-04,0.75,1,quantile,23.303968347948
ILI incidence,NO,2026-10-07,2026-10-04,0.8,1,quantile,25.5166581232894
ILI incidence,NO,2026-10-07,2026-10-04,0.85,1,quantile,28.9765624547869
ILI incidence,NO,2026-10-07,2026-10-04,0.9,1,quantile,33.2865392902115
ILI incidence,NO,2026-10-07,2026-10-04,0.95,1,quantile,40.9001702013999
ILI incidence,NO,2026-10-07,2026-10-04,0.975,1,quantile,46.9755995193833
ILI incidence,NO,2026-10-07,2026-10-04,0.99,1,quantile,62.588009639982
ILI incidence,NO,2026-10-07,2026-10-11,0.01,2,quantile,0.421809062246696
ILI incidence,NO,2026-10-07,2026-10-11,0.025,2,quantile,1.6961275866361
ILI incidence,NO,2026-10-07,2026-10-11,0.05,2,quantile,3.28245350119697
ILI incidence,NO,2026-10-07,2026-10-11,0.1,2,quantile,5.01111404872002
ILI incidence,NO,2026-10-07,2026-10-11,0.15,2,quantile,6.71826783009553
ILI incidence,NO,2026-10-07,2026-10-11,0.2,2,quantile,7.86533630131842
ILI incidence,NO,2026-10-07,2026-10-11,0.25,2,quantile,9.26629898375843
ILI incidence,NO,2026-10-07,2026-10-11,0.3,2,quantile,10.5125221759557
ILI incidence,NO,2026-10-07,2026-10-11,0.35,2,quantile,12.1925328402113
ILI incidence,NO,2026-10-07,2026-10-11,0.4,2,quantile,13.7294023239368
ILI incidence,NO,2026-10-07,2026-10-11,0.45,2,quantile,15.3748449006018
ILI incidence,NO,2026-10-07,2026-10-11,0.5,2,quantile,16.9469260455539
ILI incidence,NO,2026-10-07,2026-10-11,0.55,2,quantile,18.4544413216643
ILI incidence,NO,2026-10-07,2026-10-11,0.6,2,quantile,20.3786894914728
ILI incidence,NO,2026-10-07,2026-10-11,0.65,2,quantile,22.9089747928592
ILI incidence,NO,2026-10-07,2026-10-11,0.7,2,quantile,26.5091102634042
ILI incidence,NO,2026-10-07,2026-10-11,0.75,2,quantile,30.2352584179842
ILI incidence,NO,2026-10-07,2026-10-11,0.8,2,quantile,34.4476820703125
ILI incidence,NO,2026-10-07,2026-10-11,0.85,2,quantile,41.7256800432435
ILI incidence,NO,2026-10-07,2026-10-11,0.9,2,quantile,49.5287162088378
ILI incidence,NO,2026-10-07,2026-10-11,0.95,2,quantile,67.8754924685508
ILI incidence,NO,2026-10-07,2026-10-11,0.975,2,quantile,79.8985459767935
ILI incidence,NO,2026-10-07,2026-10-11,0.99,2,quantile,106.571536722187
ILI incidence,NO,2026-10-07,2026-10-18,0.01,3,quantile,0
ILI incidence,NO,2026-10-07,2026-10-18,0.025,3,quantile,1.20159480749148
ILI incidence,NO,2026-10-07,2026-10-18,0.05,3,quantile,2.43250690261724
ILI incidence,NO,2026-10-07,2026-10-18,0.1,3,quantile,4.25715192004666
ILI incidence,NO,2026-10-07,2026-10-18,0.15,3,quantile,5.76597409738793
ILI incidence,NO,2026-10-07,2026-10-18,0.2,3,quantile,7.5758211768173
ILI incidence,NO,2026-10-07,2026-10-18,0.25,3,quantile,9.02497577162348
ILI incidence,NO,2026-10-07,2026-10-18,0.3,3,quantile,10.8197924307131
ILI incidence,NO,2026-10-07,2026-10-18,0.35,3,quantile,12.5861074434135
ILI incidence,NO,2026-10-07,2026-10-18,0.4,3,quantile,14.6176461809601
ILI incidence,NO,2026-10-07,2026-10-18,0.45,3,quantile,16.5204111856511
ILI incidence,NO,2026-10-07,2026-10-18,0.5,3,quantile,18.5213307303087
ILI incidence,NO,2026-10-07,2026-10-18,0.55,3,quantile,21.2420752627212
ILI incidence,NO,2026-10-07,2026-10-18,0.6,3,quantile,24.2840982720617
ILI incidence,NO,2026-10-07,2026-10-18,0.65,3,quantile,28.3629390310877
ILI incidence,NO,2026-10-07,2026-10-18,0.7,3,quantile,32.3327679620148
ILI incidence,NO,2026-10-07,2026-10-18,0.75,3,quantile,38.0177138798413
ILI incidence,NO,2026-10-07,2026-10-18,0.8,3,quantile,44.3286268764092
ILI incidence,NO,2026-10-07,2026-10-18,0.85,3,quantile,53.4908155560965
ILI incidence,NO,2026-10-07,2026-10-18,0.9,3,quantile,69.3281911828742
ILI incidence,NO,2026-10-07,2026-10-18,0.95,3,quantile,96.955608925263
ILI incidence,NO,2026-10-07,2026-10-18,0.975,3,quantile,122.94067111708
ILI incidence,NO,2026-10-07,2026-10-18,0.99,3,quantile,160.140300361338
ILI incidence,NO,2026-10-07,2026-10-25,0.01,4,quantile,0
ILI incidence,NO,2026-10-07,2026-10-25,0.025,4,quantile,0
ILI incidence,NO,2026-10-07,2026-10-25,0.05,4,quantile,0.914821747689487
ILI incidence,NO,2026-10-07,2026-10-25,0.1,4,quantile,3.11374485768711
ILI incidence,NO,2026-10-07,2026-10-25,0.15,4,quantile,4.74334591467112
ILI incidence,NO,2026-10-07,2026-10-25,0.2,4,quantile,6.35169352613831
ILI incidence,NO,2026-10-07,2026-10-25,0.25,4,quantile,8.01038644354268
ILI incidence,NO,2026-10-07,2026-10-25,0.3,4,quantile,10.1000699880302
ILI incidence,NO,2026-10-07,2026-10-25,0.35,4,quantile,11.8195892579598
ILI incidence,NO,2026-10-07,2026-10-25,0.4,4,quantile,14.8964380291807
ILI incidence,NO,2026-10-07,2026-10-25,0.45,4,quantile,16.8061061752252
ILI incidence,NO,2026-10-07,2026-10-25,0.5,4,quantile,20.2856914366642
ILI incidence,NO,2026-10-07,2026-10-25,0.55,4,quantile,22.8555834052885
ILI incidence,NO,2026-10-07,2026-10-25,0.6,4,quantile,26.6870036222914
ILI incidence,NO,2026-10-07,2026-10-25,0.65,4,quantile,31.7362934886156
ILI incidence,NO,2026-10-07,2026-10-25,0.7,4,quantile,36.344569393819
ILI incidence,NO,2026-10-07,2026-10-25,0.75,4,quantile,43.9803322788228
ILI incidence,NO,2026-10-07,2026-10-25,0.8,4,quantile,53.7508191188699
ILI incidence,NO,2026-10-07,2026-10-25,0.85,4,quantile,66.9322202619957
ILI incidence,NO,2026-10-07,2026-10-25,0.9,4,quantile,86.5263106680694
ILI incidence,NO,2026-10-07,2026-10-25,0.95,4,quantile,121.508330481238
ILI incidence,NO,2026-10-07,2026-10-25,0.975,4,quantile,167.89324981756
ILI incidence,NO,2026-10-07,2026-10-25,0.99,4,quantile,231.966145597247
ILI incidence,NO,2026-10-07,2026-10-04,,1,median,15.568617141259
ILI incidence,NO,2026-10-07,2026-10-11,,2,median,16.9469260455539
ILI incidence,NO,2026-10-07,2026-10-18,,3,median,18.5213307303087
ILI incidence,NO,2026-10-07,2026-10-25,,4,median,20.2856914366642
ILI incidence,RO,2026-10-07,2026-10-04,0.01,1,quantile,0
ILI incidence,RO,2026-10-07,2026-10-04,0.025,1,quantile,0
ILI incidence,RO,2026-10-07,2026-10-04,0.05,1,quantile,0
ILI incidence,RO,2026-10-07,2026-10-04,0.1,1,quantile,0
ILI incidence,RO,2026-10-07,2026-10-04,0.15,1,quantile,0
ILI incidence,RO,2026-10-07,2026-10-04,0.2,1,quantile,0
ILI incidence,RO,2026-10-07,2026-10-04,0.25,1,quantile,0
ILI incidence,RO,2026-10-07,2026-10-04,0.3,1,quantile,0
ILI incidence,RO,2026-10-07,2026-10-04,0.35,1,quantile,0
ILI incidence,RO,2026-10-07,2026-10-04,0.4,1,quantile,0.0226984123631344
ILI incidence,RO,2026-10-07,2026-10-04,0.45,1,quantile,0.181649964700005
ILI incidence,RO,2026-10-07,2026-10-04,0.5,1,quantile,0.399293787010803
ILI incidence,RO,2026-10-07,2026-10-04,0.55,1,quantile,0.725656367771638
ILI incidence,RO,2026-10-07,2026-10-04,0.6,1,quantile,0.97346208600309
ILI incidence,RO,2026-10-07,2026-10-04,0.65,1,quantile,1.3049589458361
ILI incidence,RO,2026-10-07,2026-10-04,0.7,1,quantile,1.66564416748114
ILI incidence,RO,2026-10-07,2026-10-04,0.75,1,quantile,2.2655696183961
ILI incidence,RO,2026-10-07,2026-10-04,0.8,1,quantile,3.05831606561416
ILI incidence,RO,2026-10-07,2026-10-04,0.85,1,quantile,4.0302715788464
ILI incidence,RO,2026-10-07,2026-10-04,0.9,1,quantile,5.3477949903193
ILI incidence,RO,2026-10-07,2026-10-04,0.95,1,quantile,7.35477144112116
ILI incidence,RO,2026-10-07,2026-10-04,0.975,1,quantile,9.29865225825597
ILI incidence,RO,2026-10-07,2026-10-04,0.99,1,quantile,12.4030194227427
ILI incidence,RO,2026-10-07,2026-10-11,0.01,2,quantile,0
ILI incidence,RO,2026-10-07,2026-10-11,0.025,2,quantile,0
ILI incidence,RO,2026-10-07,2026-10-11,0.05,2,quantile,0
ILI incidence,RO,2026-10-07,2026-10-11,0.1,2,quantile,0
ILI incidence,RO,2026-10-07,2026-10-11,0.15,2,quantile,0
ILI incidence,RO,2026-10-07,2026-10-11,0.2,2,quantile,0
ILI incidence,RO,2026-10-07,2026-10-11,0.25,2,quantile,0
ILI incidence,RO,2026-10-07,2026-10-11,0.3,2,quantile,0
ILI incidence,RO,2026-10-07,2026-10-11,0.35,2,quantile,0
ILI incidence,RO,2026-10-07,2026-10-11,0.4,2,quantile,0
ILI incidence,RO,2026-10-07,2026-10-11,0.45,2,quantile,0.202561660557374
ILI incidence,RO,2026-10-07,2026-10-11,0.5,2,quantile,0.453467507219914
ILI incidence,RO,2026-10-07,2026-10-11,0.55,2,quantile,0.686719358693708
ILI incidence,RO,2026-10-07,2026-10-11,0.6,2,quantile,0.961254728769105
ILI incidence,RO,2026-10-07,2026-10-11,0.65,2,quantile,1.35982819981539
ILI incidence,RO,2026-10-07,2026-10-11,0.7,2,quantile,1.79129648648405
ILI incidence,RO,2026-10-07,2026-10-11,0.75,2,quantile,2.51983210673088
ILI incidence,RO,2026-10-07,2026-10-11,0.8,2,quantile,3.41442598219362
ILI incidence,RO,2026-10-07,2026-10-11,0.85,2,quantile,4.65174663281533
ILI incidence,RO,2026-10-07,2026-10-11,0.9,2,quantile,6.32972764803642
ILI incidence,RO,2026-10-07,2026-10-11,0.95,2,quantile,9.40644842654513
ILI incidence,RO,2026-10-07,2026-10-11,0.975,2,quantile,15.0067323783438
ILI incidence,RO,2026-10-07,2026-10-11,0.99,2,quantile,18.5687923781708
ILI incidence,RO,2026-10-07,2026-10-18,0.01,3,quantile,0
ILI incidence,RO,2026-10-07,2026-10-18,0.025,3,quantile,0
ILI incidence,RO,2026-10-07,2026-10-18,0.05,3,quantile,0
ILI incidence,RO,2026-10-07,2026-10-18,0.1,3,quantile,0
ILI incidence,RO,2026-10-07,2026-10-18,0.15,3,quantile,0
ILI incidence,RO,2026-10-07,2026-10-18,0.2,3,quantile,0
ILI incidence,RO,2026-10-07,2026-10-18,0.25,3,quantile,0
ILI incidence,RO,2026-10-07,2026-10-18,0.3,3,quantile,0
ILI incidence,RO,2026-10-07,2026-10-18,0.35,3,quantile,0
ILI incidence,RO,2026-10-07,2026-10-18,0.4,3,quantile,0
ILI incidence,RO,2026-10-07,2026-10-18,0.45,3,quantile,0.205516529291058
ILI incidence,RO,2026-10-07,2026-10-18,0.5,3,quantile,0.516266337157781
ILI incidence,RO,2026-10-07,2026-10-18,0.55,3,quantile,0.825358503308093
ILI incidence,RO,2026-10-07,2026-10-18,0.6,3,quantile,1.25478585422507
ILI incidence,RO,2026-10-07,2026-10-18,0.65,3,quantile,1.73634826364221
ILI incidence,RO,2026-10-07,2026-10-18,0.7,3,quantile,2.40002438911008
ILI incidence,RO,2026-10-07,2026-10-18,0.75,3,quantile,3.06897223259515
ILI incidence,RO,2026-10-07,2026-10-18,0.8,3,quantile,3.74638197796571
ILI incidence,RO,2026-10-07,2026-10-18,0.85,3,quantile,5.29431829443152
ILI incidence,RO,2026-10-07,2026-10-18,0.9,3,quantile,8.4272480607562
ILI incidence,RO,2026-10-07,2026-10-18,0.95,3,quantile,13.6381329093034
ILI incidence,RO,2026-10-07,2026-10-18,0.975,3,quantile,19.6944094710216
ILI incidence,RO,2026-10-07,2026-10-18,0.99,3,quantile,23.1336379436107
ILI incidence,RO,2026-10-07,2026-10-25,0.01,4,quantile,0
ILI incidence,RO,2026-10-07,2026-10-25,0.025,4,quantile,0
ILI incidence,RO,2026-10-07,2026-10-25,0.05,4,quantile,0
ILI incidence,RO,2026-10-07,2026-10-25,0.1,4,quantile,0
ILI incidence,RO,2026-10-07,2026-10-25,0.15,4,quantile,0
ILI incidence,RO,2026-10-07,2026-10-25,0.2,4,quantile,0
ILI incidence,RO,2026-10-07,2026-10-25,0.25,4,quantile,0
ILI incidence,RO,2026-10-07,2026-10-25,0.3,4,quantile,0
ILI incidence,RO,2026-10-07,2026-10-25,0.35,4,quantile,0
ILI incidence,RO,2026-10-07,2026-10-25,0.4,4,quantile,0
ILI incidence,RO,2026-10-07,2026-10-25,0.45,4,quantile,0.136204806421946
ILI incidence,RO,2026-10-07,2026-10-25,0.5,4,quantile,0.588988800468441
ILI incidence,RO,2026-10-07,2026-10-25,0.55,4,quantile,0.992603938869975
ILI incidence,RO,2026-10-07,2026-10-25,0.6,4,quantile,1.65116602942683
ILI incidence,RO,2026-10-07,2026-10-25,0.65,4,quantile,2.25448755432994
ILI incidence,RO,2026-10-07,2026-10-25,0.7,4,quantile,3.00856305448815
ILI incidence,RO,2026-10-07,2026-10-25,0.75,4,quantile,4.0111640994499
ILI incidence,RO,2026-10-07,2026-10-25,0.8,4,quantile,5.48115936969427
ILI incidence,RO,2026-10-07,2026-10-25,0.85,4,quantile,7.2089465890309
ILI incidence,RO,2026-10-07,2026-10-25,0.9,4,quantile,11.1478469226685
ILI incidence,RO,2026-10-07,2026-10-25,0.95,4,quantile,19.1778252271047
ILI incidence,RO,2026-10-07,2026-10-25,0.975,4,quantile,27.5593769121795
ILI incidence,RO,2026-10-07,2026-10-25,0.99,4,quantile,34.4564176094607
ILI incidence,RO,2026-10-07,2026-10-04,,1,median,0.399293787010803
ILI incidence,RO,2026-10-07,2026-10-11,,2,median,0.453467507219914
ILI incidence,RO,2026-10-07,2026-10-18,,3,median,0.516266337157781
ILI incidence,RO,2026-10-07,2026-10-25,,4,median,0.588988800468441
ILI incidence,SI,2026-10-07,2026-10-04,0.01,1,quantile,0
ILI incidence,SI,2026-10-07,2026-10-04,0.025,1,quantile,0
ILI incidence,SI,2026-10-07,2026-10-04,0.05,1,quantile,0
ILI incidence,SI,2026-10-07,2026-10-04,0.1,1,quantile,0
ILI incidence,SI,2026-10-07,2026-10-04,0.15,1,quantile,0
ILI incidence,SI,2026-10-07,2026-10-04,0.2,1,quantile,0
ILI incidence,SI,2026-10-07,2026-10-04,0.25,1,quantile,0
ILI incidence,SI,2026-10-07,2026-10-04,0.3,1,quantile,0
ILI incidence,SI,2026-10-07,2026-10-04,0.35,1,quantile,0
ILI incidence,SI,2026-10-07,2026-10-04,0.4,1,quantile,0
ILI incidence,SI,2026-10-07,2026-10-04,0.45,1,quantile,0
ILI incidence,SI,2026-10-07,2026-10-04,0.5,1,quantile,0.13919106598484
ILI incidence,SI,2026-10-07,2026-10-04,0.55,1,quantile,0.836345482888253
ILI incidence,SI,2026-10-07,2026-10-04,0.6,1,quantile,1.7267748149489
ILI incidence,SI,2026-10-07,2026-10-04,0.65,1,quantile,2.93862896044853
ILI incidence,SI,2026-10-07,2026-10-04,0.7,1,quantile,3.87154300991614
ILI incidence,SI,2026-10-07,2026-10-04,0.75,1,quantile,5.65777339956178
ILI incidence,SI,2026-10-07,2026-10-04,0.8,1,quantile,7.92182868789094
ILI incidence,SI,2026-10-07,2026-10-04,0.85,1,quantile,10.7345948399045
ILI incidence,SI,2026-10-07,2026-10-04,0.9,1,quantile,13.619046533416
ILI incidence,SI,2026-10-07,2026-10-04,0.95,1,quantile,22.5421677264489
ILI incidence,SI,2026-10-07,2026-10-04,0.975,1,quantile,31.0724334871447
ILI incidence,SI,2026-10-07,2026-10-04,0.99,1,quantile,43.6089762315064
ILI incidence,SI,2026-10-07,2026-10-11,0.01,2,quantile,0
ILI incidence,SI,2026-10-07,2026-10-11,0.025,2,quantile,0
ILI incidence,SI,2026-10-07,2026-10-11,0.05,2,quantile,0
ILI incidence,SI,2026-10-07,2026-10-11,0.1,2,quantile,0
ILI incidence,SI,2026-10-07,2026-10-11,0.15,2,quantile,0
ILI incidence,SI,2026-10-07,2026-10-11,0.2,2,quantile,0
ILI incidence,SI,2026-10-07,2026-10-11,0.25,2,quantile,0
ILI incidence,SI,2026-10-07,2026-10-11,0.3,2,quantile,0
ILI incidence,SI,2026-10-07,2026-10-11,0.35,2,quantile,0
ILI incidence,SI,2026-10-07,2026-10-11,0.4,2,quantile,0
ILI incidence,SI,2026-10-07,2026-10-11,0.45,2,quantile,0
ILI incidence,SI,2026-10-07,2026-10-11,0.5,2,quantile,0.161918442765167
ILI incidence,SI,2026-10-07,2026-10-11,0.55,2,quantile,1.68168297141135
ILI incidence,SI,2026-10-07,2026-10-11,0.6,2,quantile,3.30068427202425
ILI incidence,SI,2026-10-07,2026-10-11,0.65,2,quantile,5.71592702631459
ILI incidence,SI,2026-10-07,2026-10-11,0.7,2,quantile,8.5898929580187
ILI incidence,SI,2026-10-07,2026-10-11,0.75,2,quantile,12.186370646155
ILI incidence,SI,2026-10-07,2026-10-11,0.8,2,quantile,16.0932765008854
ILI incidence,SI,2026-10-07,2026-10-11,0.85,2,quantile,21.0183167205984
ILI incidence,SI,2026-10-07,2026-10-11,0.9,2,quantile,31.4037676105388
ILI incidence,SI,2026-10-07,2026-10-11,0.95,2,quantile,52.9391404772652
ILI incidence,SI,2026-10-07,2026-10-11,0.975,2,quantile,75.6142947282831
ILI incidence,SI,2026-10-07,2026-10-11,0.99,2,quantile,96.8301054597823
ILI incidence,SI,2026-10-07,2026-10-18,0.01,3,quantile,0
ILI incidence,SI,2026-10-07,2026-10-18,0.025,3,quantile,0
ILI incidence,SI,2026-10-07,2026-10-18,0.05,3,quantile,0
ILI incidence,SI,2026-10-07,2026-10-18,0.1,3,quantile,0
ILI incidence,SI,2026-10-07,2026-10-18,0.15,3,quantile,0
ILI incidence,SI,2026-10-07,2026-10-18,0.2,3,quantile,0
ILI incidence,SI,2026-10-07,2026-10-18,0.25,3,quantile,0
ILI incidence,SI,2026-10-07,2026-10-18,0.3,3,quantile,0
ILI incidence,SI,2026-10-07,2026-10-18,0.35,3,quantile,0
ILI incidence,SI,2026-10-07,2026-10-18,0.4,3,quantile,0
ILI incidence,SI,2026-10-07,2026-10-18,0.45,3,quantile,0
ILI incidence,SI,2026-10-07,2026-10-18,0.5,3,quantile,0.188574477329184
ILI incidence,SI,2026-10-07,2026-10-18,0.55,3,quantile,2.71336752115855
ILI incidence,SI,2026-10-07,2026-10-18,0.6,3,quantile,4.7202838402989
ILI incidence,SI,2026-10-07,2026-10-18,0.65,3,quantile,8.62271036404938
ILI incidence,SI,2026-10-07,2026-10-18,0.7,3,quantile,13.3969687866892
ILI incidence,SI,2026-10-07,2026-10-18,0.75,3,quantile,18.3007446921124
ILI incidence,SI,2026-10-07,2026-10-18,0.8,3,quantile,25.4073830858927
ILI incidence,SI,2026-10-07,2026-10-18,0.85,3,quantile,36.6371235613658
ILI incidence,SI,2026-10-07,2026-10-18,0.9,3,quantile,53.6015370188544
ILI incidence,SI,2026-10-07,2026-10-18,0.95,3,quantile,91.2477030227508
ILI incidence,SI,2026-10-07,2026-10-18,0.975,3,quantile,136.915370467125
ILI incidence,SI,2026-10-07,2026-10-18,0.99,3,quantile,186.889892089377
ILI incidence,SI,2026-10-07,2026-10-25,0.01,4,quantile,0
ILI incidence,SI,2026-10-07,2026-10-25,0.025,4,quantile,0
ILI incidence,SI,2026-10-07,2026-10-25,0.05,4,quantile,0
ILI incidence,SI,2026-10-07,2026-10-25,0.1,4,quantile,0
ILI incidence,SI,2026-10-07,2026-10-25,0.15,4,quantile,0
ILI incidence,SI,2026-10-07,2026-10-25,0.2,4,quantile,0
ILI incidence,SI,2026-10-07,2026-10-25,0.25,4,quantile,0
ILI incidence,SI,2026-10-07,2026-10-25,0.3,4,quantile,0
ILI incidence,SI,2026-10-07,2026-10-25,0.35,4,quantile,0
ILI incidence,SI,2026-10-07,2026-10-25,0.4,4,quantile,0
ILI incidence,SI,2026-10-07,2026-10-25,0.45,4,quantile,0
ILI incidence,SI,2026-10-07,2026-10-25,0.5,4,quantile,0.21984622015526
ILI incidence,SI,2026-10-07,2026-10-25,0.55,4,quantile,3.8627090659359
ILI incidence,SI,2026-10-07,2026-10-25,0.6,4,quantile,7.2804011029732
ILI incidence,SI,2026-10-07,2026-10-25,0.65,4,quantile,12.1427904898334
ILI incidence,SI,2026-10-07,2026-10-25,0.7,4,quantile,16.5206660436219
ILI incidence,SI,2026-10-07,2026-10-25,0.75,4,quantile,25.3073055286431
ILI incidence,SI,2026-10-07,2026-10-25,0.8,4,quantile,37.30469550573
ILI incidence,SI,2026-10-07,2026-10-25,0.85,4,quantile,57.2953913288823
ILI incidence,SI,2026-10-07,2026-10-25,0.9,4,quantile,77.8674829365134
ILI incidence,SI,2026-10-07,2026-10-25,0.95,4,quantile,130.923655038912
ILI incidence,SI,2026-10-07,2026-10-25,0.975,4,quantile,183.230375546721
ILI incidence,SI,2026-10-07,2026-10-25,0.99,4,quantile,261.575384768269
ILI incidence,SI,2026-10-07,2026-10-04,,1,median,0.13919106598484
ILI incidence,SI,2026-10-07,2026-10-11,,2,median,0.161918442765167
ILI incidence,SI,2026-10-07,2026-10-18,,3,median,0.188574477329184
ILI incidence,SI,2026-10-07,2026-10-25,,4,median,0.21984622015526
ILI incidence,SK,2026-10-07,2026-10-04,0.01,1,quantile,50.1197479983197
ILI incidence,SK,2026-10-07,2026-10-04,0.025,1,quantile,55.301894896592
ILI incidence,SK,2026-10-07,2026-10-04,0.05,1,quantile,64.6738404780833
ILI incidence,SK,2026-10-07,2026-10-04,0.1,1,quantile,75.5533050672033
ILI incidence,SK,2026-10-07,2026-10-04,0.15,1,quantile,85.779520715339
ILI incidence,SK,2026-10-07,2026-10-04,0.2,1,quantile,91.5604695317775
ILI incidence,SK,2026-10-07,2026-10-04,0.25,1,quantile,97.4333246241309
ILI incidence,SK,2026-10-07,2026-10-04,0.3,1,quantile,104.646281761536
ILI incidence,SK,2026-10-07,2026-10-04,0.35,1,quantile,111.52837278912
ILI incidence,SK,2026-10-07,2026-10-04,0.4,1,quantile,117.083624512523
ILI incidence,SK,2026-10-07,2026-10-04,0.45,1,quantile,121.664021959914
ILI incidence,SK,2026-10-07,2026-10-04,0.5,1,quantile,128.907976074186
ILI incidence,SK,2026-10-07,2026-10-04,0.55,1,quantile,138.319049086428
ILI incidence,SK,2026-10-07,2026-10-04,0.6,1,quantile,146.526986501388
ILI incidence,SK,2026-10-07,2026-10-04,0.65,1,quantile,154.72113579093
ILI incidence,SK,2026-10-07,2026-10-04,0.7,1,quantile,164.731700113766
ILI incidence,SK,2026-10-07,2026-10-04,0.75,1,quantile,176.409555443539
ILI incidence,SK,2026-10-07,2026-10-04,0.8,1,quantile,187.50879510928
ILI incidence,SK,2026-10-07,2026-10-04,0.85,1,quantile,201.173649461532
ILI incidence,SK,2026-10-07,2026-10-04,0.9,1,quantile,221.805590535805
ILI incidence,SK,2026-10-07,2026-10-04,0.95,1,quantile,259.979623514075
ILI incidence,SK,2026-10-07,2026-10-04,0.975,1,quantile,287.964440483243
ILI incidence,SK,2026-10-07,2026-10-04,0.99,1,quantile,321.328592203394
ILI incidence,SK,2026-10-07,2026-10-11,0.01,2,quantile,34.9356459713986
ILI incidence,SK,2026-10-07,2026-10-11,0.025,2,quantile,44.117308044182
ILI incidence,SK,2026-10-07,2026-10-11,0.05,2,quantile,52.5207774409765
ILI incidence,SK,2026-10-07,2026-10-11,0.1,2,quantile,66.5058550735711
ILI incidence,SK,2026-10-07,2026-10-11,0.15,2,quantile,75.7943005636684
ILI incidence,SK,2026-10-07,2026-10-11,0.2,2,quantile,84.2909087681159
ILI incidence,SK,2026-10-07,2026-10-11,0.25,2,quantile,93.2936094751419
ILI incidence,SK,2026-10-07,2026-10-11,0.3,2,quantile,102.676428677378
ILI incidence,SK,2026-10-07,2026-10-11,0.35,2,quantile,112.669066858625
ILI incidence,SK,2026-10-07,2026-10-11,0.4,2,quantile,122.027340155107
ILI incidence,SK,2026-10-07,2026-10-11,0.45,2,quantile,131.831821797248
ILI incidence,SK,2026-10-07,2026-10-11,0.5,2,quantile,142.765329622092
ILI incidence,SK,2026-10-07,2026-10-11,0.55,2,quantile,154.085381546031
ILI incidence,SK,2026-10-07,2026-10-11,0.6,2,quantile,168.47009760848
ILI incidence,SK,2026-10-07,2026-10-11,0.65,2,quantile,181.9322565075
ILI incidence,SK,2026-10-07,2026-10-11,0.7,2,quantile,195.707348510312
ILI incidence,SK,2026-10-07,2026-10-11,0.75,2,quantile,214.623445124134
ILI incidence,SK,2026-10-07,2026-10-11,0.8,2,quantile,242.090426984495
ILI incidence,SK,2026-10-07,2026-10-11,0.85,2,quantile,276.616413328236
ILI incidence,SK,2026-10-07,2026-10-11,0.9,2,quantile,311.468071956897
ILI incidence,SK,2026-10-07,2026-10-11,0.95,2,quantile,383.215535622345
ILI incidence,SK,2026-10-07,2026-10-11,0.975,2,quantile,453.10630216298
ILI incidence,SK,2026-10-07,2026-10-11,0.99,2,quantile,532.273351931435
ILI incidence,SK,2026-10-07,2026-10-18,0.01,3,quantile,26.9900830711404
ILI incidence,SK,2026-10-07,2026-10-18,0.025,3,quantile,38.5687004646023
ILI incidence,SK,2026-10-07,2026-10-18,0.05,3,quantile,50.2143365262481
ILI incidence,SK,2026-10-07,2026-10-18,0.1,3,quantile,63.0717155392469
ILI incidence,SK,2026-10-07,2026-10-18,0.15,3,quantile,73.8988674412521
ILI incidence,SK,2026-10-07,2026-10-18,0.2,3,quantile,84.7259923203625
ILI incidence,SK,2026-10-07,2026-10-18,0.25,3,quantile,96.2099761436079
ILI incidence,SK,2026-10-07,2026-10-18,0.3,3,quantile,105.550092177944
ILI incidence,SK,2026-10-07,2026-10-18,0.35,3,quantile,116.536264528051
ILI incidence,SK,2026-10-07,2026-10-18,0.4,3,quantile,127.179146464814
ILI incidence,SK,2026-10-07,2026-10-18,0.45,3,quantile,141.551420829604
ILI incidence,SK,2026-10-07,2026-10-18,0.5,3,quantile,154.86548001505
ILI incidence,SK,2026-10-07,2026-10-18,0.55,3,quantile,173.75289689836
ILI incidence,SK,2026-10-07,2026-10-18,0.6,3,quantile,195.28060148029
ILI incidence,SK,2026-10-07,2026-10-18,0.65,3,quantile,213.995853926595
ILI incidence,SK,2026-10-07,2026-10-18,0.7,3,quantile,239.384444407682
ILI incidence,SK,2026-10-07,2026-10-18,0.75,3,quantile,268.464161754435
ILI incidence,SK,2026-10-07,2026-10-18,0.8,3,quantile,300.926402870063
ILI incidence,SK,2026-10-07,2026-10-18,0.85,3,quantile,355.377585988607
ILI incidence,SK,2026-10-07,2026-10-18,0.9,3,quantile,420.446226621053
ILI incidence,SK,2026-10-07,2026-10-18,0.95,3,quantile,526.333673626003
ILI incidence,SK,2026-10-07,2026-10-18,0.975,3,quantile,614.550198965634
ILI incidence,SK,2026-10-07,2026-10-18,0.99,3,quantile,730.746935144592
ILI incidence,SK,2026-10-07,2026-10-25,0.01,4,quantile,22.9226698808791
ILI incidence,SK,2026-10-07,2026-10-25,0.025,4,quantile,31.5272408667662
ILI incidence,SK,2026-10-07,2026-10-25,0.05,4,quantile,40.5378437857644
ILI incidence,SK,2026-10-07,2026-10-25,0.1,4,quantile,56.3750057783966
ILI incidence,SK,2026-10-07,2026-10-25,0.15,4,quantile,68.7127734451026
ILI incidence,SK,2026-10-07,2026-10-25,0.2,4,quantile,77.8611091448705
ILI incidence,SK,2026-10-07,2026-10-25,0.25,4,quantile,90.3244770637921
ILI incidence,SK,2026-10-07,2026-10-25,0.3,4,quantile,99.8129552167464
ILI incidence,SK,2026-10-07,2026-10-25,0.35,4,quantile,111.037202672075
ILI incidence,SK,2026-10-07,2026-10-25,0.4,4,quantile,123.701114669437
ILI incidence,SK,2026-10-07,2026-10-25,0.45,4,quantile,142.189212056165
ILI incidence,SK,2026-10-07,2026-10-25,0.5,4,quantile,165.111635093865
ILI incidence,SK,2026-10-07,2026-10-25,0.55,4,quantile,187.272783865331
ILI incidence,SK,2026-10-07,2026-10-25,0.6,4,quantile,207.078233732189
ILI incidence,SK,2026-10-07,2026-10-25,0.65,4,quantile,230.596916840612
ILI incidence,SK,2026-10-07,2026-10-25,0.7,4,quantile,262.396969716386
ILI incidence,SK,2026-10-07,2026-10-25,0.75,4,quantile,310.079390946584
ILI incidence,SK,2026-10-07,2026-10-25,0.8,4,quantile,348.282080651305
ILI incidence,SK,2026-10-07,2026-10-25,0.85,4,quantile,414.090619611897
ILI incidence,SK,2026-10-07,2026-10-25,0.9,4,quantile,500.008945842306
ILI incidence,SK,2026-10-07,2026-10-25,0.95,4,quantile,612.189708112383
ILI incidence,SK,2026-10-07,2026-10-25,0.975,4,quantile,709.803234902562
ILI incidence,SK,2026-10-07,2026-10-25,0.99,4,quantile,817.552307263057
ILI incidence,SK,2026-10-07,2026-10-04,,1,median,128.907976074186
ILI incidence,SK,2026-10-07,2026-10-11,,2,median,142.765329622092
ILI incidence,SK,2026-10-07,2026-10-18,,3,median,154.86548001505
ILI incidence,SK,2026-10-07,2026-10-25,,4,median,165.111635093865
