target,location,origin_date,target_end_date,output_type_id,horizon,output_type,value
ILI incidence,BE,2026-09-23,2026-09-20,0.01,1,quantile,14.4771564069137
ILI incidence,BE,2026-09-23,2026-09-20,0.025,1,quantile,20.5133649756276
ILI incidence,BE,2026-09-23,2026-09-20,0.05,1,quantile,26.4545182108561
ILI incidence,BE,2026-09-23,2026-09-20,0.1,1,quantile,33.5325315999359
ILI incidence,BE,2026-09-23,2026-09-20,0.15,1,quantile,37.9326349898735
ILI incidence,BE,2026-09-23,2026-09-20,0.2,1,quantile,43.6588426699005
ILI incidence,BE,2026-09-23,2026-09-20,0.25,1,quantile,47.8486081144255
ILI incidence,BE,2026-09-23,2026-09-20,0.3,1,quantile,52.4161277935628
ILI incidence,BE,2026-09-23,2026-09-20,0.35,1,quantile,56.761990433379
ILI incidence,BE,2026-09-23,2026-09-20,0.4,1,quantile,61.3877294050348
ILI incidence,BE,2026-09-23,2026-09-20,0.45,1,quantile,65.89274712664
ILI incidence,BE,2026-09-23,2026-09-20,0.5,1,quantile,70.249568557786
ILI incidence,BE,2026-09-23,2026-09-20,0.55,1,quantile,74.2591769838578
ILI incidence,BE,2026-09-23,2026-09-20,0.6,1,quantile,79.7956855963359
ILI incidence,BE,2026-09-23,2026-09-20,0.65,1,quantile,85.0109705756151
ILI incidence,BE,2026-09-23,2026-09-20,0.7,1,quantile,89.6299113426557
ILI incidence,BE,2026-09-23,2026-09-20,0.75,1,quantile,96.9366052644846
ILI incidence,BE,2026-09-23,2026-09-20,0.8,1,quantile,105.36755818317
ILI incidence,BE,2026-09-23,2026-09-20,0.85,1,quantile,120.214501467093
ILI incidence,BE,2026-09-23,2026-09-20,0.9,1,quantile,135.630745065445
ILI incidence,BE,2026-09-23,2026-09-20,0.95,1,quantile,161.047421057474
ILI incidence,BE,2026-09-23,2026-09-20,0.975,1,quantile,189.866201999337
ILI incidence,BE,2026-09-23,2026-09-20,0.99,1,quantile,237.830851997905
ILI incidence,BE,2026-09-23,2026-09-27,0.01,2,quantile,6.85355459260884
ILI incidence,BE,2026-09-23,2026-09-27,0.025,2,quantile,13.9213987527061
ILI incidence,BE,2026-09-23,2026-09-27,0.05,2,quantile,19.5900121279232
ILI incidence,BE,2026-09-23,2026-09-27,0.1,2,quantile,26.9295079831512
ILI incidence,BE,2026-09-23,2026-09-27,0.15,2,quantile,34.9316244308007
ILI incidence,BE,2026-09-23,2026-09-27,0.2,2,quantile,41.5585619269381
ILI incidence,BE,2026-09-23,2026-09-27,0.25,2,quantile,48.7481558082254
ILI incidence,BE,2026-09-23,2026-09-27,0.3,2,quantile,52.9164682947385
ILI incidence,BE,2026-09-23,2026-09-27,0.35,2,quantile,59.9807424042569
ILI incidence,BE,2026-09-23,2026-09-27,0.4,2,quantile,65.7991983793552
ILI incidence,BE,2026-09-23,2026-09-27,0.45,2,quantile,73.3921229701331
ILI incidence,BE,2026-09-23,2026-09-27,0.5,2,quantile,79.3725981771919
ILI incidence,BE,2026-09-23,2026-09-27,0.55,2,quantile,85.9676465249459
ILI incidence,BE,2026-09-23,2026-09-27,0.6,2,quantile,93.8500190766799
ILI incidence,BE,2026-09-23,2026-09-27,0.65,2,quantile,104.414838585273
ILI incidence,BE,2026-09-23,2026-09-27,0.7,2,quantile,116.004959620172
ILI incidence,BE,2026-09-23,2026-09-27,0.75,2,quantile,130.714411015211
ILI incidence,BE,2026-09-23,2026-09-27,0.8,2,quantile,148.075446398636
ILI incidence,BE,2026-09-23,2026-09-27,0.85,2,quantile,169.964923805941
ILI incidence,BE,2026-09-23,2026-09-27,0.9,2,quantile,212.630434194938
ILI incidence,BE,2026-09-23,2026-09-27,0.95,2,quantile,290.97956592363
ILI incidence,BE,2026-09-23,2026-09-27,0.975,2,quantile,358.336242795968
ILI incidence,BE,2026-09-23,2026-09-27,0.99,2,quantile,429.796301658061
ILI incidence,BE,2026-09-23,2026-10-04,0.01,3,quantile,4.24815526518772
ILI incidence,BE,2026-09-23,2026-10-04,0.025,3,quantile,9.1410574150223
ILI incidence,BE,2026-09-23,2026-10-04,0.05,3,quantile,15.1158805234918
ILI incidence,BE,2026-09-23,2026-10-04,0.1,3,quantile,25.2365250856274
ILI incidence,BE,2026-09-23,2026-10-04,0.15,3,quantile,33.1882211985383
ILI incidence,BE,2026-09-23,2026-10-04,0.2,3,quantile,41.3849116003085
ILI incidence,BE,2026-09-23,2026-10-04,0.25,3,quantile,46.8713388973556
ILI incidence,BE,2026-09-23,2026-10-04,0.3,3,quantile,54.3732997352911
ILI incidence,BE,2026-09-23,2026-10-04,0.35,3,quantile,61.26954505236
ILI incidence,BE,2026-09-23,2026-10-04,0.4,3,quantile,69.0096860599626
ILI incidence,BE,2026-09-23,2026-10-04,0.45,3,quantile,78.293627350936
ILI incidence,BE,2026-09-23,2026-10-04,0.5,3,quantile,89.3372432268957
ILI incidence,BE,2026-09-23,2026-10-04,0.55,3,quantile,98.8818420382073
ILI incidence,BE,2026-09-23,2026-10-04,0.6,3,quantile,115.932322866776
ILI incidence,BE,2026-09-23,2026-10-04,0.65,3,quantile,133.846624851866
ILI incidence,BE,2026-09-23,2026-10-04,0.7,3,quantile,153.2830475797
ILI incidence,BE,2026-09-23,2026-10-04,0.75,3,quantile,171.868646452229
ILI incidence,BE,2026-09-23,2026-10-04,0.8,3,quantile,201.022371114679
ILI incidence,BE,2026-09-23,2026-10-04,0.85,3,quantile,237.248322479541
ILI incidence,BE,2026-09-23,2026-10-04,0.9,3,quantile,307.850011372636
ILI incidence,BE,2026-09-23,2026-10-04,0.95,3,quantile,425.468067112271
ILI incidence,BE,2026-09-23,2026-10-04,0.975,3,quantile,531.31619003392
ILI incidence,BE,2026-09-23,2026-10-04,0.99,3,quantile,688.226778413389
ILI incidence,BE,2026-09-23,2026-10-11,0.01,4,quantile,0
ILI incidence,BE,2026-09-23,2026-10-11,0.025,4,quantile,3.74715729990369
ILI incidence,BE,2026-09-23,2026-10-11,0.05,4,quantile,9.32087909421446
ILI incidence,BE,2026-09-23,2026-10-11,0.1,4,quantile,21.0871137914463
ILI incidence,BE,2026-09-23,2026-10-11,0.15,4,quantile,27.2606113040376
ILI incidence,BE,2026-09-23,2026-10-11,0.2,4,quantile,37.3174411486528
ILI incidence,BE,2026-09-23,2026-10-11,0.25,4,quantile,43.3684274108927
ILI incidence,BE,2026-09-23,2026-10-11,0.3,4,quantile,54.8615386686405
ILI incidence,BE,2026-09-23,2026-10-11,0.35,4,quantile,66.4566561640568
ILI incidence,BE,2026-09-23,2026-10-11,0.4,4,quantile,77.0935967712063
ILI incidence,BE,2026-09-23,2026-10-11,0.45,4,quantile,88.1885459175123
ILI incidence,BE,2026-09-23,2026-10-11,0.5,4,quantile,100.146540730539
ILI incidence,BE,2026-09-23,2026-10-11,0.55,4,quantile,114.726982291349
ILI incidence,BE,2026-09-23,2026-10-11,0.6,4,quantile,131.404592908062
ILI incidence,BE,2026-09-23,2026-10-11,0.65,4,quantile,154.737448354891
ILI incidence,BE,2026-09-23,2026-10-11,0.7,4,quantile,181.785397371723
ILI incidence,BE,2026-09-23,2026-10-11,0.75,4,quantile,218.333514015289
ILI incidence,BE,2026-09-23,2026-10-11,0.8,4,quantile,254.479281582707
ILI incidence,BE,2026-09-23,2026-10-11,0.85,4,quantile,323.199452132357
ILI incidence,BE,2026-09-23,2026-10-11,0.9,4,quantile,418.95925269026
ILI incidence,BE,2026-09-23,2026-10-11,0.95,4,quantile,587.803762938807
ILI incidence,BE,2026-09-23,2026-10-11,0.975,4,quantile,760.494717260881
ILI incidence,BE,2026-09-23,2026-10-11,0.99,4,quantile,989.287834495223
ILI incidence,BE,2026-09-23,2026-09-20,,1,median,70.249568557786
ILI incidence,BE,2026-09-23,2026-09-27,,2,median,79.3725981771919
ILI incidence,BE,2026-09-23,2026-10-04,,3,median,89.3372432268957
ILI incidence,BE,2026-09-23,2026-10-11,,4,median,100.146540730539
ILI incidence,CH,2026-09-23,2026-09-20,0.01,1,quantile,1.74592274761345
ILI incidence,CH,2026-09-23,2026-09-20,0.025,1,quantile,2.08711355340029
ILI incidence,CH,2026-09-23,2026-09-20,0.05,1,quantile,3.22883281581
ILI incidence,CH,2026-09-23,2026-09-20,0.1,1,quantile,4.75713539038754
ILI incidence,CH,2026-09-23,2026-09-20,0.15,1,quantile,6.12216639276708
ILI incidence,CH,2026-09-23,2026-09-20,0.2,1,quantile,7.67344193197166
ILI incidence,CH,2026-09-23,2026-09-20,0.25,1,quantile,9.45384319595985
ILI incidence,CH,2026-09-23,2026-09-20,0.3,1,quantile,11.6292132971054
ILI incidence,CH,2026-09-23,2026-09-20,0.35,1,quantile,14.1563136936218
ILI incidence,CH,2026-09-23,2026-09-20,0.4,1,quantile,16.6458333236835
ILI incidence,CH,2026-09-23,2026-09-20,0.45,1,quantile,19.1940613769956
ILI incidence,CH,2026-09-23,2026-09-20,0.5,1,quantile,23.5303130826247
ILI incidence,CH,2026-09-23,2026-09-20,0.55,1,quantile,27.7198930455361
ILI incidence,CH,2026-09-23,2026-09-20,0.6,1,quantile,31.5918916614522
ILI incidence,CH,2026-09-23,2026-09-20,0.65,1,quantile,35.9170722356333
ILI incidence,CH,2026-09-23,2026-09-20,0.7,1,quantile,41.1692861918333
ILI incidence,CH,2026-09-23,2026-09-20,0.75,1,quantile,45.5380818504591
ILI incidence,CH,2026-09-23,2026-09-20,0.8,1,quantile,53.3340383172491
ILI incidence,CH,2026-09-23,2026-09-20,0.85,1,quantile,61.7395880589394
ILI incidence,CH,2026-09-23,2026-09-20,0.9,1,quantile,74.2936254208692
ILI incidence,CH,2026-09-23,2026-09-20,0.95,1,quantile,94.9980007489883
ILI incidence,CH,2026-09-23,2026-09-20,0.975,1,quantile,119.797124245419
ILI incidence,CH,2026-09-23,2026-09-20,0.99,1,quantile,153.053354489725
ILI incidence,CH,2026-09-23,2026-09-27,0.01,2,quantile,2.62478689198011
ILI incidence,CH,2026-09-23,2026-09-27,0.025,2,quantile,3.72123624840178
ILI incidence,CH,2026-09-23,2026-09-27,0.05,2,quantile,5.09182147203066
ILI incidence,CH,2026-09-23,2026-09-27,0.1,2,quantile,7.22543239609558
ILI incidence,CH,2026-09-23,2026-09-27,0.15,2,quantile,9.00288977674371
ILI incidence,CH,2026-09-23,2026-09-27,0.2,2,quantile,10.7404854831047
ILI incidence,CH,2026-09-23,2026-09-27,0.25,2,quantile,12.723965433539
ILI incidence,CH,2026-09-23,2026-09-27,0.3,2,quantile,14.6759276619536
ILI incidence,CH,2026-09-23,2026-09-27,0.35,2,quantile,16.9891754079314
ILI incidence,CH,2026-09-23,2026-09-27,0.4,2,quantile,19.9261928093032
ILI incidence,CH,2026-09-23,2026-09-27,0.45,2,quantile,22.8711732539033
ILI incidence,CH,2026-09-23,2026-09-27,0.5,2,quantile,26.5093465886151
ILI incidence,CH,2026-09-23,2026-09-27,0.55,2,quantile,30.4821042302208
ILI incidence,CH,2026-09-23,2026-09-27,0.6,2,quantile,36.2977856076391
ILI incidence,CH,2026-09-23,2026-09-27,0.65,2,quantile,41.7951814636041
ILI incidence,CH,2026-09-23,2026-09-27,0.7,2,quantile,48.4220845651544
ILI incidence,CH,2026-09-23,2026-09-27,0.75,2,quantile,56.2738168739058
ILI incidence,CH,2026-09-23,2026-09-27,0.8,2,quantile,66.9633583268263
ILI incidence,CH,2026-09-23,2026-09-27,0.85,2,quantile,81.9606911393797
ILI incidence,CH,2026-09-23,2026-09-27,0.9,2,quantile,102.285937598693
ILI incidence,CH,2026-09-23,2026-09-27,0.95,2,quantile,140.869647748881
ILI incidence,CH,2026-09-23,2026-09-27,0.975,2,quantile,181.239243204385
ILI incidence,CH,2026-09-23,2026-09-27,0.99,2,quantile,223.661216206909
ILI incidence,CH,2026-09-23,2026-10-04,0.01,3,quantile,2.24110018830857
ILI incidence,CH,2026-09-23,2026-10-04,0.025,3,quantile,4.21988537213298
ILI incidence,CH,2026-09-23,2026-10-04,0.05,3,quantile,5.94024733769035
ILI incidence,CH,2026-09-23,2026-10-04,0.1,3,quantile,7.91878047309975
ILI incidence,CH,2026-09-23,2026-10-04,0.15,3,quantile,9.70811135770488
ILI incidence,CH,2026-09-23,2026-10-04,0.2,3,quantile,11.6026491733745
ILI incidence,CH,2026-09-23,2026-10-04,0.25,3,quantile,13.8856026109048
ILI incidence,CH,2026-09-23,2026-10-04,0.3,3,quantile,16.1423036635944
ILI incidence,CH,2026-09-23,2026-10-04,0.35,3,quantile,18.5495162408934
ILI incidence,CH,2026-09-23,2026-10-04,0.4,3,quantile,21.9944986541379
ILI incidence,CH,2026-09-23,2026-10-04,0.45,3,quantile,24.8777694775307
ILI incidence,CH,2026-09-23,2026-10-04,0.5,3,quantile,29.6917619941234
ILI incidence,CH,2026-09-23,2026-10-04,0.55,3,quantile,35.3069671254823
ILI incidence,CH,2026-09-23,2026-10-04,0.6,3,quantile,41.196306826806
ILI incidence,CH,2026-09-23,2026-10-04,0.65,3,quantile,48.194378931508
ILI incidence,CH,2026-09-23,2026-10-04,0.7,3,quantile,56.9696397400616
ILI incidence,CH,2026-09-23,2026-10-04,0.75,3,quantile,66.5563409261729
ILI incidence,CH,2026-09-23,2026-10-04,0.8,3,quantile,84.4000494642279
ILI incidence,CH,2026-09-23,2026-10-04,0.85,3,quantile,103.005063189476
ILI incidence,CH,2026-09-23,2026-10-04,0.9,3,quantile,139.576199204639
ILI incidence,CH,2026-09-23,2026-10-04,0.95,3,quantile,187.668338226274
ILI incidence,CH,2026-09-23,2026-10-04,0.975,3,quantile,237.062716797161
ILI incidence,CH,2026-09-23,2026-10-04,0.99,3,quantile,305.407403576645
ILI incidence,CH,2026-09-23,2026-10-11,0.01,4,quantile,0.858932602901961
ILI incidence,CH,2026-09-23,2026-10-11,0.025,4,quantile,3.1991981928153
ILI incidence,CH,2026-09-23,2026-10-11,0.05,4,quantile,4.29074987880067
ILI incidence,CH,2026-09-23,2026-10-11,0.1,4,quantile,6.41289356517299
ILI incidence,CH,2026-09-23,2026-10-11,0.15,4,quantile,8.39986475752573
ILI incidence,CH,2026-09-23,2026-10-11,0.2,4,quantile,10.4760746864237
ILI incidence,CH,2026-09-23,2026-10-11,0.25,4,quantile,13.5717609587351
ILI incidence,CH,2026-09-23,2026-10-11,0.3,4,quantile,16.5612731490713
ILI incidence,CH,2026-09-23,2026-10-11,0.35,4,quantile,19.7262920997397
ILI incidence,CH,2026-09-23,2026-10-11,0.4,4,quantile,23.1872314143378
ILI incidence,CH,2026-09-23,2026-10-11,0.45,4,quantile,27.7801174236626
ILI incidence,CH,2026-09-23,2026-10-11,0.5,4,quantile,33.0727053851984
ILI incidence,CH,2026-09-23,2026-10-11,0.55,4,quantile,38.9799693181729
ILI incidence,CH,2026-09-23,2026-10-11,0.6,4,quantile,46.7386974139239
ILI incidence,CH,2026-09-23,2026-10-11,0.65,4,quantile,53.625114354585
ILI incidence,CH,2026-09-23,2026-10-11,0.7,4,quantile,64.9598675791799
ILI incidence,CH,2026-09-23,2026-10-11,0.75,4,quantile,78.2808975492562
ILI incidence,CH,2026-09-23,2026-10-11,0.8,4,quantile,97.5887397691316
ILI incidence,CH,2026-09-23,2026-10-11,0.85,4,quantile,121.680523577905
ILI incidence,CH,2026-09-23,2026-10-11,0.9,4,quantile,167.585798138645
ILI incidence,CH,2026-09-23,2026-10-11,0.95,4,quantile,229.396705658151
ILI incidence,CH,2026-09-23,2026-10-11,0.975,4,quantile,276.325989958229
ILI incidence,CH,2026-09-23,2026-10-11,0.99,4,quantile,357.635122200638
ILI incidence,CH,2026-09-23,2026-09-20,,1,median,23.5303130826247
ILI incidence,CH,2026-09-23,2026-09-27,,2,median,26.5093465886151
ILI incidence,CH,2026-09-23,2026-10-04,,3,median,29.6917619941234
ILI incidence,CH,2026-09-23,2026-10-11,,4,median,33.0727053851984
ILI incidence,CZ,2026-09-23,2026-09-20,0.01,1,quantile,0.721833435719045
ILI incidence,CZ,2026-09-23,2026-09-20,0.025,1,quantile,0.961201787937428
ILI incidence,CZ,2026-09-23,2026-09-20,0.05,1,quantile,1.28336065145227
ILI incidence,CZ,2026-09-23,2026-09-20,0.1,1,quantile,1.80616729522375
ILI incidence,CZ,2026-09-23,2026-09-20,0.15,1,quantile,2.20557131489192
ILI incidence,CZ,2026-09-23,2026-09-20,0.2,1,quantile,2.70773092796465
ILI incidence,CZ,2026-09-23,2026-09-20,0.25,1,quantile,3.18811006423322
ILI incidence,CZ,2026-09-23,2026-09-20,0.3,1,quantile,3.69423142680495
ILI incidence,CZ,2026-09-23,2026-09-20,0.35,1,quantile,4.30314090026955
ILI incidence,CZ,2026-09-23,2026-09-20,0.4,1,quantile,4.84081003965796
ILI incidence,CZ,2026-09-23,2026-09-20,0.45,1,quantile,5.53834798407597
ILI incidence,CZ,2026-09-23,2026-09-20,0.5,1,quantile,6.22505393146239
ILI incidence,CZ,2026-09-23,2026-09-20,0.55,1,quantile,7.12340067918443
ILI incidence,CZ,2026-09-23,2026-09-20,0.6,1,quantile,8.04819854060421
ILI incidence,CZ,2026-09-23,2026-09-20,0.65,1,quantile,8.97569046371699
ILI incidence,CZ,2026-09-23,2026-09-20,0.7,1,quantile,9.89047242206152
ILI incidence,CZ,2026-09-23,2026-09-20,0.75,1,quantile,11.4359260601747
ILI incidence,CZ,2026-09-23,2026-09-20,0.8,1,quantile,13.3062746988714
ILI incidence,CZ,2026-09-23,2026-09-20,0.85,1,quantile,15.6517814494459
ILI incidence,CZ,2026-09-23,2026-09-20,0.9,1,quantile,18.9202826043142
ILI incidence,CZ,2026-09-23,2026-09-20,0.95,1,quantile,24.5594558383291
ILI incidence,CZ,2026-09-23,2026-09-20,0.975,1,quantile,28.5528414302528
ILI incidence,CZ,2026-09-23,2026-09-20,0.99,1,quantile,36.4316371663808
ILI incidence,CZ,2026-09-23,2026-09-27,0.01,2,quantile,0
ILI incidence,CZ,2026-09-23,2026-09-27,0.025,2,quantile,0.13701525452658
ILI incidence,CZ,2026-09-23,2026-09-27,0.05,2,quantile,0.569797099526053
ILI incidence,CZ,2026-09-23,2026-09-27,0.1,2,quantile,1.21973821788008
ILI incidence,CZ,2026-09-23,2026-09-27,0.15,2,quantile,1.84596585549407
ILI incidence,CZ,2026-09-23,2026-09-27,0.2,2,quantile,2.53717952392754
ILI incidence,CZ,2026-09-23,2026-09-27,0.25,2,quantile,3.14017566123783
ILI incidence,CZ,2026-09-23,2026-09-27,0.3,2,quantile,3.67310155604006
ILI incidence,CZ,2026-09-23,2026-09-27,0.35,2,quantile,4.42725666667339
ILI incidence,CZ,2026-09-23,2026-09-27,0.4,2,quantile,5.16661780031425
ILI incidence,CZ,2026-09-23,2026-09-27,0.45,2,quantile,6.04964676310567
ILI incidence,CZ,2026-09-23,2026-09-27,0.5,2,quantile,6.92913890456968
ILI incidence,CZ,2026-09-23,2026-09-27,0.55,2,quantile,7.81033288439827
ILI incidence,CZ,2026-09-23,2026-09-27,0.6,2,quantile,8.98858979825405
ILI incidence,CZ,2026-09-23,2026-09-27,0.65,2,quantile,10.2506287270372
ILI incidence,CZ,2026-09-23,2026-09-27,0.7,2,quantile,11.8450719818868
ILI incidence,CZ,2026-09-23,2026-09-27,0.75,2,quantile,13.5947102893834
ILI incidence,CZ,2026-09-23,2026-09-27,0.8,2,quantile,15.5815835738925
ILI incidence,CZ,2026-09-23,2026-09-27,0.85,2,quantile,19.6289903083999
ILI incidence,CZ,2026-09-23,2026-09-27,0.9,2,quantile,24.7508565657096
ILI incidence,CZ,2026-09-23,2026-09-27,0.95,2,quantile,34.8256570744567
ILI incidence,CZ,2026-09-23,2026-09-27,0.975,2,quantile,45.7937032538921
ILI incidence,CZ,2026-09-23,2026-09-27,0.99,2,quantile,60.2875593592907
ILI incidence,CZ,2026-09-23,2026-10-04,0.01,3,quantile,0
ILI incidence,CZ,2026-09-23,2026-10-04,0.025,3,quantile,0
ILI incidence,CZ,2026-09-23,2026-10-04,0.05,3,quantile,0
ILI incidence,CZ,2026-09-23,2026-10-04,0.1,3,quantile,0.888719467491924
ILI incidence,CZ,2026-09-23,2026-10-04,0.15,3,quantile,1.5256828764952
ILI incidence,CZ,2026-09-23,2026-10-04,0.2,3,quantile,2.25825046044338
ILI incidence,CZ,2026-09-23,2026-10-04,0.25,3,quantile,2.99907965665628
ILI incidence,CZ,2026-09-23,2026-10-04,0.3,3,quantile,3.73015178569199
ILI incidence,CZ,2026-09-23,2026-10-04,0.35,3,quantile,4.62601511056667
ILI incidence,CZ,2026-09-23,2026-10-04,0.4,3,quantile,5.51255503442657
ILI incidence,CZ,2026-09-23,2026-10-04,0.45,3,quantile,6.51380256377175
ILI incidence,CZ,2026-09-23,2026-10-04,0.5,3,quantile,7.74276069471354
ILI incidence,CZ,2026-09-23,2026-10-04,0.55,3,quantile,9.05323143199709
ILI incidence,CZ,2026-09-23,2026-10-04,0.6,3,quantile,10.66532872153
ILI incidence,CZ,2026-09-23,2026-10-04,0.65,3,quantile,12.3360277320168
ILI incidence,CZ,2026-09-23,2026-10-04,0.7,3,quantile,14.3004327282085
ILI incidence,CZ,2026-09-23,2026-10-04,0.75,3,quantile,17.6648673572276
ILI incidence,CZ,2026-09-23,2026-10-04,0.8,3,quantile,21.0334533748211
ILI incidence,CZ,2026-09-23,2026-10-04,0.85,3,quantile,24.7994310428994
ILI incidence,CZ,2026-09-23,2026-10-04,0.9,3,quantile,32.5882214374306
ILI incidence,CZ,2026-09-23,2026-10-04,0.95,3,quantile,48.0471538315695
ILI incidence,CZ,2026-09-23,2026-10-04,0.975,3,quantile,62.1349449337549
ILI incidence,CZ,2026-09-23,2026-10-04,0.99,3,quantile,93.3491573728819
ILI incidence,CZ,2026-09-23,2026-10-11,0.01,4,quantile,0
ILI incidence,CZ,2026-09-23,2026-10-11,0.025,4,quantile,0
ILI incidence,CZ,2026-09-23,2026-10-11,0.05,4,quantile,0
ILI incidence,CZ,2026-09-23,2026-10-11,0.1,4,quantile,0
ILI incidence,CZ,2026-09-23,2026-10-11,0.15,4,quantile,0.920139840692235
ILI incidence,CZ,2026-09-23,2026-10-11,0.2,4,quantile,2.07556197129825
ILI incidence,CZ,2026-09-23,2026-10-11,0.25,4,quantile,2.97196538344977
ILI incidence,CZ,2026-09-23,2026-10-11,0.3,4,quantile,4.07816656208
ILI incidence,CZ,2026-09-23,2026-10-11,0.35,4,quantile,4.9196016082367
ILI incidence,CZ,2026-09-23,2026-10-11,0.4,4,quantile,6.11730566068402
ILI incidence,CZ,2026-09-23,2026-10-11,0.45,4,quantile,7.44400886259932
ILI incidence,CZ,2026-09-23,2026-10-11,0.5,4,quantile,8.67209745217452
ILI incidence,CZ,2026-09-23,2026-10-11,0.55,4,quantile,10.4161554821355
ILI incidence,CZ,2026-09-23,2026-10-11,0.6,4,quantile,11.9949913510989
ILI incidence,CZ,2026-09-23,2026-10-11,0.65,4,quantile,14.0109677838685
ILI incidence,CZ,2026-09-23,2026-10-11,0.7,4,quantile,17.2411366391009
ILI incidence,CZ,2026-09-23,2026-10-11,0.75,4,quantile,21.1053466735235
ILI incidence,CZ,2026-09-23,2026-10-11,0.8,4,quantile,26.9487237022624
ILI incidence,CZ,2026-09-23,2026-10-11,0.85,4,quantile,33.4570674265821
ILI incidence,CZ,2026-09-23,2026-10-11,0.9,4,quantile,43.7498761840184
ILI incidence,CZ,2026-09-23,2026-10-11,0.95,4,quantile,63.112349578055
ILI incidence,CZ,2026-09-23,2026-10-11,0.975,4,quantile,87.6295620996611
ILI incidence,CZ,2026-09-23,2026-10-11,0.99,4,quantile,125.489457014801
ILI incidence,CZ,2026-09-23,2026-09-20,,1,median,6.22505393146239
ILI incidence,CZ,2026-09-23,2026-09-27,,2,median,6.92913890456968
ILI incidence,CZ,2026-09-23,2026-10-04,,3,median,7.74276069471354
ILI incidence,CZ,2026-09-23,2026-10-11,,4,median,8.67209745217452
ILI incidence,DK,2026-09-23,2026-09-20,0.01,1,quantile,35.8000682684128
ILI incidence,DK,2026-09-23,2026-09-20,0.025,1,quantile,41.0965711220069
ILI incidence,DK,2026-09-23,2026-09-20,0.05,1,quantile,44.9507638142774
ILI incidence,DK,2026-09-23,2026-09-20,0.1,1,quantile,53.217898499015
ILI incidence,DK,2026-09-23,2026-09-20,0.15,1,quantile,58.8693789981147
ILI incidence,DK,2026-09-23,2026-09-20,0.2,1,quantile,63.3775700140454
ILI incidence,DK,2026-09-23,2026-09-20,0.25,1,quantile,68.0469830865891
ILI incidence,DK,2026-09-23,2026-09-20,0.3,1,quantile,71.4722401808268
ILI incidence,DK,2026-09-23,2026-09-20,0.35,1,quantile,75.9215969123919
ILI incidence,DK,2026-09-23,2026-09-20,0.4,1,quantile,79.071528333906
ILI incidence,DK,2026-09-23,2026-09-20,0.45,1,quantile,83.3571766373775
ILI incidence,DK,2026-09-23,2026-09-20,0.5,1,quantile,87.8884077996548
ILI incidence,DK,2026-09-23,2026-09-20,0.55,1,quantile,91.9278007627733
ILI incidence,DK,2026-09-23,2026-09-20,0.6,1,quantile,96.8989571383763
ILI incidence,DK,2026-09-23,2026-09-20,0.65,1,quantile,101.454636037709
ILI incidence,DK,2026-09-23,2026-09-20,0.7,1,quantile,107.524406002674
ILI incidence,DK,2026-09-23,2026-09-20,0.75,1,quantile,114.394327879146
ILI incidence,DK,2026-09-23,2026-09-20,0.8,1,quantile,121.884484189685
ILI incidence,DK,2026-09-23,2026-09-20,0.85,1,quantile,130.75354583892
ILI incidence,DK,2026-09-23,2026-09-20,0.9,1,quantile,141.831226203967
ILI incidence,DK,2026-09-23,2026-09-20,0.95,1,quantile,161.441737820554
ILI incidence,DK,2026-09-23,2026-09-20,0.975,1,quantile,179.774512936725
ILI incidence,DK,2026-09-23,2026-09-20,0.99,1,quantile,203.593769374433
ILI incidence,DK,2026-09-23,2026-09-27,0.01,2,quantile,26.3840439044096
ILI incidence,DK,2026-09-23,2026-09-27,0.025,2,quantile,30.8782436569217
ILI incidence,DK,2026-09-23,2026-09-27,0.05,2,quantile,36.7297610225533
ILI incidence,DK,2026-09-23,2026-09-27,0.1,2,quantile,46.6788238528785
ILI incidence,DK,2026-09-23,2026-09-27,0.15,2,quantile,52.7767683186739
ILI incidence,DK,2026-09-23,2026-09-27,0.2,2,quantile,57.9015963669378
ILI incidence,DK,2026-09-23,2026-09-27,0.25,2,quantile,62.2412961144246
ILI incidence,DK,2026-09-23,2026-09-27,0.3,2,quantile,67.0337036018253
ILI incidence,DK,2026-09-23,2026-09-27,0.35,2,quantile,72.1428046816089
ILI incidence,DK,2026-09-23,2026-09-27,0.4,2,quantile,77.8832639082146
ILI incidence,DK,2026-09-23,2026-09-27,0.45,2,quantile,83.9797599742615
ILI incidence,DK,2026-09-23,2026-09-27,0.5,2,quantile,90.4489174170147
ILI incidence,DK,2026-09-23,2026-09-27,0.55,2,quantile,97.4246494147098
ILI incidence,DK,2026-09-23,2026-09-27,0.6,2,quantile,103.781904500255
ILI incidence,DK,2026-09-23,2026-09-27,0.65,2,quantile,110.972495514595
ILI incidence,DK,2026-09-23,2026-09-27,0.7,2,quantile,120.901937830097
ILI incidence,DK,2026-09-23,2026-09-27,0.75,2,quantile,132.39984706632
ILI incidence,DK,2026-09-23,2026-09-27,0.8,2,quantile,144.893182845915
ILI incidence,DK,2026-09-23,2026-09-27,0.85,2,quantile,165.017678556871
ILI incidence,DK,2026-09-23,2026-09-27,0.9,2,quantile,184.523348238044
ILI incidence,DK,2026-09-23,2026-09-27,0.95,2,quantile,218.157731405247
ILI incidence,DK,2026-09-23,2026-09-27,0.975,2,quantile,244.653342088543
ILI incidence,DK,2026-09-23,2026-09-27,0.99,2,quantile,291.433981251056
ILI incidence,DK,2026-09-23,2026-10-04,0.01,3,quantile,17.5606860890469
ILI incidence,DK,2026-09-23,2026-10-04,0.025,3,quantile,22.645995037367
ILI incidence,DK,2026-09-23,2026-10-04,0.05,3,quantile,30.3666564343783
ILI incidence,DK,2026-09-23,2026-10-04,0.1,3,quantile,38.3607575228456
ILI incidence,DK,2026-09-23,2026-10-04,0.15,3,quantile,45.8906520302696
ILI incidence,DK,2026-09-23,2026-10-04,0.2,3,quantile,53.0181599798645
ILI incidence,DK,2026-09-23,2026-10-04,0.25,3,quantile,57.4808465067132
ILI incidence,DK,2026-09-23,2026-10-04,0.3,3,quantile,63.0306357365159
ILI incidence,DK,2026-09-23,2026-10-04,0.35,3,quantile,70.1510767446905
ILI incidence,DK,2026-09-23,2026-10-04,0.4,3,quantile,76.2668914630814
ILI incidence,DK,2026-09-23,2026-10-04,0.45,3,quantile,82.8343767195369
ILI incidence,DK,2026-09-23,2026-10-04,0.5,3,quantile,92.3099719312251
ILI incidence,DK,2026-09-23,2026-10-04,0.55,3,quantile,100.337197826625
ILI incidence,DK,2026-09-23,2026-10-04,0.6,3,quantile,110.738234238051
ILI incidence,DK,2026-09-23,2026-10-04,0.65,3,quantile,121.788122603768
ILI incidence,DK,2026-09-23,2026-10-04,0.7,3,quantile,133.459994918326
ILI incidence,DK,2026-09-23,2026-10-04,0.75,3,quantile,149.171811855813
ILI incidence,DK,2026-09-23,2026-10-04,0.8,3,quantile,167.446252850184
ILI incidence,DK,2026-09-23,2026-10-04,0.85,3,quantile,187.837184117865
ILI incidence,DK,2026-09-23,2026-10-04,0.9,3,quantile,224.062452353659
ILI incidence,DK,2026-09-23,2026-10-04,0.95,3,quantile,272.437253716988
ILI incidence,DK,2026-09-23,2026-10-04,0.975,3,quantile,327.566918722217
ILI incidence,DK,2026-09-23,2026-10-04,0.99,3,quantile,376.169354508032
ILI incidence,DK,2026-09-23,2026-10-11,0.01,4,quantile,13.2851470215123
ILI incidence,DK,2026-09-23,2026-10-11,0.025,4,quantile,18.9035099906555
ILI incidence,DK,2026-09-23,2026-10-11,0.05,4,quantile,22.5387797609951
ILI incidence,DK,2026-09-23,2026-10-11,0.1,4,quantile,30.5497271897629
ILI incidence,DK,2026-09-23,2026-10-11,0.15,4,quantile,38.0128091324379
ILI incidence,DK,2026-09-23,2026-10-11,0.2,4,quantile,44.4762139299356
ILI incidence,DK,2026-09-23,2026-10-11,0.25,4,quantile,50.9250914898086
ILI incidence,DK,2026-09-23,2026-10-11,0.3,4,quantile,58.3469204983318
ILI incidence,DK,2026-09-23,2026-10-11,0.35,4,quantile,66.8949657632274
ILI incidence,DK,2026-09-23,2026-10-11,0.4,4,quantile,73.3058494036537
ILI incidence,DK,2026-09-23,2026-10-11,0.45,4,quantile,84.0518967467146
ILI incidence,DK,2026-09-23,2026-10-11,0.5,4,quantile,93.6045542696033
ILI incidence,DK,2026-09-23,2026-10-11,0.55,4,quantile,108.192372859908
ILI incidence,DK,2026-09-23,2026-10-11,0.6,4,quantile,120.645137407397
ILI incidence,DK,2026-09-23,2026-10-11,0.65,4,quantile,136.001865672419
ILI incidence,DK,2026-09-23,2026-10-11,0.7,4,quantile,149.453866791524
ILI incidence,DK,2026-09-23,2026-10-11,0.75,4,quantile,168.788180360424
ILI incidence,DK,2026-09-23,2026-10-11,0.8,4,quantile,188.373869654916
ILI incidence,DK,2026-09-23,2026-10-11,0.85,4,quantile,212.710147193402
ILI incidence,DK,2026-09-23,2026-10-11,0.9,4,quantile,256.604751597354
ILI incidence,DK,2026-09-23,2026-10-11,0.95,4,quantile,318.264222207827
ILI incidence,DK,2026-09-23,2026-10-11,0.975,4,quantile,390.021396915067
ILI incidence,DK,2026-09-23,2026-10-11,0.99,4,quantile,454.642195372483
ILI incidence,DK,2026-09-23,2026-09-20,,1,median,87.8884077996548
ILI incidence,DK,2026-09-23,2026-09-27,,2,median,90.4489174170147
ILI incidence,DK,2026-09-23,2026-10-04,,3,median,92.3099719312251
ILI incidence,DK,2026-09-23,2026-10-11,,4,median,93.6045542696033
ILI incidence,EE,2026-09-23,2026-09-20,0.01,1,quantile,10.379796391062
ILI incidence,EE,2026-09-23,2026-09-20,0.025,1,quantile,12.4717359308284
ILI incidence,EE,2026-09-23,2026-09-20,0.05,1,quantile,18.4445302210739
ILI incidence,EE,2026-09-23,2026-09-20,0.1,1,quantile,29.2709358523524
ILI incidence,EE,2026-09-23,2026-09-20,0.15,1,quantile,34.4846825973948
ILI incidence,EE,2026-09-23,2026-09-20,0.2,1,quantile,40.7525966816699
ILI incidence,EE,2026-09-23,2026-09-20,0.25,1,quantile,47.7004190301418
ILI incidence,EE,2026-09-23,2026-09-20,0.3,1,quantile,53.3390842723989
ILI incidence,EE,2026-09-23,2026-09-20,0.35,1,quantile,59.4661688640795
ILI incidence,EE,2026-09-23,2026-09-20,0.4,1,quantile,66.2660492252386
ILI incidence,EE,2026-09-23,2026-09-20,0.45,1,quantile,74.5312454298496
ILI incidence,EE,2026-09-23,2026-09-20,0.5,1,quantile,80.9182255904978
ILI incidence,EE,2026-09-23,2026-09-20,0.55,1,quantile,88.9906616498316
ILI incidence,EE,2026-09-23,2026-09-20,0.6,1,quantile,97.1606628618894
ILI incidence,EE,2026-09-23,2026-09-20,0.65,1,quantile,107.369042019205
ILI incidence,EE,2026-09-23,2026-09-20,0.7,1,quantile,117.017458168724
ILI incidence,EE,2026-09-23,2026-09-20,0.75,1,quantile,128.787046891942
ILI incidence,EE,2026-09-23,2026-09-20,0.8,1,quantile,141.723613872922
ILI incidence,EE,2026-09-23,2026-09-20,0.85,1,quantile,165.156449774333
ILI incidence,EE,2026-09-23,2026-09-20,0.9,1,quantile,197.883307304167
ILI incidence,EE,2026-09-23,2026-09-20,0.95,1,quantile,243.176435136101
ILI incidence,EE,2026-09-23,2026-09-20,0.975,1,quantile,296.922753464704
ILI incidence,EE,2026-09-23,2026-09-20,0.99,1,quantile,377.199885995205
ILI incidence,EE,2026-09-23,2026-09-27,0.01,2,quantile,21.8350745059151
ILI incidence,EE,2026-09-23,2026-09-27,0.025,2,quantile,21.8350745059151
ILI incidence,EE,2026-09-23,2026-09-27,0.05,2,quantile,24.1077355090374
ILI incidence,EE,2026-09-23,2026-09-27,0.1,2,quantile,27.7798679299116
ILI incidence,EE,2026-09-23,2026-09-27,0.15,2,quantile,32.6783343667104
ILI incidence,EE,2026-09-23,2026-09-27,0.2,2,quantile,37.2428096364914
ILI incidence,EE,2026-09-23,2026-09-27,0.25,2,quantile,45.3947964614095
ILI incidence,EE,2026-09-23,2026-09-27,0.3,2,quantile,53.0497755896419
ILI incidence,EE,2026-09-23,2026-09-27,0.35,2,quantile,61.213884760153
ILI incidence,EE,2026-09-23,2026-09-27,0.4,2,quantile,68.5439041690371
ILI incidence,EE,2026-09-23,2026-09-27,0.45,2,quantile,75.458023361557
ILI incidence,EE,2026-09-23,2026-09-27,0.5,2,quantile,85.0001093991014
ILI incidence,EE,2026-09-23,2026-09-27,0.55,2,quantile,97.4616968382313
ILI incidence,EE,2026-09-23,2026-09-27,0.6,2,quantile,113.566140962938
ILI incidence,EE,2026-09-23,2026-09-27,0.65,2,quantile,129.173647710721
ILI incidence,EE,2026-09-23,2026-09-27,0.7,2,quantile,145.377078610167
ILI incidence,EE,2026-09-23,2026-09-27,0.75,2,quantile,160.836052486049
ILI incidence,EE,2026-09-23,2026-09-27,0.8,2,quantile,190.653090418698
ILI incidence,EE,2026-09-23,2026-09-27,0.85,2,quantile,230.882606980406
ILI incidence,EE,2026-09-23,2026-09-27,0.9,2,quantile,285.886674802888
ILI incidence,EE,2026-09-23,2026-09-27,0.95,2,quantile,380.959495755196
ILI incidence,EE,2026-09-23,2026-09-27,0.975,2,quantile,455.651716796965
ILI incidence,EE,2026-09-23,2026-09-27,0.99,2,quantile,568.724530241297
ILI incidence,EE,2026-09-23,2026-10-04,0.01,3,quantile,26.4741082245328
ILI incidence,EE,2026-09-23,2026-10-04,0.025,3,quantile,26.4741082245328
ILI incidence,EE,2026-09-23,2026-10-04,0.05,3,quantile,26.7255026756609
ILI incidence,EE,2026-09-23,2026-10-04,0.1,3,quantile,30.1458083214563
ILI incidence,EE,2026-09-23,2026-10-04,0.15,3,quantile,34.0981094322035
ILI incidence,EE,2026-09-23,2026-10-04,0.2,3,quantile,38.5135501751661
ILI incidence,EE,2026-09-23,2026-10-04,0.25,3,quantile,44.2267447703198
ILI incidence,EE,2026-09-23,2026-10-04,0.3,3,quantile,49.7081619929548
ILI incidence,EE,2026-09-23,2026-10-04,0.35,3,quantile,56.8583407823503
ILI incidence,EE,2026-09-23,2026-10-04,0.4,3,quantile,67.2934199541494
ILI incidence,EE,2026-09-23,2026-10-04,0.45,3,quantile,75.902851314745
ILI incidence,EE,2026-09-23,2026-10-04,0.5,3,quantile,89.3345979090685
ILI incidence,EE,2026-09-23,2026-10-04,0.55,3,quantile,103.735807015374
ILI incidence,EE,2026-09-23,2026-10-04,0.6,3,quantile,121.218258518205
ILI incidence,EE,2026-09-23,2026-10-04,0.65,3,quantile,140.598679899539
ILI incidence,EE,2026-09-23,2026-10-04,0.7,3,quantile,170.217167897588
ILI incidence,EE,2026-09-23,2026-10-04,0.75,3,quantile,204.467168920072
ILI incidence,EE,2026-09-23,2026-10-04,0.8,3,quantile,239.460900583997
ILI incidence,EE,2026-09-23,2026-10-04,0.85,3,quantile,298.239693307269
ILI incidence,EE,2026-09-23,2026-10-04,0.9,3,quantile,373.691207516537
ILI incidence,EE,2026-09-23,2026-10-04,0.95,3,quantile,495.884080293627
ILI incidence,EE,2026-09-23,2026-10-04,0.975,3,quantile,626.40363949657
ILI incidence,EE,2026-09-23,2026-10-04,0.99,3,quantile,743.675262332676
ILI incidence,EE,2026-09-23,2026-10-11,0.01,4,quantile,32.5554939859542
ILI incidence,EE,2026-09-23,2026-10-11,0.025,4,quantile,32.5554939859542
ILI incidence,EE,2026-09-23,2026-10-11,0.05,4,quantile,32.5554939859542
ILI incidence,EE,2026-09-23,2026-10-11,0.1,4,quantile,35.2896515013923
ILI incidence,EE,2026-09-23,2026-10-11,0.15,4,quantile,38.7550759039872
ILI incidence,EE,2026-09-23,2026-10-11,0.2,4,quantile,42.3983313828391
ILI incidence,EE,2026-09-23,2026-10-11,0.25,4,quantile,45.5392763553997
ILI incidence,EE,2026-09-23,2026-10-11,0.3,4,quantile,52.2588187032915
ILI incidence,EE,2026-09-23,2026-10-11,0.35,4,quantile,60.0747798596933
ILI incidence,EE,2026-09-23,2026-10-11,0.4,4,quantile,68.7591227562325
ILI incidence,EE,2026-09-23,2026-10-11,0.45,4,quantile,81.9740210546587
ILI incidence,EE,2026-09-23,2026-10-11,0.5,4,quantile,93.887099924129
ILI incidence,EE,2026-09-23,2026-10-11,0.55,4,quantile,108.493761228943
ILI incidence,EE,2026-09-23,2026-10-11,0.6,4,quantile,124.35133648756
ILI incidence,EE,2026-09-23,2026-10-11,0.65,4,quantile,148.115419762064
ILI incidence,EE,2026-09-23,2026-10-11,0.7,4,quantile,190.986932686262
ILI incidence,EE,2026-09-23,2026-10-11,0.75,4,quantile,225.64207974665
ILI incidence,EE,2026-09-23,2026-10-11,0.8,4,quantile,283.776641440661
ILI incidence,EE,2026-09-23,2026-10-11,0.85,4,quantile,341.96140244123
ILI incidence,EE,2026-09-23,2026-10-11,0.9,4,quantile,446.008813922285
ILI incidence,EE,2026-09-23,2026-10-11,0.95,4,quantile,582.279676002407
ILI incidence,EE,2026-09-23,2026-10-11,0.975,4,quantile,781.092643077934
ILI incidence,EE,2026-09-23,2026-10-11,0.99,4,quantile,980.10665105722
ILI incidence,EE,2026-09-23,2026-09-20,,1,median,80.9182255904978
ILI incidence,EE,2026-09-23,2026-09-27,,2,median,85.0001093991014
ILI incidence,EE,2026-09-23,2026-10-04,,3,median,89.3345979090685
ILI incidence,EE,2026-09-23,2026-10-11,,4,median,93.887099924129
ILI incidence,ES,2026-09-23,2026-09-20,0.01,1,quantile,0
ILI incidence,ES,2026-09-23,2026-09-20,0.025,1,quantile,0
ILI incidence,ES,2026-09-23,2026-09-20,0.05,1,quantile,0
ILI incidence,ES,2026-09-23,2026-09-20,0.1,1,quantile,1.41413194021807
ILI incidence,ES,2026-09-23,2026-09-20,0.15,1,quantile,3.11579775026316
ILI incidence,ES,2026-09-23,2026-09-20,0.2,1,quantile,4.75317662159277
ILI incidence,ES,2026-09-23,2026-09-20,0.25,1,quantile,6.59921000010897
ILI incidence,ES,2026-09-23,2026-09-20,0.3,1,quantile,8.12304735953986
ILI incidence,ES,2026-09-23,2026-09-20,0.35,1,quantile,9.73514015367593
ILI incidence,ES,2026-09-23,2026-09-20,0.4,1,quantile,11.5152187568652
ILI incidence,ES,2026-09-23,2026-09-20,0.45,1,quantile,13.1022855605874
ILI incidence,ES,2026-09-23,2026-09-20,0.5,1,quantile,15.2078296534522
ILI incidence,ES,2026-09-23,2026-09-20,0.55,1,quantile,16.7751914794112
ILI incidence,ES,2026-09-23,2026-09-20,0.6,1,quantile,18.2071983396292
ILI incidence,ES,2026-09-23,2026-09-20,0.65,1,quantile,19.9506031969953
ILI incidence,ES,2026-09-23,2026-09-20,0.7,1,quantile,22.0221629780788
ILI incidence,ES,2026-09-23,2026-09-20,0.75,1,quantile,24.0228149817021
ILI incidence,ES,2026-09-23,2026-09-20,0.8,1,quantile,27.6768343742507
ILI incidence,ES,2026-09-23,2026-09-20,0.85,1,quantile,31.3209968017674
ILI incidence,ES,2026-09-23,2026-09-20,0.9,1,quantile,36.3829512896101
ILI incidence,ES,2026-09-23,2026-09-20,0.95,1,quantile,41.4791270385559
ILI incidence,ES,2026-09-23,2026-09-20,0.975,1,quantile,51.3099397371375
ILI incidence,ES,2026-09-23,2026-09-20,0.99,1,quantile,61.0690975990188
ILI incidence,ES,2026-09-23,2026-09-27,0.01,2,quantile,0
ILI incidence,ES,2026-09-23,2026-09-27,0.025,2,quantile,0
ILI incidence,ES,2026-09-23,2026-09-27,0.05,2,quantile,0.83444590546221
ILI incidence,ES,2026-09-23,2026-09-27,0.1,2,quantile,2.23682650689324
ILI incidence,ES,2026-09-23,2026-09-27,0.15,2,quantile,3.95414331180081
ILI incidence,ES,2026-09-23,2026-09-27,0.2,2,quantile,5.56060000574312
ILI incidence,ES,2026-09-23,2026-09-27,0.25,2,quantile,7.86858236442901
ILI incidence,ES,2026-09-23,2026-09-27,0.3,2,quantile,9.42517616132218
ILI incidence,ES,2026-09-23,2026-09-27,0.35,2,quantile,11.1698324989462
ILI incidence,ES,2026-09-23,2026-09-27,0.4,2,quantile,12.6837412640111
ILI incidence,ES,2026-09-23,2026-09-27,0.45,2,quantile,14.720020804536
ILI incidence,ES,2026-09-23,2026-09-27,0.5,2,quantile,17.279522459239
ILI incidence,ES,2026-09-23,2026-09-27,0.55,2,quantile,19.9657813718082
ILI incidence,ES,2026-09-23,2026-09-27,0.6,2,quantile,22.4372847613364
ILI incidence,ES,2026-09-23,2026-09-27,0.65,2,quantile,24.8668358799267
ILI incidence,ES,2026-09-23,2026-09-27,0.7,2,quantile,28.5011770531382
ILI incidence,ES,2026-09-23,2026-09-27,0.75,2,quantile,32.0093770929145
ILI incidence,ES,2026-09-23,2026-09-27,0.8,2,quantile,38.2545131965404
ILI incidence,ES,2026-09-23,2026-09-27,0.85,2,quantile,45.441885762324
ILI incidence,ES,2026-09-23,2026-09-27,0.9,2,quantile,55.0293247527188
ILI incidence,ES,2026-09-23,2026-09-27,0.95,2,quantile,71.8887806496192
ILI incidence,ES,2026-09-23,2026-09-27,0.975,2,quantile,83.7669666016723
ILI incidence,ES,2026-09-23,2026-09-27,0.99,2,quantile,101.84973920921
ILI incidence,ES,2026-09-23,2026-10-04,0.01,3,quantile,0
ILI incidence,ES,2026-09-23,2026-10-04,0.025,3,quantile,0
ILI incidence,ES,2026-09-23,2026-10-04,0.05,3,quantile,1.0875550079049
ILI incidence,ES,2026-09-23,2026-10-04,0.1,3,quantile,3.17338237839251
ILI incidence,ES,2026-09-23,2026-10-04,0.15,3,quantile,5.14953992690288
ILI incidence,ES,2026-09-23,2026-10-04,0.2,3,quantile,6.99052152861195
ILI incidence,ES,2026-09-23,2026-10-04,0.25,3,quantile,8.56023987551393
ILI incidence,ES,2026-09-23,2026-10-04,0.3,3,quantile,10.3757251939713
ILI incidence,ES,2026-09-23,2026-10-04,0.35,3,quantile,12.2753278130056
ILI incidence,ES,2026-09-23,2026-10-04,0.4,3,quantile,14.8394920720499
ILI incidence,ES,2026-09-23,2026-10-04,0.45,3,quantile,16.6687861603478
ILI incidence,ES,2026-09-23,2026-10-04,0.5,3,quantile,19.5260747341753
ILI incidence,ES,2026-09-23,2026-10-04,0.55,3,quantile,22.8334165162007
ILI incidence,ES,2026-09-23,2026-10-04,0.6,3,quantile,26.4032112817661
ILI incidence,ES,2026-09-23,2026-10-04,0.65,3,quantile,30.7640545622634
ILI incidence,ES,2026-09-23,2026-10-04,0.7,3,quantile,35.7546747775055
ILI incidence,ES,2026-09-23,2026-10-04,0.75,3,quantile,43.3377388634174
ILI incidence,ES,2026-09-23,2026-10-04,0.8,3,quantile,51.4115916754627
ILI incidence,ES,2026-09-23,2026-10-04,0.85,3,quantile,62.0484920908457
ILI incidence,ES,2026-09-23,2026-10-04,0.9,3,quantile,81.8607894077302
ILI incidence,ES,2026-09-23,2026-10-04,0.95,3,quantile,112.811815815357
ILI incidence,ES,2026-09-23,2026-10-04,0.975,3,quantile,130.93290888571
ILI incidence,ES,2026-09-23,2026-10-04,0.99,3,quantile,160.996159461359
ILI incidence,ES,2026-09-23,2026-10-11,0.01,4,quantile,0
ILI incidence,ES,2026-09-23,2026-10-11,0.025,4,quantile,0
ILI incidence,ES,2026-09-23,2026-10-11,0.05,4,quantile,0.360331315864142
ILI incidence,ES,2026-09-23,2026-10-11,0.1,4,quantile,2.64094329900018
ILI incidence,ES,2026-09-23,2026-10-11,0.15,4,quantile,4.43847356570265
ILI incidence,ES,2026-09-23,2026-10-11,0.2,4,quantile,6.51123151172051
ILI incidence,ES,2026-09-23,2026-10-11,0.25,4,quantile,8.33754655836722
ILI incidence,ES,2026-09-23,2026-10-11,0.3,4,quantile,10.2671085526736
ILI incidence,ES,2026-09-23,2026-10-11,0.35,4,quantile,12.8098448466069
ILI incidence,ES,2026-09-23,2026-10-11,0.4,4,quantile,15.6725451544025
ILI incidence,ES,2026-09-23,2026-10-11,0.45,4,quantile,18.3957993870804
ILI incidence,ES,2026-09-23,2026-10-11,0.5,4,quantile,21.9481167651119
ILI incidence,ES,2026-09-23,2026-10-11,0.55,4,quantile,25.5462772231163
ILI incidence,ES,2026-09-23,2026-10-11,0.6,4,quantile,31.459185172077
ILI incidence,ES,2026-09-23,2026-10-11,0.65,4,quantile,36.8347690255089
ILI incidence,ES,2026-09-23,2026-10-11,0.7,4,quantile,43.1420526704555
ILI incidence,ES,2026-09-23,2026-10-11,0.75,4,quantile,51.9815829542328
ILI incidence,ES,2026-09-23,2026-10-11,0.8,4,quantile,65.3949260562061
ILI incidence,ES,2026-09-23,2026-10-11,0.85,4,quantile,83.2434008830807
ILI incidence,ES,2026-09-23,2026-10-11,0.9,4,quantile,113.505883389288
ILI incidence,ES,2026-09-23,2026-10-11,0.95,4,quantile,149.564020315556
ILI incidence,ES,2026-09-23,2026-10-11,0.975,4,quantile,181.524034703333
ILI incidence,ES,2026-09-23,2026-10-11,0.99,4,quantile,214.519038469173
ILI incidence,ES,2026-09-23,2026-09-20,,1,median,15.2078296534522
ILI incidence,ES,2026-09-23,2026-09-27,,2,median,17.279522459239
ILI incidence,ES,2026-09-23,2026-10-04,,3,median,19.5260747341753
ILI incidence,ES,2026-09-23,2026-10-11,,4,median,21.9481167651119
ILI incidence,FI,2026-09-23,2026-09-20,0.01,1,quantile,0
ILI incidence,FI,2026-09-23,2026-09-20,0.025,1,quantile,0
ILI incidence,FI,2026-09-23,2026-09-20,0.05,1,quantile,0
ILI incidence,FI,2026-09-23,2026-09-20,0.1,1,quantile,0
ILI incidence,FI,2026-09-23,2026-09-20,0.15,1,quantile,0
ILI incidence,FI,2026-09-23,2026-09-20,0.2,1,quantile,0
ILI incidence,FI,2026-09-23,2026-09-20,0.25,1,quantile,0
ILI incidence,FI,2026-09-23,2026-09-20,0.3,1,quantile,1.52378983862811
ILI incidence,FI,2026-09-23,2026-09-20,0.35,1,quantile,5.4918505357281
ILI incidence,FI,2026-09-23,2026-09-20,0.4,1,quantile,11.6722222636214
ILI incidence,FI,2026-09-23,2026-09-20,0.45,1,quantile,17.2085943150749
ILI incidence,FI,2026-09-23,2026-09-20,0.5,1,quantile,23.3354504005908
ILI incidence,FI,2026-09-23,2026-09-20,0.55,1,quantile,32.8373469386343
ILI incidence,FI,2026-09-23,2026-09-20,0.6,1,quantile,41.5204617679784
ILI incidence,FI,2026-09-23,2026-09-20,0.65,1,quantile,55.0981386270063
ILI incidence,FI,2026-09-23,2026-09-20,0.7,1,quantile,67.9645880563629
ILI incidence,FI,2026-09-23,2026-09-20,0.75,1,quantile,81.6601883861315
ILI incidence,FI,2026-09-23,2026-09-20,0.8,1,quantile,101.61958465125
ILI incidence,FI,2026-09-23,2026-09-20,0.85,1,quantile,122.520750761704
ILI incidence,FI,2026-09-23,2026-09-20,0.9,1,quantile,157.761137259619
ILI incidence,FI,2026-09-23,2026-09-20,0.95,1,quantile,215.171956834673
ILI incidence,FI,2026-09-23,2026-09-20,0.975,1,quantile,288.581275184611
ILI incidence,FI,2026-09-23,2026-09-20,0.99,1,quantile,363.357341308193
ILI incidence,FI,2026-09-23,2026-09-27,0.01,2,quantile,0
ILI incidence,FI,2026-09-23,2026-09-27,0.025,2,quantile,0
ILI incidence,FI,2026-09-23,2026-09-27,0.05,2,quantile,0
ILI incidence,FI,2026-09-23,2026-09-27,0.1,2,quantile,0
ILI incidence,FI,2026-09-23,2026-09-27,0.15,2,quantile,0
ILI incidence,FI,2026-09-23,2026-09-27,0.2,2,quantile,0
ILI incidence,FI,2026-09-23,2026-09-27,0.25,2,quantile,0
ILI incidence,FI,2026-09-23,2026-09-27,0.3,2,quantile,0.326187145141486
ILI incidence,FI,2026-09-23,2026-09-27,0.35,2,quantile,5.09397944277115
ILI incidence,FI,2026-09-23,2026-09-27,0.4,2,quantile,10.938592908574
ILI incidence,FI,2026-09-23,2026-09-27,0.45,2,quantile,18.8008091296234
ILI incidence,FI,2026-09-23,2026-09-27,0.5,2,quantile,26.3843489974721
ILI incidence,FI,2026-09-23,2026-09-27,0.55,2,quantile,35.5772577522947
ILI incidence,FI,2026-09-23,2026-09-27,0.6,2,quantile,45.5751875269847
ILI incidence,FI,2026-09-23,2026-09-27,0.65,2,quantile,57.8713517226504
ILI incidence,FI,2026-09-23,2026-09-27,0.7,2,quantile,73.7158828487809
ILI incidence,FI,2026-09-23,2026-09-27,0.75,2,quantile,92.8419377944436
ILI incidence,FI,2026-09-23,2026-09-27,0.8,2,quantile,119.620723731208
ILI incidence,FI,2026-09-23,2026-09-27,0.85,2,quantile,148.080631283505
ILI incidence,FI,2026-09-23,2026-09-27,0.9,2,quantile,200.688943224052
ILI incidence,FI,2026-09-23,2026-09-27,0.95,2,quantile,304.027607967523
ILI incidence,FI,2026-09-23,2026-09-27,0.975,2,quantile,394.517666794225
ILI incidence,FI,2026-09-23,2026-09-27,0.99,2,quantile,567.422715370205
ILI incidence,FI,2026-09-23,2026-10-04,0.01,3,quantile,0
ILI incidence,FI,2026-09-23,2026-10-04,0.025,3,quantile,0
ILI incidence,FI,2026-09-23,2026-10-04,0.05,3,quantile,0
ILI incidence,FI,2026-09-23,2026-10-04,0.1,3,quantile,0
ILI incidence,FI,2026-09-23,2026-10-04,0.15,3,quantile,0
ILI incidence,FI,2026-09-23,2026-10-04,0.2,3,quantile,0
ILI incidence,FI,2026-09-23,2026-10-04,0.25,3,quantile,0
ILI incidence,FI,2026-09-23,2026-10-04,0.3,3,quantile,0
ILI incidence,FI,2026-09-23,2026-10-04,0.35,3,quantile,5.94590425340552
ILI incidence,FI,2026-09-23,2026-10-04,0.4,3,quantile,11.7435112268587
ILI incidence,FI,2026-09-23,2026-10-04,0.45,3,quantile,18.6086891954408
ILI incidence,FI,2026-09-23,2026-10-04,0.5,3,quantile,29.8604947329731
ILI incidence,FI,2026-09-23,2026-10-04,0.55,3,quantile,40.2269831628336
ILI incidence,FI,2026-09-23,2026-10-04,0.6,3,quantile,50.7892143279681
ILI incidence,FI,2026-09-23,2026-10-04,0.65,3,quantile,65.4519977248366
ILI incidence,FI,2026-09-23,2026-10-04,0.7,3,quantile,86.6605032414056
ILI incidence,FI,2026-09-23,2026-10-04,0.75,3,quantile,112.977875514938
ILI incidence,FI,2026-09-23,2026-10-04,0.8,3,quantile,137.036649212723
ILI incidence,FI,2026-09-23,2026-10-04,0.85,3,quantile,187.414828348649
ILI incidence,FI,2026-09-23,2026-10-04,0.9,3,quantile,256.221153870149
ILI incidence,FI,2026-09-23,2026-10-04,0.95,3,quantile,394.816480010729
ILI incidence,FI,2026-09-23,2026-10-04,0.975,3,quantile,552.701709506144
ILI incidence,FI,2026-09-23,2026-10-04,0.99,3,quantile,743.07045825675
ILI incidence,FI,2026-09-23,2026-10-11,0.01,4,quantile,0
ILI incidence,FI,2026-09-23,2026-10-11,0.025,4,quantile,0
ILI incidence,FI,2026-09-23,2026-10-11,0.05,4,quantile,0
ILI incidence,FI,2026-09-23,2026-10-11,0.1,4,quantile,0
ILI incidence,FI,2026-09-23,2026-10-11,0.15,4,quantile,0
ILI incidence,FI,2026-09-23,2026-10-11,0.2,4,quantile,0
ILI incidence,FI,2026-09-23,2026-10-11,0.25,4,quantile,0
ILI incidence,FI,2026-09-23,2026-10-11,0.3,4,quantile,2.89050299730936
ILI incidence,FI,2026-09-23,2026-10-11,0.35,4,quantile,8.72558510318098
ILI incidence,FI,2026-09-23,2026-10-11,0.4,4,quantile,17.5300960498502
ILI incidence,FI,2026-09-23,2026-10-11,0.45,4,quantile,24.9826267349101
ILI incidence,FI,2026-09-23,2026-10-11,0.5,4,quantile,33.8111421046448
ILI incidence,FI,2026-09-23,2026-10-11,0.55,4,quantile,46.4888240223857
ILI incidence,FI,2026-09-23,2026-10-11,0.6,4,quantile,61.7373621034171
ILI incidence,FI,2026-09-23,2026-10-11,0.65,4,quantile,80.7534524499692
ILI incidence,FI,2026-09-23,2026-10-11,0.7,4,quantile,102.690006096278
ILI incidence,FI,2026-09-23,2026-10-11,0.75,4,quantile,134.138530847662
ILI incidence,FI,2026-09-23,2026-10-11,0.8,4,quantile,175.910194087945
ILI incidence,FI,2026-09-23,2026-10-11,0.85,4,quantile,241.269486297438
ILI incidence,FI,2026-09-23,2026-10-11,0.9,4,quantile,328.847760438484
ILI incidence,FI,2026-09-23,2026-10-11,0.95,4,quantile,496.315206277582
ILI incidence,FI,2026-09-23,2026-10-11,0.975,4,quantile,672.09595118338
ILI incidence,FI,2026-09-23,2026-10-11,0.99,4,quantile,849.274325446764
ILI incidence,FI,2026-09-23,2026-09-20,,1,median,23.3354504005908
ILI incidence,FI,2026-09-23,2026-09-27,,2,median,26.3843489974721
ILI incidence,FI,2026-09-23,2026-10-04,,3,median,29.8604947329731
ILI incidence,FI,2026-09-23,2026-10-11,,4,median,33.8111421046448
ILI incidence,GB-ENG,2026-09-23,2026-09-20,0.01,1,quantile,0
ILI incidence,GB-ENG,2026-09-23,2026-09-20,0.025,1,quantile,0
ILI incidence,GB-ENG,2026-09-23,2026-09-20,0.05,1,quantile,0
ILI incidence,GB-ENG,2026-09-23,2026-09-20,0.1,1,quantile,0
ILI incidence,GB-ENG,2026-09-23,2026-09-20,0.15,1,quantile,0.0758215101562695
ILI incidence,GB-ENG,2026-09-23,2026-09-20,0.2,1,quantile,0.202073800594261
ILI incidence,GB-ENG,2026-09-23,2026-09-20,0.25,1,quantile,0.332786592678002
ILI incidence,GB-ENG,2026-09-23,2026-09-20,0.3,1,quantile,0.487548348461756
ILI incidence,GB-ENG,2026-09-23,2026-09-20,0.35,1,quantile,0.674008554815083
ILI incidence,GB-ENG,2026-09-23,2026-09-20,0.4,1,quantile,0.951632568046056
ILI incidence,GB-ENG,2026-09-23,2026-09-20,0.45,1,quantile,1.27107150310514
ILI incidence,GB-ENG,2026-09-23,2026-09-20,0.5,1,quantile,1.58609427392981
ILI incidence,GB-ENG,2026-09-23,2026-09-20,0.55,1,quantile,1.9505552661262
ILI incidence,GB-ENG,2026-09-23,2026-09-20,0.6,1,quantile,2.32269743533014
ILI incidence,GB-ENG,2026-09-23,2026-09-20,0.65,1,quantile,2.86313503196957
ILI incidence,GB-ENG,2026-09-23,2026-09-20,0.7,1,quantile,3.35176026189195
ILI incidence,GB-ENG,2026-09-23,2026-09-20,0.75,1,quantile,3.84096553352832
ILI incidence,GB-ENG,2026-09-23,2026-09-20,0.8,1,quantile,4.46459628093111
ILI incidence,GB-ENG,2026-09-23,2026-09-20,0.85,1,quantile,5.18524612417059
ILI incidence,GB-ENG,2026-09-23,2026-09-20,0.9,1,quantile,6.23136376794908
ILI incidence,GB-ENG,2026-09-23,2026-09-20,0.95,1,quantile,8.19361361341334
ILI incidence,GB-ENG,2026-09-23,2026-09-20,0.975,1,quantile,10.4619856194094
ILI incidence,GB-ENG,2026-09-23,2026-09-20,0.99,1,quantile,12.1046366950364
ILI incidence,GB-ENG,2026-09-23,2026-09-27,0.01,2,quantile,0
ILI incidence,GB-ENG,2026-09-23,2026-09-27,0.025,2,quantile,0
ILI incidence,GB-ENG,2026-09-23,2026-09-27,0.05,2,quantile,0
ILI incidence,GB-ENG,2026-09-23,2026-09-27,0.1,2,quantile,0.0336635587886172
ILI incidence,GB-ENG,2026-09-23,2026-09-27,0.15,2,quantile,0.153266430339507
ILI incidence,GB-ENG,2026-09-23,2026-09-27,0.2,2,quantile,0.33891785581184
ILI incidence,GB-ENG,2026-09-23,2026-09-27,0.25,2,quantile,0.5320439770739
ILI incidence,GB-ENG,2026-09-23,2026-09-27,0.3,2,quantile,0.683300229705555
ILI incidence,GB-ENG,2026-09-23,2026-09-27,0.35,2,quantile,0.909598099711403
ILI incidence,GB-ENG,2026-09-23,2026-09-27,0.4,2,quantile,1.1301128007589
ILI incidence,GB-ENG,2026-09-23,2026-09-27,0.45,2,quantile,1.4226204082992
ILI incidence,GB-ENG,2026-09-23,2026-09-27,0.5,2,quantile,1.74172030043664
ILI incidence,GB-ENG,2026-09-23,2026-09-27,0.55,2,quantile,2.07970876491322
ILI incidence,GB-ENG,2026-09-23,2026-09-27,0.6,2,quantile,2.58228560590702
ILI incidence,GB-ENG,2026-09-23,2026-09-27,0.65,2,quantile,3.10750873674777
ILI incidence,GB-ENG,2026-09-23,2026-09-27,0.7,2,quantile,3.65853645293381
ILI incidence,GB-ENG,2026-09-23,2026-09-27,0.75,2,quantile,4.29903345976814
ILI incidence,GB-ENG,2026-09-23,2026-09-27,0.8,2,quantile,5.20628402633652
ILI incidence,GB-ENG,2026-09-23,2026-09-27,0.85,2,quantile,6.29163090524174
ILI incidence,GB-ENG,2026-09-23,2026-09-27,0.9,2,quantile,8.18466953584792
ILI incidence,GB-ENG,2026-09-23,2026-09-27,0.95,2,quantile,12.2431059186126
ILI incidence,GB-ENG,2026-09-23,2026-09-27,0.975,2,quantile,15.5270798056437
ILI incidence,GB-ENG,2026-09-23,2026-09-27,0.99,2,quantile,18.3181895317886
ILI incidence,GB-ENG,2026-09-23,2026-10-04,0.01,3,quantile,0
ILI incidence,GB-ENG,2026-09-23,2026-10-04,0.025,3,quantile,0
ILI incidence,GB-ENG,2026-09-23,2026-10-04,0.05,3,quantile,0
ILI incidence,GB-ENG,2026-09-23,2026-10-04,0.1,3,quantile,0.0290573564806109
ILI incidence,GB-ENG,2026-09-23,2026-10-04,0.15,3,quantile,0.23537553257336
ILI incidence,GB-ENG,2026-09-23,2026-10-04,0.2,3,quantile,0.429112282064499
ILI incidence,GB-ENG,2026-09-23,2026-10-04,0.25,3,quantile,0.618755572467449
ILI incidence,GB-ENG,2026-09-23,2026-10-04,0.3,3,quantile,0.772537185487431
ILI incidence,GB-ENG,2026-09-23,2026-10-04,0.35,3,quantile,1.00721316063767
ILI incidence,GB-ENG,2026-09-23,2026-10-04,0.4,3,quantile,1.19788511482806
ILI incidence,GB-ENG,2026-09-23,2026-10-04,0.45,3,quantile,1.51645549509202
ILI incidence,GB-ENG,2026-09-23,2026-10-04,0.5,3,quantile,1.91514834659849
ILI incidence,GB-ENG,2026-09-23,2026-10-04,0.55,3,quantile,2.35125589708585
ILI incidence,GB-ENG,2026-09-23,2026-10-04,0.6,3,quantile,2.72156790149963
ILI incidence,GB-ENG,2026-09-23,2026-10-04,0.65,3,quantile,3.26424490990109
ILI incidence,GB-ENG,2026-09-23,2026-10-04,0.7,3,quantile,3.82916373652711
ILI incidence,GB-ENG,2026-09-23,2026-10-04,0.75,3,quantile,4.64092035418544
ILI incidence,GB-ENG,2026-09-23,2026-10-04,0.8,3,quantile,5.93552149624432
ILI incidence,GB-ENG,2026-09-23,2026-10-04,0.85,3,quantile,7.47399281159039
ILI incidence,GB-ENG,2026-09-23,2026-10-04,0.9,3,quantile,9.99340797387908
ILI incidence,GB-ENG,2026-09-23,2026-10-04,0.95,3,quantile,15.6620332615497
ILI incidence,GB-ENG,2026-09-23,2026-10-04,0.975,3,quantile,19.7294469397106
ILI incidence,GB-ENG,2026-09-23,2026-10-04,0.99,3,quantile,22.7902187372873
ILI incidence,GB-ENG,2026-09-23,2026-10-11,0.01,4,quantile,0
ILI incidence,GB-ENG,2026-09-23,2026-10-11,0.025,4,quantile,0
ILI incidence,GB-ENG,2026-09-23,2026-10-11,0.05,4,quantile,0
ILI incidence,GB-ENG,2026-09-23,2026-10-11,0.1,4,quantile,0.156742275062367
ILI incidence,GB-ENG,2026-09-23,2026-10-11,0.15,4,quantile,0.365719705222823
ILI incidence,GB-ENG,2026-09-23,2026-10-11,0.2,4,quantile,0.572011643424045
ILI incidence,GB-ENG,2026-09-23,2026-10-11,0.25,4,quantile,0.788890231693835
ILI incidence,GB-ENG,2026-09-23,2026-10-11,0.3,4,quantile,0.997023097506696
ILI incidence,GB-ENG,2026-09-23,2026-10-11,0.35,4,quantile,1.27549733948909
ILI incidence,GB-ENG,2026-09-23,2026-10-11,0.4,4,quantile,1.51364165515381
ILI incidence,GB-ENG,2026-09-23,2026-10-11,0.45,4,quantile,1.83628985079867
ILI incidence,GB-ENG,2026-09-23,2026-10-11,0.5,4,quantile,2.10673290488919
ILI incidence,GB-ENG,2026-09-23,2026-10-11,0.55,4,quantile,2.54070670862134
ILI incidence,GB-ENG,2026-09-23,2026-10-11,0.6,4,quantile,3.15050043305615
ILI incidence,GB-ENG,2026-09-23,2026-10-11,0.65,4,quantile,3.95499049039184
ILI incidence,GB-ENG,2026-09-23,2026-10-11,0.7,4,quantile,4.74914946403445
ILI incidence,GB-ENG,2026-09-23,2026-10-11,0.75,4,quantile,6.11531183448476
ILI incidence,GB-ENG,2026-09-23,2026-10-11,0.8,4,quantile,7.55129093414521
ILI incidence,GB-ENG,2026-09-23,2026-10-11,0.85,4,quantile,9.59497941978488
ILI incidence,GB-ENG,2026-09-23,2026-10-11,0.9,4,quantile,12.7640060478856
ILI incidence,GB-ENG,2026-09-23,2026-10-11,0.95,4,quantile,18.0312472218333
ILI incidence,GB-ENG,2026-09-23,2026-10-11,0.975,4,quantile,23.0201004233021
ILI incidence,GB-ENG,2026-09-23,2026-10-11,0.99,4,quantile,26.2996889867425
ILI incidence,GB-ENG,2026-09-23,2026-09-20,,1,median,1.58609427392981
ILI incidence,GB-ENG,2026-09-23,2026-09-27,,2,median,1.74172030043664
ILI incidence,GB-ENG,2026-09-23,2026-10-04,,3,median,1.91514834659849
ILI incidence,GB-ENG,2026-09-23,2026-10-11,,4,median,2.10673290488919
ILI incidence,GB-NIR,2026-09-23,2026-09-20,0.01,1,quantile,0.159869074514656
ILI incidence,GB-NIR,2026-09-23,2026-09-20,0.025,1,quantile,0.159869074514656
ILI incidence,GB-NIR,2026-09-23,2026-09-20,0.05,1,quantile,0.159869074514656
ILI incidence,GB-NIR,2026-09-23,2026-09-20,0.1,1,quantile,0.276529308193721
ILI incidence,GB-NIR,2026-09-23,2026-09-20,0.15,1,quantile,0.426420726717798
ILI incidence,GB-NIR,2026-09-23,2026-09-20,0.2,1,quantile,0.632016989071513
ILI incidence,GB-NIR,2026-09-23,2026-09-20,0.25,1,quantile,0.81166565637676
ILI incidence,GB-NIR,2026-09-23,2026-09-20,0.3,1,quantile,1.03192054736049
ILI incidence,GB-NIR,2026-09-23,2026-09-20,0.35,1,quantile,1.29910432401409
ILI incidence,GB-NIR,2026-09-23,2026-09-20,0.4,1,quantile,1.64767882339126
ILI incidence,GB-NIR,2026-09-23,2026-09-20,0.45,1,quantile,2.11582187813478
ILI incidence,GB-NIR,2026-09-23,2026-09-20,0.5,1,quantile,2.61440102257322
ILI incidence,GB-NIR,2026-09-23,2026-09-20,0.55,1,quantile,3.25113128274079
ILI incidence,GB-NIR,2026-09-23,2026-09-20,0.6,1,quantile,3.88548196594296
ILI incidence,GB-NIR,2026-09-23,2026-09-20,0.65,1,quantile,4.72604130383171
ILI incidence,GB-NIR,2026-09-23,2026-09-20,0.7,1,quantile,6.08702497491719
ILI incidence,GB-NIR,2026-09-23,2026-09-20,0.75,1,quantile,7.77429401866033
ILI incidence,GB-NIR,2026-09-23,2026-09-20,0.8,1,quantile,10.0121811880787
ILI incidence,GB-NIR,2026-09-23,2026-09-20,0.85,1,quantile,12.0371655643638
ILI incidence,GB-NIR,2026-09-23,2026-09-20,0.9,1,quantile,15.8326711373743
ILI incidence,GB-NIR,2026-09-23,2026-09-20,0.95,1,quantile,22.0361037051821
ILI incidence,GB-NIR,2026-09-23,2026-09-20,0.975,1,quantile,28.1196211508854
ILI incidence,GB-NIR,2026-09-23,2026-09-20,0.99,1,quantile,33.6830148980116
ILI incidence,GB-NIR,2026-09-23,2026-09-27,0.01,2,quantile,0.199921077993594
ILI incidence,GB-NIR,2026-09-23,2026-09-27,0.025,2,quantile,0.199921077993594
ILI incidence,GB-NIR,2026-09-23,2026-09-27,0.05,2,quantile,0.199921077993594
ILI incidence,GB-NIR,2026-09-23,2026-09-27,0.1,2,quantile,0.332760286218779
ILI incidence,GB-NIR,2026-09-23,2026-09-27,0.15,2,quantile,0.535438072271796
ILI incidence,GB-NIR,2026-09-23,2026-09-27,0.2,2,quantile,0.72919637022169
ILI incidence,GB-NIR,2026-09-23,2026-09-27,0.25,2,quantile,0.97848241500142
ILI incidence,GB-NIR,2026-09-23,2026-09-27,0.3,2,quantile,1.23832199630612
ILI incidence,GB-NIR,2026-09-23,2026-09-27,0.35,2,quantile,1.60163710830877
ILI incidence,GB-NIR,2026-09-23,2026-09-27,0.4,2,quantile,1.94956327973004
ILI incidence,GB-NIR,2026-09-23,2026-09-27,0.45,2,quantile,2.46708686610333
ILI incidence,GB-NIR,2026-09-23,2026-09-27,0.5,2,quantile,2.91072669541681
ILI incidence,GB-NIR,2026-09-23,2026-09-27,0.55,2,quantile,3.82124048981868
ILI incidence,GB-NIR,2026-09-23,2026-09-27,0.6,2,quantile,4.68764264586776
ILI incidence,GB-NIR,2026-09-23,2026-09-27,0.65,2,quantile,5.55697314809736
ILI incidence,GB-NIR,2026-09-23,2026-09-27,0.7,2,quantile,7.21547582268787
ILI incidence,GB-NIR,2026-09-23,2026-09-27,0.75,2,quantile,9.43565419573929
ILI incidence,GB-NIR,2026-09-23,2026-09-27,0.8,2,quantile,12.3132650800933
ILI incidence,GB-NIR,2026-09-23,2026-09-27,0.85,2,quantile,15.0355250355158
ILI incidence,GB-NIR,2026-09-23,2026-09-27,0.9,2,quantile,21.0418764967762
ILI incidence,GB-NIR,2026-09-23,2026-09-27,0.95,2,quantile,29.920319637548
ILI incidence,GB-NIR,2026-09-23,2026-09-27,0.975,2,quantile,38.2633738857529
ILI incidence,GB-NIR,2026-09-23,2026-09-27,0.99,2,quantile,53.1267758216957
ILI incidence,GB-NIR,2026-09-23,2026-10-04,0.01,3,quantile,0
ILI incidence,GB-NIR,2026-09-23,2026-10-04,0.025,3,quantile,0
ILI incidence,GB-NIR,2026-09-23,2026-10-04,0.05,3,quantile,0
ILI incidence,GB-NIR,2026-09-23,2026-10-04,0.1,3,quantile,0.0174049169238211
ILI incidence,GB-NIR,2026-09-23,2026-10-04,0.15,3,quantile,0.172934857790044
ILI incidence,GB-NIR,2026-09-23,2026-10-04,0.2,3,quantile,0.408717882245493
ILI incidence,GB-NIR,2026-09-23,2026-10-04,0.25,3,quantile,0.635253180028625
ILI incidence,GB-NIR,2026-09-23,2026-10-04,0.3,3,quantile,0.881545140869273
ILI incidence,GB-NIR,2026-09-23,2026-10-04,0.35,3,quantile,1.27116944759057
ILI incidence,GB-NIR,2026-09-23,2026-10-04,0.4,3,quantile,1.80526147410233
ILI incidence,GB-NIR,2026-09-23,2026-10-04,0.45,3,quantile,2.41898293349443
ILI incidence,GB-NIR,2026-09-23,2026-10-04,0.5,3,quantile,3.24270914711371
ILI incidence,GB-NIR,2026-09-23,2026-10-04,0.55,3,quantile,4.0588892609524
ILI incidence,GB-NIR,2026-09-23,2026-10-04,0.6,3,quantile,5.40465395028739
ILI incidence,GB-NIR,2026-09-23,2026-10-04,0.65,3,quantile,6.641445213486
ILI incidence,GB-NIR,2026-09-23,2026-10-04,0.7,3,quantile,8.4756289983104
ILI incidence,GB-NIR,2026-09-23,2026-10-04,0.75,3,quantile,10.3022418306485
ILI incidence,GB-NIR,2026-09-23,2026-10-04,0.8,3,quantile,13.5280577241974
ILI incidence,GB-NIR,2026-09-23,2026-10-04,0.85,3,quantile,18.6149660590781
ILI incidence,GB-NIR,2026-09-23,2026-10-04,0.9,3,quantile,24.2141652647427
ILI incidence,GB-NIR,2026-09-23,2026-10-04,0.95,3,quantile,35.4919303379361
ILI incidence,GB-NIR,2026-09-23,2026-10-04,0.975,3,quantile,48.2013370462231
ILI incidence,GB-NIR,2026-09-23,2026-10-04,0.99,3,quantile,61.4304659241033
ILI incidence,GB-NIR,2026-09-23,2026-10-11,0.01,4,quantile,0
ILI incidence,GB-NIR,2026-09-23,2026-10-11,0.025,4,quantile,0
ILI incidence,GB-NIR,2026-09-23,2026-10-11,0.05,4,quantile,0
ILI incidence,GB-NIR,2026-09-23,2026-10-11,0.1,4,quantile,0.0450903271091518
ILI incidence,GB-NIR,2026-09-23,2026-10-11,0.15,4,quantile,0.274191282245494
ILI incidence,GB-NIR,2026-09-23,2026-10-11,0.2,4,quantile,0.499865833415589
ILI incidence,GB-NIR,2026-09-23,2026-10-11,0.25,4,quantile,0.797993097119897
ILI incidence,GB-NIR,2026-09-23,2026-10-11,0.3,4,quantile,1.13971140063641
ILI incidence,GB-NIR,2026-09-23,2026-10-11,0.35,4,quantile,1.57334613853641
ILI incidence,GB-NIR,2026-09-23,2026-10-11,0.4,4,quantile,2.09388527756056
ILI incidence,GB-NIR,2026-09-23,2026-10-11,0.45,4,quantile,2.835598174287
ILI incidence,GB-NIR,2026-09-23,2026-10-11,0.5,4,quantile,3.61218643168959
ILI incidence,GB-NIR,2026-09-23,2026-10-11,0.55,4,quantile,4.83661979041023
ILI incidence,GB-NIR,2026-09-23,2026-10-11,0.6,4,quantile,6.38793510762668
ILI incidence,GB-NIR,2026-09-23,2026-10-11,0.65,4,quantile,7.80040963731741
ILI incidence,GB-NIR,2026-09-23,2026-10-11,0.7,4,quantile,10.1824468198918
ILI incidence,GB-NIR,2026-09-23,2026-10-11,0.75,4,quantile,12.688629853804
ILI incidence,GB-NIR,2026-09-23,2026-10-11,0.8,4,quantile,17.2112900422953
ILI incidence,GB-NIR,2026-09-23,2026-10-11,0.85,4,quantile,21.7612677908856
ILI incidence,GB-NIR,2026-09-23,2026-10-11,0.9,4,quantile,29.1293542470154
ILI incidence,GB-NIR,2026-09-23,2026-10-11,0.95,4,quantile,40.1321392654681
ILI incidence,GB-NIR,2026-09-23,2026-10-11,0.975,4,quantile,51.606496779441
ILI incidence,GB-NIR,2026-09-23,2026-10-11,0.99,4,quantile,69.2785443143201
ILI incidence,GB-NIR,2026-09-23,2026-09-20,,1,median,2.61440102257322
ILI incidence,GB-NIR,2026-09-23,2026-09-27,,2,median,2.91072669541681
ILI incidence,GB-NIR,2026-09-23,2026-10-04,,3,median,3.24270914711371
ILI incidence,GB-NIR,2026-09-23,2026-10-11,,4,median,3.61218643168959
ILI incidence,GB-WLS,2026-09-23,2026-09-20,0.01,1,quantile,0.0915687835612411
ILI incidence,GB-WLS,2026-09-23,2026-09-20,0.025,1,quantile,0.0915687835612411
ILI incidence,GB-WLS,2026-09-23,2026-09-20,0.05,1,quantile,0.13060562442516
ILI incidence,GB-WLS,2026-09-23,2026-09-20,0.1,1,quantile,0.277913453186122
ILI incidence,GB-WLS,2026-09-23,2026-09-20,0.15,1,quantile,0.384243397685128
ILI incidence,GB-WLS,2026-09-23,2026-09-20,0.2,1,quantile,0.506996646802526
ILI incidence,GB-WLS,2026-09-23,2026-09-20,0.25,1,quantile,0.638029074124566
ILI incidence,GB-WLS,2026-09-23,2026-09-20,0.3,1,quantile,0.807540167610486
ILI incidence,GB-WLS,2026-09-23,2026-09-20,0.35,1,quantile,0.957457705020085
ILI incidence,GB-WLS,2026-09-23,2026-09-20,0.4,1,quantile,1.12494472545129
ILI incidence,GB-WLS,2026-09-23,2026-09-20,0.45,1,quantile,1.30148989036733
ILI incidence,GB-WLS,2026-09-23,2026-09-20,0.5,1,quantile,1.50874450119539
ILI incidence,GB-WLS,2026-09-23,2026-09-20,0.55,1,quantile,1.70624094529645
ILI incidence,GB-WLS,2026-09-23,2026-09-20,0.6,1,quantile,1.98552544096435
ILI incidence,GB-WLS,2026-09-23,2026-09-20,0.65,1,quantile,2.22904349434626
ILI incidence,GB-WLS,2026-09-23,2026-09-20,0.7,1,quantile,2.5418436267572
ILI incidence,GB-WLS,2026-09-23,2026-09-20,0.75,1,quantile,2.86873830266479
ILI incidence,GB-WLS,2026-09-23,2026-09-20,0.8,1,quantile,3.38591370717414
ILI incidence,GB-WLS,2026-09-23,2026-09-20,0.85,1,quantile,4.06086636336482
ILI incidence,GB-WLS,2026-09-23,2026-09-20,0.9,1,quantile,4.94187246514225
ILI incidence,GB-WLS,2026-09-23,2026-09-20,0.95,1,quantile,6.30023167354938
ILI incidence,GB-WLS,2026-09-23,2026-09-20,0.975,1,quantile,7.75933965433177
ILI incidence,GB-WLS,2026-09-23,2026-09-20,0.99,1,quantile,9.37958035083028
ILI incidence,GB-WLS,2026-09-23,2026-09-27,0.01,2,quantile,0.114480093008821
ILI incidence,GB-WLS,2026-09-23,2026-09-27,0.025,2,quantile,0.114480093008821
ILI incidence,GB-WLS,2026-09-23,2026-09-27,0.05,2,quantile,0.165305087553827
ILI incidence,GB-WLS,2026-09-23,2026-09-27,0.1,2,quantile,0.316229465440282
ILI incidence,GB-WLS,2026-09-23,2026-09-27,0.15,2,quantile,0.435080848151207
ILI incidence,GB-WLS,2026-09-23,2026-09-27,0.2,2,quantile,0.592374897191698
ILI incidence,GB-WLS,2026-09-23,2026-09-27,0.25,2,quantile,0.72608034035527
ILI incidence,GB-WLS,2026-09-23,2026-09-27,0.3,2,quantile,0.861217882863106
ILI incidence,GB-WLS,2026-09-23,2026-09-27,0.35,2,quantile,1.04650146805154
ILI incidence,GB-WLS,2026-09-23,2026-09-27,0.4,2,quantile,1.28303348821071
ILI incidence,GB-WLS,2026-09-23,2026-09-27,0.45,2,quantile,1.46549684728734
ILI incidence,GB-WLS,2026-09-23,2026-09-27,0.5,2,quantile,1.69265321054316
ILI incidence,GB-WLS,2026-09-23,2026-09-27,0.55,2,quantile,1.93914218495442
ILI incidence,GB-WLS,2026-09-23,2026-09-27,0.6,2,quantile,2.25708366543291
ILI incidence,GB-WLS,2026-09-23,2026-09-27,0.65,2,quantile,2.72203869379115
ILI incidence,GB-WLS,2026-09-23,2026-09-27,0.7,2,quantile,3.30701029963887
ILI incidence,GB-WLS,2026-09-23,2026-09-27,0.75,2,quantile,3.87117808892528
ILI incidence,GB-WLS,2026-09-23,2026-09-27,0.8,2,quantile,4.61105796248086
ILI incidence,GB-WLS,2026-09-23,2026-09-27,0.85,2,quantile,5.65395677584786
ILI incidence,GB-WLS,2026-09-23,2026-09-27,0.9,2,quantile,7.02152472075301
ILI incidence,GB-WLS,2026-09-23,2026-09-27,0.95,2,quantile,10.1641862203737
ILI incidence,GB-WLS,2026-09-23,2026-09-27,0.975,2,quantile,13.3792619064275
ILI incidence,GB-WLS,2026-09-23,2026-09-27,0.99,2,quantile,16.8374383045627
ILI incidence,GB-WLS,2026-09-23,2026-10-04,0.01,3,quantile,0
ILI incidence,GB-WLS,2026-09-23,2026-10-04,0.025,3,quantile,0
ILI incidence,GB-WLS,2026-09-23,2026-10-04,0.05,3,quantile,0.0386199091226896
ILI incidence,GB-WLS,2026-09-23,2026-10-04,0.1,3,quantile,0.192569487811846
ILI incidence,GB-WLS,2026-09-23,2026-10-04,0.15,3,quantile,0.337863607054412
ILI incidence,GB-WLS,2026-09-23,2026-10-04,0.2,3,quantile,0.512192014458017
ILI incidence,GB-WLS,2026-09-23,2026-10-04,0.25,3,quantile,0.71323377805608
ILI incidence,GB-WLS,2026-09-23,2026-10-04,0.3,3,quantile,0.893858805461506
ILI incidence,GB-WLS,2026-09-23,2026-10-04,0.35,3,quantile,1.07972916695338
ILI incidence,GB-WLS,2026-09-23,2026-10-04,0.4,3,quantile,1.31032263863566
ILI incidence,GB-WLS,2026-09-23,2026-10-04,0.45,3,quantile,1.56420593365333
ILI incidence,GB-WLS,2026-09-23,2026-10-04,0.5,3,quantile,1.89990331182032
ILI incidence,GB-WLS,2026-09-23,2026-10-04,0.55,3,quantile,2.33919457912434
ILI incidence,GB-WLS,2026-09-23,2026-10-04,0.6,3,quantile,2.77273989340253
ILI incidence,GB-WLS,2026-09-23,2026-10-04,0.65,3,quantile,3.2926461079781
ILI incidence,GB-WLS,2026-09-23,2026-10-04,0.7,3,quantile,4.10492595251528
ILI incidence,GB-WLS,2026-09-23,2026-10-04,0.75,3,quantile,4.97341326217945
ILI incidence,GB-WLS,2026-09-23,2026-10-04,0.8,3,quantile,5.92058000551996
ILI incidence,GB-WLS,2026-09-23,2026-10-04,0.85,3,quantile,7.48432917196133
ILI incidence,GB-WLS,2026-09-23,2026-10-04,0.9,3,quantile,10.1150679435008
ILI incidence,GB-WLS,2026-09-23,2026-10-04,0.95,3,quantile,14.5646060547193
ILI incidence,GB-WLS,2026-09-23,2026-10-04,0.975,3,quantile,19.4303901974724
ILI incidence,GB-WLS,2026-09-23,2026-10-04,0.99,3,quantile,26.4857155194837
ILI incidence,GB-WLS,2026-09-23,2026-10-11,0.01,4,quantile,0
ILI incidence,GB-WLS,2026-09-23,2026-10-11,0.025,4,quantile,0
ILI incidence,GB-WLS,2026-09-23,2026-10-11,0.05,4,quantile,0
ILI incidence,GB-WLS,2026-09-23,2026-10-11,0.1,4,quantile,0.0869609252018029
ILI incidence,GB-WLS,2026-09-23,2026-10-11,0.15,4,quantile,0.263001429268921
ILI incidence,GB-WLS,2026-09-23,2026-10-11,0.2,4,quantile,0.430621274296676
ILI incidence,GB-WLS,2026-09-23,2026-10-11,0.25,4,quantile,0.60771518921406
ILI incidence,GB-WLS,2026-09-23,2026-10-11,0.3,4,quantile,0.799044550457057
ILI incidence,GB-WLS,2026-09-23,2026-10-11,0.35,4,quantile,1.06785655835887
ILI incidence,GB-WLS,2026-09-23,2026-10-11,0.4,4,quantile,1.34778767120333
ILI incidence,GB-WLS,2026-09-23,2026-10-11,0.45,4,quantile,1.71557588007042
ILI incidence,GB-WLS,2026-09-23,2026-10-11,0.5,4,quantile,2.13222789808734
ILI incidence,GB-WLS,2026-09-23,2026-10-11,0.55,4,quantile,2.58218846113786
ILI incidence,GB-WLS,2026-09-23,2026-10-11,0.6,4,quantile,3.10738375633183
ILI incidence,GB-WLS,2026-09-23,2026-10-11,0.65,4,quantile,3.84400648367398
ILI incidence,GB-WLS,2026-09-23,2026-10-11,0.7,4,quantile,4.54616933771978
ILI incidence,GB-WLS,2026-09-23,2026-10-11,0.75,4,quantile,5.69806956803951
ILI incidence,GB-WLS,2026-09-23,2026-10-11,0.8,4,quantile,7.54655501124866
ILI incidence,GB-WLS,2026-09-23,2026-10-11,0.85,4,quantile,9.90893197823379
ILI incidence,GB-WLS,2026-09-23,2026-10-11,0.9,4,quantile,13.1370854965959
ILI incidence,GB-WLS,2026-09-23,2026-10-11,0.95,4,quantile,19.823994022082
ILI incidence,GB-WLS,2026-09-23,2026-10-11,0.975,4,quantile,27.7306401796573
ILI incidence,GB-WLS,2026-09-23,2026-10-11,0.99,4,quantile,38.0023816439274
ILI incidence,GB-WLS,2026-09-23,2026-09-20,,1,median,1.50874450119539
ILI incidence,GB-WLS,2026-09-23,2026-09-27,,2,median,1.69265321054316
ILI incidence,GB-WLS,2026-09-23,2026-10-04,,3,median,1.89990331182032
ILI incidence,GB-WLS,2026-09-23,2026-10-11,,4,median,2.13222789808734
ILI incidence,GR,2026-09-23,2026-09-20,0.01,1,quantile,75.2653161244875
ILI incidence,GR,2026-09-23,2026-09-20,0.025,1,quantile,99.5737951815099
ILI incidence,GR,2026-09-23,2026-09-20,0.05,1,quantile,116.539890012252
ILI incidence,GR,2026-09-23,2026-09-20,0.1,1,quantile,141.143874385322
ILI incidence,GR,2026-09-23,2026-09-20,0.15,1,quantile,156.934884364434
ILI incidence,GR,2026-09-23,2026-09-20,0.2,1,quantile,172.4156834091
ILI incidence,GR,2026-09-23,2026-09-20,0.25,1,quantile,185.471409833326
ILI incidence,GR,2026-09-23,2026-09-20,0.3,1,quantile,197.501137039207
ILI incidence,GR,2026-09-23,2026-09-20,0.35,1,quantile,210.116412522364
ILI incidence,GR,2026-09-23,2026-09-20,0.4,1,quantile,219.40699851182
ILI incidence,GR,2026-09-23,2026-09-20,0.45,1,quantile,231.796190576485
ILI incidence,GR,2026-09-23,2026-09-20,0.5,1,quantile,245.47104369359
ILI incidence,GR,2026-09-23,2026-09-20,0.55,1,quantile,259.177852244049
ILI incidence,GR,2026-09-23,2026-09-20,0.6,1,quantile,272.308397853245
ILI incidence,GR,2026-09-23,2026-09-20,0.65,1,quantile,286.434398288219
ILI incidence,GR,2026-09-23,2026-09-20,0.7,1,quantile,302.834278534451
ILI incidence,GR,2026-09-23,2026-09-20,0.75,1,quantile,320.690450946635
ILI incidence,GR,2026-09-23,2026-09-20,0.8,1,quantile,343.891296569962
ILI incidence,GR,2026-09-23,2026-09-20,0.85,1,quantile,371.217167522921
ILI incidence,GR,2026-09-23,2026-09-20,0.9,1,quantile,404.420297186978
ILI incidence,GR,2026-09-23,2026-09-20,0.95,1,quantile,470.227500090866
ILI incidence,GR,2026-09-23,2026-09-20,0.975,1,quantile,528.602029912929
ILI incidence,GR,2026-09-23,2026-09-20,0.99,1,quantile,622.980375860134
ILI incidence,GR,2026-09-23,2026-09-27,0.01,2,quantile,36.0683705418739
ILI incidence,GR,2026-09-23,2026-09-27,0.025,2,quantile,58.375848808836
ILI incidence,GR,2026-09-23,2026-09-27,0.05,2,quantile,81.7746424899704
ILI incidence,GR,2026-09-23,2026-09-27,0.1,2,quantile,107.497718286881
ILI incidence,GR,2026-09-23,2026-09-27,0.15,2,quantile,125.858848498136
ILI incidence,GR,2026-09-23,2026-09-27,0.2,2,quantile,140.76900883837
ILI incidence,GR,2026-09-23,2026-09-27,0.25,2,quantile,154.378337711233
ILI incidence,GR,2026-09-23,2026-09-27,0.3,2,quantile,175.463208063194
ILI incidence,GR,2026-09-23,2026-09-27,0.35,2,quantile,191.286054531269
ILI incidence,GR,2026-09-23,2026-09-27,0.4,2,quantile,209.924095670246
ILI incidence,GR,2026-09-23,2026-09-27,0.45,2,quantile,229.665589681148
ILI incidence,GR,2026-09-23,2026-09-27,0.5,2,quantile,251.194714273093
ILI incidence,GR,2026-09-23,2026-09-27,0.55,2,quantile,271.501190912791
ILI incidence,GR,2026-09-23,2026-09-27,0.6,2,quantile,291.767705917958
ILI incidence,GR,2026-09-23,2026-09-27,0.65,2,quantile,318.477056282189
ILI incidence,GR,2026-09-23,2026-09-27,0.7,2,quantile,345.595285905841
ILI incidence,GR,2026-09-23,2026-09-27,0.75,2,quantile,375.118624934704
ILI incidence,GR,2026-09-23,2026-09-27,0.8,2,quantile,405.438164163087
ILI incidence,GR,2026-09-23,2026-09-27,0.85,2,quantile,441.684354675185
ILI incidence,GR,2026-09-23,2026-09-27,0.9,2,quantile,522.130580599536
ILI incidence,GR,2026-09-23,2026-09-27,0.95,2,quantile,652.307615520874
ILI incidence,GR,2026-09-23,2026-09-27,0.975,2,quantile,760.499762244948
ILI incidence,GR,2026-09-23,2026-09-27,0.99,2,quantile,940.653629542816
ILI incidence,GR,2026-09-23,2026-10-04,0.01,3,quantile,27.4802066549614
ILI incidence,GR,2026-09-23,2026-10-04,0.025,3,quantile,46.2577687236158
ILI incidence,GR,2026-09-23,2026-10-04,0.05,3,quantile,67.223361342327
ILI incidence,GR,2026-09-23,2026-10-04,0.1,3,quantile,95.7748301013898
ILI incidence,GR,2026-09-23,2026-10-04,0.15,3,quantile,115.758878201567
ILI incidence,GR,2026-09-23,2026-10-04,0.2,3,quantile,140.429245871346
ILI incidence,GR,2026-09-23,2026-10-04,0.25,3,quantile,161.471189012464
ILI incidence,GR,2026-09-23,2026-10-04,0.3,3,quantile,178.359504207532
ILI incidence,GR,2026-09-23,2026-10-04,0.35,3,quantile,193.971992011811
ILI incidence,GR,2026-09-23,2026-10-04,0.4,3,quantile,215.505484786675
ILI incidence,GR,2026-09-23,2026-10-04,0.45,3,quantile,236.939238097244
ILI incidence,GR,2026-09-23,2026-10-04,0.5,3,quantile,259.618577563546
ILI incidence,GR,2026-09-23,2026-10-04,0.55,3,quantile,292.348035538139
ILI incidence,GR,2026-09-23,2026-10-04,0.6,3,quantile,323.551435897109
ILI incidence,GR,2026-09-23,2026-10-04,0.65,3,quantile,365.307325612965
ILI incidence,GR,2026-09-23,2026-10-04,0.7,3,quantile,401.871742764429
ILI incidence,GR,2026-09-23,2026-10-04,0.75,3,quantile,455.344948498473
ILI incidence,GR,2026-09-23,2026-10-04,0.8,3,quantile,505.090102290129
ILI incidence,GR,2026-09-23,2026-10-04,0.85,3,quantile,578.931818714803
ILI incidence,GR,2026-09-23,2026-10-04,0.9,3,quantile,689.619399812375
ILI incidence,GR,2026-09-23,2026-10-04,0.95,3,quantile,860.413688948027
ILI incidence,GR,2026-09-23,2026-10-04,0.975,3,quantile,1068.91728801631
ILI incidence,GR,2026-09-23,2026-10-04,0.99,3,quantile,1341.36002956021
ILI incidence,GR,2026-09-23,2026-10-11,0.01,4,quantile,0
ILI incidence,GR,2026-09-23,2026-10-11,0.025,4,quantile,13.5296427836718
ILI incidence,GR,2026-09-23,2026-10-11,0.05,4,quantile,35.7859994381265
ILI incidence,GR,2026-09-23,2026-10-11,0.1,4,quantile,71.0130116920638
ILI incidence,GR,2026-09-23,2026-10-11,0.15,4,quantile,93.0780262217968
ILI incidence,GR,2026-09-23,2026-10-11,0.2,4,quantile,110.740422313602
ILI incidence,GR,2026-09-23,2026-10-11,0.25,4,quantile,130.289976387841
ILI incidence,GR,2026-09-23,2026-10-11,0.3,4,quantile,150.417022497408
ILI incidence,GR,2026-09-23,2026-10-11,0.35,4,quantile,174.265669310783
ILI incidence,GR,2026-09-23,2026-10-11,0.4,4,quantile,203.743659841778
ILI incidence,GR,2026-09-23,2026-10-11,0.45,4,quantile,233.205474139601
ILI incidence,GR,2026-09-23,2026-10-11,0.5,4,quantile,270.303734137464
ILI incidence,GR,2026-09-23,2026-10-11,0.55,4,quantile,299.457970205081
ILI incidence,GR,2026-09-23,2026-10-11,0.6,4,quantile,336.413387954421
ILI incidence,GR,2026-09-23,2026-10-11,0.65,4,quantile,375.612625605752
ILI incidence,GR,2026-09-23,2026-10-11,0.7,4,quantile,440.849464720619
ILI incidence,GR,2026-09-23,2026-10-11,0.75,4,quantile,510.211037881127
ILI incidence,GR,2026-09-23,2026-10-11,0.8,4,quantile,572.668571249727
ILI incidence,GR,2026-09-23,2026-10-11,0.85,4,quantile,675.733054529532
ILI incidence,GR,2026-09-23,2026-10-11,0.9,4,quantile,864.243070890113
ILI incidence,GR,2026-09-23,2026-10-11,0.95,4,quantile,1151.31441502855
ILI incidence,GR,2026-09-23,2026-10-11,0.975,4,quantile,1453.8208911442
ILI incidence,GR,2026-09-23,2026-10-11,0.99,4,quantile,1781.27028639206
ILI incidence,GR,2026-09-23,2026-09-20,,1,median,245.47104369359
ILI incidence,GR,2026-09-23,2026-09-27,,2,median,251.194714273093
ILI incidence,GR,2026-09-23,2026-10-04,,3,median,259.618577563546
ILI incidence,GR,2026-09-23,2026-10-11,,4,median,270.303734137464
ILI incidence,HR,2026-09-23,2026-09-20,0.01,1,quantile,0
ILI incidence,HR,2026-09-23,2026-09-20,0.025,1,quantile,0
ILI incidence,HR,2026-09-23,2026-09-20,0.05,1,quantile,0
ILI incidence,HR,2026-09-23,2026-09-20,0.1,1,quantile,0
ILI incidence,HR,2026-09-23,2026-09-20,0.15,1,quantile,0
ILI incidence,HR,2026-09-23,2026-09-20,0.2,1,quantile,0
ILI incidence,HR,2026-09-23,2026-09-20,0.25,1,quantile,0
ILI incidence,HR,2026-09-23,2026-09-20,0.3,1,quantile,0.348924642612331
ILI incidence,HR,2026-09-23,2026-09-20,0.35,1,quantile,0.843150274131529
ILI incidence,HR,2026-09-23,2026-09-20,0.4,1,quantile,1.24572261842585
ILI incidence,HR,2026-09-23,2026-09-20,0.45,1,quantile,1.77089857597033
ILI incidence,HR,2026-09-23,2026-09-20,0.5,1,quantile,2.30323456492119
ILI incidence,HR,2026-09-23,2026-09-20,0.55,1,quantile,2.7920375317432
ILI incidence,HR,2026-09-23,2026-09-20,0.6,1,quantile,3.35221609142971
ILI incidence,HR,2026-09-23,2026-09-20,0.65,1,quantile,3.93959188412451
ILI incidence,HR,2026-09-23,2026-09-20,0.7,1,quantile,4.70200726377576
ILI incidence,HR,2026-09-23,2026-09-20,0.75,1,quantile,5.64863514348052
ILI incidence,HR,2026-09-23,2026-09-20,0.8,1,quantile,6.84727862819419
ILI incidence,HR,2026-09-23,2026-09-20,0.85,1,quantile,8.54718981700716
ILI incidence,HR,2026-09-23,2026-09-20,0.9,1,quantile,11.224836257977
ILI incidence,HR,2026-09-23,2026-09-20,0.95,1,quantile,16.0657805018213
ILI incidence,HR,2026-09-23,2026-09-20,0.975,1,quantile,20.3152374196007
ILI incidence,HR,2026-09-23,2026-09-20,0.99,1,quantile,29.8176606481375
ILI incidence,HR,2026-09-23,2026-09-27,0.01,2,quantile,0
ILI incidence,HR,2026-09-23,2026-09-27,0.025,2,quantile,0
ILI incidence,HR,2026-09-23,2026-09-27,0.05,2,quantile,0
ILI incidence,HR,2026-09-23,2026-09-27,0.1,2,quantile,0
ILI incidence,HR,2026-09-23,2026-09-27,0.15,2,quantile,0
ILI incidence,HR,2026-09-23,2026-09-27,0.2,2,quantile,0
ILI incidence,HR,2026-09-23,2026-09-27,0.25,2,quantile,0
ILI incidence,HR,2026-09-23,2026-09-27,0.3,2,quantile,0.409331892445191
ILI incidence,HR,2026-09-23,2026-09-27,0.35,2,quantile,0.944892969485822
ILI incidence,HR,2026-09-23,2026-09-27,0.4,2,quantile,1.46485616632277
ILI incidence,HR,2026-09-23,2026-09-27,0.45,2,quantile,2.02547087960167
ILI incidence,HR,2026-09-23,2026-09-27,0.5,2,quantile,2.67452160678343
ILI incidence,HR,2026-09-23,2026-09-27,0.55,2,quantile,3.52407145636059
ILI incidence,HR,2026-09-23,2026-09-27,0.6,2,quantile,4.70525555450725
ILI incidence,HR,2026-09-23,2026-09-27,0.65,2,quantile,5.93777413596352
ILI incidence,HR,2026-09-23,2026-09-27,0.7,2,quantile,7.62008965195745
ILI incidence,HR,2026-09-23,2026-09-27,0.75,2,quantile,9.15204415625506
ILI incidence,HR,2026-09-23,2026-09-27,0.8,2,quantile,11.1905207235648
ILI incidence,HR,2026-09-23,2026-09-27,0.85,2,quantile,14.6679412998946
ILI incidence,HR,2026-09-23,2026-09-27,0.9,2,quantile,20.430512113187
ILI incidence,HR,2026-09-23,2026-09-27,0.95,2,quantile,29.9121350792186
ILI incidence,HR,2026-09-23,2026-09-27,0.975,2,quantile,41.3247488016581
ILI incidence,HR,2026-09-23,2026-09-27,0.99,2,quantile,56.4516898754941
ILI incidence,HR,2026-09-23,2026-10-04,0.01,3,quantile,0
ILI incidence,HR,2026-09-23,2026-10-04,0.025,3,quantile,0
ILI incidence,HR,2026-09-23,2026-10-04,0.05,3,quantile,0
ILI incidence,HR,2026-09-23,2026-10-04,0.1,3,quantile,0
ILI incidence,HR,2026-09-23,2026-10-04,0.15,3,quantile,0
ILI incidence,HR,2026-09-23,2026-10-04,0.2,3,quantile,0
ILI incidence,HR,2026-09-23,2026-10-04,0.25,3,quantile,0
ILI incidence,HR,2026-09-23,2026-10-04,0.3,3,quantile,0
ILI incidence,HR,2026-09-23,2026-10-04,0.35,3,quantile,0.116794881452356
ILI incidence,HR,2026-09-23,2026-10-04,0.4,3,quantile,1.1125558830114
ILI incidence,HR,2026-09-23,2026-10-04,0.45,3,quantile,2.2188946183835
ILI incidence,HR,2026-09-23,2026-10-04,0.5,3,quantile,3.10474735603518
ILI incidence,HR,2026-09-23,2026-10-04,0.55,3,quantile,4.36115318589475
ILI incidence,HR,2026-09-23,2026-10-04,0.6,3,quantile,6.01583520371386
ILI incidence,HR,2026-09-23,2026-10-04,0.65,3,quantile,7.67704668109972
ILI incidence,HR,2026-09-23,2026-10-04,0.7,3,quantile,9.46854904204734
ILI incidence,HR,2026-09-23,2026-10-04,0.75,3,quantile,12.1517593190641
ILI incidence,HR,2026-09-23,2026-10-04,0.8,3,quantile,15.7354174443949
ILI incidence,HR,2026-09-23,2026-10-04,0.85,3,quantile,20.8013188861576
ILI incidence,HR,2026-09-23,2026-10-04,0.9,3,quantile,29.0597045301699
ILI incidence,HR,2026-09-23,2026-10-04,0.95,3,quantile,44.9090036082434
ILI incidence,HR,2026-09-23,2026-10-04,0.975,3,quantile,67.9342271644922
ILI incidence,HR,2026-09-23,2026-10-04,0.99,3,quantile,92.2362175023775
ILI incidence,HR,2026-09-23,2026-10-11,0.01,4,quantile,0
ILI incidence,HR,2026-09-23,2026-10-11,0.025,4,quantile,0
ILI incidence,HR,2026-09-23,2026-10-11,0.05,4,quantile,0
ILI incidence,HR,2026-09-23,2026-10-11,0.1,4,quantile,0
ILI incidence,HR,2026-09-23,2026-10-11,0.15,4,quantile,0
ILI incidence,HR,2026-09-23,2026-10-11,0.2,4,quantile,0
ILI incidence,HR,2026-09-23,2026-10-11,0.25,4,quantile,0
ILI incidence,HR,2026-09-23,2026-10-11,0.3,4,quantile,0
ILI incidence,HR,2026-09-23,2026-10-11,0.35,4,quantile,0
ILI incidence,HR,2026-09-23,2026-10-11,0.4,4,quantile,0.836502118064357
ILI incidence,HR,2026-09-23,2026-10-11,0.45,4,quantile,1.98580988678744
ILI incidence,HR,2026-09-23,2026-10-11,0.5,4,quantile,3.60288832058964
ILI incidence,HR,2026-09-23,2026-10-11,0.55,4,quantile,5.75508962980526
ILI incidence,HR,2026-09-23,2026-10-11,0.6,4,quantile,7.63841120774335
ILI incidence,HR,2026-09-23,2026-10-11,0.65,4,quantile,9.95914760185487
ILI incidence,HR,2026-09-23,2026-10-11,0.7,4,quantile,13.4605748827079
ILI incidence,HR,2026-09-23,2026-10-11,0.75,4,quantile,18.2006088460059
ILI incidence,HR,2026-09-23,2026-10-11,0.8,4,quantile,23.3637373931565
ILI incidence,HR,2026-09-23,2026-10-11,0.85,4,quantile,32.2298837765469
ILI incidence,HR,2026-09-23,2026-10-11,0.9,4,quantile,45.2354429664109
ILI incidence,HR,2026-09-23,2026-10-11,0.95,4,quantile,66.2439408422946
ILI incidence,HR,2026-09-23,2026-10-11,0.975,4,quantile,102.173224955786
ILI incidence,HR,2026-09-23,2026-10-11,0.99,4,quantile,146.106675373993
ILI incidence,HR,2026-09-23,2026-09-20,,1,median,2.30323456492119
ILI incidence,HR,2026-09-23,2026-09-27,,2,median,2.67452160678343
ILI incidence,HR,2026-09-23,2026-10-04,,3,median,3.10474735603518
ILI incidence,HR,2026-09-23,2026-10-11,,4,median,3.60288832058964
ILI incidence,HU,2026-09-23,2026-09-20,0.01,1,quantile,34.0812352235601
ILI incidence,HU,2026-09-23,2026-09-20,0.025,1,quantile,39.0492665356294
ILI incidence,HU,2026-09-23,2026-09-20,0.05,1,quantile,46.7358419149811
ILI incidence,HU,2026-09-23,2026-09-20,0.1,1,quantile,56.6257969266721
ILI incidence,HU,2026-09-23,2026-09-20,0.15,1,quantile,62.2816325015928
ILI incidence,HU,2026-09-23,2026-09-20,0.2,1,quantile,70.100399738885
ILI incidence,HU,2026-09-23,2026-09-20,0.25,1,quantile,75.4330205125912
ILI incidence,HU,2026-09-23,2026-09-20,0.3,1,quantile,80.2852496773837
ILI incidence,HU,2026-09-23,2026-09-20,0.35,1,quantile,86.2567515865462
ILI incidence,HU,2026-09-23,2026-09-20,0.4,1,quantile,92.0219360716886
ILI incidence,HU,2026-09-23,2026-09-20,0.45,1,quantile,96.7480079908012
ILI incidence,HU,2026-09-23,2026-09-20,0.5,1,quantile,101.812196868943
ILI incidence,HU,2026-09-23,2026-09-20,0.55,1,quantile,108.352434077278
ILI incidence,HU,2026-09-23,2026-09-20,0.6,1,quantile,113.203934239761
ILI incidence,HU,2026-09-23,2026-09-20,0.65,1,quantile,119.038134799272
ILI incidence,HU,2026-09-23,2026-09-20,0.7,1,quantile,127.793734558087
ILI incidence,HU,2026-09-23,2026-09-20,0.75,1,quantile,138.473426293037
ILI incidence,HU,2026-09-23,2026-09-20,0.8,1,quantile,151.134441417994
ILI incidence,HU,2026-09-23,2026-09-20,0.85,1,quantile,170.406870070908
ILI incidence,HU,2026-09-23,2026-09-20,0.9,1,quantile,190.234802221274
ILI incidence,HU,2026-09-23,2026-09-20,0.95,1,quantile,225.046932457156
ILI incidence,HU,2026-09-23,2026-09-20,0.975,1,quantile,268.200794419829
ILI incidence,HU,2026-09-23,2026-09-20,0.99,1,quantile,305.308403304738
ILI incidence,HU,2026-09-23,2026-09-27,0.01,2,quantile,27.5243567598763
ILI incidence,HU,2026-09-23,2026-09-27,0.025,2,quantile,33.5429116184674
ILI incidence,HU,2026-09-23,2026-09-27,0.05,2,quantile,44.3194407984157
ILI incidence,HU,2026-09-23,2026-09-27,0.1,2,quantile,56.4985966103556
ILI incidence,HU,2026-09-23,2026-09-27,0.15,2,quantile,63.3995512564436
ILI incidence,HU,2026-09-23,2026-09-27,0.2,2,quantile,71.3783905796454
ILI incidence,HU,2026-09-23,2026-09-27,0.25,2,quantile,77.6336986326008
ILI incidence,HU,2026-09-23,2026-09-27,0.3,2,quantile,84.5287050362096
ILI incidence,HU,2026-09-23,2026-09-27,0.35,2,quantile,92.0356471711156
ILI incidence,HU,2026-09-23,2026-09-27,0.4,2,quantile,99.8127455682135
ILI incidence,HU,2026-09-23,2026-09-27,0.45,2,quantile,110.477256035045
ILI incidence,HU,2026-09-23,2026-09-27,0.5,2,quantile,120.97542010328
ILI incidence,HU,2026-09-23,2026-09-27,0.55,2,quantile,131.158484202593
ILI incidence,HU,2026-09-23,2026-09-27,0.6,2,quantile,146.745609562375
ILI incidence,HU,2026-09-23,2026-09-27,0.65,2,quantile,158.487623870161
ILI incidence,HU,2026-09-23,2026-09-27,0.7,2,quantile,175.180154047315
ILI incidence,HU,2026-09-23,2026-09-27,0.75,2,quantile,194.724944139261
ILI incidence,HU,2026-09-23,2026-09-27,0.8,2,quantile,217.515315791034
ILI incidence,HU,2026-09-23,2026-09-27,0.85,2,quantile,251.099392434769
ILI incidence,HU,2026-09-23,2026-09-27,0.9,2,quantile,302.822726972192
ILI incidence,HU,2026-09-23,2026-09-27,0.95,2,quantile,377.845303779628
ILI incidence,HU,2026-09-23,2026-09-27,0.975,2,quantile,447.094008489255
ILI incidence,HU,2026-09-23,2026-09-27,0.99,2,quantile,535.489518331023
ILI incidence,HU,2026-09-23,2026-10-04,0.01,3,quantile,20.5751537744336
ILI incidence,HU,2026-09-23,2026-10-04,0.025,3,quantile,27.6907904473357
ILI incidence,HU,2026-09-23,2026-10-04,0.05,3,quantile,38.207785467395
ILI incidence,HU,2026-09-23,2026-10-04,0.1,3,quantile,51.5915745433028
ILI incidence,HU,2026-09-23,2026-10-04,0.15,3,quantile,61.7941897576744
ILI incidence,HU,2026-09-23,2026-10-04,0.2,3,quantile,69.4267463767224
ILI incidence,HU,2026-09-23,2026-10-04,0.25,3,quantile,80.6187050095584
ILI incidence,HU,2026-09-23,2026-10-04,0.3,3,quantile,87.997291780348
ILI incidence,HU,2026-09-23,2026-10-04,0.35,3,quantile,96.7909307466007
ILI incidence,HU,2026-09-23,2026-10-04,0.4,3,quantile,110.217293522444
ILI incidence,HU,2026-09-23,2026-10-04,0.45,3,quantile,124.81874850212
ILI incidence,HU,2026-09-23,2026-10-04,0.5,3,quantile,140.239036875287
ILI incidence,HU,2026-09-23,2026-10-04,0.55,3,quantile,162.667386380025
ILI incidence,HU,2026-09-23,2026-10-04,0.6,3,quantile,182.247248290177
ILI incidence,HU,2026-09-23,2026-10-04,0.65,3,quantile,200.403209389097
ILI incidence,HU,2026-09-23,2026-10-04,0.7,3,quantile,221.399059772757
ILI incidence,HU,2026-09-23,2026-10-04,0.75,3,quantile,257.039477431798
ILI incidence,HU,2026-09-23,2026-10-04,0.8,3,quantile,302.021099696981
ILI incidence,HU,2026-09-23,2026-10-04,0.85,3,quantile,339.443734568754
ILI incidence,HU,2026-09-23,2026-10-04,0.9,3,quantile,435.548837871578
ILI incidence,HU,2026-09-23,2026-10-04,0.95,3,quantile,562.764000146711
ILI incidence,HU,2026-09-23,2026-10-04,0.975,3,quantile,713.658860504142
ILI incidence,HU,2026-09-23,2026-10-04,0.99,3,quantile,811.329878996605
ILI incidence,HU,2026-09-23,2026-10-11,0.01,4,quantile,8.86938726972092
ILI incidence,HU,2026-09-23,2026-10-11,0.025,4,quantile,16.3856138020006
ILI incidence,HU,2026-09-23,2026-10-11,0.05,4,quantile,27.250226835848
ILI incidence,HU,2026-09-23,2026-10-11,0.1,4,quantile,40.2450319407917
ILI incidence,HU,2026-09-23,2026-10-11,0.15,4,quantile,53.0261161848956
ILI incidence,HU,2026-09-23,2026-10-11,0.2,4,quantile,64.7085698685433
ILI incidence,HU,2026-09-23,2026-10-11,0.25,4,quantile,72.7838104028403
ILI incidence,HU,2026-09-23,2026-10-11,0.3,4,quantile,87.1996795894663
ILI incidence,HU,2026-09-23,2026-10-11,0.35,4,quantile,99.2891661261983
ILI incidence,HU,2026-09-23,2026-10-11,0.4,4,quantile,115.476194732488
ILI incidence,HU,2026-09-23,2026-10-11,0.45,4,quantile,133.266162096531
ILI incidence,HU,2026-09-23,2026-10-11,0.5,4,quantile,159.385209122287
ILI incidence,HU,2026-09-23,2026-10-11,0.55,4,quantile,183.479107474736
ILI incidence,HU,2026-09-23,2026-10-11,0.6,4,quantile,206.874355717028
ILI incidence,HU,2026-09-23,2026-10-11,0.65,4,quantile,237.018849353574
ILI incidence,HU,2026-09-23,2026-10-11,0.7,4,quantile,271.32291791207
ILI incidence,HU,2026-09-23,2026-10-11,0.75,4,quantile,325.190520538062
ILI incidence,HU,2026-09-23,2026-10-11,0.8,4,quantile,391.183279313884
ILI incidence,HU,2026-09-23,2026-10-11,0.85,4,quantile,464.662450211071
ILI incidence,HU,2026-09-23,2026-10-11,0.9,4,quantile,584.404189885487
ILI incidence,HU,2026-09-23,2026-10-11,0.95,4,quantile,772.12368349693
ILI incidence,HU,2026-09-23,2026-10-11,0.975,4,quantile,875.227648469253
ILI incidence,HU,2026-09-23,2026-10-11,0.99,4,quantile,1069.1886079951
ILI incidence,HU,2026-09-23,2026-09-20,,1,median,101.812196868943
ILI incidence,HU,2026-09-23,2026-09-27,,2,median,120.97542010328
ILI incidence,HU,2026-09-23,2026-10-04,,3,median,140.239036875287
ILI incidence,HU,2026-09-23,2026-10-11,,4,median,159.385209122287
ILI incidence,IE,2026-09-23,2026-09-20,0.01,1,quantile,0
ILI incidence,IE,2026-09-23,2026-09-20,0.025,1,quantile,0
ILI incidence,IE,2026-09-23,2026-09-20,0.05,1,quantile,0.132533071980689
ILI incidence,IE,2026-09-23,2026-09-20,0.1,1,quantile,0.515456904198982
ILI incidence,IE,2026-09-23,2026-09-20,0.15,1,quantile,0.876820010401234
ILI incidence,IE,2026-09-23,2026-09-20,0.2,1,quantile,1.21653553057084
ILI incidence,IE,2026-09-23,2026-09-20,0.25,1,quantile,1.49845377089807
ILI incidence,IE,2026-09-23,2026-09-20,0.3,1,quantile,1.75738123705193
ILI incidence,IE,2026-09-23,2026-09-20,0.35,1,quantile,2.23653992228296
ILI incidence,IE,2026-09-23,2026-09-20,0.4,1,quantile,2.55318254991609
ILI incidence,IE,2026-09-23,2026-09-20,0.45,1,quantile,2.95075283366954
ILI incidence,IE,2026-09-23,2026-09-20,0.5,1,quantile,3.32518458792437
ILI incidence,IE,2026-09-23,2026-09-20,0.55,1,quantile,3.8643617282901
ILI incidence,IE,2026-09-23,2026-09-20,0.6,1,quantile,4.25055368095637
ILI incidence,IE,2026-09-23,2026-09-20,0.65,1,quantile,4.83778842815763
ILI incidence,IE,2026-09-23,2026-09-20,0.7,1,quantile,5.52981452281686
ILI incidence,IE,2026-09-23,2026-09-20,0.75,1,quantile,6.20960731770981
ILI incidence,IE,2026-09-23,2026-09-20,0.8,1,quantile,7.05409946197772
ILI incidence,IE,2026-09-23,2026-09-20,0.85,1,quantile,8.33520265392983
ILI incidence,IE,2026-09-23,2026-09-20,0.9,1,quantile,10.1402318130977
ILI incidence,IE,2026-09-23,2026-09-20,0.95,1,quantile,12.4585969131554
ILI incidence,IE,2026-09-23,2026-09-20,0.975,1,quantile,16.096106295328
ILI incidence,IE,2026-09-23,2026-09-20,0.99,1,quantile,20.4864059244318
ILI incidence,IE,2026-09-23,2026-09-27,0.01,2,quantile,0
ILI incidence,IE,2026-09-23,2026-09-27,0.025,2,quantile,0
ILI incidence,IE,2026-09-23,2026-09-27,0.05,2,quantile,0
ILI incidence,IE,2026-09-23,2026-09-27,0.1,2,quantile,0.372960439952052
ILI incidence,IE,2026-09-23,2026-09-27,0.15,2,quantile,0.758422997198808
ILI incidence,IE,2026-09-23,2026-09-27,0.2,2,quantile,1.16003847094357
ILI incidence,IE,2026-09-23,2026-09-27,0.25,2,quantile,1.60070509299879
ILI incidence,IE,2026-09-23,2026-09-27,0.3,2,quantile,1.93001074598126
ILI incidence,IE,2026-09-23,2026-09-27,0.35,2,quantile,2.25920247692893
ILI incidence,IE,2026-09-23,2026-09-27,0.4,2,quantile,2.77060343269307
ILI incidence,IE,2026-09-23,2026-09-27,0.45,2,quantile,3.37151265224914
ILI incidence,IE,2026-09-23,2026-09-27,0.5,2,quantile,3.83780291173836
ILI incidence,IE,2026-09-23,2026-09-27,0.55,2,quantile,4.49761711954084
ILI incidence,IE,2026-09-23,2026-09-27,0.6,2,quantile,5.20199792806225
ILI incidence,IE,2026-09-23,2026-09-27,0.65,2,quantile,5.86553265393791
ILI incidence,IE,2026-09-23,2026-09-27,0.7,2,quantile,7.04941460084037
ILI incidence,IE,2026-09-23,2026-09-27,0.75,2,quantile,8.21119476065851
ILI incidence,IE,2026-09-23,2026-09-27,0.8,2,quantile,9.63728980162806
ILI incidence,IE,2026-09-23,2026-09-27,0.85,2,quantile,11.8622495866793
ILI incidence,IE,2026-09-23,2026-09-27,0.9,2,quantile,15.3505191603792
ILI incidence,IE,2026-09-23,2026-09-27,0.95,2,quantile,21.1539746001342
ILI incidence,IE,2026-09-23,2026-09-27,0.975,2,quantile,28.0514585596425
ILI incidence,IE,2026-09-23,2026-09-27,0.99,2,quantile,39.1483218003548
ILI incidence,IE,2026-09-23,2026-10-04,0.01,3,quantile,0
ILI incidence,IE,2026-09-23,2026-10-04,0.025,3,quantile,0
ILI incidence,IE,2026-09-23,2026-10-04,0.05,3,quantile,0
ILI incidence,IE,2026-09-23,2026-10-04,0.1,3,quantile,0
ILI incidence,IE,2026-09-23,2026-10-04,0.15,3,quantile,0.239663735246721
ILI incidence,IE,2026-09-23,2026-10-04,0.2,3,quantile,0.689067719773475
ILI incidence,IE,2026-09-23,2026-10-04,0.25,3,quantile,1.15685343036678
ILI incidence,IE,2026-09-23,2026-10-04,0.3,3,quantile,1.66649376326932
ILI incidence,IE,2026-09-23,2026-10-04,0.35,3,quantile,2.22927824284525
ILI incidence,IE,2026-09-23,2026-10-04,0.4,3,quantile,2.96824146361979
ILI incidence,IE,2026-09-23,2026-10-04,0.45,3,quantile,3.5901526845391
ILI incidence,IE,2026-09-23,2026-10-04,0.5,3,quantile,4.41020331858069
ILI incidence,IE,2026-09-23,2026-10-04,0.55,3,quantile,5.29059064779077
ILI incidence,IE,2026-09-23,2026-10-04,0.6,3,quantile,6.12686083012473
ILI incidence,IE,2026-09-23,2026-10-04,0.65,3,quantile,7.18858986534278
ILI incidence,IE,2026-09-23,2026-10-04,0.7,3,quantile,8.71230473475611
ILI incidence,IE,2026-09-23,2026-10-04,0.75,3,quantile,10.7395781732086
ILI incidence,IE,2026-09-23,2026-10-04,0.8,3,quantile,12.8330216169512
ILI incidence,IE,2026-09-23,2026-10-04,0.85,3,quantile,15.7338873573323
ILI incidence,IE,2026-09-23,2026-10-04,0.9,3,quantile,22.7836765983772
ILI incidence,IE,2026-09-23,2026-10-04,0.95,3,quantile,31.2128184150275
ILI incidence,IE,2026-09-23,2026-10-04,0.975,3,quantile,41.3766239237217
ILI incidence,IE,2026-09-23,2026-10-04,0.99,3,quantile,61.6046485734521
ILI incidence,IE,2026-09-23,2026-10-11,0.01,4,quantile,0
ILI incidence,IE,2026-09-23,2026-10-11,0.025,4,quantile,0
ILI incidence,IE,2026-09-23,2026-10-11,0.05,4,quantile,0
ILI incidence,IE,2026-09-23,2026-10-11,0.1,4,quantile,0
ILI incidence,IE,2026-09-23,2026-10-11,0.15,4,quantile,0.0437875744532033
ILI incidence,IE,2026-09-23,2026-10-11,0.2,4,quantile,0.596856566407811
ILI incidence,IE,2026-09-23,2026-10-11,0.25,4,quantile,1.29570275614279
ILI incidence,IE,2026-09-23,2026-10-11,0.3,4,quantile,1.98530182663143
ILI incidence,IE,2026-09-23,2026-10-11,0.35,4,quantile,2.73668796729374
ILI incidence,IE,2026-09-23,2026-10-11,0.4,4,quantile,3.4095956797905
ILI incidence,IE,2026-09-23,2026-10-11,0.45,4,quantile,4.20757859747011
ILI incidence,IE,2026-09-23,2026-10-11,0.5,4,quantile,5.04897559047426
ILI incidence,IE,2026-09-23,2026-10-11,0.55,4,quantile,6.16604867161131
ILI incidence,IE,2026-09-23,2026-10-11,0.6,4,quantile,7.4489668536313
ILI incidence,IE,2026-09-23,2026-10-11,0.65,4,quantile,8.62786312925571
ILI incidence,IE,2026-09-23,2026-10-11,0.7,4,quantile,11.127416074644
ILI incidence,IE,2026-09-23,2026-10-11,0.75,4,quantile,13.7769108194157
ILI incidence,IE,2026-09-23,2026-10-11,0.8,4,quantile,18.0434709917175
ILI incidence,IE,2026-09-23,2026-10-11,0.85,4,quantile,22.7180732925384
ILI incidence,IE,2026-09-23,2026-10-11,0.9,4,quantile,31.1084255939712
ILI incidence,IE,2026-09-23,2026-10-11,0.95,4,quantile,44.1433134914666
ILI incidence,IE,2026-09-23,2026-10-11,0.975,4,quantile,59.0273551596904
ILI incidence,IE,2026-09-23,2026-10-11,0.99,4,quantile,81.9742297555741
ILI incidence,IE,2026-09-23,2026-09-20,,1,median,3.32518458792437
ILI incidence,IE,2026-09-23,2026-09-27,,2,median,3.83780291173836
ILI incidence,IE,2026-09-23,2026-10-04,,3,median,4.41020331858069
ILI incidence,IE,2026-09-23,2026-10-11,,4,median,5.04897559047426
ILI incidence,IS,2026-09-23,2026-09-20,0.01,1,quantile,0
ILI incidence,IS,2026-09-23,2026-09-20,0.025,1,quantile,0
ILI incidence,IS,2026-09-23,2026-09-20,0.05,1,quantile,0
ILI incidence,IS,2026-09-23,2026-09-20,0.1,1,quantile,0
ILI incidence,IS,2026-09-23,2026-09-20,0.15,1,quantile,0
ILI incidence,IS,2026-09-23,2026-09-20,0.2,1,quantile,0
ILI incidence,IS,2026-09-23,2026-09-20,0.25,1,quantile,0
ILI incidence,IS,2026-09-23,2026-09-20,0.3,1,quantile,0
ILI incidence,IS,2026-09-23,2026-09-20,0.35,1,quantile,0.0630205204589635
ILI incidence,IS,2026-09-23,2026-09-20,0.4,1,quantile,0.15371454751135
ILI incidence,IS,2026-09-23,2026-09-20,0.45,1,quantile,0.269081838891546
ILI incidence,IS,2026-09-23,2026-09-20,0.5,1,quantile,0.416071536330211
ILI incidence,IS,2026-09-23,2026-09-20,0.55,1,quantile,0.55120219627843
ILI incidence,IS,2026-09-23,2026-09-20,0.6,1,quantile,0.792255235681673
ILI incidence,IS,2026-09-23,2026-09-20,0.65,1,quantile,1.1172874082646
ILI incidence,IS,2026-09-23,2026-09-20,0.7,1,quantile,1.63590779225347
ILI incidence,IS,2026-09-23,2026-09-20,0.75,1,quantile,2.19057473630755
ILI incidence,IS,2026-09-23,2026-09-20,0.8,1,quantile,2.99073412045689
ILI incidence,IS,2026-09-23,2026-09-20,0.85,1,quantile,4.11232415511982
ILI incidence,IS,2026-09-23,2026-09-20,0.9,1,quantile,6.25940483890976
ILI incidence,IS,2026-09-23,2026-09-20,0.95,1,quantile,9.79986090965672
ILI incidence,IS,2026-09-23,2026-09-20,0.975,1,quantile,14.8207776847817
ILI incidence,IS,2026-09-23,2026-09-20,0.99,1,quantile,19.2656932178099
ILI incidence,IS,2026-09-23,2026-09-27,0.01,2,quantile,0
ILI incidence,IS,2026-09-23,2026-09-27,0.025,2,quantile,0
ILI incidence,IS,2026-09-23,2026-09-27,0.05,2,quantile,0
ILI incidence,IS,2026-09-23,2026-09-27,0.1,2,quantile,0
ILI incidence,IS,2026-09-23,2026-09-27,0.15,2,quantile,0
ILI incidence,IS,2026-09-23,2026-09-27,0.2,2,quantile,0
ILI incidence,IS,2026-09-23,2026-09-27,0.25,2,quantile,0
ILI incidence,IS,2026-09-23,2026-09-27,0.3,2,quantile,0
ILI incidence,IS,2026-09-23,2026-09-27,0.35,2,quantile,0
ILI incidence,IS,2026-09-23,2026-09-27,0.4,2,quantile,0.0965495132306354
ILI incidence,IS,2026-09-23,2026-09-27,0.45,2,quantile,0.257455887885819
ILI incidence,IS,2026-09-23,2026-09-27,0.5,2,quantile,0.478102888721839
ILI incidence,IS,2026-09-23,2026-09-27,0.55,2,quantile,0.730684703857412
ILI incidence,IS,2026-09-23,2026-09-27,0.6,2,quantile,1.0931658963456
ILI incidence,IS,2026-09-23,2026-09-27,0.65,2,quantile,1.53288943547139
ILI incidence,IS,2026-09-23,2026-09-27,0.7,2,quantile,2.42665223446963
ILI incidence,IS,2026-09-23,2026-09-27,0.75,2,quantile,3.47761184681984
ILI incidence,IS,2026-09-23,2026-09-27,0.8,2,quantile,5.11116648559231
ILI incidence,IS,2026-09-23,2026-09-27,0.85,2,quantile,7.75656678083186
ILI incidence,IS,2026-09-23,2026-09-27,0.9,2,quantile,11.6449249947667
ILI incidence,IS,2026-09-23,2026-09-27,0.95,2,quantile,19.2610463799643
ILI incidence,IS,2026-09-23,2026-09-27,0.975,2,quantile,30.0706732261469
ILI incidence,IS,2026-09-23,2026-09-27,0.99,2,quantile,46.0157785884654
ILI incidence,IS,2026-09-23,2026-10-04,0.01,3,quantile,0
ILI incidence,IS,2026-09-23,2026-10-04,0.025,3,quantile,0
ILI incidence,IS,2026-09-23,2026-10-04,0.05,3,quantile,0
ILI incidence,IS,2026-09-23,2026-10-04,0.1,3,quantile,0
ILI incidence,IS,2026-09-23,2026-10-04,0.15,3,quantile,0
ILI incidence,IS,2026-09-23,2026-10-04,0.2,3,quantile,0
ILI incidence,IS,2026-09-23,2026-10-04,0.25,3,quantile,0
ILI incidence,IS,2026-09-23,2026-10-04,0.3,3,quantile,0
ILI incidence,IS,2026-09-23,2026-10-04,0.35,3,quantile,0
ILI incidence,IS,2026-09-23,2026-10-04,0.4,3,quantile,0.096585609329909
ILI incidence,IS,2026-09-23,2026-10-04,0.45,3,quantile,0.276780373161261
ILI incidence,IS,2026-09-23,2026-10-04,0.5,3,quantile,0.550101593593863
ILI incidence,IS,2026-09-23,2026-10-04,0.55,3,quantile,1.08205791158328
ILI incidence,IS,2026-09-23,2026-10-04,0.6,3,quantile,1.6503085410356
ILI incidence,IS,2026-09-23,2026-10-04,0.65,3,quantile,2.59225449544644
ILI incidence,IS,2026-09-23,2026-10-04,0.7,3,quantile,3.4579554058088
ILI incidence,IS,2026-09-23,2026-10-04,0.75,3,quantile,5.50196008919872
ILI incidence,IS,2026-09-23,2026-10-04,0.8,3,quantile,8.00626120378733
ILI incidence,IS,2026-09-23,2026-10-04,0.85,3,quantile,11.7228443090668
ILI incidence,IS,2026-09-23,2026-10-04,0.9,3,quantile,17.960756763447
ILI incidence,IS,2026-09-23,2026-10-04,0.95,3,quantile,29.3894118744302
ILI incidence,IS,2026-09-23,2026-10-04,0.975,3,quantile,45.240803583644
ILI incidence,IS,2026-09-23,2026-10-04,0.99,3,quantile,74.4203184682672
ILI incidence,IS,2026-09-23,2026-10-11,0.01,4,quantile,0
ILI incidence,IS,2026-09-23,2026-10-11,0.025,4,quantile,0
ILI incidence,IS,2026-09-23,2026-10-11,0.05,4,quantile,0
ILI incidence,IS,2026-09-23,2026-10-11,0.1,4,quantile,0
ILI incidence,IS,2026-09-23,2026-10-11,0.15,4,quantile,0
ILI incidence,IS,2026-09-23,2026-10-11,0.2,4,quantile,0
ILI incidence,IS,2026-09-23,2026-10-11,0.25,4,quantile,0
ILI incidence,IS,2026-09-23,2026-10-11,0.3,4,quantile,0
ILI incidence,IS,2026-09-23,2026-10-11,0.35,4,quantile,0
ILI incidence,IS,2026-09-23,2026-10-11,0.4,4,quantile,0.05608018388437
ILI incidence,IS,2026-09-23,2026-10-11,0.45,4,quantile,0.289738647532754
ILI incidence,IS,2026-09-23,2026-10-11,0.5,4,quantile,0.6335870641221
ILI incidence,IS,2026-09-23,2026-10-11,0.55,4,quantile,1.32533506763374
ILI incidence,IS,2026-09-23,2026-10-11,0.6,4,quantile,2.00416414401855
ILI incidence,IS,2026-09-23,2026-10-11,0.65,4,quantile,2.97441405762096
ILI incidence,IS,2026-09-23,2026-10-11,0.7,4,quantile,4.35926432703596
ILI incidence,IS,2026-09-23,2026-10-11,0.75,4,quantile,6.37033622004372
ILI incidence,IS,2026-09-23,2026-10-11,0.8,4,quantile,10.3904321817848
ILI incidence,IS,2026-09-23,2026-10-11,0.85,4,quantile,16.5393072854019
ILI incidence,IS,2026-09-23,2026-10-11,0.9,4,quantile,24.9828395744674
ILI incidence,IS,2026-09-23,2026-10-11,0.95,4,quantile,42.379900990688
ILI incidence,IS,2026-09-23,2026-10-11,0.975,4,quantile,56.4632545699429
ILI incidence,IS,2026-09-23,2026-10-11,0.99,4,quantile,78.1521977048059
ILI incidence,IS,2026-09-23,2026-09-20,,1,median,0.416071536330211
ILI incidence,IS,2026-09-23,2026-09-27,,2,median,0.478102888721839
ILI incidence,IS,2026-09-23,2026-10-04,,3,median,0.550101593593863
ILI incidence,IS,2026-09-23,2026-10-11,,4,median,0.6335870641221
ILI incidence,LT,2026-09-23,2026-09-20,0.01,1,quantile,0
ILI incidence,LT,2026-09-23,2026-09-20,0.025,1,quantile,0
ILI incidence,LT,2026-09-23,2026-09-20,0.05,1,quantile,0
ILI incidence,LT,2026-09-23,2026-09-20,0.1,1,quantile,0
ILI incidence,LT,2026-09-23,2026-09-20,0.15,1,quantile,0
ILI incidence,LT,2026-09-23,2026-09-20,0.2,1,quantile,0
ILI incidence,LT,2026-09-23,2026-09-20,0.25,1,quantile,0
ILI incidence,LT,2026-09-23,2026-09-20,0.3,1,quantile,0
ILI incidence,LT,2026-09-23,2026-09-20,0.35,1,quantile,0
ILI incidence,LT,2026-09-23,2026-09-20,0.4,1,quantile,0.664515937447254
ILI incidence,LT,2026-09-23,2026-09-20,0.45,1,quantile,1.81726443966551
ILI incidence,LT,2026-09-23,2026-09-20,0.5,1,quantile,2.83083535239548
ILI incidence,LT,2026-09-23,2026-09-20,0.55,1,quantile,4.0391007735654
ILI incidence,LT,2026-09-23,2026-09-20,0.6,1,quantile,5.36198345516472
ILI incidence,LT,2026-09-23,2026-09-20,0.65,1,quantile,7.05151774530234
ILI incidence,LT,2026-09-23,2026-09-20,0.7,1,quantile,8.88127213582534
ILI incidence,LT,2026-09-23,2026-09-20,0.75,1,quantile,10.5274052469249
ILI incidence,LT,2026-09-23,2026-09-20,0.8,1,quantile,13.1345110276476
ILI incidence,LT,2026-09-23,2026-09-20,0.85,1,quantile,16.2485778672058
ILI incidence,LT,2026-09-23,2026-09-20,0.9,1,quantile,20.2706652339774
ILI incidence,LT,2026-09-23,2026-09-20,0.95,1,quantile,30.2550047791233
ILI incidence,LT,2026-09-23,2026-09-20,0.975,1,quantile,39.8753912199469
ILI incidence,LT,2026-09-23,2026-09-20,0.99,1,quantile,59.0206618860782
ILI incidence,LT,2026-09-23,2026-09-27,0.01,2,quantile,0
ILI incidence,LT,2026-09-23,2026-09-27,0.025,2,quantile,0
ILI incidence,LT,2026-09-23,2026-09-27,0.05,2,quantile,0
ILI incidence,LT,2026-09-23,2026-09-27,0.1,2,quantile,0
ILI incidence,LT,2026-09-23,2026-09-27,0.15,2,quantile,0
ILI incidence,LT,2026-09-23,2026-09-27,0.2,2,quantile,0
ILI incidence,LT,2026-09-23,2026-09-27,0.25,2,quantile,0
ILI incidence,LT,2026-09-23,2026-09-27,0.3,2,quantile,0
ILI incidence,LT,2026-09-23,2026-09-27,0.35,2,quantile,0
ILI incidence,LT,2026-09-23,2026-09-27,0.4,2,quantile,0
ILI incidence,LT,2026-09-23,2026-09-27,0.45,2,quantile,1.52015873149532
ILI incidence,LT,2026-09-23,2026-09-27,0.5,2,quantile,3.24763280221644
ILI incidence,LT,2026-09-23,2026-09-27,0.55,2,quantile,4.94906813365387
ILI incidence,LT,2026-09-23,2026-09-27,0.6,2,quantile,7.22068412009388
ILI incidence,LT,2026-09-23,2026-09-27,0.65,2,quantile,10.2746344863608
ILI incidence,LT,2026-09-23,2026-09-27,0.7,2,quantile,13.5243256055147
ILI incidence,LT,2026-09-23,2026-09-27,0.75,2,quantile,17.6650023281311
ILI incidence,LT,2026-09-23,2026-09-27,0.8,2,quantile,23.2979511419914
ILI incidence,LT,2026-09-23,2026-09-27,0.85,2,quantile,31.529917113446
ILI incidence,LT,2026-09-23,2026-09-27,0.9,2,quantile,41.5384848290802
ILI incidence,LT,2026-09-23,2026-09-27,0.95,2,quantile,67.4654825948895
ILI incidence,LT,2026-09-23,2026-09-27,0.975,2,quantile,93.1941428459284
ILI incidence,LT,2026-09-23,2026-09-27,0.99,2,quantile,123.560390428743
ILI incidence,LT,2026-09-23,2026-10-04,0.01,3,quantile,0
ILI incidence,LT,2026-09-23,2026-10-04,0.025,3,quantile,0
ILI incidence,LT,2026-09-23,2026-10-04,0.05,3,quantile,0
ILI incidence,LT,2026-09-23,2026-10-04,0.1,3,quantile,0
ILI incidence,LT,2026-09-23,2026-10-04,0.15,3,quantile,0
ILI incidence,LT,2026-09-23,2026-10-04,0.2,3,quantile,0
ILI incidence,LT,2026-09-23,2026-10-04,0.25,3,quantile,0
ILI incidence,LT,2026-09-23,2026-10-04,0.3,3,quantile,0
ILI incidence,LT,2026-09-23,2026-10-04,0.35,3,quantile,0
ILI incidence,LT,2026-09-23,2026-10-04,0.4,3,quantile,0
ILI incidence,LT,2026-09-23,2026-10-04,0.45,3,quantile,1.15987434142086
ILI incidence,LT,2026-09-23,2026-10-04,0.5,3,quantile,3.73169561635907
ILI incidence,LT,2026-09-23,2026-10-04,0.55,3,quantile,7.08323789002836
ILI incidence,LT,2026-09-23,2026-10-04,0.6,3,quantile,10.5325394366336
ILI incidence,LT,2026-09-23,2026-10-04,0.65,3,quantile,13.6915491328199
ILI incidence,LT,2026-09-23,2026-10-04,0.7,3,quantile,19.2385330761089
ILI incidence,LT,2026-09-23,2026-10-04,0.75,3,quantile,26.8251695607194
ILI incidence,LT,2026-09-23,2026-10-04,0.8,3,quantile,36.8762585424342
ILI incidence,LT,2026-09-23,2026-10-04,0.85,3,quantile,51.178594528064
ILI incidence,LT,2026-09-23,2026-10-04,0.9,3,quantile,68.1874963135366
ILI incidence,LT,2026-09-23,2026-10-04,0.95,3,quantile,107.830240037414
ILI incidence,LT,2026-09-23,2026-10-04,0.975,3,quantile,147.891832730292
ILI incidence,LT,2026-09-23,2026-10-04,0.99,3,quantile,215.336443619247
ILI incidence,LT,2026-09-23,2026-10-11,0.01,4,quantile,0
ILI incidence,LT,2026-09-23,2026-10-11,0.025,4,quantile,0
ILI incidence,LT,2026-09-23,2026-10-11,0.05,4,quantile,0
ILI incidence,LT,2026-09-23,2026-10-11,0.1,4,quantile,0
ILI incidence,LT,2026-09-23,2026-10-11,0.15,4,quantile,0
ILI incidence,LT,2026-09-23,2026-10-11,0.2,4,quantile,0
ILI incidence,LT,2026-09-23,2026-10-11,0.25,4,quantile,0
ILI incidence,LT,2026-09-23,2026-10-11,0.3,4,quantile,0
ILI incidence,LT,2026-09-23,2026-10-11,0.35,4,quantile,0
ILI incidence,LT,2026-09-23,2026-10-11,0.4,4,quantile,0
ILI incidence,LT,2026-09-23,2026-10-11,0.45,4,quantile,1.34910507774502
ILI incidence,LT,2026-09-23,2026-10-11,0.5,4,quantile,4.29393568099311
ILI incidence,LT,2026-09-23,2026-10-11,0.55,4,quantile,8.50411593816526
ILI incidence,LT,2026-09-23,2026-10-11,0.6,4,quantile,13.1849082689831
ILI incidence,LT,2026-09-23,2026-10-11,0.65,4,quantile,18.9710735413604
ILI incidence,LT,2026-09-23,2026-10-11,0.7,4,quantile,27.238269949928
ILI incidence,LT,2026-09-23,2026-10-11,0.75,4,quantile,36.1684977549755
ILI incidence,LT,2026-09-23,2026-10-11,0.8,4,quantile,50.5139978447811
ILI incidence,LT,2026-09-23,2026-10-11,0.85,4,quantile,69.9339236170034
ILI incidence,LT,2026-09-23,2026-10-11,0.9,4,quantile,99.8491547852449
ILI incidence,LT,2026-09-23,2026-10-11,0.95,4,quantile,144.556366451624
ILI incidence,LT,2026-09-23,2026-10-11,0.975,4,quantile,201.317054240638
ILI incidence,LT,2026-09-23,2026-10-11,0.99,4,quantile,289.919203060272
ILI incidence,LT,2026-09-23,2026-09-20,,1,median,2.83083535239548
ILI incidence,LT,2026-09-23,2026-09-27,,2,median,3.24763280221644
ILI incidence,LT,2026-09-23,2026-10-04,,3,median,3.73169561635907
ILI incidence,LT,2026-09-23,2026-10-11,,4,median,4.29393568099311
ILI incidence,LU,2026-09-23,2026-09-20,0.01,1,quantile,0
ILI incidence,LU,2026-09-23,2026-09-20,0.025,1,quantile,0
ILI incidence,LU,2026-09-23,2026-09-20,0.05,1,quantile,0
ILI incidence,LU,2026-09-23,2026-09-20,0.1,1,quantile,0
ILI incidence,LU,2026-09-23,2026-09-20,0.15,1,quantile,0
ILI incidence,LU,2026-09-23,2026-09-20,0.2,1,quantile,0
ILI incidence,LU,2026-09-23,2026-09-20,0.25,1,quantile,0
ILI incidence,LU,2026-09-23,2026-09-20,0.3,1,quantile,0
ILI incidence,LU,2026-09-23,2026-09-20,0.35,1,quantile,0
ILI incidence,LU,2026-09-23,2026-09-20,0.4,1,quantile,0
ILI incidence,LU,2026-09-23,2026-09-20,0.45,1,quantile,0
ILI incidence,LU,2026-09-23,2026-09-20,0.5,1,quantile,2.33077968552169
ILI incidence,LU,2026-09-23,2026-09-20,0.55,1,quantile,42.4926718832321
ILI incidence,LU,2026-09-23,2026-09-20,0.6,1,quantile,86.8936351991378
ILI incidence,LU,2026-09-23,2026-09-20,0.65,1,quantile,141.545195029218
ILI incidence,LU,2026-09-23,2026-09-20,0.7,1,quantile,200.142005122669
ILI incidence,LU,2026-09-23,2026-09-20,0.75,1,quantile,276.835660772672
ILI incidence,LU,2026-09-23,2026-09-20,0.8,1,quantile,381.061526679981
ILI incidence,LU,2026-09-23,2026-09-20,0.85,1,quantile,511.300354802427
ILI incidence,LU,2026-09-23,2026-09-20,0.9,1,quantile,723.644234565142
ILI incidence,LU,2026-09-23,2026-09-20,0.95,1,quantile,1170.33562690182
ILI incidence,LU,2026-09-23,2026-09-20,0.975,1,quantile,1808.32379431171
ILI incidence,LU,2026-09-23,2026-09-20,0.99,1,quantile,2837.0424390012
ILI incidence,LU,2026-09-23,2026-09-27,0.01,2,quantile,0
ILI incidence,LU,2026-09-23,2026-09-27,0.025,2,quantile,0
ILI incidence,LU,2026-09-23,2026-09-27,0.05,2,quantile,0
ILI incidence,LU,2026-09-23,2026-09-27,0.1,2,quantile,0
ILI incidence,LU,2026-09-23,2026-09-27,0.15,2,quantile,0
ILI incidence,LU,2026-09-23,2026-09-27,0.2,2,quantile,0
ILI incidence,LU,2026-09-23,2026-09-27,0.25,2,quantile,0
ILI incidence,LU,2026-09-23,2026-09-27,0.3,2,quantile,0
ILI incidence,LU,2026-09-23,2026-09-27,0.35,2,quantile,0
ILI incidence,LU,2026-09-23,2026-09-27,0.4,2,quantile,0
ILI incidence,LU,2026-09-23,2026-09-27,0.45,2,quantile,0
ILI incidence,LU,2026-09-23,2026-09-27,0.5,2,quantile,2.50787540227662
ILI incidence,LU,2026-09-23,2026-09-27,0.55,2,quantile,46.3165018590467
ILI incidence,LU,2026-09-23,2026-09-27,0.6,2,quantile,116.220778984747
ILI incidence,LU,2026-09-23,2026-09-27,0.65,2,quantile,205.684256942164
ILI incidence,LU,2026-09-23,2026-09-27,0.7,2,quantile,323.735512648684
ILI incidence,LU,2026-09-23,2026-09-27,0.75,2,quantile,470.751177889871
ILI incidence,LU,2026-09-23,2026-09-27,0.8,2,quantile,729.248559783859
ILI incidence,LU,2026-09-23,2026-09-27,0.85,2,quantile,1167.11602059224
ILI incidence,LU,2026-09-23,2026-09-27,0.9,2,quantile,1810.41694771303
ILI incidence,LU,2026-09-23,2026-09-27,0.95,2,quantile,3104.34931679874
ILI incidence,LU,2026-09-23,2026-09-27,0.975,2,quantile,4694.1023480525
ILI incidence,LU,2026-09-23,2026-09-27,0.99,2,quantile,7349.11099593667
ILI incidence,LU,2026-09-23,2026-10-04,0.01,3,quantile,0
ILI incidence,LU,2026-09-23,2026-10-04,0.025,3,quantile,0
ILI incidence,LU,2026-09-23,2026-10-04,0.05,3,quantile,0
ILI incidence,LU,2026-09-23,2026-10-04,0.1,3,quantile,0
ILI incidence,LU,2026-09-23,2026-10-04,0.15,3,quantile,0
ILI incidence,LU,2026-09-23,2026-10-04,0.2,3,quantile,0
ILI incidence,LU,2026-09-23,2026-10-04,0.25,3,quantile,0
ILI incidence,LU,2026-09-23,2026-10-04,0.3,3,quantile,0
ILI incidence,LU,2026-09-23,2026-10-04,0.35,3,quantile,0
ILI incidence,LU,2026-09-23,2026-10-04,0.4,3,quantile,0
ILI incidence,LU,2026-09-23,2026-10-04,0.45,3,quantile,0
ILI incidence,LU,2026-09-23,2026-10-04,0.5,3,quantile,2.73620831435175
ILI incidence,LU,2026-09-23,2026-10-04,0.55,3,quantile,92.5437169777648
ILI incidence,LU,2026-09-23,2026-10-04,0.6,3,quantile,202.285307499955
ILI incidence,LU,2026-09-23,2026-10-04,0.65,3,quantile,340.936749969945
ILI incidence,LU,2026-09-23,2026-10-04,0.7,3,quantile,535.519766069525
ILI incidence,LU,2026-09-23,2026-10-04,0.75,3,quantile,820.149267635188
ILI incidence,LU,2026-09-23,2026-10-04,0.8,3,quantile,1184.07122853186
ILI incidence,LU,2026-09-23,2026-10-04,0.85,3,quantile,1918.59231113624
ILI incidence,LU,2026-09-23,2026-10-04,0.9,3,quantile,3153.84852199424
ILI incidence,LU,2026-09-23,2026-10-04,0.95,3,quantile,5221.95202342876
ILI incidence,LU,2026-09-23,2026-10-04,0.975,3,quantile,8501.19041171402
ILI incidence,LU,2026-09-23,2026-10-04,0.99,3,quantile,12999.8620079983
ILI incidence,LU,2026-09-23,2026-10-11,0.01,4,quantile,0
ILI incidence,LU,2026-09-23,2026-10-11,0.025,4,quantile,0
ILI incidence,LU,2026-09-23,2026-10-11,0.05,4,quantile,0
ILI incidence,LU,2026-09-23,2026-10-11,0.1,4,quantile,0
ILI incidence,LU,2026-09-23,2026-10-11,0.15,4,quantile,0
ILI incidence,LU,2026-09-23,2026-10-11,0.2,4,quantile,0
ILI incidence,LU,2026-09-23,2026-10-11,0.25,4,quantile,0
ILI incidence,LU,2026-09-23,2026-10-11,0.3,4,quantile,0
ILI incidence,LU,2026-09-23,2026-10-11,0.35,4,quantile,0
ILI incidence,LU,2026-09-23,2026-10-11,0.4,4,quantile,0
ILI incidence,LU,2026-09-23,2026-10-11,0.45,4,quantile,0
ILI incidence,LU,2026-09-23,2026-10-11,0.5,4,quantile,3.01845724808586
ILI incidence,LU,2026-09-23,2026-10-11,0.55,4,quantile,117.196911453582
ILI incidence,LU,2026-09-23,2026-10-11,0.6,4,quantile,258.116635943782
ILI incidence,LU,2026-09-23,2026-10-11,0.65,4,quantile,426.959603188743
ILI incidence,LU,2026-09-23,2026-10-11,0.7,4,quantile,641.041038782712
ILI incidence,LU,2026-09-23,2026-10-11,0.75,4,quantile,1075.58651802703
ILI incidence,LU,2026-09-23,2026-10-11,0.8,4,quantile,1677.07794910408
ILI incidence,LU,2026-09-23,2026-10-11,0.85,4,quantile,2491.07446792928
ILI incidence,LU,2026-09-23,2026-10-11,0.9,4,quantile,4613.26330258976
ILI incidence,LU,2026-09-23,2026-10-11,0.95,4,quantile,7671.04712143365
ILI incidence,LU,2026-09-23,2026-10-11,0.975,4,quantile,12265.8584698986
ILI incidence,LU,2026-09-23,2026-10-11,0.99,4,quantile,16929.1960914885
ILI incidence,LU,2026-09-23,2026-09-20,,1,median,2.33077968552169
ILI incidence,LU,2026-09-23,2026-09-27,,2,median,2.50787540227662
ILI incidence,LU,2026-09-23,2026-10-04,,3,median,2.73620831435175
ILI incidence,LU,2026-09-23,2026-10-11,,4,median,3.01845724808586
ILI incidence,MT,2026-09-23,2026-09-20,0.01,1,quantile,1344.3786874053
ILI incidence,MT,2026-09-23,2026-09-20,0.025,1,quantile,1344.3786874053
ILI incidence,MT,2026-09-23,2026-09-20,0.05,1,quantile,1344.3786874053
ILI incidence,MT,2026-09-23,2026-09-20,0.1,1,quantile,1399.38523505177
ILI incidence,MT,2026-09-23,2026-09-20,0.15,1,quantile,1505.51717434174
ILI incidence,MT,2026-09-23,2026-09-20,0.2,1,quantile,1679.79771536689
ILI incidence,MT,2026-09-23,2026-09-20,0.25,1,quantile,1984.49507350553
ILI incidence,MT,2026-09-23,2026-09-20,0.3,1,quantile,2502.86175372785
ILI incidence,MT,2026-09-23,2026-09-20,0.35,1,quantile,3100.207508012
ILI incidence,MT,2026-09-23,2026-09-20,0.4,1,quantile,3857.24110112283
ILI incidence,MT,2026-09-23,2026-09-20,0.45,1,quantile,4807.36602530486
ILI incidence,MT,2026-09-23,2026-09-20,0.5,1,quantile,5781.02314342398
ILI incidence,MT,2026-09-23,2026-09-20,0.55,1,quantile,6693.02899533221
ILI incidence,MT,2026-09-23,2026-09-20,0.6,1,quantile,7673.33219472922
ILI incidence,MT,2026-09-23,2026-09-20,0.65,1,quantile,8521.98951312748
ILI incidence,MT,2026-09-23,2026-09-20,0.7,1,quantile,9671.93413564908
ILI incidence,MT,2026-09-23,2026-09-20,0.75,1,quantile,11094.7469295804
ILI incidence,MT,2026-09-23,2026-09-20,0.8,1,quantile,12398.9955807192
ILI incidence,MT,2026-09-23,2026-09-20,0.85,1,quantile,14392.5902773084
ILI incidence,MT,2026-09-23,2026-09-20,0.9,1,quantile,16353.2040531484
ILI incidence,MT,2026-09-23,2026-09-20,0.95,1,quantile,21152.6758745151
ILI incidence,MT,2026-09-23,2026-09-20,0.975,1,quantile,25855.8411483953
ILI incidence,MT,2026-09-23,2026-09-20,0.99,1,quantile,30972.2797660319
ILI incidence,MT,2026-09-23,2026-09-27,0.01,2,quantile,2331.26467682985
ILI incidence,MT,2026-09-23,2026-09-27,0.025,2,quantile,2331.26467682985
ILI incidence,MT,2026-09-23,2026-09-27,0.05,2,quantile,2331.26467682985
ILI incidence,MT,2026-09-23,2026-09-27,0.1,2,quantile,2357.22139386994
ILI incidence,MT,2026-09-23,2026-09-27,0.15,2,quantile,2462.38971858589
ILI incidence,MT,2026-09-23,2026-09-27,0.2,2,quantile,2578.82920142975
ILI incidence,MT,2026-09-23,2026-09-27,0.25,2,quantile,2792.75454791577
ILI incidence,MT,2026-09-23,2026-09-27,0.3,2,quantile,3093.6938145794
ILI incidence,MT,2026-09-23,2026-09-27,0.35,2,quantile,3443.33893667739
ILI incidence,MT,2026-09-23,2026-09-27,0.4,2,quantile,4211.08175789219
ILI incidence,MT,2026-09-23,2026-09-27,0.45,2,quantile,4882.756855214
ILI incidence,MT,2026-09-23,2026-09-27,0.5,2,quantile,5676.3609567317
ILI incidence,MT,2026-09-23,2026-09-27,0.55,2,quantile,6673.34785881761
ILI incidence,MT,2026-09-23,2026-09-27,0.6,2,quantile,7751.72147986654
ILI incidence,MT,2026-09-23,2026-09-27,0.65,2,quantile,8867.17371854662
ILI incidence,MT,2026-09-23,2026-09-27,0.7,2,quantile,9903.38129452741
ILI incidence,MT,2026-09-23,2026-09-27,0.75,2,quantile,11320.3953342635
ILI incidence,MT,2026-09-23,2026-09-27,0.8,2,quantile,13214.0433420764
ILI incidence,MT,2026-09-23,2026-09-27,0.85,2,quantile,15444.8529452774
ILI incidence,MT,2026-09-23,2026-09-27,0.9,2,quantile,18911.4470873629
ILI incidence,MT,2026-09-23,2026-09-27,0.95,2,quantile,22757.9686274598
ILI incidence,MT,2026-09-23,2026-09-27,0.975,2,quantile,27515.768243136
ILI incidence,MT,2026-09-23,2026-09-27,0.99,2,quantile,36720.0321228242
ILI incidence,MT,2026-09-23,2026-10-04,0.01,3,quantile,2927.41539238519
ILI incidence,MT,2026-09-23,2026-10-04,0.025,3,quantile,2927.41539238519
ILI incidence,MT,2026-09-23,2026-10-04,0.05,3,quantile,2927.41539238519
ILI incidence,MT,2026-09-23,2026-10-04,0.1,3,quantile,2943.6861089354
ILI incidence,MT,2026-09-23,2026-10-04,0.15,3,quantile,3033.63752268822
ILI incidence,MT,2026-09-23,2026-10-04,0.2,3,quantile,3133.87952243517
ILI incidence,MT,2026-09-23,2026-10-04,0.25,3,quantile,3329.57159154939
ILI incidence,MT,2026-09-23,2026-10-04,0.3,3,quantile,3505.35609878324
ILI incidence,MT,2026-09-23,2026-10-04,0.35,3,quantile,3810.59734757918
ILI incidence,MT,2026-09-23,2026-10-04,0.4,3,quantile,4200.90841977758
ILI incidence,MT,2026-09-23,2026-10-04,0.45,3,quantile,4685.40883593737
ILI incidence,MT,2026-09-23,2026-10-04,0.5,3,quantile,5552.06225122127
ILI incidence,MT,2026-09-23,2026-10-04,0.55,3,quantile,6466.1432809731
ILI incidence,MT,2026-09-23,2026-10-04,0.6,3,quantile,7374.54558164421
ILI incidence,MT,2026-09-23,2026-10-04,0.65,3,quantile,8773.53718054619
ILI incidence,MT,2026-09-23,2026-10-04,0.7,3,quantile,9934.11644785919
ILI incidence,MT,2026-09-23,2026-10-04,0.75,3,quantile,11524.9262446617
ILI incidence,MT,2026-09-23,2026-10-04,0.8,3,quantile,13312.6777517518
ILI incidence,MT,2026-09-23,2026-10-04,0.85,3,quantile,15334.8678158382
ILI incidence,MT,2026-09-23,2026-10-04,0.9,3,quantile,19292.4784171875
ILI incidence,MT,2026-09-23,2026-10-04,0.95,3,quantile,24461.7348531363
ILI incidence,MT,2026-09-23,2026-10-04,0.975,3,quantile,28314.4332491338
ILI incidence,MT,2026-09-23,2026-10-04,0.99,3,quantile,34003.2580117271
ILI incidence,MT,2026-09-23,2026-10-11,0.01,4,quantile,3568.5908157313
ILI incidence,MT,2026-09-23,2026-10-11,0.025,4,quantile,3568.5908157313
ILI incidence,MT,2026-09-23,2026-10-11,0.05,4,quantile,3568.5908157313
ILI incidence,MT,2026-09-23,2026-10-11,0.1,4,quantile,3568.65713028361
ILI incidence,MT,2026-09-23,2026-10-11,0.15,4,quantile,3643.13320987791
ILI incidence,MT,2026-09-23,2026-10-11,0.2,4,quantile,3707.38943122781
ILI incidence,MT,2026-09-23,2026-10-11,0.25,4,quantile,3778.97376370049
ILI incidence,MT,2026-09-23,2026-10-11,0.3,4,quantile,3908.72945377793
ILI incidence,MT,2026-09-23,2026-10-11,0.35,4,quantile,4101.88827518951
ILI incidence,MT,2026-09-23,2026-10-11,0.4,4,quantile,4420.96286252557
ILI incidence,MT,2026-09-23,2026-10-11,0.45,4,quantile,4896.53184521622
ILI incidence,MT,2026-09-23,2026-10-11,0.5,4,quantile,5414.30376299263
ILI incidence,MT,2026-09-23,2026-10-11,0.55,4,quantile,6270.58477340047
ILI incidence,MT,2026-09-23,2026-10-11,0.6,4,quantile,7228.44648435703
ILI incidence,MT,2026-09-23,2026-10-11,0.65,4,quantile,8386.96836470115
ILI incidence,MT,2026-09-23,2026-10-11,0.7,4,quantile,10045.4631962407
ILI incidence,MT,2026-09-23,2026-10-11,0.75,4,quantile,11891.4638452137
ILI incidence,MT,2026-09-23,2026-10-11,0.8,4,quantile,13951.1062903715
ILI incidence,MT,2026-09-23,2026-10-11,0.85,4,quantile,16041.0995059753
ILI incidence,MT,2026-09-23,2026-10-11,0.9,4,quantile,18830.2764048917
ILI incidence,MT,2026-09-23,2026-10-11,0.95,4,quantile,23398.8606285311
ILI incidence,MT,2026-09-23,2026-10-11,0.975,4,quantile,27692.040377189
ILI incidence,MT,2026-09-23,2026-10-11,0.99,4,quantile,33424.4159749962
ILI incidence,MT,2026-09-23,2026-09-20,,1,median,5781.02314342398
ILI incidence,MT,2026-09-23,2026-09-27,,2,median,5676.3609567317
ILI incidence,MT,2026-09-23,2026-10-04,,3,median,5552.06225122127
ILI incidence,MT,2026-09-23,2026-10-11,,4,median,5414.30376299263
ILI incidence,NO,2026-09-23,2026-09-20,0.01,1,quantile,3.03327781003701
ILI incidence,NO,2026-09-23,2026-09-20,0.025,1,quantile,4.10253158012296
ILI incidence,NO,2026-09-23,2026-09-20,0.05,1,quantile,5.4727326852935
ILI incidence,NO,2026-09-23,2026-09-20,0.1,1,quantile,7.5346187735194
ILI incidence,NO,2026-09-23,2026-09-20,0.15,1,quantile,8.54455772317203
ILI incidence,NO,2026-09-23,2026-09-20,0.2,1,quantile,9.74850499187216
ILI incidence,NO,2026-09-23,2026-09-20,0.25,1,quantile,11.0291450525796
ILI incidence,NO,2026-09-23,2026-09-20,0.3,1,quantile,11.9812121781718
ILI incidence,NO,2026-09-23,2026-09-20,0.35,1,quantile,13.1373440515938
ILI incidence,NO,2026-09-23,2026-09-20,0.4,1,quantile,13.8907260209936
ILI incidence,NO,2026-09-23,2026-09-20,0.45,1,quantile,15.3042198872283
ILI incidence,NO,2026-09-23,2026-09-20,0.5,1,quantile,16.6212539408917
ILI incidence,NO,2026-09-23,2026-09-20,0.55,1,quantile,17.9809882743453
ILI incidence,NO,2026-09-23,2026-09-20,0.6,1,quantile,19.2961244081808
ILI incidence,NO,2026-09-23,2026-09-20,0.65,1,quantile,20.9958007020197
ILI incidence,NO,2026-09-23,2026-09-20,0.7,1,quantile,22.7038543432335
ILI incidence,NO,2026-09-23,2026-09-20,0.75,1,quantile,24.9446476722296
ILI incidence,NO,2026-09-23,2026-09-20,0.8,1,quantile,27.2913149267414
ILI incidence,NO,2026-09-23,2026-09-20,0.85,1,quantile,30.6790823757995
ILI incidence,NO,2026-09-23,2026-09-20,0.9,1,quantile,35.2427482155279
ILI incidence,NO,2026-09-23,2026-09-20,0.95,1,quantile,43.1502568806582
ILI incidence,NO,2026-09-23,2026-09-20,0.975,1,quantile,49.5177305740234
ILI incidence,NO,2026-09-23,2026-09-20,0.99,1,quantile,66.0243779514885
ILI incidence,NO,2026-09-23,2026-09-27,0.01,2,quantile,1.52182263534373
ILI incidence,NO,2026-09-23,2026-09-27,0.025,2,quantile,2.78800597141726
ILI incidence,NO,2026-09-23,2026-09-27,0.05,2,quantile,4.39618703340278
ILI incidence,NO,2026-09-23,2026-09-27,0.1,2,quantile,6.37637976151443
ILI incidence,NO,2026-09-23,2026-09-27,0.15,2,quantile,7.99756968777789
ILI incidence,NO,2026-09-23,2026-09-27,0.2,2,quantile,9.23950761021889
ILI incidence,NO,2026-09-23,2026-09-27,0.25,2,quantile,10.8747978609723
ILI incidence,NO,2026-09-23,2026-09-27,0.3,2,quantile,12.1172254124654
ILI incidence,NO,2026-09-23,2026-09-27,0.35,2,quantile,13.6992720164788
ILI incidence,NO,2026-09-23,2026-09-27,0.4,2,quantile,15.4302178060047
ILI incidence,NO,2026-09-23,2026-09-27,0.45,2,quantile,17.2056958600267
ILI incidence,NO,2026-09-23,2026-09-27,0.5,2,quantile,18.5816775091106
ILI incidence,NO,2026-09-23,2026-09-27,0.55,2,quantile,20.6507668335359
ILI incidence,NO,2026-09-23,2026-09-27,0.6,2,quantile,22.7895219562613
ILI incidence,NO,2026-09-23,2026-09-27,0.65,2,quantile,25.4115335876784
ILI incidence,NO,2026-09-23,2026-09-27,0.7,2,quantile,28.9849240184719
ILI incidence,NO,2026-09-23,2026-09-27,0.75,2,quantile,33.2122072883375
ILI incidence,NO,2026-09-23,2026-09-27,0.8,2,quantile,38.4082385932917
ILI incidence,NO,2026-09-23,2026-09-27,0.85,2,quantile,45.3255525234524
ILI incidence,NO,2026-09-23,2026-09-27,0.9,2,quantile,53.7801876990208
ILI incidence,NO,2026-09-23,2026-09-27,0.95,2,quantile,73.0565791979994
ILI incidence,NO,2026-09-23,2026-09-27,0.975,2,quantile,85.3774645300098
ILI incidence,NO,2026-09-23,2026-09-27,0.99,2,quantile,111.086991222135
ILI incidence,NO,2026-09-23,2026-10-04,0.01,3,quantile,0.29201386122368
ILI incidence,NO,2026-09-23,2026-10-04,0.025,3,quantile,2.08581314748875
ILI incidence,NO,2026-09-23,2026-10-04,0.05,3,quantile,3.22047185174042
ILI incidence,NO,2026-09-23,2026-10-04,0.1,3,quantile,5.21551988149695
ILI incidence,NO,2026-09-23,2026-10-04,0.15,3,quantile,6.85406353914279
ILI incidence,NO,2026-09-23,2026-10-04,0.2,3,quantile,8.6212447798846
ILI incidence,NO,2026-09-23,2026-10-04,0.25,3,quantile,10.4778685377512
ILI incidence,NO,2026-09-23,2026-10-04,0.3,3,quantile,12.3041649577708
ILI incidence,NO,2026-09-23,2026-10-04,0.35,3,quantile,14.40267711687
ILI incidence,NO,2026-09-23,2026-10-04,0.4,3,quantile,16.3202187046113
ILI incidence,NO,2026-09-23,2026-10-04,0.45,3,quantile,18.4314893789554
ILI incidence,NO,2026-09-23,2026-10-04,0.5,3,quantile,20.6777471358225
ILI incidence,NO,2026-09-23,2026-10-04,0.55,3,quantile,23.3869825564024
ILI incidence,NO,2026-09-23,2026-10-04,0.6,3,quantile,26.8959016375849
ILI incidence,NO,2026-09-23,2026-10-04,0.65,3,quantile,31.4763966141325
ILI incidence,NO,2026-09-23,2026-10-04,0.7,3,quantile,35.7370066715547
ILI incidence,NO,2026-09-23,2026-10-04,0.75,3,quantile,41.9053942530479
ILI incidence,NO,2026-09-23,2026-10-04,0.8,3,quantile,48.6377713539066
ILI incidence,NO,2026-09-23,2026-10-04,0.85,3,quantile,58.3339208465028
ILI incidence,NO,2026-09-23,2026-10-04,0.9,3,quantile,75.6103798802611
ILI incidence,NO,2026-09-23,2026-10-04,0.95,3,quantile,104.372428005773
ILI incidence,NO,2026-09-23,2026-10-04,0.975,3,quantile,128.501572293808
ILI incidence,NO,2026-09-23,2026-10-04,0.99,3,quantile,169.735043494106
ILI incidence,NO,2026-09-23,2026-10-11,0.01,4,quantile,0
ILI incidence,NO,2026-09-23,2026-10-11,0.025,4,quantile,0.806075200260972
ILI incidence,NO,2026-09-23,2026-10-11,0.05,4,quantile,2.15046512626103
ILI incidence,NO,2026-09-23,2026-10-11,0.1,4,quantile,4.39103285453809
ILI incidence,NO,2026-09-23,2026-10-11,0.15,4,quantile,6.26774734437182
ILI incidence,NO,2026-09-23,2026-10-11,0.2,4,quantile,7.88065804985265
ILI incidence,NO,2026-09-23,2026-10-11,0.25,4,quantile,9.70359076808576
ILI incidence,NO,2026-09-23,2026-10-11,0.3,4,quantile,12.1197895419218
ILI incidence,NO,2026-09-23,2026-10-11,0.35,4,quantile,13.871556808616
ILI incidence,NO,2026-09-23,2026-10-11,0.4,4,quantile,16.693741971709
ILI incidence,NO,2026-09-23,2026-10-11,0.45,4,quantile,19.4989147806299
ILI incidence,NO,2026-09-23,2026-10-11,0.5,4,quantile,22.9082047676454
ILI incidence,NO,2026-09-23,2026-10-11,0.55,4,quantile,25.6965124883079
ILI incidence,NO,2026-09-23,2026-10-11,0.6,4,quantile,30.119130864664
ILI incidence,NO,2026-09-23,2026-10-11,0.65,4,quantile,35.3196860705905
ILI incidence,NO,2026-09-23,2026-10-11,0.7,4,quantile,41.1406437944154
ILI incidence,NO,2026-09-23,2026-10-11,0.75,4,quantile,48.5890258952023
ILI incidence,NO,2026-09-23,2026-10-11,0.8,4,quantile,59.1850796626995
ILI incidence,NO,2026-09-23,2026-10-11,0.85,4,quantile,73.5849712580364
ILI incidence,NO,2026-09-23,2026-10-11,0.9,4,quantile,95.4240021106391
ILI incidence,NO,2026-09-23,2026-10-11,0.95,4,quantile,130.390785916312
ILI incidence,NO,2026-09-23,2026-10-11,0.975,4,quantile,175.885335872726
ILI incidence,NO,2026-09-23,2026-10-11,0.99,4,quantile,237.491355830781
ILI incidence,NO,2026-09-23,2026-09-20,,1,median,16.6212539408917
ILI incidence,NO,2026-09-23,2026-09-27,,2,median,18.5816775091106
ILI incidence,NO,2026-09-23,2026-10-04,,3,median,20.6777471358225
ILI incidence,NO,2026-09-23,2026-10-11,,4,median,22.9082047676454
ILI incidence,RO,2026-09-23,2026-09-20,0.01,1,quantile,0
ILI incidence,RO,2026-09-23,2026-09-20,0.025,1,quantile,0
ILI incidence,RO,2026-09-23,2026-09-20,0.05,1,quantile,0
ILI incidence,RO,2026-09-23,2026-09-20,0.1,1,quantile,0
ILI incidence,RO,2026-09-23,2026-09-20,0.15,1,quantile,0
ILI incidence,RO,2026-09-23,2026-09-20,0.2,1,quantile,0
ILI incidence,RO,2026-09-23,2026-09-20,0.25,1,quantile,0
ILI incidence,RO,2026-09-23,2026-09-20,0.3,1,quantile,0
ILI incidence,RO,2026-09-23,2026-09-20,0.35,1,quantile,0
ILI incidence,RO,2026-09-23,2026-09-20,0.4,1,quantile,0.00504686219905107
ILI incidence,RO,2026-09-23,2026-09-20,0.45,1,quantile,0.140336612872283
ILI incidence,RO,2026-09-23,2026-09-20,0.5,1,quantile,0.312457828515272
ILI incidence,RO,2026-09-23,2026-09-20,0.55,1,quantile,0.4930957526697
ILI incidence,RO,2026-09-23,2026-09-20,0.6,1,quantile,0.688188961517994
ILI incidence,RO,2026-09-23,2026-09-20,0.65,1,quantile,0.889257830503694
ILI incidence,RO,2026-09-23,2026-09-20,0.7,1,quantile,1.15826509521189
ILI incidence,RO,2026-09-23,2026-09-20,0.75,1,quantile,1.47255226603185
ILI incidence,RO,2026-09-23,2026-09-20,0.8,1,quantile,2.03671902069576
ILI incidence,RO,2026-09-23,2026-09-20,0.85,1,quantile,2.73268202441059
ILI incidence,RO,2026-09-23,2026-09-20,0.9,1,quantile,3.66171314476154
ILI incidence,RO,2026-09-23,2026-09-20,0.95,1,quantile,4.98977180585502
ILI incidence,RO,2026-09-23,2026-09-20,0.975,1,quantile,6.46028924774061
ILI incidence,RO,2026-09-23,2026-09-20,0.99,1,quantile,9.47895971725117
ILI incidence,RO,2026-09-23,2026-09-27,0.01,2,quantile,0
ILI incidence,RO,2026-09-23,2026-09-27,0.025,2,quantile,0
ILI incidence,RO,2026-09-23,2026-09-27,0.05,2,quantile,0
ILI incidence,RO,2026-09-23,2026-09-27,0.1,2,quantile,0
ILI incidence,RO,2026-09-23,2026-09-27,0.15,2,quantile,0
ILI incidence,RO,2026-09-23,2026-09-27,0.2,2,quantile,0
ILI incidence,RO,2026-09-23,2026-09-27,0.25,2,quantile,0
ILI incidence,RO,2026-09-23,2026-09-27,0.3,2,quantile,0
ILI incidence,RO,2026-09-23,2026-09-27,0.35,2,quantile,0
ILI incidence,RO,2026-09-23,2026-09-27,0.4,2,quantile,0
ILI incidence,RO,2026-09-23,2026-09-27,0.45,2,quantile,0.153353546527268
ILI incidence,RO,2026-09-23,2026-09-27,0.5,2,quantile,0.352615923601291
ILI incidence,RO,2026-09-23,2026-09-27,0.55,2,quantile,0.548011156622504
ILI incidence,RO,2026-09-23,2026-09-27,0.6,2,quantile,0.785313248382852
ILI incidence,RO,2026-09-23,2026-09-27,0.65,2,quantile,1.04322499445054
ILI incidence,RO,2026-09-23,2026-09-27,0.7,2,quantile,1.41346527500749
ILI incidence,RO,2026-09-23,2026-09-27,0.75,2,quantile,1.86436023983569
ILI incidence,RO,2026-09-23,2026-09-27,0.8,2,quantile,2.51990747531619
ILI incidence,RO,2026-09-23,2026-09-27,0.85,2,quantile,3.32152865827887
ILI incidence,RO,2026-09-23,2026-09-27,0.9,2,quantile,4.54236955161318
ILI incidence,RO,2026-09-23,2026-09-27,0.95,2,quantile,7.15899338690075
ILI incidence,RO,2026-09-23,2026-09-27,0.975,2,quantile,10.3148811070153
ILI incidence,RO,2026-09-23,2026-09-27,0.99,2,quantile,13.6952310444413
ILI incidence,RO,2026-09-23,2026-10-04,0.01,3,quantile,0
ILI incidence,RO,2026-09-23,2026-10-04,0.025,3,quantile,0
ILI incidence,RO,2026-09-23,2026-10-04,0.05,3,quantile,0
ILI incidence,RO,2026-09-23,2026-10-04,0.1,3,quantile,0
ILI incidence,RO,2026-09-23,2026-10-04,0.15,3,quantile,0
ILI incidence,RO,2026-09-23,2026-10-04,0.2,3,quantile,0
ILI incidence,RO,2026-09-23,2026-10-04,0.25,3,quantile,0
ILI incidence,RO,2026-09-23,2026-10-04,0.3,3,quantile,0
ILI incidence,RO,2026-09-23,2026-10-04,0.35,3,quantile,0
ILI incidence,RO,2026-09-23,2026-10-04,0.4,3,quantile,0
ILI incidence,RO,2026-09-23,2026-10-04,0.45,3,quantile,0.169414446124829
ILI incidence,RO,2026-09-23,2026-10-04,0.5,3,quantile,0.399293787010803
ILI incidence,RO,2026-09-23,2026-10-04,0.55,3,quantile,0.721691053945655
ILI incidence,RO,2026-09-23,2026-10-04,0.6,3,quantile,0.990799699622321
ILI incidence,RO,2026-09-23,2026-10-04,0.65,3,quantile,1.39131931133588
ILI incidence,RO,2026-09-23,2026-10-04,0.7,3,quantile,1.82339058475943
ILI incidence,RO,2026-09-23,2026-10-04,0.75,3,quantile,2.32821419259737
ILI incidence,RO,2026-09-23,2026-10-04,0.8,3,quantile,3.08080487599772
ILI incidence,RO,2026-09-23,2026-10-04,0.85,3,quantile,3.93285342299605
ILI incidence,RO,2026-09-23,2026-10-04,0.9,3,quantile,6.15044288299028
ILI incidence,RO,2026-09-23,2026-10-04,0.95,3,quantile,10.2292796685848
ILI incidence,RO,2026-09-23,2026-10-04,0.975,3,quantile,14.5542674047189
ILI incidence,RO,2026-09-23,2026-10-04,0.99,3,quantile,19.3106339276604
ILI incidence,RO,2026-09-23,2026-10-11,0.01,4,quantile,0
ILI incidence,RO,2026-09-23,2026-10-11,0.025,4,quantile,0
ILI incidence,RO,2026-09-23,2026-10-11,0.05,4,quantile,0
ILI incidence,RO,2026-09-23,2026-10-11,0.1,4,quantile,0
ILI incidence,RO,2026-09-23,2026-10-11,0.15,4,quantile,0
ILI incidence,RO,2026-09-23,2026-10-11,0.2,4,quantile,0
ILI incidence,RO,2026-09-23,2026-10-11,0.25,4,quantile,0
ILI incidence,RO,2026-09-23,2026-10-11,0.3,4,quantile,0
ILI incidence,RO,2026-09-23,2026-10-11,0.35,4,quantile,0
ILI incidence,RO,2026-09-23,2026-10-11,0.4,4,quantile,0
ILI incidence,RO,2026-09-23,2026-10-11,0.45,4,quantile,0.158044512560596
ILI incidence,RO,2026-09-23,2026-10-11,0.5,4,quantile,0.453467507219914
ILI incidence,RO,2026-09-23,2026-10-11,0.55,4,quantile,0.880376029184233
ILI incidence,RO,2026-09-23,2026-10-11,0.6,4,quantile,1.27355947021629
ILI incidence,RO,2026-09-23,2026-10-11,0.65,4,quantile,1.91439730280426
ILI incidence,RO,2026-09-23,2026-10-11,0.7,4,quantile,2.45664477615729
ILI incidence,RO,2026-09-23,2026-10-11,0.75,4,quantile,3.19647088931284
ILI incidence,RO,2026-09-23,2026-10-11,0.8,4,quantile,4.19190352813134
ILI incidence,RO,2026-09-23,2026-10-11,0.85,4,quantile,5.78519250223321
ILI incidence,RO,2026-09-23,2026-10-11,0.9,4,quantile,8.50624763738773
ILI incidence,RO,2026-09-23,2026-10-11,0.95,4,quantile,15.4889478056692
ILI incidence,RO,2026-09-23,2026-10-11,0.975,4,quantile,21.7889361409989
ILI incidence,RO,2026-09-23,2026-10-11,0.99,4,quantile,27.5681748486825
ILI incidence,RO,2026-09-23,2026-09-20,,1,median,0.312457828515272
ILI incidence,RO,2026-09-23,2026-09-27,,2,median,0.352615923601291
ILI incidence,RO,2026-09-23,2026-10-04,,3,median,0.399293787010803
ILI incidence,RO,2026-09-23,2026-10-11,,4,median,0.453467507219914
ILI incidence,SI,2026-09-23,2026-09-20,0.01,1,quantile,0
ILI incidence,SI,2026-09-23,2026-09-20,0.025,1,quantile,0
ILI incidence,SI,2026-09-23,2026-09-20,0.05,1,quantile,0
ILI incidence,SI,2026-09-23,2026-09-20,0.1,1,quantile,0
ILI incidence,SI,2026-09-23,2026-09-20,0.15,1,quantile,0
ILI incidence,SI,2026-09-23,2026-09-20,0.2,1,quantile,0
ILI incidence,SI,2026-09-23,2026-09-20,0.25,1,quantile,0
ILI incidence,SI,2026-09-23,2026-09-20,0.3,1,quantile,0
ILI incidence,SI,2026-09-23,2026-09-20,0.35,1,quantile,0
ILI incidence,SI,2026-09-23,2026-09-20,0.4,1,quantile,0
ILI incidence,SI,2026-09-23,2026-09-20,0.45,1,quantile,0
ILI incidence,SI,2026-09-23,2026-09-20,0.5,1,quantile,0.0177817569756325
ILI incidence,SI,2026-09-23,2026-09-20,0.55,1,quantile,0.715625820919964
ILI incidence,SI,2026-09-23,2026-09-20,0.6,1,quantile,1.57401900066701
ILI incidence,SI,2026-09-23,2026-09-20,0.65,1,quantile,2.83279448176612
ILI incidence,SI,2026-09-23,2026-09-20,0.7,1,quantile,3.71291340529715
ILI incidence,SI,2026-09-23,2026-09-20,0.75,1,quantile,5.60087327724393
ILI incidence,SI,2026-09-23,2026-09-20,0.8,1,quantile,7.60115676933014
ILI incidence,SI,2026-09-23,2026-09-20,0.85,1,quantile,10.372132744225
ILI incidence,SI,2026-09-23,2026-09-20,0.9,1,quantile,13.4528379484693
ILI incidence,SI,2026-09-23,2026-09-20,0.95,1,quantile,22.4650235918922
ILI incidence,SI,2026-09-23,2026-09-20,0.975,1,quantile,30.6084875964314
ILI incidence,SI,2026-09-23,2026-09-20,0.99,1,quantile,42.4950877139925
ILI incidence,SI,2026-09-23,2026-09-27,0.01,2,quantile,0
ILI incidence,SI,2026-09-23,2026-09-27,0.025,2,quantile,0
ILI incidence,SI,2026-09-23,2026-09-27,0.05,2,quantile,0
ILI incidence,SI,2026-09-23,2026-09-27,0.1,2,quantile,0
ILI incidence,SI,2026-09-23,2026-09-27,0.15,2,quantile,0
ILI incidence,SI,2026-09-23,2026-09-27,0.2,2,quantile,0
ILI incidence,SI,2026-09-23,2026-09-27,0.25,2,quantile,0
ILI incidence,SI,2026-09-23,2026-09-27,0.3,2,quantile,0
ILI incidence,SI,2026-09-23,2026-09-27,0.35,2,quantile,0
ILI incidence,SI,2026-09-23,2026-09-27,0.4,2,quantile,0
ILI incidence,SI,2026-09-23,2026-09-27,0.45,2,quantile,0
ILI incidence,SI,2026-09-23,2026-09-27,0.5,2,quantile,0.020642171903035
ILI incidence,SI,2026-09-23,2026-09-27,0.55,2,quantile,1.50692085678917
ILI incidence,SI,2026-09-23,2026-09-27,0.6,2,quantile,3.1711990132884
ILI incidence,SI,2026-09-23,2026-09-27,0.65,2,quantile,5.51420483975964
ILI incidence,SI,2026-09-23,2026-09-27,0.7,2,quantile,8.34781946422379
ILI incidence,SI,2026-09-23,2026-09-27,0.75,2,quantile,11.6440944454441
ILI incidence,SI,2026-09-23,2026-09-27,0.8,2,quantile,15.8998110733632
ILI incidence,SI,2026-09-23,2026-09-27,0.85,2,quantile,21.1373907119569
ILI incidence,SI,2026-09-23,2026-09-27,0.9,2,quantile,30.4301046566762
ILI incidence,SI,2026-09-23,2026-09-27,0.95,2,quantile,52.3810993992593
ILI incidence,SI,2026-09-23,2026-09-27,0.975,2,quantile,74.8693604766964
ILI incidence,SI,2026-09-23,2026-09-27,0.99,2,quantile,93.3080741892335
ILI incidence,SI,2026-09-23,2026-10-04,0.01,3,quantile,0
ILI incidence,SI,2026-09-23,2026-10-04,0.025,3,quantile,0
ILI incidence,SI,2026-09-23,2026-10-04,0.05,3,quantile,0
ILI incidence,SI,2026-09-23,2026-10-04,0.1,3,quantile,0
ILI incidence,SI,2026-09-23,2026-10-04,0.15,3,quantile,0
ILI incidence,SI,2026-09-23,2026-10-04,0.2,3,quantile,0
ILI incidence,SI,2026-09-23,2026-10-04,0.25,3,quantile,0
ILI incidence,SI,2026-09-23,2026-10-04,0.3,3,quantile,0
ILI incidence,SI,2026-09-23,2026-10-04,0.35,3,quantile,0
ILI incidence,SI,2026-09-23,2026-10-04,0.4,3,quantile,0
ILI incidence,SI,2026-09-23,2026-10-04,0.45,3,quantile,0
ILI incidence,SI,2026-09-23,2026-10-04,0.5,3,quantile,0.0239944044185666
ILI incidence,SI,2026-09-23,2026-10-04,0.55,3,quantile,2.47841085756268
ILI incidence,SI,2026-09-23,2026-10-04,0.6,3,quantile,4.53124380793919
ILI incidence,SI,2026-09-23,2026-10-04,0.65,3,quantile,8.2996043749332
ILI incidence,SI,2026-09-23,2026-10-04,0.7,3,quantile,12.9176853729752
ILI incidence,SI,2026-09-23,2026-10-04,0.75,3,quantile,17.8113311006915
ILI incidence,SI,2026-09-23,2026-10-04,0.8,3,quantile,24.8078002671421
ILI incidence,SI,2026-09-23,2026-10-04,0.85,3,quantile,34.9359123278354
ILI incidence,SI,2026-09-23,2026-10-04,0.9,3,quantile,52.8546834683031
ILI incidence,SI,2026-09-23,2026-10-04,0.95,3,quantile,90.4532506142945
ILI incidence,SI,2026-09-23,2026-10-04,0.975,3,quantile,135.790777146899
ILI incidence,SI,2026-09-23,2026-10-04,0.99,3,quantile,184.197043118027
ILI incidence,SI,2026-09-23,2026-10-11,0.01,4,quantile,0
ILI incidence,SI,2026-09-23,2026-10-11,0.025,4,quantile,0
ILI incidence,SI,2026-09-23,2026-10-11,0.05,4,quantile,0
ILI incidence,SI,2026-09-23,2026-10-11,0.1,4,quantile,0
ILI incidence,SI,2026-09-23,2026-10-11,0.15,4,quantile,0
ILI incidence,SI,2026-09-23,2026-10-11,0.2,4,quantile,0
ILI incidence,SI,2026-09-23,2026-10-11,0.25,4,quantile,0
ILI incidence,SI,2026-09-23,2026-10-11,0.3,4,quantile,0
ILI incidence,SI,2026-09-23,2026-10-11,0.35,4,quantile,0
ILI incidence,SI,2026-09-23,2026-10-11,0.4,4,quantile,0
ILI incidence,SI,2026-09-23,2026-10-11,0.45,4,quantile,0
ILI incidence,SI,2026-09-23,2026-10-11,0.5,4,quantile,0.0279245477152827
ILI incidence,SI,2026-09-23,2026-10-11,0.55,4,quantile,3.59763735678664
ILI incidence,SI,2026-09-23,2026-10-11,0.6,4,quantile,7.13608551272976
ILI incidence,SI,2026-09-23,2026-10-11,0.65,4,quantile,11.7354722674649
ILI incidence,SI,2026-09-23,2026-10-11,0.7,4,quantile,16.3194532285192
ILI incidence,SI,2026-09-23,2026-10-11,0.75,4,quantile,24.8708166101821
ILI incidence,SI,2026-09-23,2026-10-11,0.8,4,quantile,37.2475186039185
ILI incidence,SI,2026-09-23,2026-10-11,0.85,4,quantile,56.9645287994357
ILI incidence,SI,2026-09-23,2026-10-11,0.9,4,quantile,76.7920372540869
ILI incidence,SI,2026-09-23,2026-10-11,0.95,4,quantile,130.066414500827
ILI incidence,SI,2026-09-23,2026-10-11,0.975,4,quantile,181.086453229712
ILI incidence,SI,2026-09-23,2026-10-11,0.99,4,quantile,258.048864632455
ILI incidence,SI,2026-09-23,2026-09-20,,1,median,0.0177817569756325
ILI incidence,SI,2026-09-23,2026-09-27,,2,median,0.020642171903035
ILI incidence,SI,2026-09-23,2026-10-04,,3,median,0.0239944044185666
ILI incidence,SI,2026-09-23,2026-10-11,,4,median,0.0279245477152827
ILI incidence,SK,2026-09-23,2026-09-20,0.01,1,quantile,16.6837521883296
ILI incidence,SK,2026-09-23,2026-09-20,0.025,1,quantile,22.2562325244855
ILI incidence,SK,2026-09-23,2026-09-20,0.05,1,quantile,28.1270278960435
ILI incidence,SK,2026-09-23,2026-09-20,0.1,1,quantile,34.8042270822411
ILI incidence,SK,2026-09-23,2026-09-20,0.15,1,quantile,41.646494237966
ILI incidence,SK,2026-09-23,2026-09-20,0.2,1,quantile,45.8046931352314
ILI incidence,SK,2026-09-23,2026-09-20,0.25,1,quantile,49.8454529970993
ILI incidence,SK,2026-09-23,2026-09-20,0.3,1,quantile,53.6971409286681
ILI incidence,SK,2026-09-23,2026-09-20,0.35,1,quantile,58.1651676879534
ILI incidence,SK,2026-09-23,2026-09-20,0.4,1,quantile,62.0630806312611
ILI incidence,SK,2026-09-23,2026-09-20,0.45,1,quantile,65.2705573270496
ILI incidence,SK,2026-09-23,2026-09-20,0.5,1,quantile,70.0971048070936
ILI incidence,SK,2026-09-23,2026-09-20,0.55,1,quantile,75.6558211745137
ILI incidence,SK,2026-09-23,2026-09-20,0.6,1,quantile,82.0523763989452
ILI incidence,SK,2026-09-23,2026-09-20,0.65,1,quantile,87.4353085955294
ILI incidence,SK,2026-09-23,2026-09-20,0.7,1,quantile,93.2887953813066
ILI incidence,SK,2026-09-23,2026-09-20,0.75,1,quantile,100.946353229293
ILI incidence,SK,2026-09-23,2026-09-20,0.8,1,quantile,109.779995198422
ILI incidence,SK,2026-09-23,2026-09-20,0.85,1,quantile,120.023882131391
ILI incidence,SK,2026-09-23,2026-09-20,0.9,1,quantile,134.275261394775
ILI incidence,SK,2026-09-23,2026-09-20,0.95,1,quantile,162.555754119607
ILI incidence,SK,2026-09-23,2026-09-20,0.975,1,quantile,182.558943939653
ILI incidence,SK,2026-09-23,2026-09-20,0.99,1,quantile,207.336297597863
ILI incidence,SK,2026-09-23,2026-09-27,0.01,2,quantile,12.4389439550395
ILI incidence,SK,2026-09-23,2026-09-27,0.025,2,quantile,16.4699743571973
ILI incidence,SK,2026-09-23,2026-09-27,0.05,2,quantile,21.9727317892761
ILI incidence,SK,2026-09-23,2026-09-27,0.1,2,quantile,29.9235537607671
ILI incidence,SK,2026-09-23,2026-09-27,0.15,2,quantile,35.2107105974787
ILI incidence,SK,2026-09-23,2026-09-27,0.2,2,quantile,40.8227986273975
ILI incidence,SK,2026-09-23,2026-09-27,0.25,2,quantile,46.9863408514709
ILI incidence,SK,2026-09-23,2026-09-27,0.3,2,quantile,52.8745564183175
ILI incidence,SK,2026-09-23,2026-09-27,0.35,2,quantile,58.8247205586445
ILI incidence,SK,2026-09-23,2026-09-27,0.4,2,quantile,64.910951872877
ILI incidence,SK,2026-09-23,2026-09-27,0.45,2,quantile,72.0805899176353
ILI incidence,SK,2026-09-23,2026-09-27,0.5,2,quantile,77.7658120595393
ILI incidence,SK,2026-09-23,2026-09-27,0.55,2,quantile,85.6241498172371
ILI incidence,SK,2026-09-23,2026-09-27,0.6,2,quantile,93.909618358946
ILI incidence,SK,2026-09-23,2026-09-27,0.65,2,quantile,104.398031955994
ILI incidence,SK,2026-09-23,2026-09-27,0.7,2,quantile,116.291655376212
ILI incidence,SK,2026-09-23,2026-09-27,0.75,2,quantile,128.932441935862
ILI incidence,SK,2026-09-23,2026-09-27,0.8,2,quantile,143.347105682652
ILI incidence,SK,2026-09-23,2026-09-27,0.85,2,quantile,169.431408951725
ILI incidence,SK,2026-09-23,2026-09-27,0.9,2,quantile,194.882046890693
ILI incidence,SK,2026-09-23,2026-09-27,0.95,2,quantile,254.457261916157
ILI incidence,SK,2026-09-23,2026-09-27,0.975,2,quantile,305.808240015795
ILI incidence,SK,2026-09-23,2026-09-27,0.99,2,quantile,376.791064560499
ILI incidence,SK,2026-09-23,2026-10-04,0.01,3,quantile,5.59271704480051
ILI incidence,SK,2026-09-23,2026-10-04,0.025,3,quantile,10.1756602290456
ILI incidence,SK,2026-09-23,2026-10-04,0.05,3,quantile,16.4348242853857
ILI incidence,SK,2026-09-23,2026-10-04,0.1,3,quantile,24.3526043733405
ILI incidence,SK,2026-09-23,2026-10-04,0.15,3,quantile,31.3050798202333
ILI incidence,SK,2026-09-23,2026-10-04,0.2,3,quantile,37.9515081550326
ILI incidence,SK,2026-09-23,2026-10-04,0.25,3,quantile,43.6029708494055
ILI incidence,SK,2026-09-23,2026-10-04,0.3,3,quantile,50.1180272625476
ILI incidence,SK,2026-09-23,2026-10-04,0.35,3,quantile,57.1459373474582
ILI incidence,SK,2026-09-23,2026-10-04,0.4,3,quantile,63.8320576022025
ILI incidence,SK,2026-09-23,2026-10-04,0.45,3,quantile,74.0462011300491
ILI incidence,SK,2026-09-23,2026-10-04,0.5,3,quantile,85.4482057168608
ILI incidence,SK,2026-09-23,2026-10-04,0.55,3,quantile,93.9347659234056
ILI incidence,SK,2026-09-23,2026-10-04,0.6,3,quantile,107.231095137015
ILI incidence,SK,2026-09-23,2026-10-04,0.65,3,quantile,120.79007690224
ILI incidence,SK,2026-09-23,2026-10-04,0.7,3,quantile,137.802512637343
ILI incidence,SK,2026-09-23,2026-10-04,0.75,3,quantile,159.631177273326
ILI incidence,SK,2026-09-23,2026-10-04,0.8,3,quantile,185.488989610523
ILI incidence,SK,2026-09-23,2026-10-04,0.85,3,quantile,222.311251735176
ILI incidence,SK,2026-09-23,2026-10-04,0.9,3,quantile,272.408667952556
ILI incidence,SK,2026-09-23,2026-10-04,0.95,3,quantile,362.81425296067
ILI incidence,SK,2026-09-23,2026-10-04,0.975,3,quantile,445.675808615013
ILI incidence,SK,2026-09-23,2026-10-04,0.99,3,quantile,545.039749524307
ILI incidence,SK,2026-09-23,2026-10-11,0.01,4,quantile,7.72801809732269
ILI incidence,SK,2026-09-23,2026-10-11,0.025,4,quantile,10.9774554474494
ILI incidence,SK,2026-09-23,2026-10-11,0.05,4,quantile,16.0060558150781
ILI incidence,SK,2026-09-23,2026-10-11,0.1,4,quantile,23.864713226357
ILI incidence,SK,2026-09-23,2026-10-11,0.15,4,quantile,31.5191644278164
ILI incidence,SK,2026-09-23,2026-10-11,0.2,4,quantile,38.9428405934237
ILI incidence,SK,2026-09-23,2026-10-11,0.25,4,quantile,44.2573367468327
ILI incidence,SK,2026-09-23,2026-10-11,0.3,4,quantile,51.0046813453286
ILI incidence,SK,2026-09-23,2026-10-11,0.35,4,quantile,59.6697930698487
ILI incidence,SK,2026-09-23,2026-10-11,0.4,4,quantile,68.6860080063595
ILI incidence,SK,2026-09-23,2026-10-11,0.45,4,quantile,78.6179346853025
ILI incidence,SK,2026-09-23,2026-10-11,0.5,4,quantile,93.133268068355
ILI incidence,SK,2026-09-23,2026-10-11,0.55,4,quantile,108.041850413789
ILI incidence,SK,2026-09-23,2026-10-11,0.6,4,quantile,121.19695564112
ILI incidence,SK,2026-09-23,2026-10-11,0.65,4,quantile,138.973804789203
ILI incidence,SK,2026-09-23,2026-10-11,0.7,4,quantile,159.182579962072
ILI incidence,SK,2026-09-23,2026-10-11,0.75,4,quantile,193.693738321407
ILI incidence,SK,2026-09-23,2026-10-11,0.8,4,quantile,227.74724100251
ILI incidence,SK,2026-09-23,2026-10-11,0.85,4,quantile,276.636355844769
ILI incidence,SK,2026-09-23,2026-10-11,0.9,4,quantile,345.187147893487
ILI incidence,SK,2026-09-23,2026-10-11,0.95,4,quantile,449.894849258284
ILI incidence,SK,2026-09-23,2026-10-11,0.975,4,quantile,564.959905708638
ILI incidence,SK,2026-09-23,2026-10-11,0.99,4,quantile,667.690548643713
ILI incidence,SK,2026-09-23,2026-09-20,,1,median,70.0971048070936
ILI incidence,SK,2026-09-23,2026-09-27,,2,median,77.7658120595393
ILI incidence,SK,2026-09-23,2026-10-04,,3,median,85.4482057168608
ILI incidence,SK,2026-09-23,2026-10-11,,4,median,93.133268068355
