"origin_date","target","target_end_date","horizon","location","output_type","output_type_id","value"
2026-09-16,"ARI incidence",2026-09-13,1,"BE","quantile","0.01",27.3457728525415
2026-09-16,"ARI incidence",2026-09-13,1,"BE","quantile","0.025",32.2339890673121
2026-09-16,"ARI incidence",2026-09-13,1,"BE","quantile","0.05",37.1315011769183
2026-09-16,"ARI incidence",2026-09-13,1,"BE","quantile","0.1",43.7084675420546
2026-09-16,"ARI incidence",2026-09-13,1,"BE","quantile","0.15",48.7921067778327
2026-09-16,"ARI incidence",2026-09-13,1,"BE","quantile","0.2",53.2508778818743
2026-09-16,"ARI incidence",2026-09-13,1,"BE","quantile","0.25",57.3994629261544
2026-09-16,"ARI incidence",2026-09-13,1,"BE","quantile","0.3",61.3997531250207
2026-09-16,"ARI incidence",2026-09-13,1,"BE","quantile","0.35",65.3550663622765
2026-09-16,"ARI incidence",2026-09-13,1,"BE","quantile","0.4",69.3436183311463
2026-09-16,"ARI incidence",2026-09-13,1,"BE","quantile","0.45",73.434121045699
2026-09-16,"ARI incidence",2026-09-13,1,"BE","quantile","0.5",77.6952840942882
2026-09-16,"ARI incidence",2026-09-13,1,"BE","quantile","0.55",82.20370972692
2026-09-16,"ARI incidence",2026-09-13,1,"BE","quantile","0.6",87.0528148915583
2026-09-16,"ARI incidence",2026-09-13,1,"BE","quantile","0.65",92.3655579665435
2026-09-16,"ARI incidence",2026-09-13,1,"BE","quantile","0.7",98.3156586672371
2026-09-16,"ARI incidence",2026-09-13,1,"BE","quantile","0.75",105.16748524735
2026-09-16,"ARI incidence",2026-09-13,1,"BE","quantile","0.8",113.360707102012
2026-09-16,"ARI incidence",2026-09-13,1,"BE","quantile","0.85",123.719953269874
2026-09-16,"ARI incidence",2026-09-13,1,"BE","quantile","0.9",138.109558855707
2026-09-16,"ARI incidence",2026-09-13,1,"BE","quantile","0.95",162.572397537339
2026-09-16,"ARI incidence",2026-09-13,1,"BE","quantile","0.975",187.273041443503
2026-09-16,"ARI incidence",2026-09-13,1,"BE","quantile","0.99",220.749188660474
2026-09-16,"ARI incidence",2026-09-20,2,"BE","quantile","0.01",16.8465268488576
2026-09-16,"ARI incidence",2026-09-20,2,"BE","quantile","0.025",20.5341853807765
2026-09-16,"ARI incidence",2026-09-20,2,"BE","quantile","0.05",24.3452325364332
2026-09-16,"ARI incidence",2026-09-20,2,"BE","quantile","0.1",29.6249698635271
2026-09-16,"ARI incidence",2026-09-20,2,"BE","quantile","0.15",33.8198465423786
2026-09-16,"ARI incidence",2026-09-20,2,"BE","quantile","0.2",37.573505073928
2026-09-16,"ARI incidence",2026-09-20,2,"BE","quantile","0.25",41.1241455058931
2026-09-16,"ARI incidence",2026-09-20,2,"BE","quantile","0.3",44.5977889246405
2026-09-16,"ARI incidence",2026-09-20,2,"BE","quantile","0.35",48.0780238179124
2026-09-16,"ARI incidence",2026-09-20,2,"BE","quantile","0.4",51.6312215609841
2026-09-16,"ARI incidence",2026-09-20,2,"BE","quantile","0.45",55.318725077797
2026-09-16,"ARI incidence",2026-09-20,2,"BE","quantile","0.5",59.204800750346
2026-09-16,"ARI incidence",2026-09-20,2,"BE","quantile","0.55",63.3638686892847
2026-09-16,"ARI incidence",2026-09-20,2,"BE","quantile","0.6",67.8893182441558
2026-09-16,"ARI incidence",2026-09-20,2,"BE","quantile","0.65",72.9066661550725
2026-09-16,"ARI incidence",2026-09-20,2,"BE","quantile","0.7",78.5960137577923
2026-09-16,"ARI incidence",2026-09-20,2,"BE","quantile","0.75",85.2348027847989
2026-09-16,"ARI incidence",2026-09-20,2,"BE","quantile","0.8",93.2893650723155
2026-09-16,"ARI incidence",2026-09-20,2,"BE","quantile","0.85",103.643534499658
2026-09-16,"ARI incidence",2026-09-20,2,"BE","quantile","0.9",118.319392324636
2026-09-16,"ARI incidence",2026-09-20,2,"BE","quantile","0.95",143.979254527249
2026-09-16,"ARI incidence",2026-09-20,2,"BE","quantile","0.975",170.701119469275
2026-09-16,"ARI incidence",2026-09-20,2,"BE","quantile","0.99",208.067126437155
2026-09-16,"ARI incidence",2026-09-27,3,"BE","quantile","0.01",74.3479632668096
2026-09-16,"ARI incidence",2026-09-27,3,"BE","quantile","0.025",75.1507110819679
2026-09-16,"ARI incidence",2026-09-27,3,"BE","quantile","0.05",75.8480478501287
2026-09-16,"ARI incidence",2026-09-27,3,"BE","quantile","0.1",76.6600670662951
2026-09-16,"ARI incidence",2026-09-27,3,"BE","quantile","0.15",77.2128382536486
2026-09-16,"ARI incidence",2026-09-27,3,"BE","quantile","0.2",77.6550046330898
2026-09-16,"ARI incidence",2026-09-27,3,"BE","quantile","0.25",78.0363614590775
2026-09-16,"ARI incidence",2026-09-27,3,"BE","quantile","0.3",78.3804275019845
2026-09-16,"ARI incidence",2026-09-27,3,"BE","quantile","0.35",78.7006099951121
2026-09-16,"ARI incidence",2026-09-27,3,"BE","quantile","0.4",79.0056411837629
2026-09-16,"ARI incidence",2026-09-27,3,"BE","quantile","0.45",79.3018876042429
2026-09-16,"ARI incidence",2026-09-27,3,"BE","quantile","0.5",79.5945216814074
2026-09-16,"ARI incidence",2026-09-27,3,"BE","quantile","0.55",79.8882356156307
2026-09-16,"ARI incidence",2026-09-27,3,"BE","quantile","0.6",80.1877914889202
2026-09-16,"ARI incidence",2026-09-27,3,"BE","quantile","0.65",80.4985867591813
2026-09-16,"ARI incidence",2026-09-27,3,"BE","quantile","0.7",80.8274218909003
2026-09-16,"ARI incidence",2026-09-27,3,"BE","quantile","0.75",81.1837938524884
2026-09-16,"ARI incidence",2026-09-27,3,"BE","quantile","0.8",81.5824802487034
2026-09-16,"ARI incidence",2026-09-27,3,"BE","quantile","0.85",82.0496697826369
2026-09-16,"ARI incidence",2026-09-27,3,"BE","quantile","0.9",82.6413036687447
2026-09-16,"ARI incidence",2026-09-27,3,"BE","quantile","0.95",83.5260505874876
2026-09-16,"ARI incidence",2026-09-27,3,"BE","quantile","0.975",84.3011036154008
2026-09-16,"ARI incidence",2026-09-27,3,"BE","quantile","0.99",85.2113172079352
2026-09-16,"ARI incidence",2026-10-04,4,"BE","quantile","0.01",26.0925465776739
2026-09-16,"ARI incidence",2026-10-04,4,"BE","quantile","0.025",30.4346787286744
2026-09-16,"ARI incidence",2026-10-04,4,"BE","quantile","0.05",34.7428425700326
2026-09-16,"ARI incidence",2026-10-04,4,"BE","quantile","0.1",40.472056880697
2026-09-16,"ARI incidence",2026-10-04,4,"BE","quantile","0.15",44.8622216469538
2026-09-16,"ARI incidence",2026-10-04,4,"BE","quantile","0.2",48.6885887101248
2026-09-16,"ARI incidence",2026-10-04,4,"BE","quantile","0.25",52.2303385050527
2026-09-16,"ARI incidence",2026-10-04,4,"BE","quantile","0.3",55.6299770209863
2026-09-16,"ARI incidence",2026-10-04,4,"BE","quantile","0.35",58.9774685893499
2026-09-16,"ARI incidence",2026-10-04,4,"BE","quantile","0.4",62.3399793586336
2026-09-16,"ARI incidence",2026-10-04,4,"BE","quantile","0.45",65.77560356079
2026-09-16,"ARI incidence",2026-10-04,4,"BE","quantile","0.5",69.3415660308749
2026-09-16,"ARI incidence",2026-10-04,4,"BE","quantile","0.55",73.1008538016741
2026-09-16,"ARI incidence",2026-10-04,4,"BE","quantile","0.6",77.1295215218623
2026-09-16,"ARI incidence",2026-10-04,4,"BE","quantile","0.65",81.5269440113347
2026-09-16,"ARI incidence",2026-10-04,4,"BE","quantile","0.7",86.4327658772945
2026-09-16,"ARI incidence",2026-10-04,4,"BE","quantile","0.75",92.0586179840485
2026-09-16,"ARI incidence",2026-10-04,4,"BE","quantile","0.8",98.755230065116
2026-09-16,"ARI incidence",2026-10-04,4,"BE","quantile","0.85",107.17821371962
2026-09-16,"ARI incidence",2026-10-04,4,"BE","quantile","0.9",118.804260277354
2026-09-16,"ARI incidence",2026-10-04,4,"BE","quantile","0.95",138.395491673486
2026-09-16,"ARI incidence",2026-10-04,4,"BE","quantile","0.975",157.985987710921
2026-09-16,"ARI incidence",2026-10-04,4,"BE","quantile","0.99",184.276868695077
2026-09-16,"ARI incidence",2026-09-13,1,"BG","quantile","0.01",149.853249330634
2026-09-16,"ARI incidence",2026-09-13,1,"BG","quantile","0.025",155.505344370796
2026-09-16,"ARI incidence",2026-09-13,1,"BG","quantile","0.05",160.53668089913
2026-09-16,"ARI incidence",2026-09-13,1,"BG","quantile","0.1",166.539856183451
2026-09-16,"ARI incidence",2026-09-13,1,"BG","quantile","0.15",170.716485990095
2026-09-16,"ARI incidence",2026-09-13,1,"BG","quantile","0.2",174.110517270603
2026-09-16,"ARI incidence",2026-09-13,1,"BG","quantile","0.25",177.076020145646
2026-09-16,"ARI incidence",2026-09-13,1,"BG","quantile","0.3",179.782154918636
2026-09-16,"ARI incidence",2026-09-13,1,"BG","quantile","0.35",182.326695391466
2026-09-16,"ARI incidence",2026-09-13,1,"BG","quantile","0.4",184.774508193291
2026-09-16,"ARI incidence",2026-09-13,1,"BG","quantile","0.45",187.174069641431
2026-09-16,"ARI incidence",2026-09-13,1,"BG","quantile","0.5",189.566009438054
2026-09-16,"ARI incidence",2026-09-13,1,"BG","quantile","0.55",191.988516374675
2026-09-16,"ARI incidence",2026-09-13,1,"BG","quantile","0.6",194.481762044129
2026-09-16,"ARI incidence",2026-09-13,1,"BG","quantile","0.65",197.092761743493
2026-09-16,"ARI incidence",2026-09-13,1,"BG","quantile","0.7",199.882307287572
2026-09-16,"ARI incidence",2026-09-13,1,"BG","quantile","0.75",202.936975343763
2026-09-16,"ARI incidence",2026-09-13,1,"BG","quantile","0.8",206.393459152257
2026-09-16,"ARI incidence",2026-09-13,1,"BG","quantile","0.85",210.496787851839
2026-09-16,"ARI incidence",2026-09-13,1,"BG","quantile","0.9",215.775807412036
2026-09-16,"ARI incidence",2026-09-13,1,"BG","quantile","0.95",223.844617522944
2026-09-16,"ARI incidence",2026-09-13,1,"BG","quantile","0.975",231.087054143827
2026-09-16,"ARI incidence",2026-09-13,1,"BG","quantile","0.99",239.80308798631
2026-09-16,"ARI incidence",2026-09-20,2,"BG","quantile","0.01",174.326174419612
2026-09-16,"ARI incidence",2026-09-20,2,"BG","quantile","0.025",178.222402117872
2026-09-16,"ARI incidence",2026-09-20,2,"BG","quantile","0.05",181.642955064318
2026-09-16,"ARI incidence",2026-09-20,2,"BG","quantile","0.1",185.66819024497
2026-09-16,"ARI incidence",2026-09-20,2,"BG","quantile","0.15",188.434270933374
2026-09-16,"ARI incidence",2026-09-20,2,"BG","quantile","0.2",190.66202513734
2026-09-16,"ARI incidence",2026-09-20,2,"BG","quantile","0.25",192.594218135144
2026-09-16,"ARI incidence",2026-09-20,2,"BG","quantile","0.3",194.346069319753
2026-09-16,"ARI incidence",2026-09-20,2,"BG","quantile","0.35",195.983641931755
2026-09-16,"ARI incidence",2026-09-20,2,"BG","quantile","0.4",197.550295088295
2026-09-16,"ARI incidence",2026-09-20,2,"BG","quantile","0.45",199.077968928983
2026-09-16,"ARI incidence",2026-09-20,2,"BG","quantile","0.5",200.592955777739
2026-09-16,"ARI incidence",2026-09-20,2,"BG","quantile","0.55",202.119471703089
2026-09-16,"ARI incidence",2026-09-20,2,"BG","quantile","0.6",203.682479389189
2026-09-16,"ARI incidence",2026-09-20,2,"BG","quantile","0.65",205.310675478015
2026-09-16,"ARI incidence",2026-09-20,2,"BG","quantile","0.7",207.040636574173
2026-09-16,"ARI incidence",2026-09-20,2,"BG","quantile","0.75",208.923893444273
2026-09-16,"ARI incidence",2026-09-20,2,"BG","quantile","0.8",211.041154517611
2026-09-16,"ARI incidence",2026-09-20,2,"BG","quantile","0.85",213.536177407331
2026-09-16,"ARI incidence",2026-09-20,2,"BG","quantile","0.9",216.717434766617
2026-09-16,"ARI incidence",2026-09-20,2,"BG","quantile","0.95",221.519925688295
2026-09-16,"ARI incidence",2026-09-20,2,"BG","quantile","0.975",225.771471091708
2026-09-16,"ARI incidence",2026-09-20,2,"BG","quantile","0.99",230.81751229621
2026-09-16,"ARI incidence",2026-09-27,3,"BG","quantile","0.01",186.421836879039
2026-09-16,"ARI incidence",2026-09-27,3,"BG","quantile","0.025",189.620312619025
2026-09-16,"ARI incidence",2026-09-27,3,"BG","quantile","0.05",192.415037886474
2026-09-16,"ARI incidence",2026-09-27,3,"BG","quantile","0.1",195.688336465712
2026-09-16,"ARI incidence",2026-09-27,3,"BG","quantile","0.15",197.928216826054
2026-09-16,"ARI incidence",2026-09-27,3,"BG","quantile","0.2",199.72667382675
2026-09-16,"ARI incidence",2026-09-27,3,"BG","quantile","0.25",201.282607759555
2026-09-16,"ARI incidence",2026-09-27,3,"BG","quantile","0.3",202.690212039179
2026-09-16,"ARI incidence",2026-09-27,3,"BG","quantile","0.35",204.003352723448
2026-09-16,"ARI incidence",2026-09-27,3,"BG","quantile","0.4",205.257260267407
2026-09-16,"ARI incidence",2026-09-27,3,"BG","quantile","0.45",206.477765466247
2026-09-16,"ARI incidence",2026-09-27,3,"BG","quantile","0.5",207.686005505844
2026-09-16,"ARI incidence",2026-09-27,3,"BG","quantile","0.55",208.901315769153
2026-09-16,"ARI incidence",2026-09-27,3,"BG","quantile","0.6",210.143489330315
2026-09-16,"ARI incidence",2026-09-27,3,"BG","quantile","0.65",211.435137252114
2026-09-16,"ARI incidence",2026-09-27,3,"BG","quantile","0.7",212.804932458387
2026-09-16,"ARI incidence",2026-09-27,3,"BG","quantile","0.75",214.293114358392
2026-09-16,"ARI incidence",2026-09-27,3,"BG","quantile","0.8",215.962525468127
2026-09-16,"ARI incidence",2026-09-27,3,"BG","quantile","0.85",217.924849597776
2026-09-16,"ARI incidence",2026-09-27,3,"BG","quantile","0.9",220.419252685156
2026-09-16,"ARI incidence",2026-09-27,3,"BG","quantile","0.95",224.168949354274
2026-09-16,"ARI incidence",2026-09-27,3,"BG","quantile","0.975",227.472870850261
2026-09-16,"ARI incidence",2026-09-27,3,"BG","quantile","0.99",231.375667170156
2026-09-16,"ARI incidence",2026-10-04,4,"BG","quantile","0.01",195.245816096782
2026-09-16,"ARI incidence",2026-10-04,4,"BG","quantile","0.025",197.974555274989
2026-09-16,"ARI incidence",2026-10-04,4,"BG","quantile","0.05",200.351906236485
2026-09-16,"ARI incidence",2026-10-04,4,"BG","quantile","0.1",203.12829228441
2026-09-16,"ARI incidence",2026-10-04,4,"BG","quantile","0.15",205.0232102601
2026-09-16,"ARI incidence",2026-10-04,4,"BG","quantile","0.2",206.541830484391
2026-09-16,"ARI incidence",2026-10-04,4,"BG","quantile","0.25",207.853632909534
2026-09-16,"ARI incidence",2026-10-04,4,"BG","quantile","0.3",209.038771073225
2026-09-16,"ARI incidence",2026-10-04,4,"BG","quantile","0.35",210.143009458991
2026-09-16,"ARI incidence",2026-10-04,4,"BG","quantile","0.4",211.19621683878
2026-09-16,"ARI incidence",2026-10-04,4,"BG","quantile","0.45",212.220230972308
2026-09-16,"ARI incidence",2026-10-04,4,"BG","quantile","0.5",213.232857243998
2026-09-16,"ARI incidence",2026-10-04,4,"BG","quantile","0.55",214.250315345159
2026-09-16,"ARI incidence",2026-10-04,4,"BG","quantile","0.6",215.289137698656
2026-09-16,"ARI incidence",2026-10-04,4,"BG","quantile","0.65",216.368136753617
2026-09-16,"ARI incidence",2026-10-04,4,"BG","quantile","0.7",217.511092200749
2026-09-16,"ARI incidence",2026-10-04,4,"BG","quantile","0.75",218.751295187749
2026-09-16,"ARI incidence",2026-10-04,4,"BG","quantile","0.8",220.140643189833
2026-09-16,"ARI incidence",2026-10-04,4,"BG","quantile","0.85",221.771239220948
2026-09-16,"ARI incidence",2026-10-04,4,"BG","quantile","0.9",223.840071203754
2026-09-16,"ARI incidence",2026-10-04,4,"BG","quantile","0.95",226.941945612292
2026-09-16,"ARI incidence",2026-10-04,4,"BG","quantile","0.975",229.667147605325
2026-09-16,"ARI incidence",2026-10-04,4,"BG","quantile","0.99",232.876956430662
2026-09-16,"ARI incidence",2026-09-13,1,"CY","quantile","0.01",2250.79720569225
2026-09-16,"ARI incidence",2026-09-13,1,"CY","quantile","0.025",2419.87819220632
2026-09-16,"ARI incidence",2026-09-13,1,"CY","quantile","0.05",2575.42187524344
2026-09-16,"ARI incidence",2026-09-13,1,"CY","quantile","0.1",2767.20234963297
2026-09-16,"ARI incidence",2026-09-13,1,"CY","quantile","0.15",2904.60027920618
2026-09-16,"ARI incidence",2026-09-13,1,"CY","quantile","0.2",3018.64913501252
2026-09-16,"ARI incidence",2026-09-13,1,"CY","quantile","0.25",3120.05521973167
2026-09-16,"ARI incidence",2026-09-13,1,"CY","quantile","0.3",3214.02095327861
2026-09-16,"ARI incidence",2026-09-13,1,"CY","quantile","0.35",3303.61854569566
2026-09-16,"ARI incidence",2026-09-13,1,"CY","quantile","0.4",3390.94635044902
2026-09-16,"ARI incidence",2026-09-13,1,"CY","quantile","0.45",3477.63353215835
2026-09-16,"ARI incidence",2026-09-13,1,"CY","quantile","0.5",3565.10970378206
2026-09-16,"ARI incidence",2026-09-13,1,"CY","quantile","0.55",3654.78624543648
2026-09-16,"ARI incidence",2026-09-13,1,"CY","quantile","0.6",3748.2183103009
2026-09-16,"ARI incidence",2026-09-13,1,"CY","quantile","0.65",3847.29865878768
2026-09-16,"ARI incidence",2026-09-13,1,"CY","quantile","0.7",3954.55019888268
2026-09-16,"ARI incidence",2026-09-13,1,"CY","quantile","0.75",4073.64815841116
2026-09-16,"ARI incidence",2026-09-13,1,"CY","quantile","0.8",4210.49503653173
2026-09-16,"ARI incidence",2026-09-13,1,"CY","quantile","0.85",4375.81972672489
2026-09-16,"ARI incidence",2026-09-13,1,"CY","quantile","0.9",4593.08919049119
2026-09-16,"ARI incidence",2026-09-13,1,"CY","quantile","0.95",4935.11658116192
2026-09-16,"ARI incidence",2026-09-13,1,"CY","quantile","0.975",5252.33346080643
2026-09-16,"ARI incidence",2026-09-13,1,"CY","quantile","0.99",5646.89131826603
2026-09-16,"ARI incidence",2026-09-20,2,"CY","quantile","0.01",2697.8284303163
2026-09-16,"ARI incidence",2026-09-20,2,"CY","quantile","0.025",2783.99910052628
2026-09-16,"ARI incidence",2026-09-20,2,"CY","quantile","0.05",2860.30892084061
2026-09-16,"ARI incidence",2026-09-20,2,"CY","quantile","0.1",2950.88882350045
2026-09-16,"ARI incidence",2026-09-20,2,"CY","quantile","0.15",3013.61770311403
2026-09-16,"ARI incidence",2026-09-20,2,"CY","quantile","0.2",3064.42229897862
2026-09-16,"ARI incidence",2026-09-20,2,"CY","quantile","0.25",3108.69015829329
2026-09-16,"ARI incidence",2026-09-20,2,"CY","quantile","0.3",3148.9887931756
2026-09-16,"ARI incidence",2026-09-20,2,"CY","quantile","0.35",3186.79766439621
2026-09-16,"ARI incidence",2026-09-20,2,"CY","quantile","0.4",3223.09425715004
2026-09-16,"ARI incidence",2026-09-20,2,"CY","quantile","0.45",3258.605060523
2026-09-16,"ARI incidence",2026-09-20,2,"CY","quantile","0.5",3293.93482024174
2026-09-16,"ARI incidence",2026-09-20,2,"CY","quantile","0.55",3329.64762482127
2026-09-16,"ARI incidence",2026-09-20,2,"CY","quantile","0.6",3366.33239190308
2026-09-16,"ARI incidence",2026-09-20,2,"CY","quantile","0.65",3404.67382702714
2026-09-16,"ARI incidence",2026-09-20,2,"CY","quantile","0.7",3445.55262423126
2026-09-16,"ARI incidence",2026-09-20,2,"CY","quantile","0.75",3490.21808141786
2026-09-16,"ARI incidence",2026-09-20,2,"CY","quantile","0.8",3540.6368775013
2026-09-16,"ARI incidence",2026-09-20,2,"CY","quantile","0.85",3600.32614249296
2026-09-16,"ARI incidence",2026-09-20,2,"CY","quantile","0.9",3676.86051524311
2026-09-16,"ARI incidence",2026-09-20,2,"CY","quantile","0.95",3793.29887095282
2026-09-16,"ARI incidence",2026-09-20,2,"CY","quantile","0.975",3897.27374479034
2026-09-16,"ARI incidence",2026-09-20,2,"CY","quantile","0.99",4021.75560094047
2026-09-16,"ARI incidence",2026-09-27,3,"CY","quantile","0.01",3284.24602863309
2026-09-16,"ARI incidence",2026-09-27,3,"CY","quantile","0.025",3331.87005430185
2026-09-16,"ARI incidence",2026-09-27,3,"CY","quantile","0.05",3373.38135249033
2026-09-16,"ARI incidence",2026-09-27,3,"CY","quantile","0.1",3421.88350297514
2026-09-16,"ARI incidence",2026-09-27,3,"CY","quantile","0.15",3455.00103852361
2026-09-16,"ARI incidence",2026-09-27,3,"CY","quantile","0.2",3481.55025160087
2026-09-16,"ARI incidence",2026-09-27,3,"CY","quantile","0.25",3504.48964279347
2026-09-16,"ARI incidence",2026-09-27,3,"CY","quantile","0.3",3525.21870806823
2026-09-16,"ARI incidence",2026-09-27,3,"CY","quantile","0.35",3544.53671219786
2026-09-16,"ARI incidence",2026-09-27,3,"CY","quantile","0.4",3562.96548574013
2026-09-16,"ARI incidence",2026-09-27,3,"CY","quantile","0.45",3580.88672851276
2026-09-16,"ARI incidence",2026-09-27,3,"CY","quantile","0.5",3598.61184347535
2026-09-16,"ARI incidence",2026-09-27,3,"CY","quantile","0.55",3616.42469639902
2026-09-16,"ARI incidence",2026-09-27,3,"CY","quantile","0.6",3634.61483189499
2026-09-16,"ARI incidence",2026-09-27,3,"CY","quantile","0.65",3653.51194006145
2026-09-16,"ARI incidence",2026-09-27,3,"CY","quantile","0.7",3673.53298402795
2026-09-16,"ARI incidence",2026-09-27,3,"CY","quantile","0.75",3695.26194110206
2026-09-16,"ARI incidence",2026-09-27,3,"CY","quantile","0.8",3719.60944525974
2026-09-16,"ARI incidence",2026-09-27,3,"CY","quantile","0.85",3748.19198478007
2026-09-16,"ARI incidence",2026-09-27,3,"CY","quantile","0.9",3784.46758597764
2026-09-16,"ARI incidence",2026-09-27,3,"CY","quantile","0.95",3838.88029452731
2026-09-16,"ARI incidence",2026-09-27,3,"CY","quantile","0.975",3886.70836165445
2026-09-16,"ARI incidence",2026-09-27,3,"CY","quantile","0.99",3943.06854209423
2026-09-16,"ARI incidence",2026-10-04,4,"CY","quantile","0.01",1595.85933456643
2026-09-16,"ARI incidence",2026-10-04,4,"CY","quantile","0.025",1766.46374140197
2026-09-16,"ARI incidence",2026-10-04,4,"CY","quantile","0.05",1927.71072453797
2026-09-16,"ARI incidence",2026-10-04,4,"CY","quantile","0.1",2131.96932482742
2026-09-16,"ARI incidence",2026-10-04,4,"CY","quantile","0.15",2281.87319539067
2026-09-16,"ARI incidence",2026-10-04,4,"CY","quantile","0.2",2408.49395460656
2026-09-16,"ARI incidence",2026-10-04,4,"CY","quantile","0.25",2522.70838240589
2026-09-16,"ARI incidence",2026-10-04,4,"CY","quantile","0.3",2629.88507202391
2026-09-16,"ARI incidence",2026-10-04,4,"CY","quantile","0.35",2733.26070722361
2026-09-16,"ARI incidence",2026-10-04,4,"CY","quantile","0.4",2835.10893128812
2026-09-16,"ARI incidence",2026-10-04,4,"CY","quantile","0.45",2937.25900249173
2026-09-16,"ARI incidence",2026-10-04,4,"CY","quantile","0.5",3041.38228442283
2026-09-16,"ARI incidence",2026-10-04,4,"CY","quantile","0.55",3149.19664631347
2026-09-16,"ARI incidence",2026-10-04,4,"CY","quantile","0.6",3262.66341935522
2026-09-16,"ARI incidence",2026-10-04,4,"CY","quantile","0.65",3384.23853076093
2026-09-16,"ARI incidence",2026-10-04,4,"CY","quantile","0.7",3517.26632406882
2026-09-16,"ARI incidence",2026-10-04,4,"CY","quantile","0.75",3666.69658075157
2026-09-16,"ARI incidence",2026-10-04,4,"CY","quantile","0.8",3840.57688096296
2026-09-16,"ARI incidence",2026-10-04,4,"CY","quantile","0.85",4053.68984511751
2026-09-16,"ARI incidence",2026-10-04,4,"CY","quantile","0.9",4338.71448912605
2026-09-16,"ARI incidence",2026-10-04,4,"CY","quantile","0.95",4798.44101205487
2026-09-16,"ARI incidence",2026-10-04,4,"CY","quantile","0.975",5236.4540427304
2026-09-16,"ARI incidence",2026-10-04,4,"CY","quantile","0.99",5796.25409310533
2026-09-16,"ARI incidence",2026-09-13,1,"CZ","quantile","0.01",230.737958164568
2026-09-16,"ARI incidence",2026-09-13,1,"CZ","quantile","0.025",256.356495135156
2026-09-16,"ARI incidence",2026-09-13,1,"CZ","quantile","0.05",280.653581576837
2026-09-16,"ARI incidence",2026-09-13,1,"CZ","quantile","0.1",311.538161104533
2026-09-16,"ARI incidence",2026-09-13,1,"CZ","quantile","0.15",334.273833788547
2026-09-16,"ARI incidence",2026-09-13,1,"CZ","quantile","0.2",353.521021020402
2026-09-16,"ARI incidence",2026-09-13,1,"CZ","quantile","0.25",370.914244638906
2026-09-16,"ARI incidence",2026-09-13,1,"CZ","quantile","0.3",387.261999089364
2026-09-16,"ARI incidence",2026-09-13,1,"CZ","quantile","0.35",403.053121955266
2026-09-16,"ARI incidence",2026-09-13,1,"CZ","quantile","0.4",418.632335711392
2026-09-16,"ARI incidence",2026-09-13,1,"CZ","quantile","0.45",434.278322974888
2026-09-16,"ARI incidence",2026-09-13,1,"CZ","quantile","0.5",450.247058187293
2026-09-16,"ARI incidence",2026-09-13,1,"CZ","quantile","0.55",466.802975607037
2026-09-16,"ARI incidence",2026-09-13,1,"CZ","quantile","0.6",484.249294937575
2026-09-16,"ARI incidence",2026-09-13,1,"CZ","quantile","0.65",502.966984656706
2026-09-16,"ARI incidence",2026-09-13,1,"CZ","quantile","0.7",523.47613213537
2026-09-16,"ARI incidence",2026-09-13,1,"CZ","quantile","0.75",546.547932133657
2026-09-16,"ARI incidence",2026-09-13,1,"CZ","quantile","0.8",573.438073982628
2026-09-16,"ARI incidence",2026-09-13,1,"CZ","quantile","0.85",606.456123438451
2026-09-16,"ARI incidence",2026-09-13,1,"CZ","quantile","0.9",650.714547096176
2026-09-16,"ARI incidence",2026-09-13,1,"CZ","quantile","0.95",722.322559602932
2026-09-16,"ARI incidence",2026-09-13,1,"CZ","quantile","0.975",790.783214989083
2026-09-16,"ARI incidence",2026-09-13,1,"CZ","quantile","0.99",878.582852248891
2026-09-16,"ARI incidence",2026-09-20,2,"CZ","quantile","0.01",105.72912589855
2026-09-16,"ARI incidence",2026-09-20,2,"CZ","quantile","0.025",136.297541270484
2026-09-16,"ARI incidence",2026-09-20,2,"CZ","quantile","0.05",169.568981919671
2026-09-16,"ARI incidence",2026-09-20,2,"CZ","quantile","0.1",218.128324113188
2026-09-16,"ARI incidence",2026-09-20,2,"CZ","quantile","0.15",258.523809869536
2026-09-16,"ARI incidence",2026-09-20,2,"CZ","quantile","0.2",295.900225479574
2026-09-16,"ARI incidence",2026-09-20,2,"CZ","quantile","0.25",332.244093188698
2026-09-16,"ARI incidence",2026-09-20,2,"CZ","quantile","0.3",368.670998177501
2026-09-16,"ARI incidence",2026-09-20,2,"CZ","quantile","0.35",405.98179465005
2026-09-16,"ARI incidence",2026-09-20,2,"CZ","quantile","0.4",444.871723323368
2026-09-16,"ARI incidence",2026-09-20,2,"CZ","quantile","0.45",486.040363875005
2026-09-16,"ARI incidence",2026-09-20,2,"CZ","quantile","0.5",530.274154054512
2026-09-16,"ARI incidence",2026-09-20,2,"CZ","quantile","0.55",578.533593828314
2026-09-16,"ARI incidence",2026-09-20,2,"CZ","quantile","0.6",632.071367354217
2026-09-16,"ARI incidence",2026-09-20,2,"CZ","quantile","0.65",692.618935537762
2026-09-16,"ARI incidence",2026-09-20,2,"CZ","quantile","0.7",762.714398062973
2026-09-16,"ARI incidence",2026-09-20,2,"CZ","quantile","0.75",846.337630142685
2026-09-16,"ARI incidence",2026-09-20,2,"CZ","quantile","0.8",950.288827940209
2026-09-16,"ARI incidence",2026-09-20,2,"CZ","quantile","0.85",1087.67806957561
2026-09-16,"ARI incidence",2026-09-20,2,"CZ","quantile","0.9",1289.10667425436
2026-09-16,"ARI incidence",2026-09-20,2,"CZ","quantile","0.95",1658.26718586678
2026-09-16,"ARI incidence",2026-09-20,2,"CZ","quantile","0.975",2063.06493746796
2026-09-16,"ARI incidence",2026-09-20,2,"CZ","quantile","0.99",2659.53847691921
2026-09-16,"ARI incidence",2026-09-27,3,"CZ","quantile","0.01",107.516793115352
2026-09-16,"ARI incidence",2026-09-27,3,"CZ","quantile","0.025",139.489155014333
2026-09-16,"ARI incidence",2026-09-27,3,"CZ","quantile","0.05",174.494540037481
2026-09-16,"ARI incidence",2026-09-27,3,"CZ","quantile","0.1",225.888929664583
2026-09-16,"ARI incidence",2026-09-27,3,"CZ","quantile","0.15",268.866768496565
2026-09-16,"ARI incidence",2026-09-27,3,"CZ","quantile","0.2",308.784245502923
2026-09-16,"ARI incidence",2026-09-27,3,"CZ","quantile","0.25",347.72108872893
2026-09-16,"ARI incidence",2026-09-27,3,"CZ","quantile","0.3",386.854613065687
2026-09-16,"ARI incidence",2026-09-27,3,"CZ","quantile","0.35",427.038617775333
2026-09-16,"ARI incidence",2026-09-27,3,"CZ","quantile","0.4",469.022239988942
2026-09-16,"ARI incidence",2026-09-27,3,"CZ","quantile","0.45",513.56638452691
2026-09-16,"ARI incidence",2026-09-27,3,"CZ","quantile","0.5",561.532658787418
2026-09-16,"ARI incidence",2026-09-27,3,"CZ","quantile","0.55",613.978905911715
2026-09-16,"ARI incidence",2026-09-27,3,"CZ","quantile","0.6",672.289925723568
2026-09-16,"ARI incidence",2026-09-27,3,"CZ","quantile","0.65",738.385040040473
2026-09-16,"ARI incidence",2026-09-27,3,"CZ","quantile","0.7",815.083796949132
2026-09-16,"ARI incidence",2026-09-27,3,"CZ","quantile","0.75",906.815655149054
2026-09-16,"ARI incidence",2026-09-27,3,"CZ","quantile","0.8",1021.16261265629
2026-09-16,"ARI incidence",2026-09-27,3,"CZ","quantile","0.85",1172.77017404587
2026-09-16,"ARI incidence",2026-09-27,3,"CZ","quantile","0.9",1395.90252321385
2026-09-16,"ARI incidence",2026-09-27,3,"CZ","quantile","0.95",1807.04179521685
2026-09-16,"ARI incidence",2026-09-27,3,"CZ","quantile","0.975",2260.52646782804
2026-09-16,"ARI incidence",2026-09-27,3,"CZ","quantile","0.99",2932.74118161773
2026-09-16,"ARI incidence",2026-10-04,4,"CZ","quantile","0.01",97.7664944424445
2026-09-16,"ARI incidence",2026-10-04,4,"CZ","quantile","0.025",131.437314857073
2026-09-16,"ARI incidence",2026-10-04,4,"CZ","quantile","0.05",169.53539992703
2026-09-16,"ARI incidence",2026-10-04,4,"CZ","quantile","0.1",227.356782740587
2026-09-16,"ARI incidence",2026-10-04,4,"CZ","quantile","0.15",277.138046716862
2026-09-16,"ARI incidence",2026-10-04,4,"CZ","quantile","0.2",324.367158479711
2026-09-16,"ARI incidence",2026-10-04,4,"CZ","quantile","0.25",371.25057320545
2026-09-16,"ARI incidence",2026-10-04,4,"CZ","quantile","0.3",419.101210570567
2026-09-16,"ARI incidence",2026-10-04,4,"CZ","quantile","0.35",468.930670077291
2026-09-16,"ARI incidence",2026-10-04,4,"CZ","quantile","0.4",521.681354072141
2026-09-16,"ARI incidence",2026-10-04,4,"CZ","quantile","0.45",578.35951429214
2026-09-16,"ARI incidence",2026-10-04,4,"CZ","quantile","0.5",640.147840753217
2026-09-16,"ARI incidence",2026-10-04,4,"CZ","quantile","0.55",708.537246979591
2026-09-16,"ARI incidence",2026-10-04,4,"CZ","quantile","0.6",785.516397744088
2026-09-16,"ARI incidence",2026-10-04,4,"CZ","quantile","0.65",873.880264546278
2026-09-16,"ARI incidence",2026-10-04,4,"CZ","quantile","0.7",977.781136597329
2026-09-16,"ARI incidence",2026-10-04,4,"CZ","quantile","0.75",1103.8077449492
2026-09-16,"ARI incidence",2026-10-04,4,"CZ","quantile","0.8",1263.35002575989
2026-09-16,"ARI incidence",2026-10-04,4,"CZ","quantile","0.85",1478.64669927355
2026-09-16,"ARI incidence",2026-10-04,4,"CZ","quantile","0.9",1802.40612609554
2026-09-16,"ARI incidence",2026-10-04,4,"CZ","quantile","0.95",2417.13092485336
2026-09-16,"ARI incidence",2026-10-04,4,"CZ","quantile","0.975",3117.75433381772
2026-09-16,"ARI incidence",2026-10-04,4,"CZ","quantile","0.99",4191.51019332345
2026-09-16,"ARI incidence",2026-09-13,1,"DE","quantile","0.01",527.761376401278
2026-09-16,"ARI incidence",2026-09-13,1,"DE","quantile","0.025",539.992840321832
2026-09-16,"ARI incidence",2026-09-13,1,"DE","quantile","0.05",550.739077466988
2026-09-16,"ARI incidence",2026-09-13,1,"DE","quantile","0.1",563.394487275732
2026-09-16,"ARI incidence",2026-09-13,1,"DE","quantile","0.15",572.096919251146
2026-09-16,"ARI incidence",2026-09-13,1,"DE","quantile","0.2",579.109106552205
2026-09-16,"ARI incidence",2026-09-13,1,"DE","quantile","0.25",585.19339672195
2026-09-16,"ARI incidence",2026-09-13,1,"DE","quantile","0.3",590.711736296837
2026-09-16,"ARI incidence",2026-09-13,1,"DE","quantile","0.35",595.871741722637
2026-09-16,"ARI incidence",2026-09-13,1,"DE","quantile","0.4",600.809754025179
2026-09-16,"ARI incidence",2026-09-13,1,"DE","quantile","0.45",605.62628347061
2026-09-16,"ARI incidence",2026-09-13,1,"DE","quantile","0.5",610.404146448072
2026-09-16,"ARI incidence",2026-09-13,1,"DE","quantile","0.55",615.219702595819
2026-09-16,"ARI incidence",2026-09-13,1,"DE","quantile","0.6",620.151752705042
2026-09-16,"ARI incidence",2026-09-13,1,"DE","quantile","0.65",625.290974403066
2026-09-16,"ARI incidence",2026-09-13,1,"DE","quantile","0.7",630.753037575961
2026-09-16,"ARI incidence",2026-09-13,1,"DE","quantile","0.75",636.701001904904
2026-09-16,"ARI incidence",2026-09-13,1,"DE","quantile","0.8",643.390369423265
2026-09-16,"ARI incidence",2026-09-13,1,"DE","quantile","0.85",651.27639996508
2026-09-16,"ARI incidence",2026-09-13,1,"DE","quantile","0.9",661.336293513727
2026-09-16,"ARI incidence",2026-09-13,1,"DE","quantile","0.95",676.533112040398
2026-09-16,"ARI incidence",2026-09-13,1,"DE","quantile","0.975",689.996596582534
2026-09-16,"ARI incidence",2026-09-13,1,"DE","quantile","0.99",705.988044334836
2026-09-16,"ARI incidence",2026-09-20,2,"DE","quantile","0.01",588.133768247451
2026-09-16,"ARI incidence",2026-09-20,2,"DE","quantile","0.025",599.06458314585
2026-09-16,"ARI incidence",2026-09-20,2,"DE","quantile","0.05",608.628045997943
2026-09-16,"ARI incidence",2026-09-20,2,"DE","quantile","0.1",619.843739707758
2026-09-16,"ARI incidence",2026-09-20,2,"DE","quantile","0.15",627.527448388391
2026-09-16,"ARI incidence",2026-09-20,2,"DE","quantile","0.2",633.702091714284
2026-09-16,"ARI incidence",2026-09-20,2,"DE","quantile","0.25",639.047783758915
2026-09-16,"ARI incidence",2026-09-20,2,"DE","quantile","0.3",643.886800933601
2026-09-16,"ARI incidence",2026-09-20,2,"DE","quantile","0.35",648.40357458169
2026-09-16,"ARI incidence",2026-09-20,2,"DE","quantile","0.4",652.718844953824
2026-09-16,"ARI incidence",2026-09-20,2,"DE","quantile","0.45",656.921251698478
2026-09-16,"ARI incidence",2026-09-20,2,"DE","quantile","0.5",661.08344632202
2026-09-16,"ARI incidence",2026-09-20,2,"DE","quantile","0.55",665.272012240507
2026-09-16,"ARI incidence",2026-09-20,2,"DE","quantile","0.6",669.555240176828
2026-09-16,"ARI incidence",2026-09-20,2,"DE","quantile","0.65",674.01127959997
2026-09-16,"ARI incidence",2026-09-20,2,"DE","quantile","0.7",678.739372149464
2026-09-16,"ARI incidence",2026-09-20,2,"DE","quantile","0.75",683.878943183805
2026-09-16,"ARI incidence",2026-09-20,2,"DE","quantile","0.8",689.647909822654
2026-09-16,"ARI incidence",2026-09-20,2,"DE","quantile","0.85",696.433796040919
2026-09-16,"ARI incidence",2026-09-20,2,"DE","quantile","0.9",705.066930589715
2026-09-16,"ARI incidence",2026-09-20,2,"DE","quantile","0.95",718.05978359807
2026-09-16,"ARI incidence",2026-09-20,2,"DE","quantile","0.975",729.522885005203
2026-09-16,"ARI incidence",2026-09-20,2,"DE","quantile","0.99",743.081500494838
2026-09-16,"ARI incidence",2026-09-27,3,"DE","quantile","0.01",575.955312936219
2026-09-16,"ARI incidence",2026-09-27,3,"DE","quantile","0.025",599.000773593601
2026-09-16,"ARI incidence",2026-09-27,3,"DE","quantile","0.05",619.557351390795
2026-09-16,"ARI incidence",2026-09-27,3,"DE","quantile","0.1",644.134839024998
2026-09-16,"ARI incidence",2026-09-27,3,"DE","quantile","0.15",661.265630919164
2026-09-16,"ARI incidence",2026-09-27,3,"DE","quantile","0.2",675.204990154428
2026-09-16,"ARI incidence",2026-09-27,3,"DE","quantile","0.25",687.397665158188
2026-09-16,"ARI incidence",2026-09-27,3,"DE","quantile","0.3",698.53459018738
2026-09-16,"ARI incidence",2026-09-27,3,"DE","quantile","0.35",709.01561586216
2026-09-16,"ARI incidence",2026-09-27,3,"DE","quantile","0.4",719.106459576161
2026-09-16,"ARI incidence",2026-09-27,3,"DE","quantile","0.45",729.006138510896
2026-09-16,"ARI incidence",2026-09-27,3,"DE","quantile","0.5",738.881913434752
2026-09-16,"ARI incidence",2026-09-27,3,"DE","quantile","0.55",748.891474516494
2026-09-16,"ARI incidence",2026-09-27,3,"DE","quantile","0.6",759.201192995512
2026-09-16,"ARI incidence",2026-09-27,3,"DE","quantile","0.65",770.006287290488
2026-09-16,"ARI incidence",2026-09-27,3,"DE","quantile","0.7",781.55969606967
2026-09-16,"ARI incidence",2026-09-27,3,"DE","quantile","0.75",794.22219433254
2026-09-16,"ARI incidence",2026-09-27,3,"DE","quantile","0.8",808.564050861258
2026-09-16,"ARI incidence",2026-09-27,3,"DE","quantile","0.85",825.608433999708
2026-09-16,"ARI incidence",2026-09-27,3,"DE","quantile","0.9",847.565523435091
2026-09-16,"ARI incidence",2026-09-27,3,"DE","quantile","0.95",881.18796552966
2026-09-16,"ARI incidence",2026-09-27,3,"DE","quantile","0.975",911.428676002686
2026-09-16,"ARI incidence",2026-09-27,3,"DE","quantile","0.99",947.897292964912
2026-09-16,"ARI incidence",2026-10-04,4,"DE","quantile","0.01",656.659488909379
2026-09-16,"ARI incidence",2026-10-04,4,"DE","quantile","0.025",686.078257494143
2026-09-16,"ARI incidence",2026-10-04,4,"DE","quantile","0.05",712.432065001723
2026-09-16,"ARI incidence",2026-10-04,4,"DE","quantile","0.1",744.075133039864
2026-09-16,"ARI incidence",2026-10-04,4,"DE","quantile","0.15",766.214804013139
2026-09-16,"ARI incidence",2026-10-04,4,"DE","quantile","0.2",784.279598787619
2026-09-16,"ARI incidence",2026-10-04,4,"DE","quantile","0.25",800.116639568808
2026-09-16,"ARI incidence",2026-10-04,4,"DE","quantile","0.3",814.611152818655
2026-09-16,"ARI incidence",2026-10-04,4,"DE","quantile","0.35",828.276767639993
2026-09-16,"ARI incidence",2026-10-04,4,"DE","quantile","0.4",841.456016813385
2026-09-16,"ARI incidence",2026-10-04,4,"DE","quantile","0.45",854.406653505861
2026-09-16,"ARI incidence",2026-10-04,4,"DE","quantile","0.5",867.346551789421
2026-09-16,"ARI incidence",2026-10-04,4,"DE","quantile","0.55",880.48242346212
2026-09-16,"ARI incidence",2026-10-04,4,"DE","quantile","0.6",894.033705706854
2026-09-16,"ARI incidence",2026-10-04,4,"DE","quantile","0.65",908.259256195846
2026-09-16,"ARI incidence",2026-10-04,4,"DE","quantile","0.7",923.495876895354
2026-09-16,"ARI incidence",2026-10-04,4,"DE","quantile","0.75",940.225466759968
2026-09-16,"ARI incidence",2026-10-04,4,"DE","quantile","0.8",959.211538925569
2026-09-16,"ARI incidence",2026-10-04,4,"DE","quantile","0.85",981.826554330187
2026-09-16,"ARI incidence",2026-10-04,4,"DE","quantile","0.9",1011.04042790353
2026-09-16,"ARI incidence",2026-10-04,4,"DE","quantile","0.95",1055.94635314341
2026-09-16,"ARI incidence",2026-10-04,4,"DE","quantile","0.975",1096.50762530894
2026-09-16,"ARI incidence",2026-10-04,4,"DE","quantile","0.99",1145.63187406375
2026-09-16,"ARI incidence",2026-09-13,1,"EE","quantile","0.01",83.5585721310205
2026-09-16,"ARI incidence",2026-09-13,1,"EE","quantile","0.025",92.2295540576764
2026-09-16,"ARI incidence",2026-09-13,1,"EE","quantile","0.05",100.403418374976
2026-09-16,"ARI incidence",2026-09-13,1,"EE","quantile","0.1",110.730413469525
2026-09-16,"ARI incidence",2026-09-13,1,"EE","quantile","0.15",118.291598157534
2026-09-16,"ARI incidence",2026-09-13,1,"EE","quantile","0.2",124.667542848609
2026-09-16,"ARI incidence",2026-09-13,1,"EE","quantile","0.25",130.410734540875
2026-09-16,"ARI incidence",2026-09-13,1,"EE","quantile","0.3",135.793434574572
2026-09-16,"ARI incidence",2026-09-13,1,"EE","quantile","0.35",140.979434203326
2026-09-16,"ARI incidence",2026-09-13,1,"EE","quantile","0.4",146.083456223029
2026-09-16,"ARI incidence",2026-09-13,1,"EE","quantile","0.45",151.19746678625
2026-09-16,"ARI incidence",2026-09-13,1,"EE","quantile","0.5",156.405157959705
2026-09-16,"ARI incidence",2026-09-13,1,"EE","quantile","0.55",161.792217530889
2026-09-16,"ARI incidence",2026-09-13,1,"EE","quantile","0.6",167.456151907118
2026-09-16,"ARI incidence",2026-09-13,1,"EE","quantile","0.65",173.518737499823
2026-09-16,"ARI incidence",2026-09-13,1,"EE","quantile","0.7",180.145479883024
2026-09-16,"ARI incidence",2026-09-13,1,"EE","quantile","0.75",187.58098037346
2026-09-16,"ARI incidence",2026-09-13,1,"EE","quantile","0.8",196.222472003854
2026-09-16,"ARI incidence",2026-09-13,1,"EE","quantile","0.85",206.798908945524
2026-09-16,"ARI incidence",2026-09-13,1,"EE","quantile","0.9",220.920094759087
2026-09-16,"ARI incidence",2026-09-13,1,"EE","quantile","0.95",243.64283440072
2026-09-16,"ARI incidence",2026-09-13,1,"EE","quantile","0.975",265.235733668435
2026-09-16,"ARI incidence",2026-09-13,1,"EE","quantile","0.99",292.759591416221
2026-09-16,"ARI incidence",2026-09-20,2,"EE","quantile","0.01",53.7844569966545
2026-09-16,"ARI incidence",2026-09-20,2,"EE","quantile","0.025",63.6675481688925
2026-09-16,"ARI incidence",2026-09-20,2,"EE","quantile","0.05",73.6083219422112
2026-09-16,"ARI incidence",2026-09-20,2,"EE","quantile","0.1",87.0105709834815
2026-09-16,"ARI incidence",2026-09-20,2,"EE","quantile","0.15",97.4059135034215
2026-09-16,"ARI incidence",2026-09-20,2,"EE","quantile","0.2",106.54658754156
2026-09-16,"ARI incidence",2026-09-20,2,"EE","quantile","0.25",115.069121616376
2026-09-16,"ARI incidence",2026-09-20,2,"EE","quantile","0.3",123.302056512319
2026-09-16,"ARI incidence",2026-09-20,2,"EE","quantile","0.35",131.456016582738
2026-09-16,"ARI incidence",2026-09-20,2,"EE","quantile","0.4",139.691370710549
2026-09-16,"ARI incidence",2026-09-20,2,"EE","quantile","0.45",148.149895326529
2026-09-16,"ARI incidence",2026-09-20,2,"EE","quantile","0.5",156.974215944736
2026-09-16,"ARI incidence",2026-09-20,2,"EE","quantile","0.55",166.324143646237
2026-09-16,"ARI incidence",2026-09-20,2,"EE","quantile","0.6",176.395323104979
2026-09-16,"ARI incidence",2026-09-20,2,"EE","quantile","0.65",187.445999901843
2026-09-16,"ARI incidence",2026-09-20,2,"EE","quantile","0.7",199.841796385632
2026-09-16,"ARI incidence",2026-09-20,2,"EE","quantile","0.75",214.140024059747
2026-09-16,"ARI incidence",2026-09-20,2,"EE","quantile","0.8",231.268828406663
2026-09-16,"ARI incidence",2026-09-20,2,"EE","quantile","0.85",252.971340088085
2026-09-16,"ARI incidence",2026-09-20,2,"EE","quantile","0.9",283.194377337698
2026-09-16,"ARI incidence",2026-09-20,2,"EE","quantile","0.95",334.757046775361
2026-09-16,"ARI incidence",2026-09-20,2,"EE","quantile","0.975",387.024554583115
2026-09-16,"ARI incidence",2026-09-20,2,"EE","quantile","0.99",458.141735501715
2026-09-16,"ARI incidence",2026-09-27,3,"EE","quantile","0.01",60.2314009251246
2026-09-16,"ARI incidence",2026-09-27,3,"EE","quantile","0.025",70.1229551655894
2026-09-16,"ARI incidence",2026-09-27,3,"EE","quantile","0.05",79.9200753039129
2026-09-16,"ARI incidence",2026-09-27,3,"EE","quantile","0.1",92.926089042901
2026-09-16,"ARI incidence",2026-09-27,3,"EE","quantile","0.15",102.876907843928
2026-09-16,"ARI incidence",2026-09-27,3,"EE","quantile","0.2",111.54008180018
2026-09-16,"ARI incidence",2026-09-27,3,"EE","quantile","0.25",119.551446318067
2026-09-16,"ARI incidence",2026-09-27,3,"EE","quantile","0.3",127.235120682074
2026-09-16,"ARI incidence",2026-09-27,3,"EE","quantile","0.35",134.795338787079
2026-09-16,"ARI incidence",2026-09-27,3,"EE","quantile","0.4",142.38421015038
2026-09-16,"ARI incidence",2026-09-27,3,"EE","quantile","0.45",150.13293867015
2026-09-16,"ARI incidence",2026-09-27,3,"EE","quantile","0.5",158.170417069204
2026-09-16,"ARI incidence",2026-09-27,3,"EE","quantile","0.55",166.638187845051
2026-09-16,"ARI incidence",2026-09-27,3,"EE","quantile","0.6",175.70684845899
2026-09-16,"ARI incidence",2026-09-27,3,"EE","quantile","0.65",185.599005581075
2026-09-16,"ARI incidence",2026-09-27,3,"EE","quantile","0.7",196.627163174222
2026-09-16,"ARI incidence",2026-09-27,3,"EE","quantile","0.75",209.264560206873
2026-09-16,"ARI incidence",2026-09-27,3,"EE","quantile","0.8",224.294983758974
2026-09-16,"ARI incidence",2026-09-27,3,"EE","quantile","0.85",243.182667132646
2026-09-16,"ARI incidence",2026-09-27,3,"EE","quantile","0.9",269.223434382308
2026-09-16,"ARI incidence",2026-09-27,3,"EE","quantile","0.95",313.03625203943
2026-09-16,"ARI incidence",2026-09-27,3,"EE","quantile","0.975",356.771627447365
2026-09-16,"ARI incidence",2026-09-27,3,"EE","quantile","0.99",415.362758487826
2026-09-16,"ARI incidence",2026-10-04,4,"EE","quantile","0.01",35.1913633797562
2026-09-16,"ARI incidence",2026-10-04,4,"EE","quantile","0.025",45.1025489353191
2026-09-16,"ARI incidence",2026-10-04,4,"EE","quantile","0.05",55.8322238110202
2026-09-16,"ARI incidence",2026-10-04,4,"EE","quantile","0.1",71.4074390375384
2026-09-16,"ARI incidence",2026-10-04,4,"EE","quantile","0.15",84.302489872035
2026-09-16,"ARI incidence",2026-10-04,4,"EE","quantile","0.2",96.1924014789231
2026-09-16,"ARI incidence",2026-10-04,4,"EE","quantile","0.25",107.720752522308
2026-09-16,"ARI incidence",2026-10-04,4,"EE","quantile","0.3",119.246414923874
2026-09-16,"ARI incidence",2026-10-04,4,"EE","quantile","0.35",131.024688255701
2026-09-16,"ARI incidence",2026-10-04,4,"EE","quantile","0.4",143.275073743395
2026-09-16,"ARI incidence",2026-10-04,4,"EE","quantile","0.45",156.216544335451
2026-09-16,"ARI incidence",2026-10-04,4,"EE","quantile","0.5",170.093598874966
2026-09-16,"ARI incidence",2026-10-04,4,"EE","quantile","0.55",185.203382274998
2026-09-16,"ARI incidence",2026-10-04,4,"EE","quantile","0.6",201.932071101596
2026-09-16,"ARI incidence",2026-10-04,4,"EE","quantile","0.65",220.812068041528
2026-09-16,"ARI incidence",2026-10-04,4,"EE","quantile","0.7",242.622240649394
2026-09-16,"ARI incidence",2026-10-04,4,"EE","quantile","0.75",268.58178856712
2026-09-16,"ARI incidence",2026-10-04,4,"EE","quantile","0.8",300.770455185871
2026-09-16,"ARI incidence",2026-10-04,4,"EE","quantile","0.85",343.19072215013
2026-09-16,"ARI incidence",2026-10-04,4,"EE","quantile","0.9",405.165522923017
2026-09-16,"ARI incidence",2026-10-04,4,"EE","quantile","0.95",518.192369986293
2026-09-16,"ARI incidence",2026-10-04,4,"EE","quantile","0.975",641.467789763466
2026-09-16,"ARI incidence",2026-10-04,4,"EE","quantile","0.99",822.128772506744
2026-09-16,"ARI incidence",2026-09-13,1,"ES","quantile","0.01",225.411092337329
2026-09-16,"ARI incidence",2026-09-13,1,"ES","quantile","0.025",230.960854717175
2026-09-16,"ARI incidence",2026-09-13,1,"ES","quantile","0.05",235.843125705883
2026-09-16,"ARI incidence",2026-09-13,1,"ES","quantile","0.1",241.600297851443
2026-09-16,"ARI incidence",2026-09-13,1,"ES","quantile","0.15",245.563823914291
2026-09-16,"ARI incidence",2026-09-13,1,"ES","quantile","0.2",248.760232096106
2026-09-16,"ARI incidence",2026-09-13,1,"ES","quantile","0.25",251.535604012658
2026-09-16,"ARI incidence",2026-09-13,1,"ES","quantile","0.3",254.05435297953
2026-09-16,"ARI incidence",2026-09-13,1,"ES","quantile","0.35",256.410858055165
2026-09-16,"ARI incidence",2026-09-13,1,"ES","quantile","0.4",258.66715892154
2026-09-16,"ARI incidence",2026-09-13,1,"ES","quantile","0.45",260.869051682373
2026-09-16,"ARI incidence",2026-09-13,1,"ES","quantile","0.5",263.054333557452
2026-09-16,"ARI incidence",2026-09-13,1,"ES","quantile","0.55",265.257921386583
2026-09-16,"ARI incidence",2026-09-13,1,"ES","quantile","0.6",267.51591772168
2026-09-16,"ARI incidence",2026-09-13,1,"ES","quantile","0.65",269.869938146177
2026-09-16,"ARI incidence",2026-09-13,1,"ES","quantile","0.7",272.373142171395
2026-09-16,"ARI incidence",2026-09-13,1,"ES","quantile","0.75",275.10054759434
2026-09-16,"ARI incidence",2026-09-13,1,"ES","quantile","0.8",278.16979354088
2026-09-16,"ARI incidence",2026-09-13,1,"ES","quantile","0.85",281.790620867296
2026-09-16,"ARI incidence",2026-09-13,1,"ES","quantile","0.9",286.41348135218
2026-09-16,"ARI incidence",2026-09-13,1,"ES","quantile","0.95",293.405127651043
2026-09-16,"ARI incidence",2026-09-13,1,"ES","quantile","0.975",299.607405281262
2026-09-16,"ARI incidence",2026-09-13,1,"ES","quantile","0.99",306.983927391651
2026-09-16,"ARI incidence",2026-09-20,2,"ES","quantile","0.01",152.787105292939
2026-09-16,"ARI incidence",2026-09-20,2,"ES","quantile","0.025",166.933203508807
2026-09-16,"ARI incidence",2026-09-20,2,"ES","quantile","0.05",180.142850559601
2026-09-16,"ARI incidence",2026-09-20,2,"ES","quantile","0.1",196.675192442952
2026-09-16,"ARI incidence",2026-09-20,2,"ES","quantile","0.15",208.678370274907
2026-09-16,"ARI incidence",2026-09-20,2,"ES","quantile","0.2",218.738443757478
2026-09-16,"ARI incidence",2026-09-20,2,"ES","quantile","0.25",227.754731534595
2026-09-16,"ARI incidence",2026-09-20,2,"ES","quantile","0.3",236.167932029856
2026-09-16,"ARI incidence",2026-09-20,2,"ES","quantile","0.35",244.241191302186
2026-09-16,"ARI incidence",2026-09-20,2,"ES","quantile","0.4",252.156964504267
2026-09-16,"ARI incidence",2026-09-20,2,"ES","quantile","0.45",260.059662340178
2026-09-16,"ARI incidence",2026-09-20,2,"ES","quantile","0.5",268.078840760753
2026-09-16,"ARI incidence",2026-09-20,2,"ES","quantile","0.55",276.345297909456
2026-09-16,"ARI incidence",2026-09-20,2,"ES","quantile","0.6",285.006067569524
2026-09-16,"ARI incidence",2026-09-20,2,"ES","quantile","0.65",294.24301642352
2026-09-16,"ARI incidence",2026-09-20,2,"ES","quantile","0.7",304.301537664071
2026-09-16,"ARI incidence",2026-09-20,2,"ES","quantile","0.75",315.54235725159
2026-09-16,"ARI incidence",2026-09-20,2,"ES","quantile","0.8",328.548853274779
2026-09-16,"ARI incidence",2026-09-20,2,"ES","quantile","0.85",344.387704240524
2026-09-16,"ARI incidence",2026-09-20,2,"ES","quantile","0.9",365.405844890555
2026-09-16,"ARI incidence",2026-09-20,2,"ES","quantile","0.95",398.940422228147
2026-09-16,"ARI incidence",2026-09-20,2,"ES","quantile","0.975",430.509109949703
2026-09-16,"ARI incidence",2026-09-20,2,"ES","quantile","0.99",470.368652680733
2026-09-16,"ARI incidence",2026-09-27,3,"ES","quantile","0.01",126.260961327457
2026-09-16,"ARI incidence",2026-09-27,3,"ES","quantile","0.025",142.095746189336
2026-09-16,"ARI incidence",2026-09-27,3,"ES","quantile","0.05",157.294021162521
2026-09-16,"ARI incidence",2026-09-27,3,"ES","quantile","0.1",176.84492090597
2026-09-16,"ARI incidence",2026-09-27,3,"ES","quantile","0.15",191.390924048074
2026-09-16,"ARI incidence",2026-09-27,3,"ES","quantile","0.2",203.800262945864
2026-09-16,"ARI incidence",2026-09-27,3,"ES","quantile","0.25",215.085665961929
2026-09-16,"ARI incidence",2026-09-27,3,"ES","quantile","0.3",225.751910361958
2026-09-16,"ARI incidence",2026-09-27,3,"ES","quantile","0.35",236.10738152658
2026-09-16,"ARI incidence",2026-09-27,3,"ES","quantile","0.4",246.372599672067
2026-09-16,"ARI incidence",2026-09-27,3,"ES","quantile","0.45",256.728905301985
2026-09-16,"ARI incidence",2026-09-27,3,"ES","quantile","0.5",267.345952656305
2026-09-16,"ARI incidence",2026-09-27,3,"ES","quantile","0.55",278.402068974797
2026-09-16,"ARI incidence",2026-09-27,3,"ES","quantile","0.6",290.104737689346
2026-09-16,"ARI incidence",2026-09-27,3,"ES","quantile","0.65",302.717593747322
2026-09-16,"ARI incidence",2026-09-27,3,"ES","quantile","0.7",316.603559576131
2026-09-16,"ARI incidence",2026-09-27,3,"ES","quantile","0.75",332.30414533695
2026-09-16,"ARI incidence",2026-09-27,3,"ES","quantile","0.8",350.705427797672
2026-09-16,"ARI incidence",2026-09-27,3,"ES","quantile","0.85",373.444345687753
2026-09-16,"ARI incidence",2026-09-27,3,"ES","quantile","0.9",404.16121670642
2026-09-16,"ARI incidence",2026-09-27,3,"ES","quantile","0.95",454.396536330254
2026-09-16,"ARI incidence",2026-09-27,3,"ES","quantile","0.975",502.997875154346
2026-09-16,"ARI incidence",2026-09-27,3,"ES","quantile","0.99",566.080423040187
2026-09-16,"ARI incidence",2026-10-04,4,"ES","quantile","0.01",142.536267250426
2026-09-16,"ARI incidence",2026-10-04,4,"ES","quantile","0.025",158.467502542898
2026-09-16,"ARI incidence",2026-10-04,4,"ES","quantile","0.05",173.586324562852
2026-09-16,"ARI incidence",2026-10-04,4,"ES","quantile","0.1",192.816096913336
2026-09-16,"ARI incidence",2026-10-04,4,"ES","quantile","0.15",206.979881387196
2026-09-16,"ARI incidence",2026-10-04,4,"ES","quantile","0.2",218.975211106026
2026-09-16,"ARI incidence",2026-10-04,4,"ES","quantile","0.25",229.818669834236
2026-09-16,"ARI incidence",2026-10-04,4,"ES","quantile","0.3",240.013291252668
2026-09-16,"ARI incidence",2026-10-04,4,"ES","quantile","0.35",249.86338159838
2026-09-16,"ARI incidence",2026-10-04,4,"ES","quantile","0.4",259.583684692686
2026-09-16,"ARI incidence",2026-10-04,4,"ES","quantile","0.45",269.347955730551
2026-09-16,"ARI incidence",2026-10-04,4,"ES","quantile","0.5",279.315942969926
2026-09-16,"ARI incidence",2026-10-04,4,"ES","quantile","0.55",289.652823930195
2026-09-16,"ARI incidence",2026-10-04,4,"ES","quantile","0.6",300.548149201063
2026-09-16,"ARI incidence",2026-10-04,4,"ES","quantile","0.65",312.240215025109
2026-09-16,"ARI incidence",2026-10-04,4,"ES","quantile","0.7",325.054481733048
2026-09-16,"ARI incidence",2026-10-04,4,"ES","quantile","0.75",339.473707916992
2026-09-16,"ARI incidence",2026-10-04,4,"ES","quantile","0.8",356.284145603146
2026-09-16,"ARI incidence",2026-10-04,4,"ES","quantile","0.85",376.932267398649
2026-09-16,"ARI incidence",2026-10-04,4,"ES","quantile","0.9",404.620761679691
2026-09-16,"ARI incidence",2026-10-04,4,"ES","quantile","0.95",449.444368349021
2026-09-16,"ARI incidence",2026-10-04,4,"ES","quantile","0.975",492.32426046507
2026-09-16,"ARI incidence",2026-10-04,4,"ES","quantile","0.99",547.351193504372
2026-09-16,"ARI incidence",2026-08-30,-1,"FI","quantile","0.01",1327.47625523513
2026-09-16,"ARI incidence",2026-08-30,-1,"FI","quantile","0.025",1381.72945522497
2026-09-16,"ARI incidence",2026-08-30,-1,"FI","quantile","0.05",1430.16041854404
2026-09-16,"ARI incidence",2026-08-30,-1,"FI","quantile","0.1",1488.10878456898
2026-09-16,"ARI incidence",2026-08-30,-1,"FI","quantile","0.15",1528.5270322808
2026-09-16,"ARI incidence",2026-08-30,-1,"FI","quantile","0.2",1561.43169058269
2026-09-16,"ARI incidence",2026-08-30,-1,"FI","quantile","0.25",1590.22490470803
2026-09-16,"ARI incidence",2026-08-30,-1,"FI","quantile","0.3",1616.53432212083
2026-09-16,"ARI incidence",2026-08-30,-1,"FI","quantile","0.35",1641.30231612856
2026-09-16,"ARI incidence",2026-08-30,-1,"FI","quantile","0.4",1665.15552503163
2026-09-16,"ARI incidence",2026-08-30,-1,"FI","quantile","0.45",1688.56367924668
2026-09-16,"ARI incidence",2026-08-30,-1,"FI","quantile","0.5",1711.92196119854
2026-09-16,"ARI incidence",2026-08-30,-1,"FI","quantile","0.55",1735.60336352925
2026-09-16,"ARI incidence",2026-08-30,-1,"FI","quantile","0.6",1760.00184798245
2026-09-16,"ARI incidence",2026-08-30,-1,"FI","quantile","0.65",1785.58012892264
2026-09-16,"ARI incidence",2026-08-30,-1,"FI","quantile","0.7",1812.9381858029
2026-09-16,"ARI incidence",2026-08-30,-1,"FI","quantile","0.75",1842.93227489852
2026-09-16,"ARI incidence",2026-08-30,-1,"FI","quantile","0.8",1876.91643439118
2026-09-16,"ARI incidence",2026-08-30,-1,"FI","quantile","0.85",1917.32088431622
2026-09-16,"ARI incidence",2026-08-30,-1,"FI","quantile","0.9",1969.39688255567
2026-09-16,"ARI incidence",2026-08-30,-1,"FI","quantile","0.95",2049.19445625365
2026-09-16,"ARI incidence",2026-08-30,-1,"FI","quantile","0.975",2121.02071802232
2026-09-16,"ARI incidence",2026-08-30,-1,"FI","quantile","0.99",2207.70562914119
2026-09-16,"ARI incidence",2026-09-06,0,"FI","quantile","0.01",1518.20699878585
2026-09-16,"ARI incidence",2026-09-06,0,"FI","quantile","0.025",1581.7480555776
2026-09-16,"ARI incidence",2026-09-06,0,"FI","quantile","0.05",1638.51992484894
2026-09-16,"ARI incidence",2026-09-06,0,"FI","quantile","0.1",1706.50776839929
2026-09-16,"ARI incidence",2026-09-06,0,"FI","quantile","0.15",1753.96553439023
2026-09-16,"ARI incidence",2026-09-06,0,"FI","quantile","0.2",1792.62298027618
2026-09-16,"ARI incidence",2026-09-06,0,"FI","quantile","0.25",1826.4659420237
2026-09-16,"ARI incidence",2026-09-06,0,"FI","quantile","0.3",1857.40213814111
2026-09-16,"ARI incidence",2026-09-06,0,"FI","quantile","0.35",1886.53668747958
2026-09-16,"ARI incidence",2026-09-06,0,"FI","quantile","0.4",1914.6049769874
2026-09-16,"ARI incidence",2026-09-06,0,"FI","quantile","0.45",1942.15878338512
2026-09-16,"ARI incidence",2026-09-06,0,"FI","quantile","0.5",1969.66286194752
2026-09-16,"ARI incidence",2026-09-06,0,"FI","quantile","0.55",1997.55644230762
2026-09-16,"ARI incidence",2026-09-06,0,"FI","quantile","0.6",2026.30403470471
2026-09-16,"ARI incidence",2026-09-06,0,"FI","quantile","0.65",2056.45181219265
2026-09-16,"ARI incidence",2026-09-06,0,"FI","quantile","0.7",2088.70858392463
2026-09-16,"ARI incidence",2026-09-06,0,"FI","quantile","0.75",2124.08657641695
2026-09-16,"ARI incidence",2026-09-06,0,"FI","quantile","0.8",2164.18724540594
2026-09-16,"ARI incidence",2026-09-06,0,"FI","quantile","0.85",2211.88598844619
2026-09-16,"ARI incidence",2026-09-06,0,"FI","quantile","0.9",2273.39825905061
2026-09-16,"ARI incidence",2026-09-06,0,"FI","quantile","0.95",2367.72939461994
2026-09-16,"ARI incidence",2026-09-06,0,"FI","quantile","0.975",2452.7115908599
2026-09-16,"ARI incidence",2026-09-06,0,"FI","quantile","0.99",2555.36418475075
2026-09-16,"ARI incidence",2026-09-13,1,"FI","quantile","0.01",1669.44242951594
2026-09-16,"ARI incidence",2026-09-13,1,"FI","quantile","0.025",1751.0800955797
2026-09-16,"ARI incidence",2026-09-13,1,"FI","quantile","0.05",1824.47904948027
2026-09-16,"ARI incidence",2026-09-13,1,"FI","quantile","0.1",1912.9298182837
2026-09-16,"ARI incidence",2026-09-13,1,"FI","quantile","0.15",1975.01717495583
2026-09-16,"ARI incidence",2026-09-13,1,"FI","quantile","0.2",2025.79630727218
2026-09-16,"ARI incidence",2026-09-13,1,"FI","quantile","0.25",2070.39951081588
2026-09-16,"ARI incidence",2026-09-13,1,"FI","quantile","0.3",2111.29089619645
2026-09-16,"ARI incidence",2026-09-13,1,"FI","quantile","0.35",2149.90344958034
2026-09-16,"ARI incidence",2026-09-13,1,"FI","quantile","0.4",2187.19575024742
2026-09-16,"ARI incidence",2026-09-13,1,"FI","quantile","0.45",2223.89205866681
2026-09-16,"ARI incidence",2026-09-13,1,"FI","quantile","0.5",2260.60762607075
2026-09-16,"ARI incidence",2026-09-13,1,"FI","quantile","0.55",2297.92935279098
2026-09-16,"ARI incidence",2026-09-13,1,"FI","quantile","0.6",2336.48352620981
2026-09-16,"ARI incidence",2026-09-13,1,"FI","quantile","0.65",2377.01225143239
2026-09-16,"ARI incidence",2026-09-13,1,"FI","quantile","0.7",2420.48447623
2026-09-16,"ARI incidence",2026-09-13,1,"FI","quantile","0.75",2468.29020792967
2026-09-16,"ARI incidence",2026-09-13,1,"FI","quantile","0.8",2522.63607190129
2026-09-16,"ARI incidence",2026-09-13,1,"FI","quantile","0.85",2587.49488553865
2026-09-16,"ARI incidence",2026-09-13,1,"FI","quantile","0.9",2671.47638674705
2026-09-16,"ARI incidence",2026-09-13,1,"FI","quantile","0.95",2800.98959782792
2026-09-16,"ARI incidence",2026-09-13,1,"FI","quantile","0.975",2918.39696650622
2026-09-16,"ARI incidence",2026-09-13,1,"FI","quantile","0.99",3061.1099542564
2026-09-16,"ARI incidence",2026-09-20,2,"FI","quantile","0.01",1714.54538324751
2026-09-16,"ARI incidence",2026-09-20,2,"FI","quantile","0.025",1810.73170112607
2026-09-16,"ARI incidence",2026-09-20,2,"FI","quantile","0.05",1897.76230396532
2026-09-16,"ARI incidence",2026-09-20,2,"FI","quantile","0.1",2003.30714816001
2026-09-16,"ARI incidence",2026-09-20,2,"FI","quantile","0.15",2077.81435155307
2026-09-16,"ARI incidence",2026-09-20,2,"FI","quantile","0.2",2139.00171025184
2026-09-16,"ARI incidence",2026-09-20,2,"FI","quantile","0.25",2192.92902741205
2026-09-16,"ARI incidence",2026-09-20,2,"FI","quantile","0.3",2242.51513897323
2026-09-16,"ARI incidence",2026-09-20,2,"FI","quantile","0.35",2289.46439435649
2026-09-16,"ARI incidence",2026-09-20,2,"FI","quantile","0.4",2334.92319792264
2026-09-16,"ARI incidence",2026-09-20,2,"FI","quantile","0.45",2379.76403634854
2026-09-16,"ARI incidence",2026-09-20,2,"FI","quantile","0.5",2424.73462606338
2026-09-16,"ARI incidence",2026-09-20,2,"FI","quantile","0.55",2470.5550285783
2026-09-16,"ARI incidence",2026-09-20,2,"FI","quantile","0.6",2518.00059721943
2026-09-16,"ARI incidence",2026-09-20,2,"FI","quantile","0.65",2567.99713562841
2026-09-16,"ARI incidence",2026-09-20,2,"FI","quantile","0.7",2621.76067606065
2026-09-16,"ARI incidence",2026-09-20,2,"FI","quantile","0.75",2681.04345071719
2026-09-16,"ARI incidence",2026-09-20,2,"FI","quantile","0.8",2748.63642167845
2026-09-16,"ARI incidence",2026-09-20,2,"FI","quantile","0.85",2829.57811049682
2026-09-16,"ARI incidence",2026-09-20,2,"FI","quantile","0.9",2934.81606763633
2026-09-16,"ARI incidence",2026-09-20,2,"FI","quantile","0.95",3098.03709060192
2026-09-16,"ARI incidence",2026-09-20,2,"FI","quantile","0.975",3246.94045129624
2026-09-16,"ARI incidence",2026-09-20,2,"FI","quantile","0.99",3429.09442017492
2026-09-16,"ARI incidence",2026-09-27,3,"FI","quantile","0.01",1730.57887070736
2026-09-16,"ARI incidence",2026-09-27,3,"FI","quantile","0.025",1822.36813058459
2026-09-16,"ARI incidence",2026-09-27,3,"FI","quantile","0.05",1905.19663150358
2026-09-16,"ARI incidence",2026-09-27,3,"FI","quantile","0.1",2005.37560175051
2026-09-16,"ARI incidence",2026-09-27,3,"FI","quantile","0.15",2075.92515569045
2026-09-16,"ARI incidence",2026-09-27,3,"FI","quantile","0.2",2133.76164577499
2026-09-16,"ARI incidence",2026-09-27,3,"FI","quantile","0.25",2184.66271315891
2026-09-16,"ARI incidence",2026-09-27,3,"FI","quantile","0.3",2231.40744939506
2026-09-16,"ARI incidence",2026-09-27,3,"FI","quantile","0.35",2275.61577973903
2026-09-16,"ARI incidence",2026-09-27,3,"FI","quantile","0.4",2318.3747519127
2026-09-16,"ARI incidence",2026-09-27,3,"FI","quantile","0.45",2360.50911148536
2026-09-16,"ARI incidence",2026-09-27,3,"FI","quantile","0.5",2402.72301415489
2026-09-16,"ARI incidence",2026-09-27,3,"FI","quantile","0.55",2445.6918444669
2026-09-16,"ARI incidence",2026-09-27,3,"FI","quantile","0.6",2490.14007678728
2026-09-16,"ARI incidence",2026-09-27,3,"FI","quantile","0.65",2536.92997480078
2026-09-16,"ARI incidence",2026-09-27,3,"FI","quantile","0.7",2587.1912744195
2026-09-16,"ARI incidence",2026-09-27,3,"FI","quantile","0.75",2642.54882365892
2026-09-16,"ARI incidence",2026-09-27,3,"FI","quantile","0.8",2705.58705288414
2026-09-16,"ARI incidence",2026-09-27,3,"FI","quantile","0.85",2780.9662920287
2026-09-16,"ARI incidence",2026-09-27,3,"FI","quantile","0.9",2878.80129672976
2026-09-16,"ARI incidence",2026-09-27,3,"FI","quantile","0.95",3030.17430709682
2026-09-16,"ARI incidence",2026-09-27,3,"FI","quantile","0.975",3167.89883770502
2026-09-16,"ARI incidence",2026-09-27,3,"FI","quantile","0.99",3335.92301423966
2026-09-16,"ARI incidence",2026-10-04,4,"FI","quantile","0.01",1766.57555286564
2026-09-16,"ARI incidence",2026-10-04,4,"FI","quantile","0.025",1851.4360357218
2026-09-16,"ARI incidence",2026-10-04,4,"FI","quantile","0.05",1927.6741495597
2026-09-16,"ARI incidence",2026-10-04,4,"FI","quantile","0.1",2019.47612650784
2026-09-16,"ARI incidence",2026-10-04,4,"FI","quantile","0.15",2083.87185241619
2026-09-16,"ARI incidence",2026-10-04,4,"FI","quantile","0.2",2136.51288609306
2026-09-16,"ARI incidence",2026-10-04,4,"FI","quantile","0.25",2182.73272488351
2026-09-16,"ARI incidence",2026-10-04,4,"FI","quantile","0.3",2225.09109542505
2026-09-16,"ARI incidence",2026-10-04,4,"FI","quantile","0.35",2265.07587193348
2026-09-16,"ARI incidence",2026-10-04,4,"FI","quantile","0.4",2303.68170227956
2026-09-16,"ARI incidence",2026-10-04,4,"FI","quantile","0.45",2341.65945189846
2026-09-16,"ARI incidence",2026-10-04,4,"FI","quantile","0.5",2379.64630356206
2026-09-16,"ARI incidence",2026-10-04,4,"FI","quantile","0.55",2418.24938526634
2026-09-16,"ARI incidence",2026-10-04,4,"FI","quantile","0.6",2458.11586056057
2026-09-16,"ARI incidence",2026-10-04,4,"FI","quantile","0.65",2500.01185400595
2026-09-16,"ARI incidence",2026-10-04,4,"FI","quantile","0.7",2544.93694289619
2026-09-16,"ARI incidence",2026-10-04,4,"FI","quantile","0.75",2594.324291518
2026-09-16,"ARI incidence",2026-10-04,4,"FI","quantile","0.8",2650.44810490786
2026-09-16,"ARI incidence",2026-10-04,4,"FI","quantile","0.85",2717.40151559263
2026-09-16,"ARI incidence",2026-10-04,4,"FI","quantile","0.9",2804.05222707375
2026-09-16,"ARI incidence",2026-10-04,4,"FI","quantile","0.95",2937.59011674768
2026-09-16,"ARI incidence",2026-10-04,4,"FI","quantile","0.975",3058.55369604973
2026-09-16,"ARI incidence",2026-10-04,4,"FI","quantile","0.99",3205.47656219449
2026-09-16,"ARI incidence",2026-08-30,-1,"GB-ENG","quantile","0.01",117.451313490547
2026-09-16,"ARI incidence",2026-08-30,-1,"GB-ENG","quantile","0.025",130.092393482866
2026-09-16,"ARI incidence",2026-08-30,-1,"GB-ENG","quantile","0.05",142.047376023283
2026-09-16,"ARI incidence",2026-08-30,-1,"GB-ENG","quantile","0.1",157.20046362347
2026-09-16,"ARI incidence",2026-08-30,-1,"GB-ENG","quantile","0.15",168.327206879957
2026-09-16,"ARI incidence",2026-08-30,-1,"GB-ENG","quantile","0.2",177.729422029202
2026-09-16,"ARI incidence",2026-08-30,-1,"GB-ENG","quantile","0.25",186.213141378217
2026-09-16,"ARI incidence",2026-08-30,-1,"GB-ENG","quantile","0.3",194.176356936796
2026-09-16,"ARI incidence",2026-08-30,-1,"GB-ENG","quantile","0.35",201.859135291425
2026-09-16,"ARI incidence",2026-08-30,-1,"GB-ENG","quantile","0.4",209.43022787714
2026-09-16,"ARI incidence",2026-08-30,-1,"GB-ENG","quantile","0.45",217.025517758213
2026-09-16,"ARI incidence",2026-08-30,-1,"GB-ENG","quantile","0.5",224.769274062037
2026-09-16,"ARI incidence",2026-08-30,-1,"GB-ENG","quantile","0.55",232.789337789579
2026-09-16,"ARI incidence",2026-08-30,-1,"GB-ENG","quantile","0.6",241.23177955005
2026-09-16,"ARI incidence",2026-08-30,-1,"GB-ENG","quantile","0.65",250.279614491745
2026-09-16,"ARI incidence",2026-08-30,-1,"GB-ENG","quantile","0.7",260.182173357076
2026-09-16,"ARI incidence",2026-08-30,-1,"GB-ENG","quantile","0.75",271.308599320397
2026-09-16,"ARI incidence",2026-08-30,-1,"GB-ENG","quantile","0.8",284.259218229349
2026-09-16,"ARI incidence",2026-08-30,-1,"GB-ENG","quantile","0.85",300.137021808984
2026-09-16,"ARI incidence",2026-08-30,-1,"GB-ENG","quantile","0.9",321.380900525743
2026-09-16,"ARI incidence",2026-08-30,-1,"GB-ENG","quantile","0.95",355.664623851227
2026-09-16,"ARI incidence",2026-08-30,-1,"GB-ENG","quantile","0.975",388.348812792262
2026-09-16,"ARI incidence",2026-08-30,-1,"GB-ENG","quantile","0.99",430.146118088677
2026-09-16,"ARI incidence",2026-09-06,0,"GB-ENG","quantile","0.01",220.356370573314
2026-09-16,"ARI incidence",2026-09-06,0,"GB-ENG","quantile","0.025",225.477622683784
2026-09-16,"ARI incidence",2026-09-06,0,"GB-ENG","quantile","0.05",229.977282097983
2026-09-16,"ARI incidence",2026-09-06,0,"GB-ENG","quantile","0.1",235.276659526005
2026-09-16,"ARI incidence",2026-09-06,0,"GB-ENG","quantile","0.15",238.920941979945
2026-09-16,"ARI incidence",2026-09-06,0,"GB-ENG","quantile","0.2",241.857518793746
2026-09-16,"ARI incidence",2026-09-06,0,"GB-ENG","quantile","0.25",244.40558861821
2026-09-16,"ARI incidence",2026-09-06,0,"GB-ENG","quantile","0.3",246.716704407024
2026-09-16,"ARI incidence",2026-09-06,0,"GB-ENG","quantile","0.35",248.877801444655
2026-09-16,"ARI incidence",2026-09-06,0,"GB-ENG","quantile","0.4",250.945972359424
2026-09-16,"ARI incidence",2026-09-06,0,"GB-ENG","quantile","0.45",252.963308183577
2026-09-16,"ARI incidence",2026-09-06,0,"GB-ENG","quantile","0.5",254.964492811873
2026-09-16,"ARI incidence",2026-09-06,0,"GB-ENG","quantile","0.55",256.981508747663
2026-09-16,"ARI incidence",2026-09-06,0,"GB-ENG","quantile","0.6",259.047363795534
2026-09-16,"ARI incidence",2026-09-06,0,"GB-ENG","quantile","0.65",261.200043625714
2026-09-16,"ARI incidence",2026-09-06,0,"GB-ENG","quantile","0.7",263.488006420392
2026-09-16,"ARI incidence",2026-09-06,0,"GB-ENG","quantile","0.75",265.979566843555
2026-09-16,"ARI incidence",2026-09-06,0,"GB-ENG","quantile","0.8",268.781772504055
2026-09-16,"ARI incidence",2026-09-06,0,"GB-ENG","quantile","0.85",272.085368725326
2026-09-16,"ARI incidence",2026-09-06,0,"GB-ENG","quantile","0.9",276.299794147793
2026-09-16,"ARI incidence",2026-09-06,0,"GB-ENG","quantile","0.95",282.666583419832
2026-09-16,"ARI incidence",2026-09-06,0,"GB-ENG","quantile","0.975",288.307512830146
2026-09-16,"ARI incidence",2026-09-06,0,"GB-ENG","quantile","0.99",295.008001927439
2026-09-16,"ARI incidence",2026-09-13,1,"GB-ENG","quantile","0.01",263.721251214395
2026-09-16,"ARI incidence",2026-09-13,1,"GB-ENG","quantile","0.025",264.917290693041
2026-09-16,"ARI incidence",2026-09-13,1,"GB-ENG","quantile","0.05",265.95028849501
2026-09-16,"ARI incidence",2026-09-13,1,"GB-ENG","quantile","0.1",267.146268930526
2026-09-16,"ARI incidence",2026-09-13,1,"GB-ENG","quantile","0.15",267.9562282862
2026-09-16,"ARI incidence",2026-09-13,1,"GB-ENG","quantile","0.2",268.601709386971
2026-09-16,"ARI incidence",2026-09-13,1,"GB-ENG","quantile","0.25",269.156713752328
2026-09-16,"ARI incidence",2026-09-13,1,"GB-ENG","quantile","0.3",269.656102103519
2026-09-16,"ARI incidence",2026-09-13,1,"GB-ENG","quantile","0.35",270.119686899927
2026-09-16,"ARI incidence",2026-09-13,1,"GB-ENG","quantile","0.4",270.560320451846
2026-09-16,"ARI incidence",2026-09-13,1,"GB-ENG","quantile","0.45",270.987322636521
2026-09-16,"ARI incidence",2026-09-13,1,"GB-ENG","quantile","0.5",271.408212816408
2026-09-16,"ARI incidence",2026-09-13,1,"GB-ENG","quantile","0.55",271.829756711539
2026-09-16,"ARI incidence",2026-09-13,1,"GB-ENG","quantile","0.6",272.258762338756
2026-09-16,"ARI incidence",2026-09-13,1,"GB-ENG","quantile","0.65",272.70288526392
2026-09-16,"ARI incidence",2026-09-13,1,"GB-ENG","quantile","0.7",273.171707999838
2026-09-16,"ARI incidence",2026-09-13,1,"GB-ENG","quantile","0.75",273.678545696539
2026-09-16,"ARI incidence",2026-09-13,1,"GB-ENG","quantile","0.8",274.244040189902
2026-09-16,"ARI incidence",2026-09-13,1,"GB-ENG","quantile","0.85",274.90466803227
2026-09-16,"ARI incidence",2026-09-13,1,"GB-ENG","quantile","0.9",275.738150037025
2026-09-16,"ARI incidence",2026-09-13,1,"GB-ENG","quantile","0.95",276.978146559067
2026-09-16,"ARI incidence",2026-09-13,1,"GB-ENG","quantile","0.975",278.058173520841
2026-09-16,"ARI incidence",2026-09-13,1,"GB-ENG","quantile","0.99",279.319234399932
2026-09-16,"ARI incidence",2026-09-20,2,"GB-ENG","quantile","0.01",224.655159185246
2026-09-16,"ARI incidence",2026-09-20,2,"GB-ENG","quantile","0.025",233.512485783777
2026-09-16,"ARI incidence",2026-09-20,2,"GB-ENG","quantile","0.05",241.409093053377
2026-09-16,"ARI incidence",2026-09-20,2,"GB-ENG","quantile","0.1",250.845361705651
2026-09-16,"ARI incidence",2026-09-20,2,"GB-ENG","quantile","0.15",257.419477469989
2026-09-16,"ARI incidence",2026-09-20,2,"GB-ENG","quantile","0.2",262.767039477737
2026-09-16,"ARI incidence",2026-09-20,2,"GB-ENG","quantile","0.25",267.443218374157
2026-09-16,"ARI incidence",2026-09-20,2,"GB-ENG","quantile","0.3",271.713450030447
2026-09-16,"ARI incidence",2026-09-20,2,"GB-ENG","quantile","0.35",275.731296206736
2026-09-16,"ARI incidence",2026-09-20,2,"GB-ENG","quantile","0.4",279.598761532884
2026-09-16,"ARI incidence",2026-09-20,2,"GB-ENG","quantile","0.45",283.392202146933
2026-09-16,"ARI incidence",2026-09-20,2,"GB-ENG","quantile","0.5",287.175745373545
2026-09-16,"ARI incidence",2026-09-20,2,"GB-ENG","quantile","0.55",291.009802337794
2026-09-16,"ARI incidence",2026-09-20,2,"GB-ENG","quantile","0.6",294.958061611985
2026-09-16,"ARI incidence",2026-09-20,2,"GB-ENG","quantile","0.65",299.095205605596
2026-09-16,"ARI incidence",2026-09-20,2,"GB-ENG","quantile","0.7",303.517947755659
2026-09-16,"ARI incidence",2026-09-20,2,"GB-ENG","quantile","0.75",308.364180001284
2026-09-16,"ARI incidence",2026-09-20,2,"GB-ENG","quantile","0.8",313.851801560668
2026-09-16,"ARI incidence",2026-09-20,2,"GB-ENG","quantile","0.85",320.371673275833
2026-09-16,"ARI incidence",2026-09-20,2,"GB-ENG","quantile","0.9",328.767923672527
2026-09-16,"ARI incidence",2026-09-20,2,"GB-ENG","quantile","0.95",341.618899635302
2026-09-16,"ARI incidence",2026-09-20,2,"GB-ENG","quantile","0.975",353.171302399713
2026-09-16,"ARI incidence",2026-09-20,2,"GB-ENG","quantile","0.99",367.095547816233
2026-09-16,"ARI incidence",2026-09-27,3,"GB-ENG","quantile","0.01",187.130516277059
2026-09-16,"ARI incidence",2026-09-27,3,"GB-ENG","quantile","0.025",203.15334330593
2026-09-16,"ARI incidence",2026-09-27,3,"GB-ENG","quantile","0.05",218.026955449198
2026-09-16,"ARI incidence",2026-09-27,3,"GB-ENG","quantile","0.1",236.531743214167
2026-09-16,"ARI incidence",2026-09-27,3,"GB-ENG","quantile","0.15",249.896192578124
2026-09-16,"ARI incidence",2026-09-27,3,"GB-ENG","quantile","0.2",261.054343115001
2026-09-16,"ARI incidence",2026-09-27,3,"GB-ENG","quantile","0.25",271.02327879789
2026-09-16,"ARI incidence",2026-09-27,3,"GB-ENG","quantile","0.3",280.29971203312
2026-09-16,"ARI incidence",2026-09-27,3,"GB-ENG","quantile","0.35",289.1789032284
2026-09-16,"ARI incidence",2026-09-27,3,"GB-ENG","quantile","0.4",297.864327434272
2026-09-16,"ARI incidence",2026-09-27,3,"GB-ENG","quantile","0.45",306.515785558942
2026-09-16,"ARI incidence",2026-09-27,3,"GB-ENG","quantile","0.5",315.275377600911
2026-09-16,"ARI incidence",2026-09-27,3,"GB-ENG","quantile","0.55",324.285300804787
2026-09-16,"ARI incidence",2026-09-27,3,"GB-ENG","quantile","0.6",333.704155101725
2026-09-16,"ARI incidence",2026-09-27,3,"GB-ENG","quantile","0.65",343.726885369953
2026-09-16,"ARI incidence",2026-09-27,3,"GB-ENG","quantile","0.7",354.615290185002
2026-09-16,"ARI incidence",2026-09-27,3,"GB-ENG","quantile","0.75",366.752864042803
2026-09-16,"ARI incidence",2026-09-27,3,"GB-ENG","quantile","0.8",380.758130798879
2026-09-16,"ARI incidence",2026-09-27,3,"GB-ENG","quantile","0.85",397.759416403763
2026-09-16,"ARI incidence",2026-09-27,3,"GB-ENG","quantile","0.9",420.233505958635
2026-09-16,"ARI incidence",2026-09-27,3,"GB-ENG","quantile","0.95",455.90034276545
2026-09-16,"ARI incidence",2026-09-27,3,"GB-ENG","quantile","0.975",489.278503143865
2026-09-16,"ARI incidence",2026-09-27,3,"GB-ENG","quantile","0.99",531.172390793979
2026-09-16,"ARI incidence",2026-10-04,4,"GB-ENG","quantile","0.01",259.782100494452
2026-09-16,"ARI incidence",2026-10-04,4,"GB-ENG","quantile","0.025",270.267789194325
2026-09-16,"ARI incidence",2026-10-04,4,"GB-ENG","quantile","0.05",279.623967272289
2026-09-16,"ARI incidence",2026-10-04,4,"GB-ENG","quantile","0.1",290.813729857615
2026-09-16,"ARI incidence",2026-10-04,4,"GB-ENG","quantile","0.15",298.615302968384
2026-09-16,"ARI incidence",2026-10-04,4,"GB-ENG","quantile","0.2",304.964742784205
2026-09-16,"ARI incidence",2026-10-04,4,"GB-ENG","quantile","0.25",310.519485014323
2026-09-16,"ARI incidence",2026-10-04,4,"GB-ENG","quantile","0.3",315.593988992612
2026-09-16,"ARI incidence",2026-10-04,4,"GB-ENG","quantile","0.35",320.370270062218
2026-09-16,"ARI incidence",2026-10-04,4,"GB-ENG","quantile","0.4",324.969315961714
2026-09-16,"ARI incidence",2026-10-04,4,"GB-ENG","quantile","0.45",329.481774996728
2026-09-16,"ARI incidence",2026-10-04,4,"GB-ENG","quantile","0.5",333.983863050647
2026-09-16,"ARI incidence",2026-10-04,4,"GB-ENG","quantile","0.55",338.547468306377
2026-09-16,"ARI incidence",2026-10-04,4,"GB-ENG","quantile","0.6",343.248470853707
2026-09-16,"ARI incidence",2026-10-04,4,"GB-ENG","quantile","0.65",348.175942657135
2026-09-16,"ARI incidence",2026-10-04,4,"GB-ENG","quantile","0.7",353.445327442041
2026-09-16,"ARI incidence",2026-10-04,4,"GB-ENG","quantile","0.75",359.221324784461
2026-09-16,"ARI incidence",2026-10-04,4,"GB-ENG","quantile","0.8",365.764316753047
2026-09-16,"ARI incidence",2026-10-04,4,"GB-ENG","quantile","0.85",373.541542142746
2026-09-16,"ARI incidence",2026-10-04,4,"GB-ENG","quantile","0.9",383.56242957596
2026-09-16,"ARI incidence",2026-10-04,4,"GB-ENG","quantile","0.95",398.911516299367
2026-09-16,"ARI incidence",2026-10-04,4,"GB-ENG","quantile","0.975",412.721105651371
2026-09-16,"ARI incidence",2026-10-04,4,"GB-ENG","quantile","0.99",429.379932512385
2026-09-16,"ARI incidence",2026-08-30,-1,"GB-NIR","quantile","0.01",70.3619231876475
2026-09-16,"ARI incidence",2026-08-30,-1,"GB-NIR","quantile","0.025",75.3076391100277
2026-09-16,"ARI incidence",2026-08-30,-1,"GB-NIR","quantile","0.05",79.8383963675072
2026-09-16,"ARI incidence",2026-08-30,-1,"GB-NIR","quantile","0.1",85.4013993239237
2026-09-16,"ARI incidence",2026-08-30,-1,"GB-NIR","quantile","0.15",89.3721013907151
2026-09-16,"ARI incidence",2026-08-30,-1,"GB-NIR","quantile","0.2",92.6591469812981
2026-09-16,"ARI incidence",2026-08-30,-1,"GB-NIR","quantile","0.25",95.5753221761411
2026-09-16,"ARI incidence",2026-08-30,-1,"GB-NIR","quantile","0.3",98.2722720952126
2026-09-16,"ARI incidence",2026-08-30,-1,"GB-NIR","quantile","0.35",100.839285709994
2026-09-16,"ARI incidence",2026-08-30,-1,"GB-NIR","quantile","0.4",103.337105368598
2026-09-16,"ARI incidence",2026-08-30,-1,"GB-NIR","quantile","0.45",105.812648327049
2026-09-16,"ARI incidence",2026-08-30,-1,"GB-NIR","quantile","0.5",108.306836377938
2026-09-16,"ARI incidence",2026-08-30,-1,"GB-NIR","quantile","0.55",110.859816776732
2026-09-16,"ARI incidence",2026-08-30,-1,"GB-NIR","quantile","0.6",113.515573755968
2026-09-16,"ARI incidence",2026-08-30,-1,"GB-NIR","quantile","0.65",116.327388910043
2026-09-16,"ARI incidence",2026-08-30,-1,"GB-NIR","quantile","0.7",119.366028240726
2026-09-16,"ARI incidence",2026-08-30,-1,"GB-NIR","quantile","0.75",122.734305667093
2026-09-16,"ARI incidence",2026-08-30,-1,"GB-NIR","quantile","0.8",126.597008372687
2026-09-16,"ARI incidence",2026-08-30,-1,"GB-NIR","quantile","0.85",131.253160926751
2026-09-16,"ARI incidence",2026-08-30,-1,"GB-NIR","quantile","0.9",137.355721323776
2026-09-16,"ARI incidence",2026-08-30,-1,"GB-NIR","quantile","0.95",146.926433143783
2026-09-16,"ARI incidence",2026-08-30,-1,"GB-NIR","quantile","0.975",155.766014508287
2026-09-16,"ARI incidence",2026-08-30,-1,"GB-NIR","quantile","0.99",166.71475529334
2026-09-16,"ARI incidence",2026-09-06,0,"GB-NIR","quantile","0.01",52.2703365982888
2026-09-16,"ARI incidence",2026-09-06,0,"GB-NIR","quantile","0.025",57.6283413026641
2026-09-16,"ARI incidence",2026-09-06,0,"GB-NIR","quantile","0.05",62.6737910418519
2026-09-16,"ARI incidence",2026-09-06,0,"GB-NIR","quantile","0.1",69.0415134623631
2026-09-16,"ARI incidence",2026-09-06,0,"GB-NIR","quantile","0.15",73.6993952367527
2026-09-16,"ARI incidence",2026-09-06,0,"GB-NIR","quantile","0.2",77.6244405872883
2026-09-16,"ARI incidence",2026-09-06,0,"GB-NIR","quantile","0.25",81.1579612529727
2026-09-16,"ARI incidence",2026-09-06,0,"GB-NIR","quantile","0.3",84.4680448217969
2026-09-16,"ARI incidence",2026-09-06,0,"GB-NIR","quantile","0.35",87.6557248802274
2026-09-16,"ARI incidence",2026-09-06,0,"GB-NIR","quantile","0.4",90.7916849779115
2026-09-16,"ARI incidence",2026-09-06,0,"GB-NIR","quantile","0.45",93.932505191136
2026-09-16,"ARI incidence",2026-09-06,0,"GB-NIR","quantile","0.5",97.1295919363335
2026-09-16,"ARI incidence",2026-09-06,0,"GB-NIR","quantile","0.55",100.43549472594
2026-09-16,"ARI incidence",2026-09-06,0,"GB-NIR","quantile","0.6",103.909929989887
2026-09-16,"ARI incidence",2026-09-06,0,"GB-NIR","quantile","0.65",107.627398468377
2026-09-16,"ARI incidence",2026-09-06,0,"GB-NIR","quantile","0.7",111.689073064518
2026-09-16,"ARI incidence",2026-09-06,0,"GB-NIR","quantile","0.75",116.244389140235
2026-09-16,"ARI incidence",2026-09-06,0,"GB-NIR","quantile","0.8",121.535917790093
2026-09-16,"ARI incidence",2026-09-06,0,"GB-NIR","quantile","0.85",128.008616616355
2026-09-16,"ARI incidence",2026-09-06,0,"GB-NIR","quantile","0.9",136.644710647335
2026-09-16,"ARI incidence",2026-09-06,0,"GB-NIR","quantile","0.95",150.527955512038
2026-09-16,"ARI incidence",2026-09-06,0,"GB-NIR","quantile","0.975",163.706909073965
2026-09-16,"ARI incidence",2026-09-06,0,"GB-NIR","quantile","0.99",180.487791808624
2026-09-16,"ARI incidence",2026-09-13,1,"GB-NIR","quantile","0.01",49.5245182778817
2026-09-16,"ARI incidence",2026-09-13,1,"GB-NIR","quantile","0.025",55.5860882705044
2026-09-16,"ARI incidence",2026-09-13,1,"GB-NIR","quantile","0.05",61.3895305981983
2026-09-16,"ARI incidence",2026-09-13,1,"GB-NIR","quantile","0.1",68.8364341565679
2026-09-16,"ARI incidence",2026-09-13,1,"GB-NIR","quantile","0.15",74.3647200131699
2026-09-16,"ARI incidence",2026-09-13,1,"GB-NIR","quantile","0.2",79.0733788186177
2026-09-16,"ARI incidence",2026-09-13,1,"GB-NIR","quantile","0.25",83.3498987146789
2026-09-16,"ARI incidence",2026-09-13,1,"GB-NIR","quantile","0.3",87.3871016852737
2026-09-16,"ARI incidence",2026-09-13,1,"GB-NIR","quantile","0.35",91.302527502172
2026-09-16,"ARI incidence",2026-09-13,1,"GB-NIR","quantile","0.4",95.1799767827591
2026-09-16,"ARI incidence",2026-09-13,1,"GB-NIR","quantile","0.45",99.0881128140825
2026-09-16,"ARI incidence",2026-09-13,1,"GB-NIR","quantile","0.5",103.090927020243
2026-09-16,"ARI incidence",2026-09-13,1,"GB-NIR","quantile","0.55",107.255440961257
2026-09-16,"ARI incidence",2026-09-13,1,"GB-NIR","quantile","0.6",111.659401411183
2026-09-16,"ARI incidence",2026-09-13,1,"GB-NIR","quantile","0.65",116.401369432411
2026-09-16,"ARI incidence",2026-09-13,1,"GB-NIR","quantile","0.7",121.616795029651
2026-09-16,"ARI incidence",2026-09-13,1,"GB-NIR","quantile","0.75",127.507524277549
2026-09-16,"ARI incidence",2026-09-13,1,"GB-NIR","quantile","0.8",134.40350460136
2026-09-16,"ARI incidence",2026-09-13,1,"GB-NIR","quantile","0.85",142.913726186436
2026-09-16,"ARI incidence",2026-09-13,1,"GB-NIR","quantile","0.9",154.391193618781
2026-09-16,"ARI incidence",2026-09-13,1,"GB-NIR","quantile","0.95",173.119734429197
2026-09-16,"ARI incidence",2026-09-13,1,"GB-NIR","quantile","0.975",191.194227990541
2026-09-16,"ARI incidence",2026-09-13,1,"GB-NIR","quantile","0.99",214.595509526433
2026-09-16,"ARI incidence",2026-09-20,2,"GB-NIR","quantile","0.01",29.2341290404037
2026-09-16,"ARI incidence",2026-09-20,2,"GB-NIR","quantile","0.025",35.1762988216497
2026-09-16,"ARI incidence",2026-09-20,2,"GB-NIR","quantile","0.05",41.2443211682241
2026-09-16,"ARI incidence",2026-09-20,2,"GB-NIR","quantile","0.1",49.5505177275047
2026-09-16,"ARI incidence",2026-09-20,2,"GB-NIR","quantile","0.15",56.080339964831
2026-09-16,"ARI incidence",2026-09-20,2,"GB-NIR","quantile","0.2",61.8784350605496
2026-09-16,"ARI incidence",2026-09-20,2,"GB-NIR","quantile","0.25",67.328157196868
2026-09-16,"ARI incidence",2026-09-20,2,"GB-NIR","quantile","0.3",72.6300279801141
2026-09-16,"ARI incidence",2026-09-20,2,"GB-NIR","quantile","0.35",77.9149899678076
2026-09-16,"ARI incidence",2026-09-20,2,"GB-NIR","quantile","0.4",83.2850591352324
2026-09-16,"ARI incidence",2026-09-20,2,"GB-NIR","quantile","0.45",88.8326801301486
2026-09-16,"ARI incidence",2026-09-20,2,"GB-NIR","quantile","0.5",94.6530063964763
2026-09-16,"ARI incidence",2026-09-20,2,"GB-NIR","quantile","0.55",100.854681033661
2026-09-16,"ARI incidence",2026-09-20,2,"GB-NIR","quantile","0.6",107.572615219545
2026-09-16,"ARI incidence",2026-09-20,2,"GB-NIR","quantile","0.65",114.986751889374
2026-09-16,"ARI incidence",2026-09-20,2,"GB-NIR","quantile","0.7",123.353823054349
2026-09-16,"ARI incidence",2026-09-20,2,"GB-NIR","quantile","0.75",133.06753062756
2026-09-16,"ARI incidence",2026-09-20,2,"GB-NIR","quantile","0.8",144.786978066342
2026-09-16,"ARI incidence",2026-09-20,2,"GB-NIR","quantile","0.85",159.75637140413
2026-09-16,"ARI incidence",2026-09-20,2,"GB-NIR","quantile","0.9",180.809243389969
2026-09-16,"ARI incidence",2026-09-20,2,"GB-NIR","quantile","0.95",217.222428836914
2026-09-16,"ARI incidence",2026-09-20,2,"GB-NIR","quantile","0.975",254.69398202796
2026-09-16,"ARI incidence",2026-09-20,2,"GB-NIR","quantile","0.99",306.46343551091
2026-09-16,"ARI incidence",2026-09-27,3,"GB-NIR","quantile","0.01",30.1270990282935
2026-09-16,"ARI incidence",2026-09-27,3,"GB-NIR","quantile","0.025",36.8778327467202
2026-09-16,"ARI incidence",2026-09-27,3,"GB-NIR","quantile","0.05",43.8818753329139
2026-09-16,"ARI incidence",2026-09-27,3,"GB-NIR","quantile","0.1",53.6234385660107
2026-09-16,"ARI incidence",2026-09-27,3,"GB-NIR","quantile","0.15",61.3903379612058
2026-09-16,"ARI incidence",2026-09-27,3,"GB-NIR","quantile","0.2",68.3579417917244
2026-09-16,"ARI incidence",2026-09-27,3,"GB-NIR","quantile","0.25",74.9624794832773
2026-09-16,"ARI incidence",2026-09-27,3,"GB-NIR","quantile","0.3",81.4356448189717
2026-09-16,"ARI incidence",2026-09-27,3,"GB-NIR","quantile","0.35",87.9319406132203
2026-09-16,"ARI incidence",2026-09-27,3,"GB-NIR","quantile","0.4",94.5748320487944
2026-09-16,"ARI incidence",2026-09-27,3,"GB-NIR","quantile","0.45",101.479174479663
2026-09-16,"ARI incidence",2026-09-27,3,"GB-NIR","quantile","0.5",108.765985630664
2026-09-16,"ARI incidence",2026-09-27,3,"GB-NIR","quantile","0.55",116.576033367128
2026-09-16,"ARI incidence",2026-09-27,3,"GB-NIR","quantile","0.6",125.08655182286
2026-09-16,"ARI incidence",2026-09-27,3,"GB-NIR","quantile","0.65",134.536319199933
2026-09-16,"ARI incidence",2026-09-27,3,"GB-NIR","quantile","0.7",145.268569512865
2026-09-16,"ARI incidence",2026-09-27,3,"GB-NIR","quantile","0.75",157.812811312476
2026-09-16,"ARI incidence",2026-09-27,3,"GB-NIR","quantile","0.8",173.060208077271
2026-09-16,"ARI incidence",2026-09-27,3,"GB-NIR","quantile","0.85",192.701979221641
2026-09-16,"ARI incidence",2026-09-27,3,"GB-NIR","quantile","0.9",220.613223369608
2026-09-16,"ARI incidence",2026-09-27,3,"GB-NIR","quantile","0.95",269.588287657719
2026-09-16,"ARI incidence",2026-09-27,3,"GB-NIR","quantile","0.975",320.789990872278
2026-09-16,"ARI incidence",2026-09-27,3,"GB-NIR","quantile","0.99",392.671050707529
2026-09-16,"ARI incidence",2026-10-04,4,"GB-NIR","quantile","0.01",53.7154056955143
2026-09-16,"ARI incidence",2026-10-04,4,"GB-NIR","quantile","0.025",61.4751240337486
2026-09-16,"ARI incidence",2026-10-04,4,"GB-NIR","quantile","0.05",69.039736079839
2026-09-16,"ARI incidence",2026-10-04,4,"GB-NIR","quantile","0.1",78.9235767795829
2026-09-16,"ARI incidence",2026-10-04,4,"GB-NIR","quantile","0.15",86.379702815442
2026-09-16,"ARI incidence",2026-10-04,4,"GB-NIR","quantile","0.2",92.804824586828
2026-09-16,"ARI incidence",2026-10-04,4,"GB-NIR","quantile","0.25",98.6965727291826
2026-09-16,"ARI incidence",2026-10-04,4,"GB-NIR","quantile","0.3",104.305642117614
2026-09-16,"ARI incidence",2026-10-04,4,"GB-NIR","quantile","0.35",109.787447111837
2026-09-16,"ARI incidence",2026-10-04,4,"GB-NIR","quantile","0.4",115.255300560563
2026-09-16,"ARI incidence",2026-10-04,4,"GB-NIR","quantile","0.45",120.80456775963
2026-09-16,"ARI incidence",2026-10-04,4,"GB-NIR","quantile","0.5",126.526651222191
2026-09-16,"ARI incidence",2026-10-04,4,"GB-NIR","quantile","0.55",132.519769462325
2026-09-16,"ARI incidence",2026-10-04,4,"GB-NIR","quantile","0.6",138.90027956753
2026-09-16,"ARI incidence",2026-10-04,4,"GB-NIR","quantile","0.65",145.818068373464
2026-09-16,"ARI incidence",2026-10-04,4,"GB-NIR","quantile","0.7",153.481567674453
2026-09-16,"ARI incidence",2026-10-04,4,"GB-NIR","quantile","0.75",162.204147791733
2026-09-16,"ARI incidence",2026-10-04,4,"GB-NIR","quantile","0.8",172.501737283323
2026-09-16,"ARI incidence",2026-10-04,4,"GB-NIR","quantile","0.85",185.332814859372
2026-09-16,"ARI incidence",2026-10-04,4,"GB-NIR","quantile","0.9",202.84171248614
2026-09-16,"ARI incidence",2026-10-04,4,"GB-NIR","quantile","0.95",231.880861349017
2026-09-16,"ARI incidence",2026-10-04,4,"GB-NIR","quantile","0.975",260.414171116
2026-09-16,"ARI incidence",2026-10-04,4,"GB-NIR","quantile","0.99",298.033557826014
2026-09-16,"ARI incidence",2026-09-13,1,"GB-WLS","quantile","0.01",8.05021366401104
2026-09-16,"ARI incidence",2026-09-13,1,"GB-WLS","quantile","0.025",10.6867585439136
2026-09-16,"ARI incidence",2026-09-13,1,"GB-WLS","quantile","0.05",13.6353400129902
2026-09-16,"ARI incidence",2026-09-13,1,"GB-WLS","quantile","0.1",18.0579990596434
2026-09-16,"ARI incidence",2026-09-13,1,"GB-WLS","quantile","0.15",21.8265408320232
2026-09-16,"ARI incidence",2026-09-13,1,"GB-WLS","quantile","0.2",25.3750257840555
2026-09-16,"ARI incidence",2026-09-13,1,"GB-WLS","quantile","0.25",28.8756907896793
2026-09-16,"ARI incidence",2026-09-13,1,"GB-WLS","quantile","0.3",32.4291202265541
2026-09-16,"ARI incidence",2026-09-13,1,"GB-WLS","quantile","0.35",36.1111116392012
2026-09-16,"ARI incidence",2026-09-13,1,"GB-WLS","quantile","0.4",39.9907907238214
2026-09-16,"ARI incidence",2026-09-13,1,"GB-WLS","quantile","0.45",44.1407050641682
2026-09-16,"ARI incidence",2026-09-13,1,"GB-WLS","quantile","0.5",48.6450557838854
2026-09-16,"ARI incidence",2026-09-13,1,"GB-WLS","quantile","0.55",53.6090542454482
2026-09-16,"ARI incidence",2026-09-13,1,"GB-WLS","quantile","0.6",59.1721596244347
2026-09-16,"ARI incidence",2026-09-13,1,"GB-WLS","quantile","0.65",65.5294546415593
2026-09-16,"ARI incidence",2026-09-13,1,"GB-WLS","quantile","0.7",72.9696469002474
2026-09-16,"ARI incidence",2026-09-13,1,"GB-WLS","quantile","0.75",81.9492586152464
2026-09-16,"ARI incidence",2026-09-13,1,"GB-WLS","quantile","0.8",93.2547407973168
2026-09-16,"ARI incidence",2026-09-13,1,"GB-WLS","quantile","0.85",108.415780147146
2026-09-16,"ARI incidence",2026-09-13,1,"GB-WLS","quantile","0.9",131.041177065165
2026-09-16,"ARI incidence",2026-09-13,1,"GB-WLS","quantile","0.95",173.544733755296
2026-09-16,"ARI incidence",2026-09-13,1,"GB-WLS","quantile","0.975",221.427427455542
2026-09-16,"ARI incidence",2026-09-13,1,"GB-WLS","quantile","0.99",293.94765791077
2026-09-16,"ARI incidence",2026-09-20,2,"GB-WLS","quantile","0.01",4.67400771969092
2026-09-16,"ARI incidence",2026-09-20,2,"GB-WLS","quantile","0.025",7.12617874864563
2026-09-16,"ARI incidence",2026-09-20,2,"GB-WLS","quantile","0.05",10.2421394113688
2026-09-16,"ARI incidence",2026-09-20,2,"GB-WLS","quantile","0.1",15.5602748066722
2026-09-16,"ARI incidence",2026-09-20,2,"GB-WLS","quantile","0.15",20.6328800682432
2026-09-16,"ARI incidence",2026-09-20,2,"GB-WLS","quantile","0.2",25.8197968247626
2026-09-16,"ARI incidence",2026-09-20,2,"GB-WLS","quantile","0.25",31.2973317854773
2026-09-16,"ARI incidence",2026-09-20,2,"GB-WLS","quantile","0.3",37.1999050460973
2026-09-16,"ARI incidence",2026-09-20,2,"GB-WLS","quantile","0.35",43.6588703235152
2026-09-16,"ARI incidence",2026-09-20,2,"GB-WLS","quantile","0.4",50.8218293615224
2026-09-16,"ARI incidence",2026-09-20,2,"GB-WLS","quantile","0.45",58.8687180197342
2026-09-16,"ARI incidence",2026-09-20,2,"GB-WLS","quantile","0.5",68.0309905538277
2026-09-16,"ARI incidence",2026-09-20,2,"GB-WLS","quantile","0.55",78.6192706656785
2026-09-16,"ARI incidence",2026-09-20,2,"GB-WLS","quantile","0.6",91.0674750177145
2026-09-16,"ARI incidence",2026-09-20,2,"GB-WLS","quantile","0.65",106.008598972891
2026-09-16,"ARI incidence",2026-09-20,2,"GB-WLS","quantile","0.7",124.414717456935
2026-09-16,"ARI incidence",2026-09-20,2,"GB-WLS","quantile","0.75",147.878921674805
2026-09-16,"ARI incidence",2026-09-20,2,"GB-WLS","quantile","0.8",179.250662084849
2026-09-16,"ARI incidence",2026-09-20,2,"GB-WLS","quantile","0.85",224.312634030111
2026-09-16,"ARI incidence",2026-09-20,2,"GB-WLS","quantile","0.9",297.437913741114
2026-09-16,"ARI incidence",2026-09-20,2,"GB-WLS","quantile","0.95",451.879777246309
2026-09-16,"ARI incidence",2026-09-20,2,"GB-WLS","quantile","0.975",649.466683194637
2026-09-16,"ARI incidence",2026-09-20,2,"GB-WLS","quantile","0.99",990.202830910394
2026-09-16,"ARI incidence",2026-09-27,3,"GB-WLS","quantile","0.01",1.71120791584258
2026-09-16,"ARI incidence",2026-09-27,3,"GB-WLS","quantile","0.025",2.62161046918891
2026-09-16,"ARI incidence",2026-09-27,3,"GB-WLS","quantile","0.05",3.78361215538739
2026-09-16,"ARI incidence",2026-09-27,3,"GB-WLS","quantile","0.1",5.77581985654629
2026-09-16,"ARI incidence",2026-09-27,3,"GB-WLS","quantile","0.15",7.68351420841242
2026-09-16,"ARI incidence",2026-09-27,3,"GB-WLS","quantile","0.2",9.63980960746887
2026-09-16,"ARI incidence",2026-09-27,3,"GB-WLS","quantile","0.25",11.7106237427458
2026-09-16,"ARI incidence",2026-09-27,3,"GB-WLS","quantile","0.3",13.9467825699348
2026-09-16,"ARI incidence",2026-09-27,3,"GB-WLS","quantile","0.35",16.3983871088925
2026-09-16,"ARI incidence",2026-09-27,3,"GB-WLS","quantile","0.4",19.1220601001664
2026-09-16,"ARI incidence",2026-09-27,3,"GB-WLS","quantile","0.45",22.1870803110729
2026-09-16,"ARI incidence",2026-09-27,3,"GB-WLS","quantile","0.5",25.6827764001597
2026-09-16,"ARI incidence",2026-09-27,3,"GB-WLS","quantile","0.55",29.729238564635
2026-09-16,"ARI incidence",2026-09-27,3,"GB-WLS","quantile","0.6",34.4944530121449
2026-09-16,"ARI incidence",2026-09-27,3,"GB-WLS","quantile","0.65",40.2237731821144
2026-09-16,"ARI incidence",2026-09-27,3,"GB-WLS","quantile","0.7",47.2944207965583
2026-09-16,"ARI incidence",2026-09-27,3,"GB-WLS","quantile","0.75",56.3253519292
2026-09-16,"ARI incidence",2026-09-27,3,"GB-WLS","quantile","0.8",68.4251069761319
2026-09-16,"ARI incidence",2026-09-27,3,"GB-WLS","quantile","0.85",85.8467864741401
2026-09-16,"ARI incidence",2026-09-27,3,"GB-WLS","quantile","0.9",114.201103913068
2026-09-16,"ARI incidence",2026-09-27,3,"GB-WLS","quantile","0.95",174.332087045815
2026-09-16,"ARI incidence",2026-09-27,3,"GB-WLS","quantile","0.975",251.602978921836
2026-09-16,"ARI incidence",2026-09-27,3,"GB-WLS","quantile","0.99",385.461636493084
2026-09-16,"ARI incidence",2026-10-04,4,"GB-WLS","quantile","0.01",5.49082346265578
2026-09-16,"ARI incidence",2026-10-04,4,"GB-WLS","quantile","0.025",8.873983857563
2026-09-16,"ARI incidence",2026-10-04,4,"GB-WLS","quantile","0.05",13.4098502459634
2026-09-16,"ARI incidence",2026-10-04,4,"GB-WLS","quantile","0.1",21.5849699289691
2026-09-16,"ARI incidence",2026-10-04,4,"GB-WLS","quantile","0.15",29.7597668391616
2026-09-16,"ARI incidence",2026-10-04,4,"GB-WLS","quantile","0.2",38.4133583583084
2026-09-16,"ARI incidence",2026-10-04,4,"GB-WLS","quantile","0.25",47.8171920719414
2026-09-16,"ARI incidence",2026-10-04,4,"GB-WLS","quantile","0.3",58.2087694527818
2026-09-16,"ARI incidence",2026-10-04,4,"GB-WLS","quantile","0.35",69.8438667230363
2026-09-16,"ARI incidence",2026-10-04,4,"GB-WLS","quantile","0.4",83.0279394241358
2026-09-16,"ARI incidence",2026-10-04,4,"GB-WLS","quantile","0.45",98.1477830424599
2026-09-16,"ARI incidence",2026-10-04,4,"GB-WLS","quantile","0.5",115.713702910771
2026-09-16,"ARI incidence",2026-10-04,4,"GB-WLS","quantile","0.55",136.423469040861
2026-09-16,"ARI incidence",2026-10-04,4,"GB-WLS","quantile","0.6",161.266931760441
2026-09-16,"ARI incidence",2026-10-04,4,"GB-WLS","quantile","0.65",191.708473049158
2026-09-16,"ARI incidence",2026-10-04,4,"GB-WLS","quantile","0.7",230.028244321221
2026-09-16,"ARI incidence",2026-10-04,4,"GB-WLS","quantile","0.75",280.01771875641
2026-09-16,"ARI incidence",2026-10-04,4,"GB-WLS","quantile","0.8",348.567831961667
2026-09-16,"ARI incidence",2026-10-04,4,"GB-WLS","quantile","0.85",449.924930987779
2026-09-16,"ARI incidence",2026-10-04,4,"GB-WLS","quantile","0.9",620.323358586288
2026-09-16,"ARI incidence",2026-10-04,4,"GB-WLS","quantile","0.95",998.494449656714
2026-09-16,"ARI incidence",2026-10-04,4,"GB-WLS","quantile","0.975",1508.86695944467
2026-09-16,"ARI incidence",2026-10-04,4,"GB-WLS","quantile","0.99",2438.5524561822
2026-09-16,"ARI incidence",2026-09-13,1,"HU","quantile","0.01",95.546163767217
2026-09-16,"ARI incidence",2026-09-13,1,"HU","quantile","0.025",103.713360856169
2026-09-16,"ARI incidence",2026-09-13,1,"HU","quantile","0.05",111.293838895255
2026-09-16,"ARI incidence",2026-09-13,1,"HU","quantile","0.1",120.723813954301
2026-09-16,"ARI incidence",2026-09-13,1,"HU","quantile","0.15",127.533539974269
2026-09-16,"ARI incidence",2026-09-13,1,"HU","quantile","0.2",133.218613509009
2026-09-16,"ARI incidence",2026-09-13,1,"HU","quantile","0.25",138.297448374957
2026-09-16,"ARI incidence",2026-09-13,1,"HU","quantile","0.3",143.023204109485
2026-09-16,"ARI incidence",2026-09-13,1,"HU","quantile","0.35",147.546352264047
2026-09-16,"ARI incidence",2026-09-13,1,"HU","quantile","0.4",151.970575442254
2026-09-16,"ARI incidence",2026-09-13,1,"HU","quantile","0.45",156.377288642175
2026-09-16,"ARI incidence",2026-09-13,1,"HU","quantile","0.5",160.8388753569
2026-09-16,"ARI incidence",2026-09-13,1,"HU","quantile","0.55",165.427755211095
2026-09-16,"ARI incidence",2026-09-13,1,"HU","quantile","0.6",170.22468823843
2026-09-16,"ARI incidence",2026-09-13,1,"HU","quantile","0.65",175.328928361289
2026-09-16,"ARI incidence",2026-09-13,1,"HU","quantile","0.7",180.873753927856
2026-09-16,"ARI incidence",2026-09-13,1,"HU","quantile","0.75",187.054382637163
2026-09-16,"ARI incidence",2026-09-13,1,"HU","quantile","0.8",194.185655777922
2026-09-16,"ARI incidence",2026-09-13,1,"HU","quantile","0.85",202.841886387626
2026-09-16,"ARI incidence",2026-09-13,1,"HU","quantile","0.9",214.28368586719
2026-09-16,"ARI incidence",2026-09-13,1,"HU","quantile","0.95",232.440035161511
2026-09-16,"ARI incidence",2026-09-13,1,"HU","quantile","0.975",249.429230838909
2026-09-16,"ARI incidence",2026-09-13,1,"HU","quantile","0.99",270.750209177404
2026-09-16,"ARI incidence",2026-09-20,2,"HU","quantile","0.01",98.6987979343699
2026-09-16,"ARI incidence",2026-09-20,2,"HU","quantile","0.025",103.888657680001
2026-09-16,"ARI incidence",2026-09-20,2,"HU","quantile","0.05",108.569979601372
2026-09-16,"ARI incidence",2026-09-20,2,"HU","quantile","0.1",114.229643059548
2026-09-16,"ARI incidence",2026-09-20,2,"HU","quantile","0.15",118.213945375816
2026-09-16,"ARI incidence",2026-09-20,2,"HU","quantile","0.2",121.47942470238
2026-09-16,"ARI incidence",2026-09-20,2,"HU","quantile","0.25",124.35271085266
2026-09-16,"ARI incidence",2026-09-20,2,"HU","quantile","0.3",126.990883161437
2026-09-16,"ARI incidence",2026-09-20,2,"HU","quantile","0.35",129.485479101818
2026-09-16,"ARI incidence",2026-09-20,2,"HU","quantile","0.4",131.897903218267
2026-09-16,"ARI incidence",2026-09-20,2,"HU","quantile","0.45",134.274721790551
2026-09-16,"ARI incidence",2026-09-20,2,"HU","quantile","0.5",136.655670228085
2026-09-16,"ARI incidence",2026-09-20,2,"HU","quantile","0.55",139.078837449516
2026-09-16,"ARI incidence",2026-09-20,2,"HU","quantile","0.6",141.585057456021
2026-09-16,"ARI incidence",2026-09-20,2,"HU","quantile","0.65",144.222906962429
2026-09-16,"ARI incidence",2026-09-20,2,"HU","quantile","0.7",147.056007018604
2026-09-16,"ARI incidence",2026-09-20,2,"HU","quantile","0.75",150.17583515018
2026-09-16,"ARI incidence",2026-09-20,2,"HU","quantile","0.8",153.727861744814
2026-09-16,"ARI incidence",2026-09-20,2,"HU","quantile","0.85",157.974358660628
2026-09-16,"ARI incidence",2026-09-20,2,"HU","quantile","0.9",163.484466074641
2026-09-16,"ARI incidence",2026-09-20,2,"HU","quantile","0.95",172.006776404064
2026-09-16,"ARI incidence",2026-09-20,2,"HU","quantile","0.975",179.757565671984
2026-09-16,"ARI incidence",2026-09-20,2,"HU","quantile","0.99",189.209722877323
2026-09-16,"ARI incidence",2026-09-27,3,"HU","quantile","0.01",49.0577421167312
2026-09-16,"ARI incidence",2026-09-27,3,"HU","quantile","0.025",55.9170922789801
2026-09-16,"ARI incidence",2026-09-27,3,"HU","quantile","0.05",62.5788468167116
2026-09-16,"ARI incidence",2026-09-27,3,"HU","quantile","0.1",71.2502670767579
2026-09-16,"ARI incidence",2026-09-27,3,"HU","quantile","0.15",77.7699117929316
2026-09-16,"ARI incidence",2026-09-27,3,"HU","quantile","0.2",83.3744070349087
2026-09-16,"ARI incidence",2026-09-27,3,"HU","quantile","0.25",88.503371548553
2026-09-16,"ARI incidence",2026-09-27,3,"HU","quantile","0.3",93.3776874764735
2026-09-16,"ARI incidence",2026-09-27,3,"HU","quantile","0.35",98.1337874225648
2026-09-16,"ARI incidence",2026-09-27,3,"HU","quantile","0.4",102.870665434308
2026-09-16,"ARI incidence",2026-09-27,3,"HU","quantile","0.45",107.671162623144
2026-09-16,"ARI incidence",2026-09-27,3,"HU","quantile","0.5",112.614213984433
2026-09-16,"ARI incidence",2026-09-27,3,"HU","quantile","0.55",117.784194786855
2026-09-16,"ARI incidence",2026-09-27,3,"HU","quantile","0.6",123.280637271955
2026-09-16,"ARI incidence",2026-09-27,3,"HU","quantile","0.65",129.231343499695
2026-09-16,"ARI incidence",2026-09-27,3,"HU","quantile","0.7",135.813613873516
2026-09-16,"ARI incidence",2026-09-27,3,"HU","quantile","0.75",143.293537516526
2026-09-16,"ARI incidence",2026-09-27,3,"HU","quantile","0.8",152.108562355612
2026-09-16,"ARI incidence",2026-09-27,3,"HU","quantile","0.85",163.070278710079
2026-09-16,"ARI incidence",2026-09-27,3,"HU","quantile","0.9",177.991770580583
2026-09-16,"ARI incidence",2026-09-27,3,"HU","quantile","0.95",202.655718928091
2026-09-16,"ARI incidence",2026-09-27,3,"HU","quantile","0.975",226.799368036862
2026-09-16,"ARI incidence",2026-09-27,3,"HU","quantile","0.99",258.510902543278
2026-09-16,"ARI incidence",2026-10-04,4,"HU","quantile","0.01",162.034585108165
2026-09-16,"ARI incidence",2026-10-04,4,"HU","quantile","0.025",165.575483681268
2026-09-16,"ARI incidence",2026-10-04,4,"HU","quantile","0.05",168.682682073758
2026-09-16,"ARI incidence",2026-10-04,4,"HU","quantile","0.1",172.33752005955
2026-09-16,"ARI incidence",2026-10-04,4,"HU","quantile","0.15",174.84805580622
2026-09-16,"ARI incidence",2026-10-04,4,"HU","quantile","0.2",176.869408013932
2026-09-16,"ARI incidence",2026-10-04,4,"HU","quantile","0.25",178.622161516575
2026-09-16,"ARI incidence",2026-10-04,4,"HU","quantile","0.3",180.210986489745
2026-09-16,"ARI incidence",2026-10-04,4,"HU","quantile","0.35",181.695882378153
2026-09-16,"ARI incidence",2026-10-04,4,"HU","quantile","0.4",183.116215160524
2026-09-16,"ARI incidence",2026-10-04,4,"HU","quantile","0.45",184.50097032652
2026-09-16,"ARI incidence",2026-10-04,4,"HU","quantile","0.5",185.873994340479
2026-09-16,"ARI incidence",2026-10-04,4,"HU","quantile","0.55",187.25723615947
2026-09-16,"ARI incidence",2026-10-04,4,"HU","quantile","0.6",188.67330641253
2026-09-16,"ARI incidence",2026-10-04,4,"HU","quantile","0.65",190.148182335686
2026-09-16,"ARI incidence",2026-10-04,4,"HU","quantile","0.7",191.714958366594
2026-09-16,"ARI incidence",2026-10-04,4,"HU","quantile","0.75",193.420242363815
2026-09-16,"ARI incidence",2026-10-04,4,"HU","quantile","0.8",195.337012545227
2026-09-16,"ARI incidence",2026-10-04,4,"HU","quantile","0.85",197.595229828431
2026-09-16,"ARI incidence",2026-10-04,4,"HU","quantile","0.9",200.47370856994
2026-09-16,"ARI incidence",2026-10-04,4,"HU","quantile","0.95",204.817360901207
2026-09-16,"ARI incidence",2026-10-04,4,"HU","quantile","0.975",208.66097446281
2026-09-16,"ARI incidence",2026-10-04,4,"HU","quantile","0.99",213.220787087037
2026-09-16,"ARI incidence",2026-09-13,1,"IE","quantile","0.01",10.856111537921
2026-09-16,"ARI incidence",2026-09-13,1,"IE","quantile","0.025",12.785675420415
2026-09-16,"ARI incidence",2026-09-13,1,"IE","quantile","0.05",14.7173649822343
2026-09-16,"ARI incidence",2026-09-13,1,"IE","quantile","0.1",17.3093918185661
2026-09-16,"ARI incidence",2026-09-13,1,"IE","quantile","0.15",19.3114671229425
2026-09-16,"ARI incidence",2026-09-13,1,"IE","quantile","0.2",21.0665469932192
2026-09-16,"ARI incidence",2026-09-13,1,"IE","quantile","0.25",22.6988362369986
2026-09-16,"ARI incidence",2026-09-13,1,"IE","quantile","0.3",24.2721911952404
2026-09-16,"ARI incidence",2026-09-13,1,"IE","quantile","0.35",25.8273274349011
2026-09-16,"ARI incidence",2026-09-13,1,"IE","quantile","0.4",27.3950325253342
2026-09-16,"ARI incidence",2026-09-13,1,"IE","quantile","0.45",29.0023184623532
2026-09-16,"ARI incidence",2026-09-13,1,"IE","quantile","0.5",30.6761631602075
2026-09-16,"ARI incidence",2026-09-13,1,"IE","quantile","0.55",32.4466124131828
2026-09-16,"ARI incidence",2026-09-13,1,"IE","quantile","0.6",34.3502781156194
2026-09-16,"ARI incidence",2026-09-13,1,"IE","quantile","0.65",36.4353217964023
2026-09-16,"ARI incidence",2026-09-13,1,"IE","quantile","0.7",38.7697583074493
2026-09-16,"ARI incidence",2026-09-13,1,"IE","quantile","0.75",41.4570586970366
2026-09-16,"ARI incidence",2026-09-13,1,"IE","quantile","0.8",44.6692562637134
2026-09-16,"ARI incidence",2026-09-13,1,"IE","quantile","0.85",48.7289225743861
2026-09-16,"ARI incidence",2026-09-13,1,"IE","quantile","0.9",54.3651097678847
2026-09-16,"ARI incidence",2026-09-13,1,"IE","quantile","0.95",63.9399095807985
2026-09-16,"ARI incidence",2026-09-13,1,"IE","quantile","0.975",73.600099743587
2026-09-16,"ARI incidence",2026-09-13,1,"IE","quantile","0.99",86.6817721008679
2026-09-16,"ARI incidence",2026-09-20,2,"IE","quantile","0.01",10.5095099923427
2026-09-16,"ARI incidence",2026-09-20,2,"IE","quantile","0.025",12.9042727247356
2026-09-16,"ARI incidence",2026-09-20,2,"IE","quantile","0.05",15.3960164961278
2026-09-16,"ARI incidence",2026-09-20,2,"IE","quantile","0.1",18.8716355829307
2026-09-16,"ARI incidence",2026-09-20,2,"IE","quantile","0.15",21.6497753338341
2026-09-16,"ARI incidence",2026-09-20,2,"IE","quantile","0.2",24.1466249699547
2026-09-16,"ARI incidence",2026-09-20,2,"IE","quantile","0.25",26.5169779254788
2026-09-16,"ARI incidence",2026-09-20,2,"IE","quantile","0.3",28.8432888947267
2026-09-16,"ARI incidence",2026-09-20,2,"IE","quantile","0.35",31.1807602551018
2026-09-16,"ARI incidence",2026-09-20,2,"IE","quantile","0.4",33.5737129410827
2026-09-16,"ARI incidence",2026-09-20,2,"IE","quantile","0.45",36.0635732627792
2026-09-16,"ARI incidence",2026-09-20,2,"IE","quantile","0.5",38.6941708304371
2026-09-16,"ARI incidence",2026-09-20,2,"IE","quantile","0.55",41.5166529768233
2026-09-16,"ARI incidence",2026-09-20,2,"IE","quantile","0.6",44.5955697209451
2026-09-16,"ARI incidence",2026-09-20,2,"IE","quantile","0.65",48.0180356093168
2026-09-16,"ARI incidence",2026-09-20,2,"IE","quantile","0.7",51.9094359079412
2026-09-16,"ARI incidence",2026-09-20,2,"IE","quantile","0.75",56.4634047085896
2026-09-16,"ARI incidence",2026-09-20,2,"IE","quantile","0.8",62.0061336985207
2026-09-16,"ARI incidence",2026-09-20,2,"IE","quantile","0.85",69.1572468151749
2026-09-16,"ARI incidence",2026-09-20,2,"IE","quantile","0.9",79.3380547051943
2026-09-16,"ARI incidence",2026-09-20,2,"IE","quantile","0.95",97.248457523517
2026-09-16,"ARI incidence",2026-09-20,2,"IE","quantile","0.975",116.026597406381
2026-09-16,"ARI incidence",2026-09-20,2,"IE","quantile","0.99",142.465144173795
2026-09-16,"ARI incidence",2026-09-27,3,"IE","quantile","0.01",13.3645524815015
2026-09-16,"ARI incidence",2026-09-27,3,"IE","quantile","0.025",16.1143946565483
2026-09-16,"ARI incidence",2026-09-27,3,"IE","quantile","0.05",18.9278686314367
2026-09-16,"ARI incidence",2026-09-27,3,"IE","quantile","0.1",22.7865080028841
2026-09-16,"ARI incidence",2026-09-27,3,"IE","quantile","0.15",25.8251029797318
2026-09-16,"ARI incidence",2026-09-27,3,"IE","quantile","0.2",28.5265383317904
2026-09-16,"ARI incidence",2026-09-27,3,"IE","quantile","0.25",31.0682536647912
2026-09-16,"ARI incidence",2026-09-27,3,"IE","quantile","0.3",33.54322724333
2026-09-16,"ARI incidence",2026-09-27,3,"IE","quantile","0.35",36.012323198443
2026-09-16,"ARI incidence",2026-09-27,3,"IE","quantile","0.4",38.523102512651
2026-09-16,"ARI incidence",2026-09-27,3,"IE","quantile","0.45",41.1188001628261
2026-09-16,"ARI incidence",2026-09-27,3,"IE","quantile","0.5",43.8440456114801
2026-09-16,"ARI incidence",2026-09-27,3,"IE","quantile","0.55",46.7499131290175
2026-09-16,"ARI incidence",2026-09-27,3,"IE","quantile","0.6",49.8999356282445
2026-09-16,"ARI incidence",2026-09-27,3,"IE","quantile","0.65",53.3789593353606
2026-09-16,"ARI incidence",2026-09-27,3,"IE","quantile","0.7",57.3081511101111
2026-09-16,"ARI incidence",2026-09-27,3,"IE","quantile","0.75",61.8734595230901
2026-09-16,"ARI incidence",2026-09-27,3,"IE","quantile","0.8",67.3863864315885
2026-09-16,"ARI incidence",2026-09-27,3,"IE","quantile","0.85",74.4353405711574
2026-09-16,"ARI incidence",2026-09-27,3,"IE","quantile","0.9",84.3613394091908
2026-09-16,"ARI incidence",2026-09-27,3,"IE","quantile","0.95",101.559260211098
2026-09-16,"ARI incidence",2026-09-27,3,"IE","quantile","0.975",119.290881013665
2026-09-16,"ARI incidence",2026-09-27,3,"IE","quantile","0.99",143.835742965751
2026-09-16,"ARI incidence",2026-10-04,4,"IE","quantile","0.01",26.5463672036567
2026-09-16,"ARI incidence",2026-10-04,4,"IE","quantile","0.025",29.2088962495933
2026-09-16,"ARI incidence",2026-10-04,4,"IE","quantile","0.05",31.7114483496735
2026-09-16,"ARI incidence",2026-10-04,4,"IE","quantile","0.1",34.8639801689571
2026-09-16,"ARI incidence",2026-10-04,4,"IE","quantile","0.15",37.1661881866753
2026-09-16,"ARI incidence",2026-10-04,4,"IE","quantile","0.2",39.1038552193566
2026-09-16,"ARI incidence",2026-10-04,4,"IE","quantile","0.25",40.846514643718
2026-09-16,"ARI incidence",2026-10-04,4,"IE","quantile","0.3",42.4775642119074
2026-09-16,"ARI incidence",2026-10-04,4,"IE","quantile","0.35",44.0470574997544
2026-09-16,"ARI incidence",2026-10-04,4,"IE","quantile","0.4",45.5899414568063
2026-09-16,"ARI incidence",2026-10-04,4,"IE","quantile","0.45",47.1341192704715
2026-09-16,"ARI incidence",2026-10-04,4,"IE","quantile","0.5",48.7048712524773
2026-09-16,"ARI incidence",2026-10-04,4,"IE","quantile","0.55",50.3279687927998
2026-09-16,"ARI incidence",2026-10-04,4,"IE","quantile","0.6",52.0326284245807
2026-09-16,"ARI incidence",2026-10-04,4,"IE","quantile","0.65",53.8552316175404
2026-09-16,"ARI incidence",2026-10-04,4,"IE","quantile","0.7",55.8451155976458
2026-09-16,"ARI incidence",2026-10-04,4,"IE","quantile","0.75",58.0750770148077
2026-09-16,"ARI incidence",2026-10-04,4,"IE","quantile","0.8",60.66318705441
2026-09-16,"ARI incidence",2026-10-04,4,"IE","quantile","0.85",63.8258750616469
2026-09-16,"ARI incidence",2026-10-04,4,"IE","quantile","0.9",68.0405528062045
2026-09-16,"ARI incidence",2026-10-04,4,"IE","quantile","0.95",74.8046717249612
2026-09-16,"ARI incidence",2026-10-04,4,"IE","quantile","0.975",81.2137666363693
2026-09-16,"ARI incidence",2026-10-04,4,"IE","quantile","0.99",89.3592884300052
2026-09-16,"ARI incidence",2026-09-13,1,"IS","quantile","0.01",37.8213166161734
2026-09-16,"ARI incidence",2026-09-13,1,"IS","quantile","0.025",38.582070312449
2026-09-16,"ARI incidence",2026-09-13,1,"IS","quantile","0.05",39.2485888218079
2026-09-16,"ARI incidence",2026-09-13,1,"IS","quantile","0.1",40.0313449429061
2026-09-16,"ARI incidence",2026-09-13,1,"IS","quantile","0.15",40.5682673009016
2026-09-16,"ARI incidence",2026-09-13,1,"IS","quantile","0.2",41.0001276740535
2026-09-16,"ARI incidence",2026-09-13,1,"IS","quantile","0.25",41.3742874262725
2026-09-16,"ARI incidence",2026-09-13,1,"IS","quantile","0.3",41.7132035506881
2026-09-16,"ARI incidence",2026-09-13,1,"IS","quantile","0.35",42.0297375845152
2026-09-16,"ARI incidence",2026-09-13,1,"IS","quantile","0.4",42.3323181433799
2026-09-16,"ARI incidence",2026-09-13,1,"IS","quantile","0.45",42.6271415063806
2026-09-16,"ARI incidence",2026-09-13,1,"IS","quantile","0.5",42.9192952062356
2026-09-16,"ARI incidence",2026-09-13,1,"IS","quantile","0.55",43.2134512403153
2026-09-16,"ARI incidence",2026-09-13,1,"IS","quantile","0.6",43.5144112533811
2026-09-16,"ARI incidence",2026-09-13,1,"IS","quantile","0.65",43.8276802774677
2026-09-16,"ARI incidence",2026-09-13,1,"IS","quantile","0.7",44.1602596828028
2026-09-16,"ARI incidence",2026-09-13,1,"IS","quantile","0.75",44.5219970079847
2026-09-16,"ARI incidence",2026-09-13,1,"IS","quantile","0.8",44.9282967029815
2026-09-16,"ARI incidence",2026-09-13,1,"IS","quantile","0.85",45.4065707893583
2026-09-16,"ARI incidence",2026-09-13,1,"IS","quantile","0.9",46.0155886250439
2026-09-16,"ARI incidence",2026-09-13,1,"IS","quantile","0.95",46.9333027325682
2026-09-16,"ARI incidence",2026-09-13,1,"IS","quantile","0.975",47.7440916488516
2026-09-16,"ARI incidence",2026-09-13,1,"IS","quantile","0.99",48.7044361700587
2026-09-16,"ARI incidence",2026-09-20,2,"IS","quantile","0.01",33.340786361687
2026-09-16,"ARI incidence",2026-09-20,2,"IS","quantile","0.025",34.3425273781155
2026-09-16,"ARI incidence",2026-09-20,2,"IS","quantile","0.05",35.2281209558224
2026-09-16,"ARI incidence",2026-09-20,2,"IS","quantile","0.1",36.2775335054326
2026-09-16,"ARI incidence",2026-09-20,2,"IS","quantile","0.15",37.0031717258883
2026-09-16,"ARI incidence",2026-09-20,2,"IS","quantile","0.2",37.5902238331994
2026-09-16,"ARI incidence",2026-09-20,2,"IS","quantile","0.25",38.1012792384508
2026-09-16,"ARI incidence",2026-09-20,2,"IS","quantile","0.3",38.5661414778259
2026-09-16,"ARI incidence",2026-09-20,2,"IS","quantile","0.35",39.0019669866408
2026-09-16,"ARI incidence",2026-09-20,2,"IS","quantile","0.4",39.4200759805993
2026-09-16,"ARI incidence",2026-09-20,2,"IS","quantile","0.45",39.8288669256675
2026-09-16,"ARI incidence",2026-09-20,2,"IS","quantile","0.5",40.2353153460986
2026-09-16,"ARI incidence",2026-09-20,2,"IS","quantile","0.55",40.6459115199364
2026-09-16,"ARI incidence",2026-09-20,2,"IS","quantile","0.6",41.0674145274793
2026-09-16,"ARI incidence",2026-09-20,2,"IS","quantile","0.65",41.5076655378564
2026-09-16,"ARI incidence",2026-09-20,2,"IS","quantile","0.7",41.9767324125696
2026-09-16,"ARI incidence",2026-09-20,2,"IS","quantile","0.75",42.4888778895977
2026-09-16,"ARI incidence",2026-09-20,2,"IS","quantile","0.8",43.0665326225117
2026-09-16,"ARI incidence",2026-09-20,2,"IS","quantile","0.85",43.7497794241079
2026-09-16,"ARI incidence",2026-09-20,2,"IS","quantile","0.9",44.624880596074
2026-09-16,"ARI incidence",2026-09-20,2,"IS","quantile","0.95",45.9542137666141
2026-09-16,"ARI incidence",2026-09-20,2,"IS","quantile","0.975",47.139238856125
2026-09-16,"ARI incidence",2026-09-20,2,"IS","quantile","0.99",48.5555614507134
2026-09-16,"ARI incidence",2026-09-27,3,"IS","quantile","0.01",34.262612422572
2026-09-16,"ARI incidence",2026-09-27,3,"IS","quantile","0.025",34.6048109673282
2026-09-16,"ARI incidence",2026-09-27,3,"IS","quantile","0.05",34.9018530690176
2026-09-16,"ARI incidence",2026-09-27,3,"IS","quantile","0.1",35.2474894761493
2026-09-16,"ARI incidence",2026-09-27,3,"IS","quantile","0.15",35.4826204153788
2026-09-16,"ARI incidence",2026-09-27,3,"IS","quantile","0.2",35.6706132139736
2026-09-16,"ARI incidence",2026-09-27,3,"IS","quantile","0.25",35.832687883853
2026-09-16,"ARI incidence",2026-09-27,3,"IS","quantile","0.3",35.978863451678
2026-09-16,"ARI incidence",2026-09-27,3,"IS","quantile","0.35",36.1148491487256
2026-09-16,"ARI incidence",2026-09-27,3,"IS","quantile","0.4",36.244361494847
2026-09-16,"ARI incidence",2026-09-27,3,"IS","quantile","0.45",36.3701082301655
2026-09-16,"ARI incidence",2026-09-27,3,"IS","quantile","0.5",36.4942872378678
2026-09-16,"ARI incidence",2026-09-27,3,"IS","quantile","0.55",36.6188902318243
2026-09-16,"ARI incidence",2026-09-27,3,"IS","quantile","0.6",36.7459363628009
2026-09-16,"ARI incidence",2026-09-27,3,"IS","quantile","0.65",36.8777118662559
2026-09-16,"ARI incidence",2026-09-27,3,"IS","quantile","0.7",37.0170948503901
2026-09-16,"ARI incidence",2026-09-27,3,"IS","quantile","0.75",37.1681020781071
2026-09-16,"ARI incidence",2026-09-27,3,"IS","quantile","0.8",37.3369808085684
2026-09-16,"ARI incidence",2026-09-27,3,"IS","quantile","0.85",37.5347983155934
2026-09-16,"ARI incidence",2026-09-27,3,"IS","quantile","0.9",37.7851875635342
2026-09-16,"ARI incidence",2026-09-27,3,"IS","quantile","0.95",38.1593779094288
2026-09-16,"ARI incidence",2026-09-27,3,"IS","quantile","0.975",38.4869318389699
2026-09-16,"ARI incidence",2026-09-27,3,"IS","quantile","0.99",38.8713208605949
2026-09-16,"ARI incidence",2026-10-04,4,"IS","quantile","0.01",26.8595460450821
2026-09-16,"ARI incidence",2026-10-04,4,"IS","quantile","0.025",28.4622724577573
2026-09-16,"ARI incidence",2026-10-04,4,"IS","quantile","0.05",29.9169928143465
2026-09-16,"ARI incidence",2026-10-04,4,"IS","quantile","0.1",31.6867075853329
2026-09-16,"ARI incidence",2026-10-04,4,"IS","quantile","0.15",32.9394964370077
2026-09-16,"ARI incidence",2026-10-04,4,"IS","quantile","0.2",33.970405125893
2026-09-16,"ARI incidence",2026-10-04,4,"IS","quantile","0.25",34.8805086700164
2026-09-16,"ARI incidence",2026-10-04,4,"IS","quantile","0.3",35.718570991662
2026-09-16,"ARI incidence",2026-10-04,4,"IS","quantile","0.35",36.5131246738932
2026-09-16,"ARI incidence",2026-10-04,4,"IS","quantile","0.4",37.2834153431009
2026-09-16,"ARI incidence",2026-10-04,4,"IS","quantile","0.45",38.0441438821052
2026-09-16,"ARI incidence",2026-10-04,4,"IS","quantile","0.5",38.8079644016534
2026-09-16,"ARI incidence",2026-10-04,4,"IS","quantile","0.55",39.5871203112656
2026-09-16,"ARI incidence",2026-10-04,4,"IS","quantile","0.6",40.3948535063242
2026-09-16,"ARI incidence",2026-10-04,4,"IS","quantile","0.65",41.2470341678763
2026-09-16,"ARI incidence",2026-10-04,4,"IS","quantile","0.7",42.1645675957072
2026-09-16,"ARI incidence",2026-10-04,4,"IS","quantile","0.75",43.17764156618
2026-09-16,"ARI incidence",2026-10-04,4,"IS","quantile","0.8",44.3344168377918
2026-09-16,"ARI incidence",2026-10-04,4,"IS","quantile","0.85",45.721952789416
2026-09-16,"ARI incidence",2026-10-04,4,"IS","quantile","0.9",47.5296493630384
2026-09-16,"ARI incidence",2026-10-04,4,"IS","quantile","0.95",50.3412261501691
2026-09-16,"ARI incidence",2026-10-04,4,"IS","quantile","0.975",52.9141902929655
2026-09-16,"ARI incidence",2026-10-04,4,"IS","quantile","0.99",56.0716141096417
2026-09-16,"ARI incidence",2026-09-13,1,"LT","quantile","0.01",218.412864903404
2026-09-16,"ARI incidence",2026-09-13,1,"LT","quantile","0.025",221.113015875252
2026-09-16,"ARI incidence",2026-09-13,1,"LT","quantile","0.05",223.461979866918
2026-09-16,"ARI incidence",2026-09-13,1,"LT","quantile","0.1",226.201171897201
2026-09-16,"ARI incidence",2026-09-13,1,"LT","quantile","0.15",228.068236094555
2026-09-16,"ARI incidence",2026-09-13,1,"LT","quantile","0.2",229.563104476599
2026-09-16,"ARI incidence",2026-09-13,1,"LT","quantile","0.25",230.853374713951
2026-09-16,"ARI incidence",2026-09-13,1,"LT","quantile","0.3",232.018256588893
2026-09-16,"ARI incidence",2026-09-13,1,"LT","quantile","0.35",233.102939654463
2026-09-16,"ARI incidence",2026-09-13,1,"LT","quantile","0.4",234.136886275705
2026-09-16,"ARI incidence",2026-09-13,1,"LT","quantile","0.45",235.141606465544
2026-09-16,"ARI incidence",2026-09-13,1,"LT","quantile","0.5",236.134606529835
2026-09-16,"ARI incidence",2026-09-13,1,"LT","quantile","0.55",237.131800020983
2026-09-16,"ARI incidence",2026-09-13,1,"LT","quantile","0.6",238.149371882144
2026-09-16,"ARI incidence",2026-09-13,1,"LT","quantile","0.65",239.205702354738
2026-09-16,"ARI incidence",2026-09-13,1,"LT","quantile","0.7",240.323986658511
2026-09-16,"ARI incidence",2026-09-13,1,"LT","quantile","0.75",241.536657066813
2026-09-16,"ARI incidence",2026-09-13,1,"LT","quantile","0.8",242.894225220255
2026-09-16,"ARI incidence",2026-09-13,1,"LT","quantile","0.85",244.486270231347
2026-09-16,"ARI incidence",2026-09-13,1,"LT","quantile","0.9",246.504259608082
2026-09-16,"ARI incidence",2026-09-13,1,"LT","quantile","0.95",249.525903396218
2026-09-16,"ARI incidence",2026-09-13,1,"LT","quantile","0.975",252.176707826456
2026-09-16,"ARI incidence",2026-09-13,1,"LT","quantile","0.99",255.294267696458
2026-09-16,"ARI incidence",2026-09-20,2,"LT","quantile","0.01",158.019384647974
2026-09-16,"ARI incidence",2026-09-20,2,"LT","quantile","0.025",173.985489665637
2026-09-16,"ARI incidence",2026-09-20,2,"LT","quantile","0.05",189.001663466781
2026-09-16,"ARI incidence",2026-09-20,2,"LT","quantile","0.1",207.929767577159
2026-09-16,"ARI incidence",2026-09-20,2,"LT","quantile","0.15",221.760140998072
2026-09-16,"ARI incidence",2026-09-20,2,"LT","quantile","0.2",233.405256100104
2026-09-16,"ARI incidence",2026-09-20,2,"LT","quantile","0.25",243.881883881173
2026-09-16,"ARI incidence",2026-09-20,2,"LT","quantile","0.3",253.690387026199
2026-09-16,"ARI incidence",2026-09-20,2,"LT","quantile","0.35",263.131223099655
2026-09-16,"ARI incidence",2026-09-20,2,"LT","quantile","0.4",272.414311006951
2026-09-16,"ARI incidence",2026-09-20,2,"LT","quantile","0.45",281.707401752619
2026-09-16,"ARI incidence",2026-09-20,2,"LT","quantile","0.5",291.162621916001
2026-09-16,"ARI incidence",2026-09-20,2,"LT","quantile","0.55",300.93519685168
2026-09-16,"ARI incidence",2026-09-20,2,"LT","quantile","0.6",311.201243751239
2026-09-16,"ARI incidence",2026-09-20,2,"LT","quantile","0.65",322.180208803625
2026-09-16,"ARI incidence",2026-09-20,2,"LT","quantile","0.7",334.169825647532
2026-09-16,"ARI incidence",2026-09-20,2,"LT","quantile","0.75",347.609552017014
2026-09-16,"ARI incidence",2026-09-20,2,"LT","quantile","0.8",363.212353558314
2026-09-16,"ARI incidence",2026-09-20,2,"LT","quantile","0.85",382.285436956577
2026-09-16,"ARI incidence",2026-09-20,2,"LT","quantile","0.9",407.713014778132
2026-09-16,"ARI incidence",2026-09-20,2,"LT","quantile","0.95",448.544583396749
2026-09-16,"ARI incidence",2026-09-20,2,"LT","quantile","0.975",487.257141753147
2026-09-16,"ARI incidence",2026-09-20,2,"LT","quantile","0.99",536.489068033383
2026-09-16,"ARI incidence",2026-09-27,3,"LT","quantile","0.01",205.59830464745
2026-09-16,"ARI incidence",2026-09-27,3,"LT","quantile","0.025",231.988905131069
2026-09-16,"ARI incidence",2026-09-27,3,"LT","quantile","0.05",257.380190932587
2026-09-16,"ARI incidence",2026-09-27,3,"LT","quantile","0.1",290.122654567362
2026-09-16,"ARI incidence",2026-09-27,3,"LT","quantile","0.15",314.535882476254
2026-09-16,"ARI incidence",2026-09-27,3,"LT","quantile","0.2",335.395682875921
2026-09-16,"ARI incidence",2026-09-27,3,"LT","quantile","0.25",354.390656767125
2026-09-16,"ARI incidence",2026-09-27,3,"LT","quantile","0.3",372.363813306094
2026-09-16,"ARI incidence",2026-09-27,3,"LT","quantile","0.35",389.831307153662
2026-09-16,"ARI incidence",2026-09-27,3,"LT","quantile","0.4",407.163314153588
2026-09-16,"ARI incidence",2026-09-27,3,"LT","quantile","0.45",424.665322138611
2026-09-16,"ARI incidence",2026-09-27,3,"LT","quantile","0.5",442.624207879551
2026-09-16,"ARI incidence",2026-09-27,3,"LT","quantile","0.55",461.342565986711
2026-09-16,"ARI incidence",2026-09-27,3,"LT","quantile","0.6",481.173481477011
2026-09-16,"ARI incidence",2026-09-27,3,"LT","quantile","0.65",502.566586638396
2026-09-16,"ARI incidence",2026-09-27,3,"LT","quantile","0.7",526.141860191854
2026-09-16,"ARI incidence",2026-09-27,3,"LT","quantile","0.75",552.825492602475
2026-09-16,"ARI incidence",2026-09-27,3,"LT","quantile","0.8",584.13449964852
2026-09-16,"ARI incidence",2026-09-27,3,"LT","quantile","0.85",622.87389234769
2026-09-16,"ARI incidence",2026-09-27,3,"LT","quantile","0.9",675.287456242102
2026-09-16,"ARI incidence",2026-09-27,3,"LT","quantile","0.95",761.19373713696
2026-09-16,"ARI incidence",2026-09-27,3,"LT","quantile","0.975",844.506720225743
2026-09-16,"ARI incidence",2026-09-27,3,"LT","quantile","0.99",952.907611455979
2026-09-16,"ARI incidence",2026-10-04,4,"LT","quantile","0.01",464.982744649632
2026-09-16,"ARI incidence",2026-10-04,4,"LT","quantile","0.025",484.727541258102
2026-09-16,"ARI incidence",2026-10-04,4,"LT","quantile","0.05",502.378484789308
2026-09-16,"ARI incidence",2026-10-04,4,"LT","quantile","0.1",523.528070730211
2026-09-16,"ARI incidence",2026-10-04,4,"LT","quantile","0.15",538.298352131153
2026-09-16,"ARI incidence",2026-10-04,4,"LT","quantile","0.2",550.333940015839
2026-09-16,"ARI incidence",2026-10-04,4,"LT","quantile","0.25",560.873638255693
2026-09-16,"ARI incidence",2026-10-04,4,"LT","quantile","0.3",570.510527834512
2026-09-16,"ARI incidence",2026-10-04,4,"LT","quantile","0.35",579.588287955064
2026-09-16,"ARI incidence",2026-10-04,4,"LT","quantile","0.4",588.335718190631
2026-09-16,"ARI incidence",2026-10-04,4,"LT","quantile","0.45",596.924594184838
2026-09-16,"ARI incidence",2026-10-04,4,"LT","quantile","0.5",605.499706772018
2026-09-16,"ARI incidence",2026-10-04,4,"LT","quantile","0.55",614.198005028878
2026-09-16,"ARI incidence",2026-10-04,4,"LT","quantile","0.6",623.164434123658
2026-09-16,"ARI incidence",2026-10-04,4,"LT","quantile","0.65",632.569536894136
2026-09-16,"ARI incidence",2026-10-04,4,"LT","quantile","0.7",642.634757841574
2026-09-16,"ARI incidence",2026-10-04,4,"LT","quantile","0.75",653.676460960463
2026-09-16,"ARI incidence",2026-10-04,4,"LT","quantile","0.8",666.195319319118
2026-09-16,"ARI incidence",2026-10-04,4,"LT","quantile","0.85",681.090502041279
2026-09-16,"ARI incidence",2026-10-04,4,"LT","quantile","0.9",700.30608748377
2026-09-16,"ARI incidence",2026-10-04,4,"LT","quantile","0.95",729.78820949062
2026-09-16,"ARI incidence",2026-10-04,4,"LT","quantile","0.975",756.362830033174
2026-09-16,"ARI incidence",2026-10-04,4,"LT","quantile","0.99",788.480646044744
2026-09-16,"ARI incidence",2026-09-13,1,"LU","quantile","0.01",1681.27449209814
2026-09-16,"ARI incidence",2026-09-13,1,"LU","quantile","0.025",1997.36575983286
2026-09-16,"ARI incidence",2026-09-13,1,"LU","quantile","0.05",2316.35995424308
2026-09-16,"ARI incidence",2026-09-13,1,"LU","quantile","0.1",2747.86686371533
2026-09-16,"ARI incidence",2026-09-13,1,"LU","quantile","0.15",3083.55063310992
2026-09-16,"ARI incidence",2026-09-13,1,"LU","quantile","0.2",3379.35274575309
2026-09-16,"ARI incidence",2026-09-13,1,"LU","quantile","0.25",3655.63915720117
2026-09-16,"ARI incidence",2026-09-13,1,"LU","quantile","0.3",3922.95142065716
2026-09-16,"ARI incidence",2026-09-13,1,"LU","quantile","0.35",4188.07413840244
2026-09-16,"ARI incidence",2026-09-13,1,"LU","quantile","0.4",4456.19863889005
2026-09-16,"ARI incidence",2026-09-13,1,"LU","quantile","0.45",4731.93917212801
2026-09-16,"ARI incidence",2026-09-13,1,"LU","quantile","0.5",5019.96121498971
2026-09-16,"ARI incidence",2026-09-13,1,"LU","quantile","0.55",5325.51448430142
2026-09-16,"ARI incidence",2026-09-13,1,"LU","quantile","0.6",5655.04651881448
2026-09-16,"ARI incidence",2026-09-13,1,"LU","quantile","0.65",6017.0879901409
2026-09-16,"ARI incidence",2026-09-13,1,"LU","quantile","0.7",6423.73761431376
2026-09-16,"ARI incidence",2026-09-13,1,"LU","quantile","0.75",6893.46226920674
2026-09-16,"ARI incidence",2026-09-13,1,"LU","quantile","0.8",7457.05242865529
2026-09-16,"ARI incidence",2026-09-13,1,"LU","quantile","0.85",8172.40045595926
2026-09-16,"ARI incidence",2026-09-13,1,"LU","quantile","0.9",9170.75384282942
2026-09-16,"ARI incidence",2026-09-13,1,"LU","quantile","0.95",10879.1427488806
2026-09-16,"ARI incidence",2026-09-13,1,"LU","quantile","0.975",12616.6229074187
2026-09-16,"ARI incidence",2026-09-13,1,"LU","quantile","0.99",14988.6355371708
2026-09-16,"ARI incidence",2026-09-20,2,"LU","quantile","0.01",1130.51716809832
2026-09-16,"ARI incidence",2026-09-20,2,"LU","quantile","0.025",1469.25161170456
2026-09-16,"ARI incidence",2026-09-20,2,"LU","quantile","0.05",1840.71608266008
2026-09-16,"ARI incidence",2026-09-20,2,"LU","quantile","0.1",2386.97810372405
2026-09-16,"ARI incidence",2026-09-20,2,"LU","quantile","0.15",2844.43255096234
2026-09-16,"ARI incidence",2026-09-20,2,"LU","quantile","0.2",3269.75358350418
2026-09-16,"ARI incidence",2026-09-20,2,"LU","quantile","0.25",3684.98112378267
2026-09-16,"ARI incidence",2026-09-20,2,"LU","quantile","0.3",4102.61960016039
2026-09-16,"ARI incidence",2026-09-20,2,"LU","quantile","0.35",4531.76282433112
2026-09-16,"ARI incidence",2026-09-20,2,"LU","quantile","0.4",4980.41310469343
2026-09-16,"ARI incidence",2026-09-20,2,"LU","quantile","0.45",5456.71906562433
2026-09-16,"ARI incidence",2026-09-20,2,"LU","quantile","0.5",5969.92575330724
2026-09-16,"ARI incidence",2026-09-20,2,"LU","quantile","0.55",6531.39974247937
2026-09-16,"ARI incidence",2026-09-20,2,"LU","quantile","0.6",7156.03560403747
2026-09-16,"ARI incidence",2026-09-20,2,"LU","quantile","0.65",7864.49222555275
2026-09-16,"ARI incidence",2026-09-20,2,"LU","quantile","0.7",8687.13577505642
2026-09-16,"ARI incidence",2026-09-20,2,"LU","quantile","0.75",9671.69499729112
2026-09-16,"ARI incidence",2026-09-20,2,"LU","quantile","0.8",10899.9080786405
2026-09-16,"ARI incidence",2026-09-20,2,"LU","quantile","0.85",12529.7446367442
2026-09-16,"ARI incidence",2026-09-20,2,"LU","quantile","0.9",14931.0181959345
2026-09-16,"ARI incidence",2026-09-20,2,"LU","quantile","0.95",19362.0373265259
2026-09-16,"ARI incidence",2026-09-20,2,"LU","quantile","0.975",24257.2566986353
2026-09-16,"ARI incidence",2026-09-20,2,"LU","quantile","0.99",31525.4066950194
2026-09-16,"ARI incidence",2026-09-27,3,"LU","quantile","0.01",7878.44330798704
2026-09-16,"ARI incidence",2026-09-27,3,"LU","quantile","0.025",8098.81112839331
2026-09-16,"ARI incidence",2026-09-27,3,"LU","quantile","0.05",8293.26358243716
2026-09-16,"ARI incidence",2026-09-27,3,"LU","quantile","0.1",8523.25631063083
2026-09-16,"ARI incidence",2026-09-27,3,"LU","quantile","0.15",8682.02400545035
2026-09-16,"ARI incidence",2026-09-27,3,"LU","quantile","0.2",8810.31415992904
2026-09-16,"ARI incidence",2026-09-27,3,"LU","quantile","0.25",8921.88542182965
2026-09-16,"ARI incidence",2026-09-27,3,"LU","quantile","0.3",9023.28348920308
2026-09-16,"ARI incidence",2026-09-27,3,"LU","quantile","0.35",9118.27232937765
2026-09-16,"ARI incidence",2026-09-27,3,"LU","quantile","0.4",9209.3319018283
2026-09-16,"ARI incidence",2026-09-27,3,"LU","quantile","0.45",9298.29852862833
2026-09-16,"ARI incidence",2026-09-27,3,"LU","quantile","0.5",9386.69370971489
2026-09-16,"ARI incidence",2026-09-27,3,"LU","quantile","0.55",9475.92922820461
2026-09-16,"ARI incidence",2026-09-27,3,"LU","quantile","0.6",9567.47131488538
2026-09-16,"ARI incidence",2026-09-27,3,"LU","quantile","0.65",9663.01681033636
2026-09-16,"ARI incidence",2026-09-27,3,"LU","quantile","0.7",9764.74017528433
2026-09-16,"ARI incidence",2026-09-27,3,"LU","quantile","0.75",9875.71736624387
2026-09-16,"ARI incidence",2026-09-27,3,"LU","quantile","0.8",10000.7805851853
2026-09-16,"ARI incidence",2026-09-27,3,"LU","quantile","0.85",10148.5573807085
2026-09-16,"ARI incidence",2026-09-27,3,"LU","quantile","0.9",10337.6005119198
2026-09-16,"ARI incidence",2026-09-27,3,"LU","quantile","0.95",10624.287763697
2026-09-16,"ARI incidence",2026-09-27,3,"LU","quantile","0.975",10879.3769113962
2026-09-16,"ARI incidence",2026-09-27,3,"LU","quantile","0.99",11183.68380092
2026-09-16,"ARI incidence",2026-10-04,4,"LU","quantile","0.01",7613.70110345694
2026-09-16,"ARI incidence",2026-10-04,4,"LU","quantile","0.025",7887.43056802875
2026-09-16,"ARI incidence",2026-10-04,4,"LU","quantile","0.05",8130.71165603045
2026-09-16,"ARI incidence",2026-10-04,4,"LU","quantile","0.1",8420.52667267777
2026-09-16,"ARI incidence",2026-10-04,4,"LU","quantile","0.15",8621.87734606996
2026-09-16,"ARI incidence",2026-10-04,4,"LU","quantile","0.2",8785.33278694501
2026-09-16,"ARI incidence",2026-10-04,4,"LU","quantile","0.25",8928.03043744085
2026-09-16,"ARI incidence",2026-10-04,4,"LU","quantile","0.3",9058.15158366717
2026-09-16,"ARI incidence",2026-10-04,4,"LU","quantile","0.35",9180.42050372118
2026-09-16,"ARI incidence",2026-10-04,4,"LU","quantile","0.4",9297.96747120686
2026-09-16,"ARI incidence",2026-10-04,4,"LU","quantile","0.45",9413.12785471621
2026-09-16,"ARI incidence",2026-10-04,4,"LU","quantile","0.5",9527.85490548638
2026-09-16,"ARI incidence",2026-10-04,4,"LU","quantile","0.55",9643.98024770457
2026-09-16,"ARI incidence",2026-10-04,4,"LU","quantile","0.6",9763.42618761795
2026-09-16,"ARI incidence",2026-10-04,4,"LU","quantile","0.65",9888.43801470795
2026-09-16,"ARI incidence",2026-10-04,4,"LU","quantile","0.7",10021.9143234131
2026-09-16,"ARI incidence",2026-10-04,4,"LU","quantile","0.75",10167.9782272362
2026-09-16,"ARI incidence",2026-10-04,4,"LU","quantile","0.8",10333.133792598
2026-09-16,"ARI incidence",2026-10-04,4,"LU","quantile","0.85",10529.03160834
2026-09-16,"ARI incidence",2026-10-04,4,"LU","quantile","0.9",10780.8006112677
2026-09-16,"ARI incidence",2026-10-04,4,"LU","quantile","0.95",11165.0766796865
2026-09-16,"ARI incidence",2026-10-04,4,"LU","quantile","0.975",11509.4539745266
2026-09-16,"ARI incidence",2026-10-04,4,"LU","quantile","0.99",11923.2444072152
2026-09-16,"ARI incidence",2026-09-13,1,"NL","quantile","0.01",79.1118176852794
2026-09-16,"ARI incidence",2026-09-13,1,"NL","quantile","0.025",81.0933063742806
2026-09-16,"ARI incidence",2026-09-13,1,"NL","quantile","0.05",82.8371474812748
2026-09-16,"ARI incidence",2026-09-13,1,"NL","quantile","0.1",84.8942763212709
2026-09-16,"ARI incidence",2026-09-13,1,"NL","quantile","0.15",86.3109952932987
2026-09-16,"ARI incidence",2026-09-13,1,"NL","quantile","0.2",87.4538014227312
2026-09-16,"ARI incidence",2026-09-13,1,"NL","quantile","0.25",88.4462789241706
2026-09-16,"ARI incidence",2026-09-13,1,"NL","quantile","0.3",89.3471497301831
2026-09-16,"ARI incidence",2026-09-13,1,"NL","quantile","0.35",90.190129686752
2026-09-16,"ARI incidence",2026-09-13,1,"NL","quantile","0.4",90.9973882492138
2026-09-16,"ARI incidence",2026-09-13,1,"NL","quantile","0.45",91.785296755925
2026-09-16,"ARI incidence",2026-09-13,1,"NL","quantile","0.5",92.5673737516063
2026-09-16,"ARI incidence",2026-09-13,1,"NL","quantile","0.55",93.3561146079362
2026-09-16,"ARI incidence",2026-09-13,1,"NL","quantile","0.6",94.1644463443554
2026-09-16,"ARI incidence",2026-09-13,1,"NL","quantile","0.65",95.0072775483349
2026-09-16,"ARI incidence",2026-09-13,1,"NL","quantile","0.7",95.9036601519578
2026-09-16,"ARI incidence",2026-09-13,1,"NL","quantile","0.75",96.880488218345
2026-09-16,"ARI incidence",2026-09-13,1,"NL","quantile","0.8",97.979945341088
2026-09-16,"ARI incidence",2026-09-13,1,"NL","quantile","0.85",99.2772549331829
2026-09-16,"ARI incidence",2026-09-13,1,"NL","quantile","0.9",100.933997609478
2026-09-16,"ARI incidence",2026-09-13,1,"NL","quantile","0.95",103.440532946967
2026-09-16,"ARI incidence",2026-09-13,1,"NL","quantile","0.975",105.664931748142
2026-09-16,"ARI incidence",2026-09-13,1,"NL","quantile","0.99",108.311487891195
2026-09-16,"ARI incidence",2026-09-20,2,"NL","quantile","0.01",69.5093827645853
2026-09-16,"ARI incidence",2026-09-20,2,"NL","quantile","0.025",72.7536926935914
2026-09-16,"ARI incidence",2026-09-20,2,"NL","quantile","0.05",75.6648400330772
2026-09-16,"ARI incidence",2026-09-20,2,"NL","quantile","0.1",79.1660693958656
2026-09-16,"ARI incidence",2026-09-20,2,"NL","quantile","0.15",81.6194092267216
2026-09-16,"ARI incidence",2026-09-20,2,"NL","quantile","0.2",83.623356517344
2026-09-16,"ARI incidence",2026-09-20,2,"NL","quantile","0.25",85.3817313288127
2026-09-16,"ARI incidence",2026-09-20,2,"NL","quantile","0.3",86.992294695222
2026-09-16,"ARI incidence",2026-09-20,2,"NL","quantile","0.35",88.5118285368056
2026-09-16,"ARI incidence",2026-09-20,2,"NL","quantile","0.4",89.9782529396696
2026-09-16,"ARI incidence",2026-09-20,2,"NL","quantile","0.45",91.4201553119762
2026-09-16,"ARI incidence",2026-09-20,2,"NL","quantile","0.5",92.8617548503938
2026-09-16,"ARI incidence",2026-09-20,2,"NL","quantile","0.55",94.3260868948116
2026-09-16,"ARI incidence",2026-09-20,2,"NL","quantile","0.6",95.8376633482377
2026-09-16,"ARI incidence",2026-09-20,2,"NL","quantile","0.65",97.4254589069847
2026-09-16,"ARI incidence",2026-09-20,2,"NL","quantile","0.7",99.127233556793
2026-09-16,"ARI incidence",2026-09-20,2,"NL","quantile","0.75",100.997079582347
2026-09-16,"ARI incidence",2026-09-20,2,"NL","quantile","0.8",103.120777173135
2026-09-16,"ARI incidence",2026-09-20,2,"NL","quantile","0.85",105.652633308591
2026-09-16,"ARI incidence",2026-09-20,2,"NL","quantile","0.9",108.926786181265
2026-09-16,"ARI incidence",2026-09-20,2,"NL","quantile","0.95",113.967141278894
2026-09-16,"ARI incidence",2026-09-20,2,"NL","quantile","0.975",118.527392832312
2026-09-16,"ARI incidence",2026-09-20,2,"NL","quantile","0.99",124.059589812502
2026-09-16,"ARI incidence",2026-09-27,3,"NL","quantile","0.01",62.6706352325285
2026-09-16,"ARI incidence",2026-09-27,3,"NL","quantile","0.025",65.9196322357089
2026-09-16,"ARI incidence",2026-09-27,3,"NL","quantile","0.05",68.848355416788
2026-09-16,"ARI incidence",2026-09-27,3,"NL","quantile","0.1",72.3868389987571
2026-09-16,"ARI incidence",2026-09-27,3,"NL","quantile","0.15",74.876417476259
2026-09-16,"ARI incidence",2026-09-27,3,"NL","quantile","0.2",76.9159809295249
2026-09-16,"ARI incidence",2026-09-27,3,"NL","quantile","0.25",78.7099638927057
2026-09-16,"ARI incidence",2026-09-27,3,"NL","quantile","0.3",80.3566482172746
2026-09-16,"ARI incidence",2026-09-27,3,"NL","quantile","0.35",81.9132833962531
2026-09-16,"ARI incidence",2026-09-27,3,"NL","quantile","0.4",83.4182514111546
2026-09-16,"ARI incidence",2026-09-27,3,"NL","quantile","0.45",84.9006376127443
2026-09-16,"ARI incidence",2026-09-27,3,"NL","quantile","0.5",86.385238347577
2026-09-16,"ARI incidence",2026-09-27,3,"NL","quantile","0.55",87.8957993037206
2026-09-16,"ARI incidence",2026-09-27,3,"NL","quantile","0.6",89.4577538863375
2026-09-16,"ARI incidence",2026-09-27,3,"NL","quantile","0.65",91.1013341788352
2026-09-16,"ARI incidence",2026-09-27,3,"NL","quantile","0.7",92.8661108934042
2026-09-16,"ARI incidence",2026-09-27,3,"NL","quantile","0.75",94.8089547409798
2026-09-16,"ARI incidence",2026-09-27,3,"NL","quantile","0.8",97.0202721747149
2026-09-16,"ARI incidence",2026-09-27,3,"NL","quantile","0.85",99.663013481298
2026-09-16,"ARI incidence",2026-09-27,3,"NL","quantile","0.9",103.090693109224
2026-09-16,"ARI incidence",2026-09-27,3,"NL","quantile","0.95",108.389072755513
2026-09-16,"ARI incidence",2026-09-27,3,"NL","quantile","0.975",113.204657721456
2026-09-16,"ARI incidence",2026-09-27,3,"NL","quantile","0.99",119.073460428153
2026-09-16,"ARI incidence",2026-10-04,4,"NL","quantile","0.01",56.8884842823332
2026-09-16,"ARI incidence",2026-10-04,4,"NL","quantile","0.025",60.6150188187616
2026-09-16,"ARI incidence",2026-10-04,4,"NL","quantile","0.05",64.0147159437887
2026-09-16,"ARI incidence",2026-10-04,4,"NL","quantile","0.1",68.1716677612668
2026-09-16,"ARI incidence",2026-10-04,4,"NL","quantile","0.15",71.1277968205118
2026-09-16,"ARI incidence",2026-10-04,4,"NL","quantile","0.2",73.568391085098
2026-09-16,"ARI incidence",2026-10-04,4,"NL","quantile","0.25",75.7288366525033
2026-09-16,"ARI incidence",2026-10-04,4,"NL","quantile","0.3",77.7230004517392
2026-09-16,"ARI incidence",2026-10-04,4,"NL","quantile","0.35",79.6177361847652
2026-09-16,"ARI incidence",2026-10-04,4,"NL","quantile","0.4",81.4583474549404
2026-09-16,"ARI incidence",2026-10-04,4,"NL","quantile","0.45",83.279650339181
2026-09-16,"ARI incidence",2026-10-04,4,"NL","quantile","0.5",85.1118311214571
2026-09-16,"ARI incidence",2026-10-04,4,"NL","quantile","0.55",86.9843205073988
2026-09-16,"ARI incidence",2026-10-04,4,"NL","quantile","0.6",88.9291769742143
2026-09-16,"ARI incidence",2026-10-04,4,"NL","quantile","0.65",90.9850511202247
2026-09-16,"ARI incidence",2026-10-04,4,"NL","quantile","0.7",93.203089880009
2026-09-16,"ARI incidence",2026-10-04,4,"NL","quantile","0.75",95.6574023457941
2026-09-16,"ARI incidence",2026-10-04,4,"NL","quantile","0.8",98.4665246854199
2026-09-16,"ARI incidence",2026-10-04,4,"NL","quantile","0.85",101.845187404404
2026-09-16,"ARI incidence",2026-10-04,4,"NL","quantile","0.9",106.261501804761
2026-09-16,"ARI incidence",2026-10-04,4,"NL","quantile","0.95",113.161851771839
2026-09-16,"ARI incidence",2026-10-04,4,"NL","quantile","0.975",119.508728001999
2026-09-16,"ARI incidence",2026-10-04,4,"NL","quantile","0.99",127.337261455164
2026-09-16,"ARI incidence",2026-09-06,0,"RO","quantile","0.01",465.707172225225
2026-09-16,"ARI incidence",2026-09-06,0,"RO","quantile","0.025",474.849526858554
2026-09-16,"ARI incidence",2026-09-06,0,"RO","quantile","0.05",482.855882792393
2026-09-16,"ARI incidence",2026-09-06,0,"RO","quantile","0.1",492.254382526844
2026-09-16,"ARI incidence",2026-09-06,0,"RO","quantile","0.15",498.69863953503
2026-09-16,"ARI incidence",2026-09-06,0,"RO","quantile","0.2",503.880446354501
2026-09-16,"ARI incidence",2026-09-06,0,"RO","quantile","0.25",508.36886443561
2026-09-16,"ARI incidence",2026-09-06,0,"RO","quantile","0.3",512.433666344581
2026-09-16,"ARI incidence",2026-09-06,0,"RO","quantile","0.35",516.229318101163
2026-09-16,"ARI incidence",2026-09-06,0,"RO","quantile","0.4",519.857013768555
2026-09-16,"ARI incidence",2026-09-06,0,"RO","quantile","0.45",523.391113472019
2026-09-16,"ARI incidence",2026-09-06,0,"RO","quantile","0.5",526.892637733031
2026-09-16,"ARI incidence",2026-09-06,0,"RO","quantile","0.55",530.417587443645
2026-09-16,"ARI incidence",2026-09-06,0,"RO","quantile","0.6",534.023480196554
2026-09-16,"ARI incidence",2026-09-06,0,"RO","quantile","0.65",537.776220688939
2026-09-16,"ARI incidence",2026-09-06,0,"RO","quantile","0.7",541.759587494767
2026-09-16,"ARI incidence",2026-09-06,0,"RO","quantile","0.75",546.091374037
2026-09-16,"ARI incidence",2026-09-06,0,"RO","quantile","0.8",550.955794585363
2026-09-16,"ARI incidence",2026-09-06,0,"RO","quantile","0.85",556.68058761121
2026-09-16,"ARI incidence",2026-09-06,0,"RO","quantile","0.9",563.968268341688
2026-09-16,"ARI incidence",2026-09-06,0,"RO","quantile","0.95",574.945571941254
2026-09-16,"ARI incidence",2026-09-06,0,"RO","quantile","0.975",584.639630018977
2026-09-16,"ARI incidence",2026-09-06,0,"RO","quantile","0.99",596.116762322507
2026-09-16,"ARI incidence",2026-09-13,1,"RO","quantile","0.01",440.542482102798
2026-09-16,"ARI incidence",2026-09-13,1,"RO","quantile","0.025",450.140421109694
2026-09-16,"ARI incidence",2026-09-13,1,"RO","quantile","0.05",458.562268528021
2026-09-16,"ARI incidence",2026-09-13,1,"RO","quantile","0.1",468.467861863336
2026-09-16,"ARI incidence",2026-09-13,1,"RO","quantile","0.15",475.271723540325
2026-09-16,"ARI incidence",2026-09-13,1,"RO","quantile","0.2",480.749624827931
2026-09-16,"ARI incidence",2026-09-13,1,"RO","quantile","0.25",485.499467012534
2026-09-16,"ARI incidence",2026-09-13,1,"RO","quantile","0.3",489.804953540627
2026-09-16,"ARI incidence",2026-09-13,1,"RO","quantile","0.35",493.828704535906
2026-09-16,"ARI incidence",2026-09-13,1,"RO","quantile","0.4",497.677411207199
2026-09-16,"ARI incidence",2026-09-13,1,"RO","quantile","0.45",501.429626433041
2026-09-16,"ARI incidence",2026-09-13,1,"RO","quantile","0.5",505.149971027321
2026-09-16,"ARI incidence",2026-09-13,1,"RO","quantile","0.55",508.897918625433
2026-09-16,"ARI incidence",2026-09-13,1,"RO","quantile","0.6",512.734730334516
2026-09-16,"ARI incidence",2026-09-13,1,"RO","quantile","0.65",516.730783134031
2026-09-16,"ARI incidence",2026-09-13,1,"RO","quantile","0.7",520.975730000937
2026-09-16,"ARI incidence",2026-09-13,1,"RO","quantile","0.75",525.595825674336
2026-09-16,"ARI incidence",2026-09-13,1,"RO","quantile","0.8",530.788751671382
2026-09-16,"ARI incidence",2026-09-13,1,"RO","quantile","0.85",536.906532810492
2026-09-16,"ARI incidence",2026-09-13,1,"RO","quantile","0.9",544.704373559236
2026-09-16,"ARI incidence",2026-09-13,1,"RO","quantile","0.95",556.470758154647
2026-09-16,"ARI incidence",2026-09-13,1,"RO","quantile","0.975",566.881980071546
2026-09-16,"ARI incidence",2026-09-13,1,"RO","quantile","0.99",579.232431821091
2026-09-16,"ARI incidence",2026-09-20,2,"RO","quantile","0.01",337.199934018358
2026-09-16,"ARI incidence",2026-09-20,2,"RO","quantile","0.025",357.749969800098
2026-09-16,"ARI incidence",2026-09-20,2,"RO","quantile","0.05",376.423085701914
2026-09-16,"ARI incidence",2026-09-20,2,"RO","quantile","0.1",399.164827797831
2026-09-16,"ARI incidence",2026-09-20,2,"RO","quantile","0.15",415.279806818767
2026-09-16,"ARI incidence",2026-09-20,2,"RO","quantile","0.2",428.55022381372
2026-09-16,"ARI incidence",2026-09-20,2,"RO","quantile","0.25",440.272513184922
2026-09-16,"ARI incidence",2026-09-20,2,"RO","quantile","0.3",451.07250649263
2026-09-16,"ARI incidence",2026-09-20,2,"RO","quantile","0.35",461.316659172737
2026-09-16,"ARI incidence",2026-09-20,2,"RO","quantile","0.4",471.252398760655
2026-09-16,"ARI incidence",2026-09-20,2,"RO","quantile","0.45",481.068972838236
2026-09-16,"ARI incidence",2026-09-20,2,"RO","quantile","0.5",490.929536867988
2026-09-16,"ARI incidence",2026-09-20,2,"RO","quantile","0.55",500.992214790912
2026-09-16,"ARI incidence",2026-09-20,2,"RO","quantile","0.6",511.428293634692
2026-09-16,"ARI incidence",2026-09-20,2,"RO","quantile","0.65",522.443326893105
2026-09-16,"ARI incidence",2026-09-20,2,"RO","quantile","0.7",534.308357748147
2026-09-16,"ARI incidence",2026-09-20,2,"RO","quantile","0.75",547.415073509683
2026-09-16,"ARI incidence",2026-09-20,2,"RO","quantile","0.8",562.388716133723
2026-09-16,"ARI incidence",2026-09-20,2,"RO","quantile","0.85",580.360051733981
2026-09-16,"ARI incidence",2026-09-20,2,"RO","quantile","0.9",603.79019739556
2026-09-16,"ARI incidence",2026-09-20,2,"RO","quantile","0.95",640.268408936725
2026-09-16,"ARI incidence",2026-09-20,2,"RO","quantile","0.975",673.687856085882
2026-09-16,"ARI incidence",2026-09-20,2,"RO","quantile","0.99",714.744535377923
2026-09-16,"ARI incidence",2026-09-27,3,"RO","quantile","0.01",282.856600782624
2026-09-16,"ARI incidence",2026-09-27,3,"RO","quantile","0.025",306.597472992385
2026-09-16,"ARI incidence",2026-09-27,3,"RO","quantile","0.05",328.60369281381
2026-09-16,"ARI incidence",2026-09-27,3,"RO","quantile","0.1",355.94284901038
2026-09-16,"ARI incidence",2026-09-27,3,"RO","quantile","0.15",375.662186668022
2026-09-16,"ARI incidence",2026-09-27,3,"RO","quantile","0.2",392.110740280181
2026-09-16,"ARI incidence",2026-09-27,3,"RO","quantile","0.25",406.794936715572
2026-09-16,"ARI incidence",2026-09-27,3,"RO","quantile","0.3",420.449866639741
2026-09-16,"ARI incidence",2026-09-27,3,"RO","quantile","0.35",433.512019620899
2026-09-16,"ARI incidence",2026-09-27,3,"RO","quantile","0.4",446.281757865001
2026-09-16,"ARI incidence",2026-09-27,3,"RO","quantile","0.45",458.994533247794
2026-09-16,"ARI incidence",2026-09-27,3,"RO","quantile","0.5",471.859268681615
2026-09-16,"ARI incidence",2026-09-27,3,"RO","quantile","0.55",485.08457794757
2026-09-16,"ARI incidence",2026-09-27,3,"RO","quantile","0.6",498.902689874453
2026-09-16,"ARI incidence",2026-09-27,3,"RO","quantile","0.65",513.598607105414
2026-09-16,"ARI incidence",2026-09-27,3,"RO","quantile","0.7",529.554620198096
2026-09-16,"ARI incidence",2026-09-27,3,"RO","quantile","0.75",547.330237781264
2026-09-16,"ARI incidence",2026-09-27,3,"RO","quantile","0.8",567.8272655364
2026-09-16,"ARI incidence",2026-09-27,3,"RO","quantile","0.85",592.689861642924
2026-09-16,"ARI incidence",2026-09-27,3,"RO","quantile","0.9",625.525052855481
2026-09-16,"ARI incidence",2026-09-27,3,"RO","quantile","0.95",677.56745986085
2026-09-16,"ARI incidence",2026-09-27,3,"RO","quantile","0.975",726.200275780742
2026-09-16,"ARI incidence",2026-09-27,3,"RO","quantile","0.99",787.152107550979
2026-09-16,"ARI incidence",2026-10-04,4,"RO","quantile","0.01",297.29031623053
2026-09-16,"ARI incidence",2026-10-04,4,"RO","quantile","0.025",315.737599039434
2026-09-16,"ARI incidence",2026-10-04,4,"RO","quantile","0.05",332.516276175465
2026-09-16,"ARI incidence",2026-10-04,4,"RO","quantile","0.1",352.970593279553
2026-09-16,"ARI incidence",2026-10-04,4,"RO","quantile","0.15",367.477214219966
2026-09-16,"ARI incidence",2026-10-04,4,"RO","quantile","0.2",379.430654941387
2026-09-16,"ARI incidence",2026-10-04,4,"RO","quantile","0.25",389.99504898483
2026-09-16,"ARI incidence",2026-10-04,4,"RO","quantile","0.3",399.732646856898
2026-09-16,"ARI incidence",2026-10-04,4,"RO","quantile","0.35",408.972887202373
2026-09-16,"ARI incidence",2026-10-04,4,"RO","quantile","0.4",417.938399541013
2026-09-16,"ARI incidence",2026-10-04,4,"RO","quantile","0.45",426.799660183266
2026-09-16,"ARI incidence",2026-10-04,4,"RO","quantile","0.5",435.703843143081
2026-09-16,"ARI incidence",2026-10-04,4,"RO","quantile","0.55",444.793791185623
2026-09-16,"ARI incidence",2026-10-04,4,"RO","quantile","0.6",454.224448239581
2026-09-16,"ARI incidence",2026-10-04,4,"RO","quantile","0.65",464.181966262503
2026-09-16,"ARI incidence",2026-10-04,4,"RO","quantile","0.7",474.912020377488
2026-09-16,"ARI incidence",2026-10-04,4,"RO","quantile","0.75",486.769869063221
2026-09-16,"ARI incidence",2026-10-04,4,"RO","quantile","0.8",500.32288234322
2026-09-16,"ARI incidence",2026-10-04,4,"RO","quantile","0.85",516.597578254244
2026-09-16,"ARI incidence",2026-10-04,4,"RO","quantile","0.9",537.829050193138
2026-09-16,"ARI incidence",2026-10-04,4,"RO","quantile","0.95",570.912922257901
2026-09-16,"ARI incidence",2026-10-04,4,"RO","quantile","0.975",601.25192408884
2026-09-16,"ARI incidence",2026-10-04,4,"RO","quantile","0.99",638.560452747621
2026-09-16,"ARI incidence",2026-09-13,1,"SI","quantile","0.01",25.0730251176555
2026-09-16,"ARI incidence",2026-09-13,1,"SI","quantile","0.025",32.3445001699437
2026-09-16,"ARI incidence",2026-09-13,1,"SI","quantile","0.05",40.2640201527635
2026-09-16,"ARI incidence",2026-09-13,1,"SI","quantile","0.1",51.8299258228659
2026-09-16,"ARI incidence",2026-09-13,1,"SI","quantile","0.15",61.4568077689805
2026-09-16,"ARI incidence",2026-09-13,1,"SI","quantile","0.2",70.3678750109088
2026-09-16,"ARI incidence",2026-09-13,1,"SI","quantile","0.25",79.0357189466205
2026-09-16,"ARI incidence",2026-09-13,1,"SI","quantile","0.3",87.7259629692225
2026-09-16,"ARI incidence",2026-09-13,1,"SI","quantile","0.35",96.6295003283974
2026-09-16,"ARI incidence",2026-09-13,1,"SI","quantile","0.4",105.912240902084
2026-09-16,"ARI incidence",2026-09-13,1,"SI","quantile","0.45",115.741300373257
2026-09-16,"ARI incidence",2026-09-13,1,"SI","quantile","0.5",126.304692496015
2026-09-16,"ARI incidence",2026-09-13,1,"SI","quantile","0.55",137.832176544293
2026-09-16,"ARI incidence",2026-09-13,1,"SI","quantile","0.6",150.623527654951
2026-09-16,"ARI incidence",2026-09-13,1,"SI","quantile","0.65",165.093219899685
2026-09-16,"ARI incidence",2026-09-13,1,"SI","quantile","0.7",181.848962457211
2026-09-16,"ARI incidence",2026-09-13,1,"SI","quantile","0.75",201.843869571012
2026-09-16,"ARI incidence",2026-09-13,1,"SI","quantile","0.8",226.706794031221
2026-09-16,"ARI incidence",2026-09-13,1,"SI","quantile","0.85",259.578652481928
2026-09-16,"ARI incidence",2026-09-13,1,"SI","quantile","0.9",307.792748942637
2026-09-16,"ARI incidence",2026-09-13,1,"SI","quantile","0.95",396.206719696317
2026-09-16,"ARI incidence",2026-09-13,1,"SI","quantile","0.975",493.217556700324
2026-09-16,"ARI incidence",2026-09-13,1,"SI","quantile","0.99",636.256505613254
2026-09-16,"ARI incidence",2026-09-20,2,"SI","quantile","0.01",12.2677041224226
2026-09-16,"ARI incidence",2026-09-20,2,"SI","quantile","0.025",17.4186095182293
2026-09-16,"ARI incidence",2026-09-20,2,"SI","quantile","0.05",23.5481637217597
2026-09-16,"ARI incidence",2026-09-20,2,"SI","quantile","0.1",33.3370056647549
2026-09-16,"ARI incidence",2026-09-20,2,"SI","quantile","0.15",42.1487813378539
2026-09-16,"ARI incidence",2026-09-20,2,"SI","quantile","0.2",50.7853998473601
2026-09-16,"ARI incidence",2026-09-20,2,"SI","quantile","0.25",59.5922899674262
2026-09-16,"ARI incidence",2026-09-20,2,"SI","quantile","0.3",68.7953995187838
2026-09-16,"ARI incidence",2026-09-20,2,"SI","quantile","0.35",78.5875716622406
2026-09-16,"ARI incidence",2026-09-20,2,"SI","quantile","0.4",89.1651556127054
2026-09-16,"ARI incidence",2026-09-20,2,"SI","quantile","0.45",100.75225303143
2026-09-16,"ARI incidence",2026-09-20,2,"SI","quantile","0.5",113.624797341989
2026-09-16,"ARI incidence",2026-09-20,2,"SI","quantile","0.55",128.141993678101
2026-09-16,"ARI incidence",2026-09-20,2,"SI","quantile","0.6",144.794168554878
2026-09-16,"ARI incidence",2026-09-20,2,"SI","quantile","0.65",164.282905018316
2026-09-16,"ARI incidence",2026-09-20,2,"SI","quantile","0.7",187.66653964242
2026-09-16,"ARI incidence",2026-09-20,2,"SI","quantile","0.75",216.648740601595
2026-09-16,"ARI incidence",2026-09-20,2,"SI","quantile","0.8",254.218626018735
2026-09-16,"ARI incidence",2026-09-20,2,"SI","quantile","0.85",306.310032252651
2026-09-16,"ARI incidence",2026-09-20,2,"SI","quantile","0.9",387.275171046857
2026-09-16,"ARI incidence",2026-09-20,2,"SI","quantile","0.95",548.263326327985
2026-09-16,"ARI incidence",2026-09-20,2,"SI","quantile","0.975",741.19547587863
2026-09-16,"ARI incidence",2026-09-20,2,"SI","quantile","0.99",1052.40511526605
2026-09-16,"ARI incidence",2026-09-27,3,"SI","quantile","0.01",14.4222849507553
2026-09-16,"ARI incidence",2026-09-27,3,"SI","quantile","0.025",20.0048889679124
2026-09-16,"ARI incidence",2026-09-27,3,"SI","quantile","0.05",26.5064622733831
2026-09-16,"ARI incidence",2026-09-27,3,"SI","quantile","0.1",36.6655794998455
2026-09-16,"ARI incidence",2026-09-27,3,"SI","quantile","0.15",45.6381144053801
2026-09-16,"ARI incidence",2026-09-27,3,"SI","quantile","0.2",54.3107288252291
2026-09-16,"ARI incidence",2026-09-27,3,"SI","quantile","0.25",63.0532699416541
2026-09-16,"ARI incidence",2026-09-27,3,"SI","quantile","0.3",72.0974257195305
2026-09-16,"ARI incidence",2026-09-27,3,"SI","quantile","0.35",81.632291032023
2026-09-16,"ARI incidence",2026-09-27,3,"SI","quantile","0.4",91.8433853936894
2026-09-16,"ARI incidence",2026-09-27,3,"SI","quantile","0.45",102.936840184885
2026-09-16,"ARI incidence",2026-09-27,3,"SI","quantile","0.5",115.161845026524
2026-09-16,"ARI incidence",2026-09-27,3,"SI","quantile","0.55",128.838718247934
2026-09-16,"ARI incidence",2026-09-27,3,"SI","quantile","0.6",144.400715338007
2026-09-16,"ARI incidence",2026-09-27,3,"SI","quantile","0.65",162.463289738009
2026-09-16,"ARI incidence",2026-09-27,3,"SI","quantile","0.7",183.949016453169
2026-09-16,"ARI incidence",2026-09-27,3,"SI","quantile","0.75",210.334064548677
2026-09-16,"ARI incidence",2026-09-27,3,"SI","quantile","0.8",244.19209310541
2026-09-16,"ARI incidence",2026-09-27,3,"SI","quantile","0.85",290.595935496179
2026-09-16,"ARI incidence",2026-09-27,3,"SI","quantile","0.9",361.708466927924
2026-09-16,"ARI incidence",2026-09-27,3,"SI","quantile","0.95",500.34027223733
2026-09-16,"ARI incidence",2026-09-27,3,"SI","quantile","0.975",662.950470316808
2026-09-16,"ARI incidence",2026-09-27,3,"SI","quantile","0.99",919.566531600009
2026-09-16,"ARI incidence",2026-10-04,4,"SI","quantile","0.01",18.6529369264678
2026-09-16,"ARI incidence",2026-10-04,4,"SI","quantile","0.025",24.2858227204403
2026-09-16,"ARI incidence",2026-10-04,4,"SI","quantile","0.05",30.4733330331785
2026-09-16,"ARI incidence",2026-10-04,4,"SI","quantile","0.1",39.5878170770259
2026-09-16,"ARI incidence",2026-10-04,4,"SI","quantile","0.15",47.2318548076975
2026-09-16,"ARI incidence",2026-10-04,4,"SI","quantile","0.2",54.3466307579023
2026-09-16,"ARI incidence",2026-10-04,4,"SI","quantile","0.25",61.2987587612198
2026-09-16,"ARI incidence",2026-10-04,4,"SI","quantile","0.3",68.2967265066605
2026-09-16,"ARI incidence",2026-10-04,4,"SI","quantile","0.35",75.4926028514383
2026-09-16,"ARI incidence",2026-10-04,4,"SI","quantile","0.4",83.0206111427339
2026-09-16,"ARI incidence",2026-10-04,4,"SI","quantile","0.45",91.0177888831106
2026-09-16,"ARI incidence",2026-10-04,4,"SI","quantile","0.5",99.6399260352731
2026-09-16,"ARI incidence",2026-10-04,4,"SI","quantile","0.55",109.078840324992
2026-09-16,"ARI incidence",2026-10-04,4,"SI","quantile","0.6",119.586145219356
2026-09-16,"ARI incidence",2026-10-04,4,"SI","quantile","0.65",131.511094932734
2026-09-16,"ARI incidence",2026-10-04,4,"SI","quantile","0.7",145.36736045975
2026-09-16,"ARI incidence",2026-10-04,4,"SI","quantile","0.75",161.96273890289
2026-09-16,"ARI incidence",2026-10-04,4,"SI","quantile","0.8",182.681331332966
2026-09-16,"ARI incidence",2026-10-04,4,"SI","quantile","0.85",210.199554955794
2026-09-16,"ARI incidence",2026-10-04,4,"SI","quantile","0.9",250.787125771487
2026-09-16,"ARI incidence",2026-10-04,4,"SI","quantile","0.95",325.796815514248
2026-09-16,"ARI incidence",2026-10-04,4,"SI","quantile","0.975",408.802904254039
2026-09-16,"ARI incidence",2026-10-04,4,"SI","quantile","0.99",532.254781080993
2026-09-16,"ILI incidence",2026-09-13,1,"BE","quantile","0.01",33.8212534926853
2026-09-16,"ILI incidence",2026-09-13,1,"BE","quantile","0.025",36.4532550301103
2026-09-16,"ILI incidence",2026-09-13,1,"BE","quantile","0.05",38.8801738266397
2026-09-16,"ILI incidence",2026-09-13,1,"BE","quantile","0.1",41.8794575144735
2026-09-16,"ILI incidence",2026-09-13,1,"BE","quantile","0.15",44.0327070338266
2026-09-16,"ILI incidence",2026-09-13,1,"BE","quantile","0.2",45.8227278718916
2026-09-16,"ILI incidence",2026-09-13,1,"BE","quantile","0.25",47.4162892886986
2026-09-16,"ILI incidence",2026-09-13,1,"BE","quantile","0.3",48.8945317490198
2026-09-16,"ILI incidence",2026-09-13,1,"BE","quantile","0.35",50.3054513959443
2026-09-16,"ILI incidence",2026-09-13,1,"BE","quantile","0.4",51.6819044039949
2026-09-16,"ILI incidence",2026-09-13,1,"BE","quantile","0.45",53.0494749374164
2026-09-16,"ILI incidence",2026-09-13,1,"BE","quantile","0.5",54.4306898817202
2026-09-16,"ILI incidence",2026-09-13,1,"BE","quantile","0.55",55.8478666281836
2026-09-16,"ILI incidence",2026-09-13,1,"BE","quantile","0.6",57.3256739504164
2026-09-16,"ILI incidence",2026-09-13,1,"BE","quantile","0.65",58.8942136247059
2026-09-16,"ILI incidence",2026-09-13,1,"BE","quantile","0.7",60.5936879855567
2026-09-16,"ILI incidence",2026-09-13,1,"BE","quantile","0.75",62.482746867038
2026-09-16,"ILI incidence",2026-09-13,1,"BE","quantile","0.8",64.6556880961547
2026-09-16,"ILI incidence",2026-09-13,1,"BE","quantile","0.85",67.2840758739637
2026-09-16,"ILI incidence",2026-09-13,1,"BE","quantile","0.9",70.7435142868337
2026-09-16,"ILI incidence",2026-09-13,1,"BE","quantile","0.95",76.2007910306726
2026-09-16,"ILI incidence",2026-09-13,1,"BE","quantile","0.975",81.2739492962376
2026-09-16,"ILI incidence",2026-09-13,1,"BE","quantile","0.99",87.5987639441204
2026-09-16,"ILI incidence",2026-09-20,2,"BE","quantile","0.01",22.1713965585846
2026-09-16,"ILI incidence",2026-09-20,2,"BE","quantile","0.025",26.5535758792808
2026-09-16,"ILI incidence",2026-09-20,2,"BE","quantile","0.05",31.009238766844
2026-09-16,"ILI incidence",2026-09-20,2,"BE","quantile","0.1",37.0819188498442
2026-09-16,"ILI incidence",2026-09-20,2,"BE","quantile","0.15",41.8375763206102
2026-09-16,"ILI incidence",2026-09-20,2,"BE","quantile","0.2",46.0485340108162
2026-09-16,"ILI incidence",2026-09-20,2,"BE","quantile","0.25",49.9973736865623
2026-09-16,"ILI incidence",2026-09-20,2,"BE","quantile","0.3",53.8313260747468
2026-09-16,"ILI incidence",2026-09-20,2,"BE","quantile","0.35",57.6460145666305
2026-09-16,"ILI incidence",2026-09-20,2,"BE","quantile","0.4",61.5154412601112
2026-09-16,"ILI incidence",2026-09-20,2,"BE","quantile","0.45",65.5061904893554
2026-09-16,"ILI incidence",2026-09-20,2,"BE","quantile","0.5",69.6863537645643
2026-09-16,"ILI incidence",2026-09-20,2,"BE","quantile","0.55",74.1332668671844
2026-09-16,"ILI incidence",2026-09-20,2,"BE","quantile","0.6",78.9425841955055
2026-09-16,"ILI incidence",2026-09-20,2,"BE","quantile","0.65",84.2415202075584
2026-09-16,"ILI incidence",2026-09-20,2,"BE","quantile","0.7",90.2111884492128
2026-09-16,"ILI incidence",2026-09-20,2,"BE","quantile","0.75",97.1288598365955
2026-09-16,"ILI incidence",2026-09-20,2,"BE","quantile","0.8",105.458034773905
2026-09-16,"ILI incidence",2026-09-20,2,"BE","quantile","0.85",116.072400174093
2026-09-16,"ILI incidence",2026-09-20,2,"BE","quantile","0.9",130.958376794474
2026-09-16,"ILI incidence",2026-09-20,2,"BE","quantile","0.95",156.604550582918
2026-09-16,"ILI incidence",2026-09-20,2,"BE","quantile","0.975",182.882634078267
2026-09-16,"ILI incidence",2026-09-20,2,"BE","quantile","0.99",219.029409724744
2026-09-16,"ILI incidence",2026-09-27,3,"BE","quantile","0.01",4.82062855146098
2026-09-16,"ILI incidence",2026-09-27,3,"BE","quantile","0.025",6.89213401284628
2026-09-16,"ILI incidence",2026-09-27,3,"BE","quantile","0.05",9.37297193673587
2026-09-16,"ILI incidence",2026-09-27,3,"BE","quantile","0.1",13.3604621174043
2026-09-16,"ILI incidence",2026-09-27,3,"BE","quantile","0.15",16.9701966935711
2026-09-16,"ILI incidence",2026-09-27,3,"BE","quantile","0.2",20.5227616005461
2026-09-16,"ILI incidence",2026-09-27,3,"BE","quantile","0.25",24.1576912787628
2026-09-16,"ILI incidence",2026-09-27,3,"BE","quantile","0.3",27.9674995949699
2026-09-16,"ILI incidence",2026-09-27,3,"BE","quantile","0.35",32.0322070737156
2026-09-16,"ILI incidence",2026-09-27,3,"BE","quantile","0.4",36.4341572765574
2026-09-16,"ILI incidence",2026-09-27,3,"BE","quantile","0.45",41.2680340958114
2026-09-16,"ILI incidence",2026-09-27,3,"BE","quantile","0.5",46.6510064307299
2026-09-16,"ILI incidence",2026-09-27,3,"BE","quantile","0.55",52.7361297595926
2026-09-16,"ILI incidence",2026-09-27,3,"BE","quantile","0.6",59.7328595932777
2026-09-16,"ILI incidence",2026-09-27,3,"BE","quantile","0.65",67.941506371748
2026-09-16,"ILI incidence",2026-09-27,3,"BE","quantile","0.7",77.8159089127662
2026-09-16,"ILI incidence",2026-09-27,3,"BE","quantile","0.75",90.0879300048517
2026-09-16,"ILI incidence",2026-09-27,3,"BE","quantile","0.8",106.044032638478
2026-09-16,"ILI incidence",2026-09-27,3,"BE","quantile","0.85",128.243439972883
2026-09-16,"ILI incidence",2026-09-27,3,"BE","quantile","0.9",162.892299822846
2026-09-16,"ILI incidence",2026-09-27,3,"BE","quantile","0.95",232.190645153889
2026-09-16,"ILI incidence",2026-09-27,3,"BE","quantile","0.975",315.768149160123
2026-09-16,"ILI incidence",2026-09-27,3,"BE","quantile","0.99",451.459053060711
2026-09-16,"ILI incidence",2026-10-04,4,"BE","quantile","0.01",3.32027073723744
2026-09-16,"ILI incidence",2026-10-04,4,"BE","quantile","0.025",4.96764526218698
2026-09-16,"ILI incidence",2026-10-04,4,"BE","quantile","0.05",7.02490596755592
2026-09-16,"ILI incidence",2026-10-04,4,"BE","quantile","0.1",10.4748009287144
2026-09-16,"ILI incidence",2026-10-04,4,"BE","quantile","0.15",13.7154150660407
2026-09-16,"ILI incidence",2026-10-04,4,"BE","quantile","0.2",16.9921000758775
2026-09-16,"ILI incidence",2026-10-04,4,"BE","quantile","0.25",20.4204573481892
2026-09-16,"ILI incidence",2026-10-04,4,"BE","quantile","0.3",24.0849007648591
2026-09-16,"ILI incidence",2026-10-04,4,"BE","quantile","0.35",28.0650942265446
2026-09-16,"ILI incidence",2026-10-04,4,"BE","quantile","0.4",32.4484643943837
2026-09-16,"ILI incidence",2026-10-04,4,"BE","quantile","0.45",37.3399837024238
2026-09-16,"ILI incidence",2026-10-04,4,"BE","quantile","0.5",42.8733367140931
2026-09-16,"ILI incidence",2026-10-04,4,"BE","quantile","0.55",49.2266685397799
2026-09-16,"ILI incidence",2026-10-04,4,"BE","quantile","0.6",56.6474572928681
2026-09-16,"ILI incidence",2026-10-04,4,"BE","quantile","0.65",65.4949876940539
2026-09-16,"ILI incidence",2026-10-04,4,"BE","quantile","0.7",76.3184793221942
2026-09-16,"ILI incidence",2026-10-04,4,"BE","quantile","0.75",90.0138018291251
2026-09-16,"ILI incidence",2026-10-04,4,"BE","quantile","0.8",108.175151558191
2026-09-16,"ILI incidence",2026-10-04,4,"BE","quantile","0.85",134.018765903132
2026-09-16,"ILI incidence",2026-10-04,4,"BE","quantile","0.9",175.480471037991
2026-09-16,"ILI incidence",2026-10-04,4,"BE","quantile","0.95",261.658022112929
2026-09-16,"ILI incidence",2026-10-04,4,"BE","quantile","0.975",370.018973575173
2026-09-16,"ILI incidence",2026-10-04,4,"BE","quantile","0.99",553.606361187693
2026-09-16,"ILI incidence",2026-09-06,0,"CH","quantile","0.01",3.3449631485627
2026-09-16,"ILI incidence",2026-09-06,0,"CH","quantile","0.025",4.08183334077342
2026-09-16,"ILI incidence",2026-09-06,0,"CH","quantile","0.05",4.8441660272144
2026-09-16,"ILI incidence",2026-09-06,0,"CH","quantile","0.1",5.90140828135108
2026-09-16,"ILI incidence",2026-09-06,0,"CH","quantile","0.15",6.74220211127396
2026-09-16,"ILI incidence",2026-09-06,0,"CH","quantile","0.2",7.49507560575339
2026-09-16,"ILI incidence",2026-09-06,0,"CH","quantile","0.25",8.20763116238861
2026-09-16,"ILI incidence",2026-09-06,0,"CH","quantile","0.3",8.90507946652019
2026-09-16,"ILI incidence",2026-09-06,0,"CH","quantile","0.35",9.60416644473095
2026-09-16,"ILI incidence",2026-09-06,0,"CH","quantile","0.4",10.3182116297548
2026-09-16,"ILI incidence",2026-09-06,0,"CH","quantile","0.45",11.0595470426498
2026-09-16,"ILI incidence",2026-09-06,0,"CH","quantile","0.5",11.841112397045
2026-09-16,"ILI incidence",2026-09-06,0,"CH","quantile","0.55",12.6779100679931
2026-09-16,"ILI incidence",2026-09-06,0,"CH","quantile","0.6",13.5887833890828
2026-09-16,"ILI incidence",2026-09-06,0,"CH","quantile","0.65",14.5990746418578
2026-09-16,"ILI incidence",2026-09-06,0,"CH","quantile","0.7",15.7451646924206
2026-09-16,"ILI incidence",2026-09-06,0,"CH","quantile","0.75",17.0831193587223
2026-09-16,"ILI incidence",2026-09-06,0,"CH","quantile","0.8",18.7072085959778
2026-09-16,"ILI incidence",2026-09-06,0,"CH","quantile","0.85",20.7961642925237
2026-09-16,"ILI incidence",2026-09-06,0,"CH","quantile","0.9",23.7590649748018
2026-09-16,"ILI incidence",2026-09-06,0,"CH","quantile","0.95",28.9444957112837
2026-09-16,"ILI incidence",2026-09-06,0,"CH","quantile","0.975",34.3502370365975
2026-09-16,"ILI incidence",2026-09-06,0,"CH","quantile","0.99",41.9173355795268
2026-09-16,"ILI incidence",2026-09-13,1,"CH","quantile","0.01",2.13082746102925
2026-09-16,"ILI incidence",2026-09-13,1,"CH","quantile","0.025",2.96276151400672
2026-09-16,"ILI incidence",2026-09-13,1,"CH","quantile","0.05",3.93379952809469
2026-09-16,"ILI incidence",2026-09-13,1,"CH","quantile","0.1",5.45452007403772
2026-09-16,"ILI incidence",2026-09-13,1,"CH","quantile","0.15",6.80026290944373
2026-09-16,"ILI incidence",2026-09-13,1,"CH","quantile","0.2",8.10289097232042
2026-09-16,"ILI incidence",2026-09-13,1,"CH","quantile","0.25",9.41757918054996
2026-09-16,"ILI incidence",2026-09-13,1,"CH","quantile","0.3",10.7790393261453
2026-09-16,"ILI incidence",2026-09-13,1,"CH","quantile","0.35",12.2157313941811
2026-09-16,"ILI incidence",2026-09-13,1,"CH","quantile","0.4",13.7556864773178
2026-09-16,"ILI incidence",2026-09-13,1,"CH","quantile","0.45",15.4301400786444
2026-09-16,"ILI incidence",2026-09-13,1,"CH","quantile","0.5",17.2769278520642
2026-09-16,"ILI incidence",2026-09-13,1,"CH","quantile","0.55",19.3447521852733
2026-09-16,"ILI incidence",2026-09-13,1,"CH","quantile","0.6",21.6995521450438
2026-09-16,"ILI incidence",2026-09-13,1,"CH","quantile","0.65",24.4350687137419
2026-09-16,"ILI incidence",2026-09-13,1,"CH","quantile","0.7",27.6919145550771
2026-09-16,"ILI incidence",2026-09-13,1,"CH","quantile","0.75",31.6952191516376
2026-09-16,"ILI incidence",2026-09-13,1,"CH","quantile","0.8",36.8377455682279
2026-09-16,"ILI incidence",2026-09-13,1,"CH","quantile","0.85",43.8942199706581
2026-09-16,"ILI incidence",2026-09-13,1,"CH","quantile","0.9",54.7238312360763
2026-09-16,"ILI incidence",2026-09-13,1,"CH","quantile","0.95",75.8788631382045
2026-09-16,"ILI incidence",2026-09-13,1,"CH","quantile","0.975",100.747979408495
2026-09-16,"ILI incidence",2026-09-13,1,"CH","quantile","0.99",140.08278073404
2026-09-16,"ILI incidence",2026-09-20,2,"CH","quantile","0.01",2.11197528741975
2026-09-16,"ILI incidence",2026-09-20,2,"CH","quantile","0.025",2.92901223783135
2026-09-16,"ILI incidence",2026-09-20,2,"CH","quantile","0.05",3.88040313131758
2026-09-16,"ILI incidence",2026-09-20,2,"CH","quantile","0.1",5.36678873102345
2026-09-16,"ILI incidence",2026-09-20,2,"CH","quantile","0.15",6.67939296648429
2026-09-16,"ILI incidence",2026-09-20,2,"CH","quantile","0.2",7.94800006973969
2026-09-16,"ILI incidence",2026-09-20,2,"CH","quantile","0.25",9.22673488197044
2026-09-16,"ILI incidence",2026-09-20,2,"CH","quantile","0.3",10.5494939079505
2026-09-16,"ILI incidence",2026-09-20,2,"CH","quantile","0.35",11.943933786258
2026-09-16,"ILI incidence",2026-09-20,2,"CH","quantile","0.4",13.437181158036
2026-09-16,"ILI incidence",2026-09-20,2,"CH","quantile","0.45",15.05937070204
2026-09-16,"ILI incidence",2026-09-20,2,"CH","quantile","0.5",16.8469269742667
2026-09-16,"ILI incidence",2026-09-20,2,"CH","quantile","0.55",18.8466672407386
2026-09-16,"ILI incidence",2026-09-20,2,"CH","quantile","0.6",21.1219112951038
2026-09-16,"ILI incidence",2026-09-20,2,"CH","quantile","0.65",23.7626023013308
2026-09-16,"ILI incidence",2026-09-20,2,"CH","quantile","0.7",26.9035605833545
2026-09-16,"ILI incidence",2026-09-20,2,"CH","quantile","0.75",30.7604967636898
2026-09-16,"ILI incidence",2026-09-20,2,"CH","quantile","0.8",35.7094798673764
2026-09-16,"ILI incidence",2026-09-20,2,"CH","quantile","0.85",42.4917279010856
2026-09-16,"ILI incidence",2026-09-20,2,"CH","quantile","0.9",52.8843155005565
2026-09-16,"ILI incidence",2026-09-20,2,"CH","quantile","0.95",73.14161412397
2026-09-16,"ILI incidence",2026-09-20,2,"CH","quantile","0.975",96.8992019939172
2026-09-16,"ILI incidence",2026-09-20,2,"CH","quantile","0.99",134.385544266014
2026-09-16,"ILI incidence",2026-09-27,3,"CH","quantile","0.01",5.07826262152485
2026-09-16,"ILI incidence",2026-09-27,3,"CH","quantile","0.025",6.34427532698332
2026-09-16,"ILI incidence",2026-09-27,3,"CH","quantile","0.05",7.68282355723225
2026-09-16,"ILI incidence",2026-09-27,3,"CH","quantile","0.1",9.58020084900161
2026-09-16,"ILI incidence",2026-09-27,3,"CH","quantile","0.15",11.1185124694043
2026-09-16,"ILI incidence",2026-09-27,3,"CH","quantile","0.2",12.5154365033685
2026-09-16,"ILI incidence",2026-09-27,3,"CH","quantile","0.25",13.8529426304837
2026-09-16,"ILI incidence",2026-09-27,3,"CH","quantile","0.3",15.1754520736569
2026-09-16,"ILI incidence",2026-09-27,3,"CH","quantile","0.35",16.5134026331921
2026-09-16,"ILI incidence",2026-09-27,3,"CH","quantile","0.4",17.8919004341188
2026-09-16,"ILI incidence",2026-09-27,3,"CH","quantile","0.45",19.3350425205248
2026-09-16,"ILI incidence",2026-09-27,3,"CH","quantile","0.5",20.8689053479262
2026-09-16,"ILI incidence",2026-09-27,3,"CH","quantile","0.55",22.5244506164593
2026-09-16,"ILI incidence",2026-09-27,3,"CH","quantile","0.6",24.3412493840067
2026-09-16,"ILI incidence",2026-09-27,3,"CH","quantile","0.65",26.3731963723407
2026-09-16,"ILI incidence",2026-09-27,3,"CH","quantile","0.7",28.6984010958532
2026-09-16,"ILI incidence",2026-09-27,3,"CH","quantile","0.75",31.4381732486462
2026-09-16,"ILI incidence",2026-09-27,3,"CH","quantile","0.8",34.7979241717606
2026-09-16,"ILI incidence",2026-09-27,3,"CH","quantile","0.85",39.1699169847707
2026-09-16,"ILI incidence",2026-09-27,3,"CH","quantile","0.9",45.4595072989612
2026-09-16,"ILI incidence",2026-09-27,3,"CH","quantile","0.95",56.6863480823703
2026-09-16,"ILI incidence",2026-09-27,3,"CH","quantile","0.975",68.6463288515233
2026-09-16,"ILI incidence",2026-09-27,3,"CH","quantile","0.99",85.7598834244479
2026-09-16,"ILI incidence",2026-10-04,4,"CH","quantile","0.01",5.77988123012552
2026-09-16,"ILI incidence",2026-10-04,4,"CH","quantile","0.025",6.88644113818952
2026-09-16,"ILI incidence",2026-10-04,4,"CH","quantile","0.05",8.00616124390209
2026-09-16,"ILI incidence",2026-10-04,4,"CH","quantile","0.1",9.52489830268619
2026-09-16,"ILI incidence",2026-10-04,4,"CH","quantile","0.15",10.7091911028564
2026-09-16,"ILI incidence",2026-10-04,4,"CH","quantile","0.2",11.754589067346
2026-09-16,"ILI incidence",2026-10-04,4,"CH","quantile","0.25",12.7324101670549
2026-09-16,"ILI incidence",2026-10-04,4,"CH","quantile","0.3",13.6796548408998
2026-09-16,"ILI incidence",2026-10-04,4,"CH","quantile","0.35",14.6202133678741
2026-09-16,"ILI incidence",2026-10-04,4,"CH","quantile","0.4",15.5724394462757
2026-09-16,"ILI incidence",2026-10-04,4,"CH","quantile","0.45",16.5527178518051
2026-09-16,"ILI incidence",2026-10-04,4,"CH","quantile","0.5",17.5776829068849
2026-09-16,"ILI incidence",2026-10-04,4,"CH","quantile","0.55",18.6661150840131
2026-09-16,"ILI incidence",2026-10-04,4,"CH","quantile","0.6",19.8411390483132
2026-09-16,"ILI incidence",2026-10-04,4,"CH","quantile","0.65",21.1334081521631
2026-09-16,"ILI incidence",2026-10-04,4,"CH","quantile","0.7",22.5864570391945
2026-09-16,"ILI incidence",2026-10-04,4,"CH","quantile","0.75",24.2668067020387
2026-09-16,"ILI incidence",2026-10-04,4,"CH","quantile","0.8",26.2854732398361
2026-09-16,"ILI incidence",2026-10-04,4,"CH","quantile","0.85",28.8513794746443
2026-09-16,"ILI incidence",2026-10-04,4,"CH","quantile","0.9",32.4386598739702
2026-09-16,"ILI incidence",2026-10-04,4,"CH","quantile","0.95",38.592145094545
2026-09-16,"ILI incidence",2026-10-04,4,"CH","quantile","0.975",44.8671425740559
2026-09-16,"ILI incidence",2026-10-04,4,"CH","quantile","0.99",53.4569698014855
2026-09-16,"ILI incidence",2026-09-13,1,"CZ","quantile","0.01",3.02786749470673
2026-09-16,"ILI incidence",2026-09-13,1,"CZ","quantile","0.025",3.29523366202784
2026-09-16,"ILI incidence",2026-09-13,1,"CZ","quantile","0.05",3.54399159823322
2026-09-16,"ILI incidence",2026-09-13,1,"CZ","quantile","0.1",3.8541881982948
2026-09-16,"ILI incidence",2026-09-13,1,"CZ","quantile","0.15",4.07867376915029
2026-09-16,"ILI incidence",2026-09-13,1,"CZ","quantile","0.2",4.26637656466155
2026-09-16,"ILI incidence",2026-09-13,1,"CZ","quantile","0.25",4.43427833516512
2026-09-16,"ILI incidence",2026-09-13,1,"CZ","quantile","0.3",4.59068325605906
2026-09-16,"ILI incidence",2026-09-13,1,"CZ","quantile","0.35",4.74053605799317
2026-09-16,"ILI incidence",2026-09-13,1,"CZ","quantile","0.4",4.88725229571834
2026-09-16,"ILI incidence",2026-09-13,1,"CZ","quantile","0.45",5.0335223932893
2026-09-16,"ILI incidence",2026-09-13,1,"CZ","quantile","0.5",5.18174690620837
2026-09-16,"ILI incidence",2026-09-13,1,"CZ","quantile","0.55",5.33433625641502
2026-09-16,"ILI incidence",2026-09-13,1,"CZ","quantile","0.6",5.49398708626592
2026-09-16,"ILI incidence",2026-09-13,1,"CZ","quantile","0.65",5.66402210035435
2026-09-16,"ILI incidence",2026-09-13,1,"CZ","quantile","0.7",5.8489116983972
2026-09-16,"ILI incidence",2026-09-13,1,"CZ","quantile","0.75",6.05521326594853
2026-09-16,"ILI incidence",2026-09-13,1,"CZ","quantile","0.8",6.29351408462231
2026-09-16,"ILI incidence",2026-09-13,1,"CZ","quantile","0.85",6.58314504167707
2026-09-16,"ILI incidence",2026-09-13,1,"CZ","quantile","0.9",6.9665775563008
2026-09-16,"ILI incidence",2026-09-13,1,"CZ","quantile","0.95",7.57634442852113
2026-09-16,"ILI incidence",2026-09-13,1,"CZ","quantile","0.975",8.14828438705515
2026-09-16,"ILI incidence",2026-09-13,1,"CZ","quantile","0.99",8.86779261210725
2026-09-16,"ILI incidence",2026-09-20,2,"CZ","quantile","0.01",3.91227891184861
2026-09-16,"ILI incidence",2026-09-20,2,"CZ","quantile","0.025",4.05848750035283
2026-09-16,"ILI incidence",2026-09-20,2,"CZ","quantile","0.05",4.18859798322187
2026-09-16,"ILI incidence",2026-09-20,2,"CZ","quantile","0.1",4.3437923039542
2026-09-16,"ILI incidence",2026-09-20,2,"CZ","quantile","0.15",4.4517368823441
2026-09-16,"ILI incidence",2026-09-20,2,"CZ","quantile","0.2",4.5394377441325
2026-09-16,"ILI incidence",2026-09-20,2,"CZ","quantile","0.25",4.61605293795786
2026-09-16,"ILI incidence",2026-09-20,2,"CZ","quantile","0.3",4.68595714782379
2026-09-16,"ILI incidence",2026-09-20,2,"CZ","quantile","0.35",4.75167845009747
2026-09-16,"ILI incidence",2026-09-20,2,"CZ","quantile","0.4",4.81489364214462
2026-09-16,"ILI incidence",2026-09-20,2,"CZ","quantile","0.45",4.87685541657474
2026-09-16,"ILI incidence",2026-09-20,2,"CZ","quantile","0.5",4.93861326689993
2026-09-16,"ILI incidence",2026-09-20,2,"CZ","quantile","0.55",5.00115318512564
2026-09-16,"ILI incidence",2026-09-20,2,"CZ","quantile","0.6",5.06551189137719
2026-09-16,"ILI incidence",2026-09-20,2,"CZ","quantile","0.65",5.1329022483623
2026-09-16,"ILI incidence",2026-09-20,2,"CZ","quantile","0.7",5.20489202751821
2026-09-16,"ILI incidence",2026-09-20,2,"CZ","quantile","0.75",5.2837134512565
2026-09-16,"ILI incidence",2026-09-20,2,"CZ","quantile","0.8",5.37289029495458
2026-09-16,"ILI incidence",2026-09-20,2,"CZ","quantile","0.85",5.47873821939747
2026-09-16,"ILI incidence",2026-09-20,2,"CZ","quantile","0.9",5.61488655380637
2026-09-16,"ILI incidence",2026-09-20,2,"CZ","quantile","0.95",5.82292716983054
2026-09-16,"ILI incidence",2026-09-20,2,"CZ","quantile","0.975",6.00960357716505
2026-09-16,"ILI incidence",2026-09-20,2,"CZ","quantile","0.99",6.23419279390676
2026-09-16,"ILI incidence",2026-09-27,3,"CZ","quantile","0.01",3.71666874676953
2026-09-16,"ILI incidence",2026-09-27,3,"CZ","quantile","0.025",3.86154792979687
2026-09-16,"ILI incidence",2026-09-27,3,"CZ","quantile","0.05",3.99066120918424
2026-09-16,"ILI incidence",2026-09-27,3,"CZ","quantile","0.1",4.14488742232661
2026-09-16,"ILI incidence",2026-09-27,3,"CZ","quantile","0.15",4.25229650690393
2026-09-16,"ILI incidence",2026-09-27,3,"CZ","quantile","0.2",4.33964347705009
2026-09-16,"ILI incidence",2026-09-27,3,"CZ","quantile","0.25",4.41600792870785
2026-09-16,"ILI incidence",2026-09-27,3,"CZ","quantile","0.3",4.4857301154819
2026-09-16,"ILI incidence",2026-09-27,3,"CZ","quantile","0.35",4.55132038715068
2026-09-16,"ILI incidence",2026-09-27,3,"CZ","quantile","0.4",4.61444572401683
2026-09-16,"ILI incidence",2026-09-27,3,"CZ","quantile","0.45",4.67635341646649
2026-09-16,"ILI incidence",2026-09-27,3,"CZ","quantile","0.5",4.73809043814067
2026-09-16,"ILI incidence",2026-09-27,3,"CZ","quantile","0.55",4.80064250938569
2026-09-16,"ILI incidence",2026-09-27,3,"CZ","quantile","0.6",4.86504822955376
2026-09-16,"ILI incidence",2026-09-27,3,"CZ","quantile","0.65",4.93252486978935
2026-09-16,"ILI incidence",2026-09-27,3,"CZ","quantile","0.7",5.004648166977
2026-09-16,"ILI incidence",2026-09-27,3,"CZ","quantile","0.75",5.08366410623019
2026-09-16,"ILI incidence",2026-09-27,3,"CZ","quantile","0.8",5.17312104524776
2026-09-16,"ILI incidence",2026-09-27,3,"CZ","quantile","0.85",5.27938279081704
2026-09-16,"ILI incidence",2026-09-27,3,"CZ","quantile","0.9",5.41619077012197
2026-09-16,"ILI incidence",2026-09-27,3,"CZ","quantile","0.95",5.6255091132101
2026-09-16,"ILI incidence",2026-09-27,3,"CZ","quantile","0.975",5.81360154221391
2026-09-16,"ILI incidence",2026-09-27,3,"CZ","quantile","0.99",6.04022110378084
2026-09-16,"ILI incidence",2026-10-04,4,"CZ","quantile","0.01",4.601
2026-09-16,"ILI incidence",2026-10-04,4,"CZ","quantile","0.025",4.601
2026-09-16,"ILI incidence",2026-10-04,4,"CZ","quantile","0.05",4.601
2026-09-16,"ILI incidence",2026-10-04,4,"CZ","quantile","0.1",4.601
2026-09-16,"ILI incidence",2026-10-04,4,"CZ","quantile","0.15",4.601
2026-09-16,"ILI incidence",2026-10-04,4,"CZ","quantile","0.2",4.601
2026-09-16,"ILI incidence",2026-10-04,4,"CZ","quantile","0.25",4.601
2026-09-16,"ILI incidence",2026-10-04,4,"CZ","quantile","0.3",4.601
2026-09-16,"ILI incidence",2026-10-04,4,"CZ","quantile","0.35",4.601
2026-09-16,"ILI incidence",2026-10-04,4,"CZ","quantile","0.4",4.601
2026-09-16,"ILI incidence",2026-10-04,4,"CZ","quantile","0.45",4.601
2026-09-16,"ILI incidence",2026-10-04,4,"CZ","quantile","0.5",4.601
2026-09-16,"ILI incidence",2026-10-04,4,"CZ","quantile","0.55",4.601
2026-09-16,"ILI incidence",2026-10-04,4,"CZ","quantile","0.6",4.601
2026-09-16,"ILI incidence",2026-10-04,4,"CZ","quantile","0.65",4.601
2026-09-16,"ILI incidence",2026-10-04,4,"CZ","quantile","0.7",4.601
2026-09-16,"ILI incidence",2026-10-04,4,"CZ","quantile","0.75",4.601
2026-09-16,"ILI incidence",2026-10-04,4,"CZ","quantile","0.8",4.601
2026-09-16,"ILI incidence",2026-10-04,4,"CZ","quantile","0.85",4.601
2026-09-16,"ILI incidence",2026-10-04,4,"CZ","quantile","0.9",4.601
2026-09-16,"ILI incidence",2026-10-04,4,"CZ","quantile","0.95",4.601
2026-09-16,"ILI incidence",2026-10-04,4,"CZ","quantile","0.975",4.601
2026-09-16,"ILI incidence",2026-10-04,4,"CZ","quantile","0.99",4.601
2026-09-16,"ILI incidence",2026-09-13,1,"DK","quantile","0.01",50.0728095443026
2026-09-16,"ILI incidence",2026-09-13,1,"DK","quantile","0.025",53.9788542400801
2026-09-16,"ILI incidence",2026-09-13,1,"DK","quantile","0.05",57.5811222922312
2026-09-16,"ILI incidence",2026-09-13,1,"DK","quantile","0.1",62.0336636140892
2026-09-16,"ILI incidence",2026-09-13,1,"DK","quantile","0.15",65.2306947513652
2026-09-16,"ILI incidence",2026-09-13,1,"DK","quantile","0.2",67.8886985459251
2026-09-16,"ILI incidence",2026-09-13,1,"DK","quantile","0.25",70.2551814407144
2026-09-16,"ILI incidence",2026-09-13,1,"DK","quantile","0.3",72.4505767058227
2026-09-16,"ILI incidence",2026-09-13,1,"DK","quantile","0.35",74.546131166229
2026-09-16,"ILI incidence",2026-09-13,1,"DK","quantile","0.4",76.590625110826
2026-09-16,"ILI incidence",2026-09-13,1,"DK","quantile","0.45",78.6220500397729
2026-09-16,"ILI incidence",2026-09-13,1,"DK","quantile","0.5",80.6738653713017
2026-09-16,"ILI incidence",2026-09-13,1,"DK","quantile","0.55",82.7792273370453
2026-09-16,"ILI incidence",2026-09-13,1,"DK","quantile","0.6",84.9747935146044
2026-09-16,"ILI incidence",2026-09-13,1,"DK","quantile","0.65",87.3053027988031
2026-09-16,"ILI incidence",2026-09-13,1,"DK","quantile","0.7",89.8305141223792
2026-09-16,"ILI incidence",2026-09-13,1,"DK","quantile","0.75",92.6376164787076
2026-09-16,"ILI incidence",2026-09-13,1,"DK","quantile","0.8",95.8668039503544
2026-09-16,"ILI incidence",2026-09-13,1,"DK","quantile","0.85",99.7731601472894
2026-09-16,"ILI incidence",2026-09-13,1,"DK","quantile","0.9",104.915173065302
2026-09-16,"ILI incidence",2026-09-13,1,"DK","quantile","0.95",113.027886481903
2026-09-16,"ILI incidence",2026-09-13,1,"DK","quantile","0.975",120.570779902075
2026-09-16,"ILI incidence",2026-09-13,1,"DK","quantile","0.99",129.976180948837
2026-09-16,"ILI incidence",2026-09-20,2,"DK","quantile","0.01",40.4339469378916
2026-09-16,"ILI incidence",2026-09-20,2,"DK","quantile","0.025",44.5726152323509
2026-09-16,"ILI incidence",2026-09-20,2,"DK","quantile","0.05",48.4693676388867
2026-09-16,"ILI incidence",2026-09-20,2,"DK","quantile","0.1",53.3867327636839
2026-09-16,"ILI incidence",2026-09-20,2,"DK","quantile","0.15",56.9833000746829
2026-09-16,"ILI incidence",2026-09-20,2,"DK","quantile","0.2",60.0137643018019
2026-09-16,"ILI incidence",2026-09-20,2,"DK","quantile","0.25",62.7417562806124
2026-09-16,"ILI incidence",2026-09-20,2,"DK","quantile","0.3",65.2970978349813
2026-09-16,"ILI incidence",2026-09-20,2,"DK","quantile","0.35",67.7578139578992
2026-09-16,"ILI incidence",2026-09-20,2,"DK","quantile","0.4",70.1784837902423
2026-09-16,"ILI incidence",2026-09-20,2,"DK","quantile","0.45",72.6027888039312
2026-09-16,"ILI incidence",2026-09-20,2,"DK","quantile","0.5",75.0704086801263
2026-09-16,"ILI incidence",2026-09-20,2,"DK","quantile","0.55",77.6218978945895
2026-09-16,"ILI incidence",2026-09-20,2,"DK","quantile","0.6",80.3033345126895
2026-09-16,"ILI incidence",2026-09-20,2,"DK","quantile","0.65",83.1721971270029
2026-09-16,"ILI incidence",2026-09-20,2,"DK","quantile","0.7",86.3065349955273
2026-09-16,"ILI incidence",2026-09-20,2,"DK","quantile","0.75",89.8216210938713
2026-09-16,"ILI incidence",2026-09-20,2,"DK","quantile","0.8",93.9045621444543
2026-09-16,"ILI incidence",2026-09-20,2,"DK","quantile","0.85",98.8985589113855
2026-09-16,"ILI incidence",2026-09-20,2,"DK","quantile","0.9",105.56117536443
2026-09-16,"ILI incidence",2026-09-20,2,"DK","quantile","0.95",116.270678449698
2026-09-16,"ILI incidence",2026-09-20,2,"DK","quantile","0.975",126.435620392112
2026-09-16,"ILI incidence",2026-09-20,2,"DK","quantile","0.99",139.377099842805
2026-09-16,"ILI incidence",2026-09-27,3,"DK","quantile","0.01",38.4992550872715
2026-09-16,"ILI incidence",2026-09-27,3,"DK","quantile","0.025",42.9080763137602
2026-09-16,"ILI incidence",2026-09-27,3,"DK","quantile","0.05",47.1016606686449
2026-09-16,"ILI incidence",2026-09-27,3,"DK","quantile","0.1",52.4477508200277
2026-09-16,"ILI incidence",2026-09-27,3,"DK","quantile","0.15",56.393471233985
2026-09-16,"ILI incidence",2026-09-27,3,"DK","quantile","0.2",59.7400506597632
2026-09-16,"ILI incidence",2026-09-27,3,"DK","quantile","0.25",62.7689546732402
2026-09-16,"ILI incidence",2026-09-27,3,"DK","quantile","0.3",65.619660637814
2026-09-16,"ILI incidence",2026-09-27,3,"DK","quantile","0.35",68.3767084815511
2026-09-16,"ILI incidence",2026-09-27,3,"DK","quantile","0.4",71.0999129607502
2026-09-16,"ILI incidence",2026-09-27,3,"DK","quantile","0.45",73.8378283268971
2026-09-16,"ILI incidence",2026-09-27,3,"DK","quantile","0.5",76.6352518568626
2026-09-16,"ILI incidence",2026-09-27,3,"DK","quantile","0.55",79.538658709785
2026-09-16,"ILI incidence",2026-09-27,3,"DK","quantile","0.6",82.6015332874859
2026-09-16,"ILI incidence",2026-09-27,3,"DK","quantile","0.65",85.8912626475631
2026-09-16,"ILI incidence",2026-09-27,3,"DK","quantile","0.7",89.5000335277627
2026-09-16,"ILI incidence",2026-09-27,3,"DK","quantile","0.75",93.5647543875466
2026-09-16,"ILI incidence",2026-09-27,3,"DK","quantile","0.8",98.3086181264386
2026-09-16,"ILI incidence",2026-09-27,3,"DK","quantile","0.85",104.142584215059
2026-09-16,"ILI incidence",2026-09-27,3,"DK","quantile","0.9",111.977381972348
2026-09-16,"ILI incidence",2026-09-27,3,"DK","quantile","0.95",124.686937653439
2026-09-16,"ILI incidence",2026-09-27,3,"DK","quantile","0.975",136.873109486882
2026-09-16,"ILI incidence",2026-09-27,3,"DK","quantile","0.99",152.547414588976
2026-09-16,"ILI incidence",2026-10-04,4,"DK","quantile","0.01",32.2651451655916
2026-09-16,"ILI incidence",2026-10-04,4,"DK","quantile","0.025",37.6717398717556
2026-09-16,"ILI incidence",2026-10-04,4,"DK","quantile","0.05",43.0409608359274
2026-09-16,"ILI incidence",2026-10-04,4,"DK","quantile","0.1",50.1877899710394
2026-09-16,"ILI incidence",2026-10-04,4,"DK","quantile","0.15",55.6687048274624
2026-09-16,"ILI incidence",2026-10-04,4,"DK","quantile","0.2",60.4485738053814
2026-09-16,"ILI incidence",2026-10-04,4,"DK","quantile","0.25",64.8750600955176
2026-09-16,"ILI incidence",2026-10-04,4,"DK","quantile","0.3",69.1257539611704
2026-09-16,"ILI incidence",2026-10-04,4,"DK","quantile","0.35",73.3128802376203
2026-09-16,"ILI incidence",2026-10-04,4,"DK","quantile","0.4",77.5203321043512
2026-09-16,"ILI incidence",2026-10-04,4,"DK","quantile","0.45",81.8207769452363
2026-09-16,"ILI incidence",2026-10-04,4,"DK","quantile","0.5",86.2858963230547
2026-09-16,"ILI incidence",2026-10-04,4,"DK","quantile","0.55",90.9946859739079
2026-09-16,"ILI incidence",2026-10-04,4,"DK","quantile","0.6",96.0426213635253
2026-09-16,"ILI incidence",2026-10-04,4,"DK","quantile","0.65",101.554541032101
2026-09-16,"ILI incidence",2026-10-04,4,"DK","quantile","0.7",107.705963083674
2026-09-16,"ILI incidence",2026-10-04,4,"DK","quantile","0.75",114.762990482183
2026-09-16,"ILI incidence",2026-10-04,4,"DK","quantile","0.8",123.16677525335
2026-09-16,"ILI incidence",2026-10-04,4,"DK","quantile","0.85",133.742215259875
2026-09-16,"ILI incidence",2026-10-04,4,"DK","quantile","0.9",148.34795292977
2026-09-16,"ILI incidence",2026-10-04,4,"DK","quantile","0.95",172.980708601147
2026-09-16,"ILI incidence",2026-10-04,4,"DK","quantile","0.975",197.635042331958
2026-09-16,"ILI incidence",2026-10-04,4,"DK","quantile","0.99",230.752282875602
2026-09-16,"ILI incidence",2026-09-13,1,"EE","quantile","0.01",47.3150615702151
2026-09-16,"ILI incidence",2026-09-13,1,"EE","quantile","0.025",53.8908337634985
2026-09-16,"ILI incidence",2026-09-13,1,"EE","quantile","0.05",60.2727968739362
2026-09-16,"ILI incidence",2026-09-13,1,"EE","quantile","0.1",68.5743120578538
2026-09-16,"ILI incidence",2026-09-13,1,"EE","quantile","0.15",74.8120333420727
2026-09-16,"ILI incidence",2026-09-13,1,"EE","quantile","0.2",80.171802437815
2026-09-16,"ILI incidence",2026-09-13,1,"EE","quantile","0.25",85.0750149171041
2026-09-16,"ILI incidence",2026-09-13,1,"EE","quantile","0.3",89.7332954757118
2026-09-16,"ILI incidence",2026-09-13,1,"EE","quantile","0.35",94.2772726187925
2026-09-16,"ILI incidence",2026-09-13,1,"EE","quantile","0.4",98.8016464427697
2026-09-16,"ILI incidence",2026-09-13,1,"EE","quantile","0.45",103.385582950963
2026-09-16,"ILI incidence",2026-09-13,1,"EE","quantile","0.5",108.104434818497
2026-09-16,"ILI incidence",2026-09-13,1,"EE","quantile","0.55",113.038670323789
2026-09-16,"ILI incidence",2026-09-13,1,"EE","quantile","0.6",118.283138471746
2026-09-16,"ILI incidence",2026-09-13,1,"EE","quantile","0.65",123.959555710536
2026-09-16,"ILI incidence",2026-09-13,1,"EE","quantile","0.7",130.236706068483
2026-09-16,"ILI incidence",2026-09-13,1,"EE","quantile","0.75",137.367814026408
2026-09-16,"ILI incidence",2026-09-13,1,"EE","quantile","0.8",145.769066829841
2026-09-16,"ILI incidence",2026-09-13,1,"EE","quantile","0.85",156.212420721017
2026-09-16,"ILI incidence",2026-09-13,1,"EE","quantile","0.9",170.421962346003
2026-09-16,"ILI incidence",2026-09-13,1,"EE","quantile","0.95",193.894583187664
2026-09-16,"ILI incidence",2026-09-13,1,"EE","quantile","0.975",216.856337363669
2026-09-16,"ILI incidence",2026-09-13,1,"EE","quantile","0.99",246.994687095226
2026-09-16,"ILI incidence",2026-09-20,2,"EE","quantile","0.01",18.6709961195306
2026-09-16,"ILI incidence",2026-09-20,2,"EE","quantile","0.025",24.114338304295
2026-09-16,"ILI incidence",2026-09-20,2,"EE","quantile","0.05",30.0492916746142
2026-09-16,"ILI incidence",2026-09-20,2,"EE","quantile","0.1",38.7264349806881
2026-09-16,"ILI incidence",2026-09-20,2,"EE","quantile","0.15",45.9558611035384
2026-09-16,"ILI incidence",2026-09-20,2,"EE","quantile","0.2",52.6524675674766
2026-09-16,"ILI incidence",2026-09-20,2,"EE","quantile","0.25",59.1700913038464
2026-09-16,"ILI incidence",2026-09-20,2,"EE","quantile","0.3",65.707901580632
2026-09-16,"ILI incidence",2026-09-20,2,"EE","quantile","0.35",72.4093019580921
2026-09-16,"ILI incidence",2026-09-20,2,"EE","quantile","0.4",79.3991739692869
2026-09-16,"ILI incidence",2026-09-20,2,"EE","quantile","0.45",86.8035262677253
2026-09-16,"ILI incidence",2026-09-20,2,"EE","quantile","0.5",94.7643174862899
2026-09-16,"ILI incidence",2026-09-20,2,"EE","quantile","0.55",103.455196519837
2026-09-16,"ILI incidence",2026-09-20,2,"EE","quantile","0.6",113.102887847625
2026-09-16,"ILI incidence",2026-09-20,2,"EE","quantile","0.65",124.021025279871
2026-09-16,"ILI incidence",2026-09-20,2,"EE","quantile","0.7",136.669649351416
2026-09-16,"ILI incidence",2026-09-20,2,"EE","quantile","0.75",151.770525797018
2026-09-16,"ILI incidence",2026-09-20,2,"EE","quantile","0.8",170.557549978711
2026-09-16,"ILI incidence",2026-09-20,2,"EE","quantile","0.85",195.410893257115
2026-09-16,"ILI incidence",2026-09-20,2,"EE","quantile","0.9",231.890073876426
2026-09-16,"ILI incidence",2026-09-20,2,"EE","quantile","0.95",298.851499259429
2026-09-16,"ILI incidence",2026-09-20,2,"EE","quantile","0.975",372.403992816294
2026-09-16,"ILI incidence",2026-09-20,2,"EE","quantile","0.99",480.974652404787
2026-09-16,"ILI incidence",2026-09-27,3,"EE","quantile","0.01",19.627805255618
2026-09-16,"ILI incidence",2026-09-27,3,"EE","quantile","0.025",25.4294331630972
2026-09-16,"ILI incidence",2026-09-27,3,"EE","quantile","0.05",31.773329886603
2026-09-16,"ILI incidence",2026-09-27,3,"EE","quantile","0.1",41.0753880820479
2026-09-16,"ILI incidence",2026-09-27,3,"EE","quantile","0.15",48.8453220215366
2026-09-16,"ILI incidence",2026-09-27,3,"EE","quantile","0.2",56.0560353743348
2026-09-16,"ILI incidence",2026-09-27,3,"EE","quantile","0.25",63.0848304754905
2026-09-16,"ILI incidence",2026-09-27,3,"EE","quantile","0.3",70.1449203480425
2026-09-16,"ILI incidence",2026-09-27,3,"EE","quantile","0.35",77.3905866755736
2026-09-16,"ILI incidence",2026-09-27,3,"EE","quantile","0.4",84.9568867088972
2026-09-16,"ILI incidence",2026-09-27,3,"EE","quantile","0.45",92.9807229051909
2026-09-16,"ILI incidence",2026-09-27,3,"EE","quantile","0.5",101.616875335532
2026-09-16,"ILI incidence",2026-09-27,3,"EE","quantile","0.55",111.055163159853
2026-09-16,"ILI incidence",2026-09-27,3,"EE","quantile","0.6",121.543876582234
2026-09-16,"ILI incidence",2026-09-27,3,"EE","quantile","0.65",133.42694242963
2026-09-16,"ILI incidence",2026-09-27,3,"EE","quantile","0.7",147.209367431339
2026-09-16,"ILI incidence",2026-09-27,3,"EE","quantile","0.75",163.68418960829
2026-09-16,"ILI incidence",2026-09-27,3,"EE","quantile","0.8",184.208342313213
2026-09-16,"ILI incidence",2026-09-27,3,"EE","quantile","0.85",211.401807288816
2026-09-16,"ILI incidence",2026-09-27,3,"EE","quantile","0.9",251.391157457378
2026-09-16,"ILI incidence",2026-09-27,3,"EE","quantile","0.95",324.989209182979
2026-09-16,"ILI incidence",2026-09-27,3,"EE","quantile","0.975",406.064472091417
2026-09-16,"ILI incidence",2026-09-27,3,"EE","quantile","0.99",526.089861728248
2026-09-16,"ILI incidence",2026-10-04,4,"EE","quantile","0.01",26.975699961763
2026-09-16,"ILI incidence",2026-10-04,4,"EE","quantile","0.025",33.4276018809866
2026-09-16,"ILI incidence",2026-10-04,4,"EE","quantile","0.05",40.1979872266873
2026-09-16,"ILI incidence",2026-10-04,4,"EE","quantile","0.1",49.7225536459619
2026-09-16,"ILI incidence",2026-10-04,4,"EE","quantile","0.15",57.3932655572471
2026-09-16,"ILI incidence",2026-10-04,4,"EE","quantile","0.2",64.3251741078057
2026-09-16,"ILI incidence",2026-10-04,4,"EE","quantile","0.25",70.9356823380973
2026-09-16,"ILI incidence",2026-10-04,4,"EE","quantile","0.3",77.4491219163929
2026-09-16,"ILI incidence",2026-10-04,4,"EE","quantile","0.35",84.0175045641366
2026-09-16,"ILI incidence",2026-10-04,4,"EE","quantile","0.4",90.7646179049583
2026-09-16,"ILI incidence",2026-10-04,4,"EE","quantile","0.45",97.807803574638
2026-09-16,"ILI incidence",2026-10-04,4,"EE","quantile","0.5",105.272718138995
2026-09-16,"ILI incidence",2026-10-04,4,"EE","quantile","0.55",113.307372002432
2026-09-16,"ILI incidence",2026-10-04,4,"EE","quantile","0.6",122.099838463231
2026-09-16,"ILI incidence",2026-10-04,4,"EE","quantile","0.65",131.905193350659
2026-09-16,"ILI incidence",2026-10-04,4,"EE","quantile","0.7",143.091941007876
2026-09-16,"ILI incidence",2026-10-04,4,"EE","quantile","0.75",156.230895637982
2026-09-16,"ILI incidence",2026-10-04,4,"EE","quantile","0.8",172.28628352873
2026-09-16,"ILI incidence",2026-10-04,4,"EE","quantile","0.85",193.094870570105
2026-09-16,"ILI incidence",2026-10-04,4,"EE","quantile","0.9",222.883668913741
2026-09-16,"ILI incidence",2026-10-04,4,"EE","quantile","0.95",275.694032188129
2026-09-16,"ILI incidence",2026-10-04,4,"EE","quantile","0.975",331.532762171488
2026-09-16,"ILI incidence",2026-10-04,4,"EE","quantile","0.99",410.826973909151
2026-09-16,"ILI incidence",2026-09-13,1,"ES","quantile","0.01",6.52300826372301
2026-09-16,"ILI incidence",2026-09-13,1,"ES","quantile","0.025",7.28061038228109
2026-09-16,"ILI incidence",2026-09-13,1,"ES","quantile","0.05",8.00220189723914
2026-09-16,"ILI incidence",2026-09-13,1,"ES","quantile","0.1",8.92335091472638
2026-09-16,"ILI incidence",2026-09-13,1,"ES","quantile","0.15",9.6040302126611
2026-09-16,"ILI incidence",2026-09-13,1,"ES","quantile","0.2",10.1818554953013
2026-09-16,"ILI incidence",2026-09-13,1,"ES","quantile","0.25",10.7052066901395
2026-09-16,"ILI incidence",2026-09-13,1,"ES","quantile","0.3",11.1980785177319
2026-09-16,"ILI incidence",2026-09-13,1,"ES","quantile","0.35",11.6750315250912
2026-09-16,"ILI incidence",2026-09-13,1,"ES","quantile","0.4",12.1463838584044
2026-09-16,"ILI incidence",2026-09-13,1,"ES","quantile","0.45",12.6205272883499
2026-09-16,"ILI incidence",2026-09-13,1,"ES","quantile","0.5",13.1052203720502
2026-09-16,"ILI incidence",2026-09-13,1,"ES","quantile","0.55",13.6085281601935
2026-09-16,"ILI incidence",2026-09-13,1,"ES","quantile","0.6",14.1397475168022
2026-09-16,"ILI incidence",2026-09-13,1,"ES","quantile","0.65",14.7106070446913
2026-09-16,"ILI incidence",2026-09-13,1,"ES","quantile","0.7",15.3371670620136
2026-09-16,"ILI incidence",2026-09-13,1,"ES","quantile","0.75",16.043296124137
2026-09-16,"ILI incidence",2026-09-13,1,"ES","quantile","0.8",16.8679275677461
2026-09-16,"ILI incidence",2026-09-13,1,"ES","quantile","0.85",17.8827843308515
2026-09-16,"ILI incidence",2026-09-13,1,"ES","quantile","0.9",19.2468953245538
2026-09-16,"ILI incidence",2026-09-13,1,"ES","quantile","0.95",21.4624428632892
2026-09-16,"ILI incidence",2026-09-13,1,"ES","quantile","0.975",23.5896157028238
2026-09-16,"ILI incidence",2026-09-13,1,"ES","quantile","0.99",26.3293857766747
2026-09-16,"ILI incidence",2026-09-20,2,"ES","quantile","0.01",6.1310641768168
2026-09-16,"ILI incidence",2026-09-20,2,"ES","quantile","0.025",6.92490348706964
2026-09-16,"ILI incidence",2026-09-20,2,"ES","quantile","0.05",7.68938496550559
2026-09-16,"ILI incidence",2026-09-20,2,"ES","quantile","0.1",8.67610274384651
2026-09-16,"ILI incidence",2026-09-20,2,"ES","quantile","0.15",9.41241436477915
2026-09-16,"ILI incidence",2026-09-20,2,"ES","quantile","0.2",10.0419265567989
2026-09-16,"ILI incidence",2026-09-20,2,"ES","quantile","0.25",10.615441654922
2026-09-16,"ILI incidence",2026-09-20,2,"ES","quantile","0.3",11.1583375564875
2026-09-16,"ILI incidence",2026-09-20,2,"ES","quantile","0.35",11.686165600627
2026-09-16,"ILI incidence",2026-09-20,2,"ES","quantile","0.4",12.210091393667
2026-09-16,"ILI incidence",2026-09-20,2,"ES","quantile","0.45",12.7393417999564
2026-09-16,"ILI incidence",2026-09-20,2,"ES","quantile","0.5",13.2825939108293
2026-09-16,"ILI incidence",2026-09-20,2,"ES","quantile","0.55",13.8490122779031
2026-09-16,"ILI incidence",2026-09-20,2,"ES","quantile","0.6",14.4493022461328
2026-09-16,"ILI incidence",2026-09-20,2,"ES","quantile","0.65",15.0971077280074
2026-09-16,"ILI incidence",2026-09-20,2,"ES","quantile","0.7",15.8112532540678
2026-09-16,"ILI incidence",2026-09-20,2,"ES","quantile","0.75",16.6198738342833
2026-09-16,"ILI incidence",2026-09-20,2,"ES","quantile","0.8",17.569069042887
2026-09-16,"ILI incidence",2026-09-20,2,"ES","quantile","0.85",18.7441068956955
2026-09-16,"ILI incidence",2026-09-20,2,"ES","quantile","0.9",20.3348561224831
2026-09-16,"ILI incidence",2026-09-20,2,"ES","quantile","0.95",22.9442669070997
2026-09-16,"ILI incidence",2026-09-20,2,"ES","quantile","0.975",25.4772216435116
2026-09-16,"ILI incidence",2026-09-20,2,"ES","quantile","0.99",28.7759670934646
2026-09-16,"ILI incidence",2026-09-27,3,"ES","quantile","0.01",4.43526829275969
2026-09-16,"ILI incidence",2026-09-27,3,"ES","quantile","0.025",5.20557084452957
2026-09-16,"ILI incidence",2026-09-27,3,"ES","quantile","0.05",5.97425668968904
2026-09-16,"ILI incidence",2026-09-27,3,"ES","quantile","0.1",7.00240683043947
2026-09-16,"ILI incidence",2026-09-27,3,"ES","quantile","0.15",7.79429176019323
2026-09-16,"ILI incidence",2026-09-27,3,"ES","quantile","0.2",8.48704855036861
2026-09-16,"ILI incidence",2026-09-27,3,"ES","quantile","0.25",9.13024135019569
2026-09-16,"ILI incidence",2026-09-27,3,"ES","quantile","0.3",9.74928578988761
2026-09-16,"ILI incidence",2026-09-27,3,"ES","quantile","0.35",10.3603287383344
2026-09-16,"ILI incidence",2026-09-27,3,"ES","quantile","0.4",10.9755236867726
2026-09-16,"ILI incidence",2026-09-27,3,"ES","quantile","0.45",11.6054791556642
2026-09-16,"ILI incidence",2026-09-27,3,"ES","quantile","0.5",12.2607381914793
2026-09-16,"ILI incidence",2026-09-27,3,"ES","quantile","0.55",12.9529939249972
2026-09-16,"ILI incidence",2026-09-27,3,"ES","quantile","0.6",13.6964490524647
2026-09-16,"ILI incidence",2026-09-27,3,"ES","quantile","0.65",14.5097423833452
2026-09-16,"ILI incidence",2026-09-27,3,"ES","quantile","0.7",15.4191501038901
2026-09-16,"ILI incidence",2026-09-27,3,"ES","quantile","0.75",16.4645922527314
2026-09-16,"ILI incidence",2026-09-27,3,"ES","quantile","0.8",17.7123649178926
2026-09-16,"ILI incidence",2026-09-27,3,"ES","quantile","0.85",19.2866402266001
2026-09-16,"ILI incidence",2026-09-27,3,"ES","quantile","0.9",21.4677188344062
2026-09-16,"ILI incidence",2026-09-27,3,"ES","quantile","0.95",25.1622434066897
2026-09-16,"ILI incidence",2026-09-27,3,"ES","quantile","0.975",28.8778513422739
2026-09-16,"ILI incidence",2026-09-27,3,"ES","quantile","0.99",33.8932599061476
2026-09-16,"ILI incidence",2026-10-04,4,"ES","quantile","0.01",6.94651294613437
2026-09-16,"ILI incidence",2026-10-04,4,"ES","quantile","0.025",7.73954394008026
2026-09-16,"ILI incidence",2026-10-04,4,"ES","quantile","0.05",8.49363684202976
2026-09-16,"ILI incidence",2026-10-04,4,"ES","quantile","0.1",9.45469019483334
2026-09-16,"ILI incidence",2026-10-04,4,"ES","quantile","0.15",10.1638162633444
2026-09-16,"ILI incidence",2026-10-04,4,"ES","quantile","0.2",10.7651499247357
2026-09-16,"ILI incidence",2026-10-04,4,"ES","quantile","0.25",11.3093163233239
2026-09-16,"ILI incidence",2026-10-04,4,"ES","quantile","0.3",11.8213975548841
2026-09-16,"ILI incidence",2026-10-04,4,"ES","quantile","0.35",12.3165925312909
2026-09-16,"ILI incidence",2026-10-04,4,"ES","quantile","0.4",12.8056513322192
2026-09-16,"ILI incidence",2026-10-04,4,"ES","quantile","0.45",13.2972966243702
2026-09-16,"ILI incidence",2026-10-04,4,"ES","quantile","0.5",13.7995724933782
2026-09-16,"ILI incidence",2026-10-04,4,"ES","quantile","0.55",14.3208207186263
2026-09-16,"ILI incidence",2026-10-04,4,"ES","quantile","0.6",14.8706376629886
2026-09-16,"ILI incidence",2026-10-04,4,"ES","quantile","0.65",15.461110734662
2026-09-16,"ILI incidence",2026-10-04,4,"ES","quantile","0.7",16.108772259446
2026-09-16,"ILI incidence",2026-10-04,4,"ES","quantile","0.75",16.8381708987366
2026-09-16,"ILI incidence",2026-10-04,4,"ES","quantile","0.8",17.6893217773439
2026-09-16,"ILI incidence",2026-10-04,4,"ES","quantile","0.85",18.7358956582849
2026-09-16,"ILI incidence",2026-10-04,4,"ES","quantile","0.9",20.1411359944996
2026-09-16,"ILI incidence",2026-10-04,4,"ES","quantile","0.95",22.4201016056736
2026-09-16,"ILI incidence",2026-10-04,4,"ES","quantile","0.975",24.6045765066133
2026-09-16,"ILI incidence",2026-10-04,4,"ES","quantile","0.99",27.413495443922
2026-09-16,"ILI incidence",2026-08-30,-1,"FI","quantile","0.01",1.40562308989943
2026-09-16,"ILI incidence",2026-08-30,-1,"FI","quantile","0.025",2.30397526780103
2026-09-16,"ILI incidence",2026-08-30,-1,"FI","quantile","0.05",3.52414145595436
2026-09-16,"ILI incidence",2026-08-30,-1,"FI","quantile","0.1",5.75250606620381
2026-09-16,"ILI incidence",2026-08-30,-1,"FI","quantile","0.15",8.00635360779775
2026-09-16,"ILI incidence",2026-08-30,-1,"FI","quantile","0.2",10.4122780556996
2026-09-16,"ILI incidence",2026-08-30,-1,"FI","quantile","0.25",13.0449622326236
2026-09-16,"ILI incidence",2026-08-30,-1,"FI","quantile","0.3",15.9719307862427
2026-09-16,"ILI incidence",2026-08-30,-1,"FI","quantile","0.35",19.2674123610494
2026-09-16,"ILI incidence",2026-08-30,-1,"FI","quantile","0.4",23.0211298132382
2026-09-16,"ILI incidence",2026-08-30,-1,"FI","quantile","0.45",27.34754934279
2026-09-16,"ILI incidence",2026-08-30,-1,"FI","quantile","0.5",32.398462436085
2026-09-16,"ILI incidence",2026-08-30,-1,"FI","quantile","0.55",38.3822460676591
2026-09-16,"ILI incidence",2026-08-30,-1,"FI","quantile","0.6",45.5955192789369
2026-09-16,"ILI incidence",2026-08-30,-1,"FI","quantile","0.65",54.4785334196917
2026-09-16,"ILI incidence",2026-08-30,-1,"FI","quantile","0.7",65.7190656702903
2026-09-16,"ILI incidence",2026-08-30,-1,"FI","quantile","0.75",80.4648069886595
2026-09-16,"ILI incidence",2026-08-30,-1,"FI","quantile","0.8",100.809867217082
2026-09-16,"ILI incidence",2026-08-30,-1,"FI","quantile","0.85",131.103423561021
2026-09-16,"ILI incidence",2026-08-30,-1,"FI","quantile","0.9",182.470101924656
2026-09-16,"ILI incidence",2026-08-30,-1,"FI","quantile","0.95",297.848534555534
2026-09-16,"ILI incidence",2026-08-30,-1,"FI","quantile","0.975",455.586647518241
2026-09-16,"ILI incidence",2026-08-30,-1,"FI","quantile","0.99",746.758057522742
2026-09-16,"ILI incidence",2026-09-06,0,"FI","quantile","0.01",0.870973969305507
2026-09-16,"ILI incidence",2026-09-06,0,"FI","quantile","0.025",1.58568276162038
2026-09-16,"ILI incidence",2026-09-06,0,"FI","quantile","0.05",2.65468032726009
2026-09-16,"ILI incidence",2026-09-06,0,"FI","quantile","0.1",4.80877660428075
2026-09-16,"ILI incidence",2026-09-06,0,"FI","quantile","0.15",7.17994422350346
2026-09-16,"ILI incidence",2026-09-06,0,"FI","quantile","0.2",9.87368975521799
2026-09-16,"ILI incidence",2026-09-06,0,"FI","quantile","0.25",12.9771304426315
2026-09-16,"ILI incidence",2026-09-06,0,"FI","quantile","0.3",16.5872432666466
2026-09-16,"ILI incidence",2026-09-06,0,"FI","quantile","0.35",20.8233630692162
2026-09-16,"ILI incidence",2026-09-06,0,"FI","quantile","0.4",25.8392711823916
2026-09-16,"ILI incidence",2026-09-06,0,"FI","quantile","0.45",31.8393745517931
2026-09-16,"ILI incidence",2026-09-06,0,"FI","quantile","0.5",39.1030858276703
2026-09-16,"ILI incidence",2026-09-06,0,"FI","quantile","0.55",48.0239119885614
2026-09-16,"ILI incidence",2026-09-06,0,"FI","quantile","0.6",59.1754817871233
2026-09-16,"ILI incidence",2026-09-06,0,"FI","quantile","0.65",73.4296048224118
2026-09-16,"ILI incidence",2026-09-06,0,"FI","quantile","0.7",92.1823654881064
2026-09-16,"ILI incidence",2026-09-06,0,"FI","quantile","0.75",117.826612594031
2026-09-16,"ILI incidence",2026-09-06,0,"FI","quantile","0.8",154.861187575606
2026-09-16,"ILI incidence",2026-09-06,0,"FI","quantile","0.85",212.961448396886
2026-09-16,"ILI incidence",2026-09-06,0,"FI","quantile","0.9",317.970961654779
2026-09-16,"ILI incidence",2026-09-06,0,"FI","quantile","0.95",575.983219352173
2026-09-16,"ILI incidence",2026-09-06,0,"FI","quantile","0.975",964.285769042256
2026-09-16,"ILI incidence",2026-09-06,0,"FI","quantile","0.99",1755.56489072272
2026-09-16,"ILI incidence",2026-09-13,1,"FI","quantile","0.01",1.20813441522574
2026-09-16,"ILI incidence",2026-09-13,1,"FI","quantile","0.025",2.10812994109038
2026-09-16,"ILI incidence",2026-09-13,1,"FI","quantile","0.05",3.40285417766213
2026-09-16,"ILI incidence",2026-09-13,1,"FI","quantile","0.1",5.91005762616349
2026-09-16,"ILI incidence",2026-09-13,1,"FI","quantile","0.15",8.57726458599778
2026-09-16,"ILI incidence",2026-09-13,1,"FI","quantile","0.2",11.5320951153916
2026-09-16,"ILI incidence",2026-09-13,1,"FI","quantile","0.25",14.8662263567221
2026-09-16,"ILI incidence",2026-09-13,1,"FI","quantile","0.3",18.6744077720377
2026-09-16,"ILI incidence",2026-09-13,1,"FI","quantile","0.35",23.0689489024504
2026-09-16,"ILI incidence",2026-09-13,1,"FI","quantile","0.4",28.1915511159597
2026-09-16,"ILI incidence",2026-09-13,1,"FI","quantile","0.45",34.2279336390076
2026-09-16,"ILI incidence",2026-09-13,1,"FI","quantile","0.5",41.4291910564422
2026-09-16,"ILI incidence",2026-09-13,1,"FI","quantile","0.55",50.1455299549586
2026-09-16,"ILI incidence",2026-09-13,1,"FI","quantile","0.6",60.8827043439805
2026-09-16,"ILI incidence",2026-09-13,1,"FI","quantile","0.65",74.4020838942028
2026-09-16,"ILI incidence",2026-09-13,1,"FI","quantile","0.7",91.9106989920842
2026-09-16,"ILI incidence",2026-09-13,1,"FI","quantile","0.75",115.454845796499
2026-09-16,"ILI incidence",2026-09-13,1,"FI","quantile","0.8",148.834869502627
2026-09-16,"ILI incidence",2026-09-13,1,"FI","quantile","0.85",200.107837922261
2026-09-16,"ILI incidence",2026-09-13,1,"FI","quantile","0.9",290.41643587245
2026-09-16,"ILI incidence",2026-09-13,1,"FI","quantile","0.95",504.393600777331
2026-09-16,"ILI incidence",2026-09-13,1,"FI","quantile","0.975",814.170814681108
2026-09-16,"ILI incidence",2026-09-13,1,"FI","quantile","0.99",1420.68452811228
2026-09-16,"ILI incidence",2026-09-20,2,"FI","quantile","0.01",0.649373441538363
2026-09-16,"ILI incidence",2026-09-20,2,"FI","quantile","0.025",1.23411640574169
2026-09-16,"ILI incidence",2026-09-20,2,"FI","quantile","0.05",2.14384058586496
2026-09-16,"ILI incidence",2026-09-20,2,"FI","quantile","0.1",4.05236405753075
2026-09-16,"ILI incidence",2026-09-20,2,"FI","quantile","0.15",6.22690821723914
2026-09-16,"ILI incidence",2026-09-20,2,"FI","quantile","0.2",8.76087784870162
2026-09-16,"ILI incidence",2026-09-20,2,"FI","quantile","0.25",11.7423361890389
2026-09-16,"ILI incidence",2026-09-20,2,"FI","quantile","0.3",15.2753167545258
2026-09-16,"ILI incidence",2026-09-20,2,"FI","quantile","0.35",19.4915617730826
2026-09-16,"ILI incidence",2026-09-20,2,"FI","quantile","0.4",24.5637135215969
2026-09-16,"ILI incidence",2026-09-20,2,"FI","quantile","0.45",30.7240194414639
2026-09-16,"ILI incidence",2026-09-20,2,"FI","quantile","0.5",38.2931614737237
2026-09-16,"ILI incidence",2026-09-20,2,"FI","quantile","0.55",47.7270305874669
2026-09-16,"ILI incidence",2026-09-20,2,"FI","quantile","0.6",59.6964385846389
2026-09-16,"ILI incidence",2026-09-20,2,"FI","quantile","0.65",75.2308220718206
2026-09-16,"ILI incidence",2026-09-20,2,"FI","quantile","0.7",95.9957976137037
2026-09-16,"ILI incidence",2026-09-20,2,"FI","quantile","0.75",124.878575442379
2026-09-16,"ILI incidence",2026-09-20,2,"FI","quantile","0.8",167.37663062726
2026-09-16,"ILI incidence",2026-09-20,2,"FI","quantile","0.85",235.488650947681
2026-09-16,"ILI incidence",2026-09-20,2,"FI","quantile","0.9",361.854511301284
2026-09-16,"ILI incidence",2026-09-20,2,"FI","quantile","0.95",683.990323404131
2026-09-16,"ILI incidence",2026-09-20,2,"FI","quantile","0.975",1188.19116967448
2026-09-16,"ILI incidence",2026-09-20,2,"FI","quantile","0.99",2258.12471199755
2026-09-16,"ILI incidence",2026-09-27,3,"FI","quantile","0.01",0.59047948590412
2026-09-16,"ILI incidence",2026-09-27,3,"FI","quantile","0.025",1.10754641497081
2026-09-16,"ILI incidence",2026-09-27,3,"FI","quantile","0.05",1.90235747661479
2026-09-16,"ILI incidence",2026-09-27,3,"FI","quantile","0.1",3.54937264092789
2026-09-16,"ILI incidence",2026-09-27,3,"FI","quantile","0.15",5.40628821117733
2026-09-16,"ILI incidence",2026-09-27,3,"FI","quantile","0.2",7.55337751739481
2026-09-16,"ILI incidence",2026-09-27,3,"FI","quantile","0.25",10.0634268009087
2026-09-16,"ILI incidence",2026-09-27,3,"FI","quantile","0.3",13.0210127545064
2026-09-16,"ILI incidence",2026-09-27,3,"FI","quantile","0.35",16.5323939598022
2026-09-16,"ILI incidence",2026-09-27,3,"FI","quantile","0.4",20.736160574098
2026-09-16,"ILI incidence",2026-09-27,3,"FI","quantile","0.45",25.8181029269406
2026-09-16,"ILI incidence",2026-09-27,3,"FI","quantile","0.5",32.0339882635222
2026-09-16,"ILI incidence",2026-09-27,3,"FI","quantile","0.55",39.7463906225537
2026-09-16,"ILI incidence",2026-09-27,3,"FI","quantile","0.6",49.4872905907808
2026-09-16,"ILI incidence",2026-09-27,3,"FI","quantile","0.65",62.0706478784975
2026-09-16,"ILI incidence",2026-09-27,3,"FI","quantile","0.7",78.8092618765259
2026-09-16,"ILI incidence",2026-09-27,3,"FI","quantile","0.75",101.970871788407
2026-09-16,"ILI incidence",2026-09-27,3,"FI","quantile","0.8",135.85662860148
2026-09-16,"ILI incidence",2026-09-27,3,"FI","quantile","0.85",189.811634893214
2026-09-16,"ILI incidence",2026-09-27,3,"FI","quantile","0.9",289.114868423399
2026-09-16,"ILI incidence",2026-09-27,3,"FI","quantile","0.95",539.423539835184
2026-09-16,"ILI incidence",2026-09-27,3,"FI","quantile","0.975",926.531285909605
2026-09-16,"ILI incidence",2026-09-27,3,"FI","quantile","0.99",1737.86969499243
2026-09-16,"ILI incidence",2026-10-04,4,"FI","quantile","0.01",0.52850852593675
2026-09-16,"ILI incidence",2026-10-04,4,"FI","quantile","0.025",1.00492220609375
2026-09-16,"ILI incidence",2026-10-04,4,"FI","quantile","0.05",1.74645348169352
2026-09-16,"ILI incidence",2026-10-04,4,"FI","quantile","0.1",3.30285866644383
2026-09-16,"ILI incidence",2026-10-04,4,"FI","quantile","0.15",5.07692104738857
2026-09-16,"ILI incidence",2026-10-04,4,"FI","quantile","0.2",7.14483053214614
2026-09-16,"ILI incidence",2026-10-04,4,"FI","quantile","0.25",9.57852518812745
2026-09-16,"ILI incidence",2026-10-04,4,"FI","quantile","0.3",12.4630405716293
2026-09-16,"ILI incidence",2026-10-04,4,"FI","quantile","0.35",15.9060922061002
2026-09-16,"ILI incidence",2026-10-04,4,"FI","quantile","0.4",20.0488611860188
2026-09-16,"ILI incidence",2026-10-04,4,"FI","quantile","0.45",25.0812965751166
2026-09-16,"ILI incidence",2026-10-04,4,"FI","quantile","0.5",31.2657055332005
2026-09-16,"ILI incidence",2026-10-04,4,"FI","quantile","0.55",38.9750322341244
2026-09-16,"ILI incidence",2026-10-04,4,"FI","quantile","0.6",48.7580981991387
2026-09-16,"ILI incidence",2026-10-04,4,"FI","quantile","0.65",61.4572284519954
2026-09-16,"ILI incidence",2026-10-04,4,"FI","quantile","0.7",78.4354617856314
2026-09-16,"ILI incidence",2026-10-04,4,"FI","quantile","0.75",102.055830442506
2026-09-16,"ILI incidence",2026-10-04,4,"FI","quantile","0.8",136.818408510967
2026-09-16,"ILI incidence",2026-10-04,4,"FI","quantile","0.85",192.54668988631
2026-09-16,"ILI incidence",2026-10-04,4,"FI","quantile","0.9",295.969171318288
2026-09-16,"ILI incidence",2026-10-04,4,"FI","quantile","0.95",559.731108063002
2026-09-16,"ILI incidence",2026-10-04,4,"FI","quantile","0.975",972.756235817129
2026-09-16,"ILI incidence",2026-10-04,4,"FI","quantile","0.99",1849.62833051021
2026-09-16,"ILI incidence",2026-08-30,-1,"GB-NIR","quantile","0.01",0.513547002322685
2026-09-16,"ILI incidence",2026-08-30,-1,"GB-NIR","quantile","0.025",0.633059710990696
2026-09-16,"ILI incidence",2026-08-30,-1,"GB-NIR","quantile","0.05",0.757867246043983
2026-09-16,"ILI incidence",2026-08-30,-1,"GB-NIR","quantile","0.1",0.932595489080836
2026-09-16,"ILI incidence",2026-08-30,-1,"GB-NIR","quantile","0.15",1.07271281566463
2026-09-16,"ILI incidence",2026-08-30,-1,"GB-NIR","quantile","0.2",1.19894030498957
2026-09-16,"ILI incidence",2026-08-30,-1,"GB-NIR","quantile","0.25",1.31900593087112
2026-09-16,"ILI incidence",2026-08-30,-1,"GB-NIR","quantile","0.3",1.43704179823364
2026-09-16,"ILI incidence",2026-08-30,-1,"GB-NIR","quantile","0.35",1.55582854288881
2026-09-16,"ILI incidence",2026-08-30,-1,"GB-NIR","quantile","0.4",1.67761224337098
2026-09-16,"ILI incidence",2026-08-30,-1,"GB-NIR","quantile","0.45",1.80450503367583
2026-09-16,"ILI incidence",2026-08-30,-1,"GB-NIR","quantile","0.5",1.93875329163092
2026-09-16,"ILI incidence",2026-08-30,-1,"GB-NIR","quantile","0.55",2.08298910541303
2026-09-16,"ILI incidence",2026-08-30,-1,"GB-NIR","quantile","0.6",2.24054416666445
2026-09-16,"ILI incidence",2026-08-30,-1,"GB-NIR","quantile","0.65",2.41592452008277
2026-09-16,"ILI incidence",2026-08-30,-1,"GB-NIR","quantile","0.7",2.61562630288824
2026-09-16,"ILI incidence",2026-08-30,-1,"GB-NIR","quantile","0.75",2.8496947874429
2026-09-16,"ILI incidence",2026-08-30,-1,"GB-NIR","quantile","0.8",3.13507212174538
2026-09-16,"ILI incidence",2026-08-30,-1,"GB-NIR","quantile","0.85",3.50398006896269
2026-09-16,"ILI incidence",2026-08-30,-1,"GB-NIR","quantile","0.9",4.0304337409077
2026-09-16,"ILI incidence",2026-08-30,-1,"GB-NIR","quantile","0.95",4.95966060735599
2026-09-16,"ILI incidence",2026-08-30,-1,"GB-NIR","quantile","0.975",5.93745623130478
2026-09-16,"ILI incidence",2026-08-30,-1,"GB-NIR","quantile","0.99",7.31922162686078
2026-09-16,"ILI incidence",2026-09-06,0,"GB-NIR","quantile","0.01",1.06479630572841
2026-09-16,"ILI incidence",2026-09-06,0,"GB-NIR","quantile","0.025",1.21826913755698
2026-09-16,"ILI incidence",2026-09-06,0,"GB-NIR","quantile","0.05",1.36784357910315
2026-09-16,"ILI incidence",2026-09-06,0,"GB-NIR","quantile","0.1",1.56322419238158
2026-09-16,"ILI incidence",2026-09-06,0,"GB-NIR","quantile","0.15",1.71057987416964
2026-09-16,"ILI incidence",2026-09-06,0,"GB-NIR","quantile","0.2",1.8375381115325
2026-09-16,"ILI incidence",2026-09-06,0,"GB-NIR","quantile","0.25",1.95394069670678
2026-09-16,"ILI incidence",2026-09-06,0,"GB-NIR","quantile","0.3",2.06474476504341
2026-09-16,"ILI incidence",2026-09-06,0,"GB-NIR","quantile","0.35",2.17302261807647
2026-09-16,"ILI incidence",2026-09-06,0,"GB-NIR","quantile","0.4",2.28101351001112
2026-09-16,"ILI incidence",2026-09-06,0,"GB-NIR","quantile","0.45",2.39060126369447
2026-09-16,"ILI incidence",2026-09-06,0,"GB-NIR","quantile","0.5",2.5035906794062
2026-09-16,"ILI incidence",2026-09-06,0,"GB-NIR","quantile","0.55",2.62192042863852
2026-09-16,"ILI incidence",2026-09-06,0,"GB-NIR","quantile","0.6",2.74788652609912
2026-09-16,"ILI incidence",2026-09-06,0,"GB-NIR","quantile","0.65",2.88444595001865
2026-09-16,"ILI incidence",2026-09-06,0,"GB-NIR","quantile","0.7",3.03570998029765
2026-09-16,"ILI incidence",2026-09-06,0,"GB-NIR","quantile","0.75",3.20785902078492
2026-09-16,"ILI incidence",2026-09-06,0,"GB-NIR","quantile","0.8",3.41106736816585
2026-09-16,"ILI incidence",2026-09-06,0,"GB-NIR","quantile","0.85",3.66423479234037
2026-09-16,"ILI incidence",2026-09-06,0,"GB-NIR","quantile","0.9",4.00964002512034
2026-09-16,"ILI incidence",2026-09-06,0,"GB-NIR","quantile","0.95",4.58237066413639
2026-09-16,"ILI incidence",2026-09-06,0,"GB-NIR","quantile","0.975",5.14497666958788
2026-09-16,"ILI incidence",2026-09-06,0,"GB-NIR","quantile","0.99",5.88654022960924
2026-09-16,"ILI incidence",2026-09-13,1,"GB-NIR","quantile","0.01",1.07868818010129
2026-09-16,"ILI incidence",2026-09-13,1,"GB-NIR","quantile","0.025",1.21138034515126
2026-09-16,"ILI incidence",2026-09-13,1,"GB-NIR","quantile","0.05",1.33848670283122
2026-09-16,"ILI incidence",2026-09-13,1,"GB-NIR","quantile","0.1",1.50167121260809
2026-09-16,"ILI incidence",2026-09-13,1,"GB-NIR","quantile","0.15",1.62286788481291
2026-09-16,"ILI incidence",2026-09-13,1,"GB-NIR","quantile","0.2",1.72612984961067
2026-09-16,"ILI incidence",2026-09-13,1,"GB-NIR","quantile","0.25",1.81994034200033
2026-09-16,"ILI incidence",2026-09-13,1,"GB-NIR","quantile","0.3",1.90852219620385
2026-09-16,"ILI incidence",2026-09-13,1,"GB-NIR","quantile","0.35",1.99445071884628
2026-09-16,"ILI incidence",2026-09-13,1,"GB-NIR","quantile","0.4",2.07956310223545
2026-09-16,"ILI incidence",2026-09-13,1,"GB-NIR","quantile","0.45",2.16536578782569
2026-09-16,"ILI incidence",2026-09-13,1,"GB-NIR","quantile","0.5",2.25326382529139
2026-09-16,"ILI incidence",2026-09-13,1,"GB-NIR","quantile","0.55",2.34472988116476
2026-09-16,"ILI incidence",2026-09-13,1,"GB-NIR","quantile","0.6",2.44147333683165
2026-09-16,"ILI incidence",2026-09-13,1,"GB-NIR","quantile","0.65",2.54566223090423
2026-09-16,"ILI incidence",2026-09-13,1,"GB-NIR","quantile","0.7",2.66027708583405
2026-09-16,"ILI incidence",2026-09-13,1,"GB-NIR","quantile","0.75",2.78976060324392
2026-09-16,"ILI incidence",2026-09-13,1,"GB-NIR","quantile","0.8",2.94137655258782
2026-09-16,"ILI incidence",2026-09-13,1,"GB-NIR","quantile","0.85",3.12853431501116
2026-09-16,"ILI incidence",2026-09-13,1,"GB-NIR","quantile","0.9",3.38103162911989
2026-09-16,"ILI incidence",2026-09-13,1,"GB-NIR","quantile","0.95",3.79323743420632
2026-09-16,"ILI incidence",2026-09-13,1,"GB-NIR","quantile","0.975",4.19124999566739
2026-09-16,"ILI incidence",2026-09-13,1,"GB-NIR","quantile","0.99",4.70682627289938
2026-09-16,"ILI incidence",2026-09-20,2,"GB-NIR","quantile","0.01",0.864592582913727
2026-09-16,"ILI incidence",2026-09-20,2,"GB-NIR","quantile","0.025",1.01735412020242
2026-09-16,"ILI incidence",2026-09-20,2,"GB-NIR","quantile","0.05",1.17015717321762
2026-09-16,"ILI incidence",2026-09-20,2,"GB-NIR","quantile","0.1",1.37502464404738
2026-09-16,"ILI incidence",2026-09-20,2,"GB-NIR","quantile","0.15",1.53314725659123
2026-09-16,"ILI incidence",2026-09-20,2,"GB-NIR","quantile","0.2",1.67168813737203
2026-09-16,"ILI incidence",2026-09-20,2,"GB-NIR","quantile","0.25",1.80047944720687
2026-09-16,"ILI incidence",2026-09-20,2,"GB-NIR","quantile","0.3",1.92457267483743
2026-09-16,"ILI incidence",2026-09-20,2,"GB-NIR","quantile","0.35",2.0471856779338
2026-09-16,"ILI incidence",2026-09-20,2,"GB-NIR","quantile","0.4",2.17074876134352
2026-09-16,"ILI incidence",2026-09-20,2,"GB-NIR","quantile","0.45",2.29739135820889
2026-09-16,"ILI incidence",2026-09-20,2,"GB-NIR","quantile","0.5",2.42923750504106
2026-09-16,"ILI incidence",2026-09-20,2,"GB-NIR","quantile","0.55",2.56865023663136
2026-09-16,"ILI incidence",2026-09-20,2,"GB-NIR","quantile","0.6",2.71850660978645
2026-09-16,"ILI incidence",2026-09-20,2,"GB-NIR","quantile","0.65",2.88258897055888
2026-09-16,"ILI incidence",2026-09-20,2,"GB-NIR","quantile","0.7",3.0662364342238
2026-09-16,"ILI incidence",2026-09-20,2,"GB-NIR","quantile","0.75",3.27756857488862
2026-09-16,"ILI incidence",2026-09-20,2,"GB-NIR","quantile","0.8",3.53008119395705
2026-09-16,"ILI incidence",2026-09-20,2,"GB-NIR","quantile","0.85",3.84907244266848
2026-09-16,"ILI incidence",2026-09-20,2,"GB-NIR","quantile","0.9",4.29170115709922
2026-09-16,"ILI incidence",2026-09-20,2,"GB-NIR","quantile","0.95",5.04307881963532
2026-09-16,"ILI incidence",2026-09-20,2,"GB-NIR","quantile","0.975",5.80053173100036
2026-09-16,"ILI incidence",2026-09-20,2,"GB-NIR","quantile","0.99",6.8254053672433
2026-09-16,"ILI incidence",2026-09-27,3,"GB-NIR","quantile","0.01",0.462254556320644
2026-09-16,"ILI incidence",2026-09-27,3,"GB-NIR","quantile","0.025",0.595766383968573
2026-09-16,"ILI incidence",2026-09-27,3,"GB-NIR","quantile","0.05",0.74105355770579
2026-09-16,"ILI incidence",2026-09-27,3,"GB-NIR","quantile","0.1",0.95305395973745
2026-09-16,"ILI incidence",2026-09-27,3,"GB-NIR","quantile","0.15",1.12937980875579
2026-09-16,"ILI incidence",2026-09-27,3,"GB-NIR","quantile","0.2",1.29250534595932
2026-09-16,"ILI incidence",2026-09-27,3,"GB-NIR","quantile","0.25",1.45110670618558
2026-09-16,"ILI incidence",2026-09-27,3,"GB-NIR","quantile","0.3",1.61005484359373
2026-09-16,"ILI incidence",2026-09-27,3,"GB-NIR","quantile","0.35",1.77284526037879
2026-09-16,"ILI incidence",2026-09-27,3,"GB-NIR","quantile","0.4",1.9425113397766
2026-09-16,"ILI incidence",2026-09-27,3,"GB-NIR","quantile","0.45",2.12210437362607
2026-09-16,"ILI incidence",2026-09-27,3,"GB-NIR","quantile","0.5",2.3150535980848
2026-09-16,"ILI incidence",2026-09-27,3,"GB-NIR","quantile","0.55",2.5255464474858
2026-09-16,"ILI incidence",2026-09-27,3,"GB-NIR","quantile","0.6",2.75904343632907
2026-09-16,"ILI incidence",2026-09-27,3,"GB-NIR","quantile","0.65",3.02309134462208
2026-09-16,"ILI incidence",2026-09-27,3,"GB-NIR","quantile","0.7",3.3287519262653
2026-09-16,"ILI incidence",2026-09-27,3,"GB-NIR","quantile","0.75",3.69336943944905
2026-09-16,"ILI incidence",2026-09-27,3,"GB-NIR","quantile","0.8",4.14657717181627
2026-09-16,"ILI incidence",2026-09-27,3,"GB-NIR","quantile","0.85",4.74550113297122
2026-09-16,"ILI incidence",2026-09-27,3,"GB-NIR","quantile","0.9",5.62347294950839
2026-09-16,"ILI incidence",2026-09-27,3,"GB-NIR","quantile","0.95",7.23223457505239
2026-09-16,"ILI incidence",2026-09-27,3,"GB-NIR","quantile","0.975",8.99593079808296
2026-09-16,"ILI incidence",2026-09-27,3,"GB-NIR","quantile","0.99",11.5942029964282
2026-09-16,"ILI incidence",2026-10-04,4,"GB-NIR","quantile","0.01",0.902920332456318
2026-09-16,"ILI incidence",2026-10-04,4,"GB-NIR","quantile","0.025",1.09743725002636
2026-09-16,"ILI incidence",2026-10-04,4,"GB-NIR","quantile","0.05",1.29793337217766
2026-09-16,"ILI incidence",2026-10-04,4,"GB-NIR","quantile","0.1",1.574961555423
2026-09-16,"ILI incidence",2026-10-04,4,"GB-NIR","quantile","0.15",1.79455265106652
2026-09-16,"ILI incidence",2026-10-04,4,"GB-NIR","quantile","0.2",1.99071293052778
2026-09-16,"ILI incidence",2026-10-04,4,"GB-NIR","quantile","0.25",2.17600361746304
2026-09-16,"ILI incidence",2026-10-04,4,"GB-NIR","quantile","0.3",2.35705319338107
2026-09-16,"ILI incidence",2026-10-04,4,"GB-NIR","quantile","0.35",2.53824277699783
2026-09-16,"ILI incidence",2026-10-04,4,"GB-NIR","quantile","0.4",2.72303633536409
2026-09-16,"ILI incidence",2026-10-04,4,"GB-NIR","quantile","0.45",2.91462145932667
2026-09-16,"ILI incidence",2026-10-04,4,"GB-NIR","quantile","0.5",3.11632478007457
2026-09-16,"ILI incidence",2026-10-04,4,"GB-NIR","quantile","0.55",3.33198676755448
2026-09-16,"ILI incidence",2026-10-04,4,"GB-NIR","quantile","0.6",3.56641591916484
2026-09-16,"ILI incidence",2026-10-04,4,"GB-NIR","quantile","0.65",3.82606432407277
2026-09-16,"ILI incidence",2026-10-04,4,"GB-NIR","quantile","0.7",4.1201786035962
2026-09-16,"ILI incidence",2026-10-04,4,"GB-NIR","quantile","0.75",4.46298896608877
2026-09-16,"ILI incidence",2026-10-04,4,"GB-NIR","quantile","0.8",4.87839305506096
2026-09-16,"ILI incidence",2026-10-04,4,"GB-NIR","quantile","0.85",5.41164402679142
2026-09-16,"ILI incidence",2026-10-04,4,"GB-NIR","quantile","0.9",6.16616964488286
2026-09-16,"ILI incidence",2026-10-04,4,"GB-NIR","quantile","0.95",7.48226399219013
2026-09-16,"ILI incidence",2026-10-04,4,"GB-NIR","quantile","0.975",8.84923501063365
2026-09-16,"ILI incidence",2026-10-04,4,"GB-NIR","quantile","0.99",10.7556334549335
2026-09-16,"ILI incidence",2026-09-13,1,"GB-WLS","quantile","0.01",1.11744205655293
2026-09-16,"ILI incidence",2026-09-13,1,"GB-WLS","quantile","0.025",1.21897834097935
2026-09-16,"ILI incidence",2026-09-13,1,"GB-WLS","quantile","0.05",1.31365436291733
2026-09-16,"ILI incidence",2026-09-13,1,"GB-WLS","quantile","0.1",1.43197151642299
2026-09-16,"ILI incidence",2026-09-13,1,"GB-WLS","quantile","0.15",1.51776285812354
2026-09-16,"ILI incidence",2026-09-13,1,"GB-WLS","quantile","0.2",1.58959815933799
2026-09-16,"ILI incidence",2026-09-13,1,"GB-WLS","quantile","0.25",1.65393008179076
2026-09-16,"ILI incidence",2026-09-13,1,"GB-WLS","quantile","0.3",1.71391797956715
2026-09-16,"ILI incidence",2026-09-13,1,"GB-WLS","quantile","0.35",1.77144621920982
2026-09-16,"ILI incidence",2026-09-13,1,"GB-WLS","quantile","0.4",1.82781935552167
2026-09-16,"ILI incidence",2026-09-13,1,"GB-WLS","quantile","0.45",1.88406793039649
2026-09-16,"ILI incidence",2026-09-13,1,"GB-WLS","quantile","0.5",1.94111445528748
2026-09-16,"ILI incidence",2026-09-13,1,"GB-WLS","quantile","0.55",1.99988825654129
2026-09-16,"ILI incidence",2026-09-13,1,"GB-WLS","quantile","0.6",2.06143201030422
2026-09-16,"ILI incidence",2026-09-13,1,"GB-WLS","quantile","0.65",2.12703343046268
2026-09-16,"ILI incidence",2026-09-13,1,"GB-WLS","quantile","0.7",2.19842803065616
2026-09-16,"ILI incidence",2026-09-13,1,"GB-WLS","quantile","0.75",2.27816482087705
2026-09-16,"ILI incidence",2026-09-13,1,"GB-WLS","quantile","0.8",2.37036341945389
2026-09-16,"ILI incidence",2026-09-13,1,"GB-WLS","quantile","0.85",2.48255207218895
2026-09-16,"ILI incidence",2026-09-13,1,"GB-WLS","quantile","0.9",2.63128510959361
2026-09-16,"ILI incidence",2026-09-13,1,"GB-WLS","quantile","0.95",2.8682775583056
2026-09-16,"ILI incidence",2026-09-13,1,"GB-WLS","quantile","0.975",3.09105190950216
2026-09-16,"ILI incidence",2026-09-13,1,"GB-WLS","quantile","0.99",3.37192009771787
2026-09-16,"ILI incidence",2026-09-20,2,"GB-WLS","quantile","0.01",0.071271463172907
2026-09-16,"ILI incidence",2026-09-20,2,"GB-WLS","quantile","0.025",0.104099428995411
2026-09-16,"ILI incidence",2026-09-20,2,"GB-WLS","quantile","0.05",0.144196766790106
2026-09-16,"ILI incidence",2026-09-20,2,"GB-WLS","quantile","0.1",0.209944370149142
2026-09-16,"ILI incidence",2026-09-20,2,"GB-WLS","quantile","0.15",0.270507863018918
2026-09-16,"ILI incidence",2026-09-20,2,"GB-WLS","quantile","0.2",0.33087544542166
2026-09-16,"ILI incidence",2026-09-20,2,"GB-WLS","quantile","0.25",0.393295135595047
2026-09-16,"ILI incidence",2026-09-20,2,"GB-WLS","quantile","0.3",0.45932429688401
2026-09-16,"ILI incidence",2026-09-20,2,"GB-WLS","quantile","0.35",0.530366818772097
2026-09-16,"ILI incidence",2026-09-20,2,"GB-WLS","quantile","0.4",0.607913602723272
2026-09-16,"ILI incidence",2026-09-20,2,"GB-WLS","quantile","0.45",0.693716355210494
2026-09-16,"ILI incidence",2026-09-20,2,"GB-WLS","quantile","0.5",0.789974187323171
2026-09-16,"ILI incidence",2026-09-20,2,"GB-WLS","quantile","0.55",0.899588444109188
2026-09-16,"ILI incidence",2026-09-20,2,"GB-WLS","quantile","0.6",1.02655906010542
2026-09-16,"ILI incidence",2026-09-20,2,"GB-WLS","quantile","0.65",1.17665584374551
2026-09-16,"ILI incidence",2026-09-20,2,"GB-WLS","quantile","0.7",1.3586462132973
2026-09-16,"ILI incidence",2026-09-20,2,"GB-WLS","quantile","0.75",1.58674532216809
2026-09-16,"ILI incidence",2026-09-20,2,"GB-WLS","quantile","0.8",1.88608500652449
2026-09-16,"ILI incidence",2026-09-20,2,"GB-WLS","quantile","0.85",2.30699104148873
2026-09-16,"ILI incidence",2026-09-20,2,"GB-WLS","quantile","0.9",2.97249798217299
2026-09-16,"ILI incidence",2026-09-20,2,"GB-WLS","quantile","0.95",4.32783085591157
2026-09-16,"ILI incidence",2026-09-20,2,"GB-WLS","quantile","0.975",5.99483803762666
2026-09-16,"ILI incidence",2026-09-20,2,"GB-WLS","quantile","0.99",8.75608818529396
2026-09-16,"ILI incidence",2026-09-27,3,"GB-WLS","quantile","0.01",2.96083735661757
2026-09-16,"ILI incidence",2026-09-27,3,"GB-WLS","quantile","0.025",3.01855559062491
2026-09-16,"ILI incidence",2026-09-27,3,"GB-WLS","quantile","0.05",3.06909562382325
2026-09-16,"ILI incidence",2026-09-27,3,"GB-WLS","quantile","0.1",3.12841615344125
2026-09-16,"ILI incidence",2026-09-27,3,"GB-WLS","quantile","0.15",3.16908584257153
2026-09-16,"ILI incidence",2026-09-27,3,"GB-WLS","quantile","0.2",3.20178557046054
2026-09-16,"ILI incidence",2026-09-27,3,"GB-WLS","quantile","0.25",3.2301077946859
2026-09-16,"ILI incidence",2026-09-27,3,"GB-WLS","quantile","0.3",3.25575547767006
2026-09-16,"ILI incidence",2026-09-27,3,"GB-WLS","quantile","0.35",3.27970363181583
2026-09-16,"ILI incidence",2026-09-27,3,"GB-WLS","quantile","0.4",3.30259095011023
2026-09-16,"ILI incidence",2026-09-27,3,"GB-WLS","quantile","0.45",3.32488670325021
2026-09-16,"ILI incidence",2026-09-27,3,"GB-WLS","quantile","0.5",3.34697591808381
2026-09-16,"ILI incidence",2026-09-27,3,"GB-WLS","quantile","0.55",3.36921188480867
2026-09-16,"ILI incidence",2026-09-27,3,"GB-WLS","quantile","0.6",3.39195739510491
2026-09-16,"ILI incidence",2026-09-27,3,"GB-WLS","quantile","0.65",3.4156280730862
2026-09-16,"ILI incidence",2026-09-27,3,"GB-WLS","quantile","0.7",3.44075219194584
2026-09-16,"ILI incidence",2026-09-27,3,"GB-WLS","quantile","0.75",3.46807243233882
2026-09-16,"ILI incidence",2026-09-27,3,"GB-WLS","quantile","0.8",3.4987501660274
2026-09-16,"ILI incidence",2026-09-27,3,"GB-WLS","quantile","0.85",3.53485148485058
2026-09-16,"ILI incidence",2026-09-27,3,"GB-WLS","quantile","0.9",3.58080486955371
2026-09-16,"ILI incidence",2026-09-27,3,"GB-WLS","quantile","0.95",3.65001589043942
2026-09-16,"ILI incidence",2026-09-27,3,"GB-WLS","quantile","0.975",3.71112853810779
2026-09-16,"ILI incidence",2026-09-27,3,"GB-WLS","quantile","0.99",3.78347286492976
2026-09-16,"ILI incidence",2026-10-04,4,"GB-WLS","quantile","0.01",0.952876969795857
2026-09-16,"ILI incidence",2026-10-04,4,"GB-WLS","quantile","0.025",1.1835293356143
2026-09-16,"ILI incidence",2026-10-04,4,"GB-WLS","quantile","0.05",1.4260886048923
2026-09-16,"ILI incidence",2026-10-04,4,"GB-WLS","quantile","0.1",1.76805931907315
2026-09-16,"ILI incidence",2026-10-04,4,"GB-WLS","quantile","0.15",2.04399510182586
2026-09-16,"ILI incidence",2026-10-04,4,"GB-WLS","quantile","0.2",2.29370075576555
2026-09-16,"ILI incidence",2026-10-04,4,"GB-WLS","quantile","0.25",2.53210159434733
2026-09-16,"ILI incidence",2026-10-04,4,"GB-WLS","quantile","0.3",2.76723790118397
2026-09-16,"ILI incidence",2026-10-04,4,"GB-WLS","quantile","0.35",3.0045750779914
2026-09-16,"ILI incidence",2026-10-04,4,"GB-WLS","quantile","0.4",3.24857998664459
2026-09-16,"ILI incidence",2026-10-04,4,"GB-WLS","quantile","0.45",3.50350199695602
2026-09-16,"ILI incidence",2026-10-04,4,"GB-WLS","quantile","0.5",3.77390534378151
2026-09-16,"ILI incidence",2026-10-04,4,"GB-WLS","quantile","0.55",4.06517865729689
2026-09-16,"ILI incidence",2026-10-04,4,"GB-WLS","quantile","0.6",4.38418065812607
2026-09-16,"ILI incidence",2026-10-04,4,"GB-WLS","quantile","0.65",4.74022488176394
2026-09-16,"ILI incidence",2026-10-04,4,"GB-WLS","quantile","0.7",5.14677886484897
2026-09-16,"ILI incidence",2026-10-04,4,"GB-WLS","quantile","0.75",5.6247196303724
2026-09-16,"ILI incidence",2026-10-04,4,"GB-WLS","quantile","0.8",6.20933725030278
2026-09-16,"ILI incidence",2026-10-04,4,"GB-WLS","quantile","0.85",6.96790395001449
2026-09-16,"ILI incidence",2026-10-04,4,"GB-WLS","quantile","0.9",8.0553640877212
2026-09-16,"ILI incidence",2026-10-04,4,"GB-WLS","quantile","0.95",9.98701027058431
2026-09-16,"ILI incidence",2026-10-04,4,"GB-WLS","quantile","0.975",12.0338052596139
2026-09-16,"ILI incidence",2026-10-04,4,"GB-WLS","quantile","0.99",14.946695108891
2026-09-16,"ILI incidence",2026-09-13,1,"GR","quantile","0.01",162.661470845055
2026-09-16,"ILI incidence",2026-09-13,1,"GR","quantile","0.025",179.766088189185
2026-09-16,"ILI incidence",2026-09-13,1,"GR","quantile","0.05",195.908827935835
2026-09-16,"ILI incidence",2026-09-13,1,"GR","quantile","0.1",216.327547828522
2026-09-16,"ILI incidence",2026-09-13,1,"GR","quantile","0.15",231.293130797824
2026-09-16,"ILI incidence",2026-09-13,1,"GR","quantile","0.2",243.922282386948
2026-09-16,"ILI incidence",2026-09-13,1,"GR","quantile","0.25",255.305139963887
2026-09-16,"ILI incidence",2026-09-13,1,"GR","quantile","0.3",265.979294283708
2026-09-16,"ILI incidence",2026-09-13,1,"GR","quantile","0.35",276.268464218356
2026-09-16,"ILI incidence",2026-09-13,1,"GR","quantile","0.4",286.399679675005
2026-09-16,"ILI incidence",2026-09-13,1,"GR","quantile","0.45",296.555227480745
2026-09-16,"ILI incidence",2026-09-13,1,"GR","quantile","0.5",306.901287949341
2026-09-16,"ILI incidence",2026-09-13,1,"GR","quantile","0.55",317.608296252609
2026-09-16,"ILI incidence",2026-09-13,1,"GR","quantile","0.6",328.870481460894
2026-09-16,"ILI incidence",2026-09-13,1,"GR","quantile","0.65",340.930698737009
2026-09-16,"ILI incidence",2026-09-13,1,"GR","quantile","0.7",354.119296385899
2026-09-16,"ILI incidence",2026-09-13,1,"GR","quantile","0.75",368.924811142806
2026-09-16,"ILI incidence",2026-09-13,1,"GR","quantile","0.8",386.141026655154
2026-09-16,"ILI incidence",2026-09-13,1,"GR","quantile","0.85",407.225239331884
2026-09-16,"ILI incidence",2026-09-13,1,"GR","quantile","0.9",435.397162730406
2026-09-16,"ILI incidence",2026-09-13,1,"GR","quantile","0.95",480.776703823747
2026-09-16,"ILI incidence",2026-09-13,1,"GR","quantile","0.975",523.949769913451
2026-09-16,"ILI incidence",2026-09-13,1,"GR","quantile","0.99",579.045548129126
2026-09-16,"ILI incidence",2026-09-20,2,"GR","quantile","0.01",129.790780607449
2026-09-16,"ILI incidence",2026-09-20,2,"GR","quantile","0.025",151.372213691398
2026-09-16,"ILI incidence",2026-09-20,2,"GR","quantile","0.05",172.782534693854
2026-09-16,"ILI incidence",2026-09-20,2,"GR","quantile","0.1",201.252022063993
2026-09-16,"ILI incidence",2026-09-20,2,"GR","quantile","0.15",223.065468078452
2026-09-16,"ILI incidence",2026-09-20,2,"GR","quantile","0.2",242.076260253731
2026-09-16,"ILI incidence",2026-09-20,2,"GR","quantile","0.25",259.671972221344
2026-09-16,"ILI incidence",2026-09-20,2,"GR","quantile","0.3",276.56082366255
2026-09-16,"ILI incidence",2026-09-20,2,"GR","quantile","0.35",293.189863562091
2026-09-16,"ILI incidence",2026-09-20,2,"GR","quantile","0.4",309.892802944798
2026-09-16,"ILI incidence",2026-09-20,2,"GR","quantile","0.45",326.958230936034
2026-09-16,"ILI incidence",2026-09-20,2,"GR","quantile","0.5",344.670370951991
2026-09-16,"ILI incidence",2026-09-20,2,"GR","quantile","0.55",363.342021615675
2026-09-16,"ILI incidence",2026-09-20,2,"GR","quantile","0.6",383.350834492743
2026-09-16,"ILI incidence",2026-09-20,2,"GR","quantile","0.65",405.190217590946
2026-09-16,"ILI incidence",2026-09-20,2,"GR","quantile","0.7",429.553481360528
2026-09-16,"ILI incidence",2026-09-20,2,"GR","quantile","0.75",457.491286394668
2026-09-16,"ILI incidence",2026-09-20,2,"GR","quantile","0.8",490.744794585253
2026-09-16,"ILI incidence",2026-09-20,2,"GR","quantile","0.85",532.568602552153
2026-09-16,"ILI incidence",2026-09-20,2,"GR","quantile","0.9",590.293023611998
2026-09-16,"ILI incidence",2026-09-20,2,"GR","quantile","0.95",687.555977938831
2026-09-16,"ILI incidence",2026-09-20,2,"GR","quantile","0.975",784.804963309685
2026-09-16,"ILI incidence",2026-09-20,2,"GR","quantile","0.99",915.30125680872
2026-09-16,"ILI incidence",2026-09-27,3,"GR","quantile","0.01",129.648743003063
2026-09-16,"ILI incidence",2026-09-27,3,"GR","quantile","0.025",152.388904718619
2026-09-16,"ILI incidence",2026-09-27,3,"GR","quantile","0.05",175.112178732121
2026-09-16,"ILI incidence",2026-09-27,3,"GR","quantile","0.1",205.546946328095
2026-09-16,"ILI incidence",2026-09-27,3,"GR","quantile","0.15",229.016212374878
2026-09-16,"ILI incidence",2026-09-27,3,"GR","quantile","0.2",249.565605096494
2026-09-16,"ILI incidence",2026-09-27,3,"GR","quantile","0.25",268.658560868078
2026-09-16,"ILI incidence",2026-09-27,3,"GR","quantile","0.3",287.046330432894
2026-09-16,"ILI incidence",2026-09-27,3,"GR","quantile","0.35",305.20692100721
2026-09-16,"ILI incidence",2026-09-27,3,"GR","quantile","0.4",323.500822625244
2026-09-16,"ILI incidence",2026-09-27,3,"GR","quantile","0.45",342.243383493203
2026-09-16,"ILI incidence",2026-09-27,3,"GR","quantile","0.5",361.74866189469
2026-09-16,"ILI incidence",2026-09-27,3,"GR","quantile","0.55",382.365593300646
2026-09-16,"ILI incidence",2026-09-27,3,"GR","quantile","0.6",404.518583046062
2026-09-16,"ILI incidence",2026-09-27,3,"GR","quantile","0.65",428.765160209154
2026-09-16,"ILI incidence",2026-09-27,3,"GR","quantile","0.7",455.891890989327
2026-09-16,"ILI incidence",2026-09-27,3,"GR","quantile","0.75",487.094451633193
2026-09-16,"ILI incidence",2026-09-27,3,"GR","quantile","0.8",524.359493897413
2026-09-16,"ILI incidence",2026-09-27,3,"GR","quantile","0.85",571.409740059758
2026-09-16,"ILI incidence",2026-09-27,3,"GR","quantile","0.9",636.653069872011
2026-09-16,"ILI incidence",2026-09-27,3,"GR","quantile","0.95",747.304358440917
2026-09-16,"ILI incidence",2026-09-27,3,"GR","quantile","0.975",858.737679257108
2026-09-16,"ILI incidence",2026-09-27,3,"GR","quantile","0.99",1009.35875930172
2026-09-16,"ILI incidence",2026-10-04,4,"GR","quantile","0.01",187.636443337851
2026-09-16,"ILI incidence",2026-10-04,4,"GR","quantile","0.025",212.197672553317
2026-09-16,"ILI incidence",2026-10-04,4,"GR","quantile","0.05",235.878147260663
2026-09-16,"ILI incidence",2026-10-04,4,"GR","quantile","0.1",266.478246593625
2026-09-16,"ILI incidence",2026-10-04,4,"GR","quantile","0.15",289.33642090195
2026-09-16,"ILI incidence",2026-10-04,4,"GR","quantile","0.2",308.893799868286
2026-09-16,"ILI incidence",2026-10-04,4,"GR","quantile","0.25",326.722530376527
2026-09-16,"ILI incidence",2026-10-04,4,"GR","quantile","0.3",343.608580788032
2026-09-16,"ILI incidence",2026-10-04,4,"GR","quantile","0.35",360.034101270871
2026-09-16,"ILI incidence",2026-10-04,4,"GR","quantile","0.4",376.345762140807
2026-09-16,"ILI incidence",2026-10-04,4,"GR","quantile","0.45",392.830531671812
2026-09-16,"ILI incidence",2026-10-04,4,"GR","quantile","0.5",409.758767600801
2026-09-16,"ILI incidence",2026-10-04,4,"GR","quantile","0.55",427.416491562322
2026-09-16,"ILI incidence",2026-10-04,4,"GR","quantile","0.6",446.138271016077
2026-09-16,"ILI incidence",2026-10-04,4,"GR","quantile","0.65",466.350956848409
2026-09-16,"ILI incidence",2026-10-04,4,"GR","quantile","0.7",488.643930953821
2026-09-16,"ILI incidence",2026-10-04,4,"GR","quantile","0.75",513.898589828595
2026-09-16,"ILI incidence",2026-10-04,4,"GR","quantile","0.8",543.559785587545
2026-09-16,"ILI incidence",2026-10-04,4,"GR","quantile","0.85",580.30111488324
2026-09-16,"ILI incidence",2026-10-04,4,"GR","quantile","0.9",630.078626574633
2026-09-16,"ILI incidence",2026-10-04,4,"GR","quantile","0.95",711.817731212645
2026-09-16,"ILI incidence",2026-10-04,4,"GR","quantile","0.975",791.253954887465
2026-09-16,"ILI incidence",2026-10-04,4,"GR","quantile","0.99",894.827490006346
2026-09-16,"ILI incidence",2026-09-06,0,"HR","quantile","0.01",0.033428640038293
2026-09-16,"ILI incidence",2026-09-06,0,"HR","quantile","0.025",0.044869435951919
2026-09-16,"ILI incidence",2026-09-06,0,"HR","quantile","0.05",0.0577953765336747
2026-09-16,"ILI incidence",2026-09-06,0,"HR","quantile","0.1",0.0773837451124962
2026-09-16,"ILI incidence",2026-09-06,0,"HR","quantile","0.15",0.0942262379836528
2026-09-16,"ILI incidence",2026-09-06,0,"HR","quantile","0.2",0.11018998204263
2026-09-16,"ILI incidence",2026-09-06,0,"HR","quantile","0.25",0.126024372402829
2026-09-16,"ILI incidence",2026-09-06,0,"HR","quantile","0.3",0.142174237795436
2026-09-16,"ILI incidence",2026-09-06,0,"HR","quantile","0.35",0.15898133892885
2026-09-16,"ILI incidence",2026-09-06,0,"HR","quantile","0.4",0.176763201676071
2026-09-16,"ILI incidence",2026-09-06,0,"HR","quantile","0.45",0.195858135374017
2026-09-16,"ILI incidence",2026-09-06,0,"HR","quantile","0.5",0.216663149712801
2026-09-16,"ILI incidence",2026-09-06,0,"HR","quantile","0.55",0.239678174990423
2026-09-16,"ILI incidence",2026-09-06,0,"HR","quantile","0.6",0.265569530300189
2026-09-16,"ILI incidence",2026-09-06,0,"HR","quantile","0.65",0.295273148155333
2026-09-16,"ILI incidence",2026-09-06,0,"HR","quantile","0.7",0.330178808561748
2026-09-16,"ILI incidence",2026-09-06,0,"HR","quantile","0.75",0.372490809106524
2026-09-16,"ILI incidence",2026-09-06,0,"HR","quantile","0.8",0.426018042414334
2026-09-16,"ILI incidence",2026-09-06,0,"HR","quantile","0.85",0.498193724465745
2026-09-16,"ILI incidence",2026-09-06,0,"HR","quantile","0.9",0.606625078370511
2026-09-16,"ILI incidence",2026-09-06,0,"HR","quantile","0.95",0.812226223945787
2026-09-16,"ILI incidence",2026-09-06,0,"HR","quantile","0.975",1.04621151230371
2026-09-16,"ILI incidence",2026-09-06,0,"HR","quantile","0.99",1.404272515714
2026-09-16,"ILI incidence",2026-09-13,1,"HR","quantile","0.01",0.216666750841727
2026-09-16,"ILI incidence",2026-09-13,1,"HR","quantile","0.025",0.237921958066741
2026-09-16,"ILI incidence",2026-09-13,1,"HR","quantile","0.05",0.257863044899674
2026-09-16,"ILI incidence",2026-09-13,1,"HR","quantile","0.1",0.282936840873032
2026-09-16,"ILI incidence",2026-09-13,1,"HR","quantile","0.15",0.301217350590612
2026-09-16,"ILI incidence",2026-09-13,1,"HR","quantile","0.2",0.316584843489112
2026-09-16,"ILI incidence",2026-09-13,1,"HR","quantile","0.25",0.33039212762337
2026-09-16,"ILI incidence",2026-09-13,1,"HR","quantile","0.3",0.343303948820419
2026-09-16,"ILI incidence",2026-09-13,1,"HR","quantile","0.35",0.355718685558693
2026-09-16,"ILI incidence",2026-09-13,1,"HR","quantile","0.4",0.367913927288411
2026-09-16,"ILI incidence",2026-09-13,1,"HR","quantile","0.45",0.380110758360784
2026-09-16,"ILI incidence",2026-09-13,1,"HR","quantile","0.5",0.392508920510742
2026-09-16,"ILI incidence",2026-09-13,1,"HR","quantile","0.55",0.40531147643624
2026-09-16,"ILI incidence",2026-09-13,1,"HR","quantile","0.6",0.418748085499184
2026-09-16,"ILI incidence",2026-09-13,1,"HR","quantile","0.65",0.433104188604925
2026-09-16,"ILI incidence",2026-09-13,1,"HR","quantile","0.7",0.448766328525682
2026-09-16,"ILI incidence",2026-09-13,1,"HR","quantile","0.75",0.466304248193627
2026-09-16,"ILI incidence",2026-09-13,1,"HR","quantile","0.8",0.486641277524731
2026-09-16,"ILI incidence",2026-09-13,1,"HR","quantile","0.85",0.511468719774704
2026-09-16,"ILI incidence",2026-09-13,1,"HR","quantile","0.9",0.54451464222591
2026-09-16,"ILI incidence",2026-09-13,1,"HR","quantile","0.95",0.59746154296925
2026-09-16,"ILI incidence",2026-09-13,1,"HR","quantile","0.975",0.647536923167431
2026-09-16,"ILI incidence",2026-09-13,1,"HR","quantile","0.99",0.711060889970376
2026-09-16,"ILI incidence",2026-09-20,2,"HR","quantile","0.01",0.0166797625468029
2026-09-16,"ILI incidence",2026-09-20,2,"HR","quantile","0.025",0.0243238604778332
2026-09-16,"ILI incidence",2026-09-20,2,"HR","quantile","0.05",0.0336469895121686
2026-09-16,"ILI incidence",2026-09-20,2,"HR","quantile","0.1",0.0489114676749284
2026-09-16,"ILI incidence",2026-09-20,2,"HR","quantile","0.15",0.0629542000079101
2026-09-16,"ILI incidence",2026-09-20,2,"HR","quantile","0.2",0.076938276522922
2026-09-16,"ILI incidence",2026-09-20,2,"HR","quantile","0.25",0.0913864318594257
2026-09-16,"ILI incidence",2026-09-20,2,"HR","quantile","0.3",0.106659585787929
2026-09-16,"ILI incidence",2026-09-20,2,"HR","quantile","0.35",0.123082095522008
2026-09-16,"ILI incidence",2026-09-20,2,"HR","quantile","0.4",0.14099764017372
2026-09-16,"ILI incidence",2026-09-20,2,"HR","quantile","0.45",0.16080940247566
2026-09-16,"ILI incidence",2026-09-20,2,"HR","quantile","0.5",0.18302302954025
2026-09-16,"ILI incidence",2026-09-20,2,"HR","quantile","0.55",0.208305166404442
2026-09-16,"ILI incidence",2026-09-20,2,"HR","quantile","0.6",0.237574396995721
2026-09-16,"ILI incidence",2026-09-20,2,"HR","quantile","0.65",0.272155175779418
2026-09-16,"ILI incidence",2026-09-20,2,"HR","quantile","0.7",0.314059248351988
2026-09-16,"ILI incidence",2026-09-20,2,"HR","quantile","0.75",0.366547075539817
2026-09-16,"ILI incidence",2026-09-20,2,"HR","quantile","0.8",0.435380552514865
2026-09-16,"ILI incidence",2026-09-20,2,"HR","quantile","0.85",0.532092050059922
2026-09-16,"ILI incidence",2026-09-20,2,"HR","quantile","0.9",0.684858396904367
2026-09-16,"ILI incidence",2026-09-20,2,"HR","quantile","0.95",0.995555020753837
2026-09-16,"ILI incidence",2026-09-20,2,"HR","quantile","0.975",1.37714280069227
2026-09-16,"ILI incidence",2026-09-20,2,"HR","quantile","0.99",2.00826775849467
2026-09-16,"ILI incidence",2026-09-27,3,"HR","quantile","0.01",0.213249180903533
2026-09-16,"ILI incidence",2026-09-27,3,"HR","quantile","0.025",0.237516224700675
2026-09-16,"ILI incidence",2026-09-27,3,"HR","quantile","0.05",0.260584719997679
2026-09-16,"ILI incidence",2026-09-27,3,"HR","quantile","0.1",0.289975395516675
2026-09-16,"ILI incidence",2026-09-27,3,"HR","quantile","0.15",0.311655820813862
2026-09-16,"ILI incidence",2026-09-27,3,"HR","quantile","0.2",0.330037045942731
2026-09-16,"ILI incidence",2026-09-27,3,"HR","quantile","0.25",0.346668120653307
2026-09-16,"ILI incidence",2026-09-27,3,"HR","quantile","0.3",0.362316370304867
2026-09-16,"ILI incidence",2026-09-27,3,"HR","quantile","0.35",0.377446647695735
2026-09-16,"ILI incidence",2026-09-27,3,"HR","quantile","0.4",0.392387624957741
2026-09-16,"ILI incidence",2026-09-27,3,"HR","quantile","0.45",0.407405873482645
2026-09-16,"ILI incidence",2026-09-27,3,"HR","quantile","0.5",0.422747111723039
2026-09-16,"ILI incidence",2026-09-27,3,"HR","quantile","0.55",0.438666038224863
2026-09-16,"ILI incidence",2026-09-27,3,"HR","quantile","0.6",0.455455547277819
2026-09-16,"ILI incidence",2026-09-27,3,"HR","quantile","0.65",0.473484455514985
2026-09-16,"ILI incidence",2026-09-27,3,"HR","quantile","0.7",0.493257095504114
2026-09-16,"ILI incidence",2026-09-27,3,"HR","quantile","0.75",0.515522223772343
2026-09-16,"ILI incidence",2026-09-27,3,"HR","quantile","0.8",0.541500182077083
2026-09-16,"ILI incidence",2026-09-27,3,"HR","quantile","0.85",0.573437454187355
2026-09-16,"ILI incidence",2026-09-27,3,"HR","quantile","0.9",0.616311325834176
2026-09-16,"ILI incidence",2026-09-27,3,"HR","quantile","0.95",0.685823483709113
2026-09-16,"ILI incidence",2026-09-27,3,"HR","quantile","0.975",0.752433315641463
2026-09-16,"ILI incidence",2026-09-27,3,"HR","quantile","0.99",0.838057711232274
2026-09-16,"ILI incidence",2026-10-04,4,"HR","quantile","0.01",0.107516445112724
2026-09-16,"ILI incidence",2026-10-04,4,"HR","quantile","0.025",0.127144756542005
2026-09-16,"ILI incidence",2026-10-04,4,"HR","quantile","0.05",0.146869200897868
2026-09-16,"ILI incidence",2026-10-04,4,"HR","quantile","0.1",0.173436993504352
2026-09-16,"ILI incidence",2026-10-04,4,"HR","quantile","0.15",0.194026995408278
2026-09-16,"ILI incidence",2026-10-04,4,"HR","quantile","0.2",0.212120970484733
2026-09-16,"ILI incidence",2026-10-04,4,"HR","quantile","0.25",0.228982956820418
2026-09-16,"ILI incidence",2026-10-04,4,"HR","quantile","0.3",0.245264868589375
2026-09-16,"ILI incidence",2026-10-04,4,"HR","quantile","0.35",0.261384187315879
2026-09-16,"ILI incidence",2026-10-04,4,"HR","quantile","0.4",0.277658345506537
2026-09-16,"ILI incidence",2026-10-04,4,"HR","quantile","0.45",0.294367550759557
2026-09-16,"ILI incidence",2026-10-04,4,"HR","quantile","0.5",0.311793286396943
2026-09-16,"ILI incidence",2026-10-04,4,"HR","quantile","0.55",0.330250576843005
2026-09-16,"ILI incidence",2026-10-04,4,"HR","quantile","0.6",0.350124730682434
2026-09-16,"ILI incidence",2026-10-04,4,"HR","quantile","0.65",0.371924003668682
2026-09-16,"ILI incidence",2026-10-04,4,"HR","quantile","0.7",0.396367624932721
2026-09-16,"ILI incidence",2026-10-04,4,"HR","quantile","0.75",0.424551481001479
2026-09-16,"ILI incidence",2026-10-04,4,"HR","quantile","0.8",0.458300059725605
2026-09-16,"ILI incidence",2026-10-04,4,"HR","quantile","0.85",0.501038802552414
2026-09-16,"ILI incidence",2026-10-04,4,"HR","quantile","0.9",0.560520863963011
2026-09-16,"ILI incidence",2026-10-04,4,"HR","quantile","0.95",0.661915860152388
2026-09-16,"ILI incidence",2026-10-04,4,"HR","quantile","0.975",0.764601357430646
2026-09-16,"ILI incidence",2026-10-04,4,"HR","quantile","0.99",0.904187757884689
2026-09-16,"ILI incidence",2026-09-06,0,"HU","quantile","0.01",31.5630970955097
2026-09-16,"ILI incidence",2026-09-06,0,"HU","quantile","0.025",32.7710724822991
2026-09-16,"ILI incidence",2026-09-06,0,"HU","quantile","0.05",33.8469119463832
2026-09-16,"ILI incidence",2026-09-06,0,"HU","quantile","0.1",35.1311927508526
2026-09-16,"ILI incidence",2026-09-06,0,"HU","quantile","0.15",36.0251095571704
2026-09-16,"ILI incidence",2026-09-06,0,"HU","quantile","0.2",36.751760864112
2026-09-16,"ILI incidence",2026-09-06,0,"HU","quantile","0.25",37.3868329923356
2026-09-16,"ILI incidence",2026-09-06,0,"HU","quantile","0.3",37.9664945274536
2026-09-16,"ILI incidence",2026-09-06,0,"HU","quantile","0.35",38.5116569539372
2026-09-16,"ILI incidence",2026-09-06,0,"HU","quantile","0.4",39.0361992592067
2026-09-16,"ILI incidence",2026-09-06,0,"HU","quantile","0.45",39.5504990636414
2026-09-16,"ILI incidence",2026-09-06,0,"HU","quantile","0.5",40.0632599601539
2026-09-16,"ILI incidence",2026-09-06,0,"HU","quantile","0.55",40.5826686548793
2026-09-16,"ILI incidence",2026-09-06,0,"HU","quantile","0.6",41.1173431095836
2026-09-16,"ILI incidence",2026-09-06,0,"HU","quantile","0.65",41.6773757762396
2026-09-16,"ILI incidence",2026-09-06,0,"HU","quantile","0.7",42.275822896271
2026-09-16,"ILI incidence",2026-09-06,0,"HU","quantile","0.75",42.9312854331341
2026-09-16,"ILI incidence",2026-09-06,0,"HU","quantile","0.8",43.6731400318349
2026-09-16,"ILI incidence",2026-09-06,0,"HU","quantile","0.85",44.5540573884362
2026-09-16,"ILI incidence",2026-09-06,0,"HU","quantile","0.9",45.6877399528634
2026-09-16,"ILI incidence",2026-09-06,0,"HU","quantile","0.95",47.4213068884232
2026-09-16,"ILI incidence",2026-09-06,0,"HU","quantile","0.975",48.9780979704534
2026-09-16,"ILI incidence",2026-09-06,0,"HU","quantile","0.99",50.8525761517623
2026-09-16,"ILI incidence",2026-09-13,1,"HU","quantile","0.01",19.8964307884281
2026-09-16,"ILI incidence",2026-09-13,1,"HU","quantile","0.025",23.5757224137387
2026-09-16,"ILI incidence",2026-09-13,1,"HU","quantile","0.05",27.2798722256429
2026-09-16,"ILI incidence",2026-09-13,1,"HU","quantile","0.1",32.2784242685609
2026-09-16,"ILI incidence",2026-09-13,1,"HU","quantile","0.15",36.158658001201
2026-09-16,"ILI incidence",2026-09-13,1,"HU","quantile","0.2",39.5725797734737
2026-09-16,"ILI incidence",2026-09-13,1,"HU","quantile","0.25",42.7571827059384
2026-09-16,"ILI incidence",2026-09-13,1,"HU","quantile","0.3",45.8348841033238
2026-09-16,"ILI incidence",2026-09-13,1,"HU","quantile","0.35",48.8842485590024
2026-09-16,"ILI incidence",2026-09-13,1,"HU","quantile","0.4",51.9651758419002
2026-09-16,"ILI incidence",2026-09-13,1,"HU","quantile","0.45",55.1306995901295
2026-09-16,"ILI incidence",2026-09-13,1,"HU","quantile","0.5",58.4342456243158
2026-09-16,"ILI incidence",2026-09-13,1,"HU","quantile","0.55",61.9357469988319
2026-09-16,"ILI incidence",2026-09-13,1,"HU","quantile","0.6",65.7086405725132
2026-09-16,"ILI incidence",2026-09-13,1,"HU","quantile","0.65",69.8499243076541
2026-09-16,"ILI incidence",2026-09-13,1,"HU","quantile","0.7",74.4969934686767
2026-09-16,"ILI incidence",2026-09-13,1,"HU","quantile","0.75",79.8593556822122
2026-09-16,"ILI incidence",2026-09-13,1,"HU","quantile","0.8",86.2860364734603
2026-09-16,"ILI incidence",2026-09-13,1,"HU","quantile","0.85",94.4327375636964
2026-09-16,"ILI incidence",2026-09-13,1,"HU","quantile","0.9",105.784626699038
2026-09-16,"ILI incidence",2026-09-13,1,"HU","quantile","0.95",125.167780605409
2026-09-16,"ILI incidence",2026-09-13,1,"HU","quantile","0.975",144.833782895791
2026-09-16,"ILI incidence",2026-09-13,1,"HU","quantile","0.99",171.616763729744
2026-09-16,"ILI incidence",2026-09-20,2,"HU","quantile","0.01",27.6037396603878
2026-09-16,"ILI incidence",2026-09-20,2,"HU","quantile","0.025",31.8081253672052
2026-09-16,"ILI incidence",2026-09-20,2,"HU","quantile","0.05",35.9328613411086
2026-09-16,"ILI incidence",2026-09-20,2,"HU","quantile","0.1",41.3565266854007
2026-09-16,"ILI incidence",2026-09-20,2,"HU","quantile","0.15",45.47112768047
2026-09-16,"ILI incidence",2026-09-20,2,"HU","quantile","0.2",49.0313167104767
2026-09-16,"ILI incidence",2026-09-20,2,"HU","quantile","0.25",52.3069865192814
2026-09-16,"ILI incidence",2026-09-20,2,"HU","quantile","0.3",55.4347286479619
2026-09-16,"ILI incidence",2026-09-20,2,"HU","quantile","0.35",58.4997589921809
2026-09-16,"ILI incidence",2026-09-20,2,"HU","quantile","0.4",61.5647276362645
2026-09-16,"ILI incidence",2026-09-20,2,"HU","quantile","0.45",64.6828762586886
2026-09-16,"ILI incidence",2026-09-20,2,"HU","quantile","0.5",67.905739972638
2026-09-16,"ILI incidence",2026-09-20,2,"HU","quantile","0.55",71.2891848344811
2026-09-16,"ILI incidence",2026-09-20,2,"HU","quantile","0.6",74.8998606551996
2026-09-16,"ILI incidence",2026-09-20,2,"HU","quantile","0.65",78.8240772384696
2026-09-16,"ILI incidence",2026-09-20,2,"HU","quantile","0.7",83.1823233142327
2026-09-16,"ILI incidence",2026-09-20,2,"HU","quantile","0.75",88.1562832821912
2026-09-16,"ILI incidence",2026-09-20,2,"HU","quantile","0.8",94.0458023687184
2026-09-16,"ILI incidence",2026-09-20,2,"HU","quantile","0.85",101.409174490565
2026-09-16,"ILI incidence",2026-09-20,2,"HU","quantile","0.9",111.498471723916
2026-09-16,"ILI incidence",2026-09-20,2,"HU","quantile","0.95",128.327924610784
2026-09-16,"ILI incidence",2026-09-20,2,"HU","quantile","0.975",144.968918098699
2026-09-16,"ILI incidence",2026-09-20,2,"HU","quantile","0.99",167.049449747156
2026-09-16,"ILI incidence",2026-09-27,3,"HU","quantile","0.01",0.541558086512501
2026-09-16,"ILI incidence",2026-09-27,3,"HU","quantile","0.025",1.10503662292588
2026-09-16,"ILI incidence",2026-09-27,3,"HU","quantile","0.05",2.04062384708169
2026-09-16,"ILI incidence",2026-09-27,3,"HU","quantile","0.1",4.13894146992815
2026-09-16,"ILI incidence",2026-09-27,3,"HU","quantile","0.15",6.66969477756937
2026-09-16,"ILI incidence",2026-09-27,3,"HU","quantile","0.2",9.74529980481603
2026-09-16,"ILI incidence",2026-09-27,3,"HU","quantile","0.25",13.4922354630605
2026-09-16,"ILI incidence",2026-09-27,3,"HU","quantile","0.3",18.0703072853778
2026-09-16,"ILI incidence",2026-09-27,3,"HU","quantile","0.35",23.6886479360924
2026-09-16,"ILI incidence",2026-09-27,3,"HU","quantile","0.4",30.6271933260998
2026-09-16,"ILI incidence",2026-09-27,3,"HU","quantile","0.45",39.2689683972038
2026-09-16,"ILI incidence",2026-09-27,3,"HU","quantile","0.5",50.1510927850593
2026-09-16,"ILI incidence",2026-09-27,3,"HU","quantile","0.55",64.0488459512148
2026-09-16,"ILI incidence",2026-09-27,3,"HU","quantile","0.6",82.1208812951297
2026-09-16,"ILI incidence",2026-09-27,3,"HU","quantile","0.65",106.17457418089
2026-09-16,"ILI incidence",2026-09-27,3,"HU","quantile","0.7",139.185906903246
2026-09-16,"ILI incidence",2026-09-27,3,"HU","quantile","0.75",186.413297812778
2026-09-16,"ILI incidence",2026-09-27,3,"HU","quantile","0.8",258.086683622876
2026-09-16,"ILI incidence",2026-09-27,3,"HU","quantile","0.85",377.098531704058
2026-09-16,"ILI incidence",2026-09-27,3,"HU","quantile","0.9",607.675205317482
2026-09-16,"ILI incidence",2026-09-27,3,"HU","quantile","0.95",1232.53097876541
2026-09-16,"ILI incidence",2026-09-27,3,"HU","quantile","0.975",2276.06221853185
2026-09-16,"ILI incidence",2026-09-27,3,"HU","quantile","0.99",4644.25178051065
2026-09-16,"ILI incidence",2026-10-04,4,"HU","quantile","0.01",7.09158465330649
2026-09-16,"ILI incidence",2026-10-04,4,"HU","quantile","0.025",10.4421141042384
2026-09-16,"ILI incidence",2026-10-04,4,"HU","quantile","0.05",14.5652025437383
2026-09-16,"ILI incidence",2026-10-04,4,"HU","quantile","0.1",21.3770692559406
2026-09-16,"ILI incidence",2026-10-04,4,"HU","quantile","0.15",27.6932379886124
2026-09-16,"ILI incidence",2026-10-04,4,"HU","quantile","0.2",34.0193506678523
2026-09-16,"ILI incidence",2026-10-04,4,"HU","quantile","0.25",40.586567332774
2026-09-16,"ILI incidence",2026-10-04,4,"HU","quantile","0.3",47.5578321806552
2026-09-16,"ILI incidence",2026-10-04,4,"HU","quantile","0.35",55.0823318594686
2026-09-16,"ILI incidence",2026-10-04,4,"HU","quantile","0.4",63.3203115642358
2026-09-16,"ILI incidence",2026-10-04,4,"HU","quantile","0.45",72.4614834438259
2026-09-16,"ILI incidence",2026-10-04,4,"HU","quantile","0.5",82.7452143730869
2026-09-16,"ILI incidence",2026-10-04,4,"HU","quantile","0.55",94.4884119982987
2026-09-16,"ILI incidence",2026-10-04,4,"HU","quantile","0.6",108.129134751688
2026-09-16,"ILI incidence",2026-10-04,4,"HU","quantile","0.65",124.300665395144
2026-09-16,"ILI incidence",2026-10-04,4,"HU","quantile","0.7",143.967253924436
2026-09-16,"ILI incidence",2026-10-04,4,"HU","quantile","0.75",168.695481081478
2026-09-16,"ILI incidence",2026-10-04,4,"HU","quantile","0.8",201.261057816668
2026-09-16,"ILI incidence",2026-10-04,4,"HU","quantile","0.85",247.23618467669
2026-09-16,"ILI incidence",2026-10-04,4,"HU","quantile","0.9",320.285742618596
2026-09-16,"ILI incidence",2026-10-04,4,"HU","quantile","0.95",470.077259899937
2026-09-16,"ILI incidence",2026-10-04,4,"HU","quantile","0.975",655.688152159634
2026-09-16,"ILI incidence",2026-10-04,4,"HU","quantile","0.99",965.478216276494
2026-09-16,"ILI incidence",2026-09-13,1,"IE","quantile","0.01",0.591785711210444
2026-09-16,"ILI incidence",2026-09-13,1,"IE","quantile","0.025",0.658557933159845
2026-09-16,"ILI incidence",2026-09-13,1,"IE","quantile","0.05",0.721981262561049
2026-09-16,"ILI incidence",2026-09-13,1,"IE","quantile","0.1",0.802721503122097
2026-09-16,"ILI incidence",2026-09-13,1,"IE","quantile","0.15",0.862238025330022
2026-09-16,"ILI incidence",2026-09-13,1,"IE","quantile","0.2",0.912671487144851
2026-09-16,"ILI incidence",2026-09-13,1,"IE","quantile","0.25",0.958283472119806
2026-09-16,"ILI incidence",2026-09-13,1,"IE","quantile","0.3",1.00118389902778
2026-09-16,"ILI incidence",2026-09-13,1,"IE","quantile","0.35",1.04265010312362
2026-09-16,"ILI incidence",2026-09-13,1,"IE","quantile","0.4",1.08358438846052
2026-09-16,"ILI incidence",2026-09-13,1,"IE","quantile","0.45",1.12471774443715
2026-09-16,"ILI incidence",2026-09-13,1,"IE","quantile","0.5",1.16672314671692
2026-09-16,"ILI incidence",2026-09-13,1,"IE","quantile","0.55",1.21029734599435
2026-09-16,"ILI incidence",2026-09-13,1,"IE","quantile","0.6",1.25624078344188
2026-09-16,"ILI incidence",2026-09-13,1,"IE","quantile","0.65",1.30556060658025
2026-09-16,"ILI incidence",2026-09-13,1,"IE","quantile","0.7",1.3596332326228
2026-09-16,"ILI incidence",2026-09-13,1,"IE","quantile","0.75",1.4205012824377
2026-09-16,"ILI incidence",2026-09-13,1,"IE","quantile","0.8",1.49149274438656
2026-09-16,"ILI incidence",2026-09-13,1,"IE","quantile","0.85",1.57873216106888
2026-09-16,"ILI incidence",2026-09-13,1,"IE","quantile","0.9",1.69578477191732
2026-09-16,"ILI incidence",2026-09-13,1,"IE","quantile","0.95",1.88542691018928
2026-09-16,"ILI incidence",2026-09-13,1,"IE","quantile","0.975",2.06700554733828
2026-09-16,"ILI incidence",2026-09-13,1,"IE","quantile","0.99",2.30022941632155
2026-09-16,"ILI incidence",2026-09-20,2,"IE","quantile","0.01",0.122464420832182
2026-09-16,"ILI incidence",2026-09-20,2,"IE","quantile","0.025",0.171357027361957
2026-09-16,"ILI incidence",2026-09-20,2,"IE","quantile","0.05",0.228758413863555
2026-09-16,"ILI incidence",2026-09-20,2,"IE","quantile","0.1",0.319184576059728
2026-09-16,"ILI incidence",2026-09-20,2,"IE","quantile","0.15",0.399619400694885
2026-09-16,"ILI incidence",2026-09-20,2,"IE","quantile","0.2",0.477770861917767
2026-09-16,"ILI incidence",2026-09-20,2,"IE","quantile","0.25",0.55689134507017
2026-09-16,"ILI incidence",2026-09-20,2,"IE","quantile","0.3",0.639050459415845
2026-09-16,"ILI incidence",2026-09-20,2,"IE","quantile","0.35",0.725965591454945
2026-09-16,"ILI incidence",2026-09-20,2,"IE","quantile","0.4",0.819345516644555
2026-09-16,"ILI incidence",2026-09-20,2,"IE","quantile","0.45",0.921108575412737
2026-09-16,"ILI incidence",2026-09-20,2,"IE","quantile","0.5",1.0335903861252
2026-09-16,"ILI incidence",2026-09-20,2,"IE","quantile","0.55",1.15980799094368
2026-09-16,"ILI incidence",2026-09-20,2,"IE","quantile","0.6",1.3038566326273
2026-09-16,"ILI incidence",2026-09-20,2,"IE","quantile","0.65",1.47156986345508
2026-09-16,"ILI incidence",2026-09-20,2,"IE","quantile","0.7",1.67171319658699
2026-09-16,"ILI incidence",2026-09-20,2,"IE","quantile","0.75",1.91834384884511
2026-09-16,"ILI incidence",2026-09-20,2,"IE","quantile","0.8",2.23602812863527
2026-09-16,"ILI incidence",2026-09-20,2,"IE","quantile","0.85",2.67331637160958
2026-09-16,"ILI incidence",2026-09-20,2,"IE","quantile","0.9",3.3469947059426
2026-09-16,"ILI incidence",2026-09-20,2,"IE","quantile","0.95",4.67003188318854
2026-09-16,"ILI incidence",2026-09-20,2,"IE","quantile","0.975",6.23440487231291
2026-09-16,"ILI incidence",2026-09-20,2,"IE","quantile","0.99",8.72342415071221
2026-09-16,"ILI incidence",2026-09-27,3,"IE","quantile","0.01",0.0809221081538601
2026-09-16,"ILI incidence",2026-09-27,3,"IE","quantile","0.025",0.124043548644828
2026-09-16,"ILI incidence",2026-09-27,3,"IE","quantile","0.05",0.179110246135364
2026-09-16,"ILI incidence",2026-09-27,3,"IE","quantile","0.1",0.273569097320148
2026-09-16,"ILI incidence",2026-09-27,3,"IE","quantile","0.15",0.364061655541664
2026-09-16,"ILI incidence",2026-09-27,3,"IE","quantile","0.2",0.456890329688495
2026-09-16,"ILI incidence",2026-09-27,3,"IE","quantile","0.25",0.555179922533834
2026-09-16,"ILI incidence",2026-09-27,3,"IE","quantile","0.3",0.661342954153548
2026-09-16,"ILI incidence",2026-09-27,3,"IE","quantile","0.35",0.777759906113389
2026-09-16,"ILI incidence",2026-09-27,3,"IE","quantile","0.4",0.907122889157686
2026-09-16,"ILI incidence",2026-09-27,3,"IE","quantile","0.45",1.05272710332616
2026-09-16,"ILI incidence",2026-09-27,3,"IE","quantile","0.5",1.21882256754493
2026-09-16,"ILI incidence",2026-09-27,3,"IE","quantile","0.55",1.41112397169523
2026-09-16,"ILI incidence",2026-09-27,3,"IE","quantile","0.6",1.63762646595349
2026-09-16,"ILI incidence",2026-09-27,3,"IE","quantile","0.65",1.9100090393966
2026-09-16,"ILI incidence",2026-09-27,3,"IE","quantile","0.7",2.24623010168475
2026-09-16,"ILI incidence",2026-09-27,3,"IE","quantile","0.75",2.67576039921777
2026-09-16,"ILI incidence",2026-09-27,3,"IE","quantile","0.8",3.25138956687843
2026-09-16,"ILI incidence",2026-09-27,3,"IE","quantile","0.85",4.08043096147162
2026-09-16,"ILI incidence",2026-09-27,3,"IE","quantile","0.9",5.43017638216045
2026-09-16,"ILI incidence",2026-09-27,3,"IE","quantile","0.95",8.29393339136006
2026-09-16,"ILI incidence",2026-09-27,3,"IE","quantile","0.975",11.9758622466559
2026-09-16,"ILI incidence",2026-09-27,3,"IE","quantile","0.99",18.3575105128543
2026-09-16,"ILI incidence",2026-10-04,4,"IE","quantile","0.01",0.148951291728853
2026-09-16,"ILI incidence",2026-10-04,4,"IE","quantile","0.025",0.215350952595568
2026-09-16,"ILI incidence",2026-10-04,4,"IE","quantile","0.05",0.295694876637491
2026-09-16,"ILI incidence",2026-10-04,4,"IE","quantile","0.1",0.426186437543197
2026-09-16,"ILI incidence",2026-10-04,4,"IE","quantile","0.15",0.545395344880402
2026-09-16,"ILI incidence",2026-10-04,4,"IE","quantile","0.2",0.663499333940058
2026-09-16,"ILI incidence",2026-10-04,4,"IE","quantile","0.25",0.785007215229969
2026-09-16,"ILI incidence",2026-10-04,4,"IE","quantile","0.3",0.91297667227553
2026-09-16,"ILI incidence",2026-10-04,4,"IE","quantile","0.35",1.05011029012424
2026-09-16,"ILI incidence",2026-10-04,4,"IE","quantile","0.4",1.19923602815099
2026-09-16,"ILI incidence",2026-10-04,4,"IE","quantile","0.45",1.36364341920707
2026-09-16,"ILI incidence",2026-10-04,4,"IE","quantile","0.5",1.54743475805933
2026-09-16,"ILI incidence",2026-10-04,4,"IE","quantile","0.55",1.75599742331651
2026-09-16,"ILI incidence",2026-10-04,4,"IE","quantile","0.6",1.99673314863806
2026-09-16,"ILI incidence",2026-10-04,4,"IE","quantile","0.65",2.28028841634037
2026-09-16,"ILI incidence",2026-10-04,4,"IE","quantile","0.7",2.62279902999259
2026-09-16,"ILI incidence",2026-10-04,4,"IE","quantile","0.75",3.05035964510038
2026-09-16,"ILI incidence",2026-10-04,4,"IE","quantile","0.8",3.60897774566034
2026-09-16,"ILI incidence",2026-10-04,4,"IE","quantile","0.85",4.390492791931
2026-09-16,"ILI incidence",2026-10-04,4,"IE","quantile","0.9",5.61856060989135
2026-09-16,"ILI incidence",2026-10-04,4,"IE","quantile","0.95",8.09805823381155
2026-09-16,"ILI incidence",2026-10-04,4,"IE","quantile","0.975",11.1193115311968
2026-09-16,"ILI incidence",2026-10-04,4,"IE","quantile","0.99",16.0760897247478
2026-09-16,"ILI incidence",2026-09-13,1,"IS","quantile","0.01",0.501
2026-09-16,"ILI incidence",2026-09-13,1,"IS","quantile","0.025",0.501
2026-09-16,"ILI incidence",2026-09-13,1,"IS","quantile","0.05",0.501
2026-09-16,"ILI incidence",2026-09-13,1,"IS","quantile","0.1",0.501
2026-09-16,"ILI incidence",2026-09-13,1,"IS","quantile","0.15",0.501
2026-09-16,"ILI incidence",2026-09-13,1,"IS","quantile","0.2",0.501
2026-09-16,"ILI incidence",2026-09-13,1,"IS","quantile","0.25",0.501
2026-09-16,"ILI incidence",2026-09-13,1,"IS","quantile","0.3",0.501
2026-09-16,"ILI incidence",2026-09-13,1,"IS","quantile","0.35",0.501
2026-09-16,"ILI incidence",2026-09-13,1,"IS","quantile","0.4",0.501
2026-09-16,"ILI incidence",2026-09-13,1,"IS","quantile","0.45",0.501
2026-09-16,"ILI incidence",2026-09-13,1,"IS","quantile","0.5",0.501
2026-09-16,"ILI incidence",2026-09-13,1,"IS","quantile","0.55",0.501
2026-09-16,"ILI incidence",2026-09-13,1,"IS","quantile","0.6",0.501
2026-09-16,"ILI incidence",2026-09-13,1,"IS","quantile","0.65",0.501
2026-09-16,"ILI incidence",2026-09-13,1,"IS","quantile","0.7",0.501
2026-09-16,"ILI incidence",2026-09-13,1,"IS","quantile","0.75",0.501
2026-09-16,"ILI incidence",2026-09-13,1,"IS","quantile","0.8",0.501
2026-09-16,"ILI incidence",2026-09-13,1,"IS","quantile","0.85",0.501
2026-09-16,"ILI incidence",2026-09-13,1,"IS","quantile","0.9",0.501
2026-09-16,"ILI incidence",2026-09-13,1,"IS","quantile","0.95",0.501
2026-09-16,"ILI incidence",2026-09-13,1,"IS","quantile","0.975",0.501
2026-09-16,"ILI incidence",2026-09-13,1,"IS","quantile","0.99",0.501
2026-09-16,"ILI incidence",2026-09-20,2,"IS","quantile","0.01",0.22680990163202
2026-09-16,"ILI incidence",2026-09-20,2,"IS","quantile","0.025",0.271355274963016
2026-09-16,"ILI incidence",2026-09-20,2,"IS","quantile","0.05",0.316603817164453
2026-09-16,"ILI incidence",2026-09-20,2,"IS","quantile","0.1",0.378213782388035
2026-09-16,"ILI incidence",2026-09-20,2,"IS","quantile","0.15",0.426420554562902
2026-09-16,"ILI incidence",2026-09-20,2,"IS","quantile","0.2",0.469079203239184
2026-09-16,"ILI incidence",2026-09-20,2,"IS","quantile","0.25",0.509061903495495
2026-09-16,"ILI incidence",2026-09-20,2,"IS","quantile","0.3",0.547863821690119
2026-09-16,"ILI incidence",2026-09-20,2,"IS","quantile","0.35",0.586454878913278
2026-09-16,"ILI incidence",2026-09-20,2,"IS","quantile","0.4",0.62558457642201
2026-09-16,"ILI incidence",2026-09-20,2,"IS","quantile","0.45",0.665926220135602
2026-09-16,"ILI incidence",2026-09-20,2,"IS","quantile","0.5",0.708167353102358
2026-09-16,"ILI incidence",2026-09-20,2,"IS","quantile","0.55",0.753087932020277
2026-09-16,"ILI incidence",2026-09-20,2,"IS","quantile","0.6",0.801651797217096
2026-09-16,"ILI incidence",2026-09-20,2,"IS","quantile","0.65",0.85513995710855
2026-09-16,"ILI incidence",2026-09-20,2,"IS","quantile","0.7",0.915375281494052
2026-09-16,"ILI incidence",2026-09-20,2,"IS","quantile","0.75",0.985147379044518
2026-09-16,"ILI incidence",2026-09-20,2,"IS","quantile","0.8",1.06911795819753
2026-09-16,"ILI incidence",2026-09-20,2,"IS","quantile","0.85",1.17607135639617
2026-09-16,"ILI incidence",2026-09-20,2,"IS","quantile","0.9",1.32597230284294
2026-09-16,"ILI incidence",2026-09-20,2,"IS","quantile","0.95",1.58400174859391
2026-09-16,"ILI incidence",2026-09-20,2,"IS","quantile","0.975",1.84813433263219
2026-09-16,"ILI incidence",2026-09-20,2,"IS","quantile","0.99",2.21110717121002
2026-09-16,"ILI incidence",2026-09-27,3,"IS","quantile","0.01",0.0325362318616578
2026-09-16,"ILI incidence",2026-09-27,3,"IS","quantile","0.025",0.0538255017603875
2026-09-16,"ILI incidence",2026-09-27,3,"IS","quantile","0.05",0.0829877641401033
2026-09-16,"ILI incidence",2026-09-27,3,"IS","quantile","0.1",0.136708643336357
2026-09-16,"ILI incidence",2026-09-27,3,"IS","quantile","0.15",0.191451026249606
2026-09-16,"ILI incidence",2026-09-27,3,"IS","quantile","0.2",0.250208397414928
2026-09-16,"ILI incidence",2026-09-27,3,"IS","quantile","0.25",0.314795879702418
2026-09-16,"ILI incidence",2026-09-27,3,"IS","quantile","0.3",0.386889648017855
2026-09-16,"ILI incidence",2026-09-27,3,"IS","quantile","0.35",0.468355913785218
2026-09-16,"ILI incidence",2026-09-27,3,"IS","quantile","0.4",0.561467157615564
2026-09-16,"ILI incidence",2026-09-27,3,"IS","quantile","0.45",0.669135848046717
2026-09-16,"ILI incidence",2026-09-27,3,"IS","quantile","0.5",0.795236442826912
2026-09-16,"ILI incidence",2026-09-27,3,"IS","quantile","0.55",0.945101061086549
2026-09-16,"ILI incidence",2026-09-27,3,"IS","quantile","0.6",1.12633658339996
2026-09-16,"ILI incidence",2026-09-27,3,"IS","quantile","0.65",1.35025731796356
2026-09-16,"ILI incidence",2026-09-27,3,"IS","quantile","0.7",1.63457720629117
2026-09-16,"ILI incidence",2026-09-27,3,"IS","quantile","0.75",2.00892400687652
2026-09-16,"ILI incidence",2026-09-27,3,"IS","quantile","0.8",2.5274971045487
2026-09-16,"ILI incidence",2026-09-27,3,"IS","quantile","0.85",3.30319984378409
2026-09-16,"ILI incidence",2026-09-27,3,"IS","quantile","0.9",4.6259035607869
2026-09-16,"ILI incidence",2026-09-27,3,"IS","quantile","0.95",7.62041255783629
2026-09-16,"ILI incidence",2026-09-27,3,"IS","quantile","0.975",11.7490962335145
2026-09-16,"ILI incidence",2026-09-27,3,"IS","quantile","0.99",19.4368236213994
2026-09-16,"ILI incidence",2026-10-04,4,"IS","quantile","0.01",0.620578916702302
2026-09-16,"ILI incidence",2026-10-04,4,"IS","quantile","0.025",0.657469548332977
2026-09-16,"ILI incidence",2026-10-04,4,"IS","quantile","0.05",0.690946854818103
2026-09-16,"ILI incidence",2026-10-04,4,"IS","quantile","0.1",0.731665069416026
2026-09-16,"ILI incidence",2026-10-04,4,"IS","quantile","0.15",0.760484603202822
2026-09-16,"ILI incidence",2026-10-04,4,"IS","quantile","0.2",0.784196917556948
2026-09-16,"ILI incidence",2026-10-04,4,"IS","quantile","0.25",0.805128352534576
2026-09-16,"ILI incidence",2026-10-04,4,"IS","quantile","0.3",0.824401142266347
2026-09-16,"ILI incidence",2026-10-04,4,"IS","quantile","0.35",0.842671838939633
2026-09-16,"ILI incidence",2026-10-04,4,"IS","quantile","0.4",0.860383217782673
2026-09-16,"ILI incidence",2026-10-04,4,"IS","quantile","0.45",0.877873416730382
2026-09-16,"ILI incidence",2026-10-04,4,"IS","quantile","0.5",0.895433414609931
2026-09-16,"ILI incidence",2026-10-04,4,"IS","quantile","0.55",0.913344663045258
2026-09-16,"ILI incidence",2026-10-04,4,"IS","quantile","0.6",0.931911482497709
2026-09-16,"ILI incidence",2026-10-04,4,"IS","quantile","0.65",0.951498510984938
2026-09-16,"ILI incidence",2026-10-04,4,"IS","quantile","0.7",0.972585988655696
2026-09-16,"ILI incidence",2026-10-04,4,"IS","quantile","0.75",0.995867301748719
2026-09-16,"ILI incidence",2026-10-04,4,"IS","quantile","0.8",1.02244854837978
2026-09-16,"ILI incidence",2026-10-04,4,"IS","quantile","0.85",1.05432903785714
2026-09-16,"ILI incidence",2026-10-04,4,"IS","quantile","0.9",1.09585797315697
2026-09-16,"ILI incidence",2026-10-04,4,"IS","quantile","0.95",1.16043801981135
2026-09-16,"ILI incidence",2026-10-04,4,"IS","quantile","0.975",1.21952568302666
2026-09-16,"ILI incidence",2026-10-04,4,"IS","quantile","0.99",1.29202101202647
2026-09-16,"ILI incidence",2026-09-13,1,"LT","quantile","0.01",0.590626397245328
2026-09-16,"ILI incidence",2026-09-13,1,"LT","quantile","0.025",0.698642394290579
2026-09-16,"ILI incidence",2026-09-13,1,"LT","quantile","0.05",0.807214863855217
2026-09-16,"ILI incidence",2026-09-13,1,"LT","quantile","0.1",0.953493380146116
2026-09-16,"ILI incidence",2026-09-13,1,"LT","quantile","0.15",1.06688448446257
2026-09-16,"ILI incidence",2026-09-13,1,"LT","quantile","0.2",1.16654599627426
2026-09-16,"ILI incidence",2026-09-13,1,"LT","quantile","0.25",1.25943421536814
2026-09-16,"ILI incidence",2026-09-13,1,"LT","quantile","0.3",1.34913754088701
2026-09-16,"ILI incidence",2026-09-13,1,"LT","quantile","0.35",1.43795463558286
2026-09-16,"ILI incidence",2026-09-13,1,"LT","quantile","0.4",1.52763394021628
2026-09-16,"ILI incidence",2026-09-13,1,"LT","quantile","0.45",1.61971948856745
2026-09-16,"ILI incidence",2026-09-13,1,"LT","quantile","0.5",1.71576294433024
2026-09-16,"ILI incidence",2026-09-13,1,"LT","quantile","0.55",1.81750142658371
2026-09-16,"ILI incidence",2026-09-13,1,"LT","quantile","0.6",1.9270601442123
2026-09-16,"ILI incidence",2026-09-13,1,"LT","quantile","0.65",2.04724294375498
2026-09-16,"ILI incidence",2026-09-13,1,"LT","quantile","0.7",2.18201806110985
2026-09-16,"ILI incidence",2026-09-13,1,"LT","quantile","0.75",2.3374325115316
2026-09-16,"ILI incidence",2026-09-13,1,"LT","quantile","0.8",2.52355457096325
2026-09-16,"ILI incidence",2026-09-13,1,"LT","quantile","0.85",2.75928886773503
2026-09-16,"ILI incidence",2026-09-13,1,"LT","quantile","0.9",3.08742833713817
2026-09-16,"ILI incidence",2026-09-13,1,"LT","quantile","0.95",3.64691312431629
2026-09-16,"ILI incidence",2026-09-13,1,"LT","quantile","0.975",4.21366138842181
2026-09-16,"ILI incidence",2026-09-13,1,"LT","quantile","0.99",4.98427177462236
2026-09-16,"ILI incidence",2026-09-20,2,"LT","quantile","0.01",0.336706203943408
2026-09-16,"ILI incidence",2026-09-20,2,"LT","quantile","0.025",0.450790629275533
2026-09-16,"ILI incidence",2026-09-20,2,"LT","quantile","0.05",0.579381075116879
2026-09-16,"ILI incidence",2026-09-20,2,"LT","quantile","0.1",0.773788254180405
2026-09-16,"ILI incidence",2026-09-20,2,"LT","quantile","0.15",0.940595448283769
2026-09-16,"ILI incidence",2026-09-20,2,"LT","quantile","0.2",1.09845916603362
2026-09-16,"ILI incidence",2026-09-20,2,"LT","quantile","0.25",1.25484722183303
2026-09-16,"ILI incidence",2026-09-20,2,"LT","quantile","0.3",1.41417536955479
2026-09-16,"ILI incidence",2026-09-20,2,"LT","quantile","0.35",1.57982091230806
2026-09-16,"ILI incidence",2026-09-20,2,"LT","quantile","0.4",1.75490822530371
2026-09-16,"ILI incidence",2026-09-20,2,"LT","quantile","0.45",1.94275473472517
2026-09-16,"ILI incidence",2026-09-20,2,"LT","quantile","0.5",2.14724374318467
2026-09-16,"ILI incidence",2026-09-20,2,"LT","quantile","0.55",2.37325670103075
2026-09-16,"ILI incidence",2026-09-20,2,"LT","quantile","0.6",2.62729163050551
2026-09-16,"ILI incidence",2026-09-20,2,"LT","quantile","0.65",2.91846731279796
2026-09-16,"ILI incidence",2026-09-20,2,"LT","quantile","0.7",3.26031395533162
2026-09-16,"ILI incidence",2026-09-20,2,"LT","quantile","0.75",3.67427652739324
2026-09-16,"ILI incidence",2026-09-20,2,"LT","quantile","0.8",4.19738469595931
2026-09-16,"ILI incidence",2026-09-20,2,"LT","quantile","0.85",4.90184776149877
2026-09-16,"ILI incidence",2026-09-20,2,"LT","quantile","0.9",5.95854960027705
2026-09-16,"ILI incidence",2026-09-20,2,"LT","quantile","0.95",7.95789833438313
2026-09-16,"ILI incidence",2026-09-20,2,"LT","quantile","0.975",10.2279315345475
2026-09-16,"ILI incidence",2026-09-20,2,"LT","quantile","0.99",13.693408789761
2026-09-16,"ILI incidence",2026-09-27,3,"LT","quantile","0.01",0.234994836259943
2026-09-16,"ILI incidence",2026-09-27,3,"LT","quantile","0.025",0.359358227144026
2026-09-16,"ILI incidence",2026-09-27,3,"LT","quantile","0.05",0.517823008282469
2026-09-16,"ILI incidence",2026-09-27,3,"LT","quantile","0.1",0.789039887032789
2026-09-16,"ILI incidence",2026-09-27,3,"LT","quantile","0.15",1.04836521870015
2026-09-16,"ILI incidence",2026-09-27,3,"LT","quantile","0.2",1.31400754124206
2026-09-16,"ILI incidence",2026-09-27,3,"LT","quantile","0.25",1.59494705727031
2026-09-16,"ILI incidence",2026-09-27,3,"LT","quantile","0.3",1.89807840490227
2026-09-16,"ILI incidence",2026-09-27,3,"LT","quantile","0.35",2.23017553590283
2026-09-16,"ILI incidence",2026-09-27,3,"LT","quantile","0.4",2.59887761999003
2026-09-16,"ILI incidence",2026-09-27,3,"LT","quantile","0.45",3.01351848364081
2026-09-16,"ILI incidence",2026-09-27,3,"LT","quantile","0.5",3.48612236870231
2026-09-16,"ILI incidence",2026-09-27,3,"LT","quantile","0.55",4.03284374578774
2026-09-16,"ILI incidence",2026-09-27,3,"LT","quantile","0.6",4.67626835372618
2026-09-16,"ILI incidence",2026-09-27,3,"LT","quantile","0.65",5.44936888326451
2026-09-16,"ILI incidence",2026-09-27,3,"LT","quantile","0.7",6.40281725885415
2026-09-16,"ILI incidence",2026-09-27,3,"LT","quantile","0.75",7.61971948483739
2026-09-16,"ILI incidence",2026-09-27,3,"LT","quantile","0.8",9.24884278676134
2026-09-16,"ILI incidence",2026-09-27,3,"LT","quantile","0.85",11.5923811213757
2026-09-16,"ILI incidence",2026-09-27,3,"LT","quantile","0.9",15.4023254962034
2026-09-16,"ILI incidence",2026-09-27,3,"LT","quantile","0.95",23.4695040104073
2026-09-16,"ILI incidence",2026-09-27,3,"LT","quantile","0.975",33.818758697003
2026-09-16,"ILI incidence",2026-09-27,3,"LT","quantile","0.99",51.7162392288626
2026-09-16,"ILI incidence",2026-10-04,4,"LT","quantile","0.01",0.124432639662819
2026-09-16,"ILI incidence",2026-10-04,4,"LT","quantile","0.025",0.221916349125849
2026-09-16,"ILI incidence",2026-10-04,4,"LT","quantile","0.05",0.364991244889135
2026-09-16,"ILI incidence",2026-10-04,4,"LT","quantile","0.1",0.647774738130323
2026-09-16,"ILI incidence",2026-10-04,4,"LT","quantile","0.15",0.95393467487076
2026-09-16,"ILI incidence",2026-10-04,4,"LT","quantile","0.2",1.29752255796407
2026-09-16,"ILI incidence",2026-10-04,4,"LT","quantile","0.25",1.68938498898326
2026-09-16,"ILI incidence",2026-10-04,4,"LT","quantile","0.3",2.14119040400171
2026-09-16,"ILI incidence",2026-10-04,4,"LT","quantile","0.35",2.66705625167819
2026-09-16,"ILI incidence",2026-10-04,4,"LT","quantile","0.4",3.28500106498347
2026-09-16,"ILI incidence",2026-10-04,4,"LT","quantile","0.45",4.01881988649579
2026-09-16,"ILI incidence",2026-10-04,4,"LT","quantile","0.5",4.90087123262592
2026-09-16,"ILI incidence",2026-10-04,4,"LT","quantile","0.55",5.9765153744482
2026-09-16,"ILI incidence",2026-10-04,4,"LT","quantile","0.6",7.31157718480104
2026-09-16,"ILI incidence",2026-10-04,4,"LT","quantile","0.65",9.00563639168356
2026-09-16,"ILI incidence",2026-10-04,4,"LT","quantile","0.7",11.2173764621267
2026-09-16,"ILI incidence",2026-10-04,4,"LT","quantile","0.75",14.2173270127347
2026-09-16,"ILI incidence",2026-10-04,4,"LT","quantile","0.8",18.5110761206861
2026-09-16,"ILI incidence",2026-10-04,4,"LT","quantile","0.85",25.178389539131
2026-09-16,"ILI incidence",2026-10-04,4,"LT","quantile","0.9",37.0785358319238
2026-09-16,"ILI incidence",2026-10-04,4,"LT","quantile","0.95",65.8057944542635
2026-09-16,"ILI incidence",2026-10-04,4,"LT","quantile","0.975",108.232398980029
2026-09-16,"ILI incidence",2026-10-04,4,"LT","quantile","0.99",193.024425937314
2026-09-16,"ILI incidence",2026-09-13,1,"LU","quantile","0.01",680.690422697673
2026-09-16,"ILI incidence",2026-09-13,1,"LU","quantile","0.025",829.703721685865
2026-09-16,"ILI incidence",2026-09-13,1,"LU","quantile","0.05",983.705055667916
2026-09-16,"ILI incidence",2026-09-13,1,"LU","quantile","0.1",1197.05784877124
2026-09-16,"ILI incidence",2026-09-13,1,"LU","quantile","0.15",1366.57372855271
2026-09-16,"ILI incidence",2026-09-13,1,"LU","quantile","0.2",1518.26120160902
2026-09-16,"ILI incidence",2026-09-13,1,"LU","quantile","0.25",1661.74562317043
2026-09-16,"ILI incidence",2026-09-13,1,"LU","quantile","0.3",1802.11940936223
2026-09-16,"ILI incidence",2026-09-13,1,"LU","quantile","0.35",1942.76036840686
2026-09-16,"ILI incidence",2026-09-13,1,"LU","quantile","0.4",2086.35062380984
2026-09-16,"ILI incidence",2026-09-13,1,"LU","quantile","0.45",2235.36915019699
2026-09-16,"ILI incidence",2026-09-13,1,"LU","quantile","0.5",2392.4131151643
2026-09-16,"ILI incidence",2026-09-13,1,"LU","quantile","0.55",2560.49007078127
2026-09-16,"ILI incidence",2026-09-13,1,"LU","quantile","0.6",2743.37421921841
2026-09-16,"ILI incidence",2026-09-13,1,"LU","quantile","0.65",2946.13818908801
2026-09-16,"ILI incidence",2026-09-13,1,"LU","quantile","0.7",3176.06063387097
2026-09-16,"ILI incidence",2026-09-13,1,"LU","quantile","0.75",3444.35419826175
2026-09-16,"ILI incidence",2026-09-13,1,"LU","quantile","0.8",3769.86549319997
2026-09-16,"ILI incidence",2026-09-13,1,"LU","quantile","0.85",4188.31446413935
2026-09-16,"ILI incidence",2026-09-13,1,"LU","quantile","0.9",4781.4234871651
2026-09-16,"ILI incidence",2026-09-13,1,"LU","quantile","0.95",5818.45186281361
2026-09-16,"ILI incidence",2026-09-13,1,"LU","quantile","0.975",6898.4148968024
2026-09-16,"ILI incidence",2026-09-13,1,"LU","quantile","0.99",8408.58093893338
2026-09-16,"ILI incidence",2026-09-20,2,"LU","quantile","0.01",76.3082615693392
2026-09-16,"ILI incidence",2026-09-20,2,"LU","quantile","0.025",111.0119308015
2026-09-16,"ILI incidence",2026-09-20,2,"LU","quantile","0.05",153.244536728324
2026-09-16,"ILI incidence",2026-09-20,2,"LU","quantile","0.1",222.235648838454
2026-09-16,"ILI incidence",2026-09-20,2,"LU","quantile","0.15",285.580743324251
2026-09-16,"ILI incidence",2026-09-20,2,"LU","quantile","0.2",348.571008849746
2026-09-16,"ILI incidence",2026-09-20,2,"LU","quantile","0.25",413.574779273587
2026-09-16,"ILI incidence",2026-09-20,2,"LU","quantile","0.3",482.2190034243
2026-09-16,"ILI incidence",2026-09-20,2,"LU","quantile","0.35",555.959043904667
2026-09-16,"ILI incidence",2026-09-20,2,"LU","quantile","0.4",636.331631114526
2026-09-16,"ILI incidence",2026-09-20,2,"LU","quantile","0.45",725.135354411994
2026-09-16,"ILI incidence",2026-09-20,2,"LU","quantile","0.5",824.622398435187
2026-09-16,"ILI incidence",2026-09-20,2,"LU","quantile","0.55",937.758855451762
2026-09-16,"ILI incidence",2026-09-20,2,"LU","quantile","0.6",1068.62847413382
2026-09-16,"ILI incidence",2026-09-20,2,"LU","quantile","0.65",1223.11545689614
2026-09-16,"ILI incidence",2026-09-20,2,"LU","quantile","0.7",1410.15201634987
2026-09-16,"ILI incidence",2026-09-20,2,"LU","quantile","0.75",1644.20591892807
2026-09-16,"ILI incidence",2026-09-20,2,"LU","quantile","0.8",1950.82804575443
2026-09-16,"ILI incidence",2026-09-20,2,"LU","quantile","0.85",2381.12028173034
2026-09-16,"ILI incidence",2026-09-20,2,"LU","quantile","0.9",3059.82457609806
2026-09-16,"ILI incidence",2026-09-20,2,"LU","quantile","0.95",4437.36601981787
2026-09-16,"ILI incidence",2026-09-20,2,"LU","quantile","0.975",6125.48664897024
2026-09-16,"ILI incidence",2026-09-20,2,"LU","quantile","0.99",8911.25136408855
2026-09-16,"ILI incidence",2026-09-27,3,"LU","quantile","0.01",216.622403316333
2026-09-16,"ILI incidence",2026-09-27,3,"LU","quantile","0.025",304.782077725246
2026-09-16,"ILI incidence",2026-09-27,3,"LU","quantile","0.05",408.811979704106
2026-09-16,"ILI incidence",2026-09-27,3,"LU","quantile","0.1",573.53822137867
2026-09-16,"ILI incidence",2026-09-27,3,"LU","quantile","0.15",720.723549389876
2026-09-16,"ILI incidence",2026-09-27,3,"LU","quantile","0.2",864.201016527916
2026-09-16,"ILI incidence",2026-09-27,3,"LU","quantile","0.25",1009.85186485278
2026-09-16,"ILI incidence",2026-09-27,3,"LU","quantile","0.3",1161.45686603322
2026-09-16,"ILI incidence",2026-09-27,3,"LU","quantile","0.35",1322.18663999042
2026-09-16,"ILI incidence",2026-09-27,3,"LU","quantile","0.4",1495.22367578589
2026-09-16,"ILI incidence",2026-09-27,3,"LU","quantile","0.45",1684.16349049076
2026-09-16,"ILI incidence",2026-09-27,3,"LU","quantile","0.5",1893.40271360646
2026-09-16,"ILI incidence",2026-09-27,3,"LU","quantile","0.55",2128.63766263432
2026-09-16,"ILI incidence",2026-09-27,3,"LU","quantile","0.6",2397.6170882982
2026-09-16,"ILI incidence",2026-09-27,3,"LU","quantile","0.65",2711.39771607302
2026-09-16,"ILI incidence",2026-09-27,3,"LU","quantile","0.7",3086.6181437596
2026-09-16,"ILI incidence",2026-09-27,3,"LU","quantile","0.75",3549.99971843882
2026-09-16,"ILI incidence",2026-09-27,3,"LU","quantile","0.8",4148.3101354076
2026-09-16,"ILI incidence",2026-09-27,3,"LU","quantile","0.85",4974.13167493574
2026-09-16,"ILI incidence",2026-09-27,3,"LU","quantile","0.9",6250.6275994558
2026-09-16,"ILI incidence",2026-09-27,3,"LU","quantile","0.95",8769.24849043579
2026-09-16,"ILI incidence",2026-09-27,3,"LU","quantile","0.975",11762.4168148236
2026-09-16,"ILI incidence",2026-09-27,3,"LU","quantile","0.99",16549.4140080108
2026-09-16,"ILI incidence",2026-10-04,4,"LU","quantile","0.01",1491.8162345213
2026-09-16,"ILI incidence",2026-10-04,4,"LU","quantile","0.025",1644.17196677292
2026-09-16,"ILI incidence",2026-10-04,4,"LU","quantile","0.05",1787.59450830896
2026-09-16,"ILI incidence",2026-10-04,4,"LU","quantile","0.1",1968.54655204717
2026-09-16,"ILI incidence",2026-10-04,4,"LU","quantile","0.15",2100.87244542269
2026-09-16,"ILI incidence",2026-10-04,4,"LU","quantile","0.2",2212.35626749272
2026-09-16,"ILI incidence",2026-10-04,4,"LU","quantile","0.25",2312.70256256001
2026-09-16,"ILI incidence",2026-10-04,4,"LU","quantile","0.3",2406.68966232046
2026-09-16,"ILI incidence",2026-10-04,4,"LU","quantile","0.35",2497.188974698
2026-09-16,"ILI incidence",2026-10-04,4,"LU","quantile","0.4",2586.20865205529
2026-09-16,"ILI incidence",2026-10-04,4,"LU","quantile","0.45",2675.35546209633
2026-09-16,"ILI incidence",2026-10-04,4,"LU","quantile","0.5",2766.0885454522
2026-09-16,"ILI incidence",2026-10-04,4,"LU","quantile","0.55",2859.898787164
2026-09-16,"ILI incidence",2026-10-04,4,"LU","quantile","0.6",2958.47971709527
2026-09-16,"ILI incidence",2026-10-04,4,"LU","quantile","0.65",3063.94346555498
2026-09-16,"ILI incidence",2026-10-04,4,"LU","quantile","0.7",3179.15764590303
2026-09-16,"ILI incidence",2026-10-04,4,"LU","quantile","0.75",3308.35705600311
2026-09-16,"ILI incidence",2026-10-04,4,"LU","quantile","0.8",3458.41488267759
2026-09-16,"ILI incidence",2026-10-04,4,"LU","quantile","0.85",3641.93735700239
2026-09-16,"ILI incidence",2026-10-04,4,"LU","quantile","0.9",3886.74874532432
2026-09-16,"ILI incidence",2026-10-04,4,"LU","quantile","0.95",4280.19095254429
2026-09-16,"ILI incidence",2026-10-04,4,"LU","quantile","0.975",4653.55570822635
2026-09-16,"ILI incidence",2026-10-04,4,"LU","quantile","0.99",5128.81256030643
2026-09-16,"ILI incidence",2026-09-13,1,"MT","quantile","0.01",2014.97301085852
2026-09-16,"ILI incidence",2026-09-13,1,"MT","quantile","0.025",2414.68669339671
2026-09-16,"ILI incidence",2026-09-13,1,"MT","quantile","0.05",2821.32983997445
2026-09-16,"ILI incidence",2026-09-13,1,"MT","quantile","0.1",3375.8593717122
2026-09-16,"ILI incidence",2026-09-13,1,"MT","quantile","0.15",3810.33951801267
2026-09-16,"ILI incidence",2026-09-13,1,"MT","quantile","0.2",4195.19408882754
2026-09-16,"ILI incidence",2026-09-13,1,"MT","quantile","0.25",4556.19989690317
2026-09-16,"ILI incidence",2026-09-13,1,"MT","quantile","0.3",4906.79390465156
2026-09-16,"ILI incidence",2026-09-13,1,"MT","quantile","0.35",5255.7091856308
2026-09-16,"ILI incidence",2026-09-13,1,"MT","quantile","0.4",5609.70998373662
2026-09-16,"ILI incidence",2026-09-13,1,"MT","quantile","0.45",5974.88807926647
2026-09-16,"ILI incidence",2026-09-13,1,"MT","quantile","0.5",6357.47837822474
2026-09-16,"ILI incidence",2026-09-13,1,"MT","quantile","0.55",6764.56710040283
2026-09-16,"ILI incidence",2026-09-13,1,"MT","quantile","0.6",7204.92350705679
2026-09-16,"ILI incidence",2026-09-13,1,"MT","quantile","0.65",7690.21456516226
2026-09-16,"ILI incidence",2026-09-13,1,"MT","quantile","0.7",8237.05501290361
2026-09-16,"ILI incidence",2026-09-13,1,"MT","quantile","0.75",8870.88631845733
2026-09-16,"ILI incidence",2026-09-13,1,"MT","quantile","0.8",9634.24587130146
2026-09-16,"ILI incidence",2026-09-13,1,"MT","quantile","0.85",10607.3306954744
2026-09-16,"ILI incidence",2026-09-13,1,"MT","quantile","0.9",11972.5162926724
2026-09-16,"ILI incidence",2026-09-13,1,"MT","quantile","0.95",14325.7022829918
2026-09-16,"ILI incidence",2026-09-13,1,"MT","quantile","0.975",16738.2093255089
2026-09-16,"ILI incidence",2026-09-13,1,"MT","quantile","0.99",20058.5968704238
2026-09-16,"ILI incidence",2026-09-20,2,"MT","quantile","0.01",2643.23181431766
2026-09-16,"ILI incidence",2026-09-20,2,"MT","quantile","0.025",3052.07222156843
2026-09-16,"ILI incidence",2026-09-20,2,"MT","quantile","0.05",3453.92949231672
2026-09-16,"ILI incidence",2026-09-20,2,"MT","quantile","0.1",3983.34244672359
2026-09-16,"ILI incidence",2026-09-20,2,"MT","quantile","0.15",4385.6537308357
2026-09-16,"ILI incidence",2026-09-20,2,"MT","quantile","0.2",4734.18341173828
2026-09-16,"ILI incidence",2026-09-20,2,"MT","quantile","0.25",5055.1836469149
2026-09-16,"ILI incidence",2026-09-20,2,"MT","quantile","0.3",5361.95921923332
2026-09-16,"ILI incidence",2026-09-20,2,"MT","quantile","0.35",5662.82676522668
2026-09-16,"ILI incidence",2026-09-20,2,"MT","quantile","0.4",5963.91614851795
2026-09-16,"ILI incidence",2026-09-20,2,"MT","quantile","0.45",6270.45201220366
2026-09-16,"ILI incidence",2026-09-20,2,"MT","quantile","0.5",6587.50648438227
2026-09-16,"ILI incidence",2026-09-20,2,"MT","quantile","0.55",6920.59226309713
2026-09-16,"ILI incidence",2026-09-20,2,"MT","quantile","0.6",7276.29976698487
2026-09-16,"ILI incidence",2026-09-20,2,"MT","quantile","0.65",7663.17662201016
2026-09-16,"ILI incidence",2026-09-20,2,"MT","quantile","0.7",8093.16891596637
2026-09-16,"ILI incidence",2026-09-20,2,"MT","quantile","0.75",8584.30567765068
2026-09-16,"ILI incidence",2026-09-20,2,"MT","quantile","0.8",9166.3625820202
2026-09-16,"ILI incidence",2026-09-20,2,"MT","quantile","0.85",9894.81713448212
2026-09-16,"ILI incidence",2026-09-20,2,"MT","quantile","0.9",10894.1780080877
2026-09-16,"ILI incidence",2026-09-20,2,"MT","quantile","0.95",12564.0207127306
2026-09-16,"ILI incidence",2026-09-20,2,"MT","quantile","0.975",14218.2879471568
2026-09-16,"ILI incidence",2026-09-20,2,"MT","quantile","0.99",16417.4937085421
2026-09-16,"ILI incidence",2026-09-27,3,"MT","quantile","0.01",2144.61383589897
2026-09-16,"ILI incidence",2026-09-27,3,"MT","quantile","0.025",2502.62810598936
2026-09-16,"ILI incidence",2026-09-27,3,"MT","quantile","0.05",2857.98944575129
2026-09-16,"ILI incidence",2026-09-27,3,"MT","quantile","0.1",3330.76405346982
2026-09-16,"ILI incidence",2026-09-27,3,"MT","quantile","0.15",3693.17426824171
2026-09-16,"ILI incidence",2026-09-27,3,"MT","quantile","0.2",4009.12755279518
2026-09-16,"ILI incidence",2026-09-27,3,"MT","quantile","0.25",4301.64396233746
2026-09-16,"ILI incidence",2026-09-27,3,"MT","quantile","0.3",4582.4777751528
2026-09-16,"ILI incidence",2026-09-27,3,"MT","quantile","0.35",4859.05284075158
2026-09-16,"ILI incidence",2026-09-27,3,"MT","quantile","0.4",5136.9149298686
2026-09-16,"ILI incidence",2026-09-27,3,"MT","quantile","0.45",5420.86392113208
2026-09-16,"ILI incidence",2026-09-27,3,"MT","quantile","0.5",5715.63090708483
2026-09-16,"ILI incidence",2026-09-27,3,"MT","quantile","0.55",6026.42625627854
2026-09-16,"ILI incidence",2026-09-27,3,"MT","quantile","0.6",6359.54402827906
2026-09-16,"ILI incidence",2026-09-27,3,"MT","quantile","0.65",6723.21082661253
2026-09-16,"ILI incidence",2026-09-27,3,"MT","quantile","0.7",7128.9896577696
2026-09-16,"ILI incidence",2026-09-27,3,"MT","quantile","0.75",7594.40738286294
2026-09-16,"ILI incidence",2026-09-27,3,"MT","quantile","0.8",8148.51516591105
2026-09-16,"ILI incidence",2026-09-27,3,"MT","quantile","0.85",8845.62554952938
2026-09-16,"ILI incidence",2026-09-27,3,"MT","quantile","0.9",9808.09091895628
2026-09-16,"ILI incidence",2026-09-27,3,"MT","quantile","0.95",11430.5658877042
2026-09-16,"ILI incidence",2026-09-27,3,"MT","quantile","0.975",13053.652113888
2026-09-16,"ILI incidence",2026-09-27,3,"MT","quantile","0.99",15232.7827598527
2026-09-16,"ILI incidence",2026-10-04,4,"MT","quantile","0.01",855.030940359243
2026-09-16,"ILI incidence",2026-10-04,4,"MT","quantile","0.025",1146.56345316664
2026-09-16,"ILI incidence",2026-10-04,4,"MT","quantile","0.05",1475.64914583659
2026-09-16,"ILI incidence",2026-10-04,4,"MT","quantile","0.1",1973.91122310921
2026-09-16,"ILI incidence",2026-10-04,4,"MT","quantile","0.15",2401.99254078189
2026-09-16,"ILI incidence",2026-10-04,4,"MT","quantile","0.2",2807.50742535343
2026-09-16,"ILI incidence",2026-10-04,4,"MT","quantile","0.25",3209.54704160987
2026-09-16,"ILI incidence",2026-10-04,4,"MT","quantile","0.3",3619.42719167599
2026-09-16,"ILI incidence",2026-10-04,4,"MT","quantile","0.35",4045.8270119283
2026-09-16,"ILI incidence",2026-10-04,4,"MT","quantile","0.4",4496.79722108927
2026-09-16,"ILI incidence",2026-10-04,4,"MT","quantile","0.45",4980.90443714577
2026-09-16,"ILI incidence",2026-10-04,4,"MT","quantile","0.5",5508.19227880429
2026-09-16,"ILI incidence",2026-10-04,4,"MT","quantile","0.55",6091.29979567831
2026-09-16,"ILI incidence",2026-10-04,4,"MT","quantile","0.6",6747.06478601895
2026-09-16,"ILI incidence",2026-10-04,4,"MT","quantile","0.65",7499.12986660759
2026-09-16,"ILI incidence",2026-10-04,4,"MT","quantile","0.7",8382.59220963364
2026-09-16,"ILI incidence",2026-10-04,4,"MT","quantile","0.75",9453.10406326402
2026-09-16,"ILI incidence",2026-10-04,4,"MT","quantile","0.8",10806.8038952594
2026-09-16,"ILI incidence",2026-10-04,4,"MT","quantile","0.85",12631.2557866658
2026-09-16,"ILI incidence",2026-10-04,4,"MT","quantile","0.9",15370.5910504368
2026-09-16,"ILI incidence",2026-10-04,4,"MT","quantile","0.95",20560.5663554113
2026-09-16,"ILI incidence",2026-10-04,4,"MT","quantile","0.975",26461.8430811519
2026-09-16,"ILI incidence",2026-10-04,4,"MT","quantile","0.99",35484.3091029334
2026-09-16,"ILI incidence",2026-09-13,1,"NO","quantile","0.01",4.29729269804898
2026-09-16,"ILI incidence",2026-09-13,1,"NO","quantile","0.025",4.77521205142292
2026-09-16,"ILI incidence",2026-09-13,1,"NO","quantile","0.05",5.22854961231694
2026-09-16,"ILI incidence",2026-09-13,1,"NO","quantile","0.1",5.80488651102913
2026-09-16,"ILI incidence",2026-09-13,1,"NO","quantile","0.15",6.22921515770445
2026-09-16,"ILI incidence",2026-09-13,1,"NO","quantile","0.2",6.58847212926468
2026-09-16,"ILI incidence",2026-09-13,1,"NO","quantile","0.25",6.91315079367874
2026-09-16,"ILI incidence",2026-09-13,1,"NO","quantile","0.3",7.21833574377721
2026-09-16,"ILI incidence",2026-09-13,1,"NO","quantile","0.35",7.51314871921247
2026-09-16,"ILI incidence",2026-09-13,1,"NO","quantile","0.4",7.80402339113665
2026-09-16,"ILI incidence",2026-09-13,1,"NO","quantile","0.45",8.09616203510765
2026-09-16,"ILI incidence",2026-09-13,1,"NO","quantile","0.5",8.39434415739793
2026-09-16,"ILI incidence",2026-09-13,1,"NO","quantile","0.55",8.70350834472939
2026-09-16,"ILI incidence",2026-09-13,1,"NO","quantile","0.6",9.02931863490706
2026-09-16,"ILI incidence",2026-09-13,1,"NO","quantile","0.65",9.37889245459084
2026-09-16,"ILI incidence",2026-09-13,1,"NO","quantile","0.7",9.76194739813638
2026-09-16,"ILI incidence",2026-09-13,1,"NO","quantile","0.75",10.19289408489
2026-09-16,"ILI incidence",2026-09-13,1,"NO","quantile","0.8",10.6951979837403
2026-09-16,"ILI incidence",2026-09-13,1,"NO","quantile","0.85",11.312021185476
2026-09-16,"ILI incidence",2026-09-13,1,"NO","quantile","0.9",12.1389132585037
2026-09-16,"ILI incidence",2026-09-13,1,"NO","quantile","0.95",13.4769714466983
2026-09-16,"ILI incidence",2026-09-13,1,"NO","quantile","0.975",14.7564156468912
2026-09-16,"ILI incidence",2026-09-13,1,"NO","quantile","0.99",16.3975364919482
2026-09-16,"ILI incidence",2026-09-20,2,"NO","quantile","0.01",4.75604015116793
2026-09-16,"ILI incidence",2026-09-20,2,"NO","quantile","0.025",5.17142251993814
2026-09-16,"ILI incidence",2026-09-20,2,"NO","quantile","0.05",5.55757723682261
2026-09-16,"ILI incidence",2026-09-20,2,"NO","quantile","0.1",6.03870950192131
2026-09-16,"ILI incidence",2026-09-20,2,"NO","quantile","0.15",6.38664424028816
2026-09-16,"ILI incidence",2026-09-20,2,"NO","quantile","0.2",6.67741417606157
2026-09-16,"ILI incidence",2026-09-20,2,"NO","quantile","0.25",6.93739669607735
2026-09-16,"ILI incidence",2026-09-20,2,"NO","quantile","0.3",7.17948443540983
2026-09-16,"ILI incidence",2026-09-20,2,"NO","quantile","0.35",7.41134956837703
2026-09-16,"ILI incidence",2026-09-20,2,"NO","quantile","0.4",7.63828716181279
2026-09-16,"ILI incidence",2026-09-20,2,"NO","quantile","0.45",7.86446365559908
2026-09-16,"ILI incidence",2026-09-20,2,"NO","quantile","0.5",8.09359204582257
2026-09-16,"ILI incidence",2026-09-20,2,"NO","quantile","0.55",8.32939601133073
2026-09-16,"ILI incidence",2026-09-20,2,"NO","quantile","0.6",8.57603685440073
2026-09-16,"ILI incidence",2026-09-20,2,"NO","quantile","0.65",8.83863749777859
2026-09-16,"ILI incidence",2026-09-20,2,"NO","quantile","0.7",9.1240858300521
2026-09-16,"ILI incidence",2026-09-20,2,"NO","quantile","0.75",9.44248038190493
2026-09-16,"ILI incidence",2026-09-20,2,"NO","quantile","0.8",9.81011967762032
2026-09-16,"ILI incidence",2026-09-20,2,"NO","quantile","0.85",10.2567529581461
2026-09-16,"ILI incidence",2026-09-20,2,"NO","quantile","0.9",10.847720391809
2026-09-16,"ILI incidence",2026-09-20,2,"NO","quantile","0.95",11.7868325374194
2026-09-16,"ILI incidence",2026-09-20,2,"NO","quantile","0.975",12.6669658013142
2026-09-16,"ILI incidence",2026-09-20,2,"NO","quantile","0.99",13.7732714868095
2026-09-16,"ILI incidence",2026-09-27,3,"NO","quantile","0.01",4.93001934604357
2026-09-16,"ILI incidence",2026-09-27,3,"NO","quantile","0.025",5.3624740814217
2026-09-16,"ILI incidence",2026-09-27,3,"NO","quantile","0.05",5.76463058600879
2026-09-16,"ILI incidence",2026-09-27,3,"NO","quantile","0.1",6.26586315928749
2026-09-16,"ILI incidence",2026-09-27,3,"NO","quantile","0.15",6.62843852449654
2026-09-16,"ILI incidence",2026-09-27,3,"NO","quantile","0.2",6.93150725254979
2026-09-16,"ILI incidence",2026-09-27,3,"NO","quantile","0.25",7.20253316192496
2026-09-16,"ILI incidence",2026-09-27,3,"NO","quantile","0.3",7.45494240048964
2026-09-16,"ILI incidence",2026-09-27,3,"NO","quantile","0.35",7.69672658208821
2026-09-16,"ILI incidence",2026-09-27,3,"NO","quantile","0.4",7.93340307236522
2026-09-16,"ILI incidence",2026-09-27,3,"NO","quantile","0.45",8.16931506633713
2026-09-16,"ILI incidence",2026-09-27,3,"NO","quantile","0.5",8.40833495044564
2026-09-16,"ILI incidence",2026-09-27,3,"NO","quantile","0.55",8.65434813870943
2026-09-16,"ILI incidence",2026-09-27,3,"NO","quantile","0.6",8.91169854777183
2026-09-16,"ILI incidence",2026-09-27,3,"NO","quantile","0.65",9.1857357650483
2026-09-16,"ILI incidence",2026-09-27,3,"NO","quantile","0.7",9.48365431156679
2026-09-16,"ILI incidence",2026-09-27,3,"NO","quantile","0.75",9.81600432090065
2026-09-16,"ILI incidence",2026-09-27,3,"NO","quantile","0.8",10.1998157201492
2026-09-16,"ILI incidence",2026-09-27,3,"NO","quantile","0.85",10.6661767138069
2026-09-16,"ILI incidence",2026-09-27,3,"NO","quantile","0.9",11.2833770610026
2026-09-16,"ILI incidence",2026-09-27,3,"NO","quantile","0.95",12.2644626718112
2026-09-16,"ILI incidence",2026-09-27,3,"NO","quantile","0.975",13.1842309287473
2026-09-16,"ILI incidence",2026-09-27,3,"NO","quantile","0.99",14.3407341181377
2026-09-16,"ILI incidence",2026-10-04,4,"NO","quantile","0.01",5.33390019514373
2026-09-16,"ILI incidence",2026-10-04,4,"NO","quantile","0.025",5.73725221245762
2026-09-16,"ILI incidence",2026-10-04,4,"NO","quantile","0.05",6.10847045472292
2026-09-16,"ILI incidence",2026-10-04,4,"NO","quantile","0.1",6.56636825660768
2026-09-16,"ILI incidence",2026-10-04,4,"NO","quantile","0.15",6.89454768750618
2026-09-16,"ILI incidence",2026-10-04,4,"NO","quantile","0.2",7.16703301733677
2026-09-16,"ILI incidence",2026-10-04,4,"NO","quantile","0.25",7.40936785515962
2026-09-16,"ILI incidence",2026-10-04,4,"NO","quantile","0.3",7.63396731563327
2026-09-16,"ILI incidence",2026-10-04,4,"NO","quantile","0.35",7.84816520810119
2026-09-16,"ILI incidence",2026-10-04,4,"NO","quantile","0.4",8.05697269640649
2026-09-16,"ILI incidence",2026-10-04,4,"NO","quantile","0.45",8.26428255274234
2026-09-16,"ILI incidence",2026-10-04,4,"NO","quantile","0.5",8.47351288343377
2026-09-16,"ILI incidence",2026-10-04,4,"NO","quantile","0.55",8.68804038674749
2026-09-16,"ILI incidence",2026-10-04,4,"NO","quantile","0.6",8.91158792405266
2026-09-16,"ILI incidence",2026-10-04,4,"NO","quantile","0.65",9.14868872938643
2026-09-16,"ILI incidence",2026-10-04,4,"NO","quantile","0.7",9.40538747640183
2026-09-16,"ILI incidence",2026-10-04,4,"NO","quantile","0.75",9.69049208910836
2026-09-16,"ILI incidence",2026-10-04,4,"NO","quantile","0.8",10.0181512226936
2026-09-16,"ILI incidence",2026-10-04,4,"NO","quantile","0.85",10.4140871656932
2026-09-16,"ILI incidence",2026-10-04,4,"NO","quantile","0.9",10.9345711022933
2026-09-16,"ILI incidence",2026-10-04,4,"NO","quantile","0.95",11.754238825892
2026-09-16,"ILI incidence",2026-10-04,4,"NO","quantile","0.975",12.5147750049778
2026-09-16,"ILI incidence",2026-10-04,4,"NO","quantile","0.99",13.4611481202984
2026-09-16,"ILI incidence",2026-09-06,0,"RO","quantile","0.01",0.001
2026-09-16,"ILI incidence",2026-09-06,0,"RO","quantile","0.025",0.001
2026-09-16,"ILI incidence",2026-09-06,0,"RO","quantile","0.05",0.001
2026-09-16,"ILI incidence",2026-09-06,0,"RO","quantile","0.1",0.001
2026-09-16,"ILI incidence",2026-09-06,0,"RO","quantile","0.15",0.001
2026-09-16,"ILI incidence",2026-09-06,0,"RO","quantile","0.2",0.001
2026-09-16,"ILI incidence",2026-09-06,0,"RO","quantile","0.25",0.001
2026-09-16,"ILI incidence",2026-09-06,0,"RO","quantile","0.3",0.001
2026-09-16,"ILI incidence",2026-09-06,0,"RO","quantile","0.35",0.001
2026-09-16,"ILI incidence",2026-09-06,0,"RO","quantile","0.4",0.001
2026-09-16,"ILI incidence",2026-09-06,0,"RO","quantile","0.45",0.001
2026-09-16,"ILI incidence",2026-09-06,0,"RO","quantile","0.5",0.001
2026-09-16,"ILI incidence",2026-09-06,0,"RO","quantile","0.55",0.001
2026-09-16,"ILI incidence",2026-09-06,0,"RO","quantile","0.6",0.001
2026-09-16,"ILI incidence",2026-09-06,0,"RO","quantile","0.65",0.001
2026-09-16,"ILI incidence",2026-09-06,0,"RO","quantile","0.7",0.001
2026-09-16,"ILI incidence",2026-09-06,0,"RO","quantile","0.75",0.001
2026-09-16,"ILI incidence",2026-09-06,0,"RO","quantile","0.8",0.001
2026-09-16,"ILI incidence",2026-09-06,0,"RO","quantile","0.85",0.001
2026-09-16,"ILI incidence",2026-09-06,0,"RO","quantile","0.9",0.001
2026-09-16,"ILI incidence",2026-09-06,0,"RO","quantile","0.95",0.001
2026-09-16,"ILI incidence",2026-09-06,0,"RO","quantile","0.975",0.001
2026-09-16,"ILI incidence",2026-09-06,0,"RO","quantile","0.99",0.001
2026-09-16,"ILI incidence",2026-09-13,1,"RO","quantile","0.01",0.001
2026-09-16,"ILI incidence",2026-09-13,1,"RO","quantile","0.025",0.001
2026-09-16,"ILI incidence",2026-09-13,1,"RO","quantile","0.05",0.001
2026-09-16,"ILI incidence",2026-09-13,1,"RO","quantile","0.1",0.001
2026-09-16,"ILI incidence",2026-09-13,1,"RO","quantile","0.15",0.001
2026-09-16,"ILI incidence",2026-09-13,1,"RO","quantile","0.2",0.001
2026-09-16,"ILI incidence",2026-09-13,1,"RO","quantile","0.25",0.001
2026-09-16,"ILI incidence",2026-09-13,1,"RO","quantile","0.3",0.001
2026-09-16,"ILI incidence",2026-09-13,1,"RO","quantile","0.35",0.001
2026-09-16,"ILI incidence",2026-09-13,1,"RO","quantile","0.4",0.001
2026-09-16,"ILI incidence",2026-09-13,1,"RO","quantile","0.45",0.001
2026-09-16,"ILI incidence",2026-09-13,1,"RO","quantile","0.5",0.001
2026-09-16,"ILI incidence",2026-09-13,1,"RO","quantile","0.55",0.001
2026-09-16,"ILI incidence",2026-09-13,1,"RO","quantile","0.6",0.001
2026-09-16,"ILI incidence",2026-09-13,1,"RO","quantile","0.65",0.001
2026-09-16,"ILI incidence",2026-09-13,1,"RO","quantile","0.7",0.001
2026-09-16,"ILI incidence",2026-09-13,1,"RO","quantile","0.75",0.001
2026-09-16,"ILI incidence",2026-09-13,1,"RO","quantile","0.8",0.001
2026-09-16,"ILI incidence",2026-09-13,1,"RO","quantile","0.85",0.001
2026-09-16,"ILI incidence",2026-09-13,1,"RO","quantile","0.9",0.001
2026-09-16,"ILI incidence",2026-09-13,1,"RO","quantile","0.95",0.001
2026-09-16,"ILI incidence",2026-09-13,1,"RO","quantile","0.975",0.001
2026-09-16,"ILI incidence",2026-09-13,1,"RO","quantile","0.99",0.001
2026-09-16,"ILI incidence",2026-09-20,2,"RO","quantile","0.01",0.001
2026-09-16,"ILI incidence",2026-09-20,2,"RO","quantile","0.025",0.001
2026-09-16,"ILI incidence",2026-09-20,2,"RO","quantile","0.05",0.001
2026-09-16,"ILI incidence",2026-09-20,2,"RO","quantile","0.1",0.001
2026-09-16,"ILI incidence",2026-09-20,2,"RO","quantile","0.15",0.001
2026-09-16,"ILI incidence",2026-09-20,2,"RO","quantile","0.2",0.001
2026-09-16,"ILI incidence",2026-09-20,2,"RO","quantile","0.25",0.001
2026-09-16,"ILI incidence",2026-09-20,2,"RO","quantile","0.3",0.001
2026-09-16,"ILI incidence",2026-09-20,2,"RO","quantile","0.35",0.001
2026-09-16,"ILI incidence",2026-09-20,2,"RO","quantile","0.4",0.001
2026-09-16,"ILI incidence",2026-09-20,2,"RO","quantile","0.45",0.001
2026-09-16,"ILI incidence",2026-09-20,2,"RO","quantile","0.5",0.001
2026-09-16,"ILI incidence",2026-09-20,2,"RO","quantile","0.55",0.001
2026-09-16,"ILI incidence",2026-09-20,2,"RO","quantile","0.6",0.001
2026-09-16,"ILI incidence",2026-09-20,2,"RO","quantile","0.65",0.001
2026-09-16,"ILI incidence",2026-09-20,2,"RO","quantile","0.7",0.001
2026-09-16,"ILI incidence",2026-09-20,2,"RO","quantile","0.75",0.001
2026-09-16,"ILI incidence",2026-09-20,2,"RO","quantile","0.8",0.001
2026-09-16,"ILI incidence",2026-09-20,2,"RO","quantile","0.85",0.001
2026-09-16,"ILI incidence",2026-09-20,2,"RO","quantile","0.9",0.001
2026-09-16,"ILI incidence",2026-09-20,2,"RO","quantile","0.95",0.001
2026-09-16,"ILI incidence",2026-09-20,2,"RO","quantile","0.975",0.001
2026-09-16,"ILI incidence",2026-09-20,2,"RO","quantile","0.99",0.001
2026-09-16,"ILI incidence",2026-09-27,3,"RO","quantile","0.01",0.001
2026-09-16,"ILI incidence",2026-09-27,3,"RO","quantile","0.025",0.001
2026-09-16,"ILI incidence",2026-09-27,3,"RO","quantile","0.05",0.001
2026-09-16,"ILI incidence",2026-09-27,3,"RO","quantile","0.1",0.001
2026-09-16,"ILI incidence",2026-09-27,3,"RO","quantile","0.15",0.001
2026-09-16,"ILI incidence",2026-09-27,3,"RO","quantile","0.2",0.001
2026-09-16,"ILI incidence",2026-09-27,3,"RO","quantile","0.25",0.001
2026-09-16,"ILI incidence",2026-09-27,3,"RO","quantile","0.3",0.001
2026-09-16,"ILI incidence",2026-09-27,3,"RO","quantile","0.35",0.001
2026-09-16,"ILI incidence",2026-09-27,3,"RO","quantile","0.4",0.001
2026-09-16,"ILI incidence",2026-09-27,3,"RO","quantile","0.45",0.001
2026-09-16,"ILI incidence",2026-09-27,3,"RO","quantile","0.5",0.001
2026-09-16,"ILI incidence",2026-09-27,3,"RO","quantile","0.55",0.001
2026-09-16,"ILI incidence",2026-09-27,3,"RO","quantile","0.6",0.001
2026-09-16,"ILI incidence",2026-09-27,3,"RO","quantile","0.65",0.001
2026-09-16,"ILI incidence",2026-09-27,3,"RO","quantile","0.7",0.001
2026-09-16,"ILI incidence",2026-09-27,3,"RO","quantile","0.75",0.001
2026-09-16,"ILI incidence",2026-09-27,3,"RO","quantile","0.8",0.001
2026-09-16,"ILI incidence",2026-09-27,3,"RO","quantile","0.85",0.001
2026-09-16,"ILI incidence",2026-09-27,3,"RO","quantile","0.9",0.001
2026-09-16,"ILI incidence",2026-09-27,3,"RO","quantile","0.95",0.001
2026-09-16,"ILI incidence",2026-09-27,3,"RO","quantile","0.975",0.001
2026-09-16,"ILI incidence",2026-09-27,3,"RO","quantile","0.99",0.001
2026-09-16,"ILI incidence",2026-10-04,4,"RO","quantile","0.01",0.001
2026-09-16,"ILI incidence",2026-10-04,4,"RO","quantile","0.025",0.001
2026-09-16,"ILI incidence",2026-10-04,4,"RO","quantile","0.05",0.001
2026-09-16,"ILI incidence",2026-10-04,4,"RO","quantile","0.1",0.001
2026-09-16,"ILI incidence",2026-10-04,4,"RO","quantile","0.15",0.001
2026-09-16,"ILI incidence",2026-10-04,4,"RO","quantile","0.2",0.001
2026-09-16,"ILI incidence",2026-10-04,4,"RO","quantile","0.25",0.001
2026-09-16,"ILI incidence",2026-10-04,4,"RO","quantile","0.3",0.001
2026-09-16,"ILI incidence",2026-10-04,4,"RO","quantile","0.35",0.001
2026-09-16,"ILI incidence",2026-10-04,4,"RO","quantile","0.4",0.001
2026-09-16,"ILI incidence",2026-10-04,4,"RO","quantile","0.45",0.001
2026-09-16,"ILI incidence",2026-10-04,4,"RO","quantile","0.5",0.001
2026-09-16,"ILI incidence",2026-10-04,4,"RO","quantile","0.55",0.001
2026-09-16,"ILI incidence",2026-10-04,4,"RO","quantile","0.6",0.001
2026-09-16,"ILI incidence",2026-10-04,4,"RO","quantile","0.65",0.001
2026-09-16,"ILI incidence",2026-10-04,4,"RO","quantile","0.7",0.001
2026-09-16,"ILI incidence",2026-10-04,4,"RO","quantile","0.75",0.001
2026-09-16,"ILI incidence",2026-10-04,4,"RO","quantile","0.8",0.001
2026-09-16,"ILI incidence",2026-10-04,4,"RO","quantile","0.85",0.001
2026-09-16,"ILI incidence",2026-10-04,4,"RO","quantile","0.9",0.001
2026-09-16,"ILI incidence",2026-10-04,4,"RO","quantile","0.95",0.001
2026-09-16,"ILI incidence",2026-10-04,4,"RO","quantile","0.975",0.001
2026-09-16,"ILI incidence",2026-10-04,4,"RO","quantile","0.99",0.001
2026-09-16,"ILI incidence",2026-09-13,1,"SI","quantile","0.01",0.001
2026-09-16,"ILI incidence",2026-09-13,1,"SI","quantile","0.025",0.001
2026-09-16,"ILI incidence",2026-09-13,1,"SI","quantile","0.05",0.001
2026-09-16,"ILI incidence",2026-09-13,1,"SI","quantile","0.1",0.001
2026-09-16,"ILI incidence",2026-09-13,1,"SI","quantile","0.15",0.001
2026-09-16,"ILI incidence",2026-09-13,1,"SI","quantile","0.2",0.001
2026-09-16,"ILI incidence",2026-09-13,1,"SI","quantile","0.25",0.001
2026-09-16,"ILI incidence",2026-09-13,1,"SI","quantile","0.3",0.001
2026-09-16,"ILI incidence",2026-09-13,1,"SI","quantile","0.35",0.001
2026-09-16,"ILI incidence",2026-09-13,1,"SI","quantile","0.4",0.001
2026-09-16,"ILI incidence",2026-09-13,1,"SI","quantile","0.45",0.001
2026-09-16,"ILI incidence",2026-09-13,1,"SI","quantile","0.5",0.001
2026-09-16,"ILI incidence",2026-09-13,1,"SI","quantile","0.55",0.001
2026-09-16,"ILI incidence",2026-09-13,1,"SI","quantile","0.6",0.001
2026-09-16,"ILI incidence",2026-09-13,1,"SI","quantile","0.65",0.001
2026-09-16,"ILI incidence",2026-09-13,1,"SI","quantile","0.7",0.001
2026-09-16,"ILI incidence",2026-09-13,1,"SI","quantile","0.75",0.001
2026-09-16,"ILI incidence",2026-09-13,1,"SI","quantile","0.8",0.001
2026-09-16,"ILI incidence",2026-09-13,1,"SI","quantile","0.85",0.001
2026-09-16,"ILI incidence",2026-09-13,1,"SI","quantile","0.9",0.001
2026-09-16,"ILI incidence",2026-09-13,1,"SI","quantile","0.95",0.001
2026-09-16,"ILI incidence",2026-09-13,1,"SI","quantile","0.975",0.001
2026-09-16,"ILI incidence",2026-09-13,1,"SI","quantile","0.99",0.001
2026-09-16,"ILI incidence",2026-09-20,2,"SI","quantile","0.01",0.001
2026-09-16,"ILI incidence",2026-09-20,2,"SI","quantile","0.025",0.001
2026-09-16,"ILI incidence",2026-09-20,2,"SI","quantile","0.05",0.001
2026-09-16,"ILI incidence",2026-09-20,2,"SI","quantile","0.1",0.001
2026-09-16,"ILI incidence",2026-09-20,2,"SI","quantile","0.15",0.001
2026-09-16,"ILI incidence",2026-09-20,2,"SI","quantile","0.2",0.001
2026-09-16,"ILI incidence",2026-09-20,2,"SI","quantile","0.25",0.001
2026-09-16,"ILI incidence",2026-09-20,2,"SI","quantile","0.3",0.001
2026-09-16,"ILI incidence",2026-09-20,2,"SI","quantile","0.35",0.001
2026-09-16,"ILI incidence",2026-09-20,2,"SI","quantile","0.4",0.001
2026-09-16,"ILI incidence",2026-09-20,2,"SI","quantile","0.45",0.001
2026-09-16,"ILI incidence",2026-09-20,2,"SI","quantile","0.5",0.001
2026-09-16,"ILI incidence",2026-09-20,2,"SI","quantile","0.55",0.001
2026-09-16,"ILI incidence",2026-09-20,2,"SI","quantile","0.6",0.001
2026-09-16,"ILI incidence",2026-09-20,2,"SI","quantile","0.65",0.001
2026-09-16,"ILI incidence",2026-09-20,2,"SI","quantile","0.7",0.001
2026-09-16,"ILI incidence",2026-09-20,2,"SI","quantile","0.75",0.001
2026-09-16,"ILI incidence",2026-09-20,2,"SI","quantile","0.8",0.001
2026-09-16,"ILI incidence",2026-09-20,2,"SI","quantile","0.85",0.001
2026-09-16,"ILI incidence",2026-09-20,2,"SI","quantile","0.9",0.001
2026-09-16,"ILI incidence",2026-09-20,2,"SI","quantile","0.95",0.001
2026-09-16,"ILI incidence",2026-09-20,2,"SI","quantile","0.975",0.001
2026-09-16,"ILI incidence",2026-09-20,2,"SI","quantile","0.99",0.001
2026-09-16,"ILI incidence",2026-09-27,3,"SI","quantile","0.01",0.001
2026-09-16,"ILI incidence",2026-09-27,3,"SI","quantile","0.025",0.001
2026-09-16,"ILI incidence",2026-09-27,3,"SI","quantile","0.05",0.001
2026-09-16,"ILI incidence",2026-09-27,3,"SI","quantile","0.1",0.001
2026-09-16,"ILI incidence",2026-09-27,3,"SI","quantile","0.15",0.001
2026-09-16,"ILI incidence",2026-09-27,3,"SI","quantile","0.2",0.001
2026-09-16,"ILI incidence",2026-09-27,3,"SI","quantile","0.25",0.001
2026-09-16,"ILI incidence",2026-09-27,3,"SI","quantile","0.3",0.001
2026-09-16,"ILI incidence",2026-09-27,3,"SI","quantile","0.35",0.001
2026-09-16,"ILI incidence",2026-09-27,3,"SI","quantile","0.4",0.001
2026-09-16,"ILI incidence",2026-09-27,3,"SI","quantile","0.45",0.001
2026-09-16,"ILI incidence",2026-09-27,3,"SI","quantile","0.5",0.001
2026-09-16,"ILI incidence",2026-09-27,3,"SI","quantile","0.55",0.001
2026-09-16,"ILI incidence",2026-09-27,3,"SI","quantile","0.6",0.001
2026-09-16,"ILI incidence",2026-09-27,3,"SI","quantile","0.65",0.001
2026-09-16,"ILI incidence",2026-09-27,3,"SI","quantile","0.7",0.001
2026-09-16,"ILI incidence",2026-09-27,3,"SI","quantile","0.75",0.001
2026-09-16,"ILI incidence",2026-09-27,3,"SI","quantile","0.8",0.001
2026-09-16,"ILI incidence",2026-09-27,3,"SI","quantile","0.85",0.001
2026-09-16,"ILI incidence",2026-09-27,3,"SI","quantile","0.9",0.001
2026-09-16,"ILI incidence",2026-09-27,3,"SI","quantile","0.95",0.001
2026-09-16,"ILI incidence",2026-09-27,3,"SI","quantile","0.975",0.001
2026-09-16,"ILI incidence",2026-09-27,3,"SI","quantile","0.99",0.001
2026-09-16,"ILI incidence",2026-10-04,4,"SI","quantile","0.01",0.001
2026-09-16,"ILI incidence",2026-10-04,4,"SI","quantile","0.025",0.001
2026-09-16,"ILI incidence",2026-10-04,4,"SI","quantile","0.05",0.001
2026-09-16,"ILI incidence",2026-10-04,4,"SI","quantile","0.1",0.001
2026-09-16,"ILI incidence",2026-10-04,4,"SI","quantile","0.15",0.001
2026-09-16,"ILI incidence",2026-10-04,4,"SI","quantile","0.2",0.001
2026-09-16,"ILI incidence",2026-10-04,4,"SI","quantile","0.25",0.001
2026-09-16,"ILI incidence",2026-10-04,4,"SI","quantile","0.3",0.001
2026-09-16,"ILI incidence",2026-10-04,4,"SI","quantile","0.35",0.001
2026-09-16,"ILI incidence",2026-10-04,4,"SI","quantile","0.4",0.001
2026-09-16,"ILI incidence",2026-10-04,4,"SI","quantile","0.45",0.001
2026-09-16,"ILI incidence",2026-10-04,4,"SI","quantile","0.5",0.001
2026-09-16,"ILI incidence",2026-10-04,4,"SI","quantile","0.55",0.001
2026-09-16,"ILI incidence",2026-10-04,4,"SI","quantile","0.6",0.001
2026-09-16,"ILI incidence",2026-10-04,4,"SI","quantile","0.65",0.001
2026-09-16,"ILI incidence",2026-10-04,4,"SI","quantile","0.7",0.001
2026-09-16,"ILI incidence",2026-10-04,4,"SI","quantile","0.75",0.001
2026-09-16,"ILI incidence",2026-10-04,4,"SI","quantile","0.8",0.001
2026-09-16,"ILI incidence",2026-10-04,4,"SI","quantile","0.85",0.001
2026-09-16,"ILI incidence",2026-10-04,4,"SI","quantile","0.9",0.001
2026-09-16,"ILI incidence",2026-10-04,4,"SI","quantile","0.95",0.001
2026-09-16,"ILI incidence",2026-10-04,4,"SI","quantile","0.975",0.001
2026-09-16,"ILI incidence",2026-10-04,4,"SI","quantile","0.99",0.001
2026-09-16,"ARI incidence",2026-09-13,1,"BE","median","",77.6952840942882
2026-09-16,"ARI incidence",2026-09-20,2,"BE","median","",59.204800750346
2026-09-16,"ARI incidence",2026-09-27,3,"BE","median","",79.5945216814074
2026-09-16,"ARI incidence",2026-10-04,4,"BE","median","",69.3415660308749
2026-09-16,"ARI incidence",2026-09-13,1,"BG","median","",189.566009438054
2026-09-16,"ARI incidence",2026-09-20,2,"BG","median","",200.592955777739
2026-09-16,"ARI incidence",2026-09-27,3,"BG","median","",207.686005505844
2026-09-16,"ARI incidence",2026-10-04,4,"BG","median","",213.232857243998
2026-09-16,"ARI incidence",2026-09-13,1,"CY","median","",3565.10970378206
2026-09-16,"ARI incidence",2026-09-20,2,"CY","median","",3293.93482024174
2026-09-16,"ARI incidence",2026-09-27,3,"CY","median","",3598.61184347535
2026-09-16,"ARI incidence",2026-10-04,4,"CY","median","",3041.38228442283
2026-09-16,"ARI incidence",2026-09-13,1,"CZ","median","",450.247058187293
2026-09-16,"ARI incidence",2026-09-20,2,"CZ","median","",530.274154054512
2026-09-16,"ARI incidence",2026-09-27,3,"CZ","median","",561.532658787418
2026-09-16,"ARI incidence",2026-10-04,4,"CZ","median","",640.147840753217
2026-09-16,"ARI incidence",2026-09-13,1,"DE","median","",610.404146448072
2026-09-16,"ARI incidence",2026-09-20,2,"DE","median","",661.08344632202
2026-09-16,"ARI incidence",2026-09-27,3,"DE","median","",738.881913434752
2026-09-16,"ARI incidence",2026-10-04,4,"DE","median","",867.346551789421
2026-09-16,"ARI incidence",2026-09-13,1,"EE","median","",156.405157959705
2026-09-16,"ARI incidence",2026-09-20,2,"EE","median","",156.974215944736
2026-09-16,"ARI incidence",2026-09-27,3,"EE","median","",158.170417069204
2026-09-16,"ARI incidence",2026-10-04,4,"EE","median","",170.093598874966
2026-09-16,"ARI incidence",2026-09-13,1,"ES","median","",263.054333557452
2026-09-16,"ARI incidence",2026-09-20,2,"ES","median","",268.078840760753
2026-09-16,"ARI incidence",2026-09-27,3,"ES","median","",267.345952656305
2026-09-16,"ARI incidence",2026-10-04,4,"ES","median","",279.315942969926
2026-09-16,"ARI incidence",2026-08-30,-1,"FI","median","",1711.92196119854
2026-09-16,"ARI incidence",2026-09-06,0,"FI","median","",1969.66286194752
2026-09-16,"ARI incidence",2026-09-13,1,"FI","median","",2260.60762607075
2026-09-16,"ARI incidence",2026-09-20,2,"FI","median","",2424.73462606338
2026-09-16,"ARI incidence",2026-09-27,3,"FI","median","",2402.72301415489
2026-09-16,"ARI incidence",2026-10-04,4,"FI","median","",2379.64630356206
2026-09-16,"ARI incidence",2026-08-30,-1,"GB-ENG","median","",224.769274062037
2026-09-16,"ARI incidence",2026-09-06,0,"GB-ENG","median","",254.964492811873
2026-09-16,"ARI incidence",2026-09-13,1,"GB-ENG","median","",271.408212816408
2026-09-16,"ARI incidence",2026-09-20,2,"GB-ENG","median","",287.175745373545
2026-09-16,"ARI incidence",2026-09-27,3,"GB-ENG","median","",315.275377600911
2026-09-16,"ARI incidence",2026-10-04,4,"GB-ENG","median","",333.983863050647
2026-09-16,"ARI incidence",2026-08-30,-1,"GB-NIR","median","",108.306836377938
2026-09-16,"ARI incidence",2026-09-06,0,"GB-NIR","median","",97.1295919363335
2026-09-16,"ARI incidence",2026-09-13,1,"GB-NIR","median","",103.090927020243
2026-09-16,"ARI incidence",2026-09-20,2,"GB-NIR","median","",94.6530063964763
2026-09-16,"ARI incidence",2026-09-27,3,"GB-NIR","median","",108.765985630664
2026-09-16,"ARI incidence",2026-10-04,4,"GB-NIR","median","",126.526651222191
2026-09-16,"ARI incidence",2026-09-13,1,"GB-WLS","median","",48.6450557838854
2026-09-16,"ARI incidence",2026-09-20,2,"GB-WLS","median","",68.0309905538277
2026-09-16,"ARI incidence",2026-09-27,3,"GB-WLS","median","",25.6827764001597
2026-09-16,"ARI incidence",2026-10-04,4,"GB-WLS","median","",115.713702910771
2026-09-16,"ARI incidence",2026-09-13,1,"HU","median","",160.8388753569
2026-09-16,"ARI incidence",2026-09-20,2,"HU","median","",136.655670228085
2026-09-16,"ARI incidence",2026-09-27,3,"HU","median","",112.614213984433
2026-09-16,"ARI incidence",2026-10-04,4,"HU","median","",185.873994340479
2026-09-16,"ARI incidence",2026-09-13,1,"IE","median","",30.6761631602075
2026-09-16,"ARI incidence",2026-09-20,2,"IE","median","",38.6941708304371
2026-09-16,"ARI incidence",2026-09-27,3,"IE","median","",43.8440456114801
2026-09-16,"ARI incidence",2026-10-04,4,"IE","median","",48.7048712524773
2026-09-16,"ARI incidence",2026-09-13,1,"IS","median","",42.9192952062356
2026-09-16,"ARI incidence",2026-09-20,2,"IS","median","",40.2353153460986
2026-09-16,"ARI incidence",2026-09-27,3,"IS","median","",36.4942872378678
2026-09-16,"ARI incidence",2026-10-04,4,"IS","median","",38.8079644016534
2026-09-16,"ARI incidence",2026-09-13,1,"LT","median","",236.134606529835
2026-09-16,"ARI incidence",2026-09-20,2,"LT","median","",291.162621916001
2026-09-16,"ARI incidence",2026-09-27,3,"LT","median","",442.624207879551
2026-09-16,"ARI incidence",2026-10-04,4,"LT","median","",605.499706772018
2026-09-16,"ARI incidence",2026-09-13,1,"LU","median","",5019.96121498971
2026-09-16,"ARI incidence",2026-09-20,2,"LU","median","",5969.92575330724
2026-09-16,"ARI incidence",2026-09-27,3,"LU","median","",9386.69370971489
2026-09-16,"ARI incidence",2026-10-04,4,"LU","median","",9527.85490548638
2026-09-16,"ARI incidence",2026-09-13,1,"NL","median","",92.5673737516063
2026-09-16,"ARI incidence",2026-09-20,2,"NL","median","",92.8617548503938
2026-09-16,"ARI incidence",2026-09-27,3,"NL","median","",86.385238347577
2026-09-16,"ARI incidence",2026-10-04,4,"NL","median","",85.1118311214571
2026-09-16,"ARI incidence",2026-09-06,0,"RO","median","",526.892637733031
2026-09-16,"ARI incidence",2026-09-13,1,"RO","median","",505.149971027321
2026-09-16,"ARI incidence",2026-09-20,2,"RO","median","",490.929536867988
2026-09-16,"ARI incidence",2026-09-27,3,"RO","median","",471.859268681615
2026-09-16,"ARI incidence",2026-10-04,4,"RO","median","",435.703843143081
2026-09-16,"ARI incidence",2026-09-13,1,"SI","median","",126.304692496015
2026-09-16,"ARI incidence",2026-09-20,2,"SI","median","",113.624797341989
2026-09-16,"ARI incidence",2026-09-27,3,"SI","median","",115.161845026524
2026-09-16,"ARI incidence",2026-10-04,4,"SI","median","",99.6399260352731
2026-09-16,"ILI incidence",2026-09-13,1,"BE","median","",54.4306898817202
2026-09-16,"ILI incidence",2026-09-20,2,"BE","median","",69.6863537645643
2026-09-16,"ILI incidence",2026-09-27,3,"BE","median","",46.6510064307299
2026-09-16,"ILI incidence",2026-10-04,4,"BE","median","",42.8733367140931
2026-09-16,"ILI incidence",2026-09-06,0,"CH","median","",11.841112397045
2026-09-16,"ILI incidence",2026-09-13,1,"CH","median","",17.2769278520642
2026-09-16,"ILI incidence",2026-09-20,2,"CH","median","",16.8469269742667
2026-09-16,"ILI incidence",2026-09-27,3,"CH","median","",20.8689053479262
2026-09-16,"ILI incidence",2026-10-04,4,"CH","median","",17.5776829068849
2026-09-16,"ILI incidence",2026-09-13,1,"CZ","median","",5.18174690620837
2026-09-16,"ILI incidence",2026-09-20,2,"CZ","median","",4.93861326689993
2026-09-16,"ILI incidence",2026-09-27,3,"CZ","median","",4.73809043814067
2026-09-16,"ILI incidence",2026-10-04,4,"CZ","median","",4.601
2026-09-16,"ILI incidence",2026-09-13,1,"DK","median","",80.6738653713017
2026-09-16,"ILI incidence",2026-09-20,2,"DK","median","",75.0704086801263
2026-09-16,"ILI incidence",2026-09-27,3,"DK","median","",76.6352518568626
2026-09-16,"ILI incidence",2026-10-04,4,"DK","median","",86.2858963230547
2026-09-16,"ILI incidence",2026-09-13,1,"EE","median","",108.104434818497
2026-09-16,"ILI incidence",2026-09-20,2,"EE","median","",94.7643174862899
2026-09-16,"ILI incidence",2026-09-27,3,"EE","median","",101.616875335532
2026-09-16,"ILI incidence",2026-10-04,4,"EE","median","",105.272718138995
2026-09-16,"ILI incidence",2026-09-13,1,"ES","median","",13.1052203720502
2026-09-16,"ILI incidence",2026-09-20,2,"ES","median","",13.2825939108293
2026-09-16,"ILI incidence",2026-09-27,3,"ES","median","",12.2607381914793
2026-09-16,"ILI incidence",2026-10-04,4,"ES","median","",13.7995724933782
2026-09-16,"ILI incidence",2026-08-30,-1,"FI","median","",32.398462436085
2026-09-16,"ILI incidence",2026-09-06,0,"FI","median","",39.1030858276703
2026-09-16,"ILI incidence",2026-09-13,1,"FI","median","",41.4291910564422
2026-09-16,"ILI incidence",2026-09-20,2,"FI","median","",38.2931614737237
2026-09-16,"ILI incidence",2026-09-27,3,"FI","median","",32.0339882635222
2026-09-16,"ILI incidence",2026-10-04,4,"FI","median","",31.2657055332005
2026-09-16,"ILI incidence",2026-08-30,-1,"GB-NIR","median","",1.93875329163092
2026-09-16,"ILI incidence",2026-09-06,0,"GB-NIR","median","",2.5035906794062
2026-09-16,"ILI incidence",2026-09-13,1,"GB-NIR","median","",2.25326382529139
2026-09-16,"ILI incidence",2026-09-20,2,"GB-NIR","median","",2.42923750504106
2026-09-16,"ILI incidence",2026-09-27,3,"GB-NIR","median","",2.3150535980848
2026-09-16,"ILI incidence",2026-10-04,4,"GB-NIR","median","",3.11632478007457
2026-09-16,"ILI incidence",2026-09-13,1,"GB-WLS","median","",1.94111445528748
2026-09-16,"ILI incidence",2026-09-20,2,"GB-WLS","median","",0.789974187323171
2026-09-16,"ILI incidence",2026-09-27,3,"GB-WLS","median","",3.34697591808381
2026-09-16,"ILI incidence",2026-10-04,4,"GB-WLS","median","",3.77390534378151
2026-09-16,"ILI incidence",2026-09-13,1,"GR","median","",306.901287949341
2026-09-16,"ILI incidence",2026-09-20,2,"GR","median","",344.670370951991
2026-09-16,"ILI incidence",2026-09-27,3,"GR","median","",361.74866189469
2026-09-16,"ILI incidence",2026-10-04,4,"GR","median","",409.758767600801
2026-09-16,"ILI incidence",2026-09-06,0,"HR","median","",0.216663149712801
2026-09-16,"ILI incidence",2026-09-13,1,"HR","median","",0.392508920510742
2026-09-16,"ILI incidence",2026-09-20,2,"HR","median","",0.18302302954025
2026-09-16,"ILI incidence",2026-09-27,3,"HR","median","",0.422747111723039
2026-09-16,"ILI incidence",2026-10-04,4,"HR","median","",0.311793286396943
2026-09-16,"ILI incidence",2026-09-06,0,"HU","median","",40.0632599601539
2026-09-16,"ILI incidence",2026-09-13,1,"HU","median","",58.4342456243158
2026-09-16,"ILI incidence",2026-09-20,2,"HU","median","",67.905739972638
2026-09-16,"ILI incidence",2026-09-27,3,"HU","median","",50.1510927850593
2026-09-16,"ILI incidence",2026-10-04,4,"HU","median","",82.7452143730869
2026-09-16,"ILI incidence",2026-09-13,1,"IE","median","",1.16672314671692
2026-09-16,"ILI incidence",2026-09-20,2,"IE","median","",1.0335903861252
2026-09-16,"ILI incidence",2026-09-27,3,"IE","median","",1.21882256754493
2026-09-16,"ILI incidence",2026-10-04,4,"IE","median","",1.54743475805933
2026-09-16,"ILI incidence",2026-09-13,1,"IS","median","",0.501
2026-09-16,"ILI incidence",2026-09-20,2,"IS","median","",0.708167353102358
2026-09-16,"ILI incidence",2026-09-27,3,"IS","median","",0.795236442826912
2026-09-16,"ILI incidence",2026-10-04,4,"IS","median","",0.895433414609931
2026-09-16,"ILI incidence",2026-09-13,1,"LT","median","",1.71576294433024
2026-09-16,"ILI incidence",2026-09-20,2,"LT","median","",2.14724374318467
2026-09-16,"ILI incidence",2026-09-27,3,"LT","median","",3.48612236870231
2026-09-16,"ILI incidence",2026-10-04,4,"LT","median","",4.90087123262592
2026-09-16,"ILI incidence",2026-09-13,1,"LU","median","",2392.4131151643
2026-09-16,"ILI incidence",2026-09-20,2,"LU","median","",824.622398435187
2026-09-16,"ILI incidence",2026-09-27,3,"LU","median","",1893.40271360646
2026-09-16,"ILI incidence",2026-10-04,4,"LU","median","",2766.0885454522
2026-09-16,"ILI incidence",2026-09-13,1,"MT","median","",6357.47837822474
2026-09-16,"ILI incidence",2026-09-20,2,"MT","median","",6587.50648438227
2026-09-16,"ILI incidence",2026-09-27,3,"MT","median","",5715.63090708483
2026-09-16,"ILI incidence",2026-10-04,4,"MT","median","",5508.19227880429
2026-09-16,"ILI incidence",2026-09-13,1,"NO","median","",8.39434415739793
2026-09-16,"ILI incidence",2026-09-20,2,"NO","median","",8.09359204582257
2026-09-16,"ILI incidence",2026-09-27,3,"NO","median","",8.40833495044564
2026-09-16,"ILI incidence",2026-10-04,4,"NO","median","",8.47351288343377
2026-09-16,"ILI incidence",2026-09-06,0,"RO","median","",0.001
2026-09-16,"ILI incidence",2026-09-13,1,"RO","median","",0.001
2026-09-16,"ILI incidence",2026-09-20,2,"RO","median","",0.001
2026-09-16,"ILI incidence",2026-09-27,3,"RO","median","",0.001
2026-09-16,"ILI incidence",2026-10-04,4,"RO","median","",0.001
2026-09-16,"ILI incidence",2026-09-13,1,"SI","median","",0.001
2026-09-16,"ILI incidence",2026-09-20,2,"SI","median","",0.001
2026-09-16,"ILI incidence",2026-09-27,3,"SI","median","",0.001
2026-09-16,"ILI incidence",2026-10-04,4,"SI","median","",0.001
